Mars Surface Radiation Result (absorbed dose in thin silicon slab) (1E-6 Gy/day).

The first row gives the longitude
The first column for each row (starting from the 2nd row) gives the latitude
The rest values of each row gives the dose rate at different longitudes (given in the first row)

179°W  177°W  175°W  173°W  171°W  169°W  167°W  165°W  163°W  161°W  159°W  157°W  155°W  153°W  151°W  149°W  147°W  145°W  143°W  141°W  139°W  137°W  135°W  133°W  131°W  129°W  127°W  125°W  123°W  121°W  119°W  117°W  115°W  113°W  111°W  109°W  107°W  105°W  103°W  101°W  99°W  97°W  95°W  93°W  91°W  89°W  87°W  85°W  83°W  81°W  79°W  77°W  75°W  73°W  71°W  69°W  67°W  65°W  63°W  61°W  59°W  57°W  55°W  53°W  51°W  49°W  47°W  45°W  43°W  41°W  39°W  37°W  35°W  33°W  31°W  29°W  27°W  25°W  23°W  21°W  19°W  17°W  15°W  13°W  11°W  9°W  7°W  5°W  3°W  1°W  1°E  3°E  5°E  7°E  9°E  11°E  13°E  15°E  17°E  19°E  21°E  23°E  25°E  27°E  29°E  31°E  33°E  35°E  37°E  39°E  41°E  43°E  45°E  47°E  49°E  51°E  53°E  55°E  57°E  59°E  61°E  63°E  65°E  67°E  69°E  71°E  73°E  75°E  77°E  79°E  81°E  83°E  85°E  87°E  89°E  91°E  93°E  95°E  97°E  99°E  101°E  103°E  105°E  107°E  109°E  111°E  113°E  115°E  117°E  119°E  121°E  123°E  125°E  127°E  129°E  131°E  133°E  135°E  137°E  139°E  141°E  143°E  145°E  147°E  149°E  151°E  153°E  155°E  157°E  159°E  161°E  163°E  165°E  167°E  169°E  171°E  173°E  175°E  177°E  179°E  
--------------------------------------------------------------------------------------------------------------
89°S ||     246.94 246.95 246.97 246.97 246.97 246.97 246.97 246.98 246.99 247.00 247.03 247.04 247.04 247.05 247.08 247.09 247.11 247.13 247.14 247.13 247.11 247.12 247.12 247.12 247.11 247.10 247.10 247.10 247.10 247.10 247.11 247.11 247.11 247.11 247.11 247.11 247.11 247.11 247.09 247.09 247.08 247.06 247.05 247.04 247.03 247.04 247.03 247.04 247.03 247.03 247.02 247.02 247.01 247.01 247.01 247.01 246.99 246.98 246.97 246.97 246.97 246.96 246.96 246.95 246.96 246.97 246.97 246.93 246.91 246.92 246.90 246.89 246.89 246.90 246.88 246.87 246.87 246.87 246.86 246.86 246.86 246.86 246.87 246.86 246.87 246.87 246.87 246.87 246.86 246.87 246.87 246.88 246.89 246.89 246.89 246.89 246.89 246.89 246.90 246.90 246.89 246.89 246.88 246.88 246.89 246.89 246.89 246.90 246.90 246.90 246.90 246.90 246.89 246.89 246.91 246.92 246.92 246.92 246.92 246.92 246.93 246.93 246.94 246.95 246.96 246.97 246.97 246.97 246.98 246.99 246.99 246.99 247.00 247.00 247.00 247.01 247.01 247.01 247.01 247.01 247.00 247.00 247.00 246.99 246.99 246.99 246.99 246.98 246.97 246.96 246.96 246.95 246.95 246.94 246.93 246.93 246.92 246.92 246.92 246.92 246.92 246.91 246.91 246.91 246.90 246.90 246.90 246.91 246.91 246.91 246.92 246.92 246.92 246.93 246.93 246.93 246.93 246.94 246.94 246.94
87°S ||     247.19 247.18 247.15 247.13 247.13 247.14 247.18 247.18 247.18 247.19 247.20 247.20 247.21 247.21 247.21 247.21 247.21 247.21 247.21 247.21 247.21 247.22 247.21 247.20 247.21 247.21 247.21 247.22 247.21 247.22 247.21 247.21 247.21 247.21 247.21 247.21 247.21 247.21 247.22 247.22 247.22 247.22 247.22 247.22 247.22 247.22 247.22 247.22 247.21 247.21 247.20 247.21 247.19 247.16 247.16 247.15 247.13 247.10 247.09 247.08 247.12 247.00 247.02 246.94 246.92 246.91 246.89 246.88 246.87 246.86 246.85 246.83 246.85 246.85 246.75 246.73 246.70 246.67 246.65 246.72 246.60 246.52 246.52 246.48 246.46 246.47 246.48 246.49 246.51 246.52 246.53 246.54 246.54 246.54 246.54 246.71 246.67 246.74 246.69 246.77 246.77 246.77 246.80 246.81 246.82 246.85 246.87 246.92 246.95 246.96 246.92 246.92 246.93 246.94 246.95 246.95 246.96 246.97 246.99 247.00 247.02 247.03 247.03 247.05 247.07 247.06 247.07 247.08 247.10 247.10 247.11 247.11 247.12 247.13 247.15 247.18 247.19 247.20 247.19 247.17 247.15 247.14 247.14 247.13 247.12 247.12 247.11 247.05 247.04 247.04 247.04 247.04 247.05 247.05 247.05 247.05 247.07 247.09 247.11 247.11 247.13 247.14 247.15 247.16 247.17 247.18 247.19 247.20 247.21 247.21 247.21 247.21 247.22 247.22 247.19 247.19 247.21 247.22 247.19 247.17
85°S ||     247.21 247.21 247.21 247.21 247.21 247.21 247.21 247.22 247.22 247.21 247.21 247.22 247.22 247.22 247.22 247.21 247.21 247.21 247.21 247.22 247.22 247.22 247.22 247.22 247.22 247.22 247.22 247.22 247.21 247.20 247.13 247.13 247.14 247.14 247.12 247.16 247.09 247.14 247.16 247.17 247.12 247.03 247.04 247.04 247.12 247.13 247.15 247.17 247.19 247.20 247.19 247.20 247.21 247.21 247.19 247.17 247.18 247.21 247.21 247.13 247.20 247.17 247.15 247.16 247.18 247.19 247.16 247.17 247.18 247.11 247.13 247.11 247.04 247.01 247.02 246.96 247.05 247.11 247.16 247.08 247.03 247.02 247.03 247.03 247.04 247.03 247.01 246.99 246.99 247.02 246.99 246.99 247.02 247.01 247.01 247.02 247.02 247.03 247.04 247.06 247.06 247.09 247.15 247.18 247.18 247.18 247.17 247.18 247.17 247.18 247.19 247.19 247.20 247.21 247.18 247.17 247.17 247.18 247.18 247.18 247.19 247.19 247.20 247.21 247.21 247.21 247.21 247.21 247.21 247.21 247.21 247.21 247.20 247.20 247.21 247.21 247.20 246.78 246.48 246.67 247.05 247.13 247.14 247.16 247.21 247.22 247.21 247.21 247.21 247.21 247.21 247.21 247.21 247.21 247.20 247.21 247.21 247.21 247.21 247.21 247.21 247.22 247.22 247.21 247.21 247.21 247.21 247.21 247.21 247.19 247.22 247.22 247.22 247.22 247.22 247.22 247.22 247.22 247.21 247.21
83°S ||     247.21 247.22 247.22 247.22 247.22 247.22 247.22 247.22 247.22 247.22 247.22 247.22 247.22 247.22 247.22 247.22 247.22 247.22 247.21 247.21 247.21 247.21 247.21 247.20 247.20 247.19 247.18 247.17 247.15 247.12 247.13 247.17 247.17 247.18 247.16 247.14 247.15 247.16 247.14 247.12 247.18 247.18 247.18 247.17 247.17 247.16 247.17 246.99 246.96 246.94 246.98 246.97 247.01 247.01 246.99 247.02 247.03 246.90 246.85 246.81 247.06 246.93 246.98 247.04 246.85 247.02 247.01 247.02 246.78 247.00 246.81 246.65 246.50 246.49 246.63 246.77 246.74 246.75 246.75 246.67 246.69 246.73 246.83 246.81 246.79 246.85 246.89 246.90 246.87 246.88 247.02 247.03 246.99 246.68 247.02 247.06 247.09 247.11 247.10 247.14 247.06 247.19 247.16 247.20 247.14 247.07 247.04 247.11 247.15 247.15 247.14 247.10 247.00 246.96 246.90 246.84 247.09 247.09 247.11 247.12 247.14 247.10 247.20 247.21 247.20 247.19 247.19 247.21 247.21 247.18 247.20 247.20 247.18 247.16 247.11 246.84 246.19 246.30 246.27 246.30 246.27 247.09 247.12 247.11 247.11 247.08 247.09 247.11 247.12 247.12 247.14 247.16 247.18 247.19 247.20 247.21 247.21 247.21 247.15 247.05 246.85 246.67 246.73 247.00 247.21 247.22 247.20 247.19 247.19 247.19 247.20 247.20 247.13 247.16 247.22 247.22 247.21 247.21 247.21 247.21
81°S ||     247.21 247.21 247.21 247.18 247.22 247.21 247.21 247.21 247.20 247.19 247.19 247.17 247.13 247.13 247.18 247.18 247.17 247.16 247.15 247.14 247.13 247.11 247.11 247.09 247.08 247.06 247.04 247.03 247.02 247.00 246.98 246.89 246.92 246.90 246.83 246.85 246.98 246.96 246.97 246.96 246.86 246.94 247.08 247.05 247.09 247.15 247.12 247.08 247.05 247.10 247.05 247.09 247.00 246.34 246.39 246.28 246.11 246.66 246.20 246.32 246.63 246.55 246.48 246.52 246.52 246.57 246.52 246.51 246.59 246.66 246.57 246.71 246.84 246.82 246.80 246.79 246.83 246.83 246.85 246.83 246.36 246.88 246.97 247.00 247.01 247.00 247.01 247.00 247.01 247.01 247.02 247.01 247.04 247.12 247.16 247.20 247.18 247.07 247.21 247.17 247.19 247.13 247.15 247.12 247.00 246.90 246.82 246.64 246.67 246.75 246.88 246.67 246.60 246.48 246.49 246.40 246.37 246.27 246.30 246.30 246.33 246.26 246.33 246.42 246.42 246.26 246.77 246.74 246.68 246.61 246.56 246.30 246.24 246.12 246.06 246.10 246.14 246.72 247.15 247.19 247.20 247.20 247.20 247.17 247.15 247.16 247.17 247.13 247.10 247.08 247.03 246.98 246.90 247.04 246.98 246.85 246.77 246.93 247.03 246.98 246.60 246.64 246.96 247.00 246.91 246.87 246.70 247.02 247.19 247.22 247.22 247.22 247.20 247.16 247.05 247.22 247.21 247.21 247.22 247.22
79°S ||     247.17 247.16 247.17 247.15 247.15 247.15 247.16 247.15 247.15 247.09 247.13 247.10 247.09 247.08 247.05 246.99 247.04 246.85 247.07 246.92 247.02 247.00 247.01 246.69 246.29 247.06 246.79 246.31 246.63 246.55 246.61 246.61 246.63 246.61 246.57 246.55 246.55 246.56 246.64 246.67 246.67 246.81 246.26 246.15 246.96 246.87 246.88 246.95 246.97 246.59 246.24 246.83 246.05 246.40 246.32 246.08 245.71 246.95 246.45 246.81 246.26 246.51 246.96 246.68 246.67 246.38 246.34 246.41 246.44 246.48 246.53 246.50 246.52 246.51 246.54 246.57 246.55 246.50 246.54 246.72 246.64 246.49 246.74 246.76 246.75 246.55 246.82 246.71 246.82 246.80 246.76 246.84 246.88 247.02 247.19 247.20 247.21 247.20 247.10 246.98 247.02 246.89 246.85 246.81 246.76 246.58 246.72 246.63 246.80 246.60 246.91 246.72 246.84 246.84 247.02 247.06 246.62 246.45 246.15 246.09 246.01 246.03 245.99 246.02 245.95 246.00 246.06 245.99 246.02 245.96 246.05 246.08 245.95 245.99 245.98 245.97 245.87 245.84 245.95 245.95 245.96 245.89 246.28 246.66 246.50 246.87 247.13 247.13 247.12 247.15 247.14 247.11 246.88 245.65 245.95 246.87 246.95 246.64 247.18 247.17 246.97 247.15 247.20 247.21 247.22 247.21 247.22 247.15 247.21 247.21 247.21 247.20 247.18 247.21 247.22 247.21 247.21 247.19 247.19 247.19
77°S ||     246.90 246.99 247.07 247.08 247.11 246.99 247.01 246.85 246.88 246.86 246.87 246.87 246.61 246.74 246.80 246.77 246.68 246.69 246.60 246.69 246.75 246.71 246.75 246.64 246.72 246.62 246.43 246.35 246.50 246.41 246.44 246.41 246.40 246.41 246.41 246.40 246.44 246.41 246.43 246.43 246.45 246.42 246.50 246.62 246.68 246.82 247.07 246.58 247.10 246.98 246.35 246.63 246.73 246.99 246.98 246.88 246.76 246.72 246.66 246.71 246.48 246.29 246.44 246.41 246.20 246.17 246.20 246.16 246.16 246.21 246.25 246.27 246.34 246.32 246.36 246.37 246.40 246.50 246.67 246.65 246.71 246.82 246.85 246.94 246.80 246.66 246.76 246.74 246.87 246.80 246.78 246.82 247.00 247.06 247.10 247.15 247.18 247.21 247.08 246.19 245.77 245.45 245.37 246.85 246.68 246.77 246.75 246.61 246.79 246.56 246.75 246.75 246.84 246.42 246.07 246.31 246.80 246.88 247.07 247.14 247.16 247.21 247.21 247.14 246.68 246.51 246.32 246.35 246.45 246.62 246.97 246.22 245.92 246.88 246.51 246.27 245.92 246.04 246.28 246.31 246.71 246.69 246.73 246.31 245.80 245.88 246.11 246.27 246.70 246.72 246.73 247.09 246.78 246.62 246.58 247.04 247.17 247.14 247.19 247.19 247.15 247.18 247.19 247.13 247.17 247.18 247.16 247.14 247.12 247.13 247.15 247.13 247.06 247.15 247.15 247.13 247.07 247.01 246.96 247.05
75°S ||     246.79 246.72 246.86 246.78 246.84 246.90 246.81 245.99 246.68 246.71 245.71 245.01 246.47 246.46 246.45 246.33 246.54 246.43 246.43 246.59 246.59 246.34 246.36 246.19 246.35 246.27 246.22 246.19 246.22 246.26 246.25 246.28 246.23 246.27 246.63 246.35 246.34 246.36 246.39 246.40 246.45 246.50 246.49 246.49 246.45 246.39 246.47 246.55 246.70 246.78 246.64 247.00 247.06 246.87 246.48 246.42 246.51 246.15 245.96 245.91 245.86 245.89 245.97 246.04 246.08 246.09 246.14 246.36 246.11 246.23 246.44 246.58 246.61 246.74 246.77 246.72 246.79 246.65 246.79 246.77 246.72 246.66 246.56 246.76 246.48 246.69 246.70 246.56 246.71 246.71 246.77 246.94 247.00 246.84 246.76 246.74 246.74 246.73 246.68 246.76 246.87 246.81 246.80 246.83 246.62 246.59 246.58 246.67 246.73 246.80 246.86 246.94 247.11 246.87 246.98 247.12 247.02 247.08 247.14 247.10 247.16 247.17 246.95 246.77 246.87 246.36 245.63 247.06 246.99 246.98 246.92 246.49 246.61 246.76 246.79 246.86 246.68 247.14 247.20 247.21 247.19 247.18 245.54 245.78 245.62 246.84 246.31 246.68 246.13 245.75 245.99 246.09 246.19 246.16 245.96 246.94 247.21 247.21 247.21 247.21 247.22 247.21 247.04 247.08 246.98 247.19 247.18 247.15 247.12 247.13 247.11 247.10 247.09 247.01 247.01 246.97 246.91 246.93 246.90 246.87
73°S ||     245.49 246.80 246.22 246.22 246.38 246.66 245.72 246.23 246.22 246.22 246.63 246.88 245.14 246.69 246.44 246.25 246.30 246.31 246.38 246.50 246.63 246.85 245.80 246.95 246.83 245.98 246.35 246.37 246.34 246.28 246.26 246.26 246.09 246.52 246.52 246.80 246.66 246.32 246.44 246.39 246.39 246.36 246.45 246.40 246.36 246.37 246.36 246.59 245.77 243.87 243.92 243.40 243.57 246.44 245.96 245.99 245.74 245.66 245.63 245.59 245.58 245.62 245.73 245.88 245.82 246.31 246.14 245.91 245.88 245.88 245.96 246.30 246.49 246.33 246.50 246.63 246.70 246.61 246.41 246.73 246.72 246.72 246.69 246.41 246.57 246.32 246.11 246.15 246.31 246.24 246.63 246.66 246.89 246.64 246.67 246.58 246.42 246.40 246.40 246.43 246.39 246.38 246.29 246.35 246.43 246.49 246.36 246.74 246.80 246.89 247.03 247.16 247.06 246.93 246.67 246.85 246.73 246.81 246.74 246.92 246.87 247.05 247.11 247.13 247.03 247.05 246.90 246.88 246.71 246.73 246.77 246.68 246.64 246.58 246.49 246.47 246.49 246.32 246.66 246.90 246.50 247.17 247.16 246.97 246.92 246.86 246.83 246.49 245.01 246.19 246.54 246.84 246.33 246.12 245.70 245.45 246.18 246.92 247.21 247.14 247.19 247.14 246.96 246.77 247.16 247.09 246.88 246.83 246.89 246.64 245.74 246.14 246.53 246.66 246.64 246.69 246.55 246.71 246.65 245.55
71°S ||     245.83 245.80 245.63 245.52 245.38 245.01 244.66 244.86 244.84 244.79 244.80 246.04 246.66 246.85 247.13 247.12 246.87 246.77 245.39 246.60 246.49 246.66 246.82 246.76 243.47 246.00 246.25 246.22 246.35 246.55 246.48 246.55 246.56 246.38 246.47 246.51 246.57 246.26 246.44 246.41 246.28 246.43 246.28 246.40 246.35 246.31 246.57 246.72 246.68 245.16 243.72 243.96 242.87 246.73 245.81 245.58 245.48 245.37 245.51 245.47 245.32 245.89 246.07 245.90 245.72 245.61 245.32 245.84 245.82 246.75 246.53 246.34 246.49 246.32 246.60 246.31 246.53 246.90 247.00 247.05 247.05 246.38 246.57 246.59 246.40 246.40 246.23 246.46 246.12 246.35 245.59 245.81 246.38 246.28 246.29 246.46 246.52 246.87 246.52 246.28 246.07 246.42 246.37 246.36 246.39 246.33 246.65 247.06 246.98 246.82 246.80 246.72 246.72 246.58 246.56 246.63 246.40 246.55 246.45 246.37 246.44 246.23 246.19 246.42 245.77 246.59 246.95 246.86 245.57 245.58 246.73 246.59 246.70 246.94 246.86 246.79 246.74 246.80 247.10 246.95 246.23 246.87 246.26 246.41 246.09 246.05 246.10 246.42 246.40 246.12 245.85 246.00 245.61 245.87 244.19 243.54 243.85 244.89 245.44 245.98 245.60 245.93 246.17 245.76 245.46 245.59 245.60 245.88 246.08 245.05 245.99 245.50 245.69 245.64 246.36 246.35 246.30 246.15 246.55 245.61
69°S ||     246.53 246.50 246.14 245.76 246.32 243.01 243.53 244.86 244.44 244.53 244.68 245.14 246.15 245.94 246.29 245.77 247.05 246.99 246.57 246.42 246.02 246.30 246.35 246.16 246.73 245.82 246.38 246.17 246.58 245.47 246.83 246.78 246.82 246.65 246.61 246.53 246.28 246.25 246.13 246.13 245.95 246.13 246.17 246.09 246.08 244.31 246.30 245.94 245.93 245.96 245.89 245.68 245.67 245.48 245.44 245.56 245.49 245.44 245.80 245.80 246.08 245.48 245.56 245.23 245.54 245.85 246.57 246.54 246.50 246.51 246.55 246.29 246.43 246.25 246.10 245.80 245.88 246.66 246.97 246.83 246.75 246.26 246.06 246.65 246.73 246.87 246.83 246.86 246.69 246.46 246.42 246.30 246.64 246.26 246.17 246.26 246.09 246.10 246.13 246.04 246.12 246.17 246.09 246.19 246.42 246.64 247.05 246.28 246.06 246.20 246.42 246.59 246.49 246.58 246.47 246.81 246.80 246.39 245.98 245.66 245.33 245.60 245.53 245.38 245.41 245.56 246.09 246.57 246.78 246.76 246.22 246.48 246.52 246.24 245.14 246.26 247.18 247.11 246.91 247.03 246.95 246.95 247.09 247.05 246.80 246.45 246.33 246.55 245.94 245.92 245.92 245.81 246.41 247.11 245.94 244.27 244.79 246.92 244.27 244.57 244.77 245.33 245.48 245.63 246.00 246.33 246.53 246.30 246.96 247.07 246.53 245.63 245.90 246.15 246.32 246.47 246.56 246.63 246.44 246.44
67°S ||     243.99 246.56 246.76 246.15 246.13 245.99 245.94 244.35 244.77 244.47 244.35 244.37 244.83 245.05 245.81 246.22 246.53 246.84 246.87 247.01 247.02 247.06 246.99 246.98 246.79 246.81 246.87 246.90 246.24 247.02 247.02 246.82 246.28 244.32 246.77 246.60 246.58 244.98 246.21 246.17 246.05 246.06 246.11 246.09 246.07 246.00 246.05 245.91 245.88 245.97 245.91 245.77 245.70 245.70 245.81 245.56 245.26 245.51 245.37 245.54 246.30 245.79 245.42 245.43 245.80 245.90 240.27 240.43 243.07 246.48 246.34 246.29 246.23 245.98 245.75 246.25 246.59 246.93 246.87 247.04 246.90 246.90 246.48 246.71 246.44 246.54 246.44 246.42 246.42 246.43 246.39 246.21 246.31 246.14 246.21 246.05 246.20 246.25 246.15 246.43 246.32 246.92 247.01 246.99 247.10 246.89 245.53 244.33 244.52 245.43 245.71 246.28 246.25 246.59 246.42 246.53 246.13 245.83 245.47 245.40 245.45 245.47 245.35 245.36 245.49 245.02 245.04 244.71 244.67 245.71 246.53 246.95 246.57 246.38 246.92 247.03 247.07 247.16 246.96 247.20 247.16 247.03 247.02 246.33 246.74 246.78 247.02 246.86 246.55 246.22 245.80 245.20 246.01 245.74 245.52 245.45 245.40 245.07 245.88 245.59 245.73 245.65 245.96 246.24 245.89 245.97 245.97 245.99 246.05 246.52 245.77 246.11 246.18 246.41 246.77 246.05 246.76 246.81 246.78 246.41
65°S ||     246.53 246.81 246.97 246.73 246.70 245.74 245.27 244.33 244.86 244.72 244.77 244.47 244.45 244.45 244.71 245.16 245.45 245.55 245.74 246.19 246.66 246.75 246.68 246.84 246.57 246.66 246.85 245.76 246.17 246.85 246.95 246.79 246.91 246.77 246.64 246.53 246.51 246.44 246.40 246.16 246.15 246.02 245.98 245.97 245.84 245.79 245.83 245.86 245.82 245.83 245.99 246.11 246.19 246.00 245.83 245.61 245.61 245.59 245.79 246.69 244.44 245.26 244.89 244.23 245.81 244.97 244.23 244.00 246.13 246.24 245.93 246.14 246.05 245.87 245.52 245.71 246.34 246.54 246.81 246.98 246.98 246.83 245.95 246.61 246.46 246.42 246.43 246.50 246.70 246.38 246.37 246.34 246.40 246.20 246.35 246.14 245.79 246.06 246.35 246.28 246.53 246.50 246.61 246.69 246.92 246.74 246.83 246.63 246.51 246.61 246.67 246.74 246.68 245.91 245.69 244.52 244.62 245.17 245.52 245.70 245.68 245.34 244.97 245.06 244.73 244.87 244.97 244.83 244.85 244.53 246.34 246.40 246.46 246.56 243.81 246.89 246.90 246.80 246.32 247.12 247.13 247.13 246.97 246.95 246.92 247.08 247.09 246.37 246.51 246.89 245.93 246.31 246.37 245.81 245.86 247.02 246.73 246.58 245.94 246.31 246.76 246.69 245.83 246.38 246.02 245.75 245.97 245.84 245.90 245.93 246.31 246.45 246.59 246.96 246.23 245.97 246.47 246.61 246.86 246.91
63°S ||     246.55 246.58 245.92 246.77 246.92 246.60 246.09 245.79 245.40 245.61 245.05 245.39 244.09 244.92 244.86 245.16 245.02 244.94 245.13 245.94 246.57 246.59 246.79 246.73 246.78 246.68 246.68 246.81 246.84 246.80 246.83 246.74 246.55 246.54 246.57 246.74 246.86 246.59 246.20 246.49 245.98 246.40 246.56 246.17 246.11 246.04 246.37 246.00 246.10 246.06 246.37 246.16 245.20 244.54 245.28 246.57 245.99 245.13 245.44 245.34 245.47 245.50 245.22 244.65 243.50 244.29 245.92 244.04 246.13 245.20 245.70 246.05 245.96 246.16 245.98 245.14 244.78 245.06 245.28 245.94 246.20 246.61 246.50 246.55 246.54 246.47 246.37 246.38 246.37 246.41 246.43 246.41 246.30 246.38 246.32 246.49 246.36 246.29 246.41 246.18 246.14 246.43 246.37 246.17 246.34 246.53 246.72 246.87 246.85 246.96 246.59 246.51 246.16 245.15 243.99 243.75 243.62 244.43 244.99 245.18 245.28 245.36 245.22 245.11 244.52 244.29 244.63 244.75 244.66 244.58 245.11 246.13 246.26 245.94 246.44 246.81 246.96 246.88 246.95 247.07 246.18 247.05 246.73 246.79 246.83 246.98 247.04 247.11 247.16 246.94 246.73 246.32 246.68 246.65 246.33 245.87 245.40 245.32 245.82 246.01 246.59 246.48 246.31 246.35 246.37 247.03 247.04 246.87 246.51 246.19 246.01 245.91 246.15 245.80 245.86 246.78 246.42 246.31 246.37 245.44
61°S ||     245.58 246.35 246.95 246.58 246.26 245.99 246.02 246.70 246.57 246.34 246.78 246.60 245.81 246.59 242.57 246.53 246.09 246.15 244.84 245.82 245.95 246.03 245.92 246.63 246.69 246.91 245.24 246.38 246.72 246.73 246.33 245.92 245.87 246.02 245.84 246.20 246.73 246.58 246.65 246.66 246.23 246.84 246.50 245.97 246.47 247.03 245.83 245.55 245.45 245.53 245.58 245.32 245.35 245.96 246.40 244.87 244.86 245.39 244.83 244.87 244.98 245.42 245.03 244.90 244.17 242.69 243.87 245.50 243.66 243.56 244.33 245.13 246.45 244.99 244.46 245.53 245.99 245.85 246.08 246.42 247.01 246.98 246.56 246.25 246.54 246.61 246.71 246.37 246.32 246.35 246.29 246.38 246.36 246.16 246.28 246.20 246.26 246.45 246.31 246.17 246.03 246.26 246.34 246.35 246.81 246.33 246.42 246.39 246.37 246.22 246.06 245.94 245.75 245.36 244.70 244.37 245.60 245.69 245.63 246.01 242.22 244.24 245.86 245.41 244.94 244.71 244.15 243.87 244.80 243.86 242.71 243.80 246.95 244.53 245.00 245.53 246.81 246.72 246.74 246.26 246.97 247.00 247.05 247.01 246.98 247.02 247.02 247.09 246.93 247.01 246.90 246.89 246.87 246.81 246.77 245.63 243.91 244.41 244.46 244.87 245.33 245.80 246.12 246.40 246.45 246.74 246.97 246.72 246.79 247.16 246.90 246.33 246.16 246.46 247.04 246.79 246.78 245.88 245.79 245.81
59°S ||     245.31 246.13 246.27 245.87 246.03 246.25 247.06 246.75 246.60 246.68 246.24 246.75 246.59 247.05 246.41 245.24 246.25 246.06 246.40 245.94 245.84 245.80 246.21 246.38 246.96 246.71 246.58 246.51 245.96 246.70 246.48 245.69 245.54 246.02 245.36 246.00 246.56 246.91 246.99 246.91 246.75 246.19 245.72 245.76 245.87 246.29 245.57 245.26 244.81 244.84 244.81 244.79 244.68 244.60 245.27 245.69 245.42 245.76 245.11 244.77 245.45 245.95 242.50 243.91 244.93 242.38 244.30 244.54 243.64 246.37 246.10 244.07 242.00 245.31 243.89 245.51 245.42 246.05 246.41 246.42 246.86 246.77 246.56 246.74 246.70 246.31 246.49 246.50 246.09 247.02 246.46 246.20 246.11 246.25 245.23 246.45 246.52 246.50 244.88 246.53 246.61 246.20 246.37 246.34 246.25 246.18 246.20 246.28 246.29 245.83 245.66 245.24 245.06 245.02 245.38 245.98 245.87 245.73 246.23 246.65 246.60 246.57 245.74 244.88 243.60 243.08 242.69 243.09 242.60 241.59 243.00 243.18 244.22 244.80 244.41 245.29 245.98 247.01 247.10 247.04 245.08 245.37 247.15 247.16 246.20 247.07 246.97 247.18 247.05 246.86 247.06 247.00 246.76 246.16 245.77 245.37 244.94 245.09 244.81 244.84 244.91 245.11 245.40 245.72 246.32 246.63 246.85 246.90 246.76 246.90 245.96 247.13 246.77 246.67 246.83 246.32 245.98 246.26 245.86 245.61
57°S ||     245.65 245.59 245.12 244.44 245.60 246.80 246.59 246.75 246.98 246.95 246.90 244.78 246.92 246.85 247.03 247.00 246.58 246.01 246.56 246.67 244.99 246.62 246.60 246.61 247.03 246.68 246.47 246.48 246.46 246.99 247.15 245.67 246.04 245.91 245.95 245.99 245.73 246.69 246.83 246.76 246.91 246.46 246.23 246.05 245.93 246.29 246.69 246.73 245.80 244.79 244.69 244.51 244.91 245.00 245.50 246.17 246.58 246.56 246.73 246.80 246.06 241.85 245.01 245.69 241.80 240.81 241.45 242.82 234.89 246.17 239.52 243.76 246.03 245.15 245.78 243.88 242.73 244.06 244.84 242.38 242.27 245.42 246.47 246.39 246.05 246.44 246.37 246.62 246.65 246.33 246.28 246.18 246.48 246.72 246.74 246.78 246.78 246.71 246.34 246.72 246.88 246.80 246.81 246.76 246.77 246.20 246.12 245.87 245.58 245.27 244.94 244.54 244.07 243.58 244.14 244.86 244.53 244.47 244.00 244.83 245.01 244.49 242.91 241.12 239.52 239.63 239.43 239.52 239.47 237.62 241.49 242.26 243.20 242.11 242.90 243.30 243.55 245.24 246.93 246.27 244.87 243.61 246.96 246.92 246.56 246.67 246.94 247.02 247.01 246.83 246.52 246.35 246.20 246.48 245.64 246.22 245.44 246.27 246.91 246.75 245.27 245.05 245.23 245.82 246.39 246.66 246.83 246.83 246.76 246.84 247.00 247.04 246.82 246.76 245.65 246.78 246.77 246.68 246.43 245.67
55°S ||     245.48 245.42 245.13 244.84 246.07 246.15 246.25 246.65 246.72 246.35 246.42 246.53 246.66 246.54 246.80 246.65 245.96 246.24 246.25 246.33 246.78 247.10 247.09 245.03 247.05 246.63 246.35 246.34 246.30 246.55 246.78 245.88 245.93 246.12 245.61 246.33 246.59 246.68 247.01 247.05 247.01 247.05 247.07 246.98 246.46 246.67 246.81 246.52 245.86 245.36 244.78 244.69 244.65 245.73 245.72 246.98 246.76 247.01 246.66 243.68 245.91 241.08 239.70 242.04 245.04 234.02 233.42 233.09 233.59 233.44 233.42 237.96 244.04 245.06 241.95 243.62 245.48 243.56 244.24 244.54 245.62 246.20 246.03 246.07 246.19 246.38 246.35 246.63 246.49 246.76 246.56 246.37 246.08 246.45 246.36 245.43 243.92 246.37 246.41 246.28 246.34 246.43 246.89 246.68 246.88 246.68 245.89 245.70 245.24 244.69 244.16 243.65 242.71 241.71 241.70 240.58 239.70 238.73 238.29 236.22 234.64 233.92 233.48 233.19 232.93 233.50 234.46 234.53 232.84 236.53 238.85 239.77 240.87 242.54 241.63 242.17 245.74 244.80 245.14 245.80 246.08 246.32 246.29 246.26 246.82 246.84 246.78 246.69 246.48 246.08 245.57 245.56 242.48 244.87 246.12 245.97 245.62 246.93 246.74 245.00 245.60 245.96 246.24 246.16 246.61 246.72 246.58 246.39 246.08 246.37 246.40 246.89 246.10 246.55 246.81 246.74 246.46 245.94 246.03 245.62
53°S ||     245.33 246.03 245.89 244.27 243.82 246.72 245.88 245.66 245.69 246.02 245.71 246.48 246.60 246.31 246.31 246.31 246.61 246.12 246.35 246.24 246.39 246.91 247.03 246.26 246.69 246.42 244.34 246.47 246.26 246.45 246.01 246.23 246.23 245.14 246.15 246.17 246.15 246.92 247.06 247.07 247.11 247.05 246.73 246.57 246.45 246.31 246.10 246.16 243.94 241.43 246.50 246.40 246.06 246.35 246.07 245.28 245.61 246.59 246.71 245.51 245.35 240.52 239.68 238.50 232.45 232.77 233.30 233.27 233.19 233.12 233.18 233.72 236.59 239.83 244.30 244.81 244.12 242.82 245.34 244.81 244.30 244.81 245.18 245.53 245.99 243.74 245.25 246.30 246.17 246.07 246.47 246.53 246.64 246.16 246.71 246.83 246.58 246.49 246.39 246.52 246.36 246.25 246.69 247.08 246.15 246.30 246.19 245.66 245.40 245.16 243.72 242.86 241.20 239.57 238.61 236.70 234.35 233.35 232.35 231.92 231.84 231.88 231.92 231.93 231.94 231.87 231.86 231.86 231.85 231.85 232.02 236.15 236.00 234.39 241.74 240.38 240.25 242.21 245.60 245.69 245.50 246.27 246.16 246.59 246.36 245.18 246.44 246.49 246.41 246.57 246.41 245.83 245.18 244.69 242.39 245.48 245.72 247.05 244.78 245.51 245.37 245.29 245.33 245.97 246.27 246.39 246.65 246.35 246.85 246.33 246.10 246.77 247.05 247.06 246.74 246.13 246.05 245.88 245.46 245.32
51°S ||     245.51 245.82 246.25 246.18 245.09 245.32 245.36 246.56 245.11 246.12 246.53 246.16 246.41 246.12 246.31 246.44 246.29 246.89 246.49 246.41 246.62 246.88 247.09 247.12 247.19 246.68 246.88 246.62 246.31 246.30 246.37 246.21 246.52 246.21 246.43 246.57 246.67 246.77 246.90 247.19 247.19 247.21 247.15 246.64 246.45 246.23 246.09 246.50 243.54 242.26 246.49 246.61 246.94 247.05 245.85 244.21 243.56 243.70 245.98 246.68 246.17 245.87 239.31 233.83 232.82 233.51 233.07 233.20 233.20 233.22 233.22 233.40 236.56 236.17 234.84 233.12 244.11 243.91 245.05 244.97 244.53 244.83 245.73 246.06 246.36 244.96 246.41 246.45 246.16 246.21 246.26 246.17 246.02 245.90 246.30 246.63 246.57 246.51 246.43 246.77 246.06 246.54 246.75 246.39 246.52 246.23 245.83 245.30 244.69 244.55 242.03 241.14 240.57 237.59 235.44 233.20 232.29 231.88 231.85 232.00 232.03 232.05 232.02 231.73 231.95 231.96 232.02 232.02 232.03 232.05 232.02 232.03 232.51 232.43 235.75 238.91 242.84 246.34 246.32 244.73 245.42 246.38 244.28 245.97 246.87 246.71 246.46 245.70 246.11 245.91 245.28 245.22 245.51 245.71 246.53 245.68 245.50 245.12 245.44 245.46 245.58 246.18 246.08 245.49 245.58 245.95 246.59 245.56 246.22 245.70 246.28 246.69 246.14 246.81 246.73 246.46 246.23 245.97 245.83 245.57
49°S ||     246.67 246.44 246.57 246.10 244.42 243.67 243.09 245.52 245.61 246.67 246.26 246.76 246.69 246.85 246.68 246.83 246.84 246.85 247.14 247.07 246.93 246.75 247.12 247.08 246.91 247.02 246.83 246.33 246.35 246.36 246.53 246.30 246.65 247.15 247.19 247.01 247.07 247.08 247.06 247.19 247.19 247.19 247.18 246.86 246.59 246.40 246.36 246.37 246.45 246.55 246.72 246.92 247.12 247.16 247.09 246.87 245.64 245.51 246.49 246.66 242.50 241.03 239.85 237.70 233.56 232.54 233.09 233.03 233.17 232.81 232.76 233.65 235.23 242.96 239.84 244.59 244.20 243.36 245.19 244.75 244.61 244.94 245.62 246.19 245.96 246.64 246.51 243.34 244.97 246.17 246.17 246.20 245.22 245.04 246.18 246.12 246.94 245.75 246.72 246.67 246.76 246.76 246.51 246.06 245.88 246.42 246.43 245.17 244.69 243.21 244.71 242.13 238.25 234.63 232.42 231.89 231.88 231.94 232.03 232.01 231.80 231.42 231.80 231.80 232.03 232.00 231.97 231.91 231.98 231.99 231.98 231.95 232.04 232.01 232.08 232.71 239.53 242.90 242.06 244.22 243.26 245.21 246.73 246.17 245.92 246.87 246.29 246.53 245.90 245.64 246.54 245.98 246.00 246.08 246.24 245.48 245.95 246.24 246.59 246.51 247.18 246.74 246.13 246.12 246.64 245.99 245.29 244.24 245.78 244.61 244.91 245.59 245.70 246.41 246.79 247.02 246.93 246.78 246.46 246.27
47°S ||     246.73 246.29 246.62 246.65 245.67 244.46 245.88 246.56 245.98 246.49 246.76 246.63 247.11 246.34 247.11 247.03 247.21 247.19 246.87 247.02 246.76 247.08 246.93 246.72 246.75 246.05 246.83 246.61 246.43 246.46 246.45 246.45 246.34 247.00 247.07 247.01 246.88 246.84 246.85 247.01 247.11 247.17 247.09 247.04 247.08 246.77 246.77 246.69 246.84 246.81 247.00 247.07 247.17 247.17 247.09 247.04 246.96 246.87 246.61 246.01 246.95 243.98 245.07 240.18 240.50 233.05 232.56 232.62 232.75 232.58 232.68 233.18 234.22 241.67 240.73 241.08 244.89 245.03 245.54 246.37 245.22 245.74 245.91 245.99 246.43 246.37 246.62 246.36 245.92 246.10 245.95 245.93 244.76 246.01 246.33 246.92 246.71 246.82 246.40 245.78 246.59 246.94 246.81 246.52 245.09 245.02 245.92 245.30 243.94 244.26 244.73 243.30 239.61 236.91 231.96 232.04 232.00 231.59 231.02 231.84 231.99 231.89 231.69 231.76 231.98 232.03 232.05 232.01 231.97 232.00 232.00 232.03 232.04 232.04 232.02 231.86 232.34 236.45 240.46 241.97 242.60 243.23 244.91 246.02 244.91 244.99 245.99 245.45 245.60 245.62 245.60 246.49 246.59 246.24 246.68 246.39 246.26 246.84 247.04 246.58 245.51 245.23 246.65 246.71 246.09 245.19 245.51 245.08 244.54 244.86 244.99 245.12 246.54 246.41 246.79 246.13 246.62 246.74 246.36 246.53
45°S ||     246.32 246.24 246.38 246.33 245.96 246.05 245.86 245.80 245.58 246.68 246.78 246.38 246.81 246.96 246.91 246.91 245.76 246.95 246.69 246.59 246.78 246.47 245.24 246.85 246.54 246.15 246.49 246.62 246.61 246.65 246.76 246.69 246.74 246.87 246.88 246.91 246.89 246.87 246.80 246.79 246.99 247.04 246.96 246.99 246.93 246.92 246.92 247.02 247.09 247.15 247.16 247.17 247.17 247.22 247.21 247.04 246.81 246.69 246.27 245.88 245.06 245.25 243.83 243.13 241.68 235.86 233.67 231.90 232.11 232.29 232.48 232.84 237.15 239.44 241.37 240.12 245.32 245.45 245.46 242.21 246.14 245.80 246.26 246.32 246.41 246.52 246.52 245.81 245.87 246.03 246.22 246.09 245.50 246.12 246.39 246.20 246.68 246.65 246.67 245.75 247.08 246.80 246.66 246.58 245.77 246.61 245.82 245.31 244.71 244.58 244.19 244.45 239.55 233.93 232.03 231.92 231.22 231.02 231.67 231.39 231.57 231.34 231.44 231.47 231.63 231.39 231.13 231.84 232.01 231.79 232.00 232.02 232.03 232.04 232.02 231.95 231.86 234.04 239.00 240.83 242.57 241.78 245.79 244.81 244.81 245.38 245.25 245.87 245.92 245.50 246.07 246.28 245.75 246.42 246.29 246.69 246.86 246.81 247.02 247.21 246.50 246.91 246.53 245.13 244.74 245.09 246.08 244.69 245.91 245.75 245.16 245.42 246.55 246.51 245.84 247.03 247.01 246.64 246.43 246.55
43°S ||     245.39 246.58 245.10 245.77 245.40 246.07 245.88 245.95 246.21 246.46 246.86 246.69 246.93 247.01 246.85 246.82 246.51 246.38 246.57 246.60 246.96 246.80 246.65 246.65 246.86 246.54 246.49 246.49 246.98 246.81 246.89 246.73 246.68 246.70 246.94 246.95 246.93 246.87 246.74 246.66 246.97 247.12 247.19 247.16 247.08 247.02 247.08 247.15 247.15 247.20 247.21 247.21 247.21 247.21 247.20 246.99 246.94 246.55 246.76 246.40 246.41 246.27 245.31 246.25 241.46 242.02 238.12 236.90 235.77 234.94 236.11 236.38 241.04 239.35 240.61 245.02 245.28 244.80 245.14 244.82 245.47 239.67 246.19 245.94 246.21 246.23 246.41 245.74 245.83 246.23 246.34 246.02 245.98 246.17 246.22 246.52 245.94 246.55 245.98 246.69 246.76 246.66 246.79 247.02 247.00 246.63 245.99 243.41 245.58 244.73 244.67 243.89 237.79 231.83 232.00 231.56 231.57 231.81 231.61 231.18 231.44 231.49 231.74 231.39 231.49 231.87 231.85 231.89 231.79 231.95 231.97 232.00 232.04 232.03 231.87 231.85 231.86 232.81 238.36 239.08 240.79 240.32 242.52 242.95 243.90 244.39 245.25 245.69 245.58 243.72 245.13 245.50 245.60 246.28 246.35 246.65 246.89 246.90 246.85 246.82 246.97 246.91 246.28 244.64 244.04 243.96 244.83 245.15 245.94 245.54 245.59 245.28 246.95 246.29 246.24 244.78 246.58 246.34 245.90 245.98
41°S ||     244.90 245.19 245.11 243.96 244.66 246.19 246.03 246.12 244.99 243.33 240.08 241.42 245.44 246.78 246.57 246.55 246.98 246.82 246.90 246.77 247.00 246.59 246.65 246.65 246.79 247.17 247.00 246.89 246.74 247.01 247.02 246.94 247.03 247.04 247.12 247.01 246.97 246.87 246.84 247.12 247.05 246.99 246.25 246.12 246.16 247.09 247.07 247.08 247.20 247.21 247.22 247.13 247.22 247.19 247.21 247.21 247.20 247.08 246.29 246.65 246.91 247.14 246.05 244.29 244.65 242.12 242.51 240.60 237.92 237.40 237.90 240.95 239.39 243.28 243.14 243.25 244.06 238.61 244.34 245.37 245.08 245.39 246.01 246.04 246.30 246.27 245.68 245.49 245.61 245.89 246.28 245.82 246.38 246.31 246.10 246.71 246.79 246.29 246.44 246.58 246.84 246.68 247.06 247.14 245.74 246.57 246.28 245.10 245.16 245.18 244.37 243.44 238.13 231.83 231.98 231.56 231.43 231.99 231.40 231.38 231.35 231.57 231.26 231.08 231.61 231.89 231.76 231.75 231.90 231.80 231.93 232.03 232.00 231.90 231.85 231.83 231.99 233.29 235.45 238.81 237.03 243.33 244.15 243.48 245.56 245.99 245.19 244.95 244.79 244.93 245.18 244.96 245.07 246.35 246.51 246.58 246.79 246.19 246.45 246.67 246.65 246.78 246.07 245.35 244.99 245.28 245.01 245.22 246.44 245.87 245.85 246.78 246.84 246.09 246.17 245.65 245.99 245.59 245.15 245.82
39°S ||     245.14 244.98 245.59 246.24 244.41 245.93 245.56 245.80 246.72 246.11 242.81 242.71 246.43 246.71 246.15 246.51 246.19 246.63 246.40 246.41 246.17 246.89 246.12 246.18 246.49 246.51 246.66 246.92 246.83 246.91 246.97 247.05 247.19 247.12 247.12 247.06 247.00 247.01 247.12 247.21 247.18 246.84 246.70 246.74 246.88 246.92 246.89 246.97 246.77 247.10 247.22 247.22 247.22 247.22 247.21 247.21 247.16 247.07 247.05 246.77 246.75 246.61 246.95 246.77 245.55 245.90 244.30 239.04 240.03 239.96 240.04 240.16 242.56 243.56 242.90 243.40 243.80 244.56 245.02 244.95 245.14 244.89 245.06 245.87 245.95 246.30 245.74 244.87 245.85 245.90 245.52 245.42 245.61 246.30 245.60 246.52 246.51 246.51 246.56 245.77 246.81 246.46 246.91 246.86 246.92 246.94 246.19 245.64 245.07 244.96 244.91 242.11 237.49 232.17 232.02 231.46 231.03 231.20 231.77 231.46 231.10 231.32 231.14 231.08 231.49 231.74 231.49 231.73 231.66 231.91 232.01 232.04 231.93 231.87 231.83 231.91 232.08 232.65 235.92 241.02 242.01 243.68 244.76 244.79 245.04 244.51 242.78 244.67 246.12 245.07 244.92 244.52 245.32 245.72 246.31 245.90 246.30 246.63 245.81 246.15 246.52 246.66 246.64 246.31 245.90 245.66 244.58 245.08 245.64 245.64 245.60 245.96 245.28 245.51 245.46 246.01 245.76 245.25 244.85 244.44
37°S ||     244.40 244.86 244.97 245.75 242.30 243.66 245.12 246.48 246.92 247.11 247.20 246.73 246.94 246.19 245.48 245.56 245.55 245.55 245.87 246.05 246.07 246.10 246.45 246.28 246.64 246.87 246.87 247.09 247.13 246.86 246.93 247.21 247.20 247.19 247.18 247.16 247.21 246.83 246.88 247.19 246.81 246.47 246.99 247.00 246.97 246.96 247.01 247.17 247.05 247.04 246.98 247.13 247.21 247.14 247.13 247.17 247.19 247.03 246.97 247.01 247.03 246.53 246.54 246.10 244.86 244.11 243.53 243.03 246.50 241.60 243.66 243.22 243.07 242.27 242.99 243.89 244.30 244.39 244.28 245.02 245.59 245.88 246.32 242.51 245.81 246.15 246.07 246.29 244.94 245.95 245.69 245.39 245.49 245.91 246.52 246.15 246.59 246.66 246.06 246.07 246.84 246.87 246.96 246.85 246.70 246.67 243.87 246.20 245.25 244.50 244.12 243.70 241.56 234.10 231.95 231.74 231.07 230.43 229.49 231.48 231.37 231.34 231.78 231.16 231.66 231.62 231.81 231.74 231.79 231.87 231.92 232.00 231.86 231.83 231.96 232.18 232.93 235.65 238.44 240.95 243.82 243.98 245.41 245.42 245.73 245.39 244.67 244.59 244.70 245.02 244.56 245.03 245.28 245.42 245.74 245.70 245.10 245.68 245.77 246.72 246.39 246.29 246.84 246.85 246.15 245.75 244.52 245.70 245.64 245.33 244.95 245.03 245.10 245.16 245.61 245.82 244.35 243.84 244.30 242.76
35°S ||     244.34 242.30 244.84 246.18 245.23 246.36 246.07 246.20 246.78 247.16 247.18 246.87 246.19 245.96 245.65 245.79 245.56 246.97 246.01 246.11 246.21 246.42 246.30 246.66 246.98 246.87 246.97 247.04 247.18 247.16 247.20 247.22 247.19 247.22 247.21 247.21 247.17 246.79 246.81 246.80 246.58 246.98 247.16 247.11 247.07 247.13 247.08 247.10 247.16 247.17 247.09 246.90 247.11 247.21 247.16 247.10 247.10 247.10 247.09 247.05 246.96 246.84 246.85 245.52 245.62 246.47 246.19 245.43 245.57 243.15 243.33 241.89 244.11 245.02 244.69 244.16 244.14 244.22 243.17 244.56 245.51 246.06 245.72 246.04 245.88 246.37 246.36 246.32 246.12 245.93 245.93 245.56 245.74 246.36 246.36 246.39 246.06 245.18 246.59 246.71 246.63 247.04 246.98 246.63 246.56 246.63 246.48 246.10 244.48 245.31 245.36 244.31 243.31 242.35 233.54 232.05 231.54 230.98 230.14 229.89 231.41 231.46 229.72 230.18 231.77 231.67 231.75 231.84 231.80 231.90 232.04 231.88 232.42 232.18 232.53 233.28 233.20 235.80 236.25 236.76 242.15 244.60 246.06 245.50 245.93 245.67 245.36 245.14 244.78 244.51 244.98 245.43 246.42 246.28 246.34 245.91 246.35 246.56 246.18 245.79 246.20 246.56 245.80 245.57 246.00 246.00 246.24 245.85 245.85 246.50 244.49 244.61 245.37 245.52 245.13 244.85 242.98 243.69 244.91 246.12
33°S ||     244.22 243.86 246.25 246.50 246.27 246.98 246.74 247.12 247.14 246.90 246.96 246.75 246.11 245.87 245.01 245.99 245.54 245.45 246.10 246.11 246.76 246.46 246.54 246.57 246.83 246.98 246.98 247.07 247.14 247.19 247.21 247.14 247.21 247.19 247.12 247.17 247.02 246.65 246.59 246.28 246.40 246.99 247.19 247.07 247.22 247.09 247.21 247.21 247.22 247.22 247.16 246.92 246.61 247.15 247.21 247.11 247.12 247.09 247.08 247.08 246.89 246.55 246.34 245.62 245.43 245.29 245.36 245.39 245.55 245.84 245.43 243.37 243.43 244.99 243.38 245.01 243.37 244.42 244.59 244.28 244.97 245.43 244.68 245.73 245.86 246.07 246.15 246.32 246.28 246.13 246.08 246.45 246.24 245.97 246.31 246.12 246.42 246.09 246.48 246.88 246.79 246.91 247.01 246.87 246.76 246.67 246.61 246.71 245.94 245.36 245.65 245.78 246.11 245.25 243.47 235.23 231.93 231.79 231.37 230.64 230.67 229.76 231.47 231.81 231.65 231.65 231.86 231.89 231.98 231.88 231.84 232.69 234.47 234.97 235.29 235.40 234.58 235.10 237.75 238.47 241.27 244.54 245.47 245.72 245.99 246.07 245.77 245.85 245.62 245.31 245.40 245.87 246.14 246.35 246.81 246.88 246.76 246.86 246.16 246.68 246.33 245.96 246.56 246.23 246.37 246.47 245.92 245.71 245.19 246.05 245.49 244.30 246.16 245.27 245.25 244.81 244.37 244.93 245.66 245.51
31°S ||     244.48 245.98 246.23 246.34 246.90 246.85 247.08 246.90 246.81 246.90 246.78 246.75 246.36 245.95 245.51 245.53 245.53 246.07 246.45 246.11 246.58 246.54 246.62 246.69 246.84 246.88 247.00 247.08 247.17 247.21 247.21 247.21 247.18 247.08 247.05 247.17 246.97 246.57 246.62 246.27 246.70 247.00 247.09 247.20 247.22 247.22 247.21 247.19 247.19 247.17 247.14 246.92 247.04 247.07 247.11 247.10 247.16 246.90 247.03 246.85 246.49 246.06 245.66 245.54 245.18 245.30 245.11 244.77 244.99 245.14 244.89 241.64 245.02 245.54 244.68 245.19 244.96 244.66 244.09 244.14 243.55 243.88 244.86 244.98 245.24 246.04 246.41 246.55 246.34 246.28 246.28 246.16 246.48 246.22 246.12 246.26 246.16 246.32 246.37 246.77 246.79 246.35 246.68 246.83 246.61 246.42 246.31 246.61 245.77 245.33 244.75 245.71 244.93 245.15 241.96 242.03 235.38 232.84 232.30 232.01 231.63 231.08 231.91 231.75 231.87 231.80 231.96 232.03 232.03 234.36 232.35 233.05 236.18 236.39 236.97 239.59 239.91 237.91 238.32 240.51 241.12 245.35 245.35 245.89 245.38 246.32 246.13 246.17 246.13 246.00 245.81 246.13 246.40 246.39 246.74 246.79 246.07 246.93 247.01 247.08 246.22 245.70 244.52 246.07 245.75 245.33 245.02 245.32 245.28 245.46 245.85 245.25 245.99 245.50 245.52 245.69 245.51 245.17 245.25 245.34
29°S ||     244.53 246.07 247.08 246.35 246.91 246.94 246.51 246.73 246.73 246.85 246.85 246.59 246.05 245.67 245.51 245.61 245.70 246.74 245.99 246.05 246.22 246.62 246.64 246.74 246.81 246.92 247.00 247.12 247.19 247.22 247.21 247.18 247.15 247.14 247.13 246.91 246.93 246.72 246.11 245.65 246.66 247.05 247.15 247.19 247.22 247.21 247.19 247.16 247.14 247.14 247.15 247.17 247.21 247.21 247.21 247.07 247.11 247.21 247.05 246.89 246.46 245.52 245.24 245.34 243.04 245.21 245.52 245.28 244.73 244.81 244.21 242.99 244.31 245.29 244.71 243.82 244.56 244.65 243.27 243.72 243.92 243.88 244.67 244.30 245.78 245.79 246.01 246.37 246.50 246.25 245.86 246.14 245.95 246.05 246.13 246.24 246.20 246.69 246.32 246.69 246.17 246.09 246.46 246.38 246.16 245.99 245.86 246.01 246.66 245.57 246.02 244.95 244.42 244.12 245.84 244.99 240.40 240.84 236.36 236.25 233.39 232.97 232.00 231.99 231.96 231.94 232.05 231.99 234.53 237.35 239.41 241.32 239.00 237.96 239.34 241.67 240.75 240.84 241.39 243.87 244.06 245.00 245.59 245.85 245.92 246.15 246.19 246.08 246.09 246.03 245.97 246.26 246.30 246.75 246.55 246.89 247.10 246.99 246.23 247.10 246.46 245.88 245.57 246.31 245.49 246.55 245.59 245.17 245.71 245.94 245.61 245.85 246.18 245.99 245.55 245.45 245.82 245.52 245.23 244.78
27°S ||     245.42 246.14 246.08 246.03 246.80 246.92 246.44 247.03 246.82 246.53 246.63 246.03 246.25 246.05 245.49 245.91 245.47 246.60 246.02 246.68 246.66 246.64 246.75 246.77 246.90 246.97 247.04 247.08 247.20 247.22 247.20 247.16 247.02 247.08 247.03 247.08 247.12 246.67 246.55 245.77 246.75 247.06 247.14 247.20 247.22 247.20 247.17 247.13 247.11 247.04 247.05 247.02 247.11 247.21 247.21 247.21 247.17 247.17 247.18 247.18 247.20 246.41 245.14 245.07 245.17 245.10 244.85 244.02 244.92 245.18 245.08 242.35 241.69 241.00 243.55 244.85 243.89 243.82 242.96 243.00 243.12 243.21 243.69 244.59 244.95 245.44 245.42 245.37 246.08 246.25 246.30 246.03 246.00 246.47 246.34 246.18 246.13 246.45 246.47 246.50 246.19 245.65 246.54 245.97 245.89 246.07 245.38 246.51 246.84 246.56 245.71 245.77 245.17 245.49 245.69 245.48 245.16 240.96 241.39 239.96 238.76 238.35 236.64 236.01 235.49 233.85 233.88 234.29 234.42 237.74 241.25 239.17 239.37 240.30 242.96 242.01 246.77 241.56 241.70 246.16 245.42 246.02 246.15 246.15 246.11 246.09 246.09 246.07 246.20 246.26 246.30 246.56 246.90 246.98 247.05 246.90 246.31 247.08 247.03 246.62 246.87 246.42 245.87 245.89 245.01 246.45 245.46 245.74 245.52 245.18 245.40 245.74 246.35 246.52 246.55 246.05 246.07 245.93 245.18 245.08
25°S ||     244.98 246.38 245.88 246.28 246.25 246.41 246.21 245.66 246.45 246.03 246.23 245.18 245.20 245.49 245.22 245.71 245.59 246.26 246.64 246.16 246.45 246.73 246.77 246.87 246.95 247.05 247.10 247.15 247.21 247.21 247.17 247.11 247.04 246.99 246.97 246.71 246.87 246.95 246.54 246.69 246.87 247.04 247.16 247.20 247.22 247.21 247.19 247.15 247.10 247.10 247.03 247.00 247.11 247.17 247.18 247.21 247.17 247.12 247.12 247.15 247.14 246.87 245.67 245.54 245.25 245.21 245.21 246.16 245.80 245.52 245.38 245.29 243.33 240.02 238.71 243.07 242.44 242.07 240.61 242.51 242.48 242.85 240.90 243.48 242.05 244.92 244.70 244.66 244.79 246.09 245.54 245.79 245.23 246.59 246.10 246.13 246.14 246.63 246.89 246.25 246.15 246.37 246.26 246.19 246.37 246.72 246.09 246.80 246.96 246.79 246.46 246.42 245.91 246.12 244.90 243.34 244.76 242.70 241.47 240.36 239.31 240.22 240.80 236.95 239.70 235.18 236.57 240.64 241.49 242.75 241.56 243.25 243.36 242.20 243.32 245.46 245.78 245.08 246.43 245.96 246.16 246.41 246.57 246.51 246.41 246.27 245.62 246.26 246.33 246.48 246.54 246.72 246.95 247.10 247.06 246.95 246.48 246.96 247.15 246.99 247.03 246.80 246.38 245.85 246.36 246.30 245.60 246.26 245.88 245.35 245.60 246.24 246.61 245.48 245.72 246.03 245.86 245.06 244.31 245.29
23°S ||     244.93 245.32 246.21 246.21 246.31 246.10 245.83 245.46 245.02 244.99 245.04 245.15 244.50 244.33 245.18 244.82 246.79 246.30 246.00 246.55 246.56 246.80 246.81 246.88 246.99 247.10 247.16 247.21 247.21 247.17 247.10 247.00 246.94 246.90 246.92 246.89 246.55 246.71 246.52 246.64 246.84 247.03 247.12 247.17 247.20 247.22 247.21 247.19 247.13 247.08 246.89 246.97 246.98 247.11 247.22 247.21 247.17 247.17 247.17 247.21 247.17 246.75 245.94 245.82 246.24 245.95 245.50 246.08 245.48 245.53 245.85 244.82 244.39 241.99 240.83 239.78 242.86 242.07 242.51 241.68 241.70 242.24 242.12 240.38 242.73 244.21 243.81 243.42 244.00 246.30 245.35 245.78 245.20 244.86 245.09 246.04 246.18 243.38 245.63 246.67 246.55 246.73 246.83 246.96 246.75 246.40 246.99 247.00 247.12 246.84 246.64 246.13 246.29 246.65 246.69 246.40 245.54 244.97 243.86 243.35 240.99 242.21 240.84 239.59 239.53 237.08 239.94 242.25 242.74 243.42 244.68 244.40 243.82 243.52 245.82 246.49 247.00 246.87 246.51 246.25 246.50 246.68 246.90 246.80 246.54 246.42 246.34 246.22 246.53 246.59 246.66 246.71 246.54 246.68 246.58 246.98 246.61 246.93 247.12 246.98 247.11 246.70 246.47 246.17 246.14 245.89 246.04 245.63 245.94 244.49 245.75 243.52 245.82 245.75 245.70 245.82 246.10 244.74 243.63 245.30
21°S ||     245.75 245.55 246.22 246.21 246.24 246.20 245.59 243.84 244.58 245.03 245.29 245.26 245.00 245.32 245.10 244.86 245.72 246.29 246.26 246.51 246.67 246.83 246.87 246.96 247.05 247.13 247.20 247.21 247.15 247.05 246.96 246.84 246.75 246.74 246.80 246.59 246.67 246.35 246.43 246.65 246.81 246.96 247.04 247.11 247.17 247.20 247.22 247.21 247.19 247.14 247.10 247.02 247.00 247.13 247.21 247.12 247.22 247.19 247.21 247.20 247.21 247.20 246.12 246.15 245.96 246.19 245.65 245.39 245.51 245.43 244.82 245.07 244.47 243.57 240.51 238.65 240.91 241.87 240.98 240.61 241.24 241.55 241.86 240.63 241.38 240.53 243.33 243.22 244.04 245.17 245.40 245.18 244.78 244.43 245.49 245.89 246.15 246.55 246.60 246.44 246.31 246.19 246.99 246.80 246.59 246.68 246.46 247.09 247.09 246.92 246.37 246.87 246.38 246.48 246.43 246.06 245.77 244.60 244.81 243.33 242.60 241.70 242.49 240.32 242.36 242.49 241.82 245.75 244.59 244.62 245.11 245.49 244.35 245.76 246.40 246.50 247.18 247.15 246.70 246.83 246.66 246.68 246.93 247.06 246.51 246.38 246.36 246.31 246.26 246.58 246.78 246.95 246.97 246.91 246.29 246.90 246.81 246.81 247.09 246.70 246.78 246.62 246.75 246.75 246.13 245.91 245.48 245.83 246.19 244.78 244.37 245.16 245.09 244.41 244.65 245.83 246.31 245.58 245.53 245.90
19°S ||     246.69 246.39 246.37 246.56 246.00 245.59 244.70 242.05 242.30 244.04 244.29 245.19 244.93 244.97 244.53 244.98 245.14 245.82 246.40 246.52 246.69 246.87 246.96 247.07 247.13 247.19 247.22 247.16 246.94 246.78 246.66 246.60 246.54 246.60 246.69 245.95 246.54 246.31 246.38 246.51 246.59 246.75 246.86 246.96 247.07 247.15 247.20 247.22 247.21 247.18 247.16 247.13 247.08 247.10 247.19 247.22 247.21 247.22 247.22 247.22 247.18 246.99 246.43 246.48 246.24 245.99 245.32 245.13 244.98 245.53 245.13 244.65 243.66 241.49 237.30 237.12 237.64 241.62 240.17 240.23 238.53 240.65 241.19 241.42 239.92 239.31 242.30 243.60 243.45 243.26 244.04 244.61 244.47 244.80 245.73 245.25 246.02 246.31 245.96 246.77 246.42 246.33 246.90 246.58 246.93 246.71 247.04 247.14 246.95 246.93 247.02 246.81 246.84 246.69 246.56 246.23 246.33 246.39 246.32 244.42 243.72 243.52 243.24 243.27 243.83 244.16 245.34 245.38 245.17 245.42 245.59 246.31 246.55 245.98 246.58 246.82 247.06 247.10 246.92 246.78 246.55 246.52 246.28 246.30 246.47 246.42 246.39 246.37 246.51 246.62 246.20 246.55 247.04 246.99 246.75 246.61 246.74 246.53 246.94 246.65 246.54 246.72 246.79 246.85 246.27 246.28 246.48 246.54 245.55 244.59 243.69 243.05 242.70 241.54 243.18 242.90 243.58 244.60 244.09 246.50
17°S ||     246.61 246.64 246.43 246.05 246.02 245.57 243.58 242.61 242.98 243.38 244.00 244.89 244.59 246.01 244.76 243.29 245.40 245.44 246.10 246.56 246.71 246.86 247.06 247.15 247.19 247.22 247.19 246.94 246.58 246.33 246.28 246.32 246.41 246.48 246.33 246.02 246.22 246.32 246.25 246.20 246.25 246.45 246.63 246.75 246.94 247.06 247.15 247.19 247.22 247.21 247.20 247.16 247.16 247.14 247.20 247.22 247.17 247.17 247.22 247.22 247.19 246.95 246.42 246.91 246.58 237.82 232.93 239.15 245.23 244.74 245.83 244.45 243.90 242.00 237.24 237.60 237.28 241.54 239.66 241.16 239.89 240.43 240.32 240.39 240.13 240.49 241.63 241.66 241.87 243.14 244.52 244.36 244.35 244.62 245.36 245.17 246.08 246.01 246.43 245.47 246.24 246.57 246.89 246.90 246.88 246.89 246.88 247.09 246.88 246.81 246.72 246.91 246.95 246.99 246.85 246.80 246.65 245.94 245.80 246.45 245.69 245.89 245.37 245.45 245.63 244.62 244.89 244.94 245.07 245.54 246.31 245.98 247.06 246.89 246.80 246.91 247.13 247.13 246.89 246.72 246.46 246.42 246.27 246.14 246.40 246.44 246.48 246.54 246.58 246.79 246.68 246.75 246.97 246.88 246.97 246.82 246.75 246.57 246.74 246.12 246.56 246.60 246.76 246.89 245.90 246.87 246.64 246.30 245.42 243.37 243.14 242.19 242.14 241.21 240.33 242.46 242.46 243.69 242.36 244.99
15°S ||     244.18 246.52 245.29 245.80 245.12 244.57 240.18 241.39 243.63 243.33 243.34 244.77 245.27 245.12 244.65 243.48 246.37 245.29 244.44 246.40 246.66 246.89 247.04 247.15 247.21 247.20 247.05 246.52 245.80 245.57 245.81 246.11 246.20 246.33 246.40 246.36 246.46 246.47 246.14 245.96 245.95 246.24 246.42 246.57 246.78 246.98 247.09 247.16 247.19 247.21 247.21 247.21 247.20 247.19 247.22 247.22 247.19 246.95 247.21 246.98 246.48 239.49 236.47 234.70 232.50 232.67 233.88 232.40 232.46 244.42 244.80 242.97 243.34 242.76 239.04 239.19 238.00 239.29 240.25 240.63 240.31 240.22 240.55 239.38 240.61 240.94 240.87 241.79 242.32 242.76 242.27 243.40 243.81 244.95 245.34 245.31 245.54 245.93 246.56 245.89 246.72 246.60 246.73 246.93 246.88 247.04 246.97 246.99 247.05 247.02 246.72 247.05 247.11 247.12 247.09 247.13 246.79 245.97 245.89 245.87 246.43 245.85 245.89 246.05 245.47 245.18 244.88 244.64 245.93 246.37 246.58 247.11 247.11 247.12 246.96 247.06 247.12 247.08 247.07 246.83 246.60 246.36 246.40 246.38 246.24 246.38 246.59 246.50 246.77 246.37 246.78 246.48 246.99 247.11 246.55 246.35 246.91 246.25 246.29 246.59 246.53 246.62 246.90 246.75 246.31 246.14 246.31 246.26 245.89 242.96 241.52 237.67 239.60 240.27 242.14 239.39 241.27 237.88 244.97 244.54
13°S ||     243.41 243.93 244.84 245.52 245.06 243.75 242.04 240.21 241.17 240.39 241.84 243.82 244.31 243.76 243.86 243.57 245.07 245.23 245.55 246.14 246.52 246.84 247.03 247.15 247.22 247.18 246.93 246.06 244.86 244.61 245.27 245.87 246.06 246.11 246.15 246.49 246.37 246.35 246.05 245.91 245.94 246.48 246.19 246.43 246.67 246.87 247.03 247.11 247.16 247.19 247.19 247.20 247.21 245.85 236.51 239.48 238.50 243.65 234.97 232.78 237.88 246.92 246.97 246.82 236.82 235.07 238.97 238.90 245.87 233.67 242.48 243.76 242.72 241.71 241.21 239.18 239.79 238.07 236.94 239.77 240.08 240.02 240.22 240.22 241.32 241.01 240.26 241.41 242.44 241.07 242.04 242.55 243.43 244.37 243.07 244.81 245.30 245.79 246.06 246.05 246.10 246.44 246.80 246.93 247.02 246.56 247.01 247.02 247.07 247.10 247.04 247.01 247.16 247.01 247.07 246.92 246.98 246.34 246.10 246.22 246.20 245.73 246.07 246.06 246.44 245.80 245.68 245.62 245.99 246.28 247.05 247.10 247.19 246.92 247.10 247.02 247.15 247.10 246.72 246.70 246.24 246.37 246.20 246.33 246.25 246.34 246.69 246.81 246.86 246.76 246.84 246.96 246.58 247.00 246.31 246.33 246.79 246.72 246.48 246.37 246.65 246.51 246.85 246.93 246.69 245.48 245.38 244.94 243.85 241.31 240.04 238.72 238.33 238.83 239.12 238.27 237.54 238.86 237.62 238.96
11°S ||     237.81 239.71 237.37 237.16 242.56 242.86 241.69 239.82 241.07 240.96 241.87 242.17 241.97 243.42 242.76 243.09 243.53 244.73 245.21 245.87 246.39 246.68 246.99 247.15 247.22 247.16 246.92 246.18 244.90 244.03 244.48 245.86 246.00 246.01 245.96 246.30 246.26 246.11 245.86 245.74 245.98 246.16 246.14 246.40 246.60 246.78 247.02 247.08 247.13 247.17 247.15 247.21 241.81 238.05 232.25 232.03 240.64 246.93 246.97 247.20 247.19 247.15 247.04 246.94 246.62 246.72 246.54 242.57 244.97 245.05 232.69 240.71 232.49 238.69 240.48 237.35 236.93 238.52 237.48 237.20 239.62 239.59 239.29 239.94 239.69 240.15 238.94 240.68 240.29 241.51 241.49 240.51 243.20 243.79 244.45 244.57 244.30 245.07 246.86 246.56 246.05 245.94 246.56 246.78 246.84 247.01 247.05 247.01 247.10 247.08 246.74 247.04 246.99 247.11 247.02 246.95 246.94 246.85 246.55 246.73 246.61 246.33 246.38 246.48 246.76 245.68 245.97 245.46 245.98 246.02 246.34 246.94 247.17 247.12 247.13 246.82 247.07 246.85 246.58 246.55 246.05 246.17 246.36 246.25 246.22 246.26 246.42 246.35 246.62 246.65 246.63 246.97 247.13 246.93 246.96 246.79 246.47 246.34 246.56 245.92 246.42 245.76 245.16 245.78 245.51 241.56 245.13 243.91 242.96 240.49 239.49 239.19 237.44 237.92 237.08 236.47 236.43 239.84 238.85 240.66
9°S ||     241.98 240.66 240.90 238.70 237.23 241.89 239.68 241.07 239.62 239.02 241.04 240.50 241.77 242.21 242.15 243.15 243.11 244.16 244.73 245.63 246.08 246.61 246.88 247.11 247.21 247.18 246.99 246.70 245.11 243.67 243.67 245.28 245.94 245.94 245.98 245.91 246.13 246.02 246.04 245.87 245.94 246.23 246.85 247.12 247.01 246.80 247.01 247.14 247.14 247.18 239.24 234.88 235.31 232.11 238.50 247.13 246.89 245.93 247.08 247.20 247.16 247.08 246.42 246.83 246.42 246.11 240.23 244.30 236.43 243.27 232.59 232.43 232.16 233.61 234.98 236.94 239.53 238.13 237.92 234.80 237.18 239.77 238.95 238.77 239.15 238.94 237.87 240.34 240.07 240.07 239.06 242.27 242.30 242.66 243.84 244.75 244.53 245.15 246.25 246.36 245.97 245.98 246.67 246.53 246.57 246.84 247.02 246.84 245.30 244.58 246.99 246.49 246.93 246.83 246.90 246.98 246.96 246.89 246.73 246.69 246.58 246.84 246.68 246.78 246.81 246.75 246.51 246.07 245.97 245.98 246.43 246.73 247.17 246.81 246.77 247.10 246.61 246.34 246.85 246.46 246.07 246.00 245.76 246.07 246.07 246.33 246.44 245.91 246.07 246.53 247.05 246.91 247.12 246.72 246.31 246.51 246.27 245.61 246.26 245.68 245.05 241.64 239.91 242.63 242.86 239.91 240.18 241.05 239.75 239.44 238.61 237.74 236.90 234.91 235.56 235.76 239.48 245.71 239.05 239.93
7°S ||     239.48 239.80 240.44 240.44 235.20 236.41 238.79 238.36 236.26 237.65 238.36 239.83 240.86 241.03 241.14 240.76 241.29 243.12 244.21 245.09 245.82 246.39 246.74 247.06 247.20 247.21 247.12 246.95 245.45 243.99 244.27 244.98 245.76 245.90 245.98 246.10 245.87 245.88 246.09 245.87 246.95 247.17 246.37 246.55 246.50 244.92 246.13 241.78 239.92 243.47 246.30 247.07 245.68 233.40 241.05 239.96 238.39 246.12 247.21 247.11 247.06 247.04 246.88 246.76 243.65 238.20 236.95 238.78 246.06 245.74 238.31 232.33 232.44 233.23 232.73 233.43 235.37 238.93 239.14 237.94 237.54 238.28 237.95 239.31 238.85 239.43 240.25 240.89 241.13 240.66 241.09 240.39 242.32 242.70 242.82 242.54 242.52 244.58 245.79 245.47 246.66 246.68 246.47 246.52 246.99 246.72 246.59 246.82 246.85 246.82 246.65 246.68 246.52 246.97 246.99 246.98 246.98 246.62 246.58 246.74 246.91 247.05 246.92 247.09 246.89 246.49 246.69 246.55 246.00 246.00 246.16 246.28 247.06 247.09 246.88 246.60 246.67 246.56 246.65 246.36 245.99 246.05 245.56 245.65 245.75 245.65 245.29 245.41 245.48 244.84 247.11 247.12 247.11 246.72 247.01 245.74 241.71 243.93 243.90 244.08 241.62 239.99 240.53 241.31 238.43 236.96 238.17 237.15 236.98 237.21 237.01 237.08 236.29 235.25 234.49 234.42 236.43 237.76 238.22 239.41
5°S ||     239.04 238.37 237.70 237.99 239.28 234.93 235.27 235.37 234.74 237.17 238.46 241.06 240.07 239.34 238.24 237.52 237.55 239.60 243.69 243.79 245.10 245.87 246.44 246.90 247.12 247.21 247.20 247.02 246.58 245.79 245.10 245.22 245.77 245.84 246.03 246.16 246.15 246.61 246.29 245.97 246.16 246.31 246.49 246.00 247.08 244.95 245.92 245.93 247.01 247.09 247.02 245.96 241.06 241.01 242.73 247.15 247.20 246.82 241.08 240.06 246.94 246.84 246.71 246.70 245.77 246.38 245.10 245.91 245.89 245.32 243.63 240.23 234.98 241.59 241.76 234.87 233.25 234.02 240.45 239.44 235.35 236.77 237.14 237.98 238.43 239.51 240.51 240.42 239.54 240.28 240.93 241.34 240.73 242.74 242.78 242.17 242.51 242.68 244.03 243.66 245.69 246.83 246.71 246.54 246.18 246.53 246.64 246.70 246.60 246.75 246.14 246.03 246.25 246.91 247.01 246.96 247.08 246.98 247.08 246.81 246.98 246.72 246.94 246.91 246.73 246.90 246.10 246.75 246.12 246.06 246.29 246.78 246.71 247.03 246.65 246.61 246.09 246.34 246.24 246.05 246.20 245.82 244.68 244.51 244.86 245.19 242.99 244.06 245.32 245.80 246.48 246.87 245.97 246.26 246.37 245.49 237.94 241.45 233.39 237.84 239.17 240.69 240.57 238.01 237.99 235.93 235.86 236.30 236.32 235.83 235.61 235.72 234.74 234.82 234.83 234.56 234.44 235.49 236.78 237.99
3°S ||     237.88 238.17 236.89 236.67 237.52 233.71 233.67 234.23 236.11 235.40 239.72 242.68 238.08 234.92 235.26 234.53 240.26 243.51 239.74 241.85 243.35 245.19 245.50 246.40 246.93 247.15 247.22 247.13 246.94 246.42 245.94 245.84 245.68 245.67 246.08 246.30 246.46 246.54 246.56 246.36 246.27 246.54 246.71 247.02 247.10 247.11 247.21 247.21 247.19 247.11 247.10 247.04 247.16 244.44 245.39 247.21 247.17 247.02 246.83 236.56 246.93 246.36 246.40 245.74 245.90 245.69 241.69 244.93 244.53 243.33 242.32 241.40 232.38 239.14 239.77 235.41 236.80 236.00 238.43 238.02 237.04 237.05 235.33 236.76 238.19 238.93 238.36 239.42 239.53 239.88 240.26 240.98 241.48 241.72 242.36 242.56 244.26 242.61 242.65 242.44 245.27 246.14 246.53 246.35 245.93 246.50 246.41 246.19 246.28 246.27 245.93 245.90 246.26 246.59 246.80 247.05 247.14 246.25 246.31 246.76 246.83 246.69 246.81 246.30 246.96 246.73 246.87 246.26 246.21 245.87 246.40 246.24 246.37 246.46 246.05 244.23 246.38 245.48 245.78 246.18 245.80 245.65 243.63 243.63 244.91 242.33 243.15 244.71 245.48 245.97 246.52 246.43 246.53 246.32 245.93 243.89 237.91 237.87 237.58 239.60 237.24 237.80 238.00 238.43 237.37 235.73 236.55 237.91 234.84 234.63 234.80 234.34 234.15 233.98 234.02 233.98 234.25 234.70 236.20 236.50
1°S ||     236.07 236.47 236.17 235.28 234.89 233.64 233.55 234.52 235.02 237.88 240.53 243.30 237.41 235.15 233.81 236.69 239.64 237.89 238.54 241.63 242.42 243.59 244.58 245.72 246.50 247.04 247.20 247.20 247.07 246.84 246.40 246.12 245.39 244.62 246.19 246.41 246.53 246.65 246.72 246.74 246.75 247.04 247.13 247.18 247.21 247.20 247.14 247.07 246.94 246.67 245.84 245.90 236.30 247.22 247.22 247.20 246.95 246.73 246.65 243.94 246.27 245.90 245.74 245.84 245.43 245.23 245.26 241.75 241.34 241.93 238.10 241.01 233.41 233.29 237.41 237.34 238.20 237.92 237.58 236.44 234.55 235.04 235.75 237.74 237.45 237.69 238.48 239.43 240.02 240.25 239.99 239.40 240.82 241.14 242.14 242.52 244.60 242.71 242.78 242.56 245.21 245.64 245.97 246.26 245.90 246.06 246.14 245.86 245.77 245.65 245.39 245.46 246.47 246.71 246.73 246.93 247.07 246.30 246.52 246.57 246.54 246.86 246.78 246.93 246.68 246.62 246.44 246.26 245.15 245.57 246.10 246.33 246.15 245.90 244.35 244.70 245.31 242.17 245.66 245.94 245.54 245.22 243.26 243.05 242.83 242.07 242.58 245.38 244.98 245.94 246.08 245.98 244.47 244.28 242.90 238.07 236.29 235.45 236.52 236.73 234.93 235.70 237.14 237.30 235.60 236.28 238.13 236.31 234.95 234.49 234.35 234.23 234.19 233.94 233.87 233.94 234.50 234.44 235.14 235.79
1°N ||     235.61 236.38 235.29 234.12 234.51 234.05 233.53 233.65 234.83 236.90 239.96 239.82 235.84 233.89 233.76 235.00 236.08 236.96 241.78 239.49 241.43 241.44 244.42 246.07 246.68 246.80 247.12 247.21 247.09 247.02 246.88 246.67 245.60 244.30 244.74 246.55 246.61 246.67 246.80 246.92 247.05 247.13 247.17 247.21 247.21 247.13 247.02 246.82 246.31 245.31 246.98 247.21 247.20 247.22 247.20 247.04 246.78 246.38 246.29 245.46 245.88 245.61 243.81 245.62 245.35 245.00 245.33 239.14 243.65 242.33 240.27 234.09 232.07 232.19 239.23 238.20 238.04 237.57 239.05 234.05 238.96 234.14 236.66 238.09 236.85 237.01 238.30 239.55 239.02 240.06 240.20 239.68 240.59 240.66 240.97 242.24 242.64 244.05 243.92 244.57 244.67 244.50 245.15 243.95 245.82 246.16 246.04 245.06 245.43 245.50 245.41 246.22 245.85 246.21 246.67 246.81 246.53 246.53 246.79 246.41 246.59 246.74 246.66 246.63 246.64 246.53 246.33 245.93 245.80 245.47 244.13 244.79 243.17 243.30 242.60 243.24 244.24 244.48 243.71 244.73 243.12 242.85 241.50 241.62 241.17 242.79 244.84 245.04 244.86 245.59 244.98 243.49 239.81 238.76 238.41 237.86 236.17 235.32 235.74 235.00 235.61 235.60 236.21 235.21 235.41 236.11 237.06 235.23 234.74 234.54 234.32 234.14 234.13 234.01 233.96 233.95 233.90 234.15 234.43 234.88
3°N ||     233.85 234.20 234.03 233.67 233.35 233.23 233.32 233.54 233.89 236.82 237.79 237.38 233.64 233.30 233.35 233.99 234.63 239.26 239.92 237.97 239.15 242.93 245.06 246.32 246.91 246.21 246.90 247.11 247.09 247.10 247.09 247.12 246.97 245.45 246.22 246.68 246.57 246.62 246.83 246.99 247.10 247.15 247.18 247.18 247.16 247.01 246.70 246.38 245.92 243.82 243.73 246.75 247.07 246.96 246.73 246.41 246.12 245.95 245.81 245.16 245.17 245.60 246.01 243.55 242.86 244.51 244.03 242.10 241.78 240.36 239.67 238.60 232.65 232.38 233.59 234.52 233.84 234.53 235.45 235.36 237.72 238.38 236.55 237.49 238.06 236.63 238.66 239.96 239.40 239.50 238.97 239.63 239.97 240.58 241.12 242.09 242.26 243.33 242.75 243.54 243.53 243.55 243.61 244.41 244.38 245.81 245.26 244.10 242.67 245.51 245.30 245.84 246.39 246.43 246.58 246.07 246.34 246.35 246.66 246.37 246.55 246.68 246.70 246.57 246.55 246.47 246.17 245.93 245.44 245.14 241.93 239.69 238.14 237.39 235.36 237.64 242.44 242.97 243.65 242.40 242.21 241.20 240.57 241.32 241.65 243.68 243.93 244.48 244.86 245.58 242.65 237.97 238.51 239.40 238.93 236.39 235.73 235.19 235.02 234.69 235.84 234.75 235.13 234.86 235.01 235.77 235.44 234.86 234.68 234.56 234.50 234.23 234.12 234.08 234.10 233.99 233.91 233.84 233.77 233.73
5°N ||     233.90 233.55 233.29 233.58 233.15 233.12 233.25 233.31 233.56 234.85 235.63 236.09 233.25 233.02 233.02 233.28 236.12 240.27 236.36 237.13 240.11 244.55 245.95 246.50 246.14 245.98 246.31 247.13 247.12 247.10 247.15 247.21 247.21 247.20 247.02 246.81 246.49 246.41 246.88 247.07 247.16 247.19 247.20 247.17 247.10 246.65 246.24 245.82 245.00 242.85 241.75 246.28 246.32 245.88 245.51 244.94 245.18 245.07 244.93 244.44 243.21 244.85 245.71 245.27 244.63 243.01 241.92 241.39 241.10 239.29 237.11 233.57 236.97 234.89 232.52 233.10 234.69 237.11 237.80 237.63 238.57 237.27 238.15 237.57 236.40 237.73 238.01 239.61 239.20 239.60 239.88 239.77 241.12 241.36 241.54 241.67 241.86 241.79 242.42 243.42 243.34 243.52 243.87 243.60 243.93 244.05 243.84 244.21 243.90 245.85 245.57 246.63 246.43 246.55 246.27 246.51 246.47 246.31 246.39 246.41 246.54 246.65 246.74 246.69 246.04 246.38 246.19 245.72 244.98 243.49 239.81 232.58 232.40 232.40 232.45 232.72 234.69 238.87 240.28 240.67 240.94 239.60 240.33 241.62 241.39 243.28 243.98 243.79 245.32 245.09 238.13 238.61 237.75 237.53 236.92 236.65 235.48 235.06 234.76 234.70 234.87 235.04 234.80 234.83 234.81 234.84 234.84 234.91 234.68 234.66 234.66 234.43 234.28 234.20 234.15 234.01 233.89 233.83 233.75 233.63
7°N ||     233.71 233.49 233.37 233.32 233.15 233.11 233.12 233.16 233.30 233.95 234.96 233.85 232.99 232.86 232.82 233.23 236.74 234.79 235.13 236.95 241.68 244.15 243.79 244.69 245.14 245.28 245.91 246.82 247.02 247.07 247.15 247.21 247.19 247.21 247.18 246.97 246.03 246.02 247.03 247.15 247.19 247.21 247.22 247.21 246.84 246.50 246.10 245.48 244.58 243.21 241.59 241.28 245.18 245.27 245.28 245.18 244.78 244.31 243.82 243.37 243.09 243.96 245.31 244.00 242.37 241.66 240.59 240.06 239.68 238.37 236.44 233.47 232.31 233.41 232.48 236.62 237.03 237.52 234.97 234.81 235.38 237.57 237.22 236.90 237.67 238.84 238.78 239.69 239.12 240.09 239.64 240.03 240.24 239.66 241.61 242.02 242.43 241.58 242.84 243.90 243.90 243.69 243.31 243.74 244.05 243.28 244.82 242.30 243.88 243.53 244.78 245.77 246.12 246.56 246.49 246.39 246.48 246.39 246.39 246.34 246.57 246.50 246.71 246.10 245.27 246.48 246.17 245.56 243.47 238.66 232.71 232.29 232.34 232.36 232.37 232.46 232.51 233.23 238.54 238.75 238.35 239.26 240.88 240.54 243.24 244.31 244.00 242.63 243.72 243.80 238.79 237.13 236.74 236.17 235.84 236.00 234.94 234.69 234.92 234.67 234.58 234.94 234.82 234.88 234.74 234.75 234.87 234.88 234.93 234.90 234.81 235.09 234.48 234.28 234.36 234.00 233.82 233.72 233.67 233.57
9°N ||     233.46 233.42 233.76 233.59 233.09 233.12 233.09 233.15 232.99 233.64 234.45 233.13 232.80 232.72 232.77 233.72 234.70 233.70 235.34 239.01 239.84 241.25 241.83 242.70 243.62 244.66 245.47 246.71 247.15 247.13 247.20 247.13 247.14 247.00 247.18 247.08 245.70 244.76 246.75 247.19 247.21 247.22 247.21 247.15 246.89 246.49 245.99 245.26 244.49 243.05 241.54 241.17 242.08 244.61 244.80 244.78 244.38 243.83 243.36 242.67 241.95 242.46 243.11 242.73 242.19 240.26 238.26 238.01 237.63 235.91 233.45 233.22 233.33 232.36 235.26 235.46 235.10 235.65 234.60 236.96 236.93 237.34 237.69 237.19 236.83 237.78 238.29 237.48 238.32 238.22 239.42 239.83 240.54 240.14 240.97 239.52 241.56 242.36 242.65 242.18 242.15 244.27 244.94 245.14 243.49 242.94 242.60 244.36 244.63 245.06 245.22 245.11 245.61 245.25 245.88 246.26 246.45 246.41 246.41 246.60 246.49 246.56 246.80 244.77 246.34 246.48 245.96 244.94 242.05 235.04 232.50 232.26 232.25 232.27 232.33 232.38 232.44 232.67 233.67 235.73 237.08 237.37 240.94 242.18 242.28 242.70 240.82 239.68 240.48 240.39 237.69 236.12 235.54 236.17 235.01 234.53 234.87 234.93 235.27 235.18 234.35 235.55 235.73 235.41 234.99 234.80 235.28 235.10 235.52 235.42 235.40 234.60 234.53 234.26 234.48 234.02 233.82 233.68 233.58 233.59
11°N ||     233.32 233.34 233.51 233.42 232.99 232.98 232.91 232.95 232.75 232.87 233.08 232.66 232.61 232.65 232.71 232.80 233.55 233.51 235.39 237.85 238.93 239.76 241.27 242.58 243.77 244.58 245.68 246.73 247.13 247.03 247.05 247.06 247.04 247.04 246.99 247.04 245.98 243.65 244.08 247.19 247.22 247.21 247.18 247.08 246.88 246.43 245.74 245.06 244.01 243.08 241.84 241.01 241.22 243.95 244.32 244.36 243.93 243.32 242.95 242.33 241.71 242.87 243.28 241.27 240.02 238.73 236.58 235.51 234.72 235.24 232.37 232.76 235.43 232.32 233.84 235.67 232.82 236.33 237.01 236.08 237.16 237.54 238.19 238.55 237.74 237.44 236.86 237.47 237.84 238.27 239.33 239.66 239.56 239.58 238.95 240.98 239.82 242.37 242.02 241.72 242.32 242.48 243.58 245.04 243.00 243.35 239.62 243.31 241.74 245.24 244.66 244.80 244.95 244.42 245.17 245.93 246.46 246.14 245.83 246.52 246.32 246.43 246.64 246.74 246.58 246.07 245.39 243.99 239.76 233.94 232.26 232.22 232.19 232.27 232.37 232.38 232.49 232.58 233.14 234.89 235.90 240.58 239.36 240.21 241.32 239.11 237.55 236.76 236.78 236.48 235.68 234.85 234.12 234.00 234.54 234.24 234.58 234.59 235.44 235.92 236.57 237.33 237.07 236.81 236.37 236.06 235.97 235.98 235.84 235.03 237.83 235.24 234.65 234.63 234.62 233.83 233.72 233.77 235.23 233.62
13°N ||     233.57 233.21 234.31 234.44 233.00 233.04 232.85 232.76 232.70 232.64 232.57 232.50 232.51 232.53 232.58 232.76 232.98 233.73 238.13 237.72 238.50 240.39 241.55 242.41 243.91 244.93 245.64 246.23 246.91 246.92 246.98 246.99 246.98 246.93 246.81 246.69 246.91 244.23 244.79 246.99 247.21 247.19 247.11 247.00 246.66 246.09 245.42 244.70 243.76 243.08 241.62 241.11 240.97 243.63 243.93 243.70 243.25 242.77 242.43 242.00 241.81 241.47 240.54 241.37 239.03 236.04 234.92 234.09 233.74 232.62 232.45 232.82 234.01 234.35 234.96 232.93 234.50 235.07 237.08 238.44 238.50 237.49 238.11 237.70 237.79 237.81 232.51 237.68 234.67 238.32 239.54 239.28 239.26 238.29 238.65 241.13 241.06 240.74 240.26 240.12 240.46 242.82 243.41 243.08 242.62 242.03 242.59 241.48 239.47 243.60 243.86 242.78 244.28 244.55 244.94 245.40 245.85 245.64 245.36 245.50 245.61 246.27 246.38 246.34 246.22 245.88 244.96 242.71 238.08 233.72 232.26 232.24 232.26 232.31 232.38 232.40 232.45 232.54 232.91 234.19 235.07 237.78 237.31 236.92 236.99 236.51 236.61 234.88 235.47 234.47 234.14 233.86 233.36 233.15 233.09 233.63 233.83 234.71 236.11 237.97 239.89 240.81 239.55 239.43 238.34 237.60 237.28 236.48 236.64 236.45 236.26 237.13 234.77 234.78 234.41 234.34 233.81 234.19 237.29 235.19
15°N ||     233.69 233.15 233.12 232.82 232.88 233.02 232.74 232.58 232.55 232.49 232.43 232.34 232.36 232.39 232.40 232.61 233.63 235.11 237.43 237.54 241.21 246.83 245.75 245.46 246.64 245.25 245.87 246.04 246.36 246.81 246.86 246.93 246.91 246.86 246.80 246.72 246.70 247.16 246.84 246.98 247.22 247.15 247.01 246.87 246.50 245.61 245.11 244.38 243.70 243.12 241.92 241.12 240.71 243.27 243.30 243.36 242.96 242.36 241.95 241.85 241.51 241.52 241.77 239.99 235.77 234.52 233.84 233.41 233.34 232.65 232.36 232.65 233.10 233.69 232.94 233.95 234.85 235.01 235.73 236.17 235.88 237.34 240.06 233.55 237.21 237.67 237.37 237.81 237.73 237.70 235.21 237.34 238.81 239.29 239.28 240.15 239.92 239.59 239.28 238.69 239.53 239.72 242.06 242.40 241.99 241.86 242.43 239.12 240.60 244.41 243.56 243.38 243.03 243.02 244.65 244.85 245.28 245.65 245.51 245.49 245.84 245.63 245.96 245.86 245.36 245.28 244.32 241.10 236.09 232.31 232.28 232.35 232.26 232.33 232.39 232.42 232.50 232.54 232.83 233.68 234.50 234.95 235.56 235.75 235.90 235.70 235.28 234.74 233.81 233.58 233.30 233.09 233.07 232.94 232.91 232.98 233.58 234.90 237.28 239.70 241.45 242.41 243.33 242.44 241.55 239.25 238.21 237.49 237.40 236.97 236.68 236.49 235.63 234.89 234.74 234.65 234.23 233.54 235.46 232.49
17°N ||     233.22 232.98 232.92 232.75 233.69 232.76 232.71 232.60 232.45 232.41 232.34 232.28 232.26 232.27 232.24 233.15 234.35 234.71 236.36 236.29 242.81 245.28 243.70 243.74 244.25 246.10 245.96 246.00 245.59 246.31 246.64 246.85 246.89 246.84 246.78 246.70 246.69 246.84 247.20 247.21 247.16 247.09 246.97 246.81 246.42 245.55 244.81 244.06 243.43 242.81 242.26 240.72 241.00 243.91 243.80 242.57 242.58 242.15 241.93 241.66 241.32 240.73 239.60 236.69 235.33 233.73 233.23 232.88 232.57 232.50 232.78 232.48 232.61 232.91 232.74 233.56 234.43 234.22 234.67 236.23 236.96 238.63 236.82 235.44 237.80 237.45 237.32 232.93 237.50 236.57 237.41 237.69 239.03 239.38 238.77 238.20 238.68 238.60 238.64 237.86 238.00 238.80 240.66 241.18 239.80 240.02 240.00 240.24 242.93 243.81 243.14 243.00 243.59 244.11 244.31 244.57 245.18 246.23 245.67 245.46 245.36 245.39 245.50 245.36 245.19 244.76 242.12 240.35 235.54 232.48 232.33 232.30 232.34 232.39 232.41 232.41 232.47 232.64 232.81 233.12 233.66 233.43 233.91 233.90 233.99 233.53 233.41 233.22 233.05 232.91 232.81 232.81 232.79 232.67 232.73 232.74 233.09 235.00 237.26 240.95 242.84 244.25 245.02 244.99 243.93 240.54 238.90 238.50 238.53 237.85 237.09 236.26 235.51 234.97 235.09 234.48 233.43 233.47 233.78 233.50
19°N ||     233.29 232.93 232.75 232.68 232.62 232.74 232.69 232.53 232.39 232.33 232.27 232.21 232.19 232.18 232.16 232.95 234.12 235.43 238.86 237.34 241.87 245.34 243.71 243.66 244.07 247.03 245.44 245.11 245.00 245.33 246.28 246.75 246.92 246.96 246.95 246.77 246.65 246.67 246.98 247.06 247.02 246.99 246.94 246.82 246.56 245.88 244.58 243.84 243.06 242.74 242.26 240.50 241.77 241.32 243.97 243.26 242.54 242.22 241.73 241.63 240.70 240.68 238.38 235.36 233.89 233.20 232.64 232.53 232.33 232.33 232.24 232.33 232.37 232.48 232.58 233.30 233.63 233.52 232.88 235.61 236.59 237.34 236.90 236.49 232.95 238.10 237.58 238.61 237.57 237.22 237.11 237.07 235.63 238.02 238.21 237.71 238.09 238.09 238.20 237.90 237.79 239.48 234.68 239.53 238.61 240.97 241.93 240.35 242.05 242.40 243.01 243.46 244.20 244.36 244.29 243.47 245.47 244.84 245.54 244.76 244.30 243.63 245.28 245.18 244.98 244.40 242.59 243.15 237.83 234.07 232.74 232.37 232.43 232.44 232.46 232.52 232.53 232.57 232.69 232.80 232.82 232.83 232.68 232.81 232.78 232.81 232.66 232.64 232.62 232.53 232.47 232.52 232.42 232.45 232.47 232.64 232.94 234.99 238.66 242.10 244.67 245.66 245.88 245.39 245.20 246.30 240.59 239.67 239.05 238.35 237.40 236.37 235.53 234.94 234.73 233.85 235.15 233.22 233.33 233.09
21°N ||     232.63 232.74 232.79 232.53 232.42 232.43 232.46 232.37 232.26 232.23 232.17 232.16 232.13 232.13 232.13 232.95 234.22 237.60 238.71 236.71 238.49 246.40 245.16 244.67 245.68 246.07 244.18 244.18 244.47 245.14 245.94 246.58 246.93 247.05 247.11 247.14 246.70 246.68 246.81 246.91 246.93 246.92 246.89 246.79 246.57 245.94 243.92 243.91 243.43 242.84 242.80 241.46 240.30 239.46 243.48 243.25 243.04 242.44 242.21 241.36 240.75 240.40 236.94 235.13 233.67 232.49 232.40 232.34 232.25 232.23 232.23 232.26 232.39 232.38 232.47 232.91 233.07 233.01 233.97 235.56 235.97 235.00 235.91 236.57 238.14 237.15 236.19 237.44 237.17 236.73 237.24 237.25 237.80 238.00 237.04 237.50 237.94 237.75 237.83 237.84 237.45 239.16 240.18 238.41 240.81 240.05 238.68 243.49 241.93 240.16 243.64 244.14 244.35 244.02 243.82 243.36 244.81 244.77 246.41 243.99 243.76 243.91 245.67 245.20 244.45 244.41 242.83 243.41 241.45 238.56 234.48 233.93 232.91 232.75 232.76 232.55 232.56 232.55 232.55 232.59 232.55 232.44 232.44 232.43 232.40 232.42 232.35 232.32 232.31 232.35 232.30 232.33 232.30 232.38 232.34 232.35 232.57 234.57 239.20 243.63 245.87 246.19 246.30 246.34 245.61 244.05 241.94 240.81 239.82 238.59 237.24 236.39 235.61 235.10 234.25 234.05 235.30 233.10 233.09 232.92
23°N ||     232.64 232.57 232.52 232.42 232.36 232.30 232.26 232.20 232.16 232.15 232.12 232.12 232.11 232.11 232.11 232.85 234.88 238.24 236.79 235.58 235.48 241.12 244.08 246.30 245.07 241.48 243.11 243.49 244.09 245.34 246.09 246.57 246.88 247.09 247.16 247.18 246.88 246.67 246.74 246.91 246.92 247.01 246.88 246.76 246.73 245.61 245.07 244.37 244.01 243.44 243.02 242.50 241.50 239.94 241.27 242.52 238.96 234.62 235.84 239.33 240.25 241.38 236.66 234.95 233.44 232.50 232.30 232.24 232.18 232.15 232.20 232.15 232.38 232.38 232.28 232.55 232.60 232.56 232.74 233.98 235.40 237.05 238.17 236.93 237.66 237.27 237.06 236.83 236.93 237.78 236.62 236.44 236.82 237.36 236.41 236.18 235.42 238.74 236.79 236.99 237.77 238.86 240.00 238.87 238.76 239.19 239.22 240.48 242.09 241.20 242.59 243.71 243.70 244.31 244.34 244.19 243.63 244.83 246.16 244.22 243.83 244.45 240.70 242.37 244.66 244.79 243.90 243.07 242.67 240.47 238.35 236.55 235.03 233.94 233.12 232.70 232.56 232.49 232.42 232.39 232.39 232.24 232.31 232.20 232.16 232.13 232.10 232.14 232.05 232.10 232.09 232.11 232.13 232.13 232.11 232.18 232.24 233.93 239.49 244.01 245.61 246.29 246.49 247.14 247.02 245.51 243.19 241.33 239.64 238.55 237.23 236.25 235.25 234.57 233.74 234.29 233.32 233.10 233.88 232.71
25°N ||     232.53 232.49 232.51 232.32 232.22 232.22 232.17 232.16 232.15 232.12 232.10 232.10 232.10 232.10 232.09 232.74 235.66 237.22 236.79 237.75 235.33 236.04 236.16 236.27 238.37 240.70 243.72 243.07 244.58 245.68 246.37 246.67 246.97 247.12 247.17 247.22 247.21 246.75 246.69 246.92 246.86 246.89 246.85 247.08 246.46 245.55 244.79 244.46 244.22 243.91 244.36 243.21 242.99 239.16 243.13 242.90 242.57 242.79 238.27 234.21 233.87 238.52 235.78 233.01 232.54 232.25 232.18 232.17 232.13 232.10 232.11 232.13 232.17 232.22 232.46 232.34 232.36 232.30 232.21 233.03 233.66 236.06 236.66 235.74 235.86 236.50 236.11 236.46 236.33 237.39 236.69 235.55 236.48 236.40 236.33 235.39 235.91 236.67 237.25 236.76 239.07 238.83 238.05 238.78 239.36 237.40 238.14 240.74 239.57 240.26 242.30 241.34 241.74 241.63 240.10 243.98 243.15 245.45 244.72 245.94 245.21 245.39 245.20 244.69 244.60 244.26 244.49 244.30 242.25 243.23 239.10 236.44 236.53 234.77 233.02 232.58 232.47 232.30 232.25 232.21 232.14 232.11 232.07 232.02 231.98 231.94 231.92 231.91 231.91 231.93 231.95 231.97 231.96 231.98 232.02 232.06 232.16 232.32 236.86 242.22 245.76 246.34 247.17 244.66 247.20 245.75 243.07 240.98 239.75 238.32 236.47 236.44 235.02 234.25 233.35 233.27 233.05 233.17 232.75 232.64
27°N ||     232.37 232.32 232.29 232.34 232.16 232.27 232.11 232.09 232.09 232.09 232.09 232.09 232.09 232.09 232.09 232.51 235.05 237.11 236.74 237.02 237.35 236.84 240.03 238.96 238.79 240.08 241.43 244.14 245.23 245.92 246.52 246.81 247.01 247.14 247.22 247.22 247.21 246.62 246.42 246.79 246.67 246.69 246.67 247.11 246.76 245.61 244.99 244.67 244.45 244.81 245.34 245.07 242.71 241.40 239.57 238.21 238.69 236.87 236.18 233.54 235.71 239.52 232.58 232.38 232.26 232.21 232.22 232.15 232.09 232.08 232.21 232.11 232.10 232.15 232.32 232.13 232.26 232.20 232.15 232.17 233.06 233.79 234.44 234.80 234.62 235.64 236.40 236.78 236.32 236.25 236.05 235.84 236.26 236.54 236.07 236.80 235.76 236.16 237.81 238.97 235.83 239.46 238.15 238.05 241.09 236.38 242.54 240.04 239.50 240.86 241.02 240.57 240.86 241.19 241.82 241.15 241.64 238.90 243.18 244.46 243.61 240.84 244.73 243.90 243.22 245.23 245.70 243.45 240.88 242.91 238.64 237.26 235.31 233.35 232.63 232.37 232.21 232.19 232.14 232.07 232.03 231.97 231.94 231.89 231.86 231.85 231.85 231.85 231.85 231.87 231.88 231.88 231.90 231.94 231.99 232.03 232.12 232.25 233.28 241.39 244.92 246.11 246.88 247.15 246.85 244.13 241.53 240.05 239.11 237.81 237.36 235.09 234.38 233.74 233.17 232.90 232.89 232.80 232.62 232.45
29°N ||     232.23 232.20 232.15 232.12 232.08 232.09 232.07 232.05 232.05 232.06 232.06 232.05 232.06 232.17 232.07 232.10 232.75 235.77 237.74 237.53 237.45 237.22 240.19 240.77 237.77 239.36 243.06 244.50 245.45 246.17 246.60 246.88 247.02 247.15 247.17 247.21 247.11 246.61 246.48 246.67 246.39 246.34 246.39 246.26 245.96 245.56 244.92 244.53 244.56 245.51 245.31 244.67 244.58 241.27 240.77 240.07 239.94 237.31 236.59 235.06 235.35 233.77 232.73 233.10 233.78 232.38 232.28 232.18 232.09 232.06 232.09 232.04 232.06 232.03 232.05 232.08 232.13 232.10 232.07 232.05 232.07 232.82 233.31 233.92 233.69 235.19 235.92 231.91 235.76 236.18 235.55 234.64 235.72 235.76 236.88 236.47 235.79 235.94 237.53 237.59 238.51 237.80 238.21 237.90 239.50 240.35 241.89 240.94 240.59 241.98 240.72 241.00 239.57 237.82 238.25 238.38 240.76 243.21 243.57 243.79 242.85 243.92 244.38 243.91 244.44 242.76 239.20 237.50 237.77 236.71 235.89 234.82 233.13 232.69 232.43 232.19 232.14 232.07 231.99 231.94 231.90 231.87 231.84 231.83 231.83 231.83 231.83 231.83 231.83 231.84 231.84 231.86 231.88 231.92 231.95 231.98 232.04 232.11 232.53 236.79 241.56 244.15 245.60 245.70 244.44 241.13 239.80 239.07 238.38 237.49 235.58 234.62 233.69 233.16 232.81 232.60 232.57 232.53 232.35 232.27
31°N ||     232.08 232.12 232.06 232.05 232.05 232.05 232.04 232.01 232.01 232.03 232.04 232.03 232.03 232.04 232.05 232.06 232.39 233.22 234.08 234.32 235.31 235.93 237.76 238.00 236.71 242.43 243.71 244.72 245.79 246.27 246.67 246.68 247.05 247.14 247.21 247.20 247.09 246.55 246.52 246.52 246.29 246.14 245.92 245.91 245.68 245.37 244.97 244.42 244.70 245.92 244.70 244.35 244.14 243.19 242.71 242.02 240.76 240.35 239.14 235.52 236.74 234.08 233.40 233.00 232.57 232.52 232.30 232.21 232.18 232.05 232.03 232.03 232.00 231.97 231.99 231.94 232.05 232.02 231.99 232.03 232.04 232.12 232.50 232.41 232.91 233.70 234.97 236.15 235.29 234.84 234.63 235.20 235.74 236.23 234.11 235.39 236.35 237.41 237.84 236.50 238.57 238.31 237.43 237.54 238.93 239.26 241.29 241.14 240.44 241.29 241.64 241.82 239.57 238.45 238.90 238.96 241.43 243.05 242.25 241.94 242.47 239.34 243.65 244.10 242.21 243.14 240.66 236.62 237.20 235.91 234.57 233.08 232.87 232.45 232.28 232.15 232.05 231.96 231.89 231.86 231.84 231.83 231.86 231.83 231.83 231.84 231.83 231.83 231.83 231.83 231.83 231.84 231.86 231.88 231.88 231.91 231.95 232.00 232.22 232.82 236.30 238.70 240.05 240.36 240.66 242.37 238.08 238.02 237.50 236.74 238.44 232.28 232.97 235.36 232.46 233.04 232.32 232.28 232.25 232.12
33°N ||     232.00 232.40 232.05 232.05 232.00 232.02 232.01 231.99 232.01 232.00 232.00 232.00 232.00 232.01 231.99 232.01 232.03 232.33 233.29 236.21 235.45 235.55 235.15 235.81 240.56 243.21 244.13 245.08 245.48 246.50 246.78 246.96 247.12 247.20 247.22 247.21 247.12 246.67 246.36 246.25 246.05 245.81 245.70 245.57 245.77 245.41 245.42 245.66 245.73 245.47 244.72 243.97 243.82 244.03 242.99 241.40 240.54 240.06 240.25 239.79 239.96 239.81 236.84 233.08 233.04 232.31 232.21 232.18 232.14 232.06 232.00 231.93 231.93 231.93 231.94 231.90 231.92 231.91 231.92 231.99 231.94 231.95 232.06 232.30 232.72 233.29 234.22 235.12 233.95 234.83 235.03 236.61 235.31 235.39 235.44 236.34 235.99 237.48 236.40 236.14 239.06 239.35 238.06 239.95 236.19 240.75 240.27 241.65 240.50 242.69 243.42 242.57 240.55 239.69 240.38 241.73 241.87 240.99 242.15 239.52 240.05 239.38 239.80 242.61 241.07 238.48 238.20 236.21 235.16 233.67 233.24 232.71 232.50 232.30 232.16 232.05 231.95 231.87 231.84 231.83 231.83 231.83 231.83 231.84 231.86 231.84 231.84 231.83 231.83 231.83 231.83 231.83 231.84 231.86 231.89 231.86 231.87 231.91 231.96 232.03 232.20 232.51 232.77 233.65 235.62 238.59 235.01 236.16 236.56 235.59 235.21 233.04 232.56 232.46 232.29 232.21 232.17 232.10 232.06 232.02
35°N ||     231.95 231.98 231.98 232.00 231.98 231.99 231.98 231.99 231.99 231.98 231.97 231.98 231.98 231.99 231.97 232.00 231.98 232.02 232.59 240.39 236.91 235.86 236.62 239.68 243.86 243.25 244.21 245.15 246.01 246.66 247.00 247.18 247.21 247.19 247.17 247.15 247.21 247.18 246.70 246.03 245.71 245.57 245.44 245.50 246.41 246.23 245.16 244.70 245.36 245.59 244.74 244.94 245.36 244.96 243.60 241.47 240.33 239.58 239.44 239.14 238.97 239.27 237.01 233.24 232.40 232.26 232.19 232.18 232.10 232.04 232.01 231.91 231.94 231.90 231.89 231.87 231.87 231.85 231.87 231.90 231.91 231.93 231.93 232.29 232.50 232.96 233.18 233.48 234.12 233.90 235.97 235.69 235.49 234.73 233.70 236.54 236.25 236.88 236.08 236.98 237.05 237.42 237.67 238.13 238.39 240.08 241.07 237.98 241.27 243.27 240.20 242.88 242.61 243.04 243.45 243.69 242.74 241.91 241.29 238.39 238.10 238.57 235.41 236.44 237.24 235.69 235.57 235.07 233.95 233.29 232.80 232.48 232.36 232.18 232.09 231.96 231.90 231.85 231.83 231.83 231.83 231.84 231.85 231.87 231.88 231.87 231.85 231.85 231.84 231.83 231.83 231.86 231.83 231.84 231.85 231.85 231.86 231.88 231.89 231.92 231.96 232.05 232.10 232.14 232.32 232.46 232.89 234.02 234.80 234.54 234.49 233.25 233.36 232.33 232.23 232.17 232.09 232.00 231.96 231.94
37°N ||     231.92 231.96 231.95 231.99 231.96 231.97 231.96 231.96 231.98 231.97 231.96 231.96 231.97 231.98 232.00 232.01 232.02 232.06 232.09 236.50 236.63 237.25 238.89 240.82 242.89 243.04 244.13 245.08 245.90 246.87 247.20 247.17 247.00 246.84 246.83 246.97 247.08 247.11 247.21 246.80 245.85 245.19 245.09 245.17 245.39 245.70 245.41 245.10 244.77 243.76 245.39 245.67 245.92 246.17 245.06 243.02 240.57 239.83 239.56 239.68 239.11 239.51 235.56 232.90 232.41 232.27 232.19 232.13 232.09 232.00 231.97 231.92 231.91 231.87 231.86 231.84 231.83 231.84 231.84 231.85 231.85 231.86 231.88 231.89 231.98 232.07 232.10 232.25 232.64 232.31 234.07 234.70 235.62 235.81 234.94 235.70 235.52 234.69 236.50 235.31 236.12 235.06 236.82 234.88 236.17 236.47 238.68 239.77 240.63 242.19 242.85 243.27 243.30 244.01 243.99 243.98 243.38 240.80 235.19 236.50 237.39 238.52 237.43 238.15 235.58 234.98 234.63 234.40 233.16 232.88 232.55 232.31 232.20 232.12 231.97 231.90 231.87 231.83 231.83 231.84 231.84 231.86 231.88 231.89 231.89 231.90 231.89 231.87 231.86 231.84 231.84 231.83 231.83 231.83 231.83 231.83 231.83 231.86 231.86 231.89 231.95 231.98 232.10 232.17 232.36 232.43 232.73 233.16 233.58 233.62 233.90 233.04 233.45 232.21 232.18 232.11 232.00 231.98 231.94 231.93
39°N ||     231.93 231.94 231.93 231.96 232.14 231.95 231.95 232.05 231.95 231.96 231.97 231.97 231.99 231.99 232.01 232.03 232.03 232.01 232.12 232.58 238.45 239.29 237.87 240.38 240.56 242.72 243.62 244.60 246.15 247.12 247.16 246.83 246.52 246.47 246.30 246.43 246.94 247.02 247.12 247.17 246.35 245.11 244.75 244.87 245.41 245.29 245.63 246.65 245.25 245.10 245.15 245.43 246.14 246.47 246.05 244.56 242.14 240.90 240.12 240.23 237.96 237.67 237.37 233.91 232.38 232.21 232.17 232.14 232.04 231.98 231.92 231.89 231.88 231.84 231.83 231.83 231.83 231.83 231.83 231.85 231.84 231.84 231.84 231.85 231.88 232.05 231.96 232.07 232.37 232.45 232.73 233.51 233.55 233.84 234.02 235.04 235.73 236.00 234.29 235.00 234.96 232.40 234.93 236.90 233.71 237.50 238.22 238.55 239.48 239.33 240.99 242.82 237.95 243.58 243.44 241.83 242.75 241.63 235.75 235.46 235.32 235.41 235.23 234.62 234.45 234.10 233.70 233.14 232.95 232.59 232.38 232.20 232.15 232.00 231.93 231.87 231.84 231.83 231.83 231.83 231.88 231.90 231.91 231.91 231.91 231.91 231.90 231.89 231.87 231.89 231.86 231.85 231.84 231.83 231.83 231.83 231.83 231.84 231.90 231.88 231.93 231.97 232.05 232.17 232.35 232.36 232.54 232.73 232.85 233.05 233.21 234.22 237.67 232.17 232.13 232.11 232.00 231.95 231.93 231.94
41°N ||     231.93 231.92 231.92 231.92 231.93 231.94 231.96 231.94 231.95 231.96 231.96 231.96 231.98 231.97 232.01 232.00 232.03 232.17 232.26 232.57 233.49 234.95 236.77 238.11 239.88 241.47 242.51 244.39 246.26 247.17 247.07 246.76 246.63 246.59 246.22 246.42 246.88 247.06 247.17 247.09 246.13 244.91 244.69 244.81 245.83 245.11 245.49 246.11 245.61 245.81 245.79 246.04 246.05 245.82 245.38 244.92 243.19 241.06 240.93 241.22 239.41 237.55 237.41 234.47 232.59 232.15 232.10 232.16 232.01 231.95 231.91 231.86 231.85 231.83 231.83 231.83 231.83 231.83 231.83 231.83 231.83 231.83 231.83 231.83 231.84 231.85 231.90 231.92 232.04 232.02 232.43 232.08 232.33 232.69 232.64 233.52 234.35 233.20 235.29 234.38 232.26 232.25 232.32 235.88 234.34 238.64 239.42 237.22 236.94 238.01 239.30 238.18 234.70 235.57 239.97 238.58 234.76 239.67 234.95 235.45 235.10 235.16 233.81 233.62 233.27 233.57 233.07 232.99 232.60 232.33 232.24 232.19 232.07 231.98 231.88 231.85 231.83 231.83 231.85 231.86 231.88 231.91 231.92 231.92 231.91 231.91 231.91 231.90 231.90 231.88 231.87 231.87 231.87 231.85 231.84 231.83 231.83 231.83 231.84 231.86 231.91 231.99 232.04 232.14 232.30 232.30 232.37 232.49 232.50 232.77 235.03 233.82 235.03 232.29 232.14 232.05 232.03 231.95 231.95 231.92
43°N ||     231.93 231.91 231.91 231.92 231.93 231.93 231.94 231.95 231.95 231.95 231.96 231.94 231.96 231.95 232.00 232.01 232.08 232.18 232.45 233.05 233.94 235.04 236.39 237.64 238.97 240.15 241.70 243.03 245.28 246.76 247.21 247.05 246.89 246.83 246.78 246.84 247.04 247.14 246.96 245.76 244.35 243.79 244.32 244.46 244.38 245.53 245.00 246.22 245.70 245.66 245.86 245.60 246.48 245.76 244.34 244.73 244.15 242.03 240.69 238.77 238.97 238.63 237.38 234.43 232.61 232.11 232.02 231.99 231.95 231.91 231.86 231.84 231.83 231.83 231.87 231.83 231.84 231.83 231.84 231.84 231.83 231.83 231.83 231.83 231.83 231.84 231.84 231.90 231.91 231.90 231.95 232.00 232.01 232.11 232.30 232.80 233.10 233.58 232.65 232.37 232.18 232.29 233.53 232.42 233.52 232.44 232.79 232.48 238.59 239.10 240.04 234.61 239.14 240.57 234.13 233.88 234.59 235.21 235.01 234.22 234.02 233.97 232.90 232.74 232.99 232.99 232.90 232.49 232.30 232.24 232.29 232.08 232.06 231.95 231.88 231.83 231.83 231.83 231.85 231.87 231.90 231.91 231.90 231.88 231.92 231.90 231.90 231.88 231.91 231.86 231.87 231.86 231.85 231.85 231.85 231.83 231.83 231.83 231.85 231.86 231.91 231.99 232.11 232.15 232.22 232.28 232.39 232.35 232.37 232.64 233.19 233.92 235.93 232.36 232.07 232.07 231.97 231.96 231.93 231.91
45°N ||     231.90 231.90 231.91 231.91 231.91 231.92 231.93 231.95 231.95 231.94 231.94 231.96 231.97 231.98 232.00 232.06 232.17 232.35 232.70 233.20 234.18 235.19 236.23 237.07 237.76 238.63 239.77 241.25 243.33 245.43 246.34 246.78 246.87 247.16 247.04 247.00 247.14 247.05 246.27 244.90 243.72 243.12 243.17 242.78 242.19 241.52 241.21 242.26 244.83 245.91 246.48 245.86 244.36 244.54 244.47 243.47 240.60 241.58 240.66 238.34 237.42 235.77 234.69 233.41 232.56 232.06 232.02 231.94 231.90 231.86 231.85 231.83 231.83 231.83 231.83 231.85 231.84 231.85 231.86 231.86 231.84 231.84 231.84 231.83 231.83 231.83 231.85 231.83 231.84 231.88 231.90 231.87 231.94 232.00 232.02 232.07 232.43 232.65 232.21 232.30 232.88 233.37 233.93 232.36 233.12 232.45 232.38 232.35 234.07 235.15 237.23 234.03 235.07 235.70 233.86 234.81 235.69 234.06 233.85 233.49 233.64 233.05 232.85 232.60 232.59 232.48 232.44 232.41 232.24 232.18 232.11 232.09 231.96 231.91 231.84 231.83 231.83 231.84 231.85 231.87 231.89 231.92 231.91 231.92 231.91 231.89 231.90 231.90 231.89 231.89 231.87 231.88 231.87 231.84 231.85 231.84 231.83 231.83 231.86 231.89 231.93 232.04 232.13 232.17 232.19 232.22 232.24 232.25 232.26 232.34 232.48 232.97 234.58 232.23 232.23 232.15 232.01 231.92 231.92 231.90
47°N ||     231.90 231.90 231.90 231.92 231.92 231.92 231.94 231.93 231.96 231.92 231.93 231.95 231.95 231.99 232.06 232.09 232.28 232.47 232.79 233.23 234.20 234.79 235.48 235.98 236.64 237.34 238.32 238.90 240.09 241.61 242.91 243.37 243.34 243.48 245.84 246.18 245.09 244.31 244.09 243.92 243.31 242.94 243.04 242.76 241.93 241.08 241.05 241.27 244.60 245.82 244.72 243.32 240.48 242.24 241.67 238.82 240.29 236.03 240.42 238.70 236.90 235.08 233.42 232.52 232.15 232.01 231.95 231.91 231.85 231.84 231.83 231.83 231.83 231.84 231.84 231.84 231.83 231.83 231.86 231.86 231.85 231.86 231.85 231.84 231.83 231.83 231.83 231.83 231.83 231.83 231.85 231.85 231.86 231.88 231.96 231.95 232.03 232.10 232.10 232.08 232.16 232.28 232.07 232.28 232.74 232.33 233.11 232.77 232.43 233.40 234.08 233.29 233.40 232.96 232.89 235.29 233.80 233.46 233.20 232.87 232.85 232.70 232.46 232.61 232.36 232.34 232.33 232.30 232.19 232.15 232.03 231.99 231.92 231.88 231.83 231.83 231.83 231.84 231.85 231.87 231.89 231.91 231.91 231.90 231.91 231.90 231.89 231.89 231.88 231.89 231.89 231.88 231.86 231.86 231.86 231.84 231.83 231.83 231.85 232.22 232.07 231.96 232.06 232.08 232.12 232.15 232.15 232.20 232.19 232.21 232.25 232.41 232.34 232.27 232.19 232.04 232.01 231.94 231.93 231.90
49°N ||     231.89 231.90 231.90 231.92 231.91 231.91 231.92 231.92 231.93 231.93 231.93 231.96 231.97 232.03 232.10 232.20 232.39 232.54 232.79 233.17 233.71 234.09 234.67 235.25 236.15 236.72 237.09 237.61 238.02 238.62 239.18 239.75 240.23 240.65 241.25 241.03 240.84 241.00 242.14 242.80 242.91 242.33 242.45 243.40 242.77 241.97 241.82 241.76 239.01 244.41 234.84 233.56 233.09 234.82 234.95 238.64 238.35 238.23 235.60 237.88 235.11 233.62 232.58 232.20 232.15 231.94 231.88 231.85 231.84 231.83 231.83 231.83 231.84 231.84 231.84 231.84 231.85 231.86 231.87 231.87 231.87 231.86 231.86 231.85 231.85 231.84 231.84 231.83 231.83 231.83 231.83 231.84 231.86 231.88 231.91 231.90 231.96 231.95 231.95 231.98 232.14 232.03 232.27 232.30 232.00 232.21 232.64 232.26 232.37 232.74 232.96 232.75 232.88 233.01 233.49 232.72 232.81 232.70 232.59 232.65 232.62 232.53 232.37 232.39 232.39 232.30 232.33 232.24 232.18 232.09 232.00 231.94 231.89 231.85 231.83 231.83 231.83 231.84 231.84 231.86 231.88 231.89 231.90 231.90 231.89 231.90 231.89 231.89 231.88 231.86 231.89 231.87 231.85 231.84 231.84 231.83 231.83 231.84 231.85 232.27 232.27 231.94 232.01 232.03 232.04 232.07 232.06 232.09 232.16 232.12 232.17 232.16 232.65 232.46 232.00 232.02 232.02 231.92 231.88 231.91
51°N ||     231.89 231.89 231.90 231.90 231.90 231.90 231.93 231.93 231.92 231.93 231.95 231.99 232.02 232.07 232.15 232.27 232.45 232.69 232.90 233.18 234.06 233.92 234.41 235.13 235.41 235.92 236.39 236.77 237.21 237.48 237.98 238.53 239.13 239.45 239.41 239.31 239.88 240.17 241.11 241.88 242.21 242.10 241.89 241.61 242.02 241.07 239.75 238.03 235.16 234.19 233.48 233.09 232.73 232.57 232.56 233.73 236.90 237.57 236.33 233.89 233.14 232.50 232.21 231.97 231.95 231.90 231.86 231.84 231.83 231.83 231.83 231.84 231.85 231.85 231.86 231.86 231.87 231.85 231.90 231.91 231.87 231.87 231.88 231.84 231.86 231.85 231.83 231.83 231.83 231.83 231.83 231.83 231.83 231.84 231.86 231.87 231.89 231.96 231.94 231.95 231.96 231.97 232.26 231.98 231.74 232.07 233.09 232.26 232.32 232.47 232.48 232.51 232.52 232.47 232.36 232.51 232.45 232.49 232.40 232.37 232.39 232.33 232.38 232.36 232.30 232.29 232.32 232.21 232.16 232.09 232.02 231.94 231.88 231.85 231.83 231.83 231.83 231.84 231.85 231.86 231.87 231.88 231.90 231.90 231.90 231.90 231.88 231.89 231.89 231.88 231.87 231.86 231.85 231.83 231.83 231.83 231.83 231.84 231.85 231.87 231.90 231.93 231.95 232.00 232.01 232.01 232.05 232.03 232.08 232.09 232.11 232.09 232.16 232.02 232.01 232.06 232.00 231.92 231.88 231.88
53°N ||     231.90 231.90 231.89 231.89 231.89 231.90 231.91 231.93 231.94 231.98 231.97 231.99 232.06 232.12 232.23 232.43 232.79 232.74 232.84 233.09 233.32 233.54 234.03 234.39 234.84 235.22 235.68 236.18 236.41 236.90 237.28 237.48 237.97 238.17 238.09 238.20 238.28 238.96 239.93 240.67 241.17 241.23 240.95 240.59 239.66 238.37 237.49 236.16 234.89 233.71 233.09 232.82 232.64 232.49 232.39 232.30 233.98 233.71 234.67 232.57 232.04 231.97 231.93 231.90 231.87 231.85 231.83 231.83 231.83 231.83 231.85 231.86 231.86 231.87 231.88 231.89 231.89 231.88 231.90 231.89 231.88 231.89 231.88 231.88 231.87 231.89 231.87 231.85 231.84 231.83 231.83 231.83 231.83 231.83 231.84 231.86 231.86 231.91 231.89 231.90 231.96 231.96 232.02 232.10 232.37 232.35 232.37 232.16 232.26 232.21 232.28 232.28 232.36 232.29 232.29 232.32 232.25 232.19 232.29 232.22 232.27 232.30 232.39 232.33 232.29 232.34 232.34 232.22 232.17 232.12 232.01 231.93 231.89 231.86 231.86 231.83 231.83 231.83 231.83 231.84 231.84 231.85 231.85 231.87 231.87 231.88 231.87 231.87 231.85 231.85 231.85 231.85 231.83 231.83 231.83 231.83 231.83 231.84 231.85 231.87 231.89 231.92 231.95 231.96 231.97 231.99 231.98 232.00 232.14 232.08 232.11 232.04 232.06 232.06 232.03 231.96 231.91 231.91 231.88 231.88
55°N ||     231.87 231.87 231.89 231.93 231.91 231.95 231.94 231.93 231.95 231.97 231.98 232.03 232.06 232.14 232.18 232.39 231.92 233.00 232.77 232.88 233.05 233.29 233.49 233.65 234.18 234.62 235.01 235.53 235.96 236.22 236.51 236.59 236.89 236.80 236.96 236.86 237.29 237.59 238.01 238.65 239.37 239.40 239.80 239.52 238.79 237.53 236.18 234.14 233.27 232.83 232.68 232.63 232.65 232.41 232.29 232.17 232.09 232.05 231.95 231.91 231.88 231.86 231.84 231.83 231.83 231.83 231.83 231.84 231.84 231.85 231.87 231.88 231.88 231.89 231.90 231.89 231.90 231.90 231.91 231.92 231.88 231.89 231.90 231.88 231.90 231.88 231.86 231.85 231.84 231.84 231.83 231.83 231.83 231.83 231.84 231.84 231.84 231.85 231.87 231.88 231.90 231.92 231.97 231.97 231.99 232.06 232.11 232.10 232.10 232.15 232.15 232.15 232.19 232.13 232.19 232.12 232.06 232.08 232.09 232.12 232.22 232.25 232.29 232.32 232.38 232.36 232.22 232.15 232.15 232.11 232.02 231.95 231.91 231.90 231.86 231.84 231.83 231.83 231.83 231.83 231.83 231.83 231.83 231.84 231.84 231.84 231.84 231.84 231.83 231.83 231.83 231.83 231.83 231.83 231.84 231.83 231.85 231.84 231.85 231.90 231.92 231.92 231.93 231.93 231.97 231.97 231.99 232.03 232.05 232.02 232.01 232.11 232.07 232.08 231.99 232.18 231.91 231.88 231.87 231.86
57°N ||     231.87 231.87 231.88 231.89 231.88 231.91 231.94 231.95 231.96 231.95 232.00 232.05 232.05 232.13 232.19 232.23 232.67 232.57 232.72 232.74 232.86 232.98 233.17 233.36 233.54 233.84 234.28 234.71 234.71 235.16 235.32 235.54 235.70 235.63 235.77 235.76 235.89 236.12 236.34 237.21 237.49 237.92 238.09 237.96 237.32 236.08 234.85 233.96 233.05 232.81 232.63 232.52 232.42 232.30 232.18 232.08 232.00 231.93 231.89 231.86 231.83 231.83 231.83 231.83 231.83 231.84 231.84 231.85 231.86 231.88 231.88 231.91 231.91 231.91 231.91 231.92 231.92 231.91 231.91 231.91 231.90 231.92 231.89 231.89 231.84 231.94 231.86 231.86 231.85 231.84 231.84 231.83 231.83 231.83 231.83 231.83 231.83 231.84 231.85 231.89 231.88 231.90 231.95 232.00 232.03 232.02 232.03 232.08 232.02 232.05 232.08 232.04 232.00 232.01 232.01 231.99 231.97 232.00 232.04 232.13 232.18 232.17 232.20 232.26 232.26 232.23 232.27 232.20 232.14 232.11 232.02 232.00 231.94 231.94 231.91 231.88 231.85 231.84 231.83 231.84 231.83 231.83 231.83 231.83 231.83 231.83 231.83 231.83 231.83 231.83 231.83 231.83 231.83 231.83 231.84 231.83 231.85 231.84 231.85 231.87 231.89 231.89 231.92 231.93 231.95 231.98 231.98 232.00 232.06 232.01 232.02 232.05 231.96 232.00 232.01 231.94 231.89 231.89 231.88 231.87
59°N ||     231.88 231.87 231.88 231.91 231.89 231.89 231.96 231.92 231.92 231.92 231.95 231.98 232.02 232.06 232.14 232.25 232.23 232.34 232.42 232.51 232.61 232.74 232.93 233.08 233.09 233.18 233.26 233.45 233.61 233.83 233.96 234.28 234.45 234.34 234.07 234.36 234.39 234.37 234.89 235.47 235.75 235.96 235.94 235.22 234.83 233.91 233.42 233.08 232.77 232.60 232.48 232.31 232.25 232.16 232.06 232.00 231.93 231.89 231.85 231.83 231.83 231.85 231.84 231.85 231.85 231.86 231.87 231.88 231.88 231.88 231.90 231.90 231.91 231.92 231.92 231.92 231.92 231.93 231.94 231.93 231.91 231.91 231.91 231.90 231.89 231.89 231.88 231.88 231.86 231.84 231.83 231.84 231.83 231.83 231.83 231.83 231.83 231.83 231.85 231.86 231.88 231.89 231.90 231.91 231.91 231.93 231.99 231.99 231.98 231.96 231.94 231.93 231.93 231.93 231.96 231.94 231.94 231.94 232.02 232.06 232.07 232.11 232.19 232.17 232.23 232.22 232.25 232.20 232.15 232.13 232.06 232.07 231.97 231.92 231.93 231.98 231.90 231.88 231.89 231.85 231.84 231.86 231.84 231.83 231.83 231.84 231.83 231.83 231.83 231.83 231.83 231.83 231.83 231.84 231.84 231.84 231.84 231.85 231.85 231.87 231.86 231.89 231.90 231.93 231.94 231.97 232.04 232.03 232.05 232.02 232.00 231.99 231.96 231.97 231.95 231.93 231.90 231.89 231.91 231.89
61°N ||     231.89 231.88 231.89 231.88 231.89 231.88 231.90 231.92 231.91 231.95 231.97 231.96 231.99 232.04 232.09 232.13 232.19 232.24 232.30 232.40 232.49 232.53 232.60 232.67 232.78 232.81 232.91 232.99 233.05 233.07 233.08 233.16 233.11 233.11 233.18 233.24 233.29 233.24 233.34 233.11 233.49 233.52 233.51 233.38 233.29 233.13 232.98 232.77 232.53 232.40 232.35 232.15 232.06 232.00 231.95 231.90 231.87 231.84 231.83 231.83 231.83 231.85 231.85 231.86 231.87 231.90 231.86 231.90 231.90 231.91 231.92 231.90 231.92 231.94 231.95 231.95 231.94 231.94 231.93 231.93 231.92 231.92 231.91 231.92 231.90 231.89 231.88 231.87 231.86 231.85 231.84 231.84 231.83 231.83 231.83 231.83 231.83 231.83 231.84 231.85 231.86 231.87 231.89 231.89 231.90 231.90 231.94 231.91 231.92 231.90 231.90 231.90 231.89 231.89 231.92 231.90 231.92 231.93 231.94 232.02 231.98 232.00 232.22 232.12 232.14 232.18 232.23 232.26 232.22 232.15 232.14 232.11 232.07 232.40 232.07 231.97 231.96 231.97 231.91 231.89 231.88 231.93 231.86 231.86 231.86 231.88 231.86 231.87 231.85 231.85 231.86 231.85 231.86 231.87 231.85 231.85 231.86 231.86 231.86 231.88 231.89 231.88 231.90 231.91 231.92 232.00 231.96 231.97 232.01 231.99 232.01 231.97 231.95 231.96 231.92 231.92 231.93 231.89 231.90 231.92
63°N ||     231.87 231.90 231.90 231.98 231.89 231.88 231.88 231.88 231.89 231.90 231.91 231.95 231.95 232.00 232.01 232.03 232.07 232.10 232.20 232.30 232.52 232.33 232.37 232.42 232.46 232.49 232.56 232.54 232.55 232.62 232.63 232.69 232.71 232.76 232.82 232.87 232.89 232.86 232.87 232.90 232.92 232.86 232.85 232.77 232.66 232.59 232.49 232.43 232.28 232.18 232.06 232.00 231.94 231.89 231.85 231.84 231.83 231.83 231.83 231.83 231.84 231.85 231.87 231.89 231.89 231.90 231.92 231.92 231.91 231.91 231.93 231.92 231.93 231.93 231.94 231.95 231.94 231.92 231.92 231.93 231.92 231.92 231.90 231.89 231.89 231.85 231.86 231.85 231.85 231.85 231.84 231.83 231.83 231.83 231.83 231.84 231.84 231.83 231.84 231.85 231.85 231.86 231.87 231.87 231.87 231.88 231.88 231.88 231.88 231.89 231.88 231.88 231.87 231.88 231.89 231.90 231.90 231.93 231.91 231.93 231.96 231.98 231.99 232.03 232.07 232.10 232.16 232.18 232.20 232.20 232.19 232.15 232.11 232.11 232.07 232.01 231.99 231.99 231.95 232.01 231.92 231.99 231.92 231.90 231.93 231.89 231.89 231.89 231.88 231.88 231.89 231.88 231.86 231.87 231.87 231.88 231.87 231.88 231.87 231.87 231.88 231.89 231.89 231.90 231.94 231.92 231.92 231.92 231.99 231.96 231.96 231.94 231.98 231.93 231.90 231.89 231.90 231.89 231.88 231.88
65°N ||     231.87 231.85 231.87 231.85 231.85 231.86 231.87 231.86 231.92 231.89 231.91 231.91 231.90 231.91 231.95 231.97 231.99 232.01 232.08 232.04 232.07 232.13 232.15 232.17 232.20 232.22 232.31 232.28 232.30 232.32 232.36 232.41 232.42 232.46 232.51 232.58 232.58 232.57 232.62 232.63 232.63 232.56 232.49 232.42 232.33 232.26 232.21 232.13 232.08 232.02 231.97 231.95 231.88 231.84 231.83 231.83 231.83 231.85 231.86 231.86 231.87 231.89 231.89 231.89 231.91 231.92 231.92 231.91 231.92 231.93 231.91 231.91 231.93 231.93 231.93 231.93 231.93 231.92 231.92 231.92 231.92 231.91 231.90 231.86 231.70 230.63 231.91 231.84 231.85 231.84 231.84 231.83 231.83 231.83 231.83 231.83 231.83 231.83 231.83 231.84 231.85 231.85 231.85 231.88 231.86 231.89 231.89 231.88 231.88 231.88 231.87 231.87 231.86 231.88 231.91 231.91 231.88 231.91 231.92 231.90 231.91 231.93 231.94 232.02 232.02 232.11 232.09 232.14 232.15 232.24 232.17 232.18 232.18 232.16 232.11 232.12 232.08 232.06 232.10 232.03 231.99 232.00 231.97 231.96 231.99 231.94 231.94 231.93 231.94 231.93 231.91 231.91 231.91 231.90 231.96 231.89 231.90 231.88 231.88 231.88 231.91 231.91 231.88 231.88 231.91 231.88 231.88 231.93 231.90 231.93 231.89 231.90 231.91 231.90 231.90 231.88 231.91 231.90 231.91 231.94
67°N ||     231.85 231.85 231.84 231.85 231.85 231.84 231.86 231.85 231.84 231.85 231.88 231.87 231.86 231.89 231.88 231.90 231.90 231.91 231.92 231.92 231.99 231.96 232.02 232.05 232.06 232.13 232.06 232.08 232.13 232.15 232.16 232.22 232.21 232.27 232.24 232.35 232.36 232.37 232.39 232.37 232.34 232.30 232.22 232.19 232.14 232.08 232.02 231.96 231.92 231.89 231.86 231.84 231.83 231.83 231.84 231.85 231.88 231.90 231.92 231.94 231.94 231.94 231.92 231.92 231.92 231.92 231.91 231.92 231.93 231.92 231.92 231.92 231.92 231.93 231.93 231.92 231.91 231.90 231.92 231.91 231.91 231.90 231.87 231.86 231.86 231.85 231.84 231.84 231.84 231.84 231.83 231.83 231.83 231.83 231.83 231.83 231.83 231.83 231.84 231.85 231.86 231.85 231.86 231.88 231.87 231.87 231.87 231.88 231.89 231.92 231.91 231.87 231.86 231.87 231.88 231.88 231.91 231.89 231.89 231.90 231.91 231.95 231.93 231.95 231.98 232.00 232.01 232.08 232.13 232.14 232.18 232.23 232.22 232.22 232.28 232.16 232.15 232.13 232.37 232.09 232.06 232.02 232.01 232.04 232.02 232.01 232.10 231.97 231.98 231.96 231.97 231.93 231.93 231.92 231.91 231.91 231.91 231.90 231.90 231.88 231.92 231.92 231.91 231.89 231.90 231.90 231.87 231.87 231.87 231.88 231.87 231.88 231.86 231.87 231.89 231.88 231.88 231.85 231.86 231.85
69°N ||     231.86 231.84 231.83 231.84 231.84 231.83 231.84 231.83 231.85 231.83 231.84 231.84 231.85 231.84 231.87 231.89 231.88 231.86 231.86 231.88 231.87 231.88 231.89 231.90 231.93 231.94 232.10 231.96 231.96 232.04 231.97 232.06 232.04 232.10 232.16 232.20 232.18 232.19 232.18 232.17 232.16 232.09 232.05 232.01 231.98 231.93 231.88 231.85 231.83 231.83 231.83 231.83 231.83 231.84 231.85 231.87 231.88 231.89 231.91 231.91 231.91 231.92 231.91 231.91 231.90 231.91 231.91 231.91 231.91 231.92 231.92 231.91 231.93 231.92 231.90 231.91 231.91 231.89 231.90 231.89 231.88 231.87 231.88 231.86 231.85 231.85 231.84 231.83 231.83 231.83 231.83 231.83 231.83 231.83 231.83 231.84 231.84 231.84 231.84 231.84 231.85 231.85 231.85 231.87 231.87 231.85 231.86 231.87 231.87 231.87 231.93 231.91 231.88 231.89 231.88 231.89 231.90 231.89 231.90 231.93 231.95 231.93 231.94 231.94 231.99 232.00 232.01 232.02 232.04 232.07 232.10 232.16 232.16 232.21 232.25 232.30 232.25 232.17 232.13 232.15 232.13 232.13 232.10 232.10 232.09 232.09 232.07 232.04 232.04 232.05 232.01 232.04 232.00 231.96 231.94 231.92 231.93 231.92 231.88 231.89 231.90 231.90 231.90 231.88 231.88 231.87 231.87 231.86 231.86 231.87 231.87 231.86 231.85 231.85 231.84 231.84 231.85 231.84 231.85 231.85
71°N ||     231.83 231.83 231.83 231.83 231.83 231.83 231.86 231.84 231.83 231.83 231.84 231.83 231.83 231.84 231.83 231.83 231.83 231.83 231.83 231.85 231.86 231.84 231.84 231.85 231.86 231.87 231.89 231.91 231.90 231.94 231.93 231.92 231.91 231.97 231.93 231.94 231.97 231.97 231.96 231.96 231.97 231.91 231.90 231.89 231.86 231.85 231.84 231.83 231.83 231.83 231.83 231.84 231.84 231.84 231.85 231.85 231.85 231.86 231.87 231.87 231.86 231.87 231.87 231.88 231.90 231.89 231.89 231.90 231.91 231.90 231.90 231.90 231.90 231.90 231.89 231.88 231.88 231.89 231.88 231.87 231.86 231.86 231.85 231.85 231.84 231.84 231.83 231.83 231.83 231.83 231.83 231.83 231.83 231.83 231.83 231.83 231.84 231.84 231.84 231.85 231.86 231.87 231.88 231.89 231.87 231.87 231.87 231.88 231.88 231.88 231.87 231.89 231.89 231.89 231.91 231.90 231.92 231.92 231.95 231.93 231.97 231.94 231.95 232.00 231.99 231.99 232.00 232.00 232.03 232.06 232.08 232.07 232.10 232.12 232.18 232.16 232.20 232.23 232.26 232.28 232.33 232.34 232.30 232.26 232.22 232.19 232.14 232.12 232.07 232.08 232.03 232.04 232.05 232.02 231.98 231.99 231.94 231.92 231.90 231.89 231.89 231.91 231.88 231.87 231.87 231.86 231.86 231.86 231.88 231.85 231.85 231.85 231.87 231.85 231.84 231.84 231.83 231.84 231.83 231.84
73°N ||     231.83 231.83 231.83 231.83 231.83 231.83 231.83 231.83 231.83 231.83 231.83 231.83 231.83 231.83 231.83 231.83 231.83 231.83 231.83 231.83 231.83 231.85 231.85 231.84 231.85 231.84 231.85 231.83 231.83 231.84 231.83 231.85 231.86 231.87 231.89 231.87 231.89 231.88 231.87 231.85 231.85 231.84 231.84 231.83 231.83 231.83 231.83 231.83 231.83 231.83 231.84 231.85 231.84 231.84 231.84 231.84 231.84 231.84 231.83 231.84 231.84 231.85 231.85 231.85 231.86 231.87 231.87 231.87 231.86 231.87 231.88 231.89 231.89 231.87 231.88 231.88 231.88 231.87 231.86 231.85 231.85 231.84 231.84 231.83 231.84 231.83 231.83 231.83 231.83 231.83 231.83 231.84 231.84 231.84 231.84 231.85 231.85 231.85 231.86 231.85 231.86 231.86 231.87 231.91 231.88 231.88 231.90 231.91 231.91 231.92 231.90 231.90 231.89 231.89 231.91 231.89 231.89 231.91 231.95 231.97 231.95 231.93 231.94 231.98 231.98 232.00 232.02 232.00 232.05 232.05 232.07 232.09 232.08 232.11 232.10 232.12 232.15 232.18 232.19 232.18 232.16 232.15 232.13 232.13 232.11 232.10 232.09 232.08 232.05 232.04 232.05 232.02 232.02 232.00 232.00 232.00 231.95 231.93 231.92 231.93 231.89 231.89 231.91 231.88 231.86 231.85 231.86 231.85 231.84 231.84 231.95 232.01 231.88 232.64 231.84 231.84 231.83 231.83 231.84 231.83
75°N ||     231.83 231.83 231.83 231.83 231.83 231.83 231.83 231.83 231.83 231.83 231.83 231.83 231.83 231.83 231.83 231.83 231.83 231.84 231.84 231.83 231.83 231.83 231.83 231.84 231.83 231.83 231.83 231.83 231.85 231.83 231.83 231.84 231.83 231.83 231.83 231.83 231.83 231.83 231.84 231.83 231.83 231.83 231.83 231.83 231.83 231.83 231.83 231.83 231.83 231.83 231.84 231.84 231.84 231.84 231.84 231.85 231.84 231.84 231.84 231.84 231.85 231.86 231.86 231.86 231.86 231.86 231.85 231.85 231.86 231.85 231.86 231.86 231.86 231.86 231.86 231.87 231.86 231.85 231.84 231.85 231.84 231.84 231.83 231.85 231.83 231.83 231.83 231.83 231.83 231.83 231.83 231.83 231.84 231.84 231.84 231.85 231.84 231.86 231.87 231.88 231.88 231.88 231.89 231.90 231.89 231.89 231.89 231.90 231.92 231.90 231.91 231.92 231.90 231.91 231.91 231.92 231.93 231.92 231.95 231.95 231.95 231.96 231.99 231.94 231.94 231.96 232.00 232.01 232.01 232.05 232.01 232.03 232.02 232.04 232.08 232.07 232.09 232.09 232.10 232.10 232.11 232.07 232.07 232.14 232.09 232.07 232.04 232.04 232.06 232.06 232.04 232.01 232.00 231.99 231.98 231.97 231.96 231.93 231.92 231.90 231.90 231.88 231.88 231.86 231.86 231.86 231.86 231.85 231.85 231.84 231.84 231.83 231.84 231.83 231.83 231.83 231.83 231.83 231.83 231.83
77°N ||     231.83 231.83 231.84 231.86 231.83 231.83 231.83 231.87 231.85 231.83 231.83 231.83 231.83 231.83 231.83 231.83 232.00 232.00 231.90 231.84 231.85 231.83 231.87 231.88 231.85 231.84 231.83 231.83 231.83 231.83 231.83 231.83 231.83 231.83 231.87 231.83 231.83 231.83 231.83 231.84 231.83 231.83 231.83 231.83 231.83 231.83 231.83 231.83 231.83 231.83 231.84 231.84 231.84 231.84 231.85 231.85 231.85 231.85 231.85 231.85 231.86 231.90 231.87 231.84 231.84 231.84 231.84 231.84 231.84 231.84 231.84 231.84 231.84 231.84 231.84 231.84 231.84 231.84 231.84 231.84 231.83 231.83 231.83 231.83 231.83 231.83 231.83 231.83 231.83 231.83 231.83 231.83 231.84 231.85 231.85 231.85 231.85 231.85 231.86 231.87 231.87 231.87 231.88 231.87 231.89 231.89 231.89 231.89 231.90 231.90 231.90 231.90 231.92 231.94 231.94 231.94 231.92 231.95 231.95 231.98 231.97 231.95 231.95 231.94 231.95 231.94 231.96 231.96 231.98 232.00 231.98 232.01 232.03 232.06 232.24 232.09 232.04 232.03 232.02 232.03 232.05 232.05 232.05 232.05 232.04 232.06 232.03 232.05 232.03 232.06 232.02 232.00 232.00 231.98 231.96 231.95 231.94 231.93 231.95 231.92 231.91 231.89 231.87 231.86 231.86 231.86 231.85 231.84 231.84 231.84 231.84 231.84 231.84 231.85 231.84 231.83 231.83 231.83 231.83 231.83
79°N ||     231.83 231.85 231.84 231.83 231.83 231.83 231.84 231.84 231.84 231.84 231.84 231.85 231.83 231.83 231.83 231.83 231.83 231.83 231.83 231.83 231.83 231.83 231.83 231.83 231.83 231.83 231.83 231.83 231.83 231.83 231.83 231.83 231.83 231.83 231.83 231.83 231.83 231.83 231.83 231.83 231.83 231.83 231.83 231.83 231.83 231.83 231.83 231.83 231.83 231.83 231.83 231.83 231.83 231.84 231.84 231.84 231.84 231.84 231.85 231.85 231.85 231.86 231.85 231.86 231.85 231.85 231.86 231.85 231.84 231.84 231.83 231.83 231.83 231.83 231.83 231.83 231.83 231.83 231.83 231.83 231.83 231.83 231.84 231.98 231.86 231.83 232.37 232.26 231.86 232.66 232.19 231.92 232.15 232.45 231.99 232.53 232.50 231.98 232.18 232.53 232.46 232.29 232.15 231.91 231.90 231.92 231.91 231.90 231.90 231.90 231.91 231.91 231.91 231.92 231.93 231.93 231.93 231.93 231.94 232.03 231.90 232.05 231.96 231.97 231.98 231.96 231.97 231.98 231.98 231.98 231.97 231.97 231.98 231.98 231.98 231.98 231.97 231.97 231.99 231.98 231.99 232.01 232.04 232.03 232.03 232.07 232.12 232.11 232.08 232.04 232.03 232.05 232.00 231.98 231.98 231.95 231.96 231.93 231.94 231.93 231.92 231.90 231.89 231.87 231.87 231.86 231.86 231.86 231.86 231.84 231.84 231.84 231.84 231.83 231.83 231.83 231.84 231.83 231.83 231.83
81°N ||     232.09 232.08 232.07 232.04 232.07 232.06 232.05 232.06 232.05 232.04 232.02 232.01 232.00 231.99 231.98 231.97 231.96 231.95 231.95 231.94 231.94 231.93 231.92 231.91 231.90 231.88 231.86 231.85 231.85 231.85 231.84 231.84 231.84 231.83 231.92 231.94 231.98 231.89 232.13 232.07 232.04 231.97 231.83 231.84 231.83 231.83 231.83 231.84 231.84 231.84 231.97 232.00 232.11 232.01 231.87 232.06 232.35 232.32 232.23 232.13 231.84 231.84 231.83 231.83 231.83 231.83 231.83 231.85 231.88 231.96 231.95 232.05 232.22 232.10 232.24 232.47 232.65 232.44 232.79 233.01 233.20 233.72 233.62 234.09 234.11 234.02 234.68 234.78 234.70 235.09 234.80 234.41 235.45 235.45 234.54 235.14 235.10 235.86 235.86 235.68 234.49 234.01 234.13 234.08 234.35 234.21 234.87 233.61 233.02 232.09 232.11 232.70 232.37 231.98 232.14 232.10 232.34 232.21 232.05 232.44 232.42 232.49 232.41 232.37 232.16 231.98 232.28 232.21 232.23 232.25 232.16 232.18 232.18 232.16 232.15 232.13 232.08 232.02 231.98 231.97 231.97 231.97 231.97 231.99 231.98 232.00 232.00 231.98 231.98 231.95 231.95 231.94 231.94 231.93 231.93 231.94 231.93 231.92 231.92 231.93 231.93 231.92 231.91 231.91 231.91 231.91 231.92 231.93 231.94 231.96 232.00 231.99 232.00 232.00 232.01 232.03 232.06 232.08 232.09 232.09
83°N ||     232.38 232.37 232.37 232.37 232.37 232.38 232.37 232.35 232.34 232.33 232.31 232.28 232.27 232.25 232.23 232.20 232.17 232.16 232.11 232.11 232.09 232.08 232.09 232.09 232.09 232.13 232.06 232.07 232.21 232.59 232.86 233.03 232.65 232.53 233.19 232.96 233.13 233.06 233.18 233.42 233.56 233.43 233.83 234.17 234.13 233.58 233.65 233.82 233.64 233.46 233.09 232.85 232.57 232.48 232.95 232.80 233.10 233.35 233.41 233.22 233.39 232.48 232.51 231.95 231.94 231.86 231.84 231.83 231.83 231.89 232.00 232.12 232.35 232.55 232.68 232.93 233.12 233.33 233.53 233.69 233.85 234.09 234.25 234.40 234.65 234.89 235.03 235.23 235.35 235.35 235.36 235.41 235.46 235.56 235.72 235.84 235.98 236.10 236.17 236.26 236.34 236.49 236.61 236.73 236.83 236.91 236.95 237.02 236.93 236.38 235.70 234.95 235.04 234.78 235.36 234.84 234.27 234.12 234.29 234.65 234.91 234.77 233.92 234.45 234.19 234.68 234.33 234.16 234.45 234.24 234.80 234.65 234.20 233.63 233.88 234.09 233.98 234.32 234.03 233.96 233.58 233.17 233.02 232.76 232.24 232.25 232.06 231.97 231.96 231.97 231.98 231.99 231.99 231.99 231.97 231.96 231.97 231.97 232.00 232.01 232.02 232.03 232.04 232.06 232.08 232.10 232.12 232.14 232.15 232.17 232.19 232.20 232.23 232.24 232.25 232.27 232.31 232.34 232.36 232.37
85°N ||     232.22 232.30 232.22 232.14 232.09 232.02 233.73 233.90 233.67 233.39 233.82 233.14 233.60 233.60 234.06 233.41 234.76 235.53 235.68 235.62 235.62 234.68 233.50 234.03 234.35 233.98 232.96 233.76 234.09 233.36 233.99 236.29 235.99 234.89 235.95 236.36 236.39 236.43 236.34 236.16 236.24 235.70 236.05 236.40 236.23 236.54 236.84 236.79 236.78 236.18 236.14 236.30 236.01 235.09 235.22 235.66 235.59 235.45 235.23 235.03 234.96 235.08 234.56 234.91 235.07 235.07 234.23 234.19 233.68 233.50 233.32 232.63 232.74 232.76 232.98 233.03 232.92 232.89 232.84 232.70 232.49 232.19 232.36 232.84 233.88 233.98 233.78 233.61 233.44 233.08 232.97 233.33 234.58 235.34 235.42 235.16 235.39 235.59 236.04 236.32 236.45 236.11 236.54 236.75 236.88 237.00 237.12 237.21 237.26 237.37 237.42 237.41 237.37 237.33 237.28 237.19 237.10 237.03 237.00 237.04 236.95 236.82 236.78 236.87 236.90 236.91 236.93 236.91 236.87 236.94 236.91 236.94 236.97 236.90 236.75 236.76 236.41 236.45 236.52 235.81 236.64 236.62 236.63 235.32 235.16 234.96 234.50 233.48 234.45 235.19 234.66 235.25 234.05 233.90 233.52 233.08 233.79 233.36 233.04 232.88 232.91 233.69 233.37 232.58 232.85 232.90 232.53 232.21 232.26 232.15 232.26 232.39 232.55 232.81 232.54 232.31 232.21 232.51 232.50 232.46
87°N ||     238.08 237.56 237.79 237.66 237.34 237.65 237.60 237.74 238.40 238.57 238.55 238.50 238.27 238.13 238.38 238.72 238.75 238.70 238.78 238.80 238.70 238.33 238.34 239.22 239.17 239.20 238.98 238.89 238.75 238.70 238.61 238.99 239.31 239.08 239.29 239.69 239.92 239.94 239.98 239.95 239.68 239.78 239.41 239.51 239.73 240.16 240.22 240.31 240.15 239.97 239.99 239.99 239.91 239.82 239.45 238.97 238.92 238.69 238.53 238.53 238.77 238.96 239.01 239.09 239.15 239.18 239.24 239.16 239.06 238.89 238.03 236.87 236.70 236.99 237.02 237.32 236.88 237.24 237.36 237.03 237.50 237.75 237.85 237.86 237.61 237.90 237.69 237.14 237.61 237.26 237.96 238.23 238.03 238.36 238.68 238.73 238.57 238.62 238.38 238.47 238.72 239.07 239.03 238.74 238.72 239.20 239.29 239.40 239.53 239.61 239.65 239.48 239.66 239.61 239.56 239.46 239.41 239.26 239.38 238.74 239.57 239.46 239.31 239.12 238.62 238.34 239.06 239.11 238.83 238.83 238.51 238.93 239.52 239.50 239.50 239.53 239.52 239.34 238.98 238.93 238.91 238.83 238.74 238.87 238.63 238.63 238.57 238.78 239.06 239.40 239.10 239.39 238.93 239.13 239.59 239.55 239.42 238.24 238.72 238.34 238.82 237.88 237.88 237.44 237.48 237.36 237.71 237.91 237.80 237.73 237.85 237.50 237.25 237.30 237.24 237.14 237.51 237.34 237.02 237.59
89°N ||     240.89 240.95 240.89 240.75 240.74 241.20 241.22 241.42 241.46 241.44 241.43 241.50 241.49 241.51 241.51 241.54 241.57 241.61 241.59 241.60 241.64 241.61 241.53 241.59 241.60 241.56 241.64 241.76 241.83 241.92 241.97 242.02 242.05 242.09 242.12 242.15 242.17 242.20 242.21 242.23 242.23 242.23 242.27 242.27 242.27 242.28 242.28 242.28 242.27 242.25 242.21 242.17 242.10 242.03 241.96 241.85 241.79 241.75 241.68 241.68 241.71 241.63 241.61 241.58 241.54 241.48 241.44 241.41 241.42 241.38 241.36 241.34 241.28 241.22 241.17 241.12 241.07 241.04 240.93 240.87 240.92 240.95 240.94 240.88 240.95 240.85 240.84 240.90 240.88 240.88 240.89 240.78 240.65 240.70 240.81 240.94 241.00 240.90 240.60 240.53 240.69 240.95 240.96 241.01 241.06 241.12 241.16 241.22 241.27 241.33 241.33 241.37 241.40 241.44 241.46 241.50 241.51 241.54 241.57 241.58 241.57 241.57 241.59 241.56 241.52 241.55 241.57 241.62 241.67 241.70 241.71 241.73 241.75 241.77 241.83 241.88 241.94 242.01 242.05 242.08 242.10 242.13 242.13 242.13 242.13 242.15 242.13 242.10 242.09 242.07 242.02 241.97 241.93 241.87 241.78 241.72 241.64 241.55 241.63 241.72 241.71 241.69 241.65 241.64 241.69 241.65 241.63 241.61 241.56 241.54 241.44 241.40 241.35 241.30 241.25 241.19 241.12 241.07 241.05 240.97
