East longitude (degrees): -179:2:179
North latitude (degrees): -89:2:89

Absorbed dose on Martian Surface (1E-6 Gy/day), 2D array where Absorbed dose(i,j)= value at latitude(i) and longitude(j).
230.42 230.44 230.47 230.47 230.47 230.47 230.47 230.48 230.49 230.51 230.57 230.60 230.59 230.61 230.68 230.71 230.74 230.77 230.78 230.75 230.72 230.76 230.77 230.75 230.73 230.72 230.70 230.71 230.73 230.72 230.74 230.77 230.76 230.75 230.77 230.75 230.73 230.71 230.69 230.66 230.65 230.62 230.59 230.58 230.57 230.57 230.57 230.57 230.57 230.56 230.55 230.55 230.53 230.53 230.53 230.53 230.49 230.48 230.47 230.47 230.46 230.45 230.45 230.44 230.44 230.46 230.46 230.40 230.38 230.38 230.35 230.35 230.35 230.35 230.33 230.32 230.31 230.31 230.30 230.30 230.29 230.30 230.31 230.30 230.31 230.31 230.31 230.31 230.31 230.31 230.32 230.33 230.34 230.34 230.34 230.35 230.34 230.35 230.35 230.35 230.34 230.34 230.34 230.33 230.34 230.34 230.35 230.35 230.36 230.36 230.36 230.35 230.34 230.35 230.37 230.39 230.38 230.38 230.39 230.40 230.40 230.41 230.42 230.43 230.45 230.46 230.46 230.47 230.49 230.49 230.50 230.51 230.51 230.52 230.52 230.53 230.53 230.53 230.53 230.54 230.52 230.52 230.51 230.49 230.50 230.50 230.49 230.48 230.46 230.45 230.45 230.44 230.44 230.42 230.41 230.40 230.39 230.39 230.38 230.39 230.38 230.38 230.38 230.37 230.36 230.36 230.36 230.37 230.37 230.38 230.38 230.39 230.40 230.40 230.40 230.41 230.41 230.41 230.41 230.42
231.04 231.05 231.03 231.04 231.04 231.06 231.07 231.07 231.07 231.06 231.06 231.06 231.05 231.02 231.01 231.01 231.01 231.02 231.02 231.01 231.01 231.02 231.04 231.05 231.04 231.04 231.04 231.02 231.03 231.00 231.04 231.05 231.02 231.01 231.01 231.01 231.01 231.00 231.01 231.00 230.99 231.01 231.00 230.99 230.99 230.98 230.98 230.96 230.95 230.94 230.90 230.94 230.88 230.80 230.81 230.78 230.74 230.69 230.66 230.65 230.72 230.51 230.54 230.42 230.39 230.38 230.35 230.33 230.32 230.30 230.28 230.26 230.29 230.28 230.14 230.11 230.07 230.02 230.00 230.10 229.93 229.82 229.81 229.76 229.74 229.75 229.76 229.78 229.80 229.81 229.84 229.84 229.85 229.85 229.85 230.08 230.02 230.13 230.05 230.17 230.16 230.17 230.21 230.22 230.24 230.29 230.32 230.39 230.44 230.46 230.39 230.39 230.41 230.42 230.43 230.43 230.45 230.47 230.51 230.51 230.54 230.57 230.57 230.59 230.63 230.62 230.62 230.66 230.69 230.68 230.71 230.71 230.72 230.74 230.79 230.84 230.87 230.91 230.89 230.83 230.78 230.77 230.76 230.75 230.73 230.73 230.70 230.60 230.59 230.58 230.58 230.58 230.60 230.60 230.60 230.60 230.63 230.67 230.71 230.71 230.74 230.76 230.79 230.81 230.84 230.87 230.90 230.92 230.96 230.97 231.01 231.01 231.02 231.02 231.01 230.99 230.94 230.98 231.04 231.07
230.93 230.93 230.94 230.94 230.95 230.94 230.95 230.96 230.96 230.96 230.96 230.96 230.97 230.98 230.97 230.95 230.95 230.98 230.98 230.98 230.98 230.98 230.99 230.99 230.99 230.99 231.00 231.02 231.03 231.05 231.06 231.07 231.07 231.07 231.06 231.07 231.05 231.07 231.07 231.07 231.07 231.05 231.05 231.05 231.08 231.08 231.07 231.07 231.06 231.05 231.05 231.04 231.04 231.04 231.07 231.07 231.02 231.00 231.01 231.03 231.05 230.83 230.79 230.81 230.85 230.88 230.81 230.85 230.85 230.70 230.75 230.71 230.58 230.54 230.56 230.45 230.59 230.70 230.81 230.67 230.59 230.56 230.59 230.59 230.62 230.58 230.56 230.50 230.51 230.55 230.50 230.50 230.55 230.54 230.54 230.54 230.55 230.57 230.59 230.62 230.61 230.67 230.78 230.87 230.85 230.84 230.83 230.84 230.83 230.85 230.87 230.89 230.91 230.93 230.86 230.87 230.89 230.90 230.89 230.87 230.87 230.88 230.89 230.92 230.95 230.97 230.97 230.96 230.96 230.94 230.93 230.92 230.91 230.91 230.92 230.95 231.06 230.93 230.75 230.86 231.06 231.07 231.05 231.08 231.03 230.98 230.95 230.93 230.94 230.96 230.93 230.93 230.95 230.98 231.01 231.03 231.03 231.04 231.03 231.03 231.03 231.00 230.97 230.95 230.94 230.96 230.98 230.99 231.02 231.04 231.01 231.03 231.02 231.01 230.99 230.98 230.97 230.97 230.94 230.93
230.96 230.96 230.97 230.97 230.98 230.98 230.98 230.98 230.99 230.99 231.00 231.00 231.01 231.01 231.01 231.01 231.02 231.02 231.03 231.03 231.04 231.04 231.05 231.05 231.06 231.07 231.07 231.07 231.08 231.08 231.08 231.07 231.07 231.07 231.07 231.08 231.08 231.08 231.08 231.08 231.07 231.07 231.07 231.07 231.07 231.08 231.07 231.03 231.02 231.02 231.04 231.03 231.05 231.05 231.04 231.05 231.05 230.99 230.97 230.94 231.06 231.01 231.04 231.06 230.97 231.05 231.05 231.05 230.93 231.04 230.95 230.86 230.76 230.75 230.84 230.93 230.91 230.92 230.92 230.87 230.88 230.91 230.96 230.95 230.94 230.97 231.00 231.00 230.99 230.99 231.05 231.06 231.04 230.85 231.05 231.06 231.07 231.08 231.07 231.08 231.05 231.06 231.07 231.04 231.07 231.07 231.06 231.07 231.08 231.08 231.08 231.07 231.05 231.03 230.99 230.94 231.07 231.07 231.07 231.08 231.08 231.04 231.06 231.05 231.06 231.06 231.06 231.05 231.04 231.05 231.05 231.06 231.07 231.06 231.06 230.95 230.55 230.63 230.61 230.63 230.61 231.07 231.08 231.07 231.07 231.07 231.07 231.08 231.08 231.08 231.08 231.08 231.07 231.07 231.06 231.04 231.03 231.03 231.05 231.04 230.97 230.87 230.83 230.95 230.98 230.98 230.90 230.88 230.87 230.87 230.90 230.95 231.00 231.02 231.01 230.97 230.94 230.94 230.94 230.95
231.03 231.04 231.04 231.05 231.02 231.03 231.04 231.05 231.06 231.06 231.07 231.07 231.07 231.07 231.07 231.07 231.07 231.08 231.08 231.08 231.08 231.08 231.08 231.07 231.07 231.07 231.06 231.05 231.05 231.04 231.03 230.99 231.01 231.00 230.96 230.97 231.04 231.03 231.03 231.03 230.98 231.02 231.07 231.06 231.06 231.08 231.07 231.07 231.05 231.07 231.06 231.07 231.04 230.65 230.62 230.57 230.49 230.86 230.55 230.64 230.84 230.80 230.75 230.78 230.78 230.81 230.78 230.77 230.82 230.87 230.81 230.89 230.97 230.96 230.95 230.94 230.96 230.97 230.97 230.96 230.64 230.99 231.03 231.04 231.05 231.04 231.05 231.04 231.05 231.05 231.05 231.04 231.05 231.08 231.08 231.05 230.88 230.64 230.94 230.94 231.06 231.08 231.08 231.08 231.04 231.00 230.96 230.85 230.87 230.92 230.98 230.87 230.83 230.75 230.76 230.70 230.67 230.61 230.63 230.63 230.65 230.60 230.64 230.71 230.71 230.57 230.93 230.91 230.88 230.84 230.80 230.62 230.58 230.50 230.46 230.49 230.51 230.88 231.08 231.06 231.06 231.06 231.05 231.07 231.07 231.08 231.08 231.08 231.07 231.07 231.06 231.03 230.99 231.06 231.04 230.97 230.93 231.00 231.06 231.02 230.79 230.78 231.00 231.04 230.99 230.95 230.89 231.02 231.01 230.96 230.96 231.00 231.02 231.04 231.01 231.01 231.03 231.03 231.00 231.01
231.06 231.07 231.07 231.08 231.08 231.07 231.08 231.08 231.08 231.07 231.08 231.07 231.07 231.07 231.06 231.04 231.05 230.94 231.07 230.98 231.05 231.04 231.05 230.86 230.61 231.07 230.92 230.61 230.84 230.80 230.83 230.83 230.85 230.84 230.81 230.80 230.80 230.80 230.85 230.87 230.87 230.94 230.59 230.51 231.02 230.99 230.99 231.03 231.03 230.75 230.49 230.95 230.42 230.69 230.63 230.47 230.20 231.02 230.72 230.92 230.60 230.77 231.03 230.88 230.87 230.68 230.65 230.71 230.73 230.75 230.78 230.77 230.78 230.77 230.79 230.81 230.79 230.76 230.79 230.90 230.86 230.76 230.91 230.93 230.92 230.79 230.95 230.89 230.96 230.95 230.93 230.97 230.99 231.05 231.03 231.03 230.95 231.04 231.07 231.04 231.05 230.99 230.98 230.95 230.92 230.81 230.90 230.85 230.95 230.82 231.00 230.90 230.97 230.97 231.05 231.06 230.84 230.72 230.53 230.48 230.42 230.43 230.41 230.43 230.38 230.42 230.46 230.41 230.43 230.38 230.45 230.47 230.38 230.40 230.40 230.40 230.32 230.30 230.38 230.38 230.38 230.33 230.60 230.85 230.75 230.96 231.08 231.08 231.08 231.08 231.08 231.08 230.96 230.13 230.36 230.97 231.00 230.85 231.07 231.07 231.03 231.07 231.05 231.03 231.02 231.04 231.02 231.05 231.05 231.04 231.04 231.05 231.05 231.02 231.01 231.03 231.05 231.06 231.06 231.06
231.00 231.02 231.07 231.07 231.08 231.03 231.04 230.97 230.99 230.98 230.98 230.98 230.83 230.91 230.94 230.93 230.87 230.88 230.83 230.88 230.92 230.89 230.92 230.84 230.90 230.84 230.71 230.66 230.76 230.70 230.72 230.70 230.70 230.70 230.71 230.70 230.72 230.70 230.72 230.72 230.73 230.71 230.76 230.84 230.88 230.96 231.07 230.78 231.07 231.02 230.63 230.84 230.89 231.01 231.03 230.99 230.92 230.88 230.86 230.89 230.75 230.62 230.71 230.70 230.56 230.53 230.56 230.53 230.53 230.56 230.60 230.61 230.65 230.64 230.67 230.68 230.69 230.76 230.87 230.86 230.90 230.96 230.97 231.02 230.95 230.86 230.93 230.91 230.99 230.95 230.94 230.96 231.04 231.06 231.07 231.08 231.00 230.94 231.07 230.53 230.24 229.99 229.92 230.97 230.88 230.93 230.92 230.83 230.94 230.80 230.91 230.90 230.97 230.70 230.46 230.64 230.95 230.99 231.07 231.08 231.08 231.04 231.00 231.06 230.79 230.75 230.64 230.66 230.73 230.84 231.02 230.50 230.27 230.97 230.77 230.60 230.35 230.44 230.59 230.59 230.88 230.87 230.85 230.58 230.27 230.32 230.50 230.60 230.84 230.86 230.89 231.03 230.91 230.84 230.81 231.03 231.07 231.07 231.06 231.07 231.06 231.05 231.05 231.06 231.07 231.06 231.08 231.08 231.08 231.08 231.08 231.08 231.06 231.08 231.08 231.08 231.06 231.05 231.03 231.06
230.94 230.90 230.97 230.93 230.95 231.00 230.95 230.37 230.87 230.89 230.19 229.64 230.72 230.73 230.73 230.65 230.79 230.72 230.72 230.82 230.82 230.65 230.67 230.55 230.66 230.61 230.57 230.55 230.57 230.60 230.60 230.61 230.58 230.61 230.83 230.66 230.66 230.67 230.69 230.70 230.73 230.76 230.76 230.75 230.73 230.69 230.74 230.80 230.89 230.94 230.84 231.04 231.06 230.97 230.74 230.70 230.77 230.52 230.38 230.35 230.31 230.34 230.39 230.44 230.47 230.48 230.51 230.67 230.48 230.57 230.73 230.82 230.83 230.91 230.93 230.90 230.94 230.86 230.94 230.93 230.90 230.85 230.79 230.92 230.75 230.88 230.89 230.80 230.89 230.89 230.93 231.02 231.04 230.97 230.92 230.91 230.91 230.91 230.88 230.92 230.99 230.95 230.95 230.96 230.84 230.82 230.82 230.86 230.91 230.95 230.98 231.02 231.07 230.91 231.04 231.05 231.04 231.06 231.07 231.07 231.07 231.07 231.02 230.93 230.98 230.52 230.11 231.06 231.04 231.04 231.00 230.73 230.81 230.92 230.93 230.96 230.86 231.06 231.04 230.97 230.94 231.06 230.07 230.25 230.13 230.95 230.62 230.82 230.50 230.23 230.40 230.48 230.55 230.53 230.38 231.01 231.04 231.03 231.03 231.03 231.02 231.05 231.04 231.05 231.00 231.06 231.07 231.08 231.07 231.08 231.08 231.07 231.07 231.04 231.05 231.03 231.00 231.02 231.00 230.99
230.02 230.94 230.57 230.56 230.68 230.86 230.19 230.57 230.57 230.57 230.84 230.99 229.65 230.89 230.72 230.59 230.63 230.63 230.68 230.76 230.85 230.97 230.25 231.02 230.96 230.39 230.66 230.67 230.66 230.62 230.60 230.60 230.47 230.78 230.77 230.94 230.86 230.64 230.72 230.69 230.69 230.67 230.73 230.70 230.67 230.68 230.67 230.82 230.22 228.72 228.76 228.34 228.48 230.70 230.38 230.40 230.22 230.16 230.13 230.11 230.10 230.13 230.21 230.32 230.28 230.63 230.51 230.35 230.32 230.32 230.38 230.63 230.75 230.63 230.75 230.85 230.89 230.83 230.71 230.90 230.90 230.90 230.88 230.70 230.81 230.64 230.49 230.51 230.62 230.58 230.85 230.87 231.00 230.86 230.87 230.82 230.71 230.70 230.70 230.72 230.69 230.69 230.62 230.66 230.71 230.76 230.67 230.91 230.94 231.00 231.03 231.07 231.03 231.01 230.87 230.97 230.91 230.95 230.92 231.00 230.98 231.06 231.07 231.07 231.05 231.06 231.00 230.98 230.90 230.90 230.93 230.87 230.85 230.81 230.76 230.74 230.76 230.64 230.87 231.00 230.73 231.04 231.07 231.03 231.01 230.97 230.96 230.71 229.55 230.52 230.79 230.87 230.59 230.50 230.19 230.00 230.51 230.96 231.04 231.07 231.06 231.08 231.02 230.87 231.07 231.07 230.97 230.96 230.99 230.84 230.21 230.51 230.78 230.86 230.85 230.88 230.80 230.89 230.86 230.05
230.28 230.27 230.14 230.05 229.95 229.65 229.37 229.53 229.51 229.47 229.48 230.44 230.85 230.96 231.08 231.07 230.98 230.93 229.93 230.83 230.75 230.86 230.96 230.93 228.39 230.37 230.59 230.57 230.66 230.80 230.75 230.79 230.80 230.68 230.75 230.77 230.81 230.60 230.72 230.70 230.61 230.72 230.61 230.69 230.66 230.64 230.81 230.90 230.88 229.72 228.59 228.78 227.88 230.91 230.27 230.10 230.02 229.94 230.04 230.01 229.90 230.33 230.46 230.34 230.21 230.12 229.88 230.29 230.28 230.92 230.78 230.66 230.76 230.64 230.83 230.61 230.77 231.00 231.04 231.06 231.03 230.65 230.81 230.82 230.70 230.70 230.58 230.74 230.49 230.66 230.09 230.27 230.68 230.61 230.62 230.73 230.77 230.95 230.77 230.61 230.46 230.71 230.68 230.67 230.69 230.65 230.86 231.04 231.03 230.96 230.95 230.90 230.90 230.82 230.80 230.84 230.70 230.80 230.73 230.67 230.72 230.58 230.55 230.71 230.17 230.82 231.01 230.98 230.09 230.10 230.91 230.82 230.88 230.85 230.95 230.94 230.91 230.88 231.07 231.01 230.46 230.91 230.54 230.70 230.48 230.45 230.48 230.71 230.69 230.48 230.31 230.42 230.12 230.30 228.99 228.45 228.71 229.55 229.96 230.39 230.10 230.36 230.53 230.23 230.01 230.11 230.12 230.32 230.47 229.67 230.41 230.04 230.18 230.14 230.67 230.66 230.63 230.51 230.80 230.08
230.77 230.77 230.51 230.23 230.63 228.01 228.43 229.53 229.19 229.27 229.39 229.75 230.52 230.36 230.57 230.16 231.06 231.04 230.75 230.70 230.43 230.63 230.62 230.43 230.90 230.24 230.68 230.53 230.82 229.95 230.96 230.94 230.96 230.86 230.83 230.79 230.61 230.59 230.51 230.51 230.37 230.51 230.53 230.48 230.47 229.04 230.63 230.37 230.36 230.38 230.33 230.17 230.17 230.02 229.99 230.08 230.03 229.99 230.27 230.27 230.47 230.02 230.08 229.82 230.07 230.29 230.81 230.78 230.76 230.77 230.80 230.59 230.71 230.59 230.49 230.26 230.30 230.87 231.03 230.97 230.92 230.58 230.40 230.84 230.91 230.99 230.96 230.98 230.88 230.74 230.71 230.63 230.74 230.60 230.54 230.60 230.48 230.48 230.51 230.44 230.50 230.54 230.48 230.55 230.70 230.84 231.06 230.61 230.46 230.56 230.71 230.82 230.75 230.81 230.74 230.94 230.93 230.68 230.39 230.16 229.90 230.11 230.06 229.94 229.96 230.08 230.47 230.81 230.94 230.93 230.54 230.75 230.78 230.52 229.74 230.49 231.07 231.07 230.92 231.05 231.03 231.03 231.07 231.06 230.95 230.73 230.65 230.79 230.35 230.35 230.35 230.27 230.70 230.97 230.37 229.05 229.47 230.92 229.06 229.30 229.46 229.90 230.02 230.14 230.41 230.65 230.77 230.59 231.02 231.06 230.78 230.12 230.34 230.52 230.64 230.75 230.80 230.85 230.72 230.72
228.82 230.79 230.91 230.51 230.51 230.41 230.37 229.09 229.46 229.22 229.12 229.14 229.50 229.68 230.27 230.57 230.78 230.97 230.98 231.05 231.05 231.03 231.04 231.04 230.94 230.96 230.98 230.99 230.51 231.05 231.05 230.89 230.52 229.09 230.93 230.83 230.82 229.56 230.56 230.53 230.45 230.46 230.49 230.48 230.47 230.41 230.45 230.34 230.33 230.39 230.35 230.24 230.19 230.19 230.27 230.08 229.85 230.05 229.94 230.06 230.63 230.26 229.97 229.98 230.26 230.30 225.70 225.83 228.06 230.75 230.65 230.62 230.58 230.40 230.22 230.59 230.82 231.01 230.97 231.06 231.00 231.00 230.71 230.90 230.72 230.79 230.72 230.71 230.71 230.71 230.69 230.57 230.63 230.52 230.56 230.45 230.56 230.59 230.51 230.72 230.62 231.01 231.05 231.04 231.07 231.00 230.05 229.10 229.25 229.97 230.20 230.61 230.59 230.82 230.71 230.79 230.51 230.27 230.01 229.96 230.00 230.01 229.92 229.93 230.03 229.66 229.68 229.41 229.38 230.19 230.77 231.02 230.80 230.67 230.99 231.05 231.07 231.07 231.00 231.06 231.08 231.04 231.04 230.61 230.91 230.94 231.05 230.98 230.80 230.58 230.27 229.77 230.42 230.22 230.05 230.00 229.96 229.66 230.32 230.10 230.21 230.15 230.39 230.58 230.33 230.39 230.39 230.41 230.45 230.78 230.24 230.49 230.54 230.70 230.93 230.42 230.91 230.95 230.93 230.70
230.79 230.95 231.03 230.91 230.89 230.22 229.83 229.08 229.53 229.42 229.46 229.22 229.20 229.20 229.41 229.77 230.00 230.07 230.22 230.55 230.87 230.92 230.88 230.97 230.80 230.86 230.97 230.16 230.48 230.97 231.02 230.94 231.01 230.93 230.85 230.78 230.77 230.72 230.69 230.53 230.52 230.43 230.40 230.39 230.30 230.26 230.29 230.31 230.28 230.29 230.41 230.49 230.55 230.41 230.28 230.12 230.12 230.11 230.26 230.88 229.10 229.85 229.55 229.01 230.27 229.60 228.95 228.74 230.50 230.59 230.35 230.52 230.45 230.31 230.05 230.19 230.65 230.79 230.95 231.03 231.04 230.96 230.36 230.84 230.74 230.71 230.72 230.76 230.89 230.68 230.68 230.66 230.69 230.56 230.65 230.51 230.26 230.45 230.66 230.61 230.78 230.76 230.83 230.88 231.01 230.91 230.97 230.83 230.75 230.82 230.87 230.91 230.88 230.32 230.18 229.25 229.33 229.78 230.05 230.19 230.17 229.91 229.62 229.69 229.43 229.54 229.62 229.51 229.52 229.27 230.65 230.70 230.73 230.80 228.67 231.00 230.99 230.93 230.60 231.08 231.08 231.08 231.03 231.02 231.01 231.07 231.05 230.65 230.72 230.99 230.33 230.64 230.66 230.27 230.31 231.05 230.91 230.82 230.37 230.64 230.91 230.88 230.28 230.68 230.41 230.23 230.39 230.30 230.34 230.36 230.63 230.73 230.82 231.03 230.57 230.39 230.75 230.84 230.98 231.01
230.80 230.81 230.31 230.93 231.01 230.82 230.48 230.24 229.95 230.12 229.68 229.95 228.88 229.58 229.53 229.77 229.66 229.59 229.74 230.36 230.81 230.82 230.94 230.91 230.94 230.88 230.88 230.95 230.97 230.95 230.96 230.91 230.80 230.79 230.81 230.92 230.98 230.81 230.55 230.75 230.39 230.70 230.80 230.54 230.49 230.43 230.68 230.41 230.49 230.45 230.68 230.51 229.73 229.23 229.81 230.81 230.39 229.74 229.99 229.91 230.01 230.04 229.82 229.36 228.42 229.07 230.35 228.85 230.50 229.80 230.18 230.45 230.37 230.53 230.39 229.75 229.47 229.69 229.86 230.36 230.55 230.83 230.76 230.79 230.79 230.74 230.68 230.68 230.67 230.71 230.72 230.70 230.63 230.68 230.64 230.75 230.67 230.62 230.70 230.54 230.51 230.72 230.67 230.54 230.66 230.77 230.90 230.99 230.97 231.03 230.80 230.77 230.53 229.76 228.82 228.63 228.52 229.18 229.63 229.79 229.87 229.93 229.82 229.73 229.26 229.07 229.35 229.44 229.37 229.30 229.73 230.51 230.60 230.37 230.72 230.95 231.03 230.99 231.03 230.97 230.55 231.06 230.90 230.93 230.96 231.03 231.06 231.07 231.08 230.97 230.88 230.60 230.87 230.86 230.64 230.32 229.95 229.89 230.27 230.42 230.82 230.74 230.63 230.66 230.66 231.05 231.06 230.98 230.77 230.54 230.42 230.35 230.52 230.26 230.31 230.93 230.71 230.63 230.68 229.91
230.10 230.58 231.02 230.81 230.60 230.41 230.43 230.89 230.80 230.64 230.93 230.83 230.25 230.81 227.63 230.78 230.48 230.52 229.49 230.28 230.38 230.43 230.34 230.83 230.86 231.01 229.76 230.68 230.88 230.91 230.65 230.36 230.32 230.42 230.27 230.52 230.91 230.82 230.86 230.86 230.57 230.97 230.76 230.37 230.74 231.04 230.29 230.07 230.00 230.05 230.09 229.89 229.92 230.39 230.69 229.54 229.53 229.95 229.51 229.54 229.62 229.97 229.66 229.56 228.97 227.74 228.72 230.03 228.55 228.47 229.10 229.75 230.72 229.60 229.18 230.02 230.41 230.30 230.47 230.71 231.05 231.03 230.80 230.58 230.79 230.83 230.89 230.66 230.64 230.67 230.62 230.68 230.67 230.53 230.61 230.56 230.60 230.73 230.63 230.54 230.43 230.60 230.66 230.66 230.95 230.65 230.71 230.69 230.68 230.57 230.45 230.37 230.23 229.93 229.40 229.13 230.11 230.18 230.14 230.42 227.35 229.01 230.31 229.97 229.60 229.41 228.96 228.72 229.48 228.71 227.76 228.67 230.99 229.27 229.64 230.06 230.94 230.89 230.91 230.57 231.03 231.04 231.06 231.05 231.04 231.05 231.05 231.07 230.98 231.03 231.00 231.00 230.98 230.95 230.93 230.13 228.74 229.17 229.21 229.54 229.91 230.27 230.50 230.69 230.72 230.91 231.03 230.86 230.94 231.07 231.00 230.64 230.53 230.73 231.05 230.90 230.93 230.32 230.26 230.27
229.89 230.50 230.58 230.29 230.43 230.59 231.05 230.92 230.83 230.85 230.57 230.92 230.82 231.06 230.70 229.76 230.59 230.46 230.70 230.35 230.29 230.27 230.57 230.68 231.03 230.89 230.82 230.77 230.37 230.89 230.74 230.18 230.07 230.42 229.90 230.41 230.80 231.01 231.04 231.00 230.92 230.55 230.21 230.23 230.31 230.62 230.09 229.85 229.49 229.52 229.49 229.48 229.38 229.32 229.85 230.18 229.97 230.23 229.73 229.46 230.00 230.37 227.51 228.72 229.48 227.47 228.94 229.27 228.53 230.64 230.47 228.84 227.16 229.87 228.74 230.02 229.94 230.43 230.70 230.71 230.98 230.92 230.80 230.91 230.89 230.64 230.76 230.75 230.48 231.05 230.74 230.56 230.49 230.59 229.80 230.73 230.77 230.76 229.55 230.78 230.83 230.56 230.68 230.66 230.59 230.54 230.56 230.61 230.62 230.29 230.16 229.83 229.69 229.66 229.94 230.40 230.31 230.21 230.57 230.86 230.82 230.81 230.22 229.55 228.50 228.07 227.75 228.08 227.67 226.82 228.00 228.15 229.01 229.49 229.15 229.86 230.36 231.03 231.01 231.02 229.71 229.92 231.06 231.07 230.50 231.06 230.99 231.05 231.06 230.98 231.07 231.03 230.92 230.52 230.24 229.94 229.60 229.71 229.49 229.51 229.57 229.73 229.96 230.21 230.64 230.85 230.97 231.00 230.92 231.00 230.37 231.08 230.91 230.87 230.96 230.64 230.39 230.60 230.31 230.12
230.15 230.10 229.73 229.18 230.11 230.91 230.81 230.92 231.04 231.03 231.00 229.46 231.01 230.97 231.05 231.04 230.82 230.41 230.80 230.87 229.64 230.84 230.83 230.83 231.06 230.88 230.74 230.75 230.73 231.03 231.07 230.17 230.44 230.34 230.38 230.36 230.16 230.88 230.96 230.92 231.01 230.73 230.58 230.45 230.36 230.62 230.88 230.90 230.27 229.48 229.40 229.25 229.57 229.64 230.04 230.50 230.81 230.80 230.91 230.95 230.43 227.02 229.59 230.07 226.94 226.15 226.68 227.70 221.09 230.23 225.05 228.51 230.39 229.75 230.22 228.73 227.77 228.88 229.50 227.48 227.39 229.97 230.74 230.69 230.44 230.72 230.68 230.84 230.86 230.64 230.61 230.54 230.75 230.89 230.91 230.94 230.94 230.89 230.65 230.90 230.99 230.95 230.95 230.92 230.93 230.55 230.50 230.32 230.10 229.86 229.59 229.27 228.89 228.48 228.94 229.53 229.27 229.21 228.83 229.51 229.65 229.23 227.93 226.41 225.06 225.15 224.98 225.05 225.02 223.43 226.74 227.38 228.16 227.24 227.92 228.25 228.45 229.83 230.94 230.58 229.54 228.50 231.00 231.01 230.80 230.86 231.02 231.05 231.03 230.95 230.78 230.66 230.56 230.75 230.11 230.57 229.99 230.60 231.00 230.91 229.85 229.68 229.83 230.28 230.69 230.87 230.97 230.96 230.92 230.97 231.04 231.06 230.96 230.93 230.14 230.93 230.93 230.88 230.72 230.15
230.02 229.97 229.75 229.51 230.47 230.52 230.59 230.86 230.88 230.66 230.71 230.78 230.87 230.79 230.95 230.86 230.36 230.59 230.59 230.65 230.94 231.07 231.07 229.67 231.03 230.84 230.66 230.65 230.62 230.78 230.93 230.33 230.36 230.50 230.09 230.65 230.82 230.84 231.05 231.06 231.05 231.06 231.07 231.04 230.74 230.86 230.95 230.77 230.31 229.93 229.47 229.40 229.36 230.21 230.13 231.04 230.92 231.05 230.81 228.56 230.27 226.38 225.21 227.16 229.56 220.39 219.85 219.60 219.99 219.87 219.85 223.71 228.61 229.60 227.10 228.42 230.00 228.47 229.03 229.27 230.12 230.56 230.43 230.46 230.55 230.68 230.65 230.85 230.75 230.92 230.80 230.68 230.47 230.72 230.67 229.94 228.76 230.68 230.71 230.61 230.66 230.72 230.99 230.85 230.99 230.87 230.33 230.19 229.83 229.40 228.96 228.55 227.76 226.92 226.91 225.96 225.21 224.38 224.00 222.23 220.89 220.29 219.91 219.67 219.48 219.93 220.73 220.79 219.40 222.49 224.48 225.27 226.20 227.61 226.85 227.31 230.14 229.48 229.74 230.26 230.45 230.63 230.62 230.60 230.86 230.96 230.94 230.86 230.74 230.46 230.09 230.08 227.52 229.54 230.48 230.39 230.13 231.00 230.88 229.65 230.10 230.38 230.58 230.52 230.84 230.90 230.81 230.69 230.47 230.67 230.69 230.99 230.46 230.78 230.95 230.91 230.72 230.36 230.43 230.13
229.90 230.44 230.33 229.04 228.68 230.90 230.33 230.16 230.18 230.43 230.19 230.75 230.81 230.63 230.64 230.64 230.83 230.48 230.66 230.58 230.69 231.01 231.04 230.60 230.88 230.70 229.10 230.74 230.60 230.72 230.41 230.58 230.58 229.68 230.52 230.54 230.52 231.01 231.06 231.07 231.07 231.05 230.88 230.79 230.73 230.63 230.49 230.53 228.75 226.68 230.76 230.69 230.45 230.66 230.44 229.85 230.11 230.81 230.89 230.04 229.79 225.91 225.19 224.18 219.10 219.34 219.75 219.73 219.66 219.61 219.66 220.10 222.55 225.31 229.07 229.48 228.93 227.85 229.91 229.49 229.08 229.49 229.79 230.05 230.41 228.61 229.79 230.62 230.54 230.46 230.74 230.78 230.85 230.53 230.89 230.97 230.81 230.76 230.69 230.78 230.67 230.59 230.88 231.07 230.52 230.61 230.55 230.16 229.96 229.77 228.60 227.88 226.49 225.10 224.28 222.64 220.65 219.81 219.04 218.80 218.85 218.99 219.06 219.09 219.10 218.94 218.89 218.92 218.91 218.88 218.83 222.17 222.04 220.67 226.94 225.78 225.68 227.34 230.09 230.17 230.04 230.61 230.53 230.82 230.65 229.77 230.70 230.74 230.69 230.78 230.70 230.27 229.79 229.40 227.49 230.02 230.21 231.06 229.46 230.03 229.93 229.87 229.90 230.39 230.60 230.69 230.85 230.66 230.97 230.64 230.49 230.93 231.06 231.06 230.91 230.50 230.45 230.33 230.00 229.90
230.04 230.28 230.59 230.54 229.72 229.88 229.90 230.78 229.72 230.50 230.79 230.52 230.70 230.50 230.64 230.73 230.62 230.99 230.76 230.70 230.84 230.99 231.07 231.06 231.05 230.88 230.98 230.84 230.64 230.63 230.66 230.56 230.77 230.48 230.72 230.78 230.87 230.93 230.98 231.07 231.06 231.04 231.08 230.85 230.73 230.58 230.48 230.76 228.42 227.38 230.73 230.83 231.02 231.06 230.23 229.00 228.47 228.59 230.39 230.87 230.41 230.20 224.88 220.19 219.38 219.92 219.58 219.68 219.67 219.69 219.69 219.86 222.52 222.18 221.05 219.61 228.92 228.76 229.68 229.62 229.26 229.51 230.21 230.46 230.67 229.56 230.67 230.73 230.53 230.56 230.60 230.54 230.42 230.34 230.62 230.83 230.81 230.77 230.72 230.93 230.44 230.79 230.91 230.68 230.77 230.56 230.28 229.88 229.40 229.28 227.18 226.44 225.95 223.40 221.56 219.68 219.00 218.79 218.92 219.22 219.31 219.41 219.42 219.19 219.39 219.41 219.42 219.42 219.41 219.38 219.42 219.31 219.19 219.10 221.86 224.53 227.85 230.65 230.46 229.43 229.96 230.66 229.03 230.29 230.95 230.87 230.73 230.19 230.49 230.34 229.87 229.82 230.04 230.20 230.78 230.17 230.02 229.72 229.98 230.00 230.10 230.52 230.46 230.03 230.10 230.37 230.82 230.07 230.57 230.18 230.61 230.88 230.50 230.95 230.91 230.74 230.57 230.39 230.29 230.09
230.87 230.72 230.80 230.49 229.17 228.56 228.08 230.04 230.12 230.84 230.57 230.92 230.85 230.95 230.87 230.96 230.96 230.97 231.07 231.07 231.01 230.92 231.07 231.01 231.01 231.05 230.96 230.65 230.67 230.67 230.78 230.62 230.86 231.03 231.06 230.94 231.07 231.07 231.07 231.06 231.03 231.05 231.07 230.98 230.82 230.69 230.67 230.68 230.73 230.79 230.90 231.01 231.08 231.08 231.07 230.98 230.13 230.04 230.75 230.85 227.58 226.34 225.34 223.49 219.98 219.17 219.59 219.54 219.65 219.37 219.34 220.05 221.38 227.97 225.31 229.29 228.95 228.28 229.79 229.44 229.31 229.59 230.12 230.55 230.35 230.85 230.77 228.29 229.57 230.53 230.49 230.55 229.81 229.66 230.54 230.43 231.02 230.20 230.90 230.86 230.93 230.92 230.77 230.46 230.32 230.71 230.71 229.77 229.40 228.16 229.41 227.27 223.97 220.87 219.10 218.80 218.95 219.10 219.32 219.39 219.32 219.05 219.32 219.32 219.34 219.42 219.41 219.39 219.42 219.42 219.42 219.39 219.42 219.29 219.01 219.34 225.06 227.88 227.21 229.01 228.22 229.79 230.90 230.54 230.36 230.98 230.62 230.77 230.33 230.14 230.78 230.40 230.41 230.47 230.58 230.01 230.37 230.58 230.82 230.75 231.07 230.87 230.51 230.46 230.85 230.40 229.87 229.01 230.23 229.33 229.57 230.11 230.19 230.70 230.94 231.05 231.01 230.94 230.74 230.61
230.88 230.61 230.84 230.85 230.15 229.21 230.31 230.79 230.40 230.75 230.92 230.83 231.03 230.65 231.07 231.05 231.03 231.06 230.96 231.04 230.92 231.07 231.01 230.90 230.92 230.40 230.94 230.83 230.72 230.74 230.73 230.73 230.65 231.04 231.07 231.04 230.99 230.97 230.98 231.05 231.04 231.07 231.07 231.06 231.06 230.93 230.93 230.89 230.97 230.95 231.04 231.07 231.07 231.07 230.99 231.02 231.03 230.94 230.83 230.41 231.02 228.81 229.68 225.61 225.89 219.57 219.18 219.23 219.32 219.20 219.27 219.66 220.53 226.85 226.09 226.39 229.55 229.67 230.07 230.67 229.82 230.22 230.34 230.41 230.71 230.68 230.84 230.67 230.35 230.49 230.38 230.36 229.46 230.42 230.65 231.01 230.90 230.96 230.66 230.24 230.79 231.01 230.95 230.77 229.71 229.66 230.35 229.88 228.78 229.05 229.42 228.25 225.13 222.82 219.00 219.35 219.41 219.18 218.74 219.34 219.39 219.36 219.25 219.30 219.41 219.40 219.37 219.42 219.41 219.42 219.42 219.41 219.42 219.41 219.27 218.90 219.07 222.43 225.86 227.14 227.67 228.19 229.54 230.41 229.57 229.63 230.38 230.00 230.11 230.13 230.11 230.76 230.80 230.59 230.88 230.69 230.59 230.97 231.05 230.81 230.04 229.83 230.86 230.89 230.46 229.79 230.05 229.71 229.27 229.53 229.64 229.73 230.79 230.68 230.94 230.48 230.84 230.91 230.66 230.78
230.64 230.58 230.68 230.65 230.38 230.45 230.31 230.26 230.10 230.87 230.91 230.69 230.94 231.03 231.00 231.00 230.21 231.02 230.88 230.82 230.94 230.73 229.79 230.98 230.78 230.50 230.76 230.84 230.84 230.86 230.92 230.88 230.91 230.97 230.99 231.01 231.00 230.99 230.95 230.94 231.04 231.06 231.03 231.04 230.98 231.01 231.01 231.05 231.07 231.08 231.08 231.08 231.07 231.00 230.96 231.06 230.95 230.89 230.60 230.32 229.68 229.83 228.68 228.10 226.83 221.92 220.06 218.79 218.93 218.99 219.13 219.40 223.03 224.99 226.63 225.57 229.89 229.99 229.99 227.34 230.51 230.27 230.60 230.64 230.70 230.78 230.78 230.27 230.32 230.44 230.57 230.48 230.01 230.50 230.69 230.54 230.88 230.86 230.87 230.22 231.04 230.94 230.87 230.81 230.24 230.83 230.28 229.89 229.41 229.31 228.99 229.20 225.08 220.41 219.35 219.35 218.90 218.74 219.22 219.03 219.15 219.00 219.05 219.08 219.18 219.04 218.82 219.28 219.41 219.31 219.42 219.42 219.42 219.41 219.27 219.14 218.78 220.38 224.61 226.18 227.64 226.97 230.05 229.48 229.49 229.93 229.84 230.32 230.32 230.03 230.46 230.59 230.19 230.71 230.61 230.88 230.98 230.95 231.02 231.02 230.67 230.99 230.78 229.74 229.43 229.71 230.47 229.39 230.35 230.22 229.77 229.98 230.80 230.77 230.20 231.04 231.04 230.86 230.71 230.79
229.95 230.81 229.72 230.22 229.95 230.46 230.32 230.37 230.55 230.72 230.97 230.84 231.01 231.03 230.98 230.96 230.77 230.67 230.81 230.83 231.03 230.94 230.86 230.86 230.98 230.77 230.76 230.76 231.03 230.95 230.99 230.90 230.88 230.79 231.02 231.02 231.02 230.98 230.91 230.86 231.00 231.07 230.90 230.90 231.01 231.05 231.06 231.08 231.08 231.06 231.04 231.05 231.03 231.05 231.05 231.04 231.01 230.72 230.92 230.70 230.70 230.61 229.87 230.58 226.70 227.16 223.85 222.81 221.85 221.14 222.14 222.36 226.34 224.91 225.98 229.66 229.87 229.48 229.76 229.50 230.01 225.19 230.53 230.37 230.56 230.58 230.71 230.22 230.29 230.58 230.65 230.41 230.39 230.53 230.57 230.78 230.32 230.79 230.37 230.88 230.92 230.87 230.94 231.05 231.05 230.81 230.40 228.31 230.09 229.41 229.38 228.72 223.58 218.83 219.39 219.16 219.17 219.33 219.20 218.87 219.06 219.11 219.28 219.03 219.11 219.32 219.34 219.35 219.31 219.40 219.39 219.41 219.40 219.32 218.96 218.92 218.79 219.37 224.05 224.68 226.14 225.74 227.60 227.96 228.74 229.13 229.84 230.18 230.08 228.59 229.75 230.03 230.11 230.61 230.66 230.85 230.99 231.00 230.97 230.95 231.03 231.01 230.61 229.35 228.87 228.79 229.51 229.76 230.37 230.07 230.10 229.87 231.01 230.62 230.59 229.47 230.80 230.66 230.34 230.40
229.56 229.80 229.73 228.80 229.37 230.55 230.44 230.49 229.63 228.25 225.53 226.67 229.94 230.93 230.81 230.76 231.04 230.95 230.96 230.93 231.04 230.82 230.86 230.86 230.93 231.06 231.04 230.99 230.92 231.04 231.02 231.01 231.05 231.06 231.07 231.05 231.03 230.99 230.97 230.73 230.60 230.51 229.46 229.29 229.34 230.66 230.65 230.66 230.93 231.03 230.97 230.98 231.00 231.02 231.03 231.04 231.06 231.07 230.59 230.86 231.00 231.08 230.44 229.04 229.34 227.24 227.58 225.97 223.69 223.24 223.67 226.27 224.94 228.23 228.12 228.21 228.88 224.28 229.11 229.91 229.71 229.95 230.41 230.44 230.63 230.60 230.11 230.02 230.12 230.33 230.61 230.26 230.68 230.63 230.48 230.89 230.92 230.60 230.73 230.81 230.97 230.84 231.07 231.08 230.22 230.78 230.61 229.70 229.77 229.79 229.13 228.37 223.87 218.84 219.30 219.16 219.04 219.41 219.04 219.03 219.00 219.16 218.93 218.79 219.20 219.34 219.29 219.29 219.38 219.33 219.40 219.42 219.25 219.03 218.92 218.84 218.81 219.76 221.57 224.44 222.92 228.26 228.94 228.41 230.00 230.40 229.79 229.60 229.47 229.59 229.78 229.59 229.69 230.66 230.76 230.81 230.94 230.52 230.73 230.87 230.83 230.94 230.46 229.92 229.63 229.86 229.65 229.81 230.71 230.31 230.29 230.94 230.96 230.48 230.53 230.09 230.41 230.11 229.76 230.28
229.74 229.63 230.09 230.58 229.16 230.30 230.08 230.26 230.89 230.46 227.84 227.75 230.70 230.87 230.52 230.77 230.55 230.82 230.68 230.70 230.53 230.99 230.49 230.54 230.75 230.77 230.85 231.01 230.96 231.00 231.03 230.67 231.04 231.08 231.08 231.07 231.04 231.05 230.98 231.02 230.86 230.27 230.07 230.13 230.33 230.39 230.35 230.48 230.17 230.71 230.97 230.98 230.99 231.01 231.04 231.05 231.06 231.06 231.06 230.93 230.92 230.83 231.02 230.92 230.03 230.20 229.06 224.64 225.49 225.42 225.50 225.60 227.63 228.47 227.92 228.33 228.66 229.29 229.66 229.61 229.76 229.53 229.65 230.31 230.38 230.63 230.22 229.52 230.30 230.33 230.05 229.98 230.12 230.63 230.05 230.78 230.77 230.76 230.80 230.20 230.95 230.69 230.99 230.98 231.01 231.02 230.53 230.14 229.70 229.62 229.56 227.24 223.31 218.91 219.29 219.09 218.75 218.87 219.31 219.07 218.81 218.98 218.84 218.79 219.10 219.27 219.11 219.28 219.23 219.39 219.42 219.34 219.09 218.95 218.80 218.78 218.87 219.29 221.97 226.32 227.17 228.50 229.44 229.45 229.67 229.25 227.75 229.38 230.48 229.70 229.58 229.25 229.90 230.21 230.63 230.34 230.62 230.85 230.26 230.52 230.78 230.86 230.85 230.62 230.34 230.16 229.31 229.71 230.13 230.12 230.11 230.38 229.87 230.04 230.01 230.42 230.24 229.84 229.52 229.19
229.16 229.52 229.62 230.22 227.41 228.55 229.74 230.74 231.01 231.03 231.04 230.84 231.00 230.55 230.02 230.08 230.07 230.08 230.31 230.45 230.46 230.49 230.71 230.62 230.85 230.97 230.99 231.07 231.08 230.96 230.99 231.03 231.06 230.91 231.07 230.84 231.02 230.25 230.32 230.99 230.23 229.75 230.50 230.52 230.47 230.45 230.54 230.84 230.59 230.58 230.48 230.75 230.96 231.01 231.00 231.07 231.06 231.06 231.03 231.03 231.04 230.79 230.79 230.48 229.50 228.84 228.43 228.03 230.75 226.81 228.55 228.18 228.07 227.38 227.99 228.75 229.08 229.15 229.06 229.65 230.11 230.33 230.64 227.59 230.27 230.52 230.45 230.62 229.56 230.38 230.18 229.95 230.03 230.35 230.77 230.52 230.82 230.86 230.43 230.43 230.97 230.99 231.03 230.98 230.89 230.85 228.72 230.56 229.84 229.23 228.90 228.57 226.79 220.54 218.94 219.25 218.79 218.26 217.46 219.10 219.02 218.99 219.31 218.85 219.22 219.19 219.33 219.29 219.32 219.37 219.38 219.24 218.92 218.81 218.80 218.92 219.47 221.74 224.13 226.27 228.66 228.81 229.96 229.97 230.21 229.95 229.38 229.32 229.41 229.66 229.29 229.67 229.86 229.97 230.22 230.19 229.71 230.17 230.22 230.90 230.69 230.59 230.97 230.97 230.52 230.21 229.25 230.19 230.14 229.90 229.61 229.66 229.72 229.77 230.12 230.26 229.12 228.70 229.08 227.80
229.11 227.42 229.50 230.52 229.82 230.67 230.39 230.55 230.91 231.08 231.06 230.98 230.55 230.38 230.15 230.25 230.08 230.98 230.42 230.50 230.57 230.70 230.59 230.86 231.03 230.98 231.03 231.06 231.06 231.08 231.04 231.02 231.03 230.98 231.01 231.04 230.86 230.20 230.24 230.22 229.90 230.49 230.80 230.74 230.62 230.74 230.66 230.69 230.80 230.82 230.72 230.35 230.72 231.04 231.08 231.08 231.07 231.07 231.07 231.06 231.03 230.97 230.97 230.05 230.13 230.74 230.55 229.97 230.08 228.12 228.25 227.02 228.92 229.66 229.40 228.96 228.95 229.01 228.13 229.29 230.04 230.46 230.20 230.44 230.32 230.67 230.64 230.64 230.50 230.35 230.36 230.08 230.22 230.67 230.67 230.69 230.46 229.74 230.82 230.89 230.83 231.06 231.03 230.82 230.80 230.85 230.74 230.48 229.19 229.88 229.93 229.05 228.25 227.46 219.98 219.03 219.14 218.71 218.02 217.81 219.04 219.09 217.63 218.04 219.31 219.23 219.30 219.35 219.33 219.38 219.34 218.82 219.13 218.92 219.16 219.74 219.70 221.87 222.26 222.69 227.24 229.32 230.42 230.03 230.36 230.17 229.93 229.75 229.47 229.25 229.63 229.98 230.70 230.58 230.65 230.34 230.66 230.80 230.54 230.25 230.56 230.80 230.23 230.08 230.41 230.41 230.58 230.30 230.29 230.75 229.21 229.33 229.94 230.05 229.75 229.52 227.98 228.58 229.57 230.50
229.01 228.72 230.58 230.76 230.60 231.03 230.91 231.04 231.07 230.98 231.02 230.91 230.49 230.32 229.63 230.41 230.06 229.99 230.49 230.49 230.89 230.74 230.79 230.81 230.96 231.03 231.04 231.07 231.08 231.06 231.04 230.79 230.94 230.88 230.74 230.82 230.54 230.01 229.92 229.49 229.65 230.50 230.87 230.68 230.97 230.72 231.02 231.04 230.98 231.00 230.81 230.39 229.94 230.78 231.04 231.07 231.08 231.07 231.07 231.07 231.00 230.80 230.59 230.12 229.98 229.88 229.93 229.95 230.07 230.30 229.98 228.28 228.32 229.63 228.30 229.65 228.31 229.18 229.32 229.06 229.62 229.97 229.37 230.21 230.31 230.46 230.52 230.64 230.61 230.50 230.47 230.72 230.58 230.39 230.63 230.50 230.71 230.48 230.75 230.99 230.94 231.00 231.03 230.97 230.92 230.87 230.82 230.89 230.37 229.93 230.15 230.25 230.49 229.82 228.39 221.41 219.11 219.27 219.02 218.43 218.45 217.70 219.06 219.33 219.22 219.23 219.36 219.38 219.28 218.98 218.82 219.32 220.74 221.16 221.43 221.53 220.86 221.28 223.54 224.15 226.54 229.28 230.01 230.21 230.41 230.47 230.24 230.30 230.13 229.89 229.96 230.32 230.52 230.65 230.93 230.97 230.89 230.97 230.51 230.87 230.65 230.38 230.80 230.58 230.68 230.74 230.35 230.19 229.79 230.45 230.00 229.06 230.52 229.86 229.84 229.49 229.13 229.59 230.16 230.02
229.22 230.39 230.57 230.65 231.00 230.97 231.06 231.00 230.95 231.00 230.93 230.92 230.66 230.37 230.04 230.06 230.06 230.43 230.73 230.49 230.81 230.79 230.84 230.88 230.97 230.99 231.04 231.07 231.07 231.04 230.98 230.93 230.90 230.68 230.61 230.84 230.48 229.89 229.97 229.48 230.07 230.52 230.69 230.91 230.98 231.03 231.03 231.06 231.06 231.07 230.83 230.39 230.58 230.64 230.70 230.69 231.05 230.95 231.06 230.98 230.75 230.46 230.16 230.07 229.78 229.88 229.73 229.46 229.64 229.75 229.55 226.85 229.66 230.06 229.35 229.80 229.61 229.37 228.91 228.95 228.44 228.71 229.52 229.62 229.82 230.44 230.70 230.80 230.66 230.61 230.62 230.53 230.75 230.57 230.50 230.60 230.53 230.64 230.67 230.93 230.94 230.66 230.88 230.96 230.83 230.71 230.63 230.83 230.23 229.89 229.44 230.19 229.59 229.76 227.11 227.17 221.53 219.42 219.06 219.39 219.19 218.80 219.39 219.29 219.37 219.32 219.39 219.34 218.84 220.65 219.03 219.57 222.20 222.37 222.87 225.11 225.39 223.68 224.02 225.90 226.42 229.91 229.92 230.34 229.91 230.64 230.51 230.53 230.51 230.41 230.27 230.51 230.69 230.69 230.91 230.94 230.45 231.01 231.05 231.07 230.57 230.19 229.23 230.46 230.23 229.89 229.65 229.89 229.86 229.99 230.31 229.83 230.41 230.04 230.06 230.16 230.04 229.78 229.84 229.91
229.26 230.47 231.05 230.66 231.01 231.00 230.74 230.84 230.90 230.97 230.97 230.80 230.45 230.16 230.04 230.12 230.19 230.86 230.41 230.45 230.55 230.84 230.85 230.91 230.95 231.01 231.05 231.08 231.06 231.02 230.96 230.86 230.78 230.76 230.75 230.38 230.40 230.11 229.28 228.68 230.02 230.59 230.78 230.89 230.98 231.04 231.07 231.08 231.08 231.08 231.07 231.07 230.94 230.95 230.92 230.64 230.75 230.94 231.06 231.00 230.73 230.05 229.83 229.91 227.96 229.81 230.05 229.86 229.42 229.50 229.00 227.98 229.08 229.87 229.41 228.68 229.29 229.36 228.22 228.60 228.77 228.73 229.38 229.08 230.25 230.25 230.41 230.67 230.77 230.58 230.26 230.51 230.38 230.44 230.51 230.58 230.55 230.88 230.64 230.89 230.54 230.48 230.74 230.66 230.53 230.41 230.31 230.42 230.87 230.09 230.42 229.60 229.16 228.92 230.29 229.60 225.80 226.17 222.35 222.26 219.89 219.52 218.91 219.26 219.01 219.05 218.87 218.92 220.79 223.20 224.96 226.59 224.60 223.72 224.90 226.88 226.10 226.18 226.65 228.72 228.88 229.64 230.11 230.30 230.35 230.52 230.55 230.48 230.48 230.43 230.39 230.60 230.63 230.92 230.80 230.99 231.07 231.03 230.54 231.07 230.74 230.33 230.09 230.63 230.02 230.78 230.10 229.77 230.20 230.37 230.12 230.31 230.54 230.41 230.03 229.99 230.28 230.05 229.83 229.47
229.97 230.51 230.45 230.39 230.93 231.01 230.72 231.04 230.96 230.78 230.85 230.40 230.59 230.45 230.03 230.34 230.01 230.82 230.43 230.88 230.86 230.86 230.92 230.93 231.00 231.03 231.06 231.07 231.06 231.00 230.91 230.80 230.59 230.64 230.56 230.64 230.73 230.02 229.86 228.84 230.15 230.61 230.77 230.91 231.00 231.06 231.08 231.08 231.08 231.06 231.06 231.05 231.07 231.02 231.02 231.05 231.08 231.07 231.07 231.07 231.04 230.70 229.76 229.70 229.78 229.72 229.52 228.84 229.58 229.78 229.71 227.43 226.87 226.30 228.45 229.52 228.74 228.69 227.97 228.00 228.11 228.18 228.58 229.31 229.60 229.98 229.98 229.94 230.47 230.60 230.63 230.43 230.42 230.74 230.66 230.54 230.51 230.72 230.74 230.76 230.55 230.13 230.79 230.36 230.33 230.46 229.92 230.77 230.97 230.79 230.18 230.24 229.78 230.02 230.19 230.01 229.73 226.28 226.65 225.43 224.40 224.04 222.58 222.05 221.60 220.22 220.33 220.61 220.69 223.53 226.52 224.74 224.92 225.71 227.97 227.17 230.92 226.79 226.91 230.50 229.98 230.43 230.52 230.53 230.49 230.48 230.48 230.46 230.56 230.60 230.63 230.80 230.99 231.03 231.06 230.99 230.62 231.07 231.05 230.84 230.98 230.70 230.31 230.33 229.65 230.73 230.01 230.20 230.06 229.79 229.96 230.22 230.66 230.76 230.79 230.45 230.46 230.36 229.78 229.70
229.61 230.68 230.32 230.62 230.57 230.71 230.57 230.16 230.72 230.44 230.57 229.78 229.80 230.03 229.82 230.20 230.11 230.60 230.84 230.53 230.70 230.91 230.93 230.98 231.02 231.06 231.08 231.08 231.04 230.94 230.82 230.71 230.59 230.50 230.47 230.09 230.31 230.47 229.85 230.06 230.31 230.58 230.79 230.92 230.98 231.04 231.06 231.08 231.07 231.07 231.06 231.05 231.08 231.04 230.85 231.04 231.08 231.08 231.08 231.07 230.90 230.95 230.17 230.07 229.84 229.81 229.81 230.53 230.26 230.05 229.94 229.87 228.26 225.48 224.36 228.06 227.53 227.22 225.98 227.60 227.57 227.87 226.22 228.41 227.20 229.58 229.40 229.37 229.48 230.47 230.07 230.26 229.82 230.82 230.48 230.50 230.51 230.85 230.99 230.59 230.52 230.67 230.60 230.55 230.68 230.89 230.44 230.91 231.00 230.94 230.72 230.71 230.35 230.49 229.54 228.27 229.44 227.75 226.72 225.77 224.87 225.65 226.15 222.85 225.21 221.34 222.52 226.00 226.72 227.80 226.78 228.21 228.31 227.33 228.27 229.99 230.24 229.71 230.69 230.38 230.53 230.70 230.81 230.77 230.70 230.60 230.10 230.60 230.65 230.75 230.79 230.90 231.02 231.06 231.06 231.02 230.71 231.03 231.07 231.04 231.04 230.94 230.67 230.30 230.67 230.63 230.12 230.59 230.32 229.90 230.11 230.59 230.83 229.98 230.20 230.42 230.30 229.69 229.08 229.87
229.56 229.90 230.56 230.56 230.63 230.48 230.29 230.00 229.64 229.64 229.67 229.77 229.23 229.10 229.78 229.50 230.92 230.57 230.41 230.79 230.80 230.95 230.95 230.99 231.04 231.08 231.08 231.04 230.95 230.83 230.69 230.52 230.42 230.35 230.38 230.35 229.87 230.09 229.81 229.98 230.27 230.57 230.73 230.83 230.92 230.98 231.03 231.06 231.08 231.07 230.97 231.03 231.04 231.07 231.00 231.04 231.07 231.08 231.07 231.03 230.84 230.89 230.37 230.28 230.58 230.38 230.03 230.47 230.02 230.06 230.30 229.50 229.15 227.16 226.17 225.28 227.89 227.22 227.59 226.89 226.91 227.36 227.26 225.78 227.78 229.01 228.68 228.36 228.83 230.62 229.92 230.25 229.80 229.51 229.72 230.44 230.55 228.32 230.04 230.86 230.80 230.91 230.95 231.02 230.90 230.70 231.04 231.04 231.08 230.97 230.85 230.51 230.62 230.86 230.88 230.69 230.07 229.62 228.70 228.29 226.30 227.33 226.17 225.12 225.06 222.96 225.41 227.36 227.79 228.35 229.38 229.15 228.67 228.43 230.28 230.74 231.04 230.97 230.75 230.59 230.76 230.88 231.00 230.95 230.79 230.71 230.65 230.57 230.78 230.82 230.86 230.90 230.79 230.88 230.81 231.04 230.82 231.00 231.08 231.03 231.06 230.89 230.74 230.54 230.51 230.33 230.44 230.12 230.37 229.22 230.21 228.43 230.26 230.22 230.19 230.28 230.49 229.43 228.53 229.88
230.23 230.08 230.57 230.56 230.59 230.55 230.09 228.70 229.29 229.66 229.86 229.85 229.65 229.88 229.72 229.54 230.20 230.62 230.60 230.77 230.87 230.97 230.99 231.03 231.06 231.08 231.05 230.95 230.78 230.60 230.45 230.26 230.14 230.13 230.21 229.92 230.03 229.60 229.69 230.00 230.22 230.45 230.58 230.70 230.82 230.89 230.98 231.03 231.07 231.08 231.07 231.05 231.04 231.07 231.04 231.03 231.02 231.06 231.01 230.92 230.95 231.02 230.50 230.52 230.38 230.55 230.15 229.95 230.05 229.98 229.48 229.69 229.21 228.48 225.89 224.31 226.24 227.06 226.30 225.98 226.52 226.78 227.05 226.01 226.64 225.91 228.28 228.19 228.86 229.78 229.94 229.79 229.47 229.17 230.01 230.33 230.52 230.80 230.83 230.72 230.64 230.55 231.03 230.95 230.82 230.88 230.74 231.07 231.05 231.00 230.63 230.97 230.66 230.74 230.72 230.45 230.23 229.29 229.49 228.28 227.67 226.91 227.52 225.73 227.46 227.56 226.98 230.23 229.30 229.33 229.73 230.03 229.12 230.23 230.69 230.73 231.07 231.08 230.87 230.96 230.87 230.88 231.01 231.06 230.77 230.68 230.67 230.64 230.59 230.81 230.94 231.02 230.98 231.00 230.62 230.99 230.95 230.94 231.07 230.89 230.93 230.84 230.92 230.91 230.50 230.35 230.02 230.28 230.54 229.46 229.13 229.76 229.71 229.17 229.36 230.28 230.62 230.10 230.06 230.33
230.88 230.69 230.68 230.80 230.39 230.10 229.39 227.20 227.41 228.86 229.06 229.79 229.58 229.61 229.26 229.62 229.71 230.28 230.68 230.78 230.88 230.98 231.03 231.07 231.08 231.07 231.01 230.80 230.42 230.18 230.01 229.93 229.85 229.92 230.05 229.07 229.85 229.53 229.62 229.81 229.92 230.14 230.30 230.45 230.62 230.77 230.90 230.98 231.04 231.07 231.08 231.08 231.07 231.07 231.06 230.99 230.98 230.99 231.02 230.99 230.88 231.02 230.72 230.75 230.58 230.41 229.90 229.74 229.62 230.06 229.74 229.36 228.55 226.73 223.16 223.00 223.45 226.84 225.60 225.66 224.20 226.02 226.47 226.67 225.40 224.87 227.42 228.50 228.37 228.22 228.87 229.33 229.22 229.49 230.21 229.81 230.41 230.63 230.38 230.93 230.71 230.65 231.00 230.80 231.01 230.89 231.03 231.08 231.02 231.02 231.04 230.95 230.97 230.88 230.80 230.55 230.65 230.69 230.64 229.18 228.61 228.43 228.20 228.23 228.68 228.97 229.90 229.94 229.78 229.97 230.10 230.63 230.80 230.36 230.82 230.96 231.07 231.07 231.01 230.93 230.80 230.78 230.62 230.63 230.74 230.71 230.69 230.67 230.77 230.84 230.52 230.70 231.06 231.03 230.91 230.82 230.91 230.77 231.02 230.86 230.79 230.90 230.94 230.97 230.59 230.60 230.75 230.79 230.07 229.32 228.58 228.04 227.76 226.77 228.16 227.92 228.49 229.32 228.88 230.73
230.83 230.85 230.69 230.45 230.43 230.09 228.49 227.67 227.99 228.32 228.83 229.55 229.31 230.42 229.45 228.25 229.96 229.99 230.49 230.80 230.90 230.98 231.07 231.08 231.06 231.02 230.88 230.42 229.91 229.56 229.50 229.55 229.67 229.77 229.57 229.16 229.42 229.55 229.46 229.39 229.46 229.72 229.97 230.14 230.42 230.61 230.77 230.88 230.98 231.04 231.06 231.07 231.08 231.08 231.05 230.98 230.82 230.83 230.99 230.96 230.89 231.02 230.70 231.01 230.82 223.60 219.46 224.73 229.82 229.42 230.29 229.18 228.75 227.14 223.10 223.41 223.14 226.77 225.17 226.45 225.37 225.83 225.74 225.80 225.57 225.88 226.85 226.88 227.04 228.12 229.25 229.13 229.12 229.32 229.93 229.76 230.47 230.42 230.71 230.02 230.58 230.81 230.99 231.00 230.98 230.98 230.99 231.06 230.99 230.92 230.88 231.00 231.00 231.03 230.97 230.94 230.86 230.37 230.27 230.73 230.18 230.33 229.92 230.00 230.14 229.34 229.56 229.60 229.69 230.06 230.62 230.35 231.06 231.00 230.95 231.00 231.08 231.08 230.99 230.90 230.73 230.71 230.61 230.52 230.69 230.73 230.75 230.79 230.82 230.94 230.88 230.92 231.03 230.98 231.03 230.91 230.92 230.81 230.91 230.49 230.80 230.83 230.92 230.99 230.34 230.99 230.85 230.62 229.97 228.29 228.12 227.32 227.28 226.49 225.74 227.54 227.56 228.58 227.46 229.64
228.98 230.75 229.87 230.26 229.74 229.30 225.61 226.65 228.52 228.28 228.28 229.46 229.86 229.74 229.36 228.40 230.64 229.87 229.17 230.69 230.86 231.00 231.06 231.08 231.04 230.92 230.59 229.82 228.88 228.58 228.89 229.27 229.39 229.56 229.66 229.61 229.73 229.75 229.31 229.09 229.07 229.45 229.68 229.89 230.18 230.49 230.67 230.80 230.87 230.92 230.93 231.03 231.06 231.05 231.00 230.98 230.86 230.87 230.95 230.95 230.60 225.01 222.51 221.03 219.16 219.27 220.24 219.07 219.11 229.17 229.48 227.98 228.28 227.80 224.64 224.77 223.76 224.86 225.67 226.00 225.73 225.65 225.94 224.93 225.98 226.27 226.21 226.98 227.44 227.81 227.39 228.34 228.67 229.61 229.91 229.89 230.07 230.36 230.80 230.32 230.90 230.83 230.90 231.00 230.99 231.06 231.03 231.04 231.06 231.05 230.88 231.06 231.07 231.08 231.07 231.03 230.94 230.39 230.32 230.32 230.71 230.30 230.33 230.45 230.00 229.78 229.50 229.35 230.36 230.67 230.80 231.08 231.06 231.08 231.00 231.06 231.06 231.06 231.07 230.96 230.83 230.67 230.70 230.69 230.59 230.68 230.82 230.76 230.93 230.61 230.94 230.72 231.03 231.07 230.80 230.66 231.01 230.56 230.61 230.82 230.78 230.83 231.00 230.92 230.63 230.51 230.63 230.60 230.33 227.97 226.76 223.47 225.12 225.70 227.27 224.94 226.53 223.65 229.61 229.27
228.34 228.78 229.51 230.04 229.69 228.62 227.20 225.64 226.46 225.80 227.02 228.68 229.09 228.64 228.72 228.48 229.70 229.82 230.08 230.52 230.78 230.97 231.05 231.08 231.02 230.84 230.41 229.22 227.69 227.37 228.21 228.97 229.21 229.27 229.33 229.77 229.62 229.59 229.20 229.02 229.05 229.79 229.38 229.70 230.03 230.32 230.57 230.71 230.80 230.87 230.88 231.06 230.93 230.03 222.49 224.98 224.13 228.21 221.29 219.47 223.59 231.01 231.03 230.96 222.72 221.26 224.58 224.52 230.29 220.11 227.49 228.64 227.77 226.92 226.50 224.76 225.29 223.82 222.85 225.27 225.53 225.48 225.65 225.65 226.59 226.32 225.68 226.66 227.53 226.37 227.20 227.62 228.36 229.14 228.05 229.49 229.88 230.26 230.46 230.45 230.48 230.72 230.95 231.02 231.05 230.75 231.04 231.05 231.07 231.07 231.03 231.04 231.07 231.03 231.06 230.98 231.03 230.65 230.48 230.56 230.56 230.19 230.47 230.46 230.72 230.27 230.17 230.13 230.40 230.61 231.06 231.05 231.06 230.94 231.07 231.05 231.08 231.07 230.89 230.88 230.59 230.68 230.56 230.65 230.60 230.66 230.88 230.95 230.98 230.91 230.97 231.03 230.78 231.04 230.63 230.65 230.94 230.88 230.74 230.67 230.86 230.76 230.97 231.01 230.88 230.02 229.94 229.59 228.71 226.58 225.50 224.37 224.03 224.46 224.72 223.99 223.36 224.49 223.42 224.57
223.59 225.21 223.21 223.04 227.62 227.89 226.90 225.31 226.37 226.28 227.05 227.31 227.14 228.35 227.80 228.07 228.44 229.42 229.81 230.32 230.69 230.88 231.04 231.08 230.99 230.80 230.39 229.36 227.74 226.59 227.19 228.96 229.14 229.15 229.09 229.52 229.47 229.28 228.96 228.80 229.11 229.34 229.31 229.65 229.93 230.18 230.55 230.65 230.74 230.83 230.78 230.99 226.98 223.79 219.04 218.86 225.67 230.47 230.46 230.91 231.06 231.08 231.04 231.01 230.84 230.90 230.79 227.59 229.56 229.68 219.31 226.05 219.13 224.35 225.87 223.21 222.84 224.20 223.31 223.07 225.14 225.11 224.86 225.41 225.20 225.59 224.56 226.04 225.71 226.75 226.73 225.90 228.17 228.65 229.19 229.30 229.07 229.67 230.97 230.80 230.45 230.37 230.80 230.93 230.96 231.04 231.06 231.05 231.08 231.07 230.87 231.06 231.03 231.08 231.05 231.02 231.00 230.97 230.80 230.91 230.83 230.65 230.68 230.75 230.92 230.15 230.39 229.99 230.40 230.43 230.64 230.99 231.07 231.08 231.07 230.92 231.07 230.98 230.81 230.79 230.45 230.53 230.67 230.59 230.57 230.60 230.71 230.66 230.84 230.86 230.80 231.03 231.07 231.01 231.03 230.93 230.75 230.65 230.79 230.32 230.71 230.23 229.76 230.24 230.04 226.79 229.74 228.76 227.97 225.88 225.03 224.77 223.27 223.69 222.97 222.45 222.41 225.33 224.48 226.03
227.14 226.03 226.23 224.35 223.09 227.07 225.19 226.37 225.14 224.62 226.35 225.89 226.97 227.34 227.29 228.13 228.09 228.96 229.43 230.14 230.47 230.83 230.99 231.08 231.04 230.85 230.50 230.07 228.00 226.04 226.04 228.22 229.05 229.05 229.10 229.02 229.31 229.16 229.18 228.97 229.06 229.45 230.37 230.97 230.62 230.22 230.53 230.78 230.77 230.89 224.71 221.08 221.45 218.88 224.14 230.76 230.35 229.94 230.66 231.05 231.08 231.05 230.62 230.96 230.71 230.48 225.59 228.99 222.42 228.15 219.24 219.09 218.91 220.03 221.19 222.86 225.06 223.86 223.68 221.02 223.05 225.27 224.57 224.41 224.74 224.56 223.64 225.76 225.52 225.52 224.66 227.39 227.42 227.72 228.70 229.44 229.26 229.76 230.59 230.66 230.39 230.35 230.86 230.78 230.81 230.95 231.05 230.97 229.87 229.31 231.04 230.67 231.01 230.95 231.00 231.04 231.02 230.98 230.90 230.88 230.78 230.97 230.88 230.92 230.94 230.92 230.77 230.47 230.39 230.40 230.72 230.89 231.07 230.95 230.91 231.07 230.83 230.66 230.97 230.73 230.46 230.41 230.24 230.47 230.47 230.65 230.72 230.35 230.47 230.78 231.06 230.99 231.07 230.89 230.63 230.77 230.60 230.12 230.60 230.13 229.68 226.85 225.39 227.70 227.89 225.38 225.62 226.36 225.25 224.98 224.28 223.53 222.81 221.13 221.66 221.84 225.00 230.15 224.65 225.40
225.02 225.30 225.84 225.84 221.36 222.39 224.43 224.06 222.27 223.45 224.06 225.32 226.20 226.34 226.44 226.11 226.56 228.10 229.01 229.72 230.28 230.69 230.92 231.07 231.06 230.95 230.72 230.44 228.43 226.54 226.92 227.84 228.83 229.00 229.11 229.26 228.96 228.97 229.26 228.97 230.65 230.92 229.63 230.66 230.46 229.08 230.23 226.91 225.15 228.12 230.30 230.64 230.04 219.97 226.34 225.44 224.13 230.27 231.02 231.08 231.07 231.06 230.99 230.92 228.45 223.92 222.81 224.38 230.46 230.22 224.02 219.02 219.10 219.71 219.33 219.87 221.53 224.55 224.73 223.70 223.36 223.99 223.71 224.87 224.48 224.98 225.68 226.22 226.43 226.03 226.39 225.80 227.43 227.75 227.85 227.62 227.60 229.30 230.26 230.01 230.86 230.87 230.71 230.78 231.02 230.90 230.82 230.95 230.97 230.96 230.86 230.88 230.77 231.01 231.04 231.04 231.04 230.84 230.82 230.91 230.98 231.06 230.97 231.07 230.99 230.75 230.88 230.79 230.41 230.41 230.53 230.61 231.06 231.07 230.98 230.79 230.86 230.78 230.84 230.67 230.40 230.45 230.08 230.15 230.23 230.15 229.86 229.97 230.02 229.51 231.07 231.05 231.07 230.89 231.05 230.22 226.92 228.75 228.75 228.90 226.85 225.45 225.92 226.58 224.12 222.86 223.90 223.02 222.88 223.07 222.90 222.97 222.29 221.40 220.75 220.69 222.41 223.55 223.94 224.96
224.64 224.07 223.50 223.74 224.85 221.13 221.42 221.50 220.97 223.04 224.15 226.37 225.52 224.90 223.96 223.34 223.37 225.12 228.57 228.66 229.72 230.32 230.73 231.00 231.08 231.03 230.90 230.54 229.90 228.86 227.99 228.15 228.83 228.92 229.17 229.34 229.33 229.95 229.52 229.10 229.34 229.54 229.79 230.33 230.89 229.50 229.86 230.08 230.81 230.71 230.56 230.32 226.22 226.30 227.66 230.79 230.92 230.84 226.37 225.41 231.02 230.97 230.88 230.89 230.22 230.68 229.72 230.33 230.33 229.90 228.53 225.64 221.22 226.81 226.96 221.12 219.73 220.36 225.85 224.99 221.50 222.70 223.02 223.73 224.12 225.05 225.90 225.82 225.07 225.71 226.26 226.61 226.09 227.78 227.82 227.31 227.59 227.73 228.85 228.56 230.17 230.96 230.90 230.79 230.55 230.79 230.85 230.89 230.83 230.92 230.52 230.44 230.59 231.00 231.05 231.02 231.07 231.04 231.06 230.95 231.03 230.88 231.02 230.99 230.90 231.00 230.43 230.92 230.49 230.45 230.62 230.93 230.89 231.05 230.83 230.84 230.45 230.65 230.59 230.45 230.56 230.28 229.38 229.24 229.51 229.80 228.00 228.88 229.89 230.26 230.73 230.98 230.37 230.60 230.68 230.03 223.70 226.70 219.88 223.62 224.76 226.06 225.94 223.76 223.74 221.98 221.92 222.30 222.32 221.90 221.71 221.80 220.97 221.03 221.04 220.82 220.71 221.61 222.71 223.75
223.65 223.90 222.80 222.61 223.34 220.09 220.06 220.54 222.14 221.53 225.23 227.73 223.81 221.12 221.41 220.79 225.68 228.43 225.24 227.04 228.29 229.79 230.04 230.70 231.01 231.08 231.02 230.74 230.42 229.69 229.05 228.93 228.73 228.71 229.24 229.52 229.74 229.85 229.87 229.61 229.48 229.85 230.08 230.55 230.68 230.71 230.93 230.94 230.89 230.74 230.68 230.58 230.79 228.89 229.61 230.97 231.06 231.05 230.96 222.52 231.00 230.67 230.69 230.16 230.34 230.18 226.87 229.59 229.26 228.28 227.44 226.65 219.05 224.73 225.27 221.55 222.73 222.06 224.13 223.77 222.93 222.94 221.48 222.69 223.91 224.55 224.06 224.97 225.07 225.36 225.69 226.30 226.73 226.93 227.47 227.64 229.05 227.68 227.71 227.53 229.85 230.48 230.78 230.66 230.35 230.75 230.70 230.55 230.61 230.61 230.36 230.34 230.58 230.81 230.95 231.06 231.08 230.57 230.57 230.93 230.96 230.87 230.94 230.57 231.03 230.91 230.97 230.59 230.56 230.32 230.68 230.58 230.67 230.71 230.45 229.00 230.66 230.02 230.25 230.55 230.26 230.15 228.53 228.53 229.57 227.44 228.12 229.41 230.02 230.39 230.75 230.71 230.78 230.64 230.34 228.74 223.66 223.64 223.40 225.12 223.10 223.58 223.75 224.12 223.21 221.81 222.51 223.68 221.05 220.87 221.02 220.62 220.46 220.32 220.35 220.32 220.55 220.93 222.21 222.47
222.10 222.44 222.18 221.42 221.09 220.03 219.96 220.78 221.20 223.65 225.91 228.26 223.25 221.31 220.17 222.63 225.16 223.66 224.22 226.85 227.52 228.49 229.31 230.20 230.77 231.06 231.06 230.89 230.63 230.26 229.66 229.28 228.36 227.38 229.38 229.67 229.84 230.00 230.10 230.12 230.14 230.58 230.74 230.86 230.94 231.06 231.08 231.06 231.01 230.81 229.94 230.30 222.32 230.97 231.00 231.05 231.02 230.91 230.86 228.73 230.60 230.33 230.20 230.29 229.98 229.82 229.84 226.92 226.58 227.10 223.89 226.33 219.90 219.82 223.24 223.19 223.93 223.68 223.40 222.42 220.82 221.23 221.84 223.53 223.28 223.49 224.16 224.98 225.48 225.68 225.46 224.95 226.17 226.43 227.28 227.60 229.32 227.76 227.82 227.63 229.81 230.15 230.39 230.60 230.33 230.46 230.51 230.31 230.24 230.15 229.95 230.00 230.74 230.89 230.91 231.01 231.07 230.63 230.78 230.81 230.79 230.98 230.93 231.01 230.88 230.84 230.72 230.60 229.75 230.09 230.47 230.56 230.51 230.32 229.09 229.39 229.88 227.29 230.15 230.37 230.06 229.82 228.22 228.05 227.86 227.22 227.65 229.91 229.63 230.37 230.46 230.40 229.21 229.07 227.92 223.81 222.29 221.57 222.48 222.66 221.13 221.79 223.02 223.15 221.70 222.28 223.86 222.31 221.15 220.75 220.64 220.53 220.50 220.29 220.23 220.29 220.76 220.71 221.31 221.86
221.70 222.37 221.43 220.44 220.77 220.38 219.94 220.09 221.04 222.81 225.43 225.31 221.91 220.25 220.14 221.18 222.11 222.86 226.98 225.03 226.68 226.69 229.17 230.47 230.88 230.95 231.07 230.95 230.67 230.54 230.32 230.02 228.62 226.96 227.53 229.85 229.95 230.03 230.21 230.39 230.60 230.74 230.83 230.94 231.03 231.08 231.05 230.96 230.64 229.83 230.98 230.95 230.90 231.01 231.06 231.06 230.94 230.68 230.62 229.99 230.30 230.12 228.68 230.12 229.92 229.64 229.90 224.70 228.55 227.45 225.69 220.48 218.86 218.95 224.81 223.92 223.79 223.39 224.65 220.39 224.58 220.45 222.61 223.83 222.77 222.90 224.01 225.08 224.62 225.51 225.64 225.19 225.97 226.03 226.29 227.37 227.70 228.87 228.77 229.30 229.38 229.24 229.76 228.74 230.28 230.53 230.43 229.69 229.98 230.03 229.95 230.57 230.27 230.56 230.87 230.95 230.79 230.78 230.94 230.70 230.82 230.91 230.87 230.85 230.85 230.78 230.65 230.36 230.25 230.01 228.92 229.46 228.14 228.25 227.64 228.20 229.02 229.22 228.59 229.43 228.10 227.88 226.74 226.84 226.46 227.83 229.51 229.67 229.53 230.10 229.63 228.40 225.29 224.40 224.11 223.63 222.19 221.46 221.82 221.19 221.70 221.70 222.22 221.37 221.53 222.14 222.95 221.38 220.96 220.79 220.60 220.46 220.45 220.35 220.30 220.30 220.25 220.47 220.70 221.09
220.21 220.50 220.36 220.06 219.79 219.70 219.77 219.96 220.25 222.75 223.57 223.22 220.04 219.76 219.79 220.33 220.87 224.83 225.38 223.72 224.74 227.95 229.69 230.64 231.00 230.56 231.00 230.73 230.67 230.71 230.67 230.72 230.48 228.44 229.43 230.03 229.89 229.96 230.25 230.50 230.69 230.79 230.86 230.85 231.08 231.05 230.89 230.68 230.35 228.65 228.58 230.91 231.06 231.02 230.90 230.70 230.50 230.37 230.27 229.77 229.76 230.11 230.41 228.46 227.87 229.25 228.85 227.25 226.98 225.77 225.18 224.27 219.26 219.05 220.04 220.80 220.22 220.79 221.58 221.49 223.51 224.08 222.51 223.31 223.81 222.58 224.32 225.43 224.95 225.04 224.58 225.15 225.44 225.96 226.42 227.24 227.38 228.28 227.80 228.45 228.44 228.46 228.51 229.17 229.14 230.27 229.84 228.91 227.73 230.03 229.88 230.30 230.69 230.72 230.82 230.46 230.65 230.66 230.87 230.68 230.80 230.88 230.89 230.81 230.80 230.74 230.54 230.36 229.99 229.75 227.10 225.19 223.87 223.23 221.50 223.44 227.54 227.98 228.55 227.50 227.34 226.48 225.95 226.59 226.87 228.56 228.77 229.22 229.53 230.09 227.70 223.73 224.19 224.95 224.55 222.37 221.81 221.35 221.20 220.92 221.90 220.97 221.30 221.06 221.19 221.85 221.56 221.07 220.92 220.82 220.76 220.53 220.44 220.41 220.42 220.32 220.26 220.20 220.14 220.11
220.26 219.96 219.78 219.99 219.64 219.61 219.71 219.76 219.97 221.05 221.72 222.12 219.72 219.53 219.53 219.74 222.14 225.69 222.35 223.01 225.56 229.28 230.37 230.76 230.51 230.40 230.64 231.07 230.73 230.69 230.78 230.92 230.99 230.90 230.55 230.23 229.78 229.67 230.33 230.63 230.80 230.88 230.91 230.83 231.07 230.86 230.58 230.28 229.64 227.87 226.95 230.61 230.64 230.32 230.04 229.58 229.79 229.70 229.59 229.19 228.17 229.52 230.19 229.85 229.34 228.01 227.10 226.65 226.40 224.86 222.99 220.05 222.87 221.15 219.17 219.60 220.93 222.99 223.58 223.44 224.24 223.13 223.88 223.39 222.38 223.52 223.76 225.14 224.78 225.12 225.36 225.27 226.42 226.62 226.78 226.89 227.05 226.98 227.52 228.35 228.28 228.43 228.73 228.50 228.78 228.88 228.70 229.01 228.75 230.30 230.09 230.84 230.72 230.79 230.60 230.77 230.74 230.63 230.69 230.70 230.79 230.86 230.91 230.88 230.44 230.68 230.55 230.21 229.63 228.41 225.30 219.20 219.07 219.07 219.10 219.30 220.98 224.50 225.70 226.03 226.27 225.12 225.75 226.84 226.65 228.24 228.82 228.66 229.89 229.71 223.86 224.27 223.54 223.35 222.82 222.60 221.59 221.24 220.98 220.93 221.08 221.22 221.02 221.04 221.02 221.05 221.05 221.11 220.92 220.89 220.89 220.70 220.58 220.51 220.46 220.34 220.25 220.20 220.12 220.03
220.10 219.91 219.81 219.77 219.64 219.60 219.61 219.65 219.75 220.29 221.15 220.22 219.51 219.41 219.38 219.70 222.67 221.01 221.30 222.86 226.89 228.96 228.66 229.39 229.75 229.86 230.34 230.96 230.55 230.63 230.78 231.02 231.06 231.03 230.85 230.46 229.17 229.16 230.57 230.78 230.88 230.94 230.97 231.03 230.97 230.76 230.49 230.02 229.31 228.18 226.82 226.56 229.79 229.86 229.87 229.79 229.46 229.09 228.68 228.31 228.07 228.80 229.89 228.83 227.47 226.86 225.97 225.52 225.19 224.07 222.41 219.96 219.00 219.91 219.13 222.57 222.93 223.34 221.16 221.04 221.51 223.38 223.09 222.81 223.47 224.47 224.42 225.20 224.71 225.54 225.16 225.49 225.67 225.17 226.84 227.18 227.53 226.81 227.87 228.75 228.75 228.58 228.26 228.61 228.88 228.23 229.50 227.41 228.73 228.44 229.43 230.22 230.50 230.77 230.74 230.68 230.73 230.69 230.69 230.66 230.81 230.76 230.90 230.48 229.84 230.75 230.53 230.08 228.40 224.31 219.30 218.99 219.03 219.04 219.05 219.11 219.15 219.70 224.21 224.39 224.05 224.83 226.22 225.92 228.20 229.08 228.83 227.69 228.60 228.66 224.43 223.01 222.67 222.19 221.91 222.04 221.13 220.92 221.12 220.90 220.83 221.13 221.04 221.08 220.96 220.98 221.08 221.09 221.13 221.10 221.03 221.27 220.74 220.57 220.64 220.33 220.18 220.10 220.06 219.97
219.89 219.87 220.14 220.00 219.59 219.61 219.59 219.64 219.51 220.03 220.71 219.62 219.36 219.31 219.34 220.11 220.93 220.08 221.48 224.62 225.33 226.53 227.02 227.75 228.52 229.37 230.01 230.89 230.79 230.75 230.94 231.08 231.08 231.01 231.06 230.67 228.76 227.56 230.16 230.89 230.94 231.00 231.04 231.08 230.99 230.76 230.41 229.85 229.23 228.04 226.77 226.46 227.23 229.33 229.48 229.46 229.15 228.70 228.30 227.73 227.12 227.55 228.09 227.77 227.32 225.69 223.98 223.76 223.43 221.98 219.94 219.75 219.82 219.04 221.41 221.58 221.28 221.75 220.86 222.86 222.84 223.19 223.49 223.06 222.75 223.56 224.00 223.31 224.03 223.94 224.97 225.32 225.92 225.58 226.29 225.05 226.79 227.47 227.71 227.30 227.26 229.05 229.60 229.76 228.40 227.95 227.66 229.13 229.35 229.69 229.81 229.71 230.12 229.84 230.32 230.59 230.73 230.70 230.70 230.81 230.76 230.80 230.95 229.46 230.66 230.75 230.39 229.59 227.20 221.22 219.14 218.97 218.96 218.98 219.02 219.05 219.10 219.26 220.06 221.81 222.97 223.22 226.27 227.32 227.40 227.76 226.16 225.19 225.87 225.79 223.48 222.14 221.67 222.19 221.19 220.79 221.07 221.13 221.42 221.34 220.67 221.66 221.81 221.54 221.18 221.02 221.42 221.27 221.63 221.55 221.53 220.84 220.78 220.56 220.75 220.35 220.19 220.07 219.98 219.99
219.77 219.79 219.94 219.86 219.51 219.50 219.45 219.48 219.32 219.42 219.58 219.26 219.22 219.25 219.30 219.36 219.96 219.92 221.52 223.62 224.55 225.26 226.55 227.65 228.65 229.30 230.17 230.90 231.08 231.05 231.06 231.06 231.06 231.06 231.04 231.05 229.14 225.98 226.65 230.88 230.98 231.03 231.07 231.07 230.99 230.72 230.22 229.69 228.84 228.07 227.03 226.33 226.50 228.79 229.09 229.13 228.78 228.27 227.96 227.44 226.92 227.89 228.24 226.54 225.48 224.38 222.54 221.62 220.95 221.39 219.05 219.35 221.55 219.01 220.29 221.76 219.38 222.33 222.90 222.11 223.04 223.36 223.91 224.22 223.53 223.28 222.78 223.30 223.62 223.98 224.89 225.18 225.09 225.11 224.57 226.30 225.31 227.48 227.18 226.93 227.43 227.57 228.47 229.68 228.00 228.29 225.14 228.25 226.94 229.83 229.37 229.49 229.60 229.18 229.76 230.32 230.73 230.52 230.28 230.78 230.64 230.72 230.85 230.91 230.82 230.46 229.95 228.82 225.26 220.28 218.97 218.95 218.93 218.98 219.04 219.05 219.13 219.20 219.63 221.09 221.96 225.96 224.92 225.64 226.58 224.70 223.37 222.69 222.71 222.45 221.77 221.06 220.44 220.34 220.80 220.54 220.83 220.83 221.56 221.97 222.53 223.18 222.96 222.74 222.36 222.09 222.01 222.03 221.90 221.24 223.60 221.39 220.89 220.87 220.86 220.19 220.10 220.14 221.38 220.02
219.98 219.68 220.60 220.71 219.52 219.55 219.40 219.33 219.29 219.24 219.19 219.14 219.14 219.16 219.19 219.33 219.50 220.11 223.86 223.51 224.18 225.80 226.78 227.51 228.76 229.59 230.14 230.57 231.01 231.01 231.04 231.04 231.04 231.02 230.95 230.88 230.90 226.86 227.60 230.51 230.92 231.06 231.08 231.05 230.08 230.48 229.98 229.41 228.63 228.07 226.84 226.41 226.29 228.52 228.77 228.59 228.21 227.81 227.53 227.17 227.00 226.72 225.92 226.63 224.64 222.07 221.12 220.41 220.12 219.23 219.11 219.42 220.36 220.65 221.15 219.47 220.76 221.25 222.96 224.13 224.18 223.32 223.85 223.50 223.57 223.59 219.15 223.48 220.92 224.03 225.07 224.85 224.83 224.00 224.31 226.43 226.37 226.10 225.69 225.57 225.86 227.85 228.35 228.07 227.69 227.19 227.66 226.72 225.01 228.49 228.72 227.82 229.06 229.28 229.60 229.96 230.30 230.15 229.93 230.04 230.09 230.61 230.69 230.66 230.57 230.33 229.61 227.76 223.82 220.11 218.97 218.96 218.97 219.00 219.06 219.07 219.11 219.17 219.45 220.50 221.25 223.56 223.17 222.83 222.89 222.47 222.56 221.09 221.59 220.74 220.45 220.22 219.80 219.64 219.59 220.03 220.20 220.94 222.13 223.72 225.37 226.16 225.08 224.98 224.05 223.41 223.14 222.45 222.58 222.42 222.26 223.00 221.00 221.00 220.68 220.63 220.18 220.51 223.15 221.37
220.09 219.63 219.61 219.38 219.42 219.53 219.32 219.20 219.18 219.13 219.09 219.03 219.04 219.06 219.07 219.22 220.03 221.28 223.26 223.36 226.49 230.78 228.83 228.45 230.00 229.84 230.32 230.44 230.67 230.95 230.98 231.01 231.01 230.98 230.95 230.90 230.89 231.01 230.27 230.48 230.98 231.08 231.05 230.98 230.76 230.12 229.73 229.14 228.59 228.10 227.10 226.42 226.07 228.23 228.25 228.30 227.97 227.46 227.13 227.04 226.75 226.76 226.97 225.46 221.84 220.77 220.20 219.85 219.79 219.25 219.04 219.27 219.61 220.09 219.48 220.31 221.10 221.19 221.81 222.18 221.95 223.19 225.52 219.97 223.08 223.47 223.21 223.59 223.52 223.49 221.37 223.19 224.45 224.86 224.85 225.59 225.40 225.11 224.85 224.34 225.06 225.22 227.22 227.50 227.16 227.04 227.52 224.71 225.98 229.16 228.47 228.32 228.02 228.02 229.36 229.53 229.86 230.15 230.04 230.03 230.30 230.13 230.38 230.31 229.90 229.86 229.09 226.40 222.12 219.00 218.99 219.03 218.97 219.02 219.06 219.08 219.14 219.17 219.39 220.07 220.76 221.15 221.67 221.82 221.96 221.78 221.42 220.96 220.18 219.99 219.75 219.59 219.58 219.47 219.45 219.50 219.98 221.10 223.14 225.21 226.70 227.51 228.28 227.53 226.78 224.82 223.93 223.32 223.24 222.87 222.62 222.46 221.72 221.09 220.97 220.90 220.53 219.95 221.58 219.13
219.69 219.50 219.46 219.32 220.08 219.34 219.29 219.21 219.10 219.07 219.03 218.99 218.97 218.98 218.96 219.64 220.64 220.94 222.35 222.28 227.79 228.22 226.09 225.94 226.89 230.03 230.38 230.41 230.11 230.63 230.85 230.97 230.99 230.97 230.94 230.89 230.88 230.97 231.03 231.01 231.08 231.07 231.03 230.95 230.71 230.08 229.49 228.88 228.36 227.85 227.38 226.08 226.32 228.75 228.67 227.64 227.65 227.29 227.10 226.87 226.59 226.09 225.12 222.63 221.47 220.11 219.70 219.42 219.19 219.14 219.36 219.12 219.22 219.46 219.32 220.00 220.70 220.52 220.90 222.24 222.86 224.29 222.74 221.60 223.58 223.28 223.17 219.48 223.32 222.53 223.24 223.49 224.63 224.94 224.41 223.92 224.34 224.26 224.30 223.64 223.75 224.44 226.02 226.47 225.29 225.48 225.47 225.67 227.95 228.68 228.12 228.01 228.49 228.92 229.09 229.30 229.78 230.58 230.16 230.00 229.93 229.95 230.03 229.93 229.80 229.45 227.26 225.76 221.65 219.12 219.02 219.00 219.02 219.06 219.07 219.07 219.12 219.24 219.37 219.61 220.05 219.87 220.26 220.25 220.33 219.94 219.84 219.69 219.55 219.45 219.37 219.37 219.35 219.26 219.31 219.32 219.59 221.19 223.12 226.27 227.87 229.04 229.66 229.64 228.78 225.93 224.52 224.19 224.21 223.63 222.98 222.26 221.62 221.16 221.27 220.75 219.86 219.89 220.15 219.96
219.76 219.46 219.32 219.27 219.23 219.32 219.28 219.16 219.06 219.02 218.98 218.94 218.93 218.92 218.91 219.48 220.44 221.56 224.49 223.18 227.04 228.29 226.12 225.92 226.65 230.88 229.99 229.73 229.65 229.90 230.61 230.92 231.01 231.03 231.02 230.93 230.86 230.87 231.04 231.06 231.05 231.04 231.02 230.96 230.80 230.33 229.31 228.70 228.06 227.79 227.38 225.89 226.97 226.59 228.81 228.22 227.62 227.35 226.94 226.85 226.06 226.05 224.08 221.49 220.25 219.68 219.24 219.16 219.02 219.02 218.96 219.02 219.05 219.12 219.20 219.75 220.03 219.93 219.43 221.71 222.54 223.19 222.82 222.46 219.48 223.84 223.39 224.28 223.39 223.08 222.99 222.96 221.73 223.77 223.93 223.50 223.83 223.83 223.93 223.67 223.57 225.02 220.92 225.06 224.27 226.29 227.11 225.77 227.21 227.50 228.02 228.39 228.99 229.13 229.07 228.40 230.01 229.50 230.07 229.45 229.07 228.53 229.86 229.78 229.62 229.16 227.66 228.12 223.61 220.40 219.32 219.05 219.09 219.09 219.11 219.15 219.16 219.19 219.28 219.36 219.38 219.39 219.27 219.37 219.35 219.37 219.26 219.24 219.22 219.16 219.12 219.16 219.08 219.10 219.12 219.24 219.47 221.18 224.32 227.25 229.38 230.16 230.33 229.95 229.79 230.57 225.96 225.18 224.65 224.06 223.24 222.36 221.64 221.13 220.96 220.21 221.32 219.69 219.77 219.58
219.24 219.32 219.36 219.16 219.08 219.09 219.11 219.04 218.97 218.95 218.92 218.90 218.89 218.89 218.89 219.48 220.53 223.41 224.36 222.65 224.17 229.66 228.06 227.45 228.73 230.44 228.98 228.98 229.22 229.76 230.37 230.82 231.02 231.06 231.08 231.07 230.89 230.88 230.95 231.00 231.02 231.01 230.99 230.94 230.81 230.37 228.74 228.76 228.36 227.87 227.83 226.71 225.72 225.00 228.40 228.21 228.03 227.54 227.34 226.62 226.10 225.81 222.85 221.30 220.06 219.13 219.07 219.03 218.97 218.95 218.95 218.98 219.06 219.06 219.12 219.45 219.57 219.53 220.32 221.66 222.02 221.20 221.96 222.53 223.87 223.04 222.22 223.28 223.04 222.67 223.11 223.11 223.59 223.75 222.93 223.32 223.70 223.54 223.61 223.62 223.28 224.75 225.62 224.10 226.16 225.51 224.33 228.41 227.10 225.60 228.53 228.94 229.12 228.85 228.67 228.30 229.49 229.46 230.70 228.83 228.63 228.76 230.17 229.79 229.19 229.17 227.86 228.34 226.69 224.24 220.75 220.29 219.45 219.33 219.33 219.18 219.18 219.18 219.18 219.20 219.18 219.10 219.10 219.09 219.06 219.08 219.03 219.01 219.01 219.03 219.00 219.02 219.00 219.06 219.03 219.03 219.19 220.82 224.78 228.52 230.32 230.55 230.63 230.65 230.12 228.87 227.11 226.15 225.31 224.26 223.11 222.38 221.71 221.27 220.55 220.38 221.45 219.59 219.59 219.46
219.24 219.19 219.15 219.08 219.04 218.99 218.97 218.93 218.91 218.90 218.88 218.88 218.87 218.88 218.87 219.40 221.08 223.96 222.72 221.68 221.59 226.17 228.31 230.10 229.67 226.72 228.10 228.41 228.91 229.91 230.48 230.81 230.99 231.07 231.08 231.07 230.99 230.87 230.91 231.00 231.01 231.04 230.99 230.92 230.91 230.12 229.70 229.13 228.84 228.37 228.02 227.59 226.74 225.42 226.55 227.59 224.57 220.86 221.91 224.88 225.67 226.64 222.60 221.15 219.87 219.14 219.00 218.96 218.92 218.90 218.93 218.90 219.05 219.09 218.98 219.18 219.21 219.18 219.32 220.33 221.53 222.94 223.90 222.84 223.46 223.13 222.95 222.75 222.84 223.56 222.57 222.42 222.74 223.21 222.39 222.19 221.54 224.39 222.71 222.89 223.56 224.49 225.46 224.50 224.41 224.77 224.80 225.87 227.24 226.49 227.66 228.59 228.58 229.08 229.11 228.99 228.52 229.51 230.53 229.02 228.69 229.20 226.06 227.47 229.37 229.47 228.75 228.06 227.72 225.86 224.06 222.51 221.21 220.29 219.61 219.29 219.19 219.13 219.08 219.06 219.06 218.96 219.01 218.93 218.91 218.89 218.87 218.89 218.84 218.87 218.86 218.88 218.89 218.89 218.87 218.92 218.96 220.28 225.03 228.84 230.12 230.62 230.76 230.95 231.04 230.04 228.16 226.60 225.16 224.22 223.09 222.25 221.40 220.82 220.12 220.59 219.77 219.60 220.25 219.30
219.16 219.13 219.14 219.01 218.95 218.95 218.91 218.91 218.90 218.88 218.87 218.87 218.87 218.87 218.87 219.32 221.75 223.09 222.72 223.53 221.47 222.08 222.17 222.27 224.07 226.06 228.60 228.06 229.31 230.17 230.68 230.87 231.03 231.08 231.06 230.99 231.00 230.92 230.88 231.01 230.98 230.99 230.97 231.00 230.74 230.07 229.48 229.21 229.01 228.76 229.12 228.17 227.99 224.75 228.11 227.92 227.65 227.83 223.98 220.55 220.28 224.19 221.86 219.53 219.17 218.96 218.92 218.91 218.89 218.87 218.88 218.89 218.91 218.95 219.11 219.03 219.04 219.00 218.94 219.55 220.05 222.09 222.61 221.81 221.93 222.47 222.14 222.44 222.32 223.23 222.63 221.66 222.45 222.38 222.32 221.54 221.97 222.61 223.11 222.69 224.67 224.46 223.79 224.42 224.91 223.24 223.87 226.09 225.09 225.68 227.41 226.61 226.94 226.84 225.55 228.82 228.13 229.99 229.40 230.36 229.81 229.95 229.79 229.39 229.32 229.05 229.24 229.06 227.37 228.19 224.70 222.42 222.50 220.99 219.53 219.20 219.12 219.00 218.97 218.94 218.90 218.88 218.86 218.83 218.81 218.79 218.78 218.78 218.78 218.79 218.80 218.80 218.80 218.81 218.82 218.85 218.91 219.01 222.77 227.34 230.23 230.65 230.99 227.43 230.96 230.22 228.06 226.30 225.25 224.03 222.44 222.42 221.20 220.55 219.80 219.73 219.55 219.66 219.32 219.24
219.05 219.01 218.99 219.03 218.91 218.99 218.88 218.87 218.87 218.87 218.86 218.86 218.87 218.87 218.86 219.15 221.23 222.99 222.67 222.92 223.20 222.76 225.49 224.57 224.43 225.53 226.68 228.95 229.82 230.35 230.77 230.95 231.05 231.08 231.00 230.98 231.04 230.84 230.70 230.94 230.87 230.89 230.87 231.03 230.92 230.12 229.63 229.38 229.20 229.49 229.91 229.70 227.75 226.66 225.10 223.93 224.34 222.78 222.19 219.96 221.81 225.05 219.21 219.05 218.97 218.94 218.94 218.90 218.86 218.86 218.94 218.87 218.87 218.90 219.01 218.89 218.97 218.93 218.90 218.91 219.57 220.17 220.72 221.02 220.86 221.73 222.38 222.70 222.31 222.25 222.08 221.91 222.26 222.50 222.10 222.73 221.84 222.18 223.59 224.58 221.90 225.01 223.88 223.79 226.39 222.37 227.61 225.49 225.04 226.20 226.33 225.95 226.19 226.47 227.01 226.45 226.85 224.52 228.15 229.21 228.50 226.18 229.43 228.75 228.17 229.83 230.18 228.36 226.20 227.92 224.30 223.12 221.45 219.80 219.23 219.05 218.94 218.93 218.89 218.86 218.83 218.80 218.79 218.78 218.78 218.78 218.78 218.78 218.78 218.78 218.78 218.78 218.78 218.79 218.81 218.83 218.88 218.97 219.75 226.65 229.58 230.49 230.99 231.06 230.96 228.93 226.77 225.51 224.71 223.59 223.21 221.27 220.66 220.12 219.65 219.44 219.43 219.36 219.23 219.10
218.95 218.93 218.90 218.88 218.86 218.86 218.85 218.84 218.84 218.85 218.85 218.84 218.85 218.92 218.85 218.87 219.33 221.85 223.53 223.35 223.28 223.08 225.62 226.12 223.56 224.91 228.06 229.24 230.00 230.53 230.83 230.99 231.05 231.08 230.83 230.95 231.07 230.83 230.75 230.87 230.69 230.65 230.69 230.60 230.39 230.09 229.58 229.26 229.29 230.05 229.89 229.38 229.31 226.55 226.12 225.52 225.41 223.16 222.54 221.24 221.48 220.15 219.31 219.60 220.15 219.06 218.98 218.92 218.87 218.84 218.86 218.84 218.85 218.83 218.84 218.86 218.89 218.87 218.85 218.84 218.86 219.38 219.77 220.28 220.08 221.35 221.97 218.78 221.84 222.19 221.65 220.88 221.80 221.84 222.79 222.44 221.86 221.99 223.35 223.40 224.19 223.58 223.94 223.67 225.04 225.76 227.07 226.27 225.96 227.15 226.08 226.32 225.10 223.60 223.97 224.08 226.11 228.18 228.48 228.66 227.88 228.76 229.15 228.75 229.17 227.78 224.77 223.32 223.56 222.65 221.94 221.04 219.64 219.28 219.09 218.93 218.90 218.85 218.81 218.79 218.78 218.78 218.78 218.79 218.80 218.82 218.82 218.79 218.81 218.79 218.78 218.78 218.78 218.78 218.79 218.81 218.84 218.88 219.16 222.72 226.79 228.95 230.11 230.18 229.19 226.42 225.29 224.67 224.08 223.32 221.68 220.86 220.07 219.64 219.37 219.21 219.19 219.16 219.03 218.98
218.86 218.88 218.85 218.84 218.84 218.84 218.83 218.82 218.82 218.83 218.83 218.83 218.83 218.83 218.84 218.85 219.07 219.70 220.41 220.61 221.45 221.98 223.55 223.75 222.65 227.53 228.60 229.42 230.26 230.61 230.87 230.86 231.06 231.08 231.03 231.03 231.07 230.80 230.77 230.78 230.62 230.52 230.36 230.35 230.18 229.94 229.62 229.17 229.40 230.35 229.40 229.12 228.95 228.16 227.76 227.18 226.11 225.76 224.72 221.63 222.68 220.40 219.84 219.52 219.19 219.16 219.00 218.94 218.92 218.84 218.83 218.83 218.82 218.80 218.81 218.79 218.84 218.83 218.81 218.83 218.84 218.89 219.14 219.11 219.45 220.10 221.16 222.17 221.44 221.05 220.87 221.36 221.82 222.24 220.43 221.52 222.34 223.25 223.61 222.46 224.24 224.02 223.27 223.36 224.55 224.83 226.56 226.43 225.84 226.56 226.86 227.01 225.10 224.14 224.52 224.58 226.69 228.05 227.38 227.11 227.56 224.89 228.54 228.91 227.33 228.12 226.01 222.57 223.07 221.97 220.82 219.58 219.42 219.10 218.99 218.90 218.84 218.80 218.78 218.78 218.78 218.80 218.88 218.83 218.86 218.87 218.86 218.85 218.83 218.81 218.79 218.78 218.81 218.78 218.78 218.78 218.80 218.82 218.94 219.39 222.30 224.35 225.50 225.77 225.99 227.42 223.83 223.77 223.32 222.68 224.13 218.99 219.49 221.50 219.11 219.56 219.01 218.99 218.97 218.88
218.82 219.07 218.84 218.84 218.82 218.82 218.82 218.81 218.82 218.82 218.82 218.81 218.82 218.82 218.81 218.82 218.83 219.03 219.75 222.22 221.57 221.66 221.31 221.88 225.94 228.18 228.94 229.71 230.00 230.76 230.94 231.03 231.08 231.06 231.00 231.02 231.07 230.87 230.67 230.60 230.45 230.28 230.19 230.09 230.24 229.97 229.97 230.16 230.22 230.01 229.42 228.81 228.68 228.86 227.99 226.66 225.92 225.51 225.68 225.29 225.43 225.30 222.76 219.59 219.55 219.00 218.94 218.92 218.90 218.85 218.82 218.79 218.79 218.79 218.79 218.78 218.78 218.78 218.79 218.81 218.79 218.79 218.85 219.00 219.32 219.75 220.52 221.29 220.29 221.05 221.22 222.56 221.45 221.52 221.57 222.33 222.03 223.31 222.38 222.17 224.66 224.91 223.80 225.42 222.20 226.10 225.70 226.87 225.89 227.74 228.35 227.64 225.94 225.20 225.79 226.94 227.06 226.31 227.29 225.05 225.50 224.93 225.29 227.68 226.37 224.16 223.93 222.22 221.32 220.06 219.71 219.30 219.14 219.00 218.91 218.84 218.79 218.78 218.78 218.79 218.82 218.84 218.87 218.89 218.94 218.89 218.87 218.87 218.85 218.80 218.82 218.80 218.79 218.78 218.78 218.78 218.78 218.78 218.80 218.83 218.93 219.15 219.35 220.05 221.74 224.25 221.20 222.17 222.52 221.69 221.37 219.55 219.19 219.11 218.99 218.94 218.92 218.87 218.85 218.83
218.79 218.81 218.81 218.81 218.81 218.81 218.81 218.81 218.81 218.81 218.80 218.81 218.81 218.81 218.80 218.82 218.81 218.83 219.25 225.80 222.82 221.92 222.57 225.19 228.72 228.21 229.01 229.76 230.42 230.87 231.04 231.07 230.97 230.89 230.82 230.79 230.94 231.06 230.89 230.43 230.20 230.09 229.99 230.04 230.69 230.58 229.77 229.41 229.93 230.10 229.44 229.59 229.92 229.61 228.50 226.72 225.75 225.11 224.98 224.73 224.59 224.84 222.91 219.72 219.07 218.97 218.92 218.92 218.87 218.84 218.82 218.78 218.79 218.78 218.78 218.78 218.78 218.78 218.78 218.78 218.78 218.79 218.79 218.99 219.14 219.48 219.66 219.91 220.44 220.26 222.01 221.78 221.60 220.98 220.09 222.50 222.26 222.79 222.11 222.88 222.94 223.26 223.47 223.87 224.08 225.53 226.37 223.74 226.55 228.23 225.63 227.90 227.68 228.04 228.38 228.57 227.78 227.09 226.56 224.09 223.84 224.24 221.53 222.41 223.10 221.79 221.67 221.25 220.30 219.75 219.36 219.13 219.04 218.92 218.86 218.80 218.78 218.78 218.81 218.83 218.85 218.87 218.92 218.96 218.98 218.97 218.93 218.92 218.87 218.86 218.83 218.81 218.81 218.79 218.79 218.78 218.78 218.78 218.78 218.78 218.80 218.84 218.87 218.90 219.01 219.11 219.43 220.35 221.02 220.80 220.76 219.72 219.83 219.02 218.95 218.91 218.87 218.82 218.80 218.79
218.79 218.80 218.80 218.81 218.80 218.80 218.80 218.80 218.80 218.80 218.80 218.80 218.80 218.81 218.81 218.82 218.83 218.85 218.86 222.47 222.58 223.11 224.51 226.16 227.90 228.04 228.94 229.71 230.34 230.98 231.04 230.84 230.52 230.27 230.26 230.47 230.65 230.70 231.02 230.94 230.30 229.80 229.71 229.78 229.95 230.19 229.97 229.72 229.46 228.64 229.95 230.17 230.35 230.54 229.69 228.02 225.95 225.32 225.09 225.19 224.70 225.05 221.66 219.44 219.08 218.98 218.92 218.89 218.87 218.81 218.80 218.78 218.78 218.78 218.78 218.78 218.79 218.79 218.79 218.78 218.78 218.78 218.78 218.78 218.81 218.86 218.87 218.97 219.25 219.02 220.40 220.93 221.71 221.88 221.14 221.78 221.65 220.95 222.47 221.47 222.14 221.24 222.75 221.11 222.19 222.44 224.33 225.27 226.00 227.32 227.88 228.23 228.26 228.84 228.83 228.82 228.32 226.14 221.35 222.46 223.23 224.20 223.26 223.88 221.68 221.17 220.87 220.67 219.64 219.42 219.18 219.00 218.93 218.88 218.80 218.78 218.78 218.80 218.82 218.87 218.90 218.95 218.99 219.00 219.01 219.02 219.00 218.96 218.95 218.90 218.88 218.86 218.84 218.81 218.83 218.82 218.79 218.78 218.78 218.78 218.79 218.81 218.87 218.91 219.04 219.09 219.31 219.64 219.99 220.02 220.26 219.55 219.90 218.94 218.92 218.88 218.82 218.81 218.79 218.79
218.79 218.79 218.79 218.80 218.90 218.79 218.79 218.85 218.79 218.80 218.80 218.80 218.81 218.81 218.82 218.83 218.83 218.82 218.88 219.20 224.14 224.86 223.64 225.79 225.94 227.77 228.52 229.32 230.52 231.07 230.80 230.25 229.82 229.75 229.53 229.69 230.42 230.54 230.74 231.06 230.66 229.73 229.45 229.54 229.96 229.88 230.14 230.84 229.84 229.72 229.76 229.96 230.51 230.73 230.45 229.29 227.28 226.23 225.57 225.66 223.72 223.47 223.21 220.26 219.06 218.94 218.91 218.89 218.84 218.81 218.78 218.78 218.78 218.78 218.79 218.80 218.81 218.82 218.82 218.85 218.79 218.79 218.79 218.78 218.78 218.85 218.80 218.85 219.05 219.11 219.32 219.93 219.96 220.21 220.35 221.22 221.81 222.04 220.60 221.19 221.19 219.07 221.15 222.81 220.09 223.32 223.94 224.23 225.02 224.89 226.31 227.85 223.71 228.49 228.37 227.02 227.79 226.85 221.83 221.58 221.46 221.53 221.38 220.86 220.72 220.43 220.08 219.63 219.48 219.20 219.05 218.93 218.90 218.82 218.79 218.78 218.78 218.80 218.85 218.87 218.98 219.03 219.04 219.04 219.04 219.05 219.02 219.01 218.98 219.00 218.93 218.92 218.87 218.87 218.85 218.84 218.82 218.78 218.78 218.78 218.79 218.80 218.84 218.91 219.03 219.04 219.17 219.31 219.40 219.56 219.68 220.53 223.47 218.91 218.89 218.88 218.82 218.79 218.79 218.79
218.79 218.78 218.78 218.78 218.79 218.79 218.80 218.79 218.80 218.80 218.80 218.80 218.81 218.80 218.82 218.82 218.83 218.91 218.97 219.19 219.91 221.14 222.70 223.85 225.36 226.71 227.59 229.15 230.60 231.06 230.63 230.16 229.96 229.91 229.42 229.69 230.33 230.62 230.85 231.07 230.51 229.57 229.39 229.49 230.24 229.73 230.03 230.49 230.12 230.27 230.26 230.44 230.45 230.28 229.94 229.58 228.16 226.36 226.26 226.51 224.96 223.36 223.25 220.74 219.21 218.90 218.87 218.91 218.82 218.79 218.78 218.78 218.78 218.79 218.81 218.83 218.84 218.85 218.85 218.84 218.84 218.83 218.81 218.85 218.85 218.78 218.78 218.78 218.83 218.83 219.09 218.86 219.02 219.28 219.25 219.93 220.63 219.70 221.43 220.69 218.97 218.97 219.01 221.95 220.63 224.30 224.97 223.09 222.84 223.76 224.87 223.90 221.02 221.68 225.44 224.25 220.99 225.18 221.14 221.57 221.27 221.32 220.18 220.02 219.73 219.98 219.57 219.51 219.21 219.02 218.96 218.92 218.85 218.81 218.78 218.78 218.81 218.82 218.91 218.95 218.99 219.05 219.06 219.06 219.06 219.04 219.05 219.03 219.02 218.98 218.96 218.97 218.96 218.92 218.88 218.85 218.82 218.81 218.79 218.78 218.78 218.81 218.84 218.89 219.00 219.00 219.05 219.13 219.14 219.34 221.21 220.19 221.22 218.99 218.90 218.84 218.83 218.80 218.80 218.78
218.79 218.78 218.78 218.78 218.79 218.79 218.79 218.79 218.79 218.79 218.80 218.79 218.80 218.79 218.81 218.82 218.86 218.92 219.10 219.55 220.29 221.22 222.37 223.45 224.59 225.59 226.91 228.03 229.87 230.92 231.00 230.61 230.34 230.25 230.19 230.27 230.58 230.76 231.02 230.23 229.12 228.66 229.09 229.21 229.14 230.04 229.64 230.56 230.18 230.15 230.31 230.12 230.75 230.23 229.11 229.43 228.96 227.19 226.05 224.41 224.58 224.29 223.22 220.70 219.22 218.88 218.82 218.81 218.79 218.78 218.78 218.78 218.81 218.82 218.94 218.85 218.87 218.86 218.88 218.88 218.87 218.86 218.83 218.83 218.84 218.80 218.78 218.78 218.78 218.78 218.80 218.81 218.82 218.88 219.00 219.36 219.60 219.99 219.27 219.05 218.92 218.99 219.98 219.09 219.97 219.10 219.37 219.12 224.26 224.70 225.49 220.85 224.72 225.95 220.45 220.24 220.83 221.36 221.20 220.52 220.35 220.31 219.44 219.35 219.51 219.51 219.44 219.13 219.00 218.96 218.99 218.86 218.85 218.79 218.78 218.79 218.82 218.83 218.90 218.97 219.02 219.05 219.04 218.99 219.06 219.04 219.02 218.99 219.04 218.95 218.96 218.95 218.92 218.91 218.91 218.87 218.84 218.82 218.78 218.78 218.78 218.81 218.87 218.90 218.94 218.99 219.06 219.03 219.05 219.24 219.67 220.27 221.98 219.04 218.85 218.85 218.80 218.80 218.79 218.78
218.78 218.78 218.78 218.78 218.78 218.78 218.79 218.79 218.80 218.79 218.79 218.80 218.80 218.81 218.81 218.85 218.91 219.03 219.29 219.67 220.49 221.35 222.24 222.95 223.55 224.30 225.27 226.53 228.28 229.98 230.65 230.93 230.97 230.85 230.59 230.51 230.79 231.05 230.60 229.57 228.60 228.10 228.14 227.82 227.32 226.75 226.50 227.37 229.49 230.34 230.74 230.30 229.13 229.27 229.21 228.38 225.97 226.81 226.03 224.05 223.26 221.84 220.92 219.85 219.18 218.85 218.83 218.79 218.78 218.78 218.78 218.81 218.83 218.86 218.85 218.90 218.90 218.90 218.93 218.93 218.88 218.90 218.88 218.87 218.85 218.83 218.80 218.80 218.79 218.78 218.78 218.78 218.79 218.82 218.83 218.85 219.10 219.25 218.94 219.01 219.45 219.83 220.29 219.04 219.61 219.11 219.05 219.03 220.45 221.33 223.09 220.37 221.25 221.78 220.22 221.03 221.77 220.39 220.21 219.91 220.03 219.56 219.40 219.21 219.21 219.12 219.09 219.07 218.96 218.92 218.88 218.87 218.80 218.78 218.78 218.81 218.84 218.89 218.92 218.97 219.01 219.06 219.06 219.06 219.05 219.01 219.03 219.03 219.02 219.01 218.97 218.99 218.97 218.89 218.91 218.90 218.86 218.81 218.78 218.78 218.79 218.84 218.89 218.91 218.92 218.95 218.96 218.96 218.97 219.02 219.13 219.49 220.83 218.95 218.95 218.90 218.82 218.78 218.78 218.78
218.78 218.78 218.78 218.78 218.78 218.78 218.79 218.79 218.80 218.78 218.79 218.79 218.80 218.81 218.85 218.87 218.99 219.12 219.35 219.70 220.51 221.01 221.59 222.02 222.58 223.18 224.03 224.53 225.54 226.83 227.93 228.31 228.29 228.40 230.28 230.53 229.71 229.08 228.91 228.77 228.26 227.95 228.04 227.81 227.11 226.39 226.36 226.55 229.27 230.28 229.42 228.26 225.88 227.36 226.88 224.45 225.71 222.07 225.82 224.35 222.81 221.26 219.85 219.15 218.90 218.82 218.79 218.78 218.78 218.78 218.81 218.83 218.85 218.87 218.89 218.88 218.86 218.82 218.94 218.94 218.92 218.94 218.91 218.90 218.87 218.86 218.85 218.83 218.81 218.79 218.78 218.78 218.78 218.78 218.80 218.79 218.83 218.87 218.87 218.86 218.91 219.00 218.85 218.99 219.34 219.02 219.64 219.35 219.09 219.87 220.41 219.75 219.86 219.49 219.43 221.44 220.17 219.89 219.68 219.41 219.40 219.29 219.11 219.22 219.04 219.03 219.02 219.00 218.93 218.90 218.83 218.81 218.78 218.78 218.86 218.87 218.85 218.88 218.92 218.96 219.01 219.05 219.05 219.04 219.04 219.03 219.02 219.01 218.98 219.02 219.00 218.99 218.94 218.94 218.94 218.88 218.83 218.79 218.78 218.96 218.86 218.80 218.85 218.86 218.88 218.90 218.90 218.93 218.92 218.94 218.97 219.08 219.02 218.98 218.93 218.84 218.82 218.79 218.79 218.78
218.78 218.78 218.78 218.78 218.78 218.78 218.78 218.78 218.79 218.79 218.79 218.80 218.80 218.83 218.87 218.93 219.06 219.17 219.35 219.65 220.09 220.42 220.90 221.40 222.17 222.65 222.97 223.42 223.77 224.28 224.77 225.25 225.66 226.02 226.53 226.35 226.18 226.32 227.28 227.83 227.93 227.44 227.54 228.33 227.81 227.14 227.01 226.96 224.62 229.15 221.05 219.97 219.59 221.05 221.15 224.30 224.05 223.95 221.73 223.65 221.28 220.02 219.20 218.93 218.91 218.79 218.78 218.78 218.78 218.82 218.82 218.85 218.88 218.88 218.89 218.90 218.92 218.95 218.97 218.96 218.96 218.94 218.93 218.92 218.91 218.89 218.88 218.84 218.83 218.82 218.80 218.79 218.78 218.78 218.78 218.78 218.80 218.79 218.79 218.81 218.90 218.83 218.98 219.03 219.25 219.02 219.24 218.97 219.05 219.31 219.49 219.32 219.42 219.54 219.92 219.30 219.37 219.28 219.20 219.25 219.23 219.16 219.05 219.06 219.06 219.00 219.02 218.96 218.92 218.87 218.81 218.79 218.78 218.78 218.83 218.86 218.84 218.89 218.89 218.95 218.99 219.01 219.04 219.03 219.02 219.02 219.01 219.01 218.99 218.95 219.00 218.96 218.92 218.90 218.89 218.84 218.81 218.79 218.78 219.02 218.99 218.79 218.82 218.83 218.84 218.85 218.85 218.87 218.90 218.88 218.91 218.90 219.25 219.13 218.81 218.83 218.82 218.78 218.78 218.78
218.78 218.78 218.78 218.78 218.78 218.78 218.79 218.79 218.78 218.79 218.79 218.81 218.83 218.85 218.90 218.98 219.11 219.28 219.44 219.66 220.39 220.27 220.69 221.30 221.54 221.97 222.37 222.70 223.08 223.31 223.74 224.21 224.72 224.99 224.96 224.88 225.36 225.61 226.41 227.06 227.34 227.25 227.07 226.84 227.18 226.38 225.26 223.77 221.32 220.50 219.90 219.58 219.31 219.19 219.18 220.14 222.81 223.38 222.32 220.24 219.63 219.15 218.94 218.80 218.80 218.78 218.78 218.79 218.81 218.83 218.87 218.90 218.92 218.92 218.94 218.95 218.96 218.93 219.03 219.06 218.97 218.96 218.98 218.88 218.94 218.91 218.87 218.86 218.87 218.84 218.83 218.81 218.79 218.78 218.78 218.78 218.78 218.80 218.82 218.79 218.80 218.80 218.98 219.09 219.00 218.86 219.59 218.97 219.01 219.12 219.12 219.14 219.15 219.12 219.04 219.15 219.11 219.13 219.06 219.05 219.06 219.02 219.05 219.04 219.00 218.99 219.02 218.94 218.90 218.87 218.83 218.79 218.78 218.78 218.80 218.81 218.85 218.87 218.92 218.95 218.97 218.99 219.03 219.02 219.03 219.02 218.99 219.02 219.01 218.98 218.97 218.93 218.92 218.87 218.81 218.82 218.80 218.78 218.78 218.77 218.78 218.79 218.80 218.81 218.82 218.82 218.84 218.83 218.86 218.87 218.88 218.87 218.91 218.83 218.82 218.85 218.82 218.78 218.78 218.78
218.78 218.78 218.78 218.78 218.78 218.78 218.78 218.79 218.79 218.81 218.80 218.81 218.85 218.88 218.95 219.09 219.36 219.32 219.40 219.59 219.77 219.95 220.36 220.67 221.05 221.37 221.77 222.20 222.39 222.81 223.13 223.31 223.72 223.90 223.83 223.93 224.00 224.57 225.41 226.04 226.46 226.51 226.28 225.97 225.17 224.07 223.32 222.18 221.09 220.09 219.59 219.38 219.24 219.13 219.06 219.00 220.33 220.14 220.91 219.20 218.84 218.80 218.79 218.78 218.78 218.78 218.81 218.83 218.85 218.87 218.92 218.94 218.95 218.96 218.98 219.00 219.01 218.99 219.02 219.01 218.98 219.00 218.98 218.99 218.96 219.00 218.97 218.91 218.90 218.85 218.85 218.83 218.81 218.80 218.78 218.78 218.78 218.86 218.78 218.78 218.80 218.80 218.83 218.87 219.05 219.03 219.04 218.91 218.97 218.94 218.98 218.98 219.04 218.99 218.99 219.02 218.96 218.93 218.99 218.94 218.98 219.00 219.06 219.02 218.99 219.02 219.03 218.95 218.91 218.88 218.82 218.79 218.78 218.78 218.78 218.79 218.81 218.85 218.86 218.88 218.89 218.92 218.93 218.96 218.97 218.98 218.96 218.96 218.92 218.92 218.92 218.92 218.86 218.83 218.81 218.79 218.80 218.78 218.78 218.78 218.78 218.78 218.79 218.80 218.80 218.81 218.81 218.82 218.90 218.86 218.88 218.84 218.85 218.85 218.83 218.80 218.78 218.78 218.78 218.78
218.77 218.77 218.78 218.79 218.78 218.80 218.79 218.79 218.79 218.80 218.80 218.83 218.85 218.90 218.92 219.06 218.93 219.53 219.34 219.43 219.56 219.75 219.91 220.04 220.49 220.86 221.20 221.64 222.00 222.22 222.48 222.54 222.80 222.72 222.86 222.78 223.14 223.40 223.76 224.31 224.93 224.95 225.29 225.05 224.43 223.35 222.20 220.52 219.73 219.38 219.27 219.24 219.31 219.08 218.99 218.91 218.86 218.84 218.80 218.78 218.78 218.78 218.79 218.80 218.82 218.85 218.86 218.88 218.90 218.93 218.96 218.98 218.99 219.01 219.03 219.01 219.02 219.02 219.04 219.07 219.00 219.01 219.02 219.00 219.03 218.98 218.93 218.93 218.89 218.89 218.87 218.86 218.83 218.81 218.79 218.78 218.78 218.78 218.78 218.78 218.78 218.78 218.80 218.81 218.81 218.85 218.87 218.87 218.87 218.90 218.90 218.90 218.93 218.89 218.92 218.88 218.85 218.86 218.87 218.88 218.94 218.96 218.99 219.01 219.05 219.04 218.95 218.90 218.90 218.88 218.83 218.79 218.78 218.78 218.78 218.78 218.80 218.81 218.82 218.83 218.84 218.86 218.87 218.89 218.90 218.89 218.89 218.89 218.83 218.84 218.86 218.84 218.83 218.80 218.79 218.80 218.78 218.78 218.78 218.78 218.78 218.78 218.79 218.79 218.80 218.80 218.81 218.83 218.84 218.83 218.82 218.87 218.86 218.86 218.81 219.01 218.78 218.78 218.78 218.78
218.77 218.77 218.78 218.78 218.78 218.78 218.79 218.80 218.80 218.79 218.82 218.84 218.84 218.89 218.93 218.95 219.27 219.19 219.30 219.32 219.41 219.50 219.65 219.80 219.95 220.20 220.57 220.94 220.94 221.32 221.45 221.65 221.78 221.72 221.84 221.83 221.95 222.14 222.33 223.08 223.32 223.69 223.83 223.72 223.17 222.11 221.05 220.31 219.56 219.37 219.23 219.15 219.08 219.00 218.92 218.86 218.82 218.79 218.78 218.78 218.80 218.81 218.83 218.84 218.86 218.87 218.90 218.92 218.94 218.98 218.98 219.11 219.04 219.04 219.05 219.07 219.06 219.04 219.05 219.04 219.03 219.08 219.00 219.01 218.85 219.20 218.95 218.93 218.92 218.89 218.90 218.86 218.84 218.83 218.82 218.80 218.79 218.78 218.78 218.78 218.78 218.78 218.79 218.82 218.83 218.83 218.83 218.86 218.82 218.84 218.86 218.84 218.82 218.82 218.82 218.81 218.80 218.82 218.84 218.89 218.92 218.91 218.93 218.97 218.97 218.95 218.98 218.93 218.89 218.88 218.83 218.81 218.79 218.79 218.78 218.78 218.78 218.79 218.79 218.79 218.81 218.80 218.82 218.84 218.85 218.84 218.83 218.84 218.83 218.81 218.82 218.81 218.82 218.81 218.79 218.80 218.78 218.79 218.78 218.78 218.78 218.78 218.78 218.79 218.79 218.81 218.81 218.82 218.85 218.82 218.83 218.84 218.80 218.82 218.83 218.79 218.78 218.78 218.78 218.78
218.78 218.77 218.78 218.78 218.78 218.78 218.80 218.78 218.78 218.78 218.79 218.81 218.83 218.85 218.89 218.97 218.95 219.02 219.08 219.15 219.22 219.32 219.46 219.58 219.59 219.65 219.72 219.88 220.01 220.19 220.31 220.57 220.72 220.63 220.40 220.64 220.67 220.65 221.09 221.58 221.82 222.00 221.99 221.37 221.04 220.26 219.85 219.58 219.34 219.21 219.13 219.01 218.97 218.91 218.85 218.82 218.79 218.78 218.78 218.80 218.84 218.84 218.89 218.91 218.91 218.93 218.96 218.98 218.99 218.99 219.03 219.02 219.04 219.07 219.08 219.08 219.06 219.09 219.11 219.09 219.05 219.05 219.05 219.02 219.01 219.00 218.99 218.98 218.95 218.90 218.87 218.88 218.85 218.84 218.80 218.81 218.81 218.79 218.78 218.78 218.78 218.78 218.78 218.78 218.78 218.79 218.81 218.81 218.81 218.80 218.79 218.79 218.79 218.79 218.80 218.79 218.79 218.79 218.83 218.85 218.85 218.88 218.92 218.91 218.95 218.94 218.97 218.93 218.90 218.89 218.85 218.85 218.80 218.79 218.79 218.81 218.78 218.78 218.78 218.78 218.79 218.78 218.79 218.80 218.79 218.79 218.79 218.79 218.79 218.79 218.79 218.80 218.79 218.79 218.79 218.79 218.79 218.78 218.78 218.78 218.78 218.78 218.78 218.79 218.79 218.80 218.84 218.83 218.84 218.82 218.81 218.81 218.80 218.80 218.79 218.79 218.78 218.79 218.78 218.78
218.78 218.78 218.78 218.78 218.78 218.78 218.78 218.78 218.78 218.79 218.80 218.80 218.81 218.84 218.87 218.89 218.93 218.96 219.00 219.07 219.14 219.16 219.21 219.27 219.34 219.37 219.45 219.51 219.56 219.57 219.58 219.65 219.61 219.60 219.66 219.71 219.74 219.71 219.79 219.65 219.91 219.94 219.92 219.82 219.75 219.62 219.50 219.34 219.16 219.06 219.03 218.90 218.85 218.82 218.79 218.78 218.78 218.78 218.80 218.81 218.86 218.90 218.93 218.95 218.98 219.09 218.95 219.03 219.04 219.04 219.07 219.03 219.06 219.11 219.13 219.12 219.11 219.12 219.08 219.09 219.07 219.07 219.05 219.06 219.03 219.02 218.99 218.97 218.94 218.91 218.89 218.87 218.87 218.84 218.84 218.84 218.80 218.79 218.79 218.78 218.78 218.78 218.78 218.78 218.78 218.78 218.79 218.78 218.78 218.78 218.78 218.78 218.78 218.78 218.79 218.78 218.78 218.79 218.79 218.83 218.81 218.82 218.95 218.88 218.90 218.92 218.96 218.97 218.94 218.90 218.90 218.88 218.85 219.07 218.86 218.80 218.80 218.80 218.78 218.78 218.78 218.79 218.78 218.78 218.78 218.78 218.78 218.78 218.78 218.78 218.78 218.78 218.78 218.78 218.78 218.78 218.78 218.78 218.78 218.78 218.78 218.78 218.78 218.78 218.78 218.82 218.80 218.80 218.82 218.81 218.82 218.80 218.79 218.80 218.78 218.78 218.79 218.78 218.78 218.79
218.78 218.78 218.78 219.00 218.78 218.78 218.78 218.78 218.78 218.78 218.78 218.79 218.80 218.81 218.82 218.83 218.85 218.87 218.93 219.00 219.16 219.02 219.05 219.09 219.11 219.13 219.18 219.17 219.17 219.23 219.24 219.28 219.30 219.33 219.38 219.42 219.43 219.41 219.42 219.44 219.45 219.41 219.40 219.34 219.26 219.21 219.13 219.09 218.99 218.92 218.85 218.82 218.79 218.78 218.78 218.78 218.80 218.82 218.85 218.86 218.89 218.93 218.97 219.01 219.01 219.02 219.07 219.06 219.06 219.06 219.08 219.06 219.09 219.09 219.10 219.12 219.11 219.08 219.07 219.09 219.08 219.07 219.04 219.02 219.00 218.92 218.94 218.92 218.92 218.91 218.90 218.87 218.84 218.83 218.84 218.80 218.79 218.79 218.79 218.78 218.78 218.78 218.78 218.78 218.78 218.78 218.78 218.78 218.78 218.78 218.78 218.78 218.78 218.78 218.78 218.78 218.78 218.79 218.78 218.79 218.80 218.81 218.81 218.83 218.85 218.87 218.91 218.92 218.93 218.93 218.93 218.90 218.88 218.88 218.85 218.82 218.81 218.81 218.79 218.82 218.79 218.81 218.78 218.78 218.79 218.78 218.78 218.78 218.78 218.78 218.78 218.78 218.78 218.78 218.78 218.78 218.77 218.78 218.77 218.77 218.78 218.78 218.78 218.78 218.79 218.78 218.78 218.78 218.81 218.80 218.80 218.79 218.81 218.79 218.78 218.78 218.78 218.78 218.78 218.78
218.78 218.78 218.78 218.78 218.78 218.78 218.78 218.78 218.78 218.78 218.78 218.78 218.78 218.78 218.84 218.80 218.81 218.82 218.86 218.84 218.85 218.89 218.90 218.91 218.93 218.94 219.01 218.98 218.99 219.01 219.04 219.07 219.08 219.11 219.15 219.20 219.20 219.19 219.23 219.23 219.23 219.18 219.13 219.08 219.02 218.97 218.94 218.89 218.86 218.82 218.80 218.80 218.78 218.78 218.80 218.83 218.87 218.91 218.93 218.94 218.96 219.00 219.02 219.01 219.05 219.06 219.07 219.04 219.06 219.08 219.04 219.05 219.09 219.09 219.09 219.10 219.10 219.07 219.07 219.07 219.07 219.04 219.02 218.93 219.00 218.43 218.86 218.89 218.91 218.89 218.89 218.86 218.86 218.83 218.82 218.81 218.80 218.79 218.79 218.79 218.78 218.78 218.78 218.78 218.78 218.78 218.78 218.78 218.78 218.78 218.77 218.77 218.78 218.78 218.78 218.78 218.78 218.78 218.78 218.78 218.78 218.79 218.79 218.83 218.83 218.88 218.86 218.89 218.90 218.96 218.91 218.92 218.92 218.91 218.87 218.89 218.86 218.85 218.87 218.83 218.81 218.82 218.80 218.80 218.81 218.79 218.79 218.79 218.79 218.79 218.78 218.78 218.78 218.78 218.80 218.78 218.78 218.78 218.78 218.78 218.78 218.78 218.78 218.78 218.78 218.78 218.78 218.79 218.78 218.79 218.78 218.78 218.78 218.78 218.78 218.78 218.78 218.78 218.81 218.79
218.78 218.78 218.79 218.78 218.78 218.79 218.79 218.78 218.78 218.78 218.78 218.78 218.78 218.78 218.78 218.78 218.78 218.78 218.78 218.78 218.82 218.80 218.83 218.84 218.85 218.89 218.85 218.86 218.89 218.90 218.91 218.95 218.94 218.98 219.00 219.04 219.04 219.04 219.06 219.05 219.03 219.00 218.94 218.93 218.90 218.86 218.83 218.80 218.78 218.78 218.78 218.79 218.81 218.84 218.88 218.93 218.98 219.02 219.06 219.10 219.12 219.11 219.08 219.06 219.06 219.06 219.05 219.06 219.08 219.07 219.08 219.08 219.06 219.09 219.08 219.07 219.06 219.02 219.07 219.06 219.04 219.02 218.97 218.95 218.94 218.90 218.90 218.90 218.89 218.89 218.87 218.85 218.85 218.83 218.82 218.80 218.80 218.79 218.79 218.78 218.78 218.78 218.78 218.78 218.78 218.78 218.78 218.78 218.78 218.78 218.78 218.78 218.78 218.78 218.78 218.78 218.78 218.78 218.78 218.78 218.78 218.80 218.79 218.79 218.81 218.82 218.82 218.86 218.89 218.89 218.92 218.95 218.94 218.94 218.99 218.91 218.90 218.89 219.05 218.86 218.85 218.83 218.82 218.84 218.83 218.82 218.87 218.80 218.81 218.80 218.80 218.79 218.79 218.78 218.78 218.78 218.78 218.78 218.78 218.78 218.78 218.78 218.78 218.78 218.78 218.78 218.77 218.78 218.78 218.78 218.78 218.78 218.78 218.78 218.78 218.78 218.78 218.78 218.78 218.78
218.78 218.79 218.79 218.79 218.79 218.79 218.79 218.79 218.78 218.80 218.78 218.78 218.78 218.78 218.78 218.78 218.78 218.78 218.78 218.78 218.78 218.77 218.78 218.78 218.79 218.79 218.87 218.80 218.80 218.84 218.80 218.85 218.84 218.87 218.90 218.93 218.92 218.92 218.92 218.91 218.91 218.86 218.84 218.82 218.81 218.79 218.78 218.78 218.80 218.82 218.83 218.85 218.87 218.90 218.92 218.96 218.99 219.00 219.04 219.05 219.05 219.06 219.06 219.05 219.04 219.05 219.05 219.06 219.04 219.06 219.07 219.05 219.08 219.07 219.03 219.05 219.04 219.02 219.02 219.01 218.98 218.97 218.98 218.95 218.91 218.92 218.88 218.87 218.86 218.85 218.85 218.83 218.81 218.81 218.81 218.79 218.79 218.79 218.78 218.78 218.78 218.78 218.78 218.78 218.78 218.78 218.78 218.77 218.77 218.78 218.79 218.78 218.78 218.78 218.78 218.78 218.78 218.78 218.78 218.79 218.79 218.79 218.79 218.79 218.81 218.82 218.82 218.83 218.84 218.85 218.87 218.90 218.91 218.94 218.97 219.00 218.97 218.92 218.89 218.90 218.89 218.89 218.87 218.87 218.87 218.86 218.85 218.84 218.84 218.84 218.82 218.84 218.82 218.80 218.79 218.78 218.79 218.78 218.78 218.78 218.78 218.78 218.78 218.78 218.78 218.78 218.78 218.78 218.78 218.77 218.78 218.78 218.78 218.78 218.79 218.79 218.78 218.78 218.78 218.78
218.79 218.80 218.81 218.80 218.79 218.80 218.91 218.79 218.80 218.80 218.79 218.79 218.80 218.79 218.80 218.80 218.80 218.79 218.81 218.78 218.78 218.78 218.78 218.78 218.78 218.78 218.78 218.78 218.78 218.79 218.79 218.78 218.78 218.80 218.79 218.80 218.80 218.80 218.80 218.80 218.81 218.78 218.78 218.78 218.78 218.78 218.79 218.81 218.82 218.85 218.87 218.89 218.89 218.88 218.91 218.91 218.92 218.94 218.95 218.95 218.94 218.97 218.97 218.98 219.03 219.00 219.01 219.02 219.05 219.02 219.04 219.03 219.02 219.04 219.01 218.99 218.99 219.00 218.99 218.96 218.95 218.94 218.93 218.91 218.89 218.88 218.87 218.86 218.85 218.83 218.81 218.80 218.80 218.81 218.79 218.79 218.79 218.78 218.78 218.78 218.78 218.77 218.78 218.78 218.78 218.78 218.77 218.78 218.78 218.78 218.78 218.78 218.78 218.78 218.78 218.78 218.78 218.78 218.80 218.79 218.80 218.79 218.79 218.81 218.81 218.81 218.82 218.82 218.83 218.85 218.86 218.86 218.87 218.88 218.92 218.91 218.93 218.95 218.97 218.98 219.02 219.03 219.00 218.97 218.95 218.92 218.89 218.88 218.85 218.86 218.83 218.84 218.84 218.83 218.81 218.81 218.79 218.78 218.78 218.78 218.78 218.78 218.78 218.78 218.77 218.78 218.78 218.78 218.78 218.78 218.78 218.78 218.78 218.78 218.78 218.79 218.80 218.78 218.79 218.79
218.81 218.83 218.83 218.82 218.81 218.83 218.84 218.83 218.83 218.84 218.86 218.83 218.84 218.81 218.86 218.83 218.82 218.82 218.80 218.80 218.81 218.78 218.78 218.79 218.78 218.79 218.78 218.84 218.80 218.79 218.80 218.78 218.78 218.78 218.78 218.78 218.78 218.78 218.77 218.78 218.78 218.79 218.79 218.79 218.81 218.81 218.82 218.83 218.84 218.86 218.88 218.91 218.90 218.90 218.90 218.90 218.89 218.88 218.87 218.89 218.90 218.91 218.92 218.92 218.93 218.96 218.97 218.95 218.95 218.96 218.99 219.01 219.00 218.97 218.99 218.99 219.00 218.97 218.94 218.91 218.92 218.90 218.88 218.87 218.88 218.87 218.86 218.84 218.83 218.83 218.81 218.79 218.79 218.79 218.79 218.78 218.78 218.78 218.78 218.78 218.78 218.78 218.77 218.78 218.78 218.78 218.78 218.78 218.78 218.78 218.78 218.78 218.78 218.78 218.78 218.78 218.78 218.78 218.79 218.80 218.79 218.79 218.79 218.81 218.81 218.82 218.83 218.82 218.84 218.84 218.85 218.87 218.86 218.88 218.87 218.88 218.90 218.92 218.93 218.92 218.91 218.90 218.89 218.89 218.88 218.87 218.86 218.86 218.84 218.84 218.84 218.82 218.83 218.81 218.82 218.82 218.79 218.79 218.78 218.79 218.78 218.78 218.78 218.78 218.78 218.78 218.78 218.78 218.78 218.79 218.80 219.12 218.78 219.27 218.78 218.79 218.81 218.81 218.79 218.80
218.81 218.84 218.82 218.83 218.84 218.86 218.83 218.85 218.85 218.85 218.86 218.84 218.85 218.87 218.85 218.86 218.86 218.83 218.85 218.85 218.83 218.86 218.87 218.89 218.85 218.81 218.82 218.82 218.78 218.79 218.80 218.79 218.81 218.82 218.83 218.80 218.79 218.79 218.78 218.80 218.80 218.80 218.82 218.82 218.82 218.81 218.82 218.83 218.84 218.87 218.88 218.88 218.88 218.89 218.89 218.93 218.88 218.88 218.89 218.89 218.92 218.93 218.94 218.94 218.94 218.93 218.92 218.93 218.94 218.92 218.95 218.95 218.95 218.95 218.94 218.95 218.93 218.93 218.90 218.90 218.88 218.88 218.86 218.91 218.85 218.83 218.82 218.81 218.81 218.81 218.80 218.79 218.79 218.78 218.78 218.78 218.79 218.78 218.78 218.77 218.78 218.78 218.78 218.78 218.78 218.78 218.78 218.78 218.78 218.78 218.78 218.78 218.78 218.78 218.78 218.78 218.79 218.78 218.79 218.79 218.79 218.80 218.81 218.79 218.79 218.80 218.82 218.82 218.82 218.84 218.82 218.83 218.83 218.84 218.86 218.85 218.86 218.86 218.87 218.87 218.88 218.85 218.85 218.90 218.87 218.85 218.84 218.83 218.85 218.85 218.84 218.82 218.82 218.81 218.80 218.80 218.80 218.79 218.78 218.78 218.78 218.78 218.78 218.78 218.78 218.78 218.78 218.78 218.78 218.79 218.79 218.79 218.79 218.82 218.82 218.83 218.83 218.83 218.82 218.81
218.86 218.83 218.79 218.78 218.80 218.85 218.83 218.79 218.78 218.84 218.86 218.86 218.87 218.86 218.86 218.82 218.91 218.92 218.82 218.82 218.79 218.80 218.92 218.98 218.87 218.83 218.82 218.84 218.83 218.82 218.82 218.82 218.83 218.82 218.79 218.81 218.80 218.81 218.80 218.81 218.83 218.82 218.80 218.80 218.82 218.84 218.84 218.85 218.86 218.87 218.87 218.88 218.85 218.90 218.91 218.92 218.93 218.93 218.93 218.93 218.94 218.84 218.82 218.87 218.90 218.89 218.89 218.90 218.88 218.88 218.89 218.90 218.90 218.90 218.89 218.89 218.88 218.89 218.89 218.89 218.87 218.85 218.84 218.84 218.83 218.82 218.80 218.80 218.81 218.80 218.80 218.79 218.79 218.78 218.78 218.78 218.78 218.78 218.78 218.78 218.77 218.77 218.78 218.78 218.78 218.78 218.78 218.78 218.78 218.78 218.78 218.78 218.78 218.79 218.79 218.79 218.78 218.79 218.79 218.81 218.80 218.80 218.79 218.79 218.79 218.79 218.80 218.80 218.81 218.82 218.81 218.82 218.83 218.85 218.96 218.87 218.84 218.83 218.83 218.83 218.84 218.84 218.84 218.84 218.84 218.85 218.83 218.84 218.83 218.85 218.83 218.82 218.82 218.81 218.80 218.80 218.79 218.79 218.80 218.79 218.78 218.78 218.77 218.78 218.78 218.78 218.78 218.79 218.79 218.78 218.79 218.78 218.79 218.81 218.80 218.83 218.85 218.85 218.83 218.85
218.80 218.80 218.79 218.80 218.80 218.80 218.79 218.79 218.80 218.79 218.80 218.78 218.81 218.80 218.80 218.82 218.82 218.83 218.83 218.82 218.81 218.84 218.83 218.84 218.85 218.86 218.84 218.80 218.81 218.79 218.80 218.81 218.81 218.81 218.81 218.82 218.81 218.83 218.82 218.82 218.82 218.83 218.83 218.82 218.81 218.81 218.82 218.83 218.83 218.85 218.87 218.86 218.87 218.88 218.89 218.89 218.88 218.90 218.92 218.91 218.93 218.93 218.93 218.93 218.92 218.92 218.94 218.92 218.89 218.88 218.86 218.86 218.84 218.84 218.85 218.81 218.81 218.81 218.83 218.84 218.81 218.82 218.81 218.84 218.78 218.82 219.09 219.02 218.79 219.27 218.93 218.79 218.93 219.12 218.82 219.17 219.17 218.82 218.96 219.21 219.16 219.03 218.93 218.78 218.78 218.79 218.78 218.78 218.78 218.78 218.78 218.78 218.78 218.78 218.79 218.79 218.79 218.79 218.79 218.83 218.82 218.85 218.80 218.80 218.81 218.80 218.80 218.81 218.81 218.81 218.80 218.80 218.81 218.81 218.81 218.81 218.80 218.80 218.81 218.81 218.81 218.82 218.84 218.83 218.83 218.85 218.88 218.87 218.86 218.84 218.83 218.84 218.82 218.81 218.81 218.79 218.80 218.79 218.79 218.79 218.78 218.78 218.78 218.78 218.77 218.78 218.78 218.78 218.78 218.79 218.79 218.79 218.79 218.79 218.80 218.79 218.79 218.81 218.81 218.81
218.87 218.86 218.85 218.83 218.85 218.85 218.84 218.85 218.84 218.84 218.83 218.82 218.82 218.81 218.81 218.80 218.80 218.79 218.79 218.79 218.79 218.79 218.78 218.78 218.78 218.78 218.78 218.78 218.78 218.79 218.80 218.79 218.79 218.81 218.80 218.82 218.82 218.79 218.89 218.87 218.87 218.83 218.79 218.80 218.80 218.81 218.82 218.82 218.79 218.79 218.80 218.82 218.88 218.83 218.81 218.91 219.15 219.12 219.04 218.96 218.82 218.79 218.79 218.79 218.80 218.81 218.84 218.78 218.78 218.80 218.79 218.88 218.95 218.89 218.98 219.13 219.25 219.10 219.37 219.53 219.68 220.10 220.02 220.41 220.43 220.36 220.91 221.00 220.93 221.27 221.01 220.69 221.57 221.57 220.80 221.31 221.28 221.92 221.92 221.77 220.76 220.35 220.45 220.40 220.65 220.54 221.07 220.09 219.58 218.87 218.88 219.29 219.05 218.81 218.90 218.87 219.04 218.95 218.85 219.10 219.09 219.14 219.08 219.05 218.91 218.81 218.98 218.94 218.96 218.97 218.91 218.92 218.92 218.91 218.90 218.89 218.86 218.83 218.81 218.80 218.80 218.80 218.80 218.81 218.80 218.82 218.81 218.81 218.81 218.79 218.79 218.79 218.79 218.79 218.79 218.79 218.79 218.78 218.78 218.79 218.79 218.78 218.78 218.78 218.78 218.78 218.79 218.79 218.79 218.80 218.82 218.81 218.82 218.82 218.82 218.84 218.85 218.86 218.86 218.87
219.05 219.05 219.05 219.05 219.05 219.05 219.04 219.04 219.03 219.02 219.00 218.98 218.98 218.96 218.95 218.93 218.91 218.91 218.88 218.88 218.87 218.86 218.86 218.86 218.87 218.89 218.85 218.86 218.97 219.20 219.43 219.54 219.25 219.16 219.69 219.52 219.62 219.57 219.68 219.88 219.98 219.88 220.20 220.48 220.44 219.99 220.04 220.19 220.04 219.90 219.59 219.41 219.19 219.13 219.48 219.36 219.60 219.80 219.85 219.70 219.83 219.14 219.15 218.80 218.82 218.78 218.79 218.80 218.80 218.79 218.84 218.89 219.04 219.18 219.28 219.46 219.61 219.78 219.95 220.08 220.21 220.41 220.55 220.68 220.89 221.09 221.21 221.38 221.48 221.49 221.49 221.54 221.58 221.67 221.80 221.91 222.03 222.13 222.19 222.26 222.33 222.46 222.56 222.66 222.75 222.82 222.85 222.91 222.83 222.37 221.79 221.15 221.22 221.00 221.49 221.05 220.58 220.45 220.58 220.89 221.11 220.99 220.27 220.72 220.50 220.92 220.62 220.47 220.72 220.54 221.02 220.89 220.51 220.02 220.24 220.42 220.33 220.61 220.37 220.30 219.99 219.69 219.56 219.35 218.96 218.97 218.85 218.80 218.80 218.81 218.81 218.81 218.81 218.81 218.80 218.80 218.80 218.80 218.82 218.82 218.83 218.83 218.84 218.85 218.86 218.87 218.88 218.90 218.90 218.91 218.93 218.93 218.95 218.96 218.97 218.98 219.01 219.03 219.04 219.04
218.95 219.00 218.95 218.90 218.88 218.86 220.17 220.29 220.13 219.91 220.19 219.64 220.03 220.00 220.44 219.89 220.98 221.64 221.77 221.72 221.71 220.92 219.94 220.36 220.66 220.35 219.50 220.17 220.45 219.84 220.40 222.29 222.03 221.10 222.00 222.34 222.38 222.41 222.33 222.18 222.25 221.78 222.08 222.38 222.23 222.50 222.76 222.71 222.71 222.19 222.16 222.30 222.05 221.26 221.37 221.75 221.69 221.57 221.38 221.22 221.16 221.25 220.81 221.11 221.24 221.25 220.53 220.50 220.11 219.99 219.86 219.28 219.34 219.36 219.54 219.62 219.55 219.55 219.52 219.40 219.23 218.97 219.04 219.41 220.27 220.35 220.18 220.05 219.91 219.63 219.62 219.94 220.83 221.48 221.54 221.32 221.52 221.69 222.08 222.32 222.43 222.14 222.50 222.68 222.80 222.90 223.00 223.07 223.12 223.21 223.26 223.25 223.21 223.18 223.13 223.06 222.98 222.92 222.90 222.93 222.85 222.74 222.70 222.78 222.81 222.82 222.83 222.82 222.78 222.85 222.82 222.84 222.87 222.81 222.69 222.69 222.40 222.43 222.49 221.88 222.58 222.57 222.58 221.46 221.32 221.15 220.76 219.90 220.72 221.35 220.89 221.40 220.38 220.26 219.96 219.60 220.17 219.82 219.56 219.43 219.45 220.11 219.84 219.21 219.42 219.48 219.18 218.97 218.97 218.93 218.98 219.06 219.18 219.38 219.17 219.00 218.94 219.16 219.15 219.13
223.82 223.37 223.57 223.46 223.19 223.46 223.41 223.53 224.10 224.24 224.23 224.18 223.99 223.87 224.08 224.37 224.40 224.35 224.43 224.44 224.36 224.03 224.05 224.80 224.76 224.78 224.59 224.51 224.39 224.36 224.28 224.60 224.87 224.68 224.86 225.20 225.40 225.41 225.45 225.42 225.19 225.27 224.96 225.05 225.23 225.60 225.65 225.73 225.59 225.44 225.45 225.46 225.38 225.31 224.99 224.59 224.54 224.35 224.21 224.21 224.41 224.57 224.62 224.69 224.74 224.76 224.82 224.75 224.66 224.52 223.78 222.79 222.64 222.89 222.92 223.17 222.79 223.10 223.20 222.92 223.33 223.54 223.62 223.64 223.42 223.67 223.48 223.02 223.42 223.12 223.72 223.95 223.78 224.06 224.34 224.38 224.24 224.28 224.08 224.16 224.37 224.67 224.64 224.39 224.37 224.78 224.86 224.95 225.07 225.13 225.17 225.02 225.17 225.13 225.09 225.01 224.96 224.83 224.94 224.38 225.09 225.00 224.87 224.71 224.28 224.04 224.66 224.71 224.46 224.46 224.19 224.55 225.05 225.04 225.04 225.06 225.05 224.90 224.59 224.55 224.53 224.46 224.39 224.50 224.30 224.30 224.24 224.42 224.66 224.96 224.70 224.94 224.55 224.72 225.11 225.08 224.97 223.96 224.37 224.05 224.45 223.65 223.65 223.27 223.31 223.21 223.50 223.67 223.58 223.52 223.63 223.32 223.11 223.15 223.10 223.02 223.33 223.19 222.92 223.40
226.23 226.27 226.23 226.10 226.09 226.48 226.51 226.67 226.70 226.69 226.68 226.74 226.73 226.75 226.75 226.78 226.80 226.83 226.81 226.83 226.86 226.83 226.76 226.81 226.83 226.79 226.86 226.96 227.02 227.09 227.14 227.18 227.20 227.24 227.27 227.29 227.31 227.33 227.34 227.36 227.36 227.36 227.39 227.39 227.39 227.40 227.40 227.40 227.39 227.38 227.34 227.30 227.25 227.19 227.13 227.04 226.99 226.95 226.89 226.89 226.92 226.85 226.84 226.81 226.78 226.72 226.69 226.66 226.67 226.64 226.62 226.61 226.56 226.50 226.46 226.42 226.37 226.35 226.26 226.21 226.25 226.27 226.27 226.21 226.27 226.19 226.18 226.23 226.21 226.22 226.22 226.13 226.01 226.06 226.16 226.27 226.32 226.23 225.98 225.91 226.06 226.27 226.28 226.33 226.37 226.42 226.45 226.50 226.55 226.60 226.60 226.63 226.66 226.69 226.71 226.74 226.75 226.77 226.80 226.81 226.80 226.80 226.81 226.79 226.76 226.79 226.80 226.84 226.89 226.91 226.92 226.93 226.96 226.97 227.02 227.07 227.12 227.17 227.21 227.24 227.25 227.27 227.28 227.27 227.27 227.29 227.27 227.25 227.24 227.22 227.18 227.14 227.10 227.05 226.97 226.92 226.86 226.78 226.85 226.92 226.92 226.90 226.86 226.86 226.90 226.87 226.85 226.84 226.79 226.77 226.69 226.65 226.62 226.57 226.52 226.48 226.42 226.38 226.36 226.29
