Mars Surface Radiation Result (absorbed dose in thin silicon slab) (1E-6 Gy/day).
Column 1 is East longitude (°)
Line 1 is North latitude (°)

-179  -177  -175  -173  -171  -169  -167  -165  -163  -161  -159  -157  -155  -153  -151  -149  -147  -145  -143  -141  -139  -137  -135  -133  -131  -129  -127  -125  -123  -121  -119  -117  -115  -113  -111  -109  -107  -105  -103  -101  -99  -97  -95  -93  -91  -89  -87  -85  -83  -81  -79  -77  -75  -73  -71  -69  -67  -65  -63  -61  -59  -57  -55  -53  -51  -49  -47  -45  -43  -41  -39  -37  -35  -33  -31  -29  -27  -25  -23  -21  -19  -17  -15  -13  -11  -9  -7  -5  -3  -1  1  3  5  7  9  11  13  15  17  19  21  23  25  27  29  31  33  35  37  39  41  43  45  47  49  51  53  55  57  59  61  63  65  67  69  71  73  75  77  79  81  83  85  87  89  91  93  95  97  99  101  103  105  107  109  111  113  115  117  119  121  123  125  127  129  131  133  135  137  139  141  143  145  147  149  151  153  155  157  159  161  163  165  167  169  171  173  175  177  179  
--------------------------------------------------------------------------------------------------
-89°N ||     175.75 175.79 175.84 175.85 175.85 175.84 175.84 175.85 175.89 175.92 176.07 176.12 176.09 176.15 176.33 176.43 176.48 176.54 176.56 176.45 176.39 176.53 176.55 176.51 176.45 176.43 176.37 176.39 176.47 176.44 176.52 176.62 176.57 176.51 176.60 176.53 176.45 176.39 176.31 176.26 176.21 176.14 176.08 176.06 176.04 176.04 176.04 176.04 176.04 176.02 176.00 176.00 175.97 175.96 175.96 175.96 175.89 175.86 175.84 175.84 175.83 175.81 175.81 175.78 175.79 175.82 175.83 175.72 175.67 175.68 175.62 175.61 175.61 175.61 175.57 175.55 175.53 175.52 175.51 175.51 175.50 175.52 175.52 175.51 175.52 175.53 175.53 175.52 175.51 175.52 175.53 175.56 175.57 175.57 175.58 175.59 175.58 175.59 175.59 175.59 175.57 175.57 175.55 175.55 175.56 175.57 175.57 175.58 175.59 175.60 175.60 175.59 175.56 175.58 175.62 175.65 175.64 175.64 175.65 175.67 175.68 175.69 175.70 175.73 175.76 175.79 175.79 175.81 175.84 175.85 175.87 175.87 175.88 175.90 175.90 175.93 175.93 175.93 175.93 175.94 175.89 175.90 175.88 175.85 175.86 175.86 175.85 175.83 175.79 175.77 175.76 175.75 175.75 175.71 175.68 175.67 175.66 175.64 175.63 175.64 175.63 175.63 175.62 175.60 175.60 175.59 175.61 175.62 175.63 175.64 175.65 175.67 175.68 175.68 175.69 175.71 175.72 175.73 175.73 175.75
-87°N ||     177.56 177.64 177.66 177.78 177.75 177.82 177.73 177.72 177.69 177.61 177.60 177.59 177.49 177.38 177.33 177.31 177.33 177.34 177.33 177.29 177.29 177.33 177.46 177.49 177.47 177.42 177.42 177.32 177.40 177.24 177.47 177.49 177.34 177.32 177.32 177.32 177.29 177.25 177.28 177.26 177.22 177.26 177.23 177.20 177.17 177.15 177.15 177.09 177.05 177.00 176.87 177.01 176.83 176.58 176.61 176.55 176.44 176.33 176.27 176.24 176.40 175.93 176.00 175.77 175.70 175.69 175.64 175.61 175.59 175.56 175.50 175.45 175.51 175.49 175.25 175.20 175.13 175.04 175.01 175.17 174.89 174.72 174.71 174.62 174.60 174.61 174.63 174.65 174.68 174.71 174.74 174.75 174.76 174.75 174.76 175.14 175.05 175.21 175.08 175.28 175.27 175.27 175.36 175.37 175.40 175.48 175.54 175.69 175.78 175.83 175.70 175.69 175.72 175.74 175.76 175.76 175.81 175.84 175.91 175.91 175.98 176.03 176.04 176.09 176.16 176.15 176.16 176.23 176.30 176.28 176.35 176.36 176.37 176.43 176.56 176.69 176.77 176.91 176.84 176.67 176.53 176.49 176.46 176.43 176.39 176.40 176.35 176.10 176.07 176.05 176.05 176.06 176.10 176.10 176.09 176.09 176.15 176.26 176.34 176.34 176.41 176.48 176.56 176.60 176.71 176.80 176.90 176.95 177.10 177.14 177.32 177.32 177.34 177.33 177.41 177.30 177.05 177.18 177.54 177.75
-85°N ||     177.01 177.02 177.05 177.05 177.06 177.06 177.07 177.12 177.12 177.11 177.11 177.11 177.13 177.20 177.13 177.06 177.07 177.18 177.17 177.17 177.17 177.18 177.21 177.22 177.21 177.21 177.25 177.35 177.41 177.54 177.86 177.89 177.86 177.86 177.90 177.75 177.94 177.84 177.79 177.73 177.94 178.19 178.14 178.16 177.97 177.93 177.83 177.74 177.66 177.57 177.60 177.49 177.47 177.45 177.68 177.76 177.49 177.32 177.37 177.71 177.56 176.70 176.58 176.62 176.73 176.81 176.66 176.75 176.73 176.35 176.48 176.37 176.10 176.02 176.08 175.83 176.13 176.38 176.65 176.32 176.16 176.08 176.14 176.15 176.24 176.11 176.04 175.91 175.91 176.02 175.91 175.93 176.04 176.02 176.02 176.03 176.04 176.09 176.12 176.22 176.19 176.30 176.59 176.87 176.79 176.75 176.72 176.74 176.70 176.76 176.85 176.91 176.96 177.02 176.81 176.86 176.97 176.99 176.92 176.84 176.83 176.86 176.90 176.99 177.10 177.18 177.18 177.12 177.12 177.06 177.02 176.98 176.94 176.95 176.98 177.08 177.61 178.63 178.95 178.74 178.20 177.93 177.82 177.86 177.43 177.21 177.10 176.99 177.05 177.11 176.99 177.02 177.07 177.21 177.37 177.43 177.46 177.48 177.44 177.44 177.43 177.27 177.12 177.05 177.03 177.12 177.19 177.27 177.40 177.58 177.34 177.40 177.37 177.32 177.25 177.21 177.17 177.16 177.05 177.01
-83°N ||     177.12 177.14 177.16 177.17 177.18 177.18 177.19 177.21 177.23 177.25 177.27 177.29 177.32 177.34 177.33 177.33 177.35 177.38 177.41 177.44 177.46 177.49 177.52 177.56 177.60 177.66 177.70 177.76 177.86 177.98 177.91 177.76 177.73 177.67 177.78 177.88 177.87 177.83 177.89 177.94 177.71 177.71 177.73 177.74 177.77 177.80 177.77 178.24 178.34 178.41 178.33 178.34 178.27 178.27 178.29 178.26 178.20 178.46 178.54 178.53 178.12 178.43 178.34 178.24 178.53 178.27 178.28 178.26 178.61 178.31 178.57 178.79 178.94 178.96 178.82 178.69 178.72 178.71 178.69 178.78 178.76 178.72 178.58 178.61 178.62 178.55 178.49 178.47 178.52 178.51 178.27 178.26 178.35 178.66 178.29 178.22 178.12 178.08 178.10 177.97 178.16 177.68 177.83 177.58 177.96 178.19 178.24 178.01 177.91 177.94 177.98 178.11 178.34 178.42 178.49 178.45 178.09 178.11 178.04 178.03 177.96 177.94 177.65 177.57 177.63 177.69 177.69 177.55 177.54 177.67 177.61 177.62 177.78 177.79 177.98 178.49 179.15 179.09 179.12 179.10 179.11 178.11 178.00 178.06 178.02 178.15 178.11 178.04 178.01 178.01 177.96 177.84 177.74 177.69 177.64 177.50 177.44 177.48 177.77 178.11 178.55 178.80 178.36 177.88 177.19 177.20 176.90 176.83 176.81 176.80 176.91 177.12 177.61 177.61 177.35 177.15 177.06 177.04 177.06 177.09
-81°N ||     177.44 177.50 177.50 177.64 177.40 177.47 177.51 177.55 177.60 177.66 177.72 177.78 177.94 177.98 177.77 177.76 177.79 177.83 177.88 177.93 177.98 178.02 178.03 178.07 178.10 178.14 178.21 178.23 178.26 178.29 178.33 178.47 178.44 178.46 178.56 178.51 178.32 178.36 178.33 178.36 178.52 178.38 178.09 178.14 177.98 177.86 177.92 178.09 178.14 178.03 178.18 178.09 178.30 179.03 178.70 178.88 179.14 178.77 179.13 179.06 178.79 178.90 178.96 178.93 178.94 178.90 178.94 178.95 178.88 178.81 178.90 178.76 178.60 178.62 178.65 178.67 178.61 178.62 178.60 178.62 178.95 178.54 178.39 178.35 178.33 178.35 178.34 178.35 178.32 178.31 178.30 178.32 178.22 178.06 177.88 177.60 176.97 176.30 177.10 177.22 177.68 178.00 177.95 178.06 178.34 178.53 178.65 178.85 178.82 178.71 178.51 178.78 178.89 178.99 178.98 179.05 179.07 179.13 179.11 179.11 179.09 179.12 179.06 179.01 178.99 179.00 178.70 178.73 178.79 178.85 178.90 179.08 179.13 179.20 179.23 179.21 179.18 178.65 177.89 177.69 177.65 177.61 177.59 177.77 177.85 177.88 177.82 177.97 178.06 178.15 178.27 178.35 178.45 178.25 178.36 178.56 178.70 178.40 178.28 178.31 178.71 178.51 178.29 178.30 178.43 178.36 178.77 178.18 177.45 177.13 177.14 177.29 177.45 177.70 177.99 177.36 177.48 177.48 177.28 177.35
-79°N ||     177.77 177.82 177.83 177.94 177.92 177.88 177.88 177.92 177.93 178.12 177.99 178.07 178.12 178.15 178.23 178.33 178.23 178.39 178.15 178.37 178.28 178.31 178.28 178.68 179.03 178.16 178.55 178.94 178.80 178.89 178.83 178.83 178.81 178.83 178.86 178.88 178.88 178.87 178.78 178.75 178.76 178.55 179.05 179.14 178.34 178.52 178.51 178.38 178.34 178.54 178.69 178.54 179.08 178.97 179.01 179.18 179.36 178.36 178.92 178.47 179.11 178.92 178.38 178.78 178.79 179.04 179.07 179.02 179.00 178.97 178.93 178.96 178.94 178.95 178.93 178.90 178.93 178.96 178.93 178.76 178.84 178.97 178.75 178.72 178.74 178.91 178.62 178.79 178.64 178.67 178.72 178.62 178.57 178.31 177.55 177.56 177.16 177.62 178.13 178.40 178.32 178.56 178.60 178.67 178.73 178.91 178.76 178.87 178.65 178.88 178.51 178.77 178.63 178.63 178.31 178.21 178.86 178.99 179.20 179.23 179.27 179.25 179.27 179.26 179.29 179.26 179.23 179.27 179.25 179.28 179.23 179.22 179.28 179.26 179.26 179.27 179.31 179.32 179.28 179.28 179.28 179.31 179.06 178.74 178.92 178.43 177.99 177.99 178.00 177.91 177.97 178.08 178.44 179.32 179.24 178.53 178.34 178.84 177.77 177.81 178.40 177.88 177.60 177.46 177.39 177.50 177.37 177.78 177.55 177.51 177.52 177.59 177.72 177.43 177.35 177.47 177.58 177.68 177.69 177.70
-77°N ||     178.52 178.26 178.20 178.17 178.09 178.34 178.30 178.62 178.57 178.61 178.58 178.60 178.88 178.71 178.68 178.72 178.79 178.78 178.89 178.77 178.72 178.76 178.71 178.79 178.74 178.85 179.00 179.06 178.93 179.02 178.99 179.01 179.02 179.01 179.01 179.02 178.99 179.01 178.99 178.99 178.98 179.00 178.94 178.82 178.77 178.59 178.12 178.70 178.03 178.27 178.92 178.79 178.64 178.15 178.31 178.51 178.67 178.62 178.74 178.71 178.96 179.10 178.95 179.02 179.16 179.18 179.16 179.18 179.18 179.16 179.14 179.13 179.09 179.10 179.08 179.08 179.05 178.98 178.81 178.83 178.78 178.66 178.61 178.47 178.68 178.84 178.73 178.76 178.59 178.69 178.71 178.66 178.36 178.21 178.10 177.94 177.46 177.09 178.18 179.09 179.35 179.44 179.41 178.61 178.83 178.71 178.75 178.90 178.67 178.94 178.72 178.67 178.64 178.98 179.26 179.13 178.69 178.57 178.18 177.96 177.85 177.47 177.32 177.87 178.39 178.85 179.11 179.09 179.00 178.83 178.33 178.79 178.88 178.42 178.92 179.08 179.30 179.23 179.04 178.93 178.70 178.70 178.47 178.84 179.35 179.32 179.22 179.14 178.54 178.58 178.66 177.95 178.58 178.87 178.87 178.14 177.82 177.91 177.70 177.75 177.84 177.68 177.68 177.92 177.81 177.76 177.89 177.99 178.04 178.02 177.92 178.01 178.22 177.91 177.93 178.00 178.19 178.34 178.43 178.26
-75°N ||     178.72 178.80 178.60 178.72 178.55 178.56 178.66 179.12 178.84 178.76 179.42 179.48 178.88 179.04 179.05 179.13 178.97 179.06 179.05 178.92 178.92 179.08 179.09 179.20 179.09 179.14 179.17 179.18 179.16 179.14 179.14 179.12 179.15 179.12 178.78 179.07 179.08 179.06 179.04 179.03 178.99 178.95 178.96 178.97 179.00 179.04 178.98 178.91 178.76 178.67 178.74 178.31 178.17 178.48 178.91 178.98 178.94 179.17 179.28 179.29 179.31 179.30 179.27 179.24 179.22 179.22 179.20 179.04 179.16 179.09 179.01 178.90 178.88 178.75 178.71 178.77 178.69 178.83 178.70 178.72 178.78 178.81 178.88 178.74 179.01 178.82 178.82 178.94 178.81 178.81 178.74 178.49 178.37 178.64 178.76 178.78 178.78 178.78 178.84 178.72 178.59 178.69 178.69 178.64 178.88 178.93 178.93 178.79 178.79 178.70 178.63 178.49 178.09 178.25 178.43 177.92 178.28 178.14 177.93 178.08 177.84 177.76 178.42 178.72 178.59 178.40 179.30 178.20 178.36 178.36 178.46 178.85 178.76 178.66 178.60 178.43 178.71 177.85 177.52 177.13 177.05 177.63 179.43 179.34 179.42 178.51 179.05 178.52 179.16 179.38 179.30 179.25 179.20 179.22 179.28 178.45 177.49 177.46 177.45 177.47 177.44 177.60 178.22 178.12 178.28 177.72 177.79 177.96 178.03 178.02 178.09 178.09 178.12 178.34 178.36 178.43 178.55 178.51 178.56 178.61
-73°N ||     179.45 178.70 179.19 179.17 179.11 178.88 179.34 179.19 179.21 179.19 178.87 178.60 178.98 178.86 179.10 179.22 179.19 179.18 179.12 179.03 178.91 178.61 179.34 178.43 178.65 179.25 179.11 179.09 179.11 179.15 179.17 179.16 179.20 178.97 178.90 178.64 178.83 179.11 179.02 179.06 179.06 179.08 179.01 179.05 179.08 179.07 179.08 178.89 179.23 179.52 179.54 179.51 179.52 178.85 179.25 179.27 179.37 179.39 179.40 179.41 179.42 179.41 179.37 179.32 179.34 179.07 179.18 179.31 179.32 179.33 179.30 179.12 178.95 179.04 178.95 178.87 178.81 178.91 179.08 178.79 178.80 178.80 178.83 179.08 178.95 179.13 179.21 179.17 179.10 179.13 178.89 178.86 178.56 178.88 178.86 178.95 179.08 179.10 179.09 179.07 179.10 179.10 179.17 179.13 179.06 179.01 179.12 178.76 178.71 178.58 178.16 177.83 178.07 178.49 178.86 178.61 178.78 178.67 178.75 178.42 178.55 178.18 177.98 177.91 178.24 178.21 178.51 178.50 178.73 178.70 178.67 178.77 178.82 178.91 179.00 179.02 179.01 179.11 178.86 178.56 178.86 177.61 177.76 178.35 178.45 178.50 178.58 178.75 178.97 179.06 178.93 178.15 178.81 179.23 179.42 179.49 179.10 178.29 177.49 177.90 177.67 177.97 178.44 178.47 177.87 178.15 178.54 178.68 178.54 178.86 179.39 179.26 178.98 178.87 178.89 178.84 178.98 178.83 178.87 179.35
-71°N ||     179.37 179.41 179.46 179.48 179.51 179.56 179.58 179.56 179.57 179.57 179.58 179.31 178.85 178.61 178.06 178.06 178.67 178.79 179.40 178.96 178.98 178.87 178.71 178.78 179.39 179.12 179.20 179.22 179.14 178.98 179.04 178.97 178.95 179.09 179.04 179.00 178.94 179.16 179.05 179.06 179.16 179.03 179.13 179.06 179.10 179.12 178.91 178.76 178.81 179.25 179.44 179.38 179.28 178.72 179.35 179.43 179.45 179.47 179.44 179.45 179.48 179.31 179.23 179.31 179.38 179.41 179.37 179.34 179.35 178.70 178.94 179.10 178.99 179.12 178.89 179.02 178.92 178.56 178.38 178.26 178.15 178.95 178.95 178.94 179.08 179.09 179.19 179.05 179.22 179.12 179.40 179.36 179.11 179.17 179.17 179.04 178.99 178.45 178.96 179.18 179.26 179.08 179.12 179.13 179.11 179.14 178.88 178.12 178.41 178.69 178.71 178.79 178.80 178.94 178.95 178.87 179.07 178.91 179.01 179.07 179.00 179.15 179.17 179.02 178.98 178.87 178.29 178.48 179.41 179.41 178.69 178.88 178.72 177.66 178.49 178.68 178.78 178.34 178.09 178.40 178.58 178.17 178.86 179.05 179.25 179.26 179.24 179.02 179.02 179.13 179.36 179.30 179.43 179.29 179.56 179.50 179.54 179.55 179.33 179.25 179.40 179.32 179.18 179.40 179.50 179.47 179.47 179.39 179.30 179.44 179.33 179.49 179.44 179.46 179.14 179.14 179.18 179.24 178.99 179.23
-69°N ||     178.98 179.05 179.30 179.42 179.16 179.32 179.35 179.57 179.57 179.58 179.58 179.53 179.26 179.30 178.99 178.99 178.29 178.47 178.72 179.15 179.38 179.24 178.97 178.78 178.85 179.21 179.16 179.25 179.00 179.18 178.73 178.80 178.71 178.93 178.95 179.01 179.19 179.20 179.27 179.27 179.28 179.26 179.24 179.28 179.28 179.20 179.14 179.34 179.34 179.33 179.35 179.42 179.42 179.47 179.48 179.45 179.46 179.47 179.36 179.36 179.24 179.45 179.44 179.49 179.44 179.30 178.89 178.89 178.93 178.93 178.91 178.98 179.00 179.16 179.23 179.36 179.21 178.87 178.42 178.66 178.78 179.11 179.04 178.80 178.79 178.60 178.65 178.61 178.84 179.05 179.06 179.16 178.35 179.19 179.25 179.19 179.30 179.29 179.28 179.31 179.28 179.26 179.31 179.25 179.08 178.83 178.21 179.14 179.28 179.19 179.07 178.92 179.00 178.90 179.02 178.60 178.53 178.98 179.27 179.39 179.49 179.41 179.43 179.47 179.46 179.40 179.13 178.80 178.54 178.61 179.01 178.98 178.98 178.88 179.46 178.67 177.69 178.06 178.14 178.32 178.50 178.47 178.09 178.20 178.67 179.05 179.14 178.94 179.25 179.34 179.34 179.39 179.06 177.51 179.33 179.56 179.58 178.08 179.56 179.58 179.57 179.53 179.51 179.48 179.34 179.16 178.97 178.98 178.43 178.19 179.03 179.36 179.40 179.29 179.19 179.06 178.96 178.89 179.08 179.09
-67°N ||     179.42 178.95 178.77 179.31 179.33 179.37 179.38 179.32 179.57 179.57 179.56 179.56 179.58 179.51 179.44 179.29 179.09 178.74 178.68 178.45 178.45 178.17 178.49 178.50 178.81 178.76 178.66 178.59 178.88 178.40 178.43 178.40 178.75 179.49 178.81 178.98 178.98 179.11 179.24 179.26 179.33 179.32 179.29 179.30 179.31 179.34 179.31 179.37 179.37 179.34 179.36 179.41 179.43 179.43 179.38 179.46 179.52 179.46 179.50 179.45 179.12 179.36 179.48 179.48 179.33 179.14 178.49 178.60 179.44 178.93 179.08 179.14 179.17 179.30 179.39 179.15 178.91 178.47 178.51 178.23 178.52 178.56 178.84 178.85 179.09 179.00 179.09 179.10 179.08 179.08 179.11 179.23 179.17 179.27 179.24 179.32 179.24 179.21 179.20 179.11 179.09 178.56 178.39 178.43 178.10 178.59 179.47 179.57 179.58 179.42 179.41 179.14 179.18 178.91 179.03 178.94 179.21 179.27 179.45 179.46 179.44 179.43 179.46 179.45 179.40 179.52 179.50 179.55 179.56 179.36 178.87 178.37 178.88 179.04 178.42 178.28 178.18 177.82 178.34 177.65 177.90 178.24 178.23 178.97 178.80 178.75 178.31 178.61 178.99 179.23 179.41 179.29 179.32 179.42 179.49 179.51 179.53 179.34 179.35 179.43 179.43 179.48 179.39 179.25 179.40 179.37 179.38 179.37 179.32 179.04 179.45 179.33 179.30 179.17 178.79 179.13 178.62 178.61 178.72 179.14
-65°N ||     179.10 178.80 178.52 178.90 178.92 179.46 179.34 179.37 179.56 179.58 179.58 179.57 179.56 179.56 179.57 179.57 179.54 179.51 179.49 179.34 179.00 178.89 178.94 178.77 179.03 178.98 178.70 179.05 179.07 178.77 178.58 178.85 178.65 178.85 178.99 179.08 179.09 179.14 179.15 179.29 179.31 179.37 179.38 179.39 179.43 179.45 179.42 179.42 179.43 179.42 179.36 179.30 179.23 179.28 179.36 179.44 179.44 179.45 179.38 178.74 178.98 179.52 179.56 179.50 179.36 179.39 178.94 178.90 179.18 179.13 179.28 179.22 179.27 179.36 179.47 179.39 179.07 178.93 178.61 178.32 178.35 178.65 179.28 178.94 179.08 179.10 179.10 179.03 178.82 179.13 179.12 179.15 179.12 179.24 179.08 179.25 179.40 179.31 179.12 179.19 179.01 179.05 178.95 178.87 178.54 178.83 178.68 178.86 178.92 178.83 178.82 178.69 178.78 179.12 179.38 179.52 179.51 179.50 179.42 179.36 179.36 179.46 179.53 179.51 179.55 179.53 179.51 179.53 179.53 179.55 179.05 179.03 179.00 178.91 179.44 178.52 178.49 178.59 178.91 177.97 177.94 177.98 178.46 178.50 178.54 178.15 178.02 179.08 178.83 178.58 179.14 179.12 179.05 179.43 179.42 178.25 178.80 178.97 179.39 179.19 178.69 178.85 179.37 179.18 179.31 179.51 179.43 179.47 179.43 179.39 179.16 179.11 178.97 178.45 179.22 179.37 179.08 178.96 178.67 178.60
-63°N ||     179.12 179.10 179.22 178.87 178.61 178.97 179.37 179.35 179.49 179.50 179.58 179.54 179.25 179.58 179.58 179.55 179.58 179.58 179.57 179.39 179.06 179.04 178.82 178.92 178.84 178.96 178.97 178.82 178.78 178.85 178.79 178.92 179.10 179.11 179.07 178.89 178.73 179.01 179.28 179.09 179.37 179.18 179.02 179.31 179.34 179.27 179.19 179.38 179.33 179.28 179.18 179.17 179.03 179.21 179.18 178.87 179.18 179.55 179.50 179.52 179.49 179.47 179.53 179.56 179.48 179.53 179.31 179.45 179.22 179.50 179.38 179.27 179.29 179.22 179.27 179.53 179.57 179.54 179.52 179.31 179.18 178.89 178.97 178.97 178.99 179.02 179.14 179.14 179.14 179.10 179.08 179.09 179.19 179.14 179.18 179.01 179.12 179.17 179.04 179.25 179.28 179.06 179.12 179.28 179.19 178.99 178.85 178.64 178.67 178.44 178.85 178.95 179.19 179.50 179.57 179.55 179.54 179.57 179.52 179.50 179.48 179.45 179.48 179.49 179.57 179.58 179.55 179.54 179.55 179.57 179.51 179.16 179.07 179.28 178.98 178.61 178.41 178.59 178.41 177.56 179.25 178.25 178.86 178.77 178.75 178.47 178.35 178.22 178.00 178.26 178.54 178.85 178.78 178.91 179.21 179.42 179.52 179.52 179.40 179.34 179.00 179.06 179.23 179.25 179.15 178.48 178.40 178.71 179.10 179.29 179.36 179.41 179.28 179.46 179.44 178.78 179.17 179.26 179.24 179.06
-61°N ||     179.53 178.78 178.59 179.09 179.31 179.42 179.40 178.92 179.00 179.15 178.82 179.02 179.33 179.02 178.92 179.09 179.36 179.32 179.36 179.46 179.42 179.40 179.38 178.96 178.79 178.65 179.07 179.24 178.78 178.90 179.25 179.44 179.46 179.38 179.28 179.09 178.88 179.05 178.99 178.97 179.28 178.73 179.08 179.23 179.09 178.23 179.43 179.51 179.53 179.49 179.47 179.54 179.52 179.35 179.03 179.57 179.58 179.52 179.58 179.57 179.53 179.49 179.48 179.52 179.57 179.31 179.52 179.38 179.53 179.49 179.57 179.53 178.96 179.30 179.36 179.20 179.28 179.35 179.28 179.10 178.34 178.35 178.97 179.16 179.00 178.93 178.82 179.04 179.16 179.13 179.18 179.12 179.14 179.27 179.20 179.23 179.20 179.06 179.17 179.26 179.30 179.21 179.16 179.16 178.69 179.17 179.10 179.12 179.13 179.21 179.28 179.31 179.37 179.47 179.55 179.50 179.35 179.31 179.36 179.22 179.21 179.44 179.25 179.40 179.50 179.52 179.57 179.58 179.49 179.46 179.43 179.55 177.99 179.56 179.52 179.45 178.64 178.84 178.82 179.10 178.48 178.43 178.39 178.48 178.53 178.44 178.45 178.25 178.46 178.32 178.48 178.44 178.56 178.70 178.76 179.48 179.36 179.56 179.57 179.58 179.55 179.44 179.32 179.18 179.15 178.90 178.55 178.71 178.83 177.93 178.66 179.24 179.33 179.15 178.28 178.59 178.81 179.44 179.46 179.43
-59°N ||     179.54 179.30 179.15 179.30 179.40 179.29 178.28 178.89 179.05 178.84 179.20 178.87 179.07 178.41 179.22 179.13 179.29 179.36 179.17 179.32 179.46 179.47 179.30 179.20 178.54 178.91 179.07 179.11 179.33 178.90 179.05 179.48 179.52 179.35 179.40 179.38 179.02 178.60 178.49 178.65 178.90 179.31 179.48 179.46 179.42 179.20 179.50 179.55 179.58 179.58 179.58 179.58 179.58 179.57 179.53 179.48 179.52 179.44 179.56 179.58 179.48 179.30 178.55 179.22 178.88 179.13 178.59 179.51 179.54 178.73 179.07 179.16 179.02 179.40 179.49 179.30 179.32 179.18 179.06 179.11 178.64 178.72 178.98 178.78 178.83 179.17 179.04 178.99 179.28 178.26 179.05 179.23 179.29 179.21 179.36 179.07 179.00 179.03 179.58 178.97 178.91 179.24 179.13 179.15 179.20 179.23 179.21 179.16 179.14 179.36 179.40 179.50 179.52 179.52 179.44 179.19 179.20 179.29 179.05 178.72 178.75 178.76 179.28 179.51 179.57 179.55 179.50 179.55 179.47 179.26 179.53 179.55 179.54 179.51 179.48 179.45 179.15 178.36 177.89 178.18 179.56 179.47 177.99 178.01 179.05 178.28 178.37 177.80 178.36 178.65 178.16 178.22 178.72 179.24 179.42 179.52 179.57 179.56 179.57 179.58 179.57 179.56 179.53 179.46 179.23 179.01 178.74 178.68 178.85 178.70 179.39 178.18 178.82 179.00 178.74 179.23 179.36 179.26 179.42 179.50
-57°N ||     179.48 179.50 179.51 179.52 179.50 178.66 178.99 178.88 178.54 178.59 178.68 179.58 178.64 178.75 178.44 178.50 179.03 179.32 179.05 178.96 179.58 178.99 179.02 179.01 178.41 178.94 179.14 179.12 179.08 178.46 178.00 179.48 179.36 179.42 179.41 179.14 179.18 178.93 178.79 178.83 178.68 179.11 179.26 179.35 179.40 179.24 178.92 178.86 179.43 179.58 179.58 179.57 179.56 179.56 179.50 179.08 179.01 179.02 178.82 178.69 179.13 178.96 179.16 178.78 178.63 178.80 178.82 178.34 176.10 177.53 178.35 178.79 178.98 179.44 179.20 179.56 179.35 179.57 179.42 179.22 179.19 179.47 179.04 179.10 179.24 179.07 179.11 178.91 178.86 179.10 179.16 179.22 179.01 178.76 178.77 178.72 178.73 178.81 179.13 178.80 178.58 178.71 178.71 178.76 178.74 179.20 179.23 179.34 179.43 179.49 179.53 179.57 179.58 179.49 179.58 179.48 179.54 179.53 179.56 179.48 179.42 179.51 179.53 179.22 178.79 178.85 178.80 178.84 178.82 177.94 179.31 179.44 179.50 179.26 179.47 179.46 179.43 179.49 178.20 179.05 179.56 179.42 178.45 178.62 179.04 178.90 178.62 178.42 178.38 178.67 179.01 179.14 179.24 179.08 179.28 179.24 179.50 179.21 178.59 178.79 179.52 179.56 179.54 179.43 179.19 178.99 178.78 178.77 178.84 178.79 178.54 178.43 178.83 178.89 179.46 178.83 178.84 178.92 179.15 179.41
-55°N ||     179.51 179.52 179.55 179.52 179.33 179.29 179.24 178.95 178.80 179.17 179.15 179.07 178.95 179.02 178.75 178.94 179.26 179.25 179.25 179.22 178.85 178.29 178.28 179.55 178.23 178.93 179.18 179.19 179.17 178.97 178.82 179.40 179.39 179.33 179.34 179.21 179.04 178.81 178.52 178.43 178.52 178.42 178.37 178.55 179.14 178.91 178.79 179.06 179.41 179.51 179.58 179.58 179.58 179.45 179.08 178.55 178.82 178.46 178.67 179.43 178.99 178.95 178.51 178.95 178.81 175.69 175.42 175.20 175.62 175.59 175.58 177.73 178.09 179.00 179.00 178.89 179.33 179.53 179.57 179.56 179.35 179.19 179.28 179.27 179.20 179.09 179.09 178.91 178.99 178.76 178.95 179.09 179.25 179.02 179.09 179.28 179.57 179.10 179.06 179.12 179.11 179.06 178.60 178.71 178.59 178.79 179.32 179.38 179.49 179.56 179.58 179.57 179.49 179.33 179.35 179.09 178.88 178.60 178.48 177.62 176.80 176.40 176.18 175.96 175.69 176.21 176.80 176.90 175.74 177.72 178.58 178.82 179.07 179.43 179.30 179.40 179.00 179.53 179.46 179.30 179.18 179.06 179.16 179.19 178.33 178.72 178.82 178.80 179.07 179.26 179.46 179.46 178.98 179.57 179.21 179.35 179.45 178.59 178.72 179.55 179.44 179.34 179.24 179.26 179.02 178.92 179.03 179.17 179.32 179.19 179.18 178.73 179.21 178.97 178.83 178.89 179.05 179.30 179.35 179.48
-53°N ||     179.52 179.35 179.38 179.48 179.54 178.91 179.39 179.45 179.44 179.33 179.38 179.09 178.93 179.19 179.18 179.18 178.99 179.22 179.18 179.25 179.16 178.66 178.38 179.22 178.91 179.10 179.55 179.09 179.22 179.10 179.30 179.24 179.25 179.18 179.30 179.29 179.24 178.68 178.42 178.39 178.29 178.41 178.78 178.94 179.12 179.22 179.32 179.30 179.38 179.03 179.08 179.13 179.32 179.17 179.22 179.49 179.41 178.96 178.89 179.45 178.88 178.86 178.54 178.07 174.79 175.01 175.45 175.46 175.41 175.37 175.42 175.80 177.29 178.59 179.53 179.50 179.57 179.42 179.47 179.55 179.58 179.56 179.51 179.41 179.30 179.51 179.25 179.12 179.22 179.23 179.03 178.97 178.88 179.21 178.81 178.69 178.94 179.01 179.08 178.98 179.09 179.16 178.83 178.22 179.20 179.01 179.18 179.38 179.45 179.49 179.57 179.50 179.23 178.81 178.52 177.82 176.65 176.14 175.18 174.69 174.70 174.87 174.98 175.03 175.04 174.80 174.75 174.77 174.76 174.73 174.74 177.51 177.43 176.62 179.31 178.95 178.95 179.40 179.32 179.34 179.44 179.17 179.22 178.98 179.09 179.44 179.01 179.02 179.08 178.90 179.12 179.34 179.52 179.57 179.35 179.49 179.43 178.45 179.53 179.38 179.49 179.50 179.51 179.35 179.19 179.17 178.93 179.18 178.75 179.16 179.31 178.87 178.43 178.43 178.88 179.29 179.33 179.39 179.50 179.52
-51°N ||     179.48 179.41 179.21 179.27 179.53 179.44 179.36 178.94 179.48 179.27 179.05 179.21 179.12 179.28 179.18 179.11 179.17 178.69 179.08 179.13 178.99 178.71 178.34 178.19 177.92 178.92 178.66 178.97 179.18 179.19 179.10 179.24 179.04 178.88 179.12 178.90 178.95 178.85 178.61 177.99 177.96 177.83 178.15 178.97 179.11 179.24 179.31 179.08 179.36 179.30 179.00 179.02 178.66 178.43 179.09 179.56 179.54 179.56 179.29 178.89 178.76 178.88 178.44 175.95 175.18 175.71 175.36 175.47 175.46 175.48 175.48 175.57 177.28 177.12 176.49 175.49 179.56 179.56 179.54 179.54 179.57 179.56 179.39 179.28 179.13 179.31 178.95 179.06 179.22 179.19 179.17 179.20 179.28 179.32 179.13 178.83 178.93 179.00 179.05 178.75 179.15 178.96 178.72 179.05 178.96 179.07 179.30 179.46 179.55 179.56 179.33 179.22 179.11 178.19 177.32 176.09 175.17 174.67 174.75 175.17 175.37 175.70 175.84 176.01 176.01 176.02 175.85 175.85 175.73 175.56 175.84 175.39 175.29 175.19 177.02 178.54 179.32 179.14 178.45 179.55 179.40 179.04 179.43 178.89 178.60 178.79 179.06 179.41 179.27 179.31 179.50 179.52 179.47 179.41 179.05 179.41 179.41 179.45 179.45 179.48 179.45 179.16 179.27 179.47 179.45 179.34 179.02 179.43 179.22 179.41 179.20 178.94 179.21 178.82 178.90 179.12 179.20 179.36 179.41 179.47
-49°N ||     178.96 179.14 179.04 179.30 179.58 179.55 179.50 179.41 179.44 178.80 179.11 178.82 178.78 178.68 178.92 178.78 178.72 178.76 178.18 178.39 178.65 178.85 178.24 178.10 178.65 178.47 178.77 179.17 179.16 179.15 179.02 179.19 178.95 177.97 177.97 178.08 178.37 178.37 178.41 177.99 177.83 177.90 178.05 178.75 179.02 179.16 179.18 179.18 179.14 179.07 178.93 178.69 178.30 178.13 178.35 178.71 179.40 179.44 179.06 178.91 179.35 179.03 178.65 177.80 175.76 174.95 175.40 175.35 175.46 175.15 175.11 175.75 176.61 179.40 178.35 179.44 179.26 179.30 179.53 179.53 179.49 179.51 179.43 179.24 179.20 178.94 179.04 179.54 179.31 179.23 179.03 179.18 179.50 179.46 179.20 178.95 178.55 179.26 178.82 178.79 178.77 178.78 178.99 179.23 179.28 179.05 179.01 179.47 179.55 179.43 179.54 179.38 178.38 176.90 175.28 174.68 174.80 174.98 175.41 175.74 176.28 176.61 176.28 176.25 175.48 175.91 175.99 176.08 175.97 175.93 175.96 175.98 175.78 175.39 174.98 175.44 178.70 179.22 179.36 179.57 179.54 179.43 178.87 179.24 179.34 178.70 179.19 179.03 179.35 179.43 179.03 179.33 179.33 179.30 179.22 179.44 179.35 179.23 179.01 179.01 178.09 178.71 179.25 179.12 178.96 179.31 179.49 179.47 179.31 179.57 179.55 179.45 179.42 179.14 178.84 178.53 178.68 178.86 179.12 179.23
-47°N ||     178.80 179.15 178.99 178.96 179.36 179.57 179.31 179.00 179.33 179.06 178.84 178.91 178.12 179.16 178.29 178.48 177.80 178.00 178.62 178.46 178.85 178.36 178.64 178.88 178.85 179.10 178.70 178.98 179.11 179.09 179.10 179.10 179.14 178.53 178.37 178.49 178.72 178.76 178.75 178.51 178.16 178.07 178.37 178.46 178.36 178.86 178.88 178.95 178.79 178.82 178.56 178.42 178.12 178.11 178.04 178.33 178.61 178.56 179.00 179.30 178.64 179.53 179.48 178.68 178.82 175.41 174.97 175.02 175.12 174.96 175.06 175.49 176.10 178.89 178.89 179.01 179.56 179.54 179.47 179.18 179.52 179.42 179.36 179.33 179.11 179.14 178.96 179.14 179.34 179.26 179.32 179.33 179.55 179.29 179.14 178.60 178.85 178.73 178.95 179.34 178.81 178.53 178.72 178.97 179.50 179.51 179.29 179.47 179.56 179.58 179.53 179.49 178.81 177.62 174.90 175.49 175.84 176.47 176.80 176.23 175.86 176.08 176.39 176.30 175.95 175.69 175.51 175.83 175.98 175.89 175.90 175.75 175.76 175.69 175.27 174.74 175.10 177.62 178.97 179.35 179.45 179.52 179.43 179.26 179.54 179.53 179.24 179.46 179.43 179.43 179.44 179.09 178.96 179.23 178.95 179.15 179.18 178.77 178.49 179.01 179.46 179.51 178.97 178.91 179.23 179.52 179.46 179.54 179.58 179.56 179.54 179.50 179.05 179.04 178.85 179.20 179.01 178.90 179.16 179.08
-45°N ||     179.19 179.24 179.13 179.17 179.33 179.31 179.38 179.39 179.45 178.93 178.72 179.13 178.74 178.60 178.66 178.67 179.30 178.61 178.91 179.00 178.82 179.02 179.31 178.74 179.01 179.16 179.06 178.97 178.98 178.95 178.84 178.92 178.86 178.70 178.70 178.68 178.70 178.72 178.81 178.82 178.55 178.47 178.61 178.54 178.51 178.69 178.69 178.53 178.38 178.22 178.15 178.14 178.10 177.68 177.52 178.48 178.82 178.93 179.20 179.38 179.49 179.50 179.49 179.39 178.67 177.02 175.88 174.67 174.80 174.75 174.89 175.23 177.50 178.43 179.04 178.72 179.51 179.49 179.45 179.30 179.28 179.40 179.23 179.19 179.14 179.06 179.06 179.37 179.36 179.30 179.22 179.27 179.35 179.25 179.10 179.15 178.89 178.91 178.86 179.36 178.17 178.73 178.88 178.93 179.36 178.93 179.34 179.47 179.55 179.56 179.58 179.56 178.79 176.06 175.54 175.93 176.72 176.81 176.31 176.63 176.46 176.66 176.51 176.49 176.30 176.60 176.68 175.93 175.80 176.20 175.89 175.80 175.81 175.70 175.25 175.04 174.65 176.46 178.56 179.08 179.44 179.31 178.59 179.52 179.55 179.42 179.51 179.37 179.22 179.46 179.28 179.12 179.26 179.13 179.17 178.94 178.77 178.83 178.40 177.79 178.73 178.64 179.05 179.53 179.54 179.53 179.28 179.57 179.36 179.39 179.53 179.49 179.05 179.08 179.00 178.48 178.52 178.99 179.12 179.06
-43°N ||     179.48 179.01 179.53 179.32 179.47 179.30 179.36 179.34 179.18 179.01 178.73 178.76 178.63 178.46 178.74 178.76 179.05 179.10 179.01 178.99 178.59 178.78 178.93 178.94 178.71 178.98 179.06 179.06 178.54 178.78 178.67 178.88 178.91 178.50 178.63 178.62 178.65 178.73 178.88 178.95 178.47 178.27 177.39 177.44 178.16 178.51 178.38 178.18 178.21 177.98 177.88 177.89 177.80 177.89 177.93 178.56 178.64 178.73 178.88 179.16 179.16 179.23 179.44 179.21 179.05 179.13 177.99 177.47 176.92 176.52 177.07 177.18 178.83 178.43 178.82 179.56 179.53 179.57 179.53 179.55 179.48 178.70 179.21 179.34 179.24 179.24 179.14 179.40 179.38 179.22 179.16 179.25 179.29 179.24 179.21 179.03 179.11 179.00 179.20 178.87 178.81 178.89 178.77 178.43 178.48 178.75 179.28 179.31 179.42 179.44 179.55 179.43 178.14 174.67 175.79 176.52 176.50 176.27 176.47 176.76 176.58 176.57 176.34 176.61 176.54 175.98 176.11 176.04 176.25 176.02 175.87 175.84 175.67 175.42 174.80 174.75 174.65 175.66 178.13 178.59 179.08 178.96 179.44 179.50 179.54 179.48 179.49 179.41 179.39 179.51 179.53 179.46 179.41 179.21 179.17 178.95 178.73 178.72 178.77 178.79 178.61 178.70 179.21 179.57 179.58 179.49 179.56 179.53 179.36 179.46 179.45 179.51 178.62 179.21 179.23 179.56 179.00 179.18 179.37 179.33
-41°N ||     179.53 179.52 179.52 179.57 179.56 179.24 179.31 179.23 179.53 179.40 178.92 179.26 179.26 178.81 179.01 178.89 178.56 178.78 178.51 178.82 178.53 178.97 178.93 178.92 178.77 178.06 178.52 178.68 178.86 178.49 178.37 178.60 178.45 178.46 178.27 178.52 178.59 178.73 178.76 176.93 176.64 176.47 174.80 174.56 174.64 176.78 176.77 176.79 177.49 177.81 177.56 177.89 177.68 177.84 177.81 177.87 177.96 178.41 179.06 178.99 178.73 178.28 179.30 179.41 179.48 179.16 179.30 178.79 177.90 177.68 177.84 178.84 178.46 179.41 179.43 179.48 179.55 178.29 179.56 179.41 179.54 179.50 179.32 179.33 179.21 179.21 179.18 179.42 179.44 179.36 179.20 179.29 179.14 179.16 179.22 178.88 178.74 179.10 179.07 178.98 178.71 178.75 178.37 178.16 179.37 178.86 179.16 179.43 179.47 179.50 179.52 179.55 178.26 174.68 175.55 176.54 176.53 175.97 176.64 176.66 176.64 176.49 176.69 176.79 176.45 175.97 176.25 176.32 176.12 176.26 176.05 175.81 175.27 174.88 174.75 174.68 174.73 176.01 177.20 178.50 177.82 179.41 179.46 179.55 179.12 179.32 179.50 179.54 179.56 179.55 179.51 179.44 179.47 179.17 179.07 179.03 178.85 179.10 179.11 178.95 178.88 178.86 179.29 179.49 179.53 179.50 179.52 179.48 179.07 179.35 179.35 178.86 178.79 179.30 179.24 179.19 179.33 179.45 179.52 179.36
-39°N ||     179.44 179.53 179.39 179.19 179.57 179.09 179.43 179.36 178.88 179.15 179.48 179.43 179.05 178.80 179.24 179.04 179.22 178.86 179.05 179.11 179.22 178.67 179.23 179.23 179.04 179.04 178.87 178.66 178.78 178.68 178.58 176.92 177.91 178.28 178.28 178.43 178.55 178.52 177.89 177.77 177.23 176.05 175.73 175.81 176.16 176.28 176.19 176.43 175.88 176.90 177.56 177.59 177.62 177.72 177.86 177.90 178.11 178.40 178.48 178.88 178.90 179.02 178.68 178.87 179.28 178.84 179.47 178.38 178.70 178.55 178.68 178.71 179.31 179.52 179.44 179.50 179.55 179.58 179.55 179.55 179.54 179.47 179.34 179.38 179.35 179.20 179.41 179.44 179.38 179.33 179.46 179.48 179.43 179.16 179.19 179.04 179.04 178.99 178.97 179.20 178.77 178.87 178.61 178.70 178.63 178.59 179.12 179.41 179.52 179.53 179.52 179.29 178.04 174.93 175.36 176.62 176.81 176.70 176.34 176.58 176.81 176.69 176.77 176.79 176.54 176.25 176.55 176.32 176.43 176.11 175.88 175.44 174.97 174.79 174.65 174.67 174.86 175.49 177.41 179.05 179.31 179.27 179.54 179.46 179.50 179.57 179.09 179.57 179.21 179.53 179.54 179.53 179.48 179.41 179.19 179.34 179.19 178.98 179.34 179.27 179.07 178.97 178.99 179.13 179.37 179.43 179.57 179.52 179.37 179.33 179.44 179.34 179.51 179.46 179.47 179.33 179.40 179.51 179.55 179.57
-37°N ||     179.57 179.51 179.54 179.35 179.42 179.55 179.52 179.05 178.66 178.12 177.87 178.65 178.58 179.23 179.45 179.44 179.44 179.43 179.34 179.28 179.27 179.26 179.02 179.18 178.94 178.65 178.73 178.35 178.25 178.68 178.58 177.82 177.96 177.42 178.05 177.25 177.78 176.03 176.15 177.72 175.98 175.26 176.46 176.50 176.41 176.37 176.55 177.20 176.65 176.62 176.43 176.99 177.55 177.98 177.99 178.11 178.03 178.52 178.63 178.49 178.49 179.08 179.08 179.32 179.43 179.14 179.39 179.42 179.09 179.06 179.52 179.44 179.46 179.26 179.40 179.56 179.58 179.58 179.56 179.54 179.46 179.38 179.20 179.43 179.40 179.27 179.26 179.21 179.38 179.34 179.41 179.48 179.46 179.34 179.05 179.24 178.98 178.92 179.18 179.13 178.73 178.70 178.58 178.72 178.86 178.83 179.55 179.20 179.47 179.51 179.45 179.44 179.22 175.85 174.85 176.25 176.84 177.04 177.18 176.62 176.67 176.69 176.31 176.77 176.36 176.43 176.27 176.35 176.30 176.19 176.03 175.23 174.76 174.65 174.70 174.95 175.78 177.29 178.32 179.11 179.43 179.57 179.45 179.48 179.41 179.46 179.57 179.57 179.56 179.51 179.56 179.54 179.50 179.48 179.40 179.42 179.48 179.42 179.34 178.91 179.15 179.08 178.79 178.78 179.27 179.36 179.52 179.42 179.44 179.50 179.55 179.54 179.53 179.52 179.44 179.32 179.58 179.57 179.57 179.48
-35°N ||     179.54 179.42 179.51 179.15 179.49 179.15 178.99 179.19 178.73 178.13 178.01 178.70 179.21 179.32 179.41 179.36 179.43 178.41 179.30 179.26 179.22 179.07 179.03 178.94 178.54 178.74 178.59 178.48 178.03 178.16 177.89 177.77 177.85 177.61 177.72 177.87 177.25 175.94 176.03 175.99 175.48 176.44 177.09 176.99 176.71 176.95 176.78 176.86 177.10 177.15 176.97 176.20 176.92 177.87 178.17 178.35 178.36 178.38 178.41 178.50 178.66 178.81 178.80 179.47 179.45 179.12 179.29 179.47 179.43 179.42 179.37 178.93 179.57 179.54 179.57 179.58 179.58 179.58 179.42 179.57 179.47 179.32 179.41 179.32 179.37 179.17 179.07 179.19 179.28 179.31 179.35 179.44 179.40 179.13 179.15 179.13 179.28 179.30 178.98 178.87 178.89 178.43 178.54 178.82 178.98 178.95 178.98 179.26 179.40 179.48 179.47 179.35 179.42 179.40 176.12 174.99 176.56 176.86 177.09 177.13 176.64 176.62 176.96 177.01 176.32 176.40 176.35 176.23 176.29 176.13 175.46 174.68 175.24 174.94 175.36 176.07 175.91 177.37 177.58 177.80 179.03 179.56 179.15 179.46 179.34 179.42 179.49 179.52 179.56 179.57 179.54 179.45 179.09 179.07 179.16 179.35 179.17 179.03 179.25 179.37 179.24 179.02 179.25 179.39 179.32 179.33 179.24 179.37 179.34 179.06 179.45 179.57 179.48 179.45 179.52 179.54 179.51 179.57 179.54 179.26
-33°N ||     179.58 179.57 179.16 179.05 179.18 178.55 178.87 178.13 178.16 178.63 178.59 178.79 179.25 179.35 179.44 179.31 179.44 179.45 179.26 179.26 178.72 179.08 179.03 179.01 178.78 178.57 178.58 178.43 178.24 178.00 177.86 177.13 177.48 177.28 176.98 177.15 176.54 175.64 175.49 174.86 175.09 176.47 177.26 176.91 177.56 176.99 177.79 177.86 177.63 177.67 177.13 176.28 175.54 177.05 177.85 178.34 178.32 178.39 178.44 178.44 178.75 179.07 178.92 179.46 179.49 179.52 179.51 179.50 179.48 179.40 179.49 179.32 179.28 179.53 179.39 179.55 179.48 179.58 179.57 179.58 179.55 179.46 179.46 179.41 179.37 179.30 179.26 179.19 179.19 179.24 179.27 179.06 179.22 179.32 179.17 179.25 179.10 179.26 179.06 178.67 178.80 178.66 178.45 178.62 178.84 178.92 178.92 178.88 179.32 179.47 179.40 179.38 179.26 179.40 179.53 176.94 175.10 176.12 176.66 176.97 176.95 177.12 176.44 176.28 176.46 176.44 176.21 176.17 175.47 174.84 174.67 175.37 176.70 176.95 177.12 177.18 176.63 177.02 178.16 178.43 179.16 179.56 179.45 179.40 179.32 179.29 179.39 179.37 179.43 179.49 179.48 179.34 179.26 179.12 178.74 178.66 178.74 178.72 179.18 178.92 179.17 179.34 179.05 179.23 179.15 179.11 179.33 179.41 179.49 179.31 179.35 179.46 179.24 179.50 179.51 179.55 179.58 179.53 179.42 179.36
-31°N ||     179.57 179.28 179.20 179.15 178.69 178.75 178.32 178.68 178.78 178.67 178.81 178.84 179.12 179.29 179.44 179.44 179.44 179.13 179.07 179.26 178.99 179.03 178.98 178.92 178.77 178.72 178.56 178.39 178.13 177.85 177.60 177.45 177.40 176.86 176.72 177.21 176.44 175.46 175.58 174.84 175.74 176.50 176.86 177.39 177.61 177.81 177.83 178.02 178.01 178.11 177.30 176.28 176.64 176.75 176.89 176.86 178.05 178.51 178.53 178.79 179.08 179.32 179.44 179.47 179.53 179.51 179.53 179.57 179.55 179.54 179.56 179.21 179.54 179.46 179.37 179.53 179.55 179.57 179.58 179.56 179.41 179.41 179.49 179.53 179.45 179.30 179.13 179.03 179.17 179.20 179.20 179.25 179.07 179.22 179.26 179.19 179.23 179.16 179.13 178.82 178.80 179.13 178.91 178.77 178.97 179.09 179.15 178.95 179.32 179.44 179.51 179.37 179.54 179.51 179.23 179.25 177.00 175.57 175.12 175.74 176.37 176.80 176.12 176.35 176.19 176.28 175.94 175.49 174.78 176.64 175.17 175.82 177.50 177.59 177.84 178.75 178.85 178.22 178.38 179.04 179.19 179.44 179.48 179.35 179.35 179.17 179.26 179.25 179.26 179.31 179.38 179.26 179.13 179.13 178.88 178.83 179.24 178.67 178.54 178.39 179.23 179.41 179.46 179.30 179.40 179.45 179.50 179.48 179.50 179.41 179.37 179.46 179.32 179.46 179.45 179.32 179.45 179.51 179.50 179.47
-29°N ||     179.57 179.28 178.31 179.14 178.67 178.53 178.92 178.58 178.87 178.73 178.73 178.89 179.28 179.38 179.44 179.41 179.39 178.66 179.31 179.29 179.14 178.98 178.97 178.88 178.81 178.68 178.55 178.30 178.03 177.78 177.54 177.24 177.06 177.01 176.97 176.26 176.29 175.85 174.58 173.75 175.65 176.64 177.03 177.32 177.63 177.88 178.04 178.16 178.24 178.24 178.21 178.08 177.48 177.50 177.42 176.78 177.05 177.52 178.50 178.75 179.13 179.47 179.52 179.51 179.07 179.52 179.46 179.51 179.57 179.56 179.53 179.40 179.57 179.50 179.56 179.57 179.57 179.56 179.47 179.57 179.57 179.57 179.56 179.57 179.39 179.36 179.28 179.14 179.07 179.18 179.16 179.26 179.33 179.28 179.26 179.20 179.22 178.91 179.15 178.90 179.23 179.27 179.07 179.06 179.24 179.31 179.35 179.30 178.93 179.42 179.27 179.51 179.50 179.53 179.36 179.40 178.99 178.98 177.54 177.45 175.85 175.70 174.83 175.45 174.98 175.01 174.82 174.85 176.75 177.97 178.68 179.17 178.50 178.22 178.68 179.28 179.09 179.08 179.24 179.57 179.58 179.53 179.43 179.36 179.33 179.25 179.23 179.27 179.28 179.30 179.32 179.19 179.18 178.87 179.03 178.72 178.33 178.54 179.06 178.33 179.08 179.36 179.45 179.18 179.46 178.98 179.44 179.50 179.41 179.34 179.43 179.37 179.25 179.32 179.28 179.44 179.37 179.45 179.50 179.55
-27°N ||     179.46 179.24 179.19 179.13 178.75 178.66 179.08 178.41 178.77 179.02 178.95 179.18 179.17 179.27 179.44 179.32 179.44 178.94 179.30 178.92 178.94 178.96 178.87 178.85 178.70 178.60 178.49 178.38 177.99 177.71 177.40 177.10 176.74 176.75 176.59 176.75 176.93 175.66 175.40 173.97 175.88 176.68 177.02 177.39 177.70 177.96 178.15 178.27 178.35 178.48 178.47 178.52 178.32 177.80 177.81 177.90 178.16 178.15 178.09 178.10 177.92 179.15 179.53 179.54 179.53 179.53 179.56 179.49 179.55 179.52 179.53 179.19 179.01 179.01 179.51 179.55 179.57 179.57 179.51 179.51 179.53 179.54 179.57 179.56 179.54 179.41 179.47 179.47 179.28 179.21 179.17 179.30 179.31 179.04 179.15 179.23 179.24 179.05 179.04 179.04 179.22 179.32 179.03 179.18 179.34 179.26 179.37 179.05 178.76 178.95 179.34 179.38 179.50 179.40 179.41 179.44 179.36 179.15 179.23 178.85 178.44 178.13 177.69 177.44 177.21 176.40 176.12 176.50 176.74 178.10 179.19 178.47 178.70 178.86 179.49 179.36 178.83 179.28 179.32 179.15 179.47 179.29 179.24 179.24 179.26 179.26 179.27 179.28 179.22 179.20 179.18 179.01 178.65 178.57 178.47 178.69 179.12 178.41 178.48 178.98 178.73 179.05 179.36 179.36 179.53 179.08 179.47 179.32 179.45 179.50 179.47 179.39 179.15 178.99 179.03 179.28 179.28 179.32 179.48 179.51
-25°N ||     179.47 179.13 179.35 179.18 179.12 179.10 179.20 179.40 179.07 179.28 179.16 179.46 179.47 179.45 179.49 179.39 179.41 179.18 178.93 179.24 178.97 178.88 178.84 178.74 178.63 178.47 178.34 178.20 177.88 177.47 177.16 176.88 176.64 176.47 176.40 175.78 176.14 176.47 175.39 175.70 176.12 176.62 177.08 177.41 177.61 177.86 178.01 178.22 178.35 178.37 178.52 178.56 178.33 178.01 177.24 177.88 178.16 178.30 178.32 178.21 177.58 178.64 179.43 179.46 179.51 179.52 179.51 179.27 179.40 179.46 179.49 179.50 179.41 178.84 178.50 179.47 179.41 179.38 179.02 179.46 179.45 179.47 178.98 179.56 179.29 179.54 179.56 179.56 179.55 179.25 179.44 179.37 179.47 179.00 179.27 179.23 179.24 178.95 178.70 179.20 179.21 179.14 179.19 179.22 179.12 178.85 179.13 178.68 178.52 178.81 179.02 179.11 179.34 179.24 179.43 179.45 179.50 179.47 179.26 178.99 178.69 178.94 179.07 177.83 178.77 177.07 177.70 178.97 179.19 179.47 179.20 179.53 179.54 179.39 179.53 179.40 179.38 179.52 179.02 179.32 179.24 179.10 179.00 179.03 179.10 179.14 179.29 179.19 179.16 179.07 179.03 178.89 178.60 178.28 178.41 178.63 178.89 178.60 178.17 178.54 178.46 178.79 179.09 179.37 179.16 179.18 179.43 179.16 179.36 179.40 179.43 179.20 178.99 179.27 179.37 179.25 179.33 179.52 179.56 179.49
-23°N ||     179.40 179.48 179.19 179.20 179.15 179.21 179.35 179.43 179.46 179.53 179.52 179.50 179.53 179.56 179.49 179.54 178.75 178.95 179.27 179.01 179.01 178.81 178.80 178.71 178.57 178.34 178.14 177.85 177.52 177.18 176.86 176.51 176.31 176.20 176.25 176.19 175.43 175.78 175.33 175.59 176.06 176.59 176.92 177.17 177.40 177.61 177.84 178.04 178.27 178.39 178.61 178.61 178.60 178.31 177.68 177.84 178.12 178.15 178.12 177.83 177.24 178.79 179.36 179.39 179.23 179.34 179.46 179.28 179.47 179.46 179.37 179.55 179.57 179.36 179.09 178.82 179.50 179.39 179.40 179.32 179.32 179.42 179.40 179.01 179.48 179.58 179.56 179.56 179.58 179.13 179.48 179.38 179.50 179.45 179.52 179.29 179.23 179.54 179.05 178.90 179.03 178.88 178.70 178.59 178.81 179.12 178.57 178.52 178.28 178.76 178.95 179.25 179.18 178.94 178.92 179.11 179.45 179.53 179.47 179.54 179.10 179.31 179.04 178.78 178.76 177.92 178.86 179.29 179.48 179.53 179.53 179.50 179.50 179.52 179.37 179.02 178.56 178.70 178.97 179.19 179.04 178.90 178.66 178.78 179.01 179.09 179.14 179.20 179.03 178.99 178.94 178.89 179.03 178.93 178.98 178.57 178.93 178.59 178.29 178.56 178.25 178.91 179.07 179.24 179.24 179.35 179.30 179.34 179.33 179.51 179.30 179.56 179.29 179.35 179.40 179.37 179.27 179.53 179.55 179.49
-21°N ||     179.38 179.43 179.21 179.21 179.19 179.20 179.37 179.57 179.49 179.51 179.44 179.48 179.52 179.44 179.50 179.54 179.38 179.17 179.19 179.04 178.91 178.77 178.72 178.60 178.45 178.26 177.93 177.52 177.05 176.67 176.38 176.05 175.85 175.82 175.95 175.50 175.66 175.01 175.15 175.62 175.98 176.37 176.61 176.86 177.14 177.34 177.63 177.84 178.06 178.25 178.37 178.53 178.57 178.25 177.84 178.09 177.76 178.02 177.76 177.46 177.54 177.85 179.28 179.27 179.30 179.23 179.43 179.47 179.46 179.47 179.43 179.49 179.55 179.56 178.97 178.50 179.14 179.36 179.17 179.09 179.24 179.30 179.36 179.11 179.27 179.08 179.55 179.54 179.58 179.50 179.42 179.51 179.55 179.50 179.39 179.35 179.25 179.02 178.99 179.10 179.17 179.23 178.53 178.81 179.00 178.93 179.08 178.36 178.28 178.64 178.95 178.70 179.04 179.04 179.11 179.27 179.33 179.41 179.55 179.54 179.46 179.29 179.16 178.88 179.42 179.33 179.03 179.40 179.50 179.51 179.52 179.46 179.58 179.37 179.12 178.92 178.07 178.18 178.84 178.75 178.91 178.90 178.62 178.36 179.03 179.11 179.13 179.15 179.15 179.00 178.81 178.62 178.39 178.64 179.18 178.65 178.79 178.73 178.35 178.90 178.81 178.94 178.85 178.85 179.25 179.34 179.45 179.34 179.18 179.55 179.57 179.46 179.50 179.57 179.53 179.34 179.12 179.43 179.42 179.28
-19°N ||     178.90 179.12 179.13 179.00 179.23 179.38 179.49 179.37 179.42 179.58 179.49 179.47 179.51 179.50 179.56 179.48 179.30 179.36 179.06 179.03 178.90 178.72 178.60 178.39 178.24 178.02 177.69 177.08 176.32 175.91 175.65 175.52 175.39 175.50 175.70 174.28 175.38 174.92 175.05 175.32 175.49 175.84 176.12 176.38 176.72 177.04 177.36 177.60 177.88 178.07 178.19 178.28 178.41 178.36 178.01 177.66 177.64 177.63 177.75 177.66 177.36 178.52 179.13 179.09 179.22 179.32 179.49 179.48 179.50 179.45 179.49 179.56 179.57 179.22 178.07 177.99 178.21 179.31 178.87 179.01 178.40 179.11 179.19 179.25 178.92 178.64 179.43 179.56 179.52 179.55 179.57 179.56 179.57 179.55 179.39 179.37 179.21 179.17 179.31 178.83 179.10 179.16 178.68 178.95 178.63 178.90 178.35 178.20 178.62 178.64 178.49 178.78 178.77 178.92 179.01 179.10 179.16 179.13 179.17 179.57 179.57 179.51 179.53 179.53 179.46 179.57 179.46 179.48 179.51 179.46 179.43 179.14 179.03 179.15 179.00 178.78 178.41 178.29 178.62 178.78 178.99 179.01 179.15 179.15 179.05 179.09 179.11 179.12 179.04 178.96 179.07 178.66 178.44 178.51 178.84 178.93 178.86 178.99 178.62 178.94 179.01 178.88 178.80 178.74 179.12 179.13 179.07 179.02 179.42 179.56 179.57 179.52 179.50 179.32 179.54 179.50 179.54 179.55 179.46 178.93
-17°N ||     178.94 178.93 179.02 179.27 179.29 179.42 179.57 179.41 179.53 179.55 179.57 179.53 179.53 179.29 179.55 179.56 179.46 179.45 179.25 178.99 178.88 178.72 178.41 178.16 177.98 177.72 177.29 176.32 175.48 174.96 174.88 174.95 175.12 175.26 174.97 174.39 174.75 174.94 174.81 174.71 174.82 175.20 175.58 175.86 176.32 176.70 177.04 177.30 177.60 177.86 177.96 178.15 178.17 178.24 177.94 177.61 177.16 177.18 177.67 177.57 177.36 178.63 179.09 178.70 179.01 177.56 175.93 178.41 179.47 179.48 179.37 179.42 179.58 179.24 178.05 178.19 178.09 179.27 178.77 179.23 178.92 179.06 179.03 179.05 178.98 179.07 179.32 179.33 179.26 179.53 179.56 179.57 179.57 179.49 179.48 179.41 179.27 179.31 179.09 179.45 179.17 179.01 178.70 178.70 178.68 178.62 178.72 178.32 178.72 178.68 178.80 178.68 178.51 178.51 178.76 178.81 178.94 179.34 179.38 179.10 179.40 179.35 179.41 179.46 179.42 179.56 179.54 179.53 179.45 179.44 179.11 179.11 178.41 178.69 178.79 178.66 178.21 178.22 178.65 178.84 179.05 179.08 179.16 179.22 179.10 179.07 179.05 179.01 178.98 178.80 178.91 178.84 178.58 178.67 178.57 178.61 178.83 179.00 178.84 179.19 179.00 178.97 178.81 178.67 179.33 178.72 178.95 179.11 179.41 179.43 179.54 179.42 179.40 179.24 179.03 179.42 179.47 179.57 179.37 179.52
-15°N ||     179.57 178.92 179.46 179.34 179.50 179.56 178.88 179.30 179.57 179.56 179.54 179.54 179.48 179.50 179.55 179.57 178.95 179.48 179.49 179.07 178.92 178.68 178.44 178.18 177.84 177.39 176.62 175.34 174.02 173.61 174.03 174.55 174.72 174.96 175.09 175.04 175.21 175.24 174.60 174.29 174.27 174.80 175.14 175.45 175.92 176.45 176.82 177.09 177.28 177.43 177.45 177.81 177.98 177.99 177.72 177.62 177.28 178.09 177.52 178.25 178.50 177.96 177.14 176.31 175.39 175.68 176.57 175.39 175.47 179.53 179.53 179.51 179.55 179.48 178.65 178.72 178.34 178.74 179.01 179.11 179.03 179.00 179.09 178.70 179.10 179.17 179.15 179.35 179.43 179.50 179.37 179.55 179.53 179.54 179.48 179.49 179.44 179.33 179.01 179.30 178.90 178.97 178.87 178.60 178.70 178.48 178.59 178.57 178.45 178.51 178.81 178.45 178.31 178.29 178.37 178.09 178.81 179.32 179.34 179.36 179.08 179.36 179.35 179.29 179.39 179.49 179.36 179.51 179.32 179.09 178.96 178.31 178.23 178.27 178.49 178.39 178.18 178.33 178.38 178.72 178.95 179.11 179.08 179.10 179.18 179.11 178.97 179.04 178.82 178.89 178.81 178.95 178.52 178.28 179.00 179.12 178.65 179.07 179.13 178.97 179.01 178.93 178.68 178.85 179.16 179.24 179.16 179.18 179.34 179.53 179.28 178.16 178.86 179.03 179.24 178.80 179.16 178.35 179.46 179.51
-13°N ||     179.49 179.56 179.52 179.40 179.51 179.57 179.42 179.05 179.26 179.09 179.36 179.55 179.56 179.57 179.58 179.57 179.49 179.49 179.42 179.23 179.02 178.74 178.47 178.18 177.74 177.17 176.28 174.47 172.45 172.04 173.13 174.13 174.46 174.55 174.63 175.27 175.04 175.01 174.46 174.21 174.25 175.38 174.70 175.17 175.67 176.15 176.61 176.89 177.11 177.27 177.32 177.97 177.47 178.26 177.63 178.05 177.88 178.04 176.30 175.47 176.96 178.68 178.61 178.81 176.81 177.08 178.49 178.36 179.26 176.22 178.66 179.57 179.49 179.34 179.24 178.64 178.89 178.37 177.97 178.89 178.98 178.96 179.01 179.00 179.26 179.19 179.02 179.28 179.45 179.15 179.39 179.47 179.56 179.58 179.48 179.55 179.49 179.37 179.29 179.29 179.26 179.07 178.81 178.65 178.49 178.81 178.53 178.51 178.41 178.35 178.36 178.49 178.17 178.47 178.38 178.56 178.59 179.16 179.27 179.17 179.22 179.32 179.28 179.27 179.10 179.37 179.40 179.41 179.30 179.18 178.45 178.23 177.98 178.38 178.31 178.48 178.15 178.29 178.80 178.83 179.17 179.10 179.17 179.13 179.17 179.13 178.88 178.76 178.72 178.76 178.75 178.58 178.84 178.53 179.15 179.13 178.78 178.78 179.04 179.12 178.93 178.99 178.73 178.63 178.88 179.44 179.46 179.51 179.57 179.28 178.99 178.61 178.50 178.65 178.73 178.48 178.22 178.66 178.26 178.68
-11°N ||     178.31 178.86 178.18 178.12 179.42 179.52 179.36 178.95 179.25 179.20 179.40 179.44 179.41 179.50 179.52 179.48 179.53 179.55 179.49 179.33 179.10 178.89 178.53 178.17 177.61 177.06 176.24 174.67 172.51 170.95 171.78 174.11 174.36 174.37 174.29 174.90 174.83 174.56 174.12 173.90 174.34 174.66 174.61 175.10 175.52 175.92 176.57 176.76 176.96 177.17 177.07 177.69 179.16 178.26 175.10 174.89 176.70 176.59 176.43 177.42 178.02 178.20 178.44 178.63 178.99 178.91 179.05 179.18 179.29 179.49 175.60 178.55 175.52 178.56 179.06 177.78 177.88 178.51 178.16 178.07 178.85 178.84 178.75 178.94 178.85 178.99 178.65 179.10 179.02 179.30 179.28 179.08 179.54 179.56 179.54 179.57 179.53 179.37 178.70 178.99 179.29 179.32 179.00 178.82 178.74 178.49 178.46 178.53 178.34 178.38 178.69 178.47 178.54 178.31 178.52 178.63 178.57 178.76 179.03 178.89 178.99 179.16 179.13 179.07 178.85 179.31 179.31 179.41 179.30 179.28 179.09 178.51 178.07 178.25 178.20 178.61 178.36 178.71 178.97 178.98 179.25 179.21 179.11 179.17 179.19 179.17 179.09 179.13 178.94 178.93 178.79 178.54 178.23 178.61 178.56 178.75 179.05 179.11 178.93 179.19 179.06 179.36 179.46 179.30 179.43 179.30 179.49 179.56 179.51 179.09 178.85 178.75 178.21 178.37 178.08 177.86 177.84 178.94 178.67 179.14
-9°N ||     179.40 179.15 179.19 178.53 178.15 179.37 178.91 179.25 178.90 178.74 179.20 179.13 179.38 179.44 179.43 179.55 179.52 179.58 179.54 179.40 179.25 178.95 178.69 178.27 177.80 177.19 176.45 175.71 172.86 170.06 170.06 173.14 174.24 174.25 174.32 174.21 174.61 174.40 174.43 174.14 174.26 174.85 176.41 177.88 176.87 175.98 176.53 177.07 177.02 177.39 177.64 177.10 177.28 175.01 177.62 177.05 176.22 177.72 176.82 177.95 178.18 178.30 178.77 178.77 179.10 179.21 178.40 179.08 177.47 179.01 175.51 175.44 175.11 176.37 176.96 177.83 178.81 178.39 178.30 177.06 178.06 178.89 178.66 178.59 178.72 178.60 178.31 179.03 178.92 178.88 178.65 179.43 179.44 179.48 179.57 179.55 179.57 179.50 179.19 179.13 179.31 179.10 178.92 179.04 179.01 178.70 178.48 178.77 179.42 179.56 178.56 178.73 178.66 178.73 178.70 178.59 178.61 178.67 178.87 178.92 178.89 178.77 178.92 178.77 178.75 178.85 179.04 179.27 179.30 179.30 179.08 178.78 178.09 178.75 178.74 178.29 178.95 179.12 178.70 179.03 179.25 179.27 179.36 179.25 179.25 179.12 179.07 179.32 179.26 179.00 178.43 178.60 178.24 178.82 179.11 179.01 179.16 179.38 179.16 179.22 179.50 179.33 178.97 179.50 179.52 178.96 179.04 179.24 178.92 178.83 178.60 178.32 178.02 177.00 177.49 177.58 178.56 179.20 178.73 178.97
-7°N ||     178.86 178.95 179.10 179.09 177.37 177.85 178.67 178.50 177.78 178.30 178.53 178.94 179.21 179.22 179.27 179.17 179.30 179.55 179.58 179.50 179.34 179.09 178.83 178.39 177.93 177.47 176.88 176.35 173.42 170.88 171.43 172.65 173.94 174.18 174.34 174.54 174.13 174.15 174.55 174.15 177.20 177.53 175.10 178.52 177.87 177.61 178.18 178.98 176.99 178.33 177.91 176.76 178.90 175.67 179.00 178.40 177.87 178.38 177.79 178.34 178.45 178.48 178.72 178.86 179.04 177.88 177.26 178.21 179.29 179.39 177.87 175.33 175.46 176.21 175.71 176.35 177.15 178.64 178.70 178.29 178.18 178.44 178.34 178.76 178.63 178.76 179.01 179.17 179.19 179.11 179.21 179.03 179.44 179.49 179.51 179.47 179.47 179.56 179.37 179.44 178.93 178.88 178.97 179.05 178.52 178.88 179.00 178.77 178.76 178.79 178.95 178.93 179.02 178.49 178.58 178.59 178.59 178.97 179.01 178.88 178.58 178.46 178.52 178.36 178.69 179.06 178.90 179.02 179.29 179.30 179.23 179.14 178.41 178.32 178.66 178.80 178.85 178.92 178.82 179.10 179.28 179.24 179.41 179.39 179.37 179.39 179.40 179.45 179.44 179.52 178.26 178.12 178.28 178.82 178.49 179.34 179.37 179.45 179.57 179.57 179.35 178.96 179.13 179.29 178.54 178.04 178.47 178.12 178.06 178.14 178.07 178.10 177.79 177.37 177.01 176.99 177.84 178.25 178.48 178.84
-5°N ||     178.74 178.54 178.32 178.42 178.82 177.25 177.40 177.44 177.17 178.13 178.57 179.26 178.97 178.84 178.52 178.28 178.27 178.89 179.57 179.58 179.49 179.32 179.06 178.65 178.26 177.80 177.33 176.54 175.47 173.99 172.84 173.04 173.95 174.08 174.42 174.66 174.64 175.58 174.91 174.32 174.65 174.95 175.36 178.99 177.68 179.11 177.40 178.24 177.63 176.98 176.59 179.07 178.39 178.82 178.92 177.10 177.43 178.35 179.04 177.68 178.65 178.77 178.85 178.90 179.32 179.13 179.51 179.26 179.35 179.48 179.57 178.81 176.72 179.31 179.34 176.81 176.18 176.71 179.06 178.80 177.24 177.91 178.05 178.34 178.48 178.82 179.08 179.05 178.78 179.02 179.18 179.27 179.10 179.42 179.50 179.42 179.47 179.49 179.58 179.57 179.34 178.75 178.89 179.02 179.23 179.04 178.96 178.91 178.99 178.87 179.25 179.30 179.20 178.67 178.54 178.58 178.40 178.57 178.37 178.82 178.58 178.82 178.64 178.64 178.83 178.69 179.05 178.84 179.20 179.25 179.16 178.78 178.87 178.47 178.80 178.94 179.13 179.10 179.18 179.26 179.19 179.34 179.53 179.54 179.43 179.49 179.54 179.57 179.45 179.35 178.98 178.67 179.20 179.17 179.11 179.41 178.37 179.33 176.21 178.22 178.67 179.16 179.02 178.41 178.40 177.66 177.63 177.81 177.81 177.62 177.51 177.57 177.15 177.17 177.18 177.06 176.99 177.47 177.98 178.41
-3°N ||     178.38 178.48 178.04 177.96 178.27 176.66 176.64 176.93 177.74 177.42 178.94 179.50 178.24 177.25 177.38 177.09 179.07 179.56 178.96 179.39 179.56 179.48 179.42 179.08 178.62 178.17 177.74 176.95 176.33 175.15 174.25 174.07 173.81 173.79 174.51 174.92 175.23 175.39 175.43 175.04 174.86 175.39 175.75 176.57 176.84 176.89 177.45 177.49 177.33 177.04 176.83 176.63 177.09 178.31 178.06 177.57 178.09 178.52 178.78 177.84 178.64 179.15 179.13 179.17 179.34 179.40 179.06 179.52 179.57 179.55 179.44 179.28 175.42 178.70 178.88 177.17 177.77 177.50 178.49 178.35 178.02 178.02 177.25 177.89 178.41 178.64 178.46 178.79 178.82 178.92 179.02 179.19 179.30 179.34 179.45 179.47 179.56 179.48 179.49 179.46 179.47 179.13 179.04 179.15 179.31 179.01 179.11 179.23 179.19 179.19 179.33 179.33 179.14 178.94 178.82 178.48 178.24 179.13 178.94 178.86 178.79 178.86 178.73 178.95 178.61 178.88 178.69 179.17 179.21 179.34 179.06 179.16 179.09 178.98 179.26 179.45 179.01 179.41 179.36 179.20 179.35 179.38 179.57 179.57 179.52 179.46 179.54 179.55 179.44 179.29 178.91 179.08 179.00 179.14 179.26 179.56 178.17 178.39 178.22 178.87 178.14 178.33 178.40 178.55 178.20 177.58 177.90 178.38 177.19 177.10 177.17 176.96 176.86 176.78 176.79 176.78 176.90 177.12 177.76 177.88
-1°N ||     177.72 177.88 177.76 177.40 177.22 176.60 176.58 177.04 177.29 178.39 179.14 179.55 178.20 177.34 176.72 177.96 178.90 178.41 178.62 179.37 179.48 179.57 179.55 179.37 179.02 178.45 177.93 177.32 176.71 176.05 175.10 174.57 173.33 172.04 174.71 175.12 175.37 175.62 175.78 175.81 175.86 176.64 176.96 177.24 177.47 177.96 178.22 178.40 178.60 178.71 177.93 179.19 177.51 177.58 177.69 177.94 178.63 178.88 178.95 179.31 179.17 179.32 179.30 179.32 179.44 179.49 179.48 178.94 179.07 179.38 177.93 179.20 176.08 175.90 178.13 178.12 178.42 178.32 178.20 177.73 176.83 177.18 177.45 178.26 178.16 178.24 178.50 178.79 178.95 179.01 178.95 178.78 179.16 179.23 179.41 179.47 179.55 179.49 179.50 179.48 179.49 179.41 179.32 179.20 179.31 179.28 179.25 179.35 179.38 179.41 179.47 179.46 179.08 178.91 178.89 178.64 178.41 179.19 179.04 179.02 179.04 178.75 178.80 178.65 178.92 178.97 179.09 179.19 179.46 179.42 179.23 178.81 179.22 179.26 179.43 179.53 179.46 179.29 179.39 179.30 179.41 179.48 179.54 179.53 179.51 179.43 179.48 179.34 179.51 179.31 179.22 179.29 179.55 179.57 179.52 178.45 177.83 177.48 177.87 177.96 177.25 177.56 178.12 178.17 177.53 177.79 178.45 177.81 177.25 177.03 176.97 176.91 176.88 176.76 176.72 176.76 177.03 177.00 177.32 177.60
1°N ||     177.53 177.82 177.40 176.87 177.05 176.82 176.56 176.38 177.20 178.04 178.99 178.95 177.58 176.73 176.69 177.28 177.75 178.09 179.35 178.89 179.33 179.33 179.56 179.25 178.89 178.77 178.26 177.50 176.79 176.54 176.15 175.65 173.68 171.47 172.23 175.38 175.53 175.66 175.96 176.27 176.65 176.95 177.17 177.46 177.81 178.24 178.51 178.79 179.17 179.25 178.38 177.52 177.36 177.71 177.98 178.48 178.83 179.14 179.18 179.40 179.26 179.41 179.56 179.41 179.48 179.52 179.47 178.35 179.57 179.45 179.00 176.33 174.98 175.13 178.73 178.41 178.36 178.20 178.63 176.66 178.65 176.77 177.87 178.38 177.84 177.99 178.44 178.83 178.64 178.96 179.00 178.87 179.10 179.12 179.19 179.43 179.49 179.57 179.57 179.56 179.56 179.57 179.51 179.29 179.37 179.24 179.26 179.52 179.46 179.44 179.40 179.22 179.26 179.21 178.94 178.81 179.05 179.04 178.83 179.13 178.99 178.88 178.94 178.96 178.96 179.03 179.16 179.30 179.32 179.45 179.52 179.51 179.51 179.51 179.32 179.53 179.53 179.56 179.55 179.54 179.51 179.52 179.33 179.35 179.25 179.49 179.52 179.51 179.53 179.41 179.51 179.48 178.84 178.67 178.56 178.38 177.78 177.43 177.60 177.28 177.53 177.53 177.76 177.35 177.44 177.72 178.08 177.36 177.15 177.05 176.95 176.86 176.85 176.79 176.77 176.76 176.73 176.86 177.00 177.21
3°N ||     176.72 176.89 176.81 176.63 176.43 176.35 176.41 176.56 176.75 178.01 178.35 178.22 176.62 176.40 176.45 176.81 177.12 178.81 178.86 178.43 178.80 179.53 179.50 179.13 178.66 179.18 178.66 176.99 176.81 176.90 176.79 176.91 176.46 173.44 174.76 175.66 175.44 175.56 176.02 176.45 176.84 177.05 177.23 177.21 178.16 178.52 178.90 179.13 179.33 179.38 179.42 178.86 178.39 178.57 178.87 179.12 179.26 179.33 179.37 179.51 179.43 179.43 179.27 179.55 179.44 179.56 179.57 179.40 179.35 179.03 178.86 178.55 175.68 175.43 176.16 176.78 176.56 176.95 177.33 177.34 178.19 178.47 177.82 178.17 178.37 177.78 178.56 178.94 178.76 178.81 178.63 178.85 178.94 179.10 179.22 179.41 179.43 179.55 179.50 179.57 179.54 179.57 179.57 179.56 179.55 179.35 179.48 179.56 179.49 179.40 179.49 179.36 179.13 179.11 179.01 179.28 179.16 179.16 178.95 179.15 179.04 178.94 178.92 179.01 179.02 179.08 179.24 179.33 179.46 179.50 179.35 178.83 178.32 177.99 177.30 178.18 179.46 179.52 179.56 179.46 179.43 179.24 179.13 179.30 179.35 179.54 179.57 179.56 179.53 179.41 179.43 178.43 178.59 178.86 178.72 177.86 177.60 177.37 177.29 177.13 177.62 177.15 177.31 177.19 177.26 177.57 177.45 177.20 177.12 177.06 177.03 176.90 176.85 176.83 176.84 176.78 176.74 176.71 176.67 176.65
5°N ||     176.74 176.56 176.23 176.55 176.28 176.25 176.36 176.41 176.57 177.20 177.55 177.73 176.37 176.17 176.17 176.38 177.73 179.07 177.85 178.14 179.03 179.55 179.30 179.03 179.22 179.29 179.14 178.20 176.92 176.83 177.03 177.41 177.64 177.35 176.55 175.98 175.28 175.11 176.15 176.70 177.07 177.27 177.38 177.16 178.33 178.94 179.20 179.36 179.52 179.47 179.35 179.18 179.17 179.35 179.45 179.47 179.51 179.52 179.54 179.57 179.49 179.54 179.39 179.44 179.54 179.53 179.37 179.29 179.23 178.77 178.06 176.11 177.99 176.80 175.52 176.09 177.02 178.01 178.26 178.16 178.52 178.10 178.40 178.21 177.70 178.25 178.35 178.84 178.72 178.84 178.92 178.89 179.22 179.27 179.31 179.34 179.37 179.36 179.45 179.56 179.50 179.56 179.58 179.57 179.58 179.58 179.57 179.58 179.57 179.34 179.43 178.98 179.11 179.03 179.16 179.07 179.09 179.19 179.14 179.13 179.05 178.96 178.89 178.92 179.29 179.13 179.23 179.39 179.52 179.56 178.80 175.68 175.47 175.46 175.52 175.82 176.79 178.63 179.04 179.11 179.21 178.89 179.08 179.35 179.30 179.54 179.58 179.54 179.47 179.50 178.48 178.62 178.36 178.28 178.06 177.96 177.49 177.31 177.16 177.13 177.20 177.27 177.16 177.17 177.16 177.18 177.18 177.21 177.11 177.10 177.10 177.00 176.93 176.89 176.86 176.79 176.73 176.70 176.66 176.60
7°N ||     176.64 176.53 176.44 176.41 176.28 176.24 176.25 176.28 176.39 176.77 177.25 176.69 176.14 176.02 175.98 176.32 177.98 177.18 177.34 178.06 179.35 179.57 179.57 179.55 179.50 179.48 179.30 178.76 176.55 176.70 177.03 177.76 178.00 177.78 177.22 176.39 174.42 174.39 176.58 177.03 177.29 177.46 177.57 177.81 178.76 179.05 179.26 179.45 179.56 179.54 179.32 179.26 179.50 179.49 179.49 179.51 179.55 179.58 179.58 179.55 179.52 179.58 179.48 179.57 179.45 179.26 179.12 178.99 178.88 178.49 177.80 176.02 175.34 176.05 175.52 177.85 178.00 178.18 177.17 176.98 177.33 178.21 178.08 177.92 178.24 178.62 178.59 178.87 178.70 178.97 178.85 178.96 179.02 178.81 179.32 179.39 179.46 179.27 179.51 179.58 179.58 179.57 179.55 179.52 179.58 179.55 179.55 179.35 179.58 179.51 179.40 179.28 179.27 178.91 179.00 179.08 179.01 179.14 179.15 179.17 179.02 179.06 178.90 179.25 179.42 179.07 179.24 179.43 179.55 178.58 175.79 175.32 175.38 175.40 175.41 175.53 175.59 176.26 178.53 178.61 178.51 178.79 179.19 179.12 179.54 179.53 179.57 179.50 179.57 179.56 178.68 178.14 178.00 177.78 177.56 177.69 177.25 177.14 177.23 177.11 177.05 177.22 177.17 177.19 177.12 177.13 177.19 177.20 177.22 177.21 177.17 177.28 177.02 176.92 176.97 176.79 176.69 176.64 176.62 176.56
9°N ||     176.50 176.36 176.65 176.55 176.22 176.24 176.22 176.27 176.14 176.60 177.01 176.24 175.95 175.88 175.93 176.63 177.13 176.65 177.43 178.73 178.96 179.28 179.39 179.51 179.57 179.55 179.43 178.85 177.07 176.98 177.50 178.24 178.23 178.38 178.02 176.80 173.85 172.28 175.92 177.29 177.44 177.65 177.85 178.18 178.70 179.06 179.30 179.49 179.57 179.53 179.31 179.23 179.36 179.56 179.54 179.55 179.57 179.58 179.55 179.49 179.39 179.46 179.47 179.39 179.42 179.03 178.47 178.38 178.24 177.48 176.06 175.93 176.10 175.40 177.29 177.38 177.22 177.45 176.92 177.99 177.98 178.13 178.25 178.08 177.91 178.27 178.45 178.17 178.45 178.41 178.79 178.91 179.09 178.98 179.19 178.78 179.25 179.45 179.48 179.30 179.21 179.57 179.53 179.51 179.52 179.52 179.45 179.56 179.56 179.52 179.50 179.46 179.43 179.50 179.35 179.18 179.11 179.13 179.14 178.92 179.08 179.03 178.82 179.54 179.15 179.08 179.32 179.53 179.39 177.22 175.57 175.27 175.25 175.28 175.35 175.42 175.50 175.75 176.56 177.52 178.06 178.03 179.21 179.43 179.45 179.51 179.18 178.92 179.10 179.07 178.32 177.75 177.39 177.77 177.28 177.07 177.22 177.24 177.38 177.34 176.69 177.48 177.56 177.42 177.24 177.15 177.37 177.29 177.48 177.42 177.40 177.07 177.04 176.91 177.02 176.80 176.69 176.62 176.56 176.57
11°N ||     176.39 176.41 176.44 176.43 176.12 176.12 176.05 176.09 175.90 176.02 176.20 175.81 175.76 175.80 175.87 175.96 176.57 176.54 177.44 178.37 178.71 178.94 179.28 179.49 179.58 179.56 179.39 178.84 178.23 178.48 178.43 178.43 178.45 178.46 178.55 178.45 174.45 169.94 171.03 177.27 177.58 177.80 178.05 178.37 178.70 179.10 179.38 179.52 179.58 179.53 179.36 179.20 179.24 179.58 179.58 179.58 179.58 179.55 179.52 179.44 179.34 179.51 179.55 179.15 178.96 178.61 177.87 177.43 177.06 177.31 175.42 175.71 177.36 175.34 176.17 177.46 175.88 177.73 178.00 177.60 178.07 178.20 178.41 178.54 178.27 178.17 177.89 178.17 178.26 178.34 178.77 178.86 178.84 178.85 178.61 179.20 178.80 179.45 179.40 179.34 179.44 179.44 179.47 179.53 179.52 179.55 178.85 179.46 179.32 179.50 179.56 179.55 179.54 179.57 179.47 179.19 179.10 179.26 179.38 179.06 179.18 179.12 178.97 178.88 179.00 179.28 179.47 179.58 178.89 176.69 175.27 175.21 175.17 175.27 175.39 175.41 175.55 175.65 176.19 177.15 177.60 179.11 178.80 179.00 179.24 178.71 178.26 177.98 177.99 177.88 177.57 177.21 176.87 176.81 177.07 176.92 177.08 177.08 177.45 177.64 177.90 178.17 178.08 177.98 177.82 177.69 177.66 177.67 177.61 177.10 178.32 177.36 177.10 177.09 177.08 176.70 176.64 176.66 177.32 176.58
13°N ||     176.55 176.30 176.92 176.94 176.13 176.16 176.00 175.90 175.85 175.79 175.71 175.63 175.64 175.68 175.73 175.92 176.14 176.66 178.45 178.32 178.57 179.08 179.32 179.47 179.58 179.53 179.40 179.18 178.66 178.66 178.56 178.55 178.56 178.64 178.78 178.90 178.27 171.33 172.33 176.47 177.40 178.00 178.31 178.53 175.92 179.26 179.46 179.55 179.57 179.53 179.32 179.22 179.18 179.56 179.58 179.57 179.54 179.50 179.45 179.39 179.36 179.30 179.02 179.28 178.69 177.63 177.17 176.78 176.60 175.67 175.50 175.70 176.63 176.81 177.15 175.97 176.94 177.21 178.02 178.49 178.52 178.16 178.39 178.26 178.29 178.30 175.58 178.25 176.92 178.44 178.83 178.76 178.76 178.42 178.49 179.23 179.22 179.15 179.03 178.99 179.08 179.50 179.56 179.52 179.48 179.39 179.44 179.25 178.80 179.49 179.57 179.50 179.58 179.57 179.54 179.47 179.36 179.42 179.48 179.46 179.34 179.20 179.14 179.16 179.22 179.35 179.53 179.48 178.38 176.53 175.26 175.23 175.25 175.31 175.41 175.43 175.50 175.60 175.98 176.81 177.24 178.24 178.15 178.01 178.05 177.86 177.91 177.21 177.47 177.03 176.87 176.73 176.45 176.28 176.24 176.60 176.71 177.13 177.73 178.40 178.96 179.19 178.87 178.84 178.52 178.27 178.16 177.86 177.93 177.86 177.78 178.10 177.12 177.16 176.98 176.94 176.68 176.76 178.07 177.13
15°N ||     176.51 176.25 176.22 175.95 176.01 176.14 175.88 175.72 175.69 175.62 175.55 175.44 175.47 175.50 175.52 175.76 176.58 177.31 178.19 178.26 179.25 178.05 173.99 173.44 175.67 179.48 179.34 179.28 179.12 178.79 178.73 178.64 178.66 178.72 178.80 178.87 178.88 177.87 176.06 176.42 177.60 178.16 178.52 178.72 179.05 179.42 179.51 179.57 179.57 179.54 179.38 179.22 179.12 179.52 179.54 179.55 179.52 179.44 179.38 179.36 179.30 179.30 179.34 178.95 177.53 176.99 176.65 176.41 176.35 175.72 175.39 175.60 176.05 176.45 175.92 176.59 176.85 177.18 177.50 177.68 177.41 178.14 178.97 176.41 178.09 178.25 178.14 178.29 178.27 178.24 177.24 178.10 178.60 178.77 178.62 179.00 178.94 178.85 178.77 178.59 178.78 178.88 179.40 179.45 179.39 179.36 179.38 178.68 179.08 179.55 179.55 179.54 179.47 179.52 179.56 179.55 179.46 179.41 179.46 179.46 179.37 179.41 179.33 179.36 179.34 179.49 179.57 179.21 177.65 175.34 175.29 175.37 175.26 175.34 175.41 175.46 175.54 175.60 175.90 176.55 176.97 177.19 177.47 177.55 177.62 177.54 177.37 177.13 176.69 176.57 176.39 176.23 176.21 176.10 176.07 176.13 176.57 177.22 178.17 178.92 179.32 179.47 179.56 179.47 179.33 178.80 178.48 178.24 178.21 178.06 177.95 177.87 177.53 177.21 177.13 177.01 176.88 176.54 177.40 175.61
17°N ||     176.30 176.10 176.05 175.88 176.59 175.90 175.84 175.73 175.56 175.51 175.43 175.35 175.33 175.34 175.30 176.25 176.95 177.11 177.82 177.80 179.15 173.14 170.14 169.56 171.38 177.50 179.31 179.29 179.42 179.14 178.94 178.75 178.70 178.75 178.81 178.89 178.91 178.74 177.84 177.73 178.15 178.35 178.58 178.80 179.11 179.43 179.55 179.58 179.56 179.50 179.43 179.12 179.18 179.55 179.57 179.39 179.47 179.41 179.37 179.32 179.26 179.13 178.83 177.89 177.35 176.58 176.27 175.96 175.64 175.55 175.79 175.52 175.65 175.92 175.78 176.33 176.91 176.82 177.03 177.71 178.00 178.57 177.87 177.10 178.30 178.18 178.13 175.92 178.14 177.78 178.16 178.23 178.60 178.80 178.61 178.43 178.59 178.56 178.57 178.32 178.36 178.62 179.12 179.23 178.89 178.96 178.95 179.01 179.51 179.57 179.54 179.52 179.57 179.58 179.58 179.56 179.51 179.22 179.41 179.47 179.48 179.48 179.45 179.48 179.51 179.55 179.40 179.04 177.42 175.54 175.35 175.31 175.35 175.41 175.44 175.44 175.52 175.70 175.88 176.17 176.53 176.42 176.69 176.70 176.75 176.49 176.44 176.32 176.17 176.06 175.97 175.97 175.95 175.83 175.88 175.90 176.22 177.26 178.15 179.22 179.52 179.57 179.51 179.52 179.57 179.13 178.70 178.59 178.59 178.37 178.11 177.79 177.49 177.25 177.29 177.00 176.46 176.49 176.65 176.27
19°N ||     176.30 176.05 175.88 175.82 175.75 175.87 175.82 175.65 175.48 175.41 175.33 175.24 175.21 175.21 175.18 176.06 176.82 177.40 178.65 178.17 179.33 173.24 170.20 169.71 171.05 177.81 179.45 179.51 179.52 179.47 179.17 178.85 178.65 178.60 178.62 178.83 178.94 178.92 178.57 178.43 178.50 178.56 178.63 178.79 179.02 179.34 179.56 179.58 179.53 179.49 179.43 179.07 179.34 179.23 179.58 179.54 179.46 179.42 179.34 179.32 179.06 179.12 178.47 177.35 176.66 176.20 175.73 175.60 175.37 175.35 175.23 175.35 175.40 175.53 175.63 176.30 176.51 176.45 175.95 177.47 177.86 178.14 177.88 177.83 176.02 178.40 178.22 178.56 178.20 178.09 178.06 178.05 177.45 178.38 178.44 178.28 178.40 178.40 178.43 178.33 178.29 178.79 177.01 178.83 178.55 179.16 179.36 179.04 179.40 179.45 179.52 179.55 179.56 179.57 179.57 179.56 179.45 179.46 179.45 179.55 179.58 179.57 179.49 179.51 179.53 179.57 179.48 179.49 178.29 176.72 175.79 175.40 175.47 175.48 175.50 175.57 175.59 175.64 175.77 175.88 175.91 175.93 175.79 175.93 175.90 175.94 175.80 175.78 175.76 175.67 175.60 175.67 175.53 175.58 175.60 175.79 176.08 177.25 178.62 179.43 179.55 179.39 179.32 179.45 179.45 178.92 179.15 178.93 178.75 178.54 178.23 177.84 177.50 177.24 177.14 176.71 177.28 176.31 176.39 176.19
21°N ||     175.75 175.88 175.91 175.65 175.52 175.53 175.56 175.45 175.31 175.27 175.18 175.15 175.11 175.10 175.10 176.05 176.82 178.24 178.61 177.93 178.55 175.11 172.94 172.14 173.82 179.19 179.58 179.58 179.57 179.50 179.32 178.99 178.64 178.45 178.30 178.22 178.90 178.92 178.80 178.69 178.66 178.67 178.71 178.82 179.01 179.33 179.42 179.58 179.56 179.50 179.49 179.28 179.01 178.72 179.52 179.54 179.52 179.45 179.41 179.25 179.13 179.02 177.98 177.25 176.55 175.56 175.46 175.38 175.26 175.23 175.22 175.26 175.42 175.41 175.53 175.98 176.11 176.07 176.70 177.44 177.53 177.03 177.59 177.86 178.42 177.91 177.55 178.17 178.08 177.92 178.11 178.12 178.31 178.38 178.05 178.21 178.35 178.29 178.30 178.31 178.14 178.73 178.99 178.49 179.13 178.96 178.48 179.55 179.37 178.99 179.57 179.53 179.58 179.55 179.50 179.54 179.55 179.55 179.13 179.58 179.57 179.58 179.41 179.45 179.52 179.57 179.51 179.51 179.27 178.53 176.94 176.62 175.97 175.82 175.82 175.61 175.63 175.63 175.63 175.67 175.64 175.52 175.53 175.52 175.49 175.52 175.44 175.40 175.40 175.46 175.39 175.43 175.39 175.50 175.45 175.45 175.71 177.06 178.78 179.57 179.33 179.21 179.14 179.13 179.39 179.57 179.41 179.21 178.97 178.62 178.18 177.86 177.54 177.32 176.92 176.81 177.31 176.21 176.21 176.05
23°N ||     175.77 175.70 175.64 175.52 175.45 175.36 175.30 175.22 175.16 175.14 175.09 175.08 175.06 175.07 175.06 175.94 177.15 178.45 177.96 177.49 177.45 177.99 177.24 177.12 179.39 179.30 179.54 179.56 179.58 179.47 179.27 179.01 178.71 178.36 178.14 178.07 178.70 178.93 178.87 178.69 178.68 178.51 178.73 178.86 178.89 179.43 179.52 179.58 179.58 179.56 179.52 179.46 179.29 178.90 179.22 179.40 178.61 176.97 177.48 178.65 178.95 179.26 177.87 177.17 176.42 175.58 175.33 175.26 175.16 175.12 175.18 175.11 175.42 175.37 175.29 175.60 175.68 175.64 175.80 176.66 177.37 178.04 178.42 178.00 178.26 178.05 178.01 177.96 178.00 178.29 177.88 177.80 177.96 178.16 177.80 177.71 177.39 178.61 177.94 178.01 178.28 178.64 178.95 178.63 178.59 178.72 178.73 179.04 179.40 179.24 179.48 179.56 179.56 179.58 179.56 179.57 179.51 179.55 179.25 179.58 179.58 179.56 179.12 179.40 179.55 179.54 179.56 179.51 179.48 179.06 178.46 177.82 177.19 176.68 176.15 175.78 175.64 175.56 175.48 175.45 175.45 175.27 175.37 175.23 175.18 175.13 175.09 175.15 175.02 175.09 175.08 175.12 175.15 175.15 175.11 175.22 175.31 176.75 178.86 179.57 179.39 179.15 179.03 177.70 178.44 179.41 179.55 179.31 178.93 178.62 178.18 177.81 177.39 177.08 176.67 176.92 176.38 176.22 176.64 175.85
25°N ||     175.66 175.61 175.63 175.39 175.27 175.26 175.18 175.16 175.14 175.09 175.05 175.04 175.04 175.03 175.02 175.82 177.48 178.10 177.95 178.30 177.38 177.64 177.70 177.74 178.46 179.12 179.54 179.53 179.56 179.41 179.14 178.93 178.59 178.28 178.08 177.65 177.70 178.86 178.91 178.68 178.75 178.68 178.77 178.13 179.09 179.44 179.55 179.57 179.58 179.58 179.56 179.53 179.48 178.65 179.52 179.51 179.47 179.49 178.37 176.60 176.35 178.42 177.47 176.07 175.61 175.27 175.18 175.16 175.10 175.05 175.06 175.10 175.15 175.23 175.51 175.39 175.42 175.34 175.21 176.09 176.56 177.66 177.90 177.52 177.46 177.83 177.68 177.82 177.77 178.16 177.91 177.45 177.83 177.80 177.77 177.19 177.60 177.89 178.11 177.93 178.70 178.63 178.37 178.60 178.70 178.14 178.40 179.08 178.83 179.02 179.41 179.26 179.33 179.19 178.94 179.58 179.51 179.44 179.48 179.33 179.50 179.47 179.45 179.56 179.56 179.58 179.57 179.43 179.39 179.53 178.69 177.74 177.78 177.08 176.07 175.66 175.54 175.34 175.28 175.23 175.14 175.09 175.04 174.95 174.86 174.79 174.76 174.75 174.76 174.78 174.83 174.87 174.85 174.90 174.96 175.04 175.19 175.42 178.01 179.36 179.36 179.12 177.74 172.10 177.51 179.34 179.55 179.25 178.96 178.55 177.89 177.89 177.30 176.94 176.45 176.38 176.18 176.22 175.88 175.78
27°N ||     175.47 175.40 175.36 175.40 175.18 175.28 175.09 175.05 175.05 175.04 175.03 175.02 175.02 175.02 175.02 175.57 177.20 178.05 177.91 178.03 178.16 177.97 178.96 178.65 178.60 178.98 179.28 179.58 179.50 179.34 179.05 178.80 178.53 178.22 177.67 177.59 177.87 178.97 179.10 178.82 178.93 178.92 178.94 178.14 178.84 179.43 179.53 179.56 179.57 179.54 179.49 179.53 179.43 179.27 178.82 178.39 178.49 177.92 177.67 176.43 177.32 178.69 175.64 175.45 175.30 175.23 175.23 175.14 175.04 175.01 175.21 175.06 175.05 175.13 175.37 175.11 175.29 175.21 175.14 175.17 176.13 176.57 176.93 177.12 177.04 177.49 177.80 177.94 177.76 177.73 177.64 177.57 177.74 177.85 177.65 177.94 177.51 177.68 178.30 178.67 177.47 178.81 178.41 178.37 179.20 177.76 179.42 178.89 178.82 179.16 179.19 179.09 179.15 179.17 179.34 179.21 179.22 178.62 179.46 179.57 179.55 179.14 179.56 179.57 179.40 179.49 179.37 179.44 179.02 179.50 178.54 178.09 177.32 176.32 175.71 175.43 175.21 175.20 175.12 175.03 174.96 174.85 174.79 174.73 174.69 174.69 174.67 174.68 174.69 174.71 174.72 174.72 174.75 174.81 174.91 175.00 175.14 175.34 176.33 179.28 179.52 179.23 178.66 178.09 178.68 179.56 179.35 179.04 178.79 178.39 178.21 177.35 177.01 176.69 176.31 176.07 176.05 175.95 175.76 175.57
29°N ||     175.29 175.24 175.17 175.11 175.04 175.06 175.01 174.98 174.98 174.99 174.98 174.97 174.97 175.13 174.98 175.03 175.83 177.49 178.27 178.20 178.18 178.05 178.99 179.15 178.26 178.74 179.53 179.57 179.46 179.24 178.99 178.72 178.52 178.19 177.17 177.50 178.32 178.98 179.07 178.94 179.13 179.16 179.14 179.20 179.33 179.44 179.54 179.57 179.57 179.45 179.49 179.56 179.57 179.24 179.13 178.96 178.92 178.10 177.83 177.20 177.32 176.58 175.82 176.16 176.62 175.44 175.32 175.18 175.05 174.99 175.04 174.96 174.99 174.95 174.98 175.03 175.11 175.07 175.01 174.99 175.02 175.92 176.31 176.68 176.54 177.29 177.60 174.74 177.53 177.70 177.44 177.04 177.52 177.46 177.94 177.81 177.54 177.59 178.21 178.21 178.52 178.22 178.43 178.32 178.81 179.02 179.37 179.18 179.08 179.38 179.13 179.19 178.80 178.27 178.42 178.46 179.12 179.54 179.56 179.57 179.48 179.57 179.56 179.55 179.42 179.33 178.62 178.16 178.25 177.85 177.55 177.04 176.08 175.77 175.50 175.19 175.12 175.01 174.88 174.79 174.73 174.71 174.67 174.65 174.65 174.64 174.64 174.66 174.65 174.66 174.67 174.69 174.72 174.77 174.84 174.89 175.01 175.13 175.69 178.00 179.33 179.57 179.39 179.37 179.53 179.27 178.98 178.78 178.58 178.28 177.51 177.14 176.67 176.31 176.00 175.78 175.74 175.68 175.46 175.35
31°N ||     175.06 175.12 175.01 175.00 174.99 174.99 174.96 174.92 174.91 174.93 174.94 174.92 174.92 174.93 174.94 174.97 175.41 176.21 176.75 176.88 177.34 177.58 178.23 178.35 177.89 179.45 179.57 179.56 179.38 179.19 178.94 178.84 178.46 178.23 177.81 177.85 178.35 179.02 179.05 179.05 179.18 179.26 179.34 179.34 179.41 179.48 179.54 179.57 179.55 179.35 179.56 179.58 179.58 179.52 179.48 179.38 179.13 179.03 178.65 177.42 177.76 176.77 176.41 176.09 175.68 175.63 175.36 175.24 175.19 174.99 174.95 174.95 174.90 174.84 174.87 174.79 174.99 174.94 174.88 174.96 174.98 175.10 175.59 175.39 175.98 176.47 177.19 177.69 177.31 177.13 177.03 177.30 177.53 177.69 176.78 177.36 177.77 178.16 178.31 177.81 178.54 178.46 178.16 178.18 178.61 178.73 179.25 179.18 179.06 179.24 179.32 179.35 178.82 178.48 178.62 178.64 179.27 179.51 179.41 179.30 179.45 178.66 179.56 179.57 179.35 179.52 178.92 177.83 178.05 177.54 176.97 176.12 175.92 175.51 175.30 175.13 174.97 174.82 174.72 174.68 174.67 174.65 174.69 174.64 174.64 174.65 174.64 174.64 174.64 174.65 174.66 174.68 174.69 174.73 174.73 174.78 174.86 174.96 175.31 175.96 177.82 178.64 179.01 179.10 178.90 179.16 178.48 178.46 178.29 178.02 178.53 175.43 176.16 177.42 175.63 176.15 175.43 175.38 175.33 175.13
33°N ||     174.92 175.48 175.00 174.99 174.92 174.93 174.92 174.88 174.90 174.89 174.89 174.87 174.87 174.88 174.84 174.87 174.92 175.33 176.28 177.69 177.39 177.43 177.25 177.53 179.06 179.54 179.58 179.52 179.39 179.07 178.84 178.62 178.28 177.96 177.69 177.78 178.27 178.93 179.14 179.20 179.29 179.37 179.40 179.44 179.39 179.47 179.47 179.40 179.40 179.47 179.56 179.58 179.57 179.58 179.51 179.27 179.08 178.96 179.01 178.89 178.93 178.89 177.93 176.15 176.13 175.38 175.25 175.20 175.14 175.01 174.90 174.77 174.76 174.77 174.79 174.74 174.76 174.75 174.77 174.89 174.78 174.81 175.00 175.35 175.77 176.27 176.84 177.25 176.70 177.09 177.17 177.86 177.33 177.36 177.33 177.76 177.59 178.17 177.75 177.62 178.69 178.77 178.34 178.93 177.67 179.13 178.98 179.32 179.07 179.48 179.53 179.46 179.08 178.85 179.03 179.32 179.36 179.14 179.41 178.78 178.89 178.69 178.82 179.47 179.14 178.42 178.36 177.67 177.24 176.51 176.25 175.79 175.56 175.33 175.14 174.97 174.79 174.70 174.67 174.65 174.64 174.64 174.65 174.65 174.67 174.65 174.65 174.64 174.64 174.65 174.65 174.65 174.67 174.70 174.75 174.71 174.72 174.77 174.88 175.02 175.30 175.69 175.95 176.60 177.26 178.37 177.33 177.80 177.94 177.57 177.40 176.22 175.76 175.63 175.41 175.30 175.24 175.11 175.04 174.96
35°N ||     174.82 174.88 174.87 174.91 174.88 174.89 174.87 174.87 174.88 174.86 174.84 174.84 174.84 174.85 174.81 174.87 174.83 174.91 175.48 179.00 177.97 177.53 177.84 178.86 179.57 179.54 179.58 179.51 179.31 178.95 178.56 178.07 177.57 177.33 177.15 177.09 177.48 178.04 178.90 179.29 179.40 179.43 179.46 179.45 179.06 179.22 179.51 179.56 179.49 179.44 179.56 179.51 179.49 179.54 179.56 179.28 179.02 178.82 178.78 178.70 178.66 178.74 178.01 176.20 175.50 175.32 175.21 175.20 175.08 174.97 174.92 174.75 174.78 174.73 174.72 174.70 174.70 174.68 174.70 174.73 174.75 174.78 174.77 175.35 175.59 176.05 176.24 176.45 176.79 176.63 177.61 177.50 177.41 176.92 176.53 177.84 177.63 177.95 177.64 178.00 177.98 178.14 178.23 178.39 178.46 178.97 179.21 178.32 179.25 179.54 178.98 179.50 179.47 179.52 179.55 179.57 179.49 179.35 179.21 178.45 178.37 178.50 177.34 177.75 178.05 177.39 177.41 177.19 176.66 176.27 175.87 175.54 175.40 175.17 175.03 174.82 174.73 174.67 174.65 174.64 174.64 174.65 174.66 174.68 174.69 174.68 174.66 174.66 174.65 174.64 174.64 174.72 174.65 174.68 174.69 174.69 174.71 174.74 174.75 174.81 174.88 175.07 175.15 175.23 175.49 175.67 176.12 176.87 177.23 177.11 177.06 176.39 176.32 175.47 175.34 175.23 175.11 174.95 174.85 174.81
37°N ||     174.78 174.84 174.83 174.90 174.83 174.85 174.83 174.83 174.85 174.84 174.82 174.81 174.81 174.84 174.86 174.88 174.90 174.97 175.01 177.80 177.86 178.08 178.63 179.14 179.39 179.52 179.58 179.52 179.34 178.74 177.89 177.22 176.53 176.10 176.09 176.43 176.79 176.89 177.78 178.81 179.35 179.50 179.52 179.51 179.47 179.41 179.46 179.52 179.56 179.57 179.48 179.43 179.36 179.27 179.51 179.50 179.07 178.88 178.80 178.85 178.67 178.80 177.43 176.00 175.51 175.32 175.22 175.13 175.07 174.90 174.86 174.76 174.74 174.70 174.69 174.67 174.65 174.66 174.66 174.68 174.67 174.69 174.71 174.73 174.87 175.02 175.08 175.29 175.72 175.33 176.77 177.07 177.47 177.55 177.15 177.50 177.29 176.88 177.82 177.16 177.67 177.22 177.93 176.93 177.68 177.74 178.51 178.87 179.08 179.39 179.50 179.54 179.55 179.57 179.58 179.57 179.55 179.13 177.26 177.78 178.08 178.48 178.13 178.36 177.41 177.14 176.99 176.89 176.18 175.94 175.62 175.34 175.20 175.07 174.82 174.72 174.69 174.65 174.64 174.65 174.66 174.68 174.70 174.71 174.72 174.72 174.71 174.68 174.67 174.65 174.64 174.64 174.64 174.65 174.64 174.65 174.67 174.71 174.71 174.76 174.87 174.94 175.17 175.27 175.54 175.64 175.96 176.34 176.64 176.65 176.75 176.22 176.40 175.31 175.25 175.14 174.94 174.91 174.82 174.79
39°N ||     174.78 174.79 174.78 174.83 175.13 174.81 174.80 174.99 174.81 174.82 174.83 174.82 174.87 174.86 174.88 174.91 174.92 174.89 175.06 175.61 178.39 178.71 178.14 179.01 179.08 179.49 179.57 179.56 179.25 178.27 177.12 176.07 175.38 175.28 174.95 175.19 176.36 176.58 176.98 178.08 179.14 179.51 179.55 179.54 179.43 179.49 179.41 178.91 179.50 179.52 179.50 179.42 179.27 179.09 179.32 179.57 179.38 179.14 178.95 178.99 178.32 178.23 178.12 176.68 175.47 175.25 175.19 175.14 174.99 174.87 174.76 174.72 174.71 174.67 174.66 174.65 174.65 174.64 174.64 174.67 174.66 174.66 174.67 174.67 174.71 174.98 174.83 175.04 175.45 175.54 175.80 176.46 176.49 176.63 176.74 177.22 177.51 177.62 176.79 177.15 176.96 175.47 176.98 177.96 176.55 178.17 178.42 178.51 178.80 178.74 179.18 179.47 178.30 179.56 179.55 179.33 179.49 179.31 177.47 177.38 177.31 177.35 177.27 176.99 176.92 176.74 176.54 176.18 176.00 175.66 175.42 175.19 175.13 174.87 174.77 174.69 174.66 174.65 174.64 174.65 174.70 174.73 174.74 174.74 174.74 174.74 174.72 174.71 174.69 174.70 174.66 174.66 174.64 174.64 174.64 174.64 174.65 174.68 174.78 174.74 174.83 174.92 175.08 175.27 175.52 175.54 175.76 175.95 176.07 176.22 176.35 176.91 178.24 175.24 175.17 175.14 174.94 174.84 174.78 174.82
41°N ||     174.78 174.77 174.76 174.77 174.78 174.80 174.82 174.80 174.82 174.83 174.83 174.82 174.85 174.82 174.90 174.87 174.92 175.13 175.25 175.62 176.41 177.14 177.89 178.37 178.91 179.28 179.46 179.57 179.21 178.09 176.77 175.92 175.61 175.53 174.81 175.19 176.21 176.74 177.27 178.37 179.25 179.54 179.56 179.55 179.19 179.51 179.45 179.27 179.44 179.39 179.40 179.33 179.32 179.39 179.49 179.55 179.50 179.17 179.14 179.21 178.76 178.17 178.13 176.93 175.69 175.16 175.08 175.16 174.93 174.80 174.75 174.70 174.68 174.66 174.65 174.64 174.64 174.64 174.64 174.64 174.64 174.64 174.65 174.64 174.65 174.68 174.74 174.76 174.97 174.94 175.53 175.05 175.41 175.80 175.71 176.48 176.90 176.12 177.32 176.68 175.31 175.30 175.38 177.45 176.84 178.48 178.62 178.06 177.97 178.34 178.74 178.36 176.56 177.43 178.88 178.45 177.04 178.77 177.15 177.37 177.21 177.24 176.61 176.51 176.28 176.44 176.11 176.05 175.67 175.37 175.26 175.18 175.01 174.84 174.71 174.67 174.65 174.64 174.66 174.68 174.70 174.75 174.76 174.75 174.75 174.73 174.74 174.73 174.72 174.69 174.68 174.68 174.67 174.66 174.64 174.64 174.65 174.65 174.68 174.72 174.79 174.95 175.06 175.22 175.45 175.45 175.55 175.68 175.70 175.96 177.26 176.70 177.22 175.38 175.18 175.03 174.99 174.84 174.83 174.77
43°N ||     174.77 174.75 174.75 174.76 174.77 174.78 174.79 174.81 174.81 174.80 174.82 174.78 174.81 174.79 174.87 174.90 175.00 175.14 175.49 176.08 176.65 177.17 177.74 178.20 178.64 178.97 179.32 179.52 179.49 178.86 177.75 176.74 176.25 176.09 175.98 176.12 176.68 177.04 178.63 179.39 179.58 179.57 179.57 179.57 179.57 179.39 179.52 179.19 179.40 179.42 179.38 179.45 179.10 179.41 179.57 179.56 179.58 179.35 179.08 178.55 178.62 178.52 178.10 176.89 175.71 175.10 174.94 174.89 174.81 174.75 174.69 174.67 174.65 174.64 174.73 174.64 174.65 174.64 174.65 174.65 174.65 174.64 174.64 174.64 174.64 174.66 174.67 174.75 174.75 174.74 174.81 174.90 174.92 175.08 175.36 175.89 176.17 176.45 175.66 175.44 175.19 175.33 176.25 175.48 176.26 175.53 175.83 175.56 178.50 178.67 178.87 177.00 178.59 179.03 176.75 176.65 176.98 177.25 177.14 176.81 176.71 176.68 175.97 175.73 176.04 176.05 175.96 175.56 175.34 175.26 175.32 175.02 174.99 174.78 174.70 174.65 174.64 174.64 174.66 174.69 174.73 174.75 174.74 174.70 174.75 174.73 174.72 174.70 174.79 174.67 174.68 174.67 174.66 174.65 174.65 174.64 174.64 174.65 174.69 174.71 174.79 174.95 175.16 175.23 175.33 175.41 175.56 175.50 175.53 175.81 176.29 176.72 177.60 175.46 175.05 175.04 174.87 174.83 174.78 174.75
45°N ||     174.73 174.73 174.75 174.75 174.75 174.76 174.77 174.80 174.81 174.78 174.78 174.82 174.83 174.86 174.87 174.98 175.14 175.37 175.76 176.20 176.76 177.23 177.66 177.99 178.24 178.53 178.87 179.23 179.54 179.46 179.16 178.84 178.71 177.37 176.73 176.57 177.18 178.45 179.18 179.55 179.57 179.53 179.54 179.51 179.43 179.31 179.25 179.36 179.47 179.36 179.10 179.35 179.57 179.56 179.54 179.45 179.03 179.26 179.06 178.41 178.10 177.47 177.02 176.37 175.65 175.02 174.96 174.79 174.74 174.70 174.68 174.65 174.64 174.64 174.64 174.66 174.66 174.66 174.67 174.67 174.65 174.65 174.65 174.65 174.64 174.64 174.67 174.65 174.67 174.71 174.73 174.70 174.80 174.90 174.94 175.02 175.47 175.73 175.22 175.28 175.81 176.23 176.61 175.40 176.15 175.51 175.44 175.41 176.38 177.14 177.86 176.71 177.17 177.44 176.62 177.07 177.45 176.72 176.62 176.42 176.50 176.11 175.93 175.68 175.67 175.55 175.50 175.47 175.27 175.18 175.08 175.04 174.81 174.75 174.66 174.64 174.64 174.66 174.67 174.69 174.72 174.76 174.76 174.76 174.75 174.72 174.73 174.73 174.72 174.71 174.69 174.70 174.68 174.65 174.66 174.65 174.64 174.65 174.71 174.75 174.80 175.03 175.17 175.24 175.26 175.32 175.33 175.35 175.36 175.45 175.61 176.07 177.00 175.27 175.26 175.15 174.93 174.76 174.76 174.73
47°N ||     174.73 174.73 174.73 174.75 174.76 174.76 174.77 174.77 174.82 174.76 174.77 174.80 174.81 174.88 174.99 175.03 175.30 175.51 175.84 176.22 176.76 177.04 177.34 177.55 177.81 178.08 178.42 178.60 178.94 179.28 179.49 179.53 179.53 179.53 179.33 179.23 179.51 179.57 179.57 179.57 179.54 179.51 179.52 179.50 179.38 179.21 179.20 179.24 179.31 179.39 179.54 179.46 178.99 179.38 179.28 178.54 178.93 177.32 179.00 178.51 177.90 177.17 176.36 175.60 175.15 174.93 174.81 174.76 174.69 174.67 174.65 174.64 174.64 174.65 174.65 174.65 174.65 174.65 174.67 174.67 174.66 174.67 174.66 174.66 174.65 174.64 174.64 174.64 174.64 174.65 174.67 174.68 174.69 174.71 174.83 174.81 174.95 175.06 175.06 175.03 175.15 175.27 175.02 175.31 175.72 175.37 175.93 175.83 175.49 176.18 176.72 176.28 176.25 176.01 175.95 177.24 176.58 176.37 176.22 175.93 175.91 175.78 175.53 175.68 175.41 175.39 175.38 175.33 175.19 175.13 174.94 174.88 174.76 174.71 174.64 174.65 174.64 174.65 174.67 174.69 174.72 174.75 174.75 174.74 174.74 174.73 174.72 174.72 174.69 174.72 174.71 174.70 174.67 174.67 174.67 174.65 174.64 174.66 174.68 175.23 175.05 174.86 175.04 175.07 175.13 175.19 175.18 175.26 175.24 175.26 175.31 175.50 175.40 175.31 175.19 174.96 174.91 174.79 174.76 174.73
49°N ||     174.72 174.73 174.73 174.75 174.73 174.74 174.75 174.75 174.77 174.77 174.76 174.81 174.83 174.94 175.06 175.19 175.43 175.60 175.84 176.17 176.51 176.71 176.98 177.24 177.61 177.83 177.97 178.16 178.30 178.49 178.66 178.83 178.95 179.06 179.20 179.15 179.11 179.15 179.38 179.48 179.50 179.42 179.44 179.55 179.49 179.37 179.33 179.29 178.62 179.52 177.03 176.41 176.09 176.93 177.04 178.48 178.38 178.35 177.10 178.23 177.17 176.46 175.66 175.22 175.14 174.80 174.73 174.68 174.68 174.65 174.64 174.64 174.64 174.65 174.65 174.65 174.66 174.67 174.69 174.68 174.68 174.67 174.67 174.66 174.66 174.65 174.65 174.64 174.64 174.64 174.65 174.66 174.69 174.71 174.74 174.74 174.81 174.79 174.79 174.84 175.10 174.94 175.27 175.30 175.02 175.17 175.71 175.27 175.41 175.80 176.00 175.81 175.93 176.00 176.31 175.78 175.87 175.76 175.65 175.72 175.69 175.59 175.42 175.44 175.44 175.34 175.38 175.25 175.17 175.05 174.89 174.78 174.72 174.68 174.64 174.65 174.64 174.65 174.66 174.68 174.71 174.72 174.74 174.74 174.73 174.73 174.72 174.72 174.71 174.68 174.71 174.69 174.67 174.66 174.65 174.64 174.65 174.67 174.68 175.29 175.29 174.80 174.94 174.98 174.99 175.04 175.03 175.07 175.17 175.10 175.17 175.15 175.72 175.44 174.87 174.91 174.91 174.75 174.70 174.74
51°N ||     174.71 174.71 174.73 174.73 174.72 174.72 174.75 174.76 174.75 174.77 174.79 174.86 174.92 175.01 175.13 175.29 175.50 175.75 175.94 176.18 176.68 176.61 176.85 177.17 177.30 177.51 177.69 177.84 178.00 178.10 178.27 178.45 178.63 178.73 178.72 178.69 178.86 178.94 179.17 179.33 179.39 179.37 179.34 179.29 179.36 179.16 178.84 178.30 177.21 176.76 176.40 176.11 175.79 175.63 175.60 176.36 177.86 178.11 177.66 176.59 176.13 175.56 175.23 174.85 174.83 174.74 174.70 174.66 174.65 174.64 174.64 174.65 174.66 174.66 174.67 174.67 174.68 174.66 174.73 174.74 174.68 174.68 174.69 174.65 174.67 174.66 174.65 174.64 174.65 174.64 174.64 174.64 174.65 174.67 174.68 174.70 174.72 174.81 174.80 174.79 174.80 174.82 175.25 174.91 175.24 174.98 176.08 175.27 175.34 175.52 175.52 175.56 175.57 175.52 175.39 175.56 175.50 175.53 175.43 175.40 175.43 175.36 175.42 175.40 175.33 175.32 175.36 175.22 175.14 175.05 174.94 174.78 174.71 174.68 174.65 174.65 174.64 174.65 174.67 174.68 174.70 174.71 174.74 174.73 174.74 174.74 174.71 174.73 174.72 174.70 174.70 174.67 174.67 174.65 174.64 174.64 174.65 174.66 174.68 174.70 174.74 174.76 174.80 174.88 174.91 174.91 174.98 174.95 175.02 175.04 175.06 175.03 175.13 174.90 174.88 174.96 174.86 174.74 174.70 174.70
53°N ||     174.72 174.72 174.71 174.71 174.71 174.72 174.73 174.75 174.76 174.83 174.81 174.87 174.97 175.07 175.23 175.47 175.83 175.79 175.88 176.09 176.27 176.41 176.65 176.83 177.03 177.20 177.39 177.60 177.69 177.87 178.01 178.08 178.25 178.32 178.29 178.33 178.36 178.58 178.86 179.06 179.17 179.19 179.13 179.04 178.79 178.40 178.10 177.60 177.07 176.51 176.10 175.87 175.70 175.54 175.43 175.32 176.57 176.24 176.94 175.60 174.96 174.85 174.78 174.74 174.71 174.68 174.65 174.64 174.64 174.64 174.66 174.66 174.67 174.67 174.68 174.70 174.70 174.69 174.71 174.70 174.69 174.70 174.69 174.70 174.68 174.71 174.69 174.66 174.65 174.64 174.64 174.64 174.65 174.65 174.67 174.69 174.68 174.74 174.72 174.73 174.81 174.81 174.92 175.04 175.39 175.36 175.39 175.13 175.26 175.20 175.29 175.29 175.38 175.30 175.31 175.34 175.25 175.18 175.30 175.21 175.28 175.32 175.43 175.37 175.32 175.38 175.38 175.24 175.17 175.10 174.91 174.78 174.73 174.69 174.69 174.66 174.64 174.64 174.64 174.65 174.66 174.67 174.67 174.69 174.70 174.70 174.69 174.69 174.67 174.67 174.67 174.67 174.65 174.64 174.64 174.65 174.65 174.66 174.68 174.70 174.72 174.75 174.78 174.80 174.83 174.86 174.84 174.87 175.09 175.00 175.04 174.94 174.96 174.95 174.90 174.78 174.73 174.72 174.70 174.70
55°N ||     174.69 174.69 174.71 174.76 174.73 174.78 174.75 174.75 174.77 174.80 174.82 174.91 174.97 175.10 175.15 175.42 174.77 175.97 175.81 175.91 176.05 176.24 176.37 176.46 176.72 176.92 177.10 177.32 177.49 177.59 177.71 177.74 177.86 177.82 177.88 177.85 178.01 178.11 178.26 178.47 178.69 178.70 178.81 178.73 178.51 178.09 177.59 176.36 176.24 175.88 175.75 175.70 175.62 175.47 175.32 175.16 175.04 174.99 174.81 174.75 174.72 174.70 174.66 174.65 174.64 174.64 174.64 174.64 174.65 174.66 174.67 174.68 174.68 174.70 174.71 174.70 174.70 174.71 174.72 174.74 174.69 174.70 174.70 174.69 174.72 174.69 174.66 174.66 174.65 174.65 174.64 174.64 174.64 174.65 174.66 174.67 174.67 174.68 174.70 174.72 174.73 174.76 174.84 174.85 174.89 175.00 175.07 175.07 175.06 175.13 175.13 175.13 175.19 175.11 175.18 175.09 175.01 175.04 175.05 175.09 175.22 175.26 175.33 175.36 175.43 175.41 175.24 175.15 175.14 175.09 174.94 174.81 174.75 174.74 174.70 174.67 174.65 174.64 174.64 174.64 174.64 174.65 174.65 174.66 174.66 174.66 174.66 174.66 174.64 174.64 174.65 174.64 174.64 174.64 174.65 174.65 174.67 174.66 174.67 174.71 174.73 174.74 174.76 174.75 174.81 174.80 174.84 174.91 174.95 174.89 174.88 175.02 174.97 174.97 174.83 175.07 174.72 174.70 174.68 174.68
57°N ||     174.68 174.69 174.70 174.71 174.70 174.73 174.75 174.77 174.77 174.77 174.86 174.93 174.94 175.06 175.16 175.21 175.68 175.60 175.74 175.76 175.88 175.98 176.13 176.28 176.39 176.54 176.75 176.95 176.94 177.14 177.21 177.30 177.37 177.34 177.40 177.40 177.46 177.55 177.64 177.96 178.06 178.20 178.26 178.21 177.99 177.52 177.01 176.60 176.06 175.86 175.69 175.58 175.48 175.34 175.18 175.03 174.90 174.78 174.73 174.69 174.65 174.65 174.64 174.64 174.64 174.64 174.65 174.65 174.66 174.68 174.68 174.86 174.71 174.71 174.72 174.73 174.72 174.71 174.72 174.71 174.71 174.73 174.69 174.69 174.65 175.06 174.67 174.66 174.66 174.65 174.65 174.64 174.64 174.64 174.65 174.66 174.66 174.67 174.69 174.73 174.73 174.74 174.81 174.92 174.96 174.96 174.97 175.05 174.95 175.00 175.04 174.98 174.92 174.93 174.93 174.90 174.86 174.91 174.97 175.11 175.18 175.17 175.21 175.29 175.29 175.26 175.31 175.22 175.15 175.11 174.97 174.92 174.80 174.79 174.76 174.72 174.68 174.67 174.66 174.66 174.65 174.65 174.64 174.64 174.64 174.64 174.64 174.64 174.64 174.64 174.64 174.64 174.64 174.64 174.65 174.65 174.66 174.66 174.66 174.69 174.71 174.71 174.74 174.75 174.76 174.80 174.81 174.84 174.94 174.86 174.87 174.92 174.77 174.83 174.85 174.75 174.70 174.71 174.69 174.69
59°N ||     174.69 174.69 174.69 174.72 174.70 174.71 174.78 174.73 174.73 174.73 174.77 174.81 174.89 174.95 175.07 175.22 175.19 175.33 175.43 175.54 175.64 175.76 175.93 176.06 176.07 176.14 176.21 176.34 176.43 176.54 176.61 176.76 176.84 176.79 176.67 176.80 176.82 176.82 177.05 177.29 177.40 177.48 177.47 177.18 177.01 176.59 176.33 176.08 175.81 175.66 175.53 175.34 175.27 175.15 175.01 174.92 174.79 174.73 174.69 174.66 174.64 174.67 174.64 174.65 174.65 174.65 174.66 174.67 174.68 174.68 174.70 174.69 174.70 174.72 174.72 174.73 174.71 174.73 174.75 174.74 174.71 174.71 174.71 174.69 174.69 174.68 174.67 174.67 174.66 174.65 174.64 174.64 174.64 174.64 174.66 174.65 174.65 174.66 174.69 174.70 174.73 174.74 174.75 174.77 174.78 174.81 174.93 174.93 174.91 174.88 174.82 174.80 174.81 174.81 174.87 174.82 174.82 174.82 174.96 175.02 175.05 175.10 175.22 175.20 175.28 175.27 175.31 175.24 175.18 175.15 175.05 175.05 174.89 174.81 174.80 174.88 174.74 174.72 174.73 174.69 174.67 174.69 174.66 174.65 174.65 174.66 174.65 174.65 174.65 174.65 174.65 174.65 174.65 174.65 174.65 174.65 174.65 174.67 174.67 174.68 174.68 174.70 174.71 174.74 174.75 174.78 174.89 174.88 174.90 174.85 174.81 174.80 174.76 174.77 174.75 174.74 174.71 174.70 174.72 174.70
61°N ||     174.69 174.69 174.70 174.69 174.70 174.69 174.71 174.73 174.72 174.76 174.78 174.78 174.83 174.91 174.99 175.05 175.13 175.20 175.28 175.39 175.50 175.54 175.62 175.69 175.79 175.83 175.92 175.98 176.04 176.05 176.07 176.14 176.11 176.11 176.16 176.21 176.25 176.22 176.29 175.99 176.38 176.39 176.38 176.31 176.24 176.12 175.99 175.81 175.58 175.43 175.38 175.14 175.00 174.91 174.82 174.74 174.71 174.68 174.66 174.65 174.64 174.65 174.65 174.66 174.67 174.83 174.66 174.69 174.70 174.70 174.72 174.69 174.71 174.74 174.76 174.75 174.74 174.74 174.72 174.73 174.72 174.71 174.70 174.71 174.69 174.68 174.67 174.66 174.65 174.65 174.64 174.64 174.64 174.64 174.64 174.65 174.66 174.67 174.67 174.70 174.71 174.73 174.75 174.76 174.77 174.77 174.84 174.79 174.80 174.76 174.77 174.76 174.76 174.76 174.81 174.77 174.80 174.80 174.84 174.97 174.92 174.95 175.26 175.14 175.18 175.23 175.30 175.33 175.28 175.19 175.18 175.13 175.07 175.45 175.04 174.88 174.85 174.86 174.77 174.73 174.72 174.76 174.69 174.68 174.68 174.70 174.68 174.68 174.67 174.66 174.67 174.66 174.67 174.68 174.67 174.66 174.67 174.68 174.68 174.69 174.70 174.69 174.72 174.72 174.73 174.83 174.76 174.78 174.84 174.79 174.82 174.76 174.75 174.76 174.73 174.72 174.73 174.70 174.70 174.73
63°N ||     174.68 174.71 174.71 174.85 174.70 174.69 174.69 174.70 174.71 174.71 174.73 174.77 174.77 174.84 174.87 174.90 174.97 175.02 175.15 175.28 175.51 175.32 175.38 175.44 175.49 175.52 175.59 175.58 175.59 175.66 175.69 175.75 175.77 175.82 175.87 175.92 175.94 175.92 175.93 175.95 175.97 175.92 175.91 175.84 175.73 175.66 175.55 175.49 175.31 175.19 175.01 174.92 174.80 174.73 174.69 174.67 174.66 174.65 174.64 174.64 174.64 174.65 174.67 174.68 174.68 174.69 174.71 174.71 174.70 174.70 174.72 174.71 174.72 174.72 174.73 174.74 174.73 174.71 174.71 174.72 174.71 174.71 174.69 174.68 174.67 174.65 174.65 174.65 174.65 174.64 174.64 174.64 174.64 174.65 174.65 174.67 174.68 174.68 174.68 174.70 174.70 174.72 174.74 174.74 174.74 174.75 174.75 174.75 174.75 174.76 174.74 174.75 174.73 174.75 174.76 174.77 174.77 174.82 174.78 174.83 174.89 174.92 174.94 175.02 175.08 175.13 175.22 175.25 175.28 175.28 175.26 175.20 175.14 175.13 175.07 174.97 174.93 174.92 174.84 174.94 174.78 174.88 174.76 174.73 174.76 174.72 174.72 174.71 174.70 174.70 174.71 174.70 174.68 174.68 174.68 174.69 174.69 174.70 174.69 174.69 174.70 174.71 174.70 174.71 174.75 174.73 174.73 174.73 174.81 174.77 174.76 174.75 174.78 174.73 174.71 174.70 174.71 174.70 174.69 174.69
65°N ||     174.68 174.67 174.68 174.67 174.67 174.68 174.68 174.68 174.73 174.71 174.72 174.73 174.72 174.73 174.77 174.81 174.84 174.88 174.98 174.94 174.99 175.08 175.11 175.14 175.18 175.21 175.32 175.29 175.32 175.35 175.40 175.46 175.48 175.53 175.59 175.65 175.66 175.65 175.70 175.71 175.71 175.64 175.57 175.49 175.39 175.30 175.23 175.13 175.05 174.95 174.85 174.83 174.72 174.68 174.66 174.64 174.64 174.65 174.65 174.66 174.66 174.68 174.68 174.68 174.70 174.71 174.71 174.69 174.70 174.71 174.69 174.70 174.72 174.72 174.72 174.72 174.72 174.70 174.71 174.70 174.70 174.69 174.68 174.65 175.18 176.09 174.78 174.64 174.64 174.64 174.64 174.64 174.64 174.65 174.66 174.66 174.68 174.68 174.68 174.69 174.71 174.71 174.72 174.76 174.73 174.79 174.77 174.75 174.76 174.77 174.74 174.74 174.73 174.75 174.81 174.79 174.75 174.79 174.81 174.77 174.80 174.85 174.87 175.01 175.02 175.16 175.13 175.21 175.22 175.34 175.25 175.27 175.26 175.23 175.15 175.17 175.09 175.06 175.10 175.00 174.92 174.93 174.85 174.83 174.88 174.78 174.78 174.76 174.77 174.76 174.74 174.73 174.73 174.72 174.80 174.71 174.72 174.70 174.70 174.70 174.73 174.73 174.70 174.70 174.73 174.70 174.70 174.75 174.72 174.74 174.71 174.71 174.72 174.71 174.71 174.69 174.72 174.71 174.72 174.74
67°N ||     174.66 174.67 174.66 174.66 174.67 174.66 174.67 174.67 174.67 174.67 174.70 174.70 174.69 174.72 174.71 174.73 174.73 174.74 174.76 174.76 174.87 174.82 174.92 174.97 174.98 175.09 175.00 175.03 175.11 175.14 175.16 175.25 175.24 175.33 175.25 175.43 175.44 175.45 175.48 175.46 175.43 175.37 175.27 175.23 175.17 175.07 174.98 174.87 174.80 174.75 174.71 174.67 174.66 174.64 174.64 174.65 174.67 174.69 174.71 174.74 174.75 174.74 174.72 174.71 174.71 174.71 174.70 174.70 174.72 174.71 174.71 174.71 174.70 174.71 174.71 174.70 174.69 174.68 174.70 174.69 174.68 174.67 174.65 174.65 174.65 174.64 174.64 174.64 174.64 174.64 174.64 174.65 174.65 174.66 174.66 174.68 174.68 174.69 174.70 174.72 174.74 174.72 174.73 174.78 174.76 174.76 174.76 174.77 174.80 174.86 174.82 174.75 174.74 174.75 174.76 174.76 174.81 174.77 174.78 174.79 174.81 174.89 174.86 174.91 174.96 175.01 175.02 175.14 175.20 175.22 175.28 175.35 175.33 175.32 175.39 175.24 175.23 175.19 175.44 175.12 175.06 174.99 174.96 175.00 174.96 174.94 175.07 174.86 174.87 174.83 174.84 174.77 174.77 174.75 174.74 174.75 174.74 174.73 174.73 174.71 174.75 174.74 174.74 174.72 174.72 174.72 174.70 174.70 174.69 174.70 174.69 174.70 174.68 174.69 174.71 174.70 174.69 174.67 174.68 174.67
69°N ||     174.68 174.66 174.66 174.66 174.66 174.66 174.66 174.66 174.67 174.65 174.66 174.67 174.67 174.67 174.70 174.72 174.71 174.69 174.69 174.71 174.71 174.71 174.72 174.74 174.79 174.81 175.04 174.83 174.85 174.97 174.88 175.03 175.00 175.10 175.19 175.25 175.23 175.24 175.22 175.22 175.21 175.10 175.04 174.97 174.91 174.83 174.74 174.70 174.67 174.65 174.65 174.64 174.64 174.64 174.65 174.66 174.67 174.68 174.70 174.70 174.70 174.70 174.70 174.70 174.69 174.69 174.70 174.70 174.69 174.70 174.70 174.69 174.70 174.70 174.68 174.69 174.68 174.67 174.67 174.66 174.66 174.65 174.65 174.65 174.64 174.64 174.64 174.64 174.65 174.65 174.65 174.66 174.67 174.67 174.67 174.71 174.70 174.70 174.71 174.72 174.73 174.73 174.74 174.77 174.76 174.74 174.75 174.77 174.77 174.76 174.89 174.85 174.78 174.78 174.76 174.78 174.81 174.79 174.79 174.86 174.90 174.87 174.90 174.90 175.00 175.02 175.03 175.06 175.10 175.14 175.19 175.27 175.27 175.33 175.39 175.44 175.38 175.28 175.21 175.23 175.19 175.18 175.13 175.13 175.11 175.10 175.06 175.01 175.00 175.01 174.93 174.97 174.91 174.84 174.79 174.77 174.78 174.76 174.72 174.73 174.74 174.74 174.74 174.72 174.72 174.70 174.70 174.69 174.69 174.70 174.70 174.68 174.68 174.67 174.66 174.66 174.67 174.66 174.67 174.67
71°N ||     174.66 174.65 174.65 174.65 174.66 174.65 174.97 174.66 174.65 174.65 174.67 174.66 174.66 174.66 174.65 174.65 174.65 174.66 174.65 174.67 174.69 174.67 174.67 174.68 174.70 174.71 174.74 174.76 174.76 174.82 174.80 174.78 174.78 174.88 174.82 174.84 174.90 174.90 174.88 174.88 174.91 174.79 174.78 174.75 174.72 174.70 174.68 174.66 174.65 174.64 174.64 174.64 174.64 174.64 174.64 174.65 174.65 174.65 174.66 174.65 174.65 174.66 174.66 174.66 174.68 174.67 174.67 174.67 174.69 174.67 174.68 174.67 174.67 174.68 174.67 174.66 174.66 174.66 174.65 174.65 174.65 174.64 174.64 174.64 174.64 174.64 174.65 174.65 174.65 174.66 174.68 174.69 174.68 174.68 174.70 174.70 174.72 174.72 174.73 174.74 174.76 174.78 174.80 174.82 174.78 174.77 174.77 174.81 174.79 174.80 174.78 174.80 174.82 174.81 174.85 174.82 174.86 174.87 174.94 174.88 174.97 174.91 174.93 175.01 175.01 175.02 175.03 175.03 175.08 175.14 175.17 175.16 175.21 175.23 175.31 175.29 175.34 175.37 175.40 175.42 175.47 175.47 175.42 175.37 175.32 175.26 175.19 175.16 175.07 175.08 175.01 175.01 175.01 174.98 174.90 174.92 174.81 174.77 174.75 174.74 174.73 174.76 174.72 174.71 174.71 174.69 174.70 174.69 174.72 174.68 174.68 174.68 174.70 174.67 174.67 174.66 174.65 174.67 174.66 174.66
73°N ||     174.65 174.64 174.64 174.65 174.65 174.64 174.64 174.64 174.64 174.64 174.64 174.64 174.64 174.65 174.64 174.64 174.65 174.65 174.65 174.65 174.65 174.69 174.68 174.67 174.69 174.67 174.69 174.65 174.66 174.68 174.67 174.69 174.71 174.73 174.75 174.73 174.76 174.75 174.74 174.71 174.70 174.69 174.68 174.68 174.66 174.66 174.65 174.65 174.65 174.64 174.64 174.64 174.64 174.64 174.64 174.64 174.64 174.64 174.64 174.64 174.64 174.64 174.64 174.64 174.64 174.65 174.65 174.65 174.65 174.65 174.66 174.66 174.66 174.65 174.65 174.65 174.65 174.65 174.64 174.64 174.64 174.64 174.64 174.65 174.65 174.65 174.65 174.66 174.67 174.67 174.68 174.72 174.72 174.72 174.72 174.76 174.75 174.75 174.77 174.76 174.78 174.78 174.81 174.90 174.83 174.83 174.87 174.89 174.89 174.93 174.88 174.87 174.83 174.84 174.87 174.83 174.82 174.88 174.95 174.99 174.95 174.90 174.92 175.00 175.02 175.04 175.08 175.05 175.13 175.14 175.17 175.21 175.19 175.24 175.22 175.25 175.29 175.32 175.33 175.32 175.28 175.26 175.23 175.22 175.19 175.16 175.14 175.13 175.08 175.06 175.07 175.01 175.00 174.96 174.96 174.95 174.85 174.81 174.78 174.80 174.74 174.74 174.77 174.72 174.70 174.69 174.71 174.69 174.67 174.67 174.82 175.12 174.72 175.50 174.67 174.66 174.65 174.65 174.67 174.65
75°N ||     174.65 174.64 174.65 174.64 174.64 174.64 174.65 174.64 174.64 174.64 174.64 174.64 174.64 174.64 174.64 174.64 174.64 174.66 174.65 174.64 174.65 174.64 174.64 174.65 174.64 174.65 174.65 174.65 174.69 174.67 174.67 174.68 174.66 174.66 174.65 174.67 174.68 174.68 174.69 174.67 174.68 174.67 174.66 174.66 174.66 174.67 174.66 174.65 174.65 174.64 174.64 174.64 174.64 174.64 174.64 174.64 174.64 174.64 174.64 174.64 174.64 174.64 174.64 174.64 174.64 174.64 174.64 174.64 174.64 174.64 174.64 174.64 174.64 174.64 174.64 174.64 174.64 174.64 174.64 174.64 174.65 174.65 174.65 174.66 174.66 174.67 174.68 174.69 174.69 174.69 174.71 174.72 174.73 174.74 174.74 174.75 174.74 174.81 174.83 174.85 174.86 174.87 174.87 174.91 174.89 174.88 174.88 174.90 174.95 174.89 174.92 174.94 174.89 174.89 174.90 174.91 174.93 174.91 174.97 174.97 174.97 174.99 175.04 174.95 174.96 174.99 175.07 175.09 175.09 175.16 175.09 175.12 175.11 175.14 175.21 175.19 175.22 175.21 175.22 175.22 175.23 175.17 175.16 175.26 175.19 175.14 175.10 175.08 175.12 175.11 175.07 175.03 175.00 174.98 174.95 174.94 174.91 174.84 174.80 174.78 174.77 174.74 174.74 174.72 174.71 174.71 174.71 174.70 174.69 174.68 174.68 174.67 174.68 174.65 174.65 174.64 174.64 174.64 174.65 174.65
77°N ||     174.64 174.65 174.67 174.70 174.67 174.64 174.65 174.71 174.70 174.65 174.64 174.64 174.64 174.64 174.64 174.65 174.88 174.89 174.77 174.66 174.69 174.67 174.68 174.67 174.67 174.67 174.66 174.64 174.65 174.65 174.65 174.65 174.65 174.66 174.74 174.66 174.68 174.67 174.67 174.69 174.66 174.66 174.67 174.67 174.66 174.65 174.65 174.65 174.64 174.64 174.64 174.64 174.66 174.64 174.64 174.64 174.64 174.64 174.64 174.64 174.64 174.82 174.77 174.65 174.64 174.64 174.64 174.64 174.65 174.65 174.64 174.64 174.64 174.64 174.65 174.65 174.65 174.65 174.65 174.65 174.65 174.66 174.67 174.67 174.67 174.69 174.71 174.72 174.70 174.71 174.71 174.73 174.75 174.79 174.80 174.78 174.78 174.79 174.82 174.85 174.86 174.87 174.90 174.86 174.90 174.91 174.91 174.92 174.92 174.92 174.92 174.93 174.96 175.01 175.00 175.00 174.96 175.02 175.01 175.08 175.04 175.01 175.00 174.99 175.00 174.99 175.01 175.03 175.06 175.10 175.07 175.12 175.15 175.20 175.46 175.25 175.17 175.15 175.13 175.14 175.18 175.16 175.16 175.16 175.14 175.16 175.10 175.13 175.10 175.14 175.08 175.03 175.03 174.99 174.95 174.92 174.89 174.87 174.90 174.84 174.82 174.77 174.74 174.73 174.72 174.72 174.70 174.69 174.69 174.69 174.68 174.69 174.68 174.68 174.67 174.65 174.64 174.64 174.65 174.64
79°N ||     174.67 174.70 174.69 174.67 174.67 174.67 174.68 174.68 174.68 174.68 174.68 174.71 174.66 174.67 174.67 174.65 174.66 174.65 174.65 174.66 174.66 174.65 174.65 174.65 174.65 174.64 174.65 174.67 174.66 174.68 174.68 174.67 174.66 174.66 174.67 174.66 174.67 174.66 174.66 174.66 174.66 174.66 174.66 174.66 174.67 174.67 174.67 174.66 174.66 174.65 174.65 174.65 174.65 174.64 174.64 174.64 174.65 174.64 174.64 174.64 174.64 174.64 174.64 174.64 174.64 174.64 174.64 174.64 174.65 174.65 174.66 174.66 174.67 174.67 174.67 174.70 174.71 174.70 174.68 174.68 174.70 174.69 174.75 175.09 174.82 174.70 175.62 175.44 174.83 176.04 175.54 175.04 175.36 175.78 175.18 175.94 175.81 175.12 175.40 175.78 175.67 175.54 175.39 175.00 174.97 175.03 174.98 174.97 174.95 174.97 174.97 174.97 174.98 174.98 175.02 175.00 175.01 175.01 175.03 175.19 174.88 175.21 175.05 175.07 175.09 175.05 175.08 175.10 175.09 175.08 175.08 175.07 175.09 175.08 175.08 175.08 175.06 175.06 175.10 175.07 175.09 175.12 175.18 175.15 175.14 175.21 175.28 175.26 175.20 175.14 175.11 175.14 175.05 175.00 175.00 174.93 174.95 174.89 174.90 174.89 174.85 174.80 174.78 174.75 174.74 174.72 174.73 174.73 174.72 174.69 174.69 174.68 174.68 174.67 174.67 174.68 174.68 174.66 174.66 174.66
81°N ||     175.17 175.15 175.13 175.08 175.13 175.12 175.10 175.11 175.10 175.08 175.06 175.04 175.02 175.00 174.97 174.95 174.95 174.92 174.92 174.91 174.90 174.88 174.86 174.83 174.81 174.77 174.74 174.72 174.72 174.71 174.69 174.71 174.70 174.67 174.88 174.92 175.00 174.82 175.29 175.19 175.09 175.00 174.70 174.71 174.70 174.69 174.67 174.69 174.72 174.74 175.07 175.12 175.30 175.12 174.82 175.13 175.43 175.42 175.34 175.23 174.71 174.74 174.73 174.73 174.71 174.69 174.69 174.79 174.88 175.11 175.10 175.19 175.57 175.34 175.55 175.87 176.10 175.88 176.18 176.44 176.51 176.90 176.84 177.07 177.08 176.99 177.34 177.38 177.35 177.51 177.39 177.21 177.65 177.65 177.22 177.53 177.49 177.80 177.80 177.73 177.20 177.03 177.07 177.06 177.05 176.94 177.38 176.39 176.18 175.36 175.40 176.07 175.76 175.14 175.44 175.35 175.65 175.50 175.24 175.81 175.76 175.85 175.75 175.70 175.42 175.11 175.59 175.49 175.50 175.51 175.42 175.44 175.44 175.41 175.39 175.36 175.27 175.18 175.09 175.08 175.07 175.07 175.06 175.09 175.06 175.10 175.09 175.06 175.04 174.99 174.99 174.96 174.94 174.92 174.92 174.93 174.92 174.89 174.88 174.91 174.90 174.88 174.85 174.85 174.85 174.85 174.87 174.89 174.90 174.95 175.02 175.00 175.01 175.02 175.03 175.07 175.11 175.15 175.16 175.17
83°N ||     175.59 175.59 175.59 175.59 175.59 175.60 175.58 175.57 175.56 175.54 175.51 175.48 175.47 175.44 175.42 175.38 175.33 175.33 175.25 175.26 175.22 175.21 175.21 175.22 175.23 175.28 175.16 175.18 175.30 175.85 176.05 176.27 175.94 175.82 176.31 176.09 176.37 176.33 176.35 176.50 176.67 176.51 176.82 177.01 176.99 176.74 176.78 176.86 176.75 176.64 176.42 176.23 175.94 175.85 176.34 176.20 176.47 176.67 176.70 176.51 176.67 175.83 175.90 175.09 175.01 174.81 174.74 174.72 174.72 174.91 175.15 175.45 175.76 176.00 176.13 176.39 176.54 176.71 176.83 176.91 176.99 177.10 177.18 177.25 177.36 177.46 177.51 177.59 177.64 177.64 177.64 177.66 177.68 177.72 177.78 177.82 177.87 177.92 177.94 177.97 177.99 178.05 178.09 178.12 178.15 178.18 178.19 178.20 178.17 177.97 177.71 177.39 177.44 177.32 177.57 177.35 177.04 176.94 177.10 177.26 177.36 177.30 176.90 177.17 177.05 177.25 177.09 177.02 177.15 177.05 177.29 177.23 177.03 176.75 176.86 176.92 176.84 177.06 176.92 176.88 176.67 176.27 176.17 176.00 175.48 175.52 175.22 175.05 175.02 175.05 175.07 175.08 175.08 175.07 175.02 175.00 175.01 175.02 175.08 175.10 175.12 175.13 175.15 175.18 175.21 175.23 175.27 175.30 175.32 175.33 175.37 175.37 175.41 175.43 175.45 175.47 175.52 175.55 175.57 175.58
85°N ||     175.41 175.54 175.42 175.28 175.21 175.07 176.44 176.59 176.34 176.13 176.74 176.29 176.56 176.67 176.62 176.32 177.21 177.53 177.58 177.56 177.56 177.18 176.50 176.89 176.92 176.72 176.21 176.60 176.71 176.37 176.56 177.84 177.73 177.24 177.71 177.88 177.91 177.93 177.90 177.84 177.88 177.68 177.81 177.95 177.88 178.00 178.10 178.08 178.09 177.87 177.87 177.93 177.82 177.47 177.51 177.70 177.67 177.62 177.53 177.43 177.38 177.49 177.28 177.43 177.49 177.50 177.10 177.09 176.63 176.41 176.26 175.88 176.09 176.12 176.19 176.09 175.95 175.87 175.83 175.77 175.64 175.47 175.78 176.24 176.79 176.86 176.77 176.67 176.53 176.24 175.93 176.06 177.31 177.63 177.65 177.53 177.63 177.71 177.89 177.99 178.04 177.91 178.06 178.13 178.17 178.21 178.25 178.27 178.29 178.32 178.33 178.32 178.30 178.29 178.27 178.24 178.20 178.18 178.16 178.17 178.14 178.09 178.08 178.11 178.12 178.11 178.12 178.11 178.10 178.12 178.10 178.11 178.12 178.09 178.04 178.04 177.91 177.92 177.95 177.66 177.98 177.98 177.98 177.44 177.38 177.31 177.13 176.66 177.10 177.41 177.20 177.42 176.92 176.81 176.52 176.22 176.79 176.49 176.27 176.15 176.19 176.56 176.38 175.84 176.04 176.00 175.73 175.32 175.49 175.25 175.46 175.66 175.82 176.02 175.81 175.55 175.42 175.76 175.74 175.68
87°N ||     178.44 178.28 178.36 178.32 178.22 178.30 178.29 178.32 178.54 178.60 178.60 178.58 178.52 178.48 178.55 178.65 178.66 178.65 178.67 178.68 178.65 178.53 178.53 178.80 178.79 178.79 178.74 178.71 178.67 178.66 178.64 178.75 178.83 178.76 178.82 178.93 178.99 179.00 179.01 179.01 178.95 178.97 178.88 178.91 178.96 179.06 179.08 179.10 179.06 179.02 179.03 179.03 179.01 178.99 178.90 178.77 178.76 178.69 178.64 178.64 178.73 178.78 178.80 178.82 178.84 178.85 178.86 178.84 178.82 178.77 178.51 178.08 178.00 178.14 178.19 178.28 178.15 178.27 178.31 178.20 178.37 178.45 178.48 178.49 178.41 178.50 178.43 178.26 178.40 178.30 178.51 178.59 178.52 178.62 178.72 178.73 178.69 178.70 178.64 178.66 178.73 178.82 178.81 178.73 178.72 178.85 178.87 178.90 178.93 178.95 178.96 178.91 178.95 178.94 178.92 178.90 178.89 178.84 178.87 178.69 178.91 178.87 178.83 178.78 178.63 178.56 178.78 178.79 178.71 178.71 178.62 178.74 178.88 178.87 178.87 178.87 178.87 178.82 178.72 178.70 178.70 178.68 178.64 178.69 178.61 178.62 178.61 178.66 178.75 178.84 178.76 178.83 178.71 178.76 178.88 178.87 178.84 178.50 178.64 178.53 178.67 178.39 178.39 178.25 178.26 178.22 178.32 178.37 178.33 178.31 178.36 178.24 178.16 178.19 178.17 178.14 178.25 178.17 178.06 178.28
89°N ||     179.20 179.21 179.19 179.16 179.15 179.26 179.27 179.31 179.31 179.31 179.31 179.32 179.32 179.32 179.33 179.33 179.34 179.34 179.34 179.34 179.35 179.34 179.33 179.34 179.34 179.33 179.35 179.37 179.38 179.40 179.40 179.41 179.42 179.42 179.43 179.43 179.44 179.44 179.44 179.45 179.45 179.45 179.45 179.45 179.46 179.46 179.46 179.46 179.46 179.45 179.45 179.44 179.43 179.42 179.41 179.39 179.39 179.38 179.37 179.37 179.37 179.36 179.36 179.35 179.35 179.34 179.33 179.32 179.33 179.32 179.32 179.31 179.30 179.29 179.28 179.27 179.26 179.26 179.23 179.22 179.23 179.24 179.24 179.22 179.24 179.22 179.22 179.23 179.22 179.23 179.23 179.20 179.17 179.19 179.21 179.24 179.25 179.23 179.17 179.15 179.19 179.24 179.25 179.25 179.27 179.28 179.28 179.29 179.30 179.31 179.31 179.31 179.32 179.32 179.33 179.33 179.34 179.34 179.34 179.34 179.34 179.34 179.34 179.34 179.33 179.34 179.34 179.35 179.36 179.36 179.36 179.36 179.37 179.37 179.38 179.39 179.40 179.41 179.41 179.42 179.42 179.42 179.42 179.42 179.42 179.43 179.42 179.42 179.42 179.41 179.40 179.40 179.39 179.38 179.36 179.35 179.34 179.32 179.34 179.35 179.35 179.35 179.34 179.34 179.35 179.34 179.34 179.34 179.33 179.32 179.31 179.30 179.29 179.28 179.27 179.26 179.24 179.23 179.23 179.21
