Mars Surface Radiation Result (absorbed dose in thin silicon slab) (1E-6 Gy/day).
Column 1 is East longitude (°)
Line 1 is North latitude (°)

-179  -177  -175  -173  -171  -169  -167  -165  -163  -161  -159  -157  -155  -153  -151  -149  -147  -145  -143  -141  -139  -137  -135  -133  -131  -129  -127  -125  -123  -121  -119  -117  -115  -113  -111  -109  -107  -105  -103  -101  -99  -97  -95  -93  -91  -89  -87  -85  -83  -81  -79  -77  -75  -73  -71  -69  -67  -65  -63  -61  -59  -57  -55  -53  -51  -49  -47  -45  -43  -41  -39  -37  -35  -33  -31  -29  -27  -25  -23  -21  -19  -17  -15  -13  -11  -9  -7  -5  -3  -1  1  3  5  7  9  11  13  15  17  19  21  23  25  27  29  31  33  35  37  39  41  43  45  47  49  51  53  55  57  59  61  63  65  67  69  71  73  75  77  79  81  83  85  87  89  91  93  95  97  99  101  103  105  107  109  111  113  115  117  119  121  123  125  127  129  131  133  135  137  139  141  143  145  147  149  151  153  155  157  159  161  163  165  167  169  171  173  175  177  179  
--------------------------------------------------------------------------------------------------
-89°N ||     93.67 93.71 93.75 93.76 93.77 93.76 93.76 93.78 93.82 93.85 93.99 94.05 94.02 94.07 94.26 94.35 94.39 94.45 94.47 94.36 94.30 94.44 94.46 94.43 94.38 94.36 94.31 94.32 94.40 94.37 94.46 94.57 94.51 94.45 94.54 94.46 94.37 94.31 94.24 94.19 94.15 94.09 94.03 94.01 93.99 93.99 93.98 93.98 93.97 93.96 93.93 93.93 93.90 93.89 93.88 93.88 93.81 93.79 93.76 93.76 93.74 93.71 93.71 93.67 93.69 93.72 93.73 93.63 93.59 93.59 93.53 93.51 93.51 93.51 93.48 93.45 93.44 93.43 93.41 93.42 93.40 93.42 93.42 93.40 93.42 93.43 93.42 93.41 93.41 93.41 93.43 93.46 93.48 93.49 93.49 93.50 93.49 93.50 93.52 93.52 93.51 93.50 93.49 93.49 93.50 93.50 93.51 93.52 93.53 93.54 93.55 93.53 93.51 93.52 93.56 93.59 93.58 93.58 93.59 93.60 93.62 93.63 93.64 93.66 93.70 93.73 93.73 93.75 93.78 93.80 93.81 93.82 93.83 93.84 93.85 93.88 93.89 93.89 93.89 93.89 93.85 93.85 93.83 93.79 93.80 93.79 93.79 93.76 93.74 93.71 93.70 93.69 93.69 93.65 93.63 93.62 93.61 93.59 93.59 93.60 93.60 93.59 93.59 93.58 93.58 93.58 93.58 93.59 93.59 93.59 93.59 93.60 93.60 93.60 93.60 93.63 93.65 93.66 93.66 93.68
-87°N ||     95.58 95.64 95.65 95.77 95.75 95.82 95.72 95.72 95.70 95.62 95.62 95.61 95.50 95.38 95.31 95.29 95.31 95.32 95.32 95.28 95.28 95.33 95.47 95.52 95.50 95.45 95.47 95.38 95.46 95.31 95.55 95.57 95.42 95.40 95.38 95.36 95.30 95.24 95.30 95.31 95.28 95.32 95.28 95.25 95.21 95.18 95.17 95.10 95.05 95.00 94.87 95.01 94.83 94.58 94.60 94.53 94.42 94.30 94.23 94.21 94.35 93.88 93.92 93.68 93.62 93.61 93.56 93.54 93.53 93.50 93.41 93.34 93.39 93.38 93.15 93.10 93.03 92.95 92.92 93.05 92.79 92.63 92.61 92.53 92.50 92.51 92.53 92.55 92.58 92.60 92.64 92.66 92.68 92.70 92.71 93.06 92.97 93.13 93.04 93.24 93.25 93.24 93.31 93.32 93.36 93.44 93.50 93.65 93.73 93.79 93.67 93.66 93.69 93.71 93.73 93.73 93.78 93.81 93.87 93.88 93.94 93.99 94.01 94.06 94.13 94.13 94.14 94.21 94.29 94.27 94.34 94.35 94.37 94.42 94.55 94.70 94.81 94.95 94.87 94.69 94.54 94.49 94.45 94.41 94.35 94.35 94.30 94.07 94.04 94.02 94.01 94.02 94.06 94.05 94.04 94.06 94.13 94.23 94.32 94.32 94.40 94.48 94.57 94.62 94.74 94.84 94.93 94.96 95.08 95.10 95.26 95.25 95.27 95.25 95.36 95.28 95.06 95.21 95.58 95.80
-85°N ||     95.02 95.01 95.01 95.01 95.03 95.03 95.06 95.11 95.12 95.12 95.13 95.14 95.15 95.21 95.14 95.07 95.08 95.19 95.18 95.19 95.20 95.22 95.26 95.28 95.27 95.28 95.33 95.44 95.51 95.66 96.02 96.06 96.03 96.03 96.08 95.89 96.07 95.93 95.90 95.88 96.12 96.39 96.32 96.33 96.10 96.06 95.95 95.85 95.76 95.67 95.71 95.60 95.57 95.54 95.78 95.86 95.57 95.40 95.46 95.84 95.67 94.77 94.63 94.66 94.78 94.87 94.72 94.82 94.80 94.41 94.51 94.37 94.10 94.02 94.07 93.84 94.13 94.38 94.62 94.28 94.11 94.03 94.08 94.08 94.17 94.03 93.97 93.84 93.83 93.94 93.83 93.87 93.98 93.98 93.98 93.98 93.99 94.04 94.11 94.23 94.21 94.31 94.59 94.87 94.80 94.76 94.74 94.77 94.74 94.80 94.89 94.96 95.01 95.09 94.88 94.94 95.05 95.07 94.99 94.89 94.87 94.91 94.95 95.04 95.15 95.24 95.25 95.18 95.19 95.14 95.10 95.07 95.03 95.05 95.10 95.22 95.81 97.00 97.44 97.14 96.43 96.10 95.95 95.97 95.48 95.23 95.13 95.02 95.07 95.13 95.00 95.02 95.06 95.20 95.37 95.45 95.49 95.52 95.50 95.51 95.49 95.31 95.15 95.09 95.07 95.17 95.23 95.29 95.41 95.60 95.35 95.40 95.34 95.27 95.20 95.19 95.19 95.19 95.07 95.03
-83°N ||     95.05 95.07 95.09 95.11 95.12 95.13 95.15 95.17 95.20 95.22 95.25 95.29 95.33 95.35 95.34 95.35 95.37 95.40 95.44 95.47 95.50 95.54 95.58 95.63 95.68 95.74 95.79 95.86 95.97 96.11 96.05 95.90 95.89 95.84 95.97 96.07 96.04 95.98 96.06 96.14 95.88 95.87 95.87 95.87 95.90 95.93 95.91 96.46 96.59 96.69 96.61 96.64 96.55 96.54 96.56 96.52 96.46 96.77 96.92 96.97 96.49 96.84 96.73 96.61 97.00 96.70 96.73 96.69 97.12 96.73 97.04 97.31 97.51 97.52 97.31 97.14 97.20 97.19 97.15 97.23 97.18 97.13 96.94 96.97 96.99 96.89 96.80 96.77 96.82 96.80 96.51 96.50 96.62 97.06 96.55 96.44 96.32 96.27 96.32 96.18 96.42 95.87 96.04 95.78 96.21 96.49 96.56 96.30 96.19 96.20 96.23 96.38 96.69 96.82 96.93 96.91 96.45 96.46 96.36 96.31 96.22 96.22 95.87 95.78 95.85 95.91 95.90 95.75 95.74 95.90 95.83 95.86 96.05 96.08 96.31 96.97 97.91 97.82 97.86 97.84 97.84 96.45 96.27 96.31 96.25 96.38 96.33 96.24 96.20 96.19 96.12 95.98 95.85 95.78 95.74 95.60 95.56 95.63 95.97 96.38 96.89 97.15 96.60 95.99 95.19 95.19 94.88 94.80 94.77 94.82 94.98 95.20 95.68 95.61 95.28 95.07 94.99 94.96 94.99 95.02
-81°N ||     95.37 95.45 95.46 95.62 95.35 95.43 95.48 95.54 95.60 95.67 95.74 95.82 96.01 96.06 95.84 95.84 95.90 95.96 96.00 96.04 96.08 96.13 96.15 96.20 96.24 96.30 96.38 96.42 96.45 96.50 96.56 96.75 96.72 96.77 96.91 96.85 96.59 96.63 96.61 96.64 96.85 96.66 96.30 96.35 96.17 96.03 96.10 96.31 96.38 96.28 96.46 96.37 96.63 97.62 97.29 97.51 97.81 97.22 97.81 97.74 97.37 97.51 97.58 97.55 97.59 97.57 97.65 97.66 97.56 97.44 97.56 97.36 97.14 97.16 97.18 97.22 97.16 97.18 97.12 97.13 97.63 97.02 96.83 96.77 96.74 96.77 96.74 96.75 96.71 96.70 96.68 96.70 96.57 96.36 96.14 95.82 95.17 94.49 95.31 95.46 95.95 96.32 96.27 96.41 96.76 97.00 97.16 97.43 97.39 97.24 96.97 97.33 97.49 97.67 97.67 97.77 97.81 97.91 97.87 97.85 97.82 97.88 97.80 97.71 97.68 97.75 97.23 97.27 97.35 97.45 97.52 97.81 97.89 98.02 98.09 98.08 98.06 97.31 96.37 96.16 96.08 95.99 95.93 96.09 96.16 96.16 96.07 96.23 96.32 96.41 96.56 96.66 96.78 96.51 96.64 96.92 97.11 96.74 96.58 96.63 97.18 96.90 96.49 96.47 96.63 96.57 97.04 96.28 95.43 95.13 95.19 95.35 95.48 95.70 96.01 95.28 95.41 95.41 95.20 95.27
-79°N ||     95.76 95.82 95.84 95.97 95.96 95.92 95.92 95.97 95.99 96.21 96.07 96.18 96.25 96.28 96.39 96.58 96.50 96.79 96.39 96.62 96.46 96.50 96.47 97.02 97.54 96.33 96.86 97.47 97.23 97.36 97.27 97.28 97.25 97.28 97.34 97.37 97.37 97.35 97.23 97.19 97.20 96.92 97.64 97.77 96.62 96.82 96.80 96.66 96.61 96.98 97.30 96.92 97.82 97.61 97.73 97.96 98.24 96.73 97.51 96.96 97.83 97.52 96.78 97.31 97.36 97.78 97.84 97.76 97.73 97.68 97.62 97.65 97.63 97.65 97.62 97.59 97.63 97.68 97.62 97.36 97.47 97.67 97.35 97.31 97.33 97.58 97.17 97.39 97.20 97.23 97.29 97.13 97.04 96.68 95.81 95.81 95.38 95.87 96.47 96.82 96.74 97.05 97.11 97.21 97.32 97.60 97.37 97.50 97.19 97.52 97.03 97.37 97.18 97.17 96.78 96.68 97.52 97.73 98.08 98.16 98.23 98.21 98.24 98.22 98.28 98.23 98.17 98.23 98.20 98.25 98.18 98.16 98.26 98.23 98.24 98.26 98.36 98.38 98.29 98.29 98.28 98.33 97.91 97.40 97.60 96.91 96.32 96.30 96.28 96.18 96.26 96.38 96.85 98.27 98.06 96.94 96.71 97.35 95.98 95.99 96.68 96.05 95.72 95.57 95.49 95.61 95.43 95.85 95.55 95.51 95.52 95.59 95.72 95.39 95.29 95.42 95.53 95.65 95.66 95.68
-77°N ||     96.71 96.40 96.32 96.29 96.19 96.50 96.46 96.87 96.81 96.88 96.87 96.92 97.32 97.08 97.02 97.11 97.25 97.27 97.37 97.16 97.07 97.13 97.07 97.20 97.11 97.27 97.52 97.63 97.45 97.58 97.54 97.57 97.57 97.56 97.55 97.58 97.54 97.57 97.55 97.55 97.53 97.55 97.46 97.28 97.20 96.94 96.36 97.16 96.26 96.56 97.48 97.24 97.09 96.53 96.74 96.98 97.17 97.12 97.29 97.27 97.62 97.83 97.61 97.69 97.95 98.01 98.00 98.05 98.05 98.01 97.95 97.92 97.86 97.88 97.84 97.85 97.82 97.72 97.46 97.48 97.40 97.24 97.18 97.01 97.28 97.49 97.33 97.38 97.16 97.29 97.30 97.22 96.80 96.61 96.46 96.28 95.77 95.37 96.59 97.92 98.38 98.59 98.60 97.18 97.50 97.36 97.39 97.59 97.26 97.64 97.33 97.28 97.19 97.68 98.12 97.90 97.26 97.11 96.66 96.41 96.31 95.91 95.77 96.34 97.04 97.56 97.91 97.90 97.79 97.56 96.91 97.69 97.91 97.06 97.72 97.96 98.32 98.19 97.87 97.73 97.34 97.39 97.17 97.69 98.38 98.28 98.05 97.88 97.05 97.10 97.19 96.31 97.09 97.46 97.45 96.46 96.02 96.10 95.84 95.86 95.96 95.78 95.77 96.06 95.92 95.86 95.98 96.08 96.12 96.09 95.98 96.09 96.34 95.97 95.99 96.06 96.28 96.46 96.58 96.36
-75°N ||     97.02 97.15 96.88 97.05 96.83 96.81 96.95 97.83 97.24 97.17 98.38 98.84 97.49 97.64 97.64 97.77 97.50 97.64 97.63 97.39 97.39 97.69 97.69 97.89 97.70 97.78 97.84 97.87 97.83 97.79 97.79 97.76 97.80 97.74 97.21 97.65 97.67 97.66 97.62 97.62 97.55 97.48 97.49 97.50 97.56 97.64 97.54 97.43 97.19 97.05 97.17 96.56 96.42 96.87 97.51 97.63 97.56 97.96 98.17 98.22 98.28 98.25 98.19 98.14 98.11 98.11 98.09 97.85 98.09 97.96 97.77 97.57 97.53 97.33 97.26 97.37 97.29 97.51 97.31 97.34 97.42 97.47 97.59 97.36 97.76 97.48 97.48 97.67 97.47 97.47 97.35 97.00 96.85 97.20 97.37 97.41 97.43 97.45 97.53 97.38 97.19 97.30 97.29 97.25 97.62 97.70 97.70 97.51 97.47 97.33 97.21 97.00 96.47 96.70 96.83 96.26 96.70 96.55 96.32 96.50 96.24 96.18 96.98 97.31 97.08 97.05 98.34 96.63 96.87 96.89 97.03 97.62 97.50 97.36 97.28 97.03 97.37 96.24 95.82 95.36 95.31 96.04 98.69 98.46 98.57 97.08 97.84 97.11 97.99 98.39 98.22 98.14 98.05 98.08 98.20 96.81 95.58 95.50 95.48 95.49 95.46 95.63 96.36 96.23 96.44 95.75 95.82 96.03 96.12 96.12 96.21 96.23 96.28 96.57 96.58 96.66 96.80 96.73 96.80 96.86
-73°N ||     98.46 97.05 97.85 97.84 97.70 97.32 98.26 97.87 97.91 97.90 97.40 97.02 98.30 97.33 97.67 97.91 97.85 97.83 97.75 97.59 97.40 96.98 98.25 96.74 97.02 98.07 97.75 97.72 97.75 97.82 97.84 97.83 97.95 97.49 97.42 97.02 97.29 97.75 97.60 97.67 97.66 97.71 97.59 97.65 97.70 97.70 97.71 97.40 98.12 99.32 99.30 99.52 99.46 97.45 98.10 98.12 98.35 98.42 98.46 98.50 98.51 98.48 98.40 98.29 98.35 97.88 98.08 98.32 98.36 98.37 98.29 97.95 97.69 97.84 97.67 97.54 97.45 97.61 97.86 97.41 97.43 97.45 97.51 97.90 97.70 98.01 98.19 98.14 98.01 98.07 97.64 97.59 97.17 97.62 97.59 97.72 97.93 97.97 97.97 97.94 97.98 97.98 98.08 98.03 97.94 97.87 98.03 97.46 97.36 97.18 96.68 96.27 96.54 97.02 97.52 97.19 97.43 97.30 97.42 97.00 97.17 96.73 96.51 96.40 96.74 96.67 97.08 97.14 97.49 97.44 97.38 97.51 97.55 97.67 97.78 97.79 97.75 97.90 97.47 97.01 97.54 96.00 96.23 96.93 97.03 97.08 97.16 97.47 98.38 97.91 97.63 96.68 97.61 98.14 98.51 98.67 97.88 96.63 95.63 96.09 95.81 96.14 96.71 96.84 96.01 96.34 96.86 97.03 96.85 97.31 98.33 98.00 97.51 97.34 97.36 97.28 97.47 97.23 97.29 98.33
-71°N ||     98.26 98.33 98.48 98.57 98.68 98.92 99.13 99.02 99.04 99.08 99.08 98.16 97.33 96.94 96.16 96.19 96.99 97.20 98.60 97.49 97.58 97.35 97.09 97.18 99.62 97.95 97.91 97.94 97.80 97.53 97.63 97.50 97.48 97.73 97.63 97.57 97.47 97.87 97.66 97.68 97.84 97.63 97.82 97.69 97.75 97.79 97.43 97.19 97.26 98.46 99.39 99.21 99.69 97.22 98.30 98.49 98.57 98.66 98.57 98.60 98.70 98.27 98.11 98.27 98.44 98.55 98.66 98.40 98.43 97.35 97.70 97.94 97.76 97.98 97.62 97.87 97.66 97.08 96.85 96.68 96.58 97.77 97.72 97.71 97.96 97.98 98.17 97.93 98.27 98.07 98.73 98.59 98.06 98.17 98.15 97.94 97.84 97.11 97.83 98.18 98.37 98.01 98.07 98.08 98.06 98.12 97.67 96.64 96.95 97.35 97.41 97.55 97.56 97.76 97.78 97.67 97.98 97.76 97.91 98.01 97.91 98.16 98.20 97.94 98.19 97.70 97.00 97.27 98.79 98.76 97.50 97.70 97.44 96.13 97.03 97.26 97.38 96.88 96.49 96.88 97.43 96.71 97.74 97.88 98.23 98.26 98.20 97.81 97.81 98.05 98.40 98.28 98.60 98.35 99.43 99.72 99.60 99.08 98.58 98.22 98.55 98.29 98.00 98.45 98.70 98.61 98.59 98.35 98.15 98.84 98.23 98.65 98.48 98.52 97.81 97.80 97.87 97.99 97.51 98.23
-69°N ||     97.52 97.61 98.07 98.41 97.85 99.87 99.61 99.07 99.30 99.26 99.20 98.91 98.07 98.22 97.69 97.99 96.52 96.75 97.26 97.80 98.27 97.95 97.63 97.54 97.31 98.19 97.83 98.03 97.54 98.36 97.10 97.19 97.08 97.42 97.47 97.59 97.92 97.96 98.08 98.07 98.17 98.06 98.02 98.10 98.10 98.98 97.83 98.22 98.23 98.20 98.26 98.45 98.46 98.60 98.63 98.55 98.60 98.64 98.36 98.36 98.11 98.62 98.57 98.79 98.60 98.32 97.59 97.64 97.74 97.75 97.69 97.88 97.84 98.11 98.26 98.53 98.33 97.58 96.97 97.29 97.47 98.07 98.11 97.57 97.54 97.28 97.37 97.33 97.66 98.00 98.04 98.21 97.17 98.25 98.35 98.24 98.42 98.42 98.40 98.47 98.40 98.35 98.43 98.32 98.04 97.67 96.82 98.17 98.41 98.25 98.02 97.79 97.90 97.75 97.92 97.34 97.28 97.95 98.43 98.69 98.94 98.74 98.79 98.90 98.88 98.76 98.30 97.79 97.46 97.47 98.05 97.85 97.79 97.81 98.97 97.57 96.05 96.47 96.64 96.76 97.00 96.98 96.54 96.68 97.29 97.86 98.00 97.66 98.28 98.38 98.38 98.49 97.86 95.87 98.37 99.46 99.20 96.54 99.47 99.33 99.22 98.87 98.75 98.64 98.30 97.93 97.62 97.75 96.82 96.50 97.67 98.49 98.37 98.11 97.91 97.71 97.59 97.46 97.73 97.71
-67°N ||     99.57 97.49 97.16 98.09 98.13 98.27 98.31 99.19 99.16 99.34 99.42 99.42 99.19 99.02 98.51 98.11 97.71 97.15 97.04 96.70 96.68 96.37 96.76 96.80 97.25 97.21 97.06 96.95 97.64 96.64 96.65 96.73 97.44 99.41 97.25 97.55 97.57 98.64 98.05 98.08 98.21 98.19 98.14 98.16 98.17 98.23 98.18 98.32 98.34 98.26 98.31 98.44 98.48 98.48 98.37 98.59 98.80 98.62 98.72 98.59 97.88 98.39 98.71 98.71 98.38 98.13 100.54 100.54 99.93 97.80 97.99 98.07 98.15 98.42 98.65 98.16 97.73 97.08 97.18 96.82 97.20 97.23 97.73 97.62 98.03 97.91 98.06 98.10 98.08 98.09 98.15 98.36 98.26 98.44 98.37 98.53 98.38 98.32 98.35 98.11 98.14 97.26 97.02 97.07 96.67 97.29 98.93 99.63 99.54 98.94 98.76 98.19 98.23 97.78 97.97 97.84 98.31 98.52 98.87 98.92 98.89 98.87 98.95 98.94 98.85 99.17 99.16 99.36 99.40 98.71 97.74 96.96 97.68 97.94 97.01 96.80 96.66 96.20 96.85 95.94 96.24 96.70 96.72 97.86 97.45 97.37 96.77 97.16 97.71 98.13 98.54 98.76 98.34 98.58 98.76 98.82 98.86 98.87 98.42 98.67 98.60 98.68 98.39 98.10 98.46 98.38 98.39 98.37 98.28 97.71 98.55 98.21 98.13 97.86 97.27 98.07 97.21 97.17 97.23 97.83
-65°N ||     97.70 97.20 96.80 97.35 97.40 98.56 98.73 99.34 99.18 99.27 99.25 99.43 99.45 99.46 99.33 99.06 98.87 98.78 98.64 98.21 97.55 97.39 97.48 97.21 97.67 97.56 97.15 98.18 97.94 97.19 96.92 97.30 97.02 97.33 97.57 97.73 97.76 97.86 97.88 98.16 98.18 98.31 98.35 98.35 98.47 98.51 98.46 98.44 98.47 98.45 98.30 98.18 98.06 98.22 98.41 98.59 98.59 98.60 98.43 97.30 98.79 98.85 99.09 99.39 98.44 98.91 98.92 99.02 98.19 98.10 98.41 98.26 98.37 98.56 98.87 98.71 98.08 97.85 97.39 97.00 97.03 97.41 98.53 97.83 98.07 98.13 98.12 98.03 97.71 98.20 98.21 98.27 98.20 98.43 98.18 98.47 98.81 98.59 98.24 98.34 98.02 98.06 97.90 97.76 97.28 97.66 97.47 97.79 97.92 97.76 97.70 97.52 97.65 98.37 98.73 99.42 99.36 99.09 98.86 98.71 98.72 98.97 99.20 99.15 99.34 99.26 99.21 99.30 99.30 99.46 98.08 98.00 97.94 97.79 99.85 97.18 97.13 97.28 97.89 96.44 96.39 96.41 96.99 97.03 97.09 96.57 96.39 97.91 97.55 97.11 98.27 98.05 97.92 98.60 98.55 96.65 97.41 97.66 98.46 98.04 97.26 97.46 98.49 97.96 98.31 98.68 98.46 98.58 98.51 98.45 97.98 97.84 97.61 96.83 98.08 98.40 97.82 97.60 97.11 96.96
-63°N ||     97.72 97.69 98.27 97.33 96.97 97.57 98.30 98.48 98.86 98.74 99.16 98.92 99.47 99.26 99.30 99.10 99.21 99.27 99.16 98.48 97.74 97.71 97.35 97.49 97.37 97.57 97.58 97.34 97.26 97.37 97.28 97.47 97.79 97.80 97.75 97.44 97.20 97.66 98.18 97.80 98.41 97.95 97.68 98.21 98.27 98.24 97.95 98.37 98.26 98.22 97.92 98.03 98.49 99.04 98.58 97.57 98.18 98.99 98.76 98.83 98.73 98.71 98.92 99.26 99.82 99.45 98.41 99.56 98.24 99.01 98.66 98.39 98.46 98.30 98.45 99.17 99.41 99.26 99.16 98.61 98.35 97.84 97.98 97.96 97.99 98.06 98.24 98.25 98.26 98.21 98.19 98.22 98.37 98.28 98.35 98.09 98.29 98.39 98.17 98.52 98.57 98.17 98.27 98.53 98.32 97.98 97.71 97.40 97.44 97.14 97.77 97.91 98.36 99.16 99.76 99.85 99.89 99.53 99.22 99.10 99.02 98.96 99.05 99.12 99.46 99.57 99.41 99.35 99.40 99.47 99.18 98.33 98.18 98.57 98.00 97.39 97.04 97.27 97.06 96.11 98.39 96.78 97.55 97.42 97.37 96.97 96.76 96.52 96.19 96.74 97.27 97.82 97.51 97.60 98.07 98.57 98.96 99.00 98.57 98.39 97.68 97.81 98.09 98.07 97.91 96.71 96.65 97.13 97.81 98.23 98.42 98.53 98.26 98.65 98.59 97.31 97.93 98.08 97.99 98.43
-61°N ||     98.84 97.52 96.91 97.74 98.20 98.50 98.47 97.51 97.70 98.01 97.37 97.71 98.56 97.73 100.27 97.85 98.41 98.33 99.19 98.68 98.56 98.49 98.55 97.65 97.42 97.14 98.70 98.12 97.39 97.52 98.15 98.60 98.65 98.47 98.48 98.05 97.50 97.78 97.67 97.64 98.25 97.25 97.83 98.32 97.86 96.58 98.59 98.83 98.90 98.80 98.75 98.96 98.93 98.41 97.83 99.25 99.24 98.88 99.24 99.20 99.09 98.81 99.02 99.13 99.55 100.08 99.67 98.75 99.86 99.91 99.61 99.17 97.91 99.05 99.39 98.68 98.55 98.72 98.54 98.16 97.01 97.05 97.98 98.36 98.03 97.92 97.76 98.19 98.35 98.31 98.41 98.30 98.33 98.58 98.44 98.52 98.46 98.22 98.40 98.57 98.68 98.48 98.37 98.34 97.58 98.35 98.20 98.23 98.25 98.39 98.53 98.62 98.77 99.04 99.43 99.53 98.80 98.71 98.78 98.44 100.33 99.51 98.54 98.90 99.21 99.33 99.63 99.76 99.28 99.69 100.22 99.83 96.69 99.53 99.29 98.96 97.34 97.61 97.59 98.21 97.07 96.95 96.83 96.96 97.04 96.91 96.90 96.58 96.91 96.76 97.09 97.05 97.14 97.28 97.34 98.81 99.73 99.61 99.59 99.36 99.05 98.67 98.34 98.01 97.93 97.43 96.89 97.25 97.37 96.10 97.12 98.15 98.35 97.95 96.60 97.09 97.33 98.59 98.65 98.59
-59°N ||     99.07 98.30 98.04 98.49 98.52 98.25 96.54 97.49 97.79 97.49 98.22 97.50 97.83 96.73 98.12 98.79 98.29 98.49 98.06 98.51 98.74 98.78 98.34 98.14 97.01 97.60 97.87 97.96 98.55 97.58 97.89 98.84 98.98 98.51 98.96 98.57 97.83 97.14 96.96 97.17 97.57 98.38 98.83 98.77 98.65 98.15 98.90 99.11 99.39 99.35 99.37 99.37 99.44 99.49 99.05 98.74 98.93 98.65 99.13 99.32 98.83 98.36 99.57 99.40 98.47 100.06 98.53 99.37 99.87 97.72 98.21 99.40 100.40 99.00 99.84 98.83 98.90 98.45 98.13 98.18 97.41 97.58 98.01 97.70 97.78 98.38 98.14 98.09 98.65 97.00 98.21 98.55 98.66 98.51 99.21 98.25 98.14 98.18 99.65 98.10 97.98 98.58 98.36 98.39 98.49 98.56 98.50 98.39 98.34 98.79 98.89 99.19 99.28 99.27 99.01 98.46 98.51 98.66 98.15 97.54 97.60 97.64 98.61 99.23 99.85 100.04 100.16 100.03 100.18 100.45 100.10 100.07 99.62 99.34 99.51 99.10 98.39 96.83 96.17 96.58 99.43 99.16 96.23 96.25 98.16 96.67 96.83 95.97 96.76 97.25 96.56 96.65 97.36 98.31 98.73 99.05 99.34 99.23 99.41 99.40 99.36 99.24 99.04 98.80 98.17 97.71 97.24 97.15 97.44 97.17 98.62 96.36 97.39 97.67 97.25 98.16 98.50 98.20 98.61 98.84
-57°N ||     98.83 98.90 99.20 99.64 98.94 97.14 97.73 97.50 96.93 97.03 97.20 99.63 97.13 97.29 96.75 96.87 97.82 98.53 97.90 97.73 99.51 97.81 97.87 97.84 96.83 97.72 98.10 98.06 98.01 96.90 96.22 98.94 98.61 98.77 98.75 98.38 98.60 97.74 97.48 97.58 97.29 98.09 98.40 98.59 98.73 98.32 97.66 97.54 98.74 99.46 99.50 99.59 99.36 99.35 99.00 98.10 97.79 97.81 97.42 97.18 98.10 100.22 98.66 97.85 99.84 100.48 100.18 98.92 101.00 96.27 100.72 98.97 98.11 99.11 98.54 99.93 100.29 99.85 99.34 100.46 100.52 99.18 98.13 98.25 98.62 98.21 98.31 97.96 97.90 98.37 98.46 98.58 98.17 97.73 97.75 97.66 97.69 97.83 98.43 97.82 97.46 97.68 97.68 97.76 97.71 98.56 98.60 98.84 99.05 99.23 99.39 99.57 99.77 99.87 99.67 99.22 99.40 99.40 99.63 99.16 99.00 99.32 100.01 100.47 100.73 100.71 100.74 100.72 100.72 100.83 100.46 100.31 99.98 100.26 100.15 100.02 99.91 99.17 96.59 98.09 99.52 100.02 96.93 97.20 97.99 97.74 97.19 96.85 96.79 97.27 97.88 98.12 98.35 97.97 98.69 98.31 99.07 98.21 97.03 97.37 99.15 99.34 99.23 98.77 98.14 97.72 97.34 97.32 97.46 97.35 96.94 96.77 97.43 97.54 98.94 97.42 97.40 97.54 97.97 98.74
-55°N ||     99.01 99.07 99.28 99.42 98.49 98.43 98.32 97.71 97.46 98.21 98.17 98.03 97.75 97.88 97.34 97.70 98.53 98.39 98.43 98.36 97.61 96.66 96.65 99.53 96.61 97.82 98.32 98.33 98.30 97.89 97.54 98.81 98.80 98.63 98.95 98.38 98.00 97.64 97.09 96.96 97.10 96.93 96.83 97.11 98.19 97.75 97.48 97.97 98.74 99.13 99.52 99.56 99.62 98.88 98.42 97.00 97.49 96.85 97.28 99.84 98.02 100.52 100.71 99.93 98.19 101.23 101.08 101.19 101.06 101.07 101.08 100.74 97.92 98.58 100.25 99.22 98.83 100.02 99.79 99.67 98.90 98.44 98.66 98.64 98.49 98.27 98.30 97.94 98.14 97.71 98.06 98.34 98.71 98.23 98.37 99.07 100.14 98.40 98.34 98.50 98.46 98.36 97.52 97.75 97.47 97.83 98.88 99.00 99.31 99.58 99.79 99.95 100.23 100.46 100.43 100.61 100.71 100.80 100.82 100.91 101.00 101.05 101.06 101.10 101.24 101.05 100.99 100.98 101.14 100.90 100.78 100.69 100.51 100.18 100.49 100.39 98.17 99.39 99.18 98.66 98.39 98.12 98.29 98.38 96.83 97.40 97.58 97.58 98.07 98.51 99.01 99.01 100.02 99.57 98.40 98.67 98.99 97.01 97.28 99.39 98.91 98.58 98.31 98.39 97.82 97.64 97.88 98.17 98.56 98.23 98.23 97.31 98.44 97.84 97.46 97.56 97.90 98.50 98.51 98.90
-53°N ||     99.17 98.56 98.72 99.73 100.07 97.65 98.82 99.01 98.97 98.65 98.90 98.13 97.81 98.33 98.29 98.30 97.90 98.49 98.34 98.50 98.32 97.35 96.91 98.52 97.86 98.27 99.87 98.18 98.46 98.16 98.67 98.47 98.49 98.93 98.63 98.61 98.55 97.36 96.97 96.97 96.82 97.00 97.67 97.95 98.25 98.44 98.64 98.50 99.74 100.59 98.00 98.17 98.63 98.26 98.46 99.22 98.89 97.72 97.55 98.96 98.22 100.69 100.74 100.82 101.53 101.24 101.08 101.08 101.10 101.12 101.12 101.05 100.93 100.70 99.49 99.26 99.76 100.27 99.12 99.51 99.82 99.57 99.36 99.06 98.66 100.01 98.94 98.30 98.56 98.65 98.17 98.07 97.88 98.58 97.75 97.55 98.07 98.23 98.40 98.21 98.45 98.58 97.88 96.83 98.68 98.34 98.57 99.04 99.20 99.28 99.96 100.19 100.55 100.75 100.82 100.92 101.04 101.06 101.44 102.26 103.03 103.68 103.97 104.10 104.17 103.44 103.19 103.31 103.35 103.25 101.96 100.92 100.94 101.01 100.40 100.65 100.74 100.43 98.74 98.75 99.02 98.27 98.43 97.85 98.13 99.23 97.98 97.97 98.11 97.74 98.13 98.75 99.37 99.70 100.51 99.18 98.96 96.73 99.53 98.91 99.14 99.20 99.21 98.65 98.26 98.18 97.70 98.27 97.36 98.28 98.64 97.62 96.79 96.79 97.63 98.52 98.59 98.73 99.09 99.16
-51°N ||     99.06 98.83 98.35 98.51 99.45 99.21 99.06 97.83 99.32 98.55 98.05 98.49 98.25 98.61 98.37 98.22 98.38 97.42 98.17 98.29 98.00 97.51 96.91 96.68 96.25 97.95 97.46 97.99 98.42 98.43 98.26 98.55 98.11 98.01 98.28 97.90 97.93 97.74 97.40 96.41 96.40 96.16 96.65 98.05 98.31 98.57 98.68 98.08 99.90 100.46 98.00 98.04 97.34 96.92 98.43 99.84 100.09 100.01 98.54 97.64 97.69 97.93 100.79 101.04 101.22 101.04 101.17 101.09 101.09 101.09 101.10 101.24 100.93 100.94 100.98 101.22 99.75 99.92 99.35 99.42 99.69 99.55 98.92 98.60 98.21 99.09 97.91 98.12 98.54 98.51 98.46 98.56 98.73 98.83 98.40 97.86 98.06 98.22 98.35 97.79 98.66 98.16 97.68 98.34 98.17 98.45 98.91 99.32 99.64 99.65 100.39 100.58 100.64 100.89 100.95 101.07 101.46 102.31 103.30 104.49 104.88 105.46 105.66 105.79 105.93 105.98 105.76 105.78 105.61 105.36 105.86 105.15 101.66 101.58 101.08 100.82 100.00 98.09 97.07 99.52 98.98 98.01 99.58 97.97 97.09 97.46 98.02 98.95 98.56 98.71 99.29 99.34 99.16 98.99 98.04 99.00 99.07 99.29 99.12 99.13 99.01 98.26 98.47 99.09 99.02 98.68 97.89 99.07 98.45 99.02 98.42 97.80 98.49 97.56 97.71 98.14 98.34 98.68 98.80 99.01
-49°N ||     97.78 98.16 97.97 98.58 99.75 100.06 100.25 99.02 99.03 97.64 98.31 97.69 97.67 97.46 97.88 97.62 97.53 97.60 96.64 96.97 97.41 97.81 96.81 96.63 97.47 97.17 97.67 98.44 98.40 98.39 98.13 98.48 98.00 96.40 96.39 96.63 97.02 97.01 97.10 96.47 96.26 96.35 96.55 97.67 98.15 98.42 98.46 98.43 98.31 98.16 97.92 97.50 96.85 96.57 96.90 97.47 98.97 99.05 98.04 97.73 100.28 100.59 100.73 100.87 101.06 101.32 101.09 101.11 101.08 101.19 101.22 101.05 100.97 100.09 100.48 99.37 99.35 99.88 99.28 99.50 99.53 99.42 99.02 98.50 98.54 97.87 98.09 100.15 99.16 98.56 98.28 98.49 99.35 99.37 98.56 98.24 97.36 98.85 97.86 97.86 97.80 97.80 98.19 98.71 98.85 98.33 98.23 99.35 99.63 100.04 99.52 100.35 100.86 100.98 101.45 102.32 103.32 103.98 104.91 105.45 106.24 106.59 106.25 106.22 105.03 105.81 105.94 106.08 105.93 105.88 105.93 105.97 105.73 105.05 102.89 101.52 100.75 99.87 100.43 99.76 100.16 99.17 97.69 98.49 98.73 97.32 98.33 98.01 98.78 99.01 98.00 98.72 98.71 98.65 98.45 99.11 98.77 98.46 97.94 97.97 96.27 97.39 98.47 98.28 97.78 98.60 99.21 99.68 98.73 99.67 99.52 99.06 98.97 98.24 97.61 97.02 97.28 97.60 98.12 98.35
-47°N ||     97.57 98.26 97.91 97.85 98.84 99.67 98.68 97.97 98.71 98.13 97.73 97.91 96.62 98.39 96.87 97.17 96.16 96.45 97.43 97.15 97.80 97.00 97.48 97.90 97.84 98.46 97.60 98.07 98.33 98.29 98.32 98.32 98.43 97.34 97.09 97.28 97.66 97.73 97.72 97.34 96.81 96.64 97.09 97.23 97.07 97.90 97.92 98.05 97.77 97.83 97.36 97.14 96.65 96.63 96.54 96.95 97.34 97.29 97.97 98.61 97.25 99.81 99.21 100.63 100.64 101.13 101.27 101.23 101.18 101.27 101.23 101.09 101.02 100.21 100.65 100.61 99.45 99.37 99.05 98.28 99.28 98.93 98.78 98.72 98.23 98.31 97.96 98.32 98.79 98.62 98.77 98.79 99.57 98.73 98.40 97.43 97.86 97.67 98.14 98.93 97.89 97.38 97.70 98.16 99.43 99.46 98.82 99.28 99.93 99.80 99.53 100.02 100.75 100.76 103.21 105.01 105.59 106.41 106.70 106.13 105.59 105.93 106.35 106.25 105.80 105.41 105.11 105.65 105.89 105.75 105.78 105.54 105.58 105.48 104.75 103.23 101.77 100.93 100.66 100.46 100.33 100.16 99.33 98.60 99.47 99.42 98.56 99.13 99.02 99.02 99.05 98.15 97.92 98.46 97.87 98.29 98.38 97.54 97.04 97.99 99.09 99.27 97.85 97.72 98.45 99.27 99.04 99.34 99.64 99.48 99.40 99.30 98.03 98.07 97.62 98.42 97.92 97.71 98.25 98.06
-45°N ||     98.31 98.43 98.22 98.30 98.69 98.63 98.81 98.86 99.04 97.90 97.59 98.33 97.63 97.37 97.49 97.50 98.81 97.41 97.93 98.09 97.79 98.19 99.07 97.67 98.17 98.52 98.26 98.09 98.10 98.05 97.87 98.01 97.92 97.65 97.66 97.61 97.66 97.70 97.86 97.88 97.44 97.31 97.54 97.42 97.39 97.66 97.67 97.39 97.17 96.92 96.80 96.78 96.69 96.08 95.83 97.20 97.74 97.91 98.43 98.82 99.31 99.23 99.84 100.04 99.91 100.94 101.02 102.21 102.01 101.47 101.32 101.14 100.91 100.78 100.53 100.73 99.19 99.12 99.07 100.37 98.56 98.88 98.45 98.39 98.28 98.14 98.14 98.87 98.84 98.69 98.52 98.65 98.99 98.62 98.32 98.47 97.93 97.97 97.91 98.95 96.83 97.71 97.98 98.08 98.97 98.06 98.92 99.28 99.62 99.65 99.81 99.67 100.77 101.63 105.05 105.66 106.62 106.70 106.17 106.56 106.37 106.60 106.41 106.41 106.17 106.57 106.61 105.69 105.58 106.13 105.73 105.61 105.63 105.48 104.70 104.25 102.46 101.04 100.83 100.65 100.34 100.52 97.74 99.50 99.54 99.10 99.28 98.82 98.59 99.12 98.61 98.31 98.72 98.26 98.38 97.88 97.55 97.66 96.95 95.99 97.62 97.30 98.03 99.31 99.48 99.32 98.53 99.55 98.73 98.84 99.29 99.13 98.03 98.09 98.26 97.01 97.08 97.89 98.17 98.04
-43°N ||     99.13 97.98 99.32 98.75 99.13 98.63 98.80 98.75 98.43 98.11 97.59 97.72 97.45 97.20 97.64 97.69 98.20 98.32 98.13 98.10 97.43 97.75 98.02 98.04 97.66 98.14 98.28 98.28 97.39 97.79 97.61 97.97 98.03 97.46 97.56 97.55 97.60 97.75 98.01 98.15 97.38 97.05 95.82 95.91 96.91 97.40 97.22 96.92 96.97 96.62 96.47 96.47 96.33 96.42 96.45 97.37 97.48 97.73 97.83 98.35 98.33 98.46 99.13 98.39 100.43 100.27 100.86 100.91 100.95 100.97 100.94 100.93 100.46 100.79 100.63 99.41 99.25 99.53 99.33 99.50 99.13 100.77 98.46 98.76 98.52 98.51 98.30 98.94 98.88 98.51 98.38 98.64 98.72 98.58 98.53 98.17 98.51 98.14 98.63 97.92 97.82 97.98 97.77 97.23 97.31 97.81 98.77 99.83 99.10 99.44 99.61 99.76 100.86 102.83 105.43 106.40 106.38 106.12 106.36 106.66 106.47 106.49 106.24 106.53 106.48 105.75 105.96 105.88 106.19 105.91 105.68 105.65 105.41 104.97 103.54 103.39 102.51 101.19 100.70 100.83 100.67 100.71 100.36 100.25 99.90 99.61 99.27 98.97 99.00 99.94 99.37 99.13 99.02 98.46 98.37 97.94 97.52 97.49 97.58 97.60 97.28 97.41 98.38 99.57 99.83 99.76 99.46 99.29 98.72 99.04 99.00 99.21 97.27 98.37 98.42 99.49 97.94 98.29 98.75 98.67
-41°N ||     99.38 99.25 99.31 99.85 99.56 98.52 98.68 98.55 99.39 99.91 100.69 100.52 98.89 97.77 98.13 97.99 97.38 97.74 97.36 97.82 97.37 98.11 98.04 98.03 97.78 96.71 97.39 97.64 97.94 97.35 97.19 97.54 97.31 97.32 97.03 97.42 97.53 97.77 97.84 95.28 94.93 94.73 92.81 92.54 92.63 95.09 95.09 95.10 96.00 96.42 96.07 96.54 96.19 96.40 96.33 96.40 96.51 97.14 98.30 98.06 97.58 96.85 98.66 99.56 99.48 100.25 100.24 100.56 100.87 100.89 100.85 100.49 100.78 100.04 100.13 100.13 99.84 100.85 99.73 99.09 99.40 99.21 98.71 98.71 98.44 98.46 98.67 99.07 99.06 98.84 98.47 98.78 98.36 98.43 98.59 97.89 97.68 98.37 98.28 98.11 97.67 97.79 97.14 96.84 98.97 97.99 98.50 99.29 99.32 99.36 99.70 100.10 100.85 102.86 104.92 106.38 106.33 105.66 106.50 106.54 106.51 106.37 106.58 106.68 106.35 105.73 106.12 106.24 106.02 106.19 105.93 105.61 104.67 103.82 103.39 102.99 102.01 101.12 100.96 100.85 100.89 100.02 99.73 100.10 98.65 98.76 99.33 99.47 99.56 99.48 99.34 99.33 99.33 98.39 98.18 98.09 97.75 98.34 98.24 97.91 97.82 97.71 98.59 99.15 99.36 99.19 99.32 99.19 98.11 98.74 98.75 97.69 97.56 98.57 98.45 98.61 98.65 98.97 99.27 98.76
-39°N ||     99.16 99.35 98.94 98.41 99.65 98.43 99.04 98.86 97.88 98.48 100.20 100.19 98.24 97.81 98.61 98.22 98.57 97.94 98.28 98.36 98.59 97.62 98.63 98.62 98.26 98.27 97.98 97.62 97.81 97.66 97.51 95.29 96.56 97.07 97.08 97.31 97.50 97.47 96.60 96.42 95.72 94.28 93.91 94.00 94.40 94.54 94.43 94.71 94.06 95.28 96.11 96.14 96.16 96.27 96.44 96.48 96.76 97.16 97.26 97.90 97.91 98.11 97.49 97.78 98.83 98.08 99.61 100.79 100.70 100.60 100.69 100.68 100.24 100.02 100.23 100.07 99.95 99.66 99.43 99.46 99.37 99.39 99.15 98.86 98.80 98.45 98.97 99.37 98.88 98.79 99.12 99.19 99.06 98.42 98.73 98.19 98.20 98.14 98.10 98.70 97.76 98.04 97.52 97.67 97.56 97.50 98.47 99.06 99.41 99.48 99.49 100.33 100.89 101.57 104.59 106.41 106.60 106.50 106.13 106.40 106.65 106.55 106.63 106.66 106.42 106.08 106.45 106.22 106.35 105.99 105.69 105.00 104.03 103.50 102.72 102.25 101.92 101.53 100.95 100.58 100.46 99.68 99.61 99.47 99.42 99.70 99.82 99.63 98.55 99.41 99.49 99.63 99.25 98.98 98.45 98.81 98.44 98.02 98.83 98.58 98.14 97.94 97.96 98.28 98.76 98.94 99.57 99.29 98.86 98.80 98.97 98.68 99.18 99.02 99.06 98.63 98.84 99.18 99.42 99.61
-37°N ||     99.62 99.36 99.37 98.84 100.31 99.93 99.33 98.21 97.55 96.78 96.42 97.62 97.45 98.58 99.15 99.10 99.10 99.10 98.87 98.73 98.72 98.69 98.25 98.52 98.09 97.62 97.73 97.16 97.02 97.68 97.55 96.46 96.64 95.94 96.77 95.74 96.43 94.30 94.44 96.39 94.25 93.42 94.80 94.84 94.74 94.69 94.91 95.71 95.02 94.98 94.73 95.42 96.10 96.67 96.67 96.81 96.68 97.38 97.53 97.31 97.27 98.24 98.21 98.68 99.33 99.29 99.85 100.11 98.13 100.36 99.95 100.07 100.16 100.29 100.12 99.92 99.76 99.73 99.75 99.43 99.09 98.87 98.45 100.33 98.92 98.62 98.64 98.48 99.25 98.80 99.00 99.21 99.14 98.83 98.20 98.60 98.10 98.00 98.57 98.51 97.70 97.66 97.47 97.71 97.96 97.93 99.88 98.59 99.28 99.62 99.71 99.87 100.49 101.42 102.81 105.88 106.61 106.78 106.82 106.42 106.48 106.51 106.11 106.61 106.17 106.27 106.11 106.23 106.19 106.08 105.87 104.58 103.31 102.79 102.10 101.72 101.16 100.96 100.84 100.67 99.88 99.99 99.26 99.28 99.06 99.24 99.65 99.68 99.62 99.42 99.66 99.45 99.31 99.21 98.97 99.01 99.32 99.02 98.86 97.89 98.33 98.26 97.63 97.59 98.54 98.81 99.53 98.91 98.95 99.15 99.36 99.32 99.27 99.23 98.94 98.71 99.63 99.84 99.65 100.18
-35°N ||     99.60 100.28 99.38 98.42 99.24 98.38 98.29 98.52 97.72 96.80 96.64 97.65 98.56 98.80 99.03 98.92 99.09 97.25 98.76 98.68 98.59 98.32 98.32 98.07 97.45 97.75 97.53 97.36 96.73 96.91 96.55 96.41 96.53 96.20 96.36 96.57 95.79 94.23 94.35 94.29 93.71 94.81 95.59 95.47 95.12 95.42 95.21 95.30 95.59 95.65 95.44 94.48 95.34 96.52 96.92 97.16 97.16 97.18 97.19 97.31 97.53 97.75 97.71 99.12 99.04 98.22 98.55 99.11 98.99 100.05 99.92 100.08 99.80 99.38 99.57 99.81 99.82 99.80 100.06 99.65 99.14 98.71 98.98 98.73 98.87 98.40 98.28 98.45 98.64 98.76 98.81 99.08 98.96 98.37 98.40 98.36 98.69 99.04 98.12 97.94 97.99 97.26 97.44 97.93 98.16 98.10 98.20 98.70 99.47 99.29 99.28 99.55 100.03 100.39 101.09 102.78 106.28 106.61 106.80 106.82 106.43 106.42 106.60 106.74 106.12 106.22 106.18 106.06 106.15 105.97 105.00 102.60 101.77 101.69 101.38 101.09 101.24 100.96 100.95 100.93 100.11 99.75 98.62 99.25 98.91 99.10 99.30 99.42 99.60 99.71 99.48 99.19 98.32 98.34 98.44 98.84 98.43 98.15 98.60 98.90 98.55 98.09 98.66 98.95 98.68 98.69 98.45 98.79 98.74 98.11 99.42 99.51 99.09 99.00 99.24 99.37 100.10 99.88 99.37 98.53
-33°N ||     99.68 99.82 98.39 98.19 98.46 97.40 97.91 96.83 96.87 97.57 97.50 97.83 98.66 98.87 99.29 98.77 99.10 99.15 98.68 98.68 97.76 98.33 98.24 98.21 97.83 97.50 97.52 97.29 97.03 96.71 96.53 95.63 96.06 95.82 95.46 95.67 94.95 93.93 93.75 93.05 93.30 94.87 95.82 95.39 96.20 95.50 96.50 96.59 96.28 96.33 95.63 94.60 93.74 95.50 96.50 97.16 97.12 97.21 97.25 97.22 97.68 98.22 98.08 99.06 99.17 99.25 99.19 99.17 99.06 98.84 99.14 99.82 99.76 99.38 99.91 99.41 100.01 99.70 99.63 99.76 99.45 99.15 99.45 98.97 98.87 98.69 98.61 98.45 98.46 98.58 98.65 98.24 98.53 98.77 98.46 98.63 98.32 98.66 98.27 97.61 97.83 97.61 97.31 97.59 97.92 98.07 98.09 98.00 98.85 99.26 99.07 99.02 98.76 99.26 100.11 101.03 103.85 105.66 106.39 106.70 106.70 106.80 106.17 106.03 106.26 106.25 105.99 105.96 104.87 103.57 102.84 101.51 101.01 100.99 100.97 100.97 101.15 101.00 100.91 100.88 100.58 99.80 99.29 99.12 98.89 98.81 99.04 98.97 99.13 99.31 99.25 98.89 98.67 98.40 97.71 97.57 97.72 97.64 98.52 97.96 98.40 98.75 98.11 98.48 98.31 98.21 98.71 98.90 99.19 98.61 98.88 99.50 98.47 99.15 99.16 99.40 99.60 99.33 98.91 98.90
-31°N ||     99.57 98.64 98.47 98.38 97.60 97.71 97.10 97.63 97.80 97.62 97.85 97.90 98.39 98.76 99.11 99.10 99.10 98.51 98.30 98.67 98.16 98.24 98.14 98.05 97.80 97.73 97.48 97.24 96.87 96.51 96.20 96.02 95.98 95.33 95.17 95.77 94.86 93.74 93.88 93.05 94.06 94.92 95.35 95.99 96.27 96.53 96.56 96.81 96.80 96.93 95.86 94.61 95.03 95.14 95.30 95.25 96.76 97.43 97.39 97.78 98.27 98.74 99.04 99.11 99.32 99.24 99.33 99.50 99.39 99.31 99.44 100.42 99.36 99.05 99.31 99.29 99.43 99.57 99.81 99.77 99.84 99.70 99.39 99.39 99.19 98.69 98.32 98.14 98.40 98.47 98.47 98.59 98.25 98.54 98.63 98.50 98.59 98.44 98.38 97.86 97.82 98.42 98.03 97.80 98.15 98.37 98.49 98.14 98.90 99.22 99.52 99.03 99.53 99.44 100.35 100.37 100.97 101.26 101.78 105.15 106.02 106.56 105.79 106.09 105.91 106.02 105.58 104.91 101.92 101.01 101.49 101.19 100.95 100.95 100.93 100.82 100.79 100.90 100.89 100.73 100.65 99.36 99.39 99.00 99.17 98.58 98.75 98.71 98.72 98.82 98.97 98.68 98.40 98.40 97.94 97.83 98.64 97.56 97.34 97.11 98.53 98.95 99.45 98.64 98.88 99.09 99.27 99.13 99.16 98.97 98.76 99.10 98.63 99.00 98.98 98.76 99.00 99.21 99.17 99.10
-29°N ||     99.54 98.62 97.02 98.37 97.59 97.41 98.08 97.56 97.94 97.72 97.71 98.01 98.70 98.96 99.09 99.02 98.97 97.66 98.77 98.72 98.47 98.13 98.12 97.97 97.87 97.66 97.46 97.11 96.73 96.41 96.13 95.77 95.56 95.51 95.48 94.65 94.70 94.21 92.79 91.89 93.98 95.10 95.56 95.91 96.30 96.64 96.85 97.00 97.11 97.10 97.05 96.87 96.07 96.08 95.96 95.17 95.49 96.03 97.34 97.70 98.34 99.14 99.30 99.23 99.66 99.27 99.06 99.22 99.51 99.47 99.68 100.04 99.68 99.19 99.51 99.88 99.59 99.55 99.99 99.92 99.84 99.85 99.52 99.66 98.87 98.83 98.64 98.33 98.18 98.43 98.57 98.59 98.76 98.67 98.62 98.51 98.55 97.98 98.43 97.98 98.59 98.67 98.31 98.33 98.65 98.80 98.91 98.79 98.11 99.12 98.78 99.47 99.67 99.82 99.02 99.39 100.69 100.55 100.93 100.92 101.29 101.22 102.43 104.56 103.23 103.53 101.96 102.51 101.00 100.92 100.82 100.61 100.81 100.90 100.83 100.60 100.72 100.69 100.64 100.10 100.03 99.62 99.25 99.05 98.98 98.76 98.71 98.79 98.77 98.80 98.84 98.54 98.50 97.92 98.21 97.66 97.07 97.37 98.33 97.03 98.25 98.81 99.02 98.39 99.05 98.01 98.97 99.21 98.87 98.70 98.93 98.75 98.47 98.63 98.76 99.00 98.78 98.99 99.18 99.41
-27°N ||     99.06 98.54 98.51 98.46 97.72 97.57 98.30 97.23 97.76 98.19 98.06 98.57 98.47 98.67 99.09 98.79 99.10 98.06 98.74 98.03 98.07 98.10 97.95 97.92 97.68 97.54 97.37 97.21 96.68 96.33 95.95 95.61 95.20 95.21 95.04 95.24 95.47 94.00 93.71 92.13 94.25 95.15 95.55 96.01 96.40 96.75 96.99 97.16 97.26 97.44 97.41 97.49 97.18 96.47 96.47 96.58 96.91 96.88 96.77 96.76 96.50 98.39 99.34 99.37 99.30 99.33 99.45 99.70 99.40 99.27 99.32 100.06 100.15 100.42 99.90 99.43 99.82 99.85 100.12 100.10 100.06 100.03 99.87 99.51 99.34 98.99 99.07 99.10 98.59 98.44 98.40 98.67 98.70 98.20 98.39 98.56 98.59 98.24 98.23 98.22 98.57 98.88 98.22 98.62 98.86 98.71 99.10 98.31 97.84 98.18 98.97 99.02 99.39 99.17 99.12 99.26 99.29 100.64 100.59 100.75 100.82 100.75 100.93 100.95 100.96 101.03 101.47 101.08 101.00 100.88 100.65 100.72 100.83 100.67 100.36 100.55 98.09 100.62 100.59 98.74 99.41 98.95 98.81 98.79 98.81 98.81 98.79 98.79 98.65 98.58 98.52 98.19 97.59 97.45 97.28 97.62 98.38 97.17 97.27 98.07 97.63 98.20 98.80 98.77 99.32 98.19 99.05 98.75 98.99 99.17 99.05 98.81 98.28 98.00 98.05 98.56 98.56 98.66 99.16 99.24
-25°N ||     99.22 98.30 98.77 98.43 98.38 98.31 98.51 98.96 98.26 98.68 98.45 99.20 99.20 99.07 99.22 98.93 99.01 98.49 98.04 98.61 98.18 97.97 97.91 97.74 97.58 97.34 97.16 96.97 96.54 96.03 95.67 95.36 95.08 94.90 94.84 94.14 94.56 94.96 93.71 94.06 94.52 95.09 95.63 96.03 96.29 96.61 96.81 97.09 97.27 97.28 97.49 97.54 97.20 96.76 95.76 96.56 96.91 97.10 97.10 96.92 96.11 97.55 99.01 99.09 99.25 99.26 99.25 98.56 98.86 99.05 99.14 99.19 99.87 100.60 100.77 100.02 100.20 100.31 100.50 100.20 100.20 100.06 100.33 99.89 100.16 99.31 99.41 99.43 99.37 98.53 98.99 98.83 99.17 98.08 98.62 98.57 98.58 98.04 97.64 98.51 98.56 98.40 98.52 98.58 98.42 97.97 98.55 97.74 97.50 97.93 98.32 98.45 98.93 98.75 99.42 100.02 99.60 100.33 100.57 100.71 100.81 100.73 100.66 100.92 100.78 100.98 100.94 100.64 100.55 100.39 100.54 100.29 100.26 100.51 100.28 99.35 99.22 99.64 98.49 99.06 98.85 98.57 98.35 98.40 98.51 98.59 98.97 98.60 98.51 98.32 98.23 97.96 97.50 97.03 97.20 97.52 98.01 97.45 96.83 97.35 97.22 97.72 98.25 98.79 98.33 98.37 98.94 98.34 98.73 98.97 98.90 98.38 97.97 98.75 98.78 98.53 98.70 99.23 99.57 99.12
-23°N ||     99.15 99.12 98.46 98.48 98.38 98.55 98.82 99.04 99.24 99.33 99.30 99.24 99.51 99.60 99.22 99.42 97.74 98.17 98.69 98.18 98.18 97.84 97.84 97.71 97.49 97.16 96.90 96.52 96.10 95.69 95.33 94.94 94.73 94.61 94.68 94.62 93.77 94.16 93.66 93.94 94.47 95.08 95.46 95.75 96.03 96.29 96.58 96.85 97.15 97.33 97.66 97.61 97.59 97.18 96.32 96.51 96.87 96.89 96.84 96.43 95.67 97.80 98.80 98.88 98.50 98.74 99.07 98.60 99.06 99.02 98.79 99.40 99.60 100.32 100.49 100.63 100.10 100.28 100.12 100.35 100.33 100.21 100.24 100.51 100.06 99.59 99.73 99.88 99.68 98.28 99.09 98.83 99.20 99.27 99.27 98.66 98.54 99.94 98.52 97.97 98.18 97.94 97.70 97.53 97.89 98.41 97.53 97.48 97.15 97.85 98.17 98.73 98.60 98.19 98.16 98.51 99.25 99.58 99.92 100.20 100.60 100.37 100.61 100.79 100.80 100.92 100.75 100.36 100.38 100.19 99.75 99.82 100.03 100.17 99.17 98.49 97.70 97.93 98.41 98.78 98.48 98.21 97.80 97.96 98.33 98.45 98.52 98.61 98.26 98.16 98.06 97.96 98.19 98.01 98.09 97.43 98.01 97.44 96.99 97.38 96.92 97.91 98.19 98.51 98.51 98.73 98.60 98.81 98.67 99.41 98.67 99.82 98.62 98.72 98.80 98.73 98.51 99.34 99.79 99.10
-21°N ||     98.81 98.96 98.46 98.48 98.45 98.48 98.91 99.78 99.41 99.27 99.09 99.15 99.30 99.09 99.25 99.38 98.89 98.44 98.50 98.23 98.01 97.79 97.72 97.54 97.32 97.06 96.62 96.11 95.55 95.11 94.79 94.43 94.22 94.19 94.35 93.85 94.03 93.31 93.47 94.00 94.39 94.83 95.10 95.39 95.72 95.96 96.31 96.58 96.87 97.12 97.28 97.51 97.55 97.09 96.53 96.86 96.41 96.72 96.37 95.98 96.05 96.43 98.63 98.60 98.70 98.52 98.95 99.10 99.02 99.06 99.25 99.22 99.52 99.87 100.48 100.73 100.46 100.30 100.45 100.51 100.40 100.33 100.26 100.48 100.35 100.49 99.87 99.92 99.65 99.15 98.98 99.18 99.39 99.48 98.95 98.77 98.57 98.15 98.09 98.30 98.44 98.57 97.41 97.85 98.18 98.07 98.35 97.25 97.16 97.69 98.26 97.79 98.39 98.37 98.48 98.83 99.01 99.55 99.66 100.19 100.37 100.52 100.08 100.62 100.43 100.28 100.25 99.17 99.71 99.73 99.57 99.37 99.92 99.18 98.65 98.34 97.00 97.16 98.17 97.99 98.24 98.19 97.72 97.32 98.34 98.47 98.47 98.49 98.48 98.16 97.84 97.53 97.21 97.55 98.44 97.54 97.75 97.66 97.08 97.90 97.75 97.97 97.81 97.79 98.53 98.71 99.00 98.72 98.38 99.34 99.50 99.07 99.13 99.46 99.33 98.68 98.22 98.88 98.91 98.62
-19°N ||     97.87 98.27 98.30 98.09 98.57 98.91 99.36 100.21 100.17 99.69 99.51 99.15 99.29 99.27 99.51 99.26 98.99 98.84 98.28 98.21 98.00 97.72 97.55 97.24 97.05 96.75 96.34 95.60 94.72 94.26 93.98 93.85 93.72 93.85 94.09 92.52 93.73 93.22 93.37 93.67 93.86 94.25 94.54 94.84 95.22 95.60 95.99 96.28 96.64 96.88 97.04 97.15 97.32 97.24 96.75 96.29 96.26 96.23 96.37 96.23 95.84 97.37 98.33 98.25 98.49 98.70 99.14 99.19 99.26 98.99 99.19 99.45 99.83 100.31 100.84 100.83 100.81 100.32 100.46 100.54 100.65 100.47 100.34 100.31 100.56 100.55 100.14 99.78 99.80 99.90 99.65 99.44 99.51 99.38 98.86 99.01 98.55 98.41 98.71 97.84 98.30 98.42 97.63 98.09 97.59 98.01 97.22 97.02 97.62 97.66 97.46 97.90 97.89 98.14 98.30 98.54 98.60 98.54 98.63 99.82 100.07 100.08 100.21 100.19 99.92 99.93 99.38 99.38 99.49 99.35 99.27 98.65 98.44 98.80 98.41 98.04 97.49 97.31 97.80 98.04 98.37 98.37 98.60 98.56 98.37 98.40 98.41 98.42 98.24 98.09 98.35 97.71 97.25 97.36 97.85 98.01 97.85 98.08 97.47 97.95 98.08 97.84 97.71 97.61 98.29 98.30 98.15 98.06 98.90 99.40 99.74 99.92 100.02 100.29 99.88 99.95 99.74 99.37 99.48 97.94
-17°N ||     97.93 97.92 98.13 98.59 98.62 98.95 99.84 100.03 100.01 99.88 99.68 99.31 99.42 98.64 99.40 99.94 99.09 99.07 98.61 98.15 97.96 97.72 97.28 96.94 96.71 96.39 95.87 94.73 93.79 93.24 93.15 93.24 93.43 93.60 93.29 92.65 93.05 93.26 93.12 93.01 93.13 93.54 93.95 94.25 94.77 95.20 95.60 95.91 96.28 96.60 96.74 96.97 96.98 97.06 96.65 96.22 95.66 95.68 96.25 96.11 95.84 97.52 98.28 97.59 98.09 100.44 100.99 100.50 99.11 99.31 98.76 99.35 99.72 100.11 100.83 100.81 100.82 100.29 100.54 100.38 100.57 100.49 100.50 100.49 100.53 100.47 100.28 100.27 100.14 99.92 99.45 99.53 99.54 99.36 99.08 99.08 98.59 98.67 98.25 99.05 98.43 98.13 97.65 97.66 97.65 97.59 97.73 97.16 97.76 97.74 97.94 97.73 97.52 97.51 97.89 97.97 98.20 98.95 99.07 98.50 99.14 99.02 99.28 99.31 99.20 99.73 99.60 99.57 99.43 99.26 98.58 98.70 97.44 97.88 98.05 97.85 97.19 97.21 97.83 98.12 98.45 98.47 98.59 98.68 98.42 98.35 98.29 98.19 98.13 97.82 97.98 97.86 97.46 97.60 97.43 97.52 97.81 98.07 97.80 98.44 98.05 98.00 97.73 97.50 98.68 97.56 97.93 98.24 98.92 99.71 99.90 100.14 100.13 100.32 100.46 100.02 100.07 99.72 100.03 99.20
-15°N ||     99.56 97.95 99.06 98.75 99.19 99.45 100.41 100.35 99.80 99.89 99.88 99.35 99.11 99.20 99.43 99.88 98.12 99.15 99.47 98.29 98.04 97.67 97.33 96.98 96.54 95.99 95.09 93.65 92.22 91.79 92.24 92.82 93.00 93.27 93.43 93.37 93.56 93.59 92.89 92.55 92.52 93.10 93.45 93.79 94.32 94.91 95.33 95.66 95.89 96.06 96.07 96.51 96.72 96.72 96.35 96.21 95.79 96.88 96.06 97.05 97.53 100.19 100.81 100.93 101.08 101.01 100.95 101.04 101.03 99.48 99.32 99.99 99.88 100.03 100.66 100.66 100.76 100.63 100.51 100.45 100.49 100.50 100.46 100.55 100.45 100.38 100.39 100.24 100.11 100.02 100.09 99.86 99.69 99.27 99.08 99.10 98.97 98.71 98.09 98.70 97.92 98.06 97.90 97.51 97.66 97.35 97.52 97.50 97.34 97.44 97.94 97.38 97.20 97.18 97.29 96.93 97.97 98.91 98.96 99.00 98.46 99.03 99.00 98.87 99.19 99.42 99.36 99.62 98.92 98.49 98.26 97.26 97.17 97.24 97.58 97.42 97.14 97.34 97.40 97.90 98.25 98.50 98.42 98.43 98.55 98.39 98.13 98.23 97.85 98.07 97.82 98.09 97.37 97.02 98.10 98.31 97.52 98.26 98.32 98.00 98.06 97.93 97.50 97.77 98.31 98.47 98.30 98.33 98.65 99.95 100.25 100.69 100.57 100.47 99.97 100.59 100.23 100.75 99.12 99.34
-13°N ||     99.75 99.64 99.27 98.91 99.20 99.74 100.22 100.53 100.38 100.50 100.23 99.69 99.54 99.76 99.73 99.84 99.23 99.18 99.00 98.58 98.21 97.76 97.38 96.99 96.44 95.74 94.71 92.71 90.54 90.10 91.28 92.37 92.72 92.83 92.92 93.63 93.38 93.33 92.73 92.45 92.50 93.75 92.98 93.48 94.03 94.56 95.09 95.42 95.67 95.86 95.90 96.71 96.06 97.52 100.83 100.18 100.26 98.14 100.99 101.28 100.01 97.59 97.49 97.77 100.26 100.91 100.61 100.56 98.62 100.97 99.44 99.73 100.04 100.26 100.36 100.58 100.57 100.74 100.82 100.56 100.52 100.52 100.49 100.49 100.31 100.37 100.49 100.30 100.08 100.32 100.19 100.08 99.84 99.52 99.91 99.34 99.10 98.79 98.60 98.61 98.56 98.23 97.78 97.55 97.33 97.90 97.41 97.39 97.26 97.19 97.24 97.43 96.98 97.42 97.30 97.58 97.61 98.55 98.77 98.62 98.70 98.99 98.83 98.82 98.46 99.03 99.10 99.12 98.85 98.59 97.42 97.14 96.81 97.42 97.28 97.53 97.06 97.26 98.02 98.05 98.61 98.45 98.58 98.46 98.51 98.40 97.97 97.77 97.69 97.77 97.72 97.46 97.91 97.37 98.37 98.33 97.73 97.72 98.12 98.25 97.91 98.03 97.58 97.42 97.82 98.93 98.98 99.20 99.66 100.32 100.52 100.66 100.71 100.65 100.62 100.71 100.76 100.65 100.77 100.65
-11°N ||     100.74 100.53 100.79 100.81 100.02 100.00 100.28 100.57 100.39 100.39 100.24 100.17 100.23 99.80 100.06 99.92 99.82 99.41 99.19 98.79 98.35 98.01 97.46 96.99 96.27 95.61 94.67 92.92 90.60 88.87 89.80 92.34 92.62 92.64 92.55 93.22 93.13 92.84 92.36 92.12 92.58 92.93 92.87 93.39 93.85 94.29 95.03 95.25 95.48 95.73 95.60 96.34 100.19 100.74 101.28 101.25 98.34 95.02 94.80 95.94 96.69 96.92 97.25 97.51 98.06 97.91 98.14 99.83 98.99 99.18 101.02 100.06 101.01 100.69 100.46 100.64 100.78 100.69 100.77 100.79 100.57 100.57 100.60 100.53 100.54 100.50 100.65 100.41 100.49 100.28 100.29 100.47 99.90 99.70 99.44 99.43 99.49 99.04 97.58 98.05 98.61 98.69 98.09 97.80 97.69 97.32 97.29 97.40 97.16 97.21 97.73 97.37 97.48 97.17 97.46 97.64 97.57 97.85 98.30 98.06 98.24 98.56 98.51 98.40 98.02 98.96 98.85 99.14 98.82 98.77 98.43 97.51 96.89 97.15 97.10 97.72 97.32 97.84 98.24 98.27 98.75 98.63 98.42 98.51 98.52 98.46 98.30 98.36 98.04 98.01 97.83 97.41 96.96 97.50 97.41 97.70 98.15 98.27 97.95 98.48 98.14 98.73 99.05 98.64 98.89 100.23 99.09 99.61 99.92 100.44 100.58 100.61 100.78 100.74 100.80 100.84 100.84 100.53 100.66 100.43
-9°N ||     100.19 100.44 100.39 100.62 100.80 100.20 100.58 100.38 100.58 100.66 100.36 100.48 100.27 100.17 100.19 99.95 99.95 99.64 99.42 98.95 98.63 98.11 97.70 97.12 96.51 95.77 94.90 94.07 90.97 87.78 87.78 91.30 92.48 92.50 92.58 92.46 92.89 92.65 92.69 92.36 92.49 93.14 94.90 96.66 95.41 94.35 94.97 95.60 95.55 96.00 99.82 100.93 100.92 101.12 100.20 95.55 94.60 96.78 95.26 96.61 96.91 97.08 97.88 97.73 98.28 98.50 100.02 99.05 100.75 99.40 101.03 101.02 101.05 100.95 100.85 100.77 100.57 100.72 100.72 100.90 100.79 100.54 100.64 100.65 100.62 100.60 100.74 100.46 100.48 100.45 100.62 100.13 100.12 100.04 99.69 99.33 99.44 99.14 98.39 98.28 98.65 98.38 97.93 98.14 98.10 97.62 97.30 97.74 99.09 99.52 97.47 97.86 97.63 97.76 97.71 97.56 97.59 97.70 98.01 98.09 98.09 97.86 98.11 97.89 97.84 97.99 98.31 98.73 98.78 98.77 98.35 97.88 96.90 97.84 97.85 97.20 98.18 98.48 97.80 98.32 98.70 98.73 98.89 98.64 98.63 98.37 98.26 98.73 98.60 98.12 97.25 97.50 96.97 97.82 98.31 98.10 98.35 98.83 98.33 98.59 99.13 100.22 100.52 100.01 99.95 100.51 100.49 100.35 100.54 100.57 100.67 100.75 100.81 100.89 100.88 100.87 100.35 98.52 100.63 100.54
-7°N ||     100.59 100.56 100.47 100.46 100.90 100.84 100.68 100.69 100.85 100.77 100.71 100.55 100.43 100.38 100.38 100.44 100.37 99.97 99.63 99.25 98.83 98.35 97.92 97.28 96.67 96.10 95.39 94.77 91.57 88.79 89.43 90.75 92.15 92.41 92.59 92.81 92.36 92.38 92.81 92.37 95.86 96.19 93.38 97.64 96.82 97.02 97.32 99.97 98.90 98.53 96.93 95.23 98.37 101.10 100.33 100.39 100.58 97.53 96.43 97.13 97.27 97.30 97.66 97.87 99.29 100.47 100.35 100.38 98.57 98.79 100.43 101.03 101.01 100.96 100.99 100.95 100.86 100.63 100.61 100.70 100.75 100.70 100.73 100.60 100.65 100.56 100.48 100.38 100.31 100.42 100.36 100.45 100.11 100.03 100.00 100.07 100.08 99.41 98.76 98.96 97.92 97.86 98.05 98.14 97.33 97.88 98.08 97.73 97.72 97.79 98.05 98.02 98.20 97.40 97.52 97.54 97.54 98.15 98.21 97.99 97.56 97.36 97.48 97.22 97.71 98.32 98.04 98.22 98.73 98.73 98.59 98.44 97.29 97.19 97.68 97.96 98.01 98.13 97.97 98.41 98.74 98.66 99.00 98.94 98.87 98.92 99.05 99.06 99.01 99.33 97.02 96.84 97.02 97.81 97.30 98.75 100.23 99.50 99.63 99.56 100.23 100.48 100.43 100.30 100.68 100.80 100.71 100.79 100.80 100.79 100.80 100.80 100.84 100.89 100.91 100.92 100.83 100.71 100.71 100.60
-5°N ||     100.64 100.71 100.77 100.75 100.63 100.91 100.90 100.89 100.92 100.80 100.71 100.39 100.49 100.63 100.74 100.79 100.78 100.60 99.79 99.78 99.24 98.80 98.29 97.65 97.10 96.50 95.92 94.98 93.77 92.18 90.95 91.17 92.15 92.29 92.67 92.93 92.90 93.93 93.17 92.54 92.89 93.20 93.66 98.40 96.37 98.89 96.41 97.44 96.33 95.50 95.04 98.48 99.62 100.20 99.53 95.60 95.99 97.26 100.30 99.59 97.55 97.73 97.86 97.92 98.76 98.29 99.21 98.59 98.70 99.04 99.76 100.35 100.83 100.26 100.22 100.89 100.96 100.93 100.44 100.57 100.86 100.81 100.79 100.73 100.68 100.57 100.43 100.45 100.55 100.48 100.38 100.31 100.40 99.94 100.01 100.16 100.08 100.04 99.63 99.75 98.75 97.64 97.86 98.08 98.48 98.13 98.01 97.93 98.09 97.89 98.59 98.69 98.50 97.63 97.44 97.52 97.25 97.51 97.22 97.86 97.51 97.89 97.59 97.61 97.90 97.67 98.38 97.90 98.54 98.62 98.43 97.80 97.95 97.35 97.89 98.09 98.50 98.38 98.51 98.67 98.54 98.83 99.41 99.48 99.23 99.18 100.00 99.65 99.09 98.80 98.11 97.59 98.53 98.39 98.26 98.91 100.70 100.27 100.97 100.64 100.53 100.39 100.32 100.71 100.72 100.86 100.86 100.84 100.83 100.86 100.87 100.87 100.91 100.90 100.90 100.91 100.92 100.88 100.82 100.73
-3°N ||     100.75 100.73 100.82 100.83 100.78 100.94 100.94 100.93 100.86 100.88 100.58 100.04 100.60 100.91 100.90 100.92 100.52 99.83 100.60 100.26 99.92 99.20 99.03 98.34 97.60 96.98 96.42 95.45 94.73 93.42 92.44 92.26 91.99 91.97 92.76 93.20 93.52 93.69 93.73 93.29 93.09 93.67 94.07 94.98 95.30 95.36 96.03 96.07 95.89 95.56 95.29 95.07 95.59 98.09 97.46 96.16 96.82 97.40 97.77 100.85 97.53 98.35 98.30 98.58 98.72 98.86 100.03 99.25 99.43 99.85 100.11 100.30 101.01 100.61 100.54 100.85 100.76 100.84 100.68 100.71 100.79 100.79 100.88 100.81 100.71 100.64 100.69 100.59 100.58 100.54 100.49 100.38 100.29 100.25 100.11 100.06 99.51 100.05 100.05 100.10 99.06 98.35 98.10 98.30 98.65 98.10 98.26 98.50 98.43 98.45 98.75 98.76 98.41 98.06 97.85 97.34 97.02 98.43 98.16 97.91 97.80 97.93 97.72 98.17 97.53 97.93 97.65 98.43 98.50 98.76 98.24 98.42 98.29 98.14 98.62 99.48 98.22 99.01 98.85 98.53 98.83 98.92 99.81 99.81 99.32 100.16 99.95 99.40 99.01 98.66 98.00 98.23 98.09 98.31 98.58 99.63 100.57 100.73 100.71 100.53 100.77 100.72 100.71 100.67 100.77 100.87 100.82 100.73 100.90 100.91 100.90 100.92 100.92 100.93 100.93 100.93 100.92 100.91 100.85 100.83
-1°N ||     100.86 100.84 100.86 100.90 100.91 100.94 100.95 100.92 100.91 100.76 100.47 99.87 100.77 100.90 100.94 100.83 100.58 100.77 100.72 100.31 100.15 99.84 99.49 98.90 98.24 97.35 96.66 95.90 95.18 94.42 93.36 92.79 91.47 90.10 92.97 93.40 93.67 93.94 94.10 94.13 94.17 95.05 95.43 95.76 96.04 96.65 96.99 97.24 97.53 97.76 97.09 98.61 100.83 96.18 96.31 96.62 97.55 97.93 98.03 99.43 98.40 98.71 98.73 98.71 98.99 99.12 99.08 99.92 100.15 100.20 100.64 100.36 100.97 100.97 100.77 100.78 100.71 100.73 100.75 100.81 100.90 100.89 100.86 100.75 100.77 100.75 100.68 100.59 100.51 100.48 100.53 100.60 100.41 100.36 100.16 100.07 99.38 100.03 100.02 100.07 99.10 98.86 98.63 98.39 98.66 98.57 98.52 98.75 98.82 98.91 99.09 99.07 98.26 97.98 97.95 97.58 97.24 98.46 98.20 98.15 98.18 97.71 97.80 97.56 97.98 98.05 98.26 98.43 99.12 98.93 98.52 97.94 98.49 98.64 99.39 99.37 99.09 100.06 98.91 98.71 98.97 99.16 99.90 99.96 100.03 100.22 100.09 98.93 99.27 98.68 98.52 98.63 99.44 99.52 99.94 100.72 100.84 100.88 100.81 100.80 100.90 100.86 100.78 100.77 100.87 100.84 100.71 100.84 100.90 100.91 100.92 100.92 100.92 100.93 100.93 100.93 100.92 100.92 100.90 100.87
1°N ||     100.88 100.84 100.89 100.93 100.92 100.93 100.95 100.98 100.91 100.82 100.54 100.55 100.85 100.94 100.94 100.91 100.87 100.83 100.24 100.62 100.34 100.35 99.54 98.63 98.00 97.83 97.09 96.11 95.27 94.97 94.52 93.96 91.85 89.46 90.30 93.67 93.83 93.96 94.29 94.63 95.05 95.40 95.66 96.00 96.44 97.00 97.37 97.78 98.42 98.88 97.23 96.10 95.90 96.32 96.66 97.33 97.84 98.35 98.42 98.95 98.63 98.90 99.71 98.89 99.04 99.21 99.03 100.35 99.73 100.10 100.45 100.90 101.06 101.05 100.60 100.70 100.72 100.76 100.58 100.93 100.63 100.92 100.82 100.72 100.78 100.80 100.70 100.57 100.61 100.51 100.50 100.57 100.45 100.44 100.39 100.14 100.05 99.62 99.66 99.41 99.37 99.45 99.15 99.36 98.75 98.48 98.56 99.22 99.04 99.01 99.00 98.51 98.69 98.51 98.03 97.81 98.20 98.18 97.84 98.33 98.09 97.91 98.00 98.03 98.02 98.14 98.36 98.66 98.72 98.97 99.52 99.28 99.87 99.83 99.90 99.88 99.52 99.47 99.73 99.37 99.91 100.01 100.32 100.30 100.37 100.02 99.32 99.24 99.32 98.92 99.23 99.72 100.45 100.65 100.68 100.73 100.84 100.88 100.86 100.89 100.87 100.87 100.83 100.88 100.88 100.84 100.79 100.88 100.90 100.91 100.92 100.92 100.92 100.93 100.93 100.93 100.93 100.93 100.92 100.90
3°N ||     100.93 100.93 100.93 100.94 100.95 100.96 100.95 100.95 100.94 100.83 100.76 100.79 100.94 100.96 100.95 100.94 100.92 100.63 100.46 100.76 100.66 100.00 99.24 98.39 97.63 98.51 97.65 95.50 95.29 95.40 95.25 95.39 94.87 91.58 92.98 93.95 93.72 93.84 94.35 94.82 95.26 95.51 95.72 95.70 96.88 97.37 97.95 98.34 98.74 99.56 99.63 97.88 97.19 97.45 97.89 98.30 98.57 98.70 98.79 99.17 99.08 98.91 98.57 99.78 99.92 99.42 99.60 100.13 100.21 100.44 100.55 100.67 100.98 101.00 100.94 100.88 100.93 100.91 100.87 100.88 100.70 100.69 100.83 100.77 100.72 100.79 100.67 100.52 100.58 100.59 100.63 100.58 100.53 100.45 100.37 100.18 100.14 99.85 100.02 99.80 99.78 99.79 99.77 99.47 99.47 98.73 99.10 99.61 100.07 98.95 99.14 98.81 98.34 98.31 98.14 98.64 98.40 98.39 98.02 98.37 98.16 97.99 97.95 98.10 98.11 98.20 98.49 98.67 98.98 99.14 100.15 100.51 100.65 100.68 100.86 100.71 100.09 99.96 99.76 100.10 100.15 100.34 100.46 100.35 100.29 99.75 99.69 99.49 99.31 98.91 99.97 100.73 100.68 100.59 100.63 100.83 100.86 100.89 100.89 100.90 100.85 100.90 100.88 100.90 100.89 100.85 100.87 100.90 100.90 100.91 100.91 100.92 100.92 100.93 100.93 100.93 100.93 100.93 100.94 100.94
5°N ||     100.93 100.94 100.97 100.94 100.96 100.96 100.95 100.95 100.95 100.91 100.88 100.86 100.96 100.97 100.97 100.96 100.86 100.51 100.85 100.81 100.53 99.46 98.69 98.19 98.55 98.71 98.43 97.00 95.41 95.31 95.53 95.98 96.25 95.88 94.93 94.29 93.53 93.34 94.47 95.09 95.52 95.76 95.89 95.63 97.10 98.00 98.46 98.79 99.27 99.99 100.28 98.43 98.39 98.75 99.00 99.22 99.16 99.21 99.28 99.48 99.84 99.29 98.80 99.01 99.35 99.92 100.16 100.28 100.33 100.59 100.79 100.94 100.80 100.88 100.99 100.96 100.90 100.77 100.72 100.71 100.66 100.78 100.71 100.76 100.81 100.75 100.73 100.57 100.61 100.58 100.54 100.56 100.37 100.33 100.29 100.27 100.23 100.25 100.09 99.83 99.81 99.80 99.68 99.77 99.66 99.62 99.71 99.59 99.71 98.75 98.97 98.06 98.29 98.17 98.41 98.22 98.26 98.43 98.34 98.32 98.16 98.02 97.89 97.95 98.60 98.29 98.46 98.80 99.20 99.78 100.46 100.98 100.99 100.99 100.99 100.97 100.93 100.64 100.48 100.40 100.40 100.59 100.50 100.29 100.32 99.88 99.66 99.69 99.07 99.18 100.72 100.67 100.75 100.76 100.80 100.82 100.87 100.89 100.90 100.90 100.90 100.89 100.90 100.90 100.90 100.90 100.90 100.90 100.90 100.91 100.91 100.91 100.92 100.92 100.92 100.93 100.93 100.93 100.94 100.94
7°N ||     100.94 100.94 100.95 100.95 100.96 100.96 100.96 100.96 100.95 100.94 100.91 100.94 100.97 100.97 100.97 100.96 100.83 100.91 100.90 100.82 100.27 99.60 99.73 99.41 99.21 99.14 98.73 97.79 94.99 95.15 95.53 96.41 96.70 96.41 95.70 94.74 92.60 92.57 94.95 95.46 95.78 95.97 96.11 96.41 97.71 98.17 98.56 99.00 99.45 99.92 100.30 100.36 99.17 99.13 99.11 99.16 99.34 99.53 99.70 99.84 99.90 99.64 99.04 99.60 100.08 100.16 100.42 100.49 100.54 100.68 100.83 100.95 101.00 100.96 100.99 100.82 100.79 100.75 100.89 100.89 100.88 100.76 100.78 100.79 100.75 100.65 100.65 100.56 100.63 100.51 100.57 100.53 100.50 100.54 100.28 100.19 100.10 100.24 99.99 99.67 99.67 99.74 99.85 99.67 99.61 99.87 99.32 100.07 99.71 99.79 99.22 98.72 98.58 98.00 98.14 98.26 98.15 98.33 98.34 98.37 98.11 98.18 97.91 98.53 99.01 98.17 98.47 98.91 99.77 100.65 100.97 101.00 100.99 100.99 100.99 100.98 100.98 100.95 100.67 100.66 100.71 100.62 100.41 100.46 99.88 99.49 99.64 100.04 99.72 99.68 100.66 100.79 100.81 100.84 100.84 100.84 100.89 100.90 100.89 100.90 100.90 100.89 100.90 100.89 100.90 100.90 100.90 100.90 100.90 100.90 100.90 100.89 100.91 100.92 100.92 100.93 100.93 100.94 100.94 100.94
9°N ||     100.94 100.95 100.94 100.94 100.96 100.96 100.96 100.96 100.96 100.94 100.92 100.96 100.97 100.98 100.98 100.94 100.91 100.94 100.89 100.66 100.56 100.35 100.25 100.05 99.80 99.42 99.03 97.94 95.58 95.47 96.10 97.04 97.00 97.21 96.69 95.21 92.00 90.35 94.23 95.77 95.96 96.21 96.46 96.89 97.61 98.18 98.64 99.12 99.48 99.96 100.31 100.38 100.17 99.43 99.34 99.34 99.50 99.69 99.83 100.02 100.18 100.06 99.83 99.89 100.11 100.46 100.69 100.71 100.74 100.83 100.94 100.96 100.96 100.99 100.88 100.87 100.89 100.86 100.90 100.80 100.80 100.77 100.74 100.78 100.80 100.74 100.70 100.77 100.70 100.70 100.60 100.55 100.46 100.51 100.39 100.55 100.23 100.11 100.04 100.05 99.97 99.52 99.23 99.14 99.76 99.96 100.03 99.50 99.41 99.23 99.16 99.17 98.95 99.16 98.76 98.42 98.26 98.30 98.30 97.97 98.20 98.11 97.77 99.33 98.31 98.17 98.63 99.23 100.13 100.88 100.98 101.00 101.00 101.00 101.00 100.99 100.99 100.97 100.94 100.87 100.80 100.74 100.39 100.15 100.12 100.02 100.39 100.56 100.43 100.44 100.75 100.84 100.86 100.84 100.89 100.91 100.90 100.89 100.88 100.88 100.91 100.87 100.86 100.87 100.89 100.90 100.88 100.89 100.87 100.87 100.87 100.91 100.91 100.92 100.91 100.93 100.93 100.94 100.94 100.94
11°N ||     100.95 100.95 100.95 100.95 100.96 100.96 100.97 100.96 100.97 100.97 100.96 100.98 100.98 100.98 100.98 100.97 100.94 100.95 100.89 100.76 100.66 100.57 100.35 100.09 99.75 99.46 98.90 97.90 97.04 97.38 97.31 97.29 97.30 97.30 97.41 97.26 92.66 87.64 88.98 95.76 96.14 96.40 96.72 97.13 97.61 98.24 98.81 99.22 99.65 99.95 100.25 100.40 100.36 99.68 99.54 99.51 99.66 99.84 99.94 100.09 100.22 99.95 99.83 100.21 100.49 100.65 100.81 100.87 100.90 100.88 100.99 100.97 100.87 100.99 100.94 100.86 100.96 100.83 100.79 100.83 100.78 100.75 100.69 100.67 100.74 100.76 100.78 100.77 100.72 100.65 100.60 100.57 100.58 100.58 100.61 100.39 100.47 100.11 100.18 100.24 100.11 100.05 99.67 99.18 99.93 99.83 100.57 99.78 100.24 99.13 99.42 99.36 99.29 99.52 99.13 98.53 98.23 98.53 98.78 98.14 98.36 98.23 97.98 97.84 98.04 98.54 98.99 99.61 100.52 100.92 101.00 101.00 101.01 101.00 100.99 100.99 100.98 100.98 100.95 100.90 100.86 100.44 100.59 100.46 100.27 100.59 100.76 100.81 100.81 100.82 100.86 100.90 100.92 100.92 100.90 100.91 100.90 100.90 100.87 100.85 100.81 100.76 100.78 100.80 100.82 100.84 100.85 100.85 100.86 100.89 100.71 100.88 100.90 100.91 100.91 100.93 100.93 100.93 100.88 100.94
13°N ||     100.94 100.95 100.92 100.91 100.96 100.96 100.97 100.97 100.98 100.98 100.99 100.99 100.99 100.99 100.99 100.97 100.96 100.94 100.73 100.76 100.70 100.48 100.29 100.13 99.71 99.31 98.94 98.49 97.62 97.63 97.49 97.47 97.45 97.56 97.76 97.94 97.10 89.31 90.41 94.85 95.93 96.66 97.07 97.36 94.27 98.55 99.01 99.37 99.74 99.95 100.29 100.38 100.40 99.77 99.67 99.74 99.87 99.99 100.07 100.16 100.20 100.26 100.36 100.27 100.61 100.83 100.89 100.92 100.93 100.98 100.98 100.97 100.92 100.91 100.89 100.96 100.91 100.89 100.78 100.67 100.67 100.74 100.70 100.74 100.73 100.73 100.98 100.75 100.90 100.69 100.57 100.61 100.61 100.69 100.63 100.35 100.36 100.42 100.49 100.51 100.46 99.98 99.80 99.90 100.02 100.17 100.01 100.26 100.59 99.71 99.70 100.03 99.56 99.45 99.28 99.03 98.74 98.88 99.05 98.96 98.78 98.37 98.26 98.29 98.40 98.67 99.21 99.98 100.69 100.93 101.00 101.00 101.00 101.00 100.99 100.99 100.99 100.98 100.96 100.92 100.89 100.71 100.77 100.80 100.79 100.82 100.81 100.89 100.87 100.91 100.92 100.92 100.94 100.95 100.95 100.93 100.93 100.90 100.83 100.70 100.49 100.35 100.54 100.56 100.67 100.74 100.77 100.82 100.81 100.82 100.83 100.78 100.90 100.90 100.91 100.91 100.93 100.92 100.73 100.85
15°N ||     100.94 100.95 100.95 100.97 100.96 100.96 100.97 100.98 100.98 100.99 100.99 101.00 101.00 101.00 101.00 100.98 100.94 100.90 100.77 100.78 100.33 96.83 92.22 91.64 94.01 99.16 98.79 98.67 98.38 97.82 97.72 97.59 97.61 97.68 97.78 97.90 97.92 96.53 94.40 94.80 96.17 96.88 97.35 97.64 98.16 98.89 99.18 99.51 99.76 99.94 100.22 100.38 100.43 99.86 99.86 99.84 99.94 100.08 100.17 100.19 100.25 100.25 100.19 100.49 100.85 100.90 100.92 100.94 100.94 100.97 100.99 100.98 100.95 100.93 100.96 100.92 100.88 100.89 100.86 100.84 100.81 100.76 100.47 100.94 100.77 100.74 100.76 100.73 100.74 100.74 100.87 100.76 100.64 100.60 100.51 100.50 100.53 100.57 100.61 100.67 100.54 100.55 100.15 100.07 100.17 100.19 100.01 100.61 100.42 99.45 99.77 99.83 99.90 99.95 99.38 99.29 99.03 98.83 98.93 98.94 98.70 98.82 98.60 98.68 98.84 99.03 99.47 100.32 100.83 100.99 101.00 100.99 101.00 100.99 100.99 100.99 100.98 100.98 100.96 100.93 100.91 100.89 100.87 100.86 100.85 100.86 100.88 100.90 100.92 100.93 100.94 100.95 100.95 100.95 100.95 100.95 100.93 100.89 100.76 100.51 100.22 100.01 99.77 100.01 100.21 100.58 100.69 100.75 100.76 100.79 100.81 100.82 100.86 100.89 100.90 100.90 100.92 100.94 100.86 100.98
17°N ||     100.95 100.96 100.96 100.97 100.94 100.97 100.97 100.98 100.99 100.99 101.00 101.01 101.01 101.01 101.02 100.96 100.92 100.91 100.85 100.85 99.65 91.32 87.96 87.04 89.44 96.46 98.73 98.69 98.98 98.39 98.05 97.74 97.65 97.72 97.80 97.92 97.94 97.69 96.47 96.33 96.86 97.12 97.43 97.74 98.25 98.94 99.33 99.63 99.85 100.02 100.15 100.44 100.38 99.66 99.71 99.97 100.03 100.13 100.17 100.22 100.28 100.38 100.53 100.80 100.87 100.93 100.94 100.96 100.97 100.98 100.97 100.98 100.97 100.96 100.96 100.94 100.91 100.91 100.90 100.83 100.78 100.64 100.75 100.83 100.72 100.75 100.76 100.96 100.73 100.79 100.76 100.73 100.56 100.58 100.65 100.71 100.66 100.67 100.67 100.74 100.73 100.65 100.41 100.31 100.52 100.50 100.51 100.47 99.94 99.68 99.89 99.93 99.76 99.58 99.50 99.38 99.10 98.37 98.79 98.93 98.98 98.96 98.89 98.97 99.06 99.27 100.10 100.44 100.86 100.98 100.99 100.99 100.99 100.99 100.99 100.99 100.98 100.97 100.96 100.95 100.93 100.94 100.92 100.92 100.92 100.93 100.94 100.94 100.95 100.95 100.96 100.96 100.96 100.96 100.96 100.96 100.95 100.88 100.75 100.30 99.88 99.43 99.10 99.12 99.57 100.40 100.62 100.66 100.66 100.72 100.78 100.83 100.87 100.89 100.88 100.91 100.94 100.94 100.93 100.95
19°N ||     100.95 100.96 100.97 100.97 100.97 100.97 100.97 100.98 100.99 101.00 101.01 101.02 101.02 101.02 101.03 100.96 100.93 100.88 100.65 100.78 100.16 91.45 88.05 87.35 89.08 96.50 99.05 99.22 99.28 99.12 98.45 97.90 97.58 97.49 97.50 97.81 97.98 97.94 97.41 97.23 97.33 97.40 97.50 97.73 98.09 98.72 99.43 99.71 99.96 100.04 100.15 100.46 100.24 100.30 99.64 99.86 100.04 100.11 100.21 100.22 100.34 100.39 100.67 100.87 100.92 100.94 100.97 100.97 100.99 100.99 101.00 100.99 100.98 100.98 100.97 100.94 100.93 100.93 100.96 100.86 100.80 100.75 100.74 100.81 100.95 100.69 100.74 100.65 100.73 100.77 100.78 100.78 100.85 100.72 100.70 100.74 100.71 100.71 100.70 100.73 100.74 100.55 100.89 100.56 100.66 100.33 100.16 100.45 100.15 100.07 99.91 99.77 99.52 99.46 99.48 99.76 98.91 99.14 98.86 99.25 99.44 99.67 98.98 99.05 99.16 99.40 99.99 99.82 100.72 100.92 100.97 100.99 100.98 100.98 100.98 100.98 100.98 100.97 100.97 100.96 100.96 100.96 100.96 100.96 100.96 100.96 100.96 100.96 100.96 100.97 100.97 100.97 100.98 100.97 100.97 100.96 100.95 100.88 100.62 100.05 99.23 98.73 98.58 98.91 98.98 97.99 100.39 100.53 100.60 100.67 100.75 100.82 100.86 100.89 100.90 100.93 100.88 100.95 100.94 100.95
21°N ||     100.97 100.96 100.96 100.98 100.99 100.99 100.98 100.99 101.00 101.01 101.02 101.02 101.03 101.03 101.03 100.96 100.92 100.76 100.67 100.81 100.68 93.41 91.13 90.30 92.07 98.47 99.59 99.60 99.50 99.21 98.72 98.12 97.56 97.27 97.05 96.94 97.90 97.92 97.73 97.57 97.53 97.55 97.62 97.78 98.09 98.69 99.54 99.70 99.86 100.02 100.02 100.30 100.48 100.54 99.77 99.86 99.91 100.05 100.10 100.26 100.37 100.41 100.79 100.88 100.93 100.97 100.98 100.99 100.99 101.00 101.00 100.99 100.98 100.98 100.97 100.95 100.95 100.95 100.92 100.86 100.81 100.84 100.84 100.80 100.68 100.72 100.80 100.74 100.77 100.79 100.76 100.77 100.73 100.71 100.78 100.75 100.71 100.73 100.72 100.72 100.74 100.60 100.46 100.67 100.35 100.48 100.59 99.75 100.16 100.47 99.71 99.48 99.46 99.55 99.57 99.77 99.24 99.25 98.16 99.54 99.62 99.56 98.73 98.96 99.32 99.39 99.92 99.74 100.24 100.66 100.91 100.92 100.96 100.96 100.96 100.97 100.97 100.97 100.97 100.97 100.97 100.98 100.98 100.98 100.98 100.98 100.98 100.98 100.98 100.98 100.98 100.98 100.98 100.98 100.98 100.98 100.96 100.89 100.54 99.62 98.56 98.32 98.22 98.20 98.78 99.54 100.14 100.36 100.50 100.65 100.76 100.82 100.86 100.88 100.91 100.92 100.85 100.95 100.95 100.96
23°N ||     100.97 100.97 100.98 100.98 100.99 100.99 101.00 101.01 101.01 101.02 101.02 101.03 101.03 101.03 101.03 100.96 100.90 100.71 100.82 100.87 100.88 99.03 96.83 95.88 99.03 100.29 99.92 99.82 99.63 99.09 98.60 98.13 97.66 97.14 96.85 96.75 97.59 97.93 97.84 97.57 97.56 97.33 97.64 97.85 97.89 98.93 99.23 99.54 99.67 99.86 99.97 100.09 100.29 100.51 100.30 100.00 100.61 100.90 100.83 100.50 100.41 100.27 100.80 100.88 100.93 100.97 100.99 100.99 101.00 101.00 101.00 101.00 100.98 101.02 100.99 100.97 100.96 100.97 100.96 100.91 100.86 100.76 100.67 100.78 100.72 100.72 100.75 100.78 100.78 100.71 100.80 100.81 100.79 100.75 100.82 100.83 100.87 100.64 100.80 100.79 100.72 100.63 100.48 100.62 100.63 100.59 100.59 100.39 100.12 100.30 100.00 99.67 99.67 99.46 99.43 99.49 99.63 99.21 98.38 99.44 99.58 99.32 100.32 99.96 99.27 99.22 99.58 99.85 99.98 100.42 100.68 100.81 100.89 100.92 100.95 100.96 100.97 100.98 100.98 100.98 100.98 100.99 100.98 100.99 101.00 101.00 101.00 101.00 101.01 101.00 101.01 101.00 101.00 101.00 101.00 100.99 100.98 100.91 100.50 99.48 98.71 98.22 98.02 96.24 97.17 98.85 99.82 100.26 100.53 100.65 100.76 100.83 100.87 100.90 100.93 100.91 100.94 100.95 100.92 100.96
25°N ||     100.97 100.98 100.97 100.99 101.00 101.00 101.01 101.01 101.01 101.02 101.03 101.03 101.03 101.03 101.03 100.97 100.87 100.79 100.81 100.75 100.88 100.84 100.84 100.84 100.68 100.41 99.71 99.93 99.44 98.89 98.34 97.99 97.48 97.04 96.77 96.23 96.29 97.81 97.91 97.55 97.67 97.58 97.70 96.87 98.24 98.97 99.37 99.51 99.61 99.71 99.53 99.90 99.93 100.59 99.90 99.96 100.04 99.98 100.65 100.91 100.91 100.60 100.83 100.95 100.97 100.99 101.00 101.00 101.00 101.01 101.01 101.00 101.00 100.99 100.97 100.98 100.98 100.98 100.99 100.95 100.92 100.82 100.79 100.84 100.81 100.80 100.82 100.80 100.81 100.74 100.79 100.86 100.81 100.81 100.82 100.84 100.84 100.80 100.76 100.80 100.60 100.62 100.70 100.63 100.50 100.75 100.69 100.33 100.54 100.45 100.04 100.26 100.18 100.10 100.44 99.56 99.79 98.86 99.15 98.53 98.98 98.88 98.93 99.24 99.29 99.44 99.37 99.32 100.05 99.84 100.60 100.80 100.80 100.90 100.95 100.97 100.98 100.99 100.99 101.00 101.00 101.01 101.01 101.02 101.03 101.04 101.05 101.05 101.05 101.04 101.03 101.03 101.03 101.02 101.01 101.00 100.99 100.98 100.75 99.93 98.63 98.17 96.28 90.29 96.01 98.69 99.85 100.32 100.51 100.67 100.80 100.81 100.88 100.91 100.94 100.94 100.95 100.95 100.96 100.97
27°N ||     100.98 100.99 100.99 100.99 101.01 101.00 101.01 101.02 101.02 101.02 101.02 101.03 101.03 101.03 101.03 100.98 100.89 100.79 100.81 100.80 100.77 100.81 100.51 100.62 100.64 100.50 100.29 99.60 99.14 98.72 98.18 97.78 97.39 96.95 96.26 96.17 96.50 98.01 98.23 97.78 97.96 97.94 97.99 96.88 97.86 98.95 99.29 99.43 99.52 99.36 99.11 99.24 99.99 100.31 100.57 100.69 100.61 100.79 100.83 100.93 100.81 100.47 100.97 100.98 100.99 100.99 100.99 101.00 101.01 101.01 100.99 101.00 101.00 100.99 100.98 101.00 100.98 100.99 100.99 100.99 100.94 100.92 100.89 100.88 100.89 100.85 100.80 100.78 100.81 100.81 100.82 100.84 100.82 100.80 100.82 100.78 100.84 100.82 100.71 100.60 100.82 100.55 100.69 100.69 100.29 100.81 99.96 100.41 100.54 100.35 100.32 100.39 100.34 100.24 100.15 100.28 100.11 100.60 99.72 99.34 99.62 100.29 99.21 99.54 99.65 99.00 98.73 99.65 100.24 99.93 100.64 100.77 100.87 100.94 100.97 100.98 101.00 101.00 101.00 101.01 101.02 101.03 101.04 101.07 101.09 101.09 101.10 101.09 101.09 101.07 101.06 101.06 101.05 101.03 101.02 101.01 100.99 100.98 100.93 100.16 99.10 98.38 97.46 96.73 97.53 99.47 100.21 100.46 100.59 100.71 100.74 100.88 100.90 100.92 100.94 100.95 100.95 100.96 100.97 100.98
29°N ||     100.99 101.00 101.00 101.01 101.02 101.01 101.02 101.02 101.03 101.02 101.03 101.03 101.03 101.01 101.03 101.03 100.97 100.85 100.75 100.76 100.77 100.76 100.48 100.41 100.73 100.57 99.93 99.47 99.02 98.52 98.07 97.65 97.36 96.92 95.68 96.06 97.09 98.04 98.19 97.97 98.30 98.36 98.32 98.45 98.71 98.98 99.32 99.50 99.48 99.02 99.13 99.43 99.46 100.34 100.41 100.51 100.51 100.76 100.81 100.88 100.86 100.92 100.96 100.94 100.92 100.98 100.98 100.99 101.00 101.01 101.00 101.01 101.00 101.01 101.00 101.00 100.99 101.00 101.00 101.01 101.00 100.95 100.93 100.91 100.92 100.86 100.83 101.05 100.84 100.81 100.85 100.89 100.84 100.83 100.76 100.80 100.84 100.83 100.74 100.72 100.65 100.68 100.68 100.70 100.53 100.40 100.14 100.32 100.37 100.13 100.37 100.32 100.51 100.71 100.67 100.65 100.34 99.79 99.68 99.59 99.86 99.53 99.35 99.52 99.22 99.77 100.49 100.73 100.72 100.79 100.85 100.89 100.95 100.96 100.98 101.00 101.00 101.01 101.03 101.05 101.06 101.08 101.11 101.13 101.14 101.17 101.16 101.12 101.14 101.11 101.10 101.08 101.06 101.04 101.03 101.02 101.00 100.99 100.96 100.75 100.13 99.42 98.73 98.69 99.32 100.26 100.48 100.58 100.66 100.74 100.85 100.90 100.92 100.94 100.96 100.97 100.97 100.97 100.98 100.99
31°N ||     101.01 101.01 101.02 101.02 101.02 101.02 101.02 101.03 101.03 101.03 101.03 101.03 101.03 101.03 101.03 101.03 100.99 100.95 100.92 100.91 100.88 100.85 100.72 100.72 100.81 100.09 99.74 99.37 98.81 98.42 97.98 97.85 97.27 96.96 96.45 96.51 97.14 98.12 98.17 98.17 98.41 98.55 98.73 98.74 98.91 99.10 99.31 99.53 99.42 98.78 99.42 99.56 99.63 99.91 100.03 100.19 100.40 100.46 100.57 100.86 100.71 100.91 100.93 100.95 100.96 100.97 100.98 100.99 100.99 101.01 101.01 101.01 101.01 101.02 101.01 101.02 101.00 101.01 101.01 101.01 101.00 101.00 100.96 100.99 100.95 100.92 100.87 100.81 100.85 100.88 100.89 100.87 100.84 100.80 100.91 100.86 100.81 100.74 100.71 100.80 100.64 100.67 100.74 100.73 100.57 100.55 100.26 100.26 100.41 100.26 100.20 100.17 100.53 100.65 100.60 100.60 100.23 99.85 100.04 100.06 99.99 100.47 99.64 99.50 100.00 99.82 100.23 100.80 100.76 100.84 100.90 100.95 100.95 100.97 100.99 101.00 101.02 101.04 101.07 101.09 101.11 101.14 101.28 101.18 101.23 101.25 101.23 101.20 101.17 101.14 101.11 101.09 101.13 101.05 101.05 101.04 101.02 101.01 100.98 100.95 100.78 100.58 100.40 100.37 100.11 99.74 100.67 100.68 100.73 100.79 100.63 100.99 100.95 100.86 100.97 100.95 100.98 100.99 100.99 101.01
33°N ||     101.03 100.98 101.02 101.02 101.03 101.03 101.03 101.03 101.03 101.03 101.03 101.04 101.04 101.04 101.05 101.04 101.04 101.00 100.94 100.84 100.87 100.87 100.89 100.86 100.42 99.90 99.61 99.21 98.92 98.19 97.81 97.48 97.03 96.64 96.31 96.43 97.06 98.00 98.35 98.46 98.63 98.81 98.88 98.97 98.86 99.08 99.08 98.93 98.91 99.07 99.42 99.70 99.74 99.67 99.97 100.31 100.44 100.50 100.47 100.52 100.50 100.52 100.78 100.94 100.94 100.98 100.98 100.99 100.99 101.00 101.01 101.03 101.03 101.03 101.02 101.04 101.03 101.03 101.03 101.01 101.02 101.02 101.00 100.98 100.96 100.93 100.90 100.86 100.91 100.87 100.87 100.79 100.86 100.85 100.85 100.81 100.82 100.73 100.80 100.81 100.59 100.55 100.67 100.48 100.82 100.36 100.41 100.20 100.40 99.97 99.75 100.00 100.39 100.51 100.42 100.17 100.16 100.29 100.09 100.51 100.41 100.48 100.43 99.97 100.25 100.60 100.66 100.82 100.88 100.93 100.94 100.96 100.97 100.98 101.00 101.02 101.04 101.08 101.11 101.13 101.17 101.20 101.25 101.28 101.36 101.27 101.24 101.23 101.20 101.12 101.14 101.12 101.10 101.07 101.05 101.06 101.05 101.03 101.02 101.00 100.98 100.96 100.95 100.91 100.74 100.45 100.87 100.81 100.79 100.85 100.87 100.95 100.97 100.97 100.98 100.99 101.00 101.01 101.01 101.02
35°N ||     101.04 101.03 101.03 101.03 101.03 101.03 101.03 101.03 101.03 101.04 101.04 101.04 101.04 101.04 101.05 101.04 101.05 101.04 100.99 100.44 100.80 100.85 100.81 100.56 99.71 99.89 99.58 99.17 98.64 98.00 97.41 96.77 96.19 95.91 95.72 95.67 96.12 96.82 97.98 98.67 98.89 98.98 99.05 99.02 98.29 98.54 99.22 99.43 99.13 99.00 99.41 99.30 99.12 99.32 99.81 100.30 100.47 100.56 100.58 100.60 100.62 100.59 100.78 100.94 100.97 100.98 100.99 100.99 100.99 101.00 101.01 101.03 101.02 101.04 101.04 101.05 101.05 101.06 101.05 101.04 101.03 101.03 101.03 100.97 100.96 100.94 100.93 100.92 100.90 100.91 100.82 100.84 100.85 100.88 100.92 100.80 100.80 100.77 100.82 100.77 100.75 100.73 100.72 100.68 100.65 100.46 100.31 100.68 100.28 99.82 100.44 99.94 100.01 99.90 99.79 99.72 99.99 100.16 100.26 100.66 100.69 100.63 100.86 100.80 100.75 100.84 100.86 100.88 100.92 100.94 100.96 100.97 100.98 101.00 101.01 101.03 101.06 101.10 101.14 101.18 101.21 101.25 101.33 101.38 101.41 101.39 101.32 101.31 101.23 101.21 101.16 101.10 101.12 101.09 101.08 101.08 101.06 101.05 101.04 101.03 101.02 101.00 100.99 100.99 100.97 100.96 100.94 100.91 100.88 100.89 100.90 100.94 100.94 100.98 100.99 101.00 101.01 101.02 101.04 101.04
37°N ||     101.06 101.04 101.04 101.03 101.04 101.03 101.04 101.04 101.03 101.04 101.04 101.04 101.04 101.04 101.04 101.04 101.03 101.03 101.02 100.83 100.82 100.78 100.65 100.40 99.90 99.95 99.61 99.21 98.72 97.70 96.59 95.80 95.07 94.63 94.62 94.99 95.38 95.52 96.53 97.87 98.82 99.19 99.24 99.20 99.10 98.93 99.09 99.26 99.41 99.77 99.11 98.96 98.80 98.61 99.26 99.96 100.44 100.54 100.55 100.55 100.59 100.56 100.85 100.95 100.97 100.98 100.99 100.99 100.99 101.01 101.01 101.02 101.03 101.05 101.05 101.07 101.09 101.08 101.08 101.06 101.07 101.06 101.04 101.04 101.01 101.00 100.99 100.98 100.96 100.99 100.90 100.88 100.85 100.84 100.87 100.84 100.84 100.88 100.80 100.84 100.82 100.87 100.78 100.87 100.82 100.78 100.60 100.50 100.37 100.09 99.96 99.85 99.85 99.63 99.65 99.65 99.84 100.38 100.88 100.81 100.73 100.65 100.75 100.69 100.86 100.88 100.90 100.90 100.94 100.95 100.97 100.98 100.99 101.00 101.03 101.06 101.08 101.12 101.16 101.25 101.29 101.36 101.43 101.44 101.45 101.46 101.43 101.36 101.34 101.26 101.22 101.18 101.16 101.12 101.15 101.14 101.10 101.06 101.06 101.04 101.02 101.01 100.99 100.98 100.97 100.97 100.95 100.94 100.92 100.92 100.92 100.95 100.94 100.99 101.00 101.00 101.03 101.03 101.04 101.04
39°N ||     101.05 101.04 101.05 101.04 101.01 101.04 101.04 101.02 101.04 101.04 101.04 101.04 101.03 101.03 101.03 101.03 101.03 101.04 101.02 100.98 100.64 100.59 100.66 100.45 100.45 100.04 99.78 99.43 98.55 97.09 95.74 94.62 93.92 93.83 93.50 93.74 94.96 95.21 95.65 96.92 98.41 99.24 99.39 99.34 99.05 99.16 98.98 98.09 99.20 99.26 99.23 99.04 98.64 98.33 98.72 99.50 100.17 100.39 100.50 100.48 100.72 100.74 100.76 100.91 100.97 100.98 100.99 100.99 101.00 101.01 101.03 101.04 101.04 101.07 101.08 101.09 101.10 101.11 101.11 101.15 101.08 101.08 101.07 101.07 101.05 101.00 101.01 100.99 100.97 100.97 100.95 100.92 100.92 100.91 100.91 100.87 100.85 100.83 100.90 100.87 100.86 100.97 100.86 100.78 100.92 100.74 100.68 100.64 100.55 100.56 100.35 99.97 100.70 99.80 99.84 100.22 100.03 100.27 100.85 100.87 100.87 100.87 100.87 100.90 100.90 100.91 100.93 100.94 100.95 100.97 100.98 100.99 101.00 101.02 101.04 101.08 101.10 101.13 101.21 101.23 101.40 101.47 101.49 101.49 101.48 101.50 101.44 101.43 101.37 101.40 101.30 101.27 101.20 101.19 101.17 101.15 101.13 101.08 101.04 101.05 101.03 101.01 101.00 100.99 100.97 100.97 100.96 100.95 100.95 100.94 100.94 100.91 100.73 101.00 101.00 101.01 101.02 101.04 101.05 101.04
41°N ||     101.05 101.05 101.05 101.05 101.05 101.04 101.04 101.04 101.04 101.04 101.04 101.04 101.04 101.04 101.03 101.03 101.03 101.01 101.00 100.97 100.94 100.89 100.81 100.72 100.54 100.30 100.09 99.52 98.49 96.89 95.41 94.51 94.20 94.12 93.40 93.79 94.83 95.41 96.01 97.30 98.62 99.33 99.43 99.38 98.67 99.26 99.07 98.69 99.02 98.90 98.92 98.75 98.74 98.89 99.15 99.37 99.93 100.38 100.39 100.35 100.58 100.75 100.76 100.90 100.96 100.99 100.99 100.99 101.01 101.02 101.03 101.05 101.06 101.08 101.10 101.12 101.13 101.13 101.13 101.13 101.12 101.12 101.10 101.14 101.14 101.06 101.03 101.03 101.00 101.00 100.97 101.00 100.97 100.95 100.96 100.93 100.90 100.94 100.87 100.89 100.98 100.98 100.98 100.83 100.90 100.62 100.49 100.76 100.78 100.71 100.59 100.68 100.88 100.86 100.49 100.63 100.89 100.51 100.89 100.87 100.88 100.88 100.92 100.93 100.94 100.93 100.95 100.95 100.97 100.98 100.99 100.99 101.01 101.03 101.07 101.09 101.13 101.16 101.28 101.35 101.40 101.49 101.51 101.50 101.49 101.47 101.48 101.45 101.43 101.37 101.33 101.34 101.33 101.27 101.21 101.16 101.13 101.12 101.09 101.06 101.03 101.01 101.00 100.99 100.98 100.98 100.97 100.97 100.97 100.95 100.88 100.92 100.88 100.99 101.00 101.02 101.02 101.04 101.04 101.05
43°N ||     101.05 101.06 101.06 101.05 101.05 101.05 101.04 101.04 101.04 101.04 101.04 101.05 101.04 101.05 101.03 101.03 101.02 101.00 100.98 100.95 100.93 100.89 100.83 100.76 100.65 100.51 100.27 99.97 99.15 97.95 96.53 95.41 94.90 94.74 94.63 94.77 95.36 95.76 97.64 98.88 99.56 99.74 99.57 99.53 99.56 99.01 99.33 98.58 98.97 99.01 98.90 99.06 98.38 98.97 99.61 99.48 99.68 100.21 100.44 100.66 100.64 100.67 100.76 100.90 100.96 100.99 101.01 101.01 101.02 101.03 101.06 101.07 101.10 101.11 101.26 101.13 101.16 101.14 101.16 101.16 101.15 101.15 101.12 101.12 101.13 101.08 101.07 101.04 101.03 101.03 101.02 101.01 101.01 100.99 100.98 100.95 100.94 100.93 100.96 100.97 100.99 100.98 100.93 100.97 100.93 100.97 100.96 100.97 100.66 100.62 100.48 100.90 100.57 100.44 100.92 100.92 100.90 100.88 100.88 100.91 100.92 100.92 100.95 100.99 100.95 100.95 100.95 100.97 100.98 100.99 100.98 101.01 101.01 101.04 101.07 101.11 101.15 101.16 101.27 101.36 101.44 101.48 101.46 101.38 101.49 101.45 101.43 101.38 101.48 101.32 101.33 101.32 101.28 101.26 101.26 101.19 101.15 101.14 101.07 101.06 101.04 101.01 100.99 100.99 100.98 100.98 100.97 100.98 100.97 100.96 100.94 100.92 100.86 100.98 101.01 101.01 101.04 101.04 101.05 101.06
45°N ||     101.06 101.06 101.06 101.06 101.06 101.05 101.05 101.04 101.04 101.05 101.05 101.04 101.04 101.04 101.03 101.02 101.00 100.99 100.97 100.95 100.92 100.89 100.85 100.80 100.75 100.68 100.56 100.35 99.90 99.11 98.46 97.95 97.77 96.15 95.46 95.29 95.95 97.42 98.50 99.35 99.77 99.94 99.93 100.03 100.17 100.30 100.35 100.12 99.36 98.90 98.43 98.90 99.63 99.56 99.57 99.83 100.45 100.31 100.45 100.70 100.76 100.85 100.89 100.93 100.96 101.00 101.01 101.02 101.04 101.06 101.07 101.10 101.12 101.14 101.14 101.19 101.19 101.19 101.23 101.23 101.17 101.18 101.16 101.15 101.13 101.12 101.08 101.09 101.07 101.04 101.04 101.05 101.02 101.01 101.01 101.00 100.98 100.96 100.99 100.99 100.96 100.94 100.92 100.98 100.94 100.97 100.97 100.98 100.90 100.88 100.69 100.92 100.88 100.86 100.93 100.90 100.87 100.92 100.93 100.94 100.93 100.95 100.96 100.97 100.97 100.97 100.98 100.98 100.99 101.00 101.00 101.01 101.03 101.05 101.10 101.13 101.17 101.24 101.28 101.35 101.42 101.48 101.48 101.48 101.46 101.41 101.43 101.43 101.41 101.40 101.34 101.37 101.34 101.23 101.26 101.24 101.17 101.12 101.07 101.05 101.03 101.01 100.99 100.99 100.99 100.99 100.98 100.98 100.98 100.98 100.97 100.95 100.91 100.99 101.00 101.00 101.03 101.05 101.05 101.06
47°N ||     101.07 101.06 101.06 101.06 101.05 101.05 101.05 101.05 101.04 101.05 101.05 101.04 101.04 101.03 101.02 101.02 100.99 100.98 100.96 100.95 100.92 100.90 100.88 100.86 100.83 100.79 100.71 100.66 100.53 100.30 100.03 99.90 99.91 99.85 98.82 98.59 99.25 99.57 99.66 99.72 99.90 100.00 99.99 100.06 100.24 100.39 100.40 100.37 99.33 99.00 99.52 99.92 100.47 100.21 100.32 100.67 100.49 100.76 100.50 100.68 100.80 100.88 100.93 100.96 100.99 101.01 101.02 101.03 101.06 101.07 101.10 101.13 101.14 101.16 101.17 101.16 101.14 101.11 101.23 101.23 101.21 101.23 101.19 101.19 101.16 101.15 101.14 101.13 101.11 101.09 101.07 101.07 101.06 101.05 101.02 101.03 101.01 101.00 101.00 101.00 100.99 100.99 101.00 100.98 100.96 100.98 100.95 100.96 100.97 100.94 100.92 100.94 100.94 100.95 100.96 100.88 100.93 100.94 100.95 100.96 100.96 100.96 100.98 100.97 100.98 100.98 100.98 100.99 101.00 101.00 101.02 101.02 101.04 101.06 101.19 101.21 101.17 101.22 101.28 101.34 101.40 101.46 101.47 101.44 101.44 101.43 101.41 101.41 101.35 101.41 101.39 101.37 101.31 101.30 101.30 101.21 101.15 101.11 101.08 101.00 101.01 101.03 101.01 101.00 101.00 100.99 101.00 100.99 100.99 100.99 100.99 100.98 100.98 100.99 101.00 101.02 101.03 101.05 101.05 101.07
49°N ||     101.07 101.07 101.07 101.06 101.06 101.06 101.06 101.06 101.05 101.05 101.05 101.04 101.04 101.03 101.01 101.00 100.98 100.97 100.96 100.95 100.93 100.92 100.91 100.89 100.86 100.83 100.81 100.77 100.74 100.70 100.64 100.58 100.52 100.46 100.36 100.39 100.41 100.38 100.19 100.05 100.03 100.17 100.15 99.94 100.10 100.27 100.30 100.29 100.65 99.65 100.89 100.93 100.95 100.89 100.89 100.69 100.71 100.72 100.83 100.75 100.88 100.93 100.96 100.99 101.00 101.03 101.05 101.07 101.08 101.12 101.12 101.14 101.17 101.18 101.18 101.19 101.22 101.25 101.28 101.27 101.27 101.24 101.24 101.21 101.20 101.18 101.17 101.14 101.13 101.12 101.10 101.09 101.06 101.05 101.04 101.04 101.03 101.03 101.03 101.02 101.00 101.01 100.99 101.00 101.81 101.11 100.96 100.99 100.98 100.96 100.95 100.96 100.96 100.95 100.94 100.96 100.96 100.97 100.97 100.97 100.97 100.97 100.98 100.98 100.98 100.99 100.99 100.99 101.00 101.01 101.02 101.04 101.06 101.09 101.16 101.19 101.17 101.24 101.24 101.33 101.37 101.41 101.44 101.44 101.41 101.42 101.41 101.40 101.37 101.32 101.39 101.34 101.28 101.24 101.24 101.16 101.13 101.09 101.08 101.02 100.99 101.03 101.02 101.01 101.01 101.01 101.01 101.00 101.00 101.00 101.00 101.00 100.97 100.99 101.03 101.03 101.03 101.06 101.08 101.06
51°N ||     101.07 101.07 101.07 101.07 101.07 101.07 101.06 101.05 101.06 101.05 101.05 101.04 101.03 101.02 101.01 100.99 100.98 100.97 100.96 100.95 100.93 100.93 100.92 100.90 100.89 100.87 100.85 100.83 100.81 100.79 100.75 100.71 100.65 100.62 100.62 100.62 100.56 100.52 100.39 100.27 100.22 100.24 100.29 100.34 100.28 100.44 100.60 100.75 100.89 100.92 100.94 100.95 100.96 100.97 100.97 100.93 100.81 100.78 100.84 100.92 100.94 100.97 100.99 101.02 101.02 101.04 101.06 101.09 101.11 101.13 101.16 101.20 101.22 101.23 101.25 101.26 101.27 101.23 101.36 101.40 101.29 101.28 101.30 101.18 101.25 101.22 101.17 101.16 101.17 101.14 101.14 101.12 101.10 101.08 101.07 101.06 101.05 101.03 101.06 101.03 101.03 101.03 100.99 101.50 101.94 101.01 100.95 100.99 100.98 100.98 100.98 100.97 100.97 100.98 100.98 100.98 100.98 100.98 100.98 100.99 100.98 100.99 100.98 100.99 100.99 100.99 100.99 101.00 101.00 101.01 101.02 101.04 101.07 101.09 101.12 101.13 101.19 101.21 101.28 101.32 101.36 101.39 101.44 101.42 101.43 101.43 101.38 101.41 101.40 101.36 101.35 101.29 101.29 101.20 101.13 101.14 101.12 101.10 101.08 101.07 101.05 101.04 101.03 101.02 101.02 101.02 101.01 101.02 101.01 101.01 101.01 101.01 101.00 101.03 101.03 101.02 101.03 101.06 101.08 101.08
53°N ||     101.07 101.07 101.08 101.08 101.07 101.07 101.06 101.06 101.05 101.04 101.04 101.04 101.02 101.01 101.00 100.98 100.97 100.97 100.96 100.95 100.95 100.94 100.93 100.92 100.91 100.90 100.88 100.86 100.85 100.83 100.81 100.79 100.76 100.74 100.74 100.73 100.72 100.67 100.57 100.49 100.43 100.42 100.47 100.52 100.62 100.74 100.79 100.86 100.90 100.93 100.95 100.96 100.97 100.97 100.98 100.98 100.92 100.94 100.91 100.97 101.01 101.02 101.04 101.04 101.06 101.08 101.11 101.13 101.16 101.17 101.24 101.26 101.27 101.29 101.31 101.34 101.34 101.33 101.36 101.34 101.31 101.34 101.31 101.33 101.29 101.34 101.31 101.23 101.21 101.16 101.17 101.15 101.12 101.11 101.09 101.07 101.08 101.18 101.06 101.05 101.03 101.03 101.02 101.01 100.98 100.98 100.98 101.00 100.99 101.00 100.99 100.99 100.99 100.99 100.99 100.99 101.00 101.00 100.99 101.00 100.99 100.99 100.98 100.99 100.99 100.99 100.99 101.00 101.00 101.01 101.03 101.04 101.06 101.08 101.08 101.11 101.14 101.18 101.20 101.24 101.25 101.30 101.30 101.35 101.36 101.37 101.34 101.34 101.29 101.29 101.29 101.28 101.20 101.15 101.14 101.11 101.12 101.10 101.08 101.07 101.06 101.04 101.04 101.03 101.03 101.02 101.03 101.03 101.00 101.01 101.01 101.02 101.02 101.02 101.03 101.05 101.06 101.07 101.08 101.08
55°N ||     101.09 101.08 101.07 101.06 101.07 101.05 101.06 101.06 101.05 101.05 101.04 101.03 101.02 101.01 101.01 100.99 101.32 100.96 100.97 100.96 100.96 100.95 100.94 100.94 100.93 100.92 100.91 100.89 100.88 100.86 100.85 100.85 100.83 100.83 100.82 100.83 100.80 100.78 100.76 100.71 100.65 100.66 100.62 100.65 100.72 100.80 100.86 100.93 100.95 100.96 100.97 100.97 101.01 100.98 100.99 101.00 101.01 101.01 101.03 101.04 101.06 101.07 101.10 101.11 101.13 101.15 101.16 101.20 101.22 101.26 101.31 101.33 101.34 101.36 101.38 101.36 101.37 101.38 101.40 101.43 101.34 101.36 101.37 101.35 101.39 101.33 101.27 101.26 101.21 101.21 101.19 101.18 101.15 101.13 101.10 101.09 101.09 101.09 101.08 101.06 101.05 101.04 101.03 101.03 101.03 101.01 101.01 101.01 101.01 101.00 101.00 101.00 101.00 101.01 101.00 101.01 101.02 101.02 101.02 101.01 101.00 101.00 100.99 100.99 100.99 100.99 101.00 101.01 101.01 101.01 101.03 101.04 101.05 101.06 101.08 101.10 101.12 101.14 101.15 101.17 101.19 101.21 101.23 101.26 101.28 101.25 101.26 101.26 101.17 101.18 101.21 101.17 101.16 101.13 101.12 101.13 101.09 101.10 101.09 101.06 101.05 101.05 101.04 101.04 101.03 101.03 101.03 101.02 101.02 101.02 101.03 101.01 101.02 101.02 101.04 101.13 101.07 101.08 101.09 101.10
57°N ||     101.09 101.09 101.09 101.08 101.08 101.07 101.06 101.06 101.05 101.05 101.04 101.03 101.03 101.02 101.01 101.00 100.98 100.98 100.97 100.97 100.96 100.96 100.95 100.95 100.94 100.94 100.93 100.92 100.92 100.90 100.90 100.89 100.89 100.89 100.88 100.88 100.87 100.87 100.86 100.82 100.80 100.78 100.77 100.79 100.82 100.87 100.91 100.93 100.95 100.96 100.97 100.98 100.98 100.99 101.00 101.01 101.02 101.04 101.06 101.08 101.12 101.13 101.15 101.16 101.19 101.20 101.24 101.27 101.29 101.34 101.35 101.58 101.41 101.41 101.42 101.44 101.44 101.41 101.42 101.42 101.40 101.46 101.37 101.38 101.19 101.79 101.31 101.28 101.27 101.24 101.24 101.19 101.17 101.15 101.14 101.12 101.12 101.10 101.09 101.06 101.06 101.06 101.04 101.03 101.02 101.02 101.02 101.01 101.02 101.02 101.02 101.02 101.03 101.03 101.03 101.03 101.04 101.03 101.03 101.01 101.01 101.01 101.00 101.00 101.00 101.00 101.00 101.00 101.01 101.01 101.03 101.03 101.05 101.05 101.06 101.07 101.10 101.11 101.12 101.11 101.15 101.14 101.17 101.20 101.21 101.19 101.18 101.19 101.18 101.16 101.17 101.15 101.16 101.15 101.12 101.13 101.11 101.11 101.10 101.08 101.07 101.07 101.05 101.05 101.04 101.04 101.03 101.03 101.02 101.03 101.03 101.02 101.04 101.04 101.04 101.06 101.08 101.08 101.09 101.09
59°N ||     101.09 101.09 101.09 101.08 101.09 101.08 101.06 101.07 101.07 101.07 101.06 101.05 101.04 101.03 101.02 101.00 101.00 100.99 100.99 100.98 100.98 100.97 100.96 100.96 100.96 100.95 100.95 100.95 100.94 100.94 100.93 100.93 100.92 100.92 100.93 100.92 100.92 100.92 100.91 100.89 100.88 100.88 100.88 100.90 100.91 100.93 100.95 100.96 100.97 100.97 100.98 100.99 101.00 101.01 101.02 101.03 101.05 101.07 101.09 101.12 101.17 101.16 101.23 101.26 101.27 101.29 101.33 101.35 101.37 101.37 101.41 101.41 101.42 101.46 101.46 101.47 101.44 101.48 101.50 101.49 101.44 101.43 101.44 101.41 101.39 101.38 101.36 101.35 101.32 101.27 101.23 101.24 101.19 101.19 101.14 101.15 101.14 101.12 101.09 101.08 101.07 101.07 101.06 101.05 101.05 101.05 101.03 101.03 101.03 101.04 101.05 101.05 101.05 101.05 101.04 101.05 101.05 101.05 101.03 101.03 101.02 101.02 101.01 101.01 101.00 101.00 101.00 101.01 101.01 101.01 101.02 101.02 101.04 101.06 101.05 101.04 101.07 101.08 101.07 101.10 101.12 101.10 101.13 101.14 101.14 101.13 101.14 101.14 101.14 101.14 101.14 101.14 101.14 101.13 101.13 101.13 101.12 101.11 101.11 101.09 101.09 101.08 101.07 101.06 101.05 101.04 101.03 101.03 101.03 101.03 101.04 101.04 101.05 101.05 101.06 101.06 101.08 101.10 101.07 101.09
61°N ||     101.09 101.10 101.09 101.10 101.09 101.10 101.09 101.08 101.08 101.07 101.06 101.06 101.05 101.04 101.03 101.02 101.01 101.01 101.00 100.99 100.99 100.98 100.98 100.98 100.97 100.97 100.97 100.96 100.96 100.96 100.96 100.96 100.96 100.96 100.95 100.95 100.95 100.95 100.95 100.97 100.94 100.94 100.94 100.95 100.95 100.96 100.96 100.97 100.98 100.99 101.00 101.01 101.03 101.04 101.05 101.07 101.09 101.11 101.14 101.16 101.21 101.28 101.31 101.33 101.37 101.58 101.34 101.43 101.44 101.45 101.49 101.44 101.47 101.53 101.56 101.55 101.53 101.54 101.50 101.52 101.49 101.49 101.47 101.47 101.44 101.42 101.39 101.37 101.33 101.31 101.27 101.25 101.24 101.20 101.20 101.20 101.15 101.13 101.12 101.10 101.10 101.09 101.07 101.07 101.07 101.07 101.05 101.06 101.06 101.07 101.07 101.07 101.07 101.07 101.06 101.07 101.06 101.06 101.06 101.04 101.04 101.04 101.01 101.02 101.02 101.01 101.01 101.00 101.01 101.01 101.02 101.02 101.03 101.00 101.03 101.05 101.05 101.05 101.07 101.08 101.09 101.07 101.11 101.11 101.12 101.10 101.11 101.11 101.12 101.13 101.12 101.13 101.12 101.11 101.12 101.12 101.11 101.11 101.11 101.10 101.09 101.09 101.08 101.07 101.07 101.04 101.06 101.05 101.04 101.05 101.04 101.06 101.06 101.06 101.07 101.08 101.07 101.09 101.09 101.08
63°N ||     101.12 101.10 101.09 101.40 101.10 101.11 101.11 101.10 101.10 101.09 101.08 101.07 101.06 101.05 101.05 101.04 101.03 101.03 101.01 101.00 100.99 101.00 101.00 100.99 100.99 100.99 100.98 100.98 100.98 100.98 100.98 100.97 100.97 100.97 100.97 100.97 100.96 100.97 100.96 100.96 100.96 100.97 100.97 100.97 100.98 100.98 100.99 100.99 101.00 101.01 101.03 101.05 101.06 101.09 101.12 101.13 101.15 101.18 101.23 101.24 101.28 101.34 101.38 101.43 101.43 101.44 101.51 101.50 101.49 101.49 101.52 101.50 101.53 101.53 101.54 101.57 101.55 101.52 101.52 101.54 101.53 101.52 101.48 101.46 101.43 101.34 101.36 101.34 101.34 101.32 101.31 101.27 101.23 101.21 101.22 101.15 101.14 101.14 101.13 101.12 101.11 101.10 101.09 101.09 101.09 101.09 101.09 101.09 101.09 101.08 101.09 101.09 101.10 101.09 101.08 101.08 101.08 101.07 101.08 101.07 101.06 101.05 101.05 101.04 101.03 101.03 101.02 101.02 101.01 101.01 101.01 101.02 101.02 101.03 101.03 101.04 101.05 101.05 101.06 101.05 101.07 101.06 101.08 101.09 101.08 101.10 101.10 101.10 101.11 101.11 101.10 101.10 101.12 101.12 101.12 101.11 101.11 101.10 101.11 101.11 101.10 101.09 101.09 101.09 101.07 101.08 101.08 101.08 101.05 101.06 101.07 101.07 101.06 101.08 101.09 101.10 101.09 101.10 101.10 101.11
65°N ||     101.12 101.14 101.12 101.14 101.14 101.13 101.12 101.13 101.09 101.10 101.09 101.09 101.09 101.09 101.15 101.06 101.06 101.05 101.04 101.04 101.04 101.03 101.02 101.02 101.02 101.01 101.01 101.01 101.01 101.00 101.00 100.99 100.99 100.99 100.99 100.98 100.98 100.98 100.98 100.98 100.98 100.98 100.99 100.99 101.00 101.01 101.01 101.03 101.03 101.05 101.06 101.07 101.11 101.14 101.18 101.24 101.29 101.35 101.38 101.39 101.40 101.45 101.48 101.47 101.52 101.53 101.54 101.51 101.53 101.55 101.51 101.52 101.56 101.56 101.56 101.57 101.57 101.55 101.55 101.55 101.56 101.52 101.50 101.39 102.00 103.15 101.22 101.33 101.36 101.33 101.34 101.28 101.28 101.23 101.22 101.19 101.17 101.16 101.16 101.15 101.13 101.13 101.12 101.10 101.12 101.10 101.10 101.10 101.10 101.10 101.11 101.11 101.12 101.10 101.09 101.09 101.11 101.09 101.08 101.09 101.09 101.08 101.07 101.05 101.05 101.03 101.03 101.03 101.03 101.02 101.02 101.02 101.02 101.02 101.03 101.03 101.04 101.04 101.04 101.05 101.06 101.06 101.07 101.07 101.07 101.08 101.08 101.09 101.09 101.09 101.10 101.10 101.10 101.11 101.09 101.11 101.11 101.12 101.12 101.11 101.10 101.10 101.11 101.11 101.09 101.11 101.11 101.08 101.10 101.09 101.11 101.10 101.10 101.10 101.10 101.11 101.10 101.10 101.15 101.09
67°N ||     101.16 101.16 101.17 101.16 101.16 101.18 101.17 101.15 101.16 101.15 101.12 101.12 101.13 101.11 101.11 101.10 101.10 101.09 101.09 101.09 101.06 101.07 101.05 101.05 101.05 101.03 101.04 101.04 101.03 101.03 101.02 101.02 101.02 101.01 101.05 101.00 101.00 101.00 101.00 101.00 101.00 101.01 101.02 101.02 101.03 101.04 101.05 101.07 101.09 101.11 101.13 101.17 101.21 101.27 101.34 101.40 101.47 101.53 101.58 101.63 101.64 101.63 101.59 101.57 101.57 101.57 101.55 101.57 101.60 101.58 101.59 101.59 101.57 101.60 101.60 101.58 101.57 101.52 101.59 101.57 101.56 101.54 101.47 101.45 101.45 101.39 101.38 101.39 101.37 101.37 101.34 101.31 101.30 101.26 101.25 101.22 101.20 101.18 101.17 101.15 101.14 101.15 101.14 101.12 101.12 101.12 101.12 101.11 101.11 101.09 101.10 101.12 101.13 101.12 101.12 101.12 101.10 101.11 101.11 101.11 101.10 101.08 101.09 101.08 101.07 101.06 101.06 101.04 101.04 101.03 101.03 101.02 101.02 101.02 101.02 101.03 101.03 101.04 101.02 101.04 101.05 101.06 101.06 101.06 101.06 101.07 101.05 101.08 101.08 101.08 101.08 101.10 101.10 101.10 101.11 101.11 101.11 101.12 101.12 101.13 101.10 101.11 101.11 101.12 101.11 101.11 101.13 101.13 101.13 101.12 101.13 101.12 101.14 101.14 101.12 101.13 101.13 101.15 101.15 101.15
69°N ||     101.16 101.21 101.22 101.20 101.21 101.21 101.20 101.21 101.18 101.22 101.19 101.18 101.17 101.17 101.14 101.13 101.13 101.14 101.15 101.13 101.13 101.13 101.12 101.11 101.10 101.09 101.05 101.08 101.08 101.06 101.07 101.05 101.05 101.04 101.03 101.03 101.03 101.03 101.03 101.03 101.03 101.05 101.05 101.07 101.08 101.09 101.12 101.15 101.20 101.25 101.28 101.32 101.34 101.39 101.43 101.48 101.52 101.54 101.58 101.60 101.60 101.61 101.60 101.59 101.57 101.59 101.60 101.60 101.58 101.61 101.61 101.60 101.63 101.62 101.56 101.59 101.59 101.55 101.56 101.55 101.52 101.51 101.52 101.49 101.44 101.44 101.39 101.37 101.36 101.34 101.34 101.31 101.28 101.27 101.27 101.21 101.22 101.21 101.19 101.18 101.17 101.17 101.16 101.14 101.15 101.16 101.15 101.14 101.14 101.15 101.11 101.12 101.13 101.13 101.14 101.13 101.12 101.13 101.12 101.11 101.10 101.10 101.10 101.10 101.08 101.07 101.07 101.07 101.06 101.06 101.05 101.04 101.04 101.03 101.03 101.02 101.03 101.04 101.05 101.04 101.05 101.05 101.05 101.05 101.06 101.06 101.06 101.07 101.07 101.07 101.08 101.08 101.08 101.10 101.11 101.11 101.11 101.12 101.15 101.13 101.13 101.13 101.13 101.14 101.14 101.15 101.15 101.16 101.16 101.15 101.15 101.16 101.17 101.18 101.22 101.20 101.19 101.20 101.18 101.17
71°N ||     101.26 101.28 101.30 101.27 101.25 101.28 101.55 101.23 101.27 101.27 101.22 101.24 101.25 101.23 101.26 101.26 101.26 101.23 101.27 101.19 101.16 101.20 101.19 101.17 101.15 101.14 101.13 101.12 101.12 101.10 101.11 101.11 101.11 101.09 101.10 101.11 101.09 101.09 101.09 101.10 101.09 101.11 101.12 101.13 101.15 101.17 101.21 101.26 101.30 101.34 101.38 101.41 101.42 101.41 101.44 101.45 101.47 101.49 101.51 101.51 101.49 101.52 101.52 101.54 101.60 101.57 101.57 101.59 101.63 101.60 101.61 101.60 101.59 101.61 101.58 101.55 101.56 101.57 101.55 101.53 101.51 101.51 101.49 101.46 101.43 101.43 101.41 101.40 101.38 101.34 101.30 101.27 101.29 101.29 101.26 101.26 101.24 101.23 101.22 101.20 101.18 101.17 101.16 101.16 101.17 101.17 101.16 101.15 101.16 101.15 101.17 101.15 101.15 101.15 101.14 101.14 101.13 101.13 101.11 101.12 101.10 101.11 101.11 101.09 101.09 101.09 101.09 101.09 101.08 101.07 101.06 101.07 101.06 101.06 101.05 101.05 101.04 101.04 101.04 101.03 101.03 101.03 101.03 101.04 101.04 101.05 101.06 101.06 101.07 101.07 101.08 101.08 101.08 101.09 101.10 101.10 101.12 101.13 101.14 101.15 101.15 101.14 101.16 101.16 101.17 101.19 101.18 101.19 101.16 101.21 101.21 101.20 101.18 101.22 101.23 101.24 101.27 101.22 101.25 101.24
73°N ||     101.34 101.37 101.37 101.35 101.32 101.38 101.38 101.36 101.36 101.38 101.40 101.36 101.37 101.32 101.41 101.35 101.34 101.32 101.30 101.29 101.31 101.22 101.22 101.25 101.21 101.25 101.21 101.34 101.26 101.23 101.25 101.20 101.18 101.16 101.14 101.16 101.14 101.15 101.16 101.18 101.20 101.22 101.24 101.25 101.28 101.31 101.32 101.34 101.36 101.39 101.42 101.48 101.46 101.47 101.46 101.46 101.44 101.44 101.42 101.44 101.46 101.48 101.50 101.49 101.51 101.54 101.55 101.54 101.54 101.55 101.59 101.61 101.60 101.56 101.59 101.59 101.59 101.56 101.53 101.49 101.49 101.47 101.45 101.43 101.45 101.44 101.42 101.39 101.37 101.37 101.34 101.27 101.27 101.27 101.27 101.23 101.23 101.23 101.21 101.22 101.20 101.20 101.19 101.16 101.17 101.18 101.16 101.15 101.15 101.14 101.15 101.15 101.16 101.16 101.15 101.16 101.16 101.15 101.13 101.12 101.13 101.14 101.13 101.11 101.11 101.10 101.10 101.10 101.09 101.08 101.08 101.07 101.07 101.07 101.07 101.07 101.06 101.06 101.05 101.06 101.06 101.06 101.06 101.07 101.07 101.07 101.08 101.08 101.09 101.09 101.09 101.10 101.10 101.11 101.11 101.11 101.13 101.14 101.15 101.14 101.17 101.17 101.17 101.19 101.21 101.23 101.21 101.23 101.26 101.28 101.15 101.79 101.19 101.04 101.27 101.29 101.34 101.33 101.27 101.31
75°N ||     101.38 101.43 101.40 101.41 101.42 101.46 101.40 101.43 101.44 101.44 101.46 101.42 101.42 101.46 101.42 101.44 101.44 101.37 101.40 101.42 101.39 101.43 101.45 101.49 101.42 101.35 101.36 101.36 101.26 101.29 101.30 101.27 101.32 101.34 101.37 101.30 101.28 101.29 101.25 101.30 101.29 101.31 101.35 101.35 101.35 101.32 101.36 101.38 101.40 101.44 101.46 101.47 101.47 101.47 101.48 101.53 101.47 101.46 101.47 101.48 101.51 101.54 101.55 101.56 101.55 101.54 101.53 101.54 101.56 101.52 101.57 101.57 101.57 101.57 101.56 101.57 101.54 101.54 101.50 101.51 101.48 101.47 101.44 101.51 101.43 101.40 101.38 101.36 101.35 101.35 101.32 101.31 101.30 101.28 101.28 101.27 101.30 101.23 101.22 101.21 101.20 101.20 101.20 101.18 101.19 101.19 101.19 101.18 101.16 101.18 101.17 101.16 101.17 101.17 101.16 101.16 101.15 101.16 101.14 101.14 101.14 101.13 101.12 101.14 101.14 101.13 101.11 101.11 101.11 101.10 101.11 101.10 101.10 101.10 101.08 101.09 101.08 101.08 101.08 101.08 101.08 101.09 101.09 101.08 101.09 101.09 101.10 101.10 101.09 101.10 101.10 101.11 101.11 101.12 101.13 101.13 101.14 101.15 101.16 101.17 101.17 101.20 101.21 101.24 101.25 101.24 101.25 101.26 101.28 101.30 101.30 101.33 101.31 101.40 101.41 101.42 101.42 101.42 101.40 101.37
77°N ||     101.49 101.43 101.33 101.29 101.34 101.46 101.42 101.27 101.27 101.43 101.47 101.47 101.49 101.47 101.46 101.39 101.34 101.36 101.28 101.39 101.31 101.35 101.53 101.66 101.46 101.39 101.38 101.43 101.40 101.39 101.38 101.38 101.40 101.37 101.25 101.36 101.32 101.35 101.34 101.33 101.39 101.37 101.34 101.34 101.38 101.41 101.42 101.44 101.45 101.47 101.48 101.49 101.44 101.52 101.53 101.55 101.56 101.56 101.56 101.56 101.58 101.32 101.32 101.47 101.53 101.52 101.51 101.53 101.50 101.50 101.52 101.53 101.53 101.53 101.51 101.52 101.50 101.51 101.52 101.52 101.49 101.45 101.44 101.43 101.43 101.40 101.36 101.35 101.38 101.36 101.36 101.34 101.31 101.28 101.27 101.28 101.28 101.28 101.26 101.24 101.24 101.24 101.22 101.24 101.22 101.21 101.21 101.20 101.20 101.19 101.19 101.18 101.17 101.16 101.16 101.16 101.17 101.15 101.15 101.14 101.14 101.15 101.15 101.15 101.15 101.15 101.14 101.14 101.13 101.12 101.13 101.12 101.11 101.10 101.06 101.09 101.10 101.11 101.11 101.11 101.10 101.10 101.10 101.10 101.11 101.10 101.11 101.11 101.11 101.11 101.12 101.12 101.12 101.13 101.14 101.15 101.15 101.16 101.16 101.17 101.18 101.20 101.23 101.26 101.26 101.27 101.29 101.32 101.32 101.31 101.34 101.31 101.34 101.37 101.36 101.44 101.48 101.47 101.44 101.46
79°N ||     101.38 101.34 101.33 101.37 101.38 101.37 101.35 101.35 101.36 101.35 101.36 101.29 101.39 101.37 101.38 101.42 101.42 101.44 101.44 101.41 101.40 101.45 101.45 101.46 101.47 101.49 101.45 101.36 101.39 101.34 101.36 101.37 101.39 101.39 101.38 101.40 101.38 101.42 101.41 101.41 101.41 101.42 101.42 101.40 101.38 101.39 101.40 101.42 101.43 101.46 101.50 101.48 101.50 101.52 101.53 101.54 101.52 101.55 101.58 101.57 101.59 101.60 101.60 101.61 101.58 101.59 101.62 101.59 101.55 101.53 101.50 101.49 101.46 101.47 101.47 101.41 101.39 101.41 101.45 101.46 101.41 101.44 101.37 101.23 101.30 101.43 101.12 101.18 101.32 101.04 101.09 101.20 101.15 101.08 101.17 101.05 101.08 101.20 101.16 101.10 101.13 101.13 101.14 101.21 101.22 101.19 101.21 101.21 101.21 101.20 101.20 101.20 101.19 101.19 101.17 101.18 101.17 101.17 101.16 101.13 101.29 101.13 101.15 101.15 101.14 101.15 101.14 101.14 101.14 101.14 101.14 101.14 101.14 101.14 101.14 101.14 101.14 101.14 101.13 101.13 101.13 101.12 101.11 101.12 101.12 101.11 101.10 101.10 101.11 101.12 101.12 101.12 101.14 101.15 101.15 101.16 101.16 101.17 101.17 101.18 101.19 101.21 101.22 101.25 101.26 101.29 101.28 101.27 101.29 101.34 101.34 101.35 101.35 101.37 101.38 101.36 101.36 101.41 101.41 101.40
81°N ||     101.12 101.12 101.13 101.14 101.13 101.13 101.13 101.13 101.13 101.14 101.14 101.14 101.15 101.15 101.16 101.17 101.17 101.18 101.18 101.18 101.18 101.19 101.20 101.22 101.23 101.25 101.28 101.32 101.31 101.34 101.37 101.33 101.34 101.41 101.23 101.24 101.18 101.25 101.11 101.14 101.22 101.23 101.36 101.36 101.37 101.40 101.43 101.42 101.34 101.32 101.16 101.16 101.12 101.17 101.32 101.24 101.29 101.27 101.25 101.27 101.42 101.34 101.37 101.37 101.40 101.42 101.46 101.32 101.26 101.18 101.17 101.23 101.09 101.15 101.12 101.06 101.04 101.06 101.04 101.01 101.01 100.99 100.99 100.98 100.98 100.98 100.97 100.97 100.97 100.96 100.97 100.97 100.96 100.96 100.98 100.96 100.96 100.95 100.95 100.95 100.98 100.98 100.98 100.98 100.98 100.99 100.97 101.06 101.05 101.12 101.11 101.04 101.06 101.17 101.10 101.12 101.08 101.10 101.14 101.05 101.06 101.05 101.06 101.06 101.10 101.15 101.08 101.09 101.09 101.09 101.09 101.09 101.09 101.10 101.10 101.10 101.12 101.13 101.15 101.15 101.15 101.15 101.15 101.15 101.15 101.14 101.15 101.15 101.15 101.17 101.17 101.18 101.18 101.19 101.19 101.18 101.19 101.20 101.21 101.19 101.20 101.21 101.22 101.22 101.22 101.22 101.21 101.20 101.20 101.17 101.16 101.16 101.16 101.15 101.15 101.14 101.13 101.12 101.12 101.12
83°N ||     101.07 101.07 101.07 101.07 101.07 101.07 101.07 101.07 101.07 101.08 101.08 101.08 101.09 101.09 101.09 101.10 101.10 101.11 101.12 101.12 101.12 101.13 101.13 101.12 101.12 101.11 101.14 101.13 101.15 101.04 101.03 101.01 101.04 101.05 101.02 101.04 101.01 101.01 101.01 101.01 100.99 101.00 100.99 100.98 100.98 100.99 100.99 100.98 100.99 101.00 101.01 101.02 101.05 101.06 101.01 101.02 101.01 101.00 100.99 101.01 101.00 101.07 101.06 101.20 101.27 101.32 101.38 101.42 101.41 101.29 101.22 101.12 101.08 101.05 101.04 101.02 101.01 101.00 100.99 100.99 100.98 100.98 100.98 100.97 100.97 100.97 100.96 100.96 100.96 100.96 100.96 100.96 100.96 100.96 100.95 100.95 100.95 100.95 100.95 100.95 100.94 100.94 100.94 100.94 100.94 100.94 100.94 100.93 100.94 100.94 100.95 100.97 100.96 100.97 100.96 100.97 100.98 100.99 100.98 100.97 100.96 100.97 100.98 100.97 100.98 100.97 100.97 100.98 100.97 100.98 100.97 100.97 100.98 100.99 100.98 100.98 100.99 100.97 100.98 100.98 100.99 101.03 101.03 101.05 101.09 101.09 101.13 101.17 101.19 101.18 101.16 101.16 101.16 101.16 101.17 101.18 101.18 101.17 101.16 101.15 101.15 101.15 101.14 101.13 101.13 101.12 101.12 101.11 101.11 101.11 101.10 101.10 101.09 101.09 101.09 101.08 101.08 101.07 101.07 101.07
85°N ||     101.11 101.08 101.10 101.13 101.15 101.23 101.02 101.01 101.04 101.07 100.99 101.02 101.00 100.99 101.01 101.03 100.97 100.96 100.95 100.95 100.95 100.97 101.01 100.98 100.99 101.00 101.02 101.00 101.00 101.02 101.02 100.94 100.95 100.97 100.95 100.94 100.94 100.94 100.94 100.95 100.95 100.95 100.95 100.94 100.95 100.94 100.94 100.94 100.94 100.95 100.95 100.95 100.95 100.96 100.96 100.95 100.96 100.96 100.96 100.97 100.97 100.96 100.97 100.97 100.96 100.96 100.98 100.98 101.02 101.05 101.07 101.11 101.06 101.05 101.06 101.10 101.15 101.22 101.24 101.24 101.23 101.18 101.08 101.04 101.01 101.00 101.01 101.01 101.02 101.06 101.20 101.23 100.97 100.96 100.96 100.96 100.96 100.96 100.95 100.95 100.94 100.95 100.94 100.94 100.94 100.94 100.93 100.93 100.93 100.93 100.93 100.93 100.93 100.93 100.93 100.93 100.93 100.93 100.94 100.93 100.94 100.94 100.94 100.94 100.94 100.94 100.94 100.94 100.94 100.94 100.94 100.94 100.94 100.94 100.94 100.94 100.94 100.94 100.94 100.95 100.94 100.94 100.94 100.96 100.96 100.97 100.97 100.99 100.97 100.96 100.97 100.96 100.98 100.99 101.01 101.03 100.99 101.01 101.02 101.03 101.02 101.01 101.02 101.06 101.04 101.06 101.08 101.16 101.09 101.18 101.11 101.07 101.05 101.04 101.06 101.08 101.10 101.06 101.06 101.07
87°N ||     100.92 100.93 100.92 100.92 100.93 100.92 100.92 100.92 100.91 100.91 100.91 100.91 100.91 100.92 100.91 100.90 100.90 100.91 100.90 100.90 100.90 100.91 100.91 100.89 100.89 100.89 100.90 100.90 100.90 100.91 100.91 100.90 100.89 100.89 100.89 100.88 100.87 100.87 100.87 100.87 100.88 100.88 100.89 100.89 100.88 100.87 100.86 100.86 100.87 100.87 100.87 100.87 100.87 100.88 100.89 100.90 100.90 100.90 100.90 100.90 100.90 100.90 100.90 100.90 100.89 100.89 100.89 100.89 100.90 100.90 100.92 100.93 100.94 100.93 100.93 100.93 100.94 100.93 100.93 100.93 100.93 100.92 100.92 100.92 100.93 100.92 100.92 100.93 100.92 100.93 100.92 100.91 100.92 100.91 100.91 100.90 100.91 100.91 100.91 100.91 100.91 100.90 100.90 100.90 100.90 100.89 100.89 100.89 100.89 100.88 100.88 100.89 100.88 100.88 100.88 100.89 100.89 100.89 100.89 100.90 100.88 100.88 100.89 100.89 100.90 100.91 100.90 100.90 100.90 100.90 100.91 100.90 100.88 100.88 100.88 100.88 100.88 100.89 100.89 100.90 100.90 100.90 100.90 100.90 100.90 100.90 100.91 100.90 100.90 100.89 100.90 100.89 100.90 100.90 100.88 100.89 100.89 100.91 100.91 100.91 100.90 100.92 100.92 100.93 100.93 100.93 100.92 100.92 100.92 100.92 100.92 100.93 100.93 100.93 100.93 100.93 100.93 100.93 100.93 100.92
89°N ||     100.84 100.83 100.83 100.84 100.84 100.82 100.82 100.81 100.81 100.81 100.82 100.81 100.81 100.81 100.81 100.81 100.81 100.81 100.81 100.81 100.81 100.81 100.81 100.81 100.81 100.81 100.81 100.80 100.80 100.79 100.79 100.79 100.79 100.78 100.78 100.78 100.78 100.78 100.78 100.78 100.78 100.78 100.77 100.77 100.77 100.77 100.77 100.77 100.77 100.77 100.78 100.78 100.78 100.79 100.79 100.80 100.80 100.80 100.80 100.80 100.80 100.81 100.81 100.81 100.81 100.81 100.82 100.82 100.82 100.82 100.82 100.82 100.82 100.83 100.83 100.83 100.83 100.83 100.84 100.84 100.84 100.84 100.84 100.84 100.84 100.84 100.84 100.84 100.84 100.84 100.84 100.84 100.85 100.85 100.84 100.84 100.84 100.84 100.85 100.85 100.85 100.84 100.84 100.84 100.83 100.83 100.83 100.83 100.83 100.82 100.82 100.82 100.82 100.82 100.82 100.81 100.81 100.81 100.81 100.81 100.81 100.81 100.81 100.81 100.81 100.81 100.81 100.81 100.81 100.80 100.80 100.80 100.80 100.80 100.80 100.79 100.79 100.79 100.79 100.78 100.78 100.78 100.78 100.78 100.78 100.78 100.78 100.78 100.78 100.79 100.79 100.79 100.79 100.80 100.80 100.80 100.81 100.81 100.81 100.80 100.80 100.81 100.81 100.81 100.81 100.81 100.81 100.81 100.81 100.81 100.82 100.82 100.82 100.82 100.82 100.83 100.83 100.83 100.83 100.83
