Mars Surface Radiation Result (absorbed dose in thin silicon slab) (1E-6 Gy/day).
Column 1 is East longitude (°)
Line 1 is North latitude (°)

-179  -177  -175  -173  -171  -169  -167  -165  -163  -161  -159  -157  -155  -153  -151  -149  -147  -145  -143  -141  -139  -137  -135  -133  -131  -129  -127  -125  -123  -121  -119  -117  -115  -113  -111  -109  -107  -105  -103  -101  -99  -97  -95  -93  -91  -89  -87  -85  -83  -81  -79  -77  -75  -73  -71  -69  -67  -65  -63  -61  -59  -57  -55  -53  -51  -49  -47  -45  -43  -41  -39  -37  -35  -33  -31  -29  -27  -25  -23  -21  -19  -17  -15  -13  -11  -9  -7  -5  -3  -1  1  3  5  7  9  11  13  15  17  19  21  23  25  27  29  31  33  35  37  39  41  43  45  47  49  51  53  55  57  59  61  63  65  67  69  71  73  75  77  79  81  83  85  87  89  91  93  95  97  99  101  103  105  107  109  111  113  115  117  119  121  123  125  127  129  131  133  135  137  139  141  143  145  147  149  151  153  155  157  159  161  163  165  167  169  171  173  175  177  179  
--------------------------------------------------------------------------------------------------
-89°N ||     151.80 151.84 151.88 151.89 151.90 151.89 151.89 151.91 151.95 151.99 152.13 152.18 152.15 152.21 152.39 152.49 152.53 152.59 152.61 152.50 152.44 152.59 152.61 152.57 152.52 152.50 152.44 152.46 152.54 152.51 152.60 152.71 152.65 152.59 152.68 152.60 152.51 152.45 152.38 152.33 152.29 152.22 152.17 152.14 152.12 152.12 152.11 152.12 152.11 152.09 152.07 152.06 152.03 152.02 152.02 152.01 151.94 151.92 151.89 151.89 151.87 151.84 151.83 151.80 151.82 151.85 151.86 151.75 151.71 151.72 151.65 151.63 151.63 151.64 151.60 151.58 151.56 151.55 151.54 151.54 151.53 151.54 151.54 151.52 151.54 151.55 151.54 151.53 151.53 151.53 151.55 151.58 151.60 151.61 151.62 151.62 151.61 151.63 151.64 151.65 151.63 151.63 151.61 151.61 151.62 151.63 151.64 151.65 151.66 151.66 151.67 151.66 151.63 151.65 151.69 151.72 151.71 151.70 151.71 151.73 151.75 151.76 151.77 151.79 151.83 151.86 151.86 151.88 151.91 151.93 151.94 151.95 151.96 151.97 151.98 152.01 152.03 152.03 152.02 152.02 151.98 151.98 151.96 151.92 151.93 151.92 151.92 151.89 151.86 151.84 151.83 151.82 151.81 151.78 151.76 151.74 151.73 151.72 151.72 151.72 151.72 151.72 151.72 151.71 151.71 151.71 151.71 151.71 151.71 151.71 151.72 151.73 151.72 151.72 151.73 151.75 151.78 151.79 151.79 151.81
-87°N ||     153.74 153.79 153.80 153.92 153.90 153.97 153.88 153.87 153.86 153.77 153.77 153.77 153.66 153.53 153.47 153.45 153.46 153.47 153.47 153.43 153.43 153.48 153.62 153.67 153.65 153.61 153.62 153.53 153.61 153.46 153.70 153.73 153.57 153.55 153.54 153.51 153.46 153.39 153.45 153.47 153.43 153.47 153.43 153.40 153.36 153.33 153.32 153.25 153.20 153.15 153.02 153.16 152.98 152.72 152.74 152.68 152.56 152.44 152.37 152.35 152.49 152.01 152.05 151.81 151.75 151.73 151.69 151.67 151.66 151.62 151.53 151.46 151.52 151.50 151.26 151.22 151.15 151.07 151.03 151.17 150.90 150.73 150.72 150.63 150.61 150.61 150.63 150.66 150.69 150.71 150.75 150.77 150.79 150.81 150.82 151.18 151.08 151.25 151.15 151.36 151.37 151.36 151.43 151.44 151.48 151.56 151.62 151.77 151.86 151.92 151.80 151.79 151.82 151.84 151.86 151.86 151.91 151.94 152.01 152.01 152.07 152.13 152.14 152.19 152.27 152.26 152.28 152.35 152.43 152.41 152.48 152.49 152.51 152.57 152.70 152.85 152.96 153.10 153.02 152.84 152.69 152.64 152.60 152.55 152.50 152.49 152.44 152.20 152.17 152.15 152.14 152.15 152.19 152.18 152.18 152.20 152.26 152.37 152.46 152.46 152.54 152.62 152.72 152.76 152.89 152.99 153.08 153.11 153.23 153.25 153.41 153.40 153.42 153.41 153.51 153.43 153.21 153.36 153.74 153.95
-85°N ||     153.17 153.16 153.16 153.16 153.18 153.18 153.21 153.26 153.27 153.27 153.28 153.29 153.30 153.37 153.29 153.22 153.23 153.34 153.33 153.34 153.35 153.37 153.41 153.43 153.42 153.43 153.48 153.59 153.66 153.82 154.17 154.20 154.18 154.18 154.22 154.04 154.22 154.08 154.05 154.03 154.26 154.53 154.47 154.48 154.25 154.21 154.10 154.00 153.91 153.82 153.86 153.75 153.73 153.69 153.93 154.01 153.72 153.55 153.61 153.99 153.82 152.92 152.77 152.80 152.93 153.02 152.87 152.96 152.95 152.55 152.65 152.51 152.23 152.16 152.21 151.97 152.27 152.52 152.77 152.42 152.25 152.17 152.22 152.22 152.31 152.17 152.10 151.97 151.96 152.07 151.96 152.00 152.12 152.11 152.11 152.12 152.13 152.18 152.24 152.36 152.34 152.45 152.73 153.02 152.95 152.91 152.89 152.92 152.89 152.95 153.04 153.11 153.16 153.24 153.03 153.09 153.20 153.22 153.14 153.04 153.02 153.06 153.10 153.19 153.30 153.39 153.40 153.33 153.34 153.29 153.25 153.22 153.18 153.20 153.25 153.37 153.96 155.12 155.53 155.25 154.57 154.25 154.10 154.12 153.64 153.38 153.28 153.17 153.22 153.28 153.15 153.17 153.22 153.35 153.53 153.60 153.64 153.68 153.65 153.66 153.65 153.47 153.31 153.24 153.22 153.32 153.38 153.44 153.56 153.75 153.50 153.55 153.49 153.42 153.36 153.34 153.34 153.34 153.23 153.18
-83°N ||     153.20 153.22 153.24 153.26 153.27 153.28 153.30 153.32 153.35 153.38 153.41 153.44 153.48 153.51 153.50 153.50 153.52 153.56 153.59 153.62 153.65 153.69 153.73 153.78 153.83 153.89 153.94 154.01 154.12 154.26 154.20 154.05 154.04 153.99 154.12 154.22 154.19 154.13 154.21 154.29 154.03 154.02 154.02 154.02 154.05 154.08 154.06 154.60 154.73 154.82 154.74 154.77 154.69 154.68 154.70 154.66 154.60 154.90 155.04 155.08 154.63 154.97 154.86 154.74 155.12 154.83 154.86 154.82 155.23 154.86 155.16 155.41 155.60 155.60 155.41 155.25 155.31 155.30 155.26 155.34 155.29 155.24 155.06 155.09 155.11 155.01 154.93 154.90 154.95 154.93 154.65 154.64 154.75 155.16 154.68 154.59 154.47 154.42 154.46 154.33 154.56 154.02 154.19 153.93 154.36 154.63 154.70 154.45 154.34 154.35 154.38 154.53 154.83 154.95 155.05 155.03 154.59 154.60 154.50 154.46 154.37 154.36 154.03 153.94 154.00 154.06 154.05 153.90 153.89 154.05 153.98 154.01 154.20 154.23 154.46 155.08 155.95 155.88 155.91 155.90 155.89 154.59 154.42 154.45 154.40 154.52 154.47 154.38 154.35 154.34 154.27 154.13 154.01 153.94 153.89 153.76 153.71 153.78 154.12 154.52 155.01 155.26 154.72 154.13 153.34 153.34 153.03 152.95 152.92 152.96 153.13 153.35 153.82 153.76 153.43 153.22 153.14 153.11 153.14 153.17
-81°N ||     153.52 153.60 153.61 153.77 153.51 153.59 153.64 153.69 153.75 153.82 153.89 153.98 154.16 154.21 153.99 153.99 154.05 154.11 154.15 154.19 154.23 154.28 154.30 154.34 154.39 154.44 154.52 154.56 154.59 154.64 154.70 154.88 154.86 154.90 155.03 154.97 154.73 154.77 154.74 154.78 154.97 154.79 154.44 154.50 154.32 154.17 154.25 154.45 154.52 154.42 154.60 154.52 154.77 155.69 155.36 155.57 155.86 155.33 155.86 155.80 155.46 155.59 155.66 155.63 155.67 155.65 155.73 155.73 155.64 155.53 155.64 155.45 155.25 155.27 155.29 155.32 155.27 155.29 155.24 155.24 155.69 155.13 154.96 154.90 154.88 154.90 154.88 154.88 154.84 154.83 154.81 154.83 154.70 154.50 154.29 153.97 153.32 152.64 153.46 153.61 154.10 154.46 154.41 154.55 154.89 155.12 155.27 155.52 155.48 155.34 155.09 155.43 155.58 155.74 155.74 155.83 155.87 155.96 155.92 155.90 155.87 155.92 155.86 155.77 155.75 155.79 155.34 155.37 155.45 155.54 155.61 155.86 155.94 156.05 156.11 156.10 156.08 155.40 154.51 154.30 154.23 154.14 154.08 154.24 154.31 154.31 154.22 154.37 154.46 154.55 154.70 154.79 154.91 154.65 154.78 155.04 155.22 154.87 154.71 154.76 155.28 155.00 154.62 154.61 154.76 154.70 155.16 154.42 153.58 153.29 153.34 153.51 153.63 153.85 154.16 153.43 153.56 153.56 153.36 153.42
-79°N ||     153.91 153.97 153.99 154.12 154.11 154.07 154.07 154.12 154.14 154.36 154.22 154.32 154.39 154.43 154.53 154.71 154.64 154.90 154.53 154.75 154.60 154.64 154.61 155.13 155.62 154.48 154.98 155.55 155.33 155.46 155.38 155.38 155.35 155.38 155.44 155.46 155.47 155.45 155.34 155.30 155.31 155.04 155.71 155.82 154.75 154.95 154.93 154.79 154.75 155.08 155.36 155.04 155.86 155.69 155.79 156.00 156.25 154.86 155.59 155.07 155.88 155.60 154.91 155.41 155.46 155.84 155.90 155.82 155.79 155.75 155.70 155.72 155.70 155.72 155.70 155.67 155.70 155.75 155.70 155.45 155.55 155.74 155.45 155.41 155.43 155.66 155.28 155.48 155.31 155.34 155.39 155.25 155.15 154.82 153.96 153.96 153.53 154.02 154.61 154.95 154.87 155.16 155.22 155.32 155.42 155.68 155.47 155.58 155.29 155.60 155.14 155.47 155.29 155.28 154.91 154.81 155.60 155.79 156.10 156.17 156.23 156.22 156.25 156.23 156.27 156.24 156.18 156.23 156.20 156.25 156.19 156.17 156.26 156.24 156.25 156.26 156.34 156.36 156.29 156.29 156.28 156.32 155.95 155.48 155.68 155.03 154.47 154.45 154.43 154.32 154.40 154.52 154.97 156.25 156.08 155.06 154.84 155.45 154.13 154.14 154.81 154.19 153.87 153.72 153.65 153.77 153.59 154.00 153.70 153.66 153.68 153.74 153.87 153.54 153.44 153.57 153.68 153.80 153.81 153.83
-77°N ||     154.84 154.54 154.46 154.43 154.34 154.64 154.60 154.99 154.94 155.00 154.99 155.04 155.42 155.20 155.14 155.22 155.35 155.37 155.47 155.27 155.18 155.24 155.18 155.30 155.23 155.37 155.60 155.70 155.53 155.66 155.62 155.65 155.65 155.64 155.64 155.66 155.62 155.65 155.63 155.63 155.61 155.64 155.55 155.39 155.31 155.07 154.50 155.26 154.40 154.69 155.55 155.34 155.20 154.67 154.87 155.10 155.27 155.22 155.39 155.37 155.69 155.88 155.68 155.76 155.99 156.04 156.03 156.08 156.08 156.04 155.99 155.97 155.91 155.93 155.89 155.90 155.88 155.78 155.55 155.57 155.49 155.35 155.29 155.13 155.38 155.58 155.43 155.47 155.27 155.39 155.40 155.32 154.93 154.75 154.60 154.42 153.92 153.53 154.73 155.95 156.35 156.53 156.52 155.28 155.59 155.46 155.49 155.67 155.37 155.72 155.43 155.37 155.29 155.74 156.13 155.94 155.36 155.22 154.79 154.56 154.46 154.06 153.92 154.48 155.12 155.63 155.96 155.94 155.85 155.63 155.04 155.71 155.90 155.17 155.78 155.99 156.31 156.19 155.91 155.77 155.43 155.48 155.26 155.73 156.36 156.28 156.08 155.93 155.15 155.20 155.29 154.45 155.19 155.55 155.53 154.59 154.17 154.25 153.99 154.02 154.11 153.93 153.92 154.21 154.07 154.01 154.14 154.23 154.27 154.24 154.13 154.24 154.48 154.12 154.14 154.21 154.43 154.61 154.71 154.51
-75°N ||     155.14 155.26 155.00 155.16 154.95 154.94 155.07 155.86 155.34 155.27 156.36 156.71 155.56 155.71 155.71 155.83 155.59 155.71 155.70 155.49 155.49 155.75 155.76 155.94 155.77 155.84 155.89 155.92 155.89 155.85 155.85 155.82 155.86 155.80 155.31 155.72 155.74 155.73 155.70 155.69 155.63 155.57 155.58 155.59 155.64 155.71 155.62 155.52 155.30 155.17 155.27 154.70 154.57 154.99 155.59 155.70 155.64 156.00 156.18 156.23 156.27 156.25 156.20 156.15 156.13 156.13 156.11 155.90 156.11 155.99 155.83 155.65 155.61 155.43 155.36 155.46 155.39 155.60 155.41 155.44 155.51 155.56 155.66 155.46 155.82 155.56 155.56 155.74 155.56 155.56 155.44 155.12 154.98 155.30 155.46 155.50 155.52 155.54 155.61 155.47 155.29 155.40 155.39 155.35 155.69 155.77 155.77 155.59 155.56 155.43 155.32 155.12 154.61 154.82 154.96 154.40 154.83 154.69 154.46 154.64 154.39 154.33 155.10 155.41 155.19 155.10 156.30 154.77 155.00 155.02 155.15 155.68 155.58 155.45 155.38 155.14 155.45 154.38 153.97 153.51 153.46 154.19 156.61 156.42 156.51 155.18 155.88 155.20 156.01 156.37 156.23 156.15 156.07 156.10 156.20 154.93 153.74 153.66 153.64 153.65 153.61 153.78 154.50 154.37 154.58 153.90 153.98 154.18 154.27 154.27 154.36 154.38 154.43 154.71 154.72 154.79 154.93 154.87 154.93 154.99
-73°N ||     156.42 155.16 155.90 155.89 155.77 155.42 156.24 155.91 155.95 155.95 155.49 155.13 156.16 155.43 155.74 155.95 155.90 155.89 155.81 155.67 155.49 155.10 156.24 154.87 155.14 156.09 155.81 155.78 155.82 155.88 155.90 155.89 155.98 155.58 155.50 155.14 155.39 155.81 155.68 155.74 155.74 155.77 155.67 155.73 155.77 155.76 155.77 155.49 156.11 157.06 157.05 157.20 157.16 155.53 156.12 156.14 156.33 156.39 156.43 156.46 156.47 156.45 156.38 156.28 156.34 155.93 156.10 156.31 156.35 156.35 156.28 155.99 155.75 155.88 155.74 155.62 155.54 155.68 155.91 155.50 155.52 155.54 155.59 155.95 155.77 156.04 156.19 156.15 156.03 156.09 155.71 155.67 155.28 155.69 155.67 155.79 155.98 156.01 156.00 155.98 156.02 156.02 156.11 156.06 155.98 155.92 156.06 155.55 155.45 155.29 154.81 154.41 154.68 155.14 155.61 155.30 155.52 155.40 155.51 155.12 155.28 154.87 154.65 154.54 154.87 154.80 155.20 155.25 155.57 155.53 155.47 155.59 155.63 155.74 155.84 155.84 155.81 155.94 155.55 155.13 155.61 154.15 154.38 155.05 155.15 155.19 155.27 155.53 156.22 155.94 155.71 154.78 155.65 156.15 156.47 156.59 155.91 154.75 153.78 154.24 153.96 154.29 154.84 154.94 154.16 154.48 154.98 155.15 154.97 155.41 156.31 156.04 155.59 155.44 155.45 155.38 155.56 155.34 155.39 156.29
-71°N ||     156.25 156.31 156.44 156.52 156.60 156.79 156.94 156.86 156.88 156.91 156.91 156.17 155.42 155.05 154.31 154.33 155.11 155.30 156.51 155.58 155.65 155.45 155.20 155.29 157.22 155.95 155.95 155.98 155.86 155.61 155.70 155.58 155.57 155.79 155.70 155.65 155.56 155.91 155.73 155.75 155.89 155.71 155.87 155.76 155.81 155.84 155.52 155.30 155.37 156.36 157.08 156.93 157.22 155.33 156.29 156.45 156.52 156.59 156.51 156.54 156.62 156.27 156.13 156.26 156.41 156.50 156.56 156.38 156.40 155.45 155.76 155.99 155.83 156.02 155.69 155.90 155.72 155.20 154.97 154.82 154.71 155.81 155.79 155.78 155.99 156.02 156.18 155.97 156.26 156.10 156.63 156.52 156.09 156.18 156.17 155.98 155.89 155.21 155.88 156.19 156.35 156.05 156.09 156.11 156.08 156.14 155.74 154.77 155.07 155.45 155.51 155.63 155.64 155.82 155.84 155.74 156.02 155.82 155.95 156.04 155.95 156.17 156.20 155.98 156.12 155.76 155.11 155.37 156.69 156.67 155.59 155.77 155.52 154.25 155.13 155.36 155.48 154.98 154.63 155.00 155.44 154.82 155.76 155.93 156.23 156.26 156.21 155.86 155.86 156.06 156.38 156.27 156.54 156.32 157.14 157.31 157.25 156.90 156.48 156.21 156.48 156.28 156.02 156.41 156.62 156.55 156.53 156.34 156.16 156.69 156.23 156.58 156.45 156.48 155.87 155.86 155.92 156.02 155.59 156.19
-69°N ||     155.59 155.69 156.09 156.38 155.89 157.37 157.19 156.90 157.06 157.04 156.99 156.77 156.09 156.21 155.72 155.94 154.66 154.88 155.33 155.85 156.26 155.99 155.67 155.55 155.41 156.16 155.88 156.06 155.62 156.26 155.21 155.30 155.19 155.51 155.56 155.67 155.97 156.00 156.10 156.09 156.17 156.09 156.05 156.12 156.12 156.70 155.88 156.23 156.23 156.21 156.26 156.42 156.42 156.54 156.56 156.50 156.54 156.57 156.35 156.35 156.13 156.56 156.52 156.68 156.54 156.31 155.66 155.72 155.80 155.81 155.76 155.90 155.89 156.13 156.25 156.48 156.29 155.66 155.09 155.39 155.56 156.08 156.08 155.64 155.62 155.38 155.47 155.42 155.73 156.04 156.07 156.21 155.24 156.25 156.34 156.24 156.40 156.39 156.37 156.43 156.37 156.33 156.40 156.31 156.06 155.73 154.95 156.17 156.38 156.25 156.05 155.85 155.95 155.81 155.96 155.43 155.38 155.98 156.40 156.61 156.80 156.65 156.69 156.78 156.76 156.67 156.28 155.85 155.55 155.56 156.05 155.90 155.85 155.81 156.79 155.57 154.19 154.61 154.75 154.89 155.12 155.11 154.68 154.81 155.39 155.91 156.04 155.73 156.26 156.36 156.36 156.45 155.91 154.01 156.34 157.16 157.00 154.65 157.17 157.08 157.00 156.75 156.66 156.57 156.29 155.97 155.69 155.79 154.94 154.64 155.74 156.43 156.35 156.13 155.96 155.78 155.67 155.55 155.80 155.78
-67°N ||     157.20 155.57 155.26 156.11 156.15 156.27 156.30 156.88 156.96 157.09 157.14 157.14 156.99 156.84 156.47 156.13 155.77 155.26 155.16 154.83 154.82 154.51 154.89 154.92 155.35 155.31 155.17 155.07 155.65 154.78 154.79 154.83 155.47 157.11 155.36 155.63 155.65 156.44 156.08 156.11 156.21 156.20 156.15 156.17 156.18 156.24 156.19 156.31 156.32 156.26 156.30 156.41 156.45 156.45 156.35 156.53 156.70 156.56 156.64 156.53 155.93 156.36 156.63 156.63 156.35 156.11 157.39 157.40 157.40 155.86 156.03 156.09 156.17 156.40 156.58 156.17 155.80 155.20 155.28 154.95 155.31 155.34 155.77 155.70 156.06 155.95 156.09 156.12 156.10 156.11 156.17 156.35 156.26 156.41 156.35 156.49 156.36 156.31 156.32 156.13 156.14 155.37 155.14 155.18 154.80 155.39 156.79 157.26 157.21 156.78 156.67 156.20 156.23 155.83 156.00 155.89 156.30 156.46 156.76 156.79 156.77 156.75 156.82 156.81 156.73 156.97 156.96 157.10 157.12 156.63 155.79 155.07 155.74 155.97 155.12 154.93 154.79 154.35 154.96 154.09 154.38 154.83 154.85 155.88 155.54 155.46 154.90 155.27 155.78 156.15 156.49 156.59 156.32 156.53 156.66 156.71 156.75 156.68 156.38 156.59 156.53 156.60 156.37 156.12 156.42 156.36 156.37 156.35 156.27 155.78 156.50 156.22 156.14 155.91 155.37 156.06 155.30 155.28 155.34 155.88
-65°N ||     155.77 155.30 154.93 155.45 155.50 156.51 156.58 157.01 156.97 157.04 157.03 157.15 157.16 157.17 157.08 156.89 156.75 156.68 156.58 156.21 155.63 155.48 155.57 155.32 155.73 155.64 155.26 156.10 155.93 155.30 155.04 155.40 155.14 155.42 155.65 155.80 155.82 155.91 155.93 156.17 156.19 156.30 156.34 156.34 156.43 156.47 156.42 156.41 156.44 156.42 156.30 156.19 156.09 156.22 156.38 156.53 156.53 156.54 156.40 155.40 156.48 156.73 156.92 157.09 156.40 156.73 156.53 156.59 156.19 156.12 156.38 156.26 156.35 156.51 156.75 156.62 156.10 155.90 155.48 155.11 155.15 155.51 156.46 155.89 156.09 156.14 156.14 156.06 155.78 156.21 156.22 156.26 156.21 156.40 156.18 156.43 156.70 156.53 156.23 156.32 156.05 156.09 155.94 155.82 155.38 155.73 155.56 155.84 155.95 155.81 155.76 155.60 155.72 156.31 156.64 157.11 157.07 156.92 156.74 156.63 156.63 156.82 156.99 156.96 157.09 157.04 157.00 157.06 157.06 157.16 156.10 156.03 155.98 155.85 157.34 155.29 155.23 155.37 155.89 154.58 154.53 154.55 155.11 155.15 155.20 154.70 154.53 155.94 155.60 155.23 156.22 156.08 155.95 156.54 156.50 154.79 155.50 155.73 156.43 156.07 155.35 155.54 156.43 156.00 156.28 156.61 156.43 156.53 156.47 156.41 156.01 155.89 155.68 154.95 156.10 156.37 155.88 155.68 155.22 155.08
-63°N ||     155.79 155.76 156.21 155.43 155.09 155.64 156.30 156.41 156.73 156.65 156.96 156.79 157.03 157.03 157.06 156.91 157.00 157.04 156.97 156.43 155.80 155.77 155.45 155.58 155.47 155.65 155.66 155.44 155.37 155.46 155.39 155.56 155.85 155.86 155.81 155.53 155.31 155.72 156.19 155.86 156.37 155.99 155.74 156.22 156.27 156.22 155.99 156.35 156.25 156.22 155.97 156.04 156.31 156.74 156.43 155.65 156.16 156.84 156.67 156.72 156.64 156.63 156.79 157.02 157.36 157.13 156.39 157.18 156.24 156.85 156.58 156.37 156.42 156.29 156.41 156.97 157.13 157.03 156.96 156.54 156.32 155.89 156.00 155.99 156.02 156.08 156.24 156.25 156.26 156.21 156.20 156.22 156.35 156.27 156.33 156.11 156.28 156.36 156.18 156.47 156.51 156.18 156.27 156.48 156.31 156.01 155.78 155.50 155.53 155.25 155.81 155.95 156.35 156.96 157.33 157.37 157.39 157.20 157.01 156.92 156.87 156.82 156.89 156.93 157.16 157.23 157.13 157.09 157.13 157.17 156.98 156.32 156.19 156.52 156.03 155.48 155.16 155.37 155.18 154.24 156.37 154.91 155.63 155.51 155.47 155.09 154.89 154.66 154.33 154.85 155.35 155.84 155.59 155.68 156.10 156.52 156.81 156.84 156.51 156.36 155.74 155.86 156.11 156.09 155.94 154.85 154.79 155.24 155.87 156.23 156.39 156.48 156.25 156.58 156.53 155.41 155.97 156.10 156.03 156.27
-61°N ||     156.73 155.53 155.04 155.80 156.21 156.46 156.43 155.60 155.76 156.03 155.47 155.78 156.47 155.79 157.34 155.90 156.39 156.31 156.89 156.60 156.50 156.45 156.48 155.71 155.49 155.25 156.44 156.14 155.47 155.60 156.16 156.54 156.58 156.43 156.40 156.03 155.59 155.84 155.74 155.71 156.24 155.36 155.89 156.27 155.91 154.71 156.53 156.72 156.77 156.69 156.65 156.82 156.79 156.38 155.87 157.02 157.02 156.76 157.02 156.99 156.90 156.71 156.84 156.93 157.22 157.40 157.26 156.65 157.37 157.38 157.25 156.97 155.95 156.79 157.02 156.53 156.50 156.64 156.49 156.17 155.13 155.16 156.01 156.33 156.06 155.97 155.82 156.18 156.34 156.30 156.38 156.29 156.31 156.52 156.41 156.48 156.42 156.22 156.38 156.52 156.60 156.44 156.35 156.33 155.65 156.33 156.21 156.23 156.25 156.37 156.49 156.56 156.67 156.88 157.14 157.17 156.69 156.62 156.68 156.41 157.45 157.12 156.49 156.78 157.00 157.08 157.26 157.33 157.04 157.22 157.47 157.35 154.81 157.20 157.05 156.82 155.43 155.69 155.67 156.18 155.18 155.07 154.95 155.08 155.16 155.03 155.02 154.72 155.01 154.89 155.20 155.16 155.25 155.38 155.44 156.71 157.22 157.25 157.24 157.10 156.89 156.59 156.33 156.04 155.97 155.52 155.01 155.33 155.47 154.25 155.23 156.16 156.33 155.99 154.73 155.18 155.43 156.53 156.58 156.52
-59°N ||     156.90 156.28 156.04 156.41 156.48 156.25 154.67 155.57 155.85 155.55 156.20 155.58 155.89 154.86 156.13 156.50 156.29 156.45 156.08 156.44 156.65 156.68 156.33 156.16 155.13 155.67 155.92 155.99 156.48 155.66 155.93 156.73 156.83 156.46 156.76 156.51 155.88 155.25 155.08 155.28 155.65 156.36 156.72 156.67 156.58 156.16 156.77 156.93 157.12 157.10 157.10 157.10 157.15 157.18 156.88 156.66 156.80 156.58 156.94 157.07 156.72 156.34 156.65 156.94 156.23 157.24 156.11 157.08 157.37 155.75 156.20 156.89 157.36 156.81 157.33 156.67 156.72 156.39 156.14 156.19 155.50 155.65 156.05 155.76 155.84 156.36 156.16 156.11 156.58 155.12 156.21 156.50 156.59 156.47 156.91 156.25 156.15 156.19 157.27 156.12 156.02 156.52 156.34 156.37 156.45 156.51 156.46 156.37 156.33 156.69 156.77 156.98 157.04 157.04 156.86 156.42 156.46 156.59 156.16 155.62 155.68 155.71 156.55 157.02 157.37 157.44 157.46 157.44 157.45 157.41 157.45 157.45 157.24 157.09 157.14 156.91 156.32 154.96 154.31 154.70 157.13 156.93 154.38 154.40 156.11 154.80 154.94 154.12 154.89 155.35 154.70 154.78 155.46 156.29 156.64 156.88 157.09 157.02 157.13 157.12 157.10 157.02 156.88 156.70 156.18 155.78 155.35 155.26 155.53 155.28 156.54 154.50 155.48 155.74 155.35 156.17 156.45 156.20 156.55 156.73
-57°N ||     156.72 156.77 156.96 157.23 156.81 155.24 155.78 155.58 155.05 155.14 155.30 157.26 155.24 155.39 154.88 154.99 155.87 156.47 155.94 155.79 157.19 155.87 155.92 155.89 154.95 155.78 156.12 156.09 156.03 155.02 154.36 156.81 156.55 156.68 156.66 156.29 156.44 155.80 155.57 155.65 155.39 156.10 156.37 156.53 156.64 156.31 155.73 155.62 156.65 157.16 157.19 157.24 157.09 157.08 156.84 156.07 155.84 155.87 155.51 155.29 156.09 157.21 156.43 155.77 156.74 157.22 157.05 156.09 155.47 154.27 156.96 156.41 156.07 156.90 156.44 157.40 157.44 157.36 157.00 157.41 157.41 156.97 156.15 156.25 156.54 156.22 156.30 156.00 155.94 156.34 156.42 156.53 156.17 155.79 155.81 155.73 155.76 155.88 156.40 155.87 155.55 155.75 155.75 155.82 155.77 156.51 156.54 156.73 156.89 157.01 157.12 157.23 157.33 157.32 157.28 157.00 157.13 157.12 157.25 156.96 156.83 157.06 157.41 157.38 157.15 157.17 157.14 157.16 157.15 156.45 157.43 157.47 157.36 157.29 157.42 157.36 157.27 156.96 154.70 156.08 157.19 157.32 155.04 155.31 156.02 155.79 155.29 154.98 154.92 155.36 155.93 156.14 156.33 156.01 156.54 156.29 156.89 156.21 155.14 155.46 156.95 157.09 157.01 156.68 156.16 155.79 155.44 155.42 155.55 155.45 155.06 154.90 155.52 155.62 156.79 155.51 155.49 155.62 156.00 156.63
-55°N ||     156.86 156.90 157.05 157.10 156.45 156.40 156.31 155.77 155.54 156.22 156.18 156.06 155.81 155.92 155.44 155.77 156.45 156.37 156.40 156.35 155.69 154.79 154.79 157.20 154.73 155.87 156.31 156.31 156.28 155.92 155.62 156.71 156.70 156.57 156.74 156.36 156.03 155.69 155.20 155.08 155.22 155.05 154.95 155.22 156.20 155.80 155.57 156.00 156.65 156.94 157.20 157.23 157.26 156.76 156.26 155.12 155.57 154.97 155.34 157.27 155.97 157.28 157.09 156.99 155.95 155.23 154.89 154.81 154.99 154.93 154.88 156.35 155.34 156.30 157.09 156.49 156.67 157.42 157.34 157.27 156.75 156.40 156.59 156.57 156.45 156.26 156.29 155.98 156.15 155.77 156.09 156.33 156.63 156.23 156.35 156.80 157.47 156.38 156.33 156.45 156.43 156.34 155.60 155.78 155.56 155.87 156.76 156.85 157.07 157.23 157.34 157.41 157.48 157.44 157.44 157.30 157.15 156.94 156.84 156.13 155.51 155.23 155.06 154.92 154.89 155.07 155.50 155.56 154.75 156.23 156.93 157.10 157.24 157.40 157.43 157.46 156.07 157.11 156.96 156.56 156.35 156.12 156.29 156.36 154.91 155.49 155.66 155.64 156.09 156.45 156.86 156.86 156.85 157.23 156.34 156.59 156.84 155.12 155.36 157.11 156.77 156.52 156.30 156.36 155.88 155.71 155.93 156.19 156.51 156.24 156.23 155.41 156.37 155.87 155.55 155.64 155.93 156.43 156.47 156.77
-53°N ||     156.97 156.51 156.63 157.22 157.43 155.72 156.72 156.86 156.83 156.58 156.75 156.14 155.85 156.32 156.29 156.29 155.94 156.43 156.32 156.46 156.31 155.45 155.03 156.47 155.91 156.26 157.35 156.19 156.42 156.17 156.58 156.43 156.45 156.59 156.56 156.55 156.49 155.45 155.09 155.09 154.95 155.12 155.72 155.97 156.24 156.41 156.57 156.46 157.14 157.26 156.03 156.17 156.56 156.25 156.39 156.99 156.74 155.77 155.63 156.81 155.99 157.23 157.04 156.75 154.74 154.68 154.89 154.88 154.83 154.78 154.79 155.00 156.11 157.07 157.14 157.00 157.32 157.43 156.93 157.19 157.36 157.23 157.10 156.87 156.59 157.37 156.67 156.28 156.51 156.57 156.18 156.09 155.92 156.52 155.81 155.63 156.10 156.24 156.37 156.21 156.42 156.52 155.93 154.96 156.60 156.29 156.52 156.88 156.99 157.05 157.41 157.45 157.38 157.11 156.90 156.33 155.45 155.03 154.73 155.15 155.73 156.29 156.54 156.65 156.71 156.08 155.87 155.98 156.00 155.92 154.95 156.16 156.02 155.26 157.41 157.13 157.13 157.44 156.60 156.64 156.86 156.26 156.39 155.90 156.13 156.96 155.99 155.99 156.12 155.77 156.14 156.63 157.10 157.30 157.38 156.98 156.82 154.87 157.17 156.73 156.95 156.98 157.00 156.58 156.24 156.19 155.76 156.27 155.46 156.27 156.58 155.69 154.92 154.92 155.70 156.47 156.54 156.64 156.91 156.96
-51°N ||     156.89 156.72 156.33 156.47 157.15 156.96 156.82 155.87 157.03 156.50 156.08 156.43 156.25 156.55 156.35 156.23 156.35 155.51 156.18 156.29 156.03 155.59 155.03 154.81 154.39 155.99 155.54 156.03 156.40 156.40 156.24 156.50 156.13 155.95 156.28 155.92 155.97 155.80 155.48 154.55 154.54 154.31 154.78 156.08 156.30 156.52 156.61 156.10 157.19 157.40 156.01 156.06 155.44 155.04 156.31 157.34 157.46 157.43 156.48 155.71 155.65 155.83 156.93 155.05 154.70 155.03 154.90 154.88 154.86 154.86 154.84 155.03 156.16 156.01 155.46 154.75 157.31 157.40 157.09 157.14 157.29 157.21 156.79 156.54 156.22 156.77 155.92 156.14 156.49 156.47 156.43 156.50 156.64 156.72 156.37 155.89 156.09 156.22 156.33 155.85 156.56 156.18 155.74 156.33 156.18 156.39 156.77 157.07 157.27 157.27 157.35 157.35 157.30 156.58 155.87 154.96 154.72 155.18 155.96 156.99 157.31 157.77 157.90 157.74 158.04 158.09 157.96 157.98 157.87 157.69 158.02 157.52 154.99 154.80 155.79 156.83 157.19 156.11 155.06 157.19 156.80 156.02 157.10 155.87 155.19 155.53 156.05 156.81 156.51 156.61 157.05 157.09 156.96 156.84 156.06 156.84 156.87 157.00 156.92 156.94 156.86 156.22 156.42 156.92 156.86 156.60 155.94 156.88 156.41 156.85 156.39 155.86 156.42 155.64 155.78 156.16 156.31 156.60 156.70 156.86
-49°N ||     155.84 156.17 156.01 156.52 157.32 157.44 157.48 156.83 156.87 155.69 156.27 155.75 155.72 155.54 155.92 155.69 155.61 155.67 154.77 155.09 155.51 155.86 154.94 154.76 155.56 155.28 155.74 156.41 156.38 156.37 156.15 156.44 156.03 154.54 154.53 154.74 155.13 155.13 155.22 154.61 154.41 154.49 154.69 155.74 156.17 156.39 156.42 156.40 156.30 156.17 155.96 155.58 154.97 154.70 155.02 155.55 156.81 156.87 156.06 155.79 157.40 157.31 157.11 156.53 155.04 154.69 154.85 154.82 154.88 154.72 154.69 155.04 155.65 157.40 156.73 157.02 156.84 157.15 157.05 157.16 157.14 157.11 156.86 156.46 156.44 155.92 156.11 157.46 156.82 156.51 156.22 156.45 157.09 157.07 156.51 156.16 155.46 156.69 155.91 155.90 155.86 155.86 156.20 156.63 156.72 156.31 156.23 157.08 157.26 157.30 157.20 157.40 156.71 155.52 154.78 155.19 155.99 156.55 157.33 157.74 158.18 158.16 158.19 158.17 157.43 158.00 158.07 158.13 158.07 158.04 158.07 158.07 157.95 157.43 155.73 154.91 156.98 157.02 157.43 157.32 157.47 156.92 155.76 156.45 156.64 155.41 156.32 156.03 156.68 156.85 156.03 156.63 156.62 156.58 156.41 156.91 156.68 156.43 155.98 155.99 154.41 155.46 156.43 156.23 155.84 156.53 156.99 157.18 156.61 157.29 157.20 156.89 156.83 156.24 155.69 155.14 155.39 155.67 156.14 156.34
-47°N ||     155.63 156.25 155.95 155.90 156.70 157.28 156.58 156.00 156.63 156.15 155.79 155.95 154.75 156.36 155.00 155.28 154.30 154.59 155.51 155.26 155.86 155.12 155.56 155.95 155.89 156.37 155.66 156.10 156.32 156.29 156.31 156.31 156.40 155.43 155.21 155.38 155.73 155.79 155.79 155.44 154.93 154.78 155.21 155.34 155.18 155.95 155.96 156.08 155.83 155.88 155.46 155.25 154.79 154.76 154.66 155.06 155.44 155.37 156.01 156.54 155.35 157.32 156.96 157.11 157.27 154.88 154.68 154.68 154.71 154.68 154.69 154.88 155.28 157.05 157.28 157.34 157.15 157.09 156.88 156.28 157.04 156.79 156.68 156.63 156.23 156.30 156.00 156.31 156.69 156.55 156.67 156.69 157.23 156.64 156.38 155.52 155.91 155.74 156.12 156.79 155.92 155.47 155.77 156.17 157.14 157.16 156.71 157.05 157.38 157.35 157.19 157.36 157.06 156.07 155.94 157.42 157.85 158.21 158.02 158.16 157.83 158.03 158.22 158.19 157.99 157.72 157.50 157.89 158.05 157.96 157.98 157.82 157.85 157.78 157.21 155.91 154.98 156.09 157.18 157.44 157.47 157.45 157.00 156.52 157.16 157.13 156.48 156.94 156.86 156.87 156.88 156.17 155.95 156.43 155.92 156.29 156.35 155.62 155.16 156.02 156.92 157.04 155.90 155.78 156.40 157.04 156.88 157.09 157.27 157.17 157.12 157.04 156.06 156.07 155.70 156.37 155.97 155.78 156.24 156.08
-45°N ||     156.30 156.40 156.22 156.29 156.60 156.56 156.70 156.75 156.88 155.94 155.65 156.32 155.70 155.47 155.57 155.58 156.67 155.50 155.97 156.12 155.85 156.19 156.81 155.74 156.18 156.45 156.26 156.11 156.12 156.08 155.92 156.04 155.96 155.71 155.73 155.69 155.73 155.77 155.91 155.93 155.53 155.41 155.62 155.51 155.47 155.73 155.74 155.49 155.28 155.04 154.93 154.91 154.82 154.23 153.98 155.31 155.80 155.95 156.40 156.71 157.04 157.00 157.31 157.33 156.71 155.98 155.16 155.11 155.06 154.71 154.68 154.73 156.36 157.01 157.34 157.17 156.98 156.93 156.88 157.40 156.51 156.76 156.42 156.36 156.28 156.16 156.15 156.75 156.73 156.61 156.47 156.58 156.80 156.56 156.31 156.41 155.98 156.01 155.95 156.81 154.95 155.77 156.01 156.10 156.83 156.09 156.79 157.04 157.26 157.27 157.35 157.27 157.05 155.59 157.44 157.85 158.16 158.08 158.09 158.20 158.16 158.20 158.11 158.14 158.05 158.21 158.06 157.81 157.84 158.12 157.95 157.87 157.89 157.78 157.17 156.77 155.28 155.18 156.87 157.27 157.47 157.41 155.60 157.17 157.21 156.89 157.05 156.72 156.49 156.94 156.54 156.28 156.58 156.26 156.35 155.93 155.63 155.74 155.07 154.14 155.64 155.39 156.06 157.06 157.16 157.07 156.47 157.22 156.64 156.72 157.06 156.94 156.06 156.11 156.15 155.12 155.19 155.94 156.18 156.07
-43°N ||     156.94 156.01 157.08 156.63 156.94 156.56 156.70 156.66 156.39 156.11 155.67 155.76 155.53 155.30 155.71 155.75 156.21 156.30 156.15 156.12 155.53 155.81 156.05 156.07 155.73 156.15 156.28 156.28 155.48 155.85 155.68 156.01 156.06 155.50 155.64 155.63 155.68 155.81 156.05 156.17 155.46 155.17 153.97 154.05 155.02 155.50 155.32 155.04 155.09 154.76 154.61 154.61 154.47 154.56 154.59 155.47 155.57 155.74 155.88 156.34 156.32 156.43 156.90 156.36 157.28 157.28 156.73 156.36 155.96 155.66 156.07 156.14 157.15 157.01 157.22 157.13 157.02 157.20 157.07 157.18 156.94 157.07 156.41 156.66 156.47 156.46 156.29 156.80 156.76 156.46 156.36 156.56 156.63 156.52 156.48 156.19 156.40 156.15 156.53 155.96 155.88 156.02 155.83 155.33 155.41 155.84 156.67 157.12 156.92 157.08 157.25 157.20 156.52 155.57 157.73 158.24 158.22 158.16 158.21 158.17 158.18 158.23 158.19 158.20 158.23 157.89 158.04 158.00 158.17 158.05 157.89 157.89 157.73 157.39 156.17 156.04 155.32 154.70 156.42 156.88 157.27 157.17 157.47 157.48 157.36 157.17 157.03 156.82 156.82 157.35 157.11 156.94 156.85 156.42 156.35 155.97 155.60 155.57 155.66 155.68 155.38 155.50 156.36 157.23 157.36 157.26 157.16 157.05 156.64 156.88 156.85 157.00 155.37 156.35 156.40 157.18 155.98 156.28 156.66 156.59
-41°N ||     157.10 157.03 157.06 157.37 157.22 156.48 156.60 156.49 157.12 157.25 157.22 157.40 156.68 155.83 156.15 156.00 155.48 155.81 155.44 155.88 155.46 156.12 156.07 156.06 155.84 154.84 155.48 155.71 155.99 155.44 155.29 155.62 155.41 155.42 155.15 155.52 155.62 155.83 155.89 153.44 153.08 152.88 150.92 150.65 150.73 153.24 153.24 153.25 154.15 154.57 154.22 154.66 154.34 154.54 154.48 154.54 154.65 155.25 156.26 156.09 155.66 154.97 156.58 157.10 157.11 157.28 157.39 157.20 156.69 156.54 156.63 157.18 157.04 157.36 157.42 157.45 157.35 156.82 157.30 156.87 157.13 157.00 156.62 156.63 156.41 156.42 156.50 156.88 156.89 156.73 156.43 156.65 156.35 156.40 156.52 155.94 155.74 156.34 156.28 156.13 155.73 155.83 155.26 154.97 156.83 156.00 156.46 157.01 157.06 157.10 157.26 157.45 156.63 155.60 157.31 158.24 158.11 157.90 158.22 158.23 158.18 158.21 158.18 158.16 158.22 157.90 158.13 158.20 158.11 158.18 158.06 157.87 157.13 156.41 156.03 155.70 154.97 154.89 155.70 156.78 156.21 157.28 157.21 157.46 156.46 156.67 157.07 157.17 157.22 157.18 157.08 157.02 157.04 156.37 156.19 156.12 155.81 156.29 156.24 155.95 155.86 155.78 156.53 156.95 157.10 156.98 157.06 156.97 156.12 156.65 156.65 155.76 155.64 156.52 156.42 156.46 156.58 156.83 157.04 156.66
-39°N ||     156.92 157.09 156.79 156.38 157.27 156.34 156.88 156.74 155.92 156.41 157.45 157.40 156.23 155.85 156.55 156.22 156.52 155.97 156.26 156.35 156.53 155.69 156.56 156.56 156.26 156.26 156.01 155.70 155.87 155.73 155.59 153.43 154.69 155.18 155.19 155.41 155.59 155.56 154.72 154.56 153.87 152.42 152.04 152.14 152.54 152.69 152.57 152.86 152.20 153.43 154.26 154.28 154.31 154.41 154.58 154.62 154.89 155.27 155.36 155.95 155.95 156.12 155.57 155.84 156.65 155.97 157.18 157.01 157.21 157.03 157.18 157.20 157.40 157.44 157.48 157.43 157.40 157.28 157.14 157.16 157.11 157.07 156.85 156.74 156.70 156.42 156.82 157.04 156.76 156.68 156.94 156.99 156.89 156.39 156.56 156.20 156.21 156.15 156.11 156.56 155.82 156.03 155.60 155.74 155.64 155.58 156.41 156.89 157.13 157.18 157.16 157.32 156.46 154.75 157.07 158.24 158.14 158.14 158.16 158.19 158.18 158.22 158.19 158.17 158.21 158.09 158.23 158.18 158.23 158.10 157.93 157.41 156.59 156.13 155.48 155.13 154.94 154.90 155.85 157.17 157.37 157.02 157.24 157.10 157.12 157.30 156.92 157.26 156.48 157.13 157.18 157.23 157.02 156.83 156.42 156.70 156.41 156.05 156.70 156.53 156.16 155.98 156.00 156.26 156.67 156.81 157.23 157.05 156.72 156.66 156.83 156.60 156.98 156.86 156.89 156.57 156.73 156.98 157.14 157.25
-37°N ||     157.25 157.08 157.10 156.71 157.48 157.39 157.08 156.21 155.63 154.91 154.57 155.67 155.53 156.53 156.96 156.92 156.92 156.92 156.75 156.65 156.63 156.61 156.23 156.48 156.11 155.69 155.80 155.27 155.14 155.75 155.62 154.60 154.78 154.09 154.90 153.89 154.57 152.44 152.58 154.53 152.39 151.54 152.95 152.99 152.88 152.83 153.06 153.86 153.17 153.13 152.88 153.57 154.25 154.80 154.80 154.93 154.81 155.47 155.61 155.40 155.37 156.24 156.21 156.61 157.01 156.79 157.24 157.41 156.14 157.29 157.39 157.40 157.47 157.38 157.38 157.40 157.33 157.32 157.31 157.14 156.91 156.75 156.42 157.48 156.79 156.55 156.56 156.44 156.94 156.70 156.85 157.00 156.95 156.72 156.21 156.54 156.12 156.03 156.49 156.43 155.77 155.73 155.56 155.77 155.99 155.96 157.36 156.53 157.04 157.22 157.21 157.26 157.32 155.37 155.61 157.97 158.21 157.98 157.50 158.24 158.23 158.23 158.14 158.20 158.13 158.18 158.16 158.20 158.19 158.15 158.01 157.06 155.98 155.54 155.03 154.82 154.73 155.74 156.59 157.25 157.24 157.42 157.02 157.05 156.89 157.01 157.27 157.29 157.26 157.13 157.27 157.16 157.06 157.00 156.82 156.86 157.05 156.86 156.73 155.93 156.32 156.23 155.70 155.67 156.49 156.69 157.17 156.78 156.81 156.96 157.10 157.07 157.04 157.02 156.81 156.61 157.26 157.36 157.27 157.47
-35°N ||     157.22 157.48 157.09 156.37 157.02 156.36 156.22 156.47 155.77 154.93 154.78 155.72 156.51 156.70 156.87 156.78 156.92 155.34 156.67 156.60 156.53 156.31 156.28 156.10 155.54 155.81 155.61 155.46 154.86 155.03 154.69 154.55 154.67 154.35 154.51 154.71 153.94 152.37 152.49 152.43 151.83 152.96 153.74 153.62 153.27 153.57 153.36 153.45 153.75 153.80 153.59 152.63 153.49 154.66 155.04 155.27 155.27 155.28 155.30 155.41 155.61 155.81 155.78 156.94 156.88 156.22 156.50 156.91 156.83 157.38 157.27 157.03 157.35 157.10 157.23 157.35 157.36 157.35 157.35 157.27 156.95 156.63 156.83 156.65 156.75 156.37 156.25 156.42 156.57 156.66 156.71 156.91 156.82 156.35 156.38 156.34 156.61 156.79 156.14 155.98 156.02 155.36 155.53 155.96 156.17 156.12 156.20 156.62 157.07 157.06 157.04 157.05 157.31 157.43 155.10 155.65 158.21 158.19 157.90 157.77 158.22 158.24 157.47 157.82 158.16 158.18 158.19 158.13 158.18 158.08 157.41 155.40 154.98 154.80 154.70 154.86 154.94 155.78 155.95 156.14 156.95 157.32 156.51 157.03 156.78 156.92 157.06 157.13 157.24 157.30 157.18 156.98 156.30 156.30 156.41 156.73 156.40 156.16 156.54 156.77 156.50 156.11 156.54 156.79 156.60 156.61 156.42 156.69 156.64 156.12 157.07 157.19 156.91 156.84 157.02 157.10 157.45 157.38 157.10 156.48
-33°N ||     157.29 157.35 156.36 156.20 156.42 155.49 155.96 154.95 155.00 155.64 155.58 155.87 156.59 156.75 157.01 156.68 156.93 156.95 156.60 156.60 155.80 156.32 156.25 156.22 155.88 155.59 155.61 155.39 155.14 154.84 154.67 153.78 154.21 153.97 153.61 153.82 153.10 152.06 151.88 151.16 151.42 153.02 153.97 153.54 154.35 153.65 154.64 154.73 154.43 154.47 153.78 152.75 151.87 153.65 154.64 155.27 155.23 155.31 155.35 155.33 155.75 156.22 156.05 156.90 156.97 157.02 156.99 156.97 156.89 156.73 156.94 157.18 157.12 157.10 157.27 157.13 157.38 157.30 157.26 157.33 157.15 156.95 157.10 156.82 156.75 156.61 156.54 156.42 156.42 156.52 156.58 156.23 156.48 156.67 156.42 156.56 156.31 156.59 156.26 155.69 155.88 155.68 155.41 155.66 155.96 156.09 156.10 156.03 156.73 157.03 156.90 156.86 156.67 156.99 157.43 155.70 156.42 157.83 158.22 158.10 158.09 157.71 158.06 158.12 158.21 158.20 158.10 158.09 157.28 156.19 155.58 154.89 155.29 155.46 155.58 155.62 155.41 155.52 156.43 156.65 157.24 157.34 157.05 156.94 156.77 156.70 156.88 156.83 156.94 157.07 157.02 156.76 156.60 156.37 155.77 155.64 155.77 155.71 156.46 155.99 156.38 156.66 156.13 156.44 156.30 156.21 156.62 156.77 156.98 156.55 156.72 157.12 156.43 156.96 156.97 157.13 157.25 157.08 156.79 156.74
-31°N ||     157.23 156.57 156.44 156.36 155.68 155.78 155.21 155.70 155.86 155.70 155.90 155.95 156.37 156.66 156.93 156.92 156.92 156.43 156.29 156.60 156.17 156.24 156.15 156.08 155.86 155.80 155.57 155.34 155.00 154.65 154.35 154.17 154.12 153.48 153.32 153.93 153.01 151.86 152.02 151.17 152.20 153.07 153.50 154.14 154.41 154.67 154.70 154.94 154.93 155.05 154.01 152.76 153.18 153.29 153.45 153.40 154.88 155.50 155.48 155.84 156.26 156.65 156.88 156.93 157.07 157.02 157.08 157.19 157.12 157.07 157.15 157.42 157.10 156.88 156.95 157.05 157.14 157.23 157.35 157.32 157.23 157.17 157.08 157.11 156.96 156.61 156.31 156.15 156.37 156.43 156.43 156.53 156.25 156.49 156.56 156.46 156.53 156.41 156.36 155.91 155.88 156.39 156.06 155.86 156.16 156.35 156.45 156.15 156.76 156.99 157.18 156.86 157.21 157.15 157.28 157.29 155.70 154.87 154.98 157.52 158.05 158.22 157.98 158.14 158.06 158.11 157.83 157.34 154.92 155.27 154.72 154.82 155.89 155.95 156.15 156.92 156.99 156.46 156.59 157.15 157.28 157.08 157.12 156.85 156.91 156.52 156.66 156.62 156.64 156.72 156.83 156.61 156.38 156.38 155.98 155.89 156.56 155.65 155.44 155.22 156.48 156.81 157.10 156.57 156.76 156.90 157.02 156.94 156.97 156.81 156.67 156.90 156.57 156.85 156.84 156.64 156.85 157.00 156.97 156.92
-29°N ||     157.21 156.55 155.13 156.35 155.66 155.49 156.08 155.61 155.98 155.79 155.78 156.03 156.62 156.82 156.91 156.87 156.83 155.71 156.67 156.64 156.42 156.15 156.14 156.01 155.92 155.73 155.55 155.22 154.86 154.56 154.28 153.92 153.71 153.66 153.63 152.80 152.85 152.35 150.90 149.99 152.11 153.25 153.72 154.06 154.44 154.77 154.97 155.12 155.23 155.22 155.16 154.99 154.21 154.23 154.11 153.32 153.63 154.18 155.44 155.77 156.33 156.95 157.06 157.01 156.90 157.04 156.89 157.00 157.20 157.17 157.25 157.35 157.28 156.98 157.19 157.39 157.24 157.21 157.36 157.40 157.36 157.37 157.20 157.27 156.75 156.72 156.56 156.32 156.19 156.39 156.46 156.53 156.66 156.59 156.55 156.47 156.50 156.02 156.40 156.02 156.53 156.60 156.30 156.30 156.58 156.70 156.78 156.69 156.13 156.94 156.68 157.15 157.23 157.32 156.86 157.04 157.19 157.13 156.07 155.98 155.11 154.86 155.33 157.03 155.95 156.18 154.97 155.39 155.36 156.30 156.89 157.26 156.71 156.47 156.84 157.33 157.18 157.17 157.30 157.46 157.44 157.25 157.03 156.89 156.83 156.67 156.63 156.69 156.67 156.70 156.73 156.49 156.46 155.97 156.21 155.73 155.19 155.47 156.28 155.15 156.25 156.71 156.87 156.36 156.89 156.03 156.83 156.99 156.76 156.62 156.80 156.66 156.44 156.57 156.61 156.84 156.68 156.84 156.98 157.13
-27°N ||     156.89 156.49 156.45 156.39 155.78 155.65 156.29 155.33 155.82 156.20 156.09 156.49 156.43 156.60 156.91 156.68 156.91 156.08 156.65 156.06 156.09 156.12 155.99 155.96 155.75 155.62 155.46 155.32 154.82 154.47 154.10 153.77 153.35 153.37 153.19 153.39 153.62 152.13 151.84 150.23 152.39 153.31 153.70 154.16 154.54 154.88 155.11 155.27 155.37 155.53 155.51 155.57 155.29 154.61 154.61 154.71 155.03 155.00 154.90 154.89 154.64 156.37 157.09 157.11 157.06 157.08 157.16 157.23 157.13 157.04 157.07 157.21 157.11 157.25 157.35 157.14 157.35 157.37 157.46 157.45 157.45 157.44 157.38 157.20 157.09 156.83 156.90 156.92 156.53 156.41 156.37 156.60 156.62 156.20 156.37 156.51 156.53 156.23 156.23 156.22 156.52 156.73 156.23 156.52 156.74 156.63 156.88 156.30 155.89 156.18 156.81 156.86 157.12 156.95 156.94 157.03 156.97 157.30 157.35 157.07 156.74 156.45 156.11 155.90 155.72 155.14 155.40 155.30 155.34 156.40 157.28 156.66 156.87 156.97 157.45 157.38 156.10 157.32 157.36 156.62 157.13 156.81 156.71 156.69 156.71 156.71 156.69 156.69 156.58 156.52 156.47 156.19 155.66 155.54 155.38 155.70 156.35 155.28 155.37 156.10 155.70 156.20 156.70 156.68 157.07 156.19 156.88 156.63 156.84 156.97 156.88 156.71 156.27 156.03 156.08 156.50 156.51 156.58 156.96 157.01
-25°N ||     156.98 156.29 156.68 156.40 156.34 156.30 156.46 156.82 156.26 156.60 156.41 156.98 156.98 156.90 157.00 156.80 156.85 156.45 156.07 156.55 156.17 156.01 155.95 155.81 155.66 155.43 155.27 155.09 154.67 154.18 153.82 153.51 153.23 153.05 152.99 152.27 152.70 153.10 151.84 152.19 152.67 153.25 153.79 154.18 154.44 154.74 154.94 155.21 155.37 155.38 155.58 155.62 155.31 154.89 153.91 154.69 155.03 155.21 155.21 155.05 154.25 155.62 156.86 156.91 157.03 157.04 157.03 156.51 156.74 156.88 156.95 156.98 157.27 157.23 157.07 157.39 157.44 157.48 157.31 157.47 157.47 157.41 157.21 157.39 157.35 157.06 157.13 157.14 157.11 156.48 156.84 156.72 156.96 156.11 156.55 156.51 156.53 156.07 155.72 156.47 156.50 156.38 156.47 156.53 156.39 156.00 156.46 155.79 155.58 155.98 156.30 156.42 156.80 156.65 157.08 157.34 157.21 157.46 157.37 157.18 156.95 157.13 157.21 156.24 156.98 155.63 156.10 157.10 157.26 157.46 157.25 157.48 157.47 157.40 157.47 157.06 157.00 157.27 156.43 156.89 156.74 156.52 156.34 156.38 156.47 156.52 156.78 156.54 156.47 156.31 156.23 156.00 155.59 155.14 155.31 155.60 156.02 155.54 154.95 155.44 155.32 155.78 156.24 156.69 156.32 156.35 156.81 156.32 156.64 156.80 156.78 156.36 156.01 156.60 156.67 156.47 156.61 157.01 157.22 156.94
-23°N ||     156.89 156.93 156.42 156.44 156.36 156.49 156.71 156.87 156.99 157.08 157.06 157.02 157.17 157.24 157.00 157.14 155.80 156.14 156.60 156.19 156.19 155.90 155.89 155.77 155.58 155.27 155.02 154.66 154.24 153.85 153.48 153.09 152.87 152.76 152.83 152.76 151.90 152.30 151.79 152.08 152.61 153.23 153.61 153.90 154.18 154.44 154.71 154.97 155.26 155.42 155.72 155.69 155.67 155.28 154.46 154.65 155.00 155.02 154.97 154.57 153.82 155.84 156.70 156.76 156.46 156.65 156.90 156.54 156.90 156.87 156.69 157.12 157.25 157.47 157.37 157.25 157.46 157.48 157.40 157.46 157.46 157.47 157.48 157.35 157.43 157.24 157.31 157.38 157.29 156.27 156.92 156.72 156.99 157.00 157.04 156.59 156.49 157.40 156.38 156.01 156.19 155.98 155.76 155.61 155.93 156.39 155.61 155.57 155.26 155.90 156.18 156.65 156.54 156.19 156.17 156.46 157.03 157.23 157.31 157.47 157.24 157.32 157.18 157.00 156.99 156.31 157.05 157.29 157.47 157.45 157.30 157.29 157.36 157.42 156.97 156.44 155.76 155.97 156.37 156.68 156.44 156.22 155.85 156.00 156.32 156.41 156.48 156.55 156.26 156.18 156.08 156.00 156.20 156.04 156.11 155.52 156.04 155.53 155.11 155.48 155.04 155.96 156.20 156.47 156.46 156.64 156.54 156.68 156.59 157.10 156.57 157.35 156.54 156.62 156.70 156.64 156.46 157.07 157.33 156.92
-21°N ||     156.71 156.82 156.43 156.44 156.42 156.44 156.77 157.34 157.09 157.03 156.90 156.96 157.06 156.90 157.02 157.12 156.77 156.41 156.46 156.23 156.04 155.84 155.79 155.62 155.42 155.18 154.76 154.25 153.70 153.26 152.93 152.57 152.36 152.33 152.49 151.98 152.17 151.44 151.59 152.13 152.54 152.98 153.26 153.54 153.87 154.11 154.46 154.72 155.00 155.23 155.38 155.59 155.63 155.20 154.67 154.98 154.55 154.86 154.51 154.13 154.20 154.57 156.57 156.54 156.61 156.47 156.82 156.92 156.87 156.90 156.97 156.99 157.19 157.38 157.30 157.10 157.41 157.48 157.44 157.41 157.46 157.47 157.47 157.43 157.46 157.43 157.38 157.40 157.27 156.96 156.81 156.98 157.12 157.14 156.79 156.68 156.51 156.16 156.11 156.29 156.41 156.51 155.50 155.90 156.19 156.09 156.34 155.35 155.27 155.75 156.22 155.85 156.35 156.35 156.44 156.71 156.84 157.11 157.28 157.47 157.46 157.37 157.09 157.04 157.44 157.31 157.04 156.97 157.25 157.27 157.23 157.10 157.40 156.97 156.58 156.30 155.12 155.27 156.17 156.02 156.24 156.20 155.79 155.41 156.33 156.44 156.44 156.46 156.43 156.17 155.89 155.61 155.30 155.63 156.41 155.62 155.81 155.73 155.19 155.95 155.81 156.00 155.86 155.85 156.48 156.63 156.85 156.63 156.35 157.08 157.19 156.88 156.94 157.17 157.07 156.60 156.22 156.76 156.78 156.54
-19°N ||     155.92 156.26 156.29 156.11 156.50 156.77 157.07 157.42 157.43 157.30 157.14 156.95 157.05 157.03 157.19 157.02 156.77 156.73 156.27 156.22 156.04 155.79 155.63 155.35 155.17 154.89 154.48 153.75 152.87 152.40 152.12 151.98 151.84 151.98 152.22 150.62 151.86 151.34 151.49 151.80 152.00 152.38 152.69 152.99 153.38 153.75 154.14 154.43 154.78 155.01 155.15 155.26 155.42 155.35 154.88 154.43 154.40 154.38 154.51 154.38 153.99 155.46 156.31 156.25 156.45 156.62 156.95 156.97 157.02 156.84 156.97 157.16 157.36 157.39 156.86 156.81 156.96 157.47 157.24 157.39 157.03 157.43 157.41 157.43 157.37 157.16 157.46 157.33 157.32 157.39 157.27 157.15 157.19 157.11 156.75 156.81 156.47 156.39 156.62 155.89 156.29 156.39 155.70 156.10 155.66 156.04 155.32 155.14 155.70 155.73 155.54 155.94 155.94 156.16 156.29 156.47 156.53 156.49 156.57 157.36 157.45 157.40 157.46 157.45 157.30 157.40 157.10 157.11 157.18 157.09 157.04 156.57 156.41 156.64 156.38 156.07 155.58 155.41 155.85 156.06 156.35 156.35 156.54 156.51 156.35 156.38 156.39 156.39 156.24 156.11 156.30 155.73 155.35 155.46 155.90 156.04 155.91 156.10 155.56 155.99 156.10 155.89 155.77 155.68 156.27 156.29 156.16 156.08 156.77 157.13 157.32 157.39 157.44 157.48 157.38 157.39 157.30 157.10 157.11 155.96
-17°N ||     155.97 155.97 156.14 156.53 156.56 156.81 157.37 157.36 157.43 157.38 157.28 157.07 157.12 156.57 157.12 157.41 156.91 156.90 156.55 156.16 156.00 155.79 155.38 155.06 154.85 154.53 154.02 152.87 151.92 151.35 151.27 151.36 151.55 151.73 151.41 150.76 151.17 151.38 151.24 151.12 151.25 151.66 152.08 152.39 152.92 153.35 153.75 154.06 154.43 154.74 154.87 155.09 155.10 155.18 154.78 154.37 153.81 153.83 154.40 154.26 153.99 155.60 156.26 155.67 156.12 156.27 155.40 156.92 156.92 157.03 156.67 157.01 157.31 157.31 156.88 156.97 156.92 157.43 157.25 157.46 157.37 157.43 157.42 157.42 157.41 157.43 157.48 157.48 157.35 157.40 157.15 157.20 157.21 157.06 156.91 156.87 156.53 156.60 156.25 156.89 156.40 156.15 155.72 155.73 155.72 155.66 155.79 155.27 155.82 155.79 155.97 155.79 155.59 155.59 155.93 156.01 156.20 156.82 156.90 156.46 156.95 156.86 157.02 157.06 156.99 157.31 157.24 157.23 157.11 157.03 156.51 156.57 155.53 155.93 156.07 155.90 155.30 155.32 155.88 156.14 156.42 156.43 156.53 156.61 156.39 156.33 156.29 156.20 156.15 155.88 156.02 155.91 155.55 155.67 155.52 155.59 155.86 156.10 155.86 156.40 156.08 156.03 155.79 155.59 156.61 155.64 155.98 156.23 156.78 157.22 157.39 157.46 157.44 157.45 157.40 157.39 157.45 157.31 157.36 156.99
-15°N ||     157.22 155.98 156.89 156.65 156.98 157.15 157.20 157.46 157.34 157.39 157.37 157.09 156.93 156.99 157.14 157.38 156.11 156.96 157.13 156.28 156.07 155.74 155.43 155.10 154.68 154.14 153.24 151.77 150.32 149.89 150.34 150.93 151.12 151.39 151.55 151.49 151.68 151.72 151.00 150.66 150.62 151.21 151.58 151.92 152.46 153.06 153.49 153.81 154.04 154.21 154.22 154.65 154.85 154.85 154.49 154.36 153.94 154.97 154.21 155.14 155.54 156.40 156.14 155.61 155.04 155.23 155.87 155.07 155.13 157.16 157.06 157.42 157.39 157.43 157.23 157.28 157.09 157.30 157.40 157.44 157.42 157.41 157.44 157.24 157.45 157.45 157.44 157.48 157.45 157.43 157.39 157.37 157.27 157.04 156.91 156.92 156.83 156.63 156.11 156.61 155.96 156.08 155.94 155.59 155.73 155.44 155.61 155.59 155.44 155.54 155.97 155.48 155.30 155.29 155.40 155.04 156.01 156.78 156.81 156.85 156.42 156.87 156.85 156.75 156.96 157.13 157.00 157.23 156.79 156.44 156.25 155.36 155.27 155.34 155.65 155.51 155.25 155.44 155.49 155.94 156.25 156.46 156.39 156.40 156.50 156.37 156.15 156.23 155.90 156.05 155.88 156.09 155.46 155.14 156.12 156.30 155.61 156.24 156.30 156.03 156.09 155.96 155.59 155.83 156.30 156.43 156.29 156.32 156.58 157.41 157.43 156.94 157.35 157.41 157.25 157.33 157.35 157.12 156.91 157.06
-13°N ||     157.27 157.26 157.03 156.77 156.99 157.32 157.48 157.40 157.46 157.41 157.45 157.28 157.20 157.33 157.31 157.37 157.01 156.98 156.85 156.52 156.22 155.82 155.48 155.11 154.58 153.89 152.85 150.82 148.65 148.22 149.38 150.47 150.83 150.94 151.03 151.75 151.50 151.46 150.84 150.56 150.60 151.88 151.09 151.61 152.17 152.70 153.24 153.57 153.83 154.01 154.05 154.84 154.21 155.41 156.53 156.48 156.42 155.55 155.64 155.19 155.64 155.67 155.57 155.83 155.65 156.19 157.04 156.93 156.53 155.68 156.55 157.31 157.44 157.48 157.47 157.21 157.37 157.14 156.92 157.38 157.42 157.41 157.43 157.42 157.48 157.47 157.43 157.48 157.45 157.40 157.47 157.45 157.37 157.20 157.35 157.09 156.92 156.69 156.54 156.55 156.51 156.23 155.84 155.63 155.43 155.92 155.50 155.49 155.37 155.30 155.34 155.52 155.10 155.51 155.40 155.65 155.69 156.50 156.68 156.54 156.62 156.82 156.72 156.71 156.43 156.87 156.92 156.93 156.74 156.54 155.51 155.25 154.94 155.49 155.38 155.61 155.18 155.36 156.05 156.08 156.55 156.42 156.52 156.42 156.47 156.38 156.01 155.83 155.76 155.82 155.78 155.55 155.94 155.47 156.35 156.32 155.79 155.78 156.14 156.25 155.96 156.05 155.66 155.52 155.87 156.80 156.84 156.98 157.27 157.47 157.41 157.25 157.21 157.28 157.31 157.20 157.05 157.28 157.07 157.27
-11°N ||     157.07 157.31 156.98 156.95 157.37 157.42 157.48 157.36 157.46 157.42 157.48 157.46 157.47 157.30 157.45 157.35 157.33 157.13 156.99 156.69 156.34 156.05 155.55 155.11 154.42 153.76 152.81 151.04 148.71 147.11 147.96 150.45 150.72 150.74 150.66 151.33 151.25 150.95 150.46 150.22 150.69 151.05 150.98 151.52 151.98 152.43 153.18 153.41 153.63 153.88 153.75 154.48 157.26 156.92 154.95 154.78 154.73 153.16 152.94 154.09 154.82 155.04 155.35 155.59 156.08 155.96 156.16 157.11 156.75 156.96 155.28 156.81 155.26 157.23 157.43 156.66 156.84 157.22 157.04 157.01 157.38 157.38 157.34 157.41 157.36 157.42 157.29 157.44 157.43 157.48 157.47 157.44 157.39 157.29 157.13 157.14 157.16 156.82 155.66 156.07 156.55 156.62 156.11 155.86 155.75 155.42 155.39 155.49 155.27 155.32 155.78 155.47 155.57 155.28 155.55 155.71 155.64 155.90 156.29 156.09 156.24 156.51 156.47 156.38 156.05 156.79 156.74 156.93 156.71 156.68 156.39 155.59 155.02 155.26 155.21 155.77 155.42 155.89 156.24 156.27 156.66 156.56 156.39 156.47 156.48 156.43 156.30 156.34 156.07 156.04 155.86 155.50 155.08 155.58 155.50 155.76 156.17 156.26 155.99 156.41 156.15 156.64 156.88 156.56 156.76 157.43 156.91 157.24 157.38 157.43 157.36 157.31 157.06 157.15 156.99 156.86 156.84 157.38 157.28 157.45
-9°N ||     157.47 157.45 157.44 157.12 156.96 157.45 157.35 157.46 157.33 157.27 157.41 157.43 157.48 157.46 157.46 157.41 157.39 157.27 157.14 156.82 156.57 156.13 155.77 155.24 154.65 153.92 153.05 152.21 149.08 146.21 146.20 149.40 150.59 150.60 150.68 150.56 151.00 150.76 150.80 150.46 150.60 151.26 153.04 154.78 153.55 152.49 153.12 153.75 153.70 154.14 156.00 156.16 156.31 154.80 156.21 153.70 152.74 154.73 153.41 154.75 155.03 155.19 155.87 155.80 156.27 156.45 156.68 156.64 156.42 156.77 155.23 155.20 154.99 155.89 156.26 156.82 157.36 157.17 157.13 156.41 157.02 157.39 157.31 157.26 157.33 157.24 157.14 157.43 157.37 157.31 157.26 157.46 157.46 157.44 157.29 157.08 157.15 156.95 156.37 156.27 156.58 156.31 155.97 156.15 156.12 155.69 155.40 155.80 156.89 157.20 155.55 155.86 155.71 155.81 155.78 155.64 155.67 155.77 156.04 156.12 156.09 155.91 156.13 155.93 155.89 156.02 156.30 156.64 156.68 156.68 156.34 155.92 155.02 155.89 155.90 155.31 156.19 156.44 155.85 156.31 156.62 156.65 156.77 156.57 156.57 156.35 156.26 156.65 156.54 156.14 155.35 155.58 155.09 155.87 156.29 156.12 156.33 156.72 156.32 156.49 156.94 157.45 157.39 157.43 157.41 157.38 157.42 157.47 157.38 157.35 157.26 157.12 156.96 156.29 156.64 156.70 157.02 156.43 157.31 157.40
-7°N ||     157.35 157.38 157.42 157.41 156.49 156.78 157.24 157.14 156.71 157.03 157.15 157.34 157.45 157.43 157.46 157.42 157.46 157.42 157.26 157.03 156.72 156.34 155.96 155.38 154.80 154.25 153.54 152.92 149.67 147.03 147.60 148.86 150.25 150.51 150.70 150.92 150.47 150.48 150.92 150.47 153.98 154.33 151.50 155.65 154.85 154.79 155.28 157.02 155.13 155.93 154.92 153.38 156.22 155.26 157.22 156.82 156.56 155.49 154.57 155.24 155.37 155.40 155.73 155.92 156.74 156.52 156.04 156.75 156.52 156.69 156.55 155.13 155.24 155.79 155.46 155.93 156.43 157.29 157.32 157.11 157.08 157.21 157.16 157.35 157.30 157.33 157.43 157.47 157.43 157.46 157.47 157.41 157.46 157.44 157.43 157.45 157.45 157.13 156.67 156.82 155.96 155.91 156.06 156.15 155.42 155.93 156.10 155.79 155.79 155.85 156.07 156.05 156.21 155.49 155.60 155.62 155.62 156.16 156.22 156.03 155.64 155.46 155.56 155.33 155.78 156.31 156.07 156.22 156.64 156.65 156.53 156.40 155.39 155.30 155.74 155.98 156.03 156.14 155.99 156.38 156.65 156.58 156.85 156.80 156.75 156.79 156.86 156.89 156.86 157.07 155.13 154.96 155.14 155.87 155.40 156.66 157.47 157.12 157.25 157.22 157.47 157.36 157.45 157.48 157.22 156.96 157.19 157.01 156.98 157.03 156.99 157.00 156.83 156.57 156.34 156.33 156.86 157.04 157.19 157.35
-5°N ||     157.30 157.20 157.08 157.13 157.32 156.41 156.50 156.52 156.33 156.93 157.19 157.47 157.32 157.31 157.14 157.00 156.98 157.31 157.34 157.34 157.02 156.70 156.29 155.72 155.22 154.64 154.07 153.13 151.90 150.28 149.05 149.27 150.25 150.40 150.78 151.04 151.02 152.06 151.29 150.65 151.00 151.32 151.78 156.30 154.49 156.61 154.35 155.37 154.45 153.65 153.19 156.38 156.46 157.03 156.79 153.75 154.14 155.33 157.24 155.95 155.64 155.79 155.91 155.96 156.65 156.28 156.99 156.51 156.62 156.88 157.33 157.19 156.03 157.48 157.48 156.20 155.83 156.21 157.45 157.37 156.52 156.94 157.02 157.17 157.22 157.37 157.45 157.44 157.32 157.43 157.47 157.48 157.42 157.35 157.43 157.47 157.45 157.44 157.26 157.32 156.65 155.71 155.91 156.10 156.44 156.15 156.04 155.97 156.11 155.94 156.53 156.61 156.46 155.71 155.53 155.60 155.36 155.59 155.33 155.92 155.60 155.93 155.67 155.68 155.94 155.74 156.31 155.95 156.48 156.55 156.40 155.85 155.99 155.45 155.93 156.11 156.44 156.36 156.47 156.60 156.49 156.72 157.13 157.16 156.98 156.98 157.43 157.27 156.91 156.70 156.12 155.67 156.46 156.37 156.26 156.78 157.08 157.47 155.77 156.97 157.21 157.46 157.32 157.17 157.16 156.76 156.74 156.85 156.84 156.73 156.66 156.70 156.44 156.45 156.46 156.38 156.33 156.63 156.93 157.15
-3°N ||     157.13 157.17 156.92 156.86 157.04 156.02 156.00 156.19 156.71 156.50 157.36 157.44 156.89 156.37 156.45 156.25 157.40 157.35 157.35 157.46 157.40 156.99 156.87 156.32 155.68 155.10 154.56 153.60 152.88 151.54 150.55 150.37 150.09 150.07 150.87 151.32 151.65 151.82 151.86 151.41 151.21 151.80 152.20 153.13 153.45 153.51 154.18 154.22 154.04 153.71 153.45 153.22 153.75 155.72 155.24 154.31 154.95 155.49 155.83 156.73 155.61 156.34 156.29 156.47 156.64 156.74 157.15 157.02 157.15 157.37 157.46 157.48 155.25 157.31 157.39 156.45 156.80 156.67 157.24 157.17 157.00 157.00 156.53 156.92 157.20 157.30 157.22 157.36 157.37 157.40 157.43 157.47 157.48 157.48 157.46 157.44 157.18 157.45 157.44 157.45 156.88 156.31 156.12 156.29 156.58 156.11 156.26 156.46 156.40 156.42 156.66 156.66 156.37 156.08 155.90 155.44 155.14 156.38 156.13 155.95 155.85 155.96 155.78 156.14 155.62 155.97 155.72 156.40 156.46 156.67 156.23 156.38 156.28 156.14 156.55 157.11 156.21 156.85 156.74 156.48 156.72 156.79 157.35 157.36 157.07 157.47 157.41 157.13 156.86 156.59 156.02 156.23 156.11 156.30 156.51 157.25 156.88 157.15 157.02 157.35 157.03 157.13 157.17 157.25 157.07 156.72 156.91 157.17 156.47 156.42 156.46 156.32 156.26 156.20 156.21 156.19 156.28 156.41 156.80 156.86
-1°N ||     156.76 156.84 156.76 156.53 156.41 155.98 155.96 156.27 156.43 157.10 157.44 157.37 156.96 156.44 156.03 156.82 157.32 157.08 157.19 157.47 157.46 157.36 157.18 156.78 156.24 155.45 154.79 154.05 153.33 152.56 151.48 150.90 149.57 148.23 151.08 151.52 151.80 152.07 152.24 152.27 152.31 153.20 153.58 153.91 154.19 154.78 155.11 155.34 155.61 155.79 154.99 156.52 156.45 154.32 154.46 154.76 155.63 155.97 156.06 157.00 156.37 156.62 156.62 156.61 156.84 156.93 156.91 157.01 157.24 157.47 156.74 157.47 155.72 155.61 157.06 157.06 157.21 157.17 157.10 156.82 156.26 156.50 156.66 157.13 157.07 157.12 157.24 157.36 157.42 157.43 157.41 157.34 157.46 157.47 157.47 157.45 157.11 157.44 157.43 157.45 156.92 156.74 156.57 156.36 156.58 156.52 156.48 156.66 156.72 156.78 156.92 156.90 156.25 156.02 155.99 155.65 155.35 156.42 156.20 156.17 156.19 155.78 155.85 155.64 156.01 156.08 156.26 156.40 156.92 156.80 156.47 155.93 156.45 156.55 157.05 157.10 156.91 157.31 156.78 156.62 156.82 156.96 157.38 157.41 157.43 157.48 157.44 156.76 157.04 156.61 156.47 156.56 157.15 157.20 157.40 157.16 156.84 156.65 156.87 156.94 156.53 156.72 157.05 157.07 156.71 156.86 157.21 156.86 156.52 156.38 156.34 156.29 156.27 156.19 156.16 156.18 156.36 156.33 156.53 156.69
1°N ||     156.64 156.80 156.54 156.19 156.30 156.14 155.96 155.83 156.38 156.90 157.39 157.36 156.59 156.04 156.02 156.40 156.70 156.90 157.43 157.33 157.47 157.47 157.21 156.56 156.03 155.88 155.21 154.26 153.42 153.12 152.67 152.09 149.95 147.65 148.43 151.80 151.96 152.10 152.43 152.78 153.21 153.55 153.81 154.15 154.58 155.12 155.47 155.84 156.40 156.68 155.32 154.24 154.05 154.46 154.79 155.43 155.89 156.33 156.39 156.80 156.54 156.78 157.30 156.76 156.88 157.00 156.87 156.87 157.31 157.46 157.40 155.87 154.98 155.08 157.34 157.20 157.19 157.11 157.26 156.17 157.31 156.24 156.92 157.19 156.85 156.98 157.20 157.37 157.27 157.42 157.42 157.38 157.45 157.45 157.47 157.47 157.44 157.25 157.27 157.13 157.11 157.16 156.95 156.95 156.66 156.44 156.50 157.01 156.88 156.85 156.83 156.47 156.59 156.47 156.06 155.87 156.21 156.19 155.89 156.32 156.11 155.95 156.04 156.06 156.05 156.16 156.34 156.58 156.62 156.83 157.17 157.03 157.36 157.34 157.27 157.37 157.17 157.17 157.30 157.10 157.37 157.43 157.48 157.48 157.44 157.41 157.07 157.02 157.08 156.79 157.01 157.25 157.24 157.26 157.21 157.14 156.82 156.62 156.73 156.55 156.71 156.72 156.86 156.62 156.67 156.82 157.03 156.61 156.46 156.40 156.33 156.27 156.26 156.21 156.19 156.18 156.16 156.24 156.32 156.45
3°N ||     156.13 156.23 156.17 156.04 155.90 155.83 155.87 155.97 156.09 156.90 157.09 157.01 155.99 155.83 155.86 156.10 156.31 157.30 157.23 157.10 157.28 157.42 157.02 156.36 155.70 156.47 155.72 153.65 153.44 153.55 153.40 153.54 153.01 149.68 151.09 152.09 151.84 151.97 152.49 152.97 153.41 153.66 153.87 153.85 155.00 155.47 155.99 156.33 156.65 157.11 157.17 155.93 155.30 155.54 155.94 156.29 156.51 156.62 156.70 156.97 156.88 156.78 156.51 157.33 157.34 157.13 157.24 157.45 157.47 157.41 157.38 157.27 155.51 155.34 155.83 156.23 156.12 156.38 156.59 156.61 157.05 157.23 156.89 157.08 157.18 156.82 157.26 157.41 157.33 157.36 157.26 157.37 157.39 157.44 157.47 157.47 157.47 157.37 157.44 157.35 157.32 157.34 157.34 157.17 157.16 156.64 156.92 157.24 157.45 156.80 156.95 156.70 156.33 156.30 156.16 156.57 156.37 156.37 156.06 156.35 156.17 156.02 155.99 156.12 156.13 156.21 156.45 156.59 156.83 156.95 157.43 157.33 157.09 156.90 156.56 157.02 157.45 157.41 157.32 157.44 157.46 157.43 157.43 157.47 157.47 157.31 157.29 157.18 157.06 156.78 157.36 157.14 157.23 157.36 157.30 156.87 156.72 156.59 156.56 156.47 156.77 156.50 156.61 156.53 156.57 156.75 156.67 156.51 156.45 156.41 156.39 156.30 156.26 156.24 156.24 156.20 156.17 156.14 156.11 156.09
5°N ||     156.15 156.02 155.78 155.99 155.80 155.77 155.84 155.87 155.98 156.40 156.62 156.73 155.83 155.69 155.68 155.83 156.71 157.41 156.78 156.95 157.39 157.16 156.61 156.20 156.50 156.63 156.40 155.11 153.56 153.46 153.68 154.13 154.40 154.04 153.08 152.43 151.65 151.46 152.61 153.25 153.68 153.91 154.04 153.79 155.21 156.03 156.42 156.69 157.04 157.39 157.48 156.40 156.37 156.66 156.85 156.98 156.97 157.00 157.04 157.18 157.33 157.05 156.70 156.84 157.09 157.40 157.45 157.48 157.47 157.36 157.03 155.79 157.00 156.23 155.43 155.82 156.43 157.00 157.12 157.04 157.24 157.04 157.19 157.10 156.79 157.12 157.17 157.38 157.32 157.37 157.39 157.38 157.47 157.48 157.47 157.48 157.48 157.48 157.44 157.36 157.32 157.35 157.29 157.34 157.28 157.25 157.30 157.24 157.30 156.66 156.83 156.09 156.29 156.18 156.38 156.23 156.26 156.40 156.33 156.31 156.18 156.05 155.94 155.99 156.54 156.28 156.43 156.70 156.99 157.34 157.28 155.56 155.41 155.40 155.44 155.63 156.21 157.26 157.42 157.41 157.46 157.36 157.42 157.48 157.46 157.38 157.28 157.27 156.90 156.98 157.17 157.25 157.13 157.10 156.98 156.94 156.67 156.57 156.49 156.48 156.53 156.58 156.52 156.52 156.51 156.52 156.51 156.53 156.45 156.44 156.43 156.36 156.31 156.28 156.26 156.21 156.17 156.15 156.11 156.07
7°N ||     156.09 156.01 155.94 155.91 155.81 155.78 155.78 155.80 155.87 156.12 156.44 156.06 155.68 155.59 155.56 155.80 156.88 156.37 156.47 156.91 157.47 157.24 157.31 157.13 157.00 156.95 156.64 155.85 153.14 153.31 153.68 154.55 154.83 154.55 153.85 152.89 150.71 150.68 153.10 153.62 153.93 154.12 154.26 154.55 155.78 156.18 156.51 156.85 157.16 157.40 157.48 157.47 156.97 156.94 156.93 156.96 157.09 157.20 157.30 157.36 157.38 157.27 156.88 157.24 157.45 157.38 157.46 157.43 157.40 157.24 156.90 155.75 155.31 155.78 155.44 156.93 157.01 157.10 156.52 156.37 156.60 157.11 157.03 156.92 157.11 157.29 157.27 157.39 157.32 157.41 157.37 157.40 157.42 157.31 157.48 157.47 157.45 157.42 157.42 157.28 157.28 157.32 157.37 157.25 157.25 157.38 157.07 157.37 157.31 157.31 156.94 156.60 156.53 156.02 156.14 156.25 156.15 156.32 156.32 156.35 156.13 156.19 155.96 156.48 156.83 156.19 156.44 156.78 157.33 157.28 155.66 155.33 155.36 155.37 155.37 155.44 155.48 155.92 157.22 157.25 157.21 157.33 157.45 157.43 157.38 157.16 157.26 157.44 157.31 157.28 157.28 157.02 156.95 156.83 156.69 156.79 156.54 156.47 156.54 156.48 156.44 156.56 156.53 156.54 156.50 156.50 156.53 156.52 156.53 156.51 156.49 156.54 156.38 156.31 156.34 156.22 156.15 156.12 156.09 156.05
9°N ||     156.02 155.91 156.10 156.02 155.79 155.79 155.77 155.81 155.71 156.02 156.29 155.77 155.57 155.51 155.54 156.02 156.35 156.04 156.54 157.28 157.38 157.47 157.48 157.44 157.35 157.13 156.87 155.98 153.73 153.63 154.25 155.15 155.12 155.31 154.82 153.36 150.10 148.47 152.36 153.93 154.11 154.35 154.60 155.02 155.69 156.19 156.57 156.93 157.17 157.41 157.48 157.47 157.43 157.15 157.08 157.09 157.19 157.29 157.36 157.43 157.47 157.45 157.31 157.30 157.46 157.43 157.23 157.20 157.13 156.69 155.79 155.71 155.84 155.37 156.62 156.67 156.57 156.70 156.35 157.00 156.99 157.07 157.12 157.04 156.93 157.13 157.22 157.08 157.21 157.18 157.35 157.39 157.44 157.40 157.46 157.28 157.40 157.45 157.44 157.33 157.23 157.20 157.02 156.95 157.30 157.41 157.41 157.18 157.13 157.01 156.96 156.95 156.81 156.97 156.67 156.39 156.26 156.30 156.30 156.00 156.21 156.13 155.83 157.08 156.30 156.18 156.57 157.01 157.45 156.58 155.51 155.30 155.28 155.29 155.33 155.37 155.42 155.58 156.11 156.69 156.99 156.91 157.46 157.46 157.46 157.44 157.45 157.39 157.43 157.42 157.13 156.82 156.59 156.84 156.56 156.43 156.53 156.55 156.64 156.62 156.19 156.72 156.76 156.68 156.57 156.52 156.64 156.59 156.69 156.64 156.63 156.43 156.40 156.32 156.38 156.23 156.16 156.11 156.07 156.07
11°N ||     155.97 155.97 155.97 155.96 155.74 155.73 155.67 155.70 155.56 155.64 155.76 155.49 155.45 155.47 155.51 155.57 155.99 155.97 156.56 157.11 157.28 157.37 157.47 157.45 157.32 157.16 156.78 155.94 155.15 155.48 155.41 155.39 155.40 155.40 155.50 155.37 150.78 146.10 147.21 153.92 154.29 154.55 154.85 155.25 155.69 156.24 156.71 157.00 157.28 157.41 157.48 157.46 157.47 157.29 157.21 157.19 157.28 157.37 157.41 157.46 157.48 157.41 157.36 157.36 157.42 157.30 156.94 156.70 156.48 156.64 155.40 155.60 156.67 155.34 155.83 156.72 155.71 156.88 157.02 156.77 157.04 157.11 157.21 157.27 157.14 157.09 156.91 157.08 157.11 157.10 157.35 157.38 157.36 157.37 157.22 157.47 157.26 157.46 157.47 157.48 157.46 157.42 157.23 156.98 157.40 157.36 157.36 157.28 157.46 156.94 157.14 157.10 157.06 157.20 156.93 156.45 156.24 156.48 156.68 156.16 156.34 156.24 156.02 155.89 156.07 156.49 156.84 157.25 157.40 156.27 155.31 155.26 155.22 155.28 155.36 155.37 155.46 155.52 155.88 156.48 156.74 157.44 157.34 157.39 157.42 157.28 157.11 156.96 156.97 156.91 156.73 156.52 156.32 156.28 156.45 156.36 156.46 156.47 156.70 156.81 156.95 157.09 157.05 157.00 156.91 156.84 156.81 156.81 156.78 156.44 157.14 156.62 156.45 156.44 156.44 156.18 156.14 156.16 156.57 156.10
13°N ||     156.09 155.91 156.31 156.30 155.76 155.78 155.66 155.59 155.55 155.50 155.44 155.38 155.38 155.40 155.42 155.56 155.71 156.06 157.16 157.09 157.22 157.42 157.46 157.46 157.30 157.07 156.80 156.45 155.70 155.70 155.57 155.56 155.54 155.64 155.82 155.99 155.19 147.51 148.54 153.00 154.08 154.80 155.18 155.46 152.40 156.50 156.86 157.11 157.32 157.41 157.48 157.47 157.46 157.33 157.29 157.32 157.38 157.42 157.45 157.47 157.47 157.48 157.37 157.48 157.34 156.81 156.56 156.32 156.21 155.58 155.47 155.60 156.23 156.34 156.56 155.79 156.42 156.59 157.04 157.25 157.27 157.08 157.21 157.15 157.16 157.16 155.47 157.13 156.34 157.21 157.37 157.34 157.34 157.15 157.16 157.47 157.47 157.46 157.43 157.42 157.44 157.42 157.35 157.39 157.43 157.47 157.41 157.43 157.35 157.26 157.29 157.44 157.22 157.16 157.05 156.87 156.65 156.76 156.89 156.82 156.66 156.35 156.26 156.29 156.38 156.59 157.00 157.42 157.20 156.17 155.31 155.27 155.28 155.32 155.37 155.38 155.43 155.49 155.74 156.29 156.55 157.08 157.06 156.99 157.01 156.91 156.94 156.55 156.70 156.44 156.34 156.25 156.07 155.97 155.94 156.18 156.25 156.51 156.86 157.21 157.43 157.47 157.40 157.38 157.26 157.14 157.09 156.92 156.96 156.92 156.88 157.05 156.47 156.50 156.39 156.35 156.19 156.22 156.98 156.42
15°N ||     156.07 155.90 155.87 155.67 155.71 155.79 155.60 155.48 155.45 155.40 155.35 155.27 155.28 155.30 155.30 155.46 156.03 156.50 157.00 157.06 157.45 154.92 150.33 149.75 152.14 156.96 156.69 156.59 156.36 155.88 155.79 155.67 155.68 155.75 155.84 155.95 155.96 154.66 152.55 152.95 154.32 155.00 155.44 155.71 156.17 156.77 156.98 157.19 157.33 157.41 157.48 157.47 157.45 157.36 157.37 157.37 157.41 157.45 157.47 157.47 157.48 157.48 157.46 157.42 156.77 156.46 156.25 156.10 156.06 155.63 155.40 155.54 155.86 156.13 155.78 156.22 156.33 156.58 156.76 156.86 156.64 157.10 157.42 156.06 157.07 157.15 157.09 157.16 157.15 157.12 156.53 157.02 157.26 157.35 157.18 157.42 157.40 157.38 157.34 157.27 157.31 157.39 157.47 157.44 157.47 157.47 157.37 157.30 157.42 157.15 157.33 157.35 157.35 157.41 157.12 157.05 156.86 156.72 156.80 156.81 156.62 156.71 156.54 156.60 156.69 156.87 157.16 157.47 156.84 155.38 155.33 155.38 155.29 155.34 155.39 155.41 155.47 155.51 155.71 156.14 156.41 156.54 156.71 156.76 156.80 156.76 156.66 156.52 156.26 156.18 156.06 155.95 155.95 155.87 155.85 155.89 156.19 156.59 157.11 157.42 157.48 157.43 157.33 157.43 157.47 157.37 157.24 157.13 157.11 157.03 156.97 156.93 156.73 156.54 156.49 156.40 156.33 156.11 156.64 155.47
17°N ||     155.96 155.81 155.77 155.65 156.11 155.64 155.60 155.52 155.39 155.35 155.29 155.23 155.20 155.21 155.17 155.82 156.28 156.37 156.81 156.79 157.02 149.42 146.35 145.71 147.62 154.45 156.65 156.61 156.84 156.37 156.08 155.80 155.73 155.79 155.86 155.96 155.98 155.76 154.61 154.47 154.99 155.23 155.52 155.81 156.25 156.80 157.08 157.26 157.37 157.44 157.47 157.45 157.46 157.26 157.30 157.35 157.44 157.46 157.47 157.48 157.48 157.47 157.38 156.97 156.68 156.22 156.02 155.81 155.59 155.53 155.69 155.52 155.60 155.80 155.71 156.06 156.44 156.37 156.50 156.89 157.04 157.30 156.92 156.44 157.18 157.12 157.10 155.73 157.07 156.86 157.09 157.10 157.22 157.36 157.29 157.20 157.27 157.26 157.27 157.15 157.18 157.29 157.46 157.47 157.39 157.42 157.42 157.43 157.41 157.29 157.39 157.40 157.33 157.23 157.19 157.11 156.92 156.35 156.69 156.80 156.83 156.82 156.77 156.83 156.89 157.04 157.45 157.45 156.72 155.53 155.38 155.34 155.37 155.40 155.42 155.41 155.46 155.59 155.72 155.91 156.15 156.09 156.27 156.28 156.31 156.15 156.12 156.04 155.95 155.87 155.81 155.81 155.80 155.72 155.76 155.77 155.98 156.63 157.11 157.48 157.39 157.14 156.93 156.94 157.22 157.46 157.33 157.28 157.29 157.19 157.06 156.89 156.72 156.57 156.60 156.42 156.08 156.09 156.20 155.93
19°N ||     155.97 155.80 155.68 155.62 155.57 155.65 155.61 155.49 155.36 155.31 155.24 155.17 155.15 155.14 155.11 155.72 156.22 156.57 157.26 157.02 157.41 149.55 146.42 145.90 147.30 154.62 156.89 157.01 157.05 156.93 156.41 155.94 155.66 155.58 155.59 155.87 156.02 155.98 155.51 155.33 155.43 155.50 155.59 155.80 156.12 156.64 157.15 157.31 157.41 157.44 157.47 157.44 157.48 157.46 157.27 157.38 157.44 157.46 157.48 157.48 157.40 157.47 157.25 156.69 156.27 155.98 155.67 155.58 155.41 155.40 155.32 155.41 155.45 155.55 155.63 156.07 156.20 156.16 155.82 156.76 156.98 157.12 156.93 156.95 155.84 157.23 157.15 157.30 157.12 157.07 157.05 157.04 156.68 157.19 157.22 157.14 157.20 157.20 157.21 157.17 157.15 157.35 156.43 157.38 157.28 157.44 157.45 157.44 157.47 157.45 157.40 157.33 157.19 157.16 157.18 157.33 156.78 156.92 156.75 157.02 157.15 157.29 156.84 156.89 156.96 157.12 157.43 157.33 157.17 156.30 155.69 155.42 155.46 155.46 155.48 155.52 155.53 155.57 155.66 155.74 155.77 155.79 155.70 155.80 155.79 155.82 155.72 155.71 155.70 155.64 155.59 155.63 155.54 155.57 155.59 155.73 155.92 156.65 157.33 157.44 157.01 156.64 156.53 156.79 156.83 155.99 157.46 157.41 157.35 157.26 157.12 156.92 156.73 156.57 156.51 156.25 156.60 155.99 156.04 155.91
21°N ||     155.61 155.70 155.72 155.53 155.44 155.44 155.45 155.37 155.27 155.24 155.16 155.14 155.10 155.09 155.09 155.74 156.24 157.08 157.26 156.90 157.22 151.53 149.24 148.41 150.17 156.42 157.24 157.25 157.19 157.00 156.64 156.14 155.64 155.37 155.17 155.07 155.95 155.96 155.80 155.65 155.61 155.63 155.69 155.84 156.11 156.62 157.12 157.30 157.37 157.43 157.43 157.48 157.43 157.29 157.31 157.38 157.40 157.45 157.46 157.46 157.46 157.42 157.04 156.64 156.21 155.56 155.49 155.44 155.35 155.33 155.32 155.36 155.48 155.47 155.57 155.88 155.97 155.93 156.33 156.77 156.77 156.46 156.83 156.98 157.25 156.94 156.76 157.13 157.09 157.00 157.09 157.08 157.18 157.20 157.04 157.12 157.18 157.16 157.16 157.17 157.07 157.35 157.43 157.26 157.45 157.43 157.19 157.31 157.46 157.43 157.30 157.15 157.16 157.20 157.19 157.33 157.02 157.02 156.18 157.21 157.25 157.22 156.64 156.80 157.05 157.12 157.40 157.30 157.46 157.27 156.43 156.23 155.81 155.71 155.71 155.57 155.58 155.58 155.59 155.62 155.60 155.53 155.55 155.54 155.53 155.56 155.50 155.47 155.47 155.51 155.47 155.49 155.47 155.54 155.51 155.52 155.70 156.56 157.39 157.25 156.51 156.31 156.23 156.21 156.68 157.21 157.46 157.47 157.42 157.30 157.09 156.93 156.75 156.63 156.39 156.32 156.60 155.94 155.93 155.82
23°N ||     155.65 155.60 155.55 155.47 155.41 155.34 155.30 155.23 155.19 155.17 155.12 155.11 155.09 155.09 155.08 155.70 156.47 157.19 156.94 156.67 156.64 156.04 154.51 153.93 156.83 157.48 157.40 157.36 157.26 156.92 156.54 156.15 155.73 155.26 154.97 154.88 155.67 155.97 155.90 155.65 155.64 155.43 155.71 155.90 155.94 156.80 157.02 157.21 157.29 157.37 157.42 157.46 157.48 157.38 157.45 157.38 157.29 156.47 156.75 157.26 157.38 157.48 156.99 156.60 156.15 155.60 155.42 155.36 155.29 155.26 155.32 155.27 155.50 155.40 155.42 155.64 155.69 155.67 155.76 156.31 156.73 157.08 157.25 157.06 157.18 157.05 157.05 157.04 157.06 157.19 156.98 156.93 157.02 157.11 156.93 156.87 156.69 157.30 157.00 157.03 157.16 157.32 157.43 157.32 157.30 157.36 157.36 157.41 157.46 157.47 157.43 157.28 157.28 157.16 157.14 157.18 157.23 157.00 156.36 157.15 157.23 157.07 157.47 157.39 157.04 157.01 157.22 157.36 157.42 157.45 157.24 156.93 156.59 156.28 155.94 155.70 155.60 155.55 155.50 155.48 155.49 155.36 155.45 155.35 155.32 155.29 155.26 155.30 155.21 155.27 155.25 155.29 155.31 155.31 155.29 155.38 155.45 156.39 157.41 157.17 156.63 156.23 156.05 154.38 155.28 156.73 157.36 157.48 157.41 157.29 157.09 156.90 156.67 156.49 156.24 156.39 156.06 155.95 156.22 155.71
25°N ||     155.59 155.55 155.56 155.40 155.30 155.30 155.24 155.22 155.19 155.15 155.12 155.11 155.10 155.09 155.08 155.64 156.68 157.02 156.94 157.13 156.62 156.77 156.82 156.85 157.21 157.45 157.29 157.41 157.15 156.77 156.33 156.02 155.56 155.16 154.90 154.38 154.43 155.87 155.95 155.63 155.74 155.66 155.77 154.98 156.24 156.83 157.11 157.20 157.25 157.30 157.20 157.39 157.38 157.28 157.39 157.42 157.44 157.42 157.19 156.23 156.07 157.18 156.76 155.93 155.63 155.39 155.32 155.31 155.27 155.24 155.25 155.28 155.33 155.39 155.60 155.52 155.54 155.48 155.38 155.98 156.28 156.90 157.02 156.82 156.75 156.99 156.91 156.98 156.95 157.14 157.01 156.77 156.96 156.94 156.92 156.54 156.83 156.98 157.09 157.00 157.35 157.32 157.22 157.32 157.29 157.12 157.24 157.41 157.40 157.45 157.42 157.47 157.46 157.34 157.41 157.22 157.33 156.74 156.93 156.48 156.83 156.76 156.78 157.02 157.05 157.15 157.10 157.01 157.41 157.36 157.34 156.88 156.90 156.53 155.91 155.63 155.55 155.41 155.37 155.34 155.27 155.25 155.21 155.15 155.09 155.03 154.99 154.99 155.00 155.04 155.08 155.11 155.09 155.13 155.19 155.26 155.38 155.55 157.09 157.33 156.56 156.18 154.42 148.42 154.16 156.60 157.37 157.48 157.42 157.27 156.94 156.95 156.62 156.41 156.10 156.06 155.94 155.96 155.74 155.67
27°N ||     155.47 155.42 155.39 155.42 155.26 155.33 155.18 155.16 155.15 155.14 155.12 155.11 155.11 155.11 155.10 155.48 156.53 157.00 156.93 157.00 157.06 156.97 157.41 157.29 157.27 157.42 157.47 157.25 156.95 156.64 156.19 155.84 155.48 155.08 154.41 154.32 154.64 156.05 156.24 155.84 156.00 155.98 156.02 155.00 155.91 156.81 157.05 157.15 157.20 157.09 156.93 157.02 157.38 157.48 157.38 157.20 157.22 156.99 156.87 156.16 156.65 157.26 155.66 155.53 155.43 155.38 155.38 155.32 155.24 155.23 155.38 155.28 155.28 155.35 155.53 155.33 155.47 155.41 155.35 155.37 156.02 156.29 156.50 156.62 156.57 156.82 156.98 157.05 156.96 156.94 156.88 156.85 156.93 156.98 156.87 157.01 156.78 156.87 157.19 157.34 156.73 157.39 157.24 157.23 157.47 156.94 157.38 157.36 157.40 157.47 157.47 157.46 157.47 157.41 157.46 157.47 157.37 157.35 157.26 157.08 157.25 157.46 157.00 157.21 157.20 156.85 156.63 157.21 157.33 157.40 157.28 157.08 156.67 156.08 155.68 155.48 155.33 155.32 155.26 155.20 155.15 155.07 155.02 154.93 154.86 154.85 154.82 154.85 154.86 154.90 154.94 154.94 155.00 155.07 155.16 155.24 155.35 155.51 156.17 157.44 156.92 156.36 155.54 154.85 155.61 157.16 157.47 157.44 157.36 157.20 157.10 156.65 156.45 156.26 156.02 155.87 155.86 155.80 155.67 155.54
29°N ||     155.35 155.32 155.27 155.23 155.18 155.18 155.15 155.13 155.12 155.12 155.11 155.09 155.10 155.20 155.09 155.12 155.67 156.70 157.12 157.09 157.08 157.00 157.41 157.46 157.12 157.32 157.40 157.17 156.87 156.48 156.10 155.73 155.46 155.04 153.84 154.21 155.20 156.07 156.20 156.01 156.29 156.35 156.31 156.42 156.63 156.84 157.08 157.18 157.18 156.87 156.94 157.14 157.16 157.48 157.46 157.42 157.41 157.08 156.96 156.62 156.70 156.27 155.79 156.01 156.31 155.54 155.47 155.37 155.27 155.23 155.28 155.23 155.26 155.23 155.26 155.30 155.36 155.33 155.28 155.25 155.27 155.90 156.15 156.38 156.29 156.73 156.89 154.99 156.86 156.94 156.80 156.57 156.83 156.77 157.02 156.97 156.83 156.85 157.16 157.15 157.29 157.12 157.26 157.21 157.40 157.43 157.46 157.47 157.44 157.46 157.47 157.47 157.38 157.20 157.27 157.29 157.46 157.34 157.29 157.24 157.36 157.20 157.09 157.19 156.94 157.24 157.27 157.15 157.18 156.97 156.82 156.51 155.93 155.73 155.54 155.33 155.28 155.19 155.10 155.02 154.94 154.88 154.80 154.75 154.73 154.69 154.70 154.77 154.74 154.80 154.82 154.89 154.95 155.05 155.11 155.16 155.26 155.36 155.76 157.09 157.45 157.14 156.64 156.61 157.06 157.47 157.43 157.37 157.28 157.15 156.73 156.53 156.25 156.03 155.83 155.68 155.66 155.62 155.47 155.40
31°N ||     155.20 155.24 155.17 155.16 155.15 155.15 155.13 155.09 155.08 155.09 155.10 155.08 155.07 155.07 155.07 155.09 155.40 155.93 156.27 156.35 156.63 156.77 157.09 157.17 156.95 157.45 157.32 157.11 156.70 156.40 156.02 155.89 155.37 155.09 154.59 154.65 155.25 156.14 156.18 156.18 156.39 156.50 156.64 156.65 156.78 156.92 157.06 157.21 157.14 156.68 157.14 157.22 157.26 157.38 157.44 157.47 157.46 157.44 157.30 156.75 156.86 156.39 156.18 155.98 155.72 155.69 155.51 155.43 155.40 155.26 155.24 155.25 155.21 155.17 155.20 155.13 155.29 155.25 155.20 155.25 155.26 155.35 155.70 155.52 155.95 156.25 156.68 156.94 156.73 156.64 156.58 156.72 156.84 156.91 156.41 156.74 156.95 157.14 157.20 156.97 157.30 157.27 157.14 157.15 157.30 157.37 157.47 157.44 157.45 157.46 157.48 157.47 157.40 157.29 157.34 157.35 157.47 157.36 157.43 157.38 157.43 157.30 157.27 157.18 157.38 157.35 157.27 156.99 157.08 156.82 156.49 155.97 155.84 155.56 155.42 155.29 155.17 155.06 154.92 154.84 154.79 154.74 154.73 154.68 154.68 154.68 154.68 154.68 154.68 154.73 154.80 154.84 154.85 154.97 154.99 155.05 155.14 155.23 155.50 155.93 157.00 157.34 157.44 157.46 157.20 157.12 157.27 157.25 157.16 157.03 157.23 155.44 155.93 156.69 155.59 155.93 155.46 155.42 155.39 155.25
33°N ||     155.11 155.51 155.17 155.16 155.11 155.12 155.11 155.08 155.09 155.08 155.07 155.05 155.05 155.05 155.02 155.03 155.06 155.35 155.99 156.83 156.67 156.69 156.60 156.76 157.42 157.39 157.25 157.00 156.77 156.20 155.87 155.57 155.15 154.77 154.46 154.57 155.17 156.03 156.34 156.43 156.57 156.70 156.76 156.83 156.74 156.91 156.91 156.79 156.78 156.90 157.14 157.30 157.32 157.28 157.42 157.48 157.45 157.42 157.44 157.41 157.42 157.41 157.02 156.02 156.02 155.53 155.44 155.41 155.38 155.29 155.21 155.10 155.11 155.11 155.14 155.06 155.10 155.09 155.10 155.21 155.12 155.14 155.30 155.55 155.82 156.15 156.49 156.72 156.41 156.62 156.65 157.02 156.74 156.75 156.71 156.95 156.86 157.14 156.93 156.85 157.36 157.38 157.20 157.43 156.91 157.47 157.41 157.47 157.46 157.41 157.31 157.43 157.46 157.40 157.45 157.45 157.47 157.43 157.46 157.37 157.37 157.31 157.36 157.42 157.41 157.22 157.21 156.91 156.66 156.23 156.06 155.76 155.61 155.44 155.31 155.18 155.04 154.89 154.81 154.76 154.69 154.68 154.68 154.68 154.68 154.68 154.68 154.68 154.68 154.77 154.74 154.77 154.83 154.92 155.01 154.94 154.98 155.07 155.17 155.29 155.50 155.78 155.95 156.33 156.59 157.07 156.71 156.94 156.99 156.80 156.69 155.98 155.68 155.59 155.44 155.37 155.33 155.24 155.19 155.14
35°N ||     155.04 155.09 155.08 155.11 155.09 155.10 155.08 155.08 155.08 155.07 155.05 155.04 155.04 155.04 155.00 155.04 155.00 155.06 155.44 157.39 156.98 156.75 156.92 157.38 157.30 157.39 157.23 156.98 156.58 156.03 155.50 154.90 154.34 154.06 153.88 153.83 154.27 154.94 156.02 156.60 156.77 156.83 156.89 156.87 156.28 156.49 157.01 157.14 156.94 156.85 157.13 157.05 156.94 157.07 157.35 157.48 157.44 157.38 157.37 157.35 157.33 157.36 157.06 156.05 155.61 155.49 155.43 155.43 155.35 155.27 155.24 155.08 155.14 155.06 155.05 154.99 155.00 154.95 155.00 155.06 155.08 155.12 155.11 155.56 155.73 156.03 156.14 156.27 156.47 156.37 156.90 156.84 156.79 156.48 156.28 156.99 156.86 157.03 156.88 157.07 157.04 157.12 157.17 157.24 157.27 157.44 157.48 157.21 157.48 157.36 157.42 157.40 157.43 157.39 157.34 157.31 157.42 157.45 157.44 157.26 157.23 157.28 156.75 156.96 157.09 156.75 156.77 156.64 156.32 156.08 155.82 155.60 155.50 155.34 155.23 155.07 154.95 154.82 154.73 154.68 154.68 154.68 154.68 154.69 154.69 154.69 154.68 154.68 154.68 154.68 154.70 154.86 154.78 154.85 154.88 154.89 154.94 155.01 155.03 155.11 155.18 155.32 155.39 155.44 155.61 155.71 155.99 156.43 156.63 156.54 156.50 156.09 156.03 155.48 155.40 155.33 155.24 155.12 155.06 155.03
37°N ||     154.98 155.06 155.05 155.11 155.05 155.07 155.05 155.05 155.07 155.06 155.04 155.03 155.03 155.04 155.05 155.06 155.07 155.11 155.14 156.89 156.93 157.04 157.29 157.45 157.31 157.41 157.25 157.00 156.64 155.76 154.72 153.95 153.22 152.77 152.76 153.14 153.54 153.67 154.67 155.92 156.71 156.99 157.02 156.99 156.92 156.80 156.91 157.03 157.13 157.33 156.93 156.82 156.70 156.55 157.02 157.41 157.45 157.40 157.36 157.39 157.32 157.38 156.76 155.94 155.62 155.51 155.44 155.39 155.34 155.23 155.20 155.12 155.09 155.00 154.98 154.92 154.86 154.88 154.89 154.96 154.93 154.96 155.02 155.05 155.21 155.33 155.37 155.52 155.81 155.52 156.45 156.61 156.82 156.86 156.64 156.82 156.67 156.44 156.98 156.58 156.90 156.66 157.04 156.46 156.91 156.92 157.25 157.40 157.44 157.44 157.41 157.37 157.37 157.26 157.27 157.27 157.36 157.45 156.65 156.93 157.07 157.26 157.13 157.22 156.76 156.61 156.52 156.46 156.03 155.87 155.65 155.46 155.36 155.27 155.08 154.95 154.89 154.76 154.70 154.68 154.68 154.69 154.70 154.70 154.70 154.71 154.70 154.68 154.68 154.68 154.68 154.68 154.70 154.77 154.72 154.74 154.84 154.94 154.94 155.05 155.15 155.22 155.38 155.45 155.63 155.69 155.89 156.12 156.28 156.27 156.31 155.98 156.09 155.38 155.34 155.26 155.12 155.10 155.03 155.02
39°N ||     155.01 155.03 155.02 155.05 155.28 155.04 155.03 155.17 155.04 155.04 155.06 155.05 155.07 155.07 155.08 155.09 155.09 155.06 155.18 155.57 157.14 157.31 157.00 157.40 157.45 157.44 157.34 157.14 156.50 155.21 153.90 152.77 152.06 151.96 151.62 151.87 153.11 153.36 153.81 155.04 156.38 157.02 157.12 157.09 156.88 156.97 156.83 156.10 156.99 157.03 157.01 156.86 156.57 156.31 156.64 157.18 157.46 157.46 157.42 157.43 157.19 157.15 157.11 156.36 155.60 155.46 155.42 155.39 155.29 155.21 155.12 155.04 155.03 154.93 154.88 154.85 154.83 154.81 154.80 154.81 154.89 154.88 154.90 154.93 155.01 155.29 155.19 155.35 155.64 155.69 155.86 156.26 156.27 156.35 156.41 156.67 156.82 156.88 156.41 156.61 156.47 155.59 156.48 157.04 156.29 157.15 157.25 157.28 157.38 157.35 157.46 157.40 157.17 157.34 157.36 157.46 157.44 157.48 156.75 156.71 156.68 156.71 156.67 156.51 156.47 156.37 156.24 156.02 155.90 155.68 155.52 155.36 155.32 155.13 155.03 154.89 154.82 154.75 154.68 154.68 154.69 154.71 154.72 154.71 154.71 154.72 154.70 154.70 154.69 154.69 154.68 154.68 154.68 154.68 154.69 154.71 154.75 154.88 155.03 155.00 155.11 155.19 155.31 155.44 155.61 155.61 155.75 155.86 155.93 156.01 156.07 156.40 157.08 155.33 155.28 155.26 155.12 155.04 155.01 155.04
41°N ||     155.01 155.00 154.99 155.00 155.02 155.03 155.05 155.03 155.05 155.06 155.05 155.04 155.06 155.04 155.09 155.07 155.10 155.25 155.33 155.58 156.09 156.54 156.95 157.19 157.40 157.48 157.45 157.20 156.45 155.02 153.56 152.65 152.34 152.26 151.52 151.92 152.98 153.56 154.15 155.40 156.55 157.08 157.14 157.11 156.56 157.04 156.90 156.61 156.87 156.78 156.79 156.66 156.65 156.77 156.96 157.11 157.39 157.47 157.46 157.47 157.36 157.13 157.11 156.49 155.75 155.40 155.35 155.41 155.25 155.15 155.09 154.99 154.94 154.88 154.82 154.78 154.76 154.75 154.74 154.75 154.77 154.78 154.82 154.74 154.78 154.94 155.07 155.12 155.30 155.27 155.68 155.34 155.59 155.84 155.77 156.25 156.49 156.01 156.71 156.31 155.48 155.47 155.53 156.75 156.44 157.23 157.22 157.07 157.04 157.20 157.35 157.18 156.15 156.73 157.35 157.19 156.49 157.30 156.57 156.69 156.61 156.63 156.27 156.21 156.08 156.17 155.97 155.92 155.68 155.48 155.40 155.35 155.23 155.11 154.93 154.84 154.75 154.71 154.68 154.68 154.69 154.72 154.72 154.72 154.72 154.71 154.71 154.70 154.70 154.69 154.68 154.68 154.68 154.68 154.68 154.69 154.74 154.78 154.87 154.95 155.07 155.20 155.28 155.39 155.55 155.54 155.60 155.68 155.69 155.84 156.60 156.27 156.56 155.43 155.29 155.18 155.15 155.05 155.05 155.00
43°N ||     155.01 154.97 154.97 154.99 155.01 155.01 155.03 155.04 155.04 155.04 155.05 155.01 155.03 155.02 155.07 155.09 155.16 155.26 155.50 155.88 156.24 156.55 156.87 157.10 157.30 157.42 157.48 157.42 156.96 155.99 154.66 153.57 153.05 152.89 152.77 152.92 153.52 153.92 155.71 156.76 157.22 157.32 157.23 157.20 157.22 156.84 157.07 156.52 156.82 156.85 156.78 156.89 156.36 156.82 157.25 157.17 157.29 157.47 157.45 157.29 157.31 157.27 157.09 156.47 155.77 155.36 155.24 155.21 155.15 155.08 154.97 154.92 154.82 154.79 154.80 154.75 154.71 154.73 154.70 154.70 154.72 154.72 154.78 154.77 154.75 154.87 154.91 155.06 155.11 155.08 155.17 155.22 155.23 155.35 155.54 155.88 156.05 156.21 155.71 155.57 155.40 155.49 156.06 155.59 156.07 155.63 155.82 155.64 157.24 157.32 157.34 156.49 157.22 157.40 156.33 156.27 156.46 156.60 156.54 156.36 156.31 156.29 155.87 155.66 155.91 155.91 155.86 155.60 155.45 155.40 155.44 155.24 155.22 155.07 154.93 154.79 154.72 154.71 154.68 154.68 154.70 154.71 154.71 154.69 154.71 154.70 154.70 154.69 154.75 154.68 154.68 154.68 154.68 154.68 154.68 154.68 154.72 154.74 154.90 154.95 155.07 155.19 155.34 155.39 155.45 155.51 155.60 155.55 155.57 155.74 156.02 156.27 156.76 155.48 155.20 155.19 155.07 155.04 155.00 154.96
45°N ||     154.93 154.94 154.96 154.96 154.97 154.99 155.00 155.03 155.04 155.02 155.02 155.04 155.04 155.06 155.07 155.15 155.26 155.42 155.68 155.96 156.30 156.58 156.82 156.99 157.12 157.25 157.38 157.47 157.39 156.92 156.42 155.98 155.82 154.29 153.61 153.44 154.10 155.51 156.45 157.09 157.33 157.41 157.41 157.44 157.47 157.48 157.47 157.41 157.07 156.77 156.39 156.77 157.26 157.22 157.21 157.31 157.43 157.47 157.44 157.22 157.09 156.78 156.54 156.17 155.73 155.30 155.25 155.13 155.05 154.97 154.93 154.81 154.77 154.73 154.73 154.68 154.69 154.69 154.68 154.68 154.70 154.68 154.70 154.71 154.74 154.77 154.89 154.85 154.90 155.02 155.05 154.98 155.13 155.21 155.23 155.29 155.59 155.76 155.42 155.45 155.79 156.05 156.28 155.53 156.01 155.61 155.56 155.53 156.09 156.55 156.86 156.31 156.56 156.70 156.24 156.50 156.70 156.29 156.23 156.12 156.16 155.93 155.82 155.66 155.66 155.58 155.55 155.53 155.39 155.34 155.27 155.25 155.09 155.02 154.83 154.75 154.69 154.68 154.68 154.68 154.70 154.71 154.71 154.71 154.71 154.69 154.70 154.70 154.69 154.69 154.68 154.69 154.68 154.68 154.68 154.68 154.69 154.77 154.93 155.01 155.07 155.25 155.35 155.39 155.41 155.44 155.45 155.45 155.45 155.50 155.59 155.87 156.41 155.35 155.34 155.27 155.11 154.98 154.98 154.94
47°N ||     154.93 154.94 154.94 154.97 154.98 154.98 155.00 155.00 155.04 154.99 155.00 155.03 155.03 155.07 155.15 155.18 155.37 155.51 155.72 155.97 156.30 156.47 156.64 156.76 156.90 157.03 157.19 157.28 157.40 157.47 157.43 157.39 157.39 157.36 156.70 156.53 157.02 157.23 157.27 157.31 157.39 157.43 157.42 157.45 157.48 157.47 157.46 157.47 156.98 156.85 157.19 157.35 157.40 157.47 157.47 157.27 157.38 156.63 157.42 157.26 156.99 156.61 156.16 155.69 155.39 155.23 155.14 155.08 154.94 154.91 154.81 154.76 154.74 154.70 154.70 154.69 154.74 154.80 154.68 154.68 154.68 154.68 154.68 154.68 154.70 154.72 154.73 154.76 154.81 154.86 154.91 154.93 154.95 155.00 155.14 155.11 155.23 155.31 155.30 155.27 155.36 155.43 155.26 155.47 155.72 155.50 155.84 155.79 155.57 155.98 156.31 156.04 156.01 155.87 155.83 156.57 156.20 156.07 155.98 155.81 155.79 155.71 155.55 155.65 155.47 155.46 155.45 155.42 155.33 155.30 155.17 155.13 155.02 154.94 154.68 154.68 154.68 154.68 154.68 154.68 154.69 154.71 154.71 154.70 154.70 154.70 154.69 154.69 154.68 154.69 154.69 154.69 154.68 154.68 154.68 154.68 154.72 154.80 154.88 155.37 155.25 155.12 155.25 155.28 155.31 155.35 155.34 155.38 155.36 155.37 155.39 155.51 155.44 155.38 155.30 155.14 155.10 155.01 154.98 154.92
49°N ||     154.91 154.93 154.93 154.96 154.94 154.95 154.96 154.97 154.99 154.99 154.98 155.03 155.04 155.12 155.20 155.29 155.45 155.56 155.72 155.93 156.14 156.26 156.42 156.57 156.78 156.90 156.97 157.07 157.14 157.23 157.30 157.37 157.41 157.44 157.47 157.46 157.46 157.47 157.47 157.45 157.44 157.47 157.47 157.41 157.46 157.48 157.47 157.44 157.26 157.24 156.48 156.14 155.96 156.44 156.52 157.23 157.19 157.18 156.51 157.12 156.60 156.20 155.72 155.43 155.36 155.12 155.02 154.92 154.90 154.78 154.78 154.73 154.69 154.70 154.68 154.69 154.69 154.68 154.68 154.68 154.68 154.68 154.68 154.68 154.68 154.69 154.68 154.74 154.76 154.78 154.81 154.86 154.94 154.99 155.03 155.02 155.11 155.09 155.10 155.13 155.31 155.21 155.43 155.40 154.86 155.26 155.71 155.42 155.50 155.75 155.86 155.75 155.81 155.84 156.02 155.70 155.76 155.69 155.62 155.66 155.63 155.57 155.46 155.47 155.48 155.41 155.44 155.36 155.31 155.23 155.12 155.04 154.95 154.86 154.70 154.69 154.69 154.68 154.68 154.68 154.69 154.69 154.70 154.70 154.69 154.70 154.69 154.69 154.69 154.68 154.69 154.68 154.68 154.68 154.68 154.70 154.75 154.84 154.88 155.35 155.41 155.08 155.18 155.21 155.21 155.25 155.23 155.26 155.32 155.26 155.30 155.28 155.65 155.45 155.08 155.10 155.10 154.96 154.88 154.95
51°N ||     154.91 154.91 154.93 154.93 154.92 154.92 154.97 154.98 154.97 154.98 155.01 155.06 155.10 155.16 155.24 155.35 155.49 155.65 155.77 155.92 156.22 156.19 156.33 156.52 156.59 156.71 156.81 156.89 156.98 157.03 157.12 157.21 157.29 157.33 157.33 157.33 157.39 157.41 157.47 157.48 157.47 157.48 157.48 157.47 157.48 157.44 157.34 157.12 156.56 156.32 156.11 155.95 155.76 155.67 155.66 156.11 156.93 157.06 156.84 156.27 155.99 155.64 155.42 155.15 155.13 155.03 154.95 154.86 154.79 154.75 154.70 154.68 154.68 154.68 154.68 154.68 154.68 154.68 154.69 154.69 154.68 154.68 154.68 154.69 154.68 154.68 154.69 154.70 154.69 154.73 154.74 154.77 154.82 154.87 154.91 154.95 154.99 155.11 155.02 155.08 155.09 155.11 155.40 154.89 155.11 155.22 155.91 155.40 155.45 155.55 155.55 155.57 155.57 155.53 155.44 155.55 155.51 155.53 155.46 155.44 155.46 155.41 155.45 155.43 155.39 155.38 155.41 155.33 155.28 155.22 155.15 155.04 154.93 154.86 154.77 154.76 154.69 154.68 154.68 154.68 154.68 154.69 154.70 154.70 154.70 154.70 154.69 154.69 154.69 154.68 154.68 154.68 154.68 154.68 154.74 154.72 154.77 154.84 154.88 154.93 155.00 155.04 155.09 155.14 155.16 155.15 155.20 155.18 155.22 155.23 155.23 155.21 155.27 155.11 155.09 155.15 155.07 154.95 154.88 154.89
53°N ||     154.91 154.92 154.89 154.89 154.90 154.91 154.94 154.96 154.98 155.04 155.02 155.06 155.13 155.20 155.30 155.46 155.69 155.67 155.72 155.85 155.96 156.05 156.20 156.30 156.42 156.52 156.63 156.74 156.79 156.90 156.97 157.02 157.10 157.14 157.14 157.16 157.18 157.27 157.37 157.43 157.46 157.46 157.44 157.41 157.32 157.15 157.01 156.75 156.46 156.15 155.92 155.79 155.69 155.60 155.53 155.47 156.21 156.01 156.42 155.64 155.22 155.14 155.07 155.02 154.96 154.89 154.79 154.75 154.71 154.69 154.68 154.68 154.68 154.68 154.68 154.68 154.68 154.68 154.68 154.68 154.68 154.68 154.68 154.68 154.68 154.69 154.68 154.68 154.68 154.70 154.69 154.72 154.77 154.79 154.85 154.90 154.89 154.91 154.97 154.98 155.08 155.08 155.17 155.25 155.48 155.46 155.47 155.29 155.38 155.33 155.38 155.38 155.43 155.38 155.38 155.40 155.34 155.28 155.36 155.30 155.35 155.37 155.44 155.40 155.37 155.40 155.41 155.32 155.28 155.24 155.12 155.02 154.95 154.88 154.88 154.79 154.73 154.68 154.68 154.68 154.68 154.68 154.68 154.68 154.68 154.69 154.68 154.68 154.68 154.68 154.68 154.68 154.68 154.71 154.74 154.79 154.77 154.83 154.87 154.92 154.97 155.02 155.06 155.08 155.10 155.12 155.10 155.12 155.27 155.20 155.22 155.14 155.15 155.15 155.11 155.02 154.93 154.93 154.89 154.88
55°N ||     154.86 154.87 154.90 154.94 154.92 154.99 154.97 154.95 154.98 155.01 155.02 155.09 155.13 155.21 155.25 155.42 154.82 155.76 155.67 155.73 155.82 155.93 156.01 156.07 156.22 156.34 156.44 156.57 156.67 156.73 156.80 156.82 156.89 156.88 156.91 156.90 156.99 157.04 157.11 157.20 157.29 157.29 157.33 157.29 157.19 156.99 156.73 156.01 155.97 155.76 155.68 155.66 155.52 155.52 155.43 155.33 155.26 155.22 155.09 155.03 154.97 154.92 154.83 154.80 154.75 154.71 154.69 154.68 154.68 154.68 154.68 154.68 154.68 154.68 154.69 154.68 154.69 154.69 154.69 154.70 154.68 154.68 154.69 154.68 154.69 154.68 154.68 154.68 154.68 154.68 154.68 154.68 154.71 154.75 154.83 154.84 154.85 154.86 154.90 154.95 154.98 155.02 155.09 155.09 155.12 155.20 155.24 155.23 155.23 155.27 155.26 155.26 155.30 155.24 155.28 155.22 155.16 155.18 155.18 155.21 155.29 155.32 155.36 155.38 155.42 155.41 155.30 155.25 155.24 155.21 155.12 155.03 154.98 154.96 154.89 154.82 154.77 154.73 154.72 154.70 154.68 154.68 154.68 154.68 154.68 154.68 154.68 154.68 154.69 154.69 154.68 154.69 154.69 154.75 154.79 154.76 154.85 154.82 154.84 154.95 154.99 155.01 155.03 155.03 155.08 155.08 155.10 155.15 155.17 155.13 155.11 155.20 155.17 155.17 155.06 155.14 154.93 154.88 154.85 154.83
57°N ||     154.84 154.85 154.86 154.88 154.87 154.91 154.95 154.97 154.98 154.98 155.05 155.10 155.10 155.18 155.24 155.28 155.57 155.52 155.61 155.62 155.69 155.76 155.85 155.94 156.01 156.10 156.22 156.34 156.34 156.45 156.50 156.56 156.60 156.59 156.63 156.64 156.67 156.72 156.77 156.93 156.98 157.04 157.06 157.03 156.92 156.67 156.39 156.15 155.84 155.72 155.61 155.55 155.49 155.40 155.30 155.21 155.12 155.03 154.95 154.88 154.78 154.75 154.72 154.70 154.68 154.68 154.68 154.68 154.68 154.68 154.68 154.79 154.69 154.70 154.70 154.70 154.70 154.69 154.70 154.70 154.69 154.71 154.69 154.69 154.71 154.93 154.68 154.68 154.68 154.68 154.68 154.68 154.69 154.71 154.73 154.78 154.78 154.83 154.86 154.94 154.94 154.97 155.04 155.11 155.14 155.14 155.14 155.19 155.12 155.16 155.18 155.13 155.09 155.10 155.10 155.07 155.04 155.07 155.11 155.20 155.24 155.23 155.26 155.31 155.31 155.29 155.32 155.27 155.22 155.20 155.11 155.08 155.01 155.00 154.96 154.90 154.82 154.79 154.77 154.79 154.72 154.74 154.69 154.68 154.68 154.68 154.68 154.68 154.68 154.70 154.69 154.71 154.70 154.71 154.77 154.75 154.80 154.79 154.81 154.88 154.92 154.92 154.98 155.00 155.02 155.07 155.07 155.09 155.16 155.09 155.10 155.13 155.02 155.06 155.05 154.97 154.89 154.89 154.87 154.85
59°N ||     154.85 154.84 154.84 154.90 154.86 154.87 154.97 154.91 154.92 154.92 154.96 155.00 155.06 155.10 155.18 155.28 155.26 155.35 155.41 155.47 155.53 155.61 155.71 155.79 155.80 155.84 155.88 155.96 156.02 156.09 156.13 156.23 156.27 156.26 156.19 156.27 156.29 156.29 156.42 156.55 156.61 156.64 156.63 156.47 156.37 156.13 155.97 155.82 155.66 155.56 155.49 155.37 155.32 155.25 155.16 155.09 155.01 154.93 154.85 154.77 154.69 154.75 154.68 154.68 154.68 154.68 154.68 154.68 154.69 154.69 154.69 154.69 154.70 154.71 154.71 154.71 154.70 154.71 154.72 154.71 154.70 154.70 154.70 154.69 154.69 154.69 154.68 154.68 154.68 154.68 154.68 154.68 154.68 154.68 154.74 154.72 154.73 154.77 154.84 154.87 154.91 154.93 154.95 154.98 154.98 155.01 155.08 155.08 155.07 155.05 155.00 154.99 154.99 154.99 155.03 154.99 154.99 154.99 155.08 155.12 155.13 155.17 155.24 155.23 155.28 155.27 155.30 155.26 155.22 155.20 155.14 155.15 155.04 154.97 154.98 155.04 154.92 154.89 154.90 154.83 154.78 154.83 154.76 154.73 154.73 154.75 154.73 154.73 154.73 154.73 154.73 154.72 154.73 154.76 154.76 154.75 154.76 154.81 154.81 154.85 154.84 154.90 154.92 154.97 154.99 155.03 155.11 155.10 155.11 155.07 155.04 155.03 155.00 155.00 154.97 154.94 154.90 154.85 154.91 154.86
61°N ||     154.84 154.83 154.84 154.83 154.84 154.82 154.86 154.89 154.87 154.93 154.96 154.96 155.00 155.05 155.11 155.15 155.20 155.24 155.29 155.36 155.43 155.45 155.50 155.54 155.60 155.63 155.68 155.72 155.76 155.77 155.79 155.84 155.82 155.83 155.86 155.90 155.92 155.91 155.95 155.75 156.00 156.00 155.99 155.94 155.89 155.81 155.73 155.62 155.48 155.39 155.34 155.20 155.11 155.04 154.99 154.91 154.85 154.79 154.74 154.70 154.68 154.68 154.68 154.68 154.69 154.79 154.68 154.70 154.70 154.70 154.71 154.70 154.71 154.73 154.74 154.73 154.73 154.73 154.72 154.72 154.72 154.72 154.71 154.71 154.70 154.70 154.69 154.69 154.68 154.68 154.68 154.68 154.68 154.68 154.68 154.69 154.72 154.75 154.76 154.81 154.83 154.87 154.91 154.92 154.93 154.92 154.98 154.95 154.95 154.92 154.93 154.92 154.91 154.91 154.95 154.92 154.94 154.95 154.97 155.05 155.02 155.04 155.23 155.15 155.18 155.21 155.25 155.27 155.24 155.19 155.19 155.16 155.12 155.34 155.10 155.00 154.98 154.99 154.92 154.88 154.85 154.92 154.81 154.79 154.78 154.83 154.79 154.80 154.77 154.76 154.78 154.76 154.78 154.80 154.77 154.77 154.80 154.81 154.80 154.84 154.86 154.85 154.89 154.91 154.93 155.03 154.97 154.99 155.04 155.00 155.02 154.97 154.95 154.95 154.91 154.90 154.91 154.86 154.86 154.89
63°N ||     154.79 154.84 154.84 154.89 154.82 154.81 154.81 154.82 154.84 154.85 154.88 154.93 154.94 154.99 155.01 155.03 155.08 155.10 155.19 155.27 155.40 155.29 155.33 155.37 155.40 155.41 155.46 155.46 155.47 155.51 155.53 155.57 155.59 155.62 155.65 155.68 155.70 155.69 155.70 155.71 155.71 155.68 155.67 155.62 155.55 155.50 155.43 155.39 155.28 155.19 155.08 155.01 154.94 154.86 154.79 154.75 154.71 154.69 154.68 154.68 154.68 154.68 154.69 154.70 154.70 154.70 154.72 154.72 154.72 154.72 154.73 154.72 154.73 154.73 154.73 154.74 154.74 154.72 154.72 154.74 154.73 154.73 154.71 154.71 154.70 154.68 154.68 154.68 154.68 154.68 154.68 154.68 154.68 154.68 154.68 154.72 154.73 154.73 154.75 154.78 154.79 154.82 154.85 154.85 154.85 154.86 154.86 154.86 154.86 154.87 154.85 154.86 154.84 154.86 154.87 154.88 154.88 154.92 154.89 154.93 154.97 154.99 155.00 155.05 155.08 155.12 155.17 155.18 155.20 155.20 155.19 155.15 155.12 155.12 155.08 155.02 155.00 154.99 154.95 155.01 154.90 154.97 154.88 154.84 154.89 154.83 154.83 154.83 154.81 154.81 154.82 154.81 154.78 154.78 154.78 154.80 154.79 154.82 154.80 154.80 154.82 154.84 154.84 154.85 154.91 154.89 154.89 154.89 154.98 154.94 154.93 154.91 154.95 154.89 154.85 154.84 154.85 154.83 154.82 154.81
65°N ||     154.77 154.73 154.77 154.73 154.74 154.75 154.76 154.76 154.85 154.81 154.84 154.84 154.84 154.86 154.87 154.94 154.96 154.99 155.05 155.02 155.05 155.11 155.12 155.14 155.17 155.19 155.26 155.24 155.26 155.28 155.31 155.35 155.36 155.39 155.43 155.47 155.48 155.47 155.50 155.50 155.50 155.45 155.41 155.36 155.29 155.23 155.19 155.12 155.07 155.00 154.94 154.91 154.81 154.73 154.68 154.68 154.68 154.68 154.69 154.69 154.69 154.71 154.71 154.71 154.72 154.73 154.73 154.72 154.73 154.74 154.72 154.72 154.74 154.74 154.74 154.74 154.74 154.73 154.74 154.74 154.74 154.73 154.72 154.69 155.10 155.83 154.79 154.68 154.68 154.68 154.68 154.68 154.68 154.68 154.68 154.68 154.69 154.70 154.70 154.72 154.75 154.75 154.77 154.82 154.78 154.83 154.83 154.81 154.82 154.82 154.80 154.80 154.78 154.81 154.86 154.85 154.81 154.86 154.87 154.84 154.86 154.90 154.91 154.99 155.00 155.08 155.07 155.11 155.12 155.18 155.13 155.14 155.14 155.12 155.08 155.09 155.05 155.03 155.06 155.00 154.95 154.96 154.92 154.90 154.93 154.87 154.87 154.86 154.86 154.85 154.83 154.82 154.82 154.80 154.87 154.79 154.80 154.78 154.78 154.79 154.82 154.83 154.79 154.80 154.84 154.80 154.80 154.87 154.82 154.86 154.81 154.82 154.83 154.82 154.82 154.79 154.83 154.82 154.81 154.86
67°N ||     154.70 154.70 154.69 154.70 154.71 154.68 154.72 154.71 154.70 154.72 154.77 154.76 154.75 154.80 154.79 154.82 154.82 154.84 154.86 154.86 154.94 154.92 154.98 155.01 155.01 155.07 155.03 155.05 155.09 155.11 155.13 155.18 155.18 155.23 155.15 155.29 155.29 155.29 155.31 155.29 155.27 155.24 155.17 155.15 155.10 155.04 154.98 154.91 154.86 154.81 154.75 154.70 154.68 154.68 154.68 154.69 154.71 154.73 154.75 154.77 154.77 154.77 154.75 154.74 154.74 154.74 154.74 154.74 154.75 154.75 154.75 154.75 154.74 154.75 154.75 154.75 154.74 154.73 154.75 154.74 154.74 154.73 154.71 154.70 154.70 154.69 154.69 154.69 154.69 154.69 154.68 154.68 154.68 154.68 154.68 154.68 154.68 154.68 154.69 154.72 154.74 154.72 154.74 154.78 154.77 154.77 154.77 154.79 154.80 154.84 154.82 154.77 154.75 154.77 154.78 154.78 154.82 154.80 154.80 154.81 154.83 154.88 154.86 154.89 154.92 154.95 154.96 155.02 155.06 155.07 155.10 155.14 155.13 155.12 155.16 155.08 155.07 155.05 155.20 155.02 154.99 154.95 154.94 154.96 154.94 154.93 155.00 154.89 154.89 154.87 154.88 154.83 154.83 154.81 154.80 154.80 154.79 154.78 154.78 154.76 154.81 154.80 154.80 154.78 154.79 154.79 154.75 154.75 154.75 154.77 154.75 154.77 154.74 154.74 154.78 154.76 154.75 154.71 154.72 154.71
69°N ||     154.70 154.68 154.68 154.68 154.68 154.68 154.68 154.68 154.69 154.68 154.68 154.68 154.69 154.68 154.73 154.76 154.76 154.73 154.72 154.76 154.75 154.76 154.78 154.79 154.84 154.85 155.00 154.88 154.89 154.96 154.91 154.99 154.98 155.04 155.08 155.12 155.10 155.10 155.09 155.09 155.08 155.01 154.98 154.93 154.89 154.84 154.77 154.71 154.68 154.68 154.68 154.68 154.68 154.69 154.70 154.71 154.72 154.73 154.75 154.75 154.75 154.76 154.75 154.75 154.74 154.75 154.75 154.76 154.75 154.76 154.76 154.75 154.77 154.76 154.74 154.75 154.75 154.74 154.74 154.73 154.73 154.72 154.73 154.71 154.70 154.70 154.69 154.69 154.68 154.68 154.68 154.68 154.68 154.68 154.68 154.68 154.68 154.68 154.68 154.68 154.68 154.68 154.69 154.73 154.72 154.70 154.71 154.73 154.73 154.72 154.80 154.78 154.74 154.75 154.74 154.75 154.77 154.76 154.77 154.80 154.83 154.81 154.83 154.84 154.89 154.90 154.91 154.92 154.95 154.97 155.00 155.04 155.04 155.07 155.10 155.13 155.10 155.05 155.02 155.03 155.01 155.00 154.98 154.98 154.97 154.97 154.94 154.92 154.92 154.92 154.88 154.90 154.87 154.83 154.81 154.79 154.80 154.78 154.73 154.74 154.76 154.76 154.76 154.73 154.73 154.71 154.71 154.69 154.70 154.71 154.72 154.69 154.68 154.68 154.68 154.68 154.68 154.68 154.69 154.69
71°N ||     154.68 154.68 154.68 154.68 154.68 154.68 154.92 154.68 154.68 154.68 154.68 154.68 154.68 154.68 154.68 154.68 154.68 154.68 154.68 154.68 154.69 154.68 154.68 154.69 154.71 154.72 154.75 154.78 154.77 154.82 154.81 154.80 154.80 154.86 154.82 154.82 154.86 154.86 154.85 154.84 154.85 154.79 154.77 154.75 154.71 154.69 154.68 154.68 154.68 154.68 154.69 154.69 154.70 154.69 154.70 154.70 154.71 154.71 154.72 154.72 154.72 154.73 154.73 154.73 154.76 154.74 154.74 154.75 154.77 154.75 154.76 154.75 154.75 154.76 154.75 154.74 154.74 154.74 154.74 154.73 154.72 154.72 154.72 154.71 154.70 154.70 154.69 154.69 154.69 154.68 154.68 154.68 154.68 154.68 154.68 154.68 154.68 154.68 154.68 154.68 154.68 154.69 154.70 154.71 154.69 154.68 154.69 154.71 154.70 154.71 154.69 154.71 154.72 154.72 154.74 154.73 154.75 154.76 154.79 154.76 154.81 154.79 154.80 154.84 154.84 154.85 154.86 154.86 154.88 154.91 154.93 154.93 154.96 154.97 155.01 155.00 155.03 155.05 155.06 155.07 155.10 155.10 155.08 155.06 155.03 155.00 154.96 154.95 154.91 154.91 154.88 154.88 154.88 154.86 154.82 154.83 154.78 154.75 154.73 154.72 154.71 154.74 154.70 154.69 154.69 154.68 154.68 154.68 154.70 154.68 154.68 154.68 154.69 154.68 154.68 154.68 154.68 154.68 154.68 154.68
73°N ||     154.68 154.69 154.69 154.68 154.68 154.69 154.69 154.69 154.68 154.69 154.69 154.68 154.69 154.68 154.69 154.68 154.68 154.68 154.68 154.68 154.68 154.68 154.68 154.68 154.68 154.68 154.68 154.68 154.68 154.68 154.68 154.68 154.69 154.70 154.73 154.70 154.72 154.71 154.70 154.68 154.68 154.68 154.68 154.68 154.68 154.68 154.68 154.68 154.68 154.69 154.70 154.71 154.71 154.71 154.71 154.71 154.70 154.70 154.70 154.70 154.71 154.71 154.72 154.72 154.72 154.73 154.74 154.73 154.73 154.74 154.75 154.76 154.76 154.74 154.75 154.75 154.75 154.74 154.73 154.71 154.72 154.71 154.70 154.70 154.70 154.70 154.70 154.69 154.69 154.69 154.68 154.68 154.68 154.68 154.68 154.68 154.68 154.68 154.68 154.68 154.68 154.68 154.68 154.71 154.68 154.68 154.70 154.71 154.71 154.73 154.71 154.71 154.69 154.70 154.71 154.70 154.70 154.72 154.75 154.78 154.76 154.74 154.76 154.79 154.80 154.82 154.84 154.82 154.86 154.87 154.89 154.91 154.90 154.92 154.92 154.93 154.95 154.97 154.98 154.97 154.95 154.94 154.93 154.93 154.92 154.90 154.89 154.89 154.87 154.85 154.86 154.83 154.83 154.81 154.81 154.80 154.75 154.73 154.72 154.73 154.69 154.69 154.71 154.68 154.68 154.68 154.68 154.68 154.68 154.68 154.74 155.05 154.68 155.09 154.68 154.68 154.68 154.68 154.68 154.68
75°N ||     154.69 154.70 154.69 154.69 154.70 154.71 154.69 154.70 154.70 154.70 154.71 154.70 154.70 154.71 154.70 154.70 154.70 154.69 154.70 154.70 154.69 154.70 154.70 154.72 154.70 154.68 154.68 154.68 154.68 154.68 154.68 154.68 154.68 154.68 154.69 154.68 154.68 154.68 154.68 154.68 154.68 154.68 154.68 154.68 154.68 154.68 154.68 154.69 154.69 154.70 154.71 154.71 154.71 154.71 154.71 154.73 154.71 154.71 154.71 154.71 154.72 154.73 154.74 154.74 154.74 154.73 154.73 154.73 154.74 154.72 154.74 154.74 154.74 154.74 154.74 154.74 154.73 154.73 154.72 154.72 154.71 154.71 154.70 154.73 154.70 154.69 154.69 154.68 154.68 154.68 154.68 154.68 154.68 154.68 154.68 154.68 154.68 154.68 154.68 154.68 154.68 154.68 154.68 154.68 154.68 154.68 154.68 154.68 154.70 154.69 154.70 154.70 154.69 154.69 154.69 154.70 154.71 154.70 154.73 154.73 154.73 154.74 154.77 154.73 154.74 154.75 154.79 154.80 154.80 154.83 154.81 154.82 154.82 154.84 154.87 154.86 154.87 154.87 154.87 154.87 154.88 154.85 154.85 154.90 154.86 154.84 154.82 154.82 154.84 154.83 154.82 154.80 154.79 154.78 154.76 154.76 154.74 154.71 154.70 154.68 154.68 154.68 154.68 154.68 154.68 154.68 154.68 154.68 154.68 154.68 154.68 154.68 154.68 154.69 154.69 154.70 154.70 154.70 154.69 154.69
77°N ||     154.71 154.70 154.68 154.68 154.68 154.71 154.70 154.68 154.68 154.70 154.71 154.71 154.71 154.71 154.71 154.69 154.79 154.80 154.71 154.69 154.68 154.68 154.75 154.78 154.72 154.70 154.69 154.70 154.69 154.69 154.69 154.69 154.69 154.69 154.69 154.68 154.68 154.68 154.68 154.68 154.69 154.69 154.68 154.68 154.69 154.69 154.70 154.70 154.70 154.71 154.71 154.72 154.70 154.73 154.73 154.74 154.74 154.74 154.74 154.74 154.75 154.72 154.69 154.71 154.73 154.72 154.72 154.73 154.72 154.72 154.73 154.73 154.73 154.73 154.72 154.72 154.72 154.72 154.73 154.72 154.72 154.70 154.70 154.70 154.70 154.69 154.68 154.68 154.69 154.68 154.68 154.68 154.68 154.68 154.68 154.68 154.68 154.68 154.68 154.68 154.68 154.68 154.68 154.68 154.68 154.68 154.68 154.68 154.68 154.68 154.68 154.68 154.68 154.70 154.70 154.70 154.69 154.71 154.71 154.74 154.73 154.72 154.72 154.72 154.72 154.72 154.73 154.74 154.75 154.77 154.76 154.78 154.80 154.82 154.94 154.85 154.81 154.81 154.80 154.80 154.82 154.82 154.82 154.82 154.81 154.81 154.79 154.80 154.79 154.81 154.78 154.76 154.76 154.75 154.73 154.72 154.71 154.70 154.71 154.69 154.68 154.68 154.68 154.68 154.68 154.68 154.68 154.68 154.68 154.68 154.68 154.68 154.68 154.69 154.69 154.70 154.71 154.71 154.70 154.71
79°N ||     154.69 154.69 154.68 154.69 154.69 154.69 154.68 154.68 154.69 154.68 154.68 154.68 154.69 154.69 154.69 154.70 154.70 154.70 154.70 154.69 154.69 154.71 154.70 154.71 154.71 154.72 154.70 154.68 154.69 154.68 154.69 154.69 154.69 154.69 154.69 154.69 154.69 154.70 154.69 154.69 154.69 154.70 154.70 154.69 154.69 154.69 154.69 154.70 154.70 154.71 154.72 154.71 154.72 154.72 154.73 154.73 154.73 154.73 154.75 154.74 154.75 154.76 154.75 154.76 154.75 154.75 154.76 154.75 154.74 154.73 154.72 154.71 154.71 154.71 154.71 154.69 154.69 154.69 154.70 154.71 154.69 154.70 154.69 154.75 154.68 154.70 154.92 154.88 154.68 155.06 154.84 154.68 154.80 154.95 154.73 155.01 154.97 154.73 154.84 154.98 154.95 154.88 154.82 154.68 154.68 154.68 154.68 154.68 154.68 154.68 154.68 154.68 154.68 154.68 154.68 154.68 154.69 154.69 154.69 154.76 154.71 154.77 154.71 154.72 154.73 154.71 154.73 154.74 154.73 154.73 154.73 154.73 154.74 154.74 154.74 154.74 154.73 154.73 154.75 154.74 154.75 154.76 154.79 154.78 154.77 154.80 154.83 154.82 154.80 154.78 154.76 154.78 154.74 154.72 154.72 154.70 154.70 154.69 154.69 154.68 154.68 154.68 154.68 154.68 154.68 154.68 154.68 154.68 154.68 154.68 154.68 154.68 154.68 154.69 154.69 154.68 154.68 154.69 154.69 154.69
81°N ||     154.78 154.77 154.76 154.74 154.76 154.76 154.75 154.75 154.75 154.74 154.73 154.72 154.72 154.71 154.70 154.69 154.69 154.68 154.68 154.68 154.68 154.68 154.68 154.68 154.68 154.68 154.68 154.68 154.68 154.68 154.69 154.68 154.68 154.69 154.70 154.72 154.73 154.68 154.81 154.78 154.78 154.74 154.68 154.69 154.69 154.69 154.70 154.70 154.68 154.68 154.70 154.73 154.79 154.74 154.69 154.79 154.95 154.93 154.89 154.84 154.70 154.68 154.69 154.69 154.69 154.70 154.71 154.68 154.68 154.71 154.68 154.78 154.85 154.79 154.87 154.97 155.07 154.97 155.11 155.21 155.25 155.43 155.40 155.52 155.52 155.48 155.65 155.67 155.66 155.74 155.68 155.59 155.82 155.82 155.60 155.75 155.74 155.90 155.90 155.86 155.59 155.50 155.52 155.51 155.53 155.48 155.69 155.25 155.13 154.77 154.79 155.08 154.94 154.71 154.82 154.78 154.91 154.85 154.75 154.98 154.96 155.00 154.96 154.94 154.83 154.71 154.90 154.86 154.87 154.88 154.84 154.85 154.85 154.84 154.83 154.82 154.79 154.75 154.71 154.71 154.71 154.71 154.71 154.72 154.71 154.73 154.72 154.71 154.71 154.69 154.69 154.68 154.68 154.68 154.68 154.68 154.68 154.68 154.68 154.68 154.68 154.68 154.68 154.68 154.68 154.68 154.68 154.68 154.69 154.69 154.72 154.71 154.71 154.71 154.72 154.73 154.75 154.77 154.77 154.77
83°N ||     154.92 154.92 154.92 154.92 154.92 154.92 154.92 154.91 154.91 154.90 154.89 154.87 154.87 154.86 154.85 154.83 154.81 154.81 154.78 154.78 154.77 154.76 154.76 154.77 154.77 154.79 154.75 154.76 154.84 155.04 155.13 155.22 155.07 155.01 155.24 155.14 155.26 155.23 155.24 155.31 155.38 155.31 155.45 155.54 155.53 155.40 155.42 155.46 155.40 155.34 155.24 155.15 155.02 154.98 155.19 155.12 155.24 155.33 155.35 155.26 155.33 154.96 154.98 154.69 154.71 154.68 154.69 154.70 154.69 154.68 154.74 154.78 154.91 155.01 155.06 155.17 155.24 155.32 155.38 155.42 155.45 155.51 155.55 155.58 155.64 155.69 155.72 155.76 155.79 155.79 155.79 155.80 155.81 155.83 155.87 155.89 155.92 155.94 155.96 155.98 155.99 156.02 156.05 156.07 156.09 156.11 156.11 156.13 156.11 156.00 155.86 155.70 155.72 155.66 155.80 155.68 155.53 155.49 155.56 155.65 155.70 155.67 155.47 155.60 155.55 155.66 155.57 155.54 155.61 155.56 155.69 155.65 155.55 155.41 155.47 155.50 155.46 155.57 155.50 155.49 155.38 155.20 155.16 155.08 154.85 154.86 154.74 154.69 154.69 154.70 154.69 154.70 154.70 154.70 154.68 154.68 154.68 154.68 154.70 154.71 154.72 154.72 154.73 154.74 154.75 154.76 154.78 154.79 154.80 154.81 154.82 154.83 154.84 154.85 154.86 154.87 154.89 154.90 154.92 154.92
85°N ||     154.83 154.88 154.83 154.78 154.76 154.75 155.31 155.37 155.26 155.17 155.42 155.21 155.34 155.38 155.39 155.23 155.65 155.82 155.85 155.84 155.84 155.64 155.30 155.49 155.52 155.42 155.16 155.36 155.42 155.24 155.35 155.99 155.92 155.67 155.91 156.00 156.01 156.02 156.00 155.96 155.97 155.86 155.93 156.00 155.97 156.03 156.09 156.08 156.08 155.95 155.95 155.98 155.92 155.72 155.75 155.85 155.83 155.80 155.75 155.70 155.68 155.72 155.61 155.69 155.72 155.72 155.52 155.51 155.31 155.22 155.16 154.99 155.05 155.06 155.10 155.10 155.08 155.09 155.08 155.05 154.98 154.84 154.90 155.10 155.37 155.41 155.36 155.31 155.25 155.13 155.10 155.19 155.61 155.78 155.79 155.73 155.78 155.83 155.93 155.98 156.01 155.94 156.03 156.07 156.09 156.12 156.14 156.16 156.17 156.19 156.20 156.20 156.19 156.19 156.18 156.16 156.14 156.13 156.13 156.13 156.12 156.09 156.08 156.10 156.11 156.11 156.11 156.11 156.10 156.12 156.11 156.12 156.12 156.11 156.08 156.08 156.01 156.01 156.03 155.87 156.05 156.04 156.04 155.76 155.73 155.69 155.59 155.35 155.58 155.74 155.62 155.75 155.48 155.43 155.30 155.16 155.42 155.28 155.18 155.12 155.14 155.33 155.24 154.99 155.08 155.08 154.95 154.83 154.85 154.81 154.85 154.92 154.99 155.08 154.99 154.88 154.83 154.98 154.97 154.94
87°N ||     156.34 156.23 156.28 156.25 156.19 156.25 156.24 156.26 156.39 156.43 156.42 156.41 156.37 156.34 156.39 156.45 156.46 156.45 156.47 156.47 156.45 156.37 156.38 156.55 156.54 156.54 156.50 156.49 156.46 156.45 156.43 156.50 156.56 156.52 156.56 156.63 156.67 156.68 156.69 156.68 156.63 156.65 156.58 156.60 156.64 156.71 156.72 156.74 156.71 156.68 156.68 156.68 156.67 156.65 156.58 156.50 156.49 156.45 156.41 156.42 156.46 156.50 156.51 156.52 156.53 156.54 156.55 156.54 156.52 156.49 156.32 156.07 156.03 156.10 156.12 156.18 156.09 156.17 156.19 156.12 156.22 156.27 156.29 156.29 156.24 156.30 156.26 156.15 156.24 156.18 156.31 156.36 156.32 156.38 156.45 156.45 156.42 156.43 156.39 156.40 156.45 156.52 156.51 156.45 156.45 156.54 156.55 156.57 156.60 156.61 156.62 156.59 156.62 156.61 156.60 156.59 156.58 156.55 156.58 156.45 156.61 156.59 156.56 156.52 156.43 156.38 156.52 156.53 156.47 156.47 156.41 156.49 156.60 156.59 156.59 156.60 156.60 156.56 156.49 156.48 156.48 156.46 156.44 156.47 156.42 156.42 156.41 156.45 156.51 156.57 156.51 156.57 156.48 156.52 156.60 156.60 156.57 156.35 156.44 156.37 156.46 156.28 156.28 156.20 156.20 156.18 156.25 156.28 156.26 156.25 156.28 156.21 156.16 156.18 156.17 156.15 156.23 156.19 156.12 156.24
89°N ||     156.85 156.86 156.85 156.82 156.82 156.90 156.90 156.94 156.94 156.94 156.94 156.95 156.95 156.95 156.95 156.95 156.96 156.96 156.96 156.96 156.97 156.96 156.95 156.96 156.96 156.95 156.97 156.99 157.00 157.01 157.02 157.03 157.03 157.04 157.05 157.05 157.05 157.06 157.06 157.06 157.06 157.06 157.07 157.07 157.07 157.07 157.07 157.07 157.07 157.07 157.06 157.05 157.04 157.03 157.02 157.00 157.00 156.99 156.98 156.98 156.98 156.97 156.97 156.96 156.96 156.94 156.94 156.93 156.93 156.93 156.92 156.92 156.91 156.90 156.89 156.88 156.87 156.87 156.85 156.84 156.85 156.85 156.85 156.84 156.85 156.84 156.84 156.85 156.84 156.84 156.84 156.82 156.80 156.81 156.83 156.85 156.86 156.84 156.79 156.78 156.81 156.85 156.85 156.86 156.87 156.88 156.89 156.90 156.91 156.92 156.92 156.92 156.93 156.94 156.94 156.95 156.95 156.95 156.96 156.96 156.96 156.96 156.96 156.96 156.95 156.96 156.96 156.97 156.98 156.98 156.98 156.98 156.99 156.99 157.00 157.01 157.02 157.03 157.04 157.04 157.04 157.05 157.05 157.05 157.05 157.05 157.05 157.04 157.04 157.03 157.03 157.02 157.01 157.00 156.99 156.98 156.96 156.95 156.96 156.98 156.98 156.97 156.97 156.97 156.97 156.97 156.96 156.96 156.95 156.95 156.94 156.93 156.92 156.92 156.91 156.90 156.89 156.88 156.88 156.86
