Mars Surface Radiation Result (absorbed dose in thin silicon slab) (1E-6 Gy/day).
Column 1 is East longitude (°)
Line 1 is North latitude (°)

-179  -177  -175  -173  -171  -169  -167  -165  -163  -161  -159  -157  -155  -153  -151  -149  -147  -145  -143  -141  -139  -137  -135  -133  -131  -129  -127  -125  -123  -121  -119  -117  -115  -113  -111  -109  -107  -105  -103  -101  -99  -97  -95  -93  -91  -89  -87  -85  -83  -81  -79  -77  -75  -73  -71  -69  -67  -65  -63  -61  -59  -57  -55  -53  -51  -49  -47  -45  -43  -41  -39  -37  -35  -33  -31  -29  -27  -25  -23  -21  -19  -17  -15  -13  -11  -9  -7  -5  -3  -1  1  3  5  7  9  11  13  15  17  19  21  23  25  27  29  31  33  35  37  39  41  43  45  47  49  51  53  55  57  59  61  63  65  67  69  71  73  75  77  79  81  83  85  87  89  91  93  95  97  99  101  103  105  107  109  111  113  115  117  119  121  123  125  127  129  131  133  135  137  139  141  143  145  147  149  151  153  155  157  159  161  163  165  167  169  171  173  175  177  179  
--------------------------------------------------------------------------------------------------
-89°N ||     111.68 111.72 111.76 111.77 111.78 111.77 111.77 111.79 111.83 111.87 112.02 112.07 112.04 112.10 112.29 112.39 112.43 112.50 112.52 112.41 112.34 112.49 112.51 112.48 112.42 112.40 112.35 112.36 112.45 112.42 112.51 112.62 112.56 112.50 112.60 112.51 112.42 112.35 112.28 112.23 112.19 112.11 112.05 112.03 112.01 112.01 112.00 112.00 111.99 111.97 111.95 111.94 111.91 111.90 111.89 111.89 111.82 111.79 111.76 111.76 111.73 111.71 111.70 111.67 111.68 111.72 111.73 111.62 111.57 111.58 111.51 111.49 111.49 111.50 111.46 111.43 111.42 111.41 111.39 111.40 111.38 111.39 111.39 111.38 111.39 111.40 111.40 111.39 111.38 111.39 111.40 111.44 111.45 111.46 111.47 111.48 111.47 111.48 111.50 111.50 111.49 111.48 111.47 111.46 111.47 111.48 111.49 111.50 111.51 111.52 111.53 111.52 111.49 111.50 111.55 111.58 111.57 111.57 111.57 111.59 111.61 111.62 111.63 111.66 111.69 111.73 111.73 111.76 111.78 111.80 111.81 111.82 111.84 111.85 111.86 111.89 111.90 111.91 111.90 111.91 111.86 111.86 111.84 111.80 111.81 111.81 111.80 111.78 111.75 111.72 111.71 111.70 111.69 111.65 111.63 111.61 111.60 111.59 111.58 111.59 111.59 111.59 111.58 111.57 111.57 111.57 111.57 111.58 111.58 111.58 111.58 111.59 111.59 111.59 111.60 111.63 111.65 111.66 111.67 111.69
-87°N ||     113.71 113.77 113.77 113.90 113.87 113.95 113.85 113.84 113.83 113.74 113.74 113.73 113.62 113.48 113.41 113.39 113.41 113.42 113.42 113.37 113.37 113.43 113.58 113.63 113.61 113.56 113.58 113.48 113.57 113.41 113.67 113.69 113.52 113.50 113.49 113.46 113.40 113.34 113.39 113.42 113.38 113.42 113.38 113.35 113.30 113.27 113.26 113.19 113.14 113.08 112.94 113.09 112.90 112.63 112.66 112.59 112.46 112.33 112.27 112.24 112.39 111.88 111.93 111.68 111.61 111.59 111.55 111.53 111.52 111.48 111.39 111.31 111.37 111.35 111.11 111.05 110.98 110.90 110.86 111.00 110.72 110.54 110.52 110.43 110.41 110.41 110.44 110.46 110.49 110.52 110.55 110.57 110.60 110.62 110.63 111.01 110.91 111.09 110.98 111.20 111.21 111.20 111.28 111.29 111.33 111.41 111.48 111.64 111.73 111.79 111.66 111.66 111.69 111.71 111.73 111.73 111.78 111.82 111.89 111.89 111.96 112.01 112.03 112.08 112.16 112.16 112.17 112.25 112.33 112.31 112.38 112.39 112.41 112.47 112.61 112.77 112.88 113.04 112.95 112.76 112.61 112.55 112.51 112.47 112.41 112.40 112.35 112.10 112.07 112.05 112.04 112.05 112.09 112.08 112.07 112.09 112.16 112.28 112.37 112.36 112.45 112.53 112.63 112.68 112.81 112.92 113.01 113.04 113.17 113.19 113.35 113.34 113.36 113.35 113.46 113.38 113.16 113.31 113.71 113.93
-85°N ||     113.11 113.10 113.11 113.10 113.12 113.12 113.15 113.20 113.21 113.21 113.22 113.23 113.24 113.31 113.23 113.16 113.17 113.28 113.27 113.28 113.29 113.31 113.35 113.37 113.37 113.38 113.43 113.55 113.62 113.78 114.15 114.19 114.17 114.17 114.21 114.01 114.20 114.05 114.03 114.00 114.25 114.53 114.46 114.47 114.23 114.19 114.07 113.97 113.88 113.79 113.83 113.71 113.69 113.65 113.90 113.98 113.68 113.50 113.57 113.96 113.79 112.84 112.69 112.72 112.85 112.94 112.79 112.89 112.88 112.47 112.57 112.42 112.13 112.05 112.10 111.85 112.17 112.43 112.68 112.32 112.14 112.05 112.11 112.11 112.20 112.06 111.98 111.85 111.83 111.95 111.84 111.87 112.00 111.99 112.00 112.00 112.01 112.07 112.13 112.26 112.24 112.35 112.64 112.94 112.87 112.83 112.81 112.84 112.81 112.87 112.97 113.04 113.10 113.18 112.96 113.02 113.14 113.16 113.07 112.97 112.95 112.99 113.03 113.13 113.25 113.34 113.35 113.28 113.28 113.23 113.19 113.16 113.12 113.14 113.19 113.33 113.94 115.17 115.61 115.31 114.59 114.25 114.09 114.11 113.60 113.34 113.23 113.11 113.17 113.23 113.09 113.11 113.16 113.31 113.48 113.56 113.60 113.64 113.62 113.63 113.61 113.42 113.25 113.18 113.15 113.26 113.32 113.39 113.51 113.71 113.46 113.51 113.44 113.37 113.30 113.29 113.29 113.29 113.17 113.13
-83°N ||     113.14 113.16 113.18 113.20 113.21 113.22 113.24 113.26 113.29 113.32 113.35 113.38 113.42 113.45 113.44 113.45 113.46 113.50 113.54 113.57 113.60 113.65 113.69 113.74 113.79 113.86 113.91 113.97 114.09 114.24 114.18 114.03 114.02 113.97 114.10 114.20 114.17 114.11 114.19 114.27 114.01 113.99 113.99 114.00 114.02 114.06 114.04 114.60 114.74 114.84 114.75 114.78 114.69 114.69 114.71 114.67 114.61 114.92 115.07 115.12 114.64 115.00 114.88 114.76 115.16 114.86 114.89 114.85 115.29 114.90 115.21 115.47 115.67 115.68 115.47 115.31 115.36 115.35 115.31 115.39 115.34 115.29 115.10 115.13 115.15 115.04 114.96 114.92 114.97 114.95 114.65 114.65 114.77 115.21 114.69 114.59 114.46 114.41 114.46 114.32 114.56 114.00 114.18 113.90 114.35 114.64 114.71 114.45 114.33 114.34 114.38 114.53 114.85 114.98 115.09 115.07 114.61 114.61 114.51 114.46 114.37 114.36 114.01 113.91 113.98 114.04 114.04 113.88 113.87 114.03 113.97 113.99 114.19 114.23 114.47 115.14 116.07 115.99 116.03 116.01 116.01 114.61 114.43 114.47 114.41 114.54 114.49 114.39 114.35 114.34 114.27 114.13 113.99 113.92 113.87 113.73 113.68 113.75 114.11 114.53 115.05 115.30 114.73 114.10 113.28 113.28 112.95 112.87 112.84 112.90 113.08 113.31 113.80 113.72 113.38 113.16 113.08 113.05 113.08 113.11
-81°N ||     113.47 113.55 113.56 113.73 113.45 113.53 113.59 113.64 113.70 113.77 113.85 113.94 114.13 114.18 113.95 113.96 114.02 114.09 114.13 114.15 114.20 114.25 114.27 114.32 114.36 114.42 114.50 114.55 114.59 114.64 114.70 114.89 114.87 114.91 115.05 114.99 114.74 114.78 114.75 114.79 114.99 114.80 114.43 114.48 114.30 114.15 114.23 114.44 114.52 114.41 114.60 114.52 114.78 115.77 115.42 115.64 115.95 115.38 115.95 115.89 115.53 115.66 115.73 115.71 115.75 115.74 115.82 115.82 115.72 115.61 115.72 115.52 115.31 115.33 115.35 115.38 115.33 115.35 115.29 115.30 115.78 115.18 114.99 114.94 114.90 114.92 114.90 114.91 114.87 114.85 114.83 114.85 114.72 114.51 114.28 113.95 113.26 112.55 113.41 113.57 114.09 114.46 114.41 114.56 114.92 115.17 115.32 115.59 115.55 115.39 115.13 115.49 115.65 115.83 115.83 115.93 115.97 116.07 116.03 116.01 115.98 116.03 115.96 115.87 115.84 115.90 115.40 115.44 115.52 115.61 115.69 115.97 116.05 116.18 116.24 116.23 116.22 115.48 114.53 114.31 114.24 114.14 114.08 114.25 114.32 114.32 114.23 114.38 114.47 114.57 114.72 114.82 114.94 114.66 114.80 115.08 115.27 114.89 114.73 114.78 115.33 115.04 114.62 114.61 114.77 114.70 115.18 114.40 113.53 113.23 113.29 113.46 113.58 113.81 114.13 113.38 113.51 113.51 113.30 113.37
-79°N ||     113.88 113.94 113.96 114.09 114.07 114.03 114.04 114.08 114.10 114.33 114.18 114.29 114.37 114.40 114.51 114.71 114.64 114.93 114.52 114.75 114.58 114.62 114.59 115.14 115.66 114.45 114.98 115.59 115.37 115.50 115.41 115.42 115.39 115.41 115.48 115.51 115.51 115.49 115.38 115.33 115.34 115.06 115.76 115.89 114.75 114.95 114.93 114.79 114.75 115.10 115.41 115.07 115.95 115.76 115.88 116.10 116.37 114.88 115.66 115.11 115.97 115.67 114.93 115.46 115.52 115.93 116.00 115.92 115.88 115.84 115.78 115.81 115.79 115.81 115.79 115.75 115.79 115.84 115.78 115.52 115.63 115.83 115.52 115.47 115.49 115.73 115.33 115.55 115.36 115.39 115.45 115.29 115.19 114.83 113.93 113.93 113.48 114.00 114.61 114.97 114.90 115.21 115.27 115.37 115.48 115.76 115.53 115.66 115.35 115.67 115.19 115.53 115.34 115.34 114.94 114.84 115.68 115.89 116.23 116.30 116.37 116.36 116.39 116.37 116.42 116.38 116.32 116.38 116.35 116.40 116.33 116.31 116.41 116.39 116.39 116.41 116.50 116.52 116.44 116.44 116.43 116.48 116.07 115.57 115.77 115.08 114.48 114.46 114.44 114.33 114.41 114.54 115.01 116.40 116.20 115.10 114.86 115.51 114.11 114.12 114.83 114.18 113.84 113.68 113.60 113.72 113.53 113.96 113.65 113.61 113.63 113.69 113.83 113.48 113.38 113.52 113.63 113.75 113.76 113.79
-77°N ||     114.84 114.52 114.44 114.41 114.31 114.63 114.58 114.99 114.94 115.00 115.00 115.05 115.44 115.21 115.14 115.24 115.38 115.40 115.50 115.28 115.19 115.25 115.19 115.32 115.23 115.39 115.64 115.75 115.57 115.71 115.66 115.69 115.69 115.68 115.67 115.70 115.66 115.70 115.67 115.67 115.65 115.68 115.58 115.41 115.33 115.07 114.48 115.28 114.38 114.68 115.59 115.37 115.22 114.67 114.89 115.13 115.31 115.26 115.44 115.42 115.77 115.97 115.75 115.84 116.09 116.15 116.14 116.19 116.19 116.15 116.09 116.06 116.00 116.02 115.98 115.99 115.97 115.87 115.62 115.63 115.55 115.40 115.34 115.17 115.43 115.64 115.49 115.53 115.31 115.44 115.45 115.37 114.95 114.75 114.60 114.41 113.89 113.48 114.74 116.05 116.49 116.69 116.69 115.33 115.66 115.52 115.55 115.74 115.42 115.79 115.49 115.43 115.34 115.83 116.25 116.05 115.42 115.27 114.81 114.57 114.46 114.05 113.90 114.49 115.18 115.72 116.07 116.06 115.95 115.72 115.08 115.83 116.04 115.23 115.89 116.12 116.47 116.34 116.03 115.89 115.51 115.56 115.33 115.84 116.52 116.43 116.21 116.04 115.21 115.26 115.35 114.46 115.25 115.62 115.61 114.60 114.16 114.23 113.96 113.99 114.08 113.89 113.89 114.18 114.03 113.97 114.10 114.20 114.23 114.20 114.09 114.20 114.46 114.08 114.11 114.17 114.40 114.59 114.71 114.49
-75°N ||     115.15 115.28 115.01 115.17 114.95 114.93 115.07 115.93 115.36 115.29 116.47 116.89 115.61 115.76 115.75 115.88 115.62 115.75 115.74 115.50 115.50 115.79 115.80 115.99 115.81 115.89 115.94 115.97 115.94 115.90 115.90 115.87 115.90 115.84 115.31 115.76 115.78 115.77 115.73 115.73 115.66 115.59 115.60 115.61 115.67 115.75 115.65 115.54 115.31 115.16 115.28 114.67 114.54 114.99 115.64 115.75 115.69 116.09 116.28 116.34 116.39 116.37 116.31 116.26 116.24 116.24 116.21 115.99 116.22 116.09 115.91 115.71 115.67 115.47 115.40 115.51 115.43 115.66 115.46 115.48 115.56 115.61 115.72 115.51 115.89 115.62 115.62 115.80 115.62 115.61 115.49 115.14 114.99 115.34 115.51 115.55 115.58 115.60 115.68 115.52 115.34 115.45 115.44 115.40 115.76 115.85 115.85 115.66 115.62 115.48 115.36 115.15 114.61 114.84 114.98 114.40 114.85 114.70 114.46 114.65 114.39 114.33 115.14 115.47 115.24 115.16 116.45 114.79 115.04 115.06 115.20 115.78 115.67 115.53 115.45 115.20 115.53 114.39 113.95 113.47 113.42 114.19 116.80 116.59 116.69 115.24 115.99 115.26 116.14 116.52 116.36 116.28 116.19 116.23 116.33 114.96 113.69 113.61 113.58 113.59 113.55 113.73 114.48 114.34 114.56 113.84 113.92 114.14 114.23 114.23 114.33 114.35 114.40 114.70 114.71 114.79 114.93 114.86 114.92 114.99
-73°N ||     116.54 115.17 115.97 115.96 115.82 115.45 116.34 115.97 116.02 116.01 115.52 115.14 116.32 115.44 115.77 116.00 115.94 115.93 115.84 115.69 115.50 115.08 116.32 114.84 115.13 116.16 115.84 115.81 115.85 115.91 115.94 115.93 116.03 115.59 115.51 115.12 115.39 115.84 115.70 115.77 115.76 115.80 115.69 115.75 115.80 115.79 115.80 115.50 116.18 117.28 117.27 117.45 117.41 115.56 116.19 116.22 116.44 116.51 116.55 116.59 116.60 116.57 116.49 116.39 116.45 116.01 116.19 116.43 116.47 116.47 116.39 116.06 115.81 115.95 115.79 115.66 115.58 115.73 115.98 115.54 115.55 115.58 115.64 116.02 115.83 116.12 116.29 116.25 116.12 116.18 115.77 115.72 115.31 115.75 115.72 115.85 116.06 116.09 116.09 116.07 116.11 116.11 116.20 116.15 116.07 116.00 116.15 115.60 115.50 115.33 114.82 114.40 114.68 115.17 115.67 115.34 115.58 115.45 115.57 115.16 115.33 114.90 114.67 114.55 114.90 114.83 115.25 115.31 115.66 115.61 115.55 115.68 115.72 115.83 115.94 115.95 115.91 116.06 115.63 115.18 115.70 114.14 114.39 115.10 115.20 115.25 115.33 115.62 116.43 116.06 115.79 114.82 115.75 116.28 116.63 116.77 116.01 114.77 113.74 114.22 113.92 114.27 114.85 114.96 114.12 114.46 114.99 115.16 114.98 115.44 116.43 116.12 115.64 115.47 115.48 115.40 115.60 115.35 115.41 116.41
-71°N ||     116.35 116.42 116.56 116.65 116.75 116.97 117.15 117.05 117.07 117.10 117.10 116.25 115.42 115.02 114.23 114.26 115.08 115.29 116.64 115.59 115.67 115.44 115.18 115.27 117.52 116.01 115.99 116.02 115.88 115.61 115.71 115.58 115.57 115.81 115.71 115.66 115.56 115.95 115.74 115.76 115.92 115.72 115.90 115.78 115.83 115.87 115.52 115.28 115.35 116.48 117.33 117.17 117.56 115.33 116.38 116.57 116.64 116.73 116.64 116.67 116.76 116.36 116.20 116.35 116.52 116.62 116.71 116.49 116.52 115.48 115.81 116.05 115.87 116.08 115.73 115.97 115.76 115.19 114.95 114.79 114.68 115.86 115.83 115.83 116.06 116.09 116.28 116.05 116.37 116.19 116.79 116.67 116.18 116.28 116.26 116.05 115.95 115.23 115.95 116.30 116.47 116.13 116.18 116.20 116.18 116.24 115.80 114.77 115.08 115.49 115.55 115.69 115.70 115.90 115.93 115.82 116.12 115.91 116.06 116.16 116.06 116.30 116.34 116.09 116.29 115.86 115.17 115.45 116.90 116.88 115.68 115.87 115.60 114.26 115.19 115.43 115.55 115.03 114.64 115.04 115.55 114.86 115.88 116.04 116.38 116.41 116.35 115.97 115.96 116.19 116.53 116.41 116.72 116.48 117.44 117.66 117.57 117.14 116.67 116.34 116.65 116.41 116.13 116.56 116.79 116.70 116.68 116.46 116.26 116.88 116.34 116.73 116.57 116.61 115.92 115.91 115.98 116.10 115.62 116.30
-69°N ||     115.63 115.73 116.17 116.49 115.96 117.75 117.52 117.10 117.30 117.26 117.21 116.94 116.16 116.29 115.76 116.02 114.60 114.83 115.33 115.88 116.33 116.03 115.70 115.59 115.39 116.24 115.91 116.11 115.62 116.37 115.18 115.27 115.16 115.50 115.56 115.67 116.01 116.04 116.16 116.14 116.24 116.14 116.10 116.17 116.17 116.92 115.91 116.28 116.29 116.26 116.33 116.51 116.52 116.65 116.68 116.61 116.66 116.70 116.44 116.44 116.20 116.68 116.63 116.82 116.66 116.39 115.69 115.75 115.85 115.86 115.80 115.96 115.94 116.20 116.34 116.60 116.39 115.68 115.06 115.39 115.57 116.15 116.17 115.67 115.65 115.40 115.49 115.44 115.77 116.11 116.15 116.31 115.27 116.36 116.45 116.35 116.51 116.51 116.49 116.56 116.49 116.44 116.52 116.42 116.15 115.79 114.95 116.28 116.51 116.37 116.15 115.92 116.04 115.89 116.05 115.49 115.43 116.09 116.55 116.79 117.02 116.85 116.90 117.00 116.98 116.88 116.45 115.97 115.65 115.65 116.19 116.01 115.95 115.94 117.03 115.68 114.19 114.62 114.78 114.92 115.16 115.15 114.70 114.84 115.46 116.02 116.16 115.82 116.41 116.51 116.50 116.61 116.01 114.00 116.49 117.46 117.25 114.68 117.47 117.35 117.26 116.95 116.84 116.74 116.41 116.06 115.76 115.87 114.94 114.62 115.79 116.57 116.47 116.21 116.02 115.83 115.71 115.59 115.85 115.82
-67°N ||     117.51 115.60 115.26 116.19 116.23 116.36 116.41 117.15 117.18 117.33 117.40 117.40 117.20 117.03 116.57 116.19 115.79 115.23 115.12 114.77 114.75 114.43 114.83 114.87 115.33 115.29 115.14 115.03 115.68 114.71 114.72 114.78 115.48 117.36 115.33 115.63 115.66 116.62 116.13 116.16 116.28 116.26 116.20 116.22 116.23 116.29 116.24 116.38 116.39 116.32 116.37 116.49 116.54 116.54 116.43 116.64 116.84 116.68 116.76 116.64 115.96 116.45 116.75 116.75 116.43 116.18 118.11 118.12 117.78 115.91 116.09 116.15 116.23 116.49 116.71 116.24 115.82 115.17 115.27 114.91 115.30 115.33 115.81 115.72 116.12 116.00 116.16 116.19 116.18 116.19 116.25 116.45 116.35 116.53 116.47 116.62 116.47 116.41 116.43 116.21 116.23 115.38 115.13 115.18 114.78 115.42 116.98 117.58 117.52 116.99 116.84 116.31 116.34 115.91 116.10 115.98 116.44 116.63 116.96 117.01 116.98 116.97 117.04 117.04 116.95 117.24 117.23 117.40 117.43 116.83 115.90 115.12 115.84 116.09 115.17 114.96 114.82 114.35 115.00 114.08 114.38 114.85 114.87 116.00 115.62 115.53 114.92 115.32 115.86 116.27 116.66 116.81 116.47 116.69 116.85 116.91 116.95 116.91 116.54 116.77 116.71 116.78 116.51 116.23 116.56 116.49 116.50 116.48 116.39 115.83 116.64 116.31 116.23 115.96 115.38 116.16 115.32 115.29 115.35 115.94
-65°N ||     115.80 115.30 114.90 115.45 115.51 116.63 116.76 117.29 117.19 117.28 117.26 117.41 117.42 117.43 117.31 117.08 116.90 116.82 116.69 116.27 115.63 115.47 115.56 115.29 115.75 115.65 115.23 116.20 115.99 115.26 114.99 115.37 115.10 115.41 115.65 115.81 115.85 115.94 115.96 116.23 116.25 116.37 116.41 116.41 116.51 116.55 116.50 116.48 116.51 116.49 116.35 116.23 116.13 116.29 116.47 116.64 116.64 116.65 116.49 115.39 116.71 116.87 117.09 117.33 116.49 116.90 116.82 116.90 116.26 116.18 116.47 116.32 116.43 116.62 116.90 116.75 116.16 115.94 115.48 115.09 115.12 115.51 116.58 115.92 116.15 116.21 116.21 116.12 115.82 116.29 116.31 116.36 116.30 116.51 116.28 116.56 116.87 116.67 116.33 116.43 116.13 116.17 116.00 115.87 115.39 115.77 115.59 115.90 116.03 115.88 115.82 115.65 115.78 116.46 116.82 117.41 117.36 117.15 116.94 116.82 116.83 117.05 117.25 117.22 117.38 117.32 117.28 117.36 117.36 117.48 116.24 116.16 116.10 115.96 117.75 115.35 115.29 115.43 116.02 114.59 114.54 114.55 115.14 115.18 115.24 114.71 114.52 116.03 115.67 115.26 116.37 116.19 116.05 116.70 116.66 114.80 115.56 115.81 116.58 116.18 115.41 115.60 116.59 116.09 116.41 116.76 116.56 116.67 116.61 116.54 116.09 115.96 115.72 114.94 116.18 116.48 115.93 115.71 115.22 115.07
-63°N ||     115.82 115.79 116.32 115.44 115.07 115.67 116.39 116.54 116.90 116.80 117.18 116.96 117.37 117.26 117.29 117.11 117.22 117.26 117.17 116.53 115.82 115.79 115.44 115.58 115.46 115.65 115.66 115.42 115.34 115.45 115.36 115.55 115.87 115.88 115.83 115.53 115.29 115.73 116.25 115.88 116.46 116.02 115.75 116.27 116.33 116.28 116.00 116.41 116.30 116.27 115.98 116.07 116.46 116.98 116.59 115.66 116.24 117.00 116.80 116.85 116.76 116.75 116.94 117.23 117.69 117.39 116.47 117.46 116.30 117.01 116.70 116.45 116.52 116.36 116.51 117.17 117.38 117.26 117.16 116.66 116.41 115.92 116.06 116.04 116.07 116.14 116.32 116.33 116.34 116.29 116.28 116.31 116.46 116.37 116.44 116.20 116.39 116.48 116.27 116.60 116.65 116.27 116.37 116.61 116.41 116.08 115.82 115.51 115.55 115.26 115.88 116.03 116.47 117.20 117.69 117.75 117.78 117.51 117.27 117.16 117.10 117.05 117.13 117.19 117.48 117.57 117.44 117.40 117.44 117.50 117.25 116.49 116.34 116.70 116.16 115.55 115.20 115.43 115.22 114.24 116.52 114.92 115.69 115.56 115.52 115.11 114.88 114.63 114.28 114.85 115.40 115.95 115.65 115.74 116.20 116.67 117.02 117.06 116.67 116.50 115.82 115.94 116.22 116.19 116.02 114.82 114.76 115.25 115.93 116.33 116.52 116.61 116.35 116.72 116.66 115.42 116.03 116.17 116.09 116.43
-61°N ||     116.89 115.58 115.01 115.83 116.28 116.57 116.54 115.61 115.79 116.09 115.47 115.80 116.60 115.80 117.95 115.93 116.48 116.40 117.14 116.73 116.61 116.55 116.59 115.73 115.50 115.22 116.64 116.19 115.46 115.60 116.22 116.65 116.70 116.54 116.52 116.11 115.59 115.86 115.75 115.71 116.30 115.33 115.91 116.35 115.93 114.64 116.63 116.85 116.91 116.81 116.76 116.96 116.93 116.46 115.89 117.22 117.22 116.90 117.22 117.18 117.08 116.84 117.01 117.12 117.49 117.87 117.58 116.79 117.72 117.75 117.53 117.16 115.98 117.01 117.30 116.68 116.61 116.76 116.59 116.22 115.08 115.12 116.05 116.42 116.11 116.01 115.85 116.26 116.43 116.39 116.49 116.38 116.41 116.65 116.51 116.60 116.54 116.31 116.49 116.65 116.75 116.56 116.45 116.43 115.69 116.43 116.30 116.32 116.34 116.48 116.62 116.71 116.84 117.09 117.43 117.49 116.89 116.81 116.87 116.56 118.04 117.46 116.67 117.01 117.28 117.38 117.62 117.72 117.34 117.63 118.00 117.76 114.86 117.54 117.34 117.04 115.48 115.75 115.73 116.31 115.20 115.07 114.94 115.08 115.16 115.02 115.01 114.69 115.01 114.88 115.23 115.19 115.28 115.42 115.48 116.89 117.62 117.57 117.56 117.37 117.11 116.76 116.46 116.13 116.04 115.54 115.00 115.35 115.48 114.18 115.21 116.23 116.42 116.05 114.69 115.18 115.44 116.66 116.72 116.66
-59°N ||     117.10 116.38 116.11 116.53 116.58 116.33 114.62 115.58 115.87 115.56 116.27 115.58 115.91 114.79 116.17 116.72 116.35 116.54 116.13 116.55 116.78 116.81 116.41 116.21 115.10 115.67 115.94 116.02 116.58 115.66 115.97 116.88 117.00 116.57 116.96 116.63 115.92 115.24 115.04 115.24 115.63 116.43 116.86 116.80 116.69 116.21 116.91 117.10 117.34 117.31 117.32 117.32 117.39 117.43 117.04 116.76 116.94 116.68 117.12 117.29 116.85 116.41 117.26 117.27 116.43 117.80 116.42 117.34 117.74 115.79 116.27 117.25 118.02 116.99 117.69 116.83 116.89 116.49 116.18 116.23 115.47 115.64 116.08 115.77 115.86 116.44 116.22 116.17 116.71 115.10 116.29 116.62 116.72 116.58 117.16 116.34 116.23 116.27 117.58 116.20 116.08 116.65 116.44 116.47 116.57 116.63 116.58 116.47 116.43 116.86 116.95 117.21 117.29 117.29 117.07 116.58 116.63 116.77 116.29 115.69 115.75 115.80 116.74 117.30 117.78 117.91 117.97 117.91 117.98 118.10 117.94 117.92 117.61 117.39 117.49 117.16 116.47 114.95 114.26 114.68 117.41 117.16 114.32 114.34 116.21 114.76 114.92 114.04 114.86 115.37 114.68 114.78 115.49 116.41 116.81 117.09 117.35 117.26 117.41 117.40 117.37 117.26 117.09 116.87 116.27 115.81 115.34 115.25 115.54 115.26 116.66 114.42 115.47 115.76 115.34 116.24 116.56 116.29 116.68 116.89
-57°N ||     116.88 116.94 117.19 117.55 116.97 115.23 115.81 115.59 115.01 115.11 115.28 117.55 115.21 115.37 114.83 114.95 115.90 116.57 115.96 115.79 117.45 115.88 115.94 115.91 114.90 115.79 116.16 116.12 116.07 114.97 114.28 116.96 116.65 116.80 116.78 116.40 116.59 115.81 115.55 115.64 115.35 116.14 116.44 116.63 116.75 116.36 115.71 115.59 116.75 117.40 117.44 117.51 117.31 117.29 116.99 116.11 115.83 115.86 115.48 115.25 116.15 117.87 116.64 115.88 117.48 118.03 117.81 116.65 117.88 114.28 118.08 116.79 116.15 117.09 116.56 117.77 117.99 117.72 117.26 118.08 118.11 117.16 116.19 116.31 116.65 116.27 116.37 116.03 115.97 116.42 116.52 116.64 116.25 115.83 115.84 115.76 115.79 115.93 116.50 115.92 115.57 115.78 115.77 115.85 115.80 116.63 116.67 116.89 117.09 117.24 117.39 117.54 117.70 117.75 117.63 117.27 117.44 117.43 117.61 117.24 117.10 117.38 117.88 118.10 118.14 118.14 118.14 118.14 118.13 117.99 118.11 118.05 117.84 117.95 117.95 117.85 117.75 117.21 114.70 116.19 117.49 117.82 115.03 115.31 116.08 115.82 115.27 114.94 114.87 115.36 115.99 116.22 116.43 116.06 116.70 116.38 117.09 116.30 115.14 115.49 117.17 117.34 117.24 116.82 116.22 115.80 115.43 115.41 115.55 115.44 115.01 114.83 115.51 115.62 116.95 115.51 115.50 115.65 116.07 116.79
-55°N ||     117.04 117.09 117.28 117.38 116.56 116.49 116.39 115.79 115.55 116.28 116.23 116.09 115.82 115.96 115.44 115.79 116.57 116.45 116.47 116.40 115.67 114.70 114.70 117.47 114.65 115.89 116.37 116.38 116.34 115.94 115.60 116.84 116.82 116.67 116.92 116.43 116.06 115.69 115.15 115.01 115.16 114.98 114.88 115.16 116.23 115.79 115.52 116.01 116.76 117.11 117.45 117.49 117.53 116.88 116.37 115.03 115.53 114.88 115.31 117.66 116.04 118.07 118.12 117.61 116.15 118.12 117.86 118.02 117.87 117.85 117.87 117.95 115.70 116.51 117.83 116.97 116.83 117.83 117.67 117.57 116.90 116.48 116.69 116.67 116.54 116.32 116.35 116.00 116.20 115.78 116.14 116.42 116.76 116.30 116.44 117.03 117.93 116.48 116.42 116.56 116.53 116.43 115.60 115.82 115.56 115.91 116.92 117.04 117.31 117.54 117.70 117.82 118.00 118.10 118.09 118.13 118.13 118.11 118.09 117.95 117.94 117.97 117.93 117.99 118.16 117.90 117.89 117.87 118.08 117.97 118.09 118.11 118.07 117.96 118.12 118.08 116.24 117.40 117.21 116.74 116.48 116.22 116.39 116.46 114.87 115.48 115.65 115.64 116.13 116.56 117.04 117.03 117.63 117.50 116.43 116.71 117.01 115.10 115.37 117.37 116.95 116.65 116.38 116.45 115.90 115.71 115.95 116.24 116.62 116.30 116.28 115.38 116.46 115.89 115.54 115.64 115.98 116.56 116.58 116.94
-53°N ||     117.18 116.62 116.76 117.59 117.87 115.72 116.86 117.03 116.99 116.70 116.92 116.19 115.86 116.39 116.36 116.36 115.96 116.52 116.38 116.54 116.37 115.40 114.95 116.57 115.92 116.32 117.73 116.24 116.50 116.21 116.69 116.51 116.53 116.83 116.67 116.65 116.59 115.41 115.01 115.02 114.87 115.05 115.72 116.00 116.29 116.47 116.66 116.53 117.55 118.11 116.04 116.21 116.65 116.29 116.47 117.18 116.88 115.75 115.59 116.96 116.14 118.15 118.12 118.07 118.44 118.12 117.88 117.88 117.91 117.94 117.94 117.84 117.96 118.11 117.41 117.21 117.64 117.97 117.10 117.44 117.69 117.49 117.32 117.05 116.70 117.81 116.89 116.35 116.61 116.69 116.25 116.15 115.96 116.64 115.84 115.64 116.16 116.31 116.47 116.29 116.52 116.64 115.96 114.89 116.74 116.40 116.64 117.07 117.21 117.30 117.83 117.97 118.13 118.14 118.10 117.98 117.95 117.93 118.47 119.43 120.30 121.00 121.29 121.42 121.50 120.76 120.50 120.63 120.68 120.56 119.11 117.95 117.92 117.83 118.07 118.10 118.14 118.09 116.78 116.81 117.07 116.36 116.50 115.93 116.20 117.21 116.03 116.03 116.17 115.79 116.19 116.77 117.34 117.60 118.10 117.18 116.98 114.80 117.47 116.92 117.16 117.20 117.21 116.70 116.31 116.24 115.77 116.33 115.43 116.33 116.68 115.68 114.84 114.83 115.70 116.57 116.65 116.78 117.10 117.17
-51°N ||     117.08 116.87 116.41 116.56 117.41 117.18 117.03 115.88 117.28 116.60 116.11 116.54 116.31 116.66 116.42 116.28 116.43 115.46 116.22 116.34 116.05 115.56 114.93 114.70 114.23 116.01 115.50 116.05 116.47 116.47 116.30 116.59 116.16 116.01 116.35 115.95 115.99 115.80 115.45 114.43 114.41 114.16 114.66 116.12 116.37 116.61 116.71 116.11 117.67 118.08 116.02 116.08 115.37 114.94 116.42 117.71 117.90 117.85 116.56 115.67 115.65 115.88 118.11 117.85 118.12 117.83 117.99 117.89 117.89 117.89 117.90 118.07 117.97 117.94 117.84 118.09 117.62 117.76 117.29 117.36 117.59 117.47 116.92 116.63 116.26 117.02 115.96 116.18 116.59 116.56 116.52 116.61 116.78 116.88 116.47 115.93 116.14 116.30 116.43 115.88 116.71 116.24 115.75 116.42 116.24 116.51 116.95 117.32 117.59 117.60 118.03 118.14 118.15 118.04 117.89 117.94 118.50 119.51 120.62 121.82 122.16 122.62 122.74 122.52 122.85 122.90 122.80 122.81 122.71 122.54 122.84 122.36 118.69 118.61 118.22 118.09 117.75 116.14 115.03 117.49 117.00 116.08 117.47 115.97 115.13 115.50 116.08 116.99 116.62 116.74 117.28 117.32 117.15 117.00 116.08 117.01 117.07 117.26 117.13 117.15 117.05 116.31 116.54 117.12 117.04 116.72 115.94 117.07 116.49 117.02 116.46 115.85 116.52 115.61 115.77 116.21 116.39 116.73 116.84 117.04
-49°N ||     115.85 116.23 116.04 116.63 117.67 117.89 118.00 117.01 117.05 115.67 116.36 115.75 115.72 115.51 115.94 115.67 115.58 115.65 114.63 114.98 115.45 115.86 114.82 114.63 115.53 115.21 115.72 116.50 116.45 116.44 116.17 116.53 116.06 114.38 114.39 114.63 115.06 115.05 115.16 114.49 114.26 114.34 114.56 115.74 116.23 116.48 116.51 116.48 116.36 116.20 115.97 115.54 114.87 114.57 114.93 115.53 117.01 117.09 116.09 115.75 117.99 118.13 118.13 118.03 117.90 118.25 117.90 117.94 117.89 118.06 118.10 117.87 117.89 117.85 117.87 117.23 117.15 117.61 117.20 117.39 117.40 117.34 117.00 116.51 116.54 115.91 116.14 117.96 117.10 116.61 116.30 116.55 117.37 117.37 116.64 116.28 115.43 116.90 115.96 115.95 115.89 115.89 116.27 116.77 116.89 116.38 116.28 117.33 117.58 117.82 117.50 118.03 118.07 117.84 118.46 119.51 120.63 121.33 122.18 122.59 122.96 122.85 122.96 122.94 122.30 122.84 122.90 122.94 122.90 122.88 122.90 122.89 122.80 122.28 120.10 118.54 118.10 117.57 118.08 117.66 117.96 117.17 115.77 116.57 116.78 115.31 116.37 116.04 116.83 117.04 116.03 116.75 116.74 116.69 116.49 117.13 116.84 116.53 116.00 116.02 114.22 115.42 116.57 116.33 115.82 116.63 117.21 117.55 116.73 117.61 117.49 117.08 117.01 116.30 115.66 115.05 115.33 115.66 116.19 116.43
-47°N ||     115.62 116.33 115.98 115.91 116.86 117.61 116.69 115.99 116.75 116.19 115.79 115.99 114.63 116.47 114.89 115.21 114.12 114.44 115.47 115.17 115.85 115.02 115.53 115.98 115.91 116.51 115.64 116.14 116.39 116.35 116.38 116.38 116.50 115.39 115.15 115.35 115.74 115.82 115.82 115.42 114.85 114.67 115.14 115.29 115.10 115.96 115.98 116.11 115.83 115.89 115.41 115.18 114.67 114.65 114.55 114.98 115.41 115.33 116.03 116.64 115.22 117.68 117.14 118.07 118.13 117.99 118.19 118.15 118.07 118.18 118.12 117.90 117.87 117.78 118.14 118.14 117.34 117.26 116.97 116.22 117.21 116.89 116.77 116.72 116.26 116.35 116.01 116.38 116.84 116.67 116.82 116.85 117.56 116.81 116.49 115.50 115.95 115.76 116.22 117.02 115.98 115.45 115.78 116.23 117.43 117.44 116.85 117.28 117.80 117.72 117.49 117.83 118.13 117.87 120.51 122.31 122.71 122.94 122.63 122.95 122.68 122.85 122.97 122.97 122.84 122.61 122.40 122.76 122.89 122.83 122.84 122.70 122.73 122.66 122.11 120.62 118.91 117.93 118.11 118.10 118.05 117.97 117.31 116.65 117.46 117.40 116.58 117.15 117.06 117.06 117.07 116.18 115.94 116.51 115.91 116.36 116.46 115.59 115.05 116.06 117.16 117.33 115.94 115.78 116.50 117.28 117.06 117.34 117.59 117.46 117.39 117.30 116.08 116.12 115.68 116.49 116.00 115.78 116.33 116.13
-45°N ||     116.38 116.49 116.28 116.36 116.73 116.67 116.84 116.90 117.08 115.96 115.64 116.42 115.70 115.43 115.55 115.56 116.84 115.45 115.99 116.15 115.85 116.25 117.05 115.73 116.24 116.58 116.33 116.15 116.16 116.11 115.92 116.07 115.98 115.72 115.74 115.69 115.74 115.79 115.95 115.97 115.52 115.37 115.62 115.49 115.45 115.73 115.74 115.45 115.22 114.95 114.84 114.81 114.72 114.06 113.80 115.25 115.81 115.98 116.48 116.84 117.27 117.19 117.69 117.80 117.47 117.93 117.84 119.34 119.08 118.43 118.24 118.01 118.02 118.13 118.09 118.15 117.12 117.06 117.02 118.03 116.55 116.87 116.47 116.41 116.31 116.18 116.18 116.90 116.87 116.74 116.57 116.70 117.00 116.69 116.39 116.53 116.01 116.06 116.00 117.02 114.89 115.79 116.06 116.16 117.01 116.13 116.96 117.28 117.58 117.60 117.73 117.61 118.13 118.75 122.34 122.70 122.80 122.68 122.85 122.88 122.89 122.86 122.81 122.84 122.80 122.88 122.65 122.63 122.72 122.91 122.82 122.75 122.77 122.67 122.07 121.65 119.75 117.92 118.10 118.14 118.05 118.13 115.61 117.45 117.50 117.09 117.29 116.86 116.61 117.14 116.64 116.32 116.72 116.31 116.44 115.93 115.60 115.73 114.97 113.94 115.66 115.34 116.10 117.33 117.47 117.32 116.57 117.52 116.77 116.88 117.31 117.16 116.10 116.16 116.27 115.04 115.12 115.96 116.24 116.11
-43°N ||     117.15 116.04 117.32 116.78 117.15 116.68 116.85 116.80 116.49 116.16 115.65 115.77 115.50 115.24 115.70 115.75 116.27 116.37 116.19 116.16 115.48 115.81 116.09 116.11 115.71 116.20 116.35 116.35 115.43 115.85 115.66 116.04 116.11 115.50 115.64 115.63 115.68 115.84 116.10 116.25 115.45 115.12 113.81 113.90 114.97 115.49 115.29 114.98 115.03 114.66 114.50 114.50 114.34 114.44 114.47 115.43 115.54 115.75 115.88 116.39 116.35 116.48 117.09 116.39 118.02 117.92 118.08 118.00 117.93 117.88 117.95 117.97 117.98 118.14 118.11 117.32 117.18 117.44 117.27 117.43 117.10 118.14 116.47 116.77 116.54 116.53 116.33 116.95 116.90 116.55 116.43 116.68 116.76 116.63 116.59 116.25 116.54 116.22 116.68 116.01 115.92 116.08 115.86 115.30 115.38 115.87 116.82 117.62 117.13 117.39 117.57 117.62 118.02 120.15 122.61 122.98 122.96 122.96 122.96 122.81 122.88 122.94 122.97 122.88 122.93 122.73 122.87 122.84 122.96 122.90 122.76 122.76 122.62 122.28 120.92 120.77 119.78 118.16 117.91 118.10 118.15 118.14 118.06 118.01 117.77 117.52 117.27 116.99 117.01 117.79 117.36 117.13 117.03 116.51 116.43 115.99 115.56 115.54 115.64 115.68 115.34 115.46 116.45 117.55 117.75 117.65 117.45 117.30 116.77 117.07 117.04 117.24 115.32 116.44 116.49 117.47 116.01 116.36 116.80 116.72
-41°N ||     117.37 117.27 117.31 117.75 117.53 116.58 116.73 116.60 117.39 117.73 118.14 118.12 116.88 115.83 116.20 116.04 115.43 115.80 115.40 115.89 115.41 116.17 116.10 116.10 115.85 114.73 115.45 115.70 116.02 115.40 115.24 115.61 115.38 115.40 115.10 115.51 115.62 115.87 115.94 113.25 112.88 112.67 110.58 110.29 110.37 113.06 113.05 113.06 114.02 114.47 114.09 114.57 114.21 114.42 114.35 114.41 114.52 115.18 116.33 116.10 115.60 114.83 116.67 117.43 117.38 117.91 117.95 118.07 118.07 118.04 118.05 118.02 118.14 117.80 117.88 117.90 117.68 118.10 117.61 117.03 117.34 117.18 116.71 116.72 116.46 116.48 116.63 117.06 117.06 116.86 116.51 116.79 116.41 116.48 116.64 115.96 115.75 116.44 116.37 116.20 115.76 115.87 115.23 114.90 117.03 116.06 116.57 117.28 117.32 117.36 117.62 117.92 118.04 120.19 122.17 122.98 122.84 122.77 122.92 122.92 122.87 122.95 122.84 122.76 122.96 122.75 122.92 122.99 122.95 122.98 122.91 122.76 122.02 121.22 120.76 120.33 119.19 118.02 117.86 118.08 117.95 117.78 117.58 117.92 116.60 116.79 117.31 117.44 117.52 117.45 117.32 117.27 117.30 116.43 116.23 116.15 115.80 116.38 116.31 115.97 115.87 115.77 116.65 117.18 117.37 117.21 117.32 117.21 116.17 116.80 116.81 115.76 115.62 116.64 116.52 116.62 116.71 117.01 117.28 116.81
-39°N ||     117.16 117.36 116.97 116.47 117.60 116.46 117.08 116.91 115.94 116.53 117.98 117.95 116.30 115.86 116.67 116.28 116.63 116.00 116.33 116.43 116.65 115.67 116.68 116.68 116.33 116.35 116.06 115.69 115.89 115.74 115.59 113.23 114.60 115.15 115.16 115.40 115.60 115.57 114.66 114.49 113.75 112.19 111.80 111.90 112.33 112.47 112.34 112.65 111.93 113.25 114.14 114.16 114.18 114.29 114.46 114.49 114.78 115.20 115.29 115.94 115.94 116.14 115.50 115.79 116.79 116.00 117.49 118.13 118.15 118.03 118.13 118.13 117.95 117.83 117.97 117.86 117.78 117.55 117.36 117.39 117.31 117.31 117.07 116.86 116.80 116.47 116.97 117.29 116.89 116.80 117.12 117.18 117.07 116.47 116.73 116.25 116.27 116.22 116.18 116.74 115.85 116.11 115.62 115.77 115.65 115.58 116.54 117.10 117.41 117.47 117.46 117.99 118.01 118.66 121.97 122.97 122.78 122.81 122.97 122.92 122.81 122.90 122.82 122.78 122.93 122.89 122.94 122.96 122.98 122.94 122.81 122.33 121.44 120.89 120.03 119.49 119.09 118.57 117.89 118.07 118.07 117.45 117.54 117.39 117.38 117.63 117.52 117.57 116.56 117.38 117.45 117.55 117.24 117.00 116.49 116.85 116.49 116.08 116.87 116.64 116.21 116.00 116.03 116.33 116.81 116.99 117.54 117.30 116.90 116.84 117.02 116.75 117.21 117.07 117.10 116.70 116.89 117.21 117.42 117.58
-37°N ||     117.58 117.35 117.37 116.88 118.05 117.81 117.35 116.29 115.62 114.82 114.44 115.68 115.51 116.65 117.17 117.12 117.13 117.13 116.91 116.78 116.77 116.74 116.30 116.58 116.16 115.69 115.81 115.22 115.08 115.77 115.64 114.51 114.70 113.95 114.85 113.75 114.50 112.20 112.36 114.47 112.17 111.26 112.77 112.81 112.69 112.63 112.88 113.74 112.98 112.93 112.66 113.40 114.12 114.71 114.70 114.84 114.70 115.42 115.58 115.33 115.29 116.28 116.24 116.70 117.25 117.11 117.66 117.89 116.13 117.98 117.78 117.85 117.93 117.97 117.87 117.76 117.64 117.62 117.62 117.36 117.06 116.86 116.46 118.04 116.92 116.63 116.64 116.50 117.18 116.81 117.00 117.20 117.14 116.86 116.26 116.65 116.17 116.08 116.63 116.57 115.80 115.76 115.57 115.81 116.06 116.03 117.78 116.67 117.30 117.56 117.60 117.71 118.07 118.61 120.09 122.79 122.85 122.49 121.84 122.97 122.94 122.92 122.96 122.84 122.91 122.94 122.97 122.99 122.99 122.97 122.86 121.97 120.69 120.12 119.31 118.85 118.12 117.87 118.03 118.15 117.67 117.84 117.24 117.26 117.06 117.22 117.58 117.61 117.56 117.38 117.59 117.41 117.29 117.21 116.99 117.03 117.30 117.04 116.89 115.94 116.39 116.30 115.68 115.64 116.60 116.85 117.49 116.96 117.00 117.18 117.37 117.34 117.30 117.27 117.00 116.76 117.60 117.75 117.61 117.98
-35°N ||     117.55 118.03 117.38 116.48 117.27 116.46 116.33 116.60 115.80 114.85 114.68 115.73 116.63 116.85 117.06 116.95 117.12 115.28 116.81 116.73 116.65 116.38 116.37 116.14 115.51 115.83 115.60 115.44 114.78 114.98 114.61 114.46 114.59 114.25 114.42 114.65 113.82 112.14 112.27 112.22 111.58 112.78 113.62 113.49 113.11 113.43 113.20 113.29 113.61 113.66 113.43 112.39 113.30 114.56 114.97 115.22 115.21 115.22 115.23 115.34 115.56 115.79 115.74 117.12 117.03 116.24 116.56 117.08 116.97 117.84 117.71 117.70 117.68 117.31 117.48 117.68 117.69 117.67 117.82 117.55 117.11 116.70 116.96 116.73 116.86 116.41 116.29 116.48 116.66 116.77 116.83 117.09 116.98 116.43 116.46 116.43 116.75 117.03 116.21 116.04 116.10 115.36 115.54 116.03 116.27 116.21 116.30 116.78 117.41 117.32 117.30 117.45 117.83 118.07 118.00 120.06 122.99 122.83 122.37 122.19 122.95 122.97 121.87 122.27 122.97 122.96 122.99 122.96 122.99 122.93 122.35 119.89 118.89 118.82 118.42 117.97 118.17 117.87 117.90 117.94 117.71 117.65 116.62 117.24 116.92 117.10 117.28 117.38 117.53 117.62 117.44 117.18 116.34 116.36 116.47 116.87 116.48 116.20 116.65 116.94 116.60 116.15 116.69 116.97 116.73 116.74 116.52 116.84 116.79 116.18 117.38 117.51 117.13 117.05 117.27 117.38 117.93 117.79 117.38 116.60
-33°N ||     117.64 117.74 116.47 116.27 116.54 115.48 116.01 114.88 114.93 115.65 115.58 115.91 116.73 116.92 117.28 116.82 117.13 117.17 116.73 116.73 115.81 116.40 116.31 116.28 115.91 115.58 115.61 115.37 115.10 114.77 114.59 113.63 114.10 113.84 113.46 113.70 112.93 111.82 111.63 110.87 111.15 112.85 113.87 113.41 114.28 113.52 114.60 114.68 114.35 114.39 113.64 112.52 111.57 113.47 114.53 115.22 115.17 115.25 115.29 115.26 115.73 116.26 116.08 117.06 117.16 117.22 117.17 117.15 117.05 116.84 117.11 117.61 117.55 117.31 117.69 117.35 117.81 117.59 117.54 117.65 117.38 117.11 117.36 116.95 116.87 116.70 116.62 116.47 116.49 116.61 116.68 116.28 116.58 116.82 116.52 116.69 116.40 116.73 116.37 115.72 115.94 115.73 115.42 115.71 116.04 116.19 116.20 116.11 116.93 117.30 117.13 117.08 116.84 117.26 117.92 118.03 121.22 122.69 122.96 122.67 122.66 122.11 122.81 122.95 122.99 122.98 122.94 122.94 122.18 120.99 120.19 118.56 117.84 117.85 117.85 117.85 118.09 117.91 118.00 118.06 118.09 117.69 117.27 117.12 116.91 116.82 117.04 116.98 117.12 117.28 117.23 116.89 116.70 116.43 115.74 115.60 115.76 115.69 116.56 116.02 116.47 116.80 116.17 116.54 116.37 116.27 116.76 116.94 117.21 116.68 116.91 117.45 116.55 117.19 117.21 117.42 117.58 117.35 116.98 116.94
-31°N ||     117.55 116.71 116.56 116.47 115.69 115.81 115.17 115.72 115.90 115.71 115.94 115.99 116.47 116.81 117.14 117.13 117.13 116.55 116.37 116.73 116.23 116.31 116.21 116.13 115.89 115.82 115.56 115.32 114.94 114.57 114.24 114.06 114.01 113.33 113.15 113.81 112.84 111.61 111.78 110.88 111.99 112.92 113.37 114.06 114.35 114.64 114.66 114.91 114.90 115.03 113.88 112.53 112.97 113.09 113.25 113.19 114.79 115.48 115.44 115.83 116.32 116.77 117.05 117.10 117.29 117.21 117.29 117.44 117.35 117.27 117.39 118.07 117.31 117.02 117.20 117.24 117.36 117.49 117.69 117.65 117.65 117.54 117.32 117.34 117.16 116.70 116.36 116.17 116.44 116.51 116.52 116.64 116.31 116.61 116.70 116.58 116.67 116.53 116.49 115.98 115.95 116.53 116.16 115.93 116.27 116.49 116.60 116.25 116.98 117.26 117.51 117.09 117.53 117.44 118.00 118.00 117.98 118.25 118.90 122.44 122.86 122.88 122.86 122.97 122.92 122.95 122.73 122.28 119.11 117.86 118.59 118.16 117.89 117.90 117.94 118.11 118.12 118.01 118.04 118.14 118.14 117.32 117.36 117.01 117.13 116.60 116.77 116.72 116.74 116.83 116.97 116.70 116.43 116.44 115.98 115.87 116.68 115.61 115.38 115.15 116.59 116.99 117.40 116.69 116.92 117.11 117.27 117.15 117.19 117.01 116.83 117.13 116.71 117.06 117.05 116.82 117.06 117.25 117.21 117.14
-29°N ||     117.53 116.70 115.08 116.46 115.68 115.49 116.17 115.63 116.04 115.81 115.81 116.09 116.77 117.01 117.12 117.06 117.01 115.71 116.82 116.78 116.53 116.20 116.19 116.05 115.95 115.75 115.55 115.18 114.80 114.47 114.17 113.80 113.57 113.53 113.50 112.61 112.67 112.14 110.59 109.61 111.90 113.12 113.61 113.98 114.39 114.75 114.97 115.12 115.23 115.21 115.14 114.94 114.08 114.09 113.96 113.10 113.43 114.02 115.39 115.75 116.39 117.14 117.28 117.21 117.40 117.25 117.06 117.20 117.45 117.41 117.57 117.82 117.58 117.16 117.44 117.74 117.51 117.47 117.80 117.77 117.71 117.72 117.46 117.57 116.88 116.84 116.66 116.38 116.24 116.48 116.59 116.65 116.81 116.73 116.69 116.60 116.65 116.09 116.54 116.11 116.70 116.78 116.43 116.44 116.76 116.90 117.00 116.89 116.23 117.19 116.87 117.47 117.61 117.73 117.07 117.35 118.14 118.04 117.94 117.92 118.27 118.18 119.69 121.87 120.54 120.89 119.16 119.80 117.84 117.97 118.10 118.12 118.04 118.01 118.09 118.14 118.15 118.12 118.15 117.92 117.86 117.55 117.24 117.06 116.98 116.78 116.73 116.80 116.78 116.82 116.85 116.56 116.53 115.95 116.24 115.70 115.09 115.41 116.36 115.06 116.31 116.85 117.05 116.44 117.08 116.07 117.01 117.22 116.92 116.76 116.98 116.82 116.56 116.72 116.80 117.06 116.86 117.05 117.22 117.42
-27°N ||     117.11 116.62 116.58 116.52 115.81 115.66 116.39 115.31 115.86 116.29 116.16 116.63 116.55 116.74 117.12 116.84 117.13 116.13 116.80 116.10 116.15 116.17 116.03 116.00 115.76 115.62 115.45 115.30 114.75 114.38 113.99 113.63 113.19 113.21 113.03 113.25 113.50 111.91 111.60 109.88 112.20 113.18 113.61 114.09 114.51 114.87 115.12 115.29 115.39 115.57 115.52 115.59 115.26 114.51 114.50 114.61 114.95 114.91 114.79 114.77 114.48 116.43 117.32 117.34 117.28 117.30 117.41 117.58 117.36 117.24 117.28 117.77 117.79 118.00 117.73 117.37 117.70 117.72 117.91 117.90 117.88 117.85 117.74 117.46 117.31 116.99 117.08 117.11 116.64 116.51 116.47 116.73 116.77 116.29 116.48 116.65 116.68 116.35 116.35 116.34 116.68 116.96 116.35 116.71 116.96 116.82 117.15 116.44 115.97 116.29 117.04 117.09 117.42 117.21 117.17 117.29 117.26 118.15 118.14 118.12 118.06 117.96 117.93 117.89 117.86 117.87 118.53 118.03 117.83 117.99 118.14 117.99 118.10 118.06 118.05 118.13 116.12 118.14 118.14 116.75 117.38 116.96 116.84 116.81 116.83 116.83 116.81 116.80 116.66 116.60 116.54 116.21 115.61 115.47 115.30 115.66 116.41 115.19 115.30 116.13 115.68 116.26 116.85 116.82 117.32 116.25 117.08 116.78 117.03 117.20 117.09 116.88 116.36 116.09 116.14 116.64 116.65 116.74 117.20 117.27
-25°N ||     117.23 116.38 116.84 116.51 116.45 116.40 116.59 117.02 116.35 116.76 116.53 117.23 117.22 117.11 117.24 116.98 117.05 116.56 116.12 116.68 116.25 116.05 115.99 115.83 115.67 115.42 115.24 115.04 114.60 114.07 113.69 113.36 113.07 112.87 112.81 112.05 112.51 112.95 111.60 111.99 112.50 113.12 113.70 114.12 114.40 114.73 114.94 115.22 115.40 115.40 115.60 115.64 115.29 114.81 113.74 114.58 114.95 115.14 115.13 114.94 114.07 115.58 117.02 117.09 117.23 117.25 117.23 116.59 116.87 117.04 117.12 117.17 117.68 118.10 118.14 117.82 117.94 118.02 118.07 117.96 117.96 117.86 117.95 117.76 117.89 117.29 117.39 117.41 117.36 116.60 117.04 116.89 117.20 116.19 116.71 116.67 116.69 116.16 115.77 116.62 116.67 116.53 116.64 116.70 116.54 116.10 116.64 115.87 115.62 116.06 116.43 116.57 117.01 116.84 117.40 117.84 117.55 118.05 118.14 118.14 118.11 118.14 118.13 117.96 118.11 117.87 117.93 118.08 118.08 118.08 118.08 118.03 118.02 118.12 118.03 117.32 117.23 117.59 116.53 117.07 116.88 116.61 116.39 116.44 116.54 116.61 116.95 116.62 116.53 116.34 116.25 115.99 115.52 115.04 115.22 115.55 116.04 115.48 114.84 115.39 115.26 115.77 116.31 116.84 116.39 116.43 116.98 116.40 116.78 116.99 116.95 116.46 116.05 116.78 116.84 116.60 116.77 117.26 117.55 117.17
-23°N ||     117.15 117.16 116.53 116.56 116.47 116.62 116.89 117.09 117.25 117.34 117.32 117.27 117.48 117.57 117.24 117.41 115.82 116.23 116.75 116.27 116.26 115.93 115.92 115.79 115.58 115.24 114.97 114.58 114.14 113.71 113.33 112.91 112.69 112.56 112.64 112.57 111.66 112.09 111.54 111.86 112.44 113.11 113.51 113.83 114.13 114.40 114.69 114.97 115.28 115.45 115.77 115.72 115.69 115.25 114.33 114.54 114.91 114.92 114.86 114.42 113.60 115.83 116.83 116.90 116.53 116.76 117.07 116.62 117.06 117.02 116.80 117.36 117.53 118.03 118.09 118.12 117.90 118.01 117.89 118.04 118.04 117.97 117.99 118.10 117.88 117.54 117.65 117.77 117.62 116.36 117.13 116.89 117.23 117.27 117.31 116.76 116.65 117.83 116.57 116.10 116.31 116.07 115.83 115.66 116.02 116.54 115.66 115.61 115.27 115.98 116.30 116.84 116.71 116.30 116.26 116.60 117.28 117.56 117.77 117.98 118.11 118.01 118.09 118.12 118.12 117.97 118.12 118.00 118.08 117.98 117.67 117.70 117.85 117.95 117.20 116.54 115.75 115.98 116.45 116.82 116.52 116.26 115.84 116.00 116.37 116.48 116.55 116.63 116.28 116.19 116.08 115.98 116.22 116.04 116.13 115.45 116.05 115.47 115.01 115.42 114.95 115.97 116.25 116.56 116.56 116.78 116.66 116.84 116.72 117.38 116.71 117.73 116.68 116.78 116.87 116.80 116.59 117.35 117.71 117.14
-21°N ||     116.88 117.02 116.55 116.57 116.54 116.56 116.96 117.71 117.39 117.28 117.13 117.19 117.31 117.12 117.27 117.39 116.95 116.52 116.57 116.31 116.10 115.87 115.81 115.63 115.40 115.14 114.69 114.15 113.55 113.09 112.74 112.36 112.13 112.11 112.28 111.74 111.95 111.17 111.34 111.92 112.36 112.83 113.13 113.44 113.79 114.05 114.42 114.69 114.99 115.24 115.39 115.61 115.65 115.16 114.56 114.90 114.41 114.74 114.36 113.94 114.02 114.42 116.66 116.62 116.72 116.55 116.96 117.09 117.02 117.06 117.19 117.19 117.45 117.74 118.06 118.13 118.08 118.02 118.09 118.11 118.07 118.04 118.00 118.11 118.05 118.11 117.76 117.80 117.60 117.18 117.02 117.22 117.40 117.46 117.01 116.86 116.67 116.27 116.22 116.43 116.56 116.69 115.55 115.99 116.31 116.21 116.48 115.37 115.28 115.82 116.36 115.91 116.49 116.48 116.58 116.91 117.06 117.48 117.62 117.98 118.07 118.11 117.73 118.05 118.09 117.96 117.85 117.20 117.63 117.65 117.55 117.38 117.82 117.21 116.72 116.40 115.04 115.21 116.22 116.05 116.29 116.24 115.76 115.34 116.38 116.50 116.50 116.52 116.50 116.19 115.86 115.55 115.22 115.57 116.47 115.57 115.78 115.70 115.10 115.95 115.79 116.02 115.87 115.85 116.58 116.75 117.03 116.77 116.44 117.33 117.47 117.08 117.15 117.45 117.33 116.74 116.30 116.94 116.97 116.69
-19°N ||     115.96 116.35 116.39 116.18 116.64 116.96 117.35 117.97 117.95 117.64 117.47 117.18 117.31 117.28 117.50 117.27 116.99 116.90 116.36 116.30 116.09 115.81 115.63 115.33 115.13 114.82 114.39 113.61 112.67 112.17 111.87 111.73 111.58 111.73 111.99 110.28 111.62 111.06 111.23 111.56 111.77 112.19 112.52 112.84 113.25 113.66 114.07 114.38 114.75 114.99 115.14 115.25 115.41 115.31 114.79 114.29 114.25 114.22 114.36 114.21 113.78 115.39 116.36 116.28 116.51 116.71 117.13 117.16 117.23 116.99 117.16 117.40 117.71 117.99 118.11 118.09 118.12 118.03 118.03 118.13 118.07 118.10 118.02 118.01 118.13 118.05 117.94 117.69 117.70 117.79 117.60 117.44 117.50 117.39 116.94 117.05 116.64 116.53 116.81 115.97 116.43 116.54 115.77 116.22 115.73 116.15 115.35 115.14 115.76 115.79 115.58 116.02 116.01 116.26 116.41 116.62 116.68 116.63 116.71 117.74 117.92 117.90 117.99 117.98 117.76 117.82 117.38 117.39 117.48 117.36 117.30 116.72 116.52 116.83 116.49 116.12 115.56 115.37 115.86 116.09 116.42 116.42 116.64 116.60 116.40 116.43 116.44 116.44 116.26 116.12 116.36 115.71 115.26 115.38 115.88 116.04 115.89 116.12 115.50 116.00 116.12 115.89 115.76 115.66 116.33 116.35 116.21 116.12 116.93 117.38 117.66 117.79 117.87 118.02 117.77 117.81 117.66 117.37 117.43 116.02
-17°N ||     116.01 116.01 116.22 116.67 116.70 117.00 117.75 117.84 117.87 117.78 117.63 117.33 117.41 116.72 117.40 117.82 117.13 117.11 116.69 116.24 116.05 115.81 115.36 115.01 114.78 114.44 113.89 112.67 111.66 111.06 110.97 111.07 111.27 111.46 111.11 110.43 110.87 111.10 110.96 110.83 110.97 111.42 111.86 112.20 112.76 113.22 113.65 113.98 114.37 114.70 114.82 115.05 115.05 115.12 114.68 114.22 113.62 113.63 114.24 114.08 113.79 115.55 116.30 115.61 116.12 117.75 117.84 117.95 117.09 117.25 116.77 117.27 117.62 117.84 118.11 118.13 118.12 118.00 118.07 118.06 118.13 118.11 118.11 118.11 118.13 118.11 118.02 118.02 117.90 117.81 117.44 117.51 117.52 117.35 117.14 117.12 116.69 116.77 116.37 117.13 116.55 116.27 115.80 115.80 115.79 115.73 115.87 115.29 115.89 115.87 116.06 115.85 115.63 115.61 116.00 116.08 116.30 117.02 117.12 116.58 117.18 117.06 117.29 117.33 117.23 117.68 117.57 117.56 117.41 117.29 116.66 116.75 115.52 115.97 116.13 115.93 115.25 115.26 115.89 116.18 116.50 116.51 116.62 116.71 116.45 116.38 116.32 116.22 116.16 115.85 116.01 115.89 115.48 115.62 115.45 115.54 115.84 116.11 115.84 116.47 116.09 116.04 115.77 115.55 116.72 115.61 115.99 116.29 116.94 117.59 117.77 117.93 117.93 118.03 118.09 117.85 117.90 117.65 117.84 117.22
-15°N ||     117.53 116.03 117.10 116.81 117.21 117.44 117.99 118.06 117.72 117.79 117.77 117.36 117.15 117.22 117.42 117.77 116.19 117.18 117.43 116.37 116.13 115.76 115.41 115.06 114.60 114.02 113.06 111.50 109.95 109.49 109.98 110.61 110.80 111.10 111.26 111.20 111.41 111.45 110.69 110.33 110.30 110.93 111.32 111.69 112.26 112.90 113.35 113.70 113.94 114.11 114.11 114.56 114.77 114.75 114.35 114.19 113.73 114.87 114.01 115.04 115.51 117.65 118.05 118.00 117.96 117.84 117.90 117.85 117.84 117.41 117.28 117.82 117.75 117.85 118.13 118.15 118.14 118.14 118.11 118.09 118.11 118.11 118.10 118.08 118.10 118.06 118.07 118.00 117.92 117.87 117.89 117.76 117.62 117.30 117.13 117.16 117.04 116.81 116.22 116.80 116.05 116.20 116.04 115.65 115.80 115.49 115.66 115.64 115.47 115.57 116.06 115.50 115.30 115.28 115.39 115.00 116.07 116.97 117.01 117.05 116.54 117.08 117.05 116.93 117.21 117.42 117.31 117.57 116.99 116.57 116.35 115.35 115.24 115.32 115.66 115.49 115.20 115.40 115.46 115.96 116.30 116.54 116.46 116.46 116.58 116.42 116.17 116.26 115.88 116.07 115.85 116.10 115.38 115.03 116.14 116.34 115.55 116.29 116.35 116.03 116.10 115.96 115.54 115.81 116.35 116.50 116.34 116.38 116.69 117.81 117.98 118.06 118.13 118.09 117.76 118.13 117.94 118.14 117.13 117.33
-13°N ||     117.64 117.59 117.28 116.95 117.22 117.67 117.99 118.13 118.07 118.11 117.99 117.63 117.51 117.69 117.66 117.75 117.24 117.20 117.04 116.65 116.29 115.85 115.46 115.06 114.48 113.75 112.64 110.48 108.14 107.67 108.94 110.12 110.50 110.61 110.71 111.48 111.21 111.17 110.52 110.22 110.27 111.63 110.79 111.34 111.94 112.51 113.08 113.43 113.69 113.88 113.92 114.76 114.06 115.46 118.03 117.63 117.62 115.88 118.15 118.24 117.33 115.61 115.51 115.80 117.44 117.97 118.05 117.99 116.62 117.90 117.17 117.63 117.86 118.00 118.05 118.08 118.13 118.15 118.12 118.13 118.12 118.12 118.11 118.11 118.04 118.07 118.11 118.03 117.91 118.02 117.98 117.91 117.75 117.51 117.78 117.37 117.16 116.88 116.71 116.72 116.68 116.36 115.93 115.70 115.47 116.03 115.55 115.53 115.39 115.31 115.35 115.54 115.08 115.52 115.40 115.67 115.70 116.63 116.84 116.68 116.77 117.03 116.89 116.88 116.55 117.08 117.15 117.16 116.92 116.68 115.51 115.23 114.88 115.49 115.36 115.61 115.12 115.32 116.09 116.11 116.66 116.50 116.61 116.49 116.54 116.43 116.00 115.80 115.72 115.79 115.74 115.48 115.93 115.39 116.40 116.36 115.76 115.75 116.15 116.28 115.94 116.06 115.61 115.46 115.85 116.94 116.99 117.18 117.58 118.03 118.12 118.14 118.15 118.15 118.14 118.15 118.13 118.15 118.14 118.14
-11°N ||     118.13 118.09 118.12 118.12 117.84 117.85 118.02 118.13 118.08 118.06 118.01 117.96 117.99 117.69 117.89 117.78 117.71 117.40 117.21 116.85 116.43 116.10 115.54 115.05 114.30 113.60 112.59 110.70 108.21 106.39 107.36 110.09 110.38 110.40 110.31 111.03 110.95 110.62 110.11 109.85 110.36 110.74 110.67 111.24 111.73 112.21 113.00 113.24 113.47 113.73 113.58 114.35 117.88 118.08 118.23 118.16 115.84 112.91 112.66 113.88 114.67 114.92 115.26 115.53 116.08 115.93 116.16 117.58 116.93 117.15 117.87 117.67 117.83 118.15 118.09 117.97 118.08 118.15 118.13 118.13 118.13 118.14 118.14 118.12 118.12 118.12 118.15 118.08 118.11 118.03 118.02 118.11 117.80 117.65 117.43 117.44 117.48 117.08 115.71 116.18 116.73 116.81 116.23 115.95 115.83 115.46 115.43 115.53 115.28 115.33 115.84 115.48 115.59 115.26 115.56 115.73 115.66 115.94 116.38 116.14 116.32 116.63 116.59 116.48 116.11 117.00 116.92 117.17 116.89 116.85 116.52 115.60 114.97 115.23 115.17 115.80 115.40 115.92 116.31 116.33 116.79 116.67 116.46 116.54 116.55 116.49 116.33 116.39 116.06 116.03 115.85 115.42 114.97 115.52 115.43 115.72 116.18 116.29 115.98 116.48 116.17 116.74 117.03 116.65 116.89 117.96 117.08 117.53 117.77 118.08 118.14 118.13 118.14 118.15 118.13 118.10 118.10 118.12 118.15 118.09
-9°N ||     117.97 118.09 118.07 118.08 118.12 117.97 118.13 118.07 118.13 118.15 118.04 118.11 118.01 117.96 117.96 117.82 117.81 117.59 117.40 116.99 116.69 116.19 115.78 115.19 114.55 113.76 112.83 111.93 108.60 105.29 105.28 108.96 110.24 110.25 110.33 110.20 110.67 110.42 110.46 110.11 110.25 110.95 112.84 114.71 113.39 112.26 112.92 113.60 113.53 114.00 117.24 117.96 117.99 117.99 117.56 113.49 112.47 114.69 113.17 114.60 114.91 115.08 115.87 115.75 116.30 116.51 117.55 116.92 117.96 117.20 117.90 117.84 117.86 117.92 117.96 118.07 118.13 118.14 118.13 118.01 118.13 118.13 118.15 118.14 118.15 118.11 118.14 118.10 118.09 118.06 118.12 117.94 117.94 117.89 117.65 117.36 117.46 117.20 116.51 116.41 116.77 116.49 116.08 116.28 116.24 115.76 115.43 115.87 117.15 117.52 115.58 115.94 115.74 115.86 115.81 115.65 115.68 115.79 116.10 116.18 116.16 115.94 116.19 115.97 115.93 116.08 116.40 116.80 116.85 116.85 116.45 115.98 114.97 115.94 115.94 115.28 116.26 116.55 115.87 116.38 116.75 116.77 116.91 116.67 116.65 116.40 116.29 116.74 116.62 116.15 115.26 115.52 114.98 115.84 116.33 116.13 116.37 116.83 116.35 116.58 117.11 117.96 118.11 117.83 117.79 118.10 118.10 118.04 118.12 118.12 118.15 118.14 118.12 117.99 118.06 118.07 117.89 116.56 118.15 118.13
-7°N ||     118.14 118.13 118.10 118.09 118.03 118.08 118.15 118.12 118.07 118.12 118.14 118.11 118.09 118.05 118.07 118.08 118.06 117.83 117.57 117.25 116.87 116.42 115.99 115.34 114.71 114.11 113.35 112.68 109.23 106.30 106.96 108.37 109.87 110.15 110.34 110.58 110.10 110.12 110.58 110.11 113.85 114.21 111.20 115.67 114.81 114.87 115.30 117.64 116.33 116.29 114.89 113.16 116.34 118.11 117.94 117.91 118.00 115.49 114.41 115.13 115.28 115.31 115.68 115.89 117.11 117.83 117.57 117.79 116.59 116.80 117.81 117.84 117.83 117.89 117.85 117.91 118.01 118.14 118.14 118.12 118.13 118.15 118.15 118.14 118.15 118.11 118.11 118.07 118.02 118.09 118.07 118.09 117.94 117.88 117.87 117.92 117.92 117.43 116.86 117.05 116.06 116.00 116.18 116.28 115.46 116.02 116.21 115.86 115.85 115.91 116.16 116.13 116.30 115.49 115.61 115.63 115.62 116.23 116.29 116.07 115.63 115.43 115.55 115.29 115.80 116.40 116.13 116.31 116.80 116.81 116.67 116.53 115.38 115.28 115.77 116.03 116.08 116.20 116.03 116.47 116.78 116.69 117.01 116.95 116.87 116.92 117.02 117.04 117.00 117.28 115.02 114.83 115.03 115.83 115.31 116.75 117.97 117.39 117.53 117.48 117.97 118.07 118.07 118.01 118.14 118.12 118.15 118.13 118.13 118.13 118.13 118.13 118.10 118.05 118.00 117.99 118.10 118.10 118.15 118.14
-5°N ||     118.15 118.15 118.14 118.14 118.15 118.01 118.03 118.03 117.99 118.11 118.14 118.07 118.08 118.15 118.15 118.13 118.12 118.13 117.70 117.68 117.24 116.84 116.35 115.71 115.15 114.53 113.90 112.89 111.58 109.87 108.57 108.81 109.86 110.02 110.43 110.71 110.68 111.79 110.98 110.29 110.67 111.00 111.49 116.40 114.37 116.82 114.31 115.40 114.32 113.45 112.96 116.49 117.19 117.81 117.26 113.53 113.95 115.26 117.94 117.06 115.57 115.74 115.88 115.93 116.75 116.31 117.17 116.59 116.70 117.03 117.65 117.95 117.91 118.00 117.97 117.98 117.90 117.97 118.09 118.13 118.03 118.12 118.13 118.15 118.14 118.14 118.09 118.10 118.11 118.11 118.08 118.05 118.07 117.80 117.87 117.97 117.92 117.90 117.61 117.70 116.85 115.77 116.00 116.22 116.60 116.26 116.14 116.06 116.21 116.01 116.68 116.77 116.59 115.73 115.53 115.60 115.33 115.58 115.28 115.94 115.58 115.96 115.67 115.69 115.98 115.76 116.43 115.99 116.62 116.69 116.52 115.90 116.04 115.44 115.98 116.18 116.56 116.45 116.57 116.72 116.58 116.85 117.37 117.42 117.19 117.16 117.82 117.56 117.06 116.80 116.12 115.61 116.53 116.40 116.28 116.90 118.11 117.99 117.92 118.05 118.06 118.06 117.97 118.14 118.14 118.09 118.09 118.11 118.10 118.09 118.07 118.08 118.02 118.02 118.02 118.00 118.00 118.06 118.12 118.14
-3°N ||     118.15 118.15 118.12 118.10 118.14 117.93 117.92 117.96 118.07 118.03 118.14 117.88 117.99 118.00 118.02 117.98 118.12 117.72 118.14 118.00 117.78 117.20 117.04 116.39 115.66 115.02 114.42 113.38 112.61 111.20 110.16 109.97 109.68 109.66 110.52 110.99 111.34 111.53 111.57 111.10 110.88 111.50 111.92 112.90 113.24 113.29 114.00 114.05 113.85 113.50 113.22 112.98 113.53 115.91 115.33 114.13 114.82 115.41 115.79 118.08 115.54 116.36 116.31 116.55 116.72 116.85 117.72 117.21 117.38 117.72 117.90 118.02 117.83 118.14 118.12 118.01 118.06 118.06 118.15 118.14 118.13 118.13 118.04 118.11 118.15 118.15 118.15 118.14 118.14 118.13 118.12 118.08 118.04 118.01 117.94 117.91 117.50 117.91 117.90 117.94 117.12 116.46 116.23 116.43 116.76 116.22 116.38 116.61 116.53 116.55 116.82 116.83 116.49 116.14 115.94 115.42 115.08 116.48 116.21 115.97 115.86 116.00 115.79 116.22 115.61 116.01 115.73 116.51 116.57 116.83 116.32 116.49 116.38 116.22 116.69 117.42 116.28 117.04 116.89 116.58 116.87 116.94 117.69 117.70 117.28 117.93 117.79 117.35 116.99 116.66 116.01 116.24 116.11 116.32 116.58 117.53 117.97 118.15 118.09 118.10 118.13 118.13 118.14 118.15 118.14 118.09 118.12 118.15 118.03 118.02 118.03 118.00 117.98 117.97 117.97 117.96 117.98 118.01 118.09 118.10
-1°N ||     118.09 118.10 118.09 118.04 118.01 117.92 117.92 117.98 118.02 118.14 118.10 117.76 118.11 118.02 117.93 118.09 118.12 118.14 118.15 118.03 117.94 117.72 117.44 116.92 116.28 115.39 114.66 113.85 113.07 112.26 111.14 110.52 109.11 107.66 110.73 111.20 111.49 111.79 111.96 111.99 112.04 112.97 113.37 113.72 114.01 114.64 114.99 115.24 115.53 115.76 114.99 116.60 118.02 114.14 114.29 114.62 115.57 115.95 116.05 117.29 116.40 116.70 116.71 116.69 116.96 117.09 117.06 117.63 117.84 117.96 118.06 118.05 117.93 117.90 118.13 118.14 118.15 118.15 118.14 118.09 117.98 118.03 118.06 118.14 118.14 118.14 118.15 118.14 118.12 118.11 118.13 118.14 118.09 118.07 117.97 117.91 117.39 117.89 117.88 117.92 117.17 116.95 116.74 116.51 116.76 116.68 116.63 116.84 116.90 116.98 117.14 117.11 116.34 116.07 116.04 115.65 115.31 116.52 116.26 116.22 116.25 115.78 115.87 115.63 116.05 116.13 116.34 116.50 117.14 116.98 116.59 116.00 116.56 116.69 117.34 117.35 117.11 117.82 116.94 116.75 116.98 117.15 117.76 117.80 117.85 117.97 117.88 116.90 117.22 116.68 116.52 116.63 117.37 117.44 117.77 118.14 118.11 118.07 118.10 118.12 118.05 118.08 118.14 118.14 118.08 118.11 118.15 118.11 118.04 118.01 118.00 117.99 117.98 117.96 117.96 117.96 118.00 118.00 118.04 118.07
1°N ||     118.06 118.09 118.04 117.96 117.99 117.95 117.92 117.98 118.00 118.11 118.13 118.12 118.04 117.94 117.93 118.01 118.08 118.12 117.97 118.14 118.04 118.04 117.48 116.66 116.04 115.86 115.11 114.07 113.17 112.85 112.37 111.77 109.51 107.00 107.88 111.49 111.66 111.81 112.15 112.52 112.97 113.33 113.60 113.96 114.42 114.99 115.37 115.78 116.41 116.81 115.21 114.04 113.84 114.28 114.65 115.34 115.86 116.36 116.43 116.92 116.61 116.88 117.59 116.86 117.01 117.17 117.00 117.84 117.62 117.89 118.07 117.91 117.88 117.91 118.14 118.15 118.15 118.14 118.10 117.96 118.14 117.97 118.11 118.15 118.09 118.12 118.14 118.14 118.12 118.12 118.12 118.14 118.10 118.10 118.08 117.95 117.90 117.59 117.62 117.43 117.40 117.46 117.21 117.30 116.84 116.59 116.66 117.26 117.09 117.06 117.03 116.59 116.74 116.58 116.11 115.89 116.27 116.25 115.90 116.39 116.15 115.97 116.07 116.10 116.09 116.21 116.43 116.71 116.77 117.01 117.47 117.28 117.74 117.71 117.71 117.75 117.46 117.43 117.64 117.34 117.76 117.84 118.03 118.02 118.04 117.83 117.27 117.20 117.27 116.90 117.18 117.58 118.01 118.14 118.14 118.14 118.11 118.07 118.09 118.05 118.09 118.09 118.11 118.06 118.07 118.10 118.14 118.06 118.03 118.01 118.00 117.98 117.98 117.97 117.97 117.96 117.96 117.98 117.99 118.02
3°N ||     117.95 117.97 117.96 117.93 117.90 117.89 117.90 117.92 117.94 118.11 118.14 118.13 117.92 117.89 117.90 117.95 117.99 118.14 118.02 118.14 118.15 117.83 117.23 116.42 115.66 116.53 115.67 113.42 113.19 113.30 113.14 113.28 112.74 109.23 110.73 111.78 111.53 111.66 112.21 112.72 113.18 113.44 113.66 113.63 114.86 115.37 115.94 116.32 116.71 117.39 117.46 115.86 115.17 115.45 115.90 116.31 116.57 116.70 116.78 117.13 117.02 116.88 116.56 117.64 117.73 117.35 117.50 117.90 117.95 118.07 118.12 118.15 117.86 117.83 117.91 117.97 117.96 118.01 118.05 118.06 118.10 118.15 118.11 118.14 118.15 118.07 118.15 118.13 118.13 118.14 118.13 118.14 118.12 118.10 118.07 117.98 117.96 117.77 117.88 117.73 117.71 117.73 117.71 117.48 117.47 116.82 117.15 117.57 117.91 116.99 117.17 116.87 116.42 116.38 116.21 116.70 116.46 116.45 116.09 116.42 116.22 116.05 116.01 116.16 116.18 116.27 116.55 116.72 117.01 117.15 117.93 118.09 118.08 118.04 118.04 118.10 117.90 117.81 117.66 117.90 117.93 118.02 118.09 118.04 118.00 117.63 117.58 117.41 117.25 116.89 117.77 118.14 118.14 118.13 118.14 118.12 118.09 118.06 118.05 118.04 118.10 118.04 118.06 118.05 118.05 118.09 118.07 118.04 118.03 118.02 118.01 117.99 117.98 117.98 117.98 117.97 117.96 117.96 117.95 117.94
5°N ||     117.96 117.93 117.92 117.92 117.89 117.88 117.89 117.90 117.92 118.01 118.06 118.08 117.89 117.87 117.87 117.89 118.08 118.11 118.09 118.12 118.11 117.41 116.72 116.23 116.57 116.72 116.44 114.99 113.32 113.20 113.43 113.91 114.19 113.81 112.80 112.13 111.32 111.13 112.34 113.00 113.46 113.70 113.83 113.56 115.08 115.99 116.44 116.75 117.19 117.77 117.98 116.39 116.37 116.72 116.96 117.15 117.12 117.16 117.22 117.40 117.67 117.23 116.78 116.96 117.28 117.75 117.92 118.00 118.03 118.13 118.14 117.91 118.13 117.99 117.85 117.90 118.02 118.12 118.13 118.10 118.13 118.13 118.15 118.14 118.08 118.14 118.15 118.14 118.14 118.14 118.13 118.14 118.07 118.05 118.03 118.02 118.00 118.01 117.92 117.75 117.72 117.73 117.64 117.71 117.62 117.59 117.65 117.56 117.65 116.82 117.01 116.14 116.37 116.24 116.47 116.29 116.32 116.49 116.39 116.38 116.22 116.08 115.95 116.01 116.65 116.35 116.52 116.84 117.20 117.68 118.04 117.85 117.84 117.84 117.84 117.86 118.04 118.13 118.10 118.05 118.07 118.14 118.11 118.01 118.02 117.73 117.56 117.57 117.03 117.13 118.15 118.14 118.15 118.15 118.13 118.13 118.08 118.06 118.04 118.04 118.05 118.06 118.04 118.04 118.04 118.04 118.04 118.04 118.03 118.02 118.02 118.00 117.99 117.99 117.98 117.97 117.96 117.96 117.95 117.94
7°N ||     117.95 117.93 117.91 117.91 117.89 117.88 117.88 117.89 117.90 117.95 118.02 117.94 117.87 117.86 117.85 117.89 118.11 118.01 118.03 118.12 118.00 117.53 117.64 117.37 117.18 117.12 116.73 115.80 112.87 113.04 113.43 114.35 114.65 114.35 113.61 112.61 110.32 110.30 112.85 113.39 113.72 113.92 114.06 114.37 115.70 116.16 116.54 116.95 117.34 117.73 117.99 118.02 117.09 117.06 117.05 117.09 117.27 117.43 117.57 117.68 117.73 117.52 117.00 117.50 117.87 117.89 118.07 118.10 118.12 118.15 118.12 117.91 117.83 117.92 117.84 118.12 118.13 118.14 118.04 118.01 118.05 118.14 118.13 118.10 118.14 118.15 118.14 118.13 118.15 118.12 118.14 118.13 118.12 118.10 118.03 117.98 117.93 117.98 117.86 117.63 117.63 117.68 117.77 117.61 117.58 117.77 117.33 117.87 117.65 117.69 117.20 116.76 116.65 116.07 116.20 116.32 116.20 116.39 116.39 116.42 116.17 116.23 115.97 116.58 117.02 116.24 116.53 116.93 117.67 118.14 117.87 117.83 117.83 117.83 117.83 117.84 117.84 117.92 118.14 118.14 118.15 118.14 118.07 118.09 117.73 117.40 117.53 117.85 117.60 117.56 118.15 118.14 118.13 118.11 118.07 118.10 118.05 118.04 118.05 118.04 118.03 118.05 118.05 118.05 118.04 118.04 118.04 118.04 118.04 118.04 118.03 118.04 118.01 117.99 118.00 117.97 117.96 117.95 117.95 117.94
9°N ||     117.93 117.92 117.95 117.93 117.89 117.89 117.88 117.89 117.87 117.93 117.99 117.88 117.85 117.85 117.85 117.93 118.00 117.93 118.04 118.15 118.13 118.05 117.99 117.87 117.68 117.36 117.01 115.95 113.50 113.38 114.03 115.00 114.96 115.18 114.64 113.10 109.69 107.93 112.07 113.72 113.91 114.16 114.43 114.87 115.60 116.16 116.61 117.05 117.37 117.75 117.99 118.03 117.88 117.32 117.24 117.25 117.39 117.56 117.68 117.81 117.93 117.85 117.65 117.69 117.88 118.08 118.15 118.15 118.15 118.07 117.91 117.90 117.92 117.83 118.07 118.08 118.05 118.08 118.00 118.13 118.13 118.14 118.14 118.13 118.11 118.14 118.15 118.14 118.15 118.14 118.14 118.13 118.10 118.11 118.08 118.10 117.97 117.93 117.89 117.85 117.76 117.51 117.27 117.18 117.68 117.83 117.87 117.47 117.41 117.24 117.18 117.17 116.98 117.17 116.80 116.47 116.31 116.36 116.35 116.02 116.25 116.17 115.83 117.31 116.37 116.23 116.68 117.22 117.92 118.05 117.85 117.83 117.83 117.83 117.83 117.83 117.84 117.86 117.95 118.08 118.13 118.09 118.06 117.92 117.90 117.83 118.05 118.12 118.07 118.06 118.15 118.11 118.06 118.11 118.06 118.03 118.05 118.06 118.07 118.07 117.98 118.09 118.10 118.08 118.06 118.04 118.07 118.06 118.08 118.06 118.06 118.02 118.01 117.99 118.01 117.98 117.96 117.95 117.94 117.94
11°N ||     117.92 117.92 117.93 117.92 117.88 117.88 117.87 117.87 117.85 117.86 117.88 117.84 117.84 117.84 117.85 117.85 117.92 117.92 118.05 118.14 118.15 118.14 118.05 117.89 117.64 117.40 116.89 115.91 115.02 115.37 115.28 115.26 115.27 115.27 115.38 115.24 110.39 105.15 106.50 113.71 114.09 114.37 114.69 115.11 115.60 116.22 116.77 117.14 117.52 117.75 117.95 118.04 118.02 117.53 117.41 117.39 117.52 117.68 117.75 117.86 117.95 117.76 117.68 117.91 118.09 118.14 118.13 118.09 118.04 118.07 117.84 117.88 118.08 117.83 117.96 118.08 117.88 118.11 118.13 118.08 118.14 118.14 118.14 118.15 118.15 118.14 118.10 118.14 118.13 118.09 118.14 118.14 118.14 118.14 118.11 118.08 118.05 117.93 117.98 118.01 117.94 117.89 117.59 117.22 117.81 117.74 118.13 117.66 117.99 117.15 117.40 117.35 117.29 117.48 117.13 116.56 116.29 116.57 116.81 116.19 116.40 116.29 116.04 115.90 116.10 116.59 117.01 117.54 118.11 117.99 117.83 117.83 117.83 117.83 117.83 117.83 117.84 117.85 117.91 118.04 118.09 118.08 118.13 118.07 117.97 118.11 118.15 118.13 118.13 118.12 118.09 118.05 118.01 118.00 118.04 118.02 118.04 118.04 118.09 118.11 118.13 118.14 118.14 118.13 118.12 118.11 118.10 118.10 118.10 118.03 118.13 118.06 118.03 118.02 118.02 117.97 117.96 117.96 118.05 117.95
13°N ||     117.95 117.91 117.99 117.99 117.88 117.89 117.87 117.86 117.85 117.84 117.84 117.83 117.83 117.83 117.84 117.85 117.87 117.94 118.15 118.14 118.15 118.10 118.01 117.92 117.61 117.27 116.92 116.49 115.63 115.62 115.47 115.44 115.43 115.53 115.74 115.93 115.07 106.85 108.00 112.73 113.87 114.63 115.05 115.34 112.10 116.52 116.95 117.28 117.58 117.75 117.98 118.03 118.04 117.60 117.52 117.58 117.69 117.78 117.84 117.91 117.93 117.97 118.00 117.98 118.14 118.10 118.06 118.01 117.98 117.87 117.85 117.88 117.99 118.01 118.05 117.90 118.02 118.06 118.14 118.14 118.15 118.13 118.15 118.15 118.15 118.15 117.84 118.15 117.99 118.14 118.14 118.14 118.15 118.12 118.10 118.06 118.07 118.09 118.11 118.12 118.10 117.85 117.73 117.79 117.87 117.96 117.85 117.99 118.14 117.62 117.62 117.86 117.51 117.42 117.27 117.04 116.77 116.90 117.05 116.97 116.79 116.41 116.31 116.34 116.45 116.70 117.20 117.82 118.14 117.97 117.83 117.83 117.83 117.83 117.83 117.84 117.84 117.85 117.89 118.00 118.05 118.11 118.14 118.13 118.14 118.12 118.13 118.06 118.09 118.03 118.01 118.00 117.96 117.94 117.93 117.98 117.99 118.05 118.12 118.15 118.10 118.04 118.12 118.12 118.15 118.15 118.14 118.12 118.13 118.12 118.11 118.14 118.03 118.04 118.01 118.00 117.97 117.98 118.09 118.01
15°N ||     117.95 117.91 117.90 117.87 117.87 117.89 117.86 117.84 117.84 117.84 117.83 117.83 117.83 117.83 117.83 117.84 117.93 118.03 118.12 118.14 118.03 114.86 109.95 109.33 111.87 117.14 116.79 116.66 116.37 115.82 115.71 115.57 115.58 115.66 115.76 115.88 115.91 114.49 112.25 112.68 114.12 114.85 115.33 115.62 116.14 116.84 117.11 117.40 117.60 117.74 117.94 118.03 118.06 117.67 117.67 117.66 117.75 117.85 117.91 117.92 117.97 117.96 117.93 118.09 118.10 118.04 118.00 117.96 117.95 117.87 117.84 117.87 117.92 117.97 117.90 117.98 118.01 118.05 118.09 118.11 118.04 118.14 118.10 117.94 118.14 118.15 118.14 118.15 118.15 118.14 118.03 118.11 118.13 118.14 118.05 118.12 118.13 118.14 118.15 118.15 118.10 118.13 117.96 117.90 117.96 117.97 117.83 118.13 118.07 117.42 117.68 117.72 117.75 117.80 117.36 117.27 117.03 116.85 116.94 116.95 116.72 116.84 116.64 116.71 116.84 117.03 117.42 118.02 118.11 117.84 117.83 117.84 117.83 117.83 117.84 117.84 117.84 117.85 117.88 117.96 118.02 118.05 118.09 118.10 118.11 118.10 118.08 118.05 118.00 117.98 117.96 117.93 117.93 117.92 117.91 117.92 117.98 118.07 118.15 118.10 117.96 117.83 117.64 117.83 117.96 118.13 118.15 118.15 118.15 118.14 118.13 118.12 118.08 118.05 118.03 118.02 118.00 117.95 118.06 117.84
17°N ||     117.92 117.89 117.89 117.87 117.95 117.87 117.86 117.85 117.83 117.83 117.83 117.83 117.83 117.83 117.83 117.89 117.99 118.01 118.10 118.09 117.46 109.00 105.48 104.58 106.99 114.39 116.74 116.69 116.95 116.38 116.04 115.73 115.64 115.70 115.78 115.90 115.92 115.68 114.43 114.28 114.83 115.10 115.42 115.73 116.23 116.88 117.24 117.50 117.67 117.80 117.89 118.06 118.03 117.51 117.55 117.74 117.81 117.88 117.91 117.95 117.98 118.04 118.10 118.13 118.09 117.99 117.95 117.91 117.87 117.86 117.89 117.85 117.87 117.90 117.88 117.96 118.03 118.01 118.04 118.11 118.14 118.15 118.09 118.01 118.15 118.14 118.14 117.88 118.12 118.09 118.14 118.13 118.08 118.14 118.15 118.15 118.15 118.15 118.15 118.15 118.15 118.15 118.08 118.04 118.12 118.12 118.12 118.10 117.81 117.61 117.77 117.80 117.66 117.52 117.45 117.35 117.09 116.41 116.80 116.94 116.98 116.96 116.90 116.98 117.06 117.24 117.90 118.08 118.09 117.85 117.84 117.83 117.83 117.84 117.84 117.84 117.84 117.86 117.88 117.92 117.97 117.96 118.00 118.00 118.01 117.97 117.97 117.95 117.93 117.92 117.91 117.91 117.90 117.89 117.90 117.90 117.94 118.08 118.14 118.01 117.73 117.36 117.08 117.10 117.48 118.06 118.14 118.15 118.15 118.15 118.14 118.12 118.08 118.05 118.06 118.02 117.95 117.95 117.97 117.93
19°N ||     117.93 117.89 117.87 117.86 117.86 117.87 117.86 117.85 117.83 117.83 117.83 117.83 117.83 117.83 117.83 117.88 117.97 118.05 118.14 118.13 117.92 109.13 105.57 104.87 106.62 114.51 117.04 117.18 117.22 117.07 116.43 115.88 115.56 115.47 115.48 115.79 115.96 115.93 115.40 115.21 115.31 115.39 115.49 115.72 116.08 116.69 117.33 117.57 117.76 117.82 117.89 118.08 117.95 117.98 117.50 117.68 117.82 117.87 117.94 117.95 117.99 118.04 118.14 118.09 118.00 117.94 117.88 117.87 117.84 117.84 117.83 117.84 117.85 117.86 117.87 117.95 117.98 117.97 117.90 118.09 118.13 118.15 118.09 118.12 117.90 118.15 118.15 118.15 118.13 118.14 118.14 118.13 118.06 118.15 118.15 118.15 118.15 118.15 118.14 118.15 118.15 118.12 118.01 118.13 118.15 118.03 117.95 118.10 117.94 117.89 117.78 117.67 117.47 117.42 117.44 117.66 116.92 117.11 116.87 117.22 117.39 117.58 116.98 117.04 117.14 117.35 117.82 117.69 118.15 118.00 117.88 117.84 117.84 117.84 117.85 117.85 117.85 117.86 117.87 117.89 117.89 117.90 117.89 117.90 117.90 117.91 117.89 117.89 117.89 117.88 117.87 117.88 117.86 117.87 117.87 117.89 117.93 118.08 118.14 117.85 117.19 116.73 116.60 116.91 116.97 116.01 118.06 118.12 118.14 118.15 118.15 118.12 118.09 118.06 118.04 117.98 118.06 117.93 117.94 117.91
21°N ||     117.87 117.88 117.88 117.85 117.84 117.84 117.84 117.83 117.83 117.83 117.83 117.83 117.83 117.83 117.83 117.88 117.98 118.14 118.15 118.11 118.14 111.24 108.80 107.90 109.79 116.50 117.51 117.51 117.41 117.15 116.70 116.11 115.55 115.25 115.03 114.92 115.89 115.91 115.72 115.56 115.52 115.54 115.61 115.77 116.08 116.66 117.39 117.56 117.68 117.80 117.80 117.99 118.08 118.08 117.60 117.68 117.72 117.83 117.87 117.96 118.03 118.04 118.14 118.08 117.99 117.87 117.85 117.85 117.84 117.83 117.83 117.84 117.85 117.85 117.86 117.91 117.93 117.92 118.00 118.09 118.08 118.00 118.10 118.13 118.15 118.09 118.08 118.14 118.14 118.13 118.14 118.14 118.15 118.15 118.13 118.14 118.15 118.15 118.14 118.15 118.12 118.14 118.10 118.15 118.05 118.11 118.08 117.66 117.95 118.10 117.63 117.43 117.42 117.48 117.48 117.66 117.21 117.22 116.19 117.47 117.53 117.48 116.74 116.94 117.27 117.34 117.77 117.62 117.97 118.14 118.03 117.99 117.90 117.88 117.88 117.86 117.86 117.86 117.86 117.87 117.87 117.86 117.86 117.86 117.86 117.86 117.86 117.85 117.85 117.86 117.85 117.86 117.85 117.86 117.86 117.86 117.89 118.06 118.12 117.52 116.57 116.35 116.26 116.24 116.79 117.47 117.92 118.04 118.11 118.15 118.15 118.12 118.09 118.07 118.02 118.00 118.05 117.92 117.92 117.90
23°N ||     117.87 117.86 117.86 117.84 117.84 117.83 117.83 117.83 117.83 117.83 117.83 117.83 117.83 117.83 117.83 117.87 118.03 118.15 118.12 118.07 118.07 116.65 114.63 113.82 117.02 118.01 117.77 117.69 117.52 117.05 116.58 116.11 115.65 115.12 114.82 114.71 115.58 115.92 115.84 115.56 115.55 115.32 115.63 115.84 115.88 116.88 117.16 117.43 117.54 117.69 117.77 117.86 117.98 118.09 117.98 117.77 118.12 118.05 118.09 118.04 118.03 117.98 118.14 118.07 117.98 117.87 117.85 117.84 117.83 117.83 117.83 117.83 117.85 117.92 117.84 117.87 117.88 117.87 117.89 118.00 118.08 118.14 118.14 118.14 118.15 118.11 118.12 118.14 118.14 118.15 118.13 118.11 118.13 118.14 118.12 118.11 118.07 118.15 118.13 118.13 118.14 118.15 118.11 118.15 118.14 118.14 118.14 118.05 117.92 118.02 117.84 117.59 117.59 117.41 117.38 117.43 117.53 117.19 116.40 117.38 117.49 117.27 118.02 117.78 117.23 117.19 117.49 117.71 117.81 118.07 118.15 118.12 118.06 118.00 117.93 117.88 117.87 117.86 117.85 117.85 117.85 117.84 117.85 117.84 117.84 117.83 117.83 117.84 117.83 117.83 117.83 117.83 117.83 117.83 117.83 117.84 117.85 118.03 118.09 117.41 116.72 116.26 116.07 114.25 115.22 116.86 117.70 117.99 118.12 118.15 118.15 118.12 118.08 118.04 117.99 118.02 117.95 117.93 117.98 117.88
25°N ||     117.86 117.86 117.86 117.84 117.83 117.83 117.83 117.83 117.83 117.83 117.83 117.83 117.83 117.83 117.83 117.87 118.08 118.13 118.12 118.15 118.06 118.09 118.10 118.11 118.14 118.07 117.60 117.77 117.36 116.86 116.33 115.97 115.46 115.01 114.74 114.18 114.24 115.81 115.90 115.55 115.66 115.57 115.70 114.84 116.23 116.92 117.28 117.41 117.49 117.57 117.42 117.72 117.73 118.10 117.71 117.76 117.82 117.77 118.11 118.00 117.96 118.08 118.09 117.93 117.88 117.84 117.84 117.83 117.83 117.83 117.83 117.83 117.83 117.84 117.87 117.85 117.86 117.85 117.84 117.93 117.99 118.12 118.14 118.10 118.07 118.13 118.12 118.13 118.12 118.15 118.13 118.09 118.12 118.12 118.12 118.03 118.10 118.12 118.14 118.13 118.14 118.15 118.15 118.14 118.07 118.14 118.15 118.01 118.13 118.09 117.86 118.00 117.95 117.85 118.07 117.49 117.67 116.86 117.11 116.54 116.96 116.88 116.91 117.20 117.25 117.37 117.31 117.25 117.84 117.70 118.13 118.11 118.11 118.05 117.92 117.87 117.86 117.84 117.84 117.84 117.83 117.83 117.83 117.83 117.83 117.83 117.83 117.83 117.83 117.83 117.83 117.83 117.83 117.83 117.83 117.83 117.84 117.86 118.14 117.74 116.65 116.21 114.29 107.89 114.02 116.72 117.73 118.03 118.11 118.15 118.12 118.13 118.07 118.02 117.96 117.95 117.92 117.93 117.89 117.88
27°N ||     117.85 117.84 117.84 117.85 117.83 117.84 117.83 117.83 117.83 117.83 117.83 117.83 117.83 117.83 117.83 117.85 118.04 118.13 118.12 118.13 118.14 118.13 118.11 118.13 118.14 118.11 118.00 117.51 117.10 116.70 116.17 115.76 115.37 114.93 114.21 114.12 114.46 116.01 116.23 115.78 115.96 115.94 115.98 114.86 115.85 116.90 117.21 117.34 117.42 117.27 117.05 117.17 117.77 118.00 118.12 118.14 118.09 118.13 118.12 117.98 118.05 118.03 117.89 117.86 117.85 117.84 117.84 117.83 117.83 117.83 117.84 117.83 117.83 117.84 117.86 117.83 117.85 117.84 117.83 117.84 117.94 117.99 118.04 118.06 118.05 118.10 118.13 118.14 118.13 118.12 118.11 118.10 118.12 118.13 118.10 118.12 118.09 118.10 118.15 118.14 118.06 118.13 118.15 118.15 118.02 118.12 117.80 118.04 118.13 118.05 118.03 118.06 118.04 117.96 117.93 118.00 117.86 118.13 117.59 117.28 117.52 117.99 117.17 117.46 117.51 116.99 116.73 117.51 117.91 117.77 118.14 118.15 118.08 117.96 117.88 117.85 117.84 117.83 117.83 117.83 117.83 117.83 117.83 117.84 117.86 117.87 117.88 117.86 117.86 117.84 117.84 117.83 117.83 117.83 117.83 117.83 117.84 117.86 117.98 117.91 117.08 116.42 115.51 114.76 115.59 117.42 117.97 118.09 118.13 118.15 118.13 118.08 118.03 117.99 117.94 117.91 117.91 117.90 117.88 117.86
29°N ||     117.84 117.83 117.83 117.83 117.83 117.83 117.83 117.83 117.83 117.83 117.83 117.83 117.83 117.83 117.83 117.83 117.87 118.07 118.14 118.14 118.14 118.11 118.10 118.07 118.14 118.11 117.77 117.39 116.99 116.51 116.06 115.64 115.34 114.89 113.61 114.01 115.07 116.04 116.18 115.97 116.29 116.36 116.32 116.44 116.68 116.94 117.25 117.40 117.39 116.97 117.07 117.33 117.36 118.02 118.06 118.10 118.10 118.15 118.14 118.08 118.09 118.01 117.91 117.95 118.01 117.86 117.85 117.84 117.83 117.83 117.83 117.83 117.83 117.83 117.83 117.83 117.84 117.83 117.83 117.83 117.83 117.92 117.97 118.01 117.99 118.08 118.11 117.85 118.11 118.12 118.10 118.05 118.10 118.08 118.12 118.12 118.10 118.10 118.15 118.14 118.15 118.11 118.15 118.15 118.12 118.07 117.94 118.04 118.05 117.92 118.05 118.03 118.10 118.15 118.15 118.15 118.03 117.67 117.57 117.50 117.71 117.45 117.29 117.44 117.15 117.60 118.05 118.15 118.15 118.12 118.11 118.05 117.94 117.89 117.86 117.84 117.83 117.83 117.83 117.83 117.83 117.85 117.90 117.93 117.96 118.00 117.98 117.92 117.94 117.90 117.88 117.84 117.83 117.83 117.83 117.83 117.83 117.84 117.89 118.14 117.90 117.38 116.76 116.73 117.29 117.99 118.10 118.13 118.15 118.15 118.09 118.05 117.99 117.95 117.91 117.88 117.88 117.87 117.85 117.84
31°N ||     117.83 117.83 117.83 117.83 117.83 117.83 117.83 117.83 117.83 117.83 117.83 117.83 117.83 117.83 117.83 117.83 117.84 117.92 117.99 118.01 118.07 118.09 118.12 118.15 118.13 117.88 117.62 117.31 116.78 116.41 115.97 115.83 115.25 114.94 114.41 114.48 115.13 116.13 116.17 116.17 116.41 116.54 116.71 116.72 116.88 117.05 117.23 117.43 117.33 116.75 117.33 117.45 117.51 117.72 117.82 117.93 118.05 118.08 118.10 118.10 118.05 118.03 117.99 117.94 117.89 117.89 117.86 117.85 117.84 117.83 117.83 117.83 117.83 117.83 117.83 117.83 117.83 117.83 117.83 117.83 117.83 117.84 117.88 117.88 117.93 117.99 118.08 118.12 118.08 118.07 118.05 118.08 118.10 118.11 118.01 118.08 118.12 118.14 118.15 118.12 118.14 118.15 118.15 118.14 118.11 118.12 118.00 117.99 118.07 117.99 117.97 117.94 118.12 118.15 118.14 118.14 117.97 117.71 117.85 117.84 117.81 118.05 117.54 117.42 117.79 117.68 117.90 118.13 118.14 118.11 118.05 117.94 117.91 117.86 117.85 117.83 117.83 117.83 117.84 117.87 117.90 117.95 118.10 118.01 118.06 118.09 118.06 118.03 118.00 117.95 117.89 117.87 117.91 117.83 117.83 117.83 117.83 117.83 117.85 117.93 118.13 118.12 118.06 118.05 117.79 117.54 118.15 118.15 118.15 118.14 118.12 117.84 117.93 118.08 117.87 117.93 117.85 117.84 117.84 117.83
33°N ||     117.83 117.86 117.83 117.83 117.83 117.83 117.83 117.83 117.83 117.83 117.83 117.83 117.83 117.83 117.83 117.83 117.83 117.84 117.93 118.10 118.07 118.08 118.06 118.10 118.06 117.74 117.51 117.16 116.88 116.19 115.80 115.47 115.01 114.61 114.28 114.40 115.06 116.01 116.36 116.46 116.62 116.79 116.86 116.94 116.83 117.04 117.04 116.89 116.88 117.02 117.34 117.57 117.60 117.54 117.78 118.00 118.07 118.10 118.08 118.11 118.09 118.10 118.13 117.95 117.95 117.86 117.85 117.85 117.84 117.83 117.83 117.83 117.83 117.83 117.83 117.83 117.83 117.83 117.83 117.83 117.83 117.83 117.83 117.86 117.91 117.97 118.04 118.08 118.02 118.06 118.07 118.13 118.08 118.08 118.07 118.12 118.10 118.14 118.11 118.09 118.14 118.13 118.13 118.11 118.11 118.05 118.06 117.97 118.07 117.82 117.65 117.83 118.06 118.11 118.07 117.93 117.93 117.99 117.88 118.09 118.04 118.06 118.04 117.80 117.96 118.09 118.13 118.12 118.08 117.99 117.96 117.90 117.87 117.85 117.83 117.83 117.83 117.84 117.89 117.93 118.00 118.03 118.08 118.12 118.19 118.11 118.08 118.06 118.03 117.92 117.95 117.92 117.88 117.84 117.83 117.84 117.83 117.83 117.83 117.83 117.85 117.89 117.93 118.00 117.99 117.97 118.08 118.13 118.13 118.10 118.08 117.93 117.88 117.87 117.85 117.84 117.83 117.83 117.83 117.83
35°N ||     117.83 117.83 117.83 117.83 117.83 117.83 117.83 117.83 117.83 117.83 117.83 117.83 117.83 117.83 117.83 117.83 117.83 117.83 117.87 118.06 118.13 118.09 118.12 118.12 117.60 117.73 117.48 117.12 116.63 115.99 115.40 114.75 114.15 113.86 113.68 113.62 114.10 114.82 116.00 116.66 116.87 116.95 117.01 116.99 116.29 116.54 117.17 117.35 117.08 116.96 117.33 117.22 117.07 117.24 117.65 117.99 118.09 118.12 118.12 118.13 118.14 118.13 118.15 117.96 117.88 117.86 117.85 117.85 117.84 117.83 117.83 117.83 117.83 117.83 117.83 117.83 117.83 117.83 117.83 117.83 117.83 117.83 117.83 117.86 117.88 117.94 117.96 117.99 118.03 118.01 118.11 118.11 118.09 118.03 117.99 118.13 118.09 118.13 118.11 118.14 118.12 118.14 118.14 118.15 118.14 118.10 118.03 118.14 118.01 117.71 118.07 117.79 117.84 117.77 117.68 117.62 117.82 117.92 117.98 118.14 118.15 118.13 118.09 118.13 118.14 118.09 118.10 118.08 118.01 117.96 117.91 117.87 117.86 117.84 117.83 117.83 117.83 117.89 117.95 118.01 118.04 118.08 118.16 118.22 118.25 118.22 118.16 118.14 118.06 118.04 117.98 117.90 117.92 117.86 117.86 117.84 117.84 117.83 117.83 117.83 117.83 117.83 117.84 117.84 117.86 117.88 117.93 118.02 118.07 118.05 118.04 117.96 117.95 117.85 117.84 117.83 117.83 117.83 117.83 117.83
37°N ||     117.85 117.83 117.83 117.83 117.83 117.83 117.83 117.83 117.83 117.83 117.83 117.83 117.83 117.83 117.83 117.83 117.83 117.83 117.83 118.12 118.12 118.14 118.14 118.05 117.70 117.77 117.51 117.16 116.70 115.69 114.56 113.74 112.98 112.52 112.51 112.91 113.33 113.48 114.54 115.90 116.80 117.15 117.19 117.15 117.06 116.91 117.05 117.20 117.33 117.63 117.06 116.93 116.78 116.59 117.19 117.77 118.07 118.11 118.11 118.11 118.12 118.12 118.10 117.94 117.88 117.86 117.85 117.84 117.84 117.83 117.83 117.83 117.83 117.83 117.83 117.84 117.86 117.85 117.85 117.84 117.84 117.84 117.83 117.83 117.83 117.83 117.84 117.85 117.90 117.87 118.03 118.06 118.10 118.11 118.06 118.10 118.06 118.02 118.13 118.04 118.11 118.07 118.14 118.03 118.12 118.10 118.11 118.10 118.05 117.89 117.81 117.73 117.73 117.56 117.57 117.57 117.71 118.05 118.07 118.12 118.12 118.14 118.15 118.14 118.10 118.07 118.05 118.04 117.95 117.92 117.88 117.85 117.84 117.83 117.83 117.83 117.84 117.92 117.98 118.08 118.12 118.20 118.27 118.28 118.30 118.31 118.27 118.20 118.17 118.09 118.06 118.02 117.99 117.93 117.97 117.95 117.88 117.84 117.84 117.83 117.83 117.83 117.84 117.84 117.87 117.88 117.91 117.96 117.99 117.99 118.00 117.93 117.96 117.84 117.84 117.83 117.83 117.83 117.83 117.83
39°N ||     117.83 117.83 117.83 117.83 117.84 117.83 117.83 117.83 117.83 117.83 117.83 117.83 117.83 117.83 117.83 117.83 117.83 117.83 117.83 117.86 118.09 118.12 118.07 118.07 118.08 117.83 117.64 117.34 116.53 115.08 113.69 112.50 111.77 111.67 111.32 111.59 112.89 113.16 113.63 114.94 116.42 117.19 117.32 117.28 117.01 117.12 116.95 116.10 117.15 117.20 117.17 116.99 116.63 116.33 116.70 117.40 117.91 118.05 118.09 118.08 118.15 118.15 118.15 118.03 117.88 117.85 117.85 117.85 117.83 117.83 117.83 117.83 117.83 117.83 117.84 117.86 117.88 117.90 117.90 117.96 117.86 117.86 117.85 117.84 117.83 117.84 117.83 117.83 117.87 117.88 117.91 117.99 117.99 118.00 118.02 118.07 118.10 118.11 118.02 118.05 118.02 117.86 118.03 118.14 117.99 118.15 118.15 118.14 118.12 118.12 118.04 117.81 118.14 117.69 117.72 117.97 117.85 118.00 118.09 118.09 118.08 118.09 118.08 118.05 118.04 118.02 117.99 117.95 117.92 117.88 117.86 117.84 117.84 117.83 117.83 117.84 117.88 117.93 118.04 118.06 118.24 118.31 118.33 118.33 118.33 118.34 118.29 118.27 118.21 118.24 118.14 118.11 118.04 118.03 118.00 117.98 117.95 117.86 117.83 117.83 117.83 117.83 117.83 117.84 117.86 117.86 117.89 117.91 117.92 117.94 117.95 118.02 118.12 117.83 117.83 117.83 117.83 117.83 117.83 117.83
41°N ||     117.83 117.83 117.83 117.83 117.83 117.83 117.83 117.83 117.83 117.83 117.83 117.83 117.83 117.83 117.83 117.83 117.83 117.83 117.83 117.86 117.96 118.05 118.13 118.15 118.12 118.00 117.86 117.42 116.47 114.88 113.33 112.39 112.06 111.99 111.22 111.64 112.76 113.38 114.00 115.34 116.62 117.28 117.35 117.31 116.65 117.21 117.04 116.68 116.99 116.88 116.89 116.73 116.72 116.86 117.10 117.29 117.74 118.04 118.04 118.02 118.12 118.15 118.15 118.05 117.90 117.85 117.84 117.85 117.83 117.83 117.83 117.83 117.83 117.84 117.88 117.91 117.93 117.94 117.95 117.95 117.94 117.93 117.90 117.97 117.97 117.85 117.83 117.83 117.83 117.83 117.87 117.83 117.86 117.90 117.89 117.98 118.03 117.94 118.08 118.00 117.85 117.84 117.85 118.08 118.02 118.11 118.04 118.14 118.14 118.15 118.13 118.13 117.98 118.09 118.08 118.10 118.04 118.07 118.06 118.08 118.07 118.07 118.00 117.98 117.96 117.98 117.94 117.93 117.88 117.85 117.84 117.84 117.83 117.83 117.84 117.87 117.94 117.98 118.12 118.19 118.24 118.34 118.35 118.35 118.34 118.31 118.32 118.30 118.27 118.21 118.17 118.18 118.17 118.11 118.05 118.00 117.96 117.92 117.87 117.84 117.83 117.83 117.83 117.84 117.86 117.85 117.86 117.88 117.88 117.90 118.06 117.99 118.05 117.84 117.83 117.83 117.83 117.83 117.83 117.83
43°N ||     117.83 117.83 117.83 117.83 117.83 117.83 117.83 117.83 117.83 117.83 117.83 117.83 117.83 117.83 117.83 117.83 117.83 117.83 117.85 117.92 117.99 118.06 118.12 118.15 118.14 118.10 117.98 117.77 117.09 115.95 114.50 113.34 112.81 112.64 112.53 112.69 113.32 113.74 115.67 116.87 117.46 117.62 117.48 117.44 117.46 116.98 117.26 116.58 116.94 116.98 116.88 117.02 116.38 116.93 117.50 117.38 117.56 117.94 118.07 118.14 118.14 118.15 118.15 118.05 117.90 117.84 117.83 117.83 117.83 117.83 117.83 117.84 117.88 117.90 118.07 117.94 117.98 117.96 117.99 118.00 117.98 117.98 117.93 117.94 117.96 117.87 117.85 117.83 117.83 117.83 117.83 117.83 117.83 117.83 117.85 117.91 117.94 117.97 117.88 117.86 117.84 117.85 117.95 117.86 117.95 117.87 117.90 117.87 118.14 118.14 118.08 118.04 118.09 118.07 118.00 117.99 118.03 118.06 118.05 118.01 118.00 118.00 117.91 117.92 117.92 117.92 117.91 117.87 117.85 117.84 117.85 117.83 117.83 117.83 117.84 117.91 117.97 117.99 118.11 118.20 118.28 118.33 118.30 118.23 118.33 118.30 118.27 118.23 118.33 118.16 118.18 118.16 118.12 118.10 118.10 118.04 117.98 117.96 117.85 117.84 117.83 117.83 117.83 117.84 117.84 117.85 117.86 117.86 117.86 117.89 117.94 117.99 118.09 117.85 117.83 117.83 117.83 117.83 117.83 117.83
45°N ||     117.84 117.84 117.83 117.83 117.83 117.83 117.83 117.83 117.83 117.83 117.83 117.83 117.83 117.83 117.83 117.83 117.83 117.84 117.88 117.93 118.01 118.06 118.11 118.14 118.15 118.15 118.12 118.02 117.72 117.04 116.44 115.94 115.76 114.11 113.40 113.23 113.92 115.44 116.50 117.29 117.64 117.77 117.76 117.83 117.92 118.00 118.03 117.87 117.28 116.88 116.43 116.87 117.52 117.46 117.45 117.65 118.07 118.00 118.08 118.15 118.15 118.11 118.06 117.98 117.90 117.84 117.83 117.83 117.83 117.83 117.83 117.88 117.91 117.95 117.94 118.01 118.01 118.02 118.06 118.07 118.00 118.03 118.01 117.99 117.96 117.94 117.89 117.89 117.86 117.83 117.83 117.84 117.83 117.83 117.83 117.83 117.87 117.89 117.84 117.85 117.90 117.95 117.99 117.86 117.93 117.87 117.86 117.85 117.95 118.05 118.04 118.00 118.05 118.08 117.98 118.04 118.08 118.00 117.98 117.96 117.97 117.92 117.90 117.88 117.88 117.86 117.86 117.86 117.84 117.84 117.83 117.83 117.83 117.83 117.88 117.94 118.01 118.08 118.12 118.20 118.26 118.33 118.32 118.33 118.31 118.25 118.27 118.28 118.26 118.25 118.19 118.22 118.19 118.08 118.11 118.09 118.02 117.94 117.84 117.83 117.83 117.83 117.83 117.84 117.84 117.84 117.84 117.84 117.84 117.85 117.86 117.91 118.02 117.84 117.84 117.83 117.83 117.83 117.83 117.84
47°N ||     117.84 117.84 117.84 117.83 117.83 117.83 117.83 117.83 117.83 117.83 117.83 117.83 117.83 117.83 117.83 117.83 117.84 117.86 117.89 117.94 118.01 118.04 118.08 118.10 118.13 118.14 118.15 118.15 118.11 117.99 117.81 117.71 117.72 117.67 116.78 116.57 117.18 117.46 117.54 117.59 117.73 117.81 117.80 117.85 117.97 118.05 118.05 118.04 117.22 116.98 117.42 117.72 118.07 117.94 118.00 118.15 118.08 118.02 118.09 118.15 118.14 118.08 117.98 117.89 117.84 117.83 117.83 117.83 117.83 117.84 117.88 117.92 117.94 117.98 117.99 117.99 117.95 117.90 118.07 118.08 118.06 118.08 118.04 118.04 118.00 117.98 117.98 117.95 117.92 117.88 117.86 117.85 117.85 117.83 117.83 117.83 117.83 117.83 117.83 117.83 117.83 117.85 117.83 117.85 117.89 117.85 117.91 117.90 117.86 117.93 118.00 117.94 117.94 117.91 117.90 118.05 117.98 117.95 117.93 117.90 117.90 117.88 117.86 117.87 117.85 117.85 117.85 117.84 117.84 117.83 117.83 117.83 117.83 117.84 118.03 118.05 118.01 118.06 118.12 118.18 118.24 118.31 118.31 118.28 118.29 118.27 118.25 118.25 118.20 118.26 118.24 118.22 118.16 118.15 118.15 118.06 117.98 117.91 117.86 117.85 117.83 117.83 117.83 117.83 117.83 117.83 117.83 117.84 117.83 117.84 117.84 117.85 117.84 117.84 117.83 117.83 117.83 117.83 117.83 117.84
49°N ||     117.84 117.84 117.84 117.83 117.83 117.83 117.83 117.83 117.83 117.83 117.83 117.83 117.83 117.83 117.83 117.83 117.85 117.86 117.89 117.93 117.97 118.00 118.03 118.07 118.11 118.13 118.14 118.15 118.15 118.15 118.14 118.12 118.10 118.07 118.02 118.04 118.05 118.04 117.92 117.84 117.83 117.92 117.91 117.77 117.88 117.99 118.00 117.99 118.14 117.52 118.05 117.98 117.95 118.04 118.06 118.15 118.15 118.15 118.03 118.15 118.07 117.99 117.90 117.85 117.85 117.83 117.83 117.84 117.84 117.90 117.91 117.94 117.99 118.00 118.01 118.02 118.04 118.09 118.11 118.11 118.12 118.09 118.09 118.07 118.06 118.03 118.03 117.97 117.96 117.94 117.92 117.89 117.85 117.84 117.83 117.83 117.83 117.83 117.83 117.83 117.83 117.83 117.84 117.87 118.74 117.98 117.88 117.84 117.85 117.88 117.91 117.88 117.90 117.90 117.94 117.88 117.89 117.88 117.87 117.87 117.87 117.86 117.85 117.85 117.85 117.84 117.85 117.84 117.83 117.83 117.83 117.83 117.83 117.86 117.99 118.03 118.00 118.08 118.08 118.17 118.21 118.25 118.28 118.28 118.26 118.26 118.25 118.25 118.22 118.16 118.24 118.19 118.13 118.09 118.09 118.00 117.95 117.88 117.86 117.89 117.85 117.83 117.83 117.83 117.83 117.83 117.83 117.83 117.83 117.83 117.83 117.83 117.87 117.86 117.83 117.83 117.83 117.83 117.85 117.84
51°N ||     117.84 117.84 117.84 117.84 117.84 117.84 117.83 117.83 117.83 117.83 117.83 117.83 117.83 117.83 117.83 117.84 117.86 117.88 117.90 117.93 117.99 117.99 118.02 118.06 118.07 118.09 118.11 118.13 118.14 118.14 118.15 118.15 118.14 118.13 118.13 118.14 118.12 118.10 118.05 117.98 117.95 117.97 118.00 118.03 117.99 118.07 118.13 118.15 118.07 118.02 117.97 117.94 117.91 117.89 117.89 117.98 118.13 118.15 118.12 118.01 117.95 117.88 117.85 117.83 117.83 117.83 117.83 117.86 117.90 117.93 117.98 118.02 118.05 118.05 118.08 118.09 118.10 118.07 118.20 118.24 118.13 118.13 118.15 118.03 118.10 118.07 118.02 118.01 118.03 117.99 117.98 117.95 117.91 117.88 117.86 117.84 117.83 117.83 117.88 117.83 117.83 117.83 117.84 118.39 118.86 117.83 117.91 117.84 117.84 117.85 117.85 117.86 117.86 117.85 117.84 117.86 117.85 117.85 117.85 117.84 117.85 117.84 117.84 117.84 117.84 117.84 117.84 117.83 117.83 117.83 117.83 117.83 117.84 117.87 117.93 117.94 118.02 118.05 118.12 118.16 118.20 118.23 118.28 118.27 118.28 118.27 118.23 118.26 118.24 118.21 118.19 118.14 118.13 118.04 117.96 117.97 117.93 117.89 117.86 117.84 117.83 117.83 117.83 117.83 117.83 117.83 117.83 117.83 117.83 117.83 117.83 117.83 117.83 117.83 117.83 117.83 117.83 117.83 117.85 117.84
53°N ||     117.84 117.84 117.84 117.84 117.84 117.84 117.83 117.83 117.83 117.83 117.83 117.83 117.83 117.83 117.83 117.85 117.89 117.88 117.89 117.92 117.94 117.96 117.99 118.01 118.04 118.06 118.08 118.10 118.11 118.13 118.14 118.14 118.15 118.15 118.15 118.15 118.15 118.15 118.12 118.09 118.06 118.06 118.09 118.11 118.14 118.15 118.14 118.10 118.05 117.98 117.93 117.91 117.89 117.88 117.87 117.86 118.00 117.96 118.04 117.89 117.83 117.83 117.83 117.83 117.83 117.84 117.90 117.93 117.97 118.00 118.07 118.09 118.10 118.12 118.14 118.17 118.18 118.16 118.21 118.19 118.16 118.19 118.16 118.19 118.14 118.21 118.17 118.09 118.08 118.02 118.03 118.00 117.96 117.94 117.89 117.86 117.87 117.99 117.84 117.84 117.83 117.83 117.83 117.83 117.85 117.84 117.84 117.83 117.84 117.83 117.84 117.84 117.84 117.84 117.84 117.84 117.83 117.83 117.83 117.83 117.83 117.84 117.84 117.84 117.84 117.84 117.84 117.83 117.83 117.83 117.83 117.83 117.84 117.86 117.85 117.91 117.96 118.02 118.03 118.08 118.09 118.14 118.14 118.19 118.21 118.21 118.18 118.19 118.13 118.13 118.13 118.13 118.05 117.98 117.96 117.91 117.93 117.89 117.87 117.84 117.84 117.83 117.83 117.83 117.83 117.83 117.83 117.83 117.83 117.83 117.83 117.83 117.83 117.83 117.83 117.83 117.84 117.84 117.85 117.85
55°N ||     117.86 117.85 117.84 117.84 117.84 117.83 117.83 117.83 117.83 117.83 117.83 117.83 117.83 117.83 117.83 117.85 118.13 117.91 117.88 117.90 117.91 117.93 117.95 117.96 118.00 118.02 118.04 118.07 118.09 118.10 118.11 118.12 118.13 118.13 118.13 118.13 118.14 118.15 118.15 118.15 118.14 118.15 118.14 118.15 118.15 118.14 118.10 117.96 117.94 117.90 117.89 117.89 117.93 117.87 117.85 117.84 117.83 117.83 117.83 117.83 117.83 117.84 117.87 117.89 117.93 117.97 117.99 118.03 118.05 118.09 118.14 118.16 118.17 118.20 118.22 118.20 118.21 118.22 118.24 118.29 118.19 118.21 118.23 118.20 118.25 118.19 118.13 118.13 118.08 118.08 118.06 118.05 118.01 117.97 117.91 117.90 117.90 117.89 117.87 117.84 117.84 117.83 117.83 117.83 117.83 117.83 117.83 117.83 117.83 117.83 117.83 117.83 117.83 117.83 117.83 117.83 117.83 117.83 117.83 117.83 117.83 117.83 117.84 117.84 117.84 117.84 117.83 117.83 117.83 117.83 117.83 117.83 117.83 117.83 117.85 117.89 117.93 117.97 117.97 118.00 118.02 118.05 118.06 118.10 118.11 118.09 118.10 118.10 118.01 118.02 118.05 118.01 118.00 117.95 117.92 117.94 117.87 117.90 117.88 117.84 117.83 117.83 117.83 117.83 117.83 117.83 117.83 117.83 117.83 117.83 117.83 117.83 117.83 117.83 117.83 117.97 117.84 117.85 117.87 117.88
57°N ||     117.87 117.87 117.86 117.85 117.85 117.84 117.83 117.83 117.83 117.83 117.83 117.83 117.83 117.83 117.83 117.83 117.87 117.86 117.88 117.88 117.89 117.90 117.92 117.94 117.95 117.97 118.00 118.02 118.02 118.05 118.06 118.07 118.08 118.08 118.09 118.09 118.09 118.10 118.11 118.13 118.14 118.14 118.14 118.14 118.13 118.08 118.03 117.98 117.92 117.89 117.88 117.87 117.86 117.85 117.84 117.83 117.83 117.83 117.83 117.84 117.90 117.93 117.95 117.98 118.01 118.03 118.07 118.10 118.12 118.17 118.18 118.43 118.25 118.26 118.26 118.29 118.28 118.26 118.27 118.27 118.26 118.32 118.23 118.24 118.03 118.67 118.17 118.15 118.14 118.11 118.12 118.06 118.03 118.01 117.99 117.95 117.95 117.91 117.89 117.85 117.84 117.84 117.83 117.83 117.83 117.83 117.83 117.83 117.83 117.83 117.83 117.83 117.83 117.83 117.83 117.83 117.83 117.83 117.83 117.83 117.83 117.83 117.83 117.83 117.83 117.83 117.83 117.83 117.83 117.83 117.83 117.83 117.83 117.83 117.83 117.84 117.89 117.91 117.93 117.91 117.97 117.96 118.00 118.04 118.04 118.03 118.02 118.03 118.01 117.98 118.00 117.98 117.99 117.98 117.93 117.94 117.91 117.92 117.90 117.86 117.84 117.84 117.83 117.83 117.83 117.83 117.83 117.83 117.83 117.83 117.83 117.83 117.83 117.83 117.83 117.83 117.85 117.85 117.86 117.87
59°N ||     117.87 117.87 117.87 117.84 117.86 117.85 117.83 117.84 117.84 117.84 117.83 117.83 117.83 117.83 117.83 117.83 117.83 117.84 117.85 117.86 117.86 117.88 117.89 117.91 117.91 117.92 117.93 117.94 117.96 117.97 117.98 118.00 118.01 118.01 118.00 118.01 118.02 118.02 118.04 118.07 118.08 118.08 118.08 118.05 118.02 117.97 117.94 117.91 117.88 117.87 117.86 117.84 117.84 117.83 117.83 117.83 117.83 117.83 117.85 117.91 117.99 117.97 118.05 118.08 118.09 118.12 118.16 118.19 118.20 118.20 118.25 118.25 118.27 118.31 118.31 118.32 118.30 118.34 118.37 118.35 118.31 118.30 118.31 118.27 118.26 118.25 118.24 118.23 118.20 118.14 118.10 118.12 118.06 118.06 117.98 118.00 117.99 117.96 117.90 117.89 117.86 117.85 117.84 117.84 117.84 117.83 117.83 117.83 117.83 117.83 117.83 117.84 117.84 117.84 117.83 117.84 117.83 117.84 117.83 117.83 117.83 117.83 117.83 117.83 117.83 117.83 117.83 117.83 117.83 117.83 117.83 117.83 117.83 117.85 117.83 117.83 117.84 117.85 117.85 117.89 117.92 117.88 117.93 117.96 117.96 117.94 117.96 117.96 117.96 117.96 117.96 117.97 117.96 117.94 117.93 117.95 117.93 117.90 117.90 117.88 117.88 117.85 117.84 117.84 117.83 117.83 117.83 117.83 117.83 117.83 117.83 117.83 117.83 117.83 117.83 117.84 117.85 117.89 117.84 117.86
61°N ||     117.87 117.88 117.87 117.87 117.87 117.88 117.85 117.84 117.85 117.83 117.83 117.83 117.83 117.83 117.83 117.83 117.83 117.83 117.84 117.84 117.85 117.85 117.86 117.87 117.88 117.88 117.89 117.90 117.91 117.91 117.91 117.92 117.92 117.92 117.93 117.93 117.94 117.94 117.94 117.92 117.95 117.95 117.95 117.94 117.93 117.91 117.89 117.88 117.85 117.84 117.84 117.83 117.83 117.83 117.83 117.84 117.85 117.89 117.93 117.97 118.03 118.10 118.13 118.16 118.20 118.42 118.18 118.27 118.29 118.29 118.34 118.29 118.33 118.39 118.42 118.41 118.39 118.41 118.37 118.39 118.36 118.37 118.34 118.35 118.32 118.30 118.26 118.24 118.21 118.18 118.15 118.13 118.12 118.08 118.07 118.07 118.00 117.97 117.96 117.92 117.91 117.89 117.86 117.86 117.85 117.86 117.84 117.85 117.85 117.86 117.85 117.86 117.87 117.86 117.85 117.86 117.84 117.84 117.84 117.83 117.83 117.83 117.83 117.83 117.83 117.83 117.83 117.83 117.83 117.83 117.83 117.83 117.83 117.84 117.83 117.83 117.83 117.83 117.84 117.86 117.87 117.84 117.90 117.91 117.92 117.88 117.91 117.90 117.92 117.93 117.92 117.94 117.92 117.90 117.92 117.93 117.91 117.90 117.90 117.88 117.87 117.88 117.85 117.85 117.84 117.83 117.83 117.83 117.83 117.83 117.83 117.83 117.84 117.84 117.85 117.85 117.84 117.87 117.86 117.86
63°N ||     117.91 117.88 117.87 118.22 117.88 117.89 117.89 117.88 117.87 117.86 117.84 117.83 117.83 117.83 117.83 117.83 117.83 117.83 117.83 117.83 117.85 117.84 117.84 117.84 117.85 117.85 117.86 117.86 117.86 117.86 117.87 117.87 117.88 117.88 117.89 117.89 117.90 117.89 117.89 117.90 117.90 117.89 117.89 117.88 117.87 117.86 117.85 117.84 117.83 117.83 117.83 117.83 117.83 117.85 117.90 117.93 117.96 118.00 118.05 118.06 118.11 118.16 118.21 118.26 118.27 118.28 118.35 118.34 118.34 118.34 118.37 118.36 118.39 118.39 118.41 118.44 118.42 118.39 118.39 118.42 118.41 118.40 118.36 118.34 118.31 118.22 118.24 118.22 118.22 118.20 118.19 118.15 118.11 118.09 118.10 118.01 117.99 117.99 117.98 117.95 117.95 117.92 117.90 117.90 117.91 117.90 117.89 117.90 117.90 117.89 117.90 117.90 117.91 117.90 117.89 117.88 117.88 117.86 117.87 117.85 117.84 117.83 117.83 117.83 117.83 117.83 117.83 117.83 117.83 117.83 117.83 117.83 117.83 117.83 117.83 117.83 117.83 117.83 117.84 117.83 117.85 117.83 117.86 117.88 117.85 117.89 117.88 117.89 117.90 117.90 117.89 117.89 117.92 117.92 117.92 117.91 117.91 117.89 117.90 117.91 117.89 117.88 117.88 117.87 117.85 117.85 117.85 117.86 117.83 117.84 117.84 117.85 117.84 117.85 117.88 117.88 117.88 117.89 117.89 117.90
65°N ||     117.93 117.96 117.93 117.95 117.94 117.93 117.92 117.93 117.86 117.88 117.87 117.86 117.86 117.85 117.93 117.83 117.83 117.83 117.83 117.83 117.83 117.83 117.83 117.83 117.83 117.83 117.83 117.83 117.83 117.84 117.84 117.84 117.84 117.85 117.85 117.86 117.86 117.86 117.86 117.86 117.86 117.85 117.85 117.84 117.83 117.83 117.83 117.83 117.83 117.83 117.83 117.84 117.89 117.95 118.00 118.06 118.11 118.18 118.21 118.22 118.24 118.29 118.31 118.31 118.36 118.38 118.39 118.36 118.38 118.41 118.37 118.38 118.42 118.43 118.43 118.45 118.45 118.42 118.44 118.43 118.44 118.41 118.39 118.27 118.91 120.12 118.06 118.21 118.25 118.21 118.22 118.16 118.17 118.10 118.10 118.07 118.04 118.03 118.02 118.01 117.98 117.98 117.96 117.93 117.95 117.92 117.92 117.93 117.93 117.92 117.94 117.94 117.95 117.93 117.89 117.90 117.93 117.89 117.88 117.90 117.88 117.86 117.85 117.83 117.83 117.83 117.83 117.83 117.83 117.83 117.83 117.83 117.83 117.83 117.83 117.83 117.83 117.83 117.83 117.83 117.84 117.83 117.84 117.84 117.84 117.86 117.86 117.87 117.86 117.87 117.88 117.89 117.89 117.90 117.87 117.91 117.90 117.92 117.92 117.91 117.89 117.89 117.91 117.91 117.88 117.91 117.91 117.86 117.89 117.87 117.90 117.90 117.89 117.89 117.89 117.92 117.89 117.89 117.95 117.86
67°N ||     117.99 117.98 118.00 117.99 117.98 118.01 117.99 117.97 117.98 117.96 117.91 117.92 117.93 117.89 117.90 117.88 117.87 117.86 117.85 117.85 117.83 117.83 117.83 117.83 117.83 117.83 117.83 117.83 117.83 117.83 117.83 117.83 117.83 117.83 117.88 117.84 117.84 117.84 117.84 117.84 117.83 117.83 117.83 117.83 117.83 117.83 117.83 117.84 117.85 117.89 117.94 117.99 118.04 118.10 118.17 118.24 118.31 118.36 118.42 118.47 118.49 118.48 118.44 118.42 118.42 118.42 118.41 118.43 118.46 118.44 118.46 118.46 118.44 118.47 118.47 118.46 118.45 118.40 118.48 118.46 118.45 118.43 118.36 118.34 118.33 118.28 118.26 118.27 118.25 118.26 118.22 118.19 118.18 118.14 118.13 118.09 118.08 118.06 118.04 118.01 117.99 118.00 117.99 117.96 117.96 117.96 117.96 117.95 117.93 117.91 117.92 117.96 117.98 117.96 117.95 117.95 117.92 117.93 117.93 117.92 117.91 117.88 117.88 117.86 117.84 117.84 117.84 117.83 117.83 117.83 117.83 117.83 117.83 117.83 117.83 117.83 117.83 117.83 117.83 117.83 117.83 117.84 117.84 117.83 117.84 117.84 117.83 117.85 117.85 117.86 117.85 117.89 117.88 117.90 117.90 117.90 117.91 117.91 117.92 117.93 117.89 117.90 117.90 117.92 117.92 117.92 117.95 117.95 117.95 117.93 117.95 117.93 117.96 117.95 117.92 117.94 117.94 117.98 117.97 117.98
69°N ||     117.99 118.05 118.05 118.03 118.04 118.04 118.03 118.04 118.00 118.05 118.01 118.00 117.99 117.99 117.95 117.92 117.92 117.95 117.95 117.92 117.92 117.91 117.90 117.89 117.87 117.86 117.83 117.84 117.84 117.83 117.84 117.83 117.83 117.83 117.83 117.83 117.83 117.83 117.83 117.83 117.83 117.83 117.83 117.84 117.85 117.87 117.92 117.97 118.03 118.08 118.11 118.15 118.18 118.23 118.27 118.32 118.36 118.38 118.43 118.45 118.45 118.46 118.45 118.45 118.43 118.45 118.46 118.47 118.45 118.48 118.48 118.47 118.50 118.49 118.44 118.48 118.47 118.44 118.45 118.44 118.41 118.40 118.41 118.38 118.32 118.33 118.27 118.25 118.24 118.22 118.22 118.19 118.16 118.15 118.15 118.08 118.09 118.09 118.07 118.06 118.05 118.04 118.03 118.00 118.00 118.03 118.01 117.99 117.99 118.00 117.94 117.95 117.98 117.97 117.98 117.97 117.95 117.96 117.95 117.92 117.91 117.91 117.90 117.90 117.86 117.85 117.85 117.84 117.84 117.84 117.83 117.83 117.83 117.83 117.83 117.83 117.83 117.83 117.83 117.83 117.83 117.83 117.83 117.83 117.83 117.83 117.84 117.84 117.84 117.84 117.85 117.85 117.86 117.88 117.90 117.91 117.90 117.92 117.97 117.95 117.94 117.93 117.94 117.96 117.96 117.98 117.98 118.00 117.99 117.98 117.97 118.00 118.01 118.02 118.06 118.04 118.02 118.03 118.02 118.00
71°N ||     118.09 118.12 118.13 118.10 118.08 118.11 118.37 118.06 118.09 118.10 118.05 118.06 118.07 118.05 118.08 118.09 118.08 118.05 118.09 118.01 117.98 118.02 118.01 117.99 117.96 117.95 117.92 117.90 117.91 117.87 117.88 117.88 117.89 117.85 117.87 117.89 117.85 117.85 117.86 117.87 117.86 117.90 117.92 117.94 117.97 118.00 118.04 118.09 118.13 118.18 118.22 118.25 118.26 118.25 118.28 118.30 118.31 118.33 118.36 118.36 118.35 118.38 118.38 118.40 118.46 118.43 118.44 118.46 118.51 118.47 118.49 118.48 118.47 118.49 118.46 118.44 118.44 118.46 118.44 118.41 118.39 118.39 118.38 118.35 118.32 118.31 118.29 118.28 118.26 118.22 118.18 118.15 118.17 118.17 118.14 118.13 118.11 118.10 118.09 118.08 118.05 118.03 118.02 118.01 118.03 118.04 118.03 118.01 118.02 118.01 118.03 118.00 117.99 117.99 117.97 117.99 117.97 117.96 117.93 117.95 117.91 117.93 117.92 117.89 117.89 117.88 117.88 117.88 117.86 117.85 117.84 117.84 117.84 117.83 117.83 117.83 117.83 117.83 117.83 117.83 117.83 117.83 117.83 117.83 117.83 117.83 117.83 117.84 117.84 117.84 117.85 117.85 117.86 117.86 117.89 117.88 117.92 117.94 117.96 117.97 117.98 117.95 117.99 118.00 118.01 118.03 118.02 118.03 117.99 118.04 118.04 118.04 118.01 118.05 118.06 118.08 118.11 118.06 118.09 118.08
73°N ||     118.18 118.20 118.20 118.18 118.15 118.21 118.21 118.19 118.19 118.21 118.23 118.19 118.20 118.15 118.24 118.17 118.16 118.15 118.12 118.12 118.13 118.04 118.04 118.07 118.03 118.07 118.03 118.16 118.09 118.05 118.07 118.02 118.00 117.98 117.95 117.98 117.95 117.97 117.98 118.01 118.03 118.05 118.07 118.08 118.12 118.14 118.16 118.18 118.20 118.23 118.27 118.33 118.31 118.31 118.31 118.31 118.29 118.29 118.27 118.30 118.32 118.34 118.36 118.36 118.38 118.41 118.42 118.41 118.41 118.43 118.46 118.49 118.49 118.44 118.47 118.47 118.48 118.44 118.41 118.37 118.38 118.36 118.33 118.32 118.33 118.32 118.30 118.27 118.25 118.24 118.21 118.15 118.15 118.15 118.14 118.10 118.10 118.10 118.08 118.09 118.07 118.07 118.06 118.01 118.04 118.04 118.02 118.01 118.01 117.99 118.01 118.01 118.02 118.01 118.00 118.01 118.01 117.99 117.96 117.94 117.95 117.97 117.95 117.92 117.92 117.90 117.89 117.90 117.87 117.87 117.86 117.85 117.85 117.84 117.84 117.84 117.84 117.83 117.83 117.83 117.84 117.84 117.84 117.84 117.84 117.85 117.85 117.85 117.86 117.87 117.86 117.88 117.88 117.90 117.90 117.90 117.94 117.96 117.97 117.96 118.00 118.00 117.99 118.02 118.05 118.07 118.05 118.07 118.10 118.12 117.96 118.64 118.02 117.85 118.10 118.13 118.18 118.16 118.10 118.15
75°N ||     118.21 118.26 118.23 118.25 118.25 118.30 118.23 118.27 118.27 118.27 118.29 118.25 118.26 118.29 118.25 118.27 118.27 118.20 118.23 118.25 118.22 118.26 118.28 118.32 118.25 118.17 118.19 118.18 118.09 118.12 118.12 118.10 118.15 118.17 118.20 118.13 118.11 118.12 118.09 118.13 118.13 118.15 118.19 118.18 118.18 118.16 118.20 118.22 118.24 118.29 118.31 118.32 118.32 118.33 118.33 118.39 118.33 118.32 118.34 118.35 118.38 118.41 118.43 118.43 118.43 118.41 118.40 118.41 118.43 118.40 118.45 118.45 118.45 118.45 118.44 118.46 118.43 118.42 118.38 118.39 118.36 118.35 118.32 118.39 118.31 118.28 118.25 118.23 118.22 118.23 118.20 118.19 118.17 118.15 118.15 118.14 118.17 118.10 118.09 118.08 118.07 118.07 118.06 118.05 118.05 118.06 118.06 118.04 118.02 118.04 118.03 118.01 118.03 118.03 118.02 118.01 118.00 118.01 117.98 117.98 117.97 117.96 117.94 117.97 117.97 117.95 117.92 117.92 117.91 117.89 117.91 117.90 117.90 117.89 117.86 117.87 117.86 117.86 117.86 117.86 117.86 117.87 117.87 117.85 117.86 117.88 117.89 117.89 117.88 117.88 117.89 117.91 117.92 117.92 117.94 117.94 117.95 117.98 117.99 118.01 118.01 118.04 118.05 118.08 118.09 118.08 118.09 118.10 118.12 118.14 118.14 118.16 118.14 118.24 118.25 118.26 118.26 118.25 118.23 118.20
77°N ||     118.32 118.27 118.17 118.12 118.18 118.30 118.25 118.10 118.11 118.27 118.31 118.31 118.32 118.30 118.30 118.23 118.16 118.18 118.10 118.22 118.14 118.18 118.37 118.50 118.30 118.22 118.21 118.27 118.24 118.23 118.22 118.22 118.24 118.21 118.09 118.20 118.16 118.19 118.18 118.17 118.23 118.22 118.19 118.19 118.22 118.26 118.27 118.29 118.31 118.32 118.34 118.36 118.30 118.39 118.40 118.42 118.43 118.43 118.43 118.44 118.45 118.18 118.19 118.35 118.41 118.40 118.39 118.41 118.37 118.37 118.40 118.41 118.41 118.41 118.39 118.40 118.39 118.39 118.41 118.40 118.38 118.33 118.33 118.31 118.31 118.29 118.23 118.23 118.26 118.24 118.24 118.22 118.19 118.15 118.15 118.16 118.16 118.15 118.13 118.12 118.11 118.11 118.09 118.12 118.08 118.08 118.08 118.07 118.06 118.06 118.05 118.05 118.03 118.01 118.01 118.01 118.02 117.99 118.00 117.97 117.98 117.98 117.99 117.99 117.98 117.98 117.97 117.96 117.95 117.93 117.94 117.92 117.91 117.89 117.84 117.88 117.90 117.90 117.91 117.91 117.90 117.90 117.90 117.90 117.90 117.90 117.91 117.90 117.91 117.90 117.92 117.93 117.93 117.95 117.96 117.97 117.99 117.99 117.98 118.01 118.02 118.04 118.07 118.10 118.11 118.11 118.13 118.16 118.16 118.14 118.18 118.15 118.17 118.21 118.19 118.28 118.32 118.31 118.27 118.30
79°N ||     118.22 118.17 118.17 118.21 118.22 118.20 118.18 118.18 118.20 118.19 118.19 118.13 118.23 118.21 118.22 118.26 118.26 118.29 118.28 118.26 118.25 118.30 118.29 118.30 118.32 118.33 118.30 118.20 118.23 118.18 118.20 118.22 118.23 118.24 118.22 118.25 118.23 118.27 118.26 118.26 118.26 118.28 118.28 118.26 118.24 118.25 118.26 118.28 118.29 118.33 118.36 118.35 118.37 118.39 118.41 118.42 118.40 118.42 118.46 118.45 118.48 118.49 118.48 118.49 118.47 118.47 118.51 118.48 118.44 118.41 118.38 118.37 118.34 118.35 118.35 118.29 118.27 118.29 118.33 118.34 118.30 118.33 118.26 118.08 118.18 118.32 117.96 118.02 118.20 117.85 117.90 118.08 118.00 117.91 118.03 117.85 117.91 118.06 118.00 117.95 117.98 117.96 117.97 118.08 118.10 118.07 118.08 118.08 118.09 118.07 118.07 118.06 118.05 118.05 118.03 118.04 118.03 118.02 118.02 117.95 118.14 117.95 118.00 117.99 117.98 117.99 117.98 117.97 117.97 117.97 117.97 117.97 117.96 117.96 117.96 117.96 117.96 117.96 117.95 117.95 117.95 117.94 117.92 117.93 117.93 117.91 117.89 117.89 117.91 117.93 117.93 117.93 117.95 117.97 117.97 118.00 117.99 118.01 118.01 118.02 118.03 118.06 118.07 118.10 118.10 118.13 118.12 118.11 118.13 118.18 118.18 118.19 118.19 118.21 118.21 118.20 118.19 118.25 118.25 118.23
81°N ||     117.92 117.92 117.93 117.95 117.93 117.94 117.94 117.94 117.94 117.95 117.96 117.97 117.97 117.98 117.99 118.00 118.01 118.02 118.02 118.02 118.03 118.04 118.05 118.06 118.07 118.09 118.12 118.16 118.16 118.19 118.22 118.18 118.19 118.26 118.08 118.08 118.01 118.10 117.91 117.95 118.03 118.06 118.21 118.22 118.23 118.26 118.29 118.28 118.20 118.19 118.01 118.00 117.94 118.01 118.19 118.08 118.13 118.12 118.09 118.10 118.30 118.22 118.25 118.25 118.28 118.31 118.35 118.20 118.14 118.03 118.04 118.06 117.90 117.98 117.93 117.87 117.83 117.85 117.85 117.83 117.84 117.84 117.84 117.85 117.85 117.85 117.87 117.87 117.87 117.88 117.87 117.86 117.89 117.89 117.87 117.88 117.88 117.91 117.91 117.90 117.86 117.85 117.85 117.85 117.87 117.87 117.87 117.95 117.89 117.96 117.94 117.85 117.85 118.01 117.91 117.94 117.89 117.90 117.97 117.83 117.85 117.83 117.84 117.85 117.89 117.99 117.86 117.87 117.89 117.89 117.88 117.87 117.88 117.88 117.89 117.90 117.92 117.95 117.98 117.98 117.98 117.98 117.98 117.98 117.98 117.97 117.97 117.98 117.99 118.01 118.01 118.02 118.02 118.03 118.03 118.03 118.03 118.04 118.05 118.03 118.04 118.05 118.06 118.06 118.06 118.06 118.05 118.04 118.04 118.01 117.98 117.99 117.98 117.98 117.97 117.96 117.94 117.93 117.92 117.92
83°N ||     117.84 117.84 117.84 117.84 117.84 117.84 117.84 117.84 117.84 117.85 117.85 117.86 117.86 117.87 117.88 117.89 117.90 117.90 117.92 117.92 117.94 117.94 117.94 117.94 117.93 117.92 117.96 117.95 117.97 117.83 117.85 117.83 117.83 117.83 117.84 117.87 117.83 117.83 117.84 117.84 117.84 117.84 117.85 117.86 117.85 117.84 117.84 117.85 117.84 117.84 117.83 117.83 117.84 117.86 117.83 117.83 117.83 117.83 117.83 117.83 117.83 117.89 117.86 118.07 118.13 118.20 118.26 118.30 118.29 118.16 118.06 117.94 117.88 117.84 117.84 117.83 117.83 117.83 117.84 117.84 117.84 117.85 117.85 117.86 117.86 117.87 117.88 117.88 117.89 117.89 117.89 117.89 117.89 117.90 117.90 117.91 117.91 117.92 117.92 117.92 117.93 117.93 117.94 117.94 117.95 117.95 117.95 117.96 117.95 117.93 117.91 117.88 117.88 117.88 117.89 117.88 117.86 117.86 117.86 117.87 117.88 117.88 117.85 117.87 117.86 117.87 117.86 117.86 117.87 117.86 117.88 117.87 117.86 117.84 117.85 117.86 117.86 117.86 117.85 117.85 117.84 117.85 117.85 117.86 117.89 117.87 117.95 118.01 118.03 118.01 118.00 118.00 118.00 118.00 118.02 118.02 118.02 118.01 117.99 117.98 117.97 117.97 117.96 117.95 117.94 117.93 117.92 117.91 117.90 117.90 117.89 117.89 117.87 117.87 117.86 117.86 117.85 117.84 117.84 117.84
85°N ||     117.90 117.86 117.89 117.93 117.96 118.04 117.88 117.86 117.91 117.94 117.85 117.84 117.84 117.84 117.88 117.87 117.87 117.90 117.91 117.91 117.91 117.87 117.84 117.85 117.87 117.86 117.83 117.86 117.87 117.85 117.90 117.93 117.92 117.88 117.92 117.93 117.93 117.94 117.93 117.92 117.93 117.91 117.92 117.93 117.93 117.94 117.95 117.95 117.95 117.92 117.92 117.93 117.92 117.88 117.89 117.90 117.90 117.90 117.89 117.88 117.88 117.88 117.86 117.87 117.88 117.88 117.86 117.85 117.87 117.92 117.95 117.96 117.88 117.88 117.90 117.96 118.02 118.09 118.12 118.10 118.09 118.00 117.88 117.85 117.86 117.86 117.86 117.85 117.87 117.92 118.09 118.14 117.86 117.89 117.89 117.88 117.89 117.90 117.91 117.92 117.93 117.91 117.93 117.94 117.95 117.95 117.96 117.96 117.96 117.97 117.97 117.97 117.97 117.97 117.97 117.96 117.96 117.96 117.96 117.96 117.96 117.95 117.95 117.95 117.96 117.96 117.96 117.96 117.96 117.96 117.96 117.96 117.96 117.96 117.95 117.95 117.94 117.94 117.94 117.91 117.94 117.94 117.94 117.90 117.89 117.88 117.87 117.84 117.86 117.89 117.87 117.89 117.85 117.85 117.85 117.85 117.84 117.84 117.83 117.83 117.83 117.85 117.85 117.85 117.85 117.89 117.90 117.97 117.87 117.99 117.89 117.84 117.84 117.84 117.84 117.85 117.89 117.85 117.86 117.87
87°N ||     118.01 117.98 117.99 117.99 117.97 117.99 117.99 117.99 118.02 118.02 118.02 118.02 118.01 118.01 118.01 118.03 118.03 118.03 118.03 118.03 118.03 118.01 118.01 118.05 118.05 118.05 118.04 118.03 118.03 118.03 118.02 118.04 118.05 118.04 118.05 118.07 118.07 118.07 118.08 118.07 118.06 118.07 118.05 118.06 118.07 118.08 118.08 118.09 118.08 118.07 118.07 118.08 118.07 118.07 118.05 118.04 118.03 118.02 118.02 118.02 118.03 118.04 118.04 118.04 118.04 118.05 118.05 118.04 118.04 118.03 118.00 117.95 117.95 117.96 117.96 117.97 117.95 117.97 117.97 117.96 117.98 117.99 117.99 117.99 117.98 117.99 117.99 117.96 117.98 117.97 118.00 118.01 118.00 118.01 118.03 118.03 118.02 118.02 118.01 118.02 118.03 118.04 118.04 118.03 118.02 118.04 118.05 118.05 118.06 118.06 118.07 118.06 118.06 118.06 118.06 118.06 118.06 118.05 118.05 118.03 118.06 118.06 118.05 118.04 118.02 118.01 118.04 118.05 118.03 118.03 118.02 118.04 118.06 118.06 118.06 118.06 118.06 118.05 118.04 118.03 118.03 118.03 118.03 118.03 118.02 118.02 118.02 118.03 118.04 118.05 118.04 118.05 118.04 118.04 118.06 118.06 118.06 118.01 118.03 118.01 118.03 117.99 117.99 117.98 117.98 117.97 117.99 118.00 117.99 117.99 117.99 117.98 117.97 117.97 117.97 117.97 117.98 117.98 117.96 117.99
89°N ||     118.11 118.11 118.11 118.10 118.10 118.12 118.12 118.12 118.12 118.12 118.12 118.12 118.12 118.12 118.12 118.12 118.12 118.13 118.13 118.13 118.13 118.13 118.12 118.12 118.12 118.12 118.13 118.13 118.13 118.13 118.13 118.14 118.14 118.14 118.14 118.14 118.14 118.14 118.14 118.14 118.14 118.14 118.14 118.14 118.14 118.14 118.14 118.14 118.14 118.14 118.14 118.14 118.14 118.14 118.13 118.13 118.13 118.13 118.13 118.13 118.13 118.13 118.13 118.13 118.13 118.12 118.12 118.12 118.12 118.12 118.12 118.12 118.12 118.12 118.12 118.11 118.11 118.11 118.11 118.11 118.11 118.11 118.11 118.11 118.11 118.10 118.10 118.11 118.11 118.11 118.11 118.10 118.10 118.10 118.10 118.11 118.11 118.11 118.10 118.09 118.10 118.11 118.11 118.11 118.11 118.11 118.12 118.12 118.12 118.12 118.12 118.12 118.12 118.12 118.12 118.12 118.13 118.13 118.13 118.13 118.13 118.13 118.13 118.13 118.13 118.13 118.13 118.13 118.13 118.13 118.13 118.13 118.13 118.13 118.13 118.13 118.13 118.14 118.14 118.14 118.14 118.14 118.14 118.14 118.14 118.14 118.14 118.14 118.14 118.14 118.14 118.13 118.13 118.13 118.13 118.13 118.13 118.12 118.13 118.13 118.13 118.13 118.13 118.13 118.13 118.13 118.13 118.13 118.13 118.12 118.12 118.12 118.12 118.12 118.12 118.12 118.11 118.11 118.11 118.11
