Mars Surface Radiation Result (absorbed dose in thin silicon slab) (1E-6 Gy/day).
Column 1 is East longitude (°)
Line 1 is North latitude (°)

-179  -177  -175  -173  -171  -169  -167  -165  -163  -161  -159  -157  -155  -153  -151  -149  -147  -145  -143  -141  -139  -137  -135  -133  -131  -129  -127  -125  -123  -121  -119  -117  -115  -113  -111  -109  -107  -105  -103  -101  -99  -97  -95  -93  -91  -89  -87  -85  -83  -81  -79  -77  -75  -73  -71  -69  -67  -65  -63  -61  -59  -57  -55  -53  -51  -49  -47  -45  -43  -41  -39  -37  -35  -33  -31  -29  -27  -25  -23  -21  -19  -17  -15  -13  -11  -9  -7  -5  -3  -1  1  3  5  7  9  11  13  15  17  19  21  23  25  27  29  31  33  35  37  39  41  43  45  47  49  51  53  55  57  59  61  63  65  67  69  71  73  75  77  79  81  83  85  87  89  91  93  95  97  99  101  103  105  107  109  111  113  115  117  119  121  123  125  127  129  131  133  135  137  139  141  143  145  147  149  151  153  155  157  159  161  163  165  167  169  171  173  175  177  179  
--------------------------------------------------------------------------------------------------
-89°N ||     193.53 193.56 193.59 193.60 193.60 193.60 193.60 193.61 193.64 193.68 193.80 193.84 193.82 193.87 194.02 194.10 194.14 194.19 194.21 194.12 194.07 194.18 194.20 194.17 194.13 194.11 194.07 194.08 194.15 194.12 194.19 194.28 194.24 194.18 194.26 194.20 194.12 194.07 194.01 193.97 193.94 193.88 193.83 193.81 193.79 193.79 193.78 193.78 193.77 193.76 193.74 193.74 193.71 193.70 193.69 193.69 193.63 193.60 193.58 193.58 193.56 193.53 193.53 193.50 193.51 193.54 193.55 193.46 193.42 193.43 193.37 193.35 193.35 193.36 193.33 193.30 193.29 193.28 193.27 193.27 193.26 193.27 193.27 193.25 193.27 193.27 193.27 193.26 193.25 193.26 193.27 193.30 193.32 193.32 193.33 193.34 193.33 193.34 193.35 193.36 193.34 193.34 193.33 193.32 193.33 193.34 193.35 193.36 193.36 193.37 193.38 193.37 193.35 193.36 193.40 193.42 193.42 193.41 193.42 193.44 193.45 193.46 193.47 193.49 193.52 193.55 193.55 193.58 193.60 193.61 193.63 193.63 193.64 193.65 193.66 193.69 193.70 193.70 193.70 193.71 193.67 193.67 193.65 193.62 193.63 193.62 193.62 193.60 193.58 193.55 193.55 193.53 193.53 193.49 193.47 193.46 193.45 193.44 193.43 193.44 193.44 193.43 193.43 193.42 193.42 193.42 193.42 193.43 193.43 193.43 193.43 193.44 193.44 193.44 193.45 193.47 193.50 193.51 193.51 193.53
-87°N ||     195.13 195.17 195.17 195.26 195.24 195.30 195.23 195.23 195.22 195.15 195.15 195.15 195.06 194.96 194.91 194.90 194.91 194.91 194.91 194.88 194.88 194.92 195.03 195.07 195.06 195.02 195.03 194.96 195.03 194.91 195.10 195.12 194.99 194.98 194.97 194.95 194.90 194.85 194.90 194.91 194.89 194.92 194.89 194.86 194.83 194.80 194.79 194.74 194.70 194.66 194.55 194.66 194.51 194.30 194.32 194.26 194.16 194.06 194.00 193.98 194.10 193.68 193.72 193.51 193.45 193.44 193.40 193.38 193.37 193.34 193.26 193.20 193.25 193.23 193.02 192.98 192.91 192.84 192.81 192.93 192.68 192.53 192.51 192.43 192.41 192.41 192.43 192.46 192.48 192.50 192.54 192.55 192.58 192.59 192.61 192.93 192.85 193.00 192.91 193.10 193.11 193.10 193.17 193.18 193.21 193.28 193.34 193.47 193.55 193.61 193.50 193.49 193.52 193.54 193.55 193.55 193.60 193.63 193.69 193.69 193.75 193.79 193.81 193.85 193.92 193.91 193.93 193.99 194.05 194.04 194.10 194.11 194.12 194.17 194.29 194.41 194.51 194.63 194.56 194.41 194.29 194.24 194.21 194.18 194.13 194.12 194.08 193.88 193.85 193.83 193.82 193.83 193.86 193.86 193.85 193.86 193.92 194.01 194.09 194.09 194.16 194.22 194.30 194.34 194.44 194.53 194.60 194.62 194.72 194.74 194.86 194.86 194.87 194.87 194.94 194.89 194.72 194.84 195.13 195.29
-85°N ||     194.69 194.68 194.68 194.68 194.69 194.69 194.71 194.75 194.76 194.76 194.77 194.77 194.78 194.83 194.77 194.72 194.72 194.81 194.80 194.81 194.82 194.83 194.86 194.88 194.88 194.89 194.92 195.01 195.07 195.18 195.43 195.46 195.45 195.45 195.47 195.34 195.46 195.37 195.35 195.34 195.50 195.69 195.64 195.65 195.49 195.46 195.38 195.31 195.25 195.18 195.21 195.13 195.11 195.08 195.26 195.32 195.10 194.97 195.02 195.29 195.18 194.47 194.35 194.37 194.48 194.55 194.43 194.51 194.50 194.17 194.25 194.14 193.90 193.83 193.87 193.67 193.93 194.14 194.35 194.05 193.90 193.82 193.86 193.86 193.94 193.82 193.76 193.65 193.64 193.74 193.65 193.67 193.78 193.78 193.78 193.78 193.79 193.83 193.89 193.99 193.98 194.07 194.31 194.55 194.49 194.46 194.44 194.46 194.44 194.49 194.57 194.62 194.67 194.74 194.56 194.61 194.70 194.71 194.65 194.57 194.56 194.59 194.62 194.70 194.79 194.86 194.86 194.81 194.82 194.78 194.74 194.72 194.69 194.71 194.75 194.85 195.30 196.06 196.28 196.13 195.74 195.51 195.40 195.42 195.06 194.86 194.78 194.69 194.74 194.78 194.68 194.69 194.73 194.83 194.96 195.02 195.06 195.08 195.06 195.07 195.06 194.91 194.78 194.73 194.71 194.79 194.84 194.89 194.98 195.13 194.95 194.98 194.94 194.88 194.83 194.82 194.82 194.83 194.74 194.70
-83°N ||     194.71 194.72 194.74 194.75 194.76 194.76 194.78 194.80 194.82 194.84 194.86 194.89 194.91 194.94 194.93 194.93 194.95 194.97 195.00 195.02 195.05 195.08 195.11 195.14 195.18 195.23 195.27 195.31 195.39 195.49 195.45 195.35 195.35 195.32 195.41 195.48 195.45 195.41 195.47 195.52 195.34 195.33 195.33 195.33 195.35 195.37 195.36 195.72 195.81 195.88 195.83 195.85 195.79 195.79 195.80 195.78 195.73 195.92 196.01 196.02 195.76 195.97 195.91 195.84 196.06 195.90 195.92 195.89 196.12 195.92 196.08 196.22 196.31 196.31 196.22 196.14 196.17 196.16 196.14 196.18 196.15 196.13 196.03 196.04 196.05 196.00 195.95 195.93 195.96 195.94 195.77 195.76 195.84 196.06 195.79 195.73 195.65 195.61 195.64 195.56 195.71 195.34 195.46 195.27 195.58 195.76 195.80 195.64 195.56 195.57 195.59 195.69 195.89 195.97 196.02 195.98 195.74 195.74 195.68 195.65 195.59 195.57 195.35 195.28 195.33 195.37 195.37 195.26 195.25 195.36 195.32 195.34 195.48 195.49 195.65 196.03 196.46 196.43 196.45 196.44 196.44 195.75 195.63 195.66 195.62 195.70 195.67 195.61 195.59 195.58 195.53 195.43 195.34 195.28 195.25 195.15 195.12 195.17 195.41 195.68 196.00 196.13 195.74 195.36 194.81 194.81 194.56 194.49 194.47 194.52 194.67 194.84 195.17 195.12 194.88 194.72 194.66 194.64 194.66 194.68
-81°N ||     194.95 195.01 195.02 195.13 194.94 195.00 195.04 195.08 195.12 195.17 195.22 195.28 195.41 195.45 195.29 195.30 195.34 195.39 195.42 195.43 195.46 195.50 195.51 195.54 195.57 195.61 195.66 195.69 195.72 195.75 195.79 195.90 195.89 195.92 196.00 195.96 195.82 195.84 195.82 195.85 195.96 195.85 195.62 195.65 195.53 195.43 195.48 195.62 195.67 195.61 195.73 195.68 195.85 196.34 196.10 196.22 196.40 196.16 196.41 196.39 196.23 196.30 196.33 196.32 196.34 196.34 196.37 196.37 196.33 196.28 196.33 196.25 196.14 196.15 196.16 196.18 196.15 196.16 196.13 196.13 196.31 196.07 195.97 195.94 195.92 195.93 195.92 195.92 195.90 195.89 195.87 195.88 195.80 195.68 195.53 195.30 194.79 194.24 194.91 195.02 195.40 195.65 195.62 195.71 195.93 196.07 196.15 196.27 196.25 196.18 196.04 196.22 196.30 196.37 196.37 196.41 196.42 196.46 196.44 196.44 196.43 196.44 196.41 196.39 196.37 196.34 196.19 196.21 196.25 196.29 196.32 196.42 196.45 196.49 196.51 196.50 196.50 196.20 195.70 195.56 195.51 195.45 195.40 195.52 195.56 195.56 195.50 195.60 195.66 195.73 195.82 195.87 195.93 195.78 195.86 196.02 196.12 195.90 195.82 195.84 196.10 195.90 195.72 195.73 195.82 195.75 196.06 195.58 194.99 194.77 194.83 194.95 195.04 195.19 195.40 194.88 194.98 194.98 194.82 194.88
-79°N ||     195.24 195.28 195.30 195.39 195.38 195.35 195.35 195.38 195.40 195.55 195.45 195.52 195.57 195.60 195.66 195.79 195.75 195.89 195.68 195.79 195.70 195.73 195.71 196.01 196.27 195.63 195.93 196.22 196.15 196.22 196.18 196.18 196.17 196.18 196.21 196.23 196.23 196.22 196.16 196.14 196.14 195.99 196.32 196.37 195.81 195.93 195.92 195.84 195.81 195.94 196.04 196.00 196.35 196.33 196.37 196.45 196.53 195.89 196.28 196.00 196.42 196.30 195.93 196.21 196.24 196.41 196.43 196.40 196.39 196.38 196.36 196.37 196.36 196.37 196.36 196.34 196.36 196.38 196.36 196.24 196.29 196.37 196.24 196.22 196.23 196.33 196.15 196.25 196.16 196.18 196.21 196.13 196.08 195.87 195.28 195.28 194.96 195.33 195.74 195.96 195.92 196.09 196.12 196.17 196.22 196.34 196.24 196.30 196.15 196.30 196.08 196.25 196.16 196.16 195.94 195.88 196.31 196.39 196.50 196.52 196.53 196.53 196.54 196.53 196.54 196.53 196.52 196.53 196.53 196.54 196.53 196.52 196.54 196.54 196.54 196.54 196.55 196.55 196.54 196.54 196.54 196.55 196.43 196.25 196.34 196.00 195.67 195.65 195.64 195.57 195.62 195.70 195.96 196.48 196.46 196.02 195.88 196.23 195.42 195.42 195.87 195.45 195.22 195.11 195.05 195.14 195.00 195.29 195.08 195.05 195.06 195.11 195.20 194.95 194.88 194.98 195.07 195.15 195.16 195.18
-77°N ||     195.86 195.66 195.62 195.60 195.53 195.73 195.70 195.95 195.92 195.96 195.95 195.99 196.19 196.06 196.03 196.09 196.15 196.17 196.22 196.10 196.05 196.09 196.06 196.11 196.08 196.16 196.27 196.32 196.25 196.31 196.29 196.30 196.30 196.30 196.29 196.31 196.29 196.31 196.30 196.30 196.29 196.30 196.25 196.17 196.13 195.99 195.65 196.06 195.58 195.76 196.21 196.14 196.06 195.75 195.91 196.04 196.13 196.08 196.19 196.19 196.34 196.42 196.32 196.37 196.46 196.48 196.47 196.49 196.49 196.48 196.46 196.45 196.43 196.44 196.42 196.43 196.42 196.39 196.28 196.29 196.25 196.18 196.15 196.07 196.20 196.29 196.22 196.24 196.14 196.20 196.20 196.16 195.94 195.82 195.73 195.61 195.24 194.96 195.82 196.39 196.53 196.54 196.50 196.15 196.30 196.24 196.25 196.34 196.18 196.36 196.22 196.18 196.15 196.34 196.50 196.45 196.19 196.12 195.87 195.72 195.66 195.38 195.27 195.67 195.97 196.28 196.46 196.45 196.42 196.33 196.02 196.22 196.23 196.09 196.39 196.45 196.55 196.52 196.40 196.31 196.22 196.24 196.09 196.27 196.56 196.54 196.50 196.45 196.03 196.07 196.14 195.63 196.08 196.28 196.26 195.72 195.45 195.49 195.31 195.32 195.38 195.25 195.25 195.44 195.35 195.30 195.40 195.46 195.48 195.46 195.38 195.46 195.63 195.38 195.40 195.45 195.60 195.72 195.79 195.65
-75°N ||     196.04 196.11 195.96 196.05 195.91 195.92 195.99 196.30 196.14 196.10 196.54 196.49 196.21 196.33 196.33 196.38 196.27 196.33 196.32 196.21 196.21 196.33 196.35 196.42 196.35 196.38 196.40 196.41 196.40 196.38 196.38 196.37 196.38 196.36 196.10 196.32 196.33 196.33 196.32 196.31 196.28 196.26 196.26 196.26 196.29 196.32 196.28 196.23 196.12 196.04 196.08 195.75 195.67 195.94 196.26 196.32 196.31 196.45 196.51 196.52 196.53 196.53 196.51 196.50 196.50 196.50 196.49 196.42 196.47 196.43 196.40 196.32 196.30 196.21 196.17 196.23 196.19 196.29 196.21 196.22 196.25 196.26 196.30 196.23 196.39 196.28 196.28 196.35 196.28 196.28 196.22 196.04 195.96 196.14 196.23 196.25 196.26 196.27 196.30 196.23 196.15 196.20 196.20 196.17 196.34 196.38 196.38 196.28 196.28 196.22 196.16 196.05 195.74 195.80 195.96 195.59 195.88 195.79 195.64 195.77 195.60 195.56 196.05 196.22 196.10 195.83 196.45 195.86 196.00 196.01 196.09 196.31 196.28 196.25 196.20 196.06 196.22 195.60 195.31 194.96 194.92 195.47 196.56 196.54 196.56 196.09 196.40 196.04 196.44 196.55 196.53 196.51 196.49 196.50 196.49 195.94 195.12 195.05 195.03 195.03 195.01 195.13 195.63 195.54 195.67 195.21 195.27 195.42 195.48 195.48 195.54 195.55 195.59 195.78 195.79 195.84 195.92 195.88 195.92 195.95
-73°N ||     196.52 196.05 196.40 196.39 196.35 196.19 196.46 196.40 196.42 196.41 196.21 196.03 196.08 196.18 196.33 196.41 196.39 196.39 196.36 196.29 196.21 195.98 196.47 195.85 196.02 196.43 196.36 196.34 196.36 196.38 196.39 196.39 196.40 196.25 196.19 196.01 196.15 196.35 196.30 196.32 196.32 196.34 196.29 196.32 196.34 196.34 196.34 196.21 196.39 196.43 196.45 196.37 196.38 196.19 196.46 196.48 196.54 196.55 196.55 196.56 196.56 196.56 196.55 196.53 196.54 196.42 196.47 196.54 196.54 196.54 196.53 196.44 196.34 196.37 196.33 196.29 196.25 196.32 196.41 196.23 196.24 196.25 196.28 196.43 196.36 196.46 196.48 196.46 196.44 196.45 196.34 196.32 196.13 196.33 196.32 196.37 196.45 196.46 196.46 196.45 196.46 196.46 196.49 196.47 196.45 196.42 196.48 196.26 196.22 196.14 195.84 195.60 195.76 196.06 196.30 196.15 196.27 196.21 196.27 196.05 196.15 195.92 195.78 195.70 195.91 195.88 196.11 196.14 196.31 196.28 196.26 196.31 196.32 196.38 196.42 196.42 196.41 196.44 196.29 196.07 196.26 195.44 195.61 196.03 196.09 196.10 196.14 196.20 196.05 196.38 196.35 195.78 196.21 196.50 196.56 196.56 196.36 195.78 195.15 195.48 195.27 195.51 195.87 195.86 195.41 195.63 195.94 196.05 195.94 196.17 196.51 196.46 196.27 196.20 196.20 196.17 196.26 196.15 196.17 196.44
-71°N ||     196.50 196.53 196.55 196.56 196.57 196.55 196.51 196.53 196.53 196.52 196.53 196.48 196.14 195.93 195.45 195.47 195.98 196.09 196.45 196.24 196.25 196.17 196.04 196.09 196.19 196.30 196.41 196.42 196.37 196.25 196.30 196.23 196.23 196.33 196.30 196.28 196.23 196.39 196.31 196.32 196.38 196.29 196.36 196.33 196.35 196.36 196.21 196.09 196.13 196.33 196.31 196.28 196.03 196.13 196.52 196.55 196.56 196.57 196.56 196.56 196.56 196.52 196.48 196.51 196.54 196.56 196.47 196.54 196.55 196.21 196.35 196.44 196.37 196.45 196.31 196.35 196.30 196.05 195.92 195.82 195.74 196.29 196.35 196.36 196.43 196.45 196.49 196.44 196.50 196.48 196.52 196.54 196.48 196.50 196.50 196.43 196.40 196.05 196.39 196.51 196.52 196.47 196.48 196.49 196.48 196.49 196.35 195.81 196.00 196.22 196.25 196.31 196.32 196.40 196.41 196.36 196.47 196.39 196.45 196.48 196.45 196.52 196.53 196.46 196.26 196.39 196.06 196.21 196.56 196.56 196.32 196.39 196.26 195.41 196.05 196.19 196.25 195.90 195.77 195.99 195.98 195.81 196.24 196.45 196.53 196.54 196.53 196.42 196.40 196.43 196.55 196.54 196.56 196.50 196.32 196.11 196.22 196.48 196.41 196.47 196.50 196.51 196.43 196.54 196.57 196.56 196.57 196.54 196.50 196.44 196.51 196.57 196.55 196.56 196.39 196.39 196.41 196.44 196.27 196.35
-69°N ||     196.25 196.31 196.47 196.53 196.39 195.98 196.09 196.52 196.45 196.47 196.49 196.53 196.44 196.44 196.20 196.12 195.69 195.83 196.00 196.36 196.50 196.42 196.18 196.00 196.15 196.35 196.38 196.43 196.25 196.26 196.03 196.08 196.02 196.20 196.22 196.28 196.41 196.43 196.46 196.46 196.45 196.46 196.44 196.46 196.46 196.14 196.37 196.49 196.50 196.49 196.51 196.54 196.54 196.56 196.56 196.56 196.56 196.57 196.53 196.53 196.48 196.56 196.56 196.55 196.56 196.50 196.29 196.32 196.36 196.37 196.34 196.33 196.38 196.48 196.50 196.54 196.43 196.29 195.98 196.15 196.24 196.41 196.31 196.25 196.28 196.16 196.21 196.19 196.33 196.46 196.46 196.51 195.94 196.52 196.54 196.51 196.55 196.55 196.55 196.54 196.54 196.53 196.55 196.53 196.46 196.31 195.93 196.48 196.54 196.52 196.47 196.40 196.43 196.38 196.44 196.21 196.17 196.43 196.55 196.55 196.54 196.56 196.55 196.54 196.54 196.55 196.52 196.43 196.31 196.31 196.40 196.43 196.41 196.23 196.41 196.05 195.47 195.75 195.76 195.93 196.06 196.06 195.80 195.89 196.22 196.44 196.48 196.36 196.48 196.54 196.54 196.56 196.43 195.29 196.54 196.31 196.46 195.70 196.31 196.40 196.45 196.55 196.56 196.57 196.53 196.44 196.32 196.27 195.92 195.73 196.35 196.46 196.54 196.48 196.43 196.36 196.31 196.26 196.37 196.35
-67°N ||     196.21 196.22 196.07 196.46 196.49 196.52 196.53 196.18 196.49 196.43 196.40 196.39 196.49 196.47 196.55 196.47 196.33 196.06 195.99 195.79 195.78 195.55 195.83 195.86 196.11 196.10 196.01 195.94 196.08 195.75 195.76 195.70 195.97 196.36 196.11 196.26 196.28 196.11 196.46 196.46 196.49 196.49 196.47 196.48 196.48 196.50 196.48 196.52 196.52 196.50 196.51 196.54 196.55 196.55 196.52 196.56 196.56 196.56 196.57 196.55 196.40 196.52 196.56 196.57 196.51 196.36 194.72 194.72 195.96 196.39 196.44 196.46 196.49 196.54 196.56 196.48 196.34 196.03 196.07 195.89 196.10 196.12 196.24 196.30 196.45 196.42 196.47 196.48 196.46 196.47 196.49 196.54 196.52 196.55 196.54 196.56 196.54 196.53 196.48 196.48 196.43 196.16 196.03 196.05 195.82 196.17 196.53 196.23 196.29 196.48 196.56 196.50 196.52 196.39 196.45 196.42 196.54 196.50 196.55 196.54 196.54 196.55 196.53 196.53 196.53 196.46 196.44 196.36 196.33 196.55 196.37 196.04 196.34 196.41 196.05 195.95 195.87 195.58 195.94 195.39 195.60 195.88 195.89 196.32 196.29 196.25 195.93 196.14 196.38 196.51 196.56 196.29 196.54 196.56 196.56 196.55 196.55 196.30 196.52 196.52 196.55 196.56 196.55 196.49 196.55 196.54 196.55 196.54 196.51 196.36 196.55 196.50 196.48 196.40 196.15 196.34 196.10 196.11 196.14 196.40
-65°N ||     196.34 196.11 195.89 196.19 196.21 196.54 196.35 196.19 196.47 196.46 196.47 196.39 196.38 196.37 196.44 196.53 196.56 196.55 196.56 196.49 196.26 196.18 196.22 196.09 196.29 196.27 196.05 196.16 196.24 196.08 195.92 196.13 195.98 196.15 196.27 196.34 196.35 196.39 196.39 196.47 196.49 196.52 196.52 196.52 196.54 196.55 196.54 196.54 196.54 196.54 196.51 196.48 196.45 196.48 196.54 196.56 196.56 196.56 196.54 196.14 195.92 196.56 196.53 196.34 196.53 196.40 195.84 195.73 196.47 196.47 196.51 196.51 196.53 196.56 196.56 196.55 196.45 196.39 196.19 195.98 196.01 196.21 196.47 196.38 196.46 196.48 196.48 196.45 196.35 196.50 196.50 196.52 196.51 196.55 196.46 196.53 196.54 196.56 196.50 196.52 196.46 196.47 196.42 196.37 196.16 196.33 196.26 196.36 196.39 196.35 196.35 196.28 196.35 196.40 196.55 196.27 196.30 196.50 196.55 196.56 196.56 196.52 196.45 196.47 196.37 196.41 196.43 196.39 196.38 196.26 196.51 196.48 196.47 196.42 195.84 196.16 196.11 196.16 196.28 195.73 195.70 195.71 196.05 196.07 196.10 195.79 195.65 196.36 196.17 196.10 196.37 196.49 196.41 196.57 196.56 195.84 196.25 196.36 196.56 196.48 196.15 196.26 196.49 196.45 196.46 196.56 196.55 196.56 196.56 196.53 196.42 196.40 196.30 195.91 196.45 196.53 196.40 196.31 196.07 195.99
-63°N ||     196.35 196.34 196.32 196.17 195.99 196.26 196.53 196.45 196.50 196.56 196.50 196.55 195.98 196.47 196.45 196.50 196.49 196.47 196.51 196.51 196.34 196.32 196.16 196.24 196.18 196.27 196.27 196.16 196.12 196.17 196.13 196.22 196.36 196.37 196.35 196.21 196.09 196.28 196.46 196.35 196.50 196.41 196.30 196.49 196.50 196.42 196.40 196.52 196.50 196.45 196.39 196.35 196.08 196.09 196.25 196.28 196.41 196.55 196.57 196.56 196.56 196.57 196.56 196.46 196.12 196.34 196.54 196.20 196.50 196.51 196.53 196.53 196.52 196.51 196.50 196.50 196.41 196.47 196.51 196.53 196.49 196.37 196.40 196.41 196.44 196.44 196.51 196.51 196.51 196.50 196.50 196.50 196.54 196.52 196.53 196.47 196.52 196.54 196.47 196.56 196.56 196.48 196.51 196.56 196.53 196.40 196.35 196.22 196.23 196.09 196.33 196.42 196.54 196.46 196.08 195.98 195.92 196.27 196.45 196.50 196.52 196.53 196.50 196.47 196.30 196.20 196.32 196.35 196.32 196.27 196.44 196.55 196.52 196.56 196.48 196.26 196.08 196.20 196.10 195.43 196.55 195.93 196.30 196.23 196.23 196.02 195.89 195.73 195.50 195.81 196.12 196.28 196.28 196.33 196.48 196.56 196.51 196.49 196.52 196.51 196.36 196.38 196.49 196.48 196.35 195.85 195.81 196.09 196.40 196.50 196.53 196.55 196.50 196.57 196.56 196.17 196.43 196.47 196.44 196.09
-61°N ||     196.56 195.99 195.94 196.35 196.50 196.55 196.55 196.26 196.31 196.39 196.18 196.34 196.42 196.32 195.14 196.38 196.54 196.52 196.20 196.56 196.55 196.55 196.50 196.28 196.13 196.05 196.00 196.47 196.12 196.24 196.48 196.56 196.56 196.53 196.40 196.30 196.25 196.36 196.31 196.29 196.48 196.11 196.37 196.39 196.38 195.69 196.55 196.57 196.56 196.54 196.54 196.54 196.54 196.53 196.34 196.49 196.49 196.56 196.50 196.51 196.49 196.56 196.47 196.48 196.32 195.63 196.16 196.53 196.08 196.00 196.31 196.51 196.39 196.24 196.11 196.31 196.55 196.56 196.55 196.47 195.97 195.99 196.42 196.49 196.44 196.41 196.36 196.43 196.53 196.52 196.54 196.52 196.53 196.56 196.54 196.55 196.55 196.51 196.54 196.56 196.53 196.55 196.54 196.53 196.29 196.53 196.50 196.51 196.52 196.54 196.56 196.57 196.56 196.52 196.34 196.17 196.55 196.55 196.56 196.55 195.09 196.07 196.56 196.53 196.43 196.35 196.13 195.98 196.36 195.85 195.24 195.87 195.86 196.21 196.38 196.51 196.20 196.32 196.32 196.41 196.07 195.99 195.92 196.00 196.04 195.97 195.96 195.76 195.90 195.87 196.09 196.07 196.12 196.18 196.21 196.55 195.87 196.23 196.25 196.40 196.52 196.56 196.54 196.46 196.41 196.22 195.94 196.05 196.20 195.42 196.05 196.48 196.52 196.43 195.74 195.97 196.18 196.56 196.55 196.52
-59°N ||     196.51 196.49 196.34 196.39 196.55 196.51 195.70 196.23 196.36 196.16 196.41 196.23 196.37 195.79 196.44 196.01 196.50 196.54 196.45 196.45 196.57 196.57 196.53 196.48 195.99 196.26 196.39 196.40 196.47 196.26 196.36 196.56 196.55 196.54 196.37 196.56 196.38 196.07 195.96 196.06 196.26 196.53 196.57 196.56 196.56 196.46 196.56 196.53 196.44 196.46 196.45 196.45 196.42 196.39 196.51 196.57 196.55 196.56 196.52 196.47 196.55 196.51 194.85 195.88 195.86 195.27 195.39 196.35 196.03 196.22 196.42 195.78 194.91 196.43 195.97 196.39 196.36 196.47 196.45 196.47 196.17 196.24 196.43 196.32 196.35 196.53 196.48 196.44 196.57 196.00 196.50 196.56 196.56 196.55 196.20 196.51 196.48 196.50 196.24 196.46 196.43 196.56 196.53 196.54 196.55 196.56 196.56 196.54 196.53 196.56 196.55 196.48 196.44 196.44 196.53 196.56 196.54 196.57 196.51 196.31 196.33 196.36 196.56 196.42 195.87 195.58 195.33 195.58 195.25 194.52 195.45 195.54 196.08 196.35 196.06 196.43 196.36 195.91 195.45 195.71 196.34 196.37 195.50 195.53 196.26 195.79 195.84 195.32 195.86 196.15 195.77 195.82 196.21 196.51 196.56 196.51 196.41 196.46 196.37 196.38 196.40 196.46 196.52 196.56 196.50 196.34 196.12 196.08 196.21 196.07 196.50 195.57 196.15 196.32 196.11 196.48 196.51 196.50 196.55 196.56
-57°N ||     196.56 196.55 196.40 196.15 196.55 196.00 196.31 196.24 195.94 196.00 196.08 196.29 196.05 196.14 195.84 195.91 196.37 196.49 196.39 196.32 196.38 196.35 196.38 196.37 195.87 196.32 196.46 196.44 196.38 195.90 195.47 196.56 196.56 196.57 196.57 196.27 196.22 196.33 196.22 196.23 196.12 196.43 196.52 196.55 196.56 196.51 196.28 196.22 196.55 196.41 196.39 196.33 196.42 196.45 196.52 196.27 196.33 196.34 196.17 196.06 196.35 194.89 196.09 195.95 194.57 194.35 194.61 194.59 190.26 195.00 193.32 195.26 196.29 196.43 196.38 196.00 195.29 196.07 196.21 194.93 194.82 196.48 196.47 196.50 196.51 196.49 196.50 196.42 196.39 196.50 196.54 196.56 196.47 196.32 196.35 196.32 196.34 196.39 196.54 196.39 196.24 196.33 196.32 196.36 196.34 196.56 196.55 196.56 196.53 196.47 196.39 196.26 196.07 195.79 196.15 196.41 196.33 196.29 196.12 196.43 196.44 196.31 195.56 194.37 193.20 193.28 193.12 193.18 193.14 191.70 194.51 195.00 195.54 194.74 195.32 195.49 195.56 196.44 195.69 196.36 196.29 195.49 195.93 196.11 196.44 196.31 196.08 195.89 195.83 196.11 196.41 196.49 196.53 196.44 196.30 196.51 196.51 196.49 196.03 196.20 196.47 196.43 196.47 196.56 196.48 196.33 196.17 196.15 196.22 196.17 195.93 195.82 196.20 196.25 196.50 196.20 196.20 196.27 196.44 196.49
-55°N ||     196.54 196.53 196.46 196.29 196.54 196.53 196.51 196.33 196.18 196.49 196.48 196.43 196.34 196.39 196.18 196.33 196.43 196.53 196.53 196.51 196.26 195.73 195.74 196.34 195.67 196.34 196.51 196.52 196.46 196.33 196.23 196.57 196.57 196.56 196.32 196.51 196.42 196.19 196.00 195.92 196.01 195.90 195.84 196.00 196.48 196.28 196.18 196.38 196.56 196.51 196.37 196.35 196.31 196.55 196.08 195.92 196.17 195.83 195.97 195.82 196.14 194.43 193.59 194.88 195.72 190.21 189.63 189.63 189.68 189.63 189.61 192.25 194.53 195.88 194.61 195.10 196.41 195.81 196.14 196.23 196.46 196.53 196.56 196.56 196.54 196.50 196.49 196.41 196.44 196.31 196.46 196.53 196.56 196.49 196.52 196.21 195.63 196.54 196.53 196.53 196.55 196.53 196.25 196.26 196.22 196.36 196.56 196.54 196.44 196.27 196.06 195.84 195.32 194.71 194.75 193.97 193.36 192.66 192.35 190.95 190.24 189.82 189.65 189.64 189.71 189.63 189.90 189.92 189.63 191.09 192.62 193.25 194.02 195.18 194.52 194.86 196.09 196.32 196.39 196.49 196.47 196.43 196.53 196.54 195.70 196.16 196.27 196.19 196.43 196.50 196.54 196.54 194.52 196.33 196.42 196.55 196.53 195.98 196.07 196.39 196.51 196.54 196.52 196.50 196.37 196.28 196.38 196.49 196.56 196.50 196.49 196.13 196.39 196.29 196.21 196.26 196.35 196.46 196.55 196.55
-53°N ||     196.50 196.56 196.55 195.89 195.72 196.29 196.57 196.55 196.55 196.56 196.47 196.46 196.30 196.52 196.51 196.50 196.39 196.46 196.52 196.55 196.51 196.13 195.86 196.55 196.37 196.49 195.90 196.47 196.54 196.45 196.51 196.54 196.55 195.85 196.56 196.56 196.50 196.14 195.92 195.93 195.84 195.94 196.23 196.33 196.49 196.53 196.56 196.54 195.72 194.22 196.39 196.44 196.54 196.47 196.40 196.43 196.47 196.26 196.22 196.52 195.72 193.89 193.40 192.63 189.74 189.60 189.62 189.61 189.60 189.59 189.60 189.67 191.19 193.60 196.26 196.38 196.17 195.33 196.51 196.36 196.13 196.34 196.45 196.48 196.56 195.71 196.12 196.48 196.55 196.52 196.48 196.45 196.39 196.56 196.34 196.26 196.46 196.51 196.54 196.50 196.55 196.56 196.39 195.86 196.57 196.42 196.56 196.53 196.49 196.45 195.84 195.38 194.33 193.20 192.56 191.18 189.96 189.64 189.84 190.50 191.07 191.36 191.41 191.43 191.45 191.27 191.15 191.21 191.26 191.19 190.28 190.81 190.54 189.71 194.68 193.52 193.31 194.77 196.39 196.47 196.52 196.51 196.53 196.39 196.42 196.30 196.33 196.37 196.41 196.24 196.47 196.49 196.43 196.22 194.66 196.51 196.55 195.81 196.21 196.38 196.48 196.46 196.49 196.56 196.45 196.48 196.29 196.51 196.15 196.47 196.56 196.27 195.81 195.82 196.27 196.54 196.56 196.56 196.52 196.49
-51°N ||     196.53 196.56 196.49 196.55 196.37 196.35 196.26 196.28 196.30 196.54 196.44 196.48 196.49 196.56 196.52 196.49 196.50 196.15 196.47 196.51 196.42 196.21 195.87 195.70 195.39 196.41 196.16 196.41 196.54 196.53 196.44 196.55 196.44 196.05 196.51 196.29 196.40 196.32 196.13 195.55 195.54 195.35 195.70 196.45 196.52 196.56 196.56 196.41 195.43 194.74 196.32 196.42 196.11 195.86 196.17 195.97 195.69 195.83 196.49 196.23 195.86 195.87 193.01 189.67 189.61 189.66 189.66 189.62 189.60 189.61 189.60 189.77 191.29 190.93 189.99 189.62 196.19 196.03 196.47 196.44 196.26 196.36 196.55 196.55 196.49 196.03 196.28 196.46 196.55 196.55 196.54 196.55 196.56 196.56 196.53 196.33 196.45 196.50 196.53 196.36 196.45 196.49 196.28 196.52 196.47 196.44 196.51 196.44 196.22 196.21 194.66 194.20 193.90 191.75 190.33 189.62 189.85 190.57 191.24 191.40 191.18 190.50 190.06 187.99 189.13 189.11 189.82 189.76 190.13 190.61 189.53 190.86 190.04 189.93 191.14 192.51 195.14 196.43 195.49 196.31 196.39 196.35 195.73 195.89 195.93 196.12 196.41 196.55 196.55 196.50 196.46 196.44 196.51 196.53 196.41 196.51 196.40 196.25 196.44 196.51 196.53 196.39 196.50 196.52 196.53 196.54 196.38 196.47 196.51 196.52 196.52 196.34 196.45 196.24 196.31 196.47 196.46 196.56 196.57 196.54
-49°N ||     196.34 196.48 196.41 196.55 196.11 195.70 195.32 196.43 196.53 196.17 196.41 196.29 196.21 196.15 196.38 196.27 196.20 196.26 195.66 195.88 196.15 196.35 195.79 195.62 196.20 196.02 196.29 196.54 196.53 196.53 196.44 196.54 196.42 195.47 195.51 195.57 195.94 195.94 196.01 195.59 195.42 195.48 195.62 196.30 196.48 196.54 196.54 196.54 196.51 196.46 196.39 196.20 195.82 195.63 195.87 196.19 196.48 196.47 196.40 196.26 195.02 194.13 193.41 191.93 189.67 189.67 189.60 189.60 189.61 189.60 189.60 189.71 190.47 195.72 193.36 196.20 195.77 195.54 196.51 196.33 196.19 196.35 196.54 196.54 196.37 196.36 196.45 195.41 195.99 196.55 196.28 196.52 196.40 196.23 196.56 196.19 196.16 196.38 196.39 196.35 196.38 196.37 196.49 196.56 196.51 196.51 196.46 196.36 196.23 195.30 196.31 194.84 192.14 189.89 189.84 190.56 191.17 191.43 191.08 190.29 187.96 185.14 187.81 187.84 190.86 189.59 189.19 188.60 189.22 189.35 189.18 188.83 189.80 190.79 190.69 189.95 193.05 195.05 194.78 196.10 195.46 196.28 196.30 196.55 196.56 196.05 196.51 196.39 196.56 196.53 196.38 196.56 196.56 196.56 196.52 196.42 196.56 196.55 196.40 196.35 195.37 196.04 196.52 196.32 196.31 196.52 196.45 195.84 196.41 196.19 196.32 196.53 196.54 196.50 196.26 195.93 196.10 196.26 196.47 196.52
-47°N ||     196.18 196.44 196.39 196.35 196.44 196.18 196.46 196.36 196.56 196.45 196.32 196.37 195.64 196.54 195.84 196.03 195.31 195.53 196.12 195.98 196.34 195.91 196.20 196.40 196.38 196.30 196.21 196.45 196.52 196.51 196.52 196.52 196.52 196.13 196.00 196.11 196.31 196.34 196.35 196.16 195.80 195.70 196.00 196.08 195.95 196.39 196.40 196.44 196.33 196.35 196.13 196.01 195.70 195.69 195.57 195.86 196.14 196.02 196.41 196.50 196.00 196.00 196.38 193.73 194.15 189.63 189.64 189.62 189.60 189.63 189.61 189.62 189.93 194.62 194.15 194.38 196.46 196.47 196.55 196.44 196.49 196.56 196.56 196.56 196.47 196.51 196.40 196.51 196.56 196.56 196.57 196.56 196.22 196.56 196.55 196.19 196.40 196.32 196.37 196.52 196.32 196.16 196.32 196.47 196.36 196.33 196.55 196.45 195.80 196.05 196.27 195.52 193.16 191.46 191.02 190.95 189.95 186.44 182.87 188.34 189.93 188.83 187.05 187.55 189.46 190.34 190.87 189.84 189.17 189.58 189.51 190.09 190.04 190.25 191.18 191.23 190.22 190.69 193.63 194.71 195.04 195.32 196.07 196.47 196.30 196.36 196.43 196.49 196.52 196.53 196.53 196.46 196.32 196.54 196.36 196.52 196.49 196.22 195.92 196.41 196.50 196.40 196.39 196.30 196.45 196.45 196.52 196.43 196.21 196.34 196.36 196.37 196.43 196.35 196.27 196.44 196.41 196.32 196.49 196.45
-45°N ||     196.51 196.54 196.47 196.50 196.54 196.56 196.57 196.56 196.53 196.38 196.20 196.53 196.26 196.15 196.21 196.21 196.44 196.16 196.40 196.46 196.34 196.44 196.15 196.30 196.47 196.44 196.51 196.46 196.46 196.44 196.37 196.43 196.39 196.28 196.30 196.29 196.31 196.33 196.39 196.40 196.20 196.13 196.25 196.18 196.10 196.30 196.30 196.17 196.04 195.88 195.81 195.80 195.73 195.28 195.08 196.06 196.33 196.39 196.52 196.56 196.36 196.46 195.89 195.55 194.27 190.73 189.69 190.41 190.24 189.75 189.66 189.59 191.75 193.34 194.62 193.72 196.51 196.53 196.48 194.97 196.52 196.56 196.53 196.52 196.49 196.46 196.46 196.54 196.56 196.56 196.55 196.56 196.36 196.56 196.52 196.49 196.42 196.43 196.40 196.52 195.83 196.32 196.44 196.45 196.54 196.45 196.55 196.44 196.23 196.18 196.01 196.15 193.02 190.65 190.78 189.38 184.15 183.01 187.34 185.19 186.42 184.71 185.44 185.56 186.76 184.69 183.03 188.65 189.89 187.64 189.56 189.87 189.88 190.24 191.24 191.34 190.77 189.73 192.53 193.86 195.07 194.43 195.43 196.24 196.30 196.39 196.45 196.56 196.37 196.51 196.52 196.40 196.32 196.49 196.49 196.38 196.23 196.30 195.85 195.17 196.03 196.07 196.43 196.41 196.24 196.42 196.51 196.28 196.55 196.52 196.44 196.50 196.44 196.46 196.05 195.92 195.97 196.39 196.47 196.44
-43°N ||     196.49 196.41 196.43 196.45 196.49 196.56 196.56 196.57 196.49 196.40 196.25 196.23 196.18 196.03 196.28 196.30 196.49 196.49 196.47 196.46 196.17 196.32 196.43 196.44 196.28 196.43 196.51 196.51 196.13 196.34 196.25 196.42 196.44 196.00 196.26 196.26 196.28 196.35 196.45 196.49 196.13 195.99 195.11 195.16 195.86 196.19 196.08 195.91 195.94 195.71 195.60 195.60 195.49 195.55 195.57 196.15 196.20 196.11 196.35 196.51 196.50 196.52 196.38 196.46 194.52 194.87 192.33 191.51 190.84 190.31 191.03 191.22 194.37 193.28 194.10 196.47 196.51 196.39 196.46 196.35 196.52 193.19 196.47 196.54 196.54 196.54 196.50 196.54 196.56 196.55 196.52 196.49 196.53 196.56 196.55 196.49 196.31 196.48 196.45 196.41 196.38 196.44 196.36 196.09 196.13 196.25 196.55 195.30 196.51 196.10 196.21 195.68 191.73 191.02 190.13 186.48 186.57 188.21 186.80 184.00 185.58 185.78 187.44 184.97 185.56 188.83 188.36 188.69 187.53 188.95 189.44 189.67 190.31 190.90 191.37 191.33 190.78 189.66 192.03 192.53 193.80 193.42 195.03 195.29 195.81 195.96 196.43 196.53 196.45 195.67 196.42 196.51 196.49 196.54 196.53 196.38 196.21 196.20 196.25 196.27 196.10 196.17 196.53 196.25 195.98 195.83 196.33 196.44 196.56 196.53 196.54 196.47 196.08 196.53 196.54 196.32 196.38 196.51 196.56 196.56
-41°N ||     196.35 196.46 196.43 195.97 196.27 196.55 196.56 196.51 196.38 195.47 193.49 194.40 196.23 196.33 196.47 196.34 196.15 196.32 196.07 196.35 196.14 196.45 196.43 196.43 196.33 195.73 196.16 196.27 196.42 196.13 196.02 196.24 196.13 196.14 195.98 196.20 196.26 196.37 196.39 194.69 194.40 194.23 192.42 192.17 192.24 194.55 194.53 194.54 195.27 195.59 195.32 195.60 195.40 195.53 195.49 195.53 195.60 196.00 196.37 196.43 196.22 195.77 196.52 195.94 196.19 194.91 195.26 194.08 192.30 191.94 192.29 194.32 193.32 195.70 195.66 195.72 196.09 192.58 196.18 196.38 196.45 196.52 196.53 196.56 196.53 196.52 196.23 196.46 196.54 196.56 196.54 196.45 196.52 196.53 196.51 196.39 196.27 196.47 196.52 196.48 196.31 196.30 196.06 195.86 196.54 196.35 196.55 196.28 196.36 196.41 196.02 195.58 191.95 191.04 190.61 186.62 186.08 189.80 185.59 185.34 185.18 186.47 184.41 183.20 186.52 188.99 187.60 187.30 188.47 187.59 188.75 189.85 191.11 191.46 191.33 191.12 190.36 189.65 190.05 192.30 191.09 195.38 195.84 195.62 196.07 196.55 196.41 196.35 196.30 196.35 196.43 196.22 196.31 196.52 196.47 196.45 196.32 196.37 196.50 196.39 196.30 196.31 196.54 196.48 196.38 196.46 196.36 196.42 196.41 196.53 196.53 196.31 196.24 196.56 196.52 196.23 196.56 196.54 196.45 196.53
-39°N ||     196.34 196.39 196.48 196.50 196.16 196.27 196.51 196.53 196.37 196.43 195.30 195.20 196.45 196.30 196.56 196.49 196.55 196.34 196.45 196.53 196.54 196.26 196.53 196.56 196.49 196.51 196.39 196.29 196.37 196.31 196.24 194.63 195.67 196.01 196.02 196.16 196.25 196.24 195.67 195.61 195.10 193.85 193.51 193.59 193.96 194.07 193.97 194.21 193.61 194.69 195.36 195.37 195.38 195.45 195.57 195.59 195.77 196.01 196.07 196.38 196.37 196.43 196.16 196.28 196.29 195.90 196.08 193.06 193.77 193.64 193.77 193.84 195.33 195.91 195.55 195.78 195.98 196.30 196.44 196.40 196.46 196.27 196.17 196.55 196.57 196.53 196.56 196.22 196.56 196.52 196.52 196.51 196.54 196.52 196.25 196.49 196.49 196.45 196.45 196.35 196.36 196.32 196.24 196.33 196.27 196.23 196.46 196.52 196.37 196.33 196.27 194.65 191.49 189.97 191.27 186.27 183.95 184.82 188.06 186.09 183.86 184.99 183.89 183.44 185.84 187.65 185.62 187.27 186.53 188.55 189.60 190.88 191.46 191.36 190.95 190.58 190.28 189.95 190.31 193.86 194.59 195.33 196.23 196.13 196.32 196.16 194.81 196.25 196.46 196.40 196.35 196.14 196.46 196.54 196.53 196.54 196.53 196.43 196.49 196.56 196.47 196.41 196.41 196.45 196.56 196.55 196.25 196.41 196.45 196.41 196.54 196.56 196.48 196.52 196.52 196.57 196.56 196.48 196.37 196.21
-37°N ||     196.20 196.31 196.39 196.50 195.05 195.78 196.41 196.48 196.25 195.78 195.55 196.17 196.17 196.56 196.50 196.52 196.52 196.52 196.55 196.57 196.56 196.56 196.45 196.55 196.45 196.25 196.33 196.04 195.97 196.30 196.24 195.61 195.75 195.22 195.85 195.07 195.62 193.84 193.98 195.60 193.83 193.04 194.34 194.36 194.26 194.22 194.41 195.08 194.49 194.45 194.22 194.80 195.34 195.71 195.69 195.81 195.72 196.15 196.22 196.06 196.05 196.49 196.47 196.56 196.21 195.61 195.72 195.58 196.40 194.68 195.93 195.69 195.65 195.11 195.52 196.04 196.20 196.24 196.15 196.43 196.55 196.57 196.52 195.24 196.56 196.55 196.51 196.53 196.19 196.56 196.54 196.50 196.52 196.56 196.49 196.55 196.46 196.43 196.47 196.42 196.33 196.32 196.24 196.34 196.43 196.38 195.82 196.56 196.40 196.06 195.79 195.56 194.30 190.87 190.80 188.37 184.26 181.03 176.70 186.29 185.65 185.32 188.01 184.11 187.22 186.77 187.93 187.31 187.57 188.10 188.73 191.21 191.27 191.01 190.45 190.11 189.64 190.08 191.99 193.80 195.57 195.84 196.43 196.48 196.54 196.45 196.24 196.22 196.27 196.35 196.20 196.39 196.46 196.50 196.54 196.54 196.34 196.54 196.48 196.38 196.52 196.39 196.27 196.25 196.55 196.48 196.17 196.55 196.54 196.49 196.40 196.42 196.44 196.45 196.54 196.49 196.18 195.96 196.16 195.39
-35°N ||     196.14 195.13 196.30 196.46 196.44 196.54 196.24 196.53 196.29 195.83 195.72 196.30 196.54 196.56 196.53 196.54 196.52 196.02 196.56 196.57 196.56 196.49 196.40 196.45 196.19 196.34 196.24 196.16 195.79 195.91 195.68 195.59 195.67 195.45 195.57 195.72 195.14 193.80 193.91 193.87 193.33 194.35 195.01 194.90 194.61 194.86 194.68 194.74 194.99 195.02 194.82 193.99 194.72 195.65 195.90 196.04 196.03 196.04 196.04 196.10 196.21 196.31 196.28 196.52 196.54 196.45 196.54 196.49 196.49 195.62 195.63 194.65 196.14 196.43 196.36 196.16 196.14 196.17 195.57 196.29 196.54 196.56 196.55 196.56 196.56 196.52 196.41 196.53 196.56 196.52 196.56 196.53 196.55 196.51 196.54 196.53 196.57 196.21 196.48 196.42 196.42 196.13 196.22 196.36 196.49 196.49 196.46 196.56 195.96 196.43 196.43 195.78 195.35 194.82 189.75 190.82 187.03 184.03 180.06 178.85 186.01 186.16 178.11 179.70 187.89 187.17 187.57 188.15 187.70 188.44 190.84 190.84 190.14 190.09 189.81 189.59 189.75 190.14 190.43 190.78 194.38 196.13 196.38 196.49 196.55 196.53 196.47 196.41 196.29 196.18 196.37 196.47 196.48 196.39 196.52 196.55 196.54 196.46 196.56 196.54 196.55 196.44 196.38 196.46 196.56 196.56 196.55 196.56 196.52 196.45 196.09 196.29 196.49 196.52 196.45 196.35 195.52 195.89 196.38 196.54
-33°N ||     196.13 195.96 196.49 196.49 196.54 196.18 196.42 195.83 195.87 196.25 196.23 196.35 196.56 196.56 196.28 196.57 196.52 196.49 196.56 196.56 196.27 196.52 196.51 196.50 196.38 196.23 196.25 196.13 195.98 195.79 195.67 194.99 195.35 195.16 194.87 195.06 194.46 193.53 193.38 192.71 192.96 194.41 195.20 194.82 195.49 194.91 195.70 195.75 195.53 195.55 195.00 194.10 193.28 194.86 195.63 196.05 196.01 196.06 196.07 196.05 196.29 196.48 196.23 196.54 196.51 196.50 196.51 196.52 196.54 196.56 196.52 195.60 195.57 196.41 195.65 196.45 195.74 196.25 196.31 196.19 196.43 196.49 196.21 196.55 196.56 196.56 196.55 196.53 196.52 196.52 196.54 196.46 196.55 196.57 196.55 196.56 196.53 196.57 196.52 196.30 196.40 196.31 196.16 196.28 196.43 196.48 196.45 196.45 196.55 196.43 196.49 196.52 196.56 196.26 195.47 190.43 191.11 188.94 186.14 182.46 182.47 178.35 186.66 188.30 187.14 187.12 188.44 188.57 190.59 191.37 191.05 189.97 189.72 189.87 189.88 189.92 190.02 189.97 191.38 191.92 193.96 196.08 196.45 196.53 196.56 196.56 196.54 196.55 196.53 196.46 196.49 196.54 196.56 196.49 196.25 196.19 196.24 196.25 196.48 196.40 196.53 196.56 196.46 196.55 196.51 196.49 196.54 196.55 196.44 196.56 196.38 196.03 196.53 196.48 196.48 196.36 196.20 196.38 196.55 196.41
-31°N ||     196.24 196.52 196.54 196.54 196.28 196.34 196.01 196.30 196.38 196.30 196.39 196.41 196.53 196.53 196.51 196.52 196.52 196.41 196.51 196.57 196.48 196.50 196.48 196.45 196.37 196.34 196.23 196.11 195.89 195.66 195.44 195.32 195.27 194.76 194.63 195.15 194.39 193.36 193.51 192.72 193.68 194.47 194.82 195.34 195.54 195.73 195.74 195.90 195.89 195.96 195.16 194.10 194.46 194.55 194.68 194.62 195.77 196.10 196.15 196.33 196.48 196.57 196.54 196.53 196.46 196.50 196.45 196.38 196.44 196.48 196.42 194.87 196.44 196.53 196.12 196.49 196.44 196.34 196.14 196.14 195.75 195.87 196.33 196.42 196.43 196.56 196.51 196.45 196.53 196.54 196.54 196.56 196.50 196.56 196.56 196.55 196.56 196.55 196.54 196.41 196.40 196.55 196.47 196.40 196.50 196.54 196.54 196.49 196.47 196.37 196.16 196.48 196.26 196.33 194.48 194.51 190.57 189.78 190.18 190.56 187.75 184.56 189.19 187.97 188.75 188.20 189.55 190.85 190.31 189.71 189.93 189.70 190.32 190.42 190.75 192.59 192.84 191.43 191.75 193.37 193.87 196.36 196.42 196.55 196.29 196.55 196.57 196.56 196.56 196.56 196.56 196.56 196.52 196.52 196.39 196.35 196.51 196.23 196.12 195.99 196.55 196.55 196.12 196.56 196.55 196.45 196.38 196.48 196.49 196.46 196.56 196.43 196.56 196.53 196.53 196.44 196.53 196.46 196.48 196.48
-29°N ||     196.26 196.56 195.95 196.53 196.28 196.17 196.39 196.14 196.43 196.34 196.33 196.39 196.56 196.51 196.51 196.53 196.54 196.20 196.57 196.57 196.48 196.48 196.47 196.43 196.39 196.31 196.22 196.03 195.80 195.59 195.39 195.13 194.96 194.93 194.91 194.20 194.26 193.80 192.46 191.59 193.62 194.64 195.02 195.29 195.57 195.81 195.94 196.02 196.08 196.07 196.02 195.89 195.32 195.32 195.22 194.54 194.80 195.25 196.13 196.30 196.51 196.52 196.47 196.50 195.18 196.47 196.52 196.49 196.37 196.40 196.14 195.57 196.23 196.50 196.38 196.05 196.33 196.35 195.74 196.01 196.09 196.08 196.37 196.24 196.56 196.54 196.53 196.51 196.48 196.51 196.35 196.56 196.57 196.55 196.57 196.56 196.56 196.45 196.55 196.46 196.57 196.57 196.54 196.48 196.57 196.56 196.54 196.55 196.49 196.47 196.53 196.25 195.97 195.82 196.52 196.12 193.45 193.69 190.83 190.74 189.89 189.73 190.70 190.63 190.79 190.97 190.35 190.69 189.72 191.05 192.49 193.86 192.17 191.38 192.35 194.07 193.40 193.49 193.94 195.63 195.77 196.27 196.49 196.54 196.55 196.57 196.56 196.57 196.57 196.57 196.57 196.54 196.54 196.37 196.48 196.27 195.95 196.12 196.38 195.94 196.49 196.56 196.54 196.52 196.53 196.39 196.54 196.46 196.56 196.57 196.55 196.57 196.55 196.57 196.35 196.49 196.56 196.53 196.48 196.35
-27°N ||     196.51 196.55 196.47 196.40 196.32 196.28 196.52 196.08 196.36 196.50 196.47 196.46 196.53 196.56 196.51 196.55 196.49 196.43 196.57 196.45 196.46 196.47 196.42 196.41 196.32 196.26 196.18 196.09 195.78 195.54 195.27 195.01 194.64 194.69 194.55 194.72 194.92 193.62 193.36 191.83 193.87 194.69 195.02 195.37 195.66 195.88 196.03 196.12 196.17 196.24 196.22 196.25 196.08 195.61 195.60 195.67 195.88 195.86 195.77 195.76 195.56 196.52 196.45 196.44 196.47 196.45 196.40 196.02 196.43 196.49 196.47 195.14 194.76 194.51 195.91 196.42 196.10 196.08 195.70 195.71 195.78 195.83 196.05 196.36 196.45 196.48 196.53 196.52 196.56 196.54 196.53 196.57 196.57 196.48 196.54 196.56 196.55 196.50 196.50 196.51 196.56 196.42 196.52 196.42 196.54 196.55 196.33 196.54 196.41 196.47 196.45 196.52 196.34 196.39 196.49 196.41 196.15 193.82 194.09 193.08 192.21 191.99 190.70 190.28 190.02 189.64 190.21 190.01 189.68 191.34 193.80 192.32 192.38 193.04 194.93 194.28 196.42 194.00 194.16 196.45 196.41 196.55 196.56 196.57 196.56 196.57 196.57 196.57 196.56 196.55 196.54 196.46 196.21 196.15 196.07 196.25 196.47 196.01 196.07 196.45 196.26 196.44 196.56 196.57 196.44 196.47 196.53 196.47 196.54 196.47 196.52 196.56 196.51 196.40 196.46 196.55 196.56 196.54 196.44 196.43
-25°N ||     196.35 196.52 196.56 196.55 196.48 196.53 196.55 196.54 196.51 196.56 196.51 196.41 196.42 196.52 196.46 196.55 196.52 196.55 196.44 196.56 196.41 196.43 196.41 196.35 196.28 196.16 196.06 195.96 195.68 195.33 195.05 194.80 194.57 194.42 194.37 193.74 194.13 194.48 193.36 193.70 194.14 194.64 195.09 195.40 195.58 195.80 195.92 196.08 196.17 196.17 196.26 196.28 196.09 195.79 195.05 195.65 195.88 195.99 195.98 195.86 195.23 196.17 196.55 196.53 196.49 196.48 196.48 196.55 196.57 196.55 196.53 196.52 195.74 194.03 193.25 195.73 195.45 195.29 194.43 195.53 195.52 195.68 194.58 196.00 195.24 196.45 196.40 196.38 196.41 196.53 196.54 196.56 196.45 196.48 196.56 196.54 196.56 196.47 196.34 196.56 196.53 196.55 196.56 196.55 196.54 196.44 196.42 196.32 196.24 196.44 196.49 196.55 196.54 196.54 196.11 195.32 196.09 194.97 194.15 193.36 192.59 193.21 193.60 190.96 192.77 189.99 190.58 193.39 193.97 194.86 193.97 195.15 195.21 194.38 195.15 196.29 196.46 196.22 196.46 196.54 196.56 196.55 196.52 196.53 196.55 196.52 196.38 196.56 196.54 196.50 196.48 196.38 196.18 195.90 196.02 196.20 196.31 196.17 195.80 196.12 196.04 196.30 196.46 196.56 196.52 196.52 196.55 196.49 196.57 196.43 196.55 196.53 196.43 196.34 196.53 196.52 196.54 196.45 196.21 196.50
-23°N ||     196.27 196.50 196.53 196.55 196.53 196.52 196.56 196.49 196.36 196.42 196.43 196.46 196.22 196.19 196.45 196.37 196.32 196.33 196.53 196.49 196.49 196.39 196.39 196.33 196.24 196.07 195.91 195.67 195.37 195.07 194.78 194.45 194.26 194.16 194.23 194.18 193.40 193.77 193.31 193.59 194.09 194.63 194.95 195.18 195.40 195.59 195.78 195.94 196.11 196.20 196.29 196.31 196.29 196.06 195.48 195.62 195.85 195.86 195.82 195.53 194.92 196.28 196.57 196.56 196.54 196.56 196.54 196.54 196.54 196.55 196.56 196.42 196.30 195.26 194.61 194.01 195.73 195.35 195.52 195.15 195.17 195.45 195.41 194.47 195.69 196.28 196.13 195.97 196.18 196.48 196.51 196.56 196.47 196.28 196.43 196.56 196.56 195.73 196.16 196.44 196.52 196.45 196.34 196.29 196.41 196.56 196.29 196.27 196.10 196.42 196.51 196.56 196.56 196.50 196.50 196.54 196.45 196.23 195.58 195.35 193.76 194.54 193.62 192.74 192.67 190.97 192.93 194.49 194.88 195.29 195.99 195.80 195.45 195.28 196.48 196.50 196.30 196.38 196.47 196.57 196.54 196.48 196.33 196.39 196.51 196.53 196.55 196.56 196.49 196.46 196.42 196.38 196.47 196.41 196.43 196.15 196.39 196.14 195.90 196.14 195.86 196.39 196.48 196.55 196.53 196.56 196.56 196.47 196.56 196.26 196.47 196.01 196.49 196.52 196.56 196.57 196.56 196.36 195.97 196.51
-21°N ||     196.56 196.54 196.55 196.55 196.55 196.54 196.49 196.04 196.23 196.42 196.45 196.48 196.43 196.45 196.44 196.39 196.54 196.54 196.56 196.50 196.44 196.37 196.34 196.26 196.15 196.01 195.74 195.38 194.94 194.58 194.31 193.99 193.80 193.78 193.93 193.47 193.65 192.98 193.13 193.64 194.01 194.41 194.65 194.89 195.16 195.34 195.60 195.77 195.95 196.09 196.16 196.26 196.27 196.01 195.64 195.82 195.53 195.75 195.49 195.18 195.23 195.51 196.56 196.56 196.53 196.53 196.56 196.53 196.55 196.54 196.29 196.45 196.32 196.04 194.47 193.41 194.76 195.30 194.83 194.64 194.99 195.16 195.32 194.70 195.08 194.64 195.97 195.92 196.21 196.49 196.47 196.48 196.37 196.18 196.45 196.56 196.56 196.50 196.49 196.54 196.56 196.57 196.24 196.43 196.52 196.49 196.55 196.15 196.09 196.35 196.38 196.38 196.47 196.52 196.56 196.53 196.44 195.91 196.15 195.34 194.86 194.25 194.53 193.26 194.67 194.67 194.19 196.49 195.94 195.96 196.23 196.39 195.84 196.45 196.56 196.41 195.93 196.03 196.45 196.41 196.49 196.48 196.30 196.08 196.51 196.54 196.54 196.54 196.51 196.46 196.34 196.19 195.97 196.20 196.53 196.19 196.31 196.25 195.96 196.38 196.31 196.40 196.35 196.34 196.55 196.57 196.54 196.54 196.49 196.42 196.33 196.46 196.48 196.35 196.38 196.55 196.47 196.55 196.53 196.51
-19°N ||     196.39 196.52 196.52 196.47 196.50 196.51 196.29 195.21 195.35 196.14 196.15 196.45 196.40 196.40 196.30 196.38 196.26 196.56 196.49 196.50 196.45 196.34 196.26 196.11 196.00 195.82 195.54 194.99 194.24 193.83 193.57 193.45 193.33 193.45 193.67 192.19 193.36 192.89 193.03 193.33 193.51 193.87 194.15 194.42 194.74 195.05 195.35 195.56 195.80 195.94 196.02 196.08 196.16 196.10 195.78 195.45 195.42 195.39 195.48 195.38 195.06 196.10 196.51 196.49 196.54 196.56 196.53 196.46 196.43 196.56 196.48 196.41 196.09 195.05 192.64 192.54 192.91 195.22 194.36 194.50 193.44 194.74 194.99 195.12 194.35 193.93 195.55 196.07 195.97 195.91 196.17 196.34 196.29 196.38 196.55 196.35 196.48 196.55 196.55 196.41 196.53 196.56 196.34 196.46 196.32 196.47 196.11 196.03 196.33 196.35 196.24 196.42 196.42 196.50 196.53 196.46 196.56 196.55 196.56 195.98 195.59 195.43 195.28 195.29 195.55 195.82 196.34 196.38 196.30 196.38 196.44 196.53 196.55 196.35 196.54 196.45 196.22 196.11 196.34 196.42 196.52 196.52 196.56 196.55 196.52 196.52 196.53 196.53 196.48 196.44 196.40 196.10 196.04 196.10 196.34 196.39 196.35 196.42 196.18 196.40 196.44 196.36 196.30 196.25 196.45 196.47 196.47 196.44 196.54 196.39 196.13 195.89 195.76 195.23 195.95 195.81 196.06 196.38 196.10 196.35
-17°N ||     196.40 196.41 196.44 196.56 196.56 196.54 195.98 195.48 195.73 195.90 196.15 196.42 196.30 196.57 196.38 195.85 196.52 196.52 196.56 196.48 196.43 196.34 196.13 195.94 195.80 195.58 195.19 194.24 193.39 192.86 192.79 192.87 193.05 193.22 192.91 192.31 192.71 192.92 192.79 192.69 192.81 193.20 193.59 193.88 194.35 194.71 195.04 195.28 195.55 195.76 195.83 195.97 195.96 195.99 195.71 195.40 194.95 194.96 195.40 195.28 195.06 196.19 196.47 196.23 196.43 192.67 189.88 193.69 196.49 196.35 196.57 196.20 196.21 195.28 192.69 192.95 192.78 195.20 194.17 195.05 194.38 194.68 194.62 194.66 194.51 194.70 195.26 195.26 195.26 195.88 196.33 196.28 196.26 196.26 196.51 196.37 196.56 196.57 196.51 196.50 196.52 196.50 196.35 196.36 196.34 196.30 196.38 196.11 196.39 196.32 196.40 196.37 196.23 196.25 196.42 196.44 196.50 196.54 196.52 196.55 196.47 196.52 196.31 196.41 196.47 196.08 196.20 196.23 196.22 196.44 196.51 196.34 196.21 196.40 196.46 196.38 196.06 196.06 196.35 196.46 196.54 196.54 196.56 196.56 196.53 196.51 196.50 196.47 196.45 196.33 196.40 196.35 196.16 196.22 196.15 196.14 196.33 196.43 196.33 196.49 196.43 196.41 196.30 196.20 196.57 196.23 196.40 196.46 196.50 195.89 195.95 195.57 195.54 195.12 194.67 195.65 195.69 196.15 195.53 196.47
-15°N ||     196.27 196.37 196.50 196.55 196.48 196.34 194.23 194.99 196.02 195.91 195.90 196.39 196.50 196.47 196.35 195.94 196.37 196.50 196.19 196.50 196.46 196.32 196.16 195.96 195.68 195.28 194.55 193.24 191.88 191.47 191.91 192.47 192.64 192.90 193.04 192.99 193.18 193.22 192.56 192.24 192.21 192.77 193.11 193.44 193.92 194.45 194.81 195.07 195.24 195.36 195.35 195.65 195.78 195.75 195.48 195.37 195.03 195.71 195.23 195.84 195.91 193.50 192.08 191.04 189.76 189.73 190.53 189.66 189.69 196.32 196.43 195.88 196.04 195.80 193.89 194.00 193.31 194.07 194.61 194.83 194.67 194.61 194.79 194.09 194.80 194.95 194.90 195.34 195.56 195.74 195.44 195.95 196.06 196.44 196.51 196.50 196.53 196.56 196.48 196.52 196.45 196.48 196.44 196.28 196.35 196.22 196.30 196.28 196.21 196.25 196.40 196.21 196.10 196.10 196.15 195.90 196.43 196.55 196.52 196.53 196.53 196.53 196.53 196.55 196.36 196.33 196.05 196.10 196.53 196.52 196.49 196.12 196.05 196.10 196.24 196.19 196.02 196.14 196.17 196.38 196.50 196.54 196.53 196.53 196.55 196.52 196.45 196.48 196.34 196.29 196.33 196.37 196.10 195.91 196.44 196.49 196.20 196.41 196.49 196.41 196.43 196.37 196.20 196.32 196.51 196.54 196.51 196.51 196.56 195.91 195.26 193.14 194.32 194.68 195.43 194.20 195.08 193.33 196.42 196.33
-13°N ||     195.96 196.19 196.42 196.52 196.48 196.09 195.36 194.42 194.93 194.52 195.25 196.08 196.26 196.08 196.11 196.00 196.44 196.49 196.54 196.56 196.50 196.35 196.18 195.96 195.60 195.08 194.21 192.34 190.30 189.90 190.99 192.04 192.38 192.47 192.56 193.23 193.00 192.97 192.39 192.14 192.18 193.35 192.65 193.13 193.64 194.12 194.58 194.85 195.05 195.19 195.20 195.77 195.29 195.51 192.08 193.49 192.92 194.60 191.31 190.11 192.32 196.22 196.17 196.31 191.85 191.27 193.67 193.61 196.46 190.51 195.01 196.20 195.83 195.39 195.15 194.02 194.42 193.45 192.78 194.43 194.60 194.55 194.65 194.63 195.18 195.01 194.62 195.18 195.64 194.93 195.41 195.62 195.97 196.29 195.74 196.39 196.50 196.55 196.57 196.57 196.56 196.51 196.41 196.32 196.21 196.32 196.24 196.24 196.17 196.12 196.11 196.22 195.98 196.20 196.14 196.24 196.30 196.56 196.55 196.52 196.56 196.44 196.56 196.55 196.55 196.52 196.50 196.49 196.55 196.56 196.21 196.04 195.86 196.11 196.12 196.25 195.99 196.10 196.41 196.43 196.56 196.54 196.54 196.54 196.55 196.52 196.39 196.31 196.28 196.28 196.29 196.16 196.30 196.11 196.52 196.51 196.29 196.26 196.44 196.49 196.37 196.40 196.23 196.15 196.33 196.56 196.55 196.48 196.24 195.23 194.60 193.88 193.68 193.96 194.11 193.63 193.18 193.92 193.18 193.91
-11°N ||     193.25 194.26 192.92 192.78 195.59 195.76 195.23 194.25 194.91 194.84 195.31 195.44 195.35 195.91 195.69 195.77 195.96 196.38 196.49 196.56 196.53 196.44 196.21 195.95 195.48 194.97 194.16 192.54 190.35 188.93 189.69 192.01 192.27 192.28 192.20 192.84 192.77 192.48 192.03 191.80 192.25 192.59 192.53 193.03 193.46 193.86 194.51 194.70 194.88 195.07 194.94 195.50 194.96 192.99 189.84 189.68 192.87 194.34 194.18 195.13 195.68 195.84 196.03 196.17 196.42 196.36 196.45 195.40 196.23 196.47 189.94 194.45 189.75 193.85 194.82 192.85 192.78 193.77 193.17 193.02 194.38 194.36 194.18 194.52 194.36 194.60 193.92 194.82 194.62 195.20 195.16 194.65 195.89 196.08 196.27 196.34 196.19 196.31 196.30 196.47 196.57 196.56 196.49 196.41 196.36 196.19 196.19 196.24 196.11 196.13 196.29 196.20 196.24 196.08 196.23 196.31 196.25 196.39 196.52 196.46 196.51 196.56 196.55 196.54 196.45 196.42 196.55 196.43 196.56 196.56 196.51 196.22 195.91 196.06 196.02 196.28 196.14 196.38 196.50 196.50 196.57 196.56 196.53 196.55 196.55 196.54 196.50 196.51 196.41 196.40 196.26 196.12 195.87 196.18 196.13 196.26 196.46 196.48 196.36 196.43 196.44 196.56 196.50 196.50 196.55 195.37 196.52 196.26 195.95 194.86 194.36 194.18 193.20 193.49 192.98 192.60 192.55 194.47 193.91 194.84
-9°N ||     195.47 194.82 194.91 193.66 192.86 195.35 194.23 194.95 194.18 193.84 194.90 194.65 195.27 195.47 195.43 195.87 195.82 196.22 196.38 196.55 196.56 196.47 196.32 196.03 195.64 195.08 194.35 193.60 190.70 188.23 188.22 191.01 192.14 192.14 192.22 192.11 192.52 192.30 192.34 192.03 192.16 192.76 194.32 195.70 194.76 193.89 194.43 194.96 194.91 195.24 193.00 191.05 191.36 189.60 192.92 194.84 194.02 195.08 194.58 195.64 195.83 195.92 196.16 196.29 196.48 196.49 194.00 195.82 192.16 195.50 189.90 189.73 189.62 190.67 191.53 192.81 194.37 193.61 193.47 191.56 193.05 194.48 194.03 193.90 194.10 193.93 193.34 194.67 194.49 194.43 193.88 195.52 195.52 195.66 196.12 196.38 196.32 196.46 196.55 196.53 196.57 196.36 196.45 196.51 196.50 196.31 196.18 196.38 196.40 196.26 196.25 196.22 196.31 196.34 196.34 196.27 196.28 196.31 196.44 196.47 196.39 196.39 196.47 196.38 196.36 196.44 196.52 196.57 196.55 196.56 196.54 196.37 195.91 196.39 196.36 196.08 196.49 196.55 196.35 196.51 196.57 196.56 196.56 196.56 196.56 196.51 196.48 196.56 196.55 196.43 196.04 196.16 195.87 196.31 196.48 196.43 196.50 196.55 196.50 196.41 196.52 195.46 194.68 195.89 195.97 194.66 194.79 195.21 194.55 194.38 193.93 193.42 192.93 191.53 192.08 192.19 194.09 196.39 194.05 194.49
-7°N ||     194.25 194.40 194.70 194.67 191.66 192.39 193.77 193.50 192.25 193.08 193.49 194.29 194.84 194.90 194.98 194.76 195.03 195.85 196.24 196.47 196.56 196.53 196.40 196.11 195.74 195.33 194.76 194.21 191.23 188.86 189.34 190.50 191.80 192.05 192.22 192.43 192.01 192.03 192.44 192.03 195.04 195.39 192.98 196.05 195.45 194.65 195.59 194.77 192.74 194.77 195.40 194.60 196.07 190.42 194.68 194.04 193.22 195.73 195.50 195.97 196.05 196.06 196.25 196.34 195.58 193.03 192.09 193.42 196.55 196.56 193.21 189.68 189.75 190.40 190.02 190.62 191.85 194.08 194.19 193.49 193.27 193.69 193.49 194.22 193.95 194.22 194.66 194.96 195.04 194.81 194.99 194.60 195.53 195.69 195.72 195.59 195.57 196.33 196.56 196.52 196.44 196.41 196.42 196.51 196.19 196.43 196.49 196.37 196.37 196.39 196.47 196.46 196.49 196.17 196.25 196.26 196.26 196.48 196.50 196.44 196.22 196.16 196.17 196.09 196.33 196.53 196.45 196.51 196.56 196.57 196.56 196.53 196.14 196.08 196.31 196.35 196.41 196.44 196.37 196.53 196.56 196.55 196.55 196.56 196.56 196.56 196.46 196.55 196.55 196.45 195.90 195.77 195.90 196.31 196.07 196.54 195.48 196.17 196.29 196.35 195.50 194.72 195.02 195.37 193.93 193.09 193.78 193.18 193.08 193.19 193.05 193.08 192.59 191.93 191.42 191.37 192.62 193.33 193.61 194.24
-5°N ||     194.03 193.63 193.23 193.37 194.09 191.52 191.72 191.76 191.35 192.82 193.58 194.97 194.41 194.06 193.45 193.02 193.01 194.15 196.07 196.10 196.47 196.57 196.51 196.29 196.00 195.61 195.17 194.38 193.28 191.79 190.66 190.87 191.79 191.93 192.29 192.54 192.52 193.47 192.78 192.18 192.51 192.80 193.21 196.26 195.44 196.02 194.80 195.57 195.37 194.81 194.43 196.33 194.09 194.54 195.11 194.87 195.18 195.92 194.79 193.49 196.20 196.28 196.31 196.36 196.50 196.48 196.51 196.48 196.56 196.54 196.18 194.54 191.41 195.41 195.50 191.49 190.48 191.13 194.88 194.36 191.91 192.83 193.03 193.50 193.72 194.30 194.80 194.73 194.23 194.62 194.92 195.10 194.75 195.65 195.71 195.43 195.57 195.64 196.16 196.01 196.49 196.33 196.43 196.49 196.56 196.51 196.47 196.44 196.49 196.42 196.56 196.57 196.55 196.30 196.21 196.24 196.11 196.23 196.08 196.39 196.23 196.36 196.27 196.27 196.38 196.31 196.37 196.41 196.52 196.54 196.55 196.36 196.42 196.17 196.35 196.47 196.46 196.52 196.55 196.57 196.55 196.56 196.39 196.35 196.36 196.52 195.90 196.26 196.52 196.56 196.40 196.21 196.46 196.51 196.48 196.54 193.60 195.43 190.69 193.52 194.28 195.12 194.97 193.74 193.72 192.53 192.47 192.72 192.71 192.40 192.22 192.28 191.65 191.68 191.67 191.49 191.41 192.06 192.81 193.48
-3°N ||     193.41 193.54 192.77 192.62 193.12 190.75 190.71 191.07 192.23 191.77 194.30 195.71 193.24 191.48 191.69 191.23 194.55 196.02 194.27 195.31 195.95 196.49 196.54 196.51 196.26 195.92 195.53 194.76 194.14 192.94 192.04 191.88 191.62 191.61 192.36 192.78 193.09 193.26 193.29 192.88 192.69 193.23 193.59 194.40 194.66 194.70 195.23 195.26 195.11 194.83 194.63 194.44 194.88 195.10 195.18 195.32 195.78 196.13 196.30 192.47 196.17 196.50 196.49 196.35 196.56 196.56 195.12 196.48 196.42 196.09 195.71 195.33 189.75 194.22 194.57 191.92 192.80 192.34 193.83 193.59 193.01 193.00 191.88 192.78 193.60 193.99 193.65 194.21 194.26 194.41 194.58 194.93 195.16 195.25 195.54 195.61 196.24 195.61 195.62 195.51 196.47 196.45 196.50 196.54 196.54 196.47 196.53 196.56 196.55 196.55 196.56 196.55 196.50 196.43 196.39 196.15 195.97 196.48 196.33 196.40 196.35 196.38 196.30 196.34 196.25 196.42 196.29 196.53 196.55 196.56 196.48 196.52 196.50 196.43 196.56 196.12 196.43 196.51 196.56 196.55 196.56 196.55 196.10 196.12 196.46 195.63 195.96 196.44 196.55 196.55 196.34 196.47 196.42 196.49 196.50 196.27 193.47 193.67 193.47 194.58 193.34 193.66 193.78 194.00 193.40 192.43 192.90 193.66 191.82 191.66 191.75 191.42 191.27 191.14 191.16 191.12 191.29 191.57 192.48 192.63
-1°N ||     192.37 192.58 192.37 191.80 191.54 190.71 190.65 191.27 191.58 193.30 194.73 195.97 193.00 191.65 190.80 192.59 194.25 193.29 193.65 195.24 195.60 196.06 196.37 196.56 196.49 196.12 195.69 195.11 194.51 193.84 192.89 192.35 191.12 189.90 192.55 192.96 193.22 193.47 193.62 193.64 193.68 194.45 194.76 195.02 195.23 195.66 195.88 196.02 196.17 196.20 195.24 196.43 192.14 195.33 195.43 195.65 196.20 196.37 196.41 195.97 196.49 196.54 196.48 196.52 196.54 196.54 196.54 195.12 195.11 195.57 193.44 195.18 190.62 190.46 193.31 193.26 193.75 193.58 193.37 192.64 191.38 191.76 192.17 193.36 193.18 193.29 193.72 194.22 194.51 194.61 194.45 194.10 194.83 194.97 195.44 195.60 196.34 195.66 195.68 195.58 196.48 196.55 196.57 196.55 196.54 196.57 196.56 196.56 196.55 196.54 196.51 196.52 196.51 196.44 196.42 196.26 196.09 196.55 196.48 196.47 196.49 196.32 196.34 196.25 196.43 196.45 196.51 196.54 196.45 196.55 196.53 196.23 196.53 196.50 196.18 196.38 196.51 195.37 196.55 196.56 196.54 196.51 195.97 195.91 195.83 195.53 195.75 196.43 196.49 196.56 196.51 196.55 196.41 196.39 195.98 193.75 192.77 192.29 192.92 193.07 192.01 192.48 193.33 193.40 192.39 192.78 193.81 192.76 191.91 191.58 191.47 191.37 191.32 191.13 191.07 191.11 191.47 191.42 191.84 192.22
1°N ||     192.10 192.53 191.85 191.09 191.33 191.01 190.65 190.73 191.49 192.75 194.45 194.37 192.08 190.85 190.80 191.59 192.26 192.79 195.31 194.20 195.17 195.17 196.33 196.56 196.41 196.34 195.96 195.27 194.58 194.32 193.93 193.42 191.47 189.39 190.08 193.20 193.35 193.48 193.78 194.08 194.44 194.73 194.93 195.20 195.51 195.88 196.09 196.29 196.51 196.32 195.96 195.24 195.09 195.42 195.67 196.08 196.33 196.50 196.52 196.50 196.47 196.56 196.23 196.56 196.55 196.51 196.55 193.92 196.23 195.77 194.83 190.95 189.64 189.72 194.35 193.78 193.69 193.41 194.15 191.12 194.10 191.19 192.75 193.56 192.76 192.89 193.61 194.28 193.95 194.51 194.56 194.26 194.72 194.73 194.88 195.48 195.65 196.18 196.13 196.34 196.37 196.32 196.47 195.87 196.56 196.56 196.54 196.45 196.51 196.52 196.45 196.55 196.47 196.55 196.45 196.36 196.49 196.48 196.36 196.52 196.44 196.39 196.43 196.44 196.44 196.48 196.53 196.55 196.53 196.54 196.22 196.40 195.94 195.98 195.60 195.97 196.26 196.36 196.12 196.42 195.91 195.83 195.27 195.33 195.11 195.82 196.45 196.51 196.48 196.56 196.50 196.08 194.53 194.12 193.95 193.67 192.73 192.23 192.51 192.06 192.45 192.45 192.81 192.19 192.29 192.69 193.23 192.11 191.78 191.62 191.45 191.31 191.28 191.19 191.14 191.12 191.08 191.24 191.40 191.67
3°N ||     191.01 191.21 191.07 190.82 190.56 190.44 190.50 190.68 190.91 192.73 193.29 193.05 190.74 190.48 190.53 190.98 191.39 194.10 194.36 193.40 194.05 195.84 196.49 196.52 196.26 196.53 196.25 194.77 194.60 194.67 194.55 194.66 194.22 191.23 192.53 193.45 193.24 193.36 193.82 194.24 194.61 194.81 194.97 194.95 195.80 196.09 196.36 196.49 196.56 196.07 196.09 196.32 195.97 196.12 196.34 196.48 196.54 196.56 196.57 196.53 196.46 196.57 196.51 196.18 195.90 196.44 196.34 195.69 195.57 194.91 194.59 194.05 190.10 189.83 190.72 191.46 191.07 191.56 192.09 192.04 193.37 193.77 192.68 193.22 193.53 192.62 193.82 194.50 194.17 194.22 193.88 194.23 194.39 194.70 194.96 195.41 195.48 195.92 195.69 196.00 195.98 196.00 196.02 196.29 196.26 196.55 196.49 196.17 195.63 196.49 196.50 196.56 196.53 196.52 196.48 196.56 196.53 196.53 196.43 196.53 196.48 196.42 196.41 196.46 196.47 196.49 196.55 196.56 196.55 196.50 195.47 194.44 193.60 193.15 192.05 193.33 195.70 195.91 196.14 195.67 195.60 195.13 194.84 195.22 195.37 196.14 196.25 196.41 196.49 196.56 195.82 193.70 194.01 194.50 194.27 192.88 192.50 192.18 192.09 191.89 192.61 191.94 192.18 191.98 192.06 192.50 192.28 191.89 191.75 191.64 191.58 191.38 191.29 191.24 191.24 191.16 191.10 191.04 190.98 190.94
5°N ||     191.06 190.80 190.56 190.75 190.40 190.35 190.46 190.51 190.71 191.54 192.03 192.31 190.46 190.24 190.23 190.48 192.33 194.64 192.49 192.95 194.57 196.38 196.56 196.47 196.54 196.56 196.52 195.87 194.70 194.60 194.78 195.13 195.33 195.06 194.29 193.73 193.05 192.89 193.92 194.46 194.82 195.00 195.09 194.89 195.92 196.38 196.52 196.56 196.52 195.96 195.59 196.49 196.49 196.56 196.56 196.44 196.54 196.52 196.51 196.43 196.05 196.50 196.56 196.51 196.46 196.06 195.64 195.44 195.32 194.46 193.28 190.76 193.18 191.63 190.02 190.53 191.72 193.17 193.52 193.36 193.89 193.15 193.62 193.27 192.52 193.32 193.46 194.32 194.08 194.27 194.39 194.31 194.99 195.09 195.17 195.22 195.30 195.26 195.54 195.96 195.89 196.00 196.13 196.03 196.16 196.20 196.12 196.24 196.13 196.55 196.54 196.46 196.52 196.48 196.51 196.50 196.50 196.54 196.52 196.52 196.48 196.43 196.39 196.41 196.56 196.51 196.55 196.56 196.49 196.11 194.48 190.05 189.87 189.87 189.90 190.18 191.60 194.06 194.77 194.92 195.07 194.41 194.77 195.38 195.28 196.05 196.29 196.21 196.55 196.53 193.81 194.09 193.66 193.55 193.22 193.08 192.39 192.14 191.96 191.93 192.04 192.14 191.98 191.98 191.94 191.94 191.91 191.92 191.75 191.71 191.68 191.51 191.40 191.34 191.29 191.19 191.10 191.05 190.99 190.90
7°N ||     190.96 190.79 190.67 190.60 190.43 190.36 190.37 190.40 190.53 190.99 191.64 190.90 190.23 190.09 190.05 190.44 192.72 191.54 191.76 192.86 195.33 196.27 196.17 196.42 196.51 196.53 196.54 196.30 194.34 194.47 194.77 195.44 195.65 195.45 194.91 194.13 192.18 192.17 194.34 194.77 195.02 195.16 195.26 195.47 196.25 196.44 196.54 196.56 196.46 196.13 195.56 195.45 196.54 196.55 196.55 196.55 196.49 196.41 196.29 196.17 196.07 196.34 196.56 196.34 195.85 195.51 195.13 194.88 194.70 194.03 192.95 190.68 189.83 190.72 189.97 192.96 193.18 193.43 191.87 191.63 192.04 193.34 193.11 192.87 193.33 193.96 193.90 194.38 194.05 194.54 194.28 194.46 194.55 194.20 195.21 195.39 195.57 195.14 195.74 196.15 196.15 196.07 195.93 196.05 196.21 195.93 196.42 195.45 196.14 195.96 196.25 196.46 196.56 196.37 196.43 196.47 196.43 196.52 196.52 196.52 196.46 196.47 196.39 196.54 196.46 196.48 196.55 196.56 196.12 194.02 190.22 189.81 189.84 189.85 189.85 189.93 189.98 190.72 193.91 194.02 193.81 194.28 195.07 194.91 196.05 196.33 196.30 195.88 196.25 196.26 194.22 193.35 193.15 192.83 192.57 192.73 192.10 191.95 192.10 191.94 191.88 192.10 192.01 192.02 191.91 191.90 191.95 191.92 191.92 191.87 191.80 191.94 191.55 191.41 191.45 191.20 191.07 191.00 190.96 190.88
9°N ||     190.82 190.70 190.97 190.82 190.39 190.40 190.36 190.42 190.26 190.81 191.33 190.37 190.05 189.97 190.01 190.83 191.49 190.85 191.90 194.01 194.46 195.14 195.41 195.79 196.14 196.43 196.55 196.35 194.84 194.73 195.22 195.86 195.84 195.94 195.64 194.52 191.62 190.12 193.68 195.02 195.15 195.33 195.51 195.79 196.20 196.44 196.55 196.55 196.45 196.09 195.56 195.43 195.74 196.48 196.50 196.50 196.44 196.32 196.19 195.97 195.71 195.90 196.05 195.90 195.81 195.01 194.04 193.90 193.70 192.61 190.74 190.57 190.76 189.89 192.21 192.31 192.05 192.35 191.59 193.07 193.02 193.23 193.41 193.10 192.85 193.39 193.66 193.19 193.64 193.55 194.18 194.37 194.72 194.50 194.91 194.12 195.14 195.55 195.67 195.37 195.28 196.27 196.45 196.49 195.99 195.82 195.65 196.29 196.38 196.47 196.49 196.42 196.55 196.51 196.56 196.52 196.50 196.51 196.51 196.37 196.48 196.46 196.34 196.43 196.51 196.48 196.56 196.49 195.62 192.04 190.04 189.80 189.78 189.79 189.83 189.87 189.91 190.16 191.09 192.37 193.16 193.21 195.14 195.68 195.74 195.91 195.15 194.65 195.04 195.00 193.69 192.84 192.38 192.88 192.19 191.89 192.11 192.15 192.36 192.31 191.51 192.50 192.59 192.37 192.09 191.95 192.22 192.08 192.31 192.21 192.17 191.66 191.61 191.42 191.56 191.24 191.10 191.00 190.92 190.92
11°N ||     190.73 190.73 190.77 190.71 190.32 190.30 190.21 190.25 190.04 190.16 190.36 189.95 189.90 189.92 189.97 190.06 190.76 190.72 191.93 193.38 193.97 194.41 195.15 195.74 196.19 196.41 196.56 196.34 195.89 196.09 196.03 196.02 196.02 196.03 196.09 196.01 192.24 188.17 189.03 195.00 195.29 195.47 195.68 195.94 196.20 196.45 196.56 196.54 196.36 196.11 195.69 195.37 195.45 196.36 196.44 196.44 196.35 196.19 196.08 195.87 195.64 196.05 196.18 195.38 194.92 194.32 193.18 192.55 192.03 192.36 189.98 190.31 192.39 189.87 191.02 192.46 190.34 192.80 193.16 192.54 193.18 193.38 193.71 193.90 193.44 193.25 192.85 193.22 193.39 193.56 194.17 194.32 194.24 194.24 193.85 194.93 194.26 195.57 195.41 195.27 195.54 195.60 195.98 196.48 195.85 195.99 194.27 195.89 195.29 196.51 196.39 196.43 196.46 196.33 196.46 196.43 196.49 196.55 196.57 196.46 196.52 196.49 196.42 196.37 196.44 196.55 196.55 196.28 194.64 191.38 189.82 189.78 189.75 189.79 189.86 189.86 189.96 190.06 190.67 191.90 192.53 195.00 194.43 194.84 195.34 194.34 193.59 193.19 193.23 193.07 192.63 192.13 191.67 191.60 191.96 191.76 191.98 191.98 192.51 192.79 193.16 193.55 193.39 193.23 192.95 192.75 192.67 192.65 192.54 191.89 193.61 192.11 191.73 191.70 191.68 191.16 191.07 191.10 192.01 190.98
13°N ||     190.97 190.64 191.41 191.44 190.37 190.40 190.19 190.09 190.03 189.96 189.89 189.85 189.85 189.86 189.88 190.04 190.26 190.88 193.54 193.31 193.74 194.72 195.26 195.66 196.22 196.48 196.56 196.52 196.22 196.22 196.14 196.12 196.11 196.16 196.27 196.35 195.84 189.29 190.20 194.24 195.12 195.65 195.90 196.07 193.67 196.53 196.56 196.49 196.30 196.11 195.61 195.41 195.36 196.27 196.36 196.31 196.19 196.04 195.93 195.78 195.70 195.57 195.12 195.53 194.50 192.90 192.25 191.71 191.46 190.31 190.11 190.37 191.44 191.67 192.09 190.53 191.74 192.07 193.23 193.93 193.95 193.37 193.71 193.47 193.50 193.50 189.90 193.39 191.47 193.68 194.31 194.15 194.12 193.54 193.70 195.03 194.99 194.83 194.58 194.51 194.68 195.77 196.01 195.89 195.72 195.48 195.69 195.20 194.22 196.03 196.17 195.78 196.31 196.38 196.47 196.54 196.56 196.56 196.54 196.56 196.47 196.52 196.50 196.51 196.53 196.56 196.50 195.88 193.82 191.21 189.82 189.79 189.80 189.82 189.88 189.88 189.92 190.03 190.45 191.50 192.08 193.61 193.43 193.24 193.30 193.05 193.14 192.16 192.54 191.94 191.74 191.56 191.20 190.99 190.93 191.40 191.54 192.11 192.95 193.97 194.90 195.29 194.69 194.62 194.06 193.65 193.46 192.98 193.04 192.92 192.79 193.26 191.83 191.84 191.59 191.53 191.18 191.32 193.21 191.87
15°N ||     191.00 190.63 190.58 190.24 190.30 190.43 190.12 189.95 189.92 189.87 189.83 189.77 189.78 189.79 189.79 189.92 190.83 191.79 193.14 193.21 195.12 195.69 191.89 191.34 193.53 196.52 196.57 196.56 196.50 196.31 196.26 196.19 196.19 196.23 196.27 196.33 196.34 195.53 193.84 194.19 195.30 195.79 196.07 196.21 196.43 196.57 196.54 196.44 196.29 196.12 195.72 195.41 195.25 196.16 196.19 196.22 196.11 195.92 195.78 195.74 195.61 195.61 195.69 194.96 192.79 192.04 191.59 191.27 191.17 190.39 190.01 190.29 190.75 191.24 190.55 191.37 191.82 192.07 192.47 192.70 192.37 193.34 194.75 190.89 193.23 193.47 193.28 193.50 193.44 193.38 191.86 193.10 193.90 194.16 194.03 194.57 194.45 194.27 194.10 193.78 194.20 194.34 195.48 195.63 195.47 195.42 195.61 194.07 194.83 196.33 196.09 196.03 195.87 195.92 196.42 196.47 196.50 196.55 196.56 196.56 196.56 196.55 196.56 196.56 196.43 196.55 196.38 195.26 192.76 189.89 189.85 189.88 189.81 189.85 189.89 189.91 189.99 190.06 190.41 191.22 191.78 192.10 192.51 192.64 192.75 192.66 192.44 192.14 191.57 191.42 191.19 190.98 190.97 190.83 190.79 190.86 191.43 192.28 193.65 194.85 195.59 195.92 196.20 195.91 195.56 194.52 193.98 193.58 193.51 193.25 193.07 192.94 192.43 191.96 191.85 191.71 191.50 191.04 192.22 189.95
17°N ||     190.77 190.50 190.42 190.22 191.05 190.21 190.14 190.02 189.87 189.84 189.79 189.75 189.74 189.74 189.72 190.49 191.35 191.56 192.55 192.49 195.51 191.06 188.35 187.99 189.39 195.01 196.56 196.55 196.56 196.49 196.39 196.26 196.22 196.25 196.29 196.34 196.35 196.24 195.50 195.41 195.77 195.93 196.11 196.27 196.46 196.57 196.51 196.37 196.21 196.02 195.84 195.24 195.37 196.33 196.33 195.92 196.00 195.86 195.78 195.68 195.55 195.30 194.80 193.34 192.57 191.55 191.14 190.74 190.34 190.23 190.51 190.16 190.29 190.61 190.43 191.11 191.78 191.61 191.86 192.79 193.19 194.08 193.01 192.00 193.60 193.39 193.31 190.33 193.33 192.75 193.24 193.35 194.01 194.24 193.90 193.57 193.83 193.78 193.80 193.37 193.45 193.89 194.86 195.11 194.45 194.58 194.58 194.70 195.89 196.20 195.98 195.93 196.14 196.30 196.36 196.43 196.53 196.52 196.55 196.56 196.55 196.56 196.56 196.56 196.54 196.49 195.71 194.96 192.46 190.09 189.89 189.86 189.88 189.91 189.92 189.92 190.00 190.21 190.43 190.80 191.27 191.17 191.55 191.58 191.66 191.35 191.29 191.15 190.99 190.84 190.73 190.73 190.71 190.56 190.63 190.65 191.04 192.40 193.67 195.42 196.10 196.44 196.54 196.53 196.34 195.14 194.36 194.14 194.14 193.77 193.35 192.86 192.41 192.07 192.12 191.72 191.00 191.02 191.23 190.82
19°N ||     190.83 190.50 190.29 190.21 190.12 190.25 190.18 189.99 189.86 189.82 189.77 189.73 189.71 189.70 189.69 190.34 191.24 192.03 193.98 193.15 195.41 191.18 188.40 188.06 189.11 195.52 196.55 196.51 196.51 196.55 196.51 196.33 196.18 196.14 196.14 196.29 196.36 196.35 196.10 196.00 196.06 196.10 196.15 196.26 196.41 196.56 196.47 196.31 196.09 195.99 195.83 195.14 195.67 195.50 196.37 196.20 195.99 195.89 195.71 195.68 195.25 195.30 194.24 192.61 191.68 191.09 190.50 190.34 190.05 190.02 189.90 189.99 190.04 190.17 190.29 191.06 191.30 191.19 190.53 192.48 193.03 193.43 193.09 192.93 190.50 193.79 193.49 194.03 193.44 193.23 193.13 193.08 192.18 193.56 193.64 193.36 193.56 193.55 193.60 193.43 193.38 194.28 191.54 194.34 193.87 195.05 195.49 194.78 195.56 195.71 195.95 196.11 196.32 196.38 196.37 196.16 196.55 196.42 196.56 196.49 196.41 196.26 196.55 196.55 196.52 196.43 195.91 196.04 193.74 191.54 190.38 189.94 190.00 190.00 190.03 190.10 190.12 190.20 190.36 190.52 190.58 190.64 190.50 190.68 190.67 190.73 190.57 190.56 190.54 190.44 190.36 190.43 190.28 190.33 190.35 190.58 190.93 192.45 194.42 195.87 196.51 196.56 196.55 196.56 196.52 196.29 195.14 194.72 194.41 194.06 193.55 192.97 192.46 192.10 191.95 191.37 192.16 190.85 190.95 190.70
21°N ||     190.25 190.36 190.39 190.09 189.94 189.95 189.97 189.88 189.80 189.78 189.73 189.71 189.69 189.69 189.68 190.38 191.32 193.34 193.95 192.84 193.83 193.03 190.89 190.11 191.75 196.48 196.32 196.34 196.42 196.53 196.56 196.42 196.18 196.02 195.89 195.82 196.34 196.35 196.26 196.19 196.16 196.18 196.21 196.28 196.41 196.55 196.17 196.32 196.19 196.01 196.00 195.54 195.07 194.66 196.22 196.20 196.14 195.97 195.89 195.57 195.33 195.16 193.53 192.49 191.55 190.34 190.20 190.10 189.96 189.92 189.90 189.95 190.10 190.08 190.20 190.71 190.85 190.77 191.54 192.50 192.64 191.96 192.64 193.02 193.86 193.18 192.62 193.45 193.29 193.02 193.27 193.24 193.52 193.60 193.05 193.29 193.52 193.41 193.44 193.45 193.21 194.17 194.69 193.80 195.00 194.66 193.90 196.10 195.52 194.73 196.18 196.28 196.39 196.29 196.19 196.13 196.50 196.50 196.46 196.37 196.32 196.36 196.56 196.50 196.41 196.44 196.01 196.14 195.44 194.11 191.83 191.42 190.61 190.43 190.44 190.21 190.23 190.24 190.27 190.34 190.33 190.22 190.26 190.26 190.24 190.30 190.21 190.18 190.18 190.25 190.17 190.22 190.16 190.28 190.22 190.23 190.54 192.23 194.70 196.33 196.54 196.50 196.48 196.48 196.56 196.36 195.69 195.23 194.79 194.19 193.49 193.02 192.56 192.25 191.71 191.55 192.26 190.79 190.77 190.58
23°N ||     190.31 190.22 190.15 190.01 189.93 189.87 189.84 189.79 189.76 189.75 189.72 189.71 189.69 189.69 189.68 190.32 191.79 193.71 192.92 192.22 192.17 194.12 194.26 194.75 196.39 195.34 196.00 196.15 196.33 196.55 196.54 196.42 196.23 195.94 195.76 195.70 196.19 196.35 196.31 196.19 196.18 196.05 196.22 196.31 196.33 196.57 196.53 196.42 196.34 196.19 196.07 195.91 195.56 194.90 195.48 195.91 194.50 192.18 192.89 194.64 195.08 195.57 193.39 192.41 191.41 190.38 190.08 189.98 189.89 189.86 189.90 189.85 190.13 190.16 189.99 190.34 190.39 190.33 190.49 191.52 192.43 193.37 193.93 193.27 193.65 193.38 193.28 193.17 193.21 193.64 192.97 192.83 193.03 193.30 192.75 192.60 192.14 193.98 192.92 193.02 193.45 194.05 194.63 194.08 194.03 194.27 194.29 194.88 195.62 195.26 195.84 196.22 196.22 196.39 196.39 196.38 196.20 196.51 196.51 196.42 196.35 196.46 195.31 195.89 196.49 196.50 196.31 196.07 195.93 195.04 194.03 193.07 192.20 191.53 190.89 190.45 190.30 190.23 190.16 190.14 190.16 189.98 190.12 189.98 189.94 189.91 189.89 189.95 189.85 189.90 189.89 189.91 189.94 189.93 189.90 190.01 190.11 191.86 194.85 196.41 196.55 196.48 196.42 195.39 196.03 196.55 196.11 195.44 194.71 194.18 193.50 192.96 192.38 191.96 191.42 191.75 191.05 190.85 191.38 190.40
25°N ||     190.23 190.17 190.19 189.94 189.85 189.85 189.80 189.79 189.77 189.74 189.72 189.71 189.71 189.70 189.69 190.24 192.29 193.18 192.94 193.48 192.12 192.54 192.64 192.71 193.86 195.02 196.18 196.02 196.44 196.57 196.49 196.37 196.13 195.88 195.71 195.34 195.38 196.30 196.34 196.18 196.24 196.19 196.25 195.75 196.46 196.56 196.49 196.43 196.38 196.31 196.40 196.12 196.04 194.51 196.13 196.08 195.98 196.06 194.18 191.76 191.46 194.26 192.88 191.03 190.46 190.04 189.93 189.91 189.87 189.83 189.84 189.86 189.91 189.98 190.30 190.14 190.16 190.05 189.91 190.87 191.42 192.87 193.19 192.64 192.60 193.06 192.83 193.02 192.93 193.49 193.07 192.39 192.90 192.82 192.76 192.04 192.49 192.90 193.22 192.94 194.18 194.07 193.67 194.07 194.32 193.37 193.78 195.02 194.52 194.86 195.73 195.37 195.55 195.42 194.86 196.34 196.11 196.55 196.43 196.54 196.55 196.56 196.51 196.50 196.49 196.43 196.46 196.28 195.78 196.11 194.43 193.03 193.08 192.11 190.86 190.39 190.25 190.03 189.98 189.95 189.89 189.87 189.85 189.80 189.76 189.72 189.70 189.70 189.71 189.73 189.76 189.78 189.76 189.79 189.83 189.88 190.02 190.27 193.59 195.85 196.56 196.47 195.44 190.12 195.26 196.55 196.07 195.29 194.76 194.07 193.10 193.10 192.28 191.81 191.19 191.09 190.86 190.91 190.50 190.37
27°N ||     190.07 190.00 189.96 190.04 189.83 189.96 189.78 189.76 189.75 189.75 189.73 189.72 189.72 189.71 189.70 190.02 191.96 193.13 192.93 193.11 193.31 193.04 194.70 194.18 194.11 194.76 195.38 196.34 196.54 196.56 196.44 196.28 196.08 195.83 195.36 195.30 195.54 196.39 196.46 196.29 196.37 196.36 196.38 195.78 196.31 196.56 196.51 196.46 196.42 196.48 196.55 196.53 195.92 195.50 194.74 194.10 194.32 193.47 193.13 191.52 192.74 194.69 190.55 190.30 190.12 190.03 190.02 189.92 189.85 189.83 190.00 189.87 189.87 189.94 190.19 189.91 190.08 189.98 189.89 189.90 190.96 191.48 191.92 192.15 192.03 192.62 193.04 193.23 192.97 192.91 192.75 192.61 192.82 192.95 192.66 193.05 192.43 192.65 193.57 194.16 192.40 194.42 193.76 193.73 195.21 192.85 195.78 194.71 194.53 195.17 195.25 195.06 195.21 195.32 195.63 195.39 195.53 194.44 196.10 196.47 196.29 195.39 196.52 196.37 196.07 196.55 196.54 196.11 195.18 196.01 194.24 193.54 192.47 191.21 190.48 190.17 189.94 189.93 189.88 189.83 189.80 189.74 189.72 189.67 189.63 189.63 189.62 189.63 189.64 189.66 189.68 189.67 189.71 189.75 189.81 189.86 189.98 190.19 191.36 195.61 196.53 196.52 196.19 195.76 196.22 196.35 195.52 194.89 194.46 193.83 193.58 192.35 191.92 191.52 191.05 190.76 190.74 190.62 190.40 190.19
29°N ||     189.93 189.90 189.86 189.82 189.78 189.79 189.76 189.75 189.74 189.74 189.73 189.72 189.72 189.78 189.70 189.71 190.30 192.38 193.51 193.40 193.38 193.24 194.77 195.06 193.61 194.42 196.01 196.42 196.56 196.53 196.40 196.22 196.07 195.81 194.92 195.22 195.92 196.40 196.45 196.37 196.48 196.50 196.49 196.52 196.56 196.56 196.50 196.43 196.44 196.56 196.55 196.47 196.45 195.43 195.24 194.96 194.92 193.69 193.35 192.52 192.69 191.73 190.78 191.19 191.74 190.30 190.15 189.99 189.88 189.84 189.88 189.83 189.86 189.84 189.86 189.89 189.95 189.90 189.85 189.82 189.83 190.75 191.20 191.65 191.45 192.41 192.81 189.64 192.70 192.91 192.52 191.95 192.57 192.50 193.14 192.92 192.52 192.58 193.46 193.47 193.96 193.55 193.83 193.69 194.51 194.90 195.58 195.20 195.04 195.64 195.14 195.27 194.64 193.83 194.07 194.16 195.27 196.17 196.28 196.34 196.08 196.37 196.45 196.35 196.33 195.91 194.54 193.77 193.87 193.29 192.85 192.17 190.98 190.60 190.28 189.95 189.90 189.83 189.77 189.71 189.67 189.65 189.61 189.60 189.59 189.59 189.59 189.61 189.60 189.62 189.62 189.65 189.68 189.73 189.77 189.81 189.88 189.98 190.59 193.56 195.66 196.41 196.56 196.56 196.42 195.37 194.80 194.45 194.11 193.67 192.60 192.09 191.50 191.07 190.71 190.45 190.41 190.35 190.10 189.98
31°N ||     189.81 189.84 189.79 189.78 189.77 189.77 189.75 189.73 189.72 189.73 189.73 189.72 189.71 189.70 189.70 189.70 189.97 190.76 191.42 191.58 192.20 192.58 193.57 193.75 193.08 195.79 196.23 196.47 196.56 196.51 196.37 196.28 196.02 195.84 195.50 195.55 195.96 196.43 196.45 196.45 196.51 196.54 196.56 196.56 196.57 196.55 196.51 196.40 196.46 196.56 196.46 196.40 196.36 196.09 195.96 195.73 195.26 195.11 194.56 192.80 193.35 191.98 191.54 191.14 190.63 190.56 190.24 190.11 190.04 189.87 189.85 189.86 189.83 189.80 189.83 189.77 189.89 189.85 189.80 189.83 189.83 189.92 190.40 190.25 190.82 191.41 192.30 192.96 192.44 192.18 192.02 192.33 192.61 192.84 191.59 192.34 192.87 193.43 193.64 192.92 194.01 193.89 193.45 193.51 194.21 194.41 195.34 195.26 194.98 195.35 195.52 195.60 194.66 194.14 194.38 194.43 195.52 196.09 195.85 195.70 195.95 194.64 196.30 196.38 195.80 196.13 195.09 193.30 193.58 192.87 192.09 191.04 190.80 190.32 190.09 189.92 189.82 189.74 189.66 189.63 189.61 189.60 189.63 189.59 189.59 189.59 189.59 189.59 189.59 189.60 189.62 189.63 189.64 189.69 189.70 189.73 189.79 189.84 190.16 190.91 193.27 194.44 195.02 195.12 195.00 195.59 194.00 193.95 193.68 193.28 194.10 190.04 190.88 192.51 190.30 190.92 190.09 190.04 189.99 189.85
33°N ||     189.75 190.22 189.79 189.79 189.75 189.76 189.75 189.73 189.74 189.73 189.72 189.71 189.70 189.70 189.68 189.68 189.69 189.93 190.88 192.72 192.31 192.40 192.19 192.60 194.99 196.07 196.34 196.53 196.50 196.45 196.30 196.14 195.89 195.64 195.42 195.50 195.92 196.39 196.50 196.52 196.55 196.57 196.57 196.56 196.57 196.55 196.55 196.55 196.57 196.55 196.46 196.30 196.27 196.33 196.04 195.48 195.15 194.97 195.08 194.91 194.99 194.92 193.54 191.24 191.20 190.31 190.16 190.10 190.03 189.92 189.85 189.77 189.77 189.77 189.79 189.73 189.75 189.74 189.74 189.81 189.74 189.75 189.85 190.16 190.66 191.20 191.89 192.40 191.69 192.17 192.24 193.14 192.39 192.41 192.37 192.91 192.68 193.48 192.89 192.71 194.27 194.41 193.77 194.72 192.82 195.10 194.88 195.49 195.02 195.89 196.12 195.86 195.08 194.70 195.03 195.58 195.66 195.29 195.78 194.69 194.92 194.62 194.85 195.97 195.36 194.21 194.07 193.07 192.47 191.54 191.21 190.66 190.40 190.14 189.94 189.83 189.73 189.65 189.62 189.60 189.59 189.59 189.59 189.59 189.61 189.59 189.59 189.59 189.59 189.61 189.60 189.61 189.62 189.66 189.71 189.67 189.68 189.73 189.79 189.87 190.12 190.56 190.85 191.58 192.51 194.07 192.39 193.00 193.18 192.66 192.44 190.96 190.44 190.31 190.08 189.96 189.91 189.84 189.80 189.77
35°N ||     189.71 189.74 189.74 189.75 189.74 189.74 189.73 189.73 189.73 189.72 189.71 189.71 189.70 189.70 189.67 189.69 189.66 189.69 190.17 194.81 193.14 192.58 193.04 194.61 196.25 196.09 196.37 196.54 196.55 196.38 196.11 195.72 195.32 195.12 194.99 194.95 195.30 195.78 196.39 196.56 196.57 196.56 196.56 196.56 196.45 196.54 196.52 196.45 196.54 196.56 196.46 196.47 196.55 196.50 196.21 195.50 195.06 194.75 194.71 194.61 194.55 194.68 193.64 191.33 190.48 190.27 190.15 190.14 190.01 189.91 189.88 189.76 189.80 189.75 189.74 189.70 189.70 189.67 189.69 189.71 189.72 189.74 189.73 190.19 190.45 190.96 191.17 191.41 191.82 191.61 192.83 192.66 192.52 191.91 191.36 193.03 192.79 193.17 192.74 193.23 193.24 193.46 193.60 193.85 193.99 194.80 195.24 193.81 195.34 196.07 194.87 195.94 195.85 196.00 196.13 196.21 195.92 195.61 195.37 194.11 194.00 194.24 192.62 193.19 193.60 192.72 192.70 192.40 191.72 191.23 190.76 190.38 190.23 189.98 189.87 189.75 189.68 189.62 189.60 189.59 189.59 189.59 189.60 189.61 189.62 189.62 189.60 189.60 189.59 189.59 189.59 189.66 189.61 189.63 189.64 189.64 189.67 189.69 189.70 189.74 189.78 189.88 189.93 189.97 190.22 190.38 190.87 191.76 192.21 192.05 191.99 191.17 191.12 190.13 190.00 189.91 189.84 189.76 189.72 189.70
37°N ||     189.68 189.72 189.72 189.75 189.72 189.73 189.72 189.72 189.73 189.72 189.71 189.70 189.70 189.70 189.70 189.70 189.71 189.73 189.74 192.90 193.00 193.36 194.22 195.13 195.86 196.03 196.35 196.53 196.55 196.25 195.60 195.03 194.44 194.08 194.08 194.41 194.74 194.85 195.61 196.35 196.56 196.53 196.52 196.53 196.55 196.57 196.54 196.51 196.46 196.24 196.54 196.56 196.57 196.55 196.50 196.03 195.15 194.85 194.74 194.83 194.58 194.77 192.87 191.10 190.52 190.31 190.19 190.10 190.02 189.88 189.86 189.80 189.77 189.71 189.70 189.66 189.63 189.64 189.64 189.66 189.65 189.66 189.68 189.69 189.79 189.89 189.90 190.09 190.57 190.17 191.76 192.11 192.61 192.69 192.17 192.59 192.35 191.82 192.99 192.18 192.79 192.20 193.18 191.92 192.85 192.98 194.11 194.66 195.03 195.66 195.91 196.05 196.06 196.26 196.26 196.25 196.08 195.11 192.31 193.07 193.54 194.15 193.65 193.99 192.68 192.33 192.13 191.99 191.13 190.84 190.47 190.16 190.01 189.91 189.76 189.68 189.65 189.60 189.59 189.59 189.59 189.61 189.63 189.63 189.64 189.65 189.63 189.61 189.60 189.59 189.59 189.59 189.59 189.60 189.59 189.59 189.62 189.66 189.65 189.70 189.76 189.80 189.93 190.00 190.26 190.35 190.70 191.12 191.46 191.47 191.60 190.95 191.20 189.96 189.93 189.86 189.76 189.74 189.71 189.70
39°N ||     189.69 189.71 189.70 189.72 189.92 189.71 189.71 189.81 189.71 189.72 189.72 189.71 189.73 189.72 189.72 189.73 189.72 189.70 189.78 190.23 193.88 194.36 193.62 194.93 195.05 195.92 196.22 196.46 196.53 195.92 194.99 194.06 193.45 193.37 193.08 193.31 194.40 194.61 194.97 195.86 196.51 196.51 196.46 196.48 196.52 196.54 196.55 196.40 196.53 196.51 196.50 196.50 196.55 196.48 196.56 196.42 195.73 195.28 194.97 195.04 194.05 193.92 193.78 191.93 190.49 190.23 190.17 190.12 189.96 189.87 189.80 189.75 189.74 189.68 189.65 189.63 189.62 189.61 189.61 189.62 189.63 189.63 189.63 189.64 189.67 189.88 189.76 189.87 190.27 190.35 190.63 191.37 191.38 191.54 191.65 192.23 192.59 192.73 191.69 192.14 191.95 190.14 191.97 193.22 191.41 193.55 193.91 194.07 194.51 194.43 195.16 195.84 193.73 196.10 196.06 195.47 195.83 195.41 192.59 192.48 192.42 192.50 192.42 192.08 191.99 191.78 191.53 191.09 190.89 190.51 190.25 190.00 189.95 189.79 189.72 189.65 189.62 189.60 189.59 189.59 189.62 189.65 189.66 189.66 189.65 189.66 189.64 189.63 189.61 189.62 189.60 189.59 189.59 189.59 189.59 189.59 189.60 189.63 189.70 189.68 189.74 189.78 189.86 189.98 190.23 190.23 190.45 190.65 190.78 190.95 191.09 191.77 193.59 189.90 189.87 189.86 189.76 189.71 189.69 189.71
41°N ||     189.70 189.69 189.69 189.69 189.70 189.71 189.72 189.71 189.72 189.72 189.72 189.71 189.72 189.71 189.74 189.72 189.74 189.83 189.90 190.26 191.18 192.13 193.17 193.89 194.76 195.46 195.87 196.41 196.52 195.80 194.72 193.97 193.70 193.64 193.00 193.36 194.29 194.78 195.24 196.09 196.55 196.48 196.45 196.47 196.44 196.51 196.54 196.56 196.56 196.57 196.56 196.56 196.56 196.56 196.54 196.48 196.05 195.33 195.28 195.40 194.67 193.83 193.77 192.23 190.75 190.14 190.06 190.15 189.92 189.83 189.78 189.72 189.69 189.65 189.63 189.61 189.60 189.60 189.59 189.59 189.59 189.60 189.60 189.59 189.60 189.64 189.70 189.72 189.84 189.81 190.32 189.86 190.16 190.58 190.47 191.32 191.81 190.90 192.32 191.59 189.99 189.98 190.06 192.57 191.77 194.03 194.33 193.38 193.25 193.77 194.37 193.80 191.58 192.44 194.61 193.95 191.96 194.46 192.12 192.43 192.25 192.30 191.54 191.43 191.17 191.37 190.99 190.92 190.50 190.18 190.06 189.99 189.86 189.77 189.67 189.63 189.60 189.59 189.59 189.61 189.62 189.66 189.66 189.66 189.66 189.65 189.65 189.64 189.63 189.62 189.61 189.61 189.61 189.59 189.59 189.59 189.59 189.60 189.62 189.65 189.71 189.79 189.84 189.92 190.14 190.13 190.22 190.35 190.36 190.64 192.19 191.49 192.16 190.04 189.88 189.80 189.78 189.71 189.72 189.69
43°N ||     189.70 189.68 189.68 189.69 189.70 189.70 189.71 189.72 189.72 189.71 189.72 189.70 189.71 189.70 189.73 189.74 189.78 189.86 190.15 190.81 191.50 192.19 192.96 193.64 194.32 194.89 195.55 196.04 196.54 196.35 195.56 194.73 194.32 194.19 194.10 194.23 194.73 195.06 196.25 196.56 196.38 196.24 196.37 196.40 196.37 196.51 196.48 196.52 196.55 196.55 196.57 196.55 196.50 196.56 196.35 196.44 196.31 195.66 195.16 194.36 194.44 194.29 193.70 192.17 190.77 190.07 189.91 189.88 189.83 189.78 189.70 189.67 189.63 189.62 189.65 189.60 189.59 189.59 189.59 189.59 189.59 189.59 189.60 189.59 189.59 189.62 189.63 189.70 189.71 189.70 189.74 189.78 189.78 189.86 190.09 190.65 190.94 191.26 190.38 190.13 189.89 190.03 191.05 190.18 191.08 190.24 190.58 190.28 193.97 194.21 194.59 191.89 194.14 194.81 191.56 191.43 191.84 192.20 192.09 191.68 191.58 191.56 190.76 190.57 190.86 190.87 190.78 190.34 190.12 190.04 190.11 189.86 189.85 189.74 189.66 189.61 189.59 189.59 189.59 189.61 189.64 189.65 189.65 189.62 189.66 189.64 189.63 189.62 189.69 189.60 189.61 189.60 189.60 189.59 189.59 189.59 189.59 189.59 189.63 189.65 189.71 189.78 189.89 189.93 190.00 190.07 190.21 190.14 190.16 190.46 190.98 191.49 192.60 190.11 189.80 189.81 189.73 189.71 189.69 189.67
45°N ||     189.66 189.66 189.68 189.68 189.68 189.69 189.70 189.71 189.72 189.71 189.70 189.72 189.72 189.73 189.74 189.79 189.87 190.05 190.47 190.97 191.66 192.27 192.86 193.33 193.71 194.17 194.73 195.37 196.12 196.54 196.50 196.35 196.26 195.29 194.78 194.66 195.17 196.13 196.51 196.48 196.22 196.05 196.05 195.93 195.72 195.47 195.34 195.68 196.38 196.56 196.51 196.54 196.34 196.37 196.34 196.05 195.09 195.47 195.12 194.13 193.70 192.88 192.30 191.51 190.68 189.97 189.92 189.81 189.76 189.71 189.68 189.63 189.61 189.60 189.60 189.59 189.59 189.59 189.59 189.59 189.59 189.59 189.59 189.59 189.59 189.59 189.63 189.61 189.62 189.67 189.68 189.64 189.72 189.77 189.78 189.82 190.20 190.44 189.94 190.04 190.53 190.99 191.42 190.11 190.90 190.22 190.14 190.11 191.26 192.09 193.12 191.50 192.06 192.39 191.37 191.92 192.40 191.50 191.39 191.18 191.28 190.85 190.67 190.41 190.41 190.29 190.25 190.22 190.02 189.95 189.88 189.87 189.75 189.71 189.62 189.60 189.59 189.59 189.59 189.61 189.63 189.65 189.65 189.65 189.65 189.63 189.63 189.64 189.63 189.63 189.61 189.62 189.61 189.59 189.59 189.59 189.59 189.59 189.65 189.68 189.71 189.82 189.89 189.92 189.93 189.97 189.98 189.98 189.99 190.07 190.22 190.72 191.81 189.92 189.95 189.88 189.76 189.68 189.68 189.66
47°N ||     189.66 189.67 189.67 189.69 189.69 189.69 189.70 189.70 189.72 189.69 189.70 189.71 189.71 189.74 189.80 189.82 190.00 190.22 190.57 191.01 191.67 192.04 192.44 192.74 193.12 193.50 194.02 194.32 194.87 195.50 195.98 196.13 196.13 196.17 196.52 196.51 196.49 196.37 196.32 196.27 196.10 195.97 195.99 195.89 195.59 195.25 195.22 195.30 196.19 196.55 196.38 195.98 194.98 195.67 195.47 194.32 194.92 192.84 194.97 194.24 193.40 192.48 191.49 190.62 190.11 189.89 189.82 189.77 189.68 189.67 189.63 189.61 189.60 189.59 189.59 189.59 189.60 189.62 189.59 189.59 189.59 189.59 189.59 189.59 189.59 189.59 189.59 189.59 189.60 189.61 189.62 189.63 189.64 189.65 189.72 189.71 189.78 189.83 189.82 189.80 189.87 190.01 189.80 190.01 190.44 190.05 190.66 190.53 190.16 190.91 191.49 190.97 190.94 190.66 190.59 192.10 191.30 191.07 190.90 190.60 190.59 190.45 190.20 190.38 190.10 190.09 190.09 190.05 189.93 189.90 189.80 189.77 189.71 189.67 189.59 189.59 189.59 189.59 189.59 189.61 189.62 189.65 189.65 189.64 189.64 189.63 189.63 189.63 189.61 189.63 189.62 189.62 189.60 189.60 189.60 189.59 189.59 189.60 189.63 190.02 189.84 189.73 189.82 189.83 189.85 189.87 189.87 189.90 189.89 189.90 189.92 190.11 190.03 189.97 189.91 189.77 189.75 189.70 189.68 189.66
49°N ||     189.66 189.66 189.67 189.68 189.67 189.68 189.69 189.69 189.70 189.70 189.69 189.72 189.72 189.78 189.84 189.92 190.14 190.31 190.58 190.96 191.37 191.62 191.97 192.32 192.82 193.14 193.36 193.65 193.87 194.18 194.47 194.75 194.97 195.16 195.41 195.34 195.28 195.35 195.73 195.92 195.94 195.73 195.75 196.03 195.81 195.51 195.44 195.40 194.26 196.24 192.22 191.51 191.18 192.22 192.37 194.18 194.06 194.00 192.49 193.80 192.45 191.59 190.67 190.17 190.10 189.80 189.73 189.67 189.66 189.61 189.61 189.60 189.59 189.59 189.59 189.59 189.59 189.59 189.59 189.59 189.59 189.59 189.59 189.59 189.59 189.59 189.59 189.59 189.59 189.59 189.60 189.61 189.63 189.65 189.67 189.66 189.70 189.69 189.69 189.71 189.85 189.76 189.97 190.02 189.90 189.94 190.36 189.93 190.05 190.44 190.64 190.43 190.54 190.62 190.95 190.38 190.48 190.37 190.26 190.34 190.32 190.23 190.07 190.09 190.11 190.01 190.06 189.95 189.90 189.84 189.76 189.71 189.67 189.63 189.59 189.59 189.59 189.59 189.59 189.60 189.62 189.63 189.64 189.64 189.63 189.63 189.63 189.63 189.62 189.60 189.63 189.61 189.60 189.59 189.59 189.59 189.59 189.61 189.62 190.05 190.03 189.71 189.76 189.78 189.78 189.80 189.79 189.80 189.85 189.82 189.85 189.84 190.35 190.16 189.73 189.75 189.75 189.67 189.64 189.67
51°N ||     189.66 189.66 189.67 189.67 189.67 189.66 189.69 189.70 189.69 189.70 189.71 189.74 189.77 189.81 189.88 190.00 190.22 190.48 190.70 190.96 191.55 191.50 191.80 192.21 192.39 192.68 192.95 193.17 193.42 193.58 193.85 194.14 194.43 194.59 194.60 194.58 194.83 194.95 195.29 195.55 195.64 195.58 195.47 195.34 195.47 195.07 194.51 193.74 192.33 191.82 191.43 191.14 190.82 190.67 190.67 191.54 193.32 193.63 193.03 191.75 191.21 190.55 190.17 189.83 189.81 189.74 189.69 189.64 189.61 189.60 189.59 189.59 189.59 189.59 189.59 189.59 189.59 189.59 189.62 189.63 189.60 189.60 189.60 189.59 189.59 189.59 189.59 189.59 189.59 189.59 189.59 189.59 189.60 189.61 189.62 189.63 189.65 189.70 189.68 189.69 189.69 189.70 189.94 189.79 190.06 189.77 190.70 189.92 189.96 190.11 190.11 190.13 190.14 190.09 189.96 190.13 190.07 190.11 190.02 190.00 190.03 189.98 190.04 190.03 189.97 189.97 190.02 189.91 189.87 189.83 189.78 189.71 189.65 189.62 189.60 189.60 189.59 189.59 189.59 189.60 189.61 189.62 189.64 189.63 189.64 189.63 189.62 189.63 189.62 189.61 189.61 189.60 189.60 189.59 189.59 189.59 189.60 189.61 189.63 189.64 189.67 189.69 189.71 189.74 189.74 189.74 189.77 189.75 189.78 189.79 189.80 189.79 189.84 189.74 189.73 189.78 189.73 189.67 189.64 189.64
53°N ||     189.66 189.67 189.65 189.65 189.66 189.66 189.68 189.69 189.70 189.74 189.72 189.75 189.80 189.85 189.94 190.18 190.56 190.52 190.63 190.86 191.07 191.25 191.54 191.77 192.03 192.26 192.53 192.81 192.95 193.22 193.44 193.57 193.82 193.94 193.93 194.00 194.05 194.35 194.73 195.01 195.17 195.16 195.02 194.84 194.41 193.81 193.39 192.75 192.11 191.48 191.06 190.84 190.68 190.53 190.43 190.33 191.69 191.34 192.08 190.59 189.91 189.83 189.77 189.74 189.70 189.66 189.61 189.60 189.59 189.59 189.59 189.59 189.59 189.59 189.60 189.60 189.61 189.60 189.61 189.61 189.60 189.61 189.60 189.61 189.60 189.62 189.61 189.59 189.59 189.59 189.59 189.59 189.59 189.59 189.60 189.62 189.61 189.66 189.64 189.64 189.69 189.69 189.73 189.78 189.99 189.97 189.98 189.82 189.88 189.84 189.88 189.88 189.94 189.88 189.89 189.92 189.86 189.83 189.90 189.85 189.89 189.92 190.02 189.97 189.93 189.99 190.00 189.90 189.86 189.83 189.75 189.70 189.66 189.63 189.63 189.60 189.59 189.59 189.59 189.59 189.59 189.60 189.60 189.61 189.61 189.61 189.61 189.61 189.59 189.60 189.60 189.60 189.59 189.59 189.59 189.60 189.60 189.61 189.62 189.64 189.65 189.68 189.69 189.70 189.71 189.72 189.71 189.72 189.82 189.77 189.79 189.75 189.76 189.76 189.74 189.69 189.66 189.66 189.64 189.64
55°N ||     189.63 189.64 189.66 189.68 189.67 189.71 189.69 189.69 189.70 189.72 189.73 189.77 189.80 189.87 189.89 190.14 189.68 190.71 190.55 190.66 190.82 191.04 191.20 191.31 191.63 191.89 192.12 192.41 192.65 192.81 192.99 193.06 193.23 193.22 193.31 193.29 193.49 193.64 193.81 194.07 194.34 194.31 194.44 194.28 193.92 193.32 192.66 191.31 191.12 190.75 190.63 190.61 190.56 190.40 190.26 190.10 189.98 189.93 189.81 189.76 189.72 189.68 189.64 189.62 189.60 189.59 189.59 189.59 189.59 189.59 189.60 189.60 189.60 189.61 189.61 189.61 189.62 189.62 189.63 189.64 189.61 189.62 189.62 189.62 189.63 189.62 189.60 189.60 189.59 189.59 189.59 189.59 189.59 189.59 189.60 189.60 189.60 189.60 189.62 189.63 189.64 189.66 189.69 189.69 189.70 189.75 189.78 189.77 189.76 189.79 189.79 189.79 189.81 189.78 189.81 189.77 189.74 189.75 189.76 189.78 189.84 189.87 189.91 189.93 189.99 189.98 189.88 189.83 189.83 189.81 189.75 189.70 189.67 189.66 189.63 189.61 189.60 189.59 189.59 189.59 189.59 189.59 189.59 189.59 189.59 189.59 189.59 189.59 189.59 189.59 189.59 189.59 189.59 189.59 189.60 189.60 189.62 189.61 189.61 189.65 189.67 189.67 189.68 189.68 189.70 189.70 189.71 189.74 189.75 189.73 189.72 189.79 189.77 189.77 189.71 189.88 189.65 189.64 189.63 189.62
57°N ||     189.63 189.63 189.64 189.65 189.64 189.67 189.69 189.70 189.70 189.70 189.75 189.78 189.78 189.85 189.90 189.93 190.39 190.31 190.47 190.49 190.62 190.73 190.91 191.08 191.22 191.40 191.66 191.91 191.93 192.19 192.30 192.45 192.55 192.54 192.63 192.64 192.71 192.83 192.92 193.29 193.39 193.53 193.56 193.46 193.13 192.52 191.90 191.44 190.86 190.66 190.51 190.41 190.32 190.19 190.04 189.91 189.84 189.76 189.71 189.67 189.62 189.61 189.60 189.59 189.59 189.59 189.59 189.59 189.59 189.60 189.61 189.73 189.63 189.63 189.63 189.64 189.64 189.63 189.64 189.64 189.63 189.66 189.63 189.63 189.59 189.90 189.61 189.61 189.60 189.60 189.60 189.59 189.59 189.59 189.59 189.59 189.59 189.60 189.60 189.63 189.62 189.63 189.66 189.70 189.71 189.71 189.71 189.74 189.70 189.72 189.73 189.71 189.69 189.69 189.69 189.68 189.67 189.69 189.71 189.77 189.80 189.80 189.83 189.86 189.87 189.86 189.88 189.84 189.81 189.80 189.74 189.72 189.68 189.68 189.66 189.64 189.61 189.60 189.60 189.60 189.59 189.59 189.59 189.59 189.59 189.59 189.59 189.59 189.59 189.59 189.59 189.59 189.59 189.59 189.60 189.59 189.61 189.60 189.61 189.63 189.64 189.64 189.66 189.67 189.68 189.70 189.70 189.71 189.75 189.71 189.72 189.74 189.68 189.71 189.71 189.67 189.64 189.64 189.63 189.63
59°N ||     189.63 189.62 189.63 189.65 189.64 189.64 189.70 189.67 189.67 189.67 189.69 189.72 189.76 189.79 189.85 189.95 189.92 190.04 190.14 190.25 190.36 190.49 190.67 190.81 190.84 190.93 191.02 191.18 191.30 191.44 191.55 191.74 191.85 191.82 191.70 191.86 191.88 191.89 192.13 192.38 192.48 192.53 192.48 192.10 191.87 191.38 191.08 190.82 190.54 190.39 190.28 190.11 190.04 189.94 189.86 189.81 189.74 189.69 189.65 189.61 189.59 189.61 189.59 189.59 189.59 189.59 189.60 189.61 189.61 189.61 189.63 189.63 189.63 189.65 189.65 189.65 189.65 189.66 189.67 189.67 189.65 189.65 189.65 189.64 189.64 189.64 189.63 189.63 189.62 189.60 189.60 189.60 189.59 189.59 189.59 189.59 189.59 189.59 189.60 189.60 189.62 189.62 189.63 189.64 189.64 189.65 189.68 189.68 189.67 189.66 189.64 189.64 189.64 189.64 189.66 189.64 189.65 189.65 189.69 189.72 189.73 189.75 189.80 189.80 189.84 189.83 189.86 189.83 189.80 189.79 189.75 189.76 189.70 189.67 189.67 189.70 189.65 189.64 189.64 189.61 189.60 189.62 189.60 189.59 189.59 189.60 189.59 189.59 189.59 189.59 189.59 189.59 189.59 189.60 189.60 189.59 189.60 189.61 189.61 189.62 189.61 189.63 189.64 189.65 189.66 189.68 189.72 189.72 189.72 189.70 189.69 189.68 189.67 189.67 189.66 189.65 189.64 189.63 189.65 189.63
61°N ||     189.62 189.62 189.63 189.62 189.63 189.62 189.64 189.66 189.65 189.68 189.70 189.70 189.72 189.76 189.80 189.83 189.87 189.91 189.97 190.08 190.19 190.23 190.32 190.40 190.50 190.55 190.65 190.73 190.81 190.85 190.89 190.98 190.96 190.98 191.05 191.11 191.15 191.12 191.18 190.89 191.23 191.21 191.16 191.05 190.95 190.79 190.64 190.46 190.23 190.09 190.04 189.87 189.80 189.76 189.72 189.68 189.65 189.62 189.60 189.59 189.59 189.59 189.59 189.60 189.61 189.72 189.60 189.63 189.64 189.64 189.66 189.64 189.66 189.68 189.70 189.69 189.69 189.69 189.68 189.69 189.68 189.68 189.67 189.68 189.66 189.66 189.64 189.64 189.62 189.62 189.61 189.60 189.60 189.59 189.59 189.59 189.59 189.59 189.59 189.59 189.60 189.60 189.61 189.61 189.62 189.61 189.63 189.62 189.62 189.61 189.62 189.61 189.61 189.61 189.63 189.62 189.63 189.63 189.64 189.68 189.66 189.68 189.79 189.74 189.76 189.78 189.82 189.83 189.81 189.78 189.78 189.76 189.74 189.93 189.74 189.68 189.67 189.68 189.65 189.63 189.62 189.65 189.61 189.60 189.60 189.62 189.61 189.61 189.60 189.60 189.60 189.60 189.60 189.61 189.60 189.60 189.61 189.61 189.61 189.62 189.62 189.62 189.63 189.63 189.64 189.69 189.66 189.66 189.69 189.67 189.68 189.66 189.65 189.65 189.64 189.63 189.64 189.62 189.63 189.64
63°N ||     189.60 189.62 189.62 189.73 189.62 189.62 189.62 189.62 189.63 189.64 189.65 189.68 189.69 189.72 189.73 189.75 189.78 189.80 189.86 189.94 190.15 189.99 190.05 190.11 190.16 190.20 190.28 190.28 190.31 190.39 190.43 190.50 190.54 190.60 190.66 190.70 190.72 190.70 190.70 190.70 190.69 190.61 190.58 190.48 190.35 190.26 190.14 190.07 189.93 189.85 189.77 189.73 189.68 189.65 189.62 189.61 189.60 189.59 189.59 189.59 189.59 189.60 189.61 189.63 189.63 189.64 189.66 189.66 189.66 189.66 189.68 189.67 189.69 189.69 189.70 189.71 189.70 189.69 189.69 189.71 189.70 189.70 189.68 189.67 189.66 189.63 189.63 189.63 189.63 189.62 189.62 189.61 189.60 189.59 189.60 189.59 189.59 189.59 189.59 189.59 189.59 189.59 189.60 189.60 189.60 189.60 189.60 189.60 189.60 189.60 189.60 189.60 189.59 189.60 189.60 189.61 189.61 189.62 189.61 189.62 189.64 189.65 189.66 189.68 189.70 189.72 189.75 189.77 189.78 189.78 189.78 189.76 189.74 189.74 189.72 189.69 189.68 189.68 189.66 189.69 189.64 189.67 189.63 189.62 189.64 189.62 189.62 189.62 189.61 189.61 189.61 189.61 189.60 189.60 189.60 189.61 189.61 189.61 189.61 189.61 189.61 189.62 189.61 189.62 189.64 189.63 189.63 189.63 189.66 189.65 189.64 189.64 189.65 189.63 189.62 189.61 189.62 189.61 189.61 189.61
65°N ||     189.60 189.59 189.60 189.59 189.60 189.60 189.60 189.60 189.64 189.62 189.63 189.64 189.64 189.65 189.66 189.69 189.70 189.72 189.76 189.74 189.76 189.81 189.82 189.84 189.86 189.88 189.96 189.94 189.97 190.00 190.06 190.13 190.15 190.20 190.26 190.32 190.32 190.31 190.34 190.33 190.31 190.22 190.14 190.05 189.95 189.88 189.84 189.79 189.75 189.71 189.68 189.67 189.62 189.60 189.59 189.59 189.59 189.60 189.61 189.61 189.62 189.64 189.64 189.64 189.67 189.67 189.68 189.67 189.68 189.69 189.67 189.68 189.70 189.71 189.71 189.72 189.72 189.71 189.71 189.71 189.72 189.71 189.70 189.65 190.07 190.80 189.63 189.63 189.64 189.63 189.63 189.61 189.61 189.60 189.60 189.59 189.59 189.59 189.59 189.59 189.59 189.59 189.59 189.59 189.59 189.60 189.59 189.59 189.59 189.59 189.59 189.59 189.59 189.59 189.60 189.60 189.59 189.60 189.61 189.60 189.61 189.62 189.62 189.66 189.66 189.70 189.70 189.72 189.73 189.77 189.74 189.75 189.75 189.74 189.72 189.73 189.70 189.70 189.71 189.68 189.66 189.66 189.65 189.64 189.66 189.63 189.63 189.63 189.63 189.63 189.62 189.62 189.61 189.61 189.64 189.61 189.61 189.60 189.60 189.60 189.62 189.61 189.60 189.60 189.62 189.60 189.60 189.62 189.61 189.62 189.60 189.61 189.61 189.61 189.61 189.60 189.61 189.61 189.62 189.63
67°N ||     189.59 189.59 189.59 189.59 189.59 189.59 189.60 189.59 189.59 189.60 189.61 189.61 189.60 189.62 189.62 189.63 189.63 189.64 189.65 189.65 189.69 189.68 189.72 189.74 189.74 189.79 189.76 189.77 189.81 189.82 189.84 189.88 189.88 189.93 189.92 190.00 190.00 190.00 190.01 189.98 189.95 189.90 189.84 189.82 189.78 189.74 189.70 189.66 189.64 189.62 189.60 189.59 189.59 189.59 189.60 189.62 189.64 189.66 189.69 189.71 189.72 189.72 189.70 189.69 189.69 189.69 189.69 189.70 189.71 189.71 189.72 189.72 189.71 189.73 189.73 189.72 189.72 189.70 189.74 189.73 189.73 189.72 189.68 189.68 189.67 189.65 189.65 189.65 189.64 189.64 189.63 189.62 189.62 189.61 189.60 189.60 189.59 189.59 189.59 189.59 189.59 189.59 189.59 189.59 189.59 189.59 189.59 189.59 189.59 189.60 189.59 189.59 189.59 189.59 189.59 189.59 189.60 189.59 189.59 189.60 189.60 189.61 189.61 189.62 189.63 189.64 189.65 189.68 189.70 189.70 189.72 189.75 189.74 189.74 189.77 189.72 189.72 189.71 189.82 189.69 189.68 189.66 189.66 189.67 189.66 189.65 189.69 189.64 189.64 189.63 189.63 189.62 189.62 189.61 189.61 189.61 189.61 189.60 189.60 189.60 189.61 189.61 189.61 189.60 189.60 189.60 189.59 189.59 189.59 189.60 189.59 189.60 189.59 189.59 189.60 189.60 189.60 189.59 189.59 189.59
69°N ||     189.59 189.59 189.59 189.59 189.59 189.59 189.59 189.59 189.59 189.59 189.59 189.59 189.59 189.59 189.60 189.61 189.61 189.60 189.60 189.61 189.61 189.61 189.62 189.62 189.65 189.65 189.73 189.66 189.67 189.71 189.68 189.73 189.72 189.76 189.79 189.82 189.80 189.80 189.79 189.78 189.77 189.73 189.70 189.68 189.66 189.63 189.60 189.59 189.59 189.59 189.59 189.60 189.60 189.62 189.63 189.65 189.66 189.67 189.69 189.70 189.71 189.71 189.71 189.71 189.70 189.71 189.72 189.72 189.71 189.73 189.73 189.73 189.74 189.74 189.72 189.73 189.73 189.72 189.72 189.72 189.71 189.70 189.71 189.69 189.67 189.67 189.65 189.64 189.64 189.63 189.63 189.62 189.61 189.61 189.61 189.60 189.60 189.59 189.59 189.59 189.59 189.59 189.59 189.59 189.59 189.59 189.59 189.59 189.59 189.59 189.59 189.59 189.59 189.59 189.59 189.59 189.59 189.59 189.59 189.60 189.60 189.60 189.60 189.60 189.62 189.63 189.63 189.64 189.64 189.66 189.67 189.69 189.70 189.71 189.73 189.75 189.74 189.71 189.69 189.70 189.69 189.69 189.68 189.68 189.67 189.67 189.66 189.65 189.65 189.65 189.64 189.65 189.63 189.62 189.61 189.61 189.61 189.60 189.59 189.60 189.60 189.60 189.60 189.59 189.59 189.59 189.59 189.59 189.59 189.59 189.59 189.59 189.59 189.59 189.59 189.59 189.59 189.59 189.59 189.59
71°N ||     189.59 189.59 189.59 189.59 189.59 189.59 189.80 189.59 189.59 189.59 189.59 189.59 189.59 189.59 189.59 189.59 189.59 189.59 189.59 189.59 189.59 189.59 189.59 189.59 189.60 189.60 189.61 189.62 189.62 189.63 189.63 189.63 189.62 189.65 189.63 189.64 189.65 189.65 189.64 189.64 189.64 189.61 189.61 189.60 189.59 189.59 189.59 189.59 189.59 189.60 189.61 189.62 189.63 189.62 189.64 189.64 189.65 189.66 189.67 189.67 189.66 189.68 189.68 189.69 189.72 189.70 189.71 189.72 189.74 189.73 189.74 189.73 189.73 189.74 189.73 189.71 189.72 189.73 189.72 189.71 189.70 189.70 189.69 189.68 189.67 189.66 189.65 189.65 189.64 189.63 189.62 189.61 189.61 189.61 189.60 189.60 189.60 189.60 189.60 189.59 189.59 189.59 189.59 189.59 189.59 189.59 189.59 189.59 189.59 189.59 189.59 189.59 189.59 189.59 189.59 189.59 189.59 189.59 189.59 189.59 189.60 189.59 189.60 189.61 189.61 189.61 189.61 189.61 189.62 189.64 189.64 189.64 189.65 189.66 189.68 189.68 189.70 189.71 189.71 189.72 189.74 189.74 189.73 189.72 189.70 189.69 189.67 189.66 189.64 189.65 189.63 189.63 189.64 189.63 189.61 189.62 189.60 189.60 189.59 189.59 189.59 189.59 189.59 189.59 189.59 189.59 189.59 189.59 189.59 189.59 189.59 189.59 189.59 189.59 189.59 189.59 189.59 189.59 189.59 189.59
73°N ||     189.60 189.61 189.61 189.60 189.60 189.61 189.61 189.61 189.61 189.61 189.62 189.61 189.61 189.60 189.62 189.60 189.60 189.60 189.59 189.59 189.59 189.59 189.59 189.59 189.59 189.59 189.59 189.60 189.59 189.59 189.59 189.59 189.59 189.59 189.60 189.59 189.60 189.59 189.59 189.59 189.59 189.59 189.59 189.59 189.59 189.60 189.60 189.60 189.61 189.62 189.63 189.65 189.65 189.65 189.65 189.65 189.64 189.64 189.64 189.65 189.66 189.66 189.67 189.67 189.68 189.70 189.70 189.70 189.70 189.71 189.73 189.74 189.74 189.72 189.73 189.73 189.74 189.72 189.71 189.69 189.69 189.68 189.67 189.66 189.67 189.66 189.66 189.65 189.64 189.64 189.63 189.61 189.61 189.61 189.61 189.60 189.60 189.60 189.59 189.59 189.59 189.59 189.59 189.59 189.59 189.59 189.59 189.59 189.59 189.59 189.59 189.59 189.59 189.59 189.59 189.59 189.59 189.59 189.59 189.59 189.59 189.59 189.59 189.60 189.60 189.60 189.61 189.61 189.62 189.62 189.63 189.63 189.63 189.64 189.64 189.65 189.66 189.67 189.67 189.67 189.66 189.66 189.65 189.65 189.65 189.64 189.64 189.63 189.63 189.62 189.63 189.62 189.62 189.61 189.61 189.61 189.60 189.59 189.59 189.59 189.59 189.59 189.59 189.59 189.59 189.59 189.59 189.59 189.59 189.59 189.60 189.92 189.59 189.82 189.59 189.60 189.60 189.60 189.59 189.60
75°N ||     189.61 189.63 189.62 189.62 189.62 189.64 189.62 189.63 189.63 189.63 189.64 189.62 189.62 189.64 189.62 189.63 189.63 189.61 189.62 189.62 189.61 189.63 189.63 189.65 189.62 189.60 189.60 189.60 189.59 189.59 189.59 189.59 189.60 189.60 189.61 189.59 189.59 189.59 189.59 189.59 189.59 189.60 189.61 189.61 189.61 189.60 189.61 189.62 189.62 189.64 189.65 189.65 189.65 189.66 189.66 189.68 189.66 189.66 189.66 189.67 189.68 189.70 189.70 189.71 189.71 189.70 189.70 189.70 189.71 189.69 189.72 189.72 189.72 189.72 189.72 189.72 189.71 189.71 189.69 189.69 189.68 189.68 189.66 189.70 189.66 189.65 189.64 189.63 189.63 189.63 189.62 189.62 189.61 189.61 189.61 189.60 189.61 189.60 189.59 189.59 189.59 189.59 189.59 189.59 189.59 189.59 189.59 189.59 189.59 189.59 189.59 189.59 189.59 189.59 189.59 189.59 189.59 189.59 189.59 189.59 189.59 189.59 189.59 189.59 189.59 189.59 189.60 189.60 189.60 189.61 189.60 189.61 189.61 189.61 189.62 189.62 189.63 189.63 189.63 189.63 189.63 189.62 189.62 189.64 189.63 189.62 189.61 189.61 189.62 189.62 189.61 189.61 189.60 189.60 189.60 189.60 189.59 189.59 189.59 189.59 189.59 189.59 189.59 189.59 189.59 189.59 189.59 189.59 189.59 189.60 189.60 189.60 189.60 189.62 189.62 189.63 189.63 189.62 189.62 189.61
77°N ||     189.65 189.63 189.60 189.59 189.60 189.64 189.63 189.59 189.59 189.63 189.64 189.64 189.65 189.64 189.64 189.62 189.66 189.67 189.61 189.62 189.60 189.61 189.68 189.73 189.65 189.62 189.62 189.63 189.62 189.62 189.62 189.62 189.62 189.61 189.59 189.61 189.60 189.61 189.61 189.61 189.62 189.62 189.61 189.61 189.62 189.63 189.64 189.64 189.65 189.66 189.66 189.67 189.65 189.69 189.69 189.70 189.71 189.71 189.71 189.71 189.72 189.64 189.63 189.67 189.70 189.70 189.69 189.70 189.69 189.69 189.70 189.70 189.70 189.71 189.70 189.70 189.69 189.70 189.70 189.70 189.69 189.67 189.67 189.66 189.66 189.65 189.63 189.63 189.64 189.63 189.64 189.63 189.62 189.61 189.61 189.61 189.61 189.61 189.60 189.60 189.60 189.60 189.59 189.60 189.59 189.59 189.59 189.59 189.59 189.59 189.59 189.59 189.59 189.59 189.59 189.59 189.59 189.59 189.59 189.59 189.59 189.59 189.59 189.59 189.59 189.59 189.59 189.59 189.59 189.60 189.59 189.60 189.60 189.61 189.65 189.62 189.61 189.61 189.60 189.60 189.61 189.61 189.61 189.61 189.61 189.61 189.60 189.61 189.60 189.61 189.60 189.60 189.60 189.59 189.59 189.59 189.59 189.59 189.59 189.59 189.59 189.59 189.59 189.59 189.59 189.59 189.59 189.60 189.60 189.60 189.61 189.60 189.60 189.62 189.61 189.63 189.65 189.64 189.63 189.64
79°N ||     189.61 189.61 189.60 189.61 189.62 189.61 189.61 189.61 189.61 189.61 189.61 189.60 189.62 189.61 189.62 189.63 189.63 189.64 189.64 189.63 189.62 189.64 189.64 189.64 189.65 189.66 189.64 189.61 189.62 189.61 189.61 189.62 189.62 189.62 189.62 189.63 189.62 189.63 189.63 189.63 189.63 189.64 189.64 189.63 189.63 189.63 189.64 189.64 189.65 189.66 189.68 189.67 189.68 189.69 189.70 189.70 189.70 189.71 189.72 189.72 189.73 189.74 189.74 189.74 189.73 189.73 189.75 189.74 189.72 189.70 189.69 189.69 189.67 189.68 189.68 189.65 189.64 189.65 189.67 189.68 189.66 189.67 189.65 189.62 189.62 189.67 189.66 189.66 189.63 189.70 189.60 189.59 189.62 189.66 189.59 189.66 189.67 189.60 189.63 189.69 189.69 189.64 189.62 189.60 189.60 189.59 189.59 189.59 189.59 189.59 189.59 189.59 189.59 189.59 189.59 189.59 189.59 189.59 189.59 189.59 189.62 189.60 189.59 189.59 189.59 189.59 189.59 189.59 189.59 189.59 189.59 189.59 189.59 189.59 189.59 189.59 189.59 189.59 189.59 189.59 189.59 189.60 189.60 189.60 189.60 189.61 189.61 189.61 189.60 189.60 189.60 189.60 189.59 189.59 189.59 189.59 189.59 189.59 189.59 189.59 189.59 189.59 189.59 189.59 189.59 189.60 189.59 189.59 189.60 189.61 189.61 189.61 189.61 189.61 189.61 189.61 189.61 189.62 189.62 189.62
81°N ||     189.60 189.60 189.60 189.59 189.60 189.60 189.60 189.60 189.60 189.59 189.59 189.59 189.59 189.59 189.59 189.59 189.59 189.59 189.59 189.59 189.59 189.59 189.59 189.59 189.59 189.59 189.60 189.60 189.60 189.61 189.62 189.61 189.61 189.63 189.60 189.61 189.60 189.60 189.61 189.60 189.62 189.61 189.62 189.62 189.63 189.64 189.65 189.65 189.62 189.61 189.59 189.59 189.60 189.60 189.63 189.64 189.73 189.72 189.68 189.66 189.66 189.63 189.64 189.64 189.65 189.66 189.68 189.62 189.60 189.59 189.59 189.63 189.61 189.60 189.62 189.66 189.69 189.64 189.73 189.77 189.81 189.93 189.90 190.04 190.05 190.03 190.24 190.27 190.24 190.38 190.27 190.15 190.50 190.50 190.20 190.38 190.37 190.65 190.64 190.57 190.17 189.99 190.04 190.00 190.16 190.13 190.31 190.01 189.80 189.59 189.59 189.71 189.64 189.59 189.60 189.60 189.65 189.62 189.60 189.66 189.66 189.68 189.66 189.65 189.61 189.59 189.64 189.62 189.63 189.64 189.62 189.62 189.62 189.62 189.62 189.61 189.60 189.59 189.59 189.59 189.59 189.59 189.59 189.59 189.59 189.59 189.59 189.59 189.59 189.59 189.59 189.59 189.59 189.59 189.59 189.59 189.59 189.59 189.59 189.59 189.59 189.59 189.59 189.59 189.59 189.59 189.59 189.59 189.59 189.59 189.59 189.59 189.59 189.59 189.59 189.59 189.60 189.60 189.60 189.60
83°N ||     189.66 189.66 189.65 189.65 189.65 189.65 189.65 189.65 189.64 189.64 189.64 189.63 189.63 189.62 189.62 189.61 189.61 189.61 189.60 189.60 189.60 189.59 189.60 189.60 189.60 189.60 189.60 189.60 189.64 189.70 189.77 189.81 189.71 189.68 189.86 189.81 189.83 189.81 189.86 189.93 189.95 189.93 190.04 190.13 190.12 189.94 189.95 190.02 189.96 189.90 189.80 189.74 189.67 189.66 189.76 189.72 189.80 189.86 189.87 189.82 189.86 189.66 189.66 189.59 189.62 189.62 189.64 189.66 189.65 189.61 189.61 189.59 189.63 189.66 189.69 189.75 189.79 189.85 189.89 189.92 189.96 190.03 190.08 190.13 190.21 190.29 190.34 190.41 190.45 190.45 190.45 190.46 190.47 190.50 190.56 190.60 190.65 190.69 190.71 190.75 190.77 190.84 190.88 190.93 190.98 191.01 191.04 191.08 191.06 190.87 190.63 190.38 190.41 190.33 190.54 190.36 190.19 190.15 190.19 190.31 190.41 190.36 190.08 190.26 190.18 190.35 190.23 190.18 190.28 190.21 190.41 190.36 190.21 190.01 190.10 190.17 190.14 190.24 190.14 190.11 189.99 189.88 189.83 189.75 189.62 189.62 189.59 189.59 189.59 189.59 189.59 189.59 189.59 189.59 189.59 189.59 189.59 189.59 189.59 189.59 189.59 189.59 189.59 189.59 189.60 189.60 189.60 189.61 189.61 189.61 189.61 189.62 189.62 189.63 189.63 189.63 189.64 189.65 189.65 189.65
85°N ||     189.63 189.64 189.62 189.61 189.60 189.61 190.08 190.12 190.07 189.98 190.06 189.84 189.99 189.96 190.17 189.95 190.35 190.62 190.67 190.65 190.65 190.32 189.95 190.10 190.24 190.12 189.78 190.05 190.17 189.92 190.16 190.89 190.78 190.41 190.77 190.91 190.91 190.93 190.89 190.82 190.85 190.65 190.77 190.90 190.83 190.95 191.06 191.03 191.02 190.80 190.78 190.83 190.73 190.39 190.44 190.60 190.58 190.53 190.45 190.39 190.38 190.38 190.19 190.32 190.37 190.38 190.12 190.11 189.99 189.96 189.92 189.72 189.72 189.73 189.79 189.84 189.83 189.85 189.84 189.80 189.74 189.64 189.62 189.73 190.05 190.08 190.01 189.95 189.90 189.81 189.86 190.00 190.17 190.43 190.45 190.36 190.43 190.49 190.66 190.76 190.81 190.68 190.85 190.93 190.97 191.00 191.06 191.11 191.14 191.21 191.25 191.25 191.24 191.22 191.21 191.18 191.15 191.14 191.13 191.15 191.12 191.08 191.06 191.10 191.12 191.13 191.14 191.14 191.12 191.15 191.15 191.16 191.17 191.14 191.09 191.09 190.97 190.98 191.00 190.73 191.03 191.02 191.02 190.55 190.49 190.42 190.26 189.91 190.24 190.50 190.30 190.51 190.09 190.06 189.96 189.82 190.02 189.90 189.81 189.77 189.77 190.04 189.93 189.70 189.77 189.80 189.70 189.64 189.62 189.63 189.63 189.65 189.69 189.76 189.69 189.64 189.62 189.69 189.69 189.68
87°N ||     191.60 191.39 191.48 191.43 191.30 191.42 191.40 191.45 191.70 191.76 191.74 191.72 191.63 191.57 191.66 191.79 191.81 191.78 191.81 191.82 191.78 191.64 191.65 191.98 191.96 191.97 191.89 191.85 191.79 191.77 191.74 191.89 192.01 191.93 192.01 192.17 192.26 192.27 192.29 192.27 192.16 192.20 192.05 192.09 192.18 192.36 192.39 192.42 192.36 192.28 192.28 192.28 192.24 192.21 192.05 191.86 191.85 191.77 191.70 191.70 191.78 191.86 191.88 191.91 191.94 191.95 191.98 191.94 191.90 191.84 191.50 191.08 191.03 191.13 191.13 191.25 191.07 191.21 191.25 191.13 191.30 191.39 191.43 191.43 191.34 191.45 191.37 191.16 191.34 191.20 191.47 191.57 191.49 191.62 191.75 191.76 191.70 191.72 191.62 191.66 191.77 191.93 191.93 191.78 191.75 191.95 191.99 192.05 192.11 192.16 192.19 192.11 192.18 192.16 192.13 192.10 192.08 192.02 192.08 191.81 192.16 192.11 192.05 191.97 191.77 191.66 191.95 191.97 191.86 191.86 191.73 191.90 192.14 192.14 192.14 192.16 192.15 192.08 191.93 191.90 191.88 191.85 191.81 191.86 191.77 191.77 191.74 191.83 191.94 192.08 191.95 192.06 191.88 191.96 192.15 192.13 192.08 191.61 191.80 191.65 191.84 191.48 191.48 191.31 191.33 191.29 191.42 191.51 191.47 191.45 191.49 191.36 191.27 191.29 191.27 191.23 191.38 191.32 191.21 191.42
89°N ||     192.72 192.74 192.72 192.65 192.65 192.84 192.85 192.93 192.94 192.93 192.92 192.95 192.94 192.95 192.95 192.96 192.97 192.99 192.98 192.98 193.00 192.99 192.95 192.97 192.98 192.96 193.00 193.05 193.08 193.12 193.14 193.17 193.18 193.20 193.22 193.23 193.24 193.26 193.26 193.28 193.27 193.28 193.29 193.29 193.30 193.30 193.30 193.31 193.30 193.29 193.27 193.25 193.22 193.19 193.15 193.11 193.08 193.06 193.03 193.03 193.05 193.01 193.00 192.99 192.97 192.94 192.93 192.91 192.92 192.90 192.89 192.88 192.85 192.83 192.81 192.79 192.76 192.75 192.70 192.68 192.70 192.71 192.71 192.68 192.71 192.67 192.67 192.69 192.68 192.69 192.69 192.64 192.59 192.61 192.66 192.72 192.75 192.70 192.57 192.54 192.62 192.74 192.75 192.77 192.78 192.80 192.82 192.85 192.88 192.91 192.91 192.92 192.94 192.95 192.96 192.98 192.98 192.99 193.01 193.01 193.01 193.00 193.01 193.00 192.98 192.99 193.00 193.01 193.04 193.05 193.05 193.06 193.07 193.08 193.11 193.13 193.16 193.19 193.21 193.22 193.22 193.23 193.23 193.23 193.23 193.24 193.23 193.21 193.21 193.20 193.18 193.15 193.13 193.10 193.06 193.04 193.00 192.96 192.99 193.03 193.03 193.02 193.00 193.00 193.02 193.01 193.00 193.00 192.98 192.97 192.93 192.91 192.90 192.88 192.86 192.84 192.81 192.79 192.78 192.75
