East longitude (degrees): -179:2:179
North latitude (degrees): -89:2:89

Absorbed dose on Martian Surface (1E-6 Gy/day), 2D array where Absorbed dose(i,j)= value at latitude(i) and longitude(j).
104.43 104.47 104.52 104.53 104.53 104.52 104.52 104.54 104.58 104.61 104.76 104.82 104.79 104.85 105.05 105.15 105.19 105.26 105.28 105.17 105.10 105.26 105.28 105.24 105.18 105.16 105.10 105.12 105.21 105.18 105.27 105.38 105.32 105.25 105.36 105.27 105.18 105.11 105.03 104.98 104.93 104.86 104.79 104.77 104.75 104.75 104.74 104.75 104.74 104.72 104.70 104.69 104.66 104.65 104.65 104.64 104.57 104.54 104.52 104.52 104.50 104.47 104.47 104.43 104.45 104.48 104.49 104.37 104.33 104.33 104.27 104.25 104.24 104.25 104.21 104.18 104.17 104.15 104.14 104.14 104.13 104.14 104.14 104.13 104.14 104.15 104.15 104.14 104.13 104.14 104.15 104.18 104.20 104.20 104.21 104.22 104.21 104.22 104.23 104.23 104.21 104.21 104.20 104.19 104.20 104.21 104.22 104.23 104.24 104.25 104.26 104.24 104.21 104.23 104.28 104.31 104.30 104.30 104.31 104.32 104.34 104.35 104.36 104.39 104.42 104.46 104.46 104.49 104.51 104.53 104.54 104.55 104.56 104.58 104.59 104.62 104.62 104.62 104.62 104.63 104.58 104.59 104.56 104.53 104.54 104.54 104.53 104.51 104.47 104.45 104.44 104.43 104.42 104.38 104.36 104.34 104.33 104.32 104.31 104.32 104.31 104.31 104.31 104.29 104.29 104.29 104.29 104.30 104.31 104.32 104.33 104.34 104.34 104.35 104.35 104.38 104.40 104.41 104.41 104.43
106.45 106.53 106.56 106.69 106.66 106.74 106.63 106.62 106.60 106.50 106.50 106.49 106.37 106.24 106.17 106.15 106.17 106.18 106.18 106.14 106.14 106.19 106.34 106.39 106.36 106.31 106.32 106.21 106.30 106.14 106.39 106.42 106.24 106.23 106.21 106.20 106.15 106.10 106.14 106.14 106.10 106.14 106.10 106.07 106.03 106.00 105.99 105.92 105.87 105.81 105.67 105.83 105.63 105.36 105.38 105.31 105.19 105.06 105.00 104.97 105.13 104.63 104.69 104.44 104.37 104.35 104.30 104.27 104.25 104.22 104.14 104.08 104.13 104.11 103.86 103.81 103.74 103.65 103.62 103.76 103.48 103.31 103.29 103.20 103.18 103.18 103.20 103.23 103.26 103.28 103.32 103.33 103.35 103.36 103.37 103.74 103.65 103.82 103.71 103.91 103.91 103.91 103.99 104.00 104.04 104.12 104.19 104.34 104.43 104.49 104.36 104.35 104.38 104.41 104.43 104.42 104.48 104.51 104.58 104.59 104.66 104.71 104.73 104.78 104.86 104.85 104.86 104.94 105.02 105.00 105.07 105.08 105.10 105.16 105.30 105.45 105.55 105.71 105.63 105.44 105.28 105.23 105.20 105.16 105.11 105.11 105.06 104.80 104.77 104.75 104.75 104.76 104.80 104.79 104.79 104.80 104.87 104.98 105.07 105.07 105.15 105.23 105.33 105.37 105.50 105.60 105.70 105.75 105.90 105.94 106.12 106.12 106.14 106.13 106.24 106.13 105.88 106.03 106.44 106.68
105.85 105.85 105.87 105.87 105.89 105.89 105.91 105.96 105.97 105.96 105.97 105.97 105.99 106.06 105.99 105.91 105.92 106.04 106.03 106.04 106.05 106.07 106.10 106.12 106.11 106.12 106.16 106.28 106.35 106.52 106.89 106.93 106.91 106.90 106.95 106.76 106.97 106.83 106.78 106.73 106.99 107.30 107.23 107.24 106.99 106.95 106.82 106.71 106.61 106.51 106.54 106.42 106.39 106.35 106.62 106.71 106.40 106.20 106.26 106.67 106.48 105.51 105.36 105.40 105.53 105.61 105.45 105.55 105.53 105.12 105.23 105.10 104.81 104.73 104.78 104.53 104.84 105.10 105.37 105.01 104.84 104.76 104.81 104.82 104.91 104.76 104.69 104.56 104.54 104.66 104.55 104.58 104.70 104.68 104.68 104.69 104.70 104.75 104.81 104.92 104.89 105.01 105.31 105.61 105.53 105.48 105.46 105.48 105.45 105.51 105.61 105.68 105.73 105.81 105.58 105.65 105.77 105.79 105.71 105.61 105.60 105.64 105.68 105.78 105.90 105.99 106.00 105.93 105.93 105.87 105.82 105.79 105.75 105.76 105.80 105.92 106.55 107.84 108.32 108.01 107.25 106.91 106.77 106.80 106.28 106.02 105.91 105.79 105.85 105.91 105.78 105.81 105.86 106.02 106.20 106.27 106.31 106.34 106.31 106.32 106.30 106.12 105.95 105.88 105.85 105.96 106.03 106.12 106.26 106.47 106.20 106.26 106.21 106.15 106.07 106.05 106.02 106.02 105.90 105.85
105.94 105.97 105.99 106.01 106.02 106.03 106.04 106.07 106.09 106.12 106.14 106.18 106.21 106.24 106.23 106.23 106.25 106.29 106.33 106.36 106.39 106.43 106.48 106.52 106.58 106.64 106.70 106.77 106.89 107.03 106.96 106.79 106.76 106.70 106.83 106.95 106.92 106.86 106.94 107.02 106.73 106.73 106.74 106.74 106.77 106.80 106.77 107.36 107.49 107.58 107.48 107.50 107.40 107.40 107.42 107.37 107.30 107.64 107.76 107.78 107.24 107.63 107.51 107.38 107.78 107.44 107.46 107.43 107.90 107.48 107.83 108.12 108.35 108.36 108.15 107.96 108.01 107.99 107.96 108.07 108.03 107.97 107.77 107.80 107.82 107.71 107.63 107.59 107.65 107.63 107.32 107.31 107.43 107.90 107.35 107.25 107.12 107.06 107.10 106.95 107.20 106.60 106.78 106.49 106.95 107.24 107.31 107.03 106.90 106.93 106.97 107.13 107.45 107.56 107.67 107.65 107.16 107.17 107.08 107.05 106.96 106.96 106.59 106.50 106.57 106.63 106.63 106.47 106.46 106.62 106.55 106.57 106.76 106.79 107.03 107.72 108.72 108.62 108.66 108.64 108.66 107.19 107.04 107.09 107.04 107.19 107.14 107.05 107.02 107.01 106.94 106.80 106.67 106.61 106.55 106.40 106.34 106.41 106.77 107.20 107.77 108.08 107.54 106.89 106.03 106.03 105.70 105.62 105.60 105.62 105.78 106.02 106.56 106.52 106.19 105.96 105.88 105.85 105.87 105.91
106.32 106.40 106.41 106.57 106.29 106.37 106.42 106.48 106.54 106.61 106.68 106.77 106.96 107.01 106.77 106.76 106.81 106.88 106.93 106.98 107.03 107.08 107.10 107.15 107.20 107.26 107.34 107.38 107.41 107.46 107.52 107.71 107.68 107.71 107.85 107.79 107.52 107.57 107.54 107.57 107.79 107.59 107.21 107.27 107.08 106.92 106.99 107.20 107.27 107.14 107.32 107.21 107.48 108.54 108.15 108.40 108.74 108.12 108.71 108.60 108.19 108.35 108.43 108.39 108.41 108.36 108.43 108.44 108.33 108.22 108.35 108.14 107.91 107.93 107.96 107.99 107.93 107.94 107.89 107.92 108.46 107.80 107.59 107.54 107.50 107.53 107.51 107.51 107.48 107.46 107.44 107.46 107.33 107.12 106.88 106.54 105.84 105.12 105.98 106.13 106.65 107.03 106.97 107.12 107.48 107.73 107.91 108.20 108.15 108.00 107.72 108.10 108.26 108.44 108.43 108.53 108.58 108.69 108.65 108.63 108.60 108.66 108.57 108.48 108.45 108.52 107.98 108.03 108.12 108.21 108.30 108.60 108.68 108.81 108.88 108.85 108.82 108.00 106.98 106.75 106.69 106.63 106.59 106.79 106.89 106.90 106.82 107.00 107.11 107.22 107.38 107.49 107.63 107.35 107.50 107.79 107.99 107.59 107.42 107.47 108.08 107.81 107.41 107.40 107.58 107.52 108.03 107.23 106.33 105.99 106.03 106.21 106.37 106.64 106.99 106.21 106.35 106.35 106.14 106.21
106.74 106.80 106.82 106.96 106.94 106.89 106.90 106.94 106.96 107.20 107.04 107.15 107.22 107.25 107.36 107.53 107.43 107.71 107.32 107.60 107.44 107.48 107.45 108.03 108.58 107.30 107.85 108.48 108.22 108.36 108.27 108.27 108.24 108.26 108.32 108.35 108.35 108.33 108.21 108.16 108.17 107.87 108.64 108.78 107.57 107.79 107.77 107.61 107.55 107.93 108.24 107.84 108.76 108.51 108.60 108.87 109.19 107.59 108.41 107.78 108.72 108.40 107.61 108.17 108.19 108.61 108.66 108.57 108.54 108.49 108.43 108.46 108.44 108.46 108.43 108.39 108.42 108.48 108.43 108.15 108.27 108.48 108.14 108.09 108.12 108.38 107.95 108.17 107.97 108.00 108.07 107.91 107.82 107.46 106.53 106.53 106.07 106.59 107.21 107.56 107.47 107.79 107.85 107.95 108.05 108.34 108.10 108.25 107.93 108.27 107.74 108.11 107.90 107.90 107.47 107.35 108.25 108.47 108.83 108.90 108.97 108.95 108.98 108.95 109.01 108.96 108.91 108.97 108.94 109.00 108.91 108.89 109.00 108.97 108.98 108.99 109.09 109.12 109.03 109.03 109.03 109.09 108.65 108.13 108.38 107.67 107.06 107.06 107.06 106.95 107.03 107.16 107.67 109.18 108.97 107.79 107.55 108.24 106.80 106.83 107.58 106.91 106.57 106.42 106.35 106.48 106.31 106.77 106.47 106.43 106.45 106.52 106.67 106.32 106.23 106.37 106.49 106.62 106.63 106.65
107.74 107.41 107.32 107.29 107.18 107.51 107.46 107.89 107.83 107.88 107.86 107.90 108.32 108.08 108.01 108.09 108.23 108.23 108.36 108.17 108.08 108.15 108.08 108.22 108.13 108.29 108.54 108.65 108.45 108.59 108.55 108.58 108.59 108.58 108.57 108.59 108.55 108.58 108.55 108.55 108.53 108.56 108.46 108.29 108.20 107.94 107.32 108.16 107.20 107.51 108.48 108.22 108.03 107.40 107.59 107.85 108.06 108.01 108.18 108.14 108.50 108.73 108.50 108.59 108.84 108.88 108.85 108.90 108.91 108.86 108.81 108.79 108.72 108.74 108.70 108.70 108.67 108.54 108.28 108.30 108.22 108.04 107.97 107.79 108.07 108.30 108.13 108.17 107.93 108.07 108.08 108.00 107.57 107.37 107.22 107.01 106.46 106.03 107.32 108.71 109.18 109.41 109.41 107.90 108.24 108.08 108.11 108.33 108.00 108.40 108.07 108.01 107.93 108.47 108.93 108.69 108.00 107.83 107.33 107.06 106.94 106.49 106.34 106.96 107.72 108.29 108.66 108.64 108.51 108.25 107.55 108.38 108.61 107.70 108.41 108.68 109.07 108.94 108.62 108.49 108.07 108.10 107.84 108.42 109.18 109.10 108.88 108.72 107.86 107.91 108.00 107.06 107.90 108.31 108.31 107.29 106.86 106.96 106.70 106.74 106.86 106.67 106.67 106.97 106.83 106.77 106.92 107.03 107.08 107.06 106.94 107.06 107.33 106.94 106.97 107.04 107.28 107.48 107.60 107.38
108.05 108.19 107.90 108.08 107.85 107.84 107.98 108.87 108.26 108.17 109.38 109.81 108.47 108.63 108.64 108.78 108.50 108.65 108.64 108.41 108.41 108.71 108.72 108.92 108.72 108.81 108.87 108.90 108.86 108.82 108.82 108.80 108.84 108.78 108.24 108.69 108.71 108.69 108.65 108.64 108.57 108.51 108.52 108.54 108.59 108.67 108.57 108.45 108.22 108.07 108.20 107.56 107.39 107.83 108.49 108.59 108.50 108.91 109.11 109.15 109.20 109.17 109.11 109.05 109.01 109.01 108.97 108.72 108.96 108.82 108.65 108.46 108.42 108.21 108.14 108.24 108.14 108.37 108.15 108.18 108.26 108.31 108.43 108.19 108.60 108.30 108.29 108.49 108.27 108.27 108.15 107.78 107.63 107.98 108.16 108.19 108.20 108.20 108.28 108.12 107.92 108.04 108.04 107.98 108.36 108.43 108.44 108.24 108.20 108.06 107.95 107.74 107.20 107.46 107.61 106.98 107.44 107.27 107.01 107.20 106.91 106.83 107.67 108.06 107.84 107.83 109.18 107.34 107.57 107.58 107.72 108.33 108.20 108.03 107.95 107.72 108.10 106.93 106.52 106.06 105.99 106.70 109.42 109.20 109.35 107.81 108.63 107.88 108.82 109.24 109.06 108.97 108.89 108.93 109.09 107.69 106.45 106.40 106.38 106.40 106.37 106.55 107.33 107.20 107.43 106.70 106.78 107.00 107.09 107.09 107.19 107.21 107.26 107.56 107.57 107.66 107.82 107.75 107.82 107.89
109.50 108.08 108.89 108.88 108.73 108.35 109.29 108.89 108.93 108.92 108.40 108.00 109.27 108.34 108.70 108.93 108.87 108.86 108.77 108.62 108.42 108.00 109.28 107.76 108.05 109.10 108.78 108.76 108.79 108.86 108.89 108.88 109.00 108.54 108.47 108.06 108.33 108.79 108.64 108.71 108.71 108.75 108.64 108.70 108.75 108.74 108.75 108.44 109.17 110.34 110.33 110.53 110.46 108.46 109.11 109.12 109.34 109.40 109.43 109.46 109.47 109.44 109.36 109.24 109.29 108.80 108.99 109.24 109.28 109.28 109.21 108.86 108.60 108.76 108.59 108.44 108.35 108.50 108.76 108.29 108.30 108.31 108.36 108.76 108.55 108.85 109.03 108.97 108.82 108.88 108.43 108.38 107.94 108.40 108.37 108.49 108.71 108.74 108.73 108.69 108.74 108.74 108.85 108.79 108.69 108.60 108.78 108.19 108.10 107.91 107.37 106.94 107.24 107.76 108.29 107.92 108.17 108.02 108.14 107.69 107.86 107.38 107.13 107.03 107.42 107.37 107.78 107.81 108.14 108.10 108.04 108.19 108.25 108.39 108.52 108.54 108.52 108.70 108.27 107.81 108.35 106.69 106.89 107.63 107.75 107.82 107.91 108.25 109.18 108.73 108.44 107.44 108.42 108.98 109.38 109.57 108.80 107.54 106.50 107.00 106.71 107.07 107.68 107.81 106.95 107.31 107.85 108.03 107.84 108.32 109.35 109.02 108.53 108.36 108.38 108.30 108.51 108.26 108.33 109.37
109.29 109.36 109.50 109.59 109.69 109.92 110.11 110.01 110.03 110.07 110.08 109.19 108.36 107.97 107.19 107.21 108.03 108.23 109.61 108.53 108.61 108.39 108.13 108.23 110.56 108.99 108.96 108.99 108.85 108.58 108.69 108.56 108.55 108.79 108.69 108.63 108.53 108.92 108.72 108.74 108.90 108.69 108.87 108.75 108.81 108.85 108.49 108.25 108.33 109.50 110.38 110.20 110.63 108.24 109.33 109.51 109.58 109.66 109.56 109.59 109.69 109.26 109.10 109.25 109.41 109.51 109.61 109.35 109.37 108.27 108.62 108.88 108.69 108.91 108.54 108.80 108.58 108.00 107.75 107.58 107.46 108.66 108.59 108.57 108.80 108.82 109.00 108.75 109.08 108.87 109.52 109.37 108.83 108.94 108.93 108.71 108.60 107.85 108.58 108.93 109.12 108.76 108.81 108.83 108.80 108.86 108.41 107.35 107.69 108.09 108.13 108.26 108.26 108.47 108.49 108.36 108.68 108.44 108.59 108.69 108.58 108.84 108.88 108.61 108.87 108.36 107.59 107.85 109.42 109.42 108.12 108.37 108.14 106.82 107.77 108.03 108.16 107.65 107.24 107.65 108.20 107.45 108.50 108.65 109.00 109.04 108.99 108.60 108.61 108.87 109.23 109.11 109.44 109.18 110.26 110.55 110.45 109.97 109.48 109.14 109.48 109.24 108.96 109.42 109.67 109.58 109.57 109.34 109.14 109.81 109.23 109.64 109.49 109.54 108.84 108.83 108.91 109.03 108.55 109.26
108.58 108.68 109.13 109.46 108.89 110.79 110.55 110.07 110.28 110.25 110.19 109.92 109.12 109.26 108.74 109.02 107.56 107.79 108.31 108.86 109.32 109.02 108.69 108.59 108.37 109.23 108.89 109.10 108.61 109.39 108.18 108.28 108.16 108.50 108.55 108.66 108.99 109.02 109.14 109.14 109.24 109.13 109.10 109.17 109.18 109.97 108.91 109.30 109.31 109.27 109.33 109.50 109.50 109.65 109.67 109.59 109.63 109.66 109.39 109.39 109.14 109.63 109.58 109.78 109.60 109.31 108.55 108.59 108.67 108.67 108.62 108.81 108.77 109.03 109.17 109.45 109.25 108.51 107.87 108.19 108.36 108.95 108.97 108.42 108.38 108.10 108.19 108.12 108.45 108.79 108.82 108.98 107.91 109.02 109.12 109.01 109.19 109.18 109.16 109.22 109.15 109.10 109.19 109.07 108.78 108.40 107.52 108.90 109.14 108.98 108.74 108.49 108.61 108.45 108.62 108.00 107.92 108.61 109.10 109.36 109.62 109.41 109.45 109.57 109.54 109.41 108.90 108.34 107.98 108.05 108.71 108.55 108.51 108.55 109.75 108.33 106.78 107.23 107.42 107.56 107.80 107.78 107.31 107.45 108.09 108.67 108.83 108.49 109.13 109.23 109.23 109.35 108.72 106.68 109.24 110.32 110.09 107.41 110.37 110.24 110.14 109.82 109.72 109.62 109.29 108.93 108.63 108.75 107.82 107.50 108.69 109.51 109.41 109.16 108.97 108.76 108.63 108.51 108.78 108.77
110.56 108.58 108.25 109.18 109.20 109.33 109.36 110.16 110.16 110.33 110.40 110.40 110.20 110.03 109.56 109.17 108.78 108.23 108.12 107.78 107.77 107.44 107.84 107.87 108.33 108.28 108.13 108.03 108.70 107.73 107.75 107.82 108.52 110.43 108.34 108.63 108.65 109.64 109.12 109.16 109.29 109.27 109.22 109.24 109.26 109.32 109.27 109.41 109.42 109.34 109.38 109.50 109.55 109.55 109.44 109.65 109.85 109.67 109.77 109.64 108.93 109.42 109.73 109.72 109.39 109.14 111.28 111.27 110.79 108.72 108.93 109.01 109.09 109.34 109.56 109.07 108.65 107.99 108.08 107.69 108.08 108.11 108.60 108.49 108.89 108.74 108.89 108.91 108.88 108.88 108.93 109.13 109.02 109.21 109.13 109.29 109.13 109.07 109.10 108.86 108.89 108.00 107.75 107.79 107.38 108.01 109.65 110.34 110.24 109.64 109.47 108.89 108.93 108.47 108.66 108.51 108.98 109.18 109.53 109.57 109.52 109.50 109.58 109.56 109.44 109.78 109.75 109.96 109.98 109.34 108.42 107.66 108.41 108.69 107.75 107.55 107.42 106.97 107.65 106.75 107.06 107.52 107.53 108.69 108.30 108.22 107.62 108.03 108.59 109.02 109.42 109.62 109.23 109.48 109.66 109.73 109.79 109.79 109.37 109.61 109.55 109.65 109.40 109.11 109.47 109.40 109.41 109.39 109.31 108.76 109.59 109.27 109.20 108.94 108.35 109.12 108.25 108.22 108.30 108.91
108.84 108.33 107.93 108.48 108.51 109.64 109.77 110.32 110.19 110.28 110.26 110.42 110.44 110.45 110.33 110.09 109.91 109.83 109.71 109.30 108.65 108.48 108.58 108.30 108.75 108.64 108.22 109.23 109.01 108.28 108.01 108.40 108.12 108.42 108.66 108.83 108.86 108.95 108.97 109.25 109.28 109.41 109.45 109.45 109.56 109.60 109.56 109.54 109.56 109.55 109.40 109.28 109.16 109.30 109.47 109.65 109.65 109.66 109.50 108.37 109.76 109.88 110.10 110.36 109.45 109.89 109.83 109.90 109.15 109.05 109.35 109.19 109.30 109.48 109.77 109.61 108.97 108.74 108.26 107.86 107.89 108.28 109.39 108.69 108.91 108.96 108.94 108.84 108.51 108.99 108.99 109.03 108.96 109.19 108.94 109.23 109.56 109.33 108.97 109.08 108.75 108.80 108.63 108.48 108.00 108.39 108.18 108.49 108.61 108.44 108.38 108.19 108.30 109.03 109.39 110.09 110.01 109.73 109.48 109.33 109.33 109.58 109.82 109.75 109.94 109.85 109.79 109.88 109.87 110.09 108.73 108.68 108.63 108.49 110.56 107.92 107.89 108.06 108.67 107.21 107.18 107.23 107.85 107.91 107.98 107.45 107.30 108.87 108.53 108.04 109.14 108.92 108.82 109.53 109.51 107.62 108.39 108.65 109.46 109.06 108.28 108.50 109.53 109.03 109.38 109.76 109.54 109.65 109.57 109.51 109.04 108.91 108.69 107.91 109.17 109.48 108.92 108.70 108.22 108.09
108.90 108.86 109.40 108.49 108.11 108.69 109.41 109.55 109.91 109.80 110.18 109.96 110.42 110.27 110.31 110.12 110.23 110.28 110.20 109.55 108.84 108.80 108.45 108.59 108.46 108.65 108.66 108.42 108.35 108.46 108.37 108.57 108.88 108.90 108.84 108.54 108.30 108.76 109.29 108.91 109.50 109.06 108.79 109.32 109.39 109.35 109.07 109.48 109.37 109.33 109.05 109.15 109.53 110.04 109.60 108.64 109.24 110.04 109.83 109.89 109.79 109.76 109.95 110.25 110.74 110.39 109.39 110.47 109.22 109.96 109.60 109.32 109.39 109.22 109.37 110.06 110.27 110.11 110.01 109.48 109.22 108.70 108.83 108.80 108.83 108.89 109.07 109.06 109.06 108.99 108.96 108.98 109.13 109.03 109.10 108.83 109.02 109.12 108.90 109.25 109.29 108.89 108.99 109.26 109.05 108.71 108.43 108.11 108.14 107.82 108.45 108.58 109.01 109.80 110.40 110.48 110.51 110.14 109.84 109.72 109.64 109.57 109.66 109.70 110.04 110.14 109.97 109.91 109.96 110.07 109.80 108.97 108.82 109.23 108.68 108.11 107.81 108.05 107.83 106.84 109.18 107.62 108.48 108.35 108.32 107.92 107.74 107.55 107.24 107.70 108.13 108.67 108.42 108.58 109.09 109.58 109.95 110.00 109.61 109.45 108.76 108.89 109.18 109.18 109.05 107.89 107.80 108.26 108.92 109.32 109.50 109.60 109.34 109.73 109.68 108.44 109.07 109.22 109.15 109.53
109.98 108.67 108.10 108.93 109.36 109.63 109.59 108.64 108.81 109.11 108.47 108.80 109.62 108.82 111.10 108.94 109.48 109.39 110.19 109.75 109.63 109.57 109.61 108.73 108.49 108.21 109.69 109.19 108.46 108.59 109.22 109.65 109.70 109.53 109.52 109.11 108.58 108.87 108.77 108.75 109.35 108.36 108.93 109.39 108.96 107.66 109.67 109.90 109.96 109.87 109.83 110.04 110.00 109.50 108.92 110.29 110.29 109.95 110.28 110.24 110.12 109.85 110.03 110.11 110.48 110.91 110.54 109.66 110.71 110.75 110.49 110.07 108.82 109.92 110.24 109.55 109.44 109.60 109.43 109.07 107.91 107.93 108.85 109.22 108.88 108.77 108.59 109.00 109.16 109.10 109.19 109.07 109.10 109.35 109.20 109.28 109.20 108.95 109.14 109.30 109.41 109.20 109.08 109.06 108.27 109.06 108.91 108.93 108.94 109.07 109.20 109.27 109.40 109.67 110.05 110.14 109.36 109.27 109.37 109.06 110.98 110.14 109.11 109.46 109.75 109.85 110.16 110.30 109.80 110.24 110.79 110.42 107.23 110.14 109.95 109.70 108.17 108.50 108.48 109.09 107.98 107.91 107.83 107.97 108.05 107.92 107.93 107.63 107.97 107.74 107.98 107.92 108.07 108.27 108.36 109.81 110.63 110.56 110.55 110.36 110.09 109.73 109.44 109.14 109.08 108.61 108.06 108.41 108.53 107.24 108.28 109.31 109.49 109.11 107.74 108.23 108.48 109.72 109.78 109.73
110.18 109.47 109.23 109.66 109.68 109.41 107.68 108.64 108.93 108.62 109.32 108.60 108.94 107.84 109.23 109.80 109.37 109.54 109.13 109.56 109.79 109.82 109.40 109.20 108.08 108.66 108.93 109.01 109.58 108.63 108.93 109.86 109.98 109.54 109.96 109.61 108.89 108.21 108.04 108.28 108.67 109.46 109.88 109.81 109.70 109.22 109.94 110.14 110.40 110.37 110.39 110.40 110.47 110.52 110.12 109.84 110.01 109.74 110.18 110.34 109.88 109.41 110.38 110.30 109.36 110.83 109.33 110.21 110.68 108.57 109.09 110.22 111.12 109.87 110.66 109.69 109.77 109.33 109.04 109.13 108.35 108.49 108.90 108.57 108.64 109.24 108.99 108.91 109.45 107.78 108.99 109.33 109.44 109.28 109.95 109.01 108.89 108.92 110.37 108.83 108.70 109.30 109.07 109.09 109.18 109.24 109.18 109.06 109.01 109.45 109.53 109.81 109.90 109.88 109.60 109.00 109.03 109.19 108.70 108.12 108.18 108.19 109.15 109.76 110.37 110.54 110.67 110.54 110.69 110.98 110.63 110.61 110.17 109.90 110.13 109.83 109.25 107.79 107.15 107.57 110.36 110.12 107.31 107.33 109.19 107.73 107.90 107.04 107.83 108.25 107.49 107.57 108.33 109.29 109.72 110.03 110.31 110.22 110.39 110.38 110.36 110.27 110.10 109.90 109.32 108.90 108.43 108.34 108.63 108.37 109.79 107.57 108.60 108.86 108.43 109.32 109.63 109.34 109.74 109.96
109.94 110.01 110.27 110.64 110.03 108.31 108.86 108.63 108.07 108.16 108.31 110.55 108.22 108.38 107.86 107.97 108.88 109.54 108.95 108.79 110.44 108.86 108.90 108.87 107.89 108.75 109.11 109.07 109.02 107.95 107.28 109.90 109.60 109.76 109.74 109.38 109.58 108.79 108.54 108.64 108.37 109.13 109.42 109.60 109.73 109.36 108.73 108.62 109.76 110.43 110.48 110.56 110.36 110.35 110.05 109.18 108.90 108.91 108.54 108.31 109.16 110.99 109.62 108.82 110.57 111.16 110.88 109.63 111.32 107.04 111.30 109.71 108.94 109.95 109.43 110.73 111.03 110.65 110.17 111.17 111.22 110.05 109.02 109.13 109.47 109.07 109.15 108.80 108.72 109.16 109.24 109.35 108.94 108.51 108.52 108.42 108.44 108.57 109.15 108.54 108.18 108.39 108.37 108.45 108.39 109.22 109.26 109.49 109.70 109.86 110.00 110.17 110.35 110.44 110.21 109.72 109.88 109.87 110.10 109.61 109.44 109.74 110.45 110.95 111.23 111.20 111.23 111.21 111.21 111.28 110.98 110.85 110.53 110.82 110.74 110.65 110.58 109.95 107.54 108.98 110.31 110.74 107.96 108.23 108.97 108.76 108.25 107.95 107.89 108.31 108.87 109.09 109.33 109.01 109.67 109.34 110.02 109.25 108.15 108.46 110.14 110.32 110.24 109.84 109.28 108.90 108.53 108.49 108.62 108.53 108.14 107.97 108.61 108.71 110.00 108.58 108.56 108.70 109.11 109.84
110.07 110.11 110.29 110.39 109.57 109.51 109.39 108.82 108.58 109.25 109.19 109.05 108.79 108.90 108.41 108.74 109.48 109.37 109.41 109.35 108.66 107.76 107.74 110.34 107.67 108.80 109.25 109.27 109.25 108.87 108.56 109.73 109.73 109.59 109.87 109.37 109.02 108.68 108.16 108.02 108.16 108.00 107.92 108.19 109.20 108.81 108.57 109.03 109.75 110.10 110.44 110.48 110.54 109.90 109.44 108.17 108.63 108.04 108.42 110.68 109.07 111.20 111.32 110.69 109.12 111.46 111.30 111.37 111.30 111.29 111.29 111.22 108.69 109.43 110.95 110.03 109.72 110.77 110.57 110.48 109.77 109.33 109.54 109.50 109.36 109.15 109.17 108.82 108.98 108.56 108.87 109.12 109.46 109.00 109.13 109.76 110.76 109.12 109.05 109.18 109.14 109.03 108.24 108.44 108.17 108.50 109.50 109.62 109.93 110.18 110.37 110.52 110.79 111.00 110.95 111.12 111.21 111.29 111.31 111.35 111.33 111.34 111.32 111.31 111.31 111.33 111.36 111.37 111.30 111.34 111.28 111.21 111.05 110.76 111.05 110.95 108.95 110.06 109.88 109.44 109.20 108.98 109.15 109.24 107.92 108.46 108.62 108.62 109.06 109.45 109.89 109.90 110.71 110.40 109.41 109.64 109.92 108.20 108.44 110.29 109.89 109.62 109.39 109.48 108.98 108.82 109.03 109.27 109.61 109.31 109.31 108.48 109.49 108.95 108.62 108.71 109.01 109.57 109.60 109.96
110.13 109.61 109.71 110.51 110.77 108.75 109.73 109.89 109.86 109.59 109.77 109.10 108.82 109.27 109.23 109.24 108.88 109.38 109.26 109.40 109.23 108.37 107.94 109.33 108.76 109.11 110.49 109.07 109.32 109.08 109.52 109.35 109.37 109.74 109.50 109.48 109.44 108.41 108.02 107.98 107.84 108.02 108.60 108.87 109.16 109.35 109.56 109.50 110.53 111.21 109.06 109.15 109.55 109.25 109.44 110.10 109.85 108.89 108.72 109.88 109.23 111.28 111.32 111.36 111.47 111.33 111.29 111.29 111.30 111.30 111.30 111.29 111.37 111.31 110.47 110.22 110.59 110.95 110.00 110.31 110.56 110.33 110.13 109.87 109.55 110.69 109.77 109.19 109.37 109.42 108.99 108.89 108.72 109.33 108.61 108.40 108.81 108.93 109.05 108.87 109.07 109.20 108.60 107.65 109.25 108.93 109.17 109.62 109.79 109.88 110.52 110.74 111.08 111.26 111.32 111.39 111.35 111.32 111.30 111.56 112.02 112.48 112.69 112.78 112.83 112.29 112.11 112.18 112.18 112.13 111.43 111.38 111.38 111.34 110.98 111.17 111.24 110.96 109.54 109.56 109.78 109.16 109.29 108.84 109.08 109.98 108.97 108.96 109.07 108.79 109.13 109.63 110.13 110.40 111.07 109.99 109.82 108.01 110.31 109.82 110.03 110.08 110.09 109.64 109.32 109.25 108.84 109.28 108.51 109.27 109.56 108.72 108.02 108.01 108.74 109.50 109.58 109.72 110.03 110.12
109.97 109.75 109.33 109.44 110.18 109.97 109.85 108.86 110.09 109.46 109.01 109.33 109.14 109.44 109.24 109.11 109.23 108.41 109.05 109.15 108.89 108.44 107.88 107.67 107.30 108.76 108.35 108.83 109.22 109.23 109.10 109.34 108.98 108.89 109.11 108.79 108.82 108.66 108.32 107.43 107.40 107.22 107.65 108.88 109.13 109.38 109.52 109.08 110.61 111.06 108.99 108.95 108.37 108.03 109.31 110.52 110.75 110.71 109.51 108.73 108.76 109.03 111.34 111.30 111.30 111.29 111.33 111.29 111.29 111.29 111.29 111.38 111.37 111.36 111.32 111.30 110.60 110.68 110.20 110.23 110.42 110.28 109.74 109.47 109.17 109.90 108.92 109.04 109.33 109.28 109.22 109.29 109.44 109.53 109.15 108.65 108.78 108.88 108.97 108.47 109.22 108.81 108.42 108.96 108.78 109.01 109.44 109.83 110.15 110.19 110.90 111.09 111.15 111.37 111.38 111.32 111.30 111.54 112.11 112.97 113.29 113.80 113.99 114.27 114.24 114.26 114.00 114.00 113.83 113.58 114.00 113.35 111.40 111.31 111.31 111.32 110.63 109.09 108.23 110.18 109.76 108.98 110.20 108.94 108.27 108.57 109.00 109.71 109.40 109.53 110.01 110.06 109.91 109.78 109.02 109.79 109.86 110.05 109.93 109.95 109.87 109.28 109.44 109.92 109.85 109.58 108.94 109.85 109.35 109.78 109.30 108.81 109.36 108.61 108.75 109.13 109.32 109.62 109.74 109.93
108.86 109.17 108.99 109.50 110.48 110.73 110.89 109.86 109.87 108.65 109.20 108.63 108.61 108.42 108.78 108.55 108.47 108.52 107.68 107.97 108.36 108.67 107.77 107.60 108.34 108.08 108.52 109.21 109.18 109.18 108.96 109.25 108.82 107.41 107.39 107.61 107.96 107.96 108.02 107.44 107.25 107.34 107.53 108.53 108.97 109.22 109.27 109.27 109.20 109.06 108.83 108.44 107.88 107.64 107.94 108.47 109.79 109.88 109.04 108.78 110.94 111.21 111.32 111.37 111.30 111.34 111.29 111.29 111.29 111.31 111.31 111.30 111.33 110.92 111.11 110.31 110.25 110.65 110.15 110.31 110.31 110.20 109.84 109.38 109.41 108.83 109.00 110.76 109.88 109.34 109.08 109.25 109.99 110.01 109.28 108.97 108.17 109.47 108.58 108.56 108.49 108.50 108.85 109.30 109.42 108.94 108.88 109.88 110.15 110.56 110.08 110.87 111.34 111.37 111.32 111.57 112.17 112.60 113.33 113.83 114.64 115.14 114.62 114.57 113.41 114.06 114.18 114.31 114.14 114.09 114.13 114.17 113.91 113.32 111.95 111.33 111.27 110.54 110.98 110.42 110.72 109.89 108.67 109.33 109.54 108.43 109.24 108.97 109.59 109.78 108.98 109.57 109.56 109.51 109.35 109.89 109.62 109.36 108.94 108.97 107.56 108.49 109.40 109.25 108.85 109.53 110.03 110.40 109.62 110.39 110.25 109.87 109.80 109.18 108.66 108.16 108.40 108.68 109.14 109.35
108.63 109.23 108.92 108.87 109.74 110.45 109.60 108.96 109.59 109.06 108.67 108.81 107.64 109.21 107.85 108.12 107.19 107.46 108.35 108.10 108.68 107.94 108.35 108.73 108.67 109.22 108.45 108.88 109.11 109.08 109.10 109.09 109.18 108.19 107.96 108.13 108.48 108.55 108.53 108.19 107.71 107.58 107.98 108.12 107.98 108.73 108.75 108.87 108.63 108.68 108.27 108.08 107.65 107.63 107.55 107.94 108.32 108.29 108.94 109.52 108.37 110.60 110.12 111.24 111.28 111.30 111.32 111.31 111.30 111.32 111.31 111.29 111.31 110.95 111.28 111.25 110.34 110.25 109.97 109.28 110.12 109.80 109.66 109.58 109.14 109.19 108.87 109.18 109.58 109.42 109.54 109.54 110.23 109.46 109.15 108.26 108.64 108.45 108.86 109.56 108.60 108.13 108.41 108.83 109.98 110.01 109.43 109.85 110.44 110.32 110.08 110.54 111.25 111.18 112.19 113.46 113.97 114.89 115.42 114.55 114.00 114.33 114.77 114.62 114.11 113.73 113.46 113.92 114.14 114.01 114.03 113.81 113.83 113.73 113.11 112.05 111.38 111.38 111.19 111.02 110.89 110.73 110.01 109.42 110.15 110.12 109.42 109.89 109.80 109.81 109.83 109.10 108.90 109.36 108.86 109.21 109.29 108.57 108.14 108.95 109.88 110.04 108.86 108.77 109.40 110.10 109.91 110.16 110.41 110.27 110.20 110.11 109.03 109.05 108.67 109.36 108.93 108.75 109.22 109.06
109.27 109.37 109.18 109.25 109.59 109.54 109.69 109.73 109.87 108.83 108.52 109.17 108.54 108.30 108.40 108.41 109.58 108.31 108.79 108.93 108.65 109.00 109.77 108.51 108.96 109.27 109.04 108.88 108.89 108.84 108.68 108.80 108.70 108.46 108.46 108.42 108.46 108.50 108.64 108.66 108.26 108.15 108.36 108.25 108.23 108.48 108.49 108.24 108.04 107.82 107.72 107.71 107.64 107.09 106.88 108.15 108.65 108.83 109.32 109.68 110.13 110.08 110.62 110.79 110.64 111.36 111.30 111.87 111.78 111.39 111.33 111.29 111.38 111.35 111.20 111.33 110.11 110.03 109.97 111.03 109.50 109.75 109.37 109.30 109.19 109.05 109.04 109.68 109.64 109.50 109.33 109.44 109.73 109.39 109.10 109.22 108.72 108.75 108.67 109.60 107.66 108.45 108.68 108.78 109.58 108.76 109.54 109.86 110.17 110.20 110.34 110.22 111.27 111.48 113.52 114.10 115.27 115.41 114.66 115.14 114.88 115.18 114.95 114.92 114.62 115.06 115.19 114.07 113.88 114.45 114.01 113.89 113.89 113.74 113.08 112.72 111.60 111.34 111.33 111.18 110.91 111.06 108.69 110.19 110.22 109.86 110.02 109.64 109.44 109.89 109.47 109.21 109.56 109.18 109.28 108.85 108.56 108.66 108.04 107.19 108.62 108.37 109.01 110.11 110.27 110.15 109.48 110.34 109.65 109.74 110.12 109.97 109.03 109.07 109.20 108.12 108.18 108.90 109.15 109.03
109.97 108.97 110.13 109.63 109.96 109.52 109.66 109.61 109.31 109.00 108.52 108.61 108.36 108.13 108.53 108.57 109.03 109.13 108.96 108.92 108.31 108.59 108.83 108.84 108.49 108.93 109.05 109.05 108.24 108.59 108.42 108.75 108.80 108.27 108.36 108.35 108.40 108.53 108.76 108.88 108.18 107.89 106.76 106.83 107.77 108.22 108.05 107.77 107.82 107.51 107.37 107.39 107.27 107.37 107.41 108.28 108.40 108.63 108.76 109.24 109.24 109.38 109.98 109.36 111.09 110.98 111.38 111.38 111.36 111.34 111.37 111.37 111.13 111.36 111.26 110.30 110.15 110.37 110.18 110.32 109.99 111.33 109.38 109.63 109.40 109.39 109.19 109.75 109.69 109.35 109.23 109.45 109.51 109.37 109.31 108.98 109.26 108.92 109.35 108.69 108.59 108.72 108.51 108.01 108.09 108.54 109.42 110.39 109.71 110.03 110.16 110.32 111.33 111.90 113.91 114.96 114.93 114.59 114.89 115.34 115.06 115.03 114.68 115.08 114.98 114.14 114.33 114.22 114.53 114.20 113.98 113.93 113.69 113.32 112.26 112.15 111.63 111.29 111.19 111.33 111.19 111.23 110.93 110.83 110.54 110.29 110.01 109.75 109.78 110.58 110.10 109.90 109.81 109.33 109.25 108.88 108.51 108.49 108.57 108.60 108.32 108.46 109.31 110.33 110.56 110.51 110.27 110.12 109.63 109.90 109.87 110.04 108.35 109.31 109.36 110.28 108.94 109.25 109.65 109.58
110.20 110.08 110.12 110.58 110.32 109.40 109.53 109.41 110.16 110.60 111.26 111.12 109.66 108.65 108.97 108.83 108.27 108.59 108.23 108.66 108.23 108.91 108.85 108.83 108.59 107.59 108.22 108.45 108.73 108.18 108.03 108.35 108.13 108.14 107.87 108.23 108.32 108.54 108.59 106.23 105.89 105.69 103.84 103.57 103.66 106.04 106.04 106.05 106.90 107.30 106.98 107.42 107.11 107.32 107.27 107.35 107.46 108.07 109.14 108.95 108.53 107.88 109.54 110.34 110.30 110.96 110.97 111.21 111.39 111.39 111.36 111.15 111.36 110.82 110.89 110.88 110.63 111.38 110.52 109.96 110.22 110.04 109.59 109.59 109.34 109.35 109.52 109.88 109.86 109.66 109.32 109.58 109.19 109.24 109.38 108.73 108.52 109.14 109.05 108.88 108.46 108.56 107.95 107.66 109.63 108.72 109.19 109.91 109.93 109.95 110.26 110.63 111.34 111.95 113.53 114.99 114.98 114.15 115.14 115.18 115.15 114.91 115.22 115.37 114.83 114.14 114.54 114.63 114.34 114.53 114.23 113.88 113.08 112.44 112.15 111.90 111.39 111.31 111.38 111.34 111.35 110.61 110.36 110.70 109.45 109.56 110.04 110.18 110.25 110.19 110.07 110.06 110.06 109.25 109.08 109.00 108.70 109.21 109.14 108.85 108.78 108.70 109.48 109.98 110.17 110.03 110.14 110.03 109.09 109.64 109.65 108.71 108.59 109.49 109.39 109.52 109.57 109.85 110.10 109.66
110.00 110.16 109.79 109.31 110.40 109.29 109.84 109.67 108.76 109.31 110.85 110.83 109.08 108.67 109.40 109.03 109.35 108.77 109.07 109.15 109.36 108.45 109.39 109.38 109.04 109.04 108.77 108.43 108.61 108.47 108.32 106.23 107.43 107.90 107.91 108.12 108.29 108.26 107.44 107.26 106.60 105.23 104.87 104.96 105.35 105.48 105.38 105.65 105.03 106.19 106.98 107.01 107.05 107.17 107.34 107.39 107.67 108.06 108.16 108.77 108.80 109.00 108.45 108.74 109.71 109.04 110.44 111.36 111.32 111.21 111.30 111.30 110.98 110.80 110.96 110.82 110.72 110.46 110.25 110.27 110.18 110.19 109.97 109.71 109.65 109.34 109.79 110.14 109.70 109.62 109.91 109.96 109.83 109.24 109.51 109.01 109.01 108.95 108.89 109.43 108.55 108.79 108.31 108.44 108.33 108.28 109.17 109.70 110.02 110.07 110.08 110.86 111.36 111.31 113.26 115.10 115.41 115.25 114.70 115.05 115.41 115.22 115.34 115.37 114.98 114.55 114.98 114.64 114.78 114.32 113.99 113.36 112.59 112.22 111.74 111.50 111.40 111.39 111.38 111.09 110.99 110.31 110.24 110.12 110.09 110.35 110.46 110.30 109.37 110.12 110.19 110.31 109.99 109.75 109.29 109.61 109.29 108.92 109.64 109.43 109.05 108.89 108.93 109.21 109.65 109.81 110.36 110.12 109.74 109.69 109.84 109.58 110.02 109.89 109.92 109.55 109.73 110.04 110.24 110.40
110.40 110.16 110.16 109.67 110.97 110.63 110.09 109.06 108.43 107.70 107.36 108.48 108.32 109.37 109.88 109.83 109.83 109.83 109.61 109.48 109.47 109.44 109.03 109.28 108.88 108.44 108.54 108.01 107.87 108.49 108.35 107.33 107.50 106.83 107.62 106.64 107.28 105.24 105.37 107.22 105.17 104.37 105.71 105.74 105.64 105.59 105.81 106.56 105.90 105.87 105.64 106.30 106.96 107.51 107.53 107.67 107.56 108.22 108.38 108.20 108.18 109.10 109.09 109.55 110.14 110.10 110.63 110.86 109.12 111.05 110.74 110.84 110.91 111.00 110.86 110.69 110.55 110.52 110.52 110.24 109.93 109.73 109.35 110.99 109.76 109.48 109.49 109.35 110.04 109.63 109.80 109.98 109.91 109.62 109.04 109.39 108.92 108.82 109.33 109.26 108.51 108.46 108.27 108.48 108.71 108.68 110.48 109.28 109.91 110.21 110.29 110.43 111.00 111.31 112.02 114.56 115.45 115.80 116.13 115.10 115.18 115.20 114.64 115.33 114.72 114.81 114.56 114.68 114.60 114.45 114.21 113.02 112.12 111.79 111.42 111.32 111.30 111.38 111.31 111.17 110.45 110.55 109.91 109.94 109.75 109.92 110.29 110.33 110.28 110.11 110.33 110.14 110.02 109.94 109.73 109.77 110.05 109.79 109.66 108.80 109.21 109.15 108.61 108.59 109.44 109.69 110.32 109.78 109.82 110.00 110.18 110.15 110.11 110.07 109.82 109.61 110.43 110.60 110.44 110.88
110.38 110.96 110.17 109.27 110.02 109.22 109.11 109.32 108.55 107.69 107.54 108.49 109.34 109.56 109.77 109.66 109.82 108.11 109.51 109.43 109.35 109.10 109.10 108.87 108.28 108.56 108.35 108.19 107.60 107.76 107.42 107.27 107.38 107.07 107.22 107.40 106.66 105.15 105.25 105.19 104.62 105.69 106.44 106.33 105.99 106.27 106.07 106.15 106.43 106.48 106.29 105.38 106.21 107.35 107.74 107.98 107.99 108.02 108.06 108.18 108.41 108.63 108.62 109.93 109.87 109.16 109.47 109.98 109.88 110.80 110.69 110.79 110.61 110.24 110.40 110.59 110.59 110.56 110.77 110.42 109.97 109.57 109.81 109.58 109.70 109.27 109.16 109.32 109.49 109.60 109.64 109.87 109.75 109.21 109.22 109.18 109.47 109.78 108.92 108.74 108.78 108.09 108.24 108.70 108.90 108.84 108.93 109.39 110.10 109.91 109.88 110.13 110.57 110.91 111.32 112.06 114.99 115.48 115.90 115.99 115.14 115.10 115.80 115.78 114.66 114.77 114.68 114.51 114.59 114.36 113.39 111.70 111.46 111.31 111.29 111.31 111.32 111.38 111.39 111.39 110.65 110.31 109.31 109.88 109.59 109.77 109.96 110.07 110.24 110.35 110.16 109.90 109.13 109.16 109.24 109.61 109.25 109.00 109.41 109.68 109.38 108.99 109.52 109.78 109.55 109.57 109.37 109.67 109.63 109.06 110.23 110.32 109.95 109.87 110.08 110.19 110.82 110.63 110.19 109.44
110.45 110.56 109.25 109.05 109.28 108.27 108.74 107.71 107.74 108.39 108.33 108.64 109.42 109.61 110.01 109.53 109.83 109.87 109.44 109.43 108.57 109.11 109.03 108.99 108.63 108.33 108.34 108.13 107.88 107.57 107.39 106.52 106.93 106.69 106.34 106.54 105.84 104.84 104.66 103.96 104.21 105.73 106.64 106.24 107.00 106.33 107.28 107.36 107.07 107.11 106.45 105.47 104.66 106.35 107.32 107.95 107.93 108.03 108.09 108.09 108.55 109.06 108.94 109.86 109.98 110.06 110.03 110.02 109.93 109.74 110.01 110.60 110.54 110.22 110.66 110.24 110.75 110.47 110.40 110.51 110.22 109.96 110.22 109.78 109.70 109.53 109.45 109.31 109.32 109.43 109.49 109.10 109.36 109.57 109.27 109.42 109.13 109.44 109.06 108.44 108.63 108.41 108.13 108.39 108.68 108.82 108.83 108.74 109.52 109.89 109.70 109.63 109.39 109.85 110.64 111.35 112.75 114.35 115.15 115.66 115.65 116.00 114.86 114.61 114.86 114.84 114.50 114.44 113.40 112.34 111.84 111.32 111.35 111.36 111.37 111.38 111.36 111.37 111.38 111.35 111.07 110.32 109.87 109.73 109.54 109.48 109.70 109.65 109.80 109.98 109.93 109.62 109.43 109.19 108.56 108.44 108.58 108.52 109.32 108.83 109.24 109.58 109.02 109.36 109.21 109.13 109.58 109.76 110.03 109.51 109.75 110.30 109.39 110.00 110.01 110.22 110.39 110.15 109.78 109.76
110.34 109.49 109.31 109.21 108.46 108.55 107.95 108.45 108.61 108.44 108.66 108.70 109.17 109.51 109.85 109.83 109.83 109.28 109.09 109.44 108.96 109.02 108.93 108.85 108.62 108.55 108.31 108.08 107.73 107.39 107.07 106.90 106.84 106.22 106.05 106.62 105.74 104.64 104.77 103.95 104.93 105.77 106.18 106.80 107.05 107.30 107.32 107.56 107.55 107.67 106.67 105.47 105.88 106.00 106.16 106.13 107.58 108.23 108.21 108.60 109.08 109.53 109.82 109.90 110.10 110.04 110.13 110.30 110.21 110.14 110.27 111.10 110.20 109.92 110.14 110.13 110.24 110.36 110.56 110.52 110.56 110.44 110.16 110.16 109.99 109.53 109.20 109.02 109.27 109.33 109.32 109.42 109.10 109.36 109.44 109.30 109.38 109.23 109.18 108.68 108.63 109.18 108.81 108.59 108.91 109.12 109.22 108.88 109.58 109.86 110.13 109.65 110.11 110.01 110.87 110.89 111.32 111.31 111.49 113.80 114.72 115.37 114.38 114.70 114.48 114.60 114.10 113.45 111.39 111.35 111.29 111.30 111.38 111.38 111.39 111.30 111.27 111.37 111.36 111.20 111.13 109.90 109.94 109.60 109.77 109.25 109.42 109.39 109.42 109.53 109.67 109.42 109.17 109.18 108.76 108.67 109.42 108.44 108.24 108.04 109.35 109.75 110.21 109.50 109.72 109.92 110.08 109.96 110.00 109.83 109.64 109.94 109.53 109.86 109.84 109.63 109.85 110.04 110.00 109.93
110.31 109.45 107.92 109.18 108.43 108.25 108.87 108.38 108.74 108.53 108.53 108.80 109.46 109.71 109.83 109.77 109.72 108.49 109.53 109.48 109.25 108.93 108.91 108.78 108.68 108.49 108.30 107.96 107.60 107.29 107.01 106.65 106.43 106.38 106.34 105.53 105.57 105.09 103.69 102.79 104.84 105.93 106.38 106.71 107.08 107.39 107.59 107.73 107.84 107.84 107.79 107.62 106.87 106.88 106.78 106.03 106.35 106.89 108.17 108.53 109.15 109.90 110.06 110.01 110.37 110.06 109.89 110.04 110.30 110.27 110.46 110.77 110.47 110.04 110.32 110.63 110.37 110.33 110.71 110.64 110.57 110.58 110.29 110.41 109.70 109.66 109.49 109.21 109.07 109.29 109.41 109.43 109.57 109.48 109.43 109.32 109.36 108.81 109.23 108.80 109.36 109.44 109.08 109.10 109.39 109.53 109.62 109.50 108.84 109.78 109.45 110.07 110.25 110.38 109.62 109.97 111.20 111.06 111.36 111.34 111.34 111.31 111.76 113.30 112.29 112.48 111.46 111.78 111.35 111.38 111.30 111.10 111.28 111.37 111.31 111.07 111.19 111.15 111.10 110.56 110.49 110.11 109.79 109.62 109.57 109.39 109.36 109.45 109.45 109.49 109.54 109.28 109.25 108.73 109.00 108.50 107.96 108.25 109.14 107.95 109.09 109.62 109.83 109.26 109.87 108.93 109.81 110.03 109.73 109.57 109.78 109.62 109.37 109.51 109.62 109.84 109.64 109.83 109.99 110.20
109.87 109.37 109.32 109.26 108.56 108.41 109.08 108.07 108.58 108.98 108.86 109.34 109.25 109.45 109.83 109.56 109.84 108.87 109.50 108.83 108.87 108.90 108.76 108.73 108.50 108.37 108.21 108.06 107.56 107.21 106.84 106.50 106.09 106.09 105.91 106.09 106.30 104.87 104.58 103.03 105.10 105.97 106.36 106.79 107.17 107.49 107.73 107.88 107.98 108.16 108.13 108.21 107.93 107.25 107.26 107.38 107.70 107.69 107.61 107.62 107.40 109.20 110.09 110.13 110.08 110.11 110.23 110.45 110.20 110.08 110.13 110.77 110.83 111.07 110.65 110.24 110.58 110.60 110.83 110.81 110.78 110.75 110.61 110.29 110.14 109.82 109.90 109.92 109.46 109.32 109.27 109.51 109.53 109.05 109.23 109.38 109.39 109.06 109.05 109.03 109.36 109.64 109.02 109.38 109.60 109.46 109.81 109.05 108.59 108.90 109.64 109.66 110.00 109.78 109.72 109.84 109.87 111.15 111.10 111.25 111.31 111.20 111.39 111.39 111.38 111.33 111.45 111.33 111.35 111.34 111.13 111.18 111.31 111.14 110.81 111.01 108.69 111.07 111.04 109.27 109.89 109.48 109.37 109.37 109.41 109.42 109.42 109.44 109.33 109.28 109.24 108.95 108.40 108.28 108.13 108.46 109.17 108.05 108.15 108.91 108.51 109.06 109.63 109.61 110.11 109.08 109.88 109.60 109.83 110.00 109.89 109.68 109.18 108.92 108.97 109.43 109.44 109.52 109.97 110.04
110.01 109.14 109.57 109.24 109.18 109.11 109.29 109.71 109.05 109.45 109.24 109.95 109.94 109.83 109.96 109.70 109.76 109.27 108.85 109.38 108.97 108.78 108.72 108.56 108.41 108.18 108.01 107.83 107.42 106.93 106.56 106.24 105.96 105.77 105.70 105.01 105.41 105.79 104.57 104.91 105.36 105.91 106.43 106.81 107.06 107.36 107.55 107.82 107.98 108.00 108.20 108.26 107.94 107.52 106.56 107.35 107.70 107.89 107.92 107.77 107.00 108.40 109.78 109.86 110.02 110.04 110.04 109.41 109.70 109.87 109.96 110.01 110.61 111.22 111.34 110.75 110.90 110.99 111.14 110.90 110.90 110.78 110.99 110.64 110.87 110.13 110.22 110.24 110.19 109.42 109.83 109.67 109.97 108.96 109.45 109.40 109.40 108.88 108.50 109.32 109.36 109.21 109.31 109.36 109.19 108.76 109.29 108.51 108.27 108.67 109.02 109.14 109.57 109.39 110.01 110.57 110.16 110.85 111.08 111.22 111.31 111.24 111.16 111.38 111.28 111.37 111.39 111.13 111.04 110.87 111.01 110.75 110.71 110.96 110.72 109.82 109.69 110.08 109.03 109.55 109.37 109.12 108.94 109.00 109.12 109.20 109.58 109.26 109.19 109.04 108.97 108.73 108.31 107.87 108.05 108.36 108.83 108.31 107.73 108.23 108.12 108.61 109.12 109.62 109.20 109.25 109.78 109.23 109.59 109.81 109.75 109.27 108.88 109.60 109.64 109.40 109.55 110.04 110.34 109.93
109.94 109.90 109.27 109.28 109.18 109.33 109.58 109.79 109.98 110.06 110.04 109.99 110.23 110.33 109.97 110.15 108.58 108.97 109.46 108.98 108.97 108.66 108.65 108.52 108.32 108.00 107.75 107.39 106.98 106.59 106.22 105.83 105.61 105.49 105.54 105.47 104.64 105.01 104.52 104.79 105.30 105.89 106.25 106.53 106.81 107.05 107.32 107.58 107.87 108.04 108.36 108.32 108.31 107.92 107.10 107.30 107.66 107.69 107.66 107.28 106.57 108.62 109.59 109.67 109.33 109.56 109.87 109.44 109.88 109.85 109.64 110.21 110.39 111.01 111.15 111.25 110.82 110.98 110.83 111.03 111.02 110.92 110.95 111.16 110.80 110.40 110.52 110.65 110.48 109.19 109.93 109.68 110.01 110.06 110.07 109.49 109.37 110.66 109.33 108.82 109.01 108.78 108.54 108.37 108.70 109.19 108.33 108.27 107.93 108.60 108.89 109.41 109.27 108.87 108.83 109.15 109.83 110.13 110.46 110.71 111.11 110.89 111.11 111.29 111.30 111.39 111.25 110.86 110.86 110.67 110.23 110.29 110.49 110.61 109.65 109.02 108.28 108.49 108.94 109.29 109.02 108.79 108.42 108.59 108.95 109.08 109.17 109.27 108.96 108.89 108.81 108.73 108.96 108.79 108.88 108.27 108.83 108.30 107.88 108.26 107.84 108.78 109.05 109.35 109.36 109.57 109.46 109.65 109.52 110.21 109.53 110.59 109.49 109.58 109.66 109.59 109.38 110.14 110.54 109.91
109.63 109.75 109.27 109.28 109.25 109.27 109.68 110.48 110.14 110.02 109.86 109.92 110.05 109.85 110.00 110.13 109.67 109.24 109.28 109.03 108.82 108.60 108.54 108.36 108.15 107.90 107.48 106.98 106.44 106.01 105.69 105.33 105.11 105.07 105.21 104.72 104.89 104.18 104.32 104.83 105.21 105.64 105.90 106.18 106.50 106.73 107.07 107.32 107.60 107.83 107.99 108.21 108.26 107.83 107.30 107.63 107.20 107.52 107.20 106.84 106.93 107.31 109.43 109.40 109.51 109.35 109.76 109.90 109.84 109.88 110.06 110.04 110.31 110.63 111.13 111.32 111.12 111.00 111.12 111.17 111.09 111.03 110.98 111.16 111.05 111.17 110.66 110.70 110.46 110.01 109.84 110.02 110.20 110.27 109.78 109.61 109.41 109.00 108.95 109.14 109.27 109.38 108.27 108.68 108.98 108.87 109.13 108.05 107.95 108.44 108.98 108.52 109.08 109.05 109.14 109.46 109.62 110.12 110.21 110.71 110.89 111.03 110.61 111.12 110.93 110.79 110.75 109.72 110.22 110.22 110.06 109.85 110.37 109.66 109.16 108.87 107.62 107.77 108.71 108.56 108.80 108.77 108.35 107.99 108.97 109.11 109.13 109.17 109.17 108.89 108.60 108.32 108.03 108.36 109.22 108.37 108.58 108.51 107.96 108.75 108.61 108.83 108.69 108.68 109.37 109.54 109.82 109.57 109.25 110.14 110.30 109.91 109.97 110.27 110.15 109.54 109.11 109.73 109.74 109.46
108.74 109.10 109.12 108.91 109.36 109.68 110.10 110.87 110.84 110.41 110.24 109.91 110.05 110.02 110.25 110.01 109.75 109.61 109.07 109.01 108.80 108.53 108.36 108.07 107.88 107.59 107.19 106.48 105.62 105.17 104.89 104.75 104.61 104.73 104.95 103.41 104.59 104.09 104.23 104.51 104.69 105.06 105.35 105.64 106.01 106.37 106.75 107.03 107.37 107.60 107.76 107.87 108.04 107.98 107.51 107.07 107.06 107.04 107.19 107.08 106.71 108.21 109.14 109.08 109.31 109.52 109.94 109.99 110.06 109.82 110.00 110.25 110.59 111.00 111.38 111.37 111.37 111.03 111.11 111.20 111.25 111.15 111.04 111.02 111.22 111.19 110.89 110.58 110.60 110.69 110.46 110.26 110.32 110.19 109.71 109.84 109.39 109.26 109.54 108.71 109.14 109.25 108.49 108.92 108.43 108.82 108.05 107.84 108.41 108.43 108.22 108.63 108.61 108.84 108.98 109.20 109.24 109.18 109.26 110.37 110.60 110.61 110.73 110.71 110.45 110.45 109.93 109.92 110.02 109.87 109.79 109.20 108.98 109.31 108.94 108.59 108.08 107.91 108.37 108.61 108.93 108.95 109.19 109.17 109.00 109.05 109.08 109.10 108.95 108.83 109.09 108.48 108.06 108.17 108.65 108.81 108.68 108.90 108.33 108.80 108.93 108.71 108.59 108.50 109.14 109.16 109.02 108.94 109.73 110.20 110.52 110.68 110.77 111.00 110.65 110.70 110.52 110.18 110.27 108.82
108.80 108.78 108.96 109.38 109.42 109.72 110.55 110.71 110.71 110.60 110.41 110.07 110.17 109.43 110.14 110.64 109.84 109.83 109.39 108.94 108.76 108.53 108.10 107.77 107.54 107.22 106.72 105.61 104.70 104.15 104.06 104.15 104.33 104.49 104.17 103.54 103.93 104.13 103.98 103.86 103.97 104.37 104.77 105.06 105.57 105.98 106.37 106.67 107.03 107.34 107.47 107.70 107.72 107.81 107.42 107.01 106.48 106.51 107.08 106.96 106.72 108.35 109.09 108.45 108.94 110.95 111.31 111.09 109.93 110.11 109.61 110.15 110.50 110.83 111.38 111.37 111.38 111.00 111.18 111.08 111.22 111.17 111.18 111.17 111.21 111.17 111.01 111.01 110.89 110.72 110.29 110.35 110.36 110.18 109.92 109.91 109.45 109.52 109.12 109.86 109.28 108.99 108.52 108.52 108.50 108.43 108.55 107.99 108.55 108.52 108.69 108.48 108.26 108.24 108.60 108.67 108.88 109.58 109.68 109.14 109.74 109.62 109.86 109.88 109.78 110.27 110.15 110.12 109.98 109.80 109.15 109.26 108.06 108.46 108.61 108.42 107.80 107.82 108.41 108.69 109.02 109.05 109.19 109.30 109.06 109.01 108.98 108.90 108.86 108.58 108.74 108.64 108.25 108.39 108.24 108.34 108.63 108.89 108.64 109.26 108.89 108.85 108.60 108.40 109.51 108.46 108.82 109.11 109.75 110.47 110.66 110.87 110.87 111.03 111.14 110.78 110.82 110.50 110.77 110.01
110.34 108.81 109.85 109.55 109.95 110.20 111.04 111.01 110.52 110.61 110.59 110.11 109.88 109.95 110.16 110.58 108.92 109.90 110.19 109.07 108.83 108.47 108.14 107.80 107.36 106.83 105.95 104.54 103.13 102.70 103.15 103.73 103.90 104.17 104.31 104.25 104.43 104.46 103.76 103.42 103.38 103.95 104.29 104.63 105.13 105.71 106.12 106.43 106.65 106.82 106.84 107.27 107.48 107.49 107.15 107.02 106.61 107.68 106.91 107.88 108.35 110.74 111.22 111.24 111.31 111.30 111.35 111.29 111.30 110.28 110.13 110.74 110.65 110.79 111.28 111.29 111.35 111.27 111.18 111.14 111.18 111.19 111.15 111.21 111.15 111.10 111.11 110.99 110.89 110.81 110.85 110.65 110.50 110.12 109.93 109.95 109.82 109.56 108.98 109.55 108.80 108.93 108.77 108.39 108.52 108.21 108.37 108.33 108.17 108.25 108.71 108.16 107.97 107.95 108.05 107.69 108.68 109.56 109.60 109.63 109.12 109.64 109.61 109.49 109.79 110.00 109.94 110.18 109.53 109.10 108.87 107.92 107.82 107.87 108.19 108.03 107.76 107.96 108.01 108.49 108.84 109.09 109.04 109.06 109.20 109.07 108.84 108.94 108.59 108.81 108.59 108.85 108.16 107.84 108.88 109.09 108.35 109.07 109.13 108.84 108.91 108.78 108.39 108.64 109.16 109.31 109.16 109.20 109.50 110.70 110.96 111.27 111.22 111.15 110.72 111.24 110.94 111.34 109.95 110.15
110.51 110.41 110.05 109.70 109.97 110.47 110.90 111.16 111.04 111.14 110.91 110.42 110.27 110.47 110.44 110.54 109.97 109.92 109.75 109.34 108.98 108.55 108.18 107.79 107.25 106.57 105.57 103.61 101.44 100.99 102.19 103.28 103.63 103.73 103.81 104.51 104.26 104.22 103.61 103.33 103.37 104.59 103.83 104.33 104.86 105.38 105.89 106.20 106.45 106.63 106.68 107.47 106.85 108.28 111.33 110.73 110.81 108.86 111.25 111.41 110.46 108.43 108.33 108.61 110.71 111.35 111.20 111.14 109.47 111.32 110.17 110.52 110.80 110.99 111.07 111.22 111.23 111.34 111.38 111.23 111.20 111.21 111.19 111.18 111.05 111.10 111.19 111.05 110.87 111.05 110.95 110.86 110.64 110.35 110.69 110.18 109.95 109.65 109.47 109.47 109.42 109.10 108.67 108.44 108.23 108.76 108.28 108.25 108.11 108.02 108.05 108.22 107.78 108.19 108.07 108.33 108.35 109.24 109.44 109.29 109.36 109.63 109.47 109.45 109.12 109.65 109.72 109.73 109.48 109.23 108.10 107.82 107.49 108.06 107.92 108.15 107.70 107.89 108.62 108.66 109.20 109.07 109.20 109.11 109.18 109.09 108.69 108.51 108.45 108.53 108.49 108.25 108.68 108.17 109.14 109.11 108.55 108.55 108.95 109.07 108.76 108.88 108.46 108.32 108.70 109.75 109.80 110.01 110.43 111.01 111.18 111.28 111.32 111.28 111.26 111.32 111.35 111.28 111.35 111.27
111.33 111.17 111.35 111.37 110.72 110.71 110.96 111.19 111.05 111.04 110.92 110.86 110.90 110.51 110.74 110.61 110.51 110.14 109.92 109.54 109.11 108.78 108.25 107.79 107.09 106.45 105.54 103.83 101.51 99.72 100.68 103.26 103.53 103.55 103.46 104.11 104.03 103.73 103.25 103.00 103.46 103.80 103.73 104.25 104.70 105.13 105.84 106.06 106.27 106.51 106.39 107.12 110.82 111.29 111.37 111.35 108.91 105.86 105.65 106.79 107.53 107.76 108.09 108.35 108.89 108.76 108.99 110.55 109.80 110.00 111.31 110.74 111.30 111.31 111.16 111.20 111.33 111.32 111.35 111.37 111.24 111.25 111.27 111.22 111.22 111.20 111.30 111.13 111.19 111.04 111.03 111.17 110.70 110.52 110.27 110.27 110.32 109.88 108.51 108.95 109.48 109.56 108.98 108.70 108.58 108.22 108.18 108.27 108.02 108.06 108.55 108.19 108.28 107.97 108.24 108.40 108.33 108.59 109.02 108.78 108.95 109.24 109.19 109.08 108.72 109.60 109.50 109.78 109.48 109.43 109.10 108.20 107.59 107.83 107.77 108.36 107.97 108.47 108.85 108.88 109.35 109.25 109.07 109.18 109.20 109.16 109.02 109.09 108.78 108.76 108.60 108.19 107.77 108.29 108.22 108.50 108.95 109.07 108.79 109.29 108.98 109.55 109.86 109.48 109.71 110.93 109.91 110.40 110.67 111.11 111.23 111.25 111.36 111.33 111.37 111.38 111.38 111.19 111.28 111.11
110.90 111.11 111.06 111.22 111.36 110.89 111.20 111.05 111.21 111.27 111.02 111.13 110.94 110.85 110.86 110.64 110.63 110.35 110.13 109.69 109.37 108.87 108.47 107.91 107.32 106.60 105.77 104.98 101.88 98.59 98.58 102.21 103.41 103.42 103.49 103.37 103.79 103.56 103.59 103.25 103.38 104.01 105.73 107.43 106.22 105.19 105.79 106.41 106.35 106.79 110.36 111.38 111.38 111.30 110.72 106.37 105.43 107.55 106.09 107.44 107.73 107.90 108.68 108.56 109.09 109.31 110.65 109.83 111.24 110.16 111.31 111.30 111.29 111.35 111.32 111.33 111.24 111.33 111.33 111.37 111.37 111.23 111.29 111.29 111.28 111.26 111.35 111.17 111.18 111.15 111.27 110.90 110.90 110.82 110.51 110.18 110.28 110.00 109.29 109.18 109.53 109.27 108.84 109.03 108.98 108.52 108.21 108.61 109.88 110.27 108.30 108.67 108.44 108.55 108.50 108.34 108.37 108.47 108.77 108.84 108.83 108.60 108.84 108.62 108.57 108.70 109.01 109.41 109.47 109.46 109.05 108.59 107.62 108.52 108.52 107.88 108.82 109.11 108.45 108.95 109.33 109.37 109.54 109.32 109.32 109.08 108.99 109.45 109.34 108.88 108.03 108.28 107.78 108.61 109.08 108.90 109.14 109.61 109.15 109.40 109.93 110.92 111.17 110.75 110.69 111.17 111.15 111.04 111.19 111.22 111.30 111.34 111.37 111.35 111.39 111.39 110.99 109.38 111.27 111.19
111.23 111.20 111.12 111.12 111.39 111.37 111.28 111.28 111.37 111.34 111.30 111.17 111.08 111.03 111.03 111.08 111.02 110.65 110.33 109.96 109.56 109.10 108.68 108.06 107.48 106.93 106.26 105.68 102.49 99.64 100.30 101.67 103.08 103.34 103.51 103.73 103.28 103.29 103.71 103.27 106.70 107.02 104.26 108.39 107.59 107.77 108.07 110.59 109.45 109.22 107.69 106.04 109.09 111.32 110.95 110.94 111.07 108.30 107.24 107.94 108.09 108.13 108.48 108.69 110.02 111.00 110.86 110.97 109.42 109.64 111.00 111.29 111.30 111.34 111.31 111.35 111.34 111.29 111.27 111.32 111.35 111.33 111.35 111.27 111.30 111.24 111.19 111.12 111.06 111.15 111.10 111.16 110.89 110.81 110.79 110.85 110.85 110.25 109.65 109.83 108.84 108.78 108.96 109.04 108.26 108.78 108.96 108.61 108.59 108.64 108.87 108.84 109.01 108.22 108.33 108.35 108.34 108.92 108.98 108.77 108.35 108.15 108.26 108.01 108.47 109.04 108.78 108.96 109.45 109.45 109.31 109.15 108.03 107.92 108.38 108.64 108.68 108.79 108.63 109.06 109.39 109.32 109.67 109.62 109.56 109.62 109.75 109.76 109.73 110.03 107.81 107.64 107.83 108.60 108.11 109.52 110.91 110.24 110.37 110.32 110.94 111.13 111.10 111.00 111.29 111.36 111.32 111.36 111.37 111.36 111.37 111.37 111.38 111.39 111.38 111.38 111.38 111.30 111.32 111.24
111.27 111.31 111.34 111.33 111.25 111.39 111.39 111.39 111.38 111.35 111.30 111.05 111.12 111.24 111.32 111.35 111.34 111.20 110.48 110.46 109.95 109.52 109.04 108.42 107.89 107.32 106.77 105.88 104.71 103.12 101.87 102.10 103.09 103.23 103.60 103.86 103.83 104.84 104.09 103.45 103.79 104.10 104.54 109.13 107.18 109.59 107.20 108.20 107.13 106.32 105.86 109.20 110.24 110.80 110.19 106.42 106.80 108.04 110.93 110.16 108.37 108.54 108.68 108.74 109.55 109.12 109.99 109.43 109.54 109.88 110.55 111.03 111.26 111.01 110.98 111.33 111.34 111.37 111.16 111.25 111.36 111.38 111.37 111.35 111.32 111.25 111.16 111.17 111.23 111.19 111.12 111.06 111.11 110.73 110.79 110.92 110.85 110.81 110.45 110.56 109.64 108.58 108.79 108.99 109.36 109.03 108.90 108.81 108.95 108.75 109.40 109.49 109.30 108.46 108.27 108.34 108.08 108.32 108.05 108.67 108.33 108.69 108.40 108.41 108.68 108.45 109.13 108.68 109.30 109.37 109.18 108.56 108.69 108.11 108.62 108.80 109.19 109.07 109.19 109.34 109.21 109.50 110.08 110.15 109.92 109.87 110.66 110.34 109.80 109.53 108.86 108.37 109.28 109.16 109.05 109.68 111.28 110.96 111.34 111.23 111.16 111.08 111.00 111.32 111.32 111.39 111.39 111.38 111.38 111.39 111.38 111.39 111.39 111.39 111.39 111.38 111.38 111.39 111.38 111.33
111.34 111.32 111.37 111.37 111.35 111.37 111.36 111.38 111.38 111.38 111.21 110.74 111.17 111.38 111.38 111.38 111.15 110.52 111.21 110.91 110.59 109.91 109.74 109.08 108.38 107.78 107.25 106.33 105.65 104.36 103.39 103.21 102.93 102.90 103.70 104.13 104.45 104.62 104.65 104.21 104.00 104.58 104.96 105.85 106.16 106.21 106.86 106.90 106.71 106.38 106.12 105.89 106.41 108.81 108.21 106.97 107.62 108.18 108.56 111.37 108.35 109.15 109.11 109.38 109.53 109.67 110.72 110.05 110.23 110.63 110.86 111.03 111.29 111.27 111.23 111.34 111.32 111.36 111.32 111.34 111.38 111.37 111.37 111.37 111.34 111.30 111.33 111.27 111.26 111.23 111.19 111.11 111.04 111.00 110.88 110.84 110.35 110.83 110.82 110.86 109.92 109.25 109.02 109.21 109.53 109.00 109.14 109.36 109.28 109.28 109.56 109.56 109.22 108.88 108.68 108.18 107.86 109.23 108.97 108.73 108.63 108.75 108.54 108.96 108.35 108.73 108.45 109.21 109.27 109.53 109.02 109.18 109.06 108.90 109.36 110.17 108.94 109.71 109.54 109.22 109.52 109.61 110.47 110.48 110.00 110.81 110.62 110.10 109.73 109.39 108.77 108.99 108.87 109.09 109.36 110.37 111.15 111.33 111.29 111.18 111.34 111.32 111.31 111.30 111.35 111.39 111.38 111.33 111.38 111.39 111.39 111.38 111.38 111.37 111.37 111.37 111.38 111.39 111.39 111.38
111.39 111.38 111.39 111.39 111.39 111.36 111.36 111.38 111.39 111.34 111.12 110.58 111.33 111.39 111.37 111.37 111.20 111.34 111.30 110.96 110.81 110.51 110.18 109.62 108.98 108.13 107.48 106.76 106.07 105.34 104.31 103.74 102.40 100.99 103.90 104.33 104.60 104.86 105.02 105.05 105.08 105.94 106.30 106.62 106.89 107.47 107.80 108.04 108.32 108.54 107.87 109.36 111.31 106.99 107.12 107.43 108.33 108.70 108.82 110.16 109.20 109.50 109.53 109.51 109.79 109.92 109.90 110.63 110.85 110.93 111.20 111.08 111.33 111.32 111.36 111.37 111.33 111.35 111.36 111.36 111.35 111.38 111.37 111.36 111.37 111.36 111.32 111.27 111.22 111.19 111.22 111.26 111.13 111.09 110.92 110.85 110.23 110.80 110.79 110.84 109.97 109.74 109.52 109.29 109.54 109.45 109.39 109.60 109.65 109.73 109.89 109.86 109.08 108.81 108.78 108.42 108.09 109.27 109.03 108.99 109.02 108.56 108.64 108.40 108.80 108.86 109.07 109.23 109.89 109.71 109.31 108.74 109.28 109.41 110.12 110.10 109.82 110.71 109.62 109.42 109.67 109.85 110.56 110.62 110.69 110.87 110.75 109.64 109.97 109.42 109.27 109.39 110.17 110.25 110.65 111.31 111.38 111.39 111.36 111.36 111.39 111.38 111.36 111.35 111.39 111.38 111.32 111.38 111.39 111.38 111.38 111.38 111.38 111.37 111.37 111.37 111.38 111.38 111.39 111.39
111.39 111.37 111.39 111.38 111.38 111.37 111.36 111.36 111.39 111.37 111.18 111.18 111.36 111.37 111.37 111.39 111.39 111.37 110.90 111.23 110.99 110.99 110.24 109.37 108.76 108.59 107.89 106.96 106.15 105.87 105.44 104.90 102.77 100.33 101.19 104.60 104.76 104.90 105.22 105.55 105.96 106.29 106.53 106.87 107.29 107.82 108.18 108.58 109.19 109.62 108.04 106.92 106.73 107.14 107.47 108.13 108.63 109.12 109.21 109.73 109.43 109.70 110.46 109.69 109.85 110.02 109.85 110.97 110.52 110.85 111.15 111.30 111.30 111.31 111.27 111.33 111.34 111.36 111.24 111.36 111.29 111.37 111.38 111.34 111.34 111.38 111.33 111.26 111.27 111.21 111.20 111.25 111.16 111.14 111.11 110.90 110.82 110.43 110.47 110.25 110.21 110.28 110.01 110.18 109.63 109.37 109.43 110.04 109.86 109.82 109.80 109.33 109.49 109.33 108.86 108.65 109.03 109.02 108.69 109.17 108.94 108.76 108.85 108.87 108.85 108.97 109.18 109.47 109.52 109.77 110.29 110.06 110.61 110.57 110.62 110.60 110.25 110.20 110.44 110.08 110.59 110.68 110.96 110.95 111.00 110.69 110.02 109.95 110.03 109.66 109.96 110.43 111.07 111.26 111.28 111.32 111.38 111.39 111.39 111.39 111.39 111.39 111.38 111.39 111.39 111.38 111.37 111.39 111.39 111.38 111.38 111.38 111.38 111.37 111.37 111.37 111.37 111.38 111.38 111.39
111.37 111.38 111.37 111.36 111.35 111.35 111.35 111.36 111.37 111.37 111.34 111.36 111.36 111.35 111.35 111.37 111.38 111.24 111.08 111.33 111.26 110.69 109.97 109.15 108.41 109.24 108.42 106.36 106.17 106.28 106.14 106.29 105.78 102.50 103.91 104.89 104.66 104.78 105.28 105.75 106.17 106.40 106.60 106.58 107.72 108.19 108.74 109.12 109.51 110.28 110.35 108.68 108.01 108.26 108.69 109.09 109.35 109.48 109.58 109.95 109.86 109.72 109.40 110.53 110.66 110.22 110.39 110.88 110.95 111.13 111.22 111.31 111.31 111.30 111.32 111.33 111.36 111.37 111.37 111.39 111.31 111.33 111.38 111.37 111.34 111.35 111.31 111.22 111.25 111.26 111.28 111.25 111.21 111.15 111.09 110.93 110.90 110.65 110.79 110.59 110.58 110.59 110.58 110.30 110.30 109.61 109.94 110.40 110.81 109.76 109.93 109.61 109.17 109.13 108.97 109.46 109.22 109.22 108.87 109.21 109.01 108.84 108.80 108.94 108.96 109.04 109.32 109.49 109.79 109.94 110.88 111.17 111.25 111.25 111.36 111.30 110.80 110.67 110.48 110.78 110.82 110.99 111.09 111.00 110.94 110.44 110.38 110.19 110.02 109.66 110.66 111.32 111.28 111.22 111.25 111.38 111.39 111.39 111.39 111.39 111.39 111.39 111.39 111.39 111.39 111.38 111.39 111.39 111.39 111.38 111.38 111.38 111.38 111.38 111.38 111.37 111.37 111.37 111.37 111.37
111.37 111.36 111.35 111.36 111.34 111.34 111.35 111.35 111.36 111.39 111.39 111.39 111.35 111.34 111.34 111.35 111.38 111.15 111.38 111.37 111.16 110.19 109.47 108.98 109.31 109.44 109.17 107.80 106.28 106.18 106.41 106.86 107.13 106.79 105.86 105.23 104.48 104.30 105.42 106.03 106.44 106.66 106.77 106.51 107.94 108.81 109.24 109.57 110.02 110.70 110.96 109.22 109.19 109.54 109.77 109.99 109.94 109.99 110.06 110.26 110.59 110.09 109.63 109.83 110.16 110.69 110.90 111.01 111.06 111.26 111.37 111.32 111.38 111.33 111.30 111.33 111.37 111.36 111.33 111.32 111.30 111.37 111.34 111.36 111.36 111.36 111.35 111.25 111.28 111.25 111.23 111.24 111.09 111.05 111.02 111.00 110.97 110.98 110.85 110.63 110.60 110.60 110.50 110.58 110.47 110.43 110.50 110.38 110.48 109.58 109.78 108.90 109.12 109.00 109.23 109.05 109.09 109.27 109.18 109.17 109.02 108.87 108.75 108.80 109.43 109.13 109.30 109.63 110.01 110.55 111.12 111.31 111.30 111.30 111.30 111.32 111.37 111.26 111.14 111.06 111.06 111.21 111.14 110.95 110.98 110.57 110.36 110.39 109.81 109.92 111.31 111.28 111.33 111.34 111.36 111.38 111.39 111.39 111.39 111.39 111.39 111.39 111.39 111.39 111.39 111.39 111.39 111.39 111.39 111.39 111.39 111.38 111.38 111.38 111.38 111.37 111.37 111.37 111.37 111.36
111.37 111.36 111.35 111.35 111.34 111.34 111.34 111.34 111.35 111.37 111.39 111.37 111.34 111.33 111.33 111.35 111.38 111.39 111.39 111.37 110.95 110.34 110.46 110.15 109.95 109.88 109.48 108.57 105.86 106.03 106.40 107.26 107.56 107.29 106.62 105.68 103.54 103.52 105.90 106.39 106.68 106.87 106.99 107.27 108.53 108.98 109.35 109.78 110.20 110.64 110.99 111.04 109.95 109.91 109.90 109.94 110.13 110.31 110.47 110.60 110.66 110.42 109.87 110.40 110.84 110.90 111.12 111.18 111.22 111.32 111.39 111.32 111.29 111.33 111.30 111.38 111.37 111.36 111.38 111.36 111.38 111.36 111.37 111.36 111.36 111.30 111.30 111.24 111.29 111.21 111.25 111.21 111.19 111.20 111.01 110.94 110.86 110.96 110.76 110.48 110.48 110.54 110.65 110.48 110.43 110.66 110.15 110.81 110.49 110.55 110.01 109.53 109.41 108.84 108.97 109.10 108.99 109.18 109.19 109.23 108.97 109.03 108.77 109.38 109.83 109.03 109.31 109.73 110.55 111.29 111.32 111.29 111.30 111.30 111.30 111.30 111.31 111.35 111.29 111.28 111.31 111.25 111.06 111.10 110.58 110.21 110.35 110.74 110.44 110.40 111.27 111.36 111.37 111.38 111.36 111.38 111.39 111.39 111.39 111.39 111.38 111.39 111.39 111.39 111.39 111.39 111.39 111.39 111.39 111.39 111.39 111.38 111.38 111.38 111.38 111.37 111.37 111.37 111.36 111.36
111.36 111.35 111.36 111.36 111.34 111.34 111.34 111.34 111.34 111.36 111.38 111.34 111.32 111.32 111.32 111.36 111.38 111.36 111.39 111.27 111.20 111.03 110.94 110.77 110.53 110.16 109.78 108.72 106.43 106.33 106.94 107.85 107.84 108.06 107.57 106.13 102.93 101.23 105.16 106.69 106.85 107.09 107.33 107.74 108.44 108.99 109.44 109.89 110.24 110.69 111.00 111.06 110.87 110.20 110.12 110.13 110.28 110.47 110.61 110.77 110.92 110.82 110.60 110.66 110.87 111.15 111.32 111.33 111.35 111.36 111.32 111.32 111.33 111.30 111.39 111.39 111.39 111.38 111.36 111.38 111.38 111.37 111.35 111.37 111.37 111.35 111.33 111.37 111.33 111.33 111.27 111.23 111.16 111.19 111.10 111.20 110.96 110.86 110.80 110.80 110.72 110.35 110.09 110.00 110.56 110.74 110.79 110.31 110.22 110.04 109.97 109.97 109.76 109.96 109.58 109.26 109.11 109.16 109.16 108.84 109.07 108.98 108.65 110.14 109.17 109.03 109.47 110.05 110.88 111.38 111.31 111.29 111.29 111.29 111.30 111.30 111.30 111.32 111.36 111.39 111.37 111.30 111.06 110.84 110.82 110.73 111.06 111.20 111.10 111.10 111.34 111.38 111.36 111.38 111.39 111.39 111.39 111.39 111.39 111.39 111.35 111.39 111.39 111.39 111.39 111.39 111.39 111.39 111.39 111.38 111.38 111.38 111.38 111.38 111.38 111.37 111.37 111.36 111.36 111.36
111.35 111.35 111.35 111.35 111.34 111.33 111.33 111.33 111.32 111.33 111.34 111.32 111.31 111.32 111.32 111.32 111.36 111.36 111.39 111.34 111.28 111.22 111.04 110.80 110.49 110.21 109.67 108.69 107.84 108.17 108.10 108.09 108.12 108.13 108.25 108.11 103.57 98.43 99.81 106.65 107.01 107.27 107.57 107.97 108.44 109.05 109.61 109.99 110.41 110.68 110.95 111.08 111.05 110.44 110.32 110.30 110.44 110.62 110.71 110.85 110.96 110.73 110.62 110.94 111.18 111.29 111.38 111.39 111.38 111.39 111.30 111.31 111.39 111.29 111.33 111.39 111.32 111.39 111.38 111.37 111.37 111.36 111.33 111.31 111.36 111.36 111.35 111.37 111.33 111.28 111.27 111.24 111.25 111.25 111.25 111.10 111.14 110.86 110.93 110.98 110.87 110.82 110.48 110.05 110.72 110.63 111.23 110.56 110.97 109.95 110.22 110.16 110.09 110.31 109.94 109.37 109.10 109.38 109.63 109.03 109.23 109.11 108.86 108.72 108.91 109.40 109.83 110.41 111.20 111.37 111.29 111.29 111.29 111.29 111.30 111.30 111.30 111.31 111.34 111.39 111.39 111.11 111.23 111.12 110.96 111.22 111.34 111.37 111.37 111.38 111.39 111.39 111.38 111.38 111.38 111.38 111.39 111.39 111.39 111.39 111.38 111.36 111.37 111.37 111.38 111.39 111.39 111.39 111.39 111.37 111.32 111.39 111.39 111.38 111.38 111.37 111.37 111.37 111.38 111.36
111.36 111.35 111.38 111.37 111.34 111.34 111.33 111.32 111.32 111.32 111.31 111.31 111.31 111.31 111.31 111.32 111.34 111.36 111.33 111.34 111.31 111.14 110.99 110.85 110.46 110.09 109.72 109.27 108.42 108.41 108.27 108.26 108.26 108.36 108.57 108.73 107.91 100.17 101.28 105.72 106.78 107.50 107.90 108.19 105.15 109.36 109.80 110.15 110.49 110.69 110.99 111.07 111.09 110.54 110.45 110.52 110.64 110.76 110.83 110.92 110.95 111.00 111.07 111.01 111.27 111.38 111.39 111.37 111.37 111.31 111.30 111.31 111.36 111.37 111.39 111.33 111.38 111.39 111.37 111.32 111.32 111.35 111.33 111.35 111.35 111.35 111.30 111.36 111.36 111.32 111.25 111.27 111.27 111.30 111.25 111.07 111.08 111.12 111.18 111.19 111.16 110.76 110.61 110.70 110.81 110.93 110.79 110.99 111.25 110.50 110.49 110.78 110.35 110.25 110.09 109.87 109.60 109.74 109.90 109.82 109.65 109.26 109.15 109.18 109.28 109.53 110.05 110.76 111.32 111.36 111.29 111.29 111.29 111.29 111.30 111.30 111.30 111.31 111.33 111.38 111.39 111.30 111.36 111.37 111.37 111.37 111.38 111.39 111.39 111.39 111.38 111.37 111.36 111.35 111.35 111.37 111.37 111.39 111.39 111.33 111.19 111.08 111.22 111.23 111.31 111.35 111.36 111.38 111.38 111.38 111.39 111.36 111.38 111.39 111.38 111.38 111.37 111.36 111.32 111.34
111.36 111.34 111.34 111.33 111.33 111.34 111.32 111.31 111.31 111.31 111.30 111.30 111.30 111.30 111.30 111.31 111.36 111.39 111.34 111.35 111.02 107.70 103.08 102.50 104.89 109.94 109.57 109.44 109.14 108.60 108.51 108.38 108.40 108.49 108.59 108.69 108.70 107.35 105.27 105.67 107.01 107.71 108.17 108.46 108.98 109.69 109.97 110.28 110.51 110.68 110.94 111.07 111.12 110.62 110.63 110.62 110.72 110.85 110.93 110.94 111.00 111.00 110.95 111.18 111.39 111.38 111.37 111.36 111.35 111.31 111.30 111.31 111.33 111.35 111.32 111.36 111.35 111.39 111.39 111.39 111.34 111.37 111.19 111.35 111.37 111.36 111.37 111.35 111.36 111.35 111.37 111.35 111.28 111.27 111.17 111.19 111.21 111.24 111.27 111.31 111.21 111.23 110.92 110.85 110.94 110.96 110.79 111.26 111.12 110.28 110.56 110.61 110.67 110.72 110.21 110.13 109.89 109.71 109.81 109.82 109.60 109.71 109.50 109.57 109.71 109.90 110.30 111.05 111.38 111.30 111.29 111.30 111.29 111.30 111.30 111.30 111.30 111.31 111.33 111.36 111.38 111.39 111.39 111.39 111.39 111.39 111.39 111.39 111.37 111.37 111.36 111.35 111.35 111.34 111.34 111.34 111.37 111.39 111.36 111.20 110.98 110.80 110.58 110.80 110.97 111.25 111.32 111.35 111.36 111.37 111.38 111.38 111.39 111.39 111.38 111.37 111.38 111.36 111.37 111.31
111.35 111.33 111.33 111.32 111.36 111.32 111.32 111.31 111.30 111.30 111.30 111.29 111.29 111.29 111.29 111.34 111.38 111.38 111.38 111.38 110.37 102.19 98.73 97.77 100.24 107.28 109.52 109.46 109.73 109.16 108.83 108.53 108.45 108.52 108.61 108.72 108.74 108.49 107.30 107.17 107.68 107.94 108.26 108.57 109.06 109.73 110.11 110.40 110.59 110.76 110.88 111.12 111.08 110.44 110.50 110.74 110.81 110.89 110.93 110.98 111.03 111.11 111.22 111.38 111.39 111.36 111.35 111.33 111.31 111.30 111.32 111.30 111.31 111.32 111.32 111.35 111.38 111.37 111.38 111.39 111.38 111.31 111.33 111.32 111.35 111.36 111.37 111.32 111.34 111.36 111.37 111.34 111.22 111.26 111.30 111.33 111.30 111.31 111.31 111.35 111.34 111.30 111.13 111.06 111.22 111.20 111.20 111.17 110.74 110.50 110.69 110.72 110.57 110.40 110.34 110.24 109.98 109.29 109.70 109.84 109.88 109.86 109.80 109.87 109.95 110.14 110.89 111.15 111.39 111.30 111.30 111.29 111.30 111.30 111.30 111.30 111.30 111.31 111.32 111.34 111.36 111.36 111.37 111.37 111.37 111.36 111.36 111.35 111.35 111.34 111.33 111.33 111.33 111.32 111.33 111.33 111.35 111.39 111.35 111.06 110.70 110.29 109.98 109.99 110.40 111.12 111.28 111.30 111.30 111.34 111.37 111.39 111.39 111.39 111.39 111.38 111.36 111.36 111.37 111.34
111.35 111.33 111.32 111.32 111.31 111.32 111.32 111.31 111.30 111.30 111.29 111.29 111.29 111.29 111.29 111.33 111.37 111.38 111.27 111.35 110.87 102.30 98.81 98.08 99.86 107.36 109.83 109.98 110.03 109.86 109.21 108.68 108.39 108.31 108.33 108.63 108.80 108.76 108.24 108.06 108.15 108.23 108.33 108.56 108.91 109.52 110.21 110.47 110.69 110.77 110.88 111.15 110.97 111.03 110.44 110.65 110.82 110.88 110.97 110.98 111.07 111.12 111.31 111.39 111.37 111.34 111.31 111.31 111.30 111.30 111.29 111.30 111.30 111.30 111.31 111.35 111.36 111.36 111.33 111.39 111.38 111.37 111.33 111.38 111.33 111.33 111.36 111.31 111.34 111.37 111.37 111.37 111.37 111.34 111.33 111.35 111.34 111.34 111.33 111.35 111.35 111.23 111.37 111.25 111.31 111.07 110.93 111.17 110.92 110.85 110.71 110.59 110.36 110.31 110.34 110.60 109.81 110.03 109.79 110.16 110.34 110.55 109.91 109.96 110.05 110.28 110.80 110.63 111.34 111.37 111.32 111.30 111.30 111.30 111.30 111.31 111.31 111.31 111.32 111.33 111.33 111.33 111.32 111.33 111.33 111.33 111.32 111.32 111.32 111.31 111.31 111.31 111.31 111.31 111.31 111.32 111.34 111.39 111.29 110.86 110.12 109.63 109.48 109.80 109.85 108.89 111.11 111.21 111.27 111.31 111.36 111.38 111.39 111.39 111.39 111.37 111.38 111.35 111.35 111.34
111.31 111.32 111.32 111.31 111.30 111.30 111.30 111.30 111.29 111.29 111.29 111.29 111.29 111.29 111.29 111.33 111.37 111.35 111.30 111.37 111.30 104.29 101.97 101.11 102.92 109.30 110.36 110.35 110.25 109.96 109.49 108.91 108.37 108.10 107.90 107.80 108.74 108.77 108.58 108.41 108.36 108.38 108.45 108.60 108.91 109.49 110.29 110.45 110.60 110.75 110.76 111.02 111.17 111.20 110.56 110.65 110.71 110.84 110.88 111.01 111.11 111.13 111.37 111.39 111.36 111.31 111.30 111.30 111.29 111.29 111.29 111.29 111.30 111.30 111.30 111.33 111.34 111.33 111.37 111.39 111.36 111.33 111.38 111.38 111.33 111.32 111.35 111.36 111.37 111.38 111.37 111.37 111.35 111.34 111.37 111.36 111.34 111.35 111.34 111.35 111.34 111.28 111.18 111.32 111.10 111.20 111.24 110.58 110.94 111.18 110.55 110.34 110.32 110.40 110.42 110.61 110.14 110.16 109.13 110.44 110.52 110.46 109.69 109.89 110.22 110.28 110.75 110.57 110.99 111.30 111.38 111.36 111.33 111.32 111.32 111.31 111.31 111.31 111.31 111.31 111.31 111.31 111.31 111.31 111.30 111.31 111.30 111.30 111.30 111.30 111.30 111.30 111.30 111.30 111.30 111.30 111.32 111.38 111.24 110.48 109.49 109.25 109.14 109.12 109.66 110.36 110.90 111.08 111.20 111.30 111.36 111.38 111.39 111.39 111.38 111.37 111.36 111.34 111.34 111.33
111.31 111.31 111.31 111.30 111.30 111.29 111.29 111.29 111.29 111.29 111.29 111.29 111.29 111.29 111.29 111.32 111.39 111.33 111.38 111.39 111.39 109.73 107.63 106.74 109.86 111.01 110.68 110.57 110.39 109.86 109.38 108.92 108.48 107.98 107.70 107.60 108.44 108.78 108.69 108.41 108.40 108.16 108.46 108.66 108.71 109.71 110.01 110.30 110.43 110.61 110.72 110.84 111.02 111.19 111.03 110.77 111.27 111.38 111.37 111.18 111.13 111.03 111.38 111.39 111.36 111.31 111.30 111.29 111.29 111.29 111.29 111.29 111.30 111.34 111.29 111.31 111.31 111.31 111.32 111.36 111.38 111.37 111.32 111.38 111.35 111.33 111.36 111.38 111.38 111.35 111.38 111.38 111.38 111.36 111.39 111.39 111.39 111.30 111.38 111.38 111.35 111.30 111.20 111.30 111.30 111.27 111.27 111.12 110.92 111.06 110.81 110.52 110.53 110.34 110.31 110.37 110.50 110.14 109.35 110.36 110.49 110.26 111.12 110.82 110.19 110.13 110.44 110.67 110.78 111.14 111.32 111.38 111.39 111.37 111.34 111.32 111.31 111.31 111.30 111.30 111.30 111.29 111.30 111.29 111.29 111.29 111.29 111.29 111.29 111.29 111.29 111.29 111.29 111.29 111.29 111.29 111.30 111.37 111.21 110.36 109.64 109.15 108.94 107.17 108.09 109.71 110.62 111.00 111.21 111.30 111.36 111.39 111.39 111.38 111.37 111.37 111.35 111.34 111.36 111.32
111.31 111.31 111.31 111.30 111.29 111.29 111.29 111.29 111.29 111.29 111.29 111.29 111.29 111.29 111.29 111.32 111.39 111.37 111.38 111.35 111.39 111.38 111.39 111.39 111.31 111.12 110.49 110.69 110.21 109.68 109.14 108.80 108.31 107.88 107.62 107.09 107.15 108.67 108.76 108.40 108.50 108.41 108.52 107.69 109.04 109.75 110.13 110.27 110.36 110.47 110.31 110.66 110.69 111.24 110.68 110.75 110.82 110.77 111.29 111.35 111.33 111.25 111.37 111.34 111.31 111.29 111.29 111.29 111.29 111.29 111.29 111.29 111.29 111.29 111.31 111.30 111.30 111.30 111.29 111.34 111.36 111.39 111.38 111.39 111.35 111.38 111.39 111.38 111.39 111.36 111.38 111.39 111.38 111.39 111.39 111.34 111.39 111.38 111.37 111.38 111.28 111.30 111.34 111.30 111.20 111.37 111.34 111.08 111.25 111.18 110.86 111.04 110.97 110.89 111.17 110.45 110.66 109.81 110.09 109.52 109.95 109.86 109.90 110.18 110.22 110.34 110.26 110.18 110.84 110.65 111.27 111.36 111.36 111.39 111.34 111.31 111.31 111.30 111.29 111.29 111.29 111.29 111.29 111.29 111.29 111.29 111.29 111.30 111.30 111.29 111.29 111.29 111.29 111.29 111.29 111.29 111.29 111.30 111.36 110.75 109.56 109.10 107.22 101.08 106.93 109.55 110.64 111.05 111.20 111.31 111.37 111.38 111.39 111.38 111.35 111.35 111.34 111.34 111.32 111.31
111.30 111.30 111.29 111.30 111.29 111.30 111.29 111.29 111.29 111.29 111.29 111.29 111.29 111.29 111.29 111.30 111.38 111.37 111.38 111.37 111.36 111.38 111.19 111.27 111.29 111.19 111.02 110.39 109.94 109.53 109.00 108.61 108.22 107.80 107.11 107.02 107.35 108.85 109.06 108.61 108.78 108.76 108.79 107.69 108.65 109.72 110.05 110.19 110.28 110.13 109.90 110.04 110.74 111.03 111.24 111.32 111.26 111.37 111.39 111.36 111.34 111.16 111.31 111.30 111.29 111.29 111.29 111.29 111.29 111.29 111.29 111.29 111.29 111.29 111.30 111.29 111.29 111.29 111.29 111.29 111.34 111.36 111.38 111.39 111.38 111.39 111.38 111.38 111.39 111.39 111.38 111.39 111.39 111.38 111.38 111.37 111.38 111.38 111.35 111.29 111.35 111.25 111.34 111.34 111.07 111.38 110.79 111.14 111.25 111.11 111.09 111.14 111.11 111.01 110.96 111.06 110.91 111.29 110.60 110.28 110.54 111.09 110.17 110.47 110.53 109.94 109.65 110.49 110.98 110.73 111.30 111.37 111.39 111.35 111.32 111.30 111.29 111.29 111.29 111.29 111.29 111.29 111.29 111.30 111.31 111.31 111.32 111.31 111.31 111.31 111.30 111.30 111.30 111.29 111.29 111.29 111.29 111.30 111.35 110.95 110.00 109.30 108.39 107.65 108.44 110.30 110.96 111.16 111.25 111.34 111.34 111.39 111.38 111.37 111.35 111.33 111.33 111.33 111.31 111.30
111.29 111.29 111.29 111.29 111.29 111.29 111.29 111.29 111.29 111.29 111.29 111.29 111.29 111.29 111.29 111.29 111.32 111.38 111.35 111.35 111.36 111.34 111.17 111.12 111.34 111.23 110.70 110.26 109.83 109.34 108.90 108.49 108.20 107.76 106.53 106.91 107.93 108.87 109.00 108.79 109.11 109.16 109.11 109.24 109.48 109.75 110.08 110.25 110.24 109.80 109.91 110.21 110.25 111.05 111.12 111.20 111.20 111.36 111.38 111.38 111.38 111.36 111.32 111.34 111.37 111.30 111.30 111.29 111.29 111.29 111.29 111.29 111.29 111.29 111.29 111.29 111.29 111.29 111.29 111.29 111.29 111.33 111.35 111.37 111.36 111.39 111.39 111.30 111.39 111.39 111.39 111.38 111.39 111.37 111.36 111.38 111.39 111.39 111.36 111.35 111.32 111.31 111.33 111.35 111.25 111.15 110.96 111.10 111.13 110.94 111.13 111.09 111.23 111.35 111.33 111.32 111.11 110.67 110.58 110.51 110.74 110.46 110.30 110.45 110.14 110.63 111.20 111.36 111.35 111.37 111.39 111.38 111.34 111.32 111.30 111.29 111.29 111.29 111.29 111.29 111.30 111.31 111.32 111.34 111.35 111.38 111.37 111.33 111.35 111.33 111.32 111.31 111.30 111.29 111.29 111.29 111.29 111.29 111.32 111.36 110.93 110.30 109.64 109.59 110.17 111.00 111.18 111.25 111.30 111.35 111.38 111.39 111.37 111.35 111.33 111.31 111.31 111.31 111.30 111.29
111.29 111.29 111.29 111.29 111.29 111.29 111.29 111.29 111.29 111.29 111.29 111.29 111.29 111.29 111.29 111.29 111.30 111.34 111.37 111.38 111.39 111.38 111.32 111.34 111.38 110.85 110.53 110.18 109.62 109.25 108.82 108.69 108.11 107.81 107.29 107.34 107.96 108.93 108.98 108.97 109.21 109.34 109.51 109.51 109.67 109.86 110.06 110.28 110.18 109.55 110.19 110.33 110.41 110.67 110.79 110.93 111.12 111.17 111.24 111.39 111.29 111.37 111.36 111.34 111.31 111.31 111.30 111.29 111.29 111.29 111.29 111.29 111.29 111.29 111.29 111.29 111.29 111.29 111.29 111.29 111.29 111.29 111.31 111.31 111.33 111.36 111.39 111.39 111.38 111.39 111.38 111.39 111.39 111.37 111.37 111.39 111.39 111.36 111.35 111.38 111.31 111.33 111.37 111.36 111.26 111.26 111.05 111.04 111.16 111.04 111.00 110.97 111.25 111.32 111.30 111.29 111.03 110.71 110.88 110.89 110.85 111.20 110.56 110.41 110.84 110.69 110.99 111.38 111.37 111.38 111.38 111.34 111.33 111.30 111.30 111.29 111.29 111.29 111.30 111.31 111.32 111.34 111.48 111.39 111.44 111.46 111.44 111.41 111.39 111.35 111.33 111.32 111.36 111.30 111.30 111.29 111.29 111.29 111.30 111.33 111.37 111.27 111.14 111.11 110.84 110.51 111.31 111.32 111.35 111.37 111.27 111.30 111.34 111.38 111.31 111.34 111.30 111.29 111.29 111.29
111.29 111.30 111.29 111.29 111.29 111.29 111.29 111.29 111.29 111.29 111.29 111.29 111.29 111.29 111.29 111.29 111.29 111.30 111.35 111.38 111.39 111.39 111.39 111.39 111.12 110.68 110.40 110.02 109.74 109.03 108.66 108.34 107.88 107.47 107.14 107.25 107.87 108.79 109.14 109.24 109.41 109.58 109.65 109.74 109.62 109.83 109.83 109.69 109.67 109.83 110.19 110.46 110.51 110.44 110.73 111.03 111.15 111.20 111.18 111.22 111.20 111.22 111.37 111.34 111.34 111.30 111.29 111.29 111.29 111.29 111.29 111.29 111.29 111.29 111.29 111.30 111.30 111.30 111.30 111.29 111.29 111.29 111.29 111.30 111.32 111.35 111.38 111.39 111.37 111.38 111.38 111.38 111.39 111.38 111.38 111.38 111.38 111.35 111.37 111.37 111.29 111.26 111.32 111.21 111.38 111.13 111.15 111.00 111.15 110.80 110.61 110.83 111.15 111.23 111.17 110.97 110.96 111.06 110.91 111.23 111.16 111.20 111.17 110.83 111.04 111.27 111.31 111.39 111.39 111.36 111.35 111.32 111.31 111.30 111.29 111.29 111.29 111.31 111.32 111.34 111.38 111.41 111.45 111.49 111.56 111.48 111.45 111.44 111.42 111.33 111.35 111.34 111.32 111.31 111.30 111.30 111.30 111.29 111.29 111.29 111.30 111.32 111.33 111.37 111.27 111.10 111.39 111.38 111.37 111.39 111.39 111.34 111.31 111.31 111.30 111.29 111.29 111.29 111.29 111.29
111.29 111.29 111.29 111.29 111.29 111.29 111.29 111.29 111.29 111.29 111.29 111.29 111.29 111.29 111.29 111.29 111.29 111.29 111.31 111.13 111.38 111.38 111.38 111.23 110.50 110.67 110.38 109.99 109.48 108.84 108.26 107.62 107.02 106.73 106.53 106.46 106.90 107.58 108.75 109.43 109.65 109.74 109.81 109.78 109.04 109.29 109.97 110.18 109.89 109.77 110.18 110.07 109.91 110.10 110.58 111.03 111.17 111.24 111.25 111.27 111.29 111.27 111.37 111.34 111.30 111.30 111.29 111.29 111.29 111.29 111.29 111.30 111.29 111.30 111.30 111.31 111.31 111.32 111.31 111.30 111.30 111.29 111.29 111.30 111.31 111.34 111.35 111.36 111.37 111.36 111.39 111.39 111.39 111.36 111.36 111.38 111.36 111.37 111.38 111.38 111.35 111.35 111.35 111.34 111.32 111.20 111.09 111.33 111.06 110.67 111.17 110.76 110.82 110.73 110.62 110.56 110.80 110.94 111.03 111.32 111.34 111.30 111.39 111.38 111.36 111.37 111.39 111.39 111.37 111.35 111.32 111.31 111.30 111.29 111.29 111.29 111.30 111.32 111.36 111.41 111.43 111.46 111.54 111.58 111.61 111.59 111.53 111.52 111.44 111.43 111.38 111.33 111.34 111.32 111.31 111.31 111.30 111.30 111.30 111.29 111.29 111.29 111.29 111.29 111.31 111.32 111.34 111.38 111.39 111.39 111.38 111.35 111.34 111.30 111.29 111.29 111.29 111.29 111.29 111.30
111.30 111.29 111.29 111.29 111.29 111.29 111.29 111.29 111.29 111.29 111.29 111.29 111.29 111.29 111.29 111.29 111.29 111.29 111.29 111.38 111.38 111.37 111.29 111.11 110.65 110.72 110.41 110.03 109.55 108.54 107.42 106.61 105.84 105.38 105.36 105.73 106.12 106.24 107.27 108.62 109.56 109.94 109.98 109.95 109.84 109.67 109.83 110.00 110.16 110.52 109.88 109.74 109.59 109.40 110.04 110.72 111.15 111.22 111.23 111.23 111.26 111.25 111.39 111.33 111.30 111.30 111.29 111.29 111.29 111.29 111.29 111.29 111.30 111.31 111.31 111.32 111.34 111.33 111.33 111.31 111.32 111.31 111.30 111.30 111.29 111.29 111.29 111.30 111.32 111.31 111.37 111.38 111.39 111.39 111.38 111.39 111.36 111.36 111.38 111.35 111.39 111.39 111.38 111.36 111.39 111.36 111.27 111.22 111.12 110.89 110.77 110.68 110.67 110.46 110.47 110.47 110.65 111.11 111.39 111.38 111.34 111.31 111.37 111.33 111.39 111.38 111.38 111.38 111.34 111.33 111.31 111.30 111.29 111.29 111.29 111.30 111.31 111.34 111.39 111.47 111.51 111.58 111.64 111.65 111.66 111.67 111.64 111.57 111.55 111.48 111.45 111.41 111.39 111.34 111.37 111.36 111.32 111.30 111.30 111.29 111.29 111.29 111.29 111.30 111.31 111.31 111.33 111.35 111.37 111.37 111.37 111.34 111.35 111.29 111.29 111.29 111.29 111.29 111.29 111.30
111.30 111.30 111.30 111.30 111.29 111.29 111.30 111.29 111.29 111.29 111.29 111.29 111.29 111.29 111.29 111.29 111.29 111.29 111.29 111.31 111.26 111.25 111.26 111.14 111.14 110.79 110.56 110.23 109.38 107.91 106.53 105.36 104.63 104.52 104.17 104.42 105.67 105.90 106.35 107.64 109.14 109.97 110.13 110.08 109.78 109.90 109.71 108.82 109.95 110.02 110.00 109.82 109.42 109.11 109.51 110.28 110.91 111.11 111.19 111.18 111.34 111.35 111.36 111.37 111.30 111.29 111.29 111.29 111.29 111.29 111.29 111.30 111.30 111.32 111.33 111.34 111.36 111.37 111.37 111.43 111.33 111.33 111.33 111.32 111.31 111.29 111.29 111.29 111.30 111.31 111.32 111.36 111.36 111.36 111.37 111.39 111.39 111.39 111.37 111.37 111.35 111.30 111.35 111.38 111.36 111.36 111.33 111.31 111.25 111.25 111.10 110.77 111.33 110.60 110.64 110.97 110.81 111.02 111.38 111.39 111.39 111.39 111.39 111.38 111.38 111.37 111.36 111.34 111.33 111.31 111.30 111.29 111.29 111.29 111.30 111.31 111.33 111.35 111.44 111.46 111.63 111.69 111.71 111.71 111.70 111.71 111.66 111.64 111.59 111.62 111.52 111.50 111.44 111.42 111.40 111.38 111.36 111.31 111.30 111.30 111.29 111.29 111.29 111.29 111.31 111.31 111.32 111.33 111.34 111.34 111.35 111.38 111.33 111.29 111.29 111.29 111.29 111.29 111.30 111.30
111.30 111.30 111.30 111.30 111.30 111.30 111.29 111.30 111.29 111.29 111.29 111.29 111.29 111.29 111.29 111.29 111.29 111.29 111.29 111.31 111.36 111.39 111.38 111.34 111.22 111.03 110.84 110.32 109.30 107.68 106.15 105.22 104.89 104.80 104.04 104.44 105.52 106.10 106.70 108.02 109.35 110.06 110.16 110.11 109.39 109.99 109.80 109.42 109.77 109.66 109.68 109.52 109.52 109.67 109.94 110.15 110.69 111.09 111.11 111.07 111.26 111.36 111.36 111.38 111.32 111.29 111.29 111.29 111.29 111.29 111.30 111.31 111.32 111.33 111.36 111.40 111.42 111.43 111.43 111.42 111.41 111.40 111.36 111.43 111.42 111.32 111.30 111.30 111.29 111.29 111.30 111.29 111.30 111.32 111.32 111.36 111.38 111.34 111.39 111.35 111.29 111.29 111.30 111.37 111.37 111.28 111.17 111.36 111.38 111.35 111.27 111.31 111.32 111.39 111.18 111.26 111.37 111.18 111.38 111.39 111.39 111.39 111.36 111.36 111.35 111.36 111.34 111.33 111.31 111.30 111.29 111.29 111.29 111.29 111.31 111.32 111.36 111.40 111.53 111.59 111.64 111.73 111.74 111.73 111.72 111.69 111.70 111.68 111.65 111.60 111.56 111.57 111.56 111.50 111.45 111.40 111.35 111.34 111.32 111.30 111.29 111.29 111.29 111.29 111.30 111.30 111.31 111.31 111.31 111.33 111.39 111.37 111.38 111.30 111.29 111.29 111.29 111.29 111.29 111.30
111.30 111.30 111.30 111.30 111.30 111.30 111.30 111.30 111.29 111.30 111.29 111.30 111.29 111.29 111.29 111.29 111.29 111.29 111.30 111.34 111.37 111.39 111.39 111.36 111.29 111.19 110.99 110.72 109.95 108.75 107.28 106.13 105.59 105.42 105.30 105.44 106.05 106.45 108.38 109.63 110.29 110.47 110.30 110.26 110.29 109.73 110.06 109.31 109.71 109.76 109.65 109.82 109.13 109.74 110.38 110.25 110.45 110.95 111.14 111.31 111.29 111.31 111.36 111.38 111.32 111.29 111.29 111.29 111.29 111.30 111.31 111.32 111.35 111.38 111.57 111.43 111.47 111.44 111.48 111.48 111.46 111.45 111.40 111.41 111.43 111.35 111.33 111.30 111.30 111.30 111.29 111.29 111.29 111.29 111.30 111.32 111.34 111.35 111.31 111.30 111.29 111.30 111.34 111.30 111.34 111.30 111.32 111.31 111.31 111.29 111.17 111.38 111.22 111.13 111.37 111.37 111.38 111.38 111.37 111.37 111.37 111.37 111.33 111.33 111.33 111.33 111.33 111.31 111.30 111.29 111.30 111.29 111.29 111.29 111.31 111.34 111.39 111.41 111.52 111.61 111.69 111.73 111.70 111.63 111.73 111.69 111.67 111.62 111.72 111.55 111.57 111.55 111.52 111.49 111.50 111.43 111.38 111.36 111.31 111.30 111.29 111.29 111.29 111.29 111.30 111.30 111.31 111.30 111.30 111.32 111.35 111.37 111.39 111.30 111.29 111.29 111.29 111.29 111.30 111.30
111.31 111.31 111.30 111.30 111.30 111.30 111.30 111.30 111.30 111.30 111.30 111.29 111.29 111.29 111.29 111.29 111.29 111.30 111.32 111.34 111.37 111.39 111.39 111.38 111.35 111.31 111.23 111.06 110.66 109.89 109.25 108.73 108.55 106.86 106.14 105.95 106.63 108.17 109.26 110.11 110.51 110.67 110.66 110.75 110.88 111.00 111.05 110.83 110.09 109.63 109.15 109.65 110.39 110.32 110.33 110.58 111.15 111.03 111.16 111.33 111.37 111.39 111.38 111.35 111.31 111.29 111.29 111.29 111.30 111.31 111.32 111.35 111.39 111.43 111.43 111.51 111.51 111.51 111.56 111.56 111.49 111.51 111.48 111.47 111.43 111.40 111.35 111.35 111.33 111.31 111.30 111.31 111.29 111.29 111.29 111.29 111.30 111.31 111.29 111.30 111.32 111.34 111.36 111.30 111.34 111.30 111.30 111.30 111.32 111.37 111.26 111.37 111.38 111.38 111.36 111.38 111.39 111.37 111.36 111.35 111.36 111.34 111.33 111.31 111.31 111.30 111.30 111.30 111.29 111.29 111.29 111.29 111.29 111.30 111.33 111.36 111.43 111.51 111.54 111.62 111.68 111.74 111.73 111.74 111.72 111.66 111.68 111.68 111.66 111.64 111.59 111.62 111.58 111.47 111.51 111.48 111.42 111.34 111.31 111.30 111.29 111.29 111.29 111.29 111.29 111.30 111.30 111.30 111.30 111.30 111.31 111.33 111.38 111.29 111.29 111.29 111.29 111.30 111.30 111.31
111.31 111.31 111.31 111.30 111.30 111.30 111.30 111.30 111.29 111.30 111.30 111.30 111.30 111.29 111.29 111.29 111.29 111.30 111.32 111.34 111.37 111.38 111.39 111.39 111.38 111.37 111.33 111.30 111.21 111.02 110.78 110.67 110.68 110.63 109.61 109.38 110.05 110.37 110.43 110.48 110.64 110.73 110.71 110.78 110.94 111.08 111.09 111.06 110.03 109.72 110.24 110.64 111.15 110.93 111.03 111.31 111.17 111.28 111.19 111.32 111.38 111.39 111.35 111.31 111.29 111.29 111.29 111.29 111.31 111.32 111.34 111.39 111.41 111.46 111.48 111.47 111.44 111.38 111.56 111.57 111.54 111.57 111.52 111.51 111.47 111.45 111.44 111.41 111.37 111.34 111.33 111.32 111.32 111.31 111.29 111.29 111.29 111.29 111.29 111.29 111.29 111.30 111.29 111.30 111.32 111.30 111.32 111.32 111.30 111.34 111.37 111.35 111.34 111.33 111.33 111.38 111.36 111.35 111.34 111.33 111.32 111.32 111.30 111.31 111.30 111.30 111.30 111.30 111.29 111.29 111.29 111.29 111.30 111.31 111.45 111.47 111.43 111.48 111.55 111.60 111.67 111.73 111.73 111.70 111.71 111.69 111.67 111.66 111.61 111.67 111.64 111.62 111.56 111.55 111.55 111.46 111.39 111.33 111.31 111.30 111.29 111.29 111.29 111.29 111.29 111.29 111.29 111.29 111.29 111.29 111.29 111.30 111.30 111.29 111.29 111.29 111.29 111.30 111.30 111.31
111.31 111.31 111.31 111.30 111.31 111.31 111.30 111.30 111.30 111.30 111.30 111.30 111.29 111.29 111.29 111.29 111.30 111.31 111.32 111.34 111.36 111.37 111.38 111.39 111.39 111.38 111.38 111.36 111.35 111.32 111.29 111.25 111.21 111.16 111.08 111.11 111.13 111.11 110.93 110.79 110.77 110.89 110.86 110.66 110.81 110.97 110.99 110.98 111.29 110.35 111.37 111.36 111.34 111.37 111.38 111.32 111.34 111.34 111.32 111.35 111.39 111.36 111.31 111.29 111.30 111.29 111.30 111.31 111.32 111.36 111.36 111.41 111.45 111.47 111.49 111.50 111.52 111.57 111.60 111.60 111.60 111.57 111.56 111.54 111.53 111.49 111.49 111.43 111.41 111.39 111.36 111.34 111.32 111.31 111.30 111.30 111.29 111.29 111.29 111.29 111.29 111.29 111.29 111.31 112.16 111.42 111.31 111.29 111.30 111.32 111.33 111.32 111.33 111.33 111.34 111.32 111.32 111.32 111.31 111.31 111.31 111.31 111.30 111.30 111.30 111.30 111.30 111.29 111.29 111.29 111.29 111.29 111.30 111.32 111.41 111.45 111.43 111.50 111.51 111.59 111.64 111.68 111.71 111.71 111.68 111.69 111.67 111.67 111.64 111.58 111.66 111.60 111.54 111.50 111.50 111.40 111.36 111.32 111.32 111.32 111.30 111.29 111.29 111.29 111.29 111.29 111.29 111.29 111.29 111.29 111.29 111.29 111.31 111.31 111.29 111.29 111.29 111.30 111.31 111.30
111.31 111.31 111.31 111.31 111.31 111.31 111.30 111.30 111.30 111.30 111.30 111.29 111.29 111.29 111.29 111.29 111.30 111.31 111.32 111.34 111.37 111.36 111.37 111.39 111.39 111.39 111.39 111.38 111.38 111.37 111.36 111.33 111.30 111.28 111.28 111.28 111.24 111.21 111.10 110.99 110.93 110.95 110.99 111.03 110.97 111.11 111.25 111.35 111.39 111.37 111.35 111.34 111.32 111.31 111.31 111.35 111.38 111.37 111.39 111.37 111.34 111.31 111.29 111.29 111.29 111.30 111.31 111.32 111.34 111.38 111.43 111.48 111.51 111.52 111.55 111.57 111.58 111.54 111.68 111.72 111.60 111.59 111.62 111.48 111.56 111.53 111.47 111.45 111.48 111.43 111.41 111.38 111.35 111.33 111.32 111.31 111.30 111.29 111.33 111.29 111.29 111.29 111.29 111.82 112.30 111.29 111.33 111.29 111.30 111.30 111.30 111.30 111.31 111.30 111.30 111.30 111.30 111.30 111.30 111.30 111.30 111.30 111.30 111.30 111.29 111.29 111.30 111.29 111.29 111.29 111.29 111.29 111.31 111.32 111.35 111.36 111.44 111.47 111.55 111.58 111.63 111.66 111.71 111.70 111.71 111.70 111.66 111.69 111.67 111.64 111.62 111.56 111.55 111.46 111.37 111.39 111.35 111.33 111.32 111.31 111.30 111.29 111.29 111.29 111.29 111.29 111.29 111.29 111.29 111.29 111.29 111.29 111.29 111.29 111.29 111.29 111.29 111.30 111.31 111.31
111.31 111.31 111.31 111.31 111.31 111.31 111.31 111.30 111.30 111.29 111.30 111.29 111.29 111.29 111.29 111.30 111.32 111.31 111.32 111.33 111.34 111.35 111.36 111.37 111.38 111.39 111.39 111.39 111.39 111.38 111.38 111.37 111.36 111.35 111.35 111.35 111.34 111.31 111.24 111.17 111.11 111.10 111.14 111.18 111.26 111.34 111.37 111.39 111.38 111.36 111.34 111.32 111.31 111.31 111.30 111.30 111.36 111.34 111.38 111.31 111.29 111.29 111.29 111.30 111.30 111.32 111.34 111.37 111.41 111.43 111.51 111.54 111.55 111.57 111.60 111.63 111.64 111.62 111.66 111.64 111.61 111.64 111.61 111.63 111.58 111.65 111.61 111.52 111.51 111.44 111.45 111.42 111.37 111.35 111.33 111.32 111.32 111.44 111.31 111.30 111.29 111.29 111.29 111.29 111.30 111.30 111.30 111.29 111.29 111.29 111.29 111.29 111.30 111.29 111.29 111.30 111.29 111.29 111.29 111.29 111.29 111.29 111.30 111.30 111.29 111.30 111.30 111.29 111.29 111.29 111.29 111.29 111.30 111.31 111.31 111.34 111.37 111.43 111.45 111.49 111.51 111.56 111.57 111.62 111.64 111.64 111.61 111.62 111.55 111.56 111.56 111.55 111.47 111.40 111.38 111.34 111.35 111.33 111.32 111.31 111.30 111.30 111.29 111.29 111.29 111.29 111.29 111.29 111.29 111.29 111.29 111.29 111.29 111.29 111.29 111.30 111.30 111.31 111.31 111.32
111.32 111.32 111.31 111.31 111.31 111.30 111.30 111.30 111.30 111.30 111.30 111.29 111.29 111.29 111.29 111.30 111.58 111.33 111.31 111.32 111.33 111.34 111.35 111.35 111.37 111.38 111.38 111.39 111.39 111.39 111.39 111.39 111.39 111.39 111.38 111.38 111.38 111.37 111.36 111.33 111.29 111.29 111.26 111.28 111.33 111.37 111.39 111.34 111.34 111.32 111.31 111.31 111.36 111.30 111.29 111.29 111.29 111.29 111.29 111.30 111.30 111.31 111.33 111.34 111.36 111.40 111.41 111.45 111.47 111.51 111.56 111.59 111.60 111.63 111.66 111.63 111.65 111.65 111.68 111.72 111.62 111.63 111.65 111.62 111.67 111.61 111.54 111.54 111.48 111.49 111.46 111.45 111.41 111.37 111.33 111.33 111.33 111.32 111.32 111.31 111.30 111.30 111.29 111.29 111.29 111.29 111.29 111.29 111.29 111.29 111.29 111.29 111.29 111.29 111.29 111.29 111.29 111.29 111.29 111.29 111.29 111.29 111.29 111.30 111.30 111.30 111.29 111.29 111.29 111.29 111.29 111.29 111.30 111.30 111.31 111.33 111.34 111.37 111.38 111.41 111.43 111.46 111.48 111.52 111.54 111.51 111.52 111.53 111.43 111.44 111.48 111.43 111.42 111.37 111.35 111.36 111.32 111.33 111.33 111.31 111.30 111.30 111.30 111.30 111.29 111.29 111.29 111.29 111.29 111.29 111.29 111.29 111.29 111.29 111.29 111.42 111.31 111.31 111.32 111.33
111.32 111.32 111.32 111.31 111.32 111.31 111.30 111.30 111.30 111.30 111.29 111.29 111.29 111.29 111.29 111.29 111.31 111.30 111.31 111.31 111.32 111.32 111.33 111.34 111.35 111.36 111.37 111.38 111.38 111.38 111.39 111.39 111.39 111.39 111.39 111.39 111.39 111.39 111.39 111.38 111.37 111.36 111.36 111.36 111.38 111.39 111.38 111.36 111.33 111.32 111.31 111.31 111.30 111.29 111.29 111.29 111.29 111.29 111.30 111.31 111.34 111.36 111.38 111.40 111.43 111.44 111.48 111.51 111.53 111.58 111.59 111.85 111.66 111.66 111.67 111.70 111.69 111.67 111.67 111.67 111.65 111.71 111.61 111.62 111.42 112.07 111.55 111.53 111.52 111.48 111.49 111.43 111.41 111.39 111.37 111.34 111.34 111.32 111.32 111.30 111.30 111.30 111.29 111.29 111.29 111.29 111.29 111.29 111.29 111.29 111.29 111.29 111.29 111.29 111.29 111.29 111.29 111.29 111.29 111.29 111.29 111.29 111.29 111.29 111.29 111.29 111.29 111.29 111.29 111.29 111.29 111.29 111.29 111.29 111.30 111.30 111.32 111.33 111.34 111.33 111.37 111.36 111.40 111.45 111.45 111.44 111.43 111.44 111.43 111.40 111.42 111.40 111.40 111.40 111.35 111.36 111.34 111.34 111.33 111.32 111.31 111.31 111.30 111.30 111.30 111.29 111.29 111.29 111.29 111.29 111.29 111.29 111.30 111.29 111.30 111.30 111.31 111.31 111.32 111.32
111.32 111.32 111.32 111.31 111.32 111.32 111.30 111.31 111.31 111.31 111.30 111.30 111.29 111.29 111.29 111.29 111.29 111.29 111.30 111.30 111.30 111.31 111.32 111.33 111.33 111.33 111.34 111.34 111.35 111.36 111.36 111.37 111.37 111.37 111.36 111.37 111.37 111.37 111.38 111.39 111.39 111.39 111.39 111.39 111.38 111.36 111.35 111.33 111.32 111.31 111.30 111.29 111.29 111.29 111.29 111.29 111.29 111.30 111.31 111.34 111.40 111.39 111.46 111.48 111.49 111.51 111.55 111.57 111.59 111.59 111.63 111.63 111.65 111.68 111.69 111.69 111.67 111.71 111.73 111.71 111.66 111.65 111.65 111.62 111.60 111.59 111.57 111.56 111.54 111.48 111.44 111.46 111.41 111.41 111.35 111.36 111.35 111.33 111.31 111.31 111.30 111.30 111.30 111.29 111.29 111.29 111.29 111.29 111.29 111.29 111.29 111.29 111.29 111.29 111.29 111.29 111.29 111.29 111.29 111.29 111.29 111.29 111.29 111.29 111.29 111.29 111.29 111.29 111.29 111.29 111.29 111.29 111.29 111.30 111.29 111.29 111.30 111.30 111.30 111.32 111.33 111.32 111.34 111.35 111.35 111.34 111.36 111.36 111.36 111.36 111.36 111.37 111.37 111.35 111.34 111.35 111.35 111.33 111.33 111.32 111.32 111.31 111.31 111.30 111.30 111.30 111.29 111.29 111.29 111.29 111.29 111.29 111.30 111.30 111.30 111.30 111.31 111.34 111.31 111.32
111.32 111.32 111.32 111.32 111.32 111.32 111.31 111.31 111.31 111.30 111.30 111.30 111.30 111.29 111.29 111.29 111.29 111.29 111.29 111.29 111.30 111.30 111.30 111.31 111.31 111.31 111.32 111.32 111.33 111.33 111.33 111.33 111.33 111.33 111.34 111.34 111.34 111.34 111.34 111.34 111.35 111.35 111.35 111.35 111.34 111.33 111.33 111.32 111.30 111.30 111.30 111.29 111.29 111.29 111.29 111.30 111.31 111.32 111.34 111.36 111.42 111.49 111.51 111.54 111.57 111.79 111.54 111.63 111.64 111.64 111.68 111.63 111.67 111.73 111.76 111.74 111.72 111.73 111.68 111.70 111.67 111.66 111.64 111.64 111.61 111.59 111.55 111.54 111.50 111.48 111.45 111.43 111.42 111.39 111.39 111.39 111.34 111.33 111.32 111.31 111.31 111.30 111.30 111.30 111.30 111.30 111.29 111.29 111.29 111.30 111.30 111.30 111.30 111.30 111.29 111.30 111.29 111.29 111.29 111.29 111.29 111.29 111.29 111.29 111.29 111.29 111.29 111.29 111.29 111.29 111.29 111.29 111.29 111.30 111.29 111.29 111.29 111.29 111.30 111.30 111.31 111.30 111.32 111.32 111.32 111.31 111.32 111.32 111.33 111.33 111.33 111.34 111.33 111.32 111.33 111.33 111.33 111.32 111.33 111.32 111.31 111.32 111.31 111.31 111.30 111.29 111.30 111.30 111.29 111.30 111.29 111.30 111.30 111.30 111.31 111.31 111.31 111.32 111.31 111.31
111.33 111.32 111.32 111.66 111.32 111.32 111.32 111.32 111.32 111.31 111.31 111.30 111.30 111.29 111.29 111.29 111.29 111.29 111.29 111.29 111.30 111.29 111.29 111.30 111.30 111.30 111.30 111.30 111.30 111.31 111.31 111.31 111.31 111.32 111.32 111.32 111.32 111.32 111.32 111.32 111.33 111.32 111.32 111.32 111.31 111.31 111.30 111.30 111.29 111.29 111.29 111.29 111.29 111.30 111.32 111.33 111.34 111.37 111.42 111.43 111.47 111.52 111.57 111.61 111.61 111.62 111.68 111.67 111.66 111.66 111.68 111.66 111.69 111.69 111.70 111.73 111.70 111.67 111.66 111.67 111.66 111.65 111.61 111.58 111.56 111.47 111.48 111.47 111.47 111.45 111.45 111.41 111.38 111.36 111.37 111.33 111.32 111.32 111.32 111.31 111.31 111.30 111.30 111.30 111.30 111.30 111.30 111.30 111.30 111.30 111.30 111.30 111.30 111.30 111.30 111.30 111.30 111.29 111.30 111.29 111.29 111.29 111.29 111.29 111.29 111.29 111.29 111.29 111.29 111.29 111.29 111.29 111.29 111.29 111.29 111.29 111.29 111.29 111.29 111.29 111.30 111.29 111.30 111.30 111.30 111.31 111.31 111.31 111.31 111.31 111.31 111.31 111.32 111.32 111.32 111.32 111.32 111.32 111.32 111.32 111.32 111.31 111.31 111.31 111.30 111.31 111.31 111.31 111.30 111.30 111.30 111.30 111.30 111.31 111.31 111.32 111.31 111.32 111.32 111.32
111.33 111.34 111.33 111.34 111.34 111.33 111.33 111.33 111.31 111.32 111.31 111.31 111.31 111.31 111.37 111.30 111.29 111.29 111.29 111.29 111.29 111.29 111.29 111.29 111.29 111.29 111.29 111.29 111.29 111.29 111.29 111.30 111.30 111.30 111.30 111.31 111.31 111.31 111.31 111.31 111.31 111.31 111.30 111.30 111.30 111.29 111.29 111.29 111.29 111.29 111.29 111.29 111.31 111.33 111.35 111.40 111.45 111.52 111.54 111.55 111.56 111.61 111.63 111.62 111.66 111.68 111.68 111.64 111.66 111.69 111.64 111.64 111.68 111.68 111.68 111.69 111.68 111.65 111.65 111.64 111.64 111.60 111.58 111.47 112.12 113.29 111.37 111.42 111.45 111.42 111.43 111.38 111.39 111.35 111.34 111.33 111.32 111.32 111.32 111.32 111.31 111.31 111.30 111.30 111.30 111.30 111.30 111.30 111.30 111.30 111.30 111.30 111.30 111.30 111.29 111.29 111.30 111.29 111.29 111.30 111.29 111.29 111.29 111.29 111.29 111.29 111.29 111.29 111.29 111.29 111.29 111.29 111.29 111.29 111.29 111.29 111.29 111.29 111.29 111.29 111.29 111.29 111.29 111.29 111.29 111.30 111.30 111.30 111.30 111.30 111.30 111.31 111.31 111.31 111.30 111.31 111.31 111.32 111.32 111.32 111.31 111.31 111.32 111.32 111.31 111.32 111.32 111.30 111.31 111.31 111.32 111.32 111.31 111.31 111.32 111.32 111.31 111.31 111.37 111.31
111.35 111.34 111.36 111.35 111.35 111.37 111.37 111.34 111.35 111.34 111.32 111.32 111.33 111.32 111.32 111.31 111.31 111.31 111.30 111.30 111.29 111.30 111.29 111.29 111.29 111.29 111.29 111.29 111.29 111.29 111.29 111.29 111.29 111.29 111.32 111.30 111.30 111.30 111.30 111.30 111.30 111.29 111.29 111.29 111.29 111.29 111.29 111.29 111.30 111.30 111.32 111.33 111.36 111.42 111.48 111.54 111.61 111.66 111.71 111.76 111.77 111.76 111.71 111.69 111.69 111.68 111.66 111.67 111.70 111.67 111.68 111.68 111.66 111.68 111.67 111.65 111.63 111.58 111.64 111.62 111.60 111.57 111.51 111.49 111.48 111.43 111.42 111.43 111.41 111.42 111.39 111.37 111.36 111.34 111.33 111.33 111.32 111.32 111.31 111.31 111.30 111.31 111.30 111.30 111.30 111.30 111.30 111.30 111.29 111.29 111.29 111.30 111.30 111.30 111.30 111.30 111.29 111.30 111.30 111.30 111.29 111.29 111.29 111.29 111.29 111.29 111.29 111.29 111.29 111.29 111.29 111.29 111.29 111.29 111.29 111.29 111.29 111.29 111.30 111.29 111.29 111.29 111.29 111.29 111.29 111.29 111.29 111.29 111.29 111.29 111.29 111.30 111.30 111.30 111.30 111.31 111.31 111.31 111.31 111.31 111.30 111.31 111.31 111.31 111.31 111.31 111.32 111.32 111.32 111.32 111.33 111.32 111.33 111.33 111.32 111.32 111.32 111.34 111.34 111.34
111.33 111.37 111.38 111.36 111.37 111.37 111.37 111.38 111.35 111.39 111.36 111.35 111.35 111.35 111.33 111.32 111.32 111.33 111.33 111.32 111.32 111.32 111.31 111.31 111.30 111.30 111.29 111.30 111.30 111.29 111.29 111.29 111.29 111.29 111.29 111.29 111.29 111.29 111.29 111.29 111.29 111.29 111.29 111.29 111.29 111.30 111.31 111.32 111.34 111.37 111.40 111.43 111.45 111.50 111.53 111.58 111.62 111.63 111.68 111.69 111.69 111.69 111.68 111.67 111.65 111.66 111.66 111.67 111.64 111.66 111.66 111.64 111.67 111.65 111.60 111.62 111.61 111.57 111.57 111.55 111.52 111.50 111.51 111.48 111.43 111.44 111.39 111.38 111.37 111.36 111.35 111.34 111.33 111.33 111.33 111.31 111.32 111.31 111.31 111.31 111.31 111.31 111.30 111.30 111.30 111.30 111.30 111.30 111.30 111.30 111.29 111.29 111.30 111.30 111.30 111.30 111.29 111.30 111.30 111.29 111.29 111.29 111.29 111.29 111.29 111.29 111.29 111.29 111.29 111.29 111.29 111.29 111.29 111.29 111.29 111.30 111.29 111.29 111.29 111.29 111.29 111.29 111.29 111.29 111.29 111.29 111.29 111.29 111.29 111.29 111.29 111.29 111.29 111.29 111.30 111.30 111.30 111.30 111.32 111.31 111.31 111.31 111.31 111.32 111.32 111.32 111.32 111.33 111.33 111.33 111.33 111.33 111.34 111.34 111.37 111.36 111.35 111.36 111.35 111.34
111.39 111.41 111.43 111.40 111.38 111.41 111.73 111.37 111.40 111.40 111.36 111.38 111.39 111.37 111.40 111.41 111.40 111.37 111.42 111.34 111.33 111.35 111.35 111.33 111.32 111.32 111.31 111.30 111.31 111.30 111.30 111.30 111.30 111.29 111.30 111.30 111.29 111.29 111.29 111.30 111.29 111.30 111.30 111.31 111.31 111.32 111.33 111.35 111.38 111.42 111.46 111.48 111.49 111.48 111.51 111.52 111.53 111.55 111.56 111.56 111.55 111.57 111.57 111.58 111.63 111.60 111.60 111.61 111.65 111.61 111.62 111.60 111.59 111.61 111.57 111.54 111.54 111.55 111.52 111.49 111.47 111.47 111.45 111.42 111.40 111.39 111.37 111.37 111.35 111.34 111.32 111.32 111.32 111.32 111.32 111.31 111.31 111.31 111.31 111.30 111.30 111.30 111.30 111.29 111.30 111.30 111.30 111.30 111.30 111.30 111.30 111.30 111.29 111.29 111.29 111.29 111.29 111.29 111.29 111.29 111.29 111.29 111.29 111.29 111.29 111.29 111.29 111.29 111.29 111.29 111.29 111.29 111.29 111.29 111.29 111.29 111.29 111.29 111.29 111.29 111.30 111.30 111.29 111.29 111.29 111.29 111.29 111.29 111.29 111.29 111.29 111.29 111.29 111.29 111.29 111.29 111.30 111.30 111.31 111.31 111.31 111.31 111.32 111.32 111.32 111.33 111.33 111.33 111.32 111.34 111.34 111.34 111.33 111.35 111.36 111.37 111.40 111.35 111.38 111.37
111.43 111.46 111.46 111.44 111.42 111.47 111.48 111.46 111.46 111.48 111.50 111.47 111.47 111.43 111.51 111.45 111.44 111.43 111.41 111.40 111.42 111.35 111.34 111.36 111.34 111.36 111.34 111.44 111.37 111.35 111.36 111.33 111.32 111.32 111.31 111.31 111.31 111.31 111.31 111.32 111.32 111.33 111.33 111.34 111.35 111.37 111.38 111.39 111.41 111.43 111.46 111.51 111.49 111.50 111.50 111.49 111.47 111.47 111.45 111.47 111.48 111.49 111.50 111.50 111.51 111.53 111.54 111.53 111.52 111.53 111.56 111.57 111.56 111.52 111.54 111.54 111.53 111.50 111.47 111.43 111.43 111.41 111.39 111.37 111.38 111.37 111.35 111.34 111.33 111.33 111.33 111.31 111.31 111.31 111.31 111.30 111.30 111.30 111.30 111.30 111.30 111.30 111.30 111.29 111.29 111.29 111.29 111.29 111.29 111.29 111.29 111.29 111.29 111.29 111.29 111.29 111.29 111.29 111.29 111.29 111.29 111.29 111.29 111.29 111.29 111.29 111.29 111.29 111.29 111.29 111.29 111.29 111.29 111.29 111.29 111.29 111.29 111.29 111.29 111.29 111.29 111.29 111.29 111.29 111.29 111.29 111.29 111.29 111.29 111.29 111.29 111.29 111.29 111.29 111.29 111.29 111.30 111.30 111.30 111.30 111.31 111.31 111.31 111.32 111.33 111.34 111.33 111.34 111.35 111.36 111.31 111.92 111.32 111.30 111.36 111.38 111.43 111.42 111.37 111.41
111.44 111.48 111.45 111.47 111.47 111.52 111.46 111.49 111.50 111.50 111.52 111.49 111.49 111.53 111.49 111.51 111.51 111.45 111.48 111.49 111.46 111.50 111.51 111.55 111.48 111.41 111.42 111.42 111.35 111.36 111.36 111.35 111.38 111.40 111.42 111.36 111.34 111.35 111.33 111.35 111.35 111.35 111.38 111.38 111.37 111.36 111.38 111.40 111.41 111.45 111.46 111.47 111.47 111.47 111.47 111.52 111.46 111.45 111.46 111.46 111.49 111.50 111.52 111.51 111.51 111.49 111.48 111.48 111.50 111.46 111.50 111.50 111.49 111.49 111.47 111.48 111.45 111.45 111.41 111.41 111.39 111.38 111.36 111.41 111.34 111.33 111.33 111.32 111.32 111.32 111.31 111.31 111.31 111.31 111.31 111.30 111.31 111.30 111.30 111.29 111.29 111.29 111.29 111.29 111.29 111.29 111.29 111.29 111.29 111.29 111.29 111.29 111.29 111.29 111.29 111.29 111.29 111.29 111.29 111.29 111.29 111.29 111.29 111.29 111.29 111.29 111.29 111.29 111.29 111.29 111.29 111.29 111.29 111.29 111.29 111.29 111.29 111.29 111.29 111.29 111.29 111.29 111.29 111.29 111.29 111.29 111.29 111.29 111.29 111.29 111.29 111.29 111.29 111.29 111.29 111.29 111.30 111.30 111.30 111.31 111.31 111.32 111.32 111.33 111.33 111.33 111.33 111.34 111.34 111.36 111.36 111.38 111.36 111.44 111.45 111.46 111.46 111.46 111.45 111.42
111.51 111.46 111.38 111.35 111.39 111.49 111.45 111.35 111.34 111.47 111.51 111.51 111.52 111.50 111.50 111.44 111.43 111.47 111.37 111.43 111.37 111.39 111.57 111.67 111.50 111.43 111.42 111.46 111.43 111.42 111.41 111.41 111.42 111.39 111.33 111.38 111.35 111.37 111.36 111.36 111.39 111.38 111.35 111.35 111.37 111.40 111.41 111.42 111.43 111.44 111.44 111.46 111.41 111.47 111.48 111.50 111.50 111.50 111.50 111.49 111.50 111.36 111.35 111.41 111.45 111.44 111.43 111.44 111.41 111.41 111.42 111.42 111.42 111.42 111.40 111.40 111.39 111.39 111.40 111.39 111.37 111.34 111.34 111.33 111.33 111.33 111.31 111.31 111.32 111.31 111.32 111.31 111.31 111.30 111.30 111.30 111.30 111.30 111.30 111.30 111.30 111.29 111.29 111.30 111.29 111.29 111.29 111.29 111.29 111.29 111.29 111.29 111.29 111.29 111.29 111.29 111.29 111.29 111.29 111.29 111.29 111.29 111.29 111.29 111.29 111.29 111.29 111.29 111.29 111.29 111.29 111.29 111.29 111.29 111.29 111.29 111.29 111.29 111.29 111.29 111.29 111.29 111.29 111.29 111.29 111.29 111.29 111.29 111.29 111.29 111.29 111.29 111.29 111.29 111.29 111.30 111.30 111.30 111.30 111.30 111.30 111.31 111.32 111.32 111.33 111.33 111.33 111.35 111.35 111.34 111.37 111.35 111.37 111.40 111.39 111.45 111.49 111.49 111.46 111.48
111.39 111.38 111.36 111.39 111.40 111.38 111.37 111.37 111.39 111.38 111.38 111.34 111.41 111.39 111.40 111.43 111.43 111.45 111.44 111.42 111.41 111.45 111.44 111.45 111.47 111.48 111.45 111.37 111.39 111.35 111.37 111.37 111.38 111.38 111.37 111.39 111.37 111.40 111.39 111.38 111.38 111.39 111.39 111.37 111.35 111.36 111.36 111.37 111.38 111.40 111.43 111.41 111.42 111.43 111.45 111.45 111.43 111.45 111.47 111.46 111.48 111.48 111.48 111.48 111.46 111.46 111.48 111.45 111.42 111.40 111.37 111.36 111.34 111.35 111.35 111.33 111.32 111.32 111.33 111.34 111.32 111.33 111.32 111.30 111.30 111.32 111.31 111.31 111.30 111.32 111.30 111.29 111.30 111.31 111.29 111.31 111.31 111.29 111.30 111.32 111.32 111.31 111.30 111.29 111.29 111.29 111.29 111.29 111.29 111.29 111.29 111.29 111.29 111.29 111.29 111.29 111.29 111.29 111.29 111.29 111.32 111.29 111.29 111.29 111.29 111.29 111.29 111.29 111.29 111.29 111.29 111.29 111.29 111.29 111.29 111.29 111.29 111.29 111.29 111.29 111.29 111.29 111.29 111.29 111.29 111.29 111.29 111.29 111.29 111.29 111.29 111.29 111.29 111.29 111.29 111.30 111.30 111.30 111.30 111.30 111.30 111.31 111.31 111.32 111.32 111.33 111.32 111.32 111.33 111.35 111.35 111.35 111.36 111.37 111.38 111.37 111.36 111.41 111.41 111.40
111.29 111.29 111.29 111.29 111.29 111.29 111.29 111.29 111.29 111.29 111.29 111.29 111.29 111.30 111.30 111.30 111.30 111.30 111.30 111.30 111.30 111.30 111.30 111.31 111.31 111.31 111.32 111.33 111.33 111.35 111.36 111.33 111.33 111.37 111.31 111.31 111.30 111.31 111.29 111.29 111.31 111.31 111.33 111.33 111.34 111.35 111.35 111.36 111.32 111.32 111.29 111.29 111.29 111.29 111.32 111.31 111.38 111.36 111.34 111.33 111.35 111.31 111.32 111.32 111.33 111.33 111.36 111.31 111.30 111.29 111.29 111.31 111.30 111.30 111.30 111.31 111.32 111.31 111.33 111.34 111.34 111.36 111.36 111.37 111.37 111.37 111.38 111.38 111.38 111.39 111.38 111.37 111.39 111.39 111.37 111.39 111.38 111.39 111.39 111.39 111.37 111.37 111.37 111.37 111.36 111.36 111.38 111.34 111.33 111.29 111.29 111.32 111.30 111.29 111.29 111.29 111.30 111.30 111.29 111.30 111.30 111.31 111.30 111.30 111.29 111.29 111.30 111.29 111.30 111.30 111.29 111.29 111.29 111.29 111.29 111.29 111.29 111.29 111.29 111.29 111.29 111.29 111.29 111.29 111.29 111.29 111.29 111.29 111.29 111.29 111.29 111.30 111.30 111.30 111.30 111.30 111.30 111.30 111.30 111.30 111.30 111.30 111.30 111.30 111.30 111.30 111.30 111.30 111.30 111.30 111.29 111.30 111.29 111.29 111.29 111.29 111.29 111.29 111.29 111.29
111.29 111.29 111.29 111.29 111.29 111.29 111.29 111.29 111.29 111.29 111.29 111.29 111.29 111.29 111.29 111.29 111.29 111.29 111.29 111.29 111.29 111.29 111.29 111.29 111.29 111.29 111.29 111.29 111.31 111.30 111.32 111.32 111.31 111.30 111.33 111.32 111.33 111.33 111.33 111.34 111.35 111.34 111.35 111.36 111.36 111.35 111.35 111.36 111.35 111.34 111.33 111.32 111.31 111.31 111.33 111.32 111.34 111.35 111.35 111.34 111.35 111.31 111.31 111.29 111.30 111.30 111.31 111.32 111.32 111.30 111.30 111.29 111.30 111.31 111.32 111.33 111.34 111.35 111.36 111.36 111.37 111.37 111.37 111.38 111.38 111.38 111.39 111.39 111.39 111.39 111.39 111.39 111.39 111.39 111.39 111.39 111.39 111.39 111.39 111.39 111.39 111.39 111.39 111.39 111.39 111.39 111.39 111.39 111.39 111.39 111.39 111.38 111.38 111.38 111.39 111.38 111.36 111.36 111.37 111.38 111.38 111.38 111.36 111.37 111.37 111.37 111.37 111.36 111.37 111.37 111.38 111.37 111.36 111.35 111.36 111.36 111.35 111.36 111.36 111.36 111.34 111.33 111.32 111.31 111.29 111.29 111.29 111.29 111.29 111.29 111.29 111.29 111.29 111.29 111.29 111.29 111.29 111.29 111.29 111.29 111.29 111.29 111.29 111.29 111.29 111.29 111.29 111.29 111.29 111.29 111.29 111.29 111.29 111.29 111.29 111.29 111.29 111.29 111.29 111.29
111.29 111.29 111.29 111.29 111.29 111.31 111.33 111.34 111.33 111.33 111.35 111.32 111.34 111.34 111.34 111.33 111.37 111.38 111.38 111.38 111.38 111.37 111.34 111.36 111.35 111.34 111.32 111.34 111.34 111.33 111.34 111.39 111.39 111.36 111.38 111.39 111.39 111.39 111.39 111.39 111.39 111.39 111.39 111.39 111.39 111.39 111.39 111.39 111.39 111.39 111.39 111.39 111.39 111.38 111.38 111.39 111.39 111.38 111.38 111.37 111.37 111.38 111.38 111.38 111.38 111.38 111.37 111.37 111.34 111.34 111.33 111.32 111.32 111.32 111.33 111.33 111.33 111.35 111.35 111.34 111.33 111.31 111.30 111.33 111.35 111.35 111.35 111.35 111.34 111.33 111.34 111.36 111.38 111.39 111.39 111.38 111.38 111.39 111.39 111.39 111.39 111.39 111.39 111.39 111.39 111.39 111.38 111.38 111.38 111.38 111.38 111.38 111.38 111.38 111.38 111.39 111.39 111.39 111.39 111.39 111.39 111.39 111.39 111.39 111.39 111.39 111.39 111.39 111.39 111.39 111.39 111.39 111.39 111.39 111.39 111.39 111.39 111.39 111.39 111.38 111.39 111.39 111.39 111.37 111.37 111.37 111.37 111.34 111.36 111.38 111.37 111.38 111.36 111.35 111.34 111.32 111.35 111.33 111.32 111.32 111.32 111.34 111.33 111.30 111.31 111.32 111.31 111.30 111.29 111.30 111.29 111.29 111.30 111.31 111.30 111.29 111.29 111.30 111.30 111.30
111.38 111.39 111.38 111.38 111.39 111.38 111.38 111.37 111.37 111.37 111.37 111.37 111.37 111.38 111.37 111.36 111.36 111.36 111.36 111.36 111.36 111.36 111.36 111.34 111.35 111.35 111.35 111.36 111.36 111.36 111.36 111.35 111.34 111.34 111.33 111.32 111.31 111.31 111.30 111.30 111.32 111.31 111.33 111.32 111.31 111.28 111.28 111.28 111.28 111.29 111.29 111.29 111.30 111.30 111.32 111.34 111.34 111.34 111.34 111.35 111.35 111.34 111.34 111.34 111.33 111.33 111.33 111.33 111.34 111.34 111.36 111.36 111.35 111.36 111.38 111.37 111.38 111.38 111.38 111.38 111.38 111.37 111.37 111.37 111.38 111.37 111.38 111.38 111.37 111.38 111.37 111.36 111.36 111.36 111.35 111.35 111.35 111.35 111.36 111.36 111.35 111.34 111.34 111.35 111.35 111.33 111.33 111.32 111.32 111.32 111.32 111.32 111.32 111.32 111.32 111.32 111.33 111.34 111.33 111.35 111.32 111.32 111.33 111.34 111.35 111.36 111.35 111.35 111.35 111.35 111.36 111.35 111.33 111.32 111.32 111.32 111.32 111.33 111.34 111.34 111.35 111.35 111.35 111.35 111.35 111.36 111.36 111.36 111.35 111.34 111.35 111.34 111.36 111.35 111.33 111.33 111.34 111.37 111.36 111.37 111.36 111.38 111.38 111.39 111.39 111.39 111.38 111.37 111.37 111.37 111.37 111.38 111.38 111.38 111.38 111.39 111.38 111.37 111.38 111.38
111.25 111.24 111.24 111.25 111.25 111.22 111.22 111.20 111.20 111.20 111.20 111.20 111.20 111.19 111.19 111.19 111.19 111.18 111.18 111.18 111.18 111.18 111.19 111.18 111.18 111.18 111.18 111.17 111.16 111.15 111.14 111.14 111.13 111.13 111.13 111.12 111.12 111.12 111.11 111.11 111.11 111.11 111.11 111.10 111.10 111.10 111.10 111.10 111.10 111.11 111.11 111.12 111.12 111.13 111.14 111.15 111.16 111.16 111.17 111.17 111.17 111.17 111.17 111.18 111.18 111.19 111.19 111.20 111.19 111.20 111.20 111.20 111.21 111.21 111.22 111.22 111.22 111.23 111.23 111.24 111.23 111.23 111.23 111.24 111.23 111.24 111.24 111.24 111.24 111.24 111.24 111.24 111.25 111.25 111.24 111.23 111.23 111.24 111.26 111.26 111.25 111.23 111.23 111.23 111.23 111.22 111.22 111.21 111.21 111.21 111.21 111.20 111.20 111.20 111.20 111.19 111.19 111.19 111.19 111.19 111.19 111.19 111.19 111.19 111.20 111.20 111.19 111.19 111.19 111.18 111.18 111.18 111.18 111.18 111.17 111.17 111.16 111.15 111.15 111.15 111.14 111.14 111.14 111.14 111.14 111.14 111.14 111.15 111.15 111.15 111.15 111.16 111.16 111.17 111.18 111.18 111.19 111.20 111.19 111.19 111.19 111.19 111.19 111.19 111.19 111.19 111.19 111.19 111.20 111.20 111.21 111.21 111.21 111.22 111.22 111.23 111.23 111.24 111.24 111.24
