Mars Surface Radiation Result (absorbed dose in thin silicon slab) (1E-6 Gy/day).
Column 1 is East longitude (°)
Line 1 is North latitude (°)

-179  -177  -175  -173  -171  -169  -167  -165  -163  -161  -159  -157  -155  -153  -151  -149  -147  -145  -143  -141  -139  -137  -135  -133  -131  -129  -127  -125  -123  -121  -119  -117  -115  -113  -111  -109  -107  -105  -103  -101  -99  -97  -95  -93  -91  -89  -87  -85  -83  -81  -79  -77  -75  -73  -71  -69  -67  -65  -63  -61  -59  -57  -55  -53  -51  -49  -47  -45  -43  -41  -39  -37  -35  -33  -31  -29  -27  -25  -23  -21  -19  -17  -15  -13  -11  -9  -7  -5  -3  -1  1  3  5  7  9  11  13  15  17  19  21  23  25  27  29  31  33  35  37  39  41  43  45  47  49  51  53  55  57  59  61  63  65  67  69  71  73  75  77  79  81  83  85  87  89  91  93  95  97  99  101  103  105  107  109  111  113  115  117  119  121  123  125  127  129  131  133  135  137  139  141  143  145  147  149  151  153  155  157  159  161  163  165  167  169  171  173  175  177  179  
--------------------------------------------------------------------------------------------------
-89°N ||     105.67 105.71 105.75 105.76 105.76 105.76 105.76 105.78 105.81 105.85 106.00 106.05 106.02 106.08 106.27 106.36 106.40 106.47 106.48 106.37 106.31 106.46 106.48 106.44 106.39 106.37 106.32 106.33 106.42 106.39 106.48 106.59 106.53 106.46 106.56 106.48 106.39 106.32 106.25 106.20 106.16 106.09 106.04 106.01 105.99 105.99 105.98 105.99 105.98 105.96 105.94 105.93 105.90 105.89 105.88 105.88 105.81 105.78 105.76 105.75 105.73 105.71 105.70 105.67 105.68 105.71 105.73 105.62 105.58 105.58 105.52 105.50 105.50 105.50 105.46 105.44 105.42 105.41 105.40 105.40 105.39 105.40 105.40 105.39 105.40 105.41 105.41 105.40 105.39 105.40 105.41 105.45 105.46 105.47 105.48 105.49 105.48 105.49 105.51 105.51 105.49 105.49 105.48 105.47 105.49 105.49 105.50 105.51 105.52 105.53 105.54 105.52 105.49 105.51 105.55 105.58 105.57 105.57 105.58 105.59 105.61 105.62 105.63 105.66 105.69 105.72 105.73 105.75 105.78 105.79 105.81 105.82 105.83 105.84 105.85 105.88 105.89 105.89 105.89 105.89 105.84 105.85 105.82 105.79 105.80 105.79 105.78 105.76 105.73 105.70 105.70 105.68 105.68 105.64 105.62 105.61 105.60 105.58 105.58 105.59 105.59 105.59 105.58 105.57 105.57 105.57 105.57 105.58 105.58 105.58 105.58 105.59 105.59 105.59 105.59 105.62 105.64 105.65 105.66 105.67
-87°N ||     107.63 107.69 107.70 107.83 107.80 107.87 107.78 107.77 107.76 107.67 107.67 107.67 107.55 107.42 107.36 107.34 107.35 107.36 107.36 107.32 107.32 107.38 107.52 107.56 107.55 107.50 107.51 107.42 107.51 107.35 107.60 107.62 107.46 107.44 107.43 107.40 107.35 107.28 107.34 107.36 107.32 107.36 107.32 107.29 107.25 107.22 107.21 107.14 107.09 107.03 106.90 107.05 106.86 106.60 106.62 106.55 106.43 106.31 106.25 106.22 106.36 105.88 105.92 105.68 105.61 105.60 105.55 105.53 105.52 105.48 105.39 105.32 105.38 105.36 105.12 105.07 105.01 104.92 104.89 105.03 104.75 104.59 104.57 104.49 104.46 104.47 104.49 104.51 104.54 104.56 104.60 104.62 104.65 104.66 104.67 105.03 104.94 105.11 105.01 105.22 105.23 105.22 105.29 105.31 105.34 105.42 105.49 105.64 105.73 105.79 105.66 105.65 105.69 105.71 105.72 105.72 105.77 105.81 105.87 105.88 105.94 106.00 106.01 106.06 106.14 106.13 106.15 106.22 106.30 106.28 106.35 106.37 106.38 106.44 106.58 106.73 106.84 106.98 106.90 106.72 106.56 106.51 106.47 106.43 106.37 106.36 106.31 106.07 106.04 106.02 106.01 106.02 106.06 106.05 106.05 106.07 106.13 106.24 106.33 106.33 106.42 106.49 106.59 106.64 106.77 106.87 106.96 106.99 107.12 107.14 107.30 107.29 107.31 107.29 107.40 107.32 107.10 107.25 107.63 107.86
-85°N ||     107.05 107.04 107.05 107.05 107.07 107.07 107.09 107.15 107.16 107.16 107.16 107.17 107.19 107.25 107.18 107.11 107.11 107.23 107.22 107.23 107.24 107.26 107.30 107.32 107.31 107.32 107.37 107.49 107.56 107.72 108.08 108.12 108.10 108.10 108.14 107.95 108.13 107.99 107.96 107.93 108.18 108.46 108.39 108.40 108.17 108.12 108.01 107.90 107.82 107.72 107.76 107.65 107.63 107.59 107.84 107.92 107.62 107.44 107.51 107.90 107.72 106.80 106.65 106.68 106.81 106.90 106.75 106.84 106.83 106.43 106.53 106.39 106.10 106.03 106.08 105.83 106.14 106.39 106.64 106.29 106.12 106.04 106.09 106.09 106.18 106.04 105.97 105.84 105.83 105.94 105.83 105.86 105.98 105.98 105.98 105.99 105.99 106.05 106.11 106.24 106.22 106.33 106.61 106.90 106.83 106.79 106.77 106.80 106.77 106.83 106.92 106.99 107.05 107.13 106.91 106.97 107.09 107.11 107.02 106.92 106.90 106.94 106.98 107.08 107.19 107.28 107.29 107.22 107.23 107.17 107.13 107.10 107.07 107.09 107.13 107.26 107.86 109.08 109.53 109.23 108.51 108.17 108.01 108.03 107.53 107.27 107.17 107.05 107.10 107.16 107.03 107.05 107.10 107.24 107.42 107.49 107.54 107.57 107.55 107.56 107.54 107.36 107.19 107.12 107.10 107.21 107.27 107.33 107.45 107.65 107.39 107.44 107.38 107.31 107.24 107.23 107.22 107.23 107.11 107.06
-83°N ||     107.08 107.10 107.12 107.14 107.15 107.16 107.18 107.21 107.24 107.27 107.30 107.33 107.37 107.40 107.39 107.39 107.41 107.45 107.49 107.51 107.55 107.59 107.63 107.68 107.73 107.80 107.85 107.91 108.03 108.17 108.11 107.96 107.95 107.90 108.03 108.13 108.10 108.04 108.12 108.20 107.94 107.93 107.93 107.93 107.96 107.99 107.97 108.53 108.67 108.77 108.68 108.71 108.62 108.62 108.64 108.60 108.53 108.86 109.00 109.05 108.56 108.92 108.81 108.68 109.08 108.78 108.81 108.77 109.21 108.81 109.13 109.40 109.61 109.61 109.40 109.23 109.29 109.28 109.24 109.32 109.27 109.22 109.02 109.06 109.07 108.97 108.89 108.85 108.90 108.88 108.58 108.58 108.70 109.14 108.62 108.52 108.39 108.34 108.39 108.25 108.49 107.93 108.11 107.84 108.28 108.56 108.63 108.37 108.26 108.27 108.30 108.46 108.77 108.90 109.02 108.99 108.53 108.53 108.43 108.38 108.29 108.28 107.93 107.84 107.91 107.97 107.96 107.81 107.80 107.96 107.89 107.92 108.11 108.15 108.38 109.05 110.01 109.92 109.96 109.94 109.94 108.52 108.34 108.38 108.32 108.45 108.40 108.31 108.27 108.26 108.19 108.04 107.91 107.84 107.79 107.66 107.61 107.68 108.03 108.45 108.97 109.24 108.68 108.05 107.23 107.23 106.91 106.83 106.80 106.84 107.02 107.24 107.73 107.66 107.32 107.11 107.03 107.00 107.02 107.05
-81°N ||     107.41 107.50 107.51 107.67 107.40 107.48 107.53 107.59 107.65 107.72 107.79 107.88 108.07 108.12 107.89 107.90 107.95 108.02 108.07 108.10 108.14 108.20 108.22 108.26 108.31 108.37 108.45 108.49 108.53 108.58 108.64 108.83 108.80 108.85 108.99 108.93 108.67 108.71 108.69 108.72 108.93 108.74 108.37 108.42 108.24 108.09 108.17 108.37 108.45 108.35 108.53 108.45 108.71 109.72 109.37 109.60 109.91 109.31 109.91 109.83 109.46 109.60 109.68 109.65 109.69 109.67 109.75 109.75 109.65 109.54 109.65 109.45 109.23 109.25 109.27 109.31 109.25 109.27 109.21 109.22 109.73 109.10 108.91 108.86 108.82 108.85 108.82 108.83 108.79 108.78 108.76 108.77 108.64 108.43 108.21 107.88 107.20 106.51 107.35 107.51 108.01 108.39 108.34 108.48 108.84 109.09 109.25 109.53 109.48 109.33 109.05 109.42 109.58 109.76 109.77 109.87 109.91 110.01 109.97 109.95 109.92 109.98 109.90 109.80 109.78 109.84 109.32 109.36 109.45 109.54 109.62 109.91 109.99 110.12 110.19 110.18 110.16 109.40 108.44 108.22 108.15 108.06 107.99 108.16 108.23 108.23 108.14 108.29 108.39 108.49 108.64 108.74 108.86 108.58 108.72 109.00 109.20 108.82 108.65 108.71 109.27 108.98 108.56 108.54 108.71 108.64 109.13 108.35 107.48 107.17 107.23 107.40 107.52 107.75 108.08 107.32 107.45 107.45 107.24 107.31
-79°N ||     107.82 107.88 107.90 108.03 108.02 107.98 107.98 108.03 108.05 108.28 108.13 108.24 108.32 108.35 108.46 108.65 108.57 108.87 108.46 108.70 108.53 108.57 108.54 109.10 109.64 108.40 108.94 109.56 109.32 109.45 109.37 109.37 109.34 109.37 109.43 109.46 109.46 109.45 109.32 109.28 109.29 109.00 109.73 109.86 108.69 108.90 108.88 108.74 108.69 109.06 109.38 109.01 109.92 109.71 109.83 110.06 110.35 108.81 109.61 109.04 109.93 109.61 108.86 109.40 109.46 109.88 109.94 109.86 109.82 109.78 109.72 109.75 109.73 109.75 109.72 109.68 109.72 109.78 109.72 109.45 109.56 109.77 109.44 109.40 109.42 109.67 109.26 109.48 109.29 109.32 109.38 109.22 109.12 108.76 107.87 107.86 107.42 107.93 108.54 108.90 108.82 109.13 109.20 109.30 109.41 109.70 109.46 109.59 109.28 109.61 109.11 109.47 109.27 109.26 108.86 108.76 109.61 109.83 110.18 110.26 110.33 110.31 110.35 110.32 110.38 110.33 110.27 110.33 110.30 110.36 110.28 110.26 110.36 110.34 110.35 110.36 110.46 110.48 110.39 110.39 110.39 110.43 110.01 109.49 109.70 108.99 108.39 108.37 108.35 108.24 108.32 108.45 108.93 110.37 110.16 109.02 108.79 109.45 108.04 108.05 108.76 108.11 107.77 107.62 107.54 107.66 107.48 107.91 107.60 107.55 107.57 107.64 107.77 107.43 107.33 107.47 107.58 107.70 107.71 107.73
-77°N ||     108.79 108.47 108.39 108.36 108.26 108.58 108.53 108.95 108.90 108.96 108.95 109.00 109.41 109.17 109.10 109.20 109.34 109.36 109.47 109.25 109.16 109.22 109.16 109.29 109.20 109.36 109.61 109.72 109.54 109.68 109.63 109.67 109.67 109.66 109.65 109.68 109.63 109.67 109.64 109.65 109.62 109.65 109.55 109.37 109.29 109.03 108.43 109.25 108.33 108.63 109.57 109.33 109.17 108.61 108.82 109.06 109.25 109.20 109.38 109.36 109.71 109.93 109.70 109.79 110.05 110.11 110.10 110.15 110.15 110.11 110.05 110.02 109.96 109.98 109.94 109.95 109.92 109.81 109.56 109.58 109.49 109.33 109.27 109.10 109.37 109.59 109.43 109.47 109.24 109.38 109.39 109.31 108.89 108.69 108.53 108.35 107.83 107.42 108.67 110.02 110.48 110.69 110.70 109.26 109.60 109.46 109.49 109.69 109.36 109.74 109.42 109.37 109.28 109.78 110.22 110.00 109.35 109.20 108.74 108.49 108.38 107.97 107.82 108.41 109.12 109.65 110.01 110.00 109.89 109.65 109.00 109.78 110.00 109.15 109.81 110.06 110.42 110.29 109.97 109.83 109.43 109.48 109.26 109.78 110.48 110.38 110.15 109.98 109.14 109.19 109.28 108.38 109.17 109.55 109.54 108.53 108.09 108.17 107.89 107.92 108.02 107.84 107.83 108.12 107.98 107.92 108.05 108.15 108.18 108.15 108.04 108.15 108.41 108.03 108.06 108.12 108.35 108.54 108.65 108.43
-75°N ||     109.10 109.24 108.96 109.13 108.91 108.90 109.04 109.93 109.33 109.26 110.48 110.94 109.58 109.74 109.73 109.87 109.60 109.74 109.72 109.48 109.48 109.78 109.79 109.99 109.80 109.88 109.94 109.97 109.93 109.89 109.89 109.86 109.90 109.84 109.30 109.75 109.77 109.76 109.72 109.71 109.64 109.58 109.59 109.60 109.66 109.73 109.63 109.52 109.28 109.14 109.26 108.64 108.50 108.95 109.61 109.72 109.65 110.06 110.27 110.33 110.38 110.36 110.29 110.24 110.21 110.22 110.19 109.95 110.19 110.05 109.87 109.67 109.62 109.42 109.35 109.46 109.38 109.61 109.41 109.43 109.51 109.57 109.68 109.46 109.85 109.57 109.57 109.76 109.57 109.56 109.44 109.08 108.94 109.29 109.46 109.50 109.53 109.54 109.62 109.47 109.28 109.39 109.38 109.34 109.71 109.80 109.80 109.61 109.57 109.42 109.30 109.09 108.55 108.78 108.91 108.33 108.78 108.63 108.39 108.58 108.31 108.25 109.06 109.40 109.16 109.12 110.44 108.71 108.96 108.98 109.12 109.71 109.60 109.45 109.37 109.12 109.46 108.30 107.88 107.40 107.35 108.10 110.79 110.56 110.67 109.16 109.94 109.19 110.09 110.49 110.32 110.24 110.15 110.18 110.30 108.89 107.64 107.55 107.53 107.54 107.51 107.68 108.43 108.29 108.52 107.80 107.88 108.10 108.19 108.19 108.28 108.30 108.35 108.65 108.66 108.74 108.88 108.81 108.88 108.94
-73°N ||     110.56 109.13 109.95 109.94 109.80 109.42 110.36 109.96 110.01 110.00 109.49 109.10 110.38 109.42 109.77 110.01 109.94 109.93 109.84 109.68 109.49 109.06 110.35 108.82 109.11 110.17 109.84 109.81 109.85 109.92 109.94 109.93 110.05 109.59 109.51 109.11 109.38 109.85 109.70 109.77 109.76 109.80 109.69 109.75 109.80 109.79 109.80 109.49 110.22 111.41 111.39 111.60 111.55 109.54 110.20 110.22 110.45 110.52 110.56 110.60 110.62 110.59 110.50 110.39 110.45 109.98 110.18 110.43 110.47 110.47 110.39 110.05 109.78 109.94 109.77 109.63 109.55 109.70 109.96 109.50 109.52 109.54 109.60 110.00 109.80 110.11 110.29 110.24 110.10 110.17 109.73 109.69 109.26 109.71 109.69 109.82 110.03 110.07 110.07 110.04 110.08 110.08 110.18 110.13 110.04 109.97 110.13 109.55 109.45 109.27 108.76 108.34 108.62 109.11 109.62 109.28 109.52 109.39 109.51 109.09 109.26 108.81 108.59 108.47 108.82 108.75 109.17 109.23 109.58 109.53 109.47 109.60 109.65 109.76 109.88 109.88 109.85 110.00 109.56 109.10 109.63 108.06 108.30 109.01 109.12 109.17 109.25 109.56 110.46 110.01 109.73 108.75 109.70 110.24 110.61 110.77 109.97 108.71 107.68 108.16 107.86 108.21 108.79 108.92 108.07 108.41 108.94 109.12 108.93 109.40 110.43 110.10 109.60 109.43 109.45 109.37 109.57 109.32 109.38 110.43
-71°N ||     110.36 110.43 110.58 110.67 110.78 111.02 111.22 111.12 111.14 111.18 111.18 110.26 109.42 109.02 108.23 108.25 109.07 109.29 110.70 109.59 109.67 109.45 109.18 109.27 111.69 110.05 110.01 110.04 109.90 109.62 109.72 109.59 109.58 109.83 109.72 109.67 109.57 109.96 109.75 109.78 109.94 109.73 109.92 109.79 109.85 109.88 109.52 109.28 109.35 110.55 111.47 111.30 111.76 109.31 110.40 110.60 110.67 110.76 110.67 110.70 110.80 110.37 110.21 110.37 110.54 110.65 110.76 110.50 110.53 109.44 109.79 110.04 109.86 110.08 109.71 109.97 109.75 109.17 108.93 108.76 108.66 109.87 109.82 109.81 110.06 110.09 110.28 110.03 110.38 110.18 110.83 110.69 110.16 110.27 110.26 110.04 109.93 109.19 109.92 110.28 110.47 110.11 110.17 110.18 110.16 110.22 109.77 108.72 109.04 109.44 109.51 109.64 109.65 109.86 109.88 109.77 110.08 109.86 110.01 110.11 110.01 110.26 110.30 110.04 110.28 109.79 109.08 109.36 110.89 110.87 109.60 109.80 109.53 108.20 109.11 109.35 109.48 108.96 108.56 108.96 109.51 108.78 109.83 109.98 110.33 110.36 110.30 109.91 109.90 110.15 110.50 110.38 110.70 110.45 111.52 111.79 111.68 111.18 110.68 110.32 110.65 110.39 110.10 110.55 110.81 110.71 110.69 110.45 110.25 110.93 110.34 110.75 110.59 110.62 109.91 109.90 109.97 110.09 109.60 110.33
-69°N ||     109.61 109.71 110.17 110.51 109.94 111.94 111.68 111.17 111.40 111.36 111.29 111.01 110.17 110.32 109.78 110.08 108.60 108.83 109.35 109.90 110.37 110.05 109.72 109.63 109.40 110.29 109.93 110.13 109.63 110.44 109.18 109.28 109.17 109.51 109.57 109.68 110.02 110.06 110.18 110.17 110.27 110.16 110.12 110.20 110.20 111.05 109.93 110.32 110.33 110.30 110.37 110.55 110.56 110.71 110.73 110.65 110.71 110.74 110.47 110.47 110.22 110.72 110.67 110.89 110.71 110.43 109.68 109.74 109.84 109.84 109.78 109.97 109.94 110.21 110.36 110.64 110.43 109.68 109.05 109.38 109.57 110.16 110.20 109.66 109.63 109.37 109.47 109.42 109.75 110.10 110.14 110.31 109.26 110.36 110.46 110.35 110.53 110.52 110.50 110.57 110.50 110.45 110.53 110.43 110.14 109.76 108.91 110.27 110.51 110.36 110.12 109.89 110.00 109.85 110.02 109.43 109.37 110.04 110.53 110.79 111.04 110.84 110.89 111.00 110.98 110.87 110.40 109.89 109.56 109.56 110.14 109.95 109.89 109.90 111.06 109.65 108.11 108.54 108.71 108.84 109.08 109.07 108.62 108.76 109.39 109.96 110.10 109.76 110.38 110.48 110.48 110.59 109.96 107.93 110.47 111.55 111.30 108.61 111.56 111.42 111.31 110.97 110.85 110.74 110.40 110.03 109.72 109.85 108.90 108.58 109.76 110.59 110.48 110.21 110.01 109.81 109.68 109.56 109.83 109.81
-67°N ||     111.65 109.58 109.25 110.19 110.23 110.37 110.42 111.27 111.26 111.43 111.51 111.51 111.29 111.11 110.61 110.21 109.80 109.23 109.13 108.78 108.76 108.44 108.84 108.88 109.34 109.30 109.15 109.04 109.72 108.72 108.73 108.80 109.53 111.50 109.34 109.64 109.67 110.72 110.16 110.18 110.31 110.29 110.24 110.26 110.27 110.33 110.28 110.43 110.44 110.36 110.41 110.54 110.59 110.59 110.48 110.69 110.91 110.73 110.83 110.69 109.98 110.49 110.81 110.81 110.48 110.23 112.52 112.51 111.99 109.90 110.09 110.17 110.25 110.53 110.75 110.26 109.83 109.17 109.27 108.90 109.29 109.32 109.82 109.72 110.13 110.01 110.17 110.20 110.18 110.19 110.25 110.47 110.36 110.55 110.48 110.64 110.48 110.42 110.45 110.21 110.24 109.35 109.11 109.15 108.75 109.38 111.03 111.71 111.63 111.03 110.87 110.30 110.33 109.87 110.07 109.94 110.42 110.62 110.97 111.02 110.99 110.97 111.05 111.04 110.95 111.27 111.25 111.45 111.49 110.81 109.84 109.04 109.78 110.04 109.09 108.88 108.74 108.27 108.93 108.00 108.31 108.78 108.80 109.96 109.55 109.46 108.85 109.25 109.81 110.24 110.64 110.85 110.44 110.68 110.86 110.92 110.96 110.96 110.52 110.77 110.70 110.78 110.49 110.20 110.56 110.48 110.49 110.47 110.39 109.81 110.66 110.32 110.23 109.96 109.36 110.17 109.29 109.26 109.32 109.93
-65°N ||     109.80 109.29 108.88 109.44 109.50 110.66 110.82 111.42 111.27 111.37 111.35 111.52 111.54 111.55 111.42 111.16 110.97 110.88 110.75 110.31 109.65 109.48 109.58 109.30 109.76 109.66 109.24 110.27 110.03 109.28 109.00 109.39 109.11 109.42 109.66 109.83 109.86 109.96 109.98 110.26 110.28 110.41 110.45 110.46 110.57 110.61 110.56 110.54 110.57 110.55 110.41 110.28 110.17 110.32 110.51 110.69 110.69 110.70 110.53 109.39 110.86 110.95 111.19 111.47 110.54 111.00 110.98 111.07 110.29 110.21 110.51 110.36 110.47 110.67 110.97 110.81 110.18 109.95 109.48 109.08 109.12 109.51 110.63 109.93 110.17 110.23 110.22 110.13 109.81 110.31 110.32 110.37 110.30 110.53 110.28 110.58 110.91 110.69 110.34 110.44 110.12 110.16 110.00 109.85 109.37 109.76 109.56 109.88 110.02 109.85 109.79 109.61 109.74 110.47 110.83 111.51 111.45 111.19 110.96 110.81 110.82 111.07 111.29 111.24 111.43 111.36 111.31 111.40 111.39 111.55 110.18 110.10 110.04 109.89 111.91 109.27 109.21 109.37 109.98 108.51 108.46 108.48 109.08 109.12 109.18 108.64 108.46 110.01 109.64 109.20 110.37 110.15 110.02 110.70 110.65 108.73 109.50 109.75 110.56 110.14 109.35 109.55 110.59 110.06 110.41 110.79 110.56 110.68 110.61 110.55 110.08 109.94 109.70 108.91 110.18 110.50 109.92 109.70 109.19 109.05
-63°N ||     109.82 109.78 110.36 109.42 109.06 109.66 110.41 110.58 110.96 110.84 111.25 111.02 111.53 111.35 111.39 111.19 111.31 111.36 111.26 110.58 109.84 109.80 109.45 109.59 109.47 109.66 109.67 109.43 109.36 109.46 109.38 109.57 109.89 109.90 109.85 109.53 109.29 109.75 110.28 109.90 110.51 110.05 109.77 110.31 110.37 110.34 110.05 110.47 110.36 110.32 110.02 110.13 110.57 111.12 110.67 109.67 110.27 111.09 110.87 110.93 110.83 110.81 111.02 111.35 111.89 111.53 110.51 111.64 110.34 111.11 110.76 110.49 110.57 110.40 110.55 111.27 111.50 111.36 111.25 110.71 110.45 109.93 110.08 110.05 110.09 110.16 110.34 110.35 110.36 110.31 110.29 110.32 110.47 110.38 110.45 110.19 110.39 110.49 110.28 110.62 110.67 110.27 110.37 110.63 110.43 110.08 109.81 109.49 109.53 109.23 109.86 110.01 110.47 111.26 111.84 111.92 111.95 111.61 111.32 111.20 111.12 111.06 111.15 111.21 111.55 111.65 111.50 111.44 111.49 111.56 111.27 110.44 110.28 110.67 110.10 109.48 109.13 109.36 109.15 108.17 110.49 108.86 109.65 109.51 109.47 109.06 108.84 108.59 108.25 108.81 109.35 109.91 109.60 109.70 110.18 110.68 111.06 111.10 110.67 110.49 109.77 109.91 110.19 110.17 110.01 108.79 108.73 109.22 109.91 110.33 110.53 110.63 110.36 110.75 110.69 109.40 110.03 110.18 110.09 110.51
-61°N ||     110.94 109.60 109.00 109.84 110.30 110.60 110.57 109.61 109.79 110.11 109.47 109.81 110.66 109.82 112.27 109.95 110.52 110.43 111.27 110.78 110.66 110.60 110.65 109.74 109.51 109.23 110.77 110.22 109.48 109.61 110.25 110.70 110.75 110.58 110.57 110.14 109.59 109.87 109.77 109.73 110.35 109.34 109.93 110.41 109.96 108.66 110.69 110.93 111.00 110.90 110.85 111.06 111.03 110.51 109.92 111.34 111.34 110.98 111.33 111.29 111.18 110.91 111.11 111.23 111.64 112.12 111.75 110.85 111.93 111.97 111.69 111.27 110.01 111.14 111.47 110.77 110.66 110.82 110.64 110.26 109.10 109.13 110.08 110.46 110.13 110.02 109.86 110.29 110.46 110.41 110.51 110.40 110.43 110.68 110.54 110.63 110.56 110.32 110.51 110.67 110.78 110.58 110.47 110.45 109.67 110.45 110.31 110.33 110.35 110.49 110.64 110.72 110.87 111.14 111.52 111.61 110.90 110.81 110.88 110.54 112.35 111.59 110.64 111.00 111.30 111.42 111.71 111.84 111.37 111.75 112.25 111.90 108.76 111.62 111.39 111.06 109.43 109.71 109.68 110.30 109.15 109.03 108.91 109.04 109.13 108.99 108.98 108.66 108.99 108.84 109.17 109.13 109.23 109.37 109.44 110.91 111.79 111.69 111.67 111.45 111.15 110.77 110.45 110.11 110.03 109.52 108.97 109.34 109.46 108.17 109.20 110.25 110.45 110.05 108.68 109.17 109.43 110.69 110.75 110.69
-59°N ||     111.17 110.40 110.14 110.59 110.62 110.36 108.61 109.58 109.89 109.58 110.31 109.59 109.93 108.81 110.22 110.86 110.40 110.59 110.16 110.61 110.84 110.88 110.44 110.24 109.10 109.69 109.97 110.06 110.65 109.68 109.99 110.95 111.08 110.61 111.05 110.67 109.93 109.23 109.04 109.26 109.66 110.48 110.93 110.87 110.75 110.25 111.00 111.21 111.48 111.45 111.46 111.46 111.53 111.58 111.15 110.85 111.03 110.76 111.23 111.41 110.93 110.46 111.56 111.46 110.54 112.08 110.57 111.45 111.93 109.81 110.31 111.45 112.39 111.09 111.91 110.92 110.99 110.55 110.23 110.28 109.50 109.67 110.11 109.79 109.88 110.49 110.25 110.19 110.75 109.08 110.31 110.65 110.77 110.61 111.29 110.35 110.24 110.28 111.73 110.20 110.08 110.68 110.46 110.50 110.60 110.66 110.61 110.49 110.45 110.89 110.99 111.28 111.37 111.37 111.11 110.56 110.61 110.76 110.25 109.63 109.70 109.74 110.71 111.33 111.92 112.09 112.20 112.09 112.21 112.44 112.15 112.12 111.70 111.43 111.59 111.20 110.48 108.92 108.24 108.65 111.52 111.25 108.30 108.32 110.25 108.75 108.91 108.03 108.84 109.34 108.63 108.73 109.46 110.41 110.83 111.15 111.43 111.33 111.50 111.49 111.45 111.33 111.14 110.90 110.27 109.81 109.33 109.24 109.54 109.26 110.72 108.43 109.48 109.77 109.34 110.26 110.60 110.30 110.71 110.94
-57°N ||     110.93 111.00 111.29 111.71 111.04 109.23 109.82 109.59 109.01 109.11 109.29 111.71 109.22 109.38 108.83 108.95 109.92 110.63 109.99 109.83 111.60 109.91 109.97 109.94 108.91 109.82 110.20 110.16 110.11 108.99 108.29 111.04 110.71 110.87 110.85 110.47 110.69 109.83 109.57 109.67 109.38 110.19 110.50 110.69 110.83 110.42 109.75 109.63 110.84 111.55 111.59 111.67 111.45 111.44 111.10 110.19 109.88 109.91 109.51 109.27 110.20 112.21 110.74 109.93 111.80 112.44 112.15 110.90 112.58 108.31 112.59 111.00 110.20 111.20 110.64 111.99 112.31 111.92 111.41 112.45 112.50 111.28 110.23 110.36 110.72 110.31 110.41 110.06 109.99 110.47 110.56 110.69 110.27 109.83 109.84 109.76 109.79 109.93 110.53 109.92 109.56 109.78 109.77 109.86 109.81 110.67 110.70 110.94 111.15 111.32 111.48 111.65 111.84 111.93 111.75 111.32 111.49 111.49 111.71 111.25 111.10 111.41 112.07 112.45 112.64 112.63 112.64 112.63 112.63 112.60 112.46 112.33 112.03 112.25 112.19 112.06 111.95 111.26 108.66 110.19 111.60 112.06 109.01 109.29 110.09 109.84 109.27 108.93 108.87 109.35 109.98 110.22 110.45 110.07 110.78 110.41 111.16 110.31 109.11 109.46 111.24 111.43 111.33 110.87 110.24 109.82 109.43 109.41 109.56 109.44 109.02 108.85 109.53 109.64 111.03 109.51 109.49 109.64 110.07 110.84
-55°N ||     111.11 111.17 111.37 111.50 110.59 110.53 110.43 109.80 109.56 110.31 110.27 110.13 109.85 109.98 109.43 109.80 110.63 110.50 110.53 110.47 109.71 108.74 108.73 111.61 108.68 109.92 110.42 110.43 110.40 109.98 109.63 110.92 110.90 110.73 111.04 110.49 110.10 109.73 109.18 109.04 109.19 109.01 108.91 109.19 110.30 109.85 109.58 110.06 110.85 111.23 111.61 111.65 111.70 110.98 110.50 109.08 109.58 108.93 109.36 111.89 110.10 112.48 112.61 111.92 110.25 112.73 112.55 112.64 112.56 112.55 112.55 112.51 109.92 110.64 112.21 111.23 110.92 112.07 111.86 111.75 111.00 110.54 110.77 110.74 110.60 110.37 110.40 110.04 110.24 109.80 110.16 110.45 110.82 110.33 110.47 111.15 112.19 110.50 110.44 110.60 110.56 110.46 109.61 109.84 109.56 109.92 110.98 111.10 111.41 111.66 111.86 112.01 112.27 112.45 112.43 112.56 112.62 112.66 112.67 112.62 112.59 112.59 112.56 112.57 112.68 112.56 112.59 112.59 112.58 112.63 112.64 112.60 112.46 112.21 112.48 112.40 110.25 111.48 111.27 110.75 110.49 110.22 110.40 110.48 108.90 109.50 109.67 109.67 110.17 110.61 111.11 111.11 111.98 111.65 110.49 110.77 111.09 109.09 109.37 111.48 111.01 110.69 110.41 110.50 109.92 109.73 109.98 110.28 110.67 110.33 110.33 109.40 110.54 109.93 109.56 109.65 109.99 110.60 110.62 111.00
-53°N ||     111.27 110.67 110.82 111.79 112.12 109.75 110.92 111.11 111.07 110.75 111.00 110.23 109.90 110.43 110.40 110.40 110.00 110.59 110.44 110.60 110.42 109.45 108.99 110.62 109.96 110.37 111.93 110.29 110.56 110.27 110.77 110.57 110.59 110.99 110.73 110.71 110.65 109.45 109.05 109.05 108.90 109.09 109.76 110.05 110.35 110.54 110.74 110.61 111.78 112.54 110.10 110.27 110.73 110.36 110.56 111.31 110.99 109.81 109.65 111.06 110.28 112.62 112.63 112.65 112.91 112.66 112.55 112.55 112.56 112.57 112.57 112.55 112.64 112.60 111.57 111.34 111.83 112.29 111.22 111.60 111.89 111.65 111.46 111.15 110.77 112.06 111.01 110.40 110.66 110.75 110.28 110.17 109.97 110.68 109.85 109.65 110.17 110.33 110.50 110.31 110.55 110.68 109.98 108.91 110.78 110.43 110.68 111.14 111.29 111.38 112.02 112.22 112.53 112.65 112.67 112.66 112.61 112.56 112.83 113.60 114.35 115.00 115.29 115.42 115.49 114.76 114.51 114.64 114.67 114.58 113.31 112.64 112.63 112.56 112.40 112.57 112.65 112.43 110.83 110.85 111.12 110.37 110.53 109.95 110.23 111.32 110.07 110.07 110.21 109.83 110.23 110.84 111.46 111.78 112.48 111.28 111.06 108.81 111.61 111.00 111.24 111.30 111.30 110.75 110.36 110.28 109.80 110.37 109.45 110.38 110.75 109.72 108.87 108.87 109.73 110.62 110.70 110.83 111.19 111.26
-51°N ||     111.16 110.93 110.45 110.61 111.53 111.30 111.15 109.93 111.40 110.65 110.15 110.59 110.35 110.72 110.47 110.32 110.48 109.51 110.27 110.39 110.10 109.60 108.99 108.76 108.31 110.05 109.55 110.09 110.53 110.53 110.36 110.65 110.21 110.10 110.39 110.00 110.03 109.84 109.49 108.48 108.47 108.23 108.72 110.15 110.41 110.67 110.79 110.18 111.93 112.45 110.09 110.14 109.43 109.01 110.52 111.90 112.14 112.06 110.64 109.74 109.77 110.00 112.65 112.55 112.64 112.55 112.63 112.56 112.55 112.56 112.56 112.71 112.64 112.63 112.57 112.65 111.82 111.99 111.44 111.51 111.76 111.63 111.02 110.71 110.32 111.17 110.01 110.22 110.64 110.61 110.56 110.66 110.83 110.93 110.50 109.95 110.16 110.32 110.45 109.89 110.76 110.27 109.78 110.45 110.27 110.55 111.01 111.41 111.72 111.73 112.38 112.54 112.59 112.68 112.61 112.56 112.85 113.65 114.62 115.81 116.20 116.77 116.96 117.04 117.21 117.26 117.05 117.07 116.91 116.67 117.15 116.46 113.06 112.96 112.71 112.66 112.02 110.19 109.14 111.60 111.07 110.11 111.64 110.05 109.17 109.55 110.12 111.05 110.67 110.81 111.38 111.43 111.25 111.09 110.14 111.10 111.16 111.37 111.21 111.23 111.11 110.35 110.57 111.19 111.12 110.78 109.99 111.17 110.56 111.11 110.52 109.90 110.58 109.65 109.81 110.24 110.44 110.78 110.90 111.11
-49°N ||     109.88 110.26 110.07 110.68 111.82 112.11 112.28 111.11 111.13 109.73 110.41 109.79 109.76 109.56 109.98 109.71 109.63 109.69 108.72 109.05 109.51 109.90 108.89 108.71 109.57 109.26 109.76 110.54 110.50 110.49 110.23 110.58 110.10 108.47 108.46 108.71 109.10 109.10 109.19 108.55 108.33 108.42 108.63 109.77 110.26 110.52 110.56 110.53 110.41 110.26 110.02 109.59 108.93 108.64 108.98 109.56 111.06 111.15 110.14 109.83 112.30 112.55 112.63 112.66 112.56 112.72 112.56 112.57 112.55 112.62 112.64 112.56 112.59 112.13 112.35 111.45 111.40 111.90 111.37 111.58 111.60 111.50 111.12 110.60 110.63 109.97 110.19 112.20 111.23 110.66 110.37 110.60 111.44 111.45 110.66 110.33 109.46 110.94 109.96 109.96 109.90 109.90 110.29 110.81 110.95 110.43 110.33 111.44 111.71 112.07 111.61 112.36 112.67 112.58 112.84 113.65 114.64 115.30 116.22 116.75 117.49 117.78 117.50 117.47 116.34 117.10 117.22 117.35 117.21 117.17 117.21 117.25 117.03 116.36 114.24 112.93 112.63 111.87 112.43 111.83 112.20 111.25 109.79 110.60 110.83 109.41 110.44 110.11 110.88 111.10 110.10 110.82 110.81 110.75 110.55 111.20 110.88 110.56 110.04 110.07 108.34 109.48 110.58 110.38 109.88 110.70 111.31 111.74 110.83 111.75 111.60 111.16 111.07 110.34 109.71 109.11 109.37 109.69 110.22 110.46
-47°N ||     109.66 110.36 110.00 109.95 110.93 111.75 110.78 110.07 110.81 110.23 109.83 110.01 108.70 110.49 108.95 109.26 108.22 108.52 109.53 109.24 109.90 109.09 109.57 110.00 109.94 110.55 109.69 110.17 110.43 110.40 110.42 110.43 110.53 109.43 109.18 109.37 109.75 109.83 109.82 109.43 108.89 108.72 109.18 109.32 109.15 110.00 110.02 110.16 109.87 109.93 109.46 109.23 108.73 108.71 108.61 109.03 109.43 109.38 110.07 110.71 109.34 111.88 111.30 112.54 112.58 112.59 112.67 112.65 112.61 112.68 112.65 112.56 112.57 112.17 112.60 112.57 111.54 111.46 111.15 110.38 111.37 111.03 110.89 110.82 110.34 110.41 110.06 110.42 110.89 110.72 110.87 110.89 111.65 110.83 110.50 109.52 109.96 109.77 110.23 111.03 109.99 109.47 109.80 110.26 111.52 111.54 110.92 111.38 111.99 111.87 111.61 112.06 112.64 112.48 114.54 116.32 116.89 117.65 117.86 117.40 116.88 117.21 117.59 117.50 117.09 116.71 116.42 116.94 117.18 117.05 117.07 116.84 116.88 116.78 116.07 114.55 113.16 112.64 112.58 112.46 112.35 112.20 111.41 110.70 111.56 111.50 110.66 111.22 111.12 111.12 111.15 110.26 110.02 110.57 109.97 110.40 110.49 109.63 109.13 110.09 111.19 111.36 109.95 109.82 110.55 111.36 111.14 111.43 111.72 111.57 111.49 111.39 110.13 110.16 109.72 110.52 110.02 109.81 110.35 110.16
-45°N ||     110.42 110.53 110.32 110.40 110.79 110.73 110.91 110.97 111.14 110.00 109.68 110.43 109.73 109.47 109.58 109.59 110.91 109.50 110.03 110.19 109.89 110.29 111.15 109.77 110.27 110.62 110.37 110.19 110.20 110.15 109.97 110.11 110.01 109.74 109.76 109.71 109.75 109.80 109.96 109.98 109.53 109.40 109.63 109.51 109.48 109.75 109.76 109.49 109.26 109.00 108.88 108.86 108.77 108.14 107.89 109.29 109.83 110.01 110.53 110.92 111.40 111.32 111.90 112.07 111.85 112.62 112.55 113.55 113.37 112.85 112.72 112.58 112.65 112.65 112.50 112.64 111.29 111.21 111.17 112.37 110.66 110.98 110.56 110.49 110.39 110.24 110.24 110.97 110.94 110.79 110.62 110.75 111.08 110.73 110.42 110.57 110.03 110.08 110.01 111.05 108.92 109.80 110.08 110.18 111.07 110.16 111.02 111.37 111.70 111.73 111.88 111.75 112.66 113.14 116.36 116.95 117.82 117.86 117.42 117.77 117.60 117.81 117.63 117.63 117.41 117.78 117.78 116.97 116.88 117.39 117.03 116.91 116.93 116.78 116.02 115.56 113.79 112.57 112.68 112.59 112.36 112.50 109.81 111.58 111.62 111.19 111.38 110.92 110.68 111.22 110.71 110.41 110.82 110.37 110.49 109.98 109.65 109.76 109.04 108.05 109.71 109.39 110.13 111.40 111.57 111.41 110.63 111.64 110.83 110.94 111.39 111.23 110.14 110.19 110.35 109.09 109.16 109.99 110.27 110.14
-43°N ||     111.22 110.08 111.42 110.85 111.23 110.73 110.90 110.85 110.54 110.21 109.69 109.81 109.54 109.28 109.74 109.78 110.30 110.42 110.23 110.20 109.53 109.85 110.12 110.14 109.75 110.24 110.38 110.39 109.48 109.89 109.70 110.07 110.13 109.55 109.65 109.65 109.69 109.85 110.11 110.25 109.47 109.14 107.87 107.96 108.99 109.50 109.31 109.00 109.05 108.70 108.54 108.55 108.40 108.49 108.52 109.46 109.58 109.82 109.93 110.45 110.43 110.56 111.22 110.49 112.40 112.27 112.68 112.66 112.62 112.59 112.63 112.64 112.41 112.67 112.56 111.50 111.34 111.61 111.42 111.59 111.23 112.66 110.56 110.86 110.62 110.61 110.40 111.04 110.98 110.61 110.48 110.74 110.82 110.68 110.63 110.28 110.60 110.24 110.72 110.02 109.92 110.08 109.87 109.32 109.40 109.90 110.87 111.86 111.20 111.52 111.69 111.81 112.64 114.15 116.74 117.64 117.62 117.39 117.60 117.85 117.69 117.71 117.49 117.74 117.70 117.03 117.24 117.16 117.45 117.19 116.97 116.94 116.71 116.29 114.87 114.71 113.84 112.61 112.49 112.68 112.60 112.62 112.38 112.28 111.96 111.68 111.37 111.07 111.09 111.99 111.46 111.23 111.12 110.56 110.48 110.04 109.61 109.58 109.67 109.70 109.37 109.51 110.48 111.65 111.90 111.82 111.55 111.38 110.82 111.14 111.10 111.30 109.36 110.47 110.53 111.58 110.04 110.39 110.85 110.77
-41°N ||     111.47 111.35 111.40 111.92 111.64 110.62 110.78 110.65 111.48 111.95 112.61 112.50 110.97 109.87 110.23 110.08 109.48 109.84 109.45 109.92 109.46 110.21 110.14 110.14 109.88 108.79 109.48 109.73 110.04 109.44 109.28 109.63 109.40 109.41 109.12 109.52 109.63 109.87 109.94 107.33 106.96 106.75 104.78 104.50 104.59 107.13 107.13 107.14 108.06 108.50 108.13 108.61 108.26 108.47 108.40 108.47 108.58 109.23 110.40 110.16 109.68 108.93 110.76 111.62 111.55 112.25 112.26 112.50 112.68 112.67 112.65 112.44 112.66 112.08 112.17 112.17 111.90 112.68 111.81 111.18 111.49 111.31 110.81 110.81 110.54 110.56 110.75 111.17 111.15 110.94 110.57 110.88 110.46 110.53 110.69 109.99 109.78 110.47 110.39 110.21 109.76 109.89 109.23 108.92 111.07 110.08 110.60 111.38 111.41 111.45 111.77 112.14 112.66 114.19 116.22 117.62 117.56 116.96 117.72 117.76 117.72 117.61 117.78 117.86 117.59 117.02 117.39 117.50 117.30 117.45 117.22 116.90 115.99 115.14 114.71 114.31 113.36 112.59 112.59 112.68 112.62 112.05 111.79 112.15 110.73 110.87 111.42 111.56 111.64 111.57 111.43 111.41 111.41 110.49 110.28 110.19 109.84 110.43 110.34 110.00 109.91 109.81 110.69 111.25 111.45 111.28 111.41 111.28 110.21 110.84 110.85 109.79 109.66 110.68 110.56 110.69 110.75 111.07 111.36 110.86
-39°N ||     111.25 111.45 111.04 110.52 111.73 110.53 111.14 110.96 109.98 110.58 112.23 112.22 110.34 109.91 110.71 110.32 110.68 110.04 110.38 110.47 110.69 109.71 110.73 110.73 110.36 110.37 110.08 109.72 109.91 109.76 109.60 107.33 108.63 109.16 109.17 109.40 109.60 109.57 108.67 108.49 107.78 106.29 105.91 106.00 106.42 106.56 106.44 106.74 106.07 107.32 108.17 108.20 108.23 108.34 108.52 108.55 108.84 109.25 109.35 110.00 110.01 110.21 109.58 109.88 110.92 110.16 111.68 112.67 112.63 112.50 112.61 112.60 112.26 112.08 112.26 112.12 112.01 111.74 111.52 111.55 111.46 111.47 111.23 110.96 110.90 110.55 111.07 111.45 110.98 110.89 111.22 111.28 111.15 110.52 110.82 110.29 110.30 110.24 110.20 110.79 109.86 110.13 109.62 109.77 109.65 109.59 110.57 111.16 111.50 111.57 111.57 112.32 112.66 112.95 115.91 117.65 117.79 117.70 117.40 117.63 117.84 117.77 117.83 117.84 117.65 117.35 117.69 117.47 117.60 117.27 116.99 116.31 115.35 114.82 114.05 113.59 113.28 112.93 112.61 112.51 112.44 111.71 111.69 111.54 111.50 111.78 111.82 111.71 110.65 111.50 111.58 111.71 111.34 111.08 110.55 110.91 110.54 110.12 110.93 110.68 110.25 110.04 110.06 110.38 110.86 111.04 111.65 111.38 110.95 110.90 111.07 110.78 111.27 111.12 111.16 110.74 110.94 111.28 111.51 111.69
-37°N ||     111.70 111.45 111.46 110.93 112.33 111.99 111.42 110.32 109.64 108.86 108.50 109.71 109.54 110.69 111.24 111.19 111.20 111.20 110.97 110.83 110.82 110.79 110.35 110.63 110.19 109.72 109.83 109.25 109.10 109.78 109.64 108.53 108.72 108.00 108.86 107.80 108.50 106.31 106.45 108.46 106.26 105.41 106.83 106.87 106.76 106.71 106.94 107.76 107.05 107.01 106.76 107.46 108.16 108.75 108.75 108.89 108.75 109.47 109.62 109.40 109.36 110.34 110.31 110.79 111.41 111.34 111.90 112.15 110.23 112.34 112.01 112.11 112.20 112.30 112.16 111.98 111.84 111.81 111.83 111.52 111.19 110.97 110.56 112.35 111.02 110.72 110.74 110.58 111.33 110.90 111.10 111.30 111.23 110.93 110.30 110.70 110.20 110.10 110.67 110.61 109.80 109.76 109.57 109.80 110.06 110.03 111.94 110.69 111.37 111.70 111.77 111.92 112.46 112.92 114.14 117.16 117.82 117.91 117.86 117.66 117.71 117.73 117.38 117.81 117.43 117.52 117.38 117.49 117.45 117.35 117.15 115.89 114.64 114.12 113.44 113.09 112.59 112.60 112.64 112.60 111.92 112.05 111.36 111.38 111.15 111.33 111.73 111.76 111.70 111.51 111.74 111.54 111.40 111.31 111.07 111.11 111.41 111.11 110.96 109.99 110.44 110.36 109.73 109.69 110.64 110.91 111.61 111.01 111.05 111.24 111.45 111.41 111.36 111.33 111.04 110.80 111.72 111.91 111.73 112.22
-35°N ||     111.68 112.31 111.47 110.52 111.34 110.48 110.39 110.63 109.81 108.89 108.72 109.75 110.67 110.90 111.13 111.02 111.19 109.34 110.86 110.78 110.69 110.43 110.42 110.17 109.54 109.85 109.62 109.45 108.81 108.99 108.63 108.48 108.60 108.27 108.43 108.64 107.84 106.24 106.36 106.30 105.70 106.84 107.64 107.52 107.15 107.46 107.25 107.34 107.64 107.70 107.49 106.50 107.38 108.60 109.00 109.25 109.24 109.26 109.28 109.40 109.62 109.85 109.81 111.22 111.14 110.33 110.65 111.20 111.09 112.09 111.96 112.06 111.87 111.47 111.65 111.88 111.89 111.87 112.09 111.73 111.24 110.81 111.08 110.83 110.97 110.50 110.37 110.56 110.75 110.86 110.91 111.18 111.06 110.48 110.50 110.46 110.79 111.12 110.22 110.04 110.09 109.35 109.53 110.03 110.26 110.20 110.30 110.80 111.54 111.38 111.37 111.60 112.06 112.39 112.60 114.13 117.54 117.81 117.92 117.91 117.66 117.66 117.68 117.85 117.39 117.48 117.45 117.33 117.42 117.25 116.32 113.93 113.16 113.06 112.77 112.56 112.70 112.60 112.62 112.64 112.07 111.82 110.72 111.35 111.01 111.20 111.40 111.51 111.68 111.78 111.57 111.29 110.42 110.44 110.54 110.94 110.53 110.25 110.70 111.00 110.65 110.19 110.76 111.04 110.78 110.79 110.56 110.89 110.84 110.21 111.50 111.60 111.19 111.09 111.33 111.46 112.15 111.95 111.46 110.63
-33°N ||     111.76 111.89 110.49 110.29 110.56 109.49 110.01 108.91 108.95 109.66 109.59 109.92 110.76 110.97 111.38 110.87 111.20 111.25 110.78 110.78 109.85 110.43 110.35 110.31 109.93 109.60 109.62 109.38 109.11 108.79 108.60 107.68 108.12 107.87 107.51 107.72 106.98 105.93 105.75 105.02 105.28 106.90 107.87 107.44 108.27 107.55 108.58 108.67 108.35 108.40 107.68 106.62 105.74 107.54 108.57 109.25 109.21 109.30 109.34 109.31 109.78 110.32 110.17 111.16 111.27 111.34 111.29 111.27 111.16 110.94 111.23 111.86 111.80 111.47 111.95 111.50 112.06 111.78 111.71 111.84 111.53 111.24 111.53 111.07 110.97 110.79 110.71 110.55 110.56 110.69 110.75 110.34 110.63 110.87 110.56 110.73 110.43 110.76 110.37 109.71 109.93 109.70 109.40 109.69 110.02 110.17 110.19 110.10 110.95 111.35 111.17 111.12 110.86 111.35 112.15 112.65 115.17 116.94 117.63 117.87 117.86 117.88 117.41 117.31 117.52 117.51 117.27 117.24 116.18 114.89 114.16 112.92 112.56 112.57 112.58 112.58 112.70 112.59 112.67 112.68 112.53 111.87 111.38 111.22 110.99 110.91 111.13 111.07 111.22 111.40 111.34 110.99 110.78 110.50 109.81 109.66 109.81 109.74 110.62 110.06 110.51 110.85 110.21 110.58 110.41 110.31 110.81 111.00 111.29 110.71 110.97 111.58 110.57 111.24 111.26 111.49 111.69 111.42 111.01 111.00
-31°N ||     111.65 110.74 110.58 110.49 109.70 109.81 109.19 109.73 109.90 109.72 109.95 110.00 110.50 110.86 111.21 111.20 111.20 110.60 110.41 110.78 110.26 110.34 110.24 110.15 109.90 109.83 109.57 109.33 108.96 108.59 108.27 108.09 108.04 107.38 107.20 107.83 106.89 105.73 105.88 105.03 106.07 106.95 107.39 108.06 108.34 108.61 108.64 108.89 108.88 109.01 107.92 106.64 107.07 107.18 107.34 107.29 108.84 109.52 109.48 109.88 110.37 110.84 111.14 111.20 111.41 111.33 111.42 111.59 111.48 111.40 111.53 112.42 111.45 111.15 111.38 111.38 111.51 111.66 111.88 111.85 111.89 111.76 111.47 111.48 111.28 110.79 110.43 110.24 110.50 110.57 110.57 110.69 110.35 110.64 110.73 110.60 110.69 110.54 110.49 109.96 109.92 110.52 110.13 109.90 110.25 110.48 110.59 110.24 111.00 111.31 111.61 111.12 111.62 111.53 112.33 112.35 112.60 112.70 113.16 116.46 117.29 117.77 117.08 117.36 117.19 117.30 116.88 116.23 113.27 112.56 112.87 112.64 112.61 112.62 112.64 112.68 112.67 112.67 112.68 112.64 112.59 111.45 111.48 111.10 111.25 110.68 110.85 110.81 110.83 110.92 111.07 110.79 110.50 110.51 110.04 109.93 110.75 109.66 109.43 109.20 110.63 111.05 111.53 110.74 110.98 111.19 111.36 111.22 111.26 111.07 110.86 111.19 110.74 111.10 111.08 110.86 111.10 111.31 111.27 111.20
-29°N ||     111.62 110.72 109.10 110.47 109.68 109.50 110.18 109.65 110.04 109.82 109.81 110.11 110.80 111.06 111.19 111.12 111.07 109.75 110.87 110.82 110.57 110.23 110.22 110.07 109.96 109.76 109.56 109.19 108.81 108.49 108.19 107.83 107.61 107.56 107.52 106.67 106.73 106.22 104.75 103.83 105.98 107.14 107.61 107.97 108.37 108.72 108.93 109.08 109.20 109.19 109.13 108.95 108.13 108.14 108.02 107.20 107.53 108.09 109.44 109.80 110.45 111.24 111.39 111.32 111.67 111.37 111.16 111.32 111.60 111.56 111.75 112.08 111.76 111.29 111.60 111.95 111.67 111.63 112.04 111.98 111.91 111.92 111.61 111.74 110.97 110.93 110.74 110.43 110.29 110.53 110.66 110.70 110.86 110.77 110.72 110.61 110.66 110.08 110.53 110.08 110.69 110.78 110.41 110.43 110.75 110.90 111.01 110.89 110.21 111.22 110.88 111.55 111.74 111.89 111.12 111.47 112.61 112.48 112.62 112.60 112.77 112.67 113.77 115.87 114.56 114.85 113.31 113.85 112.56 112.66 112.67 112.56 112.63 112.67 112.68 112.56 112.64 112.60 112.58 112.15 112.08 111.70 111.35 111.15 111.07 110.86 110.81 110.89 110.87 110.91 110.94 110.65 110.61 110.02 110.31 109.76 109.16 109.46 110.42 109.12 110.35 110.91 111.12 110.49 111.15 110.11 111.07 111.30 110.97 110.80 111.03 110.85 110.58 110.74 110.85 111.10 110.88 111.09 111.27 111.50
-27°N ||     111.16 110.64 110.61 110.56 109.82 109.67 110.40 109.32 109.86 110.29 110.16 110.66 110.57 110.77 111.18 110.89 111.19 110.16 110.84 110.13 110.17 110.20 110.05 110.02 109.78 109.63 109.46 109.30 108.76 108.40 108.01 107.67 107.24 107.25 107.08 107.28 107.51 106.00 105.70 104.08 106.26 107.19 107.60 108.07 108.47 108.83 109.08 109.25 109.35 109.54 109.51 109.58 109.27 108.55 108.54 108.65 108.99 108.96 108.85 108.84 108.57 110.49 111.43 111.46 111.40 111.42 111.54 111.76 111.49 111.36 111.41 112.07 112.13 112.38 111.96 111.52 111.89 111.92 112.17 112.15 112.12 112.09 111.94 111.60 111.43 111.09 111.17 111.19 110.69 110.55 110.50 110.77 110.80 110.30 110.49 110.66 110.69 110.34 110.33 110.32 110.67 110.98 110.32 110.71 110.96 110.82 111.19 110.42 109.94 110.28 111.07 111.12 111.48 111.27 111.22 111.35 111.37 112.59 112.55 112.64 112.65 112.54 112.64 112.62 112.60 112.55 112.97 112.63 112.56 112.64 112.59 112.55 112.68 112.56 112.37 112.53 110.19 112.57 112.55 110.83 111.50 111.05 110.92 110.89 110.91 110.91 110.90 110.89 110.75 110.68 110.62 110.29 109.69 109.54 109.37 109.72 110.48 109.25 109.36 110.17 109.72 110.30 110.90 110.87 111.41 110.29 111.15 110.84 111.09 111.27 111.14 110.92 110.38 110.10 110.15 110.66 110.67 110.76 111.25 111.33
-25°N ||     111.31 110.40 110.87 110.53 110.48 110.41 110.61 111.06 110.36 110.78 110.55 111.30 111.29 111.17 111.31 111.03 111.10 110.59 110.14 110.71 110.28 110.07 110.01 109.84 109.68 109.43 109.25 109.05 108.61 108.10 107.72 107.40 107.12 106.93 106.87 106.15 106.58 106.99 105.70 106.06 106.54 107.13 107.69 108.09 108.36 108.68 108.89 109.18 109.36 109.37 109.58 109.64 109.29 108.84 107.81 108.63 108.99 109.19 109.19 109.01 108.17 109.64 111.11 111.18 111.34 111.36 111.34 110.66 110.96 111.14 111.23 111.28 111.92 112.54 112.66 112.07 112.23 112.33 112.47 112.24 112.23 112.10 112.31 111.96 112.19 111.40 111.50 111.52 111.46 110.64 111.09 110.93 111.26 110.19 110.72 110.67 110.68 110.14 109.74 110.61 110.66 110.50 110.62 110.69 110.52 110.07 110.64 109.84 109.60 110.03 110.42 110.55 111.03 110.85 111.50 112.06 111.68 112.35 112.54 112.63 112.68 112.64 112.59 112.65 112.66 112.59 112.64 112.55 112.50 112.40 112.49 112.31 112.29 112.49 112.30 111.43 111.31 111.72 110.59 111.15 110.95 110.67 110.46 110.50 110.61 110.69 111.06 110.70 110.61 110.42 110.33 110.06 109.60 109.12 109.29 109.62 110.11 109.54 108.91 109.44 109.31 109.82 110.35 110.90 110.43 110.47 111.04 110.44 110.83 111.06 111.00 110.48 110.07 110.84 110.88 110.63 110.80 111.32 111.65 111.22
-23°N ||     111.23 111.21 110.56 110.58 110.48 110.65 110.92 111.14 111.33 111.42 111.39 111.33 111.59 111.69 111.31 111.51 109.84 110.26 110.79 110.29 110.28 109.94 109.93 109.80 109.58 109.25 108.98 108.59 108.16 107.75 107.37 106.97 106.75 106.63 106.71 106.64 105.77 106.17 105.65 105.94 106.49 107.12 107.51 107.81 108.10 108.36 108.65 108.93 109.24 109.42 109.75 109.71 109.69 109.26 108.39 108.59 108.96 108.97 108.92 108.50 107.72 109.89 110.91 110.98 110.61 110.85 111.16 110.70 111.16 111.12 110.89 111.49 111.69 112.34 112.47 112.57 112.14 112.31 112.16 112.36 112.35 112.25 112.27 112.48 112.11 111.68 111.81 111.94 111.76 110.38 111.19 110.93 111.29 111.36 111.37 110.76 110.64 112.00 110.61 110.07 110.28 110.04 109.79 109.62 109.99 110.52 109.62 109.58 109.24 109.95 110.27 110.84 110.70 110.29 110.26 110.61 111.34 111.66 111.97 112.23 112.55 112.36 112.54 112.67 112.67 112.66 112.64 112.35 112.39 112.23 111.82 111.88 112.08 112.20 111.27 110.59 109.79 110.03 110.51 110.88 110.58 110.31 109.89 110.06 110.44 110.55 110.62 110.72 110.36 110.27 110.16 110.06 110.30 110.11 110.19 109.52 110.11 109.53 109.07 109.47 109.01 110.01 110.30 110.61 110.61 110.83 110.71 110.90 110.77 111.50 110.77 111.89 110.72 110.82 110.91 110.83 110.61 111.43 111.86 111.20
-21°N ||     110.91 111.06 110.57 110.58 110.56 110.58 111.01 111.85 111.49 111.36 111.19 111.25 111.39 111.18 111.34 111.47 110.99 110.54 110.60 110.33 110.11 109.88 109.82 109.63 109.41 109.15 108.70 108.17 107.60 107.14 106.81 106.44 106.23 106.20 106.36 105.85 106.04 105.30 105.46 106.00 106.41 106.86 107.14 107.43 107.77 108.02 108.38 108.65 108.95 109.21 109.37 109.60 109.64 109.18 108.61 108.94 108.48 108.80 108.44 108.04 108.12 108.51 110.74 110.70 110.80 110.62 111.05 111.20 111.12 111.16 111.34 111.32 111.60 111.94 112.45 112.63 112.45 112.32 112.45 112.49 112.41 112.35 112.29 112.47 112.36 112.48 111.94 111.98 111.73 111.25 111.07 111.28 111.48 111.56 111.05 110.88 110.67 110.25 110.19 110.40 110.54 110.67 109.51 109.95 110.28 110.17 110.46 109.34 109.25 109.78 110.36 109.89 110.49 110.47 110.58 110.93 111.10 111.62 111.74 112.23 112.38 112.50 112.06 112.53 112.43 112.28 112.21 111.27 111.78 111.80 111.65 111.46 111.99 111.28 110.75 110.44 109.08 109.25 110.27 110.09 110.34 110.29 109.82 109.41 110.45 110.57 110.58 110.60 110.58 110.26 109.94 109.62 109.30 109.65 110.55 109.64 109.84 109.76 109.16 110.00 109.84 110.07 109.91 109.89 110.63 110.81 111.10 110.82 110.48 111.43 111.59 111.16 111.22 111.55 111.42 110.78 110.32 110.98 111.01 110.72
-19°N ||     109.97 110.37 110.40 110.19 110.67 111.01 111.45 112.24 112.20 111.77 111.58 111.24 111.39 111.36 111.60 111.35 111.08 110.94 110.38 110.31 110.10 109.82 109.64 109.33 109.14 108.84 108.41 107.65 106.75 106.28 105.98 105.85 105.71 105.85 106.09 104.48 105.73 105.20 105.36 105.67 105.86 106.26 106.56 106.87 107.26 107.65 108.05 108.35 108.72 108.96 109.12 109.24 109.41 109.33 108.83 108.36 108.33 108.30 108.44 108.30 107.89 109.46 110.43 110.35 110.59 110.80 111.24 111.28 111.35 111.09 111.28 111.54 111.90 112.32 112.68 112.67 112.67 112.34 112.42 112.52 112.55 112.46 112.35 112.32 112.53 112.48 112.18 111.85 111.87 111.97 111.73 111.53 111.60 111.47 110.96 111.10 110.64 110.51 110.81 109.93 110.40 110.52 109.72 110.19 109.68 110.11 109.31 109.10 109.72 109.76 109.55 110.00 109.99 110.24 110.40 110.64 110.70 110.64 110.74 111.89 112.12 112.12 112.24 112.23 111.97 111.99 111.46 111.47 111.57 111.44 111.36 110.75 110.54 110.89 110.51 110.14 109.58 109.40 109.89 110.14 110.47 110.47 110.70 110.67 110.47 110.50 110.52 110.52 110.34 110.19 110.45 109.80 109.34 109.45 109.95 110.11 109.95 110.18 109.56 110.05 110.18 109.94 109.81 109.70 110.39 110.41 110.25 110.16 110.99 111.49 111.82 111.99 112.08 112.31 111.95 112.01 111.81 111.46 111.56 110.04
-17°N ||     110.03 110.02 110.23 110.69 110.73 111.05 111.91 112.07 112.07 111.95 111.75 111.40 111.50 110.74 111.49 112.00 111.18 111.17 110.72 110.25 110.06 109.82 109.37 109.02 108.79 108.46 107.93 106.75 105.79 105.22 105.13 105.22 105.42 105.59 105.27 104.61 105.03 105.24 105.10 104.98 105.11 105.53 105.95 106.26 106.80 107.24 107.65 107.97 108.35 108.68 108.82 109.06 109.07 109.15 108.73 108.29 107.71 107.73 108.32 108.18 107.90 109.61 110.38 109.69 110.20 112.24 112.57 112.40 111.21 111.39 110.86 111.43 111.80 112.14 112.68 112.67 112.68 112.31 112.49 112.39 112.54 112.48 112.49 112.48 112.51 112.47 112.30 112.30 112.17 111.99 111.54 111.61 111.63 111.45 111.18 111.17 110.69 110.77 110.35 111.15 110.54 110.23 109.75 109.76 109.75 109.68 109.83 109.25 109.86 109.84 110.04 109.83 109.61 109.60 109.99 110.08 110.30 111.05 111.16 110.60 111.24 111.11 111.37 111.40 111.29 111.80 111.68 111.66 111.51 111.35 110.68 110.80 109.53 109.98 110.15 109.95 109.28 109.30 109.93 110.22 110.56 110.57 110.69 110.79 110.52 110.45 110.39 110.30 110.23 109.92 110.08 109.96 109.55 109.69 109.52 109.61 109.91 110.17 109.90 110.54 110.15 110.10 109.83 109.60 110.78 109.66 110.03 110.34 111.02 111.78 111.96 112.18 112.17 112.34 112.45 112.07 112.12 111.79 112.08 111.29
-15°N ||     111.65 110.05 111.16 110.85 111.28 111.54 112.37 112.37 111.87 111.96 111.94 111.44 111.21 111.29 111.52 111.94 110.22 111.25 111.55 110.39 110.14 109.77 109.42 109.07 108.62 108.05 107.13 105.64 104.17 103.73 104.19 104.79 104.97 105.26 105.41 105.35 105.55 105.58 104.86 104.51 104.48 105.07 105.44 105.79 106.33 106.94 107.38 107.71 107.95 108.12 108.14 108.59 108.80 108.80 108.42 108.28 107.84 108.96 108.12 109.13 109.61 112.04 112.54 112.55 112.58 112.55 112.61 112.55 112.55 111.57 111.41 112.05 111.95 112.09 112.59 112.60 112.65 112.58 112.49 112.44 112.48 112.49 112.45 112.50 112.45 112.39 112.40 112.27 112.16 112.07 112.13 111.92 111.76 111.37 111.17 111.20 111.07 110.81 110.19 110.80 110.02 110.16 110.00 109.60 109.75 109.44 109.62 109.59 109.43 109.54 110.04 109.48 109.28 109.27 109.39 109.01 110.07 111.01 111.06 111.10 110.56 111.13 111.10 110.97 111.28 111.51 111.43 111.69 111.02 110.59 110.36 109.35 109.26 109.33 109.68 109.51 109.23 109.44 109.49 110.00 110.35 110.60 110.52 110.53 110.65 110.49 110.24 110.33 109.95 110.16 109.92 110.18 109.46 109.11 110.21 110.41 109.62 110.36 110.42 110.10 110.17 110.02 109.60 109.86 110.41 110.57 110.40 110.44 110.75 112.02 112.27 112.57 112.53 112.46 112.00 112.55 112.24 112.65 111.21 111.43
-13°N ||     111.81 111.72 111.36 111.01 111.29 111.82 112.25 112.51 112.39 112.48 112.26 111.77 111.62 111.83 111.81 111.91 111.32 111.27 111.10 110.68 110.31 109.86 109.48 109.07 108.51 107.80 106.73 104.67 102.45 102.00 103.20 104.32 104.69 104.79 104.89 105.62 105.36 105.32 104.69 104.41 104.45 105.75 104.95 105.47 106.04 106.58 107.12 107.46 107.73 107.91 107.96 108.79 108.13 109.59 112.62 112.05 112.11 110.14 112.60 112.77 111.76 109.69 109.58 109.87 111.97 112.63 112.52 112.45 110.72 112.59 111.43 111.80 112.09 112.29 112.37 112.52 112.54 112.65 112.68 112.53 112.50 112.50 112.48 112.47 112.33 112.38 112.48 112.33 112.13 112.33 112.23 112.13 111.91 111.60 111.97 111.43 111.20 110.89 110.70 110.71 110.67 110.33 109.88 109.65 109.42 110.00 109.50 109.48 109.35 109.28 109.33 109.52 109.07 109.51 109.39 109.67 109.71 110.65 110.88 110.72 110.80 111.09 110.93 110.92 110.57 111.12 111.20 111.21 110.95 110.70 109.51 109.23 108.89 109.51 109.37 109.62 109.15 109.35 110.12 110.15 110.72 110.56 110.68 110.56 110.61 110.51 110.07 109.87 109.79 109.86 109.81 109.55 110.01 109.46 110.47 110.43 109.83 109.82 110.23 110.35 110.01 110.13 109.68 109.52 109.92 111.03 111.08 111.29 111.74 112.34 112.50 112.60 112.63 112.59 112.57 112.63 112.65 112.59 112.66 112.59
-11°N ||     112.64 112.50 112.66 112.67 112.06 112.06 112.31 112.53 112.40 112.39 112.28 112.21 112.26 111.86 112.11 111.97 111.88 111.50 111.29 110.89 110.45 110.11 109.56 109.07 108.34 107.66 106.69 104.89 102.51 100.76 101.70 104.30 104.58 104.60 104.51 105.19 105.11 104.80 104.31 104.06 104.54 104.90 104.84 105.38 105.85 106.31 107.07 107.30 107.53 107.78 107.65 108.41 112.19 112.61 112.73 112.68 110.17 107.06 106.82 108.00 108.77 109.00 109.34 109.60 110.16 110.01 110.24 111.86 111.07 111.27 112.57 112.01 112.55 112.61 112.46 112.48 112.63 112.62 112.65 112.67 112.54 112.54 112.56 112.51 112.51 112.49 112.59 112.41 112.48 112.31 112.31 112.46 111.96 111.78 111.52 111.52 111.58 111.13 109.68 110.15 110.71 110.80 110.19 109.90 109.78 109.41 109.38 109.49 109.24 109.30 109.83 109.46 109.58 109.26 109.56 109.73 109.67 109.95 110.40 110.16 110.34 110.66 110.61 110.50 110.12 111.05 110.95 111.23 110.92 110.87 110.53 109.60 108.98 109.24 109.18 109.82 109.42 109.94 110.35 110.37 110.85 110.73 110.52 110.61 110.63 110.57 110.41 110.46 110.14 110.11 109.93 109.50 109.05 109.59 109.51 109.79 110.25 110.37 110.05 110.57 110.24 110.83 111.15 110.74 110.99 112.26 111.19 111.69 111.98 112.43 112.55 112.56 112.66 112.64 112.67 112.68 112.68 112.51 112.60 112.43
-9°N ||     112.23 112.44 112.40 112.54 112.67 112.24 112.54 112.39 112.54 112.60 112.36 112.47 112.30 112.21 112.22 112.01 112.01 111.72 111.51 111.05 110.74 110.21 109.80 109.21 108.59 107.82 106.93 106.08 102.89 99.69 99.68 103.22 104.44 104.45 104.54 104.41 104.86 104.62 104.65 104.31 104.45 105.12 106.93 108.74 107.45 106.36 107.00 107.65 107.60 108.06 111.66 112.64 112.66 112.57 112.03 107.60 106.62 108.83 107.30 108.69 108.99 109.16 109.97 109.83 110.38 110.60 111.95 111.11 112.53 111.43 112.57 112.55 112.55 112.62 112.59 112.62 112.54 112.63 112.63 112.66 112.67 112.52 112.59 112.59 112.57 112.55 112.65 112.46 112.46 112.42 112.56 112.17 112.17 112.09 111.77 111.42 111.53 111.24 110.49 110.38 110.75 110.48 110.03 110.24 110.20 109.72 109.39 109.83 111.19 111.61 109.56 109.95 109.73 109.85 109.81 109.65 109.69 109.80 110.11 110.20 110.19 109.96 110.21 109.99 109.94 110.09 110.41 110.83 110.88 110.87 110.45 109.98 108.98 109.94 109.95 109.29 110.28 110.58 109.90 110.42 110.81 110.83 110.99 110.74 110.73 110.47 110.36 110.84 110.71 110.23 109.34 109.59 109.06 109.92 110.41 110.20 110.45 110.93 110.43 110.68 111.23 112.25 112.50 112.07 112.01 112.49 112.48 112.36 112.51 112.54 112.61 112.65 112.68 112.63 112.68 112.68 112.29 110.62 112.58 112.51
-7°N ||     112.56 112.53 112.46 112.45 112.67 112.67 112.61 112.61 112.67 112.65 112.62 112.51 112.43 112.38 112.39 112.44 112.38 112.03 111.71 111.34 110.93 110.45 110.02 109.37 108.75 108.16 107.44 106.80 103.50 100.68 101.32 102.67 104.10 104.36 104.55 104.78 104.32 104.33 104.77 104.32 107.91 108.26 105.36 109.73 108.88 109.05 109.39 111.96 110.72 110.54 108.99 107.27 110.45 112.64 112.30 112.29 112.41 109.61 108.50 109.21 109.36 109.39 109.76 109.96 111.33 112.30 112.12 112.27 110.67 110.89 112.28 112.55 112.55 112.60 112.57 112.62 112.63 112.58 112.57 112.61 112.65 112.62 112.64 112.56 112.59 112.52 112.47 112.39 112.32 112.43 112.37 112.45 112.16 112.08 112.06 112.12 112.13 111.50 110.86 111.06 110.02 109.96 110.15 110.24 109.42 109.98 110.18 109.83 109.82 109.89 110.15 110.12 110.31 109.49 109.61 109.64 109.64 110.25 110.31 110.10 109.66 109.46 109.58 109.31 109.81 110.42 110.14 110.32 110.83 110.83 110.69 110.54 109.38 109.28 109.77 110.05 110.10 110.23 110.07 110.51 110.84 110.76 111.10 111.04 110.97 111.02 111.14 111.15 111.11 111.42 109.10 108.92 109.11 109.91 109.39 110.85 112.27 111.57 111.71 111.64 112.27 112.46 112.43 112.32 112.61 112.66 112.63 112.66 112.67 112.67 112.67 112.67 112.68 112.68 112.66 112.66 112.68 112.60 112.63 112.56
-5°N ||     112.59 112.63 112.66 112.65 112.58 112.67 112.67 112.67 112.66 112.66 112.63 112.40 112.46 112.58 112.65 112.67 112.66 112.55 111.87 111.85 111.34 110.90 110.39 109.74 109.19 108.58 107.98 107.01 105.77 104.12 102.87 103.09 104.10 104.25 104.64 104.90 104.87 105.93 105.15 104.50 104.86 105.18 105.65 110.49 108.44 110.96 108.45 109.51 108.40 107.55 107.07 110.57 111.57 112.16 111.54 107.65 108.05 109.35 112.29 111.45 109.65 109.83 109.96 110.02 110.86 110.39 111.30 110.69 110.80 111.14 111.83 112.32 112.53 112.29 112.26 112.61 112.61 112.65 112.44 112.54 112.64 112.67 112.67 112.64 112.61 112.54 112.44 112.45 112.51 112.47 112.39 112.34 112.40 112.00 112.06 112.20 112.13 112.09 111.71 111.83 110.85 109.73 109.96 110.18 110.58 110.23 110.11 110.03 110.19 109.99 110.69 110.79 110.61 109.73 109.54 109.62 109.34 109.60 109.31 109.96 109.61 109.99 109.69 109.71 110.00 109.77 110.47 110.00 110.64 110.72 110.54 109.90 110.05 109.44 109.99 110.19 110.60 110.49 110.62 110.78 110.64 110.93 111.50 111.57 111.32 111.28 112.06 111.73 111.18 110.90 110.21 109.69 110.63 110.49 110.36 111.01 112.60 112.30 112.61 112.53 112.48 112.40 112.32 112.63 112.63 112.68 112.68 112.68 112.68 112.68 112.67 112.68 112.67 112.67 112.67 112.66 112.66 112.68 112.68 112.64
-3°N ||     112.65 112.64 112.68 112.68 112.67 112.63 112.63 112.65 112.68 112.66 112.55 112.10 112.48 112.66 112.66 112.65 112.50 111.90 112.56 112.29 111.98 111.30 111.13 110.44 109.70 109.07 108.49 107.50 106.76 105.40 104.40 104.21 103.93 103.92 104.73 105.18 105.51 105.69 105.72 105.27 105.07 105.67 106.07 107.02 107.34 107.40 108.09 108.14 107.95 107.61 107.34 107.10 107.64 110.13 109.50 108.23 108.90 109.49 109.87 112.67 109.63 110.45 110.40 110.67 110.83 110.96 112.03 111.34 111.52 111.92 112.16 112.33 112.55 112.57 112.52 112.63 112.60 112.65 112.61 112.63 112.67 112.67 112.66 112.66 112.63 112.59 112.62 112.55 112.54 112.51 112.48 112.39 112.32 112.28 112.16 112.11 111.60 112.11 112.10 112.15 111.15 110.45 110.20 110.40 110.75 110.20 110.36 110.60 110.53 110.55 110.85 110.86 110.51 110.16 109.95 109.43 109.11 110.53 110.26 110.00 109.89 110.03 109.82 110.26 109.63 110.03 109.74 110.53 110.60 110.87 110.34 110.52 110.39 110.24 110.72 111.55 110.32 111.11 110.95 110.63 110.94 111.02 111.88 111.89 111.41 112.20 112.01 111.49 111.11 110.76 110.10 110.33 110.19 110.41 110.68 111.71 112.45 112.64 112.60 112.50 112.65 112.63 112.62 112.61 112.66 112.68 112.68 112.64 112.67 112.67 112.67 112.66 112.65 112.65 112.65 112.65 112.66 112.67 112.68 112.68
-1°N ||     112.68 112.68 112.68 112.68 112.67 112.62 112.62 112.65 112.67 112.65 112.46 111.94 112.64 112.67 112.63 112.67 112.54 112.66 112.63 112.33 112.19 111.91 111.57 111.00 110.34 109.44 108.74 107.96 107.21 106.43 105.35 104.75 103.40 102.00 104.94 105.38 105.66 105.94 106.10 106.14 106.18 107.08 107.47 107.82 108.10 108.72 109.08 109.33 109.62 109.85 109.15 110.71 112.61 108.24 108.38 108.70 109.65 110.03 110.13 111.50 110.50 110.81 110.83 110.81 111.09 111.21 111.18 111.92 112.15 112.24 112.49 112.38 112.60 112.58 112.65 112.66 112.63 112.64 112.65 112.65 112.64 112.67 112.66 112.65 112.66 112.65 112.62 112.55 112.50 112.48 112.51 112.56 112.42 112.37 112.21 112.12 111.47 112.09 112.07 112.12 111.20 110.96 110.73 110.49 110.76 110.68 110.62 110.85 110.92 111.01 111.19 111.17 110.36 110.08 110.05 109.67 109.33 110.56 110.30 110.25 110.29 109.81 109.90 109.66 110.08 110.15 110.36 110.53 111.22 111.03 110.62 110.03 110.59 110.74 111.47 111.46 111.19 112.08 111.01 110.81 111.06 111.25 111.97 112.02 112.09 112.26 112.14 111.02 111.36 110.78 110.62 110.73 111.53 111.60 112.00 112.63 112.68 112.68 112.66 112.66 112.68 112.68 112.66 112.66 112.68 112.68 112.63 112.68 112.67 112.67 112.66 112.66 112.66 112.65 112.64 112.65 112.66 112.66 112.68 112.68
1°N ||     112.68 112.67 112.68 112.65 112.66 112.64 112.62 112.63 112.66 112.67 112.52 112.52 112.65 112.63 112.63 112.66 112.68 112.68 112.26 112.58 112.36 112.36 111.62 110.73 110.10 109.93 109.18 108.17 107.31 107.00 106.54 105.96 103.79 101.36 102.21 105.66 105.83 105.96 106.30 106.65 107.09 107.44 107.71 108.07 108.52 109.09 109.47 109.88 110.53 110.97 109.32 108.16 107.96 108.39 108.74 109.42 109.94 110.45 110.52 111.05 110.73 111.00 111.79 110.99 111.14 111.30 111.13 112.26 111.81 112.14 112.44 112.57 112.55 112.56 112.56 112.62 112.63 112.65 112.53 112.64 112.58 112.65 112.68 112.64 112.63 112.67 112.62 112.54 112.56 112.50 112.49 112.54 112.45 112.44 112.40 112.19 112.10 111.70 111.74 111.50 111.46 111.54 111.24 111.43 110.85 110.58 110.66 111.32 111.14 111.11 111.09 110.61 110.79 110.62 110.13 109.91 110.31 110.29 109.94 110.43 110.19 110.01 110.10 110.13 110.12 110.24 110.46 110.76 110.82 111.07 111.60 111.37 111.93 111.89 111.94 111.94 111.60 111.56 111.81 111.46 111.97 112.07 112.34 112.33 112.38 112.08 111.41 111.34 111.42 111.02 111.32 111.79 112.41 112.59 112.61 112.64 112.68 112.68 112.68 112.68 112.68 112.68 112.68 112.68 112.68 112.68 112.67 112.68 112.67 112.67 112.66 112.66 112.65 112.65 112.65 112.65 112.64 112.65 112.66 112.67
3°N ||     112.64 112.65 112.64 112.63 112.62 112.61 112.61 112.62 112.64 112.68 112.66 112.67 112.63 112.61 112.61 112.64 112.66 112.58 112.42 112.66 112.60 112.06 111.34 110.49 109.72 110.61 109.75 107.54 107.33 107.44 107.29 107.43 106.90 103.51 104.95 105.95 105.71 105.84 106.36 106.85 107.30 107.56 107.77 107.75 108.96 109.47 110.05 110.44 110.84 111.62 111.70 109.98 109.28 109.54 109.99 110.40 110.67 110.80 110.90 111.27 111.17 111.01 110.67 111.85 111.97 111.51 111.68 112.18 112.24 112.43 112.52 112.61 112.58 112.56 112.60 112.61 112.64 112.66 112.66 112.68 112.60 112.62 112.68 112.66 112.64 112.64 112.60 112.50 112.54 112.55 112.57 112.55 112.51 112.45 112.38 112.22 112.19 111.92 112.08 111.87 111.85 111.86 111.85 111.56 111.56 110.83 111.19 111.69 112.12 111.05 111.23 110.91 110.44 110.41 110.24 110.75 110.50 110.49 110.13 110.47 110.26 110.09 110.05 110.20 110.21 110.30 110.59 110.77 111.08 111.23 112.19 112.48 112.56 112.55 112.65 112.60 112.14 112.02 111.83 112.15 112.19 112.35 112.46 112.37 112.31 111.83 111.76 111.57 111.40 111.01 112.02 112.64 112.61 112.55 112.58 112.68 112.68 112.68 112.68 112.67 112.68 112.67 112.68 112.68 112.68 112.68 112.68 112.67 112.67 112.67 112.67 112.66 112.65 112.65 112.65 112.65 112.65 112.64 112.64 112.64
5°N ||     112.64 112.63 112.61 112.63 112.60 112.60 112.61 112.61 112.63 112.67 112.68 112.68 112.61 112.59 112.59 112.61 112.67 112.49 112.68 112.68 112.51 111.55 110.80 110.29 110.65 110.81 110.53 109.08 107.46 107.35 107.58 108.04 108.32 107.94 106.96 106.30 105.52 105.33 106.49 107.13 107.57 107.82 107.94 107.68 109.18 110.10 110.56 110.89 111.36 112.04 112.31 110.53 110.50 110.86 111.10 111.31 111.26 111.31 111.37 111.57 111.91 111.38 110.91 111.10 111.44 111.98 112.20 112.31 112.35 112.56 112.67 112.59 112.67 112.61 112.57 112.61 112.66 112.65 112.62 112.61 112.59 112.66 112.63 112.66 112.65 112.65 112.64 112.54 112.57 112.54 112.52 112.53 112.38 112.35 112.32 112.30 112.26 112.28 112.14 111.90 111.87 111.87 111.76 111.85 111.74 111.70 111.78 111.67 111.79 110.85 111.07 110.16 110.39 110.27 110.51 110.32 110.36 110.54 110.44 110.42 110.27 110.12 109.99 110.05 110.70 110.39 110.56 110.90 111.30 111.85 112.43 112.58 112.56 112.56 112.57 112.59 112.65 112.58 112.47 112.40 112.41 112.55 112.49 112.32 112.34 111.95 111.74 111.77 111.17 111.27 112.63 112.60 112.65 112.66 112.67 112.68 112.68 112.68 112.67 112.67 112.68 112.68 112.67 112.68 112.67 112.68 112.67 112.68 112.67 112.67 112.67 112.66 112.66 112.66 112.65 112.65 112.65 112.64 112.64 112.63
7°N ||     112.64 112.63 112.62 112.62 112.61 112.60 112.60 112.60 112.61 112.64 112.67 112.63 112.59 112.58 112.58 112.60 112.68 112.66 112.67 112.68 112.30 111.68 111.81 111.50 111.30 111.24 110.84 109.89 107.02 107.19 107.58 108.48 108.78 108.48 107.75 106.77 104.56 104.53 106.99 107.51 107.83 108.04 108.18 108.48 109.81 110.27 110.66 111.10 111.54 111.98 112.33 112.38 111.27 111.22 111.21 111.25 111.44 111.61 111.78 111.91 111.96 111.72 111.14 111.69 112.13 112.19 112.42 112.48 112.52 112.61 112.68 112.59 112.56 112.60 112.57 112.68 112.66 112.65 112.67 112.65 112.67 112.66 112.66 112.65 112.65 112.59 112.59 112.53 112.58 112.49 112.54 112.51 112.49 112.50 112.31 112.23 112.15 112.26 112.05 111.75 111.75 111.81 111.92 111.74 111.69 111.94 111.41 112.11 111.79 111.85 111.30 110.81 110.69 110.10 110.24 110.37 110.25 110.44 110.44 110.48 110.21 110.28 110.01 110.64 111.10 110.28 110.57 111.01 111.84 112.59 112.59 112.56 112.56 112.56 112.56 112.57 112.57 112.62 112.60 112.60 112.63 112.58 112.41 112.45 111.95 111.57 111.72 112.10 111.80 111.75 112.60 112.67 112.68 112.68 112.65 112.67 112.68 112.67 112.68 112.67 112.67 112.68 112.68 112.68 112.67 112.67 112.68 112.68 112.68 112.67 112.67 112.67 112.67 112.66 112.66 112.65 112.64 112.64 112.64 112.63
9°N ||     112.63 112.62 112.64 112.63 112.60 112.60 112.60 112.61 112.59 112.63 112.66 112.60 112.58 112.57 112.58 112.63 112.66 112.63 112.68 112.60 112.54 112.37 112.28 112.11 111.87 111.51 111.13 110.04 107.63 107.52 108.16 109.12 109.09 109.30 108.77 107.25 103.95 102.25 106.24 107.83 108.02 108.27 108.54 108.97 109.71 110.28 110.74 111.21 111.56 112.02 112.33 112.39 112.20 111.52 111.43 111.44 111.58 111.77 111.90 112.07 112.22 112.11 111.89 111.94 112.16 112.45 112.62 112.63 112.65 112.65 112.59 112.59 112.61 112.56 112.68 112.68 112.68 112.68 112.64 112.67 112.67 112.66 112.65 112.67 112.66 112.64 112.62 112.66 112.63 112.62 112.56 112.53 112.45 112.49 112.40 112.51 112.25 112.16 112.09 112.08 112.00 111.61 111.33 111.23 111.83 112.02 112.08 111.58 111.50 111.32 111.25 111.26 111.05 111.26 110.86 110.52 110.36 110.41 110.40 110.07 110.30 110.21 109.87 111.42 110.41 110.27 110.73 111.32 112.17 112.67 112.57 112.55 112.55 112.55 112.56 112.56 112.56 112.58 112.64 112.68 112.67 112.61 112.40 112.19 112.17 112.08 112.40 112.53 112.43 112.43 112.65 112.68 112.65 112.68 112.68 112.67 112.68 112.68 112.68 112.68 112.63 112.68 112.68 112.68 112.68 112.67 112.68 112.68 112.68 112.67 112.67 112.67 112.67 112.66 112.66 112.65 112.64 112.64 112.64 112.63
11°N ||     112.62 112.62 112.62 112.62 112.60 112.60 112.59 112.59 112.58 112.59 112.60 112.57 112.57 112.57 112.57 112.58 112.63 112.62 112.68 112.65 112.60 112.54 112.37 112.14 111.83 111.55 111.00 110.00 109.12 109.48 109.40 109.38 109.39 109.40 109.51 109.35 104.63 99.55 100.87 107.82 108.20 108.48 108.80 109.22 109.71 110.34 110.92 111.31 111.73 112.01 112.28 112.41 112.37 111.76 111.62 111.60 111.74 111.91 112.00 112.14 112.26 112.01 111.90 112.23 112.48 112.59 112.68 112.68 112.67 112.68 112.56 112.58 112.68 112.56 112.60 112.68 112.59 112.68 112.67 112.66 112.67 112.65 112.62 112.60 112.65 112.66 112.64 112.66 112.62 112.56 112.56 112.54 112.55 112.55 112.55 112.40 112.43 112.15 112.22 112.28 112.16 112.10 111.74 111.28 111.99 111.90 112.54 111.84 112.27 111.22 111.51 111.45 111.39 111.61 111.23 110.63 110.34 110.63 110.88 110.25 110.46 110.34 110.08 109.94 110.14 110.64 111.09 111.69 112.50 112.65 112.56 112.55 112.55 112.55 112.56 112.56 112.57 112.57 112.61 112.67 112.68 112.44 112.55 112.45 112.29 112.54 112.65 112.67 112.67 112.68 112.68 112.68 112.66 112.66 112.67 112.66 112.67 112.67 112.68 112.68 112.67 112.65 112.66 112.67 112.68 112.68 112.68 112.68 112.68 112.65 112.62 112.68 112.67 112.67 112.67 112.65 112.64 112.64 112.67 112.64
13°N ||     112.64 112.62 112.66 112.65 112.60 112.60 112.59 112.58 112.58 112.57 112.57 112.56 112.56 112.56 112.56 112.58 112.59 112.63 112.64 112.65 112.63 112.47 112.32 112.17 111.79 111.40 111.04 110.59 109.72 109.72 109.58 109.56 109.55 109.65 109.86 110.04 109.19 101.21 102.32 106.88 107.99 108.74 109.15 109.45 106.28 110.65 111.11 111.47 111.81 112.01 112.31 112.39 112.41 111.85 111.75 111.81 111.94 112.05 112.12 112.20 112.23 112.29 112.36 112.30 112.57 112.67 112.68 112.66 112.65 112.58 112.57 112.58 112.65 112.66 112.68 112.60 112.67 112.68 112.66 112.60 112.60 112.64 112.62 112.64 112.64 112.64 112.57 112.65 112.64 112.61 112.54 112.57 112.57 112.60 112.55 112.36 112.38 112.42 112.48 112.49 112.45 112.03 111.87 111.96 112.08 112.21 112.07 112.28 112.55 111.78 111.77 112.08 111.64 111.54 111.37 111.13 110.84 110.98 111.15 111.06 110.88 110.47 110.36 110.39 110.50 110.77 111.30 112.04 112.62 112.64 112.56 112.55 112.55 112.56 112.56 112.56 112.57 112.57 112.60 112.66 112.68 112.61 112.66 112.67 112.67 112.67 112.68 112.68 112.68 112.67 112.66 112.65 112.64 112.62 112.62 112.65 112.65 112.67 112.68 112.62 112.48 112.37 112.52 112.53 112.61 112.65 112.66 112.68 112.68 112.68 112.68 112.66 112.67 112.67 112.67 112.66 112.65 112.64 112.61 112.62
15°N ||     112.63 112.62 112.61 112.59 112.59 112.60 112.58 112.57 112.57 112.56 112.56 112.55 112.55 112.55 112.56 112.57 112.63 112.67 112.64 112.66 112.35 108.91 104.17 103.58 106.01 111.25 110.89 110.77 110.48 109.92 109.82 109.69 109.70 109.78 109.88 110.00 110.02 108.60 106.42 106.83 108.24 108.96 109.44 109.73 110.26 110.99 111.28 111.60 111.83 112.00 112.26 112.39 112.43 111.92 111.93 111.91 112.01 112.14 112.21 112.23 112.28 112.28 112.23 112.47 112.68 112.67 112.65 112.64 112.63 112.59 112.56 112.58 112.61 112.64 112.60 112.65 112.63 112.68 112.68 112.68 112.62 112.66 112.46 112.63 112.66 112.65 112.66 112.64 112.65 112.64 112.66 112.64 112.58 112.56 112.46 112.48 112.51 112.54 112.57 112.61 112.50 112.52 112.19 112.12 112.21 112.23 112.05 112.56 112.42 111.54 111.84 111.90 111.95 112.01 111.48 111.38 111.12 110.93 111.03 111.04 110.80 110.92 110.71 110.78 110.93 111.13 111.55 112.34 112.68 112.56 112.56 112.56 112.55 112.56 112.56 112.56 112.57 112.57 112.59 112.64 112.67 112.68 112.68 112.68 112.68 112.68 112.68 112.68 112.65 112.65 112.63 112.62 112.62 112.61 112.61 112.62 112.65 112.68 112.65 112.49 112.26 112.07 111.84 112.07 112.25 112.54 112.62 112.65 112.65 112.67 112.67 112.68 112.68 112.68 112.67 112.66 112.66 112.64 112.66 112.57
17°N ||     112.62 112.61 112.60 112.59 112.64 112.59 112.58 112.57 112.56 112.56 112.55 112.55 112.55 112.55 112.55 112.61 112.66 112.66 112.68 112.68 111.69 103.25 99.86 98.97 101.34 108.51 110.84 110.79 111.08 110.49 110.15 109.84 109.75 109.82 109.90 110.02 110.04 109.79 108.54 108.40 108.94 109.21 109.53 109.84 110.35 111.04 111.42 111.71 111.92 112.08 112.19 112.44 112.39 111.73 111.78 112.02 112.09 112.17 112.21 112.26 112.31 112.39 112.51 112.67 112.68 112.65 112.63 112.61 112.58 112.58 112.59 112.57 112.58 112.60 112.59 112.63 112.67 112.66 112.67 112.68 112.67 112.59 112.62 112.60 112.64 112.65 112.66 112.60 112.62 112.64 112.66 112.63 112.51 112.55 112.60 112.63 112.60 112.61 112.60 112.65 112.64 112.59 112.41 112.33 112.50 112.49 112.49 112.46 112.00 111.76 111.96 111.99 111.83 111.66 111.59 111.47 111.19 110.48 110.89 111.03 111.08 111.06 110.99 111.07 111.16 111.36 112.15 112.44 112.68 112.57 112.56 112.56 112.56 112.56 112.56 112.56 112.57 112.58 112.59 112.62 112.64 112.64 112.65 112.66 112.66 112.64 112.64 112.63 112.62 112.61 112.61 112.61 112.60 112.60 112.60 112.60 112.62 112.68 112.65 112.33 111.95 111.52 111.20 111.22 111.65 112.41 112.57 112.60 112.60 112.64 112.66 112.68 112.68 112.68 112.68 112.67 112.64 112.64 112.65 112.62
19°N ||     112.62 112.60 112.59 112.58 112.58 112.59 112.58 112.57 112.56 112.56 112.55 112.55 112.55 112.55 112.55 112.60 112.65 112.67 112.59 112.66 112.19 103.38 99.95 99.26 100.98 108.57 111.15 111.32 111.38 111.21 110.55 110.00 109.68 109.59 109.60 109.91 110.08 110.04 109.51 109.32 109.42 109.49 109.60 109.83 110.20 110.82 111.52 111.79 112.02 112.09 112.19 112.46 112.28 112.32 111.72 111.93 112.10 112.16 112.25 112.26 112.34 112.40 112.60 112.68 112.65 112.62 112.59 112.58 112.56 112.56 112.56 112.56 112.57 112.58 112.59 112.63 112.65 112.64 112.61 112.68 112.67 112.65 112.61 112.67 112.61 112.62 112.64 112.59 112.63 112.66 112.66 112.67 112.66 112.63 112.62 112.65 112.63 112.63 112.62 112.64 112.65 112.52 112.66 112.53 112.60 112.34 112.20 112.45 112.19 112.12 111.98 111.84 111.60 111.55 111.57 111.84 111.01 111.23 110.96 111.34 111.53 111.75 111.08 111.15 111.25 111.49 112.05 111.89 112.63 112.66 112.59 112.56 112.57 112.57 112.57 112.57 112.57 112.58 112.59 112.60 112.60 112.60 112.59 112.60 112.60 112.61 112.60 112.59 112.59 112.59 112.58 112.59 112.58 112.58 112.58 112.60 112.62 112.68 112.57 112.11 111.33 110.83 110.68 111.01 111.08 110.09 112.40 112.51 112.56 112.61 112.65 112.68 112.68 112.68 112.67 112.65 112.67 112.63 112.63 112.62
21°N ||     112.59 112.59 112.60 112.58 112.57 112.57 112.57 112.56 112.55 112.55 112.55 112.55 112.55 112.55 112.55 112.60 112.65 112.66 112.61 112.67 112.61 105.39 103.06 102.20 104.01 110.57 111.67 111.68 111.59 111.30 110.83 110.22 109.65 109.36 109.14 109.03 110.00 110.02 109.83 109.67 109.62 109.65 109.71 109.88 110.19 110.80 111.61 111.78 111.92 112.07 112.07 112.33 112.47 112.50 111.84 111.93 111.98 112.11 112.15 112.29 112.38 112.40 112.67 112.68 112.65 112.58 112.57 112.57 112.56 112.56 112.56 112.56 112.57 112.57 112.58 112.61 112.62 112.62 112.66 112.68 112.64 112.61 112.68 112.67 112.62 112.60 112.64 112.65 112.66 112.67 112.66 112.66 112.64 112.63 112.67 112.65 112.63 112.64 112.63 112.64 112.63 112.56 112.45 112.61 112.37 112.47 112.52 111.82 112.20 112.46 111.79 111.57 111.54 111.63 111.64 111.84 111.33 111.34 110.26 111.63 111.70 111.64 110.83 111.05 111.41 111.48 111.99 111.82 112.27 112.60 112.67 112.65 112.61 112.59 112.59 112.58 112.58 112.58 112.58 112.58 112.58 112.58 112.58 112.58 112.57 112.58 112.57 112.57 112.57 112.57 112.57 112.57 112.57 112.58 112.57 112.57 112.59 112.67 112.52 111.70 110.66 110.42 110.33 110.31 110.88 111.62 112.18 112.37 112.49 112.59 112.66 112.68 112.68 112.68 112.67 112.66 112.65 112.62 112.62 112.61
23°N ||     112.59 112.58 112.58 112.57 112.56 112.56 112.55 112.55 112.55 112.55 112.55 112.55 112.55 112.55 112.55 112.59 112.67 112.63 112.68 112.68 112.68 110.99 108.84 107.92 111.12 112.31 111.99 111.89 111.71 111.19 110.70 110.23 109.76 109.23 108.93 108.83 109.69 110.03 109.94 109.66 109.65 109.42 109.73 109.94 109.99 111.03 111.33 111.63 111.75 111.93 112.03 112.14 112.32 112.49 112.32 112.05 112.56 112.67 112.66 112.46 112.40 112.30 112.67 112.68 112.64 112.58 112.56 112.56 112.55 112.55 112.56 112.55 112.57 112.59 112.56 112.59 112.59 112.59 112.60 112.66 112.68 112.66 112.60 112.66 112.64 112.61 112.64 112.67 112.66 112.63 112.67 112.67 112.67 112.65 112.68 112.68 112.68 112.58 112.67 112.67 112.64 112.58 112.47 112.58 112.58 112.55 112.55 112.39 112.17 112.32 112.06 111.75 111.75 111.55 111.51 111.57 111.71 111.31 110.48 111.53 111.66 111.42 112.34 112.02 111.36 111.32 111.66 111.92 112.04 112.43 112.61 112.67 112.68 112.66 112.62 112.59 112.58 112.58 112.57 112.57 112.57 112.56 112.57 112.56 112.56 112.55 112.55 112.56 112.55 112.55 112.55 112.55 112.56 112.56 112.55 112.56 112.57 112.66 112.48 111.57 110.82 110.33 110.12 108.31 109.26 110.95 111.89 112.29 112.51 112.59 112.66 112.68 112.68 112.67 112.65 112.66 112.63 112.62 112.65 112.59
25°N ||     112.58 112.58 112.58 112.56 112.56 112.55 112.55 112.55 112.55 112.55 112.55 112.55 112.55 112.55 112.55 112.59 112.68 112.67 112.67 112.65 112.68 112.67 112.68 112.68 112.60 112.41 111.78 112.00 111.53 110.99 110.44 110.09 109.57 109.13 108.85 108.30 108.36 109.91 110.01 109.65 109.76 109.67 109.80 108.95 110.34 111.07 111.46 111.60 111.69 111.79 111.62 111.97 111.99 112.54 111.97 112.02 112.09 112.03 112.58 112.64 112.61 112.53 112.66 112.62 112.59 112.56 112.56 112.56 112.55 112.55 112.55 112.55 112.56 112.56 112.58 112.57 112.58 112.57 112.56 112.62 112.66 112.68 112.67 112.68 112.64 112.67 112.68 112.67 112.68 112.65 112.67 112.68 112.67 112.68 112.68 112.63 112.68 112.67 112.66 112.67 112.56 112.58 112.62 112.58 112.47 112.65 112.62 112.33 112.52 112.44 112.09 112.29 112.22 112.13 112.43 111.64 111.86 110.96 111.24 110.63 111.07 110.98 111.03 111.33 111.38 111.53 111.46 111.40 112.10 111.91 112.56 112.66 112.65 112.68 112.62 112.59 112.58 112.56 112.56 112.56 112.55 112.55 112.55 112.55 112.55 112.54 112.55 112.55 112.55 112.54 112.55 112.55 112.55 112.55 112.55 112.55 112.56 112.58 112.65 111.98 110.73 110.27 108.35 102.20 108.08 110.79 111.92 112.34 112.50 112.61 112.67 112.68 112.68 112.67 112.64 112.63 112.62 112.62 112.60 112.59
27°N ||     112.57 112.56 112.56 112.57 112.55 112.56 112.55 112.55 112.55 112.55 112.55 112.55 112.55 112.55 112.55 112.57 112.67 112.67 112.67 112.67 112.66 112.67 112.49 112.57 112.58 112.49 112.31 111.68 111.24 110.83 110.28 109.88 109.48 109.04 108.33 108.24 108.57 110.11 110.34 109.88 110.06 110.04 110.09 108.96 109.96 111.05 111.38 111.52 111.61 111.45 111.21 111.34 112.04 112.33 112.54 112.62 112.55 112.66 112.68 112.64 112.62 112.44 112.59 112.57 112.57 112.56 112.56 112.56 112.55 112.55 112.56 112.55 112.55 112.56 112.57 112.56 112.57 112.56 112.56 112.56 112.63 112.65 112.67 112.68 112.68 112.68 112.67 112.66 112.67 112.68 112.67 112.68 112.68 112.67 112.67 112.66 112.67 112.67 112.63 112.56 112.64 112.52 112.62 112.62 112.32 112.67 112.02 112.40 112.52 112.36 112.34 112.40 112.36 112.26 112.19 112.30 112.14 112.56 111.79 111.43 111.70 112.31 111.31 111.63 111.72 111.10 110.83 111.72 112.24 112.00 112.59 112.66 112.68 112.63 112.59 112.57 112.56 112.56 112.55 112.55 112.55 112.54 112.54 112.55 112.55 112.56 112.56 112.55 112.55 112.55 112.55 112.55 112.55 112.54 112.55 112.55 112.56 112.57 112.64 112.20 111.20 110.48 109.55 108.80 109.63 111.56 112.24 112.46 112.55 112.63 112.64 112.68 112.67 112.65 112.63 112.61 112.61 112.60 112.59 112.58
29°N ||     112.56 112.56 112.55 112.55 112.55 112.55 112.55 112.55 112.55 112.55 112.55 112.55 112.55 112.55 112.55 112.55 112.59 112.67 112.65 112.65 112.66 112.64 112.47 112.41 112.63 112.53 111.99 111.56 111.12 110.63 110.17 109.75 109.46 109.00 107.74 108.13 109.17 110.14 110.29 110.07 110.40 110.46 110.42 110.56 110.81 111.08 111.42 111.58 111.57 111.12 111.23 111.52 111.55 112.36 112.42 112.49 112.49 112.66 112.67 112.68 112.68 112.65 112.60 112.63 112.66 112.58 112.57 112.56 112.55 112.55 112.55 112.55 112.55 112.55 112.55 112.56 112.56 112.56 112.55 112.55 112.55 112.62 112.64 112.66 112.66 112.68 112.68 112.55 112.68 112.67 112.68 112.68 112.68 112.66 112.65 112.67 112.68 112.68 112.64 112.63 112.59 112.59 112.61 112.63 112.51 112.40 112.19 112.34 112.38 112.18 112.38 112.34 112.49 112.63 112.61 112.60 112.35 111.86 111.75 111.68 111.92 111.62 111.44 111.61 111.30 111.83 112.45 112.64 112.63 112.66 112.68 112.67 112.62 112.60 112.58 112.56 112.55 112.55 112.55 112.55 112.55 112.55 112.56 112.57 112.58 112.59 112.59 112.57 112.58 112.56 112.56 112.55 112.55 112.54 112.55 112.55 112.55 112.56 112.60 112.65 112.17 111.51 110.83 110.79 111.41 112.29 112.47 112.55 112.60 112.65 112.67 112.68 112.65 112.63 112.61 112.59 112.59 112.58 112.57 112.56
31°N ||     112.55 112.55 112.55 112.55 112.55 112.55 112.55 112.55 112.54 112.55 112.55 112.54 112.54 112.54 112.54 112.55 112.57 112.62 112.65 112.66 112.68 112.68 112.62 112.63 112.67 112.14 111.82 111.46 110.91 110.53 110.08 109.94 109.36 109.05 108.52 108.58 109.22 110.23 110.27 110.27 110.51 110.65 110.83 110.84 111.01 111.20 111.40 111.62 111.51 110.88 111.51 111.65 111.71 111.97 112.09 112.23 112.41 112.46 112.53 112.68 112.58 112.67 112.65 112.63 112.59 112.59 112.57 112.57 112.56 112.55 112.55 112.55 112.55 112.55 112.55 112.55 112.55 112.55 112.55 112.55 112.55 112.56 112.59 112.58 112.62 112.65 112.68 112.68 112.67 112.68 112.68 112.68 112.68 112.66 112.67 112.68 112.68 112.65 112.63 112.67 112.59 112.61 112.65 112.64 112.53 112.52 112.29 112.28 112.41 112.28 112.24 112.21 112.51 112.59 112.56 112.56 112.26 111.91 112.10 112.10 112.05 112.44 111.72 111.58 112.05 111.89 112.23 112.67 112.66 112.68 112.67 112.62 112.61 112.58 112.56 112.55 112.55 112.54 112.55 112.56 112.56 112.58 112.69 112.61 112.64 112.66 112.65 112.62 112.60 112.58 112.56 112.56 112.59 112.55 112.55 112.55 112.55 112.55 112.57 112.62 112.66 112.54 112.40 112.38 112.11 111.78 112.61 112.61 112.64 112.67 112.57 112.57 112.62 112.67 112.58 112.62 112.57 112.56 112.56 112.55
33°N ||     112.55 112.58 112.55 112.55 112.55 112.55 112.55 112.54 112.55 112.54 112.54 112.54 112.54 112.54 112.55 112.54 112.54 112.56 112.63 112.68 112.68 112.68 112.68 112.68 112.41 111.97 111.69 111.30 111.02 110.30 109.91 109.58 109.12 108.71 108.38 108.50 109.15 110.10 110.46 110.56 110.74 110.91 110.99 111.07 110.96 111.18 111.18 111.03 111.01 111.17 111.51 111.78 111.82 111.75 112.03 112.33 112.44 112.49 112.46 112.51 112.49 112.50 112.66 112.63 112.63 112.57 112.57 112.56 112.56 112.56 112.55 112.55 112.55 112.55 112.55 112.54 112.55 112.55 112.55 112.55 112.55 112.55 112.55 112.58 112.61 112.64 112.67 112.68 112.67 112.67 112.67 112.66 112.68 112.68 112.67 112.67 112.67 112.63 112.66 112.65 112.55 112.53 112.60 112.47 112.67 112.37 112.40 112.24 112.41 112.03 111.83 112.06 112.40 112.49 112.42 112.21 112.20 112.31 112.14 112.49 112.40 112.45 112.42 112.03 112.27 112.54 112.59 112.68 112.68 112.65 112.63 112.60 112.58 112.57 112.56 112.55 112.54 112.55 112.56 112.57 112.59 112.62 112.66 112.69 112.75 112.68 112.66 112.64 112.62 112.57 112.58 112.57 112.56 112.55 112.55 112.55 112.55 112.54 112.55 112.55 112.57 112.60 112.62 112.66 112.55 112.39 112.68 112.68 112.66 112.68 112.68 112.62 112.59 112.58 112.57 112.56 112.56 112.55 112.55 112.55
35°N ||     112.54 112.55 112.55 112.55 112.55 112.55 112.55 112.54 112.55 112.54 112.54 112.54 112.54 112.54 112.55 112.54 112.55 112.54 112.57 112.43 112.67 112.67 112.67 112.53 111.79 111.96 111.66 111.27 110.75 110.10 109.51 108.85 108.26 107.97 107.78 107.73 108.19 108.90 110.08 110.77 111.00 111.08 111.15 111.12 110.39 110.64 111.32 111.52 111.23 111.10 111.50 111.39 111.22 111.41 111.88 112.32 112.47 112.54 112.54 112.56 112.57 112.55 112.66 112.63 112.58 112.57 112.57 112.57 112.56 112.55 112.55 112.55 112.55 112.54 112.54 112.55 112.55 112.55 112.55 112.54 112.55 112.55 112.55 112.58 112.60 112.63 112.64 112.66 112.67 112.66 112.68 112.68 112.68 112.65 112.65 112.67 112.65 112.66 112.67 112.66 112.64 112.64 112.63 112.61 112.59 112.46 112.34 112.61 112.31 111.89 112.43 112.00 112.06 111.97 111.86 111.80 112.05 112.20 112.28 112.59 112.62 112.58 112.68 112.67 112.64 112.66 112.68 112.68 112.66 112.64 112.61 112.58 112.57 112.56 112.55 112.55 112.55 112.56 112.58 112.61 112.63 112.66 112.73 112.77 112.80 112.78 112.72 112.71 112.64 112.62 112.59 112.56 112.57 112.55 112.55 112.55 112.55 112.55 112.54 112.55 112.55 112.56 112.56 112.57 112.58 112.59 112.63 112.67 112.68 112.68 112.67 112.64 112.63 112.57 112.56 112.56 112.55 112.55 112.54 112.54
37°N ||     112.55 112.54 112.54 112.55 112.55 112.54 112.54 112.54 112.54 112.54 112.54 112.54 112.54 112.54 112.54 112.54 112.54 112.55 112.55 112.68 112.68 112.66 112.59 112.40 111.95 112.01 111.69 111.31 110.82 109.79 108.66 107.86 107.10 106.65 106.64 107.02 107.43 107.57 108.61 109.97 110.92 111.29 111.33 111.30 111.19 111.03 111.18 111.35 111.50 111.84 111.21 111.06 110.90 110.71 111.35 112.02 112.44 112.52 112.52 112.52 112.55 112.53 112.68 112.62 112.58 112.57 112.57 112.56 112.56 112.55 112.55 112.55 112.55 112.55 112.55 112.55 112.55 112.55 112.55 112.55 112.55 112.55 112.55 112.55 112.55 112.56 112.56 112.57 112.61 112.58 112.67 112.68 112.68 112.68 112.67 112.68 112.65 112.64 112.67 112.63 112.68 112.68 112.67 112.64 112.68 112.64 112.54 112.48 112.38 112.14 112.02 111.92 111.92 111.71 111.73 111.73 111.91 112.39 112.68 112.67 112.63 112.59 112.65 112.61 112.68 112.68 112.67 112.67 112.63 112.61 112.59 112.57 112.56 112.55 112.55 112.55 112.55 112.57 112.59 112.66 112.69 112.76 112.81 112.82 112.84 112.85 112.82 112.75 112.74 112.67 112.64 112.60 112.59 112.57 112.58 112.57 112.56 112.55 112.55 112.54 112.55 112.55 112.56 112.57 112.59 112.59 112.61 112.64 112.66 112.66 112.66 112.62 112.63 112.56 112.56 112.55 112.55 112.55 112.54 112.54
39°N ||     112.55 112.54 112.54 112.55 112.56 112.54 112.54 112.55 112.54 112.54 112.54 112.54 112.54 112.54 112.54 112.55 112.55 112.54 112.55 112.58 112.56 112.55 112.55 112.44 112.44 112.09 111.86 111.52 110.65 109.18 107.80 106.64 105.92 105.83 105.48 105.74 107.00 107.25 107.71 109.01 110.51 111.33 111.48 111.44 111.15 111.26 111.08 110.19 111.30 111.36 111.32 111.13 110.74 110.43 110.82 111.58 112.21 112.40 112.49 112.47 112.63 112.65 112.66 112.66 112.58 112.57 112.56 112.56 112.55 112.55 112.55 112.55 112.55 112.55 112.55 112.56 112.56 112.56 112.56 112.60 112.55 112.55 112.55 112.55 112.55 112.56 112.55 112.56 112.59 112.59 112.61 112.65 112.66 112.66 112.67 112.68 112.68 112.68 112.66 112.67 112.63 112.58 112.64 112.67 112.66 112.65 112.61 112.59 112.53 112.53 112.37 112.03 112.62 111.87 111.91 112.25 112.09 112.30 112.67 112.68 112.68 112.68 112.68 112.67 112.67 112.66 112.65 112.63 112.62 112.59 112.57 112.56 112.56 112.55 112.55 112.55 112.56 112.57 112.62 112.64 112.79 112.85 112.87 112.87 112.87 112.88 112.83 112.81 112.77 112.79 112.70 112.68 112.62 112.61 112.59 112.58 112.57 112.55 112.55 112.55 112.55 112.55 112.56 112.57 112.58 112.58 112.60 112.61 112.62 112.63 112.63 112.67 112.62 112.56 112.55 112.55 112.55 112.55 112.55 112.55
41°N ||     112.55 112.55 112.55 112.55 112.55 112.55 112.54 112.54 112.54 112.54 112.54 112.54 112.54 112.54 112.55 112.54 112.55 112.55 112.56 112.58 112.64 112.68 112.68 112.64 112.52 112.33 112.14 111.61 110.59 108.98 107.45 106.53 106.21 106.13 105.38 105.78 106.86 107.46 108.07 109.40 110.72 111.43 111.51 111.47 110.77 111.36 111.17 110.79 111.12 111.01 111.02 110.85 110.84 110.99 111.25 111.46 111.99 112.39 112.40 112.37 112.55 112.65 112.66 112.67 112.60 112.56 112.56 112.56 112.55 112.55 112.55 112.55 112.55 112.55 112.56 112.57 112.57 112.57 112.57 112.57 112.57 112.57 112.56 112.58 112.59 112.55 112.55 112.55 112.56 112.55 112.59 112.56 112.58 112.61 112.60 112.65 112.67 112.63 112.68 112.64 112.57 112.57 112.58 112.65 112.66 112.56 112.44 112.65 112.67 112.63 112.55 112.60 112.60 112.68 112.47 112.56 112.66 112.47 112.68 112.68 112.68 112.68 112.66 112.65 112.64 112.64 112.62 112.62 112.59 112.57 112.56 112.56 112.55 112.55 112.55 112.56 112.57 112.59 112.69 112.74 112.79 112.87 112.89 112.88 112.87 112.85 112.86 112.84 112.82 112.77 112.73 112.74 112.73 112.68 112.63 112.59 112.57 112.57 112.55 112.55 112.55 112.55 112.55 112.56 112.58 112.58 112.58 112.59 112.59 112.61 112.68 112.65 112.67 112.57 112.55 112.55 112.55 112.54 112.54 112.55
43°N ||     112.55 112.55 112.55 112.55 112.55 112.55 112.54 112.54 112.54 112.54 112.54 112.55 112.55 112.54 112.54 112.55 112.55 112.55 112.57 112.61 112.65 112.68 112.68 112.66 112.59 112.50 112.30 112.03 111.25 110.05 108.60 107.46 106.93 106.77 106.65 106.80 107.41 107.82 109.73 110.98 111.64 111.82 111.66 111.61 111.64 111.11 111.42 110.69 111.07 111.11 111.00 111.16 110.48 111.07 111.69 111.56 111.76 112.25 112.44 112.60 112.59 112.61 112.66 112.67 112.60 112.56 112.55 112.55 112.55 112.55 112.55 112.55 112.56 112.56 112.69 112.57 112.59 112.58 112.59 112.59 112.58 112.58 112.57 112.57 112.57 112.55 112.55 112.55 112.55 112.55 112.55 112.55 112.55 112.56 112.58 112.61 112.63 112.65 112.59 112.58 112.56 112.57 112.62 112.58 112.63 112.59 112.61 112.59 112.59 112.58 112.46 112.67 112.52 112.43 112.66 112.65 112.67 112.67 112.66 112.66 112.66 112.66 112.61 112.61 112.62 112.62 112.61 112.58 112.57 112.56 112.57 112.55 112.55 112.54 112.55 112.56 112.58 112.59 112.68 112.75 112.82 112.86 112.84 112.78 112.87 112.84 112.82 112.78 112.87 112.72 112.73 112.72 112.69 112.67 112.67 112.61 112.58 112.57 112.55 112.55 112.54 112.55 112.56 112.56 112.57 112.57 112.58 112.58 112.58 112.60 112.63 112.66 112.68 112.57 112.55 112.55 112.54 112.54 112.55 112.55
45°N ||     112.55 112.55 112.55 112.55 112.55 112.55 112.55 112.54 112.54 112.54 112.54 112.54 112.54 112.54 112.54 112.55 112.55 112.56 112.59 112.62 112.66 112.68 112.68 112.67 112.65 112.61 112.53 112.37 111.97 111.20 110.56 110.05 109.86 108.21 107.50 107.33 108.01 109.51 110.60 111.44 111.84 112.01 112.00 112.09 112.21 112.32 112.37 112.16 111.45 111.00 110.53 111.00 111.71 111.65 111.65 111.90 112.45 112.33 112.45 112.62 112.66 112.68 112.68 112.64 112.60 112.55 112.55 112.55 112.54 112.55 112.55 112.56 112.57 112.58 112.58 112.61 112.61 112.61 112.64 112.64 112.59 112.60 112.59 112.58 112.57 112.57 112.56 112.56 112.55 112.55 112.55 112.55 112.55 112.55 112.55 112.55 112.58 112.60 112.57 112.57 112.60 112.63 112.65 112.58 112.63 112.58 112.58 112.58 112.60 112.66 112.56 112.66 112.67 112.68 112.65 112.67 112.68 112.66 112.65 112.64 112.64 112.62 112.61 112.59 112.59 112.58 112.58 112.57 112.56 112.56 112.55 112.55 112.55 112.55 112.56 112.57 112.60 112.66 112.69 112.75 112.80 112.86 112.86 112.86 112.85 112.80 112.82 112.82 112.80 112.79 112.74 112.77 112.74 112.64 112.67 112.65 112.60 112.57 112.55 112.55 112.55 112.55 112.56 112.56 112.56 112.57 112.57 112.57 112.57 112.57 112.58 112.61 112.67 112.56 112.56 112.55 112.55 112.55 112.55 112.55
47°N ||     112.55 112.55 112.55 112.55 112.55 112.55 112.55 112.55 112.54 112.55 112.55 112.54 112.54 112.54 112.55 112.55 112.56 112.57 112.60 112.62 112.66 112.67 112.68 112.68 112.68 112.67 112.63 112.60 112.51 112.33 112.09 111.97 111.97 111.92 110.92 110.70 111.35 111.66 111.74 111.80 111.97 112.06 112.05 112.11 112.27 112.40 112.41 112.38 111.40 111.10 111.60 111.97 112.45 112.25 112.34 112.60 112.47 112.58 112.49 112.61 112.67 112.68 112.64 112.59 112.56 112.55 112.55 112.55 112.55 112.55 112.56 112.57 112.58 112.59 112.60 112.59 112.58 112.56 112.64 112.65 112.63 112.65 112.61 112.61 112.59 112.58 112.58 112.57 112.56 112.55 112.55 112.55 112.55 112.55 112.55 112.55 112.55 112.56 112.56 112.55 112.56 112.57 112.55 112.57 112.60 112.57 112.61 112.60 112.58 112.62 112.66 112.63 112.63 112.61 112.61 112.67 112.65 112.63 112.62 112.61 112.60 112.59 112.58 112.59 112.57 112.57 112.57 112.56 112.56 112.55 112.55 112.55 112.54 112.55 112.61 112.62 112.60 112.64 112.69 112.74 112.79 112.85 112.85 112.83 112.83 112.81 112.80 112.80 112.75 112.80 112.78 112.76 112.71 112.71 112.70 112.63 112.58 112.56 112.55 112.57 112.55 112.55 112.55 112.55 112.56 112.56 112.56 112.56 112.56 112.56 112.56 112.57 112.57 112.56 112.56 112.55 112.55 112.55 112.55 112.55
49°N ||     112.55 112.55 112.55 112.55 112.55 112.55 112.55 112.55 112.55 112.55 112.55 112.54 112.54 112.55 112.55 112.55 112.57 112.58 112.60 112.62 112.64 112.65 112.67 112.68 112.68 112.68 112.67 112.66 112.65 112.62 112.59 112.55 112.50 112.45 112.37 112.40 112.42 112.39 112.22 112.11 112.09 112.21 112.19 112.01 112.15 112.30 112.32 112.31 112.59 111.72 112.66 112.64 112.62 112.66 112.67 112.62 112.63 112.64 112.62 112.65 112.68 112.65 112.60 112.57 112.56 112.55 112.55 112.55 112.55 112.57 112.57 112.58 112.59 112.60 112.61 112.62 112.63 112.66 112.68 112.68 112.68 112.65 112.65 112.63 112.62 112.60 112.60 112.58 112.57 112.57 112.56 112.55 112.55 112.55 112.54 112.54 112.55 112.55 112.55 112.55 112.56 112.55 112.57 112.58 113.17 112.64 112.59 112.56 112.57 112.60 112.61 112.60 112.61 112.61 112.63 112.59 112.60 112.59 112.58 112.59 112.59 112.58 112.57 112.57 112.57 112.56 112.57 112.56 112.56 112.55 112.55 112.54 112.55 112.55 112.59 112.61 112.59 112.65 112.66 112.73 112.77 112.80 112.83 112.82 112.80 112.81 112.80 112.79 112.77 112.72 112.78 112.74 112.69 112.65 112.65 112.59 112.57 112.56 112.55 112.58 112.57 112.54 112.55 112.55 112.55 112.55 112.55 112.55 112.56 112.55 112.56 112.55 112.59 112.57 112.55 112.55 112.55 112.55 112.55 112.55
51°N ||     112.55 112.55 112.55 112.55 112.55 112.55 112.55 112.55 112.55 112.55 112.55 112.54 112.55 112.55 112.55 112.56 112.57 112.59 112.60 112.62 112.65 112.65 112.66 112.67 112.68 112.68 112.68 112.68 112.67 112.67 112.65 112.63 112.60 112.57 112.57 112.58 112.53 112.50 112.40 112.30 112.25 112.28 112.32 112.36 112.31 112.44 112.56 112.65 112.68 112.66 112.64 112.62 112.60 112.59 112.59 112.63 112.67 112.66 112.68 112.65 112.63 112.59 112.56 112.55 112.55 112.55 112.55 112.55 112.56 112.57 112.59 112.62 112.64 112.64 112.66 112.67 112.68 112.65 112.76 112.79 112.69 112.69 112.70 112.60 112.66 112.63 112.59 112.59 112.60 112.58 112.58 112.57 112.56 112.55 112.55 112.55 112.55 112.55 112.56 112.55 112.55 112.55 112.56 112.91 113.32 112.55 112.62 112.56 112.57 112.58 112.58 112.58 112.58 112.58 112.57 112.58 112.57 112.58 112.57 112.57 112.57 112.56 112.57 112.57 112.56 112.56 112.56 112.56 112.55 112.55 112.55 112.54 112.55 112.55 112.57 112.57 112.61 112.63 112.69 112.72 112.75 112.78 112.82 112.81 112.82 112.81 112.78 112.80 112.79 112.76 112.74 112.70 112.69 112.62 112.57 112.58 112.57 112.56 112.55 112.55 112.55 112.54 112.55 112.55 112.55 112.55 112.55 112.55 112.55 112.55 112.55 112.55 112.55 112.55 112.55 112.55 112.55 112.55 112.55 112.55
53°N ||     112.55 112.55 112.55 112.55 112.55 112.55 112.55 112.55 112.55 112.55 112.54 112.54 112.55 112.55 112.56 112.57 112.59 112.59 112.60 112.61 112.62 112.63 112.65 112.66 112.67 112.67 112.68 112.68 112.68 112.68 112.67 112.67 112.66 112.65 112.65 112.64 112.64 112.60 112.54 112.48 112.43 112.43 112.46 112.50 112.58 112.64 112.67 112.68 112.67 112.64 112.62 112.60 112.59 112.58 112.58 112.57 112.65 112.62 112.67 112.59 112.55 112.55 112.55 112.55 112.55 112.55 112.56 112.57 112.59 112.60 112.65 112.67 112.68 112.69 112.71 112.74 112.74 112.73 112.76 112.74 112.71 112.74 112.71 112.73 112.69 112.74 112.71 112.64 112.63 112.59 112.59 112.58 112.57 112.56 112.55 112.55 112.55 112.64 112.55 112.55 112.55 112.55 112.55 112.55 112.57 112.57 112.57 112.55 112.56 112.56 112.56 112.56 112.57 112.56 112.56 112.56 112.56 112.55 112.56 112.56 112.56 112.56 112.57 112.56 112.56 112.56 112.56 112.56 112.55 112.55 112.55 112.54 112.55 112.55 112.55 112.56 112.58 112.60 112.62 112.65 112.66 112.70 112.71 112.75 112.76 112.77 112.74 112.74 112.69 112.69 112.69 112.69 112.62 112.58 112.57 112.56 112.57 112.56 112.55 112.55 112.55 112.54 112.55 112.55 112.55 112.55 112.55 112.55 112.55 112.55 112.55 112.55 112.55 112.55 112.55 112.54 112.55 112.55 112.55 112.55
55°N ||     112.55 112.55 112.55 112.55 112.55 112.55 112.55 112.55 112.55 112.55 112.54 112.55 112.55 112.55 112.55 112.57 112.74 112.60 112.59 112.60 112.61 112.62 112.63 112.63 112.65 112.66 112.67 112.68 112.68 112.68 112.68 112.68 112.68 112.68 112.68 112.68 112.67 112.67 112.65 112.63 112.60 112.60 112.58 112.60 112.64 112.67 112.68 112.62 112.62 112.60 112.59 112.59 112.60 112.57 112.57 112.56 112.55 112.55 112.55 112.55 112.55 112.55 112.56 112.56 112.57 112.58 112.59 112.62 112.64 112.67 112.71 112.73 112.73 112.76 112.77 112.75 112.77 112.77 112.79 112.82 112.74 112.75 112.77 112.74 112.78 112.73 112.68 112.67 112.63 112.63 112.61 112.60 112.58 112.57 112.56 112.56 112.56 112.55 112.55 112.55 112.55 112.54 112.55 112.55 112.55 112.55 112.55 112.55 112.55 112.55 112.55 112.55 112.55 112.55 112.55 112.55 112.55 112.55 112.55 112.55 112.55 112.56 112.56 112.56 112.56 112.56 112.56 112.55 112.55 112.55 112.55 112.54 112.55 112.55 112.55 112.56 112.57 112.58 112.58 112.59 112.61 112.63 112.64 112.67 112.68 112.66 112.67 112.67 112.60 112.61 112.63 112.60 112.59 112.57 112.57 112.57 112.56 112.56 112.56 112.55 112.55 112.55 112.54 112.54 112.55 112.55 112.55 112.55 112.55 112.55 112.55 112.55 112.55 112.55 112.54 112.64 112.55 112.55 112.56 112.56
57°N ||     112.56 112.56 112.55 112.55 112.55 112.55 112.55 112.55 112.55 112.55 112.54 112.55 112.55 112.55 112.55 112.55 112.58 112.57 112.58 112.58 112.59 112.60 112.61 112.62 112.63 112.64 112.65 112.66 112.66 112.67 112.67 112.68 112.68 112.68 112.68 112.68 112.68 112.68 112.68 112.68 112.67 112.67 112.66 112.67 112.68 112.68 112.67 112.64 112.61 112.59 112.58 112.58 112.57 112.56 112.56 112.55 112.55 112.54 112.55 112.55 112.57 112.57 112.58 112.59 112.61 112.62 112.65 112.68 112.70 112.74 112.74 112.96 112.80 112.80 112.81 112.83 112.82 112.80 112.81 112.80 112.79 112.84 112.76 112.77 112.61 113.16 112.71 112.69 112.68 112.65 112.66 112.61 112.59 112.58 112.58 112.57 112.57 112.56 112.55 112.55 112.55 112.55 112.54 112.55 112.55 112.55 112.55 112.55 112.55 112.55 112.55 112.55 112.55 112.55 112.55 112.54 112.54 112.54 112.55 112.55 112.55 112.55 112.55 112.56 112.56 112.55 112.56 112.55 112.55 112.55 112.55 112.55 112.55 112.55 112.55 112.55 112.56 112.56 112.57 112.56 112.58 112.58 112.59 112.62 112.62 112.61 112.60 112.61 112.60 112.59 112.59 112.58 112.59 112.58 112.57 112.57 112.56 112.56 112.56 112.55 112.55 112.55 112.55 112.55 112.54 112.54 112.54 112.55 112.55 112.55 112.55 112.55 112.54 112.54 112.55 112.55 112.55 112.55 112.55 112.55
59°N ||     112.56 112.56 112.56 112.55 112.55 112.55 112.55 112.55 112.55 112.55 112.55 112.55 112.54 112.55 112.55 112.55 112.55 112.56 112.56 112.57 112.58 112.58 112.59 112.60 112.60 112.61 112.61 112.62 112.63 112.64 112.64 112.65 112.66 112.65 112.65 112.66 112.66 112.66 112.67 112.68 112.68 112.68 112.68 112.67 112.66 112.64 112.62 112.61 112.59 112.58 112.57 112.56 112.56 112.55 112.55 112.55 112.55 112.55 112.55 112.57 112.60 112.60 112.65 112.67 112.67 112.69 112.73 112.75 112.76 112.76 112.80 112.80 112.81 112.84 112.85 112.85 112.83 112.86 112.88 112.87 112.83 112.82 112.82 112.80 112.78 112.77 112.76 112.75 112.72 112.68 112.64 112.65 112.61 112.61 112.58 112.58 112.58 112.57 112.56 112.55 112.55 112.55 112.55 112.55 112.55 112.55 112.55 112.55 112.54 112.54 112.55 112.55 112.55 112.55 112.54 112.55 112.55 112.55 112.55 112.55 112.55 112.55 112.55 112.55 112.55 112.55 112.55 112.55 112.55 112.55 112.55 112.55 112.54 112.55 112.55 112.55 112.55 112.55 112.55 112.56 112.57 112.56 112.57 112.58 112.58 112.57 112.58 112.58 112.58 112.58 112.58 112.58 112.58 112.57 112.57 112.57 112.57 112.56 112.56 112.55 112.56 112.55 112.55 112.55 112.55 112.54 112.55 112.55 112.55 112.54 112.54 112.54 112.55 112.55 112.55 112.55 112.55 112.56 112.55 112.55
61°N ||     112.56 112.56 112.56 112.56 112.56 112.56 112.55 112.55 112.55 112.55 112.55 112.55 112.55 112.54 112.55 112.55 112.55 112.55 112.55 112.56 112.57 112.57 112.57 112.58 112.58 112.58 112.59 112.60 112.60 112.60 112.60 112.61 112.61 112.61 112.61 112.62 112.62 112.62 112.62 112.61 112.63 112.63 112.63 112.62 112.62 112.61 112.60 112.58 112.57 112.56 112.56 112.55 112.55 112.54 112.55 112.55 112.56 112.56 112.58 112.59 112.63 112.68 112.71 112.73 112.76 112.96 112.74 112.82 112.83 112.83 112.87 112.82 112.86 112.91 112.93 112.92 112.91 112.91 112.88 112.89 112.87 112.87 112.85 112.86 112.83 112.81 112.78 112.76 112.73 112.71 112.68 112.66 112.65 112.62 112.62 112.62 112.58 112.57 112.57 112.56 112.56 112.55 112.55 112.55 112.55 112.55 112.55 112.55 112.55 112.55 112.55 112.55 112.55 112.55 112.55 112.55 112.55 112.55 112.55 112.54 112.54 112.54 112.55 112.55 112.55 112.55 112.55 112.55 112.55 112.55 112.55 112.55 112.55 112.56 112.55 112.55 112.55 112.55 112.55 112.55 112.56 112.55 112.56 112.56 112.57 112.56 112.56 112.56 112.57 112.57 112.57 112.57 112.57 112.56 112.57 112.57 112.56 112.56 112.56 112.56 112.55 112.55 112.55 112.55 112.55 112.55 112.55 112.55 112.54 112.55 112.55 112.55 112.55 112.55 112.55 112.55 112.55 112.55 112.55 112.55
63°N ||     112.56 112.56 112.56 112.83 112.56 112.56 112.56 112.56 112.56 112.55 112.55 112.55 112.55 112.55 112.55 112.54 112.55 112.55 112.55 112.55 112.56 112.55 112.56 112.56 112.56 112.56 112.57 112.57 112.57 112.57 112.58 112.58 112.58 112.58 112.59 112.59 112.59 112.59 112.59 112.59 112.59 112.59 112.59 112.58 112.58 112.57 112.57 112.56 112.55 112.55 112.55 112.55 112.55 112.55 112.56 112.57 112.58 112.60 112.64 112.65 112.69 112.73 112.78 112.82 112.82 112.83 112.89 112.88 112.87 112.87 112.90 112.88 112.91 112.91 112.92 112.94 112.92 112.90 112.89 112.92 112.90 112.90 112.86 112.84 112.82 112.74 112.75 112.74 112.73 112.72 112.71 112.68 112.64 112.63 112.64 112.58 112.58 112.58 112.57 112.57 112.56 112.56 112.56 112.56 112.56 112.55 112.55 112.55 112.55 112.55 112.56 112.55 112.56 112.55 112.55 112.55 112.55 112.55 112.55 112.55 112.55 112.55 112.55 112.54 112.55 112.55 112.55 112.55 112.55 112.55 112.55 112.55 112.55 112.55 112.55 112.54 112.55 112.55 112.55 112.55 112.55 112.55 112.55 112.56 112.55 112.56 112.56 112.56 112.56 112.56 112.56 112.56 112.57 112.57 112.57 112.56 112.56 112.56 112.56 112.56 112.56 112.56 112.56 112.55 112.55 112.55 112.55 112.55 112.55 112.55 112.55 112.55 112.55 112.55 112.55 112.56 112.56 112.56 112.56 112.56
65°N ||     112.57 112.58 112.57 112.58 112.58 112.57 112.57 112.57 112.56 112.56 112.56 112.56 112.56 112.55 112.61 112.55 112.55 112.55 112.55 112.55 112.54 112.55 112.55 112.55 112.55 112.55 112.55 112.55 112.55 112.55 112.56 112.56 112.56 112.56 112.57 112.57 112.57 112.57 112.57 112.57 112.57 112.57 112.56 112.56 112.55 112.55 112.55 112.55 112.54 112.55 112.55 112.55 112.56 112.58 112.60 112.65 112.69 112.75 112.77 112.78 112.79 112.84 112.86 112.85 112.90 112.91 112.92 112.89 112.91 112.93 112.89 112.90 112.93 112.94 112.94 112.95 112.95 112.92 112.93 112.92 112.93 112.90 112.88 112.78 113.37 114.47 112.65 112.73 112.76 112.73 112.74 112.69 112.69 112.64 112.63 112.61 112.59 112.59 112.59 112.58 112.57 112.57 112.57 112.56 112.57 112.56 112.56 112.56 112.56 112.56 112.56 112.56 112.57 112.56 112.55 112.55 112.56 112.55 112.55 112.56 112.55 112.55 112.55 112.55 112.55 112.55 112.54 112.55 112.55 112.55 112.55 112.55 112.55 112.55 112.54 112.55 112.54 112.54 112.55 112.55 112.55 112.55 112.55 112.55 112.55 112.55 112.55 112.55 112.55 112.55 112.56 112.56 112.56 112.56 112.56 112.56 112.56 112.57 112.56 112.56 112.56 112.56 112.56 112.56 112.56 112.56 112.56 112.55 112.56 112.55 112.56 112.56 112.56 112.56 112.56 112.56 112.56 112.56 112.60 112.55
67°N ||     112.59 112.59 112.60 112.59 112.59 112.60 112.60 112.58 112.59 112.58 112.57 112.57 112.57 112.56 112.56 112.56 112.56 112.56 112.55 112.55 112.55 112.55 112.55 112.55 112.55 112.55 112.55 112.54 112.55 112.55 112.55 112.55 112.55 112.55 112.57 112.55 112.55 112.55 112.56 112.55 112.55 112.55 112.55 112.55 112.55 112.54 112.55 112.55 112.55 112.56 112.57 112.60 112.63 112.68 112.74 112.79 112.86 112.90 112.95 113.00 113.01 113.00 112.96 112.94 112.95 112.94 112.93 112.94 112.97 112.95 112.96 112.96 112.95 112.97 112.97 112.95 112.94 112.90 112.96 112.95 112.94 112.91 112.86 112.84 112.83 112.78 112.77 112.78 112.76 112.77 112.74 112.71 112.70 112.67 112.66 112.63 112.62 112.61 112.59 112.58 112.58 112.58 112.58 112.57 112.57 112.57 112.57 112.56 112.56 112.56 112.56 112.57 112.57 112.57 112.57 112.57 112.56 112.56 112.56 112.56 112.56 112.55 112.55 112.55 112.55 112.55 112.55 112.55 112.54 112.54 112.55 112.55 112.55 112.55 112.55 112.55 112.55 112.54 112.55 112.55 112.55 112.55 112.55 112.55 112.55 112.55 112.55 112.55 112.55 112.55 112.55 112.56 112.56 112.56 112.56 112.56 112.56 112.57 112.57 112.57 112.56 112.56 112.56 112.57 112.56 112.56 112.57 112.57 112.57 112.57 112.57 112.57 112.58 112.57 112.57 112.57 112.57 112.58 112.58 112.59
69°N ||     112.59 112.63 112.63 112.62 112.63 112.63 112.62 112.63 112.60 112.64 112.61 112.60 112.60 112.60 112.58 112.57 112.57 112.58 112.58 112.57 112.57 112.57 112.57 112.56 112.56 112.56 112.55 112.55 112.55 112.55 112.55 112.55 112.55 112.55 112.55 112.55 112.55 112.55 112.55 112.55 112.55 112.55 112.55 112.55 112.55 112.56 112.57 112.58 112.62 112.66 112.69 112.72 112.74 112.78 112.82 112.87 112.90 112.92 112.96 112.97 112.97 112.98 112.97 112.96 112.95 112.96 112.97 112.97 112.95 112.98 112.98 112.97 113.00 112.99 112.94 112.96 112.96 112.93 112.94 112.92 112.90 112.89 112.90 112.87 112.82 112.83 112.78 112.77 112.76 112.74 112.74 112.71 112.68 112.68 112.68 112.63 112.63 112.63 112.61 112.61 112.60 112.59 112.59 112.58 112.58 112.59 112.58 112.58 112.58 112.58 112.56 112.57 112.57 112.57 112.58 112.57 112.57 112.57 112.57 112.56 112.56 112.56 112.56 112.56 112.55 112.55 112.55 112.55 112.55 112.55 112.55 112.54 112.54 112.54 112.55 112.55 112.55 112.54 112.54 112.54 112.55 112.55 112.55 112.55 112.55 112.55 112.55 112.55 112.55 112.55 112.55 112.55 112.55 112.56 112.56 112.56 112.56 112.57 112.58 112.57 112.57 112.57 112.57 112.58 112.58 112.58 112.58 112.59 112.59 112.58 112.58 112.59 112.60 112.60 112.63 112.62 112.61 112.62 112.61 112.59
71°N ||     112.67 112.69 112.71 112.68 112.66 112.68 112.95 112.64 112.67 112.68 112.64 112.65 112.66 112.64 112.67 112.67 112.67 112.64 112.68 112.61 112.59 112.62 112.61 112.60 112.58 112.58 112.57 112.57 112.57 112.56 112.56 112.56 112.56 112.55 112.56 112.56 112.55 112.55 112.56 112.56 112.56 112.56 112.57 112.57 112.58 112.60 112.62 112.67 112.70 112.74 112.77 112.80 112.80 112.80 112.83 112.84 112.85 112.87 112.89 112.89 112.87 112.90 112.90 112.92 112.97 112.94 112.95 112.96 113.00 112.97 112.98 112.97 112.96 112.98 112.95 112.93 112.93 112.95 112.93 112.91 112.89 112.89 112.87 112.85 112.82 112.81 112.80 112.79 112.77 112.74 112.70 112.68 112.69 112.70 112.67 112.67 112.65 112.64 112.64 112.62 112.60 112.59 112.59 112.59 112.59 112.59 112.59 112.58 112.59 112.58 112.59 112.58 112.58 112.58 112.57 112.58 112.57 112.57 112.56 112.57 112.56 112.56 112.56 112.56 112.56 112.56 112.55 112.55 112.55 112.55 112.55 112.55 112.55 112.55 112.55 112.55 112.54 112.54 112.54 112.55 112.55 112.55 112.55 112.54 112.54 112.55 112.55 112.55 112.55 112.55 112.55 112.55 112.55 112.55 112.56 112.56 112.57 112.57 112.58 112.58 112.58 112.58 112.59 112.59 112.59 112.61 112.60 112.61 112.59 112.62 112.62 112.62 112.60 112.63 112.64 112.65 112.68 112.64 112.66 112.66
73°N ||     112.74 112.76 112.76 112.75 112.72 112.77 112.78 112.76 112.76 112.77 112.80 112.76 112.76 112.72 112.80 112.74 112.73 112.72 112.70 112.70 112.71 112.64 112.64 112.66 112.63 112.66 112.63 112.74 112.67 112.64 112.66 112.62 112.60 112.59 112.58 112.59 112.58 112.58 112.59 112.61 112.62 112.64 112.65 112.66 112.69 112.71 112.72 112.74 112.76 112.78 112.81 112.86 112.85 112.85 112.85 112.84 112.83 112.83 112.81 112.83 112.85 112.86 112.88 112.87 112.89 112.92 112.93 112.92 112.91 112.93 112.96 112.98 112.98 112.93 112.96 112.96 112.97 112.93 112.91 112.87 112.88 112.86 112.84 112.82 112.83 112.82 112.80 112.78 112.76 112.76 112.73 112.68 112.68 112.68 112.68 112.64 112.65 112.64 112.63 112.64 112.62 112.62 112.61 112.59 112.60 112.60 112.59 112.58 112.58 112.58 112.58 112.59 112.59 112.59 112.58 112.59 112.59 112.58 112.57 112.57 112.57 112.57 112.57 112.56 112.56 112.56 112.56 112.56 112.55 112.55 112.55 112.55 112.55 112.55 112.55 112.55 112.55 112.55 112.55 112.55 112.55 112.55 112.55 112.55 112.55 112.55 112.55 112.55 112.55 112.55 112.55 112.56 112.56 112.56 112.56 112.56 112.57 112.58 112.58 112.58 112.60 112.59 112.60 112.61 112.63 112.65 112.63 112.65 112.67 112.68 112.58 113.19 112.61 112.56 112.68 112.70 112.74 112.73 112.68 112.72
75°N ||     112.78 112.81 112.79 112.80 112.80 112.85 112.79 112.82 112.83 112.82 112.84 112.81 112.81 112.85 112.81 112.83 112.83 112.76 112.79 112.81 112.78 112.82 112.84 112.87 112.81 112.74 112.75 112.75 112.67 112.69 112.70 112.68 112.72 112.74 112.76 112.70 112.69 112.70 112.66 112.70 112.70 112.71 112.75 112.74 112.74 112.72 112.75 112.77 112.79 112.82 112.85 112.85 112.85 112.86 112.86 112.91 112.85 112.85 112.86 112.86 112.89 112.91 112.93 112.93 112.93 112.92 112.90 112.91 112.93 112.90 112.94 112.94 112.94 112.94 112.93 112.95 112.92 112.92 112.88 112.89 112.86 112.86 112.83 112.89 112.81 112.79 112.77 112.75 112.75 112.75 112.72 112.72 112.70 112.68 112.69 112.68 112.70 112.65 112.63 112.63 112.62 112.62 112.62 112.60 112.61 112.61 112.61 112.60 112.59 112.60 112.59 112.59 112.59 112.59 112.59 112.59 112.58 112.59 112.58 112.58 112.58 112.57 112.57 112.58 112.58 112.57 112.56 112.56 112.56 112.56 112.56 112.56 112.56 112.56 112.55 112.55 112.55 112.55 112.55 112.55 112.55 112.55 112.55 112.55 112.55 112.56 112.56 112.56 112.56 112.56 112.56 112.56 112.56 112.57 112.57 112.57 112.57 112.58 112.59 112.60 112.60 112.62 112.63 112.65 112.66 112.66 112.66 112.67 112.69 112.71 112.71 112.73 112.71 112.79 112.80 112.81 112.81 112.81 112.79 112.76
77°N ||     112.87 112.82 112.73 112.69 112.74 112.84 112.81 112.68 112.68 112.82 112.86 112.86 112.87 112.85 112.85 112.78 112.75 112.77 112.69 112.78 112.71 112.75 112.91 113.02 112.85 112.78 112.77 112.82 112.79 112.78 112.78 112.77 112.79 112.76 112.66 112.75 112.72 112.75 112.74 112.73 112.78 112.77 112.74 112.74 112.77 112.80 112.81 112.82 112.84 112.85 112.86 112.87 112.83 112.90 112.91 112.93 112.94 112.94 112.94 112.94 112.95 112.73 112.73 112.86 112.91 112.90 112.89 112.91 112.88 112.88 112.90 112.91 112.91 112.91 112.89 112.89 112.88 112.89 112.90 112.89 112.87 112.84 112.83 112.82 112.82 112.80 112.75 112.74 112.77 112.75 112.76 112.74 112.71 112.68 112.68 112.69 112.69 112.68 112.67 112.66 112.65 112.65 112.63 112.66 112.63 112.63 112.62 112.62 112.62 112.61 112.61 112.61 112.59 112.59 112.59 112.59 112.59 112.58 112.58 112.57 112.58 112.58 112.58 112.58 112.58 112.58 112.58 112.58 112.57 112.57 112.57 112.57 112.56 112.56 112.55 112.56 112.56 112.56 112.56 112.56 112.56 112.56 112.56 112.56 112.56 112.56 112.56 112.56 112.56 112.56 112.57 112.57 112.57 112.57 112.58 112.58 112.58 112.59 112.59 112.60 112.60 112.62 112.65 112.67 112.67 112.68 112.69 112.72 112.72 112.71 112.74 112.72 112.73 112.76 112.75 112.82 112.87 112.86 112.82 112.85
79°N ||     112.78 112.74 112.73 112.77 112.78 112.76 112.75 112.74 112.76 112.75 112.75 112.70 112.78 112.77 112.78 112.81 112.81 112.83 112.83 112.80 112.80 112.84 112.83 112.84 112.86 112.87 112.84 112.76 112.78 112.74 112.76 112.77 112.78 112.78 112.77 112.79 112.77 112.81 112.80 112.80 112.80 112.81 112.81 112.79 112.77 112.78 112.79 112.81 112.82 112.85 112.88 112.86 112.88 112.89 112.91 112.92 112.90 112.92 112.95 112.95 112.96 112.98 112.97 112.98 112.96 112.96 112.99 112.96 112.93 112.90 112.88 112.87 112.84 112.85 112.85 112.80 112.78 112.80 112.84 112.84 112.80 112.82 112.77 112.66 112.70 112.81 112.59 112.64 112.72 112.55 112.56 112.62 112.59 112.56 112.60 112.55 112.57 112.63 112.61 112.58 112.60 112.59 112.59 112.62 112.63 112.62 112.62 112.63 112.63 112.62 112.62 112.62 112.61 112.61 112.59 112.60 112.60 112.59 112.59 112.57 112.70 112.57 112.58 112.58 112.58 112.58 112.58 112.58 112.58 112.58 112.58 112.58 112.58 112.58 112.58 112.58 112.58 112.58 112.57 112.57 112.57 112.57 112.56 112.57 112.57 112.56 112.56 112.56 112.56 112.57 112.57 112.57 112.57 112.58 112.58 112.59 112.59 112.60 112.59 112.60 112.61 112.63 112.64 112.66 112.67 112.69 112.68 112.68 112.69 112.74 112.74 112.75 112.75 112.76 112.77 112.75 112.75 112.80 112.80 112.79
81°N ||     112.57 112.57 112.57 112.58 112.57 112.57 112.57 112.57 112.57 112.58 112.58 112.58 112.58 112.58 112.59 112.59 112.59 112.60 112.60 112.60 112.61 112.61 112.62 112.63 112.64 112.66 112.69 112.72 112.72 112.74 112.77 112.73 112.74 112.80 112.65 112.66 112.61 112.66 112.56 112.59 112.65 112.66 112.75 112.76 112.76 112.79 112.82 112.81 112.74 112.72 112.59 112.59 112.57 112.60 112.72 112.67 112.74 112.73 112.70 112.71 112.81 112.74 112.76 112.76 112.79 112.81 112.85 112.72 112.67 112.61 112.59 112.66 112.56 112.59 112.58 112.55 112.55 112.55 112.55 112.55 112.56 112.57 112.56 112.57 112.57 112.57 112.59 112.59 112.59 112.60 112.59 112.58 112.61 112.61 112.59 112.60 112.60 112.62 112.62 112.61 112.58 112.57 112.57 112.57 112.58 112.58 112.59 112.59 112.57 112.57 112.56 112.55 112.55 112.60 112.56 112.57 112.56 112.56 112.58 112.55 112.55 112.55 112.55 112.55 112.56 112.58 112.55 112.55 112.56 112.56 112.56 112.56 112.56 112.56 112.56 112.56 112.57 112.57 112.58 112.58 112.58 112.58 112.58 112.58 112.58 112.58 112.58 112.58 112.59 112.59 112.59 112.60 112.60 112.61 112.61 112.61 112.61 112.62 112.62 112.61 112.62 112.62 112.63 112.63 112.64 112.63 112.63 112.62 112.62 112.60 112.59 112.59 112.59 112.59 112.59 112.58 112.57 112.57 112.57 112.57
83°N ||     112.55 112.55 112.55 112.55 112.55 112.55 112.55 112.55 112.55 112.55 112.55 112.55 112.55 112.55 112.56 112.56 112.56 112.56 112.57 112.57 112.57 112.57 112.57 112.57 112.57 112.56 112.58 112.57 112.61 112.55 112.56 112.55 112.55 112.55 112.56 112.56 112.55 112.55 112.56 112.56 112.56 112.56 112.57 112.58 112.58 112.56 112.56 112.57 112.56 112.56 112.55 112.55 112.55 112.55 112.55 112.55 112.55 112.56 112.56 112.56 112.56 112.56 112.55 112.62 112.68 112.72 112.77 112.81 112.80 112.69 112.64 112.57 112.55 112.55 112.55 112.55 112.55 112.56 112.56 112.56 112.57 112.57 112.58 112.58 112.59 112.59 112.60 112.60 112.60 112.60 112.60 112.60 112.61 112.61 112.61 112.61 112.62 112.62 112.62 112.62 112.63 112.63 112.63 112.63 112.64 112.64 112.64 112.64 112.64 112.63 112.61 112.59 112.60 112.59 112.60 112.59 112.58 112.58 112.58 112.59 112.59 112.59 112.57 112.58 112.58 112.59 112.58 112.58 112.58 112.58 112.59 112.59 112.58 112.56 112.57 112.57 112.57 112.58 112.57 112.57 112.56 112.56 112.56 112.56 112.56 112.55 112.57 112.60 112.61 112.60 112.59 112.59 112.59 112.59 112.60 112.60 112.60 112.60 112.59 112.58 112.58 112.58 112.58 112.57 112.57 112.57 112.57 112.56 112.56 112.56 112.56 112.56 112.56 112.55 112.55 112.55 112.55 112.55 112.55 112.55
85°N ||     112.56 112.55 112.56 112.58 112.59 112.65 112.58 112.57 112.58 112.59 112.57 112.55 112.56 112.56 112.58 112.57 112.59 112.61 112.61 112.61 112.61 112.59 112.56 112.57 112.58 112.57 112.55 112.57 112.58 112.56 112.59 112.63 112.62 112.59 112.62 112.63 112.63 112.63 112.63 112.62 112.62 112.61 112.62 112.63 112.62 112.63 112.64 112.64 112.64 112.62 112.62 112.62 112.62 112.60 112.60 112.61 112.61 112.61 112.60 112.60 112.59 112.60 112.58 112.59 112.60 112.60 112.58 112.58 112.57 112.58 112.59 112.59 112.56 112.56 112.57 112.60 112.64 112.70 112.73 112.71 112.70 112.63 112.55 112.55 112.57 112.57 112.57 112.57 112.57 112.57 112.69 112.73 112.58 112.60 112.60 112.60 112.60 112.61 112.62 112.63 112.63 112.62 112.63 112.63 112.64 112.64 112.64 112.64 112.65 112.65 112.65 112.65 112.65 112.65 112.65 112.64 112.64 112.64 112.64 112.64 112.64 112.64 112.64 112.64 112.64 112.64 112.64 112.64 112.64 112.64 112.64 112.64 112.64 112.64 112.64 112.64 112.63 112.63 112.63 112.61 112.63 112.63 112.63 112.60 112.60 112.59 112.58 112.56 112.58 112.60 112.58 112.60 112.57 112.57 112.56 112.56 112.57 112.56 112.55 112.55 112.55 112.57 112.56 112.55 112.55 112.57 112.56 112.61 112.56 112.62 112.57 112.55 112.55 112.55 112.55 112.55 112.56 112.55 112.55 112.56
87°N ||     112.66 112.65 112.66 112.65 112.65 112.65 112.65 112.65 112.67 112.67 112.67 112.67 112.66 112.66 112.67 112.67 112.67 112.67 112.67 112.67 112.67 112.66 112.66 112.68 112.68 112.68 112.67 112.67 112.67 112.67 112.67 112.67 112.68 112.67 112.67 112.68 112.68 112.68 112.68 112.68 112.68 112.68 112.68 112.68 112.68 112.68 112.68 112.68 112.68 112.68 112.68 112.68 112.68 112.68 112.68 112.67 112.67 112.67 112.66 112.66 112.67 112.67 112.67 112.67 112.68 112.68 112.68 112.68 112.67 112.67 112.66 112.63 112.63 112.63 112.64 112.64 112.64 112.64 112.65 112.64 112.65 112.66 112.66 112.66 112.65 112.66 112.65 112.64 112.65 112.65 112.66 112.66 112.66 112.66 112.67 112.67 112.67 112.67 112.67 112.67 112.67 112.67 112.67 112.67 112.67 112.68 112.68 112.68 112.68 112.68 112.68 112.68 112.68 112.68 112.68 112.68 112.68 112.68 112.68 112.67 112.68 112.68 112.67 112.67 112.66 112.66 112.67 112.68 112.67 112.67 112.67 112.67 112.68 112.68 112.68 112.68 112.68 112.67 112.67 112.67 112.67 112.67 112.67 112.67 112.66 112.67 112.67 112.67 112.67 112.68 112.67 112.68 112.67 112.67 112.68 112.68 112.68 112.66 112.67 112.66 112.67 112.66 112.66 112.65 112.65 112.65 112.65 112.65 112.65 112.65 112.65 112.65 112.64 112.64 112.64 112.64 112.65 112.64 112.64 112.65
89°N ||     112.68 112.68 112.68 112.68 112.68 112.68 112.68 112.68 112.68 112.68 112.68 112.68 112.68 112.68 112.68 112.67 112.67 112.67 112.67 112.67 112.67 112.67 112.67 112.67 112.67 112.67 112.67 112.67 112.67 112.67 112.67 112.67 112.67 112.67 112.67 112.66 112.66 112.66 112.66 112.66 112.66 112.66 112.66 112.66 112.66 112.66 112.66 112.66 112.66 112.66 112.66 112.66 112.67 112.67 112.67 112.67 112.67 112.67 112.67 112.67 112.67 112.67 112.67 112.68 112.68 112.68 112.68 112.68 112.68 112.68 112.68 112.68 112.68 112.68 112.68 112.68 112.68 112.68 112.68 112.68 112.68 112.68 112.68 112.68 112.68 112.68 112.68 112.68 112.68 112.68 112.68 112.68 112.68 112.68 112.68 112.68 112.68 112.68 112.68 112.68 112.68 112.68 112.68 112.68 112.68 112.68 112.68 112.68 112.68 112.68 112.68 112.68 112.68 112.68 112.68 112.68 112.68 112.68 112.68 112.68 112.68 112.68 112.68 112.68 112.68 112.68 112.68 112.67 112.67 112.67 112.67 112.67 112.67 112.67 112.67 112.67 112.67 112.67 112.67 112.67 112.67 112.67 112.67 112.67 112.67 112.67 112.67 112.67 112.67 112.67 112.67 112.67 112.67 112.67 112.67 112.67 112.67 112.67 112.67 112.67 112.67 112.67 112.67 112.67 112.67 112.67 112.67 112.67 112.68 112.68 112.68 112.68 112.68 112.68 112.68 112.68 112.68 112.68 112.68 112.68
