Mars Surface Radiation Result (absorbed dose in thin silicon slab) (1E-6 Gy/day).

The first row gives the longitude
The first column for each row (starting from the 2nd row) gives the latitude
The rest values of each row gives the dose rate at different longitudes (given in the first row)

179°W  177°W  175°W  173°W  171°W  169°W  167°W  165°W  163°W  161°W  159°W  157°W  155°W  153°W  151°W  149°W  147°W  145°W  143°W  141°W  139°W  137°W  135°W  133°W  131°W  129°W  127°W  125°W  123°W  121°W  119°W  117°W  115°W  113°W  111°W  109°W  107°W  105°W  103°W  101°W  99°W  97°W  95°W  93°W  91°W  89°W  87°W  85°W  83°W  81°W  79°W  77°W  75°W  73°W  71°W  69°W  67°W  65°W  63°W  61°W  59°W  57°W  55°W  53°W  51°W  49°W  47°W  45°W  43°W  41°W  39°W  37°W  35°W  33°W  31°W  29°W  27°W  25°W  23°W  21°W  19°W  17°W  15°W  13°W  11°W  9°W  7°W  5°W  3°W  1°W  1°E  3°E  5°E  7°E  9°E  11°E  13°E  15°E  17°E  19°E  21°E  23°E  25°E  27°E  29°E  31°E  33°E  35°E  37°E  39°E  41°E  43°E  45°E  47°E  49°E  51°E  53°E  55°E  57°E  59°E  61°E  63°E  65°E  67°E  69°E  71°E  73°E  75°E  77°E  79°E  81°E  83°E  85°E  87°E  89°E  91°E  93°E  95°E  97°E  99°E  101°E  103°E  105°E  107°E  109°E  111°E  113°E  115°E  117°E  119°E  121°E  123°E  125°E  127°E  129°E  131°E  133°E  135°E  137°E  139°E  141°E  143°E  145°E  147°E  149°E  151°E  153°E  155°E  157°E  159°E  161°E  163°E  165°E  167°E  169°E  171°E  173°E  175°E  177°E  179°E  
--------------------------------------------------------------------------------------------------------------
89°S ||     129.70 129.74 129.78 129.80 129.80 129.79 129.79 129.81 129.85 129.89 130.04 130.09 130.06 130.12 130.31 130.41 130.45 130.52 130.53 130.42 130.36 130.51 130.53 130.49 130.44 130.42 130.36 130.38 130.47 130.44 130.53 130.64 130.58 130.51 130.61 130.53 130.43 130.36 130.29 130.25 130.21 130.14 130.08 130.05 130.03 130.03 130.02 130.03 130.02 130.00 129.98 129.97 129.94 129.93 129.92 129.92 129.85 129.82 129.79 129.79 129.77 129.74 129.73 129.70 129.72 129.75 129.76 129.65 129.61 129.62 129.55 129.53 129.53 129.53 129.50 129.47 129.45 129.44 129.43 129.43 129.42 129.43 129.43 129.42 129.43 129.44 129.44 129.43 129.42 129.43 129.44 129.48 129.49 129.50 129.51 129.52 129.51 129.52 129.54 129.54 129.53 129.52 129.51 129.50 129.52 129.52 129.53 129.54 129.55 129.56 129.57 129.56 129.53 129.54 129.59 129.61 129.60 129.60 129.61 129.63 129.64 129.66 129.67 129.69 129.73 129.76 129.76 129.79 129.81 129.83 129.85 129.85 129.86 129.88 129.89 129.92 129.93 129.93 129.93 129.93 129.88 129.89 129.86 129.82 129.84 129.83 129.82 129.80 129.77 129.74 129.73 129.72 129.72 129.68 129.65 129.64 129.63 129.62 129.61 129.62 129.62 129.62 129.62 129.60 129.61 129.60 129.61 129.61 129.61 129.61 129.62 129.62 129.62 129.62 129.63 129.65 129.67 129.69 129.69 129.71
87°S ||     131.70 131.76 131.77 131.89 131.87 131.94 131.85 131.84 131.82 131.74 131.74 131.73 131.62 131.48 131.42 131.40 131.42 131.42 131.42 131.38 131.38 131.44 131.58 131.63 131.61 131.57 131.58 131.48 131.57 131.42 131.66 131.69 131.52 131.50 131.49 131.47 131.41 131.34 131.40 131.42 131.39 131.43 131.38 131.35 131.31 131.28 131.27 131.20 131.15 131.09 130.95 131.10 130.91 130.65 130.67 130.60 130.48 130.35 130.29 130.26 130.41 129.92 129.96 129.71 129.65 129.63 129.58 129.56 129.55 129.52 129.42 129.35 129.41 129.39 129.15 129.10 129.03 128.95 128.91 129.05 128.77 128.60 128.58 128.50 128.48 128.48 128.50 128.53 128.56 128.58 128.62 128.64 128.67 128.68 128.69 129.06 128.96 129.14 129.04 129.25 129.25 129.25 129.32 129.33 129.37 129.45 129.52 129.67 129.77 129.83 129.70 129.69 129.72 129.74 129.76 129.76 129.81 129.85 129.91 129.91 129.98 130.04 130.05 130.11 130.18 130.18 130.19 130.27 130.35 130.33 130.40 130.41 130.43 130.49 130.63 130.78 130.89 131.04 130.96 130.77 130.61 130.56 130.52 130.48 130.42 130.41 130.36 130.11 130.09 130.06 130.05 130.06 130.10 130.10 130.09 130.11 130.18 130.29 130.38 130.38 130.46 130.54 130.64 130.69 130.82 130.93 131.01 131.05 131.18 131.20 131.36 131.35 131.37 131.36 131.46 131.38 131.15 131.31 131.70 131.92
85°S ||     131.11 131.10 131.11 131.11 131.12 131.12 131.15 131.21 131.21 131.22 131.22 131.23 131.25 131.32 131.24 131.17 131.17 131.29 131.28 131.29 131.30 131.32 131.36 131.38 131.37 131.38 131.43 131.55 131.62 131.78 132.15 132.19 132.17 132.17 132.21 132.01 132.20 132.06 132.03 132.00 132.25 132.53 132.46 132.47 132.24 132.19 132.08 131.97 131.88 131.79 131.83 131.71 131.69 131.65 131.90 131.98 131.69 131.50 131.57 131.97 131.79 130.85 130.70 130.73 130.86 130.95 130.80 130.90 130.89 130.47 130.58 130.43 130.15 130.07 130.12 129.87 130.18 130.44 130.69 130.33 130.16 130.08 130.13 130.13 130.22 130.08 130.01 129.88 129.86 129.98 129.87 129.90 130.03 130.02 130.02 130.03 130.04 130.09 130.15 130.28 130.26 130.37 130.66 130.96 130.88 130.84 130.82 130.85 130.82 130.88 130.98 131.04 131.10 131.19 130.97 131.03 131.15 131.17 131.08 130.98 130.96 131.00 131.03 131.14 131.25 131.34 131.35 131.28 131.29 131.23 131.19 131.16 131.13 131.14 131.19 131.32 131.93 133.15 133.59 133.29 132.58 132.24 132.08 132.10 131.60 131.33 131.23 131.11 131.16 131.22 131.09 131.11 131.16 131.30 131.48 131.56 131.60 131.64 131.61 131.62 131.61 131.42 131.25 131.18 131.16 131.27 131.33 131.39 131.52 131.71 131.46 131.51 131.45 131.37 131.30 131.29 131.28 131.29 131.17 131.12
83°S ||     131.14 131.16 131.18 131.20 131.21 131.22 131.24 131.27 131.30 131.33 131.36 131.39 131.43 131.46 131.45 131.46 131.47 131.51 131.55 131.58 131.61 131.65 131.70 131.74 131.80 131.86 131.92 131.98 132.10 132.24 132.18 132.03 132.02 131.97 132.10 132.20 132.17 132.11 132.19 132.27 132.01 131.99 132.00 132.00 132.03 132.06 132.04 132.60 132.74 132.84 132.75 132.78 132.69 132.69 132.71 132.67 132.60 132.92 133.07 133.12 132.63 132.99 132.87 132.75 133.15 132.85 132.88 132.84 133.28 132.88 133.20 133.46 133.66 133.67 133.47 133.30 133.35 133.34 133.30 133.39 133.34 133.28 133.09 133.12 133.14 133.04 132.95 132.92 132.97 132.95 132.65 132.65 132.77 133.20 132.69 132.59 132.46 132.41 132.46 132.32 132.56 131.99 132.17 131.90 132.35 132.63 132.70 132.44 132.33 132.34 132.37 132.53 132.84 132.97 133.08 133.06 132.60 132.60 132.50 132.45 132.36 132.35 132.00 131.91 131.97 132.03 132.03 131.87 131.86 132.03 131.96 131.98 132.18 132.21 132.45 133.12 134.06 133.97 134.01 133.99 133.99 132.59 132.41 132.45 132.39 132.52 132.47 132.37 132.34 132.33 132.26 132.11 131.98 131.91 131.86 131.72 131.67 131.74 132.10 132.52 133.04 133.30 132.74 132.11 131.29 131.29 130.97 130.88 130.85 130.90 131.08 131.30 131.79 131.72 131.38 131.17 131.08 131.05 131.08 131.11
81°S ||     131.48 131.56 131.57 131.73 131.46 131.54 131.60 131.65 131.71 131.79 131.86 131.95 132.14 132.19 131.96 131.97 132.02 132.09 132.14 132.17 132.21 132.26 132.29 132.33 132.38 132.44 132.52 132.56 132.60 132.65 132.71 132.90 132.87 132.92 133.06 133.00 132.74 132.78 132.76 132.79 133.00 132.81 132.44 132.49 132.31 132.16 132.24 132.44 132.52 132.42 132.60 132.52 132.78 133.77 133.43 133.65 133.96 133.38 133.96 133.89 133.53 133.66 133.73 133.71 133.75 133.73 133.81 133.81 133.71 133.60 133.71 133.51 133.29 133.31 133.34 133.37 133.32 133.33 133.28 133.28 133.78 133.17 132.98 132.92 132.89 132.92 132.89 132.90 132.86 132.85 132.82 132.84 132.71 132.50 132.28 131.95 131.26 130.56 131.41 131.57 132.08 132.46 132.41 132.55 132.91 133.16 133.32 133.59 133.54 133.39 133.12 133.48 133.64 133.82 133.82 133.92 133.96 134.06 134.02 134.00 133.97 134.02 133.95 133.86 133.83 133.89 133.39 133.43 133.51 133.60 133.68 133.96 134.04 134.17 134.23 134.22 134.20 133.46 132.51 132.29 132.22 132.12 132.06 132.23 132.30 132.30 132.21 132.36 132.45 132.56 132.71 132.81 132.93 132.65 132.79 133.07 133.27 132.88 132.72 132.78 133.33 133.04 132.63 132.61 132.78 132.71 133.19 132.42 131.54 131.23 131.29 131.46 131.59 131.82 132.14 131.39 131.52 131.52 131.30 131.37
79°S ||     131.89 131.95 131.97 132.10 132.09 132.04 132.05 132.10 132.12 132.35 132.20 132.31 132.39 132.42 132.53 132.72 132.64 132.93 132.53 132.77 132.60 132.64 132.61 133.17 133.69 132.47 133.01 133.62 133.38 133.51 133.43 133.43 133.40 133.43 133.49 133.52 133.53 133.51 133.39 133.34 133.35 133.07 133.79 133.92 132.76 132.97 132.95 132.81 132.76 133.12 133.43 133.07 133.96 133.76 133.88 134.10 134.38 132.88 133.66 133.11 133.98 133.67 132.93 133.46 133.52 133.93 133.99 133.91 133.88 133.83 133.78 133.80 133.78 133.80 133.78 133.74 133.78 133.84 133.77 133.51 133.62 133.82 133.51 133.47 133.49 133.73 133.33 133.54 133.35 133.39 133.44 133.29 133.19 132.83 131.93 131.93 131.48 132.00 132.61 132.97 132.89 133.20 133.26 133.37 133.48 133.75 133.53 133.65 133.34 133.67 133.18 133.53 133.33 133.33 132.93 132.83 133.67 133.88 134.22 134.30 134.37 134.35 134.38 134.36 134.41 134.37 134.31 134.37 134.33 134.39 134.32 134.30 134.40 134.37 134.38 134.39 134.49 134.51 134.43 134.43 134.42 134.46 134.06 133.55 133.75 133.06 132.46 132.44 132.42 132.31 132.39 132.52 132.99 134.40 134.20 133.09 132.86 133.51 132.11 132.12 132.83 132.18 131.84 131.69 131.61 131.73 131.54 131.97 131.66 131.62 131.64 131.70 131.84 131.49 131.39 131.53 131.64 131.76 131.77 131.80
77°S ||     132.86 132.54 132.46 132.43 132.33 132.65 132.60 133.02 132.97 133.03 133.02 133.07 133.47 133.24 133.17 133.26 133.41 133.42 133.53 133.32 133.22 133.28 133.22 133.35 133.27 133.42 133.67 133.78 133.60 133.73 133.69 133.72 133.73 133.72 133.71 133.73 133.69 133.73 133.70 133.70 133.68 133.71 133.61 133.44 133.36 133.10 132.50 133.31 132.40 132.70 133.63 133.39 133.24 132.68 132.89 133.13 133.32 133.27 133.44 133.42 133.77 133.98 133.76 133.85 134.09 134.16 134.14 134.19 134.20 134.15 134.10 134.07 134.01 134.03 133.99 134.00 133.97 133.87 133.62 133.63 133.55 133.40 133.34 133.16 133.43 133.65 133.49 133.53 133.31 133.45 133.45 133.37 132.95 132.76 132.60 132.42 131.89 131.48 132.74 134.06 134.50 134.70 134.71 133.33 133.66 133.52 133.55 133.74 133.42 133.80 133.49 133.43 133.34 133.83 134.26 134.05 133.41 133.27 132.80 132.56 132.45 132.04 131.89 132.48 133.17 133.71 134.06 134.05 133.94 133.71 133.07 133.82 134.03 133.21 133.87 134.10 134.45 134.32 134.02 133.87 133.49 133.54 133.31 133.83 134.51 134.42 134.20 134.03 133.20 133.25 133.34 132.44 133.24 133.61 133.60 132.60 132.16 132.23 131.96 131.99 132.09 131.90 131.90 132.19 132.04 131.98 132.11 132.22 132.25 132.22 132.11 132.22 132.48 132.10 132.12 132.19 132.42 132.61 132.72 132.50
75°S ||     133.17 133.30 133.03 133.20 132.98 132.96 133.11 133.97 133.39 133.32 134.51 134.92 133.64 133.79 133.79 133.93 133.66 133.79 133.78 133.55 133.55 133.84 133.85 134.04 133.85 133.93 133.99 134.02 133.98 133.94 133.94 133.91 133.95 133.89 133.36 133.81 133.82 133.81 133.78 133.77 133.70 133.64 133.65 133.66 133.72 133.79 133.69 133.58 133.35 133.20 133.32 132.71 132.57 133.02 133.66 133.78 133.71 134.11 134.31 134.36 134.41 134.39 134.33 134.28 134.25 134.26 134.23 133.99 134.23 134.10 133.92 133.73 133.68 133.48 133.41 133.52 133.44 133.67 133.47 133.49 133.57 133.62 133.74 133.52 133.91 133.63 133.63 133.82 133.63 133.62 133.50 133.15 133.01 133.35 133.52 133.56 133.59 133.60 133.68 133.53 133.34 133.45 133.45 133.40 133.77 133.85 133.85 133.66 133.62 133.48 133.36 133.15 132.62 132.84 132.98 132.40 132.85 132.70 132.46 132.64 132.38 132.32 133.13 133.47 133.23 133.16 134.45 132.78 133.03 133.04 133.19 133.76 133.65 133.51 133.43 133.18 133.52 132.37 131.94 131.46 131.41 132.17 134.80 134.58 134.69 133.23 133.98 133.25 134.13 134.52 134.36 134.28 134.19 134.22 134.33 132.96 131.70 131.62 131.59 131.60 131.57 131.74 132.50 132.36 132.58 131.87 131.95 132.17 132.26 132.26 132.35 132.37 132.42 132.72 132.73 132.81 132.95 132.88 132.95 133.01
73°S ||     134.58 133.20 134.00 133.99 133.85 133.48 134.38 134.01 134.06 134.05 133.55 133.17 134.36 133.48 133.82 134.05 133.99 133.98 133.90 133.74 133.55 133.13 134.38 132.89 133.18 134.21 133.90 133.87 133.90 133.97 133.99 133.98 134.09 133.65 133.57 133.17 133.45 133.90 133.75 133.82 133.82 133.86 133.74 133.81 133.85 133.85 133.86 133.55 134.25 135.35 135.34 135.52 135.47 133.60 134.24 134.26 134.48 134.55 134.58 134.62 134.64 134.61 134.53 134.42 134.48 134.03 134.22 134.46 134.49 134.50 134.42 134.09 133.83 133.99 133.82 133.69 133.61 133.76 134.01 133.57 133.58 133.60 133.66 134.05 133.86 134.15 134.32 134.27 134.15 134.21 133.79 133.74 133.33 133.77 133.74 133.87 134.08 134.11 134.11 134.09 134.13 134.13 134.22 134.17 134.08 134.01 134.17 133.61 133.51 133.34 132.82 132.41 132.69 133.18 133.68 133.34 133.58 133.45 133.57 133.16 133.32 132.88 132.65 132.54 132.89 132.82 133.23 133.29 133.64 133.59 133.53 133.66 133.70 133.82 133.93 133.94 133.90 134.05 133.62 133.17 133.69 132.13 132.37 133.08 133.18 133.23 133.31 133.61 134.43 134.05 133.78 132.81 133.74 134.28 134.63 134.78 134.02 132.77 131.74 132.23 131.93 132.28 132.86 132.98 132.14 132.48 133.01 133.18 133.00 133.46 134.46 134.15 133.66 133.50 133.51 133.43 133.63 133.38 133.44 134.45
71°S ||     134.39 134.46 134.60 134.69 134.79 135.01 135.19 135.10 135.12 135.15 135.15 134.30 133.48 133.09 132.30 132.32 133.14 133.35 134.70 133.65 133.73 133.51 133.24 133.34 135.58 134.08 134.06 134.09 133.95 133.68 133.78 133.65 133.64 133.88 133.78 133.73 133.63 134.01 133.81 133.83 133.99 133.79 133.96 133.85 133.90 133.94 133.58 133.35 133.42 134.55 135.40 135.23 135.62 133.37 134.43 134.62 134.69 134.77 134.69 134.72 134.81 134.40 134.25 134.40 134.56 134.67 134.76 134.53 134.56 133.51 133.85 134.09 133.92 134.13 133.77 134.01 133.81 133.24 133.00 132.83 132.73 133.91 133.87 133.87 134.10 134.13 134.31 134.08 134.41 134.22 134.83 134.70 134.20 134.31 134.29 134.08 133.98 133.26 133.97 134.32 134.50 134.16 134.21 134.22 134.20 134.26 133.82 132.79 133.11 133.51 133.57 133.70 133.71 133.91 133.93 133.82 134.13 133.91 134.05 134.15 134.06 134.30 134.33 134.08 134.29 133.85 133.15 133.43 134.89 134.87 133.66 133.85 133.59 132.25 133.17 133.41 133.54 133.02 132.63 133.03 133.54 132.84 133.87 134.03 134.37 134.40 134.34 133.96 133.95 134.18 134.53 134.41 134.72 134.48 135.45 135.68 135.59 135.15 134.67 134.35 134.66 134.42 134.14 134.57 134.81 134.72 134.71 134.48 134.29 134.92 134.37 134.76 134.61 134.64 133.96 133.95 134.02 134.13 133.66 134.34
69°S ||     133.67 133.76 134.21 134.53 133.99 135.79 135.57 135.14 135.35 135.31 135.26 134.99 134.21 134.35 133.82 134.09 132.67 132.89 133.40 133.95 134.40 134.10 133.77 133.66 133.46 134.31 133.98 134.18 133.69 134.44 133.25 133.35 133.23 133.57 133.63 133.74 134.07 134.10 134.22 134.21 134.31 134.21 134.17 134.24 134.24 134.98 133.98 134.36 134.37 134.34 134.40 134.57 134.58 134.72 134.74 134.67 134.72 134.76 134.50 134.49 134.26 134.74 134.69 134.89 134.72 134.45 133.74 133.80 133.89 133.90 133.84 134.01 133.99 134.25 134.39 134.65 134.45 133.74 133.12 133.45 133.63 134.20 134.22 133.72 133.69 133.43 133.53 133.48 133.81 134.15 134.18 134.34 133.30 134.39 134.48 134.38 134.55 134.55 134.52 134.59 134.53 134.48 134.56 134.46 134.18 133.82 132.97 134.30 134.53 134.39 134.17 133.94 134.05 133.90 134.06 133.49 133.43 134.09 134.55 134.80 135.02 134.85 134.89 134.99 134.98 134.87 134.43 133.94 133.62 133.62 134.18 134.00 133.94 133.93 135.03 133.68 132.18 132.61 132.77 132.91 133.15 133.14 132.68 132.83 133.45 134.01 134.15 133.82 134.41 134.51 134.51 134.61 134.01 131.99 134.49 135.48 135.26 132.67 135.49 135.37 135.27 134.96 134.86 134.75 134.43 134.08 133.77 133.89 132.97 132.65 133.82 134.60 134.50 134.25 134.06 133.86 133.74 133.62 133.88 133.86
67°S ||     135.55 133.64 133.31 134.23 134.27 134.41 134.45 135.19 135.22 135.38 135.44 135.45 135.25 135.08 134.63 134.25 133.86 133.30 133.19 132.85 132.83 132.51 132.91 132.95 133.40 133.36 133.21 133.10 133.75 132.79 132.80 132.86 133.56 135.43 133.41 133.70 133.73 134.68 134.20 134.23 134.35 134.33 134.28 134.30 134.31 134.37 134.31 134.46 134.47 134.40 134.44 134.56 134.61 134.61 134.50 134.71 134.90 134.74 134.83 134.71 134.03 134.52 134.82 134.82 134.50 134.25 136.12 136.12 135.83 133.95 134.14 134.21 134.29 134.55 134.76 134.30 133.88 133.24 133.33 132.97 133.35 133.39 133.87 133.78 134.18 134.05 134.21 134.24 134.22 134.23 134.29 134.49 134.39 134.57 134.50 134.65 134.51 134.45 134.47 134.25 134.27 133.42 133.17 133.22 132.81 133.45 135.01 135.61 135.55 135.01 134.87 134.33 134.36 133.93 134.11 133.99 134.45 134.63 134.97 135.01 134.98 134.97 135.04 135.03 134.94 135.23 135.22 135.40 135.42 134.82 133.89 133.11 133.83 134.08 133.16 132.95 132.81 132.34 132.99 132.07 132.38 132.84 132.86 133.99 133.61 133.52 132.92 133.31 133.86 134.27 134.66 134.82 134.47 134.70 134.86 134.92 134.96 134.92 134.54 134.78 134.71 134.79 134.52 134.24 134.58 134.51 134.52 134.50 134.42 133.86 134.67 134.35 134.27 134.00 133.43 134.19 133.35 133.32 133.39 133.98
65°S ||     133.85 133.35 132.95 133.50 133.56 134.68 134.80 135.33 135.23 135.32 135.30 135.45 135.47 135.48 135.37 135.14 134.96 134.88 134.76 134.34 133.71 133.54 133.64 133.36 133.82 133.72 133.30 134.27 134.06 133.34 133.07 133.45 133.17 133.48 133.72 133.88 133.91 134.01 134.03 134.30 134.32 134.44 134.48 134.48 134.59 134.63 134.58 134.57 134.60 134.58 134.44 134.31 134.21 134.36 134.54 134.71 134.71 134.72 134.56 133.46 134.77 134.94 135.16 135.40 134.56 134.97 134.86 134.94 134.32 134.25 134.54 134.39 134.50 134.68 134.96 134.81 134.22 134.00 133.54 133.15 133.18 133.57 134.64 133.98 134.21 134.27 134.26 134.17 133.86 134.34 134.35 134.40 134.34 134.56 134.32 134.60 134.91 134.70 134.37 134.47 134.16 134.20 134.04 133.91 133.43 133.81 133.62 133.93 134.06 133.90 133.85 133.67 133.80 134.48 134.83 135.43 135.38 135.16 134.95 134.82 134.82 135.05 135.25 135.21 135.38 135.31 135.27 135.34 135.34 135.47 134.22 134.14 134.09 133.94 135.76 133.34 133.28 133.43 134.01 132.58 132.53 132.55 133.14 133.19 133.24 132.71 132.53 134.05 133.69 133.27 134.38 134.19 134.06 134.71 134.67 132.80 133.56 133.81 134.58 134.18 133.41 133.61 134.60 134.10 134.43 134.79 134.58 134.70 134.63 134.57 134.12 133.99 133.76 132.98 134.22 134.53 133.97 133.75 133.26 133.12
63°S ||     133.87 133.84 134.37 133.48 133.12 133.71 134.44 134.59 134.94 134.85 135.22 135.01 135.40 135.31 135.34 135.16 135.27 135.32 135.22 134.59 133.89 133.86 133.51 133.65 133.53 133.72 133.73 133.49 133.42 133.52 133.44 133.63 133.94 133.95 133.90 133.60 133.36 133.81 134.32 133.95 134.53 134.09 133.83 134.35 134.41 134.36 134.09 134.50 134.39 134.35 134.07 134.16 134.53 135.04 134.65 133.72 134.30 135.07 134.87 134.92 134.84 134.82 135.01 135.30 135.76 135.45 134.54 135.53 134.38 135.09 134.77 134.52 134.59 134.43 134.57 135.23 135.44 135.31 135.22 134.72 134.47 133.98 134.12 134.10 134.13 134.20 134.38 134.38 134.40 134.34 134.33 134.35 134.50 134.41 134.48 134.23 134.42 134.51 134.31 134.64 134.68 134.31 134.40 134.65 134.46 134.12 133.87 133.56 133.59 133.29 133.91 134.06 134.49 135.22 135.71 135.78 135.81 135.53 135.28 135.17 135.10 135.05 135.13 135.18 135.48 135.57 135.43 135.38 135.43 135.48 135.24 134.47 134.32 134.69 134.14 133.54 133.19 133.42 133.22 132.24 134.52 132.92 133.70 133.57 133.53 133.12 132.91 132.66 132.32 132.87 133.41 133.95 133.66 133.75 134.22 134.69 135.04 135.07 134.68 134.52 133.83 133.95 134.23 134.21 134.05 132.86 132.80 133.29 133.96 134.36 134.55 134.65 134.39 134.76 134.70 133.47 134.08 134.22 134.13 134.48
61°S ||     134.94 133.63 133.06 133.89 134.34 134.62 134.59 133.67 133.84 134.15 133.53 133.86 134.66 133.88 135.96 134.00 134.54 134.46 135.20 134.79 134.67 134.62 134.66 133.80 133.56 133.29 134.71 134.26 133.54 133.67 134.29 134.72 134.76 134.60 134.58 134.17 133.65 133.93 133.82 133.79 134.38 133.41 133.98 134.43 134.01 132.72 134.71 134.93 134.99 134.90 134.85 135.05 135.01 134.54 133.97 135.30 135.29 134.97 135.29 135.25 135.15 134.91 135.08 135.19 135.55 135.91 135.63 134.85 135.78 135.81 135.60 135.23 134.06 135.07 135.36 134.75 134.67 134.83 134.66 134.30 133.16 133.20 134.12 134.49 134.17 134.07 133.91 134.31 134.49 134.45 134.54 134.43 134.46 134.69 134.56 134.64 134.58 134.35 134.53 134.69 134.79 134.60 134.50 134.48 133.73 134.48 134.34 134.37 134.38 134.52 134.65 134.74 134.87 135.12 135.45 135.51 134.90 134.82 134.88 134.57 136.05 135.48 134.66 134.99 135.26 135.37 135.61 135.71 135.32 135.61 136.01 135.76 132.83 135.53 135.33 135.04 133.49 133.76 133.74 134.33 133.22 133.10 132.98 133.11 133.19 133.06 133.05 132.73 133.05 132.91 133.24 133.20 133.29 133.44 133.50 134.91 135.63 135.60 135.58 135.39 135.13 134.78 134.48 134.16 134.07 133.58 133.04 133.39 133.53 132.24 133.27 134.29 134.48 134.10 132.74 133.23 133.49 134.71 134.76 134.70
59°S ||     135.14 134.43 134.17 134.59 134.64 134.39 132.68 133.64 133.94 133.63 134.34 133.65 133.98 132.88 134.26 134.78 134.43 134.61 134.20 134.62 134.84 134.88 134.47 134.28 133.17 133.75 134.02 134.10 134.66 133.73 134.03 134.94 135.06 134.63 135.01 134.69 133.98 133.30 133.11 133.33 133.72 134.51 134.93 134.87 134.76 134.29 134.99 135.18 135.42 135.39 135.40 135.40 135.46 135.50 135.12 134.85 135.02 134.77 135.19 135.36 134.92 134.49 135.24 135.33 134.48 135.80 134.44 135.38 135.79 133.85 134.34 135.29 136.03 135.06 135.75 134.89 134.96 134.56 134.26 134.32 133.56 133.73 134.16 133.85 133.93 134.51 134.28 134.23 134.76 133.15 134.34 134.67 134.78 134.63 135.21 134.39 134.28 134.32 135.63 134.24 134.13 134.70 134.49 134.52 134.62 134.68 134.63 134.52 134.47 134.89 134.99 135.24 135.32 135.32 135.09 134.58 134.63 134.77 134.29 133.69 133.75 133.79 134.72 135.29 135.78 135.91 135.98 135.90 135.98 136.08 135.95 135.93 135.60 135.38 135.49 135.16 134.49 132.98 132.30 132.72 135.45 135.20 132.37 132.39 134.26 132.81 132.97 132.10 132.91 133.40 132.70 132.80 133.52 134.44 134.84 135.12 135.38 135.29 135.43 135.42 135.39 135.29 135.12 134.90 134.31 133.86 133.40 133.31 133.60 133.32 134.72 132.50 133.54 133.83 133.40 134.30 134.62 134.33 134.72 134.93
57°S ||     134.93 134.99 135.24 135.60 135.03 133.29 133.87 133.65 133.08 133.18 133.35 135.62 133.28 133.44 132.90 133.02 133.97 134.64 134.04 133.88 135.52 133.96 134.01 133.99 132.98 133.87 134.24 134.20 134.15 133.05 132.35 135.03 134.72 134.87 134.85 134.47 134.66 133.89 133.63 133.73 133.44 134.23 134.53 134.71 134.84 134.45 133.81 133.69 134.84 135.48 135.51 135.58 135.39 135.38 135.08 134.21 133.94 133.96 133.58 133.34 134.22 135.87 134.68 133.93 135.41 135.99 135.75 134.61 135.23 132.33 135.95 134.82 134.22 135.16 134.64 135.83 136.03 135.77 135.32 136.09 136.12 135.23 134.27 134.39 134.72 134.35 134.44 134.11 134.04 134.49 134.58 134.70 134.30 133.88 133.90 133.81 133.84 133.98 134.55 133.97 133.62 133.83 133.83 133.91 133.86 134.68 134.72 134.94 135.13 135.28 135.42 135.57 135.72 135.76 135.64 135.27 135.43 135.42 135.61 135.22 135.07 135.35 135.88 136.08 136.07 136.07 136.07 136.07 136.06 135.71 136.11 136.05 135.83 135.92 135.95 135.85 135.75 135.22 132.73 134.21 135.52 135.83 133.07 133.36 134.13 133.89 133.34 133.00 132.94 133.42 134.03 134.26 134.48 134.12 134.76 134.44 135.14 134.34 133.18 133.52 135.21 135.38 135.28 134.88 134.28 133.87 133.50 133.48 133.61 133.51 133.09 132.92 133.59 133.70 135.02 133.57 133.55 133.69 134.11 134.83
55°S ||     135.09 135.14 135.33 135.42 134.61 134.56 134.46 133.86 133.61 134.35 134.31 134.17 133.90 134.02 133.50 133.85 134.63 134.52 134.55 134.49 133.77 132.81 132.80 135.53 132.75 133.97 134.45 134.46 134.43 134.03 133.69 134.91 134.90 134.75 134.99 134.51 134.15 133.78 133.24 133.11 133.26 133.08 132.98 133.26 134.33 133.90 133.63 134.11 134.85 135.19 135.53 135.56 135.61 134.97 134.47 133.15 133.64 133.00 133.41 135.72 134.11 136.04 136.03 135.60 134.18 135.20 134.94 134.94 134.99 134.95 134.93 135.61 133.72 134.57 135.80 134.98 134.90 135.89 135.73 135.64 134.98 134.56 134.78 134.75 134.62 134.40 134.43 134.09 134.28 133.86 134.20 134.48 134.82 134.36 134.50 135.09 135.97 134.53 134.47 134.62 134.59 134.49 133.67 133.88 133.62 133.97 134.97 135.08 135.35 135.57 135.73 135.84 136.02 136.11 136.09 136.10 136.06 135.98 135.94 135.57 135.26 135.12 135.02 134.96 135.01 135.03 135.25 135.28 134.88 135.62 135.97 136.02 136.01 135.95 136.11 136.09 134.25 135.41 135.23 134.76 134.51 134.25 134.43 134.51 132.95 133.55 133.73 133.72 134.21 134.62 135.09 135.09 135.56 135.56 134.51 134.77 135.07 133.16 133.42 135.42 135.00 134.70 134.44 134.52 133.97 133.79 134.03 134.31 134.68 134.37 134.37 133.47 134.54 133.98 133.62 133.71 134.03 134.61 134.64 134.99
53°S ||     135.23 134.68 134.82 135.64 135.92 133.80 134.92 135.09 135.05 134.76 134.98 134.27 133.95 134.46 134.43 134.43 134.04 134.60 134.47 134.62 134.45 133.51 133.06 134.64 134.01 134.40 135.77 134.32 134.58 134.30 134.77 134.59 134.61 134.90 134.74 134.72 134.66 133.51 133.12 133.12 132.97 133.15 133.81 134.08 134.38 134.57 134.76 134.62 135.60 136.07 134.14 134.31 134.74 134.39 134.57 135.26 134.97 133.86 133.70 135.04 134.23 136.09 136.01 135.88 135.06 134.89 134.94 134.93 134.91 134.89 134.90 134.99 135.57 136.01 135.48 135.29 135.71 136.01 135.18 135.51 135.76 135.56 135.40 135.12 134.77 135.86 134.95 134.43 134.68 134.76 134.31 134.21 134.02 134.70 133.90 133.70 134.21 134.37 134.53 134.35 134.57 134.70 134.03 132.98 134.79 134.45 134.69 135.11 135.26 135.33 135.85 135.99 136.12 136.06 135.97 135.69 135.24 135.01 135.01 135.63 136.31 136.93 137.20 137.32 137.39 136.70 136.46 136.58 136.61 136.52 135.38 135.59 135.52 135.12 136.06 136.02 136.07 136.10 134.82 134.84 135.10 134.40 134.55 134.00 134.26 135.25 134.11 134.11 134.25 133.87 134.27 134.84 135.40 135.66 136.09 135.24 135.04 132.88 135.52 134.97 135.20 135.25 135.26 134.76 134.38 134.32 133.85 134.41 133.51 134.41 134.76 133.77 132.94 132.94 133.78 134.64 134.71 134.84 135.16 135.22
51°S ||     135.14 134.93 134.48 134.63 135.46 135.24 135.09 133.97 135.33 134.67 134.19 134.60 134.38 134.73 134.50 134.36 134.51 133.57 134.31 134.43 134.14 133.66 133.06 132.83 132.38 134.09 133.61 134.14 134.55 134.55 134.38 134.67 134.25 134.10 134.42 134.03 134.08 133.89 133.55 132.55 132.54 132.30 132.79 134.20 134.45 134.69 134.79 134.22 135.70 136.08 134.13 134.18 133.49 133.07 134.50 135.76 135.94 135.89 134.65 133.79 133.78 133.99 135.97 135.02 134.89 135.00 134.99 134.94 134.93 134.93 134.92 135.09 135.60 135.52 135.22 134.92 135.70 135.83 135.38 135.44 135.66 135.55 135.01 134.72 134.35 135.08 134.04 134.26 134.66 134.63 134.59 134.68 134.83 134.93 134.52 134.00 134.20 134.36 134.48 133.94 134.76 134.30 133.83 134.47 134.31 134.56 135.00 135.36 135.62 135.63 136.02 136.11 136.11 135.82 135.44 134.98 135.01 135.67 136.57 137.70 138.06 138.58 138.75 138.71 138.95 139.00 138.83 138.84 138.71 138.49 138.91 138.30 135.26 135.12 135.46 135.93 135.75 134.23 133.15 135.52 135.04 134.14 135.50 134.04 133.23 133.61 134.16 135.04 134.68 134.80 135.33 135.38 135.22 135.07 134.18 135.08 135.12 135.30 135.18 135.20 135.09 134.37 134.59 135.16 135.10 134.79 134.04 135.13 134.58 135.09 134.55 133.95 134.59 133.71 133.86 134.28 134.46 134.79 134.90 135.09
49°S ||     133.93 134.30 134.12 134.69 135.70 135.92 136.03 135.08 135.11 133.78 134.43 133.84 133.81 133.61 134.02 133.77 133.68 133.75 132.79 133.12 133.57 133.96 132.96 132.77 133.63 133.33 133.82 134.57 134.53 134.52 134.27 134.60 134.14 132.54 132.53 132.77 133.17 133.16 133.26 132.62 132.40 132.49 132.70 133.83 134.29 134.55 134.58 134.56 134.44 134.30 134.07 133.65 133.00 132.71 133.05 133.62 135.04 135.12 134.18 133.88 136.00 136.10 136.05 135.78 135.01 134.93 134.92 134.91 134.93 134.89 134.89 135.01 135.32 135.91 135.71 135.35 135.24 135.66 135.32 135.49 135.50 135.43 135.10 134.62 134.63 134.02 134.23 135.98 135.14 134.68 134.38 134.61 135.38 135.38 134.68 134.33 133.52 134.92 134.01 134.00 133.95 133.95 134.33 134.82 134.94 134.46 134.37 135.37 135.62 135.83 135.53 136.03 135.88 135.25 135.04 135.67 136.59 137.21 138.08 138.56 139.17 139.31 139.17 139.15 138.19 138.87 138.97 139.07 138.96 138.93 138.97 138.98 138.81 138.20 136.25 135.15 135.98 135.59 136.08 135.71 135.98 135.20 133.84 134.62 134.83 133.47 134.46 134.15 134.88 135.09 134.14 134.83 134.81 134.76 134.57 135.16 134.88 134.58 134.09 134.11 132.41 133.53 134.59 134.39 133.93 134.71 135.26 135.59 134.82 135.65 135.52 135.13 135.06 134.37 133.76 133.17 133.44 133.75 134.26 134.48
47°S ||     133.71 134.39 134.05 134.00 134.92 135.64 134.78 134.11 134.82 134.27 133.88 134.06 132.76 134.52 133.02 133.33 132.29 132.59 133.58 133.30 133.95 133.15 133.63 134.05 133.99 134.55 133.74 134.21 134.46 134.43 134.45 134.46 134.55 133.49 133.24 133.43 133.81 133.88 133.87 133.49 132.95 132.79 133.24 133.39 133.22 134.05 134.07 134.20 133.92 133.98 133.52 133.29 132.80 132.78 132.67 133.09 133.50 133.43 134.12 134.72 133.40 135.73 135.24 136.00 136.09 134.96 134.90 134.89 134.88 134.90 134.89 134.94 135.14 135.76 136.11 136.12 135.47 135.39 135.12 134.41 135.32 135.01 134.89 134.82 134.37 134.44 134.11 134.45 134.89 134.73 134.87 134.89 135.57 134.83 134.53 133.58 134.01 133.82 134.26 135.02 134.03 133.53 133.85 134.30 135.45 135.47 134.91 135.33 135.82 135.74 135.53 135.85 136.03 135.46 136.51 138.17 138.69 139.26 139.28 139.11 138.67 138.94 139.24 139.18 138.86 138.53 138.27 138.74 138.94 138.82 138.85 138.65 138.68 138.59 137.94 136.50 135.30 135.56 136.05 136.11 136.06 135.98 135.33 134.71 135.48 135.44 134.67 135.19 135.10 135.10 135.12 134.29 134.06 134.59 134.02 134.43 134.51 133.69 133.19 134.13 135.16 135.31 134.00 133.87 134.57 135.31 135.11 135.38 135.62 135.49 135.42 135.33 134.17 134.19 133.78 134.54 134.07 133.86 134.38 134.20
45°S ||     134.45 134.55 134.35 134.43 134.79 134.74 134.91 134.96 135.12 134.04 133.73 134.46 133.78 133.53 133.64 133.65 134.89 133.56 134.08 134.24 133.94 134.32 135.09 133.82 134.31 134.63 134.40 134.23 134.24 134.19 134.02 134.15 134.06 133.80 133.81 133.77 133.81 133.86 134.01 134.03 133.60 133.46 133.69 133.57 133.54 133.81 133.82 133.55 133.32 133.07 132.95 132.93 132.84 132.21 131.96 133.35 133.89 134.05 134.56 134.92 135.33 135.27 135.74 135.85 135.43 135.50 135.07 135.58 135.46 135.01 134.93 134.88 135.70 136.01 136.09 136.08 135.24 135.18 135.14 136.04 134.68 134.97 134.58 134.51 134.42 134.28 134.28 134.96 134.93 134.80 134.64 134.76 135.05 134.74 134.45 134.58 134.08 134.12 134.05 135.03 132.98 133.86 134.12 134.22 135.05 134.20 135.01 135.32 135.61 135.63 135.75 135.64 136.03 135.59 138.21 138.72 139.33 139.31 139.08 139.32 139.21 139.34 139.21 139.22 139.06 139.33 139.26 138.71 138.68 139.09 138.81 138.71 138.72 138.59 137.89 137.46 135.79 135.09 135.96 136.10 136.07 136.12 133.78 135.50 135.54 135.15 135.33 134.92 134.68 135.19 134.72 134.43 134.80 134.40 134.51 134.03 133.71 133.82 133.10 132.12 133.74 133.45 134.17 135.35 135.49 135.36 134.64 135.55 134.83 134.93 135.34 135.20 134.18 134.23 134.33 133.16 133.23 134.04 134.31 134.18
43°S ||     135.19 134.12 135.36 134.84 135.20 134.74 134.90 134.85 134.55 134.24 133.74 133.86 133.60 133.35 133.79 133.84 134.34 134.44 134.27 134.24 133.59 133.90 134.17 134.19 133.81 134.28 134.41 134.42 133.54 133.94 133.76 134.11 134.17 133.59 133.71 133.70 133.75 133.90 134.16 134.29 133.52 133.20 131.94 132.03 133.06 133.56 133.37 133.07 133.12 132.77 132.61 132.62 132.47 132.56 132.59 133.53 133.64 133.85 133.98 134.48 134.46 134.59 135.17 134.51 136.00 135.92 135.89 135.70 135.49 135.33 135.55 135.58 135.94 136.02 136.06 135.43 135.30 135.53 135.36 135.51 135.19 136.04 134.58 134.86 134.64 134.63 134.43 135.02 134.97 134.63 134.51 134.75 134.82 134.70 134.65 134.31 134.60 134.28 134.72 134.06 133.97 134.13 133.92 133.38 133.47 133.94 134.87 135.62 135.17 135.42 135.59 135.64 135.77 136.12 138.55 139.27 139.25 139.10 139.24 139.35 139.27 139.31 139.17 139.31 139.30 138.78 138.96 138.90 139.14 138.95 138.75 138.73 138.53 138.14 136.79 136.65 135.84 134.88 135.64 135.96 136.10 136.07 136.08 136.03 135.80 135.55 135.32 135.05 135.06 135.81 135.40 135.20 135.09 134.58 134.50 134.08 133.67 133.64 133.73 133.75 133.43 133.57 134.51 135.56 135.76 135.67 135.48 135.33 134.83 135.11 135.08 135.26 133.43 134.50 134.55 135.50 134.08 134.42 134.85 134.78
41°S ||     135.41 135.30 135.35 135.78 135.55 134.64 134.79 134.66 135.42 135.74 136.09 136.11 134.93 133.92 134.27 134.12 133.54 133.89 133.50 133.97 133.52 134.25 134.18 134.18 133.93 132.85 133.54 133.79 134.09 133.50 133.34 133.69 133.46 133.48 133.18 133.58 133.69 133.92 133.99 131.39 131.02 130.81 128.80 128.52 128.60 131.19 131.19 131.20 132.13 132.57 132.20 132.68 132.33 132.54 132.47 132.54 132.65 133.29 134.42 134.21 133.74 133.00 134.77 135.49 135.46 135.92 135.98 136.02 135.87 135.79 135.82 135.97 136.03 135.86 135.94 135.96 135.76 135.94 135.68 135.14 135.43 135.27 134.81 134.82 134.57 134.58 134.73 135.14 135.13 134.93 134.59 134.87 134.49 134.56 134.70 134.04 133.83 134.49 134.42 134.25 133.82 133.93 133.30 132.99 135.06 134.12 134.62 135.31 135.35 135.39 135.64 135.94 135.83 136.15 138.07 139.26 139.17 138.75 139.31 139.33 139.29 139.24 139.32 139.35 139.24 138.78 139.08 139.18 139.03 139.15 138.96 138.70 137.86 137.05 136.64 136.27 135.41 134.96 135.35 135.91 135.60 135.81 135.63 135.95 134.69 134.87 135.36 135.49 135.55 135.50 135.38 135.33 135.34 134.52 134.32 134.23 133.90 134.45 134.37 134.05 133.96 133.86 134.70 135.21 135.39 135.24 135.35 135.24 134.25 134.84 134.85 133.84 133.71 134.69 134.58 134.67 134.76 135.06 135.31 134.86
39°S ||     135.20 135.39 135.02 134.54 135.63 134.52 135.12 134.95 134.02 134.59 135.99 135.96 134.37 133.95 134.73 134.36 134.69 134.08 134.40 134.49 134.71 133.77 134.74 134.74 134.39 134.40 134.12 133.77 133.96 133.81 133.66 131.39 132.70 133.22 133.23 133.47 133.66 133.63 132.74 132.56 131.84 130.34 129.95 130.05 130.47 130.61 130.49 130.79 130.11 131.38 132.24 132.27 132.30 132.41 132.58 132.62 132.91 133.31 133.41 134.05 134.06 134.25 133.64 133.93 134.89 134.15 135.56 136.02 136.09 135.94 136.07 136.07 135.98 135.90 136.02 135.92 135.85 135.64 135.45 135.47 135.40 135.39 135.15 134.95 134.90 134.58 135.05 135.36 134.97 134.88 135.19 135.25 135.13 134.55 134.79 134.33 134.34 134.28 134.24 134.78 133.91 134.16 133.68 133.83 133.71 133.65 134.58 135.13 135.44 135.49 135.49 135.97 135.75 135.08 137.79 139.28 139.31 139.26 139.11 139.25 139.35 139.33 139.35 139.35 139.27 139.05 139.29 139.16 139.25 139.01 138.77 138.17 137.25 136.75 136.03 135.61 135.35 135.15 135.43 136.01 136.07 135.50 135.59 135.44 135.43 135.67 135.51 135.61 134.66 135.44 135.50 135.59 135.29 135.06 134.57 134.91 134.57 134.17 134.92 134.70 134.28 134.09 134.11 134.40 134.86 135.03 135.56 135.33 134.94 134.88 135.05 134.79 135.24 135.10 135.13 134.75 134.93 135.24 135.44 135.60
37°S ||     135.60 135.38 135.40 134.92 136.06 135.82 135.37 134.35 133.70 132.93 132.57 133.76 133.60 134.70 135.21 135.17 135.17 135.17 134.96 134.84 134.82 134.80 134.38 134.64 134.23 133.77 133.88 133.31 133.17 133.83 133.70 132.60 132.79 132.06 132.92 131.86 132.57 130.35 130.50 132.53 130.30 129.44 130.89 130.92 130.82 130.76 131.00 131.83 131.11 131.07 130.81 131.53 132.23 132.81 132.81 132.96 132.82 133.53 133.68 133.46 133.42 134.38 134.34 134.79 135.32 135.18 135.71 135.93 134.27 135.97 135.84 135.90 135.98 135.99 135.91 135.83 135.71 135.69 135.70 135.45 135.16 134.96 134.58 136.07 135.01 134.73 134.74 134.60 135.25 134.90 135.08 135.26 135.20 134.92 134.34 134.71 134.24 134.14 134.67 134.61 133.85 133.81 133.63 133.86 134.10 134.07 135.79 134.70 135.32 135.58 135.62 135.73 136.05 135.37 136.14 138.89 139.35 139.29 139.03 139.28 139.30 139.32 139.09 139.35 139.11 139.18 139.10 139.17 139.15 139.08 138.90 137.77 136.58 136.09 135.48 135.19 134.89 135.37 135.80 136.10 135.72 135.88 135.30 135.33 135.13 135.28 135.63 135.65 135.61 135.44 135.63 135.47 135.35 135.27 135.05 135.09 135.35 135.10 134.95 134.04 134.46 134.38 133.78 133.75 134.66 134.90 135.51 135.00 135.04 135.21 135.39 135.36 135.32 135.29 135.03 134.80 135.62 135.77 135.62 135.99
35°S ||     135.57 136.04 135.40 134.53 135.29 134.51 134.39 134.64 133.86 132.95 132.79 133.80 134.68 134.90 135.11 135.00 135.17 133.40 134.86 134.79 134.71 134.45 134.44 134.22 133.60 133.90 133.68 133.52 132.88 133.06 132.70 132.55 132.67 132.34 132.50 132.71 131.91 130.28 130.41 130.35 129.73 130.89 131.70 131.58 131.21 131.52 131.31 131.40 131.71 131.76 131.55 130.55 131.44 132.67 133.07 133.32 133.31 133.33 133.35 133.46 133.68 133.90 133.86 135.19 135.11 134.36 134.67 135.17 135.06 135.88 135.75 135.69 135.74 135.41 135.57 135.75 135.76 135.74 135.86 135.63 135.21 134.82 135.06 134.84 134.96 134.53 134.40 134.58 134.76 134.86 134.91 135.16 135.04 134.50 134.53 134.49 134.80 135.06 134.26 134.09 134.13 133.42 133.59 134.07 134.30 134.24 134.33 134.81 135.43 135.34 135.32 135.45 135.83 136.07 135.07 136.15 139.21 139.34 139.25 139.18 139.28 139.28 138.92 139.18 139.10 139.16 139.15 139.06 139.13 138.99 138.17 135.92 135.30 135.16 134.96 134.93 135.04 135.39 135.49 135.59 135.66 135.70 134.71 135.30 135.00 135.17 135.35 135.44 135.59 135.67 135.50 135.24 134.45 134.46 134.56 134.94 134.56 134.29 134.71 134.99 134.67 134.23 134.75 135.02 134.79 134.80 134.58 134.89 134.84 134.25 135.40 135.52 135.16 135.08 135.29 135.39 135.94 135.80 135.40 134.65
33°S ||     135.66 135.75 134.52 134.33 134.58 133.55 134.06 132.98 133.02 133.72 133.65 133.97 134.77 134.96 135.31 134.87 135.17 135.21 134.79 134.79 133.90 134.46 134.38 134.35 133.98 133.66 133.68 133.44 133.18 132.86 132.67 131.74 132.19 131.94 131.57 131.79 131.04 129.97 129.78 129.04 129.31 130.95 131.94 131.50 132.34 131.61 132.65 132.74 132.42 132.47 131.75 130.68 129.78 131.61 132.64 133.31 133.27 133.36 133.40 133.38 133.84 134.36 134.19 135.14 135.23 135.30 135.25 135.23 135.14 134.94 135.20 135.66 135.60 135.40 135.75 135.43 135.86 135.67 135.61 135.72 135.46 135.21 135.44 135.05 134.97 134.80 134.72 134.57 134.58 134.70 134.76 134.37 134.65 134.87 134.58 134.74 134.46 134.77 134.40 133.76 133.98 133.76 133.46 133.74 134.06 134.21 134.23 134.14 134.94 135.31 135.14 135.10 134.87 135.28 135.94 135.38 137.08 138.71 139.26 139.32 139.32 139.14 139.06 139.04 139.19 139.19 139.01 138.99 138.03 136.82 136.13 135.14 135.13 135.22 135.28 135.31 135.26 135.26 135.74 135.85 136.05 135.74 135.33 135.19 134.98 134.91 135.11 135.06 135.19 135.35 135.30 134.98 134.79 134.52 133.86 133.72 133.86 133.79 134.63 134.10 134.53 134.86 134.25 134.60 134.44 134.34 134.81 134.99 135.25 134.73 134.95 135.47 134.59 135.21 135.23 135.43 135.59 135.37 135.00 134.98
31°S ||     135.56 134.75 134.60 134.51 133.75 133.87 133.25 133.78 133.95 133.78 134.00 134.05 134.52 134.86 135.18 135.17 135.17 134.61 134.44 134.78 134.30 134.37 134.28 134.19 133.95 133.88 133.63 133.39 133.02 132.66 132.34 132.16 132.10 131.44 131.26 131.90 130.95 129.77 129.92 129.05 130.11 131.01 131.45 132.12 132.41 132.68 132.71 132.96 132.95 133.08 131.99 130.69 131.13 131.24 131.40 131.35 132.90 133.57 133.54 133.93 134.41 134.84 135.12 135.18 135.36 135.29 135.36 135.51 135.42 135.35 135.46 136.08 135.39 135.12 135.29 135.34 135.45 135.57 135.75 135.72 135.70 135.60 135.40 135.42 135.24 134.80 134.46 134.28 134.53 134.59 134.59 134.70 134.38 134.66 134.74 134.62 134.70 134.56 134.51 134.01 133.97 134.54 134.17 133.95 134.29 134.50 134.61 134.28 134.98 135.26 135.51 135.10 135.54 135.46 135.96 135.98 135.35 135.01 135.31 138.29 139.00 139.33 138.85 139.08 138.95 139.03 138.67 138.08 135.34 135.12 135.03 134.95 135.45 135.48 135.59 135.98 136.01 135.75 135.82 136.07 136.10 135.38 135.42 135.08 135.19 134.70 134.86 134.81 134.83 134.92 135.05 134.79 134.53 134.53 134.08 133.98 134.75 133.72 133.50 133.26 134.65 135.04 135.44 134.75 134.97 135.15 135.30 135.19 135.22 135.04 134.86 135.16 134.75 135.08 135.07 134.85 135.08 135.27 135.23 135.17
29°S ||     135.54 134.73 133.17 134.50 133.74 133.56 134.21 133.70 134.09 133.87 133.87 134.14 134.81 135.04 135.16 135.10 135.05 133.80 134.87 134.83 134.58 134.27 134.26 134.11 134.01 133.81 133.62 133.26 132.88 132.56 132.26 131.90 131.67 131.62 131.59 130.72 130.78 130.27 128.77 127.83 130.02 131.20 131.68 132.04 132.44 132.78 133.00 133.15 133.27 133.26 133.20 133.02 132.20 132.21 132.09 131.26 131.60 132.16 133.50 133.86 134.48 135.21 135.34 135.28 135.42 135.32 135.13 135.27 135.52 135.48 135.63 135.86 135.65 135.25 135.52 135.80 135.58 135.55 135.84 135.83 135.77 135.78 135.53 135.63 134.97 134.93 134.75 134.46 134.32 134.55 134.65 134.71 134.86 134.78 134.73 134.63 134.67 134.12 134.56 134.13 134.71 134.79 134.44 134.45 134.76 134.90 135.00 134.89 134.25 135.19 134.88 135.47 135.61 135.74 135.10 135.38 136.07 135.97 135.54 135.49 135.16 134.99 135.80 137.75 136.52 136.79 135.39 135.88 135.17 135.67 135.96 136.07 135.85 135.76 135.94 136.11 136.08 136.06 136.11 135.95 135.90 135.60 135.30 135.13 135.06 134.87 134.82 134.89 134.87 134.91 134.93 134.66 134.63 134.07 134.34 133.82 133.22 133.53 134.44 133.18 134.38 134.91 135.10 134.51 135.13 134.15 135.05 135.26 134.97 134.80 135.02 134.85 134.60 134.75 134.83 135.08 134.88 135.07 135.24 135.44
27°S ||     135.14 134.66 134.62 134.56 133.87 133.73 134.43 133.38 133.91 134.33 134.20 134.67 134.59 134.78 135.16 134.89 135.16 134.20 134.84 134.17 134.21 134.24 134.09 134.06 133.83 133.69 133.52 133.37 132.83 132.47 132.08 131.73 131.30 131.32 131.14 131.34 131.58 130.04 129.74 128.09 130.31 131.25 131.67 132.14 132.54 132.89 133.15 133.31 133.42 133.60 133.57 133.64 133.34 132.62 132.61 132.72 133.06 133.03 132.92 132.91 132.64 134.52 135.38 135.40 135.35 135.36 135.47 135.63 135.43 135.31 135.36 135.79 135.77 135.97 135.79 135.45 135.76 135.78 135.96 135.94 135.92 135.90 135.79 135.52 135.38 135.06 135.14 135.17 134.71 134.57 134.53 134.78 134.81 134.33 134.52 134.68 134.70 134.37 134.36 134.35 134.69 134.96 134.36 134.71 134.95 134.82 135.15 134.45 133.99 134.31 135.05 135.10 135.42 135.22 135.19 135.31 135.29 136.11 136.12 136.03 135.88 135.68 135.57 135.46 135.36 135.06 135.41 135.17 135.16 135.71 136.10 135.79 135.96 135.94 136.06 136.12 134.22 136.11 136.12 134.83 135.43 135.03 134.91 134.89 134.91 134.91 134.90 134.89 134.76 134.70 134.64 134.32 133.74 133.60 133.44 133.77 134.50 133.32 133.42 134.21 133.78 134.33 134.90 134.87 135.36 134.32 135.12 134.84 135.07 135.23 135.12 134.91 134.41 134.14 134.19 134.67 134.68 134.77 135.22 135.29
25°S ||     135.25 134.43 134.87 134.56 134.50 134.44 134.63 135.05 134.39 134.79 134.57 135.25 135.25 135.14 135.27 135.02 135.08 134.61 134.18 134.72 134.31 134.11 134.05 133.89 133.73 133.49 133.31 133.12 132.68 132.17 131.79 131.47 131.18 130.98 130.92 130.19 130.63 131.05 129.74 130.11 130.59 131.19 131.75 132.16 132.43 132.75 132.96 133.25 133.42 133.44 133.64 133.69 133.36 132.91 131.88 132.70 133.06 133.25 133.25 133.07 132.24 133.70 135.09 135.16 135.30 135.31 135.30 134.68 134.95 135.12 135.20 135.24 135.73 136.05 136.04 135.87 135.98 136.06 136.05 136.00 136.00 135.90 135.92 135.81 135.92 135.35 135.44 135.45 135.40 134.65 135.07 134.93 135.22 134.23 134.73 134.69 134.70 134.18 133.80 134.63 134.67 134.53 134.64 134.70 134.54 134.11 134.65 133.89 133.65 134.08 134.44 134.58 135.02 134.85 135.41 135.84 135.57 136.06 136.11 136.08 135.99 136.06 136.07 135.64 136.00 135.32 135.57 135.99 136.04 136.08 136.03 136.05 136.03 136.11 136.04 135.36 135.27 135.62 134.60 135.13 134.95 134.69 134.49 134.53 134.63 134.70 135.02 134.72 134.63 134.45 134.36 134.11 133.66 133.18 133.36 133.67 134.14 133.60 132.98 133.50 133.37 133.87 134.38 134.90 134.46 134.50 135.03 134.47 134.84 135.04 134.99 134.51 134.11 134.82 134.88 134.64 134.80 135.28 135.56 135.19
23°S ||     135.18 135.18 134.58 134.60 134.51 134.66 134.92 135.11 135.28 135.36 135.34 135.29 135.50 135.59 135.27 135.44 133.89 134.28 134.79 134.32 134.31 133.99 133.98 133.86 133.64 133.31 133.05 132.66 132.23 131.81 131.44 131.03 130.81 130.69 130.76 130.69 129.80 130.22 129.68 129.98 130.54 131.18 131.57 131.87 132.16 132.43 132.72 133.00 133.31 133.48 133.80 133.77 133.75 133.33 132.46 132.66 133.02 133.04 132.99 132.57 131.79 133.94 134.90 134.97 134.62 134.85 135.14 134.71 135.14 135.10 134.89 135.43 135.59 136.06 136.08 136.08 135.94 136.04 135.92 136.07 136.06 136.01 136.02 136.08 135.91 135.58 135.69 135.80 135.65 134.41 135.17 134.93 135.26 135.29 135.32 134.77 134.66 135.84 134.59 134.12 134.32 134.08 133.84 133.68 134.04 134.54 133.68 133.64 133.30 134.00 134.31 134.84 134.72 134.32 134.30 134.63 135.30 135.57 135.78 136.00 136.06 136.00 136.03 136.01 136.01 135.68 136.02 135.98 136.08 135.98 135.69 135.72 135.86 135.96 135.23 134.60 133.85 134.07 134.53 134.88 134.60 134.35 133.95 134.11 134.47 134.57 134.64 134.73 134.39 134.30 134.20 134.11 134.33 134.15 134.23 133.58 134.15 133.59 133.14 133.54 133.07 134.06 134.33 134.63 134.63 134.84 134.72 134.89 134.78 135.42 134.77 135.75 134.72 134.82 134.90 134.83 134.63 135.37 135.73 135.17
21°S ||     134.91 135.05 134.59 134.61 134.58 134.60 134.99 135.73 135.41 135.31 135.15 135.22 135.34 135.15 135.30 135.41 134.98 134.57 134.62 134.37 134.16 133.94 133.87 133.69 133.47 133.22 132.77 132.24 131.66 131.20 130.87 130.49 130.27 130.25 130.41 129.89 130.08 129.33 129.49 130.04 130.46 130.91 131.20 131.50 131.84 132.09 132.45 132.72 133.02 133.27 133.43 133.66 133.70 133.24 132.68 133.01 132.55 132.87 132.51 132.11 132.18 132.58 134.75 134.71 134.81 134.64 135.04 135.17 135.10 135.14 135.27 135.27 135.52 135.79 136.04 136.04 136.09 136.05 136.10 136.11 136.09 136.06 136.03 136.11 136.07 136.11 135.80 135.83 135.63 135.21 135.05 135.24 135.42 135.47 135.03 134.88 134.68 134.29 134.23 134.43 134.56 134.68 133.57 134.00 134.32 134.21 134.49 133.40 133.31 133.84 134.38 133.94 134.51 134.50 134.60 134.92 135.08 135.49 135.64 136.00 136.08 136.09 135.72 135.96 136.09 135.95 135.78 135.23 135.65 135.66 135.57 135.40 135.83 135.24 134.76 134.46 133.15 133.32 134.30 134.13 134.38 134.33 133.87 133.47 134.48 134.60 134.60 134.62 134.60 134.30 133.99 133.68 133.36 133.70 134.57 133.70 133.90 133.81 133.23 134.05 133.90 134.11 133.96 133.94 134.65 134.82 135.08 134.83 134.50 135.37 135.51 135.13 135.19 135.48 135.36 134.78 134.35 134.98 135.00 134.73
19°S ||     134.02 134.40 134.43 134.23 134.68 135.00 135.38 135.98 135.96 135.66 135.49 135.21 135.33 135.31 135.52 135.30 135.03 134.94 134.41 134.35 134.15 133.87 133.70 133.40 133.20 132.90 132.48 131.72 130.80 130.32 130.02 129.88 129.75 129.88 130.13 128.49 129.77 129.23 129.39 129.70 129.90 130.30 130.61 130.93 131.32 131.71 132.12 132.42 132.79 133.03 133.19 133.31 133.47 133.40 132.90 132.43 132.40 132.37 132.51 132.37 131.96 133.52 134.46 134.39 134.61 134.81 135.21 135.24 135.30 135.07 135.24 135.47 135.76 136.01 135.95 135.92 136.00 136.06 135.99 136.12 135.96 136.10 136.03 136.03 136.11 135.99 135.97 135.72 135.73 135.82 135.63 135.46 135.52 135.41 134.96 135.07 134.65 134.54 134.82 133.98 134.43 134.54 133.78 134.23 133.74 134.15 133.37 133.17 133.77 133.82 133.61 134.05 134.04 134.28 134.43 134.65 134.71 134.66 134.75 135.76 135.93 135.91 136.00 135.99 135.77 135.83 135.40 135.41 135.50 135.38 135.32 134.76 134.56 134.87 134.53 134.18 133.64 133.47 133.95 134.18 134.50 134.50 134.72 134.68 134.50 134.53 134.54 134.54 134.37 134.23 134.46 133.83 133.40 133.51 133.99 134.15 134.00 134.22 133.62 134.10 134.22 133.99 133.86 133.76 134.41 134.43 134.29 134.20 134.98 135.43 135.70 135.83 135.90 136.05 135.80 135.84 135.69 135.40 135.45 134.08
17°S ||     134.07 134.07 134.26 134.70 134.74 135.03 135.77 135.85 135.89 135.80 135.65 135.35 135.43 134.75 135.43 135.84 135.16 135.14 134.73 134.29 134.11 133.88 133.43 133.09 132.86 132.53 131.99 130.81 129.83 129.24 129.16 129.25 129.45 129.63 129.30 128.63 129.05 129.27 129.12 129.00 129.13 129.56 129.99 130.31 130.85 131.30 131.72 132.04 132.42 132.75 132.88 133.12 133.14 133.21 132.80 132.36 131.78 131.80 132.39 132.25 131.97 133.67 134.41 133.74 134.24 135.43 135.19 135.83 135.17 135.33 134.86 135.34 135.68 135.87 135.96 136.00 135.98 136.02 136.03 136.08 136.12 136.11 136.11 136.11 136.12 136.11 136.04 136.04 135.91 135.83 135.46 135.53 135.54 135.37 135.15 135.13 134.71 134.78 134.38 135.12 134.56 134.27 133.80 133.81 133.80 133.74 133.88 133.32 133.91 133.89 134.08 133.88 133.67 133.66 134.03 134.12 134.34 135.04 135.14 134.62 135.21 135.09 135.31 135.35 135.25 135.69 135.59 135.57 135.43 135.31 134.69 134.78 133.59 134.03 134.19 134.00 133.34 133.36 133.98 134.26 134.58 134.59 134.71 134.79 134.55 134.48 134.43 134.33 134.27 133.97 134.13 134.01 133.61 133.75 133.58 133.67 133.96 134.21 133.95 134.56 134.19 134.14 133.88 133.66 134.79 133.71 134.08 134.37 135.00 135.63 135.81 135.96 135.95 136.05 136.08 135.87 135.93 135.68 135.86 135.25
15°S ||     135.56 134.09 135.13 134.85 135.24 135.47 135.94 136.07 135.74 135.81 135.79 135.38 135.18 135.25 135.45 135.80 134.25 135.21 135.46 134.42 134.18 133.82 133.49 133.14 132.69 132.12 131.19 129.67 128.18 127.73 128.20 128.80 129.00 129.28 129.44 129.38 129.58 129.61 128.88 128.53 128.49 129.10 129.47 129.83 130.38 131.00 131.44 131.78 132.01 132.19 132.21 132.66 132.87 132.87 132.49 132.35 131.91 133.01 132.19 133.19 133.64 135.38 135.53 135.28 135.03 135.10 135.44 135.02 135.05 135.48 135.35 135.87 135.80 135.90 136.08 136.11 136.05 136.11 136.11 136.10 136.11 136.11 136.11 136.03 136.10 136.07 136.07 136.02 135.95 135.89 135.90 135.78 135.64 135.32 135.15 135.17 135.05 134.82 134.23 134.80 134.06 134.20 134.04 133.66 133.81 133.50 133.68 133.65 133.50 133.60 134.08 133.54 133.35 133.33 133.45 133.08 134.12 135.00 135.04 135.08 134.58 135.11 135.08 134.96 135.24 135.44 135.34 135.59 135.01 134.61 134.39 133.41 133.32 133.39 133.73 133.57 133.29 133.50 133.56 134.04 134.39 134.62 134.55 134.55 134.67 134.52 134.27 134.36 134.00 134.19 133.97 134.22 133.52 133.18 134.25 134.44 133.68 134.39 134.45 134.14 134.21 134.07 133.66 133.92 134.44 134.59 134.43 134.46 134.76 135.85 136.00 135.93 136.11 136.09 135.77 136.11 135.94 136.06 135.17 135.37
13°S ||     135.68 135.62 135.31 134.99 135.25 135.70 136.01 136.12 136.08 136.11 136.00 135.65 135.53 135.71 135.69 135.77 135.28 135.24 135.08 134.70 134.35 133.91 133.54 133.14 132.58 131.86 130.78 128.69 126.45 126.00 127.20 128.34 128.71 128.81 128.91 129.65 129.39 129.35 128.71 128.42 128.47 129.78 128.97 129.50 130.08 130.63 131.18 131.53 131.79 131.98 132.03 132.86 132.19 133.56 135.76 135.42 135.43 133.94 135.32 135.20 134.87 133.75 133.64 133.92 134.99 135.60 135.95 135.86 134.72 135.34 135.12 135.69 135.91 136.04 136.08 136.03 136.12 136.07 135.98 136.12 136.12 136.12 136.11 136.11 136.06 136.08 136.11 136.05 135.93 136.02 136.00 135.93 135.77 135.52 135.80 135.38 135.17 134.89 134.72 134.73 134.68 134.36 133.93 133.70 133.49 134.03 133.56 133.55 133.42 133.35 133.39 133.58 133.13 133.57 133.45 133.73 133.76 134.67 134.88 134.72 134.81 135.06 134.93 134.91 134.59 135.10 135.17 135.18 134.94 134.71 133.57 133.30 132.96 133.56 133.43 133.68 133.22 133.42 134.16 134.20 134.73 134.58 134.69 134.58 134.63 134.53 134.12 133.92 133.84 133.91 133.87 133.61 134.05 133.52 134.50 134.46 133.88 133.87 134.26 134.38 134.06 134.17 133.73 133.58 133.97 135.02 135.06 135.25 135.63 136.06 136.12 136.09 136.09 136.10 136.11 136.09 136.03 136.10 136.04 136.10
11°S ||     136.03 136.06 136.00 135.99 135.86 135.88 136.04 136.11 136.09 136.06 136.03 135.98 136.02 135.71 135.92 135.80 135.74 135.44 135.25 134.89 134.48 134.16 133.62 133.14 132.41 131.73 130.74 128.92 126.51 124.80 125.71 128.31 128.59 128.61 128.53 129.22 129.14 128.82 128.32 128.07 128.56 128.93 128.86 129.41 129.89 130.35 131.12 131.36 131.59 131.85 131.71 132.48 135.88 135.94 135.06 134.96 133.56 131.11 130.88 132.06 132.84 133.07 133.41 133.66 134.20 134.06 134.28 135.62 135.02 135.23 135.14 135.56 135.12 136.09 136.10 135.75 135.91 136.09 136.02 136.02 136.12 136.12 136.11 136.12 136.10 136.11 136.11 136.08 136.11 136.05 136.04 136.11 135.81 135.66 135.45 135.45 135.49 135.08 133.73 134.19 134.72 134.80 134.23 133.95 133.84 133.47 133.45 133.55 133.31 133.37 133.87 133.53 133.64 133.32 133.62 133.79 133.72 134.00 134.43 134.20 134.37 134.68 134.63 134.53 134.16 135.03 134.95 135.19 134.92 134.87 134.55 133.66 133.04 133.30 133.25 133.86 133.48 133.99 134.38 134.40 134.86 134.74 134.54 134.63 134.64 134.59 134.44 134.49 134.18 134.15 133.97 133.56 133.11 133.65 133.57 133.85 134.29 134.40 134.10 134.58 134.28 134.84 135.12 134.74 134.98 135.99 135.16 135.59 135.82 136.09 136.12 136.10 136.04 136.07 136.01 135.95 135.94 136.11 136.11 136.09
9°S ||     136.00 136.10 136.08 136.00 135.99 135.99 136.11 136.08 136.10 136.11 136.04 136.11 136.04 135.98 135.99 135.85 135.84 135.62 135.44 135.04 134.75 134.25 133.85 133.28 132.66 131.89 130.98 130.12 126.89 123.79 123.78 127.22 128.45 128.47 128.55 128.43 128.88 128.63 128.67 128.33 128.46 129.14 130.98 132.80 131.51 130.41 131.06 131.72 131.66 132.13 134.99 135.60 135.68 134.91 135.28 131.66 130.67 132.83 131.36 132.76 133.06 133.23 133.99 133.88 134.41 134.62 135.46 134.99 135.66 135.22 135.11 135.09 134.98 135.45 135.62 135.90 136.11 136.08 136.05 135.72 136.02 136.12 136.12 136.09 136.12 136.06 136.07 136.10 136.07 136.03 136.08 135.96 135.96 135.90 135.66 135.37 135.46 135.21 134.52 134.41 134.76 134.49 134.08 134.28 134.24 133.77 133.46 133.89 135.15 135.53 133.62 133.98 133.79 133.91 133.86 133.71 133.74 133.85 134.16 134.24 134.22 134.01 134.25 134.03 133.99 134.13 134.44 134.83 134.88 134.88 134.48 134.03 133.05 133.99 134.00 133.35 134.32 134.61 133.95 134.45 134.81 134.84 134.98 134.75 134.75 134.50 134.40 134.84 134.72 134.26 133.40 133.65 133.13 133.97 134.44 134.24 134.48 134.93 134.46 134.68 135.20 136.00 136.10 135.89 135.84 136.10 136.11 136.07 136.11 136.11 136.10 136.06 136.00 135.65 135.85 135.87 135.82 134.62 136.11 136.12
7°S ||     136.12 136.12 136.10 136.09 135.77 135.91 136.10 136.04 135.87 136.02 136.06 136.09 136.10 136.06 136.08 136.09 136.08 135.86 135.61 135.30 134.92 134.48 134.07 133.43 132.82 132.23 131.50 130.85 127.50 124.72 125.33 126.67 128.11 128.38 128.57 128.80 128.33 128.34 128.79 128.33 131.97 132.33 129.39 133.76 132.91 132.98 133.39 135.63 134.05 134.34 133.01 131.33 134.43 135.16 135.92 135.72 135.66 133.62 132.57 133.28 133.43 133.46 133.81 134.01 135.16 135.58 135.25 135.67 134.69 134.89 135.59 135.05 135.11 135.40 135.23 135.47 135.71 136.10 136.11 136.03 136.04 136.09 136.08 136.12 136.11 136.09 136.11 136.08 136.03 136.10 136.08 136.08 135.95 135.90 135.88 135.93 135.93 135.43 134.87 135.05 134.06 134.01 134.18 134.28 133.48 134.03 134.22 133.88 133.88 133.94 134.19 134.17 134.34 133.55 133.67 133.70 133.69 134.29 134.35 134.14 133.71 133.52 133.63 133.38 133.86 134.45 134.18 134.36 134.83 134.84 134.70 134.56 133.44 133.34 133.83 134.09 134.15 134.27 134.11 134.54 134.85 134.77 135.08 135.03 134.96 135.01 135.11 135.13 135.09 135.37 133.17 132.98 133.18 133.96 133.45 134.85 136.01 135.47 135.61 135.56 136.02 136.07 136.10 136.05 136.08 135.99 136.08 136.01 136.01 136.02 136.01 136.02 135.94 135.81 135.69 135.69 135.95 135.99 136.09 136.12
5°S ||     136.11 136.09 136.04 136.06 136.12 135.73 135.78 135.79 135.69 135.98 136.08 136.09 136.05 136.11 136.07 136.02 136.00 136.10 135.74 135.72 135.29 134.90 134.43 133.80 133.26 132.65 132.04 131.07 129.80 128.13 126.87 127.09 128.10 128.26 128.65 128.92 128.89 129.97 129.18 128.52 128.88 129.21 129.68 134.49 132.50 134.89 132.44 133.51 132.46 131.61 131.13 134.57 135.15 135.75 135.30 131.71 132.12 133.40 135.92 134.84 133.71 133.88 134.01 134.06 134.85 134.43 135.26 134.70 134.81 135.12 135.71 135.91 135.47 136.04 136.01 135.60 135.42 135.62 136.10 136.12 135.77 135.99 136.02 136.08 136.09 136.12 136.10 136.10 136.08 136.11 136.09 136.06 136.06 135.81 135.89 135.98 135.93 135.91 135.61 135.70 134.85 133.79 134.01 134.22 134.60 134.27 134.15 134.08 134.23 134.04 134.70 134.80 134.63 133.79 133.60 133.67 133.41 133.66 133.37 134.01 133.67 134.03 133.75 133.76 134.05 133.82 134.48 134.05 134.66 134.73 134.56 133.95 134.09 133.51 134.03 134.23 134.61 134.51 134.63 134.78 134.66 134.92 135.43 135.49 135.26 135.24 135.88 135.63 135.15 134.90 134.25 133.74 134.64 134.52 134.40 135.00 136.02 136.04 135.39 135.92 136.01 136.08 135.97 136.07 136.07 135.90 135.90 135.95 135.94 135.89 135.85 135.88 135.74 135.75 135.75 135.71 135.69 135.84 135.98 136.07
3°S ||     136.06 136.08 135.98 135.95 136.03 135.52 135.51 135.61 135.88 135.77 136.12 135.91 135.86 135.71 135.75 135.65 136.11 135.76 136.12 136.03 135.83 135.26 135.11 134.47 133.76 133.14 132.56 131.56 130.81 129.43 128.41 128.23 127.94 127.92 128.75 129.20 129.55 129.72 129.76 129.30 129.09 129.70 130.11 131.07 131.40 131.46 132.16 132.21 132.01 131.67 131.40 131.16 131.71 134.01 133.44 132.29 132.97 133.55 133.92 135.88 133.68 134.48 134.44 134.67 134.83 134.95 135.74 135.29 135.45 135.78 135.95 136.05 135.11 136.11 136.12 135.73 135.88 135.85 136.09 136.07 136.01 136.01 135.79 135.97 136.09 136.11 136.09 136.12 136.12 136.12 136.11 136.08 136.05 136.03 135.95 135.92 135.51 135.92 135.91 135.94 135.13 134.47 134.24 134.44 134.76 134.23 134.39 134.62 134.55 134.57 134.85 134.86 134.53 134.20 134.00 133.50 133.17 134.54 134.28 134.05 133.95 134.07 133.87 134.28 133.69 134.08 133.80 134.56 134.62 134.87 134.37 134.54 134.42 134.27 134.73 135.45 134.35 135.09 134.95 134.65 134.93 135.01 135.75 135.75 135.36 135.98 135.85 135.43 135.09 134.77 134.14 134.37 134.23 134.45 134.69 135.61 135.84 136.07 135.98 136.08 136.02 136.05 136.07 136.10 136.04 135.89 135.97 136.08 135.76 135.73 135.76 135.68 135.65 135.62 135.62 135.61 135.66 135.73 135.92 135.95
1°S ||     135.90 135.94 135.91 135.79 135.73 135.50 135.49 135.65 135.74 136.05 136.11 135.79 135.98 135.74 135.53 135.93 136.10 136.05 136.08 136.06 135.97 135.77 135.50 134.99 134.37 133.50 132.81 132.02 131.27 130.48 129.38 128.77 127.40 126.00 128.96 129.41 129.69 129.98 130.15 130.18 130.23 131.14 131.54 131.88 132.17 132.79 133.15 133.39 133.68 133.89 133.13 134.71 135.71 132.31 132.45 132.77 133.70 134.08 134.18 135.37 134.53 134.81 134.83 134.81 135.07 135.18 135.15 135.60 135.84 136.00 135.79 136.08 135.37 135.30 136.03 136.04 136.09 136.08 136.05 135.92 135.64 135.77 135.85 136.06 136.04 136.06 136.10 136.12 136.12 136.11 136.12 136.11 136.09 136.08 135.98 135.93 135.41 135.90 135.89 135.93 135.17 134.95 134.74 134.51 134.77 134.69 134.64 134.86 134.92 135.00 135.17 135.14 134.39 134.13 134.10 133.73 133.40 134.58 134.34 134.29 134.32 133.87 133.95 133.72 134.12 134.19 134.40 134.55 135.18 135.02 134.64 134.06 134.61 134.74 135.38 135.40 135.16 135.84 135.00 134.81 135.05 135.22 135.81 135.85 135.90 136.01 135.93 135.00 135.31 134.79 134.64 134.74 135.46 135.52 135.84 136.07 135.94 135.85 135.95 135.98 135.79 135.89 136.03 136.04 135.88 135.95 136.09 135.95 135.79 135.72 135.69 135.67 135.66 135.61 135.60 135.61 135.70 135.69 135.79 135.87
1°N ||     135.85 135.92 135.80 135.61 135.67 135.59 135.49 135.43 135.71 135.97 136.12 136.10 135.81 135.53 135.52 135.72 135.88 135.97 136.00 136.12 136.07 136.07 135.54 134.74 134.15 133.98 133.24 132.24 131.37 131.06 130.59 130.00 127.79 125.38 126.21 129.70 129.86 130.01 130.35 130.70 131.15 131.51 131.77 132.14 132.58 133.15 133.53 133.93 134.55 134.93 133.38 132.23 132.03 132.46 132.81 133.48 133.99 134.48 134.55 135.03 134.73 134.99 135.67 134.98 135.12 135.26 135.10 135.73 135.69 135.94 136.08 135.42 134.98 135.04 136.12 136.08 136.08 136.06 136.06 135.60 136.11 135.64 135.98 136.08 135.92 136.00 136.08 136.12 136.08 136.12 136.12 136.12 136.11 136.10 136.09 135.97 135.91 135.60 135.63 135.44 135.40 135.47 135.21 135.31 134.85 134.60 134.68 135.28 135.11 135.09 135.07 134.63 134.78 134.63 134.17 133.96 134.34 134.32 133.99 134.46 134.23 134.05 134.15 134.18 134.16 134.28 134.49 134.77 134.82 135.06 135.51 135.32 135.78 135.75 135.74 135.79 135.51 135.48 135.68 135.40 135.81 135.89 136.06 136.05 136.06 135.89 135.36 135.30 135.36 135.01 135.28 135.65 135.98 136.09 136.08 136.06 135.93 135.84 135.89 135.80 135.88 135.89 135.95 135.84 135.86 135.93 136.02 135.83 135.76 135.73 135.69 135.65 135.65 135.63 135.61 135.61 135.60 135.64 135.68 135.75
3°N ||     135.58 135.64 135.60 135.53 135.46 135.42 135.44 135.49 135.56 135.97 136.05 136.02 135.51 135.42 135.44 135.57 135.68 136.11 135.98 136.05 136.11 135.88 135.29 134.52 133.78 134.63 133.80 131.61 131.40 131.51 131.35 131.49 130.95 127.52 128.97 129.99 129.75 129.87 130.41 130.91 131.36 131.62 131.84 131.82 133.03 133.53 134.09 134.47 134.85 135.49 135.56 134.03 133.34 133.60 134.04 134.43 134.68 134.81 134.90 135.23 135.13 135.00 134.68 135.72 135.79 135.44 135.59 135.96 136.00 136.08 136.11 136.11 135.25 135.16 135.41 135.61 135.58 135.71 135.81 135.83 136.00 136.09 135.96 136.05 136.08 135.91 136.10 136.12 136.10 136.12 136.09 136.12 136.11 136.10 136.08 135.99 135.97 135.78 135.90 135.74 135.72 135.74 135.72 135.49 135.48 134.84 135.16 135.59 135.93 135.03 135.20 134.91 134.47 134.44 134.28 134.76 134.53 134.52 134.17 134.50 134.30 134.13 134.10 134.24 134.25 134.34 134.61 134.78 135.06 135.20 135.95 136.06 135.99 135.90 135.79 135.98 135.94 135.85 135.71 135.94 135.97 136.04 136.10 136.07 136.04 135.70 135.65 135.50 135.35 135.00 135.83 136.06 136.09 136.12 136.11 135.96 135.89 135.82 135.80 135.76 135.91 135.78 135.83 135.79 135.81 135.90 135.86 135.78 135.75 135.73 135.72 135.67 135.65 135.64 135.64 135.62 135.60 135.59 135.57 135.56
5°N ||     135.59 135.52 135.40 135.51 135.40 135.39 135.43 135.44 135.50 135.72 135.83 135.89 135.42 135.34 135.34 135.42 135.88 136.11 135.91 135.99 136.11 135.47 134.80 134.33 134.67 134.81 134.56 133.15 131.52 131.41 131.64 132.11 132.39 132.01 131.02 130.35 129.55 129.36 130.54 131.19 131.64 131.88 132.01 131.75 133.25 134.14 134.58 134.89 135.32 135.86 136.04 134.55 134.52 134.86 135.08 135.26 135.23 135.27 135.32 135.50 135.75 135.33 134.90 135.08 135.38 135.83 135.97 136.04 136.07 136.12 136.02 135.39 136.01 135.61 135.20 135.41 135.74 136.00 136.04 136.00 136.08 136.03 136.08 136.05 135.90 136.06 136.08 136.12 136.11 136.12 136.12 136.12 136.08 136.06 136.05 136.04 136.02 136.03 135.94 135.77 135.73 135.74 135.65 135.72 135.64 135.60 135.67 135.58 135.67 134.86 135.05 134.20 134.43 134.31 134.53 134.36 134.39 134.56 134.47 134.45 134.30 134.16 134.04 134.09 134.72 134.42 134.58 134.90 135.26 135.73 136.02 135.27 135.20 135.19 135.21 135.31 135.63 136.09 136.11 136.06 136.09 136.12 136.12 136.05 136.05 135.80 135.64 135.65 135.14 135.24 136.08 136.09 136.06 136.05 136.00 135.99 135.86 135.81 135.77 135.77 135.79 135.82 135.79 135.79 135.78 135.79 135.78 135.79 135.75 135.75 135.74 135.70 135.68 135.66 135.65 135.63 135.60 135.59 135.57 135.55
7°N ||     135.56 135.52 135.48 135.46 135.41 135.39 135.39 135.40 135.44 135.58 135.74 135.54 135.34 135.29 135.28 135.40 135.96 135.71 135.76 135.97 136.03 135.59 135.69 135.43 135.26 135.21 134.84 133.94 131.08 131.25 131.64 132.55 132.85 132.55 131.82 130.82 128.58 128.55 131.04 131.57 131.90 132.10 132.25 132.55 133.86 134.31 134.68 135.08 135.47 135.83 136.05 136.08 135.23 135.19 135.18 135.22 135.38 135.53 135.67 135.77 135.81 135.62 135.12 135.59 135.94 135.93 136.10 136.12 136.12 136.10 135.97 135.37 135.14 135.39 135.21 135.99 136.02 136.05 135.79 135.70 135.82 136.06 136.03 135.97 136.06 136.11 136.10 136.12 136.12 136.11 136.12 136.12 136.12 136.07 136.04 136.00 135.94 135.99 135.88 135.64 135.64 135.69 135.78 135.63 135.60 135.79 135.36 135.88 135.68 135.71 135.24 134.81 134.70 134.14 134.27 134.39 134.28 134.47 134.47 134.50 134.25 134.31 134.06 134.65 135.08 134.31 134.60 135.00 135.71 136.10 135.33 135.15 135.17 135.18 135.17 135.21 135.23 135.47 136.08 136.09 136.09 136.12 136.09 136.10 135.80 135.49 135.62 135.91 135.69 135.64 136.11 136.02 135.99 135.94 135.85 135.91 135.80 135.76 135.80 135.76 135.75 135.80 135.79 135.80 135.77 135.78 135.79 135.79 135.79 135.78 135.77 135.79 135.71 135.68 135.69 135.63 135.59 135.57 135.56 135.54
9°N ||     135.52 135.46 135.56 135.52 135.40 135.40 135.39 135.41 135.35 135.52 135.67 135.39 135.28 135.25 135.26 135.52 135.70 135.53 135.80 136.11 136.12 136.07 136.03 135.92 135.74 135.44 135.11 134.08 131.70 131.58 132.23 133.19 133.15 133.36 132.84 131.31 127.95 126.25 130.28 131.90 132.08 132.34 132.61 133.04 133.76 134.32 134.75 135.18 135.49 135.85 136.06 136.08 135.96 135.45 135.37 135.38 135.51 135.66 135.77 135.89 135.99 135.92 135.73 135.76 135.95 136.10 136.10 136.09 136.06 135.86 135.39 135.35 135.42 135.17 135.84 135.86 135.81 135.87 135.69 136.01 136.01 136.04 136.06 136.03 135.97 136.06 136.09 136.04 136.09 136.07 136.12 136.12 136.10 136.10 136.08 136.06 135.97 135.95 135.91 135.85 135.75 135.52 135.29 135.20 135.70 135.86 135.89 135.50 135.44 135.28 135.22 135.22 135.03 135.22 134.87 134.55 134.39 134.44 134.44 134.11 134.34 134.25 133.92 135.36 134.44 134.31 134.75 135.28 135.96 135.81 135.25 135.13 135.13 135.13 135.15 135.18 135.20 135.29 135.57 135.87 136.01 135.94 136.09 135.97 135.96 135.90 136.08 136.12 136.09 136.08 136.06 135.94 135.81 135.94 135.81 135.74 135.79 135.80 135.85 135.84 135.60 135.89 135.91 135.87 135.81 135.78 135.85 135.82 135.87 135.84 135.83 135.74 135.73 135.68 135.72 135.64 135.60 135.57 135.55 135.55
11°N ||     135.49 135.49 135.49 135.49 135.37 135.36 135.33 135.35 135.28 135.32 135.38 135.24 135.21 135.23 135.25 135.28 135.51 135.50 135.81 136.06 136.11 136.12 136.08 135.94 135.71 135.47 134.99 134.04 133.19 133.54 133.46 133.44 133.46 133.46 133.57 133.42 128.65 123.67 124.91 131.89 132.27 132.55 132.87 133.29 133.76 134.37 134.91 135.27 135.63 135.85 136.03 136.09 136.07 135.65 135.54 135.52 135.64 135.77 135.84 135.94 136.02 135.85 135.77 135.94 136.11 136.11 135.99 135.88 135.76 135.85 135.19 135.30 135.86 135.16 135.41 135.89 135.35 135.96 136.02 135.89 136.03 136.05 136.08 136.10 136.07 136.05 135.95 136.05 136.04 136.00 136.12 136.12 136.12 136.12 136.05 136.09 136.01 135.95 135.99 136.02 135.95 135.90 135.61 135.24 135.83 135.76 136.11 135.69 136.01 135.19 135.44 135.39 135.34 135.53 135.19 134.63 134.37 134.65 134.88 134.28 134.49 134.37 134.13 133.99 134.18 134.66 135.07 135.60 136.11 135.66 135.14 135.12 135.10 135.13 135.17 135.17 135.22 135.25 135.44 135.77 135.90 136.10 136.11 136.08 136.01 136.08 136.06 136.00 136.00 135.97 135.89 135.79 135.68 135.66 135.75 135.70 135.76 135.76 135.88 135.93 135.99 136.05 136.03 136.01 135.97 135.94 135.93 135.93 135.91 135.73 136.05 135.84 135.75 135.75 135.74 135.61 135.59 135.60 135.81 135.56
13°N ||     135.56 135.47 135.68 135.67 135.38 135.39 135.33 135.29 135.27 135.24 135.21 135.18 135.18 135.19 135.20 135.27 135.35 135.54 136.07 136.05 136.09 136.10 136.04 135.96 135.67 135.35 135.02 134.61 133.78 133.78 133.64 133.62 133.61 133.71 133.91 134.09 133.24 125.23 126.32 130.94 132.06 132.81 133.22 133.52 130.32 134.67 135.09 135.41 135.70 135.85 136.05 136.09 136.09 135.72 135.65 135.70 135.79 135.87 135.93 135.98 136.00 136.03 136.02 136.04 136.12 135.92 135.81 135.68 135.62 135.29 135.23 135.30 135.63 135.69 135.81 135.40 135.74 135.82 136.03 136.10 136.10 136.03 136.09 136.07 136.07 136.08 135.22 136.07 135.68 136.08 136.12 136.12 136.12 136.05 136.02 136.07 136.08 136.10 136.11 136.12 136.11 135.86 135.74 135.81 135.90 135.98 135.88 136.00 136.12 135.65 135.66 135.90 135.55 135.47 135.32 135.11 134.85 134.97 135.12 135.05 134.87 134.50 134.39 134.42 134.53 134.78 135.26 135.87 136.08 135.60 135.14 135.12 135.13 135.15 135.18 135.18 135.20 135.24 135.37 135.66 135.80 136.02 136.04 136.01 136.02 135.97 135.99 135.80 135.88 135.74 135.69 135.65 135.55 135.49 135.48 135.61 135.65 135.78 135.95 136.09 136.11 136.07 136.12 136.12 136.10 136.07 136.05 135.98 136.00 135.98 135.96 136.03 135.76 135.78 135.72 135.70 135.61 135.63 135.97 135.71
15°N ||     135.55 135.45 135.44 135.33 135.35 135.40 135.30 135.23 135.22 135.19 135.16 135.12 135.13 135.14 135.14 135.22 135.53 135.77 136.00 136.04 136.05 132.96 128.19 127.58 130.05 135.22 134.89 134.78 134.50 133.97 133.87 133.74 133.76 133.83 133.93 134.05 134.07 132.67 130.47 130.88 132.31 133.03 133.50 133.79 134.30 134.99 135.24 135.52 135.71 135.84 136.02 136.08 136.10 135.78 135.78 135.77 135.85 135.94 135.99 136.00 136.03 136.03 135.99 136.11 135.91 135.75 135.65 135.56 135.54 135.31 135.19 135.27 135.44 135.58 135.39 135.63 135.67 135.82 135.90 135.95 135.82 136.05 136.10 135.54 136.04 136.07 136.05 136.08 136.07 136.05 135.78 136.00 136.09 136.12 135.98 136.11 136.12 136.12 136.12 136.11 136.07 136.12 135.98 135.93 135.99 136.00 135.85 136.09 136.08 135.46 135.72 135.76 135.79 135.85 135.41 135.33 135.10 134.93 135.02 135.03 134.81 134.92 134.72 134.79 134.91 135.11 135.48 136.05 135.94 135.18 135.15 135.18 135.13 135.16 135.18 135.20 135.22 135.25 135.36 135.59 135.73 135.80 135.88 135.91 135.92 135.91 135.86 135.79 135.65 135.61 135.54 135.49 135.48 135.44 135.43 135.45 135.61 135.82 136.06 136.12 136.01 135.89 135.72 135.89 136.01 136.12 136.10 136.06 136.06 136.03 136.00 135.98 135.89 135.80 135.77 135.72 135.69 135.57 135.84 135.23
17°N ||     135.49 135.41 135.39 135.32 135.57 135.32 135.30 135.25 135.18 135.16 135.13 135.10 135.09 135.09 135.07 135.42 135.66 135.71 135.93 135.92 135.49 127.25 123.95 123.18 125.35 132.52 134.84 134.80 135.06 134.52 134.19 133.89 133.81 133.87 133.95 134.07 134.09 133.84 132.61 132.47 133.01 133.27 133.59 133.90 134.38 135.02 135.37 135.62 135.78 135.90 135.98 136.10 136.08 135.63 135.67 135.83 135.91 135.96 135.99 136.02 136.05 136.09 136.11 136.00 135.87 135.63 135.52 135.41 135.29 135.26 135.35 135.25 135.30 135.40 135.35 135.54 135.74 135.71 135.77 135.96 136.03 136.11 135.95 135.71 136.08 136.06 136.05 135.37 136.02 135.93 136.05 136.04 136.03 136.12 136.11 136.09 136.10 136.11 136.11 136.07 136.08 136.11 136.09 136.05 136.11 136.12 136.12 136.10 135.84 135.65 135.81 135.84 135.71 135.57 135.51 135.41 135.17 134.50 134.89 135.02 135.06 135.04 134.98 135.05 135.13 135.31 135.94 136.10 135.89 135.26 135.18 135.16 135.17 135.19 135.20 135.20 135.22 135.29 135.36 135.46 135.59 135.56 135.66 135.66 135.68 135.59 135.58 135.54 135.49 135.44 135.41 135.41 135.40 135.36 135.38 135.39 135.50 135.84 136.05 136.05 135.80 135.45 135.17 135.19 135.56 136.09 136.12 136.11 136.11 136.08 136.04 135.97 135.88 135.81 135.82 135.73 135.55 135.56 135.62 135.47
19°N ||     135.50 135.40 135.34 135.31 135.28 135.32 135.30 135.23 135.17 135.14 135.11 135.07 135.06 135.05 135.04 135.36 135.63 135.81 136.09 136.02 135.95 127.38 124.03 123.42 125.00 132.64 135.12 135.28 135.33 135.19 134.57 134.04 133.73 133.65 133.66 133.96 134.12 134.09 133.57 133.38 133.48 133.56 133.66 133.88 134.24 134.83 135.45 135.68 135.85 135.91 135.98 136.11 136.03 136.04 135.62 135.79 135.91 135.95 136.01 136.02 136.02 136.09 136.10 135.87 135.66 135.50 135.33 135.29 135.20 135.19 135.15 135.19 135.21 135.27 135.31 135.55 135.62 135.60 135.41 135.91 136.00 136.06 135.95 135.99 135.43 136.09 136.07 136.11 136.05 136.04 136.03 136.03 135.86 136.09 136.09 136.07 136.09 136.09 136.08 136.08 136.07 136.10 135.73 136.12 136.11 136.04 135.97 136.10 135.98 135.92 135.82 135.72 135.52 135.47 135.50 135.72 135.00 135.18 134.96 135.30 135.46 135.65 135.07 135.12 135.22 135.43 135.88 135.75 136.07 135.67 135.35 135.20 135.22 135.22 135.23 135.25 135.26 135.28 135.33 135.37 135.39 135.40 135.35 135.41 135.40 135.41 135.36 135.36 135.35 135.31 135.29 135.31 135.26 135.28 135.29 135.36 135.47 135.85 136.12 135.92 135.29 134.83 134.70 135.00 135.06 134.12 136.09 136.12 136.12 136.11 136.06 135.98 135.89 135.81 135.78 135.64 135.82 135.50 135.53 135.46
21°N ||     135.30 135.35 135.36 135.26 135.21 135.21 135.22 135.17 135.12 135.10 135.07 135.05 135.04 135.03 135.03 135.37 135.64 136.04 136.10 135.97 136.09 129.42 127.06 126.20 128.02 134.59 135.58 135.59 135.51 135.26 134.83 134.26 133.71 133.42 133.21 133.10 134.05 134.07 133.88 133.73 133.68 133.70 133.77 133.93 134.23 134.80 135.49 135.67 135.78 135.89 135.89 136.05 136.11 136.06 135.71 135.79 135.82 135.92 135.95 136.02 136.08 136.07 136.03 135.85 135.63 135.28 135.24 135.21 135.16 135.15 135.15 135.17 135.23 135.23 135.28 135.45 135.49 135.47 135.69 135.91 135.89 135.72 135.94 136.01 136.10 135.94 135.88 136.06 136.05 136.01 136.05 136.05 136.08 136.09 136.03 136.06 136.08 136.07 136.07 136.08 136.03 136.12 136.10 136.11 136.06 136.11 136.02 135.70 135.98 136.11 135.68 135.48 135.47 135.54 135.54 135.71 135.29 135.30 134.30 135.54 135.60 135.55 134.83 135.03 135.35 135.42 135.83 135.69 136.01 136.10 135.74 135.63 135.41 135.35 135.36 135.28 135.28 135.28 135.29 135.31 135.30 135.26 135.27 135.27 135.26 135.27 135.24 135.23 135.23 135.25 135.22 135.24 135.22 135.26 135.25 135.25 135.35 135.81 136.12 135.60 134.68 134.46 134.36 134.34 134.88 135.54 135.97 136.08 136.12 136.11 136.05 135.98 135.90 135.84 135.72 135.68 135.81 135.48 135.47 135.42
23°N ||     135.32 135.29 135.27 135.22 135.20 135.16 135.14 135.10 135.08 135.07 135.05 135.04 135.03 135.03 135.03 135.35 135.76 136.08 135.99 135.86 135.85 134.63 132.73 131.95 135.09 136.05 135.83 135.76 135.62 135.16 134.72 134.27 133.81 133.30 133.00 132.90 133.74 134.07 133.99 133.72 133.71 133.48 133.79 133.99 134.04 135.02 135.29 135.54 135.65 135.78 135.86 135.94 136.05 136.10 136.04 135.86 136.09 135.76 135.89 136.02 136.05 136.04 136.01 135.83 135.59 135.29 135.20 135.17 135.13 135.12 135.15 135.12 135.24 135.21 135.20 135.32 135.35 135.33 135.38 135.68 135.89 136.05 136.10 136.04 136.08 136.00 136.02 136.03 136.04 136.08 136.01 135.98 136.02 136.06 135.98 135.96 135.87 136.11 136.01 136.03 136.07 136.12 136.11 136.12 136.10 136.12 136.12 136.06 135.96 136.05 135.88 135.64 135.65 135.48 135.45 135.50 135.60 135.27 134.51 135.46 135.57 135.36 136.06 135.84 135.31 135.28 135.57 135.77 135.87 136.09 136.10 135.98 135.82 135.66 135.48 135.35 135.30 135.27 135.24 135.23 135.23 135.17 135.21 135.16 135.15 135.13 135.12 135.14 135.09 135.12 135.11 135.13 135.14 135.14 135.13 135.18 135.21 135.72 136.10 135.49 134.82 134.36 134.16 132.38 133.33 134.94 135.76 136.04 136.12 136.11 136.05 135.97 135.86 135.77 135.64 135.72 135.54 135.49 135.63 135.35
25°N ||     135.29 135.27 135.28 135.19 135.14 135.13 135.10 135.09 135.08 135.06 135.05 135.04 135.04 135.03 135.03 135.32 135.87 136.02 135.99 136.06 135.84 135.90 135.93 135.95 136.08 136.09 135.66 135.84 135.46 134.98 134.47 134.13 133.63 133.19 132.92 132.37 132.43 133.96 134.06 133.70 133.82 133.73 133.85 133.02 134.38 135.06 135.40 135.52 135.60 135.67 135.53 135.81 135.82 136.07 135.81 135.86 135.91 135.87 136.05 135.63 135.54 136.03 135.89 135.48 135.31 135.18 135.15 135.14 135.12 135.10 135.11 135.13 135.15 135.19 135.30 135.25 135.26 135.23 135.18 135.50 135.66 135.97 136.02 135.93 135.88 136.01 135.97 136.01 135.99 136.07 136.02 135.91 136.00 135.99 135.98 135.77 135.94 136.00 136.05 136.01 136.12 136.12 136.09 136.11 136.04 136.06 136.10 136.02 136.12 136.10 135.90 136.03 135.99 135.88 136.08 135.56 135.73 134.95 135.20 134.65 135.06 134.98 135.01 135.29 135.33 135.46 135.40 135.33 135.90 135.77 136.11 135.95 135.96 135.79 135.46 135.31 135.27 135.19 135.17 135.16 135.12 135.11 135.09 135.06 135.03 135.00 134.98 134.98 134.99 135.00 135.03 135.04 135.03 135.05 135.08 135.12 135.18 135.27 136.05 135.80 134.74 134.31 132.42 126.20 132.14 134.79 135.78 136.06 136.12 136.11 135.98 135.99 135.84 135.73 135.57 135.54 135.48 135.49 135.37 135.33
27°N ||     135.23 135.20 135.19 135.20 135.11 135.15 135.08 135.06 135.06 135.06 135.05 135.04 135.04 135.04 135.03 135.23 135.79 136.01 135.98 136.01 136.04 136.00 136.11 136.10 136.10 136.12 136.04 135.59 135.21 134.83 134.32 133.93 133.54 133.11 132.40 132.31 132.64 134.16 134.37 133.93 134.10 134.09 134.13 133.03 134.00 135.03 135.33 135.46 135.53 135.39 135.18 135.30 135.85 136.06 136.12 136.08 136.05 136.01 135.96 135.60 135.82 136.01 135.33 135.26 135.20 135.18 135.18 135.15 135.11 135.10 135.18 135.13 135.13 135.16 135.26 135.15 135.23 135.20 135.16 135.17 135.52 135.66 135.77 135.84 135.81 135.93 136.01 136.03 136.00 135.99 135.96 135.95 135.98 136.01 135.95 136.01 135.91 135.95 136.08 136.12 135.87 136.12 136.10 136.10 136.04 135.98 135.84 136.04 136.12 136.07 136.06 136.09 136.07 135.98 135.97 136.03 135.90 136.12 135.66 135.37 135.60 136.04 135.27 135.54 135.58 135.08 134.83 135.59 135.94 135.84 136.10 136.05 135.86 135.55 135.34 135.23 135.15 135.15 135.12 135.08 135.06 135.02 135.00 134.95 134.92 134.92 134.91 134.92 134.92 134.94 134.96 134.96 134.99 135.02 135.07 135.10 135.16 135.25 135.60 135.96 135.17 134.51 133.61 132.87 133.69 135.48 136.01 136.11 136.12 136.09 136.04 135.85 135.75 135.65 135.52 135.44 135.44 135.40 135.33 135.26
29°N ||     135.16 135.15 135.12 135.10 135.07 135.08 135.06 135.05 135.04 135.05 135.04 135.03 135.03 135.09 135.03 135.04 135.33 135.87 136.06 136.05 136.05 135.99 136.10 136.09 136.05 136.09 135.84 135.48 135.10 134.64 134.21 133.81 133.52 133.07 131.80 132.20 133.24 134.19 134.32 134.12 134.43 134.49 134.45 134.58 134.82 135.07 135.36 135.51 135.50 135.10 135.20 135.45 135.48 136.07 136.10 136.12 136.11 136.05 136.00 135.84 135.87 135.66 135.40 135.52 135.68 135.26 135.22 135.17 135.12 135.10 135.13 135.10 135.12 135.10 135.12 135.14 135.17 135.15 135.13 135.11 135.12 135.46 135.59 135.71 135.67 135.89 135.97 134.98 135.95 135.99 135.92 135.81 135.94 135.90 136.01 136.00 135.94 135.94 136.07 136.06 136.11 136.03 136.10 136.09 136.12 136.07 135.97 136.06 136.07 135.96 136.08 136.06 136.10 136.09 136.11 136.11 136.06 135.74 135.65 135.59 135.78 135.53 135.38 135.52 135.24 135.66 136.02 136.07 136.08 135.99 135.93 135.78 135.47 135.37 135.27 135.15 135.12 135.08 135.03 135.00 134.96 134.94 134.90 134.88 134.87 134.86 134.87 134.89 134.88 134.90 134.91 134.94 134.97 135.01 135.04 135.07 135.12 135.17 135.38 136.04 135.95 135.45 134.84 134.80 135.35 136.03 136.11 136.12 136.11 136.07 135.88 135.79 135.65 135.53 135.42 135.34 135.33 135.31 135.23 135.19
31°N ||     135.09 135.11 135.07 135.07 135.06 135.06 135.05 135.03 135.03 135.03 135.03 135.02 135.02 135.02 135.02 135.03 135.19 135.47 135.65 135.70 135.84 135.91 136.02 136.07 135.99 135.94 135.70 135.40 134.91 134.55 134.13 133.99 133.42 133.12 132.59 132.65 133.29 134.27 134.31 134.31 134.54 134.67 134.84 134.85 135.00 135.17 135.35 135.54 135.44 134.88 135.45 135.56 135.61 135.81 135.90 136.00 136.09 136.11 136.08 135.90 135.90 135.72 135.61 135.50 135.36 135.34 135.25 135.21 135.19 135.11 135.10 135.11 135.09 135.07 135.08 135.05 135.13 135.11 135.08 135.11 135.12 135.16 135.35 135.26 135.48 135.64 135.87 135.99 135.89 135.85 135.82 135.89 135.94 135.96 135.73 135.89 135.99 136.07 136.09 136.00 136.11 136.11 136.07 136.07 136.08 136.11 136.03 136.01 136.09 136.02 136.01 135.98 136.12 136.11 136.12 136.12 136.02 135.77 135.91 135.89 135.88 136.03 135.62 135.50 135.85 135.76 135.91 136.01 136.05 135.93 135.77 135.50 135.42 135.27 135.20 135.13 135.07 135.02 134.95 134.92 134.90 134.88 134.94 134.87 134.88 134.90 134.89 134.87 134.86 134.87 134.90 134.92 134.94 134.97 134.98 135.01 135.06 135.10 135.24 135.48 136.01 136.11 136.08 136.08 135.80 135.58 136.11 136.10 136.08 136.02 136.07 135.21 135.47 135.87 135.29 135.47 135.22 135.20 135.18 135.11
33°N ||     135.04 135.25 135.07 135.07 135.04 135.05 135.04 135.03 135.03 135.02 135.02 135.01 135.01 135.01 134.99 135.00 135.02 135.16 135.50 135.94 135.86 135.87 135.83 135.91 136.07 135.81 135.59 135.26 135.00 134.33 133.96 133.64 133.19 132.78 132.45 132.57 133.21 134.14 134.49 134.58 134.75 134.91 134.98 135.06 134.95 135.16 135.15 135.02 135.00 135.14 135.45 135.67 135.70 135.64 135.86 136.05 136.10 136.12 136.11 136.12 136.11 136.12 136.01 135.52 135.52 135.26 135.21 135.20 135.18 135.13 135.09 135.04 135.04 135.04 135.05 135.02 135.03 135.03 135.03 135.09 135.05 135.06 135.13 135.27 135.42 135.59 135.77 135.89 135.73 135.83 135.85 136.02 135.89 135.90 135.87 135.99 135.94 136.06 135.98 135.93 136.12 136.12 136.07 136.11 135.97 136.08 136.06 136.00 136.09 135.86 135.70 135.88 136.09 136.11 136.09 135.98 135.98 136.02 135.94 136.09 136.05 136.04 136.05 135.86 135.99 136.05 136.07 135.97 135.86 135.63 135.54 135.38 135.30 135.21 135.14 135.07 135.01 134.94 134.90 134.88 134.86 134.87 134.89 134.91 134.95 134.90 134.89 134.88 134.87 134.89 134.88 134.89 134.91 134.95 134.99 134.96 134.98 135.02 135.07 135.13 135.24 135.39 135.49 135.69 135.76 135.89 135.88 135.99 136.01 135.92 135.87 135.50 135.34 135.29 135.21 135.17 135.15 135.11 135.08 135.05
35°N ||     135.01 135.03 135.03 135.04 135.03 135.03 135.03 135.03 135.03 135.02 135.01 135.01 135.01 135.01 134.99 135.01 134.99 135.01 135.22 136.07 136.01 135.89 135.98 136.12 135.67 135.81 135.57 135.24 134.76 134.14 133.57 132.92 132.33 132.04 131.85 131.79 132.26 132.97 134.13 134.78 134.99 135.06 135.12 135.10 134.42 134.66 135.28 135.45 135.20 135.08 135.44 135.33 135.19 135.36 135.75 136.05 136.11 136.12 136.12 136.12 136.12 136.12 136.04 135.54 135.30 135.24 135.20 135.20 135.16 135.12 135.11 135.03 135.05 135.02 135.01 134.98 134.99 134.96 134.99 135.02 135.03 135.05 135.04 135.28 135.37 135.53 135.59 135.66 135.76 135.70 135.97 135.94 135.92 135.76 135.66 136.01 135.93 136.02 135.96 136.04 136.01 136.05 136.07 136.10 136.10 136.11 136.06 136.08 136.04 135.76 136.08 135.84 135.88 135.82 135.73 135.68 135.87 135.97 136.01 136.09 136.09 136.10 135.90 135.99 136.04 135.89 135.91 135.85 135.68 135.55 135.41 135.29 135.24 135.16 135.10 135.02 134.96 134.91 134.88 134.87 134.88 134.90 134.93 134.96 134.97 134.96 134.93 134.92 134.89 134.88 134.87 134.93 134.89 134.92 134.93 134.94 134.96 134.99 135.00 135.04 135.07 135.15 135.18 135.21 135.30 135.36 135.51 135.74 135.84 135.80 135.77 135.56 135.53 135.23 135.19 135.15 135.11 135.05 135.01 135.00
37°N ||     134.98 135.02 135.01 135.04 135.01 135.02 135.01 135.01 135.02 135.02 135.01 135.00 135.00 135.01 135.01 135.01 135.02 135.04 135.06 135.97 135.98 136.03 136.11 136.08 135.77 135.85 135.60 135.27 134.83 133.85 132.73 131.92 131.16 130.70 130.69 131.08 131.49 131.63 132.68 134.02 134.92 135.25 135.29 135.26 135.17 135.02 135.16 135.31 135.44 135.72 135.18 135.04 134.90 134.72 135.30 135.85 136.10 136.12 136.11 136.12 136.10 136.12 135.90 135.48 135.31 135.25 135.21 135.18 135.16 135.10 135.09 135.05 135.03 134.99 134.98 134.95 134.93 134.93 134.94 134.97 134.96 134.97 135.00 135.01 135.09 135.15 135.17 135.25 135.41 135.26 135.75 135.83 135.94 135.95 135.84 135.94 135.85 135.73 136.00 135.79 135.97 135.86 136.03 135.74 135.98 135.96 136.07 136.10 136.06 135.93 135.85 135.78 135.78 135.61 135.63 135.62 135.77 136.07 135.85 135.98 136.02 136.09 136.06 136.09 135.91 135.83 135.79 135.75 135.53 135.44 135.32 135.22 135.17 135.12 135.03 134.97 134.94 134.89 134.87 134.89 134.91 134.95 134.99 134.99 135.00 135.01 134.99 134.95 134.94 134.90 134.88 134.87 134.87 134.89 134.87 134.88 134.91 134.96 134.96 135.01 135.06 135.09 135.18 135.21 135.31 135.34 135.45 135.57 135.66 135.66 135.68 135.50 135.56 135.18 135.16 135.12 135.05 135.03 135.00 135.00
39°N ||     134.99 135.00 134.99 135.01 135.13 135.01 135.00 135.07 135.01 135.01 135.01 135.01 135.02 135.02 135.02 135.03 135.03 135.02 135.08 135.28 136.02 136.09 135.95 136.08 136.10 135.91 135.73 135.45 134.67 133.25 131.87 130.69 129.96 129.86 129.52 129.78 131.05 131.31 131.77 133.07 134.54 135.29 135.42 135.38 135.12 135.23 135.06 134.23 135.26 135.31 135.28 135.10 134.75 134.46 134.83 135.51 135.98 136.09 136.11 136.11 136.09 136.07 136.06 135.70 135.30 135.22 135.20 135.18 135.13 135.09 135.04 135.01 135.00 134.96 134.93 134.92 134.91 134.90 134.90 134.93 134.94 134.93 134.94 134.96 134.99 135.13 135.08 135.16 135.32 135.34 135.43 135.65 135.66 135.70 135.73 135.86 135.94 135.96 135.72 135.82 135.74 135.29 135.75 136.03 135.66 136.07 136.10 136.10 136.12 136.10 136.07 135.85 136.07 135.74 135.77 136.00 135.90 136.04 135.89 135.88 135.87 135.88 135.86 135.78 135.76 135.71 135.64 135.52 135.46 135.34 135.25 135.17 135.14 135.05 135.00 134.94 134.91 134.88 134.87 134.88 134.97 135.01 135.03 135.02 135.02 135.03 135.00 134.99 134.96 134.97 134.92 134.90 134.87 134.87 134.87 134.87 134.88 134.93 135.00 134.99 135.04 135.08 135.14 135.21 135.30 135.30 135.37 135.44 135.47 135.52 135.55 135.72 136.03 135.15 135.13 135.12 135.05 135.01 134.99 135.00
41°N ||     134.99 134.99 134.98 134.99 134.99 135.00 135.01 135.00 135.01 135.01 135.01 135.01 135.02 135.00 135.03 135.02 135.04 135.11 135.15 135.29 135.56 135.80 135.99 136.08 136.12 136.05 135.94 135.53 134.61 133.05 131.51 130.58 130.25 130.17 129.41 129.82 130.92 131.52 132.13 133.46 134.73 135.37 135.45 135.41 134.76 135.31 135.14 134.79 135.10 135.00 135.01 134.86 134.85 134.98 135.22 135.40 135.83 136.08 136.09 136.07 136.12 136.06 136.06 135.77 135.38 135.19 135.16 135.19 135.11 135.06 135.03 134.98 134.96 134.93 134.91 134.89 134.88 134.88 134.88 134.88 134.89 134.89 134.91 134.88 134.90 134.96 135.02 135.04 135.14 135.12 135.34 135.16 135.29 135.43 135.39 135.64 135.77 135.52 135.88 135.67 135.23 135.23 135.26 135.89 135.74 136.06 135.99 136.04 136.03 136.09 136.12 136.06 135.57 135.89 136.07 136.04 135.77 136.05 135.81 135.87 135.83 135.84 135.66 135.63 135.55 135.60 135.49 135.47 135.34 135.23 135.19 135.16 135.10 135.04 134.96 134.92 134.88 134.87 134.91 134.94 134.97 135.03 135.04 135.03 135.03 135.01 135.02 135.00 134.99 134.96 134.93 134.94 134.93 134.90 134.88 134.86 134.88 134.89 134.93 134.97 135.02 135.08 135.12 135.18 135.27 135.27 135.30 135.34 135.34 135.42 135.82 135.65 135.80 135.20 135.13 135.08 135.06 135.01 135.01 134.99
43°N ||     134.99 134.97 134.97 134.98 134.99 134.99 135.00 135.01 135.01 135.00 135.01 134.99 135.00 134.99 135.02 135.03 135.06 135.12 135.24 135.45 135.64 135.80 135.96 136.06 136.11 136.12 136.04 135.86 135.22 134.10 132.67 131.52 130.99 130.82 130.70 130.85 131.47 131.89 133.79 134.97 135.55 135.70 135.57 135.53 135.56 135.08 135.36 134.70 135.05 135.09 134.99 135.13 134.51 135.05 135.60 135.49 135.65 136.00 136.10 136.11 136.12 136.11 136.05 135.76 135.39 135.17 135.11 135.09 135.06 135.03 134.97 134.95 134.91 134.90 134.97 134.88 134.87 134.88 134.87 134.86 134.87 134.87 134.89 134.89 134.88 134.93 134.95 135.02 135.04 135.03 135.07 135.10 135.10 135.16 135.26 135.45 135.54 135.62 135.35 135.28 135.19 135.24 135.54 135.29 135.55 135.31 135.41 135.32 136.09 136.11 136.06 135.77 136.04 136.07 135.69 135.65 135.75 135.83 135.79 135.70 135.68 135.67 135.44 135.34 135.46 135.47 135.43 135.29 135.22 135.19 135.21 135.11 135.10 135.02 134.95 134.90 134.87 134.87 134.90 134.95 134.99 135.02 135.01 134.96 135.02 135.00 134.99 134.96 135.04 134.93 134.93 134.93 134.91 134.90 134.90 134.87 134.87 134.88 134.94 134.96 135.02 135.08 135.16 135.18 135.22 135.25 135.29 135.27 135.28 135.37 135.52 135.66 135.90 135.23 135.08 135.08 135.02 135.01 134.99 134.97
45°N ||     134.96 134.96 134.97 134.97 134.97 134.98 134.99 135.00 135.01 134.99 134.99 135.01 135.01 135.02 135.02 135.06 135.12 135.20 135.34 135.49 135.67 135.82 135.94 136.01 136.06 136.10 136.12 136.07 135.82 135.17 134.58 134.09 133.91 132.28 131.57 131.39 132.07 133.57 134.61 135.38 135.72 135.84 135.84 135.90 135.98 136.05 136.07 135.93 135.38 134.99 134.55 134.99 135.61 135.56 135.56 135.74 136.10 136.05 136.11 136.10 136.05 135.92 135.80 135.60 135.36 135.14 135.11 135.05 135.01 134.97 134.95 134.91 134.89 134.87 134.88 134.87 134.87 134.87 134.88 134.88 134.87 134.87 134.86 134.87 134.88 134.89 134.94 134.92 134.94 135.00 135.01 134.98 135.05 135.09 135.10 135.13 135.29 135.38 135.20 135.22 135.40 135.54 135.66 135.26 135.52 135.30 135.27 135.26 135.54 135.80 135.88 135.68 135.80 135.87 135.64 135.77 135.88 135.67 135.64 135.58 135.60 135.47 135.41 135.33 135.33 135.28 135.27 135.26 135.18 135.16 135.12 135.11 135.03 134.99 134.91 134.88 134.86 134.89 134.91 134.94 134.98 135.02 135.02 135.02 135.01 134.98 134.99 134.99 134.98 134.97 134.94 134.96 134.94 134.88 134.90 134.89 134.86 134.89 134.96 134.99 135.02 135.11 135.16 135.19 135.19 135.21 135.21 135.21 135.22 135.24 135.29 135.44 135.73 135.16 135.16 135.12 135.04 134.98 134.98 134.96
47°N ||     134.95 134.96 134.96 134.97 134.98 134.98 134.99 134.99 135.01 134.98 134.99 135.00 135.00 135.02 135.06 135.08 135.17 135.25 135.36 135.49 135.67 135.76 135.85 135.91 135.97 136.03 136.09 136.11 136.12 136.05 135.90 135.81 135.82 135.77 134.91 134.71 135.30 135.57 135.63 135.68 135.82 135.89 135.87 135.92 136.02 136.09 136.09 136.08 135.31 135.08 135.52 135.80 136.08 136.00 136.06 136.11 136.09 135.78 136.11 136.10 136.01 135.83 135.60 135.35 135.18 135.10 135.05 135.03 134.96 134.94 134.91 134.89 134.88 134.87 134.87 134.86 134.88 134.90 134.89 134.89 134.88 134.89 134.87 134.87 134.87 134.87 134.88 134.89 134.90 134.92 134.95 134.95 134.97 134.99 135.06 135.04 135.10 135.14 135.14 135.12 135.17 135.21 135.12 135.22 135.36 135.24 135.42 135.40 135.28 135.50 135.67 135.53 135.52 135.44 135.42 135.81 135.62 135.55 135.50 135.41 135.40 135.35 135.27 135.32 135.23 135.22 135.22 135.20 135.15 135.13 135.07 135.05 135.00 134.96 134.87 134.88 134.86 134.88 134.91 134.94 134.97 135.01 135.01 134.99 135.00 134.99 134.98 134.97 134.95 134.98 134.96 134.95 134.92 134.92 134.92 134.88 134.87 134.90 134.93 135.18 135.11 135.05 135.11 135.12 135.14 135.16 135.16 135.18 135.17 135.17 135.18 135.25 135.21 135.18 135.14 135.05 135.04 134.99 134.98 134.95
49°N ||     134.95 134.95 134.96 134.97 134.96 134.96 134.97 134.97 134.98 134.98 134.98 135.00 135.00 135.04 135.08 135.13 135.21 135.27 135.36 135.47 135.59 135.65 135.73 135.81 135.91 135.97 136.00 136.04 136.07 136.10 136.11 136.12 136.12 136.11 136.08 136.09 136.09 136.08 135.99 135.92 135.91 135.98 135.98 135.84 135.95 136.04 136.05 136.03 136.10 135.61 135.76 135.59 135.49 135.74 135.78 136.09 136.09 136.08 135.75 136.06 135.83 135.62 135.36 135.20 135.17 135.05 134.99 134.95 134.94 134.89 134.89 134.88 134.86 134.87 134.87 134.88 134.88 134.90 134.91 134.90 134.90 134.89 134.89 134.88 134.87 134.87 134.86 134.88 134.88 134.89 134.90 134.93 134.96 134.98 135.00 135.00 135.04 135.03 135.03 135.05 135.14 135.09 135.21 135.19 135.25 135.17 135.35 135.20 135.24 135.38 135.44 135.37 135.41 135.43 135.52 135.35 135.38 135.34 135.30 135.33 135.31 135.28 135.22 135.23 135.23 135.19 135.21 135.17 135.14 135.10 135.05 135.01 134.97 134.93 134.87 134.87 134.86 134.89 134.89 134.93 134.95 134.98 134.99 134.99 134.98 134.98 134.97 134.97 134.95 134.93 134.97 134.94 134.91 134.89 134.89 134.87 134.88 134.92 134.93 135.17 135.20 135.02 135.08 135.09 135.09 135.11 135.10 135.11 135.15 135.12 135.14 135.12 135.32 135.22 135.03 135.04 135.04 134.97 134.93 134.96
51°N ||     134.95 134.94 134.95 134.95 134.95 134.95 134.97 134.98 134.97 134.98 134.99 135.02 135.04 135.06 135.11 135.16 135.24 135.32 135.39 135.47 135.63 135.61 135.69 135.78 135.82 135.88 135.93 135.97 136.00 136.03 136.06 136.09 136.11 136.12 136.12 136.12 136.12 136.12 136.09 136.04 136.01 136.03 136.05 136.07 136.04 136.10 136.12 136.06 135.81 135.68 135.57 135.48 135.38 135.34 135.33 135.57 135.98 136.04 135.94 135.65 135.51 135.32 135.20 135.06 135.05 135.00 134.96 134.92 134.90 134.88 134.87 134.87 134.88 134.88 134.89 134.90 134.90 134.89 134.95 134.97 134.91 134.91 134.92 134.87 134.89 134.88 134.86 134.87 134.86 134.87 134.88 134.89 134.91 134.93 134.95 134.96 134.98 135.04 135.00 135.03 135.03 135.04 135.19 135.13 135.45 135.09 135.46 135.19 135.21 135.27 135.27 135.28 135.28 135.26 135.21 135.27 135.25 135.26 135.22 135.21 135.22 135.19 135.21 135.21 135.18 135.18 135.20 135.15 135.12 135.10 135.06 135.01 134.96 134.92 134.89 134.88 134.87 134.88 134.91 134.93 134.95 134.96 134.99 134.98 134.99 134.99 134.96 134.98 134.97 134.95 134.94 134.91 134.91 134.87 134.88 134.87 134.89 134.91 134.94 134.95 134.99 135.01 135.03 135.06 135.06 135.06 135.09 135.07 135.10 135.10 135.10 135.09 135.12 135.04 135.03 135.06 135.02 134.97 134.93 134.94
53°N ||     134.95 134.95 134.94 134.94 134.94 134.95 134.96 134.97 134.98 135.01 135.00 135.02 135.05 135.09 135.14 135.22 135.34 135.33 135.36 135.43 135.49 135.54 135.62 135.67 135.74 135.78 135.84 135.90 135.92 135.97 136.00 136.02 136.05 136.07 136.07 136.08 136.08 136.11 136.12 136.11 136.10 136.10 136.11 136.12 136.12 136.07 136.02 135.90 135.76 135.59 135.47 135.40 135.34 135.29 135.26 135.23 135.62 135.52 135.73 135.32 135.10 135.05 135.02 135.00 134.97 134.94 134.90 134.88 134.87 134.86 134.89 134.90 134.90 134.91 134.92 134.94 134.94 134.93 134.95 134.94 134.92 134.94 134.92 134.93 134.91 134.94 134.92 134.88 134.88 134.87 134.86 134.87 134.89 134.90 134.92 134.94 134.94 134.99 134.97 134.98 135.03 135.03 135.07 135.11 135.23 135.22 135.23 135.13 135.18 135.15 135.18 135.18 135.21 135.18 135.18 135.19 135.16 135.13 135.17 135.14 135.16 135.17 135.21 135.19 135.17 135.19 135.19 135.15 135.12 135.10 135.04 135.00 134.96 134.93 134.93 134.90 134.88 134.87 134.87 134.89 134.89 134.91 134.92 134.94 134.95 134.95 134.94 134.94 134.91 134.91 134.91 134.91 134.88 134.87 134.88 134.90 134.89 134.91 134.93 134.95 134.97 135.00 135.02 135.03 135.03 135.05 135.04 135.05 135.12 135.08 135.10 135.06 135.06 135.06 135.04 134.99 134.96 134.95 134.94 134.93
55°N ||     134.92 134.93 134.94 134.96 134.95 134.98 134.97 134.97 134.98 134.99 135.00 135.03 135.05 135.09 135.11 135.20 135.01 135.38 135.33 135.37 135.41 135.47 135.52 135.55 135.63 135.69 135.75 135.81 135.86 135.89 135.92 135.93 135.96 135.96 135.98 135.97 136.01 136.03 136.06 136.09 136.11 136.11 136.12 136.11 136.08 136.01 135.89 135.51 135.50 135.38 135.34 135.33 135.27 135.25 135.21 135.15 135.11 135.10 135.03 135.00 134.97 134.95 134.91 134.90 134.88 134.87 134.86 134.87 134.88 134.90 134.92 134.93 134.93 134.95 134.96 134.95 134.96 134.96 134.97 134.99 134.94 134.95 134.96 134.94 134.97 134.93 134.90 134.90 134.88 134.88 134.87 134.86 134.87 134.88 134.91 134.92 134.92 134.92 134.94 134.96 134.98 135.00 135.03 135.03 135.05 135.08 135.11 135.10 135.10 135.12 135.12 135.12 135.13 135.10 135.13 135.10 135.07 135.07 135.08 135.09 135.13 135.15 135.17 135.18 135.20 135.19 135.14 135.11 135.11 135.09 135.05 135.00 134.98 134.97 134.94 134.91 134.89 134.87 134.87 134.87 134.87 134.88 134.88 134.90 134.91 134.90 134.90 134.90 134.87 134.87 134.88 134.87 134.86 134.88 134.90 134.89 134.92 134.91 134.92 134.96 134.98 134.99 135.00 135.00 135.03 135.02 135.04 135.06 135.07 135.05 135.04 135.09 135.07 135.07 135.02 135.11 134.96 134.93 134.92 134.91
57°N ||     134.92 134.92 134.93 134.93 134.93 134.95 134.96 134.97 134.98 134.98 135.01 135.03 135.03 135.08 135.11 135.13 135.28 135.25 135.30 135.31 135.35 135.38 135.43 135.48 135.51 135.56 135.63 135.69 135.69 135.75 135.78 135.81 135.83 135.82 135.84 135.84 135.86 135.89 135.91 135.99 136.01 136.03 136.04 136.03 135.98 135.86 135.72 135.59 135.42 135.36 135.30 135.27 135.24 135.19 135.14 135.09 135.05 135.00 134.96 134.94 134.89 134.88 134.87 134.87 134.87 134.87 134.89 134.90 134.91 134.94 134.94 135.11 134.98 134.98 134.98 135.00 134.99 134.98 134.98 134.98 134.97 135.00 134.95 134.96 134.89 135.29 134.92 134.91 134.90 134.89 134.89 134.87 134.86 134.87 134.87 134.89 134.89 134.91 134.92 134.96 134.96 134.97 135.01 135.04 135.06 135.05 135.06 135.08 135.05 135.06 135.07 135.05 135.03 135.03 135.03 135.02 135.01 135.02 135.04 135.09 135.11 135.10 135.12 135.14 135.14 135.13 135.15 135.12 135.10 135.09 135.04 135.03 134.99 134.99 134.97 134.94 134.91 134.90 134.89 134.90 134.87 134.88 134.86 134.87 134.88 134.87 134.87 134.87 134.86 134.87 134.86 134.87 134.87 134.87 134.89 134.88 134.90 134.90 134.91 134.93 134.95 134.95 134.98 134.99 135.00 135.02 135.02 135.03 135.06 135.03 135.03 135.05 135.00 135.02 135.01 134.97 134.94 134.94 134.93 134.92
59°N ||     134.92 134.92 134.92 134.94 134.92 134.93 134.97 134.95 134.95 134.95 134.97 134.99 135.01 135.04 135.07 135.12 135.12 135.16 135.19 135.23 135.26 135.30 135.36 135.40 135.40 135.43 135.45 135.49 135.52 135.56 135.58 135.63 135.66 135.65 135.61 135.66 135.67 135.67 135.73 135.80 135.83 135.85 135.84 135.76 135.71 135.58 135.50 135.42 135.33 135.28 135.23 135.17 135.15 135.11 135.06 135.03 134.99 134.95 134.92 134.89 134.86 134.89 134.89 134.90 134.90 134.91 134.93 134.94 134.95 134.95 134.98 134.97 134.98 135.00 135.01 135.01 135.00 135.02 135.03 135.02 135.00 134.99 134.99 134.97 134.97 134.96 134.95 134.94 134.93 134.90 134.88 134.89 134.87 134.87 134.88 134.87 134.88 134.89 134.92 134.93 134.95 134.96 134.96 134.98 134.98 134.99 135.03 135.03 135.02 135.01 134.99 134.98 134.98 134.98 135.00 134.98 134.98 134.98 135.02 135.04 135.05 135.07 135.11 135.10 135.12 135.12 135.14 135.11 135.09 135.09 135.05 135.06 135.01 134.97 134.98 135.01 134.95 134.94 134.94 134.91 134.89 134.91 134.89 134.87 134.87 134.88 134.87 134.88 134.87 134.87 134.88 134.87 134.87 134.88 134.89 134.88 134.89 134.90 134.90 134.92 134.92 134.94 134.95 134.97 134.98 135.00 135.04 135.03 135.04 135.02 135.01 135.00 134.99 134.99 134.97 134.96 134.94 134.93 134.95 134.93
61°N ||     134.92 134.91 134.92 134.91 134.92 134.91 134.93 134.94 134.93 134.96 134.97 134.97 134.99 135.01 135.04 135.06 135.08 135.11 135.13 135.17 135.20 135.21 135.24 135.27 135.30 135.31 135.34 135.36 135.38 135.39 135.40 135.42 135.41 135.42 135.44 135.46 135.47 135.46 135.48 135.38 135.51 135.51 135.51 135.48 135.45 135.41 135.37 135.31 135.23 135.18 135.16 135.08 135.04 135.01 134.98 134.95 134.92 134.90 134.88 134.87 134.88 134.91 134.92 134.93 134.95 135.11 134.94 134.99 135.00 135.00 135.02 134.99 135.02 135.05 135.07 135.06 135.05 135.06 135.03 135.04 135.03 135.03 135.01 135.02 134.99 134.98 134.96 134.95 134.93 134.92 134.90 134.90 134.89 134.87 134.87 134.88 134.87 134.88 134.89 134.91 134.91 134.93 134.95 134.95 134.96 134.95 134.98 134.96 134.97 134.95 134.95 134.95 134.94 134.95 134.96 134.95 134.96 134.96 134.97 135.01 135.00 135.01 135.10 135.06 135.07 135.09 135.11 135.12 135.11 135.08 135.08 135.06 135.04 135.16 135.04 134.99 134.98 134.98 134.95 134.93 134.92 134.95 134.90 134.90 134.89 134.91 134.90 134.90 134.89 134.89 134.89 134.88 134.89 134.90 134.89 134.89 134.90 134.90 134.90 134.91 134.92 134.92 134.94 134.95 134.95 135.00 134.97 134.98 135.00 134.99 135.00 134.97 134.96 134.97 134.94 134.94 134.95 134.92 134.93 134.94
63°N ||     134.89 134.92 134.92 135.08 134.91 134.90 134.90 134.91 134.91 134.92 134.93 134.95 134.96 134.98 134.99 135.00 135.02 135.04 135.08 135.12 135.19 135.13 135.15 135.17 135.19 135.20 135.22 135.22 135.22 135.25 135.26 135.28 135.29 135.31 135.32 135.34 135.35 135.34 135.35 135.35 135.36 135.34 135.33 135.31 135.27 135.24 135.20 135.18 135.13 135.08 135.03 134.99 134.96 134.92 134.89 134.88 134.87 134.87 134.88 134.89 134.91 134.93 134.96 134.99 134.99 135.00 135.04 135.03 135.03 135.03 135.04 135.03 135.05 135.05 135.06 135.08 135.06 135.04 135.04 135.06 135.05 135.05 135.02 135.00 134.99 134.94 134.95 134.94 134.94 134.93 134.92 134.90 134.88 134.88 134.88 134.87 134.88 134.87 134.88 134.89 134.90 134.91 134.92 134.92 134.92 134.92 134.93 134.92 134.93 134.93 134.92 134.92 134.91 134.92 134.93 134.93 134.94 134.95 134.94 134.95 134.97 134.98 134.99 135.01 135.03 135.04 135.07 135.08 135.09 135.09 135.08 135.06 135.05 135.04 135.02 135.00 134.99 134.98 134.96 134.99 134.94 134.97 134.93 134.92 134.94 134.91 134.91 134.91 134.90 134.90 134.91 134.90 134.89 134.89 134.89 134.90 134.90 134.91 134.90 134.90 134.91 134.92 134.91 134.92 134.95 134.94 134.94 134.94 134.98 134.96 134.96 134.95 134.96 134.94 134.92 134.91 134.92 134.91 134.91 134.90
65°N ||     134.89 134.87 134.89 134.88 134.88 134.88 134.89 134.88 134.92 134.90 134.92 134.92 134.92 134.92 134.96 134.96 134.97 134.98 135.01 135.00 135.01 135.04 135.05 135.06 135.07 135.08 135.11 135.10 135.11 135.13 135.14 135.16 135.17 135.19 135.21 135.23 135.23 135.23 135.24 135.24 135.24 135.22 135.19 135.17 135.13 135.10 135.08 135.04 135.02 134.99 134.96 134.95 134.90 134.87 134.86 134.89 134.91 134.95 134.96 134.97 134.97 135.00 135.02 135.01 135.04 135.05 135.06 135.04 135.05 135.07 135.04 135.04 135.07 135.07 135.07 135.08 135.08 135.06 135.07 135.06 135.07 135.05 135.03 134.96 135.48 136.42 134.94 134.93 134.95 134.93 134.94 134.91 134.91 134.88 134.88 134.87 134.87 134.87 134.87 134.87 134.88 134.88 134.89 134.91 134.89 134.91 134.91 134.91 134.91 134.91 134.90 134.90 134.89 134.90 134.93 134.92 134.90 134.92 134.93 134.92 134.93 134.94 134.95 134.98 134.99 135.03 135.02 135.04 135.04 135.08 135.05 135.06 135.06 135.05 135.02 135.03 135.01 135.00 135.01 134.99 134.97 134.97 134.95 134.94 134.96 134.93 134.93 134.92 134.93 134.92 134.91 134.91 134.91 134.90 134.93 134.90 134.90 134.89 134.89 134.90 134.91 134.91 134.90 134.90 134.92 134.90 134.90 134.93 134.91 134.92 134.90 134.91 134.91 134.91 134.91 134.90 134.91 134.91 134.92 134.93
67°N ||     134.86 134.87 134.87 134.87 134.87 134.86 134.88 134.87 134.87 134.87 134.89 134.89 134.88 134.90 134.90 134.91 134.91 134.92 134.92 134.93 134.96 134.95 134.98 134.99 134.99 135.02 135.00 135.01 135.03 135.04 135.05 135.08 135.07 135.10 135.07 135.13 135.13 135.13 135.14 135.13 135.12 135.10 135.07 135.06 135.04 135.01 134.98 134.95 134.93 134.90 134.88 134.87 134.88 134.90 134.94 134.97 135.02 135.05 135.08 135.12 135.13 135.12 135.09 135.08 135.08 135.08 135.07 135.08 135.09 135.08 135.09 135.09 135.08 135.10 135.09 135.08 135.07 135.05 135.09 135.08 135.07 135.06 135.02 135.00 135.00 134.97 134.96 134.96 134.95 134.96 134.94 134.92 134.92 134.90 134.89 134.88 134.87 134.87 134.86 134.87 134.88 134.87 134.88 134.89 134.89 134.89 134.89 134.89 134.90 134.92 134.91 134.89 134.88 134.89 134.89 134.89 134.91 134.90 134.90 134.90 134.91 134.93 134.93 134.94 134.95 134.96 134.97 135.00 135.02 135.02 135.04 135.05 135.05 135.05 135.07 135.03 135.02 135.01 135.08 135.00 134.98 134.96 134.96 134.97 134.96 134.96 134.99 134.94 134.94 134.93 134.93 134.91 134.91 134.90 134.90 134.90 134.90 134.89 134.89 134.89 134.91 134.90 134.90 134.89 134.89 134.90 134.88 134.88 134.88 134.89 134.88 134.89 134.88 134.88 134.89 134.89 134.88 134.87 134.87 134.87
69°N ||     134.86 134.88 134.88 134.87 134.88 134.88 134.87 134.88 134.87 134.88 134.87 134.86 134.87 134.86 134.87 134.89 134.89 134.87 134.87 134.88 134.88 134.89 134.89 134.90 134.92 134.92 134.99 134.93 134.94 134.97 134.94 134.98 134.98 135.00 135.03 135.04 135.04 135.04 135.03 135.03 135.02 134.99 134.98 134.96 134.94 134.92 134.89 134.87 134.87 134.89 134.91 134.93 134.94 134.97 134.99 135.02 135.04 135.06 135.09 135.10 135.10 135.10 135.10 135.09 135.08 135.09 135.10 135.10 135.08 135.10 135.11 135.09 135.12 135.11 135.07 135.09 135.09 135.07 135.07 135.06 135.05 135.04 135.05 135.02 134.99 135.00 134.96 134.95 134.95 134.94 134.94 134.92 134.91 134.90 134.90 134.88 134.88 134.88 134.87 134.87 134.86 134.86 134.86 134.87 134.87 134.87 134.87 134.87 134.88 134.87 134.90 134.89 134.88 134.88 134.88 134.88 134.89 134.89 134.89 134.90 134.91 134.91 134.91 134.91 134.94 134.94 134.95 134.95 134.96 134.97 134.99 135.01 135.01 135.02 135.04 135.05 135.04 135.01 134.99 135.00 134.99 134.99 134.98 134.98 134.97 134.97 134.96 134.95 134.95 134.95 134.93 134.94 134.93 134.91 134.90 134.90 134.90 134.89 134.88 134.88 134.88 134.88 134.88 134.88 134.88 134.87 134.87 134.86 134.87 134.87 134.87 134.86 134.86 134.87 134.88 134.87 134.87 134.87 134.87 134.86
71°N ||     134.90 134.91 134.92 134.90 134.89 134.91 135.17 134.88 134.90 134.90 134.88 134.89 134.89 134.88 134.90 134.90 134.90 134.88 134.91 134.87 134.86 134.87 134.87 134.87 134.87 134.87 134.88 134.89 134.89 134.91 134.90 134.90 134.90 134.92 134.91 134.91 134.93 134.92 134.92 134.92 134.92 134.90 134.89 134.88 134.87 134.86 134.88 134.90 134.91 134.94 134.96 134.98 134.98 134.98 134.99 135.00 135.01 135.02 135.04 135.04 135.03 135.05 135.05 135.06 135.10 135.07 135.08 135.09 135.12 135.10 135.11 135.10 135.09 135.11 135.08 135.07 135.07 135.08 135.07 135.05 135.04 135.04 135.03 135.01 134.99 134.99 134.97 134.97 134.96 134.94 134.92 134.90 134.91 134.91 134.90 134.90 134.89 134.88 134.88 134.87 134.86 134.86 134.87 134.87 134.86 134.86 134.86 134.87 134.87 134.87 134.87 134.87 134.87 134.87 134.88 134.87 134.88 134.88 134.90 134.89 134.91 134.89 134.90 134.92 134.92 134.92 134.92 134.92 134.93 134.95 134.96 134.96 134.97 134.97 134.99 134.99 135.00 135.01 135.02 135.02 135.04 135.04 135.03 135.01 135.00 134.99 134.97 134.96 134.95 134.95 134.93 134.93 134.93 134.92 134.91 134.91 134.89 134.88 134.88 134.87 134.87 134.88 134.86 134.86 134.86 134.87 134.87 134.87 134.87 134.87 134.87 134.87 134.87 134.88 134.88 134.89 134.90 134.88 134.89 134.89
73°N ||     134.94 134.95 134.95 134.94 134.93 134.96 134.96 134.95 134.95 134.96 134.97 134.95 134.95 134.93 134.98 134.94 134.94 134.93 134.92 134.91 134.92 134.88 134.88 134.89 134.88 134.89 134.88 134.94 134.90 134.88 134.89 134.87 134.87 134.87 134.87 134.87 134.87 134.87 134.87 134.87 134.87 134.88 134.89 134.89 134.91 134.92 134.93 134.94 134.95 134.96 134.98 135.02 135.01 135.01 135.01 135.01 135.00 134.99 134.98 135.00 135.01 135.02 135.03 135.03 135.04 135.06 135.07 135.06 135.06 135.07 135.09 135.10 135.10 135.07 135.09 135.09 135.09 135.07 135.05 135.02 135.03 135.02 135.00 134.99 135.00 134.99 134.98 134.97 134.95 134.95 134.93 134.90 134.90 134.90 134.90 134.88 134.89 134.88 134.88 134.88 134.87 134.87 134.87 134.87 134.86 134.86 134.86 134.87 134.87 134.87 134.87 134.87 134.86 134.86 134.87 134.87 134.86 134.87 134.88 134.89 134.89 134.88 134.88 134.90 134.90 134.91 134.91 134.91 134.93 134.93 134.94 134.94 134.94 134.95 134.95 134.96 134.96 134.97 134.98 134.97 134.97 134.96 134.96 134.95 134.95 134.94 134.94 134.94 134.93 134.92 134.93 134.91 134.91 134.90 134.90 134.90 134.88 134.88 134.87 134.87 134.87 134.86 134.88 134.87 134.88 134.89 134.88 134.89 134.90 134.91 134.88 135.35 134.87 135.04 134.90 134.91 134.94 134.93 134.90 134.92
75°N ||     134.96 134.99 134.97 134.98 134.98 135.01 134.97 134.99 135.00 134.99 135.01 134.98 134.99 135.01 134.98 135.00 135.00 134.96 134.98 134.98 134.97 134.99 135.00 135.02 134.98 134.94 134.95 134.95 134.90 134.91 134.91 134.91 134.93 134.94 134.95 134.92 134.91 134.91 134.89 134.92 134.91 134.92 134.94 134.94 134.94 134.93 134.95 134.96 134.97 134.99 135.01 135.01 135.01 135.02 135.02 135.05 135.01 135.01 135.01 135.02 135.04 135.06 135.07 135.07 135.07 135.06 135.05 135.06 135.07 135.04 135.08 135.08 135.08 135.08 135.07 135.08 135.06 135.06 135.03 135.04 135.02 135.01 135.00 135.04 134.99 134.97 134.96 134.95 134.94 134.94 134.93 134.92 134.92 134.91 134.91 134.90 134.92 134.89 134.88 134.88 134.87 134.87 134.87 134.87 134.87 134.87 134.87 134.86 134.87 134.87 134.87 134.87 134.86 134.86 134.86 134.87 134.87 134.87 134.87 134.87 134.88 134.88 134.89 134.88 134.88 134.88 134.90 134.90 134.90 134.91 134.90 134.91 134.91 134.91 134.93 134.92 134.93 134.93 134.93 134.93 134.93 134.92 134.92 134.94 134.93 134.92 134.91 134.91 134.92 134.91 134.91 134.90 134.90 134.89 134.89 134.88 134.88 134.87 134.86 134.86 134.86 134.87 134.88 134.89 134.89 134.89 134.89 134.90 134.91 134.92 134.92 134.93 134.92 134.97 134.98 134.98 134.98 134.98 134.97 134.95
77°N ||     135.02 134.99 134.93 134.91 134.94 135.01 134.98 134.90 134.90 134.99 135.02 135.02 135.02 135.01 135.01 134.97 135.00 135.01 134.92 134.97 134.92 134.94 135.06 135.14 135.02 134.97 134.96 134.99 134.97 134.97 134.96 134.96 134.97 134.95 134.90 134.95 134.93 134.94 134.94 134.93 134.96 134.96 134.94 134.94 134.96 134.98 134.98 134.99 135.00 135.01 135.02 135.03 135.00 135.04 135.05 135.07 135.07 135.07 135.07 135.07 135.08 134.95 134.94 135.02 135.05 135.04 135.04 135.05 135.03 135.03 135.04 135.05 135.05 135.05 135.04 135.04 135.03 135.04 135.05 135.04 135.03 135.00 135.00 134.99 134.99 134.97 134.95 134.94 134.96 134.95 134.95 134.94 134.92 134.91 134.90 134.91 134.91 134.90 134.90 134.89 134.89 134.89 134.88 134.89 134.88 134.88 134.88 134.87 134.87 134.87 134.87 134.87 134.86 134.87 134.87 134.87 134.86 134.87 134.87 134.88 134.87 134.87 134.87 134.87 134.87 134.87 134.88 134.88 134.88 134.89 134.89 134.89 134.90 134.91 134.96 134.92 134.90 134.90 134.90 134.90 134.91 134.91 134.91 134.91 134.90 134.91 134.90 134.90 134.90 134.90 134.89 134.89 134.89 134.88 134.87 134.87 134.87 134.87 134.87 134.87 134.86 134.87 134.89 134.90 134.90 134.90 134.91 134.92 134.93 134.92 134.94 134.92 134.94 134.96 134.95 134.99 135.02 135.01 134.99 135.01
79°N ||     134.96 134.94 134.93 134.96 134.96 134.95 134.94 134.94 134.95 134.94 134.95 134.91 134.97 134.95 134.96 134.98 134.98 135.00 135.00 134.98 134.97 135.00 135.00 135.01 135.02 135.02 135.00 134.95 134.96 134.94 134.95 134.96 134.96 134.97 134.96 134.97 134.96 134.98 134.98 134.97 134.98 134.98 134.98 134.97 134.96 134.96 134.97 134.98 134.99 135.01 135.03 135.02 135.03 135.04 135.05 135.06 135.05 135.06 135.08 135.08 135.09 135.10 135.10 135.10 135.09 135.09 135.11 135.09 135.06 135.05 135.03 135.02 135.00 135.01 135.01 134.97 134.96 134.97 135.00 135.00 134.98 134.99 134.96 134.93 134.92 134.99 134.97 134.98 134.93 135.02 134.92 134.88 134.92 134.97 134.89 135.00 134.98 134.90 134.95 135.00 135.00 134.95 134.93 134.88 134.88 134.87 134.88 134.88 134.88 134.87 134.87 134.87 134.87 134.87 134.86 134.86 134.86 134.86 134.86 134.88 134.93 134.89 134.87 134.87 134.87 134.87 134.87 134.88 134.88 134.88 134.88 134.88 134.88 134.88 134.88 134.88 134.88 134.88 134.88 134.88 134.88 134.89 134.90 134.89 134.89 134.90 134.91 134.91 134.90 134.89 134.89 134.89 134.88 134.87 134.87 134.86 134.87 134.87 134.86 134.86 134.87 134.88 134.88 134.90 134.90 134.91 134.91 134.90 134.91 134.94 134.94 134.94 134.94 134.95 134.96 134.95 134.95 134.98 134.98 134.97
81°N ||     134.89 134.89 134.89 134.88 134.88 134.88 134.88 134.88 134.88 134.88 134.88 134.87 134.87 134.87 134.87 134.86 134.86 134.86 134.86 134.87 134.87 134.87 134.87 134.88 134.88 134.89 134.91 134.92 134.92 134.94 134.96 134.93 134.94 134.98 134.90 134.92 134.89 134.90 134.91 134.90 134.94 134.92 134.95 134.95 134.95 134.97 134.99 134.98 134.94 134.93 134.87 134.88 134.90 134.90 134.93 134.95 135.07 135.05 135.02 135.00 134.98 134.94 134.95 134.95 134.97 134.98 135.01 134.93 134.90 134.88 134.86 134.94 134.92 134.91 134.94 134.98 135.02 134.97 135.04 135.09 135.11 135.21 135.19 135.25 135.25 135.23 135.32 135.34 135.33 135.37 135.34 135.29 135.41 135.41 135.30 135.38 135.37 135.46 135.46 135.44 135.29 135.24 135.25 135.25 135.26 135.23 135.34 135.13 135.06 134.89 134.90 135.03 134.96 134.88 134.91 134.90 134.95 134.92 134.89 134.98 134.97 134.99 134.97 134.96 134.91 134.87 134.94 134.93 134.93 134.94 134.92 134.92 134.92 134.92 134.91 134.91 134.90 134.88 134.87 134.87 134.87 134.87 134.87 134.87 134.87 134.87 134.87 134.87 134.87 134.86 134.86 134.86 134.87 134.87 134.87 134.87 134.87 134.87 134.87 134.87 134.87 134.87 134.88 134.88 134.88 134.88 134.88 134.87 134.88 134.87 134.87 134.87 134.87 134.87 134.88 134.88 134.88 134.89 134.89 134.89
83°N ||     134.95 134.95 134.95 134.95 134.95 134.95 134.95 134.95 134.94 134.94 134.94 134.93 134.93 134.92 134.92 134.91 134.90 134.90 134.89 134.89 134.89 134.89 134.89 134.89 134.89 134.90 134.89 134.89 134.95 135.00 135.06 135.10 135.02 134.99 135.11 135.06 135.12 135.10 135.11 135.14 135.18 135.15 135.22 135.26 135.26 135.19 135.20 135.22 135.19 135.16 135.11 135.06 135.00 134.98 135.08 135.05 135.11 135.15 135.16 135.12 135.15 134.97 134.98 134.88 134.92 134.93 134.96 134.98 134.98 134.91 134.91 134.90 134.95 134.99 135.02 135.07 135.11 135.15 135.18 135.20 135.22 135.25 135.27 135.28 135.32 135.34 135.36 135.38 135.40 135.40 135.40 135.41 135.41 135.42 135.44 135.45 135.47 135.48 135.49 135.50 135.51 135.52 135.54 135.55 135.56 135.57 135.57 135.58 135.57 135.51 135.44 135.35 135.36 135.33 135.40 135.34 135.26 135.24 135.27 135.32 135.35 135.33 135.23 135.30 135.27 135.33 135.28 135.26 135.30 135.27 135.34 135.32 135.27 135.19 135.23 135.24 135.23 135.28 135.24 135.23 135.18 135.09 135.07 135.03 134.92 134.93 134.88 134.87 134.87 134.87 134.86 134.87 134.86 134.86 134.86 134.87 134.86 134.86 134.87 134.87 134.87 134.87 134.88 134.88 134.88 134.89 134.89 134.90 134.90 134.90 134.91 134.91 134.92 134.92 134.92 134.93 134.94 134.94 134.95 134.95
85°N ||     134.91 134.93 134.91 134.90 134.90 134.93 135.15 135.18 135.13 135.10 135.20 135.09 135.16 135.18 135.19 135.11 135.32 135.42 135.43 135.43 135.42 135.32 135.14 135.24 135.25 135.20 135.07 135.17 135.21 135.11 135.18 135.50 135.47 135.33 135.46 135.51 135.52 135.52 135.51 135.49 135.50 135.44 135.48 135.51 135.49 135.53 135.56 135.55 135.55 135.49 135.48 135.50 135.47 135.36 135.38 135.43 135.42 135.41 135.38 135.35 135.34 135.36 135.30 135.34 135.36 135.36 135.25 135.25 135.15 135.11 135.09 135.01 135.02 135.02 135.05 135.06 135.08 135.12 135.12 135.10 135.06 134.95 134.94 135.04 135.18 135.20 135.17 135.15 135.12 135.06 135.11 135.18 135.30 135.39 135.40 135.37 135.40 135.42 135.47 135.50 135.52 135.48 135.53 135.55 135.56 135.57 135.59 135.60 135.60 135.62 135.62 135.62 135.62 135.61 135.61 135.60 135.59 135.58 135.58 135.58 135.57 135.56 135.56 135.57 135.57 135.57 135.57 135.57 135.57 135.57 135.57 135.57 135.58 135.57 135.55 135.55 135.52 135.52 135.53 135.44 135.54 135.54 135.54 135.38 135.36 135.34 135.29 135.16 135.28 135.37 135.31 135.37 135.23 135.21 135.14 135.07 135.20 135.13 135.08 135.05 135.06 135.16 135.11 134.99 135.03 135.04 134.98 134.94 134.92 134.94 134.93 134.95 134.98 135.03 134.98 134.93 134.91 134.98 134.98 134.97
87°N ||     135.69 135.64 135.66 135.65 135.61 135.64 135.64 135.65 135.72 135.74 135.74 135.73 135.71 135.69 135.72 135.75 135.76 135.75 135.76 135.76 135.75 135.71 135.71 135.80 135.80 135.80 135.78 135.77 135.76 135.75 135.74 135.78 135.81 135.78 135.80 135.84 135.86 135.87 135.87 135.87 135.84 135.85 135.82 135.83 135.85 135.88 135.89 135.90 135.88 135.87 135.87 135.87 135.86 135.85 135.82 135.77 135.77 135.75 135.73 135.73 135.76 135.77 135.78 135.79 135.79 135.80 135.80 135.80 135.79 135.77 135.68 135.55 135.53 135.56 135.57 135.60 135.56 135.60 135.61 135.58 135.63 135.66 135.67 135.67 135.64 135.67 135.65 135.59 135.64 135.61 135.68 135.70 135.68 135.72 135.75 135.75 135.74 135.74 135.72 135.73 135.75 135.78 135.78 135.75 135.75 135.79 135.80 135.81 135.83 135.83 135.84 135.82 135.84 135.83 135.83 135.82 135.82 135.80 135.81 135.75 135.83 135.82 135.80 135.79 135.74 135.71 135.79 135.79 135.76 135.76 135.73 135.77 135.83 135.82 135.82 135.82 135.82 135.81 135.77 135.76 135.76 135.75 135.74 135.76 135.73 135.74 135.73 135.75 135.78 135.81 135.78 135.81 135.77 135.79 135.83 135.82 135.81 135.70 135.75 135.71 135.76 135.66 135.66 135.62 135.62 135.61 135.64 135.66 135.65 135.64 135.66 135.62 135.60 135.61 135.60 135.59 135.63 135.61 135.58 135.64
89°N ||     135.95 135.95 135.94 135.93 135.93 135.97 135.97 135.99 135.99 135.99 135.99 135.99 135.99 135.99 135.99 135.99 136.00 136.00 136.00 136.00 136.00 136.00 135.99 136.00 136.00 135.99 136.00 136.01 136.01 136.02 136.02 136.03 136.03 136.03 136.03 136.03 136.04 136.04 136.04 136.04 136.04 136.04 136.04 136.04 136.04 136.04 136.04 136.04 136.04 136.04 136.04 136.04 136.03 136.03 136.02 136.02 136.01 136.01 136.00 136.01 136.01 136.00 136.00 136.00 136.00 135.99 135.99 135.99 135.99 135.98 135.98 135.98 135.98 135.97 135.97 135.96 135.96 135.96 135.95 135.94 135.95 135.95 135.95 135.94 135.95 135.94 135.94 135.95 135.94 135.95 135.95 135.94 135.92 135.93 135.94 135.95 135.95 135.95 135.92 135.91 135.93 135.95 135.95 135.95 135.96 135.96 135.96 135.97 135.97 135.98 135.98 135.98 135.98 135.99 135.99 135.99 135.99 135.99 136.00 136.00 136.00 136.00 136.00 136.00 135.99 136.00 136.00 136.00 136.00 136.01 136.01 136.01 136.01 136.01 136.02 136.02 136.02 136.03 136.03 136.03 136.03 136.03 136.03 136.03 136.03 136.03 136.03 136.03 136.03 136.03 136.03 136.02 136.02 136.01 136.01 136.00 136.00 135.99 136.00 136.00 136.00 136.00 136.00 136.00 136.00 136.00 136.00 136.00 135.99 135.99 135.99 135.98 135.98 135.98 135.97 135.97 135.96 135.96 135.96 135.95
