East longitude (degrees): -179:2:179
North latitude (degrees): -89:2:89

Absorbed dose on Martian Surface (1E-6 Gy/day), 2D array where Absorbed dose(i,j)= value at latitude(i) and longitude(j).
108.04 108.08 108.12 108.13 108.13 108.13 108.13 108.15 108.19 108.23 108.38 108.44 108.41 108.46 108.66 108.76 108.80 108.87 108.89 108.77 108.71 108.86 108.88 108.84 108.79 108.77 108.71 108.73 108.82 108.79 108.88 108.99 108.93 108.86 108.97 108.88 108.78 108.71 108.64 108.59 108.55 108.47 108.41 108.39 108.36 108.36 108.35 108.36 108.35 108.33 108.30 108.30 108.26 108.25 108.24 108.24 108.16 108.13 108.11 108.10 108.08 108.05 108.04 108.01 108.03 108.06 108.07 107.96 107.92 107.92 107.85 107.83 107.83 107.84 107.80 107.77 107.76 107.74 107.73 107.73 107.71 107.73 107.73 107.71 107.73 107.73 107.73 107.72 107.71 107.72 107.73 107.77 107.79 107.80 107.80 107.81 107.80 107.81 107.83 107.84 107.82 107.81 107.80 107.80 107.81 107.81 107.82 107.84 107.85 107.86 107.87 107.85 107.82 107.84 107.89 107.92 107.91 107.91 107.92 107.93 107.95 107.96 107.98 108.00 108.04 108.07 108.08 108.10 108.13 108.15 108.16 108.17 108.18 108.20 108.21 108.24 108.26 108.26 108.26 108.26 108.21 108.22 108.19 108.16 108.17 108.16 108.16 108.13 108.10 108.07 108.07 108.05 108.04 108.00 107.98 107.96 107.95 107.93 107.93 107.94 107.93 107.93 107.93 107.91 107.91 107.91 107.92 107.92 107.92 107.92 107.93 107.94 107.94 107.94 107.95 107.98 108.00 108.02 108.03 108.04
110.10 110.16 110.16 110.28 110.26 110.33 110.24 110.23 110.21 110.13 110.13 110.12 110.00 109.87 109.80 109.78 109.79 109.80 109.80 109.75 109.75 109.81 109.96 110.01 109.99 109.95 109.96 109.86 109.95 109.80 110.05 110.08 109.91 109.89 109.87 109.85 109.78 109.71 109.77 109.80 109.76 109.81 109.76 109.73 109.68 109.65 109.64 109.57 109.52 109.46 109.32 109.47 109.27 109.00 109.02 108.95 108.83 108.69 108.63 108.60 108.75 108.23 108.28 108.02 107.95 107.93 107.89 107.87 107.86 107.82 107.72 107.64 107.70 107.69 107.43 107.38 107.31 107.21 107.17 107.32 107.03 106.84 106.82 106.73 106.70 106.71 106.73 106.76 106.79 106.81 106.85 106.87 106.91 106.92 106.94 107.32 107.22 107.41 107.30 107.53 107.54 107.53 107.61 107.62 107.66 107.75 107.82 107.98 108.08 108.14 108.01 108.00 108.03 108.05 108.08 108.07 108.13 108.17 108.24 108.24 108.31 108.37 108.38 108.44 108.52 108.52 108.53 108.61 108.69 108.67 108.75 108.76 108.78 108.84 108.99 109.15 109.26 109.42 109.33 109.14 108.98 108.93 108.89 108.84 108.78 108.77 108.72 108.47 108.44 108.42 108.41 108.42 108.46 108.45 108.44 108.46 108.53 108.64 108.74 108.73 108.82 108.90 109.00 109.05 109.19 109.29 109.38 109.42 109.55 109.57 109.73 109.72 109.75 109.73 109.84 109.77 109.55 109.71 110.10 110.33
109.50 109.49 109.49 109.49 109.51 109.51 109.53 109.59 109.59 109.60 109.60 109.61 109.62 109.69 109.61 109.54 109.54 109.66 109.65 109.66 109.67 109.69 109.73 109.75 109.75 109.76 109.81 109.93 110.00 110.16 110.53 110.57 110.55 110.55 110.59 110.40 110.58 110.43 110.41 110.38 110.63 110.90 110.83 110.84 110.61 110.56 110.45 110.35 110.26 110.17 110.21 110.09 110.07 110.03 110.28 110.36 110.06 109.88 109.95 110.34 110.17 109.22 109.06 109.10 109.23 109.32 109.17 109.27 109.26 108.84 108.94 108.79 108.50 108.41 108.47 108.21 108.54 108.80 109.06 108.69 108.50 108.41 108.46 108.47 108.56 108.41 108.34 108.20 108.18 108.30 108.19 108.22 108.35 108.35 108.35 108.35 108.36 108.42 108.49 108.62 108.60 108.72 109.01 109.32 109.24 109.20 109.18 109.21 109.18 109.25 109.35 109.41 109.48 109.56 109.34 109.40 109.52 109.54 109.45 109.35 109.33 109.37 109.41 109.51 109.63 109.73 109.73 109.66 109.67 109.61 109.57 109.54 109.51 109.53 109.58 109.71 110.33 111.54 111.96 111.67 110.98 110.64 110.48 110.51 110.00 109.73 109.62 109.50 109.56 109.62 109.48 109.50 109.55 109.69 109.87 109.95 109.99 110.03 110.00 110.01 109.99 109.80 109.63 109.56 109.53 109.64 109.70 109.76 109.89 110.09 109.84 109.89 109.83 109.75 109.68 109.68 109.68 109.68 109.56 109.52
109.52 109.54 109.56 109.58 109.59 109.60 109.62 109.64 109.67 109.70 109.73 109.76 109.80 109.83 109.82 109.82 109.84 109.88 109.91 109.95 109.98 110.02 110.07 110.11 110.17 110.23 110.29 110.35 110.46 110.61 110.55 110.41 110.40 110.35 110.49 110.59 110.55 110.49 110.57 110.65 110.39 110.37 110.37 110.37 110.40 110.43 110.42 110.97 111.11 111.21 111.13 111.16 111.07 111.06 111.08 111.04 110.98 111.29 111.43 111.48 111.02 111.37 111.26 111.14 111.53 111.24 111.27 111.24 111.65 111.28 111.58 111.83 112.02 112.02 111.83 111.67 111.72 111.72 111.67 111.75 111.70 111.65 111.46 111.49 111.51 111.41 111.33 111.29 111.34 111.32 111.03 111.02 111.14 111.56 111.07 110.96 110.84 110.79 110.84 110.70 110.94 110.38 110.56 110.29 110.74 111.01 111.08 110.83 110.71 110.73 110.76 110.91 111.22 111.35 111.46 111.43 110.99 111.00 110.89 110.85 110.75 110.74 110.40 110.30 110.37 110.43 110.42 110.27 110.26 110.42 110.36 110.38 110.58 110.62 110.86 111.51 112.40 112.32 112.36 112.34 112.34 111.00 110.82 110.86 110.80 110.93 110.88 110.78 110.75 110.73 110.66 110.52 110.38 110.31 110.26 110.12 110.07 110.14 110.50 110.91 111.42 111.65 111.09 110.47 109.66 109.66 109.33 109.25 109.22 109.28 109.47 109.70 110.18 110.10 109.76 109.54 109.46 109.43 109.46 109.50
109.85 109.93 109.94 110.10 109.83 109.91 109.96 110.02 110.08 110.15 110.22 110.31 110.50 110.55 110.32 110.33 110.39 110.47 110.50 110.52 110.56 110.61 110.64 110.68 110.73 110.79 110.87 110.91 110.95 111.00 111.06 111.25 111.23 111.27 111.41 111.35 111.10 111.14 111.12 111.15 111.35 111.16 110.80 110.85 110.67 110.52 110.60 110.81 110.89 110.79 110.98 110.90 111.16 112.10 111.76 111.97 112.26 111.72 112.27 112.21 111.88 112.00 112.07 112.05 112.09 112.08 112.16 112.16 112.07 111.96 112.07 111.88 111.68 111.69 111.71 111.75 111.70 111.72 111.66 111.66 112.11 111.54 111.37 111.31 111.28 111.30 111.28 111.28 111.24 111.22 111.20 111.22 111.09 110.88 110.66 110.33 109.64 108.93 109.80 109.96 110.47 110.84 110.80 110.94 111.29 111.53 111.68 111.94 111.89 111.75 111.49 111.84 112.00 112.16 112.17 112.26 112.30 112.39 112.35 112.34 112.31 112.36 112.29 112.21 112.18 112.22 111.76 111.80 111.88 111.97 112.04 112.31 112.38 112.50 112.56 112.55 112.53 111.84 110.93 110.71 110.64 110.55 110.48 110.65 110.71 110.71 110.62 110.78 110.86 110.96 111.11 111.20 111.31 111.05 111.18 111.45 111.64 111.27 111.11 111.16 111.68 111.38 110.99 110.97 111.13 111.05 111.52 110.77 109.90 109.61 109.68 109.85 109.97 110.18 110.50 109.75 109.88 109.89 109.68 109.75
110.25 110.31 110.33 110.46 110.44 110.40 110.41 110.45 110.47 110.69 110.55 110.65 110.72 110.76 110.87 111.06 111.00 111.29 110.89 111.09 110.93 110.97 110.94 111.47 111.96 110.81 111.33 111.91 111.70 111.83 111.75 111.75 111.72 111.75 111.81 111.84 111.84 111.83 111.71 111.67 111.68 111.41 112.07 112.19 111.11 111.30 111.28 111.14 111.10 111.44 111.72 111.42 112.25 112.09 112.21 112.41 112.65 111.24 111.99 111.47 112.29 112.00 111.30 111.80 111.87 112.26 112.32 112.24 112.22 112.17 112.12 112.15 112.13 112.15 112.13 112.10 112.13 112.18 112.12 111.87 111.97 112.16 111.87 111.83 111.85 112.07 111.69 111.89 111.72 111.75 111.80 111.65 111.55 111.20 110.32 110.31 109.86 110.38 110.99 111.34 111.27 111.57 111.63 111.73 111.84 112.10 111.88 112.00 111.70 112.01 111.56 111.89 111.70 111.70 111.32 111.22 112.03 112.22 112.54 112.61 112.67 112.66 112.69 112.67 112.72 112.68 112.63 112.68 112.65 112.70 112.64 112.62 112.71 112.69 112.70 112.71 112.79 112.82 112.74 112.74 112.73 112.77 112.40 111.92 112.12 111.45 110.87 110.85 110.83 110.72 110.80 110.92 111.38 112.68 112.50 111.47 111.24 111.86 110.50 110.51 111.19 110.55 110.22 110.06 109.98 110.10 109.91 110.33 110.02 109.98 110.00 110.07 110.20 109.85 109.75 109.89 110.01 110.13 110.14 110.16
111.19 110.88 110.80 110.77 110.67 110.98 110.93 111.33 111.28 111.34 111.34 111.39 111.77 111.54 111.47 111.57 111.71 111.73 111.82 111.61 111.51 111.57 111.52 111.64 111.56 111.71 111.94 112.05 111.89 112.02 111.98 112.00 112.00 111.99 111.98 112.01 111.97 112.01 111.99 111.99 111.96 111.99 111.90 111.73 111.65 111.41 110.84 111.60 110.74 111.03 111.90 111.69 111.56 111.04 111.26 111.48 111.66 111.61 111.78 111.77 112.10 112.28 112.07 112.16 112.39 112.45 112.44 112.49 112.50 112.45 112.40 112.37 112.32 112.33 112.30 112.31 112.29 112.20 111.96 111.97 111.90 111.75 111.69 111.53 111.78 111.98 111.83 111.87 111.66 111.79 111.79 111.71 111.31 111.12 110.97 110.79 110.27 109.86 111.11 112.35 112.76 112.94 112.93 111.69 112.00 111.87 111.90 112.08 111.77 112.13 111.84 111.78 111.70 112.15 112.55 112.36 111.77 111.64 111.19 110.95 110.85 110.44 110.30 110.88 111.53 112.05 112.39 112.38 112.29 112.07 111.46 112.15 112.34 111.61 112.23 112.44 112.76 112.64 112.36 112.21 111.87 111.92 111.69 112.17 112.81 112.72 112.52 112.36 111.57 111.62 111.71 110.84 111.61 111.97 111.95 110.98 110.54 110.61 110.34 110.36 110.46 110.27 110.26 110.55 110.40 110.34 110.47 110.56 110.59 110.57 110.45 110.57 110.82 110.45 110.48 110.54 110.76 110.95 111.06 110.85
111.48 111.61 111.35 111.51 111.29 111.27 111.40 112.20 111.68 111.61 112.72 113.09 111.92 112.07 112.05 112.18 111.93 112.05 112.03 111.81 111.81 112.08 112.10 112.28 112.10 112.18 112.23 112.25 112.22 112.18 112.18 112.16 112.18 112.12 111.62 112.04 112.07 112.06 112.03 112.02 111.96 111.90 111.90 111.92 111.97 112.04 111.95 111.84 111.63 111.49 111.59 111.00 110.88 111.33 111.95 112.06 112.01 112.38 112.57 112.62 112.67 112.65 112.59 112.55 112.53 112.53 112.51 112.30 112.51 112.39 112.22 112.04 111.99 111.80 111.73 111.84 111.77 111.99 111.80 111.82 111.89 111.94 112.04 111.84 112.20 111.95 111.95 112.12 111.95 111.94 111.82 111.49 111.35 111.68 111.84 111.89 111.91 111.93 112.01 111.86 111.68 111.79 111.78 111.74 112.09 112.17 112.17 111.99 111.96 111.82 111.71 111.51 110.98 111.19 111.34 110.77 111.22 111.07 110.84 111.03 110.77 110.71 111.51 111.83 111.60 111.49 112.73 111.17 111.42 111.44 111.58 112.12 112.02 111.89 111.81 111.57 111.89 110.78 110.35 109.86 109.81 110.58 113.06 112.87 112.96 111.61 112.32 111.62 112.45 112.81 112.66 112.59 112.50 112.53 112.62 111.32 110.07 109.98 109.95 109.96 109.92 110.09 110.84 110.70 110.91 110.20 110.28 110.50 110.59 110.59 110.68 110.70 110.76 111.05 111.07 111.14 111.27 111.21 111.27 111.33
112.78 111.50 112.26 112.25 112.12 111.77 112.60 112.26 112.30 112.30 111.83 111.47 112.52 111.75 112.06 112.27 112.22 112.21 112.13 111.98 111.80 111.40 112.57 111.16 111.45 112.41 112.13 112.10 112.13 112.19 112.21 112.20 112.29 111.88 111.80 111.43 111.70 112.12 111.99 112.05 112.05 112.08 111.98 112.04 112.08 112.08 112.08 111.80 112.43 113.40 113.39 113.55 113.51 111.86 112.46 112.49 112.70 112.77 112.80 112.84 112.85 112.82 112.75 112.65 112.71 112.31 112.48 112.69 112.73 112.73 112.65 112.35 112.11 112.24 112.09 111.97 111.90 112.04 112.27 111.85 111.87 111.90 111.96 112.32 112.14 112.41 112.56 112.52 112.41 112.46 112.08 112.04 111.65 112.07 112.04 112.16 112.36 112.39 112.39 112.37 112.41 112.41 112.49 112.45 112.37 112.31 112.45 111.93 111.83 111.67 111.18 110.78 111.04 111.53 112.00 111.69 111.93 111.80 111.92 111.52 111.69 111.27 111.05 110.93 111.27 111.21 111.62 111.68 112.02 111.97 111.91 112.03 112.07 112.18 112.28 112.28 112.25 112.38 111.98 111.55 112.03 110.54 110.78 111.47 111.57 111.62 111.69 111.96 112.65 112.37 112.13 111.18 112.07 112.58 112.90 113.01 112.31 111.13 110.12 110.59 110.30 110.64 111.20 111.30 110.49 110.82 111.33 111.50 111.32 111.76 112.69 112.41 111.95 111.79 111.81 111.73 111.91 111.68 111.73 112.65
112.61 112.67 112.81 112.89 112.97 113.17 113.32 113.23 113.25 113.27 113.27 112.50 111.72 111.33 110.55 110.57 111.38 111.59 112.84 111.88 111.95 111.74 111.48 111.57 113.59 112.26 112.26 112.29 112.15 111.90 111.99 111.86 111.85 112.08 111.99 111.94 111.85 112.21 112.02 112.04 112.19 112.00 112.17 112.06 112.10 112.14 111.80 111.58 111.64 112.67 113.43 113.29 113.61 111.65 112.63 112.80 112.87 112.95 112.87 112.90 112.98 112.62 112.47 112.61 112.76 112.86 112.92 112.73 112.76 111.80 112.11 112.33 112.17 112.36 112.03 112.24 112.05 111.51 111.28 111.12 111.01 112.14 112.13 112.13 112.35 112.38 112.54 112.34 112.63 112.47 113.01 112.90 112.46 112.56 112.54 112.35 112.25 111.56 112.25 112.57 112.73 112.42 112.47 112.48 112.46 112.52 112.11 111.12 111.43 111.82 111.88 112.02 112.03 112.22 112.25 112.15 112.43 112.23 112.37 112.47 112.38 112.61 112.64 112.42 112.56 112.20 111.54 111.82 113.15 113.13 112.03 112.22 111.96 110.63 111.55 111.79 111.90 111.39 111.03 111.41 111.85 111.22 112.20 112.37 112.68 112.71 112.65 112.30 112.29 112.49 112.81 112.71 112.98 112.76 113.57 113.74 113.68 113.33 112.90 112.63 112.90 112.69 112.43 112.82 113.03 112.94 112.93 112.72 112.54 113.08 112.61 112.96 112.82 112.85 112.22 112.21 112.27 112.37 111.93 112.54
111.93 112.03 112.44 112.74 112.24 113.78 113.60 113.28 113.44 113.41 113.36 113.13 112.42 112.53 112.02 112.24 110.91 111.13 111.60 112.14 112.57 112.29 111.95 111.83 111.68 112.47 112.18 112.36 111.90 112.57 111.47 111.56 111.45 111.78 111.84 111.95 112.27 112.30 112.41 112.40 112.48 112.39 112.35 112.41 112.42 113.04 112.17 112.52 112.53 112.50 112.57 112.73 112.74 112.87 112.89 112.83 112.88 112.92 112.69 112.68 112.47 112.89 112.85 113.02 112.87 112.63 111.98 112.05 112.15 112.16 112.09 112.23 112.22 112.46 112.59 112.82 112.62 111.97 111.38 111.69 111.87 112.40 112.41 111.96 111.95 111.71 111.80 111.76 112.07 112.39 112.43 112.58 111.57 112.62 112.71 112.61 112.76 112.76 112.74 112.80 112.75 112.70 112.77 112.68 112.43 112.09 111.30 112.55 112.77 112.64 112.44 112.23 112.34 112.20 112.36 111.83 111.78 112.40 112.83 113.04 113.24 113.10 113.14 113.22 113.21 113.12 112.74 112.31 112.02 112.01 112.50 112.34 112.29 112.24 113.23 111.99 110.58 111.01 111.15 111.29 111.53 111.52 111.08 111.22 111.82 112.35 112.47 112.16 112.69 112.79 112.78 112.88 112.33 110.38 112.78 113.59 113.43 111.04 113.60 113.51 113.43 113.17 113.08 112.98 112.69 112.36 112.07 112.16 111.29 110.98 112.10 112.80 112.72 112.48 112.31 112.13 112.02 111.90 112.15 112.12
113.59 111.89 111.57 112.45 112.49 112.62 112.66 113.29 113.34 113.47 113.52 113.52 113.36 113.20 112.80 112.44 112.06 111.52 111.41 111.07 111.05 110.73 111.13 111.17 111.62 111.58 111.44 111.32 111.92 111.00 111.01 111.05 111.72 113.46 111.62 111.91 111.94 112.79 112.39 112.41 112.52 112.50 112.45 112.46 112.47 112.52 112.47 112.60 112.61 112.55 112.60 112.71 112.75 112.76 112.66 112.85 113.03 112.89 112.97 112.85 112.23 112.68 112.96 112.95 112.66 112.41 114.00 114.00 113.80 112.20 112.36 112.40 112.49 112.73 112.92 112.50 112.10 111.48 111.57 111.23 111.60 111.63 112.07 112.00 112.39 112.28 112.43 112.46 112.45 112.46 112.52 112.70 112.61 112.78 112.72 112.85 112.72 112.67 112.68 112.48 112.49 111.70 111.46 111.51 111.12 111.74 113.17 113.66 113.62 113.19 113.06 112.59 112.62 112.22 112.40 112.29 112.72 112.88 113.19 113.23 113.21 113.20 113.27 113.26 113.19 113.43 113.42 113.56 113.59 113.09 112.24 111.50 112.18 112.40 111.54 111.34 111.20 110.74 111.37 110.46 110.76 111.23 111.25 112.31 111.96 111.88 111.29 111.67 112.19 112.57 112.92 113.02 112.75 112.95 113.09 113.14 113.17 113.11 112.81 113.02 112.97 113.02 112.78 112.52 112.83 112.76 112.76 112.74 112.66 112.14 112.87 112.58 112.50 112.25 111.70 112.41 111.65 111.62 111.68 112.23
112.10 111.62 111.22 111.76 111.82 112.86 112.95 113.40 113.35 113.43 113.41 113.53 113.54 113.54 113.45 113.25 113.10 113.02 112.90 112.51 111.91 111.75 111.84 111.58 112.02 111.93 111.52 112.40 112.22 111.55 111.28 111.65 111.39 111.69 111.92 112.08 112.12 112.21 112.22 112.47 112.49 112.60 112.63 112.63 112.73 112.76 112.71 112.70 112.72 112.71 112.58 112.46 112.38 112.52 112.70 112.86 112.86 112.87 112.71 111.68 112.84 113.06 113.25 113.44 112.71 113.06 112.95 112.99 112.51 112.44 112.70 112.56 112.67 112.84 113.09 112.96 112.41 112.21 111.77 111.40 111.43 111.80 112.79 112.20 112.42 112.47 112.47 112.39 112.10 112.55 112.57 112.62 112.56 112.76 112.54 112.80 113.08 112.90 112.60 112.69 112.41 112.44 112.29 112.16 111.71 112.07 111.90 112.20 112.32 112.18 112.13 111.97 112.10 112.71 113.05 113.54 113.50 113.35 113.17 113.06 113.07 113.27 113.44 113.41 113.54 113.50 113.47 113.53 113.53 113.62 112.57 112.49 112.43 112.30 113.80 111.71 111.65 111.78 112.32 110.97 110.92 110.93 111.51 111.54 111.59 111.07 110.88 112.33 111.97 111.60 112.64 112.50 112.36 112.96 112.91 111.16 111.90 112.13 112.85 112.49 111.75 111.94 112.84 112.39 112.67 113.00 112.81 112.91 112.85 112.79 112.37 112.25 112.02 111.26 112.44 112.73 112.23 112.02 111.54 111.40
112.11 112.08 112.55 111.74 111.39 111.96 112.65 112.77 113.10 113.02 113.34 113.16 113.46 113.41 113.43 113.28 113.37 113.41 113.32 112.75 112.09 112.06 111.72 111.86 111.74 111.93 111.94 111.70 111.63 111.73 111.65 111.83 112.13 112.15 112.10 111.81 111.58 112.00 112.49 112.14 112.68 112.27 112.01 112.50 112.55 112.50 112.25 112.63 112.53 112.48 112.22 112.29 112.61 113.09 112.77 111.94 112.47 113.17 112.99 113.04 112.96 112.94 113.11 113.36 113.73 113.49 112.69 113.54 112.53 113.17 112.89 112.67 112.73 112.60 112.72 113.32 113.50 113.40 113.32 112.87 112.64 112.19 112.31 112.30 112.34 112.40 112.57 112.58 112.59 112.55 112.54 112.57 112.70 112.62 112.69 112.47 112.65 112.73 112.54 112.84 112.88 112.54 112.62 112.84 112.66 112.35 112.11 111.82 111.86 111.58 112.17 112.33 112.74 113.37 113.75 113.80 113.82 113.63 113.44 113.35 113.30 113.26 113.34 113.39 113.62 113.69 113.60 113.57 113.60 113.64 113.45 112.79 112.66 112.98 112.48 111.91 111.56 111.78 111.59 110.61 112.81 111.29 112.02 111.89 111.85 111.45 111.23 110.98 110.63 111.19 111.74 112.25 111.98 112.06 112.49 112.92 113.23 113.26 112.92 112.77 112.14 112.25 112.51 112.48 112.30 111.15 111.09 111.58 112.23 112.60 112.77 112.86 112.61 112.95 112.89 111.73 112.31 112.44 112.36 112.61
113.10 111.84 111.32 112.11 112.53 112.80 112.77 111.91 112.06 112.34 111.76 112.08 112.80 112.07 113.89 112.19 112.71 112.64 113.26 112.93 112.83 112.77 112.80 112.00 111.77 111.51 112.78 112.43 111.73 111.87 112.47 112.87 112.91 112.76 112.73 112.35 111.88 112.14 112.02 111.98 112.53 111.61 112.17 112.57 112.19 110.93 112.83 113.03 113.08 112.99 112.94 113.12 113.10 112.67 112.15 113.36 113.36 113.08 113.35 113.32 113.23 113.02 113.16 113.27 113.58 113.85 113.65 112.99 113.75 113.77 113.61 113.30 112.24 113.14 113.39 112.86 112.82 112.96 112.80 112.46 111.37 111.41 112.30 112.64 112.36 112.27 112.12 112.50 112.67 112.64 112.73 112.63 112.66 112.87 112.76 112.83 112.78 112.58 112.74 112.88 112.96 112.80 112.70 112.68 111.98 112.68 112.56 112.58 112.60 112.73 112.86 112.95 113.07 113.29 113.56 113.59 113.13 113.06 113.11 112.82 113.96 113.56 112.94 113.24 113.46 113.55 113.73 113.79 113.52 113.71 113.96 113.82 111.24 113.66 113.51 113.26 111.82 112.07 112.05 112.58 111.54 111.41 111.28 111.41 111.49 111.36 111.34 111.02 111.32 111.22 111.58 111.55 111.63 111.75 111.81 113.11 113.68 113.67 113.66 113.51 113.30 113.00 112.73 112.42 112.32 111.84 111.32 111.65 111.79 110.51 111.52 112.49 112.67 112.32 111.01 111.48 111.75 112.89 112.94 112.88
113.27 112.62 112.36 112.73 112.81 112.58 110.94 111.86 112.14 111.83 112.50 111.86 112.16 111.08 112.39 112.85 112.58 112.77 112.39 112.76 112.98 113.01 112.65 112.46 111.39 111.94 112.19 112.27 112.78 111.94 112.23 113.07 113.18 112.80 113.12 112.86 112.20 111.54 111.34 111.53 111.90 112.66 113.04 113.00 112.89 112.44 113.09 113.25 113.45 113.43 113.44 113.44 113.49 113.52 113.18 112.94 113.10 112.88 113.26 113.41 113.03 112.64 113.28 113.35 112.58 113.79 112.54 113.46 113.77 112.05 112.50 113.32 113.94 113.14 113.72 113.00 113.05 112.70 112.42 112.46 111.74 111.91 112.33 112.04 112.12 112.67 112.46 112.42 112.92 111.41 112.54 112.84 112.94 112.81 113.28 112.59 112.50 112.54 113.66 112.46 112.36 112.88 112.69 112.72 112.80 112.86 112.82 112.72 112.68 113.07 113.16 113.38 113.45 113.45 113.27 112.85 112.90 113.03 112.59 112.03 112.08 112.14 113.00 113.48 113.83 113.91 113.95 113.91 113.94 113.99 113.93 113.92 113.71 113.56 113.59 113.34 112.71 111.28 110.59 111.00 113.53 113.31 110.64 110.66 112.45 111.08 111.23 110.37 111.18 111.69 111.04 111.14 111.82 112.67 113.03 113.28 113.49 113.42 113.54 113.53 113.51 113.43 113.28 113.08 112.53 112.10 111.65 111.56 111.83 111.55 112.86 110.72 111.75 112.03 111.63 112.50 112.79 112.55 112.91 113.10
113.08 113.13 113.33 113.62 113.16 111.52 112.09 111.88 111.32 111.41 111.57 113.62 111.50 111.66 111.14 111.25 112.16 112.78 112.22 112.05 113.54 112.13 112.20 112.17 111.19 112.05 112.40 112.36 112.30 111.26 110.59 113.14 112.86 113.00 112.97 112.60 112.76 112.08 111.82 111.90 111.62 112.38 112.66 112.83 112.94 112.57 111.96 111.85 112.94 113.50 113.53 113.59 113.42 113.40 113.13 112.31 112.07 112.09 111.74 111.53 112.38 113.81 112.81 112.10 113.49 113.93 113.77 112.71 113.96 110.55 113.94 112.85 112.38 113.24 112.75 113.79 113.93 113.75 113.37 113.98 113.99 113.29 112.43 112.54 112.84 112.51 112.59 112.29 112.23 112.65 112.75 112.86 112.50 112.10 112.13 112.05 112.08 112.21 112.74 112.20 111.87 112.06 112.05 112.13 112.09 112.85 112.89 113.09 113.26 113.40 113.52 113.64 113.76 113.78 113.72 113.45 113.59 113.58 113.72 113.44 113.32 113.55 113.89 113.98 113.96 113.97 113.96 113.96 113.96 113.91 114.00 113.98 113.85 113.90 113.92 113.85 113.78 113.38 111.03 112.46 113.60 113.81 111.35 111.62 112.34 112.09 111.57 111.24 111.17 111.66 112.27 112.50 112.68 112.33 112.88 112.63 113.26 112.56 111.47 111.80 113.34 113.47 113.39 113.03 112.47 112.07 111.72 111.70 111.85 111.72 111.30 111.12 111.78 111.89 113.12 111.80 111.80 111.95 112.34 112.99
113.22 113.27 113.42 113.49 112.79 112.72 112.63 112.07 111.83 112.53 112.48 112.33 112.09 112.23 111.75 112.07 112.77 112.67 112.68 112.61 111.91 110.98 110.98 113.56 110.93 112.14 112.59 112.60 112.56 112.18 111.87 113.03 113.01 112.86 113.05 112.64 112.30 111.94 111.42 111.28 111.43 111.25 111.15 111.42 112.45 112.02 111.77 112.23 112.94 113.25 113.54 113.57 113.60 113.04 112.52 111.28 111.76 111.13 111.55 113.67 112.25 113.96 113.97 113.59 112.34 114.43 114.20 114.45 114.17 114.20 114.24 113.94 111.81 112.66 113.76 113.01 113.00 113.83 113.71 113.63 113.05 112.69 112.89 112.87 112.75 112.55 112.58 112.25 112.43 112.04 112.39 112.66 112.97 112.55 112.68 113.17 113.90 112.72 112.67 112.79 112.77 112.66 111.88 112.08 111.84 112.18 113.12 113.22 113.45 113.64 113.76 113.84 113.95 114.00 113.99 113.99 113.97 113.93 113.91 113.91 114.19 114.28 114.35 114.52 114.78 114.33 114.06 114.02 114.74 113.92 113.92 113.95 113.95 113.92 114.00 113.99 112.49 113.54 113.38 112.97 112.73 112.49 112.65 112.70 111.15 111.75 111.92 111.90 112.38 112.77 113.21 113.21 113.62 113.58 112.64 112.91 113.18 111.40 111.66 113.50 113.14 112.87 112.63 112.68 112.16 111.97 112.20 112.49 112.83 112.53 112.51 111.65 112.66 112.13 111.81 111.92 112.24 112.78 112.82 113.13
113.34 112.85 112.97 113.63 113.86 111.99 113.05 113.20 113.17 112.91 113.09 112.42 112.11 112.62 112.60 112.59 112.21 112.72 112.61 112.75 112.59 111.66 111.21 112.80 112.17 112.55 113.76 112.47 112.71 112.44 112.89 112.73 112.75 112.94 112.87 112.85 112.79 111.67 111.28 111.29 111.14 111.32 111.98 112.24 112.52 112.68 112.85 112.73 113.57 113.98 112.27 112.43 112.84 112.51 112.65 113.31 113.03 111.98 111.83 113.12 112.28 113.99 113.97 113.92 115.07 114.63 114.24 114.25 114.31 114.37 114.36 114.12 113.84 113.96 113.49 113.33 113.69 113.91 113.25 113.53 113.73 113.58 113.44 113.19 112.90 113.81 113.02 112.58 112.82 112.89 112.49 112.40 112.22 112.86 112.11 111.92 112.41 112.57 112.71 112.55 112.76 112.86 112.22 111.18 112.95 112.63 112.87 113.25 113.37 113.45 113.84 113.93 114.00 113.96 113.92 113.84 114.13 114.36 115.26 116.45 117.40 118.07 118.32 118.44 118.51 117.86 117.60 117.74 117.80 117.66 116.09 113.87 113.84 114.09 113.98 113.96 113.97 113.99 112.99 113.02 113.26 112.61 112.75 112.21 112.44 113.34 112.28 112.28 112.41 112.04 112.44 112.96 113.46 113.67 113.98 113.32 113.16 111.10 113.56 113.09 113.32 113.35 113.36 112.91 112.55 112.48 112.02 112.56 111.70 112.56 112.88 111.94 111.11 111.11 111.96 112.79 112.86 112.98 113.27 113.32
113.26 113.07 112.63 112.78 113.52 113.31 113.16 112.11 113.40 112.82 112.36 112.75 112.54 112.88 112.65 112.51 112.65 111.71 112.45 112.57 112.29 111.81 111.19 110.94 110.46 112.26 111.74 112.28 112.69 112.68 112.51 112.80 112.40 112.21 112.59 112.18 112.24 112.05 111.72 110.69 110.68 110.40 110.92 112.37 112.60 112.82 112.91 112.33 113.66 113.98 112.24 112.31 111.61 111.18 112.59 113.75 113.89 113.85 112.76 111.89 111.82 112.04 113.94 114.16 114.66 114.13 114.42 114.28 114.28 114.28 114.30 114.43 113.85 113.84 113.88 114.60 113.67 113.77 113.40 113.46 113.65 113.56 113.08 112.82 112.49 113.13 112.19 112.42 112.80 112.78 112.74 112.83 112.99 113.09 112.71 112.19 112.40 112.55 112.68 112.15 112.92 112.50 112.01 112.66 112.49 112.72 113.14 113.46 113.67 113.68 113.94 114.00 113.99 113.87 113.84 114.42 115.31 116.56 117.73 118.76 118.97 119.15 119.13 118.45 118.97 119.00 119.11 119.10 119.13 119.12 119.07 119.04 115.48 115.41 114.48 113.92 113.73 112.38 111.22 113.60 113.17 112.32 113.52 112.16 111.39 111.75 112.33 113.17 112.83 112.93 113.42 113.45 113.31 113.17 112.31 113.18 113.22 113.37 113.29 113.32 113.23 112.55 112.76 113.29 113.22 112.92 112.18 113.22 112.70 113.18 112.67 112.10 112.73 111.86 112.03 112.45 112.62 112.94 113.04 113.22
112.10 112.48 112.29 112.85 113.74 113.88 113.95 113.17 113.23 111.89 112.58 112.01 111.97 111.76 112.19 111.93 111.83 111.90 110.87 111.21 111.68 112.11 111.06 110.86 111.78 111.45 111.97 112.73 112.67 112.65 112.40 112.75 112.30 110.60 110.63 110.86 111.32 111.31 111.43 110.75 110.51 110.59 110.80 112.01 112.47 112.70 112.72 112.69 112.58 112.43 112.21 111.79 111.11 110.82 111.19 111.79 113.20 113.27 112.32 111.97 113.93 113.99 113.97 113.89 114.24 114.87 114.32 114.38 114.28 114.56 114.62 114.14 113.94 113.82 113.81 113.29 113.19 113.61 113.29 113.46 113.46 113.43 113.14 112.69 112.72 112.15 112.38 113.94 113.22 112.83 112.50 112.78 113.52 113.50 112.89 112.49 111.70 113.09 112.23 112.22 112.17 112.16 112.52 112.99 113.08 112.60 112.50 113.46 113.67 113.81 113.61 113.95 113.89 113.93 115.22 116.56 117.71 118.37 118.97 119.07 118.76 117.95 118.72 118.71 119.01 119.09 119.03 118.91 119.04 119.06 119.03 118.93 119.12 118.96 117.04 115.30 113.94 113.56 113.98 113.72 113.93 113.32 112.03 112.81 112.99 111.53 112.59 112.26 113.03 113.22 112.24 112.95 112.94 112.89 112.71 113.29 113.05 112.77 112.25 112.26 110.44 111.66 112.81 112.54 112.05 112.83 113.36 113.60 112.90 113.69 113.60 113.26 113.20 112.54 111.91 111.30 111.59 111.92 112.44 112.67
111.87 112.56 112.23 112.15 113.04 113.69 112.87 112.21 112.96 112.42 112.05 112.25 110.87 112.72 111.14 111.47 110.35 110.67 111.71 111.40 112.09 111.26 111.79 112.24 112.17 112.71 111.89 112.38 112.62 112.58 112.60 112.61 112.74 111.65 111.42 111.62 112.02 112.09 112.10 111.70 111.11 110.93 111.41 111.55 111.35 112.21 112.22 112.36 112.07 112.13 111.66 111.44 110.92 110.90 110.80 111.24 111.67 111.58 112.27 112.84 111.42 113.72 113.24 113.94 113.99 114.45 114.80 114.73 114.60 114.76 114.66 114.29 114.05 113.71 114.00 114.00 113.40 113.33 113.08 112.36 113.31 113.04 112.93 112.90 112.46 112.57 112.24 112.61 113.04 112.89 113.03 113.06 113.68 113.04 112.75 111.77 112.22 112.03 112.47 113.24 112.25 111.73 112.05 112.48 113.56 113.56 113.05 113.43 113.82 113.77 113.60 113.82 113.96 113.92 117.56 119.06 119.09 118.35 117.20 118.85 119.06 118.90 118.53 118.66 119.06 119.12 119.10 119.10 119.03 119.09 119.08 119.12 119.14 119.14 118.98 117.79 115.86 113.84 113.96 114.00 113.98 113.94 113.43 112.86 113.59 113.53 112.77 113.32 113.24 113.24 113.25 112.40 112.15 112.73 112.14 112.60 112.69 111.84 111.29 112.31 113.36 113.51 112.21 112.02 112.71 113.43 113.23 113.48 113.68 113.58 113.53 113.45 112.32 112.35 111.94 112.72 112.26 112.04 112.57 112.39
112.62 112.72 112.52 112.59 112.94 112.88 113.04 113.10 113.26 112.20 111.89 112.67 111.96 111.70 111.81 111.81 113.03 111.70 112.23 112.39 112.09 112.48 113.19 111.98 112.48 112.79 112.57 112.40 112.40 112.34 112.16 112.31 112.24 111.98 112.01 111.97 112.01 112.06 112.22 112.25 111.79 111.65 111.89 111.76 111.71 111.99 112.00 111.72 111.48 111.21 111.10 111.08 110.98 110.31 110.03 111.52 112.07 112.23 112.70 113.03 113.39 113.32 113.71 113.79 113.44 113.85 114.12 116.30 115.93 115.12 114.86 114.50 113.89 113.96 113.98 113.99 113.22 113.17 113.13 113.94 112.71 113.02 112.65 112.60 112.52 112.39 112.40 113.08 113.07 112.94 112.79 112.91 113.17 112.91 112.64 112.76 112.28 112.33 112.27 113.23 111.17 112.07 112.33 112.41 113.21 112.37 113.15 113.43 113.67 113.69 113.78 113.69 113.95 115.28 119.04 118.94 117.65 117.26 118.52 117.98 118.31 117.84 117.99 118.04 118.32 117.83 117.23 118.69 119.09 118.64 119.08 119.11 119.13 119.15 118.95 118.66 116.89 114.27 113.92 113.99 113.97 114.00 111.69 113.55 113.61 113.24 113.44 113.05 112.79 113.31 112.83 112.52 112.89 112.53 112.66 112.18 111.85 111.99 111.21 110.15 111.89 111.59 112.35 113.49 113.58 113.47 112.77 113.63 112.97 113.07 113.46 113.34 112.35 112.41 112.45 111.30 111.38 112.22 112.49 112.36
113.32 112.28 113.47 112.97 113.32 112.89 113.05 113.01 112.71 112.40 111.90 112.02 111.76 111.50 111.96 112.00 112.51 112.60 112.43 112.40 111.73 112.05 112.33 112.35 111.96 112.44 112.59 112.59 111.68 112.10 111.92 112.29 112.36 111.74 111.91 111.91 111.96 112.11 112.37 112.51 111.73 111.41 110.07 110.17 111.25 111.77 111.57 111.26 111.31 110.93 110.77 110.77 110.60 110.70 110.72 111.69 111.80 111.97 112.11 112.60 112.55 112.67 113.21 112.56 113.92 113.84 113.91 113.86 113.88 113.88 113.84 113.86 113.89 113.97 113.97 113.40 113.29 113.52 113.37 113.51 113.23 113.96 112.65 112.94 112.73 112.73 112.54 113.12 113.08 112.76 112.65 112.87 112.96 112.85 112.81 112.49 112.74 112.47 112.90 112.28 112.19 112.35 112.14 111.58 111.65 112.11 113.03 113.64 113.30 113.50 113.67 113.66 113.89 117.31 119.07 118.38 118.39 118.83 118.46 117.61 118.08 118.17 118.63 117.91 118.10 118.81 118.80 118.86 118.65 118.98 119.00 119.07 119.13 119.03 118.05 117.92 116.91 114.86 113.84 113.92 113.99 113.97 113.98 113.96 113.79 113.59 113.41 113.17 113.18 113.80 113.49 113.29 113.20 112.72 112.66 112.23 111.81 111.79 111.90 111.94 111.60 111.72 112.68 113.66 113.80 113.70 113.57 113.45 112.98 113.26 113.24 113.40 111.58 112.68 112.73 113.60 112.26 112.60 113.01 112.94
113.50 113.42 113.46 113.80 113.63 112.80 112.95 112.82 113.53 113.75 113.98 114.00 113.03 112.08 112.44 112.28 111.69 112.05 111.64 112.13 111.67 112.41 112.35 112.34 112.10 110.98 111.71 111.96 112.27 111.66 111.50 111.88 111.65 111.68 111.38 111.79 111.90 112.15 112.22 109.50 109.12 108.91 106.72 106.41 106.50 109.32 109.31 109.31 110.30 110.76 110.36 110.84 110.47 110.68 110.60 110.66 110.76 111.43 112.54 112.33 111.82 111.03 112.85 113.48 113.46 113.85 113.90 113.94 113.90 113.88 113.91 113.91 113.97 113.78 113.85 113.87 113.71 113.92 113.65 113.14 113.44 113.30 112.87 112.89 112.66 112.68 112.78 113.21 113.22 113.04 112.72 112.97 112.64 112.70 112.85 112.21 112.00 112.67 112.61 112.46 112.04 112.14 111.52 111.19 113.22 112.31 112.80 113.41 113.46 113.50 113.69 113.90 113.89 117.35 118.86 118.42 118.17 119.11 118.11 118.04 117.96 118.36 117.73 117.35 118.38 118.88 118.64 118.61 118.89 118.68 118.94 119.12 118.88 118.33 117.92 117.49 116.23 114.58 113.87 113.90 113.88 113.77 113.62 113.90 112.72 112.97 113.44 113.56 113.62 113.56 113.45 113.38 113.42 112.65 112.46 112.38 112.04 112.59 112.55 112.23 112.12 112.02 112.87 113.35 113.50 113.37 113.46 113.36 112.41 113.01 113.02 112.02 111.88 112.87 112.75 112.80 112.93 113.21 113.44 113.02
113.31 113.49 113.15 112.70 113.69 112.65 113.26 113.11 112.20 112.74 113.94 113.91 112.53 112.11 112.89 112.52 112.85 112.23 112.56 112.66 112.87 111.92 112.90 112.90 112.57 112.59 112.31 111.96 112.16 112.01 111.87 109.46 110.88 111.44 111.45 111.70 111.90 111.87 110.95 110.79 110.05 108.43 108.02 108.13 108.57 108.72 108.58 108.90 108.14 109.51 110.42 110.44 110.45 110.55 110.73 110.75 111.04 111.45 111.54 112.18 112.17 112.35 111.72 112.00 112.92 112.13 113.54 113.96 113.99 113.90 113.98 113.98 113.89 113.82 113.92 113.84 113.79 113.61 113.45 113.48 113.42 113.39 113.17 113.02 112.97 112.67 113.13 113.39 113.06 112.98 113.27 113.33 113.23 112.69 112.89 112.49 112.52 112.46 112.43 112.93 112.13 112.36 111.91 112.05 111.93 111.87 112.76 113.29 113.55 113.59 113.58 113.91 113.86 115.57 118.89 118.32 117.57 117.82 118.79 118.23 117.56 117.93 117.57 117.42 118.17 118.63 118.12 118.58 118.40 118.91 119.09 119.07 118.53 118.04 117.19 116.58 116.09 115.35 113.86 113.94 113.97 113.44 113.62 113.46 113.48 113.70 113.51 113.65 112.75 113.50 113.55 113.62 113.38 113.18 112.71 113.04 112.71 112.31 113.06 112.86 112.45 112.25 112.27 112.56 113.02 113.18 113.65 113.45 113.08 113.03 113.22 112.97 113.39 113.26 113.29 112.92 113.10 113.38 113.55 113.67
113.68 113.48 113.51 113.08 113.98 113.84 113.50 112.54 111.89 111.08 110.70 111.92 111.77 112.87 113.34 113.30 113.30 113.30 113.10 112.99 112.97 112.95 112.53 112.81 112.40 111.95 112.07 111.50 111.36 112.04 111.92 110.79 111.00 110.23 111.15 110.03 110.80 108.43 108.61 110.79 108.41 107.46 109.05 109.08 108.96 108.90 109.14 110.03 109.24 109.19 108.90 109.66 110.39 110.98 110.96 111.10 110.95 111.68 111.82 111.57 111.52 112.49 112.45 112.88 113.35 113.15 113.68 113.86 112.31 113.89 113.79 113.83 113.89 113.90 113.84 113.77 113.68 113.66 113.67 113.46 113.19 113.01 112.64 113.96 113.07 112.81 112.82 112.70 113.28 112.99 113.17 113.34 113.29 113.05 112.49 112.87 112.42 112.33 112.85 112.79 112.08 112.05 111.86 112.10 112.34 112.30 113.82 112.90 113.45 113.64 113.66 113.73 113.96 115.27 117.15 118.75 117.70 116.58 114.97 118.33 118.13 118.03 118.77 117.65 118.53 118.43 118.76 118.61 118.68 118.81 118.90 118.88 117.85 117.29 116.38 115.80 114.78 113.85 113.89 113.99 113.68 113.84 113.37 113.40 113.22 113.35 113.66 113.68 113.64 113.49 113.66 113.52 113.43 113.36 113.16 113.21 113.43 113.22 113.07 112.18 112.62 112.52 111.93 111.89 112.82 113.04 113.59 113.15 113.19 113.36 113.52 113.49 113.46 113.43 113.20 112.97 113.70 113.80 113.70 113.94
113.65 113.97 113.51 112.71 113.43 112.71 112.54 112.84 112.06 111.13 110.95 112.00 112.86 113.06 113.25 113.15 113.30 111.53 113.01 112.94 112.86 112.61 112.59 112.39 111.77 112.09 111.87 111.72 111.07 111.27 110.90 110.75 110.89 110.55 110.73 110.96 110.12 108.38 108.53 108.47 107.81 109.06 109.93 109.79 109.40 109.73 109.49 109.57 109.90 109.95 109.70 108.61 109.55 110.84 111.25 111.49 111.47 111.48 111.48 111.59 111.80 112.01 111.96 113.27 113.18 112.43 112.74 113.22 113.12 113.82 113.71 113.65 113.71 113.41 113.56 113.72 113.72 113.71 113.80 113.62 113.24 112.87 113.11 112.90 113.02 112.61 112.48 112.67 112.85 112.95 113.01 113.25 113.15 112.65 112.69 112.66 112.97 113.17 112.47 112.32 112.37 111.66 111.84 112.31 112.54 112.49 112.56 113.02 113.51 113.48 113.47 113.53 113.82 113.98 114.46 117.10 118.53 117.62 116.23 115.78 118.23 118.29 115.36 116.05 118.75 118.55 118.68 118.82 118.71 118.87 119.09 117.03 115.78 115.78 115.24 114.55 114.80 113.84 113.83 113.83 113.69 113.71 112.78 113.38 113.09 113.25 113.41 113.50 113.62 113.69 113.55 113.32 112.55 112.55 112.68 113.06 112.69 112.43 112.86 113.13 112.82 112.39 112.87 113.15 112.94 112.95 112.75 113.05 113.00 112.42 113.49 113.63 113.32 113.25 113.44 113.52 113.92 113.83 113.52 112.83
113.73 113.80 112.70 112.53 112.79 111.75 112.28 111.16 111.21 111.93 111.86 112.17 112.95 113.12 113.40 113.03 113.31 113.34 112.95 112.94 112.06 112.64 112.56 112.53 112.17 111.86 111.88 111.65 111.38 111.06 110.88 109.91 110.40 110.14 109.75 110.00 109.21 108.05 107.86 107.06 107.35 109.14 110.19 109.70 110.60 109.82 110.92 111.01 110.66 110.70 109.92 108.75 107.74 109.72 110.81 111.50 111.44 111.52 111.54 111.50 111.96 112.48 112.27 113.22 113.30 113.35 113.30 113.29 113.20 113.00 113.24 113.62 113.56 113.41 113.70 113.45 113.80 113.65 113.60 113.69 113.48 113.24 113.43 113.10 113.03 112.87 112.81 112.67 112.69 112.80 112.88 112.51 112.80 113.02 112.75 112.91 112.65 112.96 112.63 112.02 112.24 112.03 111.73 112.01 112.33 112.47 112.48 112.39 113.15 113.47 113.32 113.28 113.05 113.39 113.90 114.20 118.25 118.82 118.27 117.08 117.08 115.58 118.31 118.84 118.57 118.56 118.88 118.92 118.88 118.14 117.37 115.37 114.13 114.03 113.92 113.90 114.40 114.05 113.85 113.88 113.96 113.74 113.40 113.27 113.08 113.00 113.20 113.14 113.27 113.41 113.36 113.06 112.89 112.64 111.96 111.83 111.99 111.93 112.77 112.26 112.69 113.01 112.41 112.76 112.60 112.51 112.97 113.14 113.37 112.91 113.09 113.55 112.79 113.37 113.39 113.56 113.69 113.50 113.18 113.13
113.66 112.94 112.80 112.72 111.96 112.08 111.45 112.00 112.18 112.00 112.22 112.26 112.71 113.02 113.32 113.30 113.30 112.76 112.61 112.94 112.47 112.55 112.46 112.38 112.15 112.09 111.84 111.61 111.23 110.86 110.53 110.36 110.31 109.61 109.43 110.12 109.12 107.84 108.02 107.08 108.24 109.22 109.68 110.39 110.68 110.97 110.99 111.24 111.22 111.35 110.17 108.75 109.21 109.32 109.49 109.42 111.05 111.73 111.69 112.07 112.54 112.96 113.21 113.25 113.41 113.35 113.41 113.54 113.46 113.40 113.49 113.97 113.42 113.16 113.29 113.36 113.46 113.57 113.73 113.69 113.67 113.58 113.41 113.44 113.28 112.89 112.56 112.39 112.65 112.72 112.73 112.85 112.55 112.83 112.92 112.81 112.90 112.78 112.75 112.27 112.25 112.80 112.45 112.23 112.56 112.76 112.86 112.53 113.19 113.43 113.62 113.28 113.65 113.58 113.92 113.92 114.19 114.92 115.81 119.08 118.63 117.79 119.02 118.77 118.95 118.82 119.03 119.04 116.15 114.17 115.49 114.83 113.86 113.85 113.83 113.92 113.94 113.85 113.87 113.97 113.99 113.43 113.48 113.17 113.25 112.80 112.95 112.91 112.92 113.01 113.14 112.89 112.63 112.64 112.20 112.11 112.87 111.85 111.63 111.40 112.81 113.18 113.49 112.90 113.11 113.28 113.41 113.32 113.36 113.19 113.04 113.31 112.94 113.26 113.25 113.02 113.26 113.42 113.39 113.33
113.65 112.93 111.35 112.71 111.96 111.77 112.42 111.90 112.31 112.09 112.08 112.35 113.00 113.20 113.30 113.25 113.20 111.96 113.03 112.99 112.75 112.45 112.45 112.31 112.22 112.02 111.83 111.47 111.09 110.76 110.46 110.09 109.86 109.82 109.79 108.88 108.95 108.39 106.76 105.73 108.16 109.43 109.94 110.31 110.73 111.09 111.30 111.45 111.56 111.53 111.45 111.24 110.36 110.36 110.22 109.32 109.66 110.26 111.65 112.00 112.61 113.30 113.41 113.35 113.42 113.38 113.21 113.33 113.55 113.52 113.63 113.81 113.65 113.28 113.53 113.77 113.58 113.56 113.79 113.79 113.74 113.75 113.55 113.64 113.05 113.02 112.85 112.60 112.47 112.70 112.78 112.87 113.02 112.95 112.92 112.84 112.89 112.38 112.80 112.40 112.96 113.04 112.72 112.72 113.01 113.14 113.23 113.13 112.52 113.38 113.10 113.60 113.69 113.78 113.27 113.46 113.97 113.92 113.94 113.94 114.82 114.83 116.78 118.63 117.55 117.92 116.20 116.88 114.09 113.84 113.92 113.98 113.90 113.85 113.91 114.00 113.97 113.96 113.99 113.90 113.86 113.64 113.38 113.22 113.15 112.96 112.91 112.98 112.96 112.99 113.02 112.76 112.73 112.17 112.46 111.93 111.33 111.65 112.57 111.31 112.54 113.05 113.23 112.67 113.26 112.31 113.20 113.38 113.12 112.98 113.18 113.04 112.80 112.95 113.00 113.25 113.08 113.26 113.40 113.56
113.30 112.86 112.81 112.74 112.08 111.95 112.65 111.59 112.14 112.55 112.42 112.85 112.79 112.96 113.30 113.05 113.30 112.38 113.01 112.36 112.40 112.43 112.29 112.27 112.04 111.90 111.74 111.58 111.04 110.67 110.28 109.93 109.47 109.50 109.32 109.55 109.81 108.16 107.84 106.01 108.48 109.50 109.94 110.43 110.85 111.21 111.46 111.62 111.72 111.89 111.83 111.88 111.55 110.79 110.77 110.87 111.21 111.17 111.04 111.01 110.71 112.64 113.45 113.46 113.41 113.42 113.52 113.63 113.48 113.37 113.40 113.75 113.76 113.92 113.75 113.47 113.73 113.75 113.89 113.87 113.86 113.85 113.77 113.55 113.44 113.15 113.24 113.27 112.85 112.74 112.70 112.95 112.99 112.54 112.74 112.90 112.93 112.62 112.62 112.62 112.95 113.17 112.64 112.95 113.19 113.07 113.33 112.72 112.27 112.57 113.25 113.30 113.57 113.39 113.36 113.44 113.38 113.99 114.00 113.95 113.90 113.92 113.84 113.84 113.88 114.29 115.04 114.44 114.10 113.87 113.99 113.90 113.91 113.92 113.97 114.00 112.34 114.00 114.00 112.93 113.50 113.14 113.02 113.00 113.01 113.01 112.99 112.98 112.85 112.79 112.73 112.42 111.83 111.70 111.53 111.89 112.62 111.44 111.55 112.37 111.93 112.48 113.04 113.02 113.46 112.48 113.26 112.98 113.21 113.36 113.27 113.09 112.61 112.35 112.41 112.88 112.89 112.97 113.37 113.43
113.39 112.63 113.06 112.76 112.69 112.65 112.83 113.22 112.61 112.99 112.77 113.39 113.38 113.30 113.40 113.18 113.23 112.79 112.38 112.90 112.49 112.32 112.26 112.10 111.95 111.70 111.53 111.34 110.89 110.37 109.98 109.65 109.35 109.15 109.09 108.31 108.79 109.25 107.84 108.26 108.79 109.44 110.04 110.47 110.74 111.08 111.28 111.56 111.73 111.73 111.91 111.94 111.58 111.09 109.98 110.84 111.21 111.39 111.39 111.19 110.28 111.81 113.19 113.25 113.37 113.38 113.37 112.78 113.05 113.20 113.27 113.30 113.70 113.97 113.97 113.81 113.90 113.96 113.96 113.92 113.92 113.85 113.88 113.79 113.85 113.43 113.51 113.53 113.50 112.82 113.23 113.11 113.37 112.46 112.95 112.91 112.94 112.46 112.08 112.89 112.93 112.81 112.91 112.96 112.82 112.40 112.89 112.17 111.93 112.36 112.70 112.83 113.23 113.07 113.52 113.82 113.65 113.98 114.00 113.97 113.92 113.96 113.97 113.87 113.93 113.99 113.83 113.94 113.95 113.99 113.95 113.97 113.96 114.00 113.97 113.45 113.38 113.68 112.73 113.24 113.07 112.81 112.60 112.65 112.74 112.80 113.09 112.81 112.72 112.55 112.46 112.20 111.75 111.26 111.45 111.79 112.25 111.72 111.09 111.63 111.51 112.02 112.53 113.04 112.61 112.65 113.17 112.63 112.99 113.17 113.15 112.70 112.32 112.97 113.06 112.84 112.99 113.43 113.66 113.35
113.30 113.34 112.78 112.80 112.71 112.85 113.10 113.27 113.40 113.49 113.48 113.43 113.59 113.66 113.40 113.55 112.09 112.46 112.96 112.52 112.51 112.20 112.19 112.07 111.86 111.53 111.27 110.87 110.43 110.00 109.62 109.19 108.95 108.83 108.92 108.85 107.89 108.35 107.78 108.12 108.73 109.43 109.85 110.17 110.47 110.75 111.04 111.31 111.62 111.78 112.07 112.02 111.98 111.53 110.60 110.80 111.17 111.17 111.11 110.66 109.81 112.06 113.02 113.08 112.74 112.95 113.22 112.81 113.22 113.18 112.98 113.47 113.61 113.96 113.98 113.98 113.88 113.95 113.86 113.97 113.96 113.93 113.94 113.98 113.87 113.63 113.71 113.80 113.70 112.60 113.31 113.11 113.40 113.42 113.47 113.00 112.90 113.86 112.78 112.40 112.61 112.38 112.14 111.98 112.33 112.82 111.98 111.93 111.59 112.29 112.59 113.08 112.96 112.57 112.54 112.84 113.45 113.66 113.79 113.95 113.97 113.92 113.95 113.93 113.93 113.83 113.94 113.91 113.99 113.94 113.73 113.75 113.85 113.91 113.37 112.76 112.01 112.23 112.67 113.01 112.74 112.48 112.07 112.22 112.58 112.68 112.74 112.82 112.49 112.40 112.29 112.20 112.43 112.25 112.34 111.69 112.27 111.71 111.25 111.67 111.19 112.21 112.49 112.78 112.78 112.98 112.87 113.02 112.93 113.50 112.91 113.78 112.89 112.99 113.08 113.02 112.83 113.49 113.77 113.33
113.09 113.21 112.79 112.81 112.78 112.80 113.16 113.77 113.51 113.44 113.30 113.37 113.47 113.29 113.43 113.53 113.15 112.76 112.81 112.57 112.36 112.15 112.09 111.91 111.69 111.44 110.98 110.44 109.84 109.36 109.01 108.61 108.38 108.35 108.53 107.98 108.20 107.38 107.57 108.18 108.64 109.14 109.45 109.77 110.13 110.39 110.77 111.03 111.33 111.57 111.71 111.91 111.94 111.44 110.83 111.16 110.67 110.99 110.60 110.17 110.24 110.65 112.86 112.82 112.91 112.74 113.13 113.24 113.18 113.21 113.31 113.32 113.54 113.77 113.96 113.97 113.98 113.95 113.99 114.00 113.98 113.97 113.95 114.00 113.97 114.00 113.80 113.82 113.68 113.35 113.21 113.39 113.54 113.57 113.21 113.09 112.92 112.56 112.51 112.71 112.84 112.95 111.88 112.31 112.61 112.51 112.77 111.70 111.60 112.13 112.62 112.21 112.75 112.74 112.84 113.13 113.25 113.57 113.72 113.95 113.99 113.99 113.67 113.92 113.99 113.89 113.82 113.37 113.70 113.72 113.66 113.53 113.85 113.38 112.94 112.62 111.30 111.47 112.46 112.28 112.52 112.46 111.99 111.58 112.59 112.70 112.70 112.72 112.69 112.40 112.08 111.77 111.43 111.80 112.67 111.80 112.01 111.93 111.34 112.19 112.03 112.26 112.11 112.10 112.79 112.96 113.21 112.97 112.66 113.47 113.58 113.25 113.31 113.57 113.47 112.96 112.55 113.15 113.17 112.91
112.23 112.61 112.64 112.45 112.87 113.16 113.48 113.93 113.92 113.72 113.57 113.35 113.46 113.44 113.61 113.42 113.15 113.11 112.61 112.55 112.36 112.09 111.92 111.62 111.42 111.12 110.68 109.90 108.93 108.41 108.10 107.95 107.80 107.95 108.22 106.44 107.84 107.27 107.45 107.80 108.03 108.47 108.81 109.15 109.57 109.99 110.40 110.71 111.08 111.32 111.45 111.55 111.70 111.59 111.06 110.54 110.50 110.46 110.60 110.44 110.00 111.62 112.57 112.49 112.71 112.90 113.28 113.30 113.35 113.14 113.30 113.50 113.74 113.92 113.93 113.92 113.95 113.96 113.94 114.00 113.94 113.99 113.95 113.95 114.00 113.94 113.91 113.75 113.75 113.83 113.69 113.57 113.62 113.54 113.16 113.23 112.88 112.79 113.05 112.27 112.71 112.82 112.09 112.52 112.05 112.46 111.67 111.47 112.07 112.11 111.89 112.32 112.30 112.54 112.68 112.86 112.92 112.87 112.94 113.80 113.91 113.89 113.95 113.94 113.79 113.85 113.52 113.53 113.61 113.51 113.46 112.95 112.76 113.02 112.73 112.37 111.82 111.63 112.10 112.33 112.64 112.64 112.84 112.80 112.61 112.64 112.65 112.64 112.47 112.33 112.55 111.91 111.49 111.61 112.10 112.26 112.12 112.34 111.74 112.23 112.35 112.13 112.00 111.90 112.55 112.57 112.44 112.36 113.11 113.51 113.73 113.82 113.87 113.96 113.80 113.83 113.72 113.51 113.53 112.27
112.28 112.28 112.47 112.90 112.93 113.20 113.80 113.83 113.88 113.82 113.71 113.48 113.54 112.95 113.54 113.84 113.31 113.29 112.92 112.50 112.32 112.09 111.65 111.31 111.08 110.73 110.18 108.93 107.88 107.24 107.15 107.26 107.47 107.67 107.30 106.59 107.06 107.31 107.16 107.03 107.18 107.65 108.12 108.47 109.06 109.53 109.97 110.30 110.69 111.02 111.13 111.36 111.34 111.40 110.94 110.47 109.84 109.85 110.47 110.31 110.00 111.78 112.51 111.84 112.33 113.83 113.95 113.88 113.23 113.36 112.95 113.37 113.68 113.80 113.93 113.95 113.94 113.94 113.95 113.98 114.00 114.00 114.00 114.00 114.00 114.00 113.96 113.96 113.88 113.83 113.57 113.62 113.64 113.49 113.33 113.29 112.94 113.02 112.65 113.33 112.82 112.57 112.12 112.13 112.12 112.05 112.19 111.62 112.21 112.17 112.35 112.15 111.92 111.91 112.29 112.36 112.56 113.23 113.31 112.81 113.35 113.25 113.43 113.48 113.40 113.75 113.68 113.67 113.54 113.46 112.89 112.95 111.81 112.24 112.40 112.19 111.52 111.53 112.14 112.42 112.72 112.72 112.83 112.90 112.66 112.59 112.53 112.44 112.37 112.07 112.23 112.11 111.71 111.85 111.69 111.77 112.07 112.33 112.07 112.67 112.31 112.27 112.01 111.79 112.92 111.86 112.23 112.51 113.12 113.63 113.80 113.91 113.90 113.96 113.98 113.85 113.89 113.72 113.84 113.38
113.63 112.29 113.28 113.03 113.38 113.57 113.90 113.98 113.77 113.82 113.81 113.50 113.34 113.39 113.55 113.81 112.44 113.35 113.54 112.62 112.39 112.04 111.70 111.35 110.89 110.30 109.32 107.70 106.07 105.59 106.11 106.77 106.98 107.29 107.46 107.40 107.63 107.67 106.88 106.50 106.46 107.13 107.54 107.93 108.52 109.19 109.66 110.01 110.24 110.41 110.40 110.85 111.04 111.01 110.59 110.43 109.96 111.09 110.24 111.27 111.70 113.79 114.22 114.29 114.33 114.05 113.84 114.18 114.12 113.50 113.39 113.83 113.78 113.85 113.98 114.00 113.97 114.00 114.00 113.99 114.00 114.00 114.00 113.96 114.00 113.98 113.98 113.95 113.91 113.88 113.88 113.81 113.70 113.46 113.32 113.35 113.26 113.05 112.51 113.04 112.36 112.50 112.36 111.98 112.13 111.82 111.99 111.96 111.80 111.89 112.35 111.81 111.61 111.58 111.69 111.29 112.35 113.18 113.21 113.25 112.77 113.27 113.25 113.14 113.37 113.56 113.43 113.67 113.19 112.81 112.61 111.64 111.53 111.60 111.93 111.77 111.47 111.67 111.72 112.20 112.53 112.75 112.67 112.67 112.78 112.63 112.38 112.47 112.10 112.27 112.07 112.31 111.61 111.26 112.35 112.55 111.78 112.49 112.55 112.26 112.32 112.19 111.78 112.04 112.56 112.71 112.56 112.60 112.89 113.83 113.93 113.92 114.00 113.99 113.77 114.00 113.89 113.97 113.29 113.46
113.70 113.67 113.43 113.15 113.39 113.74 113.95 114.00 113.99 114.00 113.94 113.70 113.62 113.75 113.73 113.79 113.40 113.37 113.23 112.88 112.55 112.12 111.74 111.34 110.77 110.02 108.88 106.62 104.16 103.66 105.01 106.26 106.66 106.78 106.88 107.68 107.41 107.37 106.69 106.38 106.43 107.85 106.98 107.56 108.18 108.78 109.36 109.72 109.99 110.17 110.19 111.04 110.31 111.63 113.92 113.69 113.58 111.95 114.50 114.70 113.54 111.84 111.73 112.02 113.65 113.87 113.93 113.92 112.79 113.99 113.27 113.68 113.85 113.94 113.97 113.96 114.00 113.98 113.94 114.00 114.00 114.00 114.00 114.00 113.97 113.98 114.00 113.97 113.90 113.95 113.94 113.90 113.80 113.63 113.81 113.52 113.36 113.12 112.97 112.98 112.95 112.66 112.25 112.03 111.81 112.33 111.88 111.86 111.72 111.64 111.66 111.85 111.39 111.82 111.69 111.95 111.99 112.87 113.06 112.91 112.99 113.21 113.11 113.09 112.79 113.27 113.33 113.34 113.13 112.92 111.80 111.52 111.17 111.77 111.64 111.88 111.40 111.59 112.33 112.36 112.87 112.71 112.81 112.70 112.74 112.64 112.22 112.02 111.94 112.01 111.97 111.71 112.14 111.62 112.60 112.56 111.98 111.97 112.37 112.49 112.17 112.28 111.85 111.69 112.08 113.10 113.15 113.32 113.65 113.96 114.00 113.99 113.99 113.99 114.00 113.98 113.96 113.99 113.96 113.99
113.96 113.97 113.94 113.94 113.84 113.86 113.96 114.00 113.99 113.97 113.96 113.93 113.95 113.74 113.89 113.80 113.76 113.53 113.38 113.06 112.67 112.36 111.81 111.33 110.58 109.87 108.82 106.86 104.22 102.29 103.33 106.23 106.54 106.55 106.45 107.21 107.13 106.79 106.25 105.98 106.52 106.92 106.84 107.44 107.96 108.45 109.27 109.51 109.75 110.00 109.84 110.62 113.84 113.93 114.73 114.75 112.05 109.10 108.84 110.09 110.90 111.14 111.49 111.75 112.29 112.14 112.37 113.58 113.04 113.27 114.11 113.71 114.03 113.99 113.99 113.90 113.93 113.99 113.96 113.95 114.00 114.00 114.00 114.00 113.99 114.00 114.00 113.98 114.00 113.97 113.96 114.00 113.83 113.73 113.56 113.58 113.60 113.25 112.03 112.48 112.99 113.07 112.54 112.27 112.16 111.79 111.76 111.86 111.60 111.65 112.13 111.79 111.89 111.56 111.85 112.02 111.94 112.21 112.63 112.40 112.57 112.86 112.82 112.73 112.37 113.19 113.13 113.34 113.11 113.07 112.77 111.89 111.26 111.52 111.46 112.06 111.67 112.18 112.55 112.57 112.99 112.87 112.67 112.75 112.75 112.69 112.54 112.58 112.27 112.24 112.05 111.65 111.19 111.75 111.66 111.94 112.39 112.49 112.19 112.66 112.37 112.92 113.18 112.83 113.05 113.91 113.23 113.61 113.79 113.98 114.00 114.00 113.96 113.98 113.95 113.93 113.92 114.00 114.00 113.99
113.93 113.99 113.98 113.94 113.94 113.93 114.00 113.98 113.99 113.99 113.96 114.00 113.96 113.93 113.93 113.84 113.83 113.67 113.53 113.18 112.91 112.44 112.04 111.46 110.83 110.03 109.07 108.14 104.64 101.12 101.12 105.03 106.38 106.39 106.47 106.34 106.83 106.58 106.62 106.25 106.40 107.13 109.09 110.99 109.65 108.49 109.17 109.86 109.79 110.27 113.33 113.85 113.85 114.49 113.64 109.70 108.65 110.83 109.36 110.83 111.13 111.30 112.06 111.97 112.50 112.69 113.52 113.02 113.90 113.27 114.16 114.07 114.25 113.89 113.88 113.95 114.00 113.98 113.97 113.87 113.95 114.00 114.00 113.99 114.00 113.97 113.97 113.99 113.98 113.96 113.98 113.92 113.92 113.89 113.73 113.51 113.59 113.39 112.79 112.69 113.03 112.74 112.39 112.58 112.55 112.08 111.76 112.18 113.34 113.65 111.88 112.20 112.03 112.14 112.09 111.93 111.96 112.06 112.36 112.43 112.40 112.20 112.45 112.23 112.20 112.35 112.66 113.03 113.07 113.07 112.70 112.25 111.27 112.22 112.21 111.56 112.52 112.78 112.13 112.61 112.95 112.96 113.08 112.86 112.84 112.60 112.49 112.92 112.80 112.35 111.48 111.74 111.20 112.06 112.53 112.34 112.56 112.99 112.55 112.74 113.25 113.91 113.99 113.83 113.80 113.99 113.99 113.96 113.99 114.00 114.00 113.98 113.95 113.90 113.89 113.90 113.82 112.76 114.00 114.00
114.00 114.00 113.99 113.99 113.86 113.91 113.99 113.96 113.91 113.95 113.97 113.99 113.99 113.97 113.98 113.98 113.98 113.84 113.66 113.40 113.07 112.65 112.25 111.61 110.98 110.37 109.59 108.89 105.29 102.21 102.91 104.40 105.98 106.27 106.48 106.73 106.23 106.25 106.74 106.25 110.10 110.48 107.39 111.90 111.03 110.97 111.49 113.60 112.53 112.34 111.09 109.39 112.49 114.50 113.88 113.99 114.08 111.66 110.63 111.36 111.50 111.53 111.89 112.10 113.18 113.83 113.56 113.70 112.77 112.97 113.83 114.12 114.04 113.84 113.97 113.83 113.92 114.00 114.00 113.96 113.96 113.99 113.98 114.00 114.00 113.99 114.00 113.99 113.96 113.99 113.99 113.99 113.92 113.89 113.88 113.91 113.91 113.57 113.10 113.27 112.36 112.31 112.48 112.58 111.79 112.34 112.51 112.17 112.16 112.21 112.44 112.41 112.56 111.78 111.89 111.91 111.90 112.49 112.54 112.33 111.89 111.71 111.82 111.57 112.07 112.66 112.40 112.57 113.03 113.03 112.91 112.77 111.67 111.57 112.05 112.29 112.34 112.45 112.28 112.70 112.98 112.89 113.17 113.11 113.04 113.08 113.16 113.19 113.14 113.39 111.24 111.05 111.25 112.05 111.53 112.92 113.92 113.46 113.60 113.56 113.92 113.97 113.98 113.95 113.99 113.95 113.99 113.96 113.96 113.96 113.95 113.96 113.92 113.88 113.85 113.85 113.93 113.95 113.98 114.00
114.00 113.99 113.96 113.97 114.00 113.85 113.87 113.87 113.85 113.94 113.98 113.99 113.97 114.00 113.98 113.95 113.95 113.99 113.75 113.74 113.39 113.03 112.59 111.97 111.41 110.79 110.14 109.10 107.74 105.96 104.60 104.86 105.96 106.13 106.56 106.86 106.83 107.99 107.15 106.43 106.82 107.17 107.68 112.59 110.62 112.93 110.47 111.57 110.56 109.68 109.17 112.66 113.16 113.79 113.26 109.74 110.17 111.47 113.88 113.20 111.78 111.95 112.08 112.14 112.91 112.50 113.30 112.76 112.88 113.18 113.70 113.88 113.95 113.94 113.93 113.96 113.85 113.84 113.99 114.00 113.89 113.94 113.95 113.98 113.98 114.00 113.99 114.00 113.98 114.00 113.99 113.98 113.97 113.82 113.88 113.94 113.91 113.90 113.71 113.78 113.08 112.09 112.32 112.52 112.88 112.56 112.44 112.36 112.49 112.30 112.92 113.00 112.83 112.01 111.81 111.88 111.61 111.85 111.56 112.20 111.85 112.21 111.94 111.96 112.25 112.03 112.66 112.26 112.85 112.92 112.77 112.17 112.31 111.73 112.24 112.44 112.78 112.69 112.80 112.93 112.80 113.04 113.48 113.52 113.30 113.29 113.82 113.62 113.20 112.96 112.32 111.82 112.70 112.59 112.47 113.05 113.96 113.93 113.95 113.93 113.95 113.97 113.90 113.98 113.99 113.92 113.92 113.93 113.93 113.91 113.90 113.90 113.86 113.86 113.86 113.85 113.85 113.89 113.94 113.98
113.98 113.98 113.94 113.93 113.96 113.83 113.83 113.84 113.90 113.88 114.00 113.87 113.88 113.86 113.87 113.84 114.00 113.76 114.00 113.94 113.81 113.35 113.21 112.61 111.91 111.27 110.66 109.60 108.80 107.34 106.26 106.07 105.77 105.75 106.65 107.14 107.52 107.72 107.76 107.27 107.04 107.69 108.12 109.13 109.46 109.52 110.23 110.28 110.07 109.71 109.43 109.18 109.75 111.99 111.47 110.35 111.05 111.64 112.01 113.92 111.74 112.55 112.50 112.70 112.89 113.01 113.69 113.33 113.48 113.75 113.88 113.95 114.01 114.00 114.00 113.91 113.93 113.93 113.99 113.98 113.95 113.95 113.89 113.93 113.98 114.00 113.99 114.00 114.00 114.00 114.00 113.99 113.97 113.96 113.92 113.90 113.62 113.90 113.90 113.92 113.33 112.72 112.53 112.71 113.01 112.51 112.66 112.87 112.79 112.80 113.05 113.05 112.73 112.40 112.21 111.70 111.36 112.71 112.43 112.23 112.12 112.24 112.05 112.45 111.88 112.28 112.00 112.75 112.81 113.04 112.57 112.73 112.62 112.47 112.91 113.51 112.52 113.22 113.08 112.79 113.05 113.11 113.74 113.74 113.40 113.90 113.80 113.45 113.14 112.83 112.20 112.44 112.31 112.52 112.75 113.60 113.86 113.99 113.95 113.98 113.97 113.98 113.98 114.00 113.97 113.91 113.95 113.99 113.87 113.86 113.87 113.85 113.84 113.84 113.84 113.84 113.84 113.86 113.92 113.93
113.91 113.92 113.91 113.87 113.86 113.83 113.83 113.85 113.86 113.97 114.00 113.79 113.94 113.87 113.83 113.92 113.99 113.97 113.99 113.96 113.91 113.76 113.55 113.10 112.50 111.63 110.90 110.07 109.27 108.43 107.27 106.63 105.17 103.64 106.86 107.36 107.67 107.98 108.16 108.18 108.23 109.19 109.59 109.94 110.23 110.86 111.21 111.46 111.75 111.95 111.13 112.76 113.96 110.37 110.52 110.84 111.79 112.16 112.25 113.35 112.58 112.86 112.86 112.85 113.11 113.22 113.19 113.65 113.80 113.91 114.10 113.97 114.01 114.02 113.97 113.97 113.99 113.98 113.97 113.93 113.89 113.88 113.91 113.97 113.96 113.97 113.99 114.00 114.00 114.00 114.00 114.00 113.99 113.99 113.94 113.91 113.54 113.89 113.89 113.91 113.36 113.18 112.99 112.78 113.01 112.94 112.88 113.07 113.12 113.18 113.32 113.30 112.59 112.33 112.30 111.92 111.58 112.75 112.50 112.46 112.48 112.03 112.12 111.89 112.31 112.38 112.58 112.74 113.31 113.18 112.82 112.24 112.79 112.90 113.45 113.48 113.28 113.81 113.12 112.95 113.15 113.30 113.78 113.81 113.84 113.92 113.86 113.03 113.34 112.85 112.70 112.80 113.46 113.52 113.78 113.99 113.94 113.90 113.94 113.95 113.89 113.92 113.97 113.97 113.91 113.94 113.99 113.94 113.88 113.86 113.85 113.85 113.84 113.84 113.83 113.84 113.85 113.85 113.87 113.90
113.89 113.92 113.88 113.84 113.85 113.84 113.83 114.01 113.85 113.93 114.00 113.99 113.89 113.84 113.83 113.86 113.90 113.94 113.92 114.00 113.97 113.97 113.57 112.86 112.27 112.09 111.34 110.29 109.36 109.03 108.54 107.92 105.58 102.94 103.87 107.65 107.83 107.99 108.35 108.72 109.18 109.55 109.82 110.18 110.64 111.21 111.58 111.98 112.58 112.92 111.41 110.24 110.04 110.50 110.87 111.56 112.07 112.55 112.61 113.06 112.77 113.03 113.64 113.01 113.15 113.29 113.14 113.78 113.67 113.87 113.97 113.94 114.23 114.19 114.00 113.99 113.99 113.98 113.97 113.85 114.00 113.84 113.94 113.98 113.94 113.94 113.98 114.00 113.98 114.00 114.00 114.00 114.00 114.00 113.99 113.93 113.90 113.69 113.71 113.57 113.55 113.60 113.39 113.41 113.08 112.85 112.90 113.43 113.28 113.25 113.22 112.82 112.95 112.81 112.37 112.15 112.52 112.49 112.15 112.62 112.39 112.22 112.31 112.35 112.34 112.46 112.66 112.93 112.97 113.19 113.56 113.41 113.78 113.75 113.72 113.78 113.56 113.54 113.70 113.47 113.78 113.84 113.96 113.95 113.96 113.82 113.38 113.32 113.38 113.05 113.30 113.62 113.92 113.99 113.99 113.98 113.93 113.90 113.92 113.89 113.91 113.92 113.94 113.90 113.90 113.93 113.96 113.89 113.87 113.86 113.85 113.84 113.84 113.84 113.84 113.84 113.83 113.84 113.85 113.86
113.83 113.84 113.84 113.83 113.83 113.83 113.83 113.83 113.83 113.93 113.97 113.95 113.83 113.83 113.83 113.83 113.85 114.00 113.92 113.97 114.00 113.84 113.36 112.64 111.90 112.73 111.90 109.62 109.38 109.49 109.32 109.46 108.91 105.28 106.85 107.95 107.69 107.83 108.40 108.92 109.39 109.65 109.87 109.84 111.07 111.57 112.13 112.49 112.85 113.43 113.49 112.04 111.37 111.65 112.10 112.49 112.74 112.86 112.94 113.25 113.14 113.03 112.72 113.68 113.74 113.44 113.57 113.87 113.91 113.97 114.00 114.00 113.92 113.93 113.90 113.87 113.85 113.86 113.90 113.89 113.95 113.99 113.93 113.96 113.98 113.92 113.99 114.00 113.99 114.00 113.98 114.00 114.00 114.00 113.99 113.94 113.93 113.81 113.89 113.79 113.77 113.79 113.78 113.61 113.59 113.05 113.33 113.67 113.90 113.19 113.34 113.08 112.66 112.62 112.46 112.91 112.69 112.68 112.33 112.65 112.45 112.29 112.26 112.40 112.42 112.51 112.77 112.93 113.19 113.31 113.89 113.97 113.95 113.92 113.89 113.95 113.88 113.82 113.71 113.88 113.90 113.95 113.99 113.97 113.94 113.67 113.64 113.50 113.36 113.04 113.77 113.99 113.99 114.00 114.00 113.94 113.92 113.90 113.89 113.88 113.93 113.88 113.90 113.88 113.89 113.92 113.90 113.88 113.87 113.86 113.86 113.85 113.84 113.84 113.84 113.84 113.84 113.83 113.83 113.83
113.84 113.83 113.95 113.83 113.83 113.83 113.83 113.83 113.83 113.86 113.89 113.91 113.83 113.84 113.84 113.83 113.91 114.00 113.92 113.95 113.99 113.52 112.92 112.45 112.77 112.89 112.63 111.21 109.51 109.38 109.62 110.09 110.38 110.00 108.98 108.29 107.47 107.27 108.52 109.21 109.67 109.92 110.04 109.76 111.29 112.18 112.60 112.89 113.28 113.76 113.91 112.54 112.52 112.86 113.09 113.25 113.24 113.28 113.32 113.48 113.69 113.33 112.93 113.09 113.38 113.76 113.88 113.94 113.95 114.00 113.97 113.94 113.96 113.93 113.95 113.84 113.87 113.96 113.97 113.95 113.98 113.96 113.98 113.97 113.92 113.97 113.98 114.00 114.00 114.00 114.00 114.00 113.99 113.98 113.97 113.97 113.96 113.96 113.91 113.81 113.77 113.79 113.73 113.78 113.71 113.69 113.73 113.66 113.72 113.03 113.21 112.40 112.61 112.49 112.70 112.53 112.56 112.71 112.62 112.60 112.45 112.32 112.20 112.26 112.87 112.59 112.74 113.04 113.36 113.73 113.95 113.86 113.90 113.90 113.88 113.84 114.03 113.99 113.99 113.96 113.98 114.00 114.00 113.95 113.95 113.75 113.62 113.62 113.17 113.25 113.99 114.00 113.99 113.98 113.96 113.96 113.91 113.89 113.88 113.88 113.89 113.89 113.88 113.88 113.88 113.88 113.88 113.88 113.87 113.87 113.86 113.85 113.85 113.85 113.84 113.84 113.84 113.83 113.83 113.83
113.83 113.83 113.83 113.83 113.83 113.83 113.83 113.83 113.83 113.83 113.86 113.84 113.84 113.85 113.85 113.83 113.93 113.86 113.87 113.94 113.94 113.62 113.69 113.48 113.32 113.26 112.90 112.01 109.05 109.22 109.61 110.53 110.84 110.54 109.80 108.78 106.43 106.41 109.05 109.61 109.94 110.14 110.27 110.58 111.89 112.34 112.69 113.07 113.42 113.73 113.92 113.94 113.19 113.16 113.16 113.20 113.36 113.50 113.62 113.71 113.74 113.58 113.12 113.56 113.84 113.85 113.97 113.99 114.00 114.00 113.95 113.92 113.93 113.94 113.89 113.95 113.96 113.97 113.88 113.89 113.89 113.97 113.96 113.94 113.97 114.00 113.99 114.00 114.00 114.00 114.00 114.00 114.00 113.98 113.97 113.94 113.91 113.93 113.87 113.72 113.72 113.76 113.81 113.69 113.68 113.81 113.48 113.86 113.72 113.74 113.33 112.95 112.87 112.31 112.44 112.55 112.43 112.62 112.62 112.64 112.40 112.46 112.22 112.80 113.18 112.48 112.75 113.12 113.72 113.99 113.85 113.94 113.92 113.91 113.91 113.88 113.86 113.83 113.99 113.99 113.99 114.00 113.98 113.98 113.75 113.48 113.60 113.83 113.65 113.61 114.00 113.97 113.96 113.94 113.92 113.93 113.89 113.88 113.89 113.88 113.88 113.89 113.89 113.89 113.88 113.88 113.88 113.88 113.88 113.88 113.87 113.88 113.86 113.85 113.85 113.84 113.83 113.83 113.83 113.83
113.83 113.87 113.83 113.83 113.83 113.83 113.83 113.83 113.84 113.83 113.85 113.83 113.85 113.86 113.85 113.83 113.85 113.83 113.88 114.00 114.00 113.97 113.94 113.86 113.72 113.47 113.15 112.15 109.70 109.56 110.22 111.18 111.15 111.36 110.83 109.29 105.77 103.93 108.25 109.94 110.12 110.38 110.64 111.07 111.79 112.34 112.76 113.16 113.43 113.75 113.92 113.94 113.83 113.39 113.32 113.33 113.46 113.60 113.70 113.80 113.88 113.83 113.67 113.70 113.85 113.98 114.00 114.00 113.99 113.93 113.89 113.90 113.90 113.90 113.90 113.91 113.89 113.91 113.87 113.96 113.95 113.97 113.97 113.96 113.94 113.97 113.99 113.96 113.99 113.98 114.00 114.00 114.00 114.00 113.99 113.97 113.92 113.91 113.89 113.84 113.76 113.63 113.44 113.36 113.74 113.85 113.87 113.59 113.54 113.40 113.34 113.32 113.17 113.33 113.00 112.69 112.54 112.58 112.58 112.25 112.48 112.40 112.08 113.44 112.60 112.47 112.88 113.37 113.89 113.89 113.88 113.96 113.97 113.96 113.93 113.90 113.88 113.84 113.84 113.91 113.96 113.96 113.97 113.88 113.87 113.82 113.97 114.00 113.97 113.97 113.99 113.94 113.92 113.94 113.90 113.88 113.89 113.89 113.91 113.91 113.90 113.92 113.92 113.91 113.89 113.88 113.90 113.89 113.91 113.90 113.90 113.86 113.86 113.85 113.86 113.84 113.84 113.83 113.83 113.83
113.83 113.83 113.85 113.83 113.83 113.83 113.84 113.84 113.85 113.84 113.83 113.87 113.88 113.87 113.86 113.85 113.83 113.83 113.88 113.97 114.00 114.00 113.97 113.88 113.70 113.50 113.05 112.11 111.23 111.57 111.47 111.44 111.46 111.46 111.57 111.44 106.50 100.99 102.42 109.92 110.31 110.58 110.90 111.31 111.79 112.39 112.91 113.24 113.56 113.74 113.89 113.95 113.93 113.56 113.46 113.45 113.57 113.69 113.75 113.84 113.90 113.76 113.70 113.86 113.98 114.00 113.96 113.92 113.89 113.91 113.87 113.87 113.91 113.90 114.02 113.92 113.84 113.94 113.96 113.92 113.96 113.97 113.98 113.99 113.98 113.97 113.94 113.96 113.97 113.96 114.00 114.00 114.00 114.00 113.97 113.99 113.95 113.91 113.94 113.96 113.92 113.89 113.67 113.39 113.84 113.79 114.00 113.71 113.94 113.32 113.52 113.48 113.43 113.59 113.28 112.76 112.51 112.78 112.99 112.42 112.62 112.51 112.28 112.15 112.34 112.80 113.18 113.62 113.99 113.85 113.94 113.97 114.00 113.96 113.91 113.91 113.86 113.85 113.83 113.88 113.92 113.98 114.00 113.97 113.91 113.98 113.98 113.96 113.96 113.96 113.93 113.89 113.86 113.86 113.88 113.87 113.88 113.88 113.92 113.94 113.96 113.98 113.97 113.96 113.95 113.94 113.93 113.93 113.92 113.92 113.98 113.89 113.87 113.87 113.86 113.84 113.83 113.84 113.89 113.83
113.83 113.83 113.85 113.86 113.83 113.83 113.84 113.85 113.85 113.86 113.89 113.92 113.92 113.91 113.90 113.85 113.84 113.83 113.98 113.97 113.99 113.99 113.95 113.89 113.67 113.39 113.08 112.67 111.83 111.81 111.66 111.63 111.61 111.71 111.92 112.11 111.26 102.80 104.00 108.92 110.08 110.84 111.25 111.54 108.26 112.67 113.07 113.36 113.61 113.74 113.91 113.94 113.95 113.62 113.56 113.61 113.70 113.77 113.82 113.87 113.88 113.91 113.92 113.92 114.00 113.94 113.90 113.87 113.85 113.85 113.86 113.89 113.86 113.87 113.89 113.83 113.87 113.89 113.96 113.99 114.00 113.97 113.99 113.98 113.98 113.98 113.90 113.97 113.87 113.98 114.00 114.00 114.00 113.97 113.96 113.98 113.98 113.99 114.00 114.00 114.00 113.86 113.78 113.82 113.88 113.93 113.86 113.94 114.00 113.68 113.70 113.86 113.61 113.54 113.41 113.21 112.96 113.08 113.21 113.14 112.96 112.63 112.53 112.56 112.66 112.90 113.34 113.82 113.99 113.84 113.94 113.96 113.96 113.94 113.91 113.89 113.87 113.85 113.83 113.85 113.89 113.96 113.98 113.97 113.97 113.95 113.96 113.90 113.92 113.88 113.87 113.86 113.84 113.83 113.83 113.85 113.86 113.89 113.95 114.00 113.99 113.96 114.00 114.00 114.00 113.99 113.98 113.95 113.95 113.95 113.94 113.97 113.88 113.87 113.86 113.86 113.84 113.87 113.95 113.89
113.85 113.83 113.83 113.84 113.83 113.83 113.84 113.86 113.87 113.90 113.93 113.98 113.97 113.96 113.96 113.87 113.83 113.87 113.95 113.96 113.96 111.11 106.08 105.42 108.07 113.28 112.96 112.83 112.55 112.01 111.90 111.76 111.77 111.84 111.94 112.06 112.09 110.69 108.43 108.86 110.33 111.06 111.53 111.81 112.31 112.97 113.21 113.46 113.63 113.73 113.88 113.94 113.96 113.67 113.68 113.67 113.74 113.82 113.87 113.88 113.91 113.91 113.88 113.98 113.94 113.89 113.86 113.84 113.84 113.83 113.86 113.89 113.84 113.85 113.84 113.86 113.95 113.89 113.92 113.93 113.92 113.97 113.99 113.84 113.97 113.98 113.97 113.98 113.98 113.97 113.88 113.95 113.99 114.00 113.95 114.00 114.00 114.00 114.00 113.99 113.98 114.00 113.93 113.90 113.93 113.94 113.84 113.99 113.98 113.54 113.73 113.76 113.77 113.82 113.48 113.41 113.18 113.03 113.11 113.12 112.91 113.02 112.84 112.90 113.00 113.20 113.52 113.95 113.93 113.89 113.92 113.89 113.94 113.92 113.89 113.87 113.86 113.85 113.83 113.84 113.87 113.89 113.92 113.93 113.94 113.93 113.91 113.89 113.86 113.85 113.84 113.83 113.83 113.83 113.83 113.83 113.85 113.90 113.99 113.99 113.91 113.82 113.69 113.82 113.91 114.00 114.00 113.98 113.98 113.97 113.96 113.95 113.91 113.88 113.88 113.88 113.85 113.83 113.90 113.86
113.83 113.83 113.83 113.84 113.84 113.84 113.84 113.85 113.90 113.92 113.96 114.00 114.02 114.01 114.04 113.83 113.85 113.86 113.92 113.92 113.50 105.08 101.34 100.37 102.95 110.56 112.92 112.86 113.08 112.55 112.22 111.91 111.82 111.88 111.96 112.08 112.10 111.86 110.63 110.49 111.04 111.30 111.62 111.92 112.40 113.01 113.32 113.55 113.68 113.78 113.85 113.96 113.95 113.54 113.58 113.73 113.79 113.84 113.87 113.89 113.92 113.96 113.99 113.97 113.92 113.86 113.84 113.83 113.84 113.84 113.85 113.84 113.84 113.83 113.83 113.87 113.87 113.86 113.88 113.94 113.96 114.00 113.94 113.92 113.98 113.97 113.97 113.87 113.96 113.94 113.97 113.96 113.96 114.00 113.99 113.98 113.99 113.99 113.99 113.97 113.98 114.00 113.99 113.97 114.00 114.00 114.00 113.99 113.83 113.69 113.80 113.82 113.72 113.61 113.55 113.47 113.25 112.62 112.98 113.10 113.14 113.13 113.07 113.14 113.21 113.37 113.87 113.98 113.92 113.85 113.89 113.91 113.90 113.88 113.87 113.87 113.86 113.84 113.83 113.83 113.84 113.84 113.86 113.86 113.86 113.85 113.84 113.84 113.83 113.83 113.83 113.83 113.83 113.83 113.83 113.83 113.83 113.91 113.98 113.94 113.75 113.46 113.22 113.24 113.56 113.97 114.00 114.00 114.00 113.99 113.97 113.94 113.91 113.89 113.89 113.87 113.83 113.83 113.84 113.88
113.83 113.83 113.83 113.84 113.84 113.84 113.84 113.86 113.91 113.94 113.98 114.03 114.05 114.06 114.08 113.84 113.84 113.89 113.99 113.96 113.88 105.23 101.44 100.69 102.56 110.76 113.19 113.30 113.33 113.18 112.59 112.07 111.75 111.66 111.67 111.98 112.14 112.11 111.60 111.41 111.51 111.59 111.69 111.91 112.26 112.83 113.41 113.60 113.75 113.80 113.85 113.97 113.89 113.91 113.54 113.69 113.80 113.83 113.88 113.89 113.91 113.96 114.00 113.93 113.87 113.84 113.83 113.83 113.85 113.85 113.88 113.86 113.85 113.84 113.83 113.83 113.84 113.84 113.83 113.92 113.95 113.98 113.94 113.95 113.84 113.99 113.98 114.00 113.97 113.96 113.96 113.96 113.90 113.98 113.99 113.97 113.98 113.98 113.98 113.98 113.97 113.99 113.86 114.00 113.99 113.96 113.92 113.99 113.92 113.88 113.81 113.73 113.57 113.53 113.54 113.71 113.09 113.24 113.04 113.34 113.49 113.65 113.14 113.19 113.28 113.46 113.82 113.72 113.99 113.86 113.84 113.87 113.86 113.86 113.85 113.85 113.84 113.84 113.83 113.83 113.83 113.83 113.83 113.83 113.83 113.83 113.83 113.83 113.83 113.83 113.83 113.83 113.84 113.83 113.83 113.83 113.83 113.91 114.00 113.83 113.31 112.90 112.78 113.07 113.12 112.22 113.97 114.00 114.00 114.00 113.98 113.95 113.92 113.89 113.88 113.85 113.90 113.83 113.83 113.83
113.86 113.83 113.83 113.85 113.86 113.87 113.86 113.89 113.95 113.97 114.02 114.05 114.07 114.08 114.09 113.83 113.85 113.97 114.00 113.94 113.99 107.44 104.88 103.92 105.91 112.71 113.60 113.58 113.49 113.26 112.85 112.28 111.74 111.45 111.23 111.12 112.07 112.10 111.91 111.76 111.71 111.74 111.80 111.96 112.25 112.80 113.44 113.60 113.70 113.79 113.78 113.92 113.98 113.96 113.62 113.69 113.72 113.81 113.83 113.90 113.95 113.95 113.98 113.92 113.86 113.83 113.84 113.85 113.86 113.87 113.88 113.89 113.85 113.86 113.84 113.83 113.83 113.83 113.86 113.92 113.93 113.88 113.93 113.95 113.99 113.96 113.94 113.98 113.97 113.95 113.97 113.97 113.98 113.98 113.95 113.97 113.98 113.98 113.97 113.98 113.96 114.00 113.99 113.99 113.97 114.00 113.95 113.72 113.92 113.99 113.70 113.53 113.53 113.57 113.56 113.71 113.35 113.35 112.41 113.55 113.60 113.56 112.91 113.10 113.38 113.45 113.79 113.67 113.92 114.00 113.87 113.86 113.83 113.83 113.83 113.84 113.84 113.84 113.83 113.83 113.83 113.84 113.84 113.84 113.84 113.83 113.84 113.84 113.84 113.84 113.84 113.84 113.84 113.83 113.84 113.84 113.83 113.90 114.00 113.58 112.75 112.55 112.47 112.46 112.97 113.55 113.89 113.96 114.00 114.00 113.98 113.95 113.92 113.90 113.87 113.86 113.90 113.83 113.83 113.83
113.83 113.84 113.84 113.85 113.86 113.90 113.92 113.96 113.99 114.01 114.04 114.06 114.07 114.08 114.09 113.83 113.87 113.99 113.95 113.90 113.90 112.64 110.71 110.03 113.16 113.95 113.79 113.72 113.59 113.17 112.74 112.29 111.84 111.32 111.01 110.92 111.77 112.11 112.03 111.76 111.75 111.52 111.83 112.03 112.07 113.01 113.26 113.49 113.58 113.70 113.76 113.82 113.92 113.98 113.91 113.76 113.99 113.90 113.94 113.94 113.94 113.91 113.97 113.91 113.85 113.83 113.85 113.86 113.89 113.91 113.88 113.92 113.84 114.01 113.86 113.85 113.83 113.83 113.84 113.86 113.91 113.97 113.99 113.97 113.99 113.96 113.96 113.96 113.96 113.98 113.95 113.94 113.95 113.97 113.94 113.93 113.89 114.00 113.95 113.95 113.98 114.00 114.00 114.00 113.99 114.00 114.00 113.96 113.90 113.96 113.85 113.66 113.66 113.52 113.49 113.53 113.60 113.32 112.60 113.48 113.57 113.39 113.95 113.78 113.35 113.32 113.57 113.73 113.81 113.98 114.00 113.96 113.90 113.86 113.83 113.83 113.83 113.84 113.84 113.84 113.85 113.86 113.85 113.86 113.87 113.88 113.89 113.88 113.92 113.88 113.89 113.87 113.87 113.87 113.88 113.85 113.85 113.88 113.99 113.49 112.89 112.47 112.30 110.50 111.47 113.04 113.74 113.94 114.00 114.00 113.98 113.95 113.91 113.88 113.85 113.87 113.83 113.83 113.86 113.83
113.84 113.84 113.84 113.86 113.91 113.92 113.95 113.96 113.98 114.01 114.03 114.05 114.06 114.07 114.08 113.84 113.90 113.96 113.95 113.98 113.89 113.92 113.93 113.93 113.99 113.98 113.65 113.78 113.45 113.00 112.50 112.15 111.65 111.21 110.94 110.39 110.45 112.00 112.09 111.75 111.86 111.77 111.89 111.05 112.40 113.05 113.37 113.48 113.54 113.61 113.48 113.72 113.72 113.97 113.72 113.76 113.80 113.76 113.98 113.89 113.87 113.96 113.94 113.84 113.83 113.85 113.87 113.88 113.90 113.93 113.92 113.91 113.89 113.87 113.84 113.84 113.84 113.85 113.88 113.83 113.85 113.94 113.96 113.93 113.92 113.95 113.94 113.95 113.95 113.98 113.96 113.91 113.94 113.94 113.94 113.91 113.92 113.94 113.96 113.95 114.00 114.00 113.99 114.00 113.96 113.97 113.99 113.94 114.00 113.99 113.85 113.94 113.91 113.82 113.97 113.57 113.71 113.02 113.24 112.73 113.11 113.03 113.06 113.32 113.36 113.47 113.42 113.34 113.83 113.73 114.00 113.95 113.95 113.89 113.83 113.83 113.84 113.85 113.86 113.86 113.89 113.90 113.92 113.95 113.99 114.03 114.06 114.06 114.05 114.02 113.99 113.98 113.99 113.96 113.93 113.90 113.85 113.84 113.98 113.74 112.83 112.43 110.55 103.90 110.28 112.91 113.76 113.96 114.00 114.00 113.96 113.96 113.90 113.87 113.84 113.84 113.83 113.83 113.83 113.83
113.85 113.86 113.86 113.89 113.93 113.93 113.97 113.99 114.00 114.01 114.02 114.03 114.04 114.05 114.06 113.86 113.88 113.96 113.95 113.96 113.97 113.95 113.99 113.99 113.99 114.00 113.94 113.58 113.22 112.85 112.34 111.95 111.56 111.13 110.41 110.32 110.67 112.20 112.41 111.98 112.15 112.13 112.17 111.08 112.04 113.04 113.31 113.42 113.48 113.35 113.16 113.27 113.75 113.93 114.00 113.99 113.97 113.97 113.96 113.86 113.92 113.93 113.84 113.83 113.84 113.85 113.85 113.87 113.92 113.93 113.87 113.90 113.90 113.88 113.84 113.88 113.85 113.86 113.89 113.88 113.83 113.86 113.88 113.89 113.89 113.93 113.95 113.97 113.95 113.95 113.93 113.93 113.94 113.95 113.93 113.95 113.92 113.93 113.98 114.00 113.91 114.00 113.99 113.99 113.96 113.94 113.82 113.95 114.00 113.97 113.96 113.98 113.96 113.90 113.89 113.94 113.83 114.00 113.63 113.39 113.59 113.93 113.30 113.54 113.56 113.13 112.90 113.56 113.85 113.78 114.00 113.98 113.92 113.84 113.83 113.84 113.87 113.87 113.89 113.93 113.96 114.01 114.04 114.12 114.18 114.19 114.22 114.18 114.17 114.13 114.10 114.10 114.05 114.00 113.95 113.91 113.86 113.84 113.85 113.88 113.22 112.63 111.77 111.03 111.85 113.53 113.92 113.99 114.00 113.99 113.98 113.91 113.88 113.85 113.83 113.83 113.83 113.83 113.83 113.84
113.87 113.89 113.91 113.94 113.97 113.97 113.99 114.01 114.01 114.01 114.02 114.04 114.04 113.98 114.06 114.05 113.83 113.91 113.98 113.97 113.97 113.95 113.99 113.98 113.98 113.99 113.78 113.48 113.12 112.67 112.24 111.82 111.54 111.09 109.81 110.22 111.28 112.23 112.37 112.17 112.47 112.53 112.49 112.61 112.84 113.07 113.34 113.47 113.46 113.10 113.18 113.41 113.44 113.94 113.96 113.99 113.98 113.99 113.97 113.92 113.93 113.87 113.83 113.84 113.87 113.84 113.84 113.86 113.90 113.92 113.90 113.93 113.91 113.92 113.91 113.89 113.87 113.88 113.91 113.94 113.93 113.83 113.84 113.86 113.85 113.91 113.94 114.18 113.93 113.95 113.92 113.88 113.92 113.92 113.95 113.95 113.92 113.92 113.98 113.97 114.00 113.97 113.99 113.99 114.00 113.98 113.91 113.97 113.97 113.90 113.97 113.96 113.99 113.99 114.00 114.00 113.95 113.71 113.63 113.58 113.73 113.53 113.40 113.52 113.26 113.62 113.94 113.99 113.99 113.96 113.94 113.90 113.85 113.83 113.83 113.86 113.88 113.93 113.99 114.04 114.10 114.16 114.24 114.30 114.34 114.40 114.37 114.27 114.31 114.24 114.21 114.14 114.09 114.02 113.98 113.95 113.90 113.86 113.83 113.98 113.87 113.48 112.95 112.92 113.42 113.94 114.00 114.00 114.00 113.99 113.93 113.89 113.85 113.83 113.83 113.83 113.83 113.83 113.85 113.86
113.95 113.92 113.97 113.97 113.98 113.98 114.00 114.02 114.03 114.02 114.02 114.04 114.05 114.06 114.06 114.06 113.91 113.83 113.85 113.86 113.90 113.92 113.97 113.99 113.96 113.86 113.67 113.41 112.93 112.58 112.16 112.01 111.45 111.15 110.63 110.69 111.34 112.32 112.36 112.36 112.58 112.71 112.86 112.88 113.02 113.17 113.33 113.50 113.42 112.90 113.42 113.52 113.56 113.73 113.80 113.88 113.96 113.98 113.98 113.94 113.92 113.88 113.86 113.84 113.83 113.83 113.84 113.85 113.85 113.90 113.91 113.91 113.93 113.95 113.93 113.98 113.89 113.92 113.95 113.93 113.93 113.91 113.83 113.95 113.84 113.86 113.90 113.95 113.92 113.90 113.89 113.91 113.93 113.94 113.86 113.91 113.94 113.98 113.99 113.95 114.00 114.00 113.98 113.98 113.98 114.00 113.95 113.93 113.98 113.94 113.92 113.91 114.00 114.00 114.00 114.00 113.92 113.74 113.84 113.82 113.81 113.95 113.61 113.50 113.78 113.71 113.84 113.97 113.98 113.94 113.89 113.83 113.83 113.83 113.85 113.88 113.94 114.01 114.12 114.20 114.25 114.32 114.53 114.42 114.49 114.53 114.49 114.44 114.40 114.33 114.24 114.19 114.24 114.08 114.07 114.02 113.97 113.92 113.84 113.84 113.96 114.00 113.97 113.97 113.75 113.57 114.00 114.00 113.99 113.97 113.98 113.85 113.83 113.92 113.83 113.84 113.85 113.85 113.86 113.92
114.00 113.86 113.97 113.97 114.00 114.00 114.00 114.03 114.02 114.03 114.03 114.05 114.06 114.07 114.10 114.10 114.08 113.93 113.83 113.93 113.91 113.91 113.90 113.93 113.96 113.76 113.58 113.27 113.01 112.36 111.99 111.66 111.22 110.82 110.50 110.63 111.28 112.21 112.54 112.63 112.79 112.94 113.00 113.08 112.98 113.17 113.16 113.03 113.01 113.14 113.42 113.61 113.64 113.59 113.77 113.93 113.97 113.99 113.98 113.99 113.98 113.99 113.98 113.84 113.84 113.83 113.84 113.85 113.85 113.89 113.92 113.99 113.98 113.98 113.96 114.02 114.00 114.01 114.01 113.95 114.01 114.01 113.92 113.84 113.87 113.85 113.88 113.91 113.87 113.90 113.90 113.96 113.91 113.91 113.91 113.95 113.93 113.97 113.94 113.93 114.00 114.00 113.98 114.00 113.94 113.98 113.97 113.93 113.98 113.83 113.70 113.84 113.98 113.99 113.98 113.90 113.90 113.92 113.86 113.98 113.95 113.95 113.95 113.80 113.90 113.97 113.99 113.96 113.92 113.86 113.84 113.83 113.83 113.84 113.86 113.93 114.02 114.15 114.23 114.29 114.40 114.45 114.51 114.57 114.67 114.55 114.51 114.48 114.44 114.27 114.32 114.27 114.21 114.13 114.05 114.12 114.09 114.02 113.96 113.90 113.85 113.83 113.84 113.86 113.88 113.88 113.91 113.95 113.96 113.93 113.91 113.83 113.83 113.84 113.85 113.86 113.87 113.92 113.95 113.99
114.05 114.02 114.02 114.00 114.01 114.01 114.02 114.02 114.02 114.03 114.05 114.05 114.06 114.07 114.10 114.08 114.12 114.08 113.96 113.97 113.96 113.92 113.95 114.00 113.65 113.75 113.55 113.24 112.78 112.18 111.61 110.96 110.37 110.08 109.90 109.85 110.33 111.06 112.21 112.83 113.02 113.09 113.15 113.12 112.48 112.71 113.28 113.43 113.20 113.10 113.42 113.32 113.19 113.34 113.68 113.93 113.98 114.00 114.00 114.00 114.00 114.00 113.99 113.85 113.83 113.83 113.84 113.84 113.86 113.88 113.89 113.99 113.95 114.01 114.02 114.07 114.06 114.12 114.08 114.04 114.04 114.01 114.03 113.84 113.83 113.83 113.84 113.85 113.87 113.86 113.94 113.93 113.92 113.90 113.85 113.95 113.94 113.96 113.93 113.97 113.96 113.97 113.98 113.99 113.99 113.99 113.96 113.99 113.95 113.75 113.98 113.81 113.84 113.79 113.73 113.68 113.82 113.89 113.92 113.99 114.00 113.99 113.93 113.96 113.98 113.93 113.93 113.91 113.87 113.84 113.83 113.83 113.84 113.86 113.90 114.00 114.09 114.22 114.33 114.42 114.46 114.51 114.63 114.70 114.74 114.72 114.63 114.60 114.48 114.46 114.37 114.20 114.28 114.19 114.18 114.16 114.12 114.07 114.07 114.01 113.98 113.90 113.88 113.86 113.84 113.83 113.83 113.87 113.90 113.89 113.88 113.84 113.85 113.84 113.86 113.87 113.92 113.99 114.04 114.06
114.10 114.03 114.04 114.00 114.04 114.02 114.04 114.04 114.02 114.03 114.05 114.06 114.07 114.06 114.06 114.06 114.06 114.03 114.01 113.94 113.95 113.97 114.00 113.97 113.71 113.78 113.57 113.27 112.85 111.89 110.78 109.96 109.19 108.72 108.72 109.14 109.57 109.72 110.78 112.11 112.96 113.27 113.30 113.27 113.19 113.05 113.17 113.31 113.42 113.66 113.19 113.06 112.93 112.76 113.29 113.77 113.97 113.99 113.99 113.99 113.99 114.00 113.94 113.84 113.83 113.83 113.84 113.85 113.85 113.89 113.91 113.96 113.98 114.05 114.06 114.12 114.18 114.17 114.18 114.12 114.16 114.13 114.09 114.08 113.97 113.92 113.89 113.85 113.83 113.91 113.87 113.89 113.93 113.93 113.90 113.92 113.92 113.89 113.95 113.91 113.94 113.90 113.96 113.91 113.94 113.94 113.98 113.99 113.96 113.87 113.82 113.77 113.77 113.64 113.65 113.64 113.75 113.97 113.91 113.95 113.97 113.99 113.99 113.99 113.93 113.91 113.89 113.88 113.84 113.83 113.83 113.84 113.85 113.88 113.99 114.09 114.15 114.28 114.37 114.51 114.57 114.68 114.77 114.78 114.81 114.83 114.78 114.68 114.65 114.54 114.48 114.43 114.39 114.30 114.37 114.34 114.23 114.13 114.14 114.06 113.99 113.96 113.88 113.86 113.84 113.83 113.83 113.84 113.85 113.85 113.86 113.83 113.86 113.86 113.87 113.91 113.99 114.01 114.05 114.06
114.07 114.06 114.06 114.04 113.92 114.04 114.05 113.96 114.04 114.04 114.03 114.04 114.03 114.04 114.03 114.02 114.03 114.06 113.98 113.85 113.96 113.99 113.94 113.97 113.98 113.82 113.67 113.43 112.69 111.29 109.90 108.70 107.95 107.86 107.50 107.78 109.13 109.40 109.87 111.19 112.61 113.30 113.42 113.38 113.14 113.24 113.09 112.29 113.27 113.31 113.28 113.11 112.79 112.51 112.86 113.47 113.87 113.96 113.98 113.98 114.00 114.00 113.99 113.88 113.83 113.84 113.84 113.84 113.86 113.90 113.95 114.01 114.01 114.10 114.15 114.19 114.22 114.25 114.26 114.34 114.20 114.21 114.19 114.18 114.11 113.94 113.99 113.90 113.84 113.84 113.84 113.85 113.85 113.86 113.86 113.90 113.92 113.93 113.87 113.90 113.90 113.84 113.90 113.96 113.85 113.98 114.00 114.00 114.00 113.99 113.97 113.82 113.98 113.73 113.76 113.92 113.85 113.94 113.92 113.92 113.91 113.92 113.91 113.89 113.88 113.87 113.86 113.84 113.83 113.83 113.84 113.86 113.87 113.97 114.04 114.15 114.22 114.30 114.46 114.49 114.73 114.83 114.86 114.86 114.86 114.87 114.80 114.78 114.70 114.74 114.60 114.57 114.47 114.45 114.42 114.39 114.34 114.20 114.07 114.10 114.02 113.98 113.91 113.86 113.84 113.84 113.83 113.83 113.83 113.83 113.84 113.87 113.97 113.88 113.90 113.91 113.99 114.05 114.07 114.05
114.06 114.07 114.08 114.07 114.06 114.05 114.03 114.05 114.04 114.03 114.03 114.04 114.03 114.05 114.02 114.04 114.02 113.93 113.88 113.84 113.84 113.89 113.96 114.00 114.00 113.93 113.84 113.49 112.63 111.09 109.54 108.59 108.26 108.19 107.40 107.84 108.99 109.62 110.25 111.58 112.80 113.38 113.45 113.41 112.81 113.32 113.17 112.84 113.12 113.03 113.03 112.89 112.88 113.01 113.22 113.38 113.74 113.95 113.96 113.94 114.00 113.99 113.99 113.90 113.83 113.84 113.85 113.85 113.88 113.93 113.97 114.04 114.08 114.14 114.20 114.26 114.30 114.32 114.34 114.34 114.33 114.32 114.28 114.39 114.38 114.18 114.07 114.04 113.92 113.94 113.83 113.91 113.84 113.83 113.84 113.84 113.87 113.85 113.91 113.88 113.86 113.86 113.85 113.93 113.87 113.98 113.95 113.97 113.97 113.99 114.00 113.98 113.97 113.91 113.97 113.96 113.89 113.96 113.89 113.91 113.90 113.90 113.86 113.85 113.84 113.85 113.83 113.83 113.83 113.84 113.85 113.86 113.91 113.98 114.12 114.21 114.31 114.37 114.57 114.66 114.73 114.87 114.89 114.88 114.87 114.84 114.85 114.82 114.79 114.71 114.65 114.67 114.66 114.57 114.50 114.42 114.35 114.31 114.22 114.14 114.05 113.97 113.93 113.87 113.84 113.84 113.84 113.83 113.83 113.83 113.90 113.85 113.90 113.86 113.90 113.95 113.97 114.04 114.04 114.08
114.07 114.10 114.10 114.08 114.07 114.06 114.05 114.04 114.04 114.04 114.03 114.07 114.05 114.06 114.02 114.01 113.97 113.91 113.84 113.83 113.85 113.90 113.95 113.99 114.00 113.99 113.92 113.77 113.20 112.13 110.72 109.56 109.02 108.86 108.75 108.91 109.56 109.99 111.90 113.02 113.54 113.66 113.55 113.52 113.54 113.11 113.37 112.75 113.08 113.11 113.02 113.15 112.56 113.07 113.55 113.46 113.60 113.89 113.97 114.00 114.00 114.00 113.99 113.90 113.83 113.85 113.88 113.89 113.93 113.97 114.06 114.10 114.20 114.24 114.46 114.30 114.37 114.34 114.39 114.41 114.39 114.39 114.32 114.34 114.38 114.24 114.20 114.08 114.05 114.07 114.01 113.98 113.97 113.91 113.85 113.83 113.83 113.85 113.85 113.85 113.89 113.87 113.86 113.85 113.85 113.84 113.84 113.84 113.99 114.00 113.97 113.88 113.96 113.97 113.86 113.85 113.88 113.90 113.89 113.86 113.86 113.86 113.83 113.94 113.83 113.83 113.83 113.83 113.84 113.85 113.85 113.90 113.91 114.01 114.13 114.27 114.36 114.39 114.56 114.68 114.79 114.85 114.82 114.72 114.86 114.82 114.79 114.72 114.85 114.63 114.66 114.64 114.59 114.56 114.57 114.48 114.40 114.36 114.19 114.15 114.05 113.97 113.89 113.87 113.86 113.85 113.84 113.84 113.84 113.83 113.83 113.85 113.93 113.85 113.95 113.95 114.03 114.04 114.07 114.10
114.12 114.12 114.10 114.10 114.09 114.07 114.06 114.04 114.04 114.06 114.06 114.04 114.04 114.02 114.02 113.97 113.90 113.85 113.83 113.83 113.86 113.90 113.94 113.97 113.99 114.00 114.00 113.94 113.73 113.16 112.60 112.12 111.95 110.34 109.63 109.46 110.17 111.67 112.68 113.39 113.67 113.77 113.77 113.82 113.88 113.93 113.95 113.83 113.37 113.02 112.61 113.01 113.57 113.52 113.51 113.66 113.97 113.93 113.97 114.00 113.99 113.94 113.91 113.86 113.83 113.86 113.87 113.94 113.99 114.05 114.09 114.20 114.25 114.32 114.31 114.42 114.42 114.43 114.50 114.51 114.42 114.46 114.44 114.42 114.38 114.35 114.23 114.27 114.22 114.11 114.10 114.16 114.04 113.99 113.98 113.94 113.87 113.83 113.89 113.92 113.85 113.85 113.85 113.86 113.83 113.84 113.84 113.85 113.87 113.90 113.91 113.86 113.89 113.91 113.85 113.88 113.91 113.86 113.85 113.84 113.84 113.83 113.83 113.83 113.83 113.83 113.84 113.84 113.85 113.87 113.89 113.90 114.00 114.05 114.22 114.32 114.42 114.53 114.58 114.68 114.76 114.85 114.85 114.86 114.84 114.76 114.79 114.80 114.77 114.75 114.68 114.72 114.68 114.53 114.58 114.55 114.46 114.33 114.16 114.09 114.05 113.94 113.89 113.87 113.87 113.86 113.86 113.86 113.86 113.85 113.84 113.83 113.87 113.87 113.89 113.91 114.00 114.09 114.09 114.12
114.12 114.12 114.11 114.08 114.08 114.07 114.06 114.06 114.03 114.08 114.06 114.04 114.05 114.01 113.96 113.94 113.86 113.84 113.83 113.83 113.86 113.89 113.91 113.93 113.96 113.98 114.00 114.00 113.99 113.92 113.79 113.72 113.72 113.68 112.91 112.73 113.28 113.53 113.59 113.64 113.75 113.80 113.80 113.83 113.91 113.96 113.97 113.96 113.30 113.12 113.49 113.72 113.97 113.89 113.93 114.00 113.97 113.89 113.99 114.00 113.97 113.92 113.85 113.83 113.85 113.89 113.94 113.98 114.09 114.11 114.21 114.27 114.30 114.36 114.38 114.37 114.33 114.25 114.50 114.52 114.50 114.54 114.49 114.48 114.43 114.41 114.40 114.37 114.32 114.27 114.22 114.20 114.19 114.15 114.03 114.06 113.98 113.93 113.94 113.96 113.91 113.91 113.96 113.87 113.86 113.85 113.85 113.83 113.84 113.85 113.85 113.83 113.84 113.83 113.83 113.89 113.84 113.84 113.83 113.83 113.83 113.83 113.84 113.83 113.85 113.85 113.85 113.85 113.87 113.88 113.95 113.98 114.05 114.12 114.46 114.48 114.43 114.49 114.58 114.66 114.75 114.83 114.83 114.80 114.81 114.78 114.76 114.76 114.69 114.77 114.74 114.72 114.64 114.64 114.64 114.52 114.40 114.29 114.21 113.92 113.94 114.02 113.94 113.93 113.91 113.90 113.90 113.88 113.89 113.88 113.87 113.85 113.85 113.87 113.91 113.98 114.00 114.07 114.09 114.13
114.13 114.12 114.11 114.09 114.10 114.10 114.08 114.08 114.06 114.06 114.08 114.04 114.03 113.98 113.93 113.88 113.84 113.83 113.83 113.83 113.85 113.86 113.88 113.91 113.94 113.96 113.97 113.99 114.00 114.00 114.00 114.00 113.99 113.97 113.94 113.95 113.96 113.95 113.88 113.82 113.82 113.88 113.87 113.78 113.86 113.92 113.93 113.92 114.00 113.58 113.90 113.86 113.84 113.90 113.91 114.00 114.00 114.00 113.91 113.99 113.92 113.86 113.83 113.84 113.88 113.95 114.03 114.11 114.12 114.25 114.25 114.31 114.37 114.39 114.41 114.42 114.46 114.53 114.57 114.57 114.58 114.55 114.55 114.52 114.51 114.48 114.48 114.40 114.38 114.35 114.32 114.27 114.19 114.15 114.11 114.12 114.06 114.07 114.07 114.04 113.94 113.99 113.89 113.96 115.43 114.16 113.83 113.87 113.85 113.83 113.83 113.83 113.83 113.83 113.84 113.83 113.83 113.83 113.83 113.83 113.83 113.84 113.85 113.85 113.85 113.85 113.85 113.86 113.88 113.92 113.99 114.04 114.12 114.20 114.40 114.45 114.42 114.52 114.53 114.64 114.71 114.76 114.80 114.79 114.76 114.77 114.76 114.75 114.71 114.64 114.75 114.68 114.60 114.55 114.55 114.42 114.35 114.25 114.21 113.98 113.89 114.05 113.99 113.97 113.97 113.96 113.97 113.95 113.92 113.94 113.92 113.92 113.83 113.91 114.03 114.01 114.00 114.10 114.17 114.11
114.13 114.13 114.11 114.11 114.12 114.12 114.07 114.06 114.08 114.07 114.05 114.01 113.98 113.94 113.90 113.86 113.84 113.83 113.83 113.83 113.86 113.85 113.87 113.90 113.91 113.93 113.95 113.96 113.98 113.98 113.99 114.00 114.00 114.00 114.00 114.00 113.99 113.99 113.96 113.92 113.90 113.91 113.93 113.95 113.93 113.98 114.00 113.99 113.91 113.87 113.85 113.84 113.83 113.83 113.83 113.87 113.97 113.99 113.95 113.87 113.84 113.83 113.84 113.93 113.95 114.02 114.08 114.17 114.24 114.29 114.37 114.43 114.47 114.47 114.51 114.53 114.55 114.50 114.69 114.75 114.60 114.60 114.63 114.46 114.58 114.54 114.46 114.45 114.48 114.42 114.41 114.37 114.31 114.26 114.22 114.19 114.15 114.06 114.16 114.08 114.07 114.06 113.90 114.93 115.50 113.99 113.83 113.89 113.87 113.85 113.85 113.84 113.84 113.85 113.86 113.84 113.85 113.85 113.85 113.86 113.85 113.86 113.85 113.85 113.86 113.86 113.85 113.88 113.90 113.93 113.97 114.05 114.14 114.21 114.31 114.32 114.45 114.49 114.58 114.63 114.69 114.73 114.79 114.77 114.79 114.78 114.72 114.76 114.75 114.70 114.68 114.61 114.61 114.48 114.35 114.39 114.32 114.25 114.21 114.17 114.11 114.08 114.05 114.02 114.01 114.02 113.99 114.00 113.97 113.96 113.96 113.97 113.93 114.02 114.02 113.98 114.02 114.11 114.17 114.16
114.13 114.12 114.14 114.14 114.13 114.12 114.10 114.08 114.06 114.02 114.03 114.00 113.96 113.91 113.86 113.84 113.83 113.83 113.83 113.83 113.83 113.84 113.86 113.87 113.89 113.90 113.92 113.94 113.95 113.96 113.98 113.98 113.99 114.00 114.00 114.00 114.00 114.00 114.00 113.98 113.97 113.97 113.98 113.99 114.00 113.99 113.97 113.94 113.89 113.85 113.83 113.83 113.83 113.83 113.83 113.83 113.87 113.87 113.89 113.83 113.88 113.93 113.98 114.02 114.07 114.14 114.24 114.30 114.36 114.39 114.49 114.53 114.55 114.57 114.60 114.65 114.66 114.64 114.70 114.68 114.64 114.68 114.65 114.69 114.63 114.72 114.68 114.57 114.55 114.47 114.49 114.45 114.38 114.36 114.29 114.24 114.25 114.40 114.18 114.17 114.08 114.08 114.02 113.97 113.86 113.87 113.86 113.94 113.90 113.92 113.89 113.89 113.87 113.89 113.89 113.88 113.91 113.93 113.89 113.92 113.89 113.87 113.85 113.86 113.87 113.86 113.86 113.89 113.91 113.93 114.00 114.07 114.13 114.19 114.19 114.29 114.35 114.44 114.46 114.52 114.54 114.60 114.61 114.67 114.69 114.70 114.66 114.67 114.59 114.59 114.60 114.59 114.48 114.39 114.35 114.29 114.32 114.25 114.22 114.17 114.14 114.10 114.07 114.06 114.05 114.04 114.05 114.04 113.95 113.98 113.96 114.01 113.99 113.99 114.01 114.07 114.13 114.13 114.17 114.17
114.19 114.17 114.14 114.10 114.11 114.05 114.07 114.08 114.06 114.04 114.03 113.98 113.96 113.90 113.88 113.84 114.53 113.84 113.83 113.83 113.83 113.83 113.84 113.84 113.86 113.88 113.89 113.91 113.93 113.94 113.95 113.96 113.97 113.96 113.97 113.97 113.98 113.99 113.99 114.00 114.00 114.00 114.00 114.00 114.00 113.97 113.93 113.89 113.84 113.83 113.83 113.83 113.96 113.83 113.84 113.85 113.86 113.87 113.94 113.99 114.04 114.09 114.18 114.22 114.29 114.35 114.38 114.43 114.47 114.52 114.59 114.62 114.64 114.68 114.71 114.68 114.71 114.71 114.75 114.81 114.69 114.72 114.75 114.71 114.78 114.70 114.63 114.62 114.55 114.56 114.54 114.52 114.46 114.41 114.32 114.30 114.29 114.28 114.25 114.20 114.17 114.13 114.08 114.08 114.06 114.01 113.98 113.98 113.99 113.96 113.96 113.97 113.94 113.97 113.95 113.98 114.02 114.00 113.99 113.97 113.92 113.90 113.88 113.87 113.86 113.86 113.90 113.93 113.93 113.95 114.00 114.06 114.11 114.12 114.18 114.26 114.31 114.37 114.37 114.41 114.44 114.48 114.50 114.55 114.57 114.54 114.55 114.55 114.42 114.44 114.49 114.42 114.41 114.33 114.29 114.33 114.22 114.27 114.24 114.15 114.11 114.11 114.09 114.10 114.06 114.07 114.05 114.01 114.00 114.02 114.03 113.97 113.99 113.98 114.05 114.19 114.14 114.18 114.21 114.22
114.20 114.20 114.18 114.15 114.17 114.12 114.08 114.07 114.06 114.06 114.01 113.97 113.97 113.92 113.88 113.87 113.83 113.83 113.83 113.83 113.83 113.83 113.83 113.83 113.84 113.85 113.86 113.88 113.88 113.90 113.90 113.91 113.92 113.92 113.93 113.93 113.93 113.94 113.95 113.97 113.97 113.98 113.98 113.98 113.96 113.92 113.88 113.85 113.83 113.83 113.83 113.83 113.83 113.84 113.85 113.88 113.93 113.99 114.05 114.11 114.23 114.27 114.32 114.35 114.41 114.44 114.49 114.54 114.58 114.64 114.66 114.96 114.76 114.76 114.77 114.81 114.80 114.78 114.80 114.80 114.79 114.86 114.75 114.77 114.47 115.29 114.69 114.66 114.65 114.60 114.62 114.54 114.50 114.47 114.45 114.38 114.38 114.32 114.29 114.21 114.21 114.18 114.12 114.07 114.05 114.05 114.05 114.01 114.06 114.04 114.02 114.05 114.08 114.07 114.07 114.09 114.11 114.08 114.05 113.98 113.96 113.96 113.93 113.91 113.90 113.91 113.89 113.92 113.94 113.96 114.01 114.03 114.09 114.09 114.12 114.17 114.25 114.28 114.30 114.28 114.37 114.35 114.41 114.47 114.47 114.45 114.43 114.45 114.43 114.38 114.42 114.39 114.39 114.38 114.31 114.33 114.27 114.29 114.27 114.20 114.17 114.17 114.13 114.11 114.10 114.07 114.07 114.05 114.01 114.05 114.04 114.02 114.09 114.06 114.07 114.12 114.18 114.17 114.19 114.20
114.20 114.21 114.20 114.14 114.17 114.16 114.07 114.12 114.11 114.11 114.07 114.04 113.99 113.97 113.92 113.87 113.87 113.85 113.84 113.84 113.83 113.83 113.83 113.83 113.83 113.83 113.83 113.84 113.84 113.85 113.86 113.87 113.87 113.87 113.87 113.88 113.88 113.88 113.89 113.91 113.92 113.92 113.92 113.89 113.88 113.85 113.83 113.83 113.83 113.83 113.83 113.85 113.85 113.87 113.91 113.95 114.01 114.07 114.14 114.24 114.36 114.32 114.46 114.50 114.52 114.56 114.62 114.66 114.68 114.69 114.75 114.75 114.78 114.83 114.84 114.85 114.83 114.89 114.92 114.91 114.85 114.84 114.86 114.82 114.81 114.79 114.78 114.76 114.73 114.65 114.60 114.62 114.55 114.55 114.43 114.46 114.44 114.39 114.31 114.28 114.24 114.22 114.20 114.18 114.18 114.16 114.10 114.10 114.11 114.13 114.16 114.17 114.17 114.17 114.13 114.16 114.15 114.15 114.08 114.05 114.03 114.00 113.95 113.96 113.93 113.93 113.91 113.93 113.95 113.96 114.00 113.99 114.07 114.13 114.11 114.06 114.15 114.18 114.17 114.25 114.30 114.23 114.31 114.36 114.35 114.32 114.35 114.35 114.35 114.35 114.34 114.36 114.35 114.32 114.31 114.33 114.32 114.27 114.27 114.23 114.25 114.19 114.17 114.14 114.12 114.09 114.03 114.04 114.03 114.06 114.08 114.09 114.11 114.11 114.12 114.14 114.18 114.23 114.16 114.19
114.21 114.21 114.20 114.21 114.19 114.21 114.17 114.14 114.15 114.09 114.07 114.07 114.04 114.00 113.96 113.93 113.90 113.88 113.86 113.85 113.84 113.84 113.83 113.83 113.83 113.83 113.83 113.83 113.83 113.83 113.83 113.83 113.83 113.83 113.83 113.84 113.84 113.84 113.84 113.88 113.84 113.84 113.84 113.83 113.83 113.83 113.83 113.83 113.84 113.85 113.86 113.90 113.95 113.99 114.03 114.10 114.16 114.22 114.28 114.33 114.43 114.53 114.58 114.62 114.67 114.94 114.65 114.77 114.80 114.81 114.87 114.81 114.86 114.95 114.98 114.97 114.96 114.98 114.93 114.96 114.93 114.94 114.91 114.93 114.88 114.86 114.82 114.79 114.75 114.71 114.67 114.65 114.63 114.57 114.57 114.56 114.47 114.42 114.41 114.35 114.32 114.29 114.25 114.24 114.23 114.24 114.18 114.22 114.21 114.24 114.24 114.24 114.25 114.25 114.21 114.23 114.20 114.20 114.17 114.10 114.12 114.10 113.97 114.01 113.99 113.97 113.94 113.93 113.94 113.97 113.97 113.99 114.01 113.89 114.02 114.09 114.10 114.09 114.16 114.19 114.22 114.15 114.26 114.28 114.29 114.23 114.27 114.26 114.29 114.31 114.29 114.31 114.29 114.26 114.30 114.30 114.27 114.26 114.27 114.24 114.22 114.23 114.19 114.18 114.17 114.09 114.13 114.12 114.08 114.11 114.09 114.13 114.15 114.14 114.18 114.18 114.16 114.21 114.20 114.17
114.28 114.22 114.21 114.64 114.22 114.23 114.23 114.21 114.19 114.17 114.14 114.09 114.08 114.04 114.02 114.01 113.98 113.96 113.91 113.87 113.85 113.86 113.85 113.85 113.84 113.84 113.83 113.83 113.83 113.83 113.83 113.83 113.83 113.83 113.83 113.83 113.83 113.83 113.83 113.83 113.83 113.83 113.83 113.83 113.83 113.84 113.84 113.85 113.87 113.91 113.98 114.03 114.09 114.16 114.23 114.27 114.33 114.38 114.46 114.48 114.54 114.62 114.69 114.76 114.76 114.79 114.88 114.87 114.87 114.88 114.92 114.90 114.95 114.95 114.98 115.02 115.00 114.97 114.97 115.00 115.00 114.99 114.94 114.91 114.88 114.75 114.78 114.76 114.76 114.74 114.73 114.67 114.61 114.59 114.61 114.47 114.45 114.46 114.43 114.40 114.38 114.35 114.32 114.32 114.32 114.31 114.31 114.31 114.31 114.29 114.32 114.31 114.33 114.30 114.29 114.27 114.26 114.22 114.25 114.21 114.17 114.15 114.14 114.09 114.06 114.03 114.00 113.98 113.97 113.97 113.97 113.99 114.01 114.01 114.04 114.08 114.10 114.10 114.14 114.08 114.17 114.11 114.19 114.22 114.18 114.24 114.23 114.24 114.25 114.26 114.24 114.25 114.29 114.29 114.29 114.27 114.27 114.25 114.27 114.27 114.26 114.23 114.24 114.23 114.17 114.20 114.20 114.20 114.12 114.15 114.16 114.18 114.14 114.20 114.23 114.24 114.23 114.25 114.25 114.26
114.29 114.34 114.29 114.33 114.32 114.29 114.28 114.28 114.18 114.21 114.18 114.18 114.18 114.16 114.23 114.08 114.06 114.04 113.99 114.01 113.99 113.95 113.94 113.92 113.91 113.89 113.86 113.87 113.86 113.86 113.85 113.84 113.84 113.84 113.84 113.83 113.83 113.83 113.83 113.83 113.83 113.84 113.84 113.85 113.87 113.89 113.92 113.96 114.00 114.05 114.10 114.12 114.22 114.32 114.40 114.48 114.55 114.64 114.68 114.70 114.72 114.79 114.82 114.82 114.89 114.92 114.93 114.90 114.93 114.97 114.92 114.94 115.00 115.01 115.02 115.04 115.04 115.01 115.03 115.03 115.05 115.01 114.98 114.82 115.56 116.93 114.52 114.75 114.80 114.75 114.77 114.69 114.70 114.61 114.60 114.56 114.52 114.50 114.50 114.47 114.43 114.43 114.41 114.35 114.40 114.35 114.34 114.36 114.35 114.34 114.37 114.37 114.39 114.35 114.29 114.30 114.34 114.29 114.27 114.29 114.27 114.23 114.21 114.14 114.12 114.06 114.07 114.04 114.03 113.98 114.01 114.00 114.00 114.01 114.04 114.03 114.06 114.07 114.05 114.09 114.12 114.12 114.16 114.17 114.14 114.19 114.19 114.20 114.20 114.21 114.23 114.24 114.24 114.26 114.19 114.27 114.26 114.29 114.28 114.28 114.25 114.24 114.29 114.28 114.24 114.29 114.28 114.21 114.26 114.23 114.28 114.27 114.25 114.26 114.26 114.29 114.24 114.25 114.32 114.19
114.39 114.38 114.40 114.38 114.36 114.41 114.38 114.35 114.36 114.33 114.26 114.27 114.28 114.22 114.23 114.20 114.19 114.17 114.15 114.14 114.08 114.09 114.04 114.02 114.01 113.97 114.00 113.98 113.95 113.93 113.92 113.89 113.90 113.87 113.98 113.86 113.86 113.86 113.85 113.86 113.87 113.88 113.92 113.94 113.97 114.01 114.06 114.12 114.17 114.23 114.30 114.39 114.46 114.55 114.64 114.72 114.82 114.89 114.96 115.02 115.05 115.03 114.99 114.97 114.97 114.98 114.96 114.99 115.03 115.01 115.04 115.04 115.03 115.07 115.07 115.05 115.04 114.99 115.09 115.07 115.06 115.03 114.95 114.92 114.91 114.84 114.83 114.84 114.81 114.82 114.77 114.73 114.72 114.66 114.64 114.60 114.57 114.55 114.53 114.48 114.45 114.47 114.45 114.40 114.41 114.41 114.41 114.39 114.36 114.32 114.35 114.41 114.43 114.40 114.38 114.38 114.32 114.35 114.34 114.33 114.30 114.25 114.26 114.23 114.19 114.17 114.16 114.10 114.07 114.06 114.03 114.01 114.01 114.01 113.98 114.04 114.04 114.05 113.97 114.07 114.10 114.13 114.14 114.12 114.13 114.14 114.08 114.18 114.17 114.19 114.18 114.23 114.23 114.25 114.26 114.26 114.27 114.28 114.29 114.31 114.25 114.26 114.27 114.30 114.29 114.29 114.34 114.34 114.34 114.32 114.34 114.32 114.36 114.35 114.30 114.32 114.32 114.38 114.36 114.38
114.38 114.47 114.47 114.44 114.45 114.46 114.44 114.45 114.39 114.46 114.40 114.39 114.37 114.38 114.31 114.27 114.27 114.31 114.31 114.27 114.26 114.25 114.23 114.22 114.16 114.15 114.03 114.12 114.11 114.05 114.09 114.02 114.03 113.99 113.96 113.94 113.95 113.95 113.96 113.97 113.98 114.03 114.06 114.10 114.14 114.19 114.28 114.36 114.44 114.51 114.56 114.61 114.65 114.72 114.77 114.84 114.89 114.92 114.98 115.00 115.01 115.02 115.02 115.01 114.99 115.02 115.03 115.05 115.02 115.06 115.07 115.06 115.11 115.10 115.03 115.08 115.08 115.04 115.05 115.04 115.01 114.99 115.01 114.97 114.90 114.91 114.83 114.81 114.80 114.77 114.77 114.73 114.68 114.67 114.67 114.58 114.59 114.59 114.56 114.55 114.53 114.53 114.51 114.46 114.47 114.50 114.48 114.45 114.44 114.46 114.36 114.38 114.42 114.41 114.43 114.41 114.38 114.39 114.38 114.33 114.30 114.31 114.29 114.28 114.22 114.21 114.20 114.18 114.16 114.14 114.11 114.07 114.07 114.04 114.02 114.00 114.02 114.05 114.08 114.07 114.08 114.08 114.10 114.10 114.11 114.11 114.13 114.15 114.15 114.14 114.18 114.16 114.19 114.23 114.26 114.28 114.26 114.29 114.36 114.33 114.31 114.31 114.31 114.35 114.35 114.38 114.39 114.41 114.40 114.38 114.38 114.41 114.43 114.44 114.49 114.46 114.44 114.45 114.43 114.41
114.53 114.56 114.59 114.54 114.51 114.55 114.82 114.48 114.53 114.53 114.46 114.48 114.49 114.46 114.50 114.51 114.50 114.46 114.52 114.40 114.35 114.41 114.40 114.37 114.33 114.30 114.27 114.23 114.25 114.19 114.20 114.21 114.21 114.15 114.19 114.20 114.15 114.15 114.17 114.19 114.17 114.24 114.27 114.30 114.35 114.39 114.45 114.53 114.58 114.65 114.70 114.74 114.75 114.75 114.79 114.81 114.83 114.86 114.89 114.90 114.89 114.93 114.93 114.96 115.04 115.00 115.02 115.04 115.10 115.06 115.09 115.07 115.07 115.10 115.06 115.03 115.04 115.06 115.04 115.01 114.99 114.99 114.97 114.93 114.89 114.88 114.86 114.85 114.82 114.76 114.71 114.67 114.69 114.70 114.65 114.65 114.62 114.61 114.59 114.57 114.53 114.51 114.49 114.48 114.51 114.52 114.50 114.47 114.48 114.47 114.49 114.46 114.44 114.44 114.41 114.43 114.39 114.38 114.34 114.37 114.30 114.34 114.32 114.27 114.27 114.26 114.24 114.24 114.21 114.18 114.16 114.16 114.14 114.12 114.09 114.09 114.07 114.06 114.04 114.03 114.01 114.01 114.03 114.04 114.06 114.08 114.11 114.12 114.16 114.15 114.19 114.18 114.19 114.20 114.24 114.23 114.29 114.32 114.35 114.36 114.38 114.34 114.40 114.41 114.42 114.45 114.44 114.46 114.40 114.47 114.47 114.46 114.43 114.49 114.50 114.51 114.56 114.48 114.52 114.51
114.64 114.68 114.68 114.65 114.61 114.68 114.69 114.66 114.66 114.68 114.71 114.66 114.66 114.60 114.72 114.63 114.61 114.60 114.56 114.55 114.57 114.45 114.45 114.49 114.44 114.49 114.43 114.61 114.51 114.46 114.49 114.42 114.38 114.36 114.32 114.36 114.32 114.34 114.36 114.41 114.43 114.47 114.49 114.52 114.56 114.60 114.62 114.65 114.68 114.72 114.77 114.85 114.83 114.84 114.84 114.84 114.82 114.82 114.80 114.83 114.86 114.89 114.91 114.91 114.94 114.98 115.00 114.99 114.99 115.01 115.06 115.09 115.09 115.03 115.07 115.08 115.09 115.04 115.01 114.95 114.96 114.94 114.91 114.88 114.90 114.89 114.86 114.83 114.80 114.79 114.75 114.66 114.66 114.67 114.66 114.59 114.60 114.60 114.58 114.59 114.56 114.56 114.54 114.47 114.52 114.52 114.48 114.47 114.46 114.43 114.46 114.46 114.48 114.47 114.44 114.46 114.46 114.42 114.38 114.35 114.36 114.39 114.37 114.32 114.30 114.29 114.26 114.28 114.23 114.22 114.20 114.18 114.19 114.16 114.17 114.15 114.13 114.12 114.11 114.12 114.13 114.13 114.14 114.15 114.16 114.17 114.18 114.18 114.20 114.21 114.20 114.24 114.24 114.26 114.26 114.26 114.32 114.35 114.37 114.36 114.42 114.42 114.40 114.45 114.49 114.51 114.48 114.52 114.55 114.57 114.35 115.15 114.44 114.06 114.55 114.59 114.65 114.63 114.55 114.60
114.69 114.75 114.71 114.74 114.74 114.80 114.71 114.76 114.77 114.76 114.79 114.74 114.75 114.79 114.74 114.77 114.76 114.67 114.71 114.73 114.70 114.75 114.78 114.82 114.73 114.63 114.65 114.65 114.52 114.56 114.57 114.54 114.61 114.63 114.67 114.58 114.56 114.57 114.52 114.59 114.58 114.61 114.66 114.66 114.66 114.64 114.69 114.72 114.74 114.80 114.84 114.85 114.86 114.87 114.88 114.95 114.87 114.87 114.88 114.90 114.95 114.98 115.00 115.01 115.01 115.00 114.98 114.99 115.02 114.98 115.04 115.05 115.05 115.05 115.03 115.06 115.02 115.02 114.96 114.98 114.93 114.93 114.89 114.97 114.87 114.83 114.80 114.77 114.76 114.77 114.73 114.72 114.70 114.67 114.67 114.65 114.69 114.60 114.58 114.56 114.55 114.55 114.54 114.52 114.53 114.53 114.53 114.51 114.48 114.50 114.48 114.46 114.49 114.48 114.47 114.46 114.44 114.45 114.41 114.40 114.39 114.38 114.34 114.39 114.38 114.36 114.31 114.30 114.29 114.26 114.28 114.26 114.26 114.25 114.21 114.22 114.21 114.21 114.20 114.20 114.20 114.22 114.22 114.18 114.21 114.23 114.25 114.25 114.23 114.24 114.25 114.27 114.29 114.30 114.32 114.32 114.34 114.39 114.41 114.43 114.43 114.47 114.48 114.52 114.53 114.53 114.54 114.56 114.58 114.61 114.61 114.64 114.61 114.73 114.74 114.75 114.75 114.75 114.72 114.68
114.83 114.76 114.63 114.57 114.65 114.80 114.74 114.54 114.55 114.77 114.82 114.82 114.84 114.81 114.81 114.71 114.59 114.62 114.54 114.71 114.60 114.66 114.89 115.05 114.81 114.71 114.70 114.77 114.73 114.72 114.71 114.71 114.74 114.69 114.53 114.68 114.63 114.68 114.66 114.64 114.73 114.72 114.68 114.68 114.73 114.77 114.79 114.82 114.84 114.86 114.88 114.91 114.84 114.95 114.97 115.00 115.01 115.02 115.02 115.02 115.05 114.69 114.70 114.92 114.99 114.98 114.98 114.99 114.95 114.96 114.99 115.00 115.00 115.01 114.98 114.99 114.97 114.98 115.00 114.99 114.97 114.91 114.90 114.88 114.88 114.85 114.78 114.77 114.81 114.78 114.79 114.76 114.72 114.67 114.66 114.68 114.68 114.67 114.64 114.62 114.61 114.61 114.58 114.62 114.57 114.56 114.56 114.55 114.54 114.53 114.53 114.51 114.49 114.46 114.46 114.45 114.47 114.43 114.43 114.39 114.40 114.41 114.41 114.41 114.40 114.41 114.39 114.37 114.35 114.33 114.34 114.31 114.29 114.26 114.15 114.23 114.27 114.28 114.29 114.28 114.26 114.26 114.26 114.26 114.27 114.26 114.29 114.27 114.29 114.27 114.29 114.32 114.32 114.34 114.36 114.38 114.39 114.41 114.39 114.43 114.44 114.48 114.52 114.55 114.56 114.57 114.59 114.63 114.63 114.61 114.66 114.62 114.65 114.69 114.67 114.78 114.84 114.82 114.77 114.80
114.70 114.64 114.64 114.69 114.71 114.68 114.66 114.66 114.68 114.67 114.68 114.59 114.72 114.70 114.71 114.76 114.77 114.80 114.79 114.76 114.75 114.81 114.80 114.82 114.84 114.86 114.81 114.69 114.73 114.67 114.70 114.71 114.74 114.74 114.73 114.76 114.73 114.78 114.78 114.77 114.78 114.80 114.80 114.78 114.75 114.77 114.79 114.81 114.83 114.88 114.93 114.91 114.94 114.96 114.99 115.00 114.98 115.01 115.05 115.05 115.08 115.10 115.09 115.11 115.08 115.08 115.12 115.09 115.04 115.01 114.97 114.95 114.91 114.93 114.93 114.85 114.82 114.85 114.91 114.93 114.87 114.91 114.82 114.57 114.72 114.90 114.31 114.42 114.75 114.12 114.31 114.57 114.42 114.23 114.50 114.15 114.23 114.54 114.42 114.26 114.31 114.34 114.40 114.58 114.60 114.56 114.57 114.57 114.58 114.56 114.54 114.53 114.52 114.51 114.49 114.49 114.48 114.47 114.46 114.37 114.63 114.35 114.43 114.41 114.40 114.41 114.39 114.38 114.38 114.38 114.37 114.37 114.36 114.36 114.36 114.36 114.37 114.36 114.34 114.35 114.34 114.32 114.29 114.31 114.31 114.28 114.25 114.25 114.28 114.31 114.32 114.31 114.35 114.38 114.38 114.42 114.40 114.43 114.43 114.44 114.46 114.49 114.51 114.55 114.56 114.60 114.58 114.57 114.59 114.66 114.66 114.67 114.67 114.69 114.70 114.68 114.67 114.74 114.74 114.72
114.28 114.29 114.31 114.33 114.31 114.31 114.33 114.32 114.33 114.34 114.35 114.36 114.38 114.39 114.41 114.42 114.42 114.44 114.44 114.45 114.46 114.47 114.48 114.50 114.52 114.55 114.59 114.64 114.64 114.68 114.73 114.67 114.68 114.78 114.53 114.53 114.44 114.57 114.29 114.35 114.46 114.51 114.73 114.73 114.75 114.79 114.83 114.81 114.72 114.70 114.45 114.43 114.35 114.45 114.70 114.53 114.52 114.51 114.50 114.55 114.85 114.75 114.79 114.79 114.84 114.87 114.93 114.73 114.64 114.50 114.51 114.53 114.29 114.40 114.31 114.18 114.09 114.17 114.08 113.99 113.98 113.87 113.89 113.85 113.86 113.89 113.84 113.84 113.84 113.83 113.84 113.86 113.83 113.83 113.88 113.83 113.84 113.83 113.83 113.83 113.88 113.87 113.88 113.86 113.93 113.96 113.84 114.16 114.13 114.40 114.36 114.08 114.18 114.46 114.30 114.34 114.21 114.27 114.38 114.12 114.15 114.10 114.14 114.15 114.26 114.41 114.18 114.22 114.22 114.21 114.24 114.23 114.23 114.24 114.25 114.26 114.30 114.34 114.39 114.39 114.39 114.39 114.39 114.38 114.39 114.37 114.38 114.39 114.40 114.43 114.43 114.44 114.45 114.46 114.46 114.45 114.46 114.47 114.48 114.46 114.47 114.48 114.50 114.50 114.50 114.50 114.48 114.47 114.46 114.42 114.38 114.39 114.38 114.38 114.37 114.34 114.32 114.30 114.29 114.29
114.13 114.14 114.14 114.14 114.14 114.14 114.15 114.15 114.16 114.17 114.18 114.20 114.20 114.22 114.23 114.25 114.27 114.27 114.31 114.31 114.33 114.33 114.33 114.33 114.32 114.30 114.37 114.35 114.34 114.08 114.03 113.95 114.05 114.10 113.98 114.05 113.94 113.95 113.97 113.95 113.89 113.95 113.87 113.84 113.85 113.87 113.86 113.86 113.89 113.91 113.96 114.02 114.12 114.16 113.99 114.04 113.96 113.91 113.90 113.96 113.92 114.21 114.17 114.55 114.64 114.73 114.82 114.87 114.86 114.68 114.54 114.36 114.23 114.13 114.09 114.01 113.96 113.92 113.89 113.87 113.86 113.85 113.85 113.84 113.84 113.83 113.83 113.83 113.83 113.83 113.83 113.83 113.83 113.83 113.83 113.83 113.83 113.83 113.83 113.83 113.83 113.83 113.83 113.83 113.83 113.83 113.83 113.83 113.83 113.83 113.83 113.85 113.84 113.84 113.83 113.84 113.88 113.90 113.85 113.83 113.83 113.83 113.86 113.83 113.84 113.83 113.84 113.84 113.83 113.84 113.83 113.83 113.84 113.86 113.85 113.87 113.88 113.84 113.85 113.85 113.88 114.01 114.03 114.06 114.24 114.22 114.35 114.44 114.46 114.44 114.42 114.42 114.41 114.42 114.44 114.45 114.44 114.44 114.40 114.39 114.37 114.37 114.36 114.34 114.32 114.31 114.29 114.28 114.27 114.26 114.24 114.23 114.22 114.21 114.20 114.19 114.17 114.15 114.14 114.14
114.24 114.18 114.24 114.31 114.34 114.46 114.02 113.97 114.07 114.13 113.88 113.97 113.93 113.87 114.00 114.03 113.83 113.83 113.83 113.83 113.83 113.84 113.96 113.86 113.91 113.94 114.00 113.96 113.97 114.01 114.04 113.83 113.83 113.87 113.84 113.83 113.83 113.83 113.83 113.83 113.83 113.83 113.83 113.83 113.83 113.83 113.84 113.84 113.83 113.83 113.83 113.83 113.83 113.83 113.84 113.83 113.83 113.83 113.84 113.85 113.87 113.83 113.84 113.83 113.83 113.83 113.88 113.88 114.03 114.12 114.17 114.24 114.13 114.12 114.12 114.20 114.28 114.38 114.42 114.42 114.45 114.43 114.24 114.09 114.00 113.98 113.99 114.01 114.06 114.16 114.41 114.46 113.85 113.83 113.83 113.85 113.84 113.83 113.83 113.83 113.83 113.83 113.83 113.83 113.83 113.83 113.83 113.84 113.84 113.84 113.84 113.84 113.84 113.84 113.84 113.84 113.84 113.84 113.84 113.84 113.84 113.83 113.83 113.84 113.84 113.84 113.84 113.84 113.84 113.84 113.84 113.84 113.84 113.84 113.84 113.84 113.83 113.83 113.83 113.84 113.83 113.83 113.83 113.84 113.84 113.84 113.84 113.87 113.84 113.83 113.83 113.83 113.85 113.88 113.96 114.02 113.86 113.93 113.97 114.01 113.98 113.95 113.98 114.10 114.05 114.08 114.16 114.33 114.21 114.36 114.24 114.15 114.09 114.04 114.09 114.18 114.24 114.11 114.12 114.14
113.86 113.85 113.85 113.85 113.84 113.85 113.85 113.86 113.87 113.87 113.87 113.87 113.86 113.86 113.86 113.87 113.87 113.87 113.87 113.87 113.87 113.86 113.87 113.88 113.88 113.88 113.88 113.87 113.87 113.87 113.87 113.88 113.89 113.88 113.89 113.90 113.90 113.90 113.90 113.90 113.90 113.90 113.89 113.89 113.90 113.91 113.91 113.91 113.91 113.90 113.90 113.90 113.90 113.90 113.89 113.88 113.88 113.87 113.87 113.87 113.87 113.88 113.88 113.88 113.88 113.88 113.88 113.88 113.88 113.87 113.86 113.86 113.86 113.85 113.84 113.85 113.84 113.84 113.84 113.84 113.85 113.85 113.85 113.85 113.85 113.85 113.85 113.84 113.85 113.84 113.85 113.86 113.86 113.86 113.87 113.87 113.87 113.87 113.86 113.86 113.87 113.88 113.88 113.87 113.87 113.88 113.88 113.89 113.89 113.89 113.90 113.89 113.90 113.90 113.89 113.89 113.89 113.89 113.89 113.87 113.90 113.89 113.89 113.88 113.87 113.87 113.88 113.88 113.88 113.88 113.87 113.88 113.89 113.89 113.89 113.90 113.90 113.89 113.88 113.88 113.88 113.88 113.87 113.88 113.87 113.87 113.87 113.87 113.88 113.89 113.88 113.89 113.88 113.88 113.89 113.89 113.89 113.86 113.87 113.86 113.87 113.85 113.85 113.84 113.85 113.84 113.85 113.86 113.86 113.86 113.86 113.85 113.85 113.85 113.85 113.84 113.85 113.85 113.85 113.85
113.93 113.93 113.93 113.93 113.93 113.94 113.94 113.95 113.95 113.95 113.95 113.95 113.95 113.95 113.95 113.95 113.95 113.95 113.95 113.95 113.95 113.95 113.95 113.95 113.95 113.95 113.95 113.95 113.96 113.96 113.96 113.96 113.96 113.96 113.96 113.97 113.97 113.97 113.97 113.97 113.97 113.97 113.97 113.97 113.97 113.97 113.97 113.97 113.97 113.97 113.97 113.97 113.96 113.96 113.96 113.96 113.96 113.96 113.95 113.95 113.95 113.95 113.95 113.95 113.95 113.95 113.95 113.95 113.95 113.95 113.94 113.94 113.94 113.94 113.94 113.94 113.94 113.94 113.93 113.93 113.93 113.93 113.93 113.93 113.93 113.93 113.93 113.93 113.93 113.93 113.93 113.93 113.92 113.93 113.93 113.93 113.94 113.93 113.92 113.92 113.93 113.93 113.94 113.94 113.94 113.94 113.94 113.94 113.94 113.95 113.95 113.95 113.95 113.95 113.95 113.95 113.95 113.95 113.95 113.95 113.95 113.95 113.95 113.95 113.95 113.95 113.95 113.95 113.95 113.95 113.95 113.96 113.96 113.96 113.96 113.96 113.96 113.96 113.96 113.96 113.97 113.97 113.97 113.97 113.97 113.97 113.97 113.96 113.96 113.96 113.96 113.96 113.96 113.96 113.96 113.95 113.95 113.95 113.95 113.95 113.95 113.95 113.95 113.95 113.95 113.95 113.95 113.95 113.95 113.95 113.95 113.95 113.94 113.94 113.94 113.94 113.94 113.94 113.94 113.94
