Mars Surface Radiation Result (absorbed dose in thin silicon slab) (1E-6 Gy/day).
Column 1 is East longitude (°)
Line 1 is North latitude (°)

-179  -177  -175  -173  -171  -169  -167  -165  -163  -161  -159  -157  -155  -153  -151  -149  -147  -145  -143  -141  -139  -137  -135  -133  -131  -129  -127  -125  -123  -121  -119  -117  -115  -113  -111  -109  -107  -105  -103  -101  -99  -97  -95  -93  -91  -89  -87  -85  -83  -81  -79  -77  -75  -73  -71  -69  -67  -65  -63  -61  -59  -57  -55  -53  -51  -49  -47  -45  -43  -41  -39  -37  -35  -33  -31  -29  -27  -25  -23  -21  -19  -17  -15  -13  -11  -9  -7  -5  -3  -1  1  3  5  7  9  11  13  15  17  19  21  23  25  27  29  31  33  35  37  39  41  43  45  47  49  51  53  55  57  59  61  63  65  67  69  71  73  75  77  79  81  83  85  87  89  91  93  95  97  99  101  103  105  107  109  111  113  115  117  119  121  123  125  127  129  131  133  135  137  139  141  143  145  147  149  151  153  155  157  159  161  163  165  167  169  171  173  175  177  179  
--------------------------------------------------------------------------------------------------
-89°N ||     148.90 148.95 149.01 149.03 149.03 149.02 149.01 149.02 149.06 149.10 149.26 149.32 149.29 149.35 149.56 149.67 149.72 149.80 149.82 149.70 149.63 149.78 149.79 149.75 149.68 149.65 149.59 149.61 149.69 149.66 149.75 149.86 149.80 149.74 149.84 149.77 149.68 149.62 149.53 149.46 149.40 149.33 149.26 149.24 149.22 149.22 149.22 149.23 149.22 149.21 149.18 149.18 149.15 149.14 149.14 149.14 149.06 149.04 149.02 149.02 149.00 148.99 148.99 148.96 148.98 149.01 149.02 148.89 148.84 148.85 148.79 148.78 148.78 148.78 148.74 148.71 148.70 148.69 148.68 148.68 148.67 148.69 148.70 148.68 148.70 148.71 148.70 148.70 148.69 148.70 148.71 148.74 148.75 148.75 148.75 148.76 148.75 148.76 148.77 148.76 148.73 148.73 148.72 148.71 148.73 148.73 148.74 148.75 148.75 148.76 148.76 148.74 148.71 148.74 148.79 148.82 148.80 148.80 148.81 148.83 148.85 148.86 148.87 148.89 148.93 148.96 148.96 148.99 149.01 149.03 149.04 149.05 149.06 149.07 149.08 149.10 149.11 149.10 149.10 149.11 149.06 149.07 149.05 149.02 149.04 149.04 149.03 149.00 148.96 148.93 148.92 148.91 148.90 148.86 148.83 148.82 148.80 148.78 148.77 148.78 148.77 148.76 148.75 148.73 148.72 148.71 148.73 148.75 148.76 148.78 148.80 148.83 148.83 148.85 148.85 148.87 148.87 148.88 148.88 148.90
-87°N ||     150.85 150.95 150.98 151.11 151.08 151.15 151.05 151.04 151.01 150.91 150.90 150.89 150.79 150.67 150.62 150.60 150.62 150.63 150.62 150.57 150.56 150.61 150.74 150.77 150.74 150.68 150.68 150.57 150.65 150.48 150.73 150.74 150.58 150.57 150.56 150.57 150.55 150.52 150.54 150.51 150.45 150.51 150.47 150.45 150.42 150.40 150.40 150.34 150.30 150.25 150.10 150.27 150.07 149.80 149.83 149.77 149.65 149.52 149.46 149.44 149.62 149.11 149.20 148.94 148.87 148.85 148.79 148.75 148.73 148.70 148.65 148.62 148.69 148.67 148.38 148.33 148.25 148.15 148.13 148.31 147.99 147.80 147.79 147.69 147.67 147.68 147.70 147.73 147.77 147.80 147.83 147.83 147.84 147.82 147.82 148.27 148.16 148.35 148.19 148.40 148.39 148.39 148.49 148.51 148.55 148.64 148.71 148.87 148.97 149.02 148.86 148.85 148.89 148.91 148.94 148.93 148.98 149.02 149.10 149.10 149.18 149.24 149.25 149.30 149.37 149.35 149.36 149.44 149.52 149.49 149.56 149.57 149.59 149.66 149.79 149.93 150.01 150.17 150.09 149.90 149.75 149.71 149.68 149.66 149.62 149.63 149.57 149.29 149.25 149.24 149.24 149.25 149.30 149.29 149.28 149.28 149.35 149.46 149.55 149.54 149.62 149.69 149.78 149.81 149.93 150.02 150.14 150.21 150.38 150.43 150.64 150.65 150.67 150.66 150.73 150.59 150.31 150.44 150.83 151.05
-85°N ||     150.24 150.26 150.30 150.31 150.32 150.31 150.32 150.36 150.36 150.35 150.34 150.34 150.36 150.44 150.37 150.30 150.31 150.42 150.41 150.41 150.41 150.41 150.44 150.45 150.42 150.42 150.46 150.56 150.62 150.77 151.10 151.13 151.11 151.11 151.14 151.00 151.21 151.12 151.05 150.98 151.20 151.48 151.43 151.45 151.25 151.22 151.11 151.01 150.92 150.83 150.86 150.74 150.73 150.70 150.96 151.05 150.76 150.59 150.64 150.99 150.84 149.90 149.78 149.83 149.95 150.04 149.87 149.96 149.94 149.53 149.69 149.59 149.28 149.20 149.26 148.99 149.33 149.61 149.92 149.55 149.38 149.30 149.37 149.39 149.49 149.34 149.27 149.13 149.13 149.26 149.13 149.15 149.27 149.23 149.23 149.24 149.27 149.32 149.34 149.43 149.39 149.53 149.85 150.16 150.08 150.03 149.99 150.01 149.96 150.02 150.12 150.18 150.23 150.30 150.06 150.11 150.23 150.26 150.19 150.10 150.09 150.13 150.17 150.27 150.38 150.47 150.46 150.39 150.39 150.33 150.27 150.23 150.19 150.19 150.22 150.32 150.89 151.94 152.27 152.05 151.51 151.24 151.13 151.19 150.73 150.49 150.38 150.26 150.32 150.39 150.27 150.30 150.36 150.51 150.68 150.73 150.76 150.77 150.73 150.72 150.71 150.54 150.39 150.30 150.27 150.37 150.45 150.54 150.69 150.88 150.63 150.69 150.66 150.62 150.54 150.48 150.43 150.41 150.29 150.24
-83°N ||     150.38 150.40 150.42 150.44 150.44 150.44 150.45 150.47 150.48 150.50 150.52 150.54 150.57 150.59 150.57 150.57 150.59 150.63 150.66 150.68 150.70 150.73 150.76 150.80 150.85 150.90 150.95 151.01 151.11 151.24 151.16 150.99 150.95 150.89 150.99 151.12 151.11 151.07 151.13 151.19 150.94 150.95 150.97 150.99 151.02 151.05 151.03 151.51 151.62 151.69 151.61 151.62 151.55 151.55 151.58 151.55 151.49 151.76 151.83 151.80 151.37 151.70 151.61 151.50 151.80 151.52 151.53 151.51 151.87 151.57 151.84 152.08 152.24 152.25 152.12 151.99 152.02 152.00 151.99 152.09 152.07 152.04 151.90 151.93 151.95 151.87 151.81 151.80 151.85 151.84 151.60 151.59 151.69 151.99 151.63 151.55 151.46 151.41 151.44 151.29 151.49 150.97 151.13 150.86 151.27 151.51 151.56 151.31 151.20 151.24 151.29 151.42 151.65 151.72 151.79 151.73 151.37 151.39 151.33 151.33 151.26 151.23 150.92 150.84 150.91 150.97 150.97 150.82 150.81 150.95 150.88 150.89 151.05 151.05 151.25 151.77 152.43 152.36 152.38 152.37 152.38 151.39 151.29 151.35 151.32 151.45 151.42 151.34 151.32 151.32 151.26 151.14 151.04 150.99 150.93 150.77 150.70 150.74 151.04 151.38 151.85 152.12 151.67 151.18 150.46 150.47 150.15 150.08 150.05 150.01 150.10 150.33 150.88 150.91 150.64 150.42 150.33 150.30 150.32 150.35
-81°N ||     150.72 150.79 150.78 150.93 150.66 150.73 150.78 150.82 150.88 150.93 150.99 151.06 151.22 151.25 151.03 151.00 151.03 151.06 151.13 151.19 151.24 151.28 151.29 151.33 151.36 151.40 151.47 151.49 151.51 151.54 151.58 151.72 151.69 151.71 151.81 151.76 151.56 151.60 151.57 151.60 151.77 151.63 151.33 151.39 151.22 151.10 151.16 151.34 151.38 151.27 151.43 151.33 151.55 152.29 151.93 152.13 152.40 152.05 152.40 152.31 152.04 152.16 152.22 152.19 152.19 152.14 152.18 152.19 152.13 152.06 152.15 152.01 151.86 151.88 151.91 151.92 151.87 151.87 151.85 151.89 152.21 151.81 151.66 151.61 151.59 151.61 151.60 151.62 151.59 151.59 151.58 151.61 151.51 151.34 151.15 150.85 150.17 149.42 150.31 150.43 150.94 151.28 151.22 151.34 151.63 151.82 151.94 152.14 152.12 152.01 151.81 152.08 152.18 152.28 152.27 152.32 152.35 152.41 152.39 152.39 152.37 152.39 152.34 152.29 152.27 152.26 151.98 152.01 152.08 152.14 152.19 152.35 152.39 152.46 152.48 152.46 152.43 151.90 151.09 150.88 150.84 150.81 150.81 151.00 151.10 151.14 151.08 151.25 151.35 151.44 151.57 151.65 151.75 151.55 151.66 151.86 151.99 151.68 151.55 151.58 151.99 151.78 151.59 151.61 151.74 151.66 152.09 151.49 150.73 150.36 150.35 150.51 150.71 150.99 151.30 150.64 150.77 150.77 150.56 150.62
-79°N ||     151.05 151.10 151.11 151.22 151.20 151.15 151.15 151.19 151.21 151.40 151.26 151.34 151.39 151.42 151.49 151.58 151.45 151.59 151.36 151.62 151.54 151.57 151.54 151.94 152.28 151.40 151.80 152.17 152.05 152.13 152.07 152.07 152.05 152.06 152.10 152.12 152.12 152.11 152.02 151.99 151.99 151.77 152.28 152.38 151.57 151.76 151.75 151.63 151.58 151.76 151.90 151.78 152.31 152.20 152.24 152.41 152.59 151.60 152.16 151.69 152.35 152.17 151.62 152.03 152.03 152.28 152.30 152.25 152.24 152.21 152.17 152.20 152.18 152.19 152.17 152.14 152.16 152.20 152.17 152.00 152.09 152.22 151.99 151.96 151.98 152.16 151.87 152.04 151.89 151.93 151.98 151.89 151.84 151.59 150.79 150.80 150.37 150.87 151.41 151.68 151.60 151.85 151.89 151.95 152.01 152.19 152.04 152.15 151.93 152.16 151.78 152.05 151.91 151.91 151.57 151.47 152.13 152.25 152.46 152.49 152.51 152.50 152.52 152.50 152.53 152.51 152.48 152.51 152.50 152.52 152.48 152.47 152.52 152.50 152.50 152.50 152.54 152.55 152.51 152.51 152.51 152.54 152.30 151.99 152.18 151.69 151.24 151.25 151.27 151.16 151.23 151.33 151.71 152.54 152.48 151.79 151.59 152.11 151.01 151.06 151.69 151.13 150.83 150.68 150.60 150.72 150.60 151.05 150.82 150.78 150.79 150.86 151.00 150.70 150.61 150.75 150.86 150.97 150.97 150.98
-77°N ||     151.81 151.53 151.47 151.44 151.35 151.61 151.57 151.90 151.85 151.88 151.83 151.84 152.13 151.97 151.93 151.96 152.02 152.00 152.12 152.02 151.97 152.01 151.96 152.03 151.98 152.09 152.23 152.29 152.16 152.24 152.22 152.24 152.25 152.24 152.24 152.25 152.22 152.23 152.21 152.22 152.20 152.22 152.16 152.05 152.00 151.80 151.31 151.92 151.22 151.48 152.14 152.02 151.85 151.33 151.49 151.71 151.88 151.84 151.96 151.92 152.18 152.32 152.18 152.25 152.38 152.39 152.37 152.40 152.40 152.37 152.35 152.35 152.31 152.33 152.30 152.30 152.27 152.19 152.02 152.05 152.00 151.88 151.82 151.68 151.91 152.07 151.96 151.99 151.81 151.93 151.95 151.91 151.60 151.46 151.34 151.17 150.66 150.25 151.42 152.33 152.59 152.65 152.61 151.87 152.09 151.96 152.00 152.16 151.93 152.21 151.98 151.93 151.92 152.25 152.52 152.40 151.97 151.83 151.43 151.18 151.06 150.64 150.47 151.07 151.62 152.11 152.37 152.35 152.26 152.09 151.56 152.00 152.08 151.64 152.16 152.31 152.53 152.47 152.28 152.17 151.94 151.94 151.67 152.06 152.58 152.56 152.47 152.40 151.79 151.83 151.91 151.17 151.82 152.12 152.12 151.38 151.05 151.16 150.94 151.00 151.10 150.93 150.92 151.18 151.05 151.00 151.15 151.27 151.33 151.30 151.20 151.29 151.50 151.18 151.20 151.27 151.47 151.63 151.72 151.54
-75°N ||     151.99 152.07 151.85 151.98 151.80 151.83 151.92 152.34 152.10 152.00 152.62 152.65 152.09 152.26 152.29 152.36 152.20 152.29 152.29 152.15 152.15 152.30 152.31 152.41 152.31 152.36 152.38 152.40 152.38 152.35 152.35 152.34 152.37 152.34 151.99 152.29 152.29 152.27 152.25 152.25 152.20 152.16 152.17 152.17 152.20 152.24 152.18 152.12 151.96 151.87 151.95 151.51 151.35 151.67 152.11 152.19 152.14 152.38 152.47 152.49 152.51 152.50 152.47 152.44 152.42 152.41 152.39 152.23 152.35 152.27 152.20 152.10 152.08 151.95 151.91 151.97 151.88 152.02 151.89 151.92 151.98 152.01 152.08 151.95 152.22 152.04 152.04 152.16 152.02 152.03 151.97 151.72 151.60 151.88 152.01 152.02 152.02 152.02 152.08 151.96 151.83 151.93 151.94 151.88 152.12 152.16 152.17 152.02 152.02 151.94 151.88 151.75 151.34 151.51 151.71 151.17 151.54 151.39 151.17 151.32 151.05 150.96 151.66 151.99 151.88 151.63 152.52 151.46 151.61 151.60 151.70 152.09 152.00 151.90 151.83 151.66 151.96 151.07 150.73 150.32 150.21 150.81 152.64 152.55 152.63 151.74 152.29 151.75 152.40 152.60 152.53 152.48 152.43 152.45 152.51 151.71 150.72 150.71 150.69 150.71 150.69 150.86 151.51 151.40 151.57 150.98 151.05 151.24 151.31 151.29 151.35 151.34 151.36 151.59 151.60 151.68 151.81 151.77 151.82 151.87
-73°N ||     152.64 151.94 152.42 152.40 152.34 152.11 152.54 152.41 152.44 152.41 152.08 151.79 152.14 152.09 152.34 152.45 152.42 152.41 152.35 152.25 152.12 151.82 152.54 151.63 151.85 152.46 152.32 152.30 152.32 152.36 152.37 152.37 152.40 152.17 152.10 151.83 152.02 152.31 152.22 152.26 152.26 152.28 152.21 152.24 152.27 152.27 152.27 152.08 152.42 152.65 152.67 152.63 152.64 152.03 152.44 152.45 152.55 152.57 152.58 152.59 152.59 152.58 152.55 152.50 152.52 152.24 152.35 152.48 152.49 152.49 152.47 152.29 152.12 152.21 152.13 152.05 151.98 152.09 152.27 151.97 151.98 151.99 152.01 152.27 152.14 152.33 152.40 152.36 152.29 152.33 152.09 152.07 151.76 152.09 152.08 152.16 152.30 152.31 152.31 152.28 152.31 152.32 152.39 152.35 152.28 152.22 152.34 151.98 151.94 151.81 151.36 151.01 151.28 151.74 152.12 151.86 152.03 151.91 152.00 151.65 151.78 151.39 151.17 151.11 151.47 151.46 151.75 151.73 151.95 151.92 151.90 152.00 152.05 152.16 152.25 152.27 152.27 152.36 152.13 151.82 152.11 150.78 150.91 151.56 151.67 151.71 151.80 151.97 152.13 152.28 152.17 151.32 152.01 152.44 152.62 152.68 152.33 151.52 150.67 151.12 150.87 151.19 151.69 151.70 151.08 151.38 151.79 151.94 151.79 152.10 152.60 152.49 152.21 152.10 152.11 152.08 152.22 152.07 152.11 152.55
-71°N ||     152.58 152.61 152.65 152.67 152.69 152.72 152.72 152.72 152.73 152.73 152.73 152.51 152.07 151.84 151.28 151.28 151.90 152.02 152.57 152.16 152.18 152.07 151.92 151.98 152.52 152.30 152.41 152.42 152.33 152.17 152.24 152.16 152.15 152.29 152.23 152.19 152.12 152.35 152.24 152.25 152.35 152.21 152.31 152.24 152.28 152.31 152.09 151.93 151.99 152.40 152.59 152.54 152.46 151.87 152.52 152.60 152.62 152.64 152.61 152.62 152.64 152.48 152.40 152.47 152.54 152.58 152.53 152.49 152.50 151.81 152.07 152.24 152.13 152.27 152.03 152.16 152.08 151.70 151.52 151.40 151.28 152.11 152.12 152.10 152.24 152.26 152.36 152.21 152.39 152.29 152.57 152.54 152.29 152.36 152.36 152.24 152.19 151.62 152.15 152.37 152.45 152.28 152.32 152.32 152.30 152.33 152.08 151.30 151.63 151.91 151.92 152.00 152.01 152.16 152.17 152.09 152.29 152.13 152.23 152.29 152.22 152.37 152.39 152.24 152.16 152.09 151.47 151.65 152.59 152.60 151.89 152.09 151.95 150.82 151.73 151.94 152.03 151.56 151.31 151.63 151.76 151.35 152.05 152.28 152.47 152.48 152.46 152.25 152.25 152.35 152.57 152.51 152.63 152.49 152.69 152.61 152.66 152.70 152.50 152.45 152.58 152.52 152.38 152.60 152.68 152.66 152.66 152.59 152.51 152.61 152.53 152.67 152.63 152.65 152.35 152.35 152.39 152.45 152.21 152.41
-69°N ||     152.18 152.26 152.51 152.62 152.36 152.45 152.50 152.72 152.71 152.72 152.72 152.69 152.45 152.48 152.18 152.15 151.47 151.66 151.91 152.36 152.58 152.45 152.15 151.94 152.05 152.38 152.35 152.45 152.19 152.35 151.92 152.00 151.90 152.12 152.13 152.19 152.37 152.37 152.44 152.45 152.46 152.44 152.42 152.45 152.46 152.37 152.31 152.52 152.52 152.50 152.52 152.58 152.58 152.63 152.64 152.61 152.62 152.63 152.52 152.52 152.39 152.61 152.59 152.65 152.60 152.46 152.01 152.00 152.02 152.02 152.01 152.10 152.12 152.28 152.35 152.50 152.35 152.00 151.52 151.78 151.91 152.26 152.18 151.93 151.92 151.71 151.77 151.72 151.97 152.20 152.21 152.32 151.44 152.36 152.42 152.37 152.48 152.48 152.46 152.49 152.46 152.45 152.50 152.45 152.27 152.01 151.35 152.33 152.46 152.39 152.26 152.12 152.21 152.11 152.23 151.79 151.71 152.19 152.47 152.58 152.67 152.60 152.62 152.65 152.64 152.59 152.32 151.96 151.67 151.77 152.20 152.21 152.21 152.08 152.62 151.85 150.86 151.25 151.33 151.54 151.72 151.67 151.26 151.37 151.87 152.26 152.35 152.14 152.45 152.55 152.54 152.59 152.27 150.59 152.52 152.69 152.72 151.20 152.69 152.72 152.72 152.70 152.69 152.66 152.52 152.33 152.14 152.14 151.57 151.32 152.21 152.53 152.59 152.49 152.38 152.23 152.12 152.04 152.27 152.29
-67°N ||     152.56 152.15 151.98 152.52 152.53 152.57 152.56 152.51 152.71 152.71 152.70 152.70 152.72 152.67 152.61 152.47 152.27 151.93 151.87 151.64 151.64 151.33 151.67 151.68 151.99 151.93 151.82 151.76 152.04 151.58 151.61 151.57 151.91 152.62 151.99 152.15 152.13 152.27 152.40 152.43 152.50 152.49 152.46 152.47 152.48 152.50 152.47 152.54 152.53 152.50 152.52 152.57 152.58 152.58 152.53 152.61 152.67 152.62 152.65 152.61 152.25 152.50 152.63 152.62 152.48 152.28 151.89 151.99 152.63 151.99 152.17 152.25 152.28 152.41 152.51 152.25 152.00 151.53 151.57 151.25 151.57 151.63 151.95 151.97 152.22 152.12 152.21 152.23 152.21 152.21 152.25 152.37 152.31 152.42 152.39 152.48 152.40 152.37 152.36 152.27 152.26 151.72 151.54 151.58 151.23 151.75 152.64 152.71 152.73 152.58 152.59 152.33 152.37 152.11 152.23 152.14 152.41 152.45 152.64 152.64 152.62 152.62 152.64 152.63 152.57 152.68 152.66 152.71 152.71 152.54 152.07 151.57 152.10 152.25 151.62 151.47 151.35 150.96 151.53 150.79 151.07 151.41 151.39 152.15 151.99 151.94 151.47 151.79 152.19 152.43 152.60 152.46 152.51 152.61 152.66 152.69 152.70 152.49 152.52 152.59 152.60 152.65 152.57 152.43 152.57 152.54 152.55 152.54 152.48 152.20 152.62 152.51 152.48 152.35 151.95 152.26 151.69 151.68 151.83 152.31
-65°N ||     152.28 151.96 151.69 152.08 152.09 152.63 152.51 152.54 152.71 152.72 152.72 152.71 152.70 152.70 152.72 152.72 152.70 152.67 152.65 152.51 152.17 152.06 152.11 151.92 152.20 152.13 151.84 152.18 152.23 151.94 151.74 152.02 151.81 152.01 152.15 152.24 152.25 152.28 152.30 152.45 152.47 152.53 152.54 152.54 152.59 152.60 152.58 152.57 152.58 152.57 152.51 152.45 152.37 152.40 152.49 152.57 152.58 152.59 152.52 151.83 152.14 152.66 152.71 152.66 152.48 152.53 152.17 152.09 152.27 152.21 152.38 152.32 152.38 152.47 152.60 152.51 152.14 151.98 151.63 151.31 151.36 151.69 152.39 152.03 152.18 152.21 152.20 152.13 151.91 152.24 152.23 152.27 152.23 152.37 152.20 152.38 152.54 152.45 152.25 152.33 152.15 152.19 152.10 152.02 151.68 151.99 151.83 152.01 152.07 151.98 151.99 151.86 151.94 152.29 152.55 152.67 152.66 152.67 152.59 152.54 152.54 152.63 152.69 152.68 152.71 152.69 152.67 152.69 152.69 152.70 152.23 152.22 152.18 152.09 152.58 151.68 151.65 151.76 152.08 151.08 151.05 151.10 151.62 151.65 151.69 151.27 151.14 152.25 151.99 151.73 152.28 152.28 152.20 152.60 152.59 151.35 151.95 152.11 152.55 152.33 151.80 151.98 152.52 152.34 152.47 152.67 152.60 152.63 152.59 152.54 152.30 152.24 152.10 151.54 152.37 152.51 152.19 152.07 151.78 151.74
-63°N ||     152.27 152.25 152.37 152.01 151.74 152.12 152.52 152.50 152.64 152.65 152.72 152.69 152.48 152.73 152.73 152.70 152.72 152.72 152.72 152.53 152.20 152.18 151.95 152.05 151.97 152.09 152.11 151.96 151.92 152.00 151.93 152.06 152.25 152.25 152.21 152.02 151.85 152.14 152.43 152.23 152.52 152.32 152.14 152.46 152.49 152.41 152.32 152.53 152.47 152.42 152.31 152.30 152.16 152.36 152.28 151.92 152.28 152.69 152.64 152.66 152.62 152.61 152.66 152.70 152.66 152.69 152.41 152.62 152.32 152.63 152.50 152.36 152.38 152.31 152.37 152.66 152.71 152.66 152.63 152.39 152.25 151.93 152.02 152.02 152.06 152.10 152.23 152.23 152.23 152.19 152.17 152.18 152.29 152.24 152.28 152.09 152.21 152.27 152.12 152.36 152.40 152.16 152.24 152.42 152.34 152.14 152.00 151.79 151.82 151.59 152.02 152.12 152.36 152.66 152.71 152.70 152.69 152.72 152.68 152.66 152.65 152.62 152.65 152.65 152.72 152.73 152.71 152.69 152.70 152.72 152.67 152.32 152.22 152.44 152.12 151.75 151.54 151.72 151.52 150.58 152.39 151.35 152.01 151.91 151.88 151.58 151.47 151.35 151.13 151.36 151.61 151.95 151.89 152.05 152.35 152.57 152.67 152.66 152.54 152.48 152.11 152.17 152.35 152.39 152.30 151.63 151.53 151.84 152.24 152.42 152.49 152.53 152.40 152.59 152.57 151.87 152.30 152.40 152.38 152.22
-61°N ||     152.66 151.91 151.71 152.20 152.42 152.54 152.52 152.04 152.11 152.26 151.93 152.13 152.46 152.13 152.33 152.20 152.48 152.43 152.54 152.59 152.55 152.53 152.50 152.07 151.89 151.76 152.25 152.36 151.90 152.03 152.39 152.58 152.59 152.51 152.41 152.20 151.98 152.15 152.09 152.07 152.40 151.82 152.18 152.35 152.20 151.29 152.56 152.65 152.66 152.62 152.60 152.67 152.65 152.46 152.10 152.71 152.72 152.65 152.72 152.71 152.66 152.61 152.61 152.65 152.72 152.57 152.68 152.47 152.71 152.68 152.73 152.65 152.00 152.43 152.51 152.29 152.34 152.40 152.32 152.13 151.32 151.33 152.00 152.21 152.04 151.97 151.86 152.09 152.22 152.19 152.25 152.18 152.21 152.36 152.28 152.31 152.27 152.13 152.25 152.35 152.40 152.31 152.26 152.26 151.79 152.30 152.23 152.26 152.29 152.36 152.44 152.48 152.53 152.62 152.71 152.66 152.51 152.48 152.53 152.40 152.44 152.61 152.43 152.57 152.66 152.67 152.72 152.72 152.65 152.63 152.61 152.71 151.14 152.71 152.66 152.58 151.77 151.95 151.92 152.20 151.57 151.53 151.49 151.57 151.63 151.53 151.56 151.37 151.58 151.43 151.59 151.55 151.67 151.82 151.88 152.61 152.59 152.72 152.72 152.72 152.68 152.56 152.42 152.29 152.26 152.02 151.66 151.81 151.92 151.00 151.73 152.32 152.42 152.23 151.36 151.68 151.91 152.56 152.59 152.56
-59°N ||     152.65 152.38 152.23 152.40 152.47 152.35 151.38 151.96 152.12 151.92 152.28 151.95 152.15 151.51 152.30 152.33 152.38 152.46 152.27 152.43 152.56 152.57 152.38 152.28 151.62 151.99 152.15 152.19 152.44 151.99 152.15 152.60 152.63 152.45 152.52 152.47 152.08 151.65 151.54 151.70 151.96 152.39 152.57 152.55 152.51 152.27 152.61 152.67 152.72 152.72 152.72 152.72 152.73 152.73 152.65 152.59 152.63 152.55 152.68 152.72 152.59 152.39 152.01 152.43 151.99 152.47 151.75 152.63 152.72 151.75 152.12 152.39 152.44 152.49 152.68 152.37 152.39 152.22 152.07 152.12 151.63 151.71 151.98 151.77 151.83 152.20 152.06 152.00 152.31 151.25 152.08 152.28 152.34 152.26 152.47 152.12 152.05 152.07 152.70 152.03 151.97 152.32 152.21 152.23 152.28 152.32 152.31 152.27 152.26 152.49 152.53 152.64 152.67 152.67 152.60 152.37 152.38 152.47 152.25 151.94 151.98 151.99 152.47 152.67 152.72 152.70 152.66 152.70 152.65 152.52 152.70 152.71 152.69 152.64 152.63 152.56 152.25 151.46 151.00 151.27 152.66 152.56 151.05 151.07 152.11 151.33 151.42 150.87 151.42 151.71 151.28 151.34 151.81 152.32 152.51 152.62 152.70 152.68 152.70 152.70 152.69 152.67 152.61 152.53 152.27 152.04 151.78 151.73 151.89 151.74 152.44 151.24 151.87 152.04 151.80 152.30 152.44 152.33 152.50 152.59
-57°N ||     152.56 152.58 152.62 152.68 152.57 151.74 152.04 151.94 151.62 151.67 151.75 152.70 151.73 151.85 151.57 151.62 152.11 152.40 152.12 152.01 152.69 152.04 152.08 152.06 151.50 152.01 152.20 152.18 152.15 151.56 151.12 152.57 152.43 152.49 152.46 152.21 152.28 151.96 151.82 151.86 151.71 152.14 152.31 152.39 152.46 152.28 151.97 151.93 152.51 152.71 152.72 152.73 152.69 152.68 152.58 152.15 152.06 152.07 151.88 151.77 152.23 152.40 152.34 151.93 152.16 152.33 152.32 151.74 150.89 150.67 152.08 152.05 152.08 152.53 152.26 152.72 152.66 152.72 152.54 152.63 152.63 152.52 152.04 152.10 152.26 152.07 152.11 151.91 151.86 152.11 152.17 152.24 152.03 151.79 151.80 151.75 151.77 151.84 152.17 151.85 151.64 151.76 151.75 151.82 151.81 152.27 152.31 152.44 152.54 152.61 152.67 152.71 152.73 152.68 152.72 152.65 152.70 152.69 152.72 152.67 152.62 152.69 152.67 152.45 152.18 152.21 152.18 152.20 152.19 151.75 152.56 152.65 152.68 152.56 152.68 152.67 152.65 152.60 151.36 152.15 152.67 152.65 151.53 151.68 152.07 151.92 151.64 151.47 151.44 151.73 152.08 152.20 152.30 152.13 152.37 152.29 152.58 152.27 151.69 151.88 152.61 152.66 152.62 152.47 152.20 151.99 151.81 151.80 151.88 151.82 151.58 151.47 151.85 151.91 152.51 151.89 151.91 152.00 152.22 152.50
-55°N ||     152.57 152.59 152.64 152.63 152.36 152.32 152.27 151.99 151.85 152.20 152.17 152.09 151.99 152.07 151.85 152.01 152.32 152.29 152.28 152.22 151.85 151.32 151.32 152.63 151.29 151.96 152.21 152.22 152.20 152.02 151.87 152.45 152.43 152.35 152.40 152.21 152.03 151.81 151.52 151.42 151.50 151.42 151.38 151.56 152.14 151.91 151.80 152.09 152.46 152.60 152.70 152.71 152.71 152.50 152.16 151.56 151.83 151.48 151.71 152.64 152.09 152.44 152.19 152.36 152.04 150.79 150.62 150.51 150.70 150.69 150.70 151.81 151.47 152.17 152.49 152.22 152.40 152.71 152.69 152.65 152.37 152.18 152.27 152.25 152.18 152.07 152.07 151.88 151.96 151.74 151.94 152.09 152.25 152.02 152.09 152.33 152.71 152.10 152.07 152.14 152.12 152.06 151.62 151.75 151.64 151.85 152.38 152.46 152.59 152.67 152.72 152.72 152.69 152.59 152.59 152.43 152.29 152.11 152.02 151.53 151.10 150.89 150.78 150.68 150.57 150.79 151.07 151.10 150.56 151.60 152.13 152.30 152.45 152.65 152.59 152.65 152.17 152.65 152.58 152.39 152.27 152.14 152.22 152.23 151.38 151.72 151.83 151.82 152.08 152.29 152.51 152.52 152.43 152.65 152.24 152.38 152.50 151.65 151.79 152.64 152.50 152.38 152.27 152.27 152.01 151.90 152.02 152.17 152.33 152.18 152.16 151.72 152.22 151.97 151.84 151.92 152.10 152.36 152.40 152.54
-53°N ||     152.60 152.39 152.43 152.63 152.72 151.92 152.42 152.49 152.48 152.36 152.43 152.11 151.96 152.23 152.23 152.22 152.02 152.27 152.21 152.27 152.17 151.67 151.39 152.24 151.93 152.13 152.68 152.12 152.26 152.13 152.35 152.28 152.28 152.29 152.33 152.31 152.27 151.67 151.41 151.36 151.26 151.39 151.77 151.94 152.13 152.24 152.35 152.33 152.58 152.49 152.11 152.16 152.36 152.20 152.25 152.57 152.46 151.98 151.91 152.52 152.00 152.39 152.20 151.94 150.33 150.38 150.59 150.59 150.57 150.56 150.60 150.80 151.58 152.28 152.67 152.60 152.71 152.69 152.53 152.63 152.69 152.63 152.57 152.45 152.31 152.68 152.33 152.12 152.22 152.24 152.03 151.98 151.89 152.23 151.82 151.70 151.95 152.02 152.10 152.00 152.12 152.19 151.86 151.27 152.25 152.08 152.24 152.46 152.54 152.60 152.72 152.69 152.53 152.27 152.08 151.66 151.03 150.75 150.38 150.45 150.71 151.00 151.16 151.21 151.24 150.89 150.79 150.83 150.83 150.75 150.34 151.52 151.50 151.10 152.58 152.39 152.40 152.65 152.42 152.43 152.53 152.24 152.29 152.03 152.13 152.52 152.04 152.04 152.10 151.93 152.16 152.39 152.60 152.67 152.67 152.54 152.48 151.47 152.63 152.45 152.56 152.57 152.58 152.39 152.21 152.17 151.94 152.19 151.76 152.17 152.32 151.86 151.43 151.43 151.89 152.32 152.37 152.44 152.57 152.59
-51°N ||     152.55 152.46 152.24 152.30 152.62 152.51 152.43 151.95 152.56 152.30 152.06 152.24 152.15 152.32 152.21 152.14 152.20 151.70 152.10 152.16 152.00 151.71 151.33 151.18 150.91 151.94 151.68 151.99 152.22 152.23 152.14 152.29 152.07 151.93 152.15 151.92 151.96 151.85 151.61 150.95 150.92 150.78 151.12 151.97 152.13 152.27 152.35 152.10 152.57 152.62 152.02 152.02 151.65 151.41 152.13 152.70 152.73 152.73 152.34 151.90 151.80 151.94 152.14 150.78 150.42 150.67 150.53 150.57 150.57 150.59 150.60 150.68 151.53 151.45 151.11 150.62 152.71 152.72 152.61 152.63 152.68 152.64 152.43 152.30 152.14 152.40 151.97 152.08 152.25 152.22 152.19 152.23 152.31 152.36 152.16 151.86 151.96 152.02 152.08 151.78 152.20 152.01 151.76 152.11 152.01 152.13 152.38 152.56 152.66 152.68 152.60 152.53 152.45 151.88 151.36 150.71 150.35 150.47 150.86 151.49 151.73 152.11 152.25 152.44 152.43 152.45 152.26 152.27 152.14 151.94 152.25 151.71 150.50 150.42 151.31 152.13 152.56 152.21 151.50 152.67 152.49 152.10 152.57 151.96 151.62 151.82 152.10 152.47 152.31 152.36 152.58 152.59 152.53 152.46 152.06 152.46 152.47 152.54 152.52 152.55 152.51 152.20 152.31 152.54 152.51 152.38 152.03 152.49 152.25 152.46 152.23 151.94 152.24 151.82 151.91 152.14 152.23 152.40 152.46 152.54
-49°N ||     151.97 152.16 152.05 152.33 152.70 152.73 152.72 152.47 152.49 151.80 152.13 151.81 151.78 151.67 151.92 151.78 151.71 151.76 151.15 151.37 151.64 151.85 151.22 151.08 151.65 151.47 151.78 152.20 152.19 152.19 152.04 152.22 151.96 150.95 150.94 151.06 151.35 151.35 151.38 150.94 150.77 150.84 151.00 151.73 152.02 152.17 152.20 152.19 152.15 152.07 151.92 151.66 151.26 151.09 151.32 151.70 152.46 152.51 152.07 151.92 152.63 152.46 152.25 151.76 150.66 150.34 150.50 150.48 150.54 150.41 150.40 150.70 151.15 152.66 152.09 152.58 152.45 152.56 152.60 152.63 152.61 152.60 152.48 152.26 152.24 151.95 152.06 152.72 152.41 152.26 152.06 152.21 152.57 152.55 152.24 151.99 151.56 152.32 151.84 151.82 151.80 151.81 152.03 152.29 152.35 152.11 152.07 152.56 152.66 152.63 152.67 152.62 152.02 151.15 150.42 150.47 150.89 151.22 151.78 152.16 152.75 153.12 152.76 152.72 151.86 152.35 152.44 152.55 152.42 152.38 152.41 152.43 152.19 151.70 150.75 150.52 152.23 152.48 152.62 152.71 152.72 152.53 151.89 152.29 152.40 151.72 152.23 152.06 152.41 152.49 152.04 152.38 152.36 152.34 152.24 152.50 152.39 152.26 152.01 152.02 151.06 151.71 152.29 152.16 151.97 152.35 152.57 152.62 152.36 152.68 152.65 152.51 152.48 152.16 151.85 151.52 151.68 151.87 152.14 152.26
-47°N ||     151.80 152.17 152.00 151.96 152.41 152.69 152.34 152.00 152.36 152.06 151.83 151.91 151.08 152.18 151.26 151.46 150.75 150.96 151.61 151.44 151.84 151.33 151.63 151.88 151.85 152.13 151.70 151.99 152.13 152.11 152.12 152.12 152.16 151.51 151.34 151.46 151.70 151.75 151.73 151.48 151.10 151.00 151.32 151.41 151.30 151.84 151.85 151.93 151.76 151.79 151.51 151.37 151.05 151.05 150.98 151.29 151.58 151.54 152.00 152.34 151.62 152.70 152.57 152.26 152.34 150.50 150.32 150.33 150.37 150.32 150.35 150.54 150.86 152.37 152.41 152.48 152.66 152.63 152.53 152.19 152.59 152.46 152.39 152.36 152.12 152.16 151.97 152.16 152.38 152.30 152.36 152.37 152.65 152.33 152.17 151.60 151.87 151.75 151.98 152.40 151.84 151.55 151.75 152.02 152.60 152.60 152.36 152.56 152.70 152.71 152.66 152.67 152.28 151.58 150.91 151.87 152.28 152.98 153.35 152.71 152.30 152.55 152.88 152.79 152.40 152.12 151.92 152.28 152.45 152.35 152.37 152.19 152.21 152.12 151.61 150.78 150.46 151.60 152.40 152.62 152.68 152.71 152.53 152.31 152.64 152.63 152.29 152.54 152.50 152.50 152.50 152.10 151.96 152.25 151.95 152.17 152.20 151.75 151.46 152.02 152.53 152.59 151.98 151.91 152.27 152.61 152.53 152.63 152.69 152.66 152.63 152.59 152.07 152.05 151.84 152.24 152.02 151.90 152.18 152.09
-45°N ||     152.21 152.26 152.14 152.19 152.36 152.34 152.42 152.43 152.50 151.92 151.70 152.14 151.73 151.57 151.64 151.64 152.34 151.58 151.90 151.99 151.81 152.03 152.38 151.72 152.01 152.18 152.07 151.97 151.98 151.95 151.83 151.91 151.85 151.67 151.68 151.65 151.67 151.70 151.78 151.79 151.50 151.41 151.57 151.49 151.45 151.64 151.64 151.46 151.31 151.14 151.07 151.06 151.01 150.58 150.42 151.43 151.79 151.91 152.22 152.42 152.58 152.59 152.67 152.63 152.15 151.30 150.70 150.57 150.55 150.32 150.31 150.41 151.61 152.14 152.48 152.31 152.58 152.56 152.52 152.62 152.30 152.44 152.24 152.20 152.15 152.07 152.06 152.41 152.40 152.34 152.25 152.30 152.41 152.28 152.12 152.18 151.90 151.93 151.88 152.42 151.17 151.75 151.91 151.97 152.43 151.97 152.41 152.55 152.66 152.68 152.71 152.69 152.27 150.97 151.92 152.37 153.26 153.36 152.80 153.15 152.96 153.19 153.02 153.01 152.79 153.13 153.24 152.39 152.25 152.70 152.36 152.26 152.26 152.14 151.59 151.30 150.47 150.96 152.16 152.47 152.68 152.61 151.62 152.63 152.66 152.50 152.59 152.42 152.26 152.53 152.31 152.14 152.30 152.14 152.19 151.93 151.74 151.81 151.36 150.72 151.73 151.63 152.06 152.62 152.65 152.62 152.32 152.68 152.40 152.44 152.61 152.56 152.06 152.09 152.04 151.45 151.50 151.99 152.14 152.07
-43°N ||     152.55 152.01 152.61 152.36 152.54 152.33 152.40 152.37 152.20 152.00 151.70 151.74 151.59 151.42 151.72 151.74 152.05 152.10 152.00 151.98 151.55 151.75 151.92 151.93 151.68 151.97 152.06 152.06 151.50 151.76 151.63 151.86 151.89 151.46 151.59 151.58 151.60 151.69 151.85 151.92 151.40 151.19 150.25 150.30 151.07 151.43 151.30 151.08 151.12 150.87 150.77 150.78 150.69 150.79 150.83 151.51 151.60 151.70 151.85 152.16 152.17 152.25 152.51 152.23 152.46 152.49 151.86 151.56 151.25 151.03 151.34 151.41 152.35 152.13 152.36 152.66 152.60 152.67 152.61 152.65 152.54 152.31 152.22 152.37 152.26 152.25 152.14 152.44 152.42 152.24 152.17 152.28 152.32 152.26 152.23 152.04 152.15 152.02 152.24 151.88 151.82 151.91 151.78 151.43 151.49 151.77 152.34 152.52 152.50 152.56 152.67 152.60 151.89 150.65 152.22 153.04 153.01 152.76 152.97 153.30 153.09 153.08 152.83 153.14 153.07 152.44 152.59 152.52 152.77 152.51 152.34 152.30 152.11 151.80 150.95 150.86 150.49 150.55 151.90 152.19 152.48 152.41 152.68 152.71 152.69 152.61 152.57 152.46 152.46 152.68 152.61 152.52 152.47 152.23 152.18 151.94 151.70 151.69 151.75 151.77 151.59 151.69 152.24 152.68 152.72 152.65 152.66 152.61 152.40 152.53 152.51 152.59 151.60 152.23 152.26 152.66 152.00 152.20 152.41 152.37
-41°N ||     152.63 152.59 152.60 152.72 152.67 152.26 152.33 152.25 152.62 152.61 152.41 152.60 152.31 151.78 152.00 151.88 151.51 151.75 151.46 151.79 151.48 151.95 151.91 151.91 151.74 150.98 151.47 151.64 151.84 151.43 151.31 151.55 151.39 151.40 151.19 151.46 151.53 151.68 151.70 149.75 149.43 149.25 147.45 147.19 147.28 149.58 149.58 149.59 150.34 150.68 150.42 150.77 150.55 150.72 150.70 150.77 150.87 151.34 152.06 151.97 151.69 151.21 152.33 152.56 152.61 152.51 152.60 152.31 151.80 151.67 151.78 152.34 152.14 152.65 152.68 152.70 152.70 152.07 152.69 152.47 152.62 152.56 152.34 152.35 152.21 152.21 152.22 152.48 152.49 152.39 152.21 152.33 152.15 152.18 152.25 151.87 151.72 152.12 152.09 151.99 151.70 151.76 151.35 151.14 152.43 151.88 152.20 152.52 152.56 152.60 152.66 152.72 151.96 150.69 151.91 153.06 153.04 152.41 153.16 153.19 153.16 153.00 153.23 153.35 152.96 152.43 152.75 152.84 152.62 152.77 152.54 152.27 151.62 151.09 150.86 150.67 150.35 150.72 151.36 152.13 151.73 152.61 152.60 152.72 152.18 152.37 152.59 152.64 152.66 152.64 152.59 152.53 152.56 152.18 152.07 152.02 151.82 152.12 152.12 151.94 151.88 151.85 152.33 152.56 152.63 152.58 152.61 152.57 152.08 152.40 152.40 151.85 151.77 152.33 152.27 152.25 152.37 152.51 152.61 152.41
-39°N ||     152.52 152.62 152.45 152.20 152.68 152.11 152.48 152.40 151.85 152.16 152.70 152.66 152.04 151.77 152.26 152.03 152.23 151.84 152.04 152.11 152.23 151.63 152.24 152.24 152.03 152.03 151.84 151.61 151.73 151.63 151.52 149.73 150.80 151.19 151.19 151.35 151.48 151.44 150.76 150.62 150.05 148.78 148.44 148.53 148.91 149.04 148.94 149.20 148.62 149.70 150.41 150.45 150.49 150.60 150.75 150.80 151.02 151.33 151.42 151.85 151.87 152.01 151.65 151.85 152.35 151.88 152.63 152.08 152.27 152.17 152.26 152.28 152.61 152.72 152.69 152.70 152.72 152.70 152.63 152.64 152.61 152.56 152.43 152.40 152.38 152.20 152.45 152.54 152.41 152.35 152.51 152.53 152.48 152.16 152.23 152.03 152.04 151.99 151.97 152.24 151.76 151.88 151.59 151.69 151.62 151.58 152.15 152.48 152.61 152.64 152.63 152.56 151.83 150.31 151.70 153.15 153.37 153.25 152.83 153.10 153.36 153.23 153.32 153.35 153.07 152.75 153.09 152.84 152.96 152.60 152.35 151.83 151.21 150.92 150.57 150.41 150.36 150.58 151.48 152.45 152.60 152.44 152.65 152.56 152.59 152.69 152.37 152.67 152.23 152.61 152.64 152.64 152.56 152.45 152.20 152.38 152.20 151.97 152.38 152.29 152.07 151.97 151.99 152.15 152.41 152.49 152.69 152.61 152.43 152.39 152.50 152.38 152.58 152.52 152.54 152.37 152.46 152.58 152.65 152.69
-37°N ||     152.69 152.60 152.62 152.39 152.68 152.71 152.59 152.04 151.61 151.04 150.77 151.60 151.52 152.24 152.51 152.49 152.49 152.49 152.37 152.30 152.29 152.28 152.00 152.18 151.91 151.59 151.67 151.26 151.15 151.62 151.51 150.68 150.83 150.24 150.93 150.06 150.62 148.74 148.87 150.56 148.70 147.91 149.22 149.26 149.17 149.12 149.33 150.03 149.43 149.41 149.20 149.81 150.41 150.87 150.89 151.03 150.94 151.47 151.59 151.44 151.43 152.08 152.08 152.35 152.54 152.32 152.60 152.66 152.10 152.46 152.71 152.67 152.70 152.58 152.65 152.73 152.71 152.71 152.69 152.63 152.50 152.41 152.20 152.69 152.42 152.27 152.27 152.20 152.47 152.36 152.45 152.54 152.51 152.37 152.04 152.25 151.97 151.91 152.21 152.16 151.70 151.68 151.54 151.70 151.86 151.83 152.70 152.24 152.56 152.63 152.60 152.60 152.53 150.83 150.79 152.74 153.41 153.65 153.87 153.14 153.20 153.22 152.79 153.32 152.86 152.94 152.76 152.86 152.81 152.70 152.51 151.55 150.84 150.60 150.37 150.34 150.60 151.41 152.02 152.50 152.59 152.72 152.53 152.55 152.46 152.53 152.67 152.68 152.67 152.60 152.67 152.62 152.58 152.54 152.44 152.47 152.56 152.47 152.39 151.89 152.16 152.10 151.77 151.75 152.30 152.41 152.64 152.48 152.50 152.57 152.64 152.63 152.62 152.60 152.50 152.37 152.70 152.72 152.70 152.70
-35°N ||     152.67 152.67 152.61 152.16 152.57 152.15 152.00 152.20 151.69 151.04 150.91 151.65 152.22 152.35 152.46 152.40 152.48 151.34 152.32 152.28 152.23 152.06 152.03 151.90 151.47 151.68 151.52 151.40 150.91 151.04 150.74 150.61 150.70 150.43 150.56 150.71 150.04 148.62 148.73 148.68 148.14 149.19 149.89 149.79 149.48 149.74 149.57 149.65 149.92 149.97 149.79 148.96 149.74 150.76 151.09 151.28 151.29 151.32 151.35 151.45 151.62 151.78 151.77 152.55 152.52 152.13 152.32 152.55 152.50 152.65 152.60 152.33 152.72 152.63 152.69 152.72 152.72 152.71 152.65 152.68 152.52 152.33 152.45 152.33 152.39 152.16 152.06 152.19 152.29 152.33 152.37 152.49 152.43 152.13 152.15 152.12 152.30 152.37 151.97 151.85 151.87 151.38 151.50 151.81 151.98 151.94 151.99 152.30 152.52 152.57 152.56 152.50 152.62 152.65 150.78 150.85 153.10 153.44 153.73 153.79 153.17 153.14 153.62 153.64 152.82 152.91 152.85 152.72 152.80 152.62 151.85 150.54 150.52 150.31 150.41 150.74 150.70 151.45 151.57 151.70 152.37 152.67 152.17 152.53 152.37 152.47 152.56 152.60 152.66 152.68 152.63 152.52 152.09 152.08 152.17 152.38 152.18 152.02 152.27 152.42 152.26 152.02 152.29 152.45 152.36 152.37 152.26 152.42 152.39 152.07 152.58 152.68 152.55 152.52 152.61 152.64 152.71 152.73 152.64 152.29
-33°N ||     152.71 152.72 152.17 152.05 152.19 151.49 151.84 151.04 151.07 151.57 151.53 151.75 152.27 152.38 152.52 152.33 152.49 152.51 152.28 152.28 151.68 152.07 152.02 151.99 151.73 151.50 151.51 151.33 151.13 150.86 150.70 149.91 150.29 150.07 149.74 149.92 149.26 148.29 148.13 147.45 147.71 149.22 150.07 149.69 150.40 149.79 150.65 150.73 150.49 150.53 149.95 149.04 148.25 149.88 150.75 151.27 151.26 151.34 151.39 151.39 151.73 152.08 151.93 152.52 152.57 152.60 152.59 152.58 152.55 152.45 152.57 152.55 152.51 152.62 152.60 152.64 152.68 152.70 152.68 152.71 152.63 152.51 152.56 152.44 152.40 152.31 152.27 152.18 152.19 152.24 152.28 152.04 152.22 152.34 152.18 152.27 152.10 152.29 152.06 151.62 151.77 151.61 151.39 151.58 151.81 151.91 151.91 151.86 152.37 152.55 152.47 152.44 152.31 152.49 152.70 151.23 151.35 152.60 153.21 153.57 153.55 153.79 152.95 152.77 152.97 152.95 152.69 152.65 151.83 150.98 150.62 150.51 151.08 151.22 151.31 151.34 151.08 151.26 151.92 152.08 152.51 152.68 152.52 152.46 152.35 152.31 152.43 152.41 152.48 152.56 152.54 152.39 152.29 152.13 151.70 151.61 151.71 151.68 152.20 151.90 152.18 152.38 152.05 152.26 152.16 152.12 152.37 152.47 152.58 152.35 152.41 152.60 152.27 152.58 152.59 152.66 152.70 152.63 152.48 152.43
-31°N ||     152.69 152.32 152.23 152.16 151.64 151.71 151.25 151.63 151.75 151.62 151.78 151.81 152.12 152.32 152.50 152.49 152.49 152.14 152.06 152.28 151.97 152.02 151.95 151.89 151.72 151.66 151.48 151.29 151.00 150.70 150.42 150.25 150.19 149.61 149.45 149.98 149.15 148.08 148.22 147.42 148.41 149.24 149.64 150.22 150.45 150.67 150.70 150.90 150.90 151.02 150.14 149.05 149.44 149.56 149.72 149.69 150.97 151.47 151.49 151.78 152.09 152.36 152.51 152.54 152.62 152.60 152.63 152.68 152.65 152.63 152.66 152.56 152.63 152.52 152.49 152.60 152.64 152.67 152.72 152.70 152.60 152.58 152.58 152.61 152.52 152.32 152.13 152.01 152.17 152.20 152.20 152.26 152.06 152.23 152.27 152.20 152.25 152.16 152.13 151.79 151.76 152.14 151.89 151.73 151.96 152.09 152.16 151.94 152.36 152.51 152.61 152.43 152.64 152.60 152.53 152.55 151.25 150.55 150.52 152.17 152.88 153.37 152.58 152.84 152.67 152.77 152.38 151.86 150.35 151.06 150.35 150.63 151.53 151.58 151.73 152.28 152.33 151.95 152.05 152.44 152.53 152.52 152.55 152.39 152.41 152.18 152.28 152.27 152.29 152.35 152.43 152.29 152.14 152.14 151.86 151.80 152.27 151.63 151.48 151.32 152.25 152.47 152.58 152.34 152.45 152.53 152.59 152.56 152.58 152.48 152.42 152.54 152.36 152.53 152.52 152.38 152.52 152.60 152.58 152.54
-29°N ||     152.69 152.32 151.24 152.15 151.63 151.48 151.91 151.54 151.84 151.69 151.69 151.87 152.30 152.43 152.50 152.47 152.44 151.61 152.34 152.31 152.14 151.95 151.94 151.84 151.77 151.62 151.47 151.19 150.89 150.61 150.35 150.02 149.82 149.76 149.72 148.94 148.98 148.49 147.11 146.20 148.31 149.39 149.83 150.14 150.47 150.76 150.93 151.06 151.16 151.16 151.13 151.00 150.35 150.37 150.29 149.60 149.90 150.40 151.46 151.73 152.14 152.55 152.61 152.59 152.33 152.61 152.53 152.59 152.68 152.67 152.67 152.63 152.70 152.57 152.67 152.73 152.68 152.67 152.67 152.73 152.72 152.72 152.67 152.69 152.43 152.40 152.30 152.14 152.06 152.18 152.19 152.27 152.35 152.30 152.27 152.21 152.23 151.88 152.16 151.87 152.24 152.29 152.06 152.05 152.26 152.33 152.39 152.32 151.90 152.49 152.31 152.61 152.63 152.67 152.42 152.50 152.41 152.39 151.55 151.51 150.73 150.60 150.59 151.74 150.97 151.10 150.40 150.61 151.12 151.82 152.24 152.52 152.13 151.96 152.23 152.59 152.48 152.47 152.57 152.72 152.72 152.62 152.49 152.40 152.37 152.27 152.25 152.30 152.31 152.34 152.37 152.22 152.20 151.85 152.03 151.69 151.27 151.49 152.07 151.26 152.09 152.41 152.51 152.20 152.53 151.98 152.51 152.59 152.47 152.39 152.50 152.42 152.28 152.37 152.35 152.52 152.43 152.52 152.59 152.66
-27°N ||     152.54 152.28 152.22 152.16 151.72 151.62 152.09 151.35 151.74 152.02 151.94 152.21 152.19 152.30 152.51 152.36 152.50 151.92 152.33 151.89 151.92 151.93 151.83 151.81 151.64 151.53 151.40 151.27 150.84 150.53 150.19 149.87 149.46 149.48 149.30 149.47 149.67 148.29 148.01 146.43 148.55 149.43 149.80 150.22 150.56 150.84 151.05 151.18 151.27 151.42 151.41 151.48 151.26 150.70 150.71 150.81 151.09 151.09 151.02 151.02 150.83 152.18 152.63 152.64 152.62 152.63 152.67 152.64 152.66 152.61 152.63 152.50 152.40 152.43 152.69 152.65 152.72 152.72 152.71 152.71 152.72 152.72 152.73 152.68 152.63 152.48 152.54 152.54 152.31 152.22 152.18 152.32 152.33 152.03 152.15 152.25 152.25 152.04 152.03 152.02 152.23 152.36 152.01 152.20 152.37 152.28 152.43 152.03 151.71 151.93 152.39 152.43 152.59 152.47 152.47 152.52 152.45 152.50 152.56 152.33 152.09 151.91 151.65 151.51 151.37 150.93 150.94 151.00 151.10 151.89 152.54 152.10 152.24 152.33 152.69 152.63 151.80 152.59 152.61 152.17 152.54 152.33 152.27 152.26 152.28 152.29 152.30 152.31 152.25 152.23 152.20 152.02 151.62 151.53 151.41 151.66 152.14 151.35 151.43 151.98 151.69 152.06 152.42 152.41 152.63 152.10 152.54 152.38 152.52 152.59 152.56 152.46 152.18 152.00 152.04 152.32 152.33 152.37 152.57 152.60
-25°N ||     152.56 152.15 152.40 152.21 152.14 152.12 152.23 152.46 152.08 152.32 152.18 152.55 152.55 152.51 152.57 152.45 152.47 152.20 151.91 152.26 151.96 151.85 151.80 151.69 151.57 151.38 151.24 151.08 150.72 150.27 149.92 149.62 149.35 149.16 149.09 148.41 148.81 149.17 148.00 148.35 148.81 149.36 149.87 150.23 150.46 150.73 150.91 151.14 151.28 151.30 151.47 151.52 151.28 150.93 150.09 150.79 151.09 151.25 151.27 151.14 150.47 151.62 152.51 152.54 152.60 152.61 152.61 152.30 152.45 152.54 152.57 152.59 152.61 152.33 152.13 152.67 152.65 152.65 152.43 152.69 152.68 152.68 152.39 152.73 152.56 152.64 152.67 152.67 152.65 152.28 152.50 152.42 152.55 151.98 152.29 152.25 152.26 151.92 151.64 152.21 152.22 152.13 152.20 152.22 152.11 151.80 152.13 151.61 151.43 151.76 152.01 152.11 152.38 152.27 152.53 152.63 152.61 152.68 152.57 152.42 152.24 152.39 152.47 151.73 152.29 151.30 151.65 152.40 152.53 152.69 152.53 152.72 152.72 152.65 152.72 152.47 152.43 152.61 152.01 152.36 152.26 152.11 151.99 152.03 152.11 152.16 152.34 152.22 152.18 152.09 152.05 151.88 151.57 151.22 151.36 151.60 151.90 151.56 151.10 151.49 151.40 151.77 152.11 152.42 152.18 152.21 152.50 152.19 152.42 152.48 152.50 152.25 152.00 152.35 152.44 152.31 152.39 152.62 152.69 152.58
-23°N ||     152.50 152.57 152.23 152.24 152.18 152.25 152.41 152.50 152.56 152.62 152.62 152.59 152.65 152.68 152.57 152.65 151.72 151.94 152.30 152.00 151.99 151.76 151.75 151.66 151.49 151.24 151.02 150.69 150.32 149.95 149.59 149.21 148.99 148.87 148.92 148.85 148.02 148.40 147.93 148.22 148.74 149.33 149.70 149.98 150.23 150.47 150.71 150.94 151.19 151.33 151.58 151.57 151.57 151.26 150.57 150.75 151.05 151.08 151.05 150.74 150.09 151.78 152.41 152.45 152.26 152.39 152.54 152.32 152.55 152.53 152.42 152.65 152.70 152.63 152.47 152.31 152.70 152.65 152.64 152.60 152.60 152.66 152.65 152.41 152.68 152.71 152.72 152.73 152.72 152.14 152.55 152.43 152.58 152.54 152.60 152.32 152.24 152.71 152.07 151.86 152.01 151.83 151.64 151.52 151.76 152.11 151.48 151.44 151.16 151.70 151.92 152.27 152.19 151.92 151.90 152.12 152.51 152.63 152.63 152.72 152.48 152.58 152.44 152.29 152.28 151.78 152.34 152.57 152.70 152.71 152.64 152.62 152.66 152.69 152.42 152.02 151.50 151.65 151.96 152.21 152.04 151.89 151.63 151.76 152.02 152.10 152.17 152.24 152.05 152.00 151.95 151.89 152.05 151.93 151.99 151.54 151.94 151.55 151.23 151.53 151.19 151.91 152.09 152.28 152.28 152.41 152.35 152.41 152.39 152.63 152.37 152.72 152.36 152.42 152.48 152.44 152.32 152.64 152.71 152.58
-21°N ||     152.46 152.51 152.25 152.25 152.23 152.24 152.44 152.72 152.60 152.60 152.52 152.57 152.62 152.52 152.60 152.64 152.44 152.19 152.21 152.04 151.88 151.72 151.67 151.53 151.36 151.15 150.78 150.32 149.81 149.38 149.06 148.69 148.48 148.44 148.58 148.09 148.26 147.56 147.72 148.25 148.64 149.08 149.36 149.64 149.95 150.17 150.49 150.72 150.97 151.17 151.31 151.49 151.53 151.19 150.75 151.01 150.66 150.94 150.66 150.34 150.42 150.75 152.33 152.31 152.36 152.27 152.50 152.56 152.53 152.55 152.54 152.59 152.67 152.72 152.39 152.10 152.49 152.62 152.51 152.46 152.55 152.58 152.62 152.46 152.56 152.45 152.72 152.72 152.72 152.59 152.49 152.59 152.65 152.62 152.44 152.38 152.27 152.00 151.96 152.09 152.17 152.24 151.44 151.76 151.97 151.88 152.06 151.25 151.16 151.57 151.93 151.64 152.03 152.03 152.11 152.30 152.37 152.52 152.66 152.72 152.68 152.59 152.42 152.34 152.66 152.58 152.39 152.45 152.61 152.62 152.61 152.53 152.70 152.42 152.13 151.90 150.96 151.09 151.81 151.71 151.89 151.88 151.58 151.30 152.04 152.14 152.16 152.19 152.19 152.02 151.82 151.61 151.35 151.63 152.22 151.63 151.78 151.72 151.31 151.91 151.80 151.95 151.85 151.85 152.30 152.40 152.54 152.41 152.22 152.66 152.70 152.56 152.60 152.70 152.65 152.42 152.16 152.51 152.51 152.35
-19°N ||     151.92 152.16 152.16 152.02 152.28 152.46 152.61 152.61 152.64 152.72 152.63 152.56 152.62 152.60 152.68 152.58 152.38 152.41 152.07 152.03 151.88 151.67 151.54 151.30 151.13 150.88 150.51 149.84 149.00 148.54 148.25 148.10 147.96 148.07 148.30 146.74 147.95 147.45 147.60 147.91 148.11 148.50 148.81 149.11 149.48 149.84 150.20 150.46 150.77 150.98 151.12 151.22 151.36 151.31 150.93 150.55 150.53 150.52 150.65 150.55 150.22 151.48 152.15 152.12 152.26 152.38 152.58 152.58 152.60 152.53 152.59 152.68 152.72 152.53 151.82 151.77 151.90 152.59 152.31 152.40 152.02 152.46 152.50 152.54 152.34 152.16 152.66 152.72 152.69 152.72 152.71 152.67 152.69 152.65 152.44 152.44 152.23 152.18 152.34 151.79 152.09 152.16 151.61 151.91 151.55 151.85 151.24 151.08 151.54 151.56 151.40 151.73 151.72 151.89 151.99 152.11 152.17 152.13 152.18 152.70 152.73 152.68 152.71 152.71 152.62 152.71 152.54 152.55 152.59 152.53 152.50 152.16 152.03 152.18 152.00 151.74 151.34 151.21 151.57 151.75 151.99 152.02 152.18 152.18 152.08 152.12 152.14 152.16 152.07 151.99 152.11 151.66 151.41 151.49 151.84 151.95 151.86 152.01 151.61 151.95 152.03 151.88 151.79 151.73 152.15 152.17 152.10 152.05 152.50 152.68 152.73 152.70 152.69 152.57 152.71 152.68 152.70 152.68 152.61 151.95
-17°N ||     151.96 151.95 152.05 152.32 152.34 152.50 152.73 152.62 152.71 152.72 152.72 152.64 152.64 152.34 152.66 152.72 152.54 152.52 152.28 151.98 151.85 151.67 151.32 151.04 150.84 150.55 150.08 148.99 148.06 147.49 147.39 147.47 147.65 147.81 147.49 146.85 147.25 147.46 147.33 147.23 147.36 147.79 148.21 148.53 149.05 149.46 149.84 150.13 150.46 150.75 150.87 151.07 151.10 151.17 150.85 150.50 150.01 150.03 150.55 150.45 150.22 151.60 152.11 151.68 152.03 151.54 150.60 152.03 152.56 152.60 152.44 152.55 152.72 152.52 151.80 151.88 151.81 152.55 152.24 152.53 152.33 152.42 152.40 152.41 152.37 152.43 152.59 152.60 152.55 152.71 152.68 152.70 152.70 152.60 152.55 152.49 152.30 152.34 152.08 152.52 152.17 151.98 151.64 151.63 151.61 151.54 151.65 151.20 151.65 151.61 151.75 151.61 151.43 151.43 151.71 151.77 151.92 152.37 152.42 152.10 152.45 152.38 152.48 152.52 152.47 152.67 152.64 152.63 152.54 152.51 152.13 152.15 151.35 151.66 151.77 151.62 151.12 151.14 151.61 151.82 152.06 152.09 152.19 152.27 152.13 152.11 152.09 152.04 152.02 151.82 151.94 151.86 151.57 151.66 151.55 151.60 151.84 152.02 151.85 152.24 152.03 152.00 151.82 151.66 152.40 151.71 151.97 152.16 152.50 152.60 152.71 152.64 152.63 152.52 152.38 152.63 152.67 152.73 152.60 152.63
-15°N ||     152.71 151.95 152.56 152.42 152.61 152.68 152.29 152.57 152.72 152.72 152.71 152.65 152.57 152.59 152.66 152.73 151.96 152.56 152.60 152.07 151.90 151.63 151.36 151.07 150.68 150.18 149.34 147.91 146.44 145.98 146.44 147.02 147.20 147.46 147.61 147.55 147.74 147.78 147.09 146.76 146.74 147.34 147.72 148.08 148.60 149.19 149.60 149.90 150.12 150.28 150.31 150.70 150.90 150.91 150.61 150.50 150.13 151.02 150.39 151.19 151.48 151.77 151.42 150.97 150.46 150.48 150.92 150.37 150.39 152.66 152.64 152.70 152.72 152.69 152.16 152.20 151.96 152.21 152.38 152.44 152.40 152.38 152.44 152.19 152.45 152.49 152.48 152.61 152.65 152.70 152.61 152.72 152.69 152.64 152.56 152.56 152.50 152.37 151.99 152.33 151.86 151.94 151.82 151.52 151.63 151.38 151.51 151.48 151.35 151.42 151.76 151.36 151.20 151.19 151.27 150.96 151.77 152.36 152.37 152.40 152.08 152.40 152.39 152.32 152.45 152.58 152.46 152.62 152.37 152.11 151.96 151.24 151.15 151.20 151.44 151.32 151.10 151.26 151.32 151.69 151.95 152.13 152.11 152.13 152.23 152.15 152.00 152.08 151.84 151.92 151.83 151.98 151.50 151.24 152.03 152.16 151.65 152.12 152.18 152.00 152.05 151.96 151.67 151.86 152.21 152.30 152.21 152.24 152.41 152.70 152.54 151.82 152.26 152.37 152.51 152.22 152.46 151.93 152.57 152.64
-13°N ||     152.66 152.71 152.63 152.49 152.62 152.72 152.64 152.40 152.54 152.43 152.60 152.69 152.69 152.72 152.72 152.73 152.59 152.57 152.49 152.26 152.02 151.69 151.39 151.06 150.57 149.94 148.95 146.94 144.66 144.18 145.43 146.54 146.90 147.00 147.09 147.79 147.56 147.52 146.92 146.65 146.71 147.96 147.24 147.76 148.32 148.85 149.37 149.68 149.92 150.10 150.16 150.88 150.34 151.25 151.54 151.78 151.62 151.21 151.10 150.67 151.13 151.66 151.59 151.80 151.04 151.22 152.07 152.00 152.32 150.76 152.09 152.72 152.69 152.59 152.53 152.14 152.30 151.97 151.71 152.30 152.35 152.34 152.38 152.37 152.55 152.50 152.39 152.56 152.67 152.48 152.64 152.68 152.72 152.70 152.67 152.65 152.57 152.42 152.31 152.31 152.28 152.06 151.75 151.58 151.40 151.77 151.44 151.42 151.30 151.24 151.26 151.41 151.04 151.38 151.29 151.49 151.52 152.16 152.29 152.18 152.24 152.37 152.31 152.30 152.10 152.42 152.46 152.47 152.35 152.21 151.40 151.17 150.89 151.33 151.25 151.43 151.06 151.22 151.79 151.82 152.20 152.13 152.22 152.17 152.22 152.18 151.90 151.78 151.74 151.78 151.76 151.57 151.87 151.51 152.20 152.18 151.80 151.79 152.08 152.17 151.96 152.03 151.74 151.63 151.91 152.54 152.56 152.63 152.72 152.54 152.35 152.09 152.02 152.12 152.17 152.01 151.84 152.13 151.87 152.15
-11°N ||     151.91 152.27 151.83 151.80 152.63 152.70 152.60 152.33 152.53 152.49 152.63 152.65 152.64 152.67 152.70 152.67 152.69 152.66 152.57 152.38 152.11 151.87 151.45 151.06 150.43 149.82 148.91 147.16 144.73 142.87 143.85 146.51 146.79 146.81 146.72 147.39 147.32 147.02 146.55 146.32 146.81 147.18 147.14 147.69 148.15 148.60 149.33 149.54 149.75 149.99 149.89 150.57 152.46 151.91 150.55 150.42 150.47 149.37 149.20 150.28 150.94 151.13 151.40 151.60 152.00 151.91 152.07 152.42 152.39 152.59 150.49 152.10 150.39 152.09 152.41 151.64 151.67 152.05 151.82 151.76 152.27 152.27 152.21 152.33 152.27 152.37 152.15 152.45 152.40 152.57 152.57 152.44 152.72 152.71 152.66 152.68 152.65 152.46 151.65 151.97 152.32 152.36 151.98 151.78 151.68 151.39 151.37 151.44 151.24 151.27 151.63 151.39 151.46 151.21 151.44 151.56 151.49 151.71 152.02 151.85 151.97 152.17 152.14 152.07 151.82 152.36 152.35 152.48 152.35 152.33 152.12 151.48 150.99 151.18 151.13 151.58 151.30 151.69 151.98 152.00 152.31 152.26 152.15 152.23 152.25 152.23 152.14 152.18 151.98 151.96 151.80 151.53 151.19 151.61 151.56 151.77 152.09 152.17 151.97 152.26 152.11 152.45 152.57 152.39 152.52 152.55 152.60 152.71 152.69 152.41 152.25 152.18 151.82 151.93 151.74 151.60 151.59 152.31 152.13 152.45
-9°N ||     152.63 152.46 152.49 152.06 151.80 152.61 152.30 152.52 152.29 152.19 152.50 152.45 152.62 152.66 152.65 152.72 152.70 152.71 152.65 152.46 152.28 151.94 151.63 151.17 150.64 149.96 149.13 148.31 145.11 141.72 141.71 145.43 146.65 146.66 146.74 146.63 147.07 146.85 146.90 146.58 146.73 147.39 149.11 150.74 149.64 148.67 149.27 149.87 149.82 150.24 151.40 151.20 151.30 150.33 151.49 149.88 148.97 150.63 149.62 150.86 151.11 151.25 151.77 151.76 152.13 152.26 151.93 152.25 151.46 152.28 150.48 150.38 150.32 150.79 151.13 151.64 152.24 151.96 151.91 151.15 151.76 152.29 152.14 152.10 152.18 152.11 151.92 152.40 152.33 152.31 152.16 152.66 152.66 152.69 152.72 152.65 152.69 152.59 152.21 152.14 152.35 152.11 151.89 152.02 151.99 151.63 151.39 151.71 152.49 152.68 151.48 151.69 151.60 151.67 151.64 151.52 151.54 151.61 151.84 151.90 151.86 151.72 151.90 151.74 151.71 151.82 152.05 152.31 152.35 152.36 152.11 151.78 151.02 151.74 151.73 151.24 151.96 152.15 151.70 152.06 152.31 152.34 152.44 152.32 152.32 152.18 152.12 152.40 152.33 152.04 151.41 151.60 151.20 151.84 152.17 152.06 152.22 152.48 152.23 152.30 152.61 152.57 152.32 152.68 152.69 152.32 152.37 152.51 152.29 152.23 152.08 151.89 151.70 151.12 151.37 151.42 152.06 152.28 152.17 152.34
-7°N ||     152.26 152.32 152.42 152.42 151.31 151.61 152.14 152.03 151.57 151.90 152.05 152.32 152.50 152.51 152.54 152.48 152.57 152.72 152.71 152.59 152.39 152.10 151.80 151.30 150.79 150.27 149.61 149.00 145.76 142.79 143.47 144.87 146.32 146.58 146.76 146.99 146.55 146.58 147.03 146.60 149.95 150.33 147.67 151.47 150.75 150.52 151.11 152.28 150.74 151.47 150.82 149.54 151.94 150.74 152.37 152.06 151.81 151.35 150.69 151.29 151.41 151.44 151.71 151.87 152.25 151.71 151.27 151.84 152.35 152.47 151.70 150.33 150.37 150.69 150.47 150.75 151.24 152.12 152.17 151.90 151.83 152.00 151.93 152.21 152.13 152.22 152.38 152.49 152.50 152.46 152.52 152.40 152.66 152.69 152.70 152.68 152.68 152.67 152.43 152.51 151.90 151.85 151.95 152.03 151.44 151.85 151.98 151.72 151.71 151.75 151.92 151.90 152.01 151.41 151.51 151.53 151.52 151.96 152.00 151.85 151.52 151.38 151.45 151.27 151.65 152.07 151.89 152.03 152.35 152.35 152.28 152.18 151.36 151.28 151.64 151.81 151.86 151.94 151.83 152.14 152.35 152.31 152.50 152.48 152.46 152.49 152.51 152.55 152.54 152.64 151.23 151.08 151.25 151.85 151.48 152.43 152.60 152.59 152.71 152.72 152.58 152.31 152.43 152.54 152.03 151.71 151.98 151.75 151.72 151.77 151.72 151.74 151.55 151.29 151.08 151.07 151.59 151.86 152.01 152.24
-5°N ||     152.18 152.05 151.91 151.97 152.23 151.24 151.33 151.36 151.19 151.79 152.08 152.53 152.34 152.26 152.04 151.89 151.89 152.30 152.72 152.72 152.58 152.37 152.06 151.60 151.16 150.64 150.10 149.22 148.03 146.40 145.10 145.33 146.34 146.48 146.85 147.13 147.11 148.15 147.43 146.80 147.17 147.50 147.96 152.00 150.53 152.18 150.27 151.19 150.49 149.78 149.36 152.11 151.77 152.26 152.14 149.93 150.30 151.31 152.40 151.42 151.64 151.77 151.85 151.91 152.39 152.16 152.62 152.32 152.42 152.58 152.72 152.25 151.04 152.57 152.59 151.07 150.67 150.94 152.41 152.23 151.27 151.66 151.75 151.94 152.03 152.25 152.43 152.41 152.24 152.40 152.50 152.56 152.45 152.64 152.70 152.65 152.68 152.70 152.72 152.72 152.39 151.70 151.86 152.01 152.25 152.03 151.94 151.88 151.98 151.84 152.28 152.33 152.22 151.62 151.47 151.52 151.31 151.51 151.28 151.78 151.52 151.78 151.58 151.59 151.80 151.65 152.07 151.84 152.25 152.30 152.21 151.78 151.88 151.44 151.81 151.97 152.18 152.14 152.23 152.33 152.25 152.42 152.65 152.67 152.55 152.60 152.71 152.71 152.56 152.44 152.02 151.68 152.27 152.23 152.17 152.51 151.92 152.56 150.73 151.83 152.13 152.45 152.36 151.94 151.94 151.46 151.44 151.55 151.55 151.43 151.37 151.40 151.15 151.17 151.18 151.11 151.07 151.36 151.68 151.96
-3°N ||     151.94 152.01 151.72 151.67 151.87 150.90 150.89 151.05 151.54 151.35 152.32 152.69 151.87 151.24 151.33 151.15 152.41 152.71 152.34 152.63 152.72 152.57 152.49 152.09 151.56 151.06 150.56 149.67 148.98 147.68 146.68 146.49 146.19 146.16 146.96 147.41 147.76 147.95 148.01 147.59 147.40 148.00 148.40 149.31 149.61 149.67 150.30 150.34 150.17 149.85 149.62 149.40 149.91 151.36 151.07 150.44 151.02 151.49 151.78 151.62 151.62 152.19 152.17 152.23 152.41 152.48 152.37 152.63 152.69 152.72 152.65 152.55 150.33 152.16 152.28 151.25 151.60 151.43 152.03 151.94 151.73 151.73 151.28 151.65 151.99 152.14 152.03 152.24 152.26 152.33 152.39 152.51 152.58 152.60 152.67 152.68 152.69 152.69 152.69 152.68 152.55 152.15 152.03 152.16 152.35 152.00 152.11 152.26 152.21 152.21 152.38 152.37 152.15 151.92 151.79 151.40 151.13 152.15 151.93 151.83 151.75 151.84 151.69 151.95 151.57 151.87 151.66 152.21 152.26 152.41 152.10 152.21 152.13 152.02 152.33 152.58 152.05 152.51 152.44 152.26 152.43 152.48 152.72 152.73 152.64 152.66 152.71 152.67 152.54 152.37 151.95 152.13 152.05 152.20 152.34 152.71 151.79 151.92 151.81 152.24 151.76 151.88 151.93 152.03 151.80 151.40 151.61 151.92 151.17 151.12 151.16 151.04 150.99 150.94 150.96 150.95 151.02 151.15 151.54 151.62
-1°N ||     151.52 151.62 151.55 151.33 151.22 150.87 150.85 151.12 151.26 151.95 152.45 152.72 151.83 151.30 150.93 151.68 152.30 151.98 152.12 152.61 152.68 152.72 152.67 152.43 152.02 151.37 150.78 150.10 149.41 148.68 147.63 147.05 145.66 144.18 147.19 147.64 147.93 148.22 148.40 148.45 148.51 149.37 149.74 150.05 150.31 150.85 151.15 151.34 151.57 151.70 150.88 152.25 151.47 150.45 150.58 150.86 151.61 151.90 151.98 152.46 152.22 152.39 152.38 152.39 152.54 152.60 152.59 152.32 152.40 152.62 151.85 152.49 150.73 150.63 151.79 151.78 151.98 151.92 151.84 151.56 151.05 151.22 151.39 151.89 151.83 151.88 152.05 152.24 152.35 152.39 152.35 152.24 152.48 152.53 152.65 152.68 152.66 152.69 152.70 152.69 152.58 152.48 152.36 152.22 152.36 152.32 152.28 152.40 152.43 152.47 152.55 152.54 152.08 151.89 151.87 151.59 151.32 152.20 152.04 152.01 152.04 151.71 151.77 151.61 151.92 151.97 152.12 152.23 152.56 152.51 152.29 151.83 152.28 152.34 152.57 152.65 152.57 152.53 152.49 152.38 152.51 152.59 152.70 152.70 152.69 152.63 152.67 152.44 152.63 152.39 152.29 152.37 152.68 152.71 152.69 151.97 151.56 151.34 151.59 151.64 151.19 151.39 151.74 151.78 151.37 151.53 151.97 151.55 151.20 151.08 151.04 151.01 151.00 150.93 150.91 150.94 151.09 151.08 151.27 151.44
1°N ||     151.40 151.58 151.32 151.01 151.12 150.99 150.84 150.87 151.21 151.73 152.35 152.32 151.45 150.94 150.91 151.26 151.55 151.76 152.59 152.29 152.59 152.59 152.68 152.29 151.88 151.74 151.16 150.30 149.51 149.23 148.80 148.25 146.06 143.50 144.41 147.95 148.12 148.26 148.60 148.96 149.38 149.72 149.97 150.30 150.69 151.17 151.47 151.78 152.21 152.34 151.34 150.39 150.21 150.60 150.90 151.46 151.85 152.19 152.24 152.49 152.33 152.50 152.71 152.50 152.58 152.63 152.57 151.94 152.72 152.65 152.36 150.82 150.35 150.39 152.18 151.97 151.94 151.84 152.12 150.93 152.14 150.98 151.64 151.97 151.65 151.72 152.01 152.27 152.15 152.36 152.38 152.30 152.45 152.46 152.51 152.66 152.69 152.71 152.72 152.68 152.67 152.69 152.60 152.44 152.42 152.27 152.30 152.62 152.54 152.52 152.47 152.25 152.30 152.24 151.93 151.77 152.05 152.03 151.79 152.14 151.98 151.86 151.93 151.96 151.96 152.05 152.20 152.37 152.40 152.54 152.66 152.63 152.69 152.68 152.53 152.70 152.67 152.69 152.70 152.67 152.68 152.69 152.57 152.58 152.51 152.67 152.64 152.63 152.66 152.51 152.63 152.65 152.23 152.11 152.04 151.92 151.52 151.30 151.41 151.21 151.37 151.36 151.51 151.26 151.31 151.49 151.72 151.27 151.14 151.09 151.03 150.99 150.99 150.96 150.94 150.94 150.93 151.00 151.08 151.20
3°N ||     150.92 151.02 150.98 150.88 150.77 150.73 150.76 150.84 150.95 151.71 151.93 151.84 150.88 150.76 150.78 150.98 151.16 152.24 152.27 151.99 152.23 152.70 152.60 152.16 151.62 152.21 151.61 149.74 149.55 149.64 149.51 149.64 149.15 145.79 147.28 148.27 148.03 148.15 148.68 149.16 149.59 149.84 150.04 150.03 151.08 151.49 151.91 152.17 152.40 152.54 152.58 151.87 151.34 151.55 151.88 152.16 152.32 152.40 152.46 152.62 152.54 152.52 152.34 152.71 152.64 152.69 152.72 152.62 152.59 152.37 152.27 152.06 150.45 150.33 150.70 151.01 150.86 151.08 151.31 151.31 151.85 152.03 151.61 151.83 151.96 151.60 152.09 152.34 152.22 152.26 152.15 152.29 152.34 152.45 152.53 152.64 152.66 152.72 152.70 152.73 152.71 152.73 152.73 152.69 152.67 152.41 152.57 152.70 152.69 152.47 152.57 152.42 152.15 152.12 152.01 152.32 152.18 152.18 151.94 152.17 152.04 151.93 151.91 152.02 152.04 152.10 152.29 152.40 152.55 152.61 152.58 152.23 151.89 151.69 151.26 151.80 152.66 152.70 152.72 152.65 152.64 152.50 152.43 152.54 152.58 152.70 152.72 152.70 152.65 152.51 152.63 151.95 152.06 152.24 152.14 151.58 151.41 151.27 151.22 151.13 151.42 151.14 151.23 151.16 151.20 151.40 151.32 151.17 151.13 151.10 151.08 151.01 150.99 150.98 150.98 150.95 150.93 150.91 150.89 150.88
5°N ||     150.93 150.83 150.74 150.84 150.69 150.68 150.73 150.76 150.85 151.20 151.41 151.53 150.74 150.64 150.64 150.75 151.54 152.41 151.61 151.80 152.39 152.67 152.35 152.04 152.26 152.35 152.17 151.09 149.67 149.57 149.79 150.20 150.46 150.14 149.26 148.63 147.86 147.67 148.81 149.44 149.86 150.09 150.21 149.98 151.27 151.96 152.25 152.44 152.64 152.66 152.59 152.23 152.22 152.43 152.55 152.59 152.62 152.63 152.66 152.71 152.67 152.66 152.48 152.54 152.67 152.70 152.60 152.55 152.51 152.20 151.73 150.70 151.69 151.06 150.41 150.61 151.11 151.72 151.88 151.83 152.05 151.78 151.98 151.85 151.55 151.89 151.96 152.28 152.20 152.28 152.33 152.31 152.53 152.56 152.58 152.60 152.62 152.61 152.66 152.72 152.68 152.73 152.73 152.73 152.72 152.72 152.72 152.71 152.72 152.40 152.50 151.97 152.12 152.04 152.18 152.07 152.10 152.21 152.16 152.15 152.05 151.95 151.87 151.92 152.35 152.17 152.28 152.47 152.64 152.72 152.22 150.39 150.32 150.32 150.33 150.45 151.12 152.09 152.37 152.41 152.48 152.26 152.39 152.58 152.54 152.71 152.72 152.69 152.58 152.62 151.98 152.08 151.90 151.85 151.70 151.64 151.34 151.23 151.15 151.13 151.17 151.21 151.15 151.15 151.15 151.16 151.16 151.18 151.13 151.13 151.13 151.07 151.03 151.01 151.00 150.96 150.93 150.91 150.89 150.85
7°N ||     150.87 150.81 150.77 150.75 150.69 150.67 150.68 150.70 150.75 150.95 151.23 150.92 150.62 150.56 150.55 150.72 151.69 151.20 151.30 151.75 152.60 152.70 152.72 152.66 152.60 152.57 152.35 151.73 149.27 149.44 149.79 150.59 150.87 150.63 150.01 149.09 146.90 146.88 149.30 149.80 150.10 150.29 150.42 150.69 151.76 152.09 152.32 152.54 152.69 152.71 152.57 152.53 152.61 152.60 152.60 152.62 152.68 152.71 152.73 152.72 152.69 152.73 152.59 152.72 152.66 152.52 152.43 152.34 152.27 152.01 151.56 150.65 150.31 150.69 150.37 151.61 151.71 151.82 151.20 151.12 151.31 151.85 151.77 151.68 151.88 152.13 152.11 152.29 152.18 152.36 152.29 152.35 152.39 152.26 152.59 152.63 152.67 152.55 152.70 152.72 152.72 152.72 152.72 152.68 152.72 152.72 152.66 152.59 152.73 152.68 152.51 152.33 152.31 151.90 152.01 152.09 152.01 152.16 152.17 152.19 152.02 152.07 151.90 152.30 152.51 152.10 152.29 152.53 152.71 152.05 150.44 150.31 150.31 150.31 150.31 150.34 150.36 150.66 152.02 152.07 152.00 152.19 152.47 152.42 152.70 152.66 152.72 152.68 152.72 152.71 152.11 151.75 151.66 151.52 151.41 151.47 151.20 151.13 151.19 151.12 151.09 151.19 151.15 151.17 151.13 151.14 151.17 151.18 151.20 151.19 151.17 151.24 151.09 151.03 151.06 150.95 150.90 150.88 150.86 150.83
9°N ||     150.80 150.75 150.88 150.83 150.66 150.67 150.66 150.69 150.62 150.86 151.09 150.67 150.54 150.50 150.53 150.88 151.17 150.90 151.35 152.19 152.34 152.55 152.62 152.70 152.73 152.66 152.51 151.84 149.84 149.74 150.33 151.14 151.13 151.31 150.91 149.56 146.27 144.49 148.58 150.09 150.27 150.50 150.74 151.12 151.69 152.10 152.37 152.59 152.70 152.70 152.56 152.51 152.60 152.69 152.67 152.68 152.71 152.73 152.72 152.68 152.61 152.66 152.65 152.60 152.63 152.37 151.99 151.93 151.84 151.39 150.64 150.59 150.66 150.32 151.26 151.31 151.22 151.37 151.07 151.70 151.70 151.80 151.88 151.77 151.67 151.90 152.01 151.84 152.02 151.99 152.24 152.32 152.44 152.37 152.50 152.23 152.54 152.66 152.69 152.56 152.47 152.71 152.64 152.61 152.69 152.70 152.66 152.69 152.68 152.62 152.59 152.56 152.50 152.59 152.41 152.21 152.12 152.16 152.16 151.92 152.10 152.04 151.81 152.66 152.19 152.11 152.39 152.65 152.61 151.18 150.37 150.31 150.31 150.31 150.31 150.31 150.33 150.42 150.81 151.36 151.71 151.72 152.48 152.63 152.64 152.68 152.46 152.27 152.40 152.38 151.87 151.50 151.31 151.51 151.22 151.09 151.18 151.19 151.28 151.26 150.95 151.35 151.39 151.31 151.20 151.15 151.28 151.24 151.35 151.32 151.32 151.12 151.10 151.03 151.09 150.96 150.90 150.86 150.83 150.83
11°N ||     150.74 150.75 150.78 150.77 150.61 150.61 150.58 150.60 150.51 150.56 150.65 150.47 150.45 150.47 150.50 150.54 150.85 150.84 151.36 151.94 152.17 152.33 152.56 152.69 152.72 152.67 152.45 151.81 151.14 151.42 151.36 151.36 151.39 151.41 151.51 151.39 146.94 141.53 142.96 150.09 150.43 150.68 150.97 151.32 151.70 152.14 152.47 152.63 152.72 152.71 152.60 152.49 152.51 152.73 152.71 152.71 152.73 152.72 152.70 152.65 152.58 152.69 152.72 152.45 152.32 152.08 151.59 151.32 151.11 151.25 150.33 150.46 151.29 150.31 150.83 151.36 150.51 151.54 151.71 151.47 151.75 151.84 151.98 152.06 151.89 151.83 151.67 151.83 151.90 151.96 152.23 152.29 152.27 152.28 152.12 152.50 152.25 152.67 152.63 152.60 152.66 152.66 152.64 152.63 152.70 152.72 152.26 152.64 152.58 152.59 152.68 152.67 152.65 152.70 152.56 152.24 152.12 152.30 152.44 152.07 152.22 152.14 151.98 151.88 152.02 152.34 152.57 152.72 152.27 150.88 150.31 150.31 150.32 150.31 150.31 150.31 150.35 150.38 150.62 151.14 151.41 152.41 152.20 152.33 152.50 152.13 151.83 151.64 151.65 151.58 151.38 151.16 150.97 150.94 151.09 151.00 151.10 151.10 151.33 151.45 151.61 151.79 151.73 151.67 151.56 151.49 151.47 151.47 151.44 151.18 151.90 151.29 151.13 151.13 151.12 150.90 150.87 150.88 151.27 150.84
13°N ||     150.82 150.69 151.03 151.06 150.61 150.63 150.55 150.51 150.49 150.46 150.43 150.39 150.40 150.41 150.44 150.52 150.62 150.90 151.99 151.90 152.08 152.43 152.59 152.68 152.72 152.62 152.46 152.21 151.61 151.62 151.51 151.51 151.51 151.61 151.78 151.91 151.21 143.32 144.53 149.22 150.25 150.91 151.26 151.51 148.59 152.33 152.56 152.68 152.73 152.71 152.57 152.50 152.48 152.72 152.73 152.73 152.71 152.68 152.65 152.61 152.59 152.55 152.36 152.53 152.13 151.45 151.16 150.94 150.83 150.42 150.36 150.49 150.88 150.98 151.17 150.55 151.05 151.21 151.72 152.02 152.04 151.81 151.97 151.88 151.90 151.91 150.39 151.88 151.09 152.01 152.26 152.22 152.21 152.00 152.05 152.52 152.51 152.47 152.39 152.36 152.42 152.69 152.72 152.70 152.68 152.63 152.65 152.53 152.23 152.66 152.72 152.69 152.71 152.70 152.65 152.56 152.43 152.50 152.58 152.55 152.42 152.24 152.18 152.20 152.27 152.42 152.65 152.67 151.92 150.79 150.31 150.31 150.31 150.31 150.32 150.31 150.33 150.36 150.52 150.95 151.19 151.83 151.75 151.66 151.68 151.57 151.59 151.16 151.31 151.05 150.96 150.89 150.74 150.65 150.63 150.82 150.89 151.13 151.50 151.93 152.32 152.47 152.26 152.24 152.02 151.86 151.79 151.60 151.64 151.60 151.55 151.76 151.15 151.17 151.06 151.04 150.89 150.96 151.75 151.19
15°N ||     150.82 150.67 150.66 150.53 150.56 150.62 150.50 150.43 150.41 150.39 150.36 150.32 150.33 150.35 150.35 150.45 150.85 151.27 151.82 151.86 152.53 150.95 146.42 145.81 148.30 152.56 152.38 152.32 152.14 151.77 151.70 151.61 151.63 151.71 151.79 151.88 151.90 150.78 148.77 149.17 150.47 151.10 151.49 151.72 152.09 152.51 152.62 152.71 152.73 152.71 152.61 152.50 152.43 152.69 152.71 152.72 152.70 152.65 152.60 152.59 152.55 152.55 152.58 152.31 151.38 151.05 150.86 150.73 150.70 150.42 150.31 150.45 150.59 150.78 150.52 150.87 151.10 151.19 151.38 151.50 151.37 151.79 152.34 150.78 151.77 151.87 151.80 151.90 151.89 151.87 151.26 151.79 152.11 152.22 152.13 152.37 152.33 152.27 152.21 152.09 152.22 152.29 152.63 152.66 152.62 152.60 152.61 152.15 152.42 152.68 152.71 152.71 152.66 152.70 152.69 152.66 152.55 152.49 152.55 152.55 152.44 152.49 152.39 152.44 152.43 152.59 152.70 152.49 151.45 150.31 150.31 150.31 150.31 150.31 150.31 150.31 150.34 150.36 150.48 150.80 151.03 151.15 151.32 151.37 151.41 151.36 151.25 151.11 150.86 150.79 150.70 150.62 150.61 150.56 150.55 150.58 150.81 151.18 151.78 152.29 152.56 152.67 152.72 152.67 152.58 152.22 152.01 151.85 151.83 151.73 151.66 151.61 151.39 151.20 151.15 151.10 151.01 150.82 151.32 150.38
17°N ||     150.70 150.60 150.57 150.50 150.85 150.50 150.48 150.43 150.36 150.35 150.32 150.31 150.31 150.31 150.31 150.68 151.06 151.16 151.58 151.56 152.37 145.45 141.81 140.91 143.39 150.34 152.35 152.33 152.49 152.17 151.95 151.72 151.67 151.74 151.81 151.90 151.92 151.75 150.74 150.62 151.09 151.31 151.57 151.81 152.15 152.53 152.67 152.72 152.72 152.69 152.64 152.44 152.48 152.70 152.73 152.60 152.67 152.62 152.60 152.57 152.52 152.43 152.23 151.60 151.26 150.82 150.66 150.51 150.38 150.35 150.48 150.34 150.40 150.51 150.45 150.75 151.02 150.97 151.10 151.51 151.70 152.07 151.63 151.22 151.90 151.82 151.79 150.55 151.81 151.59 151.82 151.87 152.11 152.23 152.11 151.99 152.09 152.08 152.08 151.91 151.94 152.11 152.44 152.52 152.29 152.34 152.33 152.37 152.70 152.72 152.71 152.70 152.72 152.72 152.71 152.69 152.61 152.26 152.49 152.56 152.58 152.57 152.55 152.58 152.61 152.67 152.62 152.38 151.31 150.34 150.31 150.31 150.31 150.31 150.31 150.31 150.33 150.40 150.47 150.60 150.78 150.72 150.86 150.86 150.89 150.75 150.72 150.66 150.59 150.53 150.49 150.50 150.49 150.44 150.46 150.47 150.62 151.20 151.77 152.49 152.70 152.71 152.62 152.63 152.72 152.45 152.16 152.08 152.08 151.94 151.76 151.56 151.37 151.22 151.25 151.08 150.78 150.79 150.88 150.72
19°N ||     150.70 150.57 150.50 150.47 150.44 150.49 150.47 150.40 150.34 150.31 150.31 150.31 150.31 150.31 150.31 150.59 150.99 151.33 152.12 151.80 152.57 145.56 141.87 141.17 142.96 150.67 152.53 152.60 152.63 152.57 152.21 151.84 151.62 151.57 151.59 151.83 151.96 151.95 151.55 151.40 151.48 151.54 151.63 151.80 152.05 152.42 152.69 152.73 152.71 152.68 152.64 152.40 152.58 152.51 152.73 152.71 152.66 152.63 152.57 152.56 152.39 152.43 151.99 151.27 150.87 150.63 150.41 150.36 150.31 150.31 150.31 150.31 150.31 150.34 150.38 150.68 150.80 150.77 150.52 151.35 151.60 151.79 151.64 151.59 150.57 151.96 151.85 152.07 151.84 151.77 151.75 151.74 151.37 151.96 152.00 151.89 151.97 151.97 151.99 151.92 151.89 152.23 151.10 152.25 152.06 152.47 152.60 152.39 152.63 152.66 152.70 152.71 152.70 152.70 152.71 152.72 152.54 152.57 152.54 152.67 152.71 152.73 152.59 152.62 152.65 152.70 152.67 152.67 151.87 150.90 150.44 150.31 150.32 150.32 150.32 150.35 150.35 150.37 150.42 150.47 150.48 150.48 150.42 150.48 150.47 150.48 150.42 150.41 150.40 150.37 150.35 150.37 150.35 150.34 150.35 150.43 150.55 151.20 152.08 152.64 152.67 152.48 152.40 152.55 152.55 151.94 152.46 152.31 152.19 152.05 151.84 151.60 151.38 151.22 151.16 150.91 151.25 150.70 150.74 150.64
21°N ||     150.46 150.49 150.52 150.40 150.35 150.35 150.36 150.32 150.31 150.31 150.31 150.31 150.32 150.32 150.32 150.58 151.00 151.86 152.10 151.65 152.06 147.67 145.22 144.29 146.22 152.23 152.71 152.72 152.70 152.61 152.38 152.00 151.61 151.39 151.23 151.14 151.92 151.94 151.80 151.68 151.65 151.66 151.71 151.83 152.05 152.41 152.58 152.73 152.72 152.69 152.68 152.54 152.36 152.16 152.69 152.71 152.70 152.65 152.63 152.51 152.43 152.36 151.66 151.20 150.80 150.35 150.31 150.31 150.31 150.31 150.31 150.32 150.31 150.34 150.34 150.53 150.59 150.57 150.90 151.34 151.41 151.13 151.43 151.61 151.97 151.68 151.46 151.81 151.76 151.65 151.78 151.78 151.91 151.95 151.74 151.84 151.94 151.90 151.90 151.91 151.80 152.18 152.36 152.03 152.45 152.34 152.02 152.71 152.61 152.36 152.73 152.67 152.71 152.70 152.65 152.71 152.67 152.67 152.16 152.73 152.73 152.73 152.49 152.55 152.65 152.70 152.69 152.68 152.53 152.03 151.02 150.85 150.51 150.44 150.45 150.36 150.36 150.36 150.36 150.38 150.36 150.32 150.32 150.32 150.31 150.32 150.31 150.31 150.31 150.31 150.31 150.31 150.31 150.32 150.32 150.31 150.39 151.08 152.19 152.72 152.40 152.26 152.19 152.16 152.47 152.71 152.64 152.50 152.34 152.11 151.81 151.61 151.41 151.27 151.03 150.97 151.28 150.65 150.65 150.57
23°N ||     150.45 150.42 150.40 150.35 150.33 150.31 150.31 150.31 150.31 150.32 150.32 150.32 150.32 150.32 150.32 150.53 151.18 152.00 151.67 151.37 151.35 151.30 150.14 149.91 152.48 152.56 152.71 152.72 152.72 152.57 152.32 152.02 151.69 151.29 151.05 150.98 151.69 151.95 151.89 151.68 151.67 151.48 151.73 151.88 151.90 152.52 152.64 152.71 152.73 152.72 152.70 152.66 152.55 152.28 152.50 152.61 152.08 151.05 151.36 152.11 152.31 152.53 151.59 151.15 150.73 150.35 150.31 150.31 150.32 150.32 150.32 150.32 150.31 150.46 150.31 150.40 150.39 150.38 150.46 150.88 151.29 151.71 151.97 151.69 151.86 151.74 151.71 151.67 151.70 151.89 151.63 151.58 151.68 151.81 151.58 151.52 151.33 152.10 151.67 151.71 151.89 152.12 152.33 152.12 152.09 152.18 152.19 152.39 152.63 152.52 152.68 152.72 152.72 152.71 152.69 152.71 152.68 152.67 152.30 152.72 152.73 152.69 152.44 152.62 152.68 152.66 152.71 152.69 152.67 152.39 151.98 151.56 151.16 150.86 150.59 150.42 150.37 150.34 150.32 150.31 150.33 150.31 150.31 150.32 150.32 150.33 150.33 150.33 150.35 150.33 150.34 150.33 150.32 150.32 150.33 150.32 150.31 150.90 152.24 152.72 152.48 152.20 152.05 150.57 151.39 152.49 152.72 152.57 152.31 152.10 151.82 151.58 151.32 151.13 150.89 151.04 150.74 150.66 150.89 150.48
25°N ||     150.40 150.38 150.39 150.31 150.31 150.31 150.31 150.31 150.32 150.32 150.33 150.33 150.33 150.33 150.33 150.48 151.38 151.77 151.67 151.89 151.31 151.47 151.51 151.53 152.00 152.44 152.70 152.71 152.69 152.48 152.17 151.93 151.55 151.21 150.99 150.51 150.57 151.86 151.93 151.67 151.75 151.68 151.77 151.07 152.13 152.53 152.68 152.71 152.72 152.73 152.70 152.70 152.66 152.12 152.70 152.69 152.67 152.68 151.93 150.88 150.77 151.96 151.35 150.56 150.38 150.31 150.32 150.32 150.33 150.33 150.33 150.33 150.32 150.32 150.36 150.31 150.31 150.31 150.31 150.58 150.81 151.46 151.62 151.38 151.38 151.58 151.49 151.58 151.55 151.80 151.64 151.36 151.59 151.58 151.56 151.25 151.45 151.64 151.78 151.66 152.16 152.12 151.95 152.10 152.17 151.80 151.96 152.42 152.25 152.37 152.63 152.54 152.58 152.48 152.32 152.72 152.69 152.54 152.60 152.40 152.60 152.57 152.55 152.68 152.69 152.71 152.70 152.57 152.61 152.71 152.14 151.52 151.54 151.09 150.55 150.37 150.33 150.31 150.31 150.31 150.33 150.33 150.34 150.36 150.39 150.42 150.44 150.45 150.44 150.42 150.40 150.39 150.39 150.38 150.36 150.34 150.32 150.32 151.67 152.58 152.44 152.16 150.62 144.20 150.35 152.41 152.72 152.53 152.33 152.06 151.63 151.63 151.26 151.05 150.78 150.74 150.64 150.66 150.50 150.45
27°N ||     150.33 150.32 150.31 150.36 150.31 150.36 150.32 150.33 150.33 150.33 150.33 150.33 150.33 150.33 150.33 150.37 151.21 151.73 151.65 151.72 151.80 151.68 152.34 152.13 152.09 152.34 152.54 152.72 152.60 152.40 152.07 151.79 151.49 151.14 150.53 150.45 150.76 152.00 152.14 151.83 151.96 151.94 151.97 151.07 151.86 152.52 152.65 152.69 152.71 152.66 152.59 152.64 152.63 152.54 152.23 151.94 152.01 151.63 151.46 150.74 151.29 152.15 150.40 150.32 150.31 150.31 150.31 150.32 150.34 150.34 150.33 150.33 150.34 150.33 150.31 150.33 150.31 150.31 150.32 150.32 150.59 150.83 151.02 151.13 151.09 151.36 151.56 151.65 151.54 151.52 151.47 151.43 151.53 151.61 151.48 151.66 151.40 151.50 151.90 152.15 151.39 152.24 151.97 151.95 152.50 151.55 152.64 152.29 152.24 152.47 152.49 152.42 152.46 152.47 152.59 152.50 152.50 152.10 152.64 152.70 152.71 152.45 152.68 152.72 152.59 152.59 152.45 152.61 152.36 152.69 152.04 151.73 151.24 150.68 150.39 150.31 150.32 150.32 150.33 150.35 150.36 150.40 150.42 150.48 150.53 150.55 150.57 150.55 150.54 150.51 150.49 150.49 150.44 150.41 150.37 150.35 150.33 150.31 150.68 152.53 152.63 152.29 151.64 151.00 151.66 152.69 152.59 152.38 152.21 151.95 151.84 151.29 151.09 150.91 150.71 150.58 150.58 150.53 150.45 150.37
29°N ||     150.31 150.31 150.31 150.32 150.33 150.33 150.33 150.34 150.34 150.34 150.34 150.34 150.34 150.33 150.34 150.33 150.47 151.38 151.88 151.83 151.82 151.74 152.36 152.46 151.87 152.19 152.70 152.70 152.55 152.29 152.00 151.70 151.48 151.11 149.97 150.34 151.26 152.00 152.10 151.96 152.18 152.22 152.19 152.26 152.41 152.54 152.66 152.70 152.70 152.55 152.59 152.69 152.70 152.52 152.44 152.32 152.29 151.74 151.57 151.18 151.25 150.82 150.45 150.60 150.84 150.34 150.31 150.32 150.34 150.35 150.34 150.36 150.35 150.36 150.35 150.34 150.33 150.33 150.34 150.35 150.34 150.49 150.68 150.88 150.80 151.24 151.43 150.45 151.39 151.50 151.34 151.10 151.39 151.38 151.67 151.58 151.41 151.45 151.84 151.84 152.05 151.86 151.98 151.92 152.24 152.38 152.61 152.49 152.42 152.62 152.45 152.49 152.23 151.87 151.97 151.99 152.44 152.71 152.72 152.73 152.68 152.72 152.69 152.70 152.55 152.54 152.10 151.79 151.85 151.59 151.39 151.09 150.60 150.42 150.32 150.32 150.33 150.35 150.38 150.42 150.47 150.51 150.59 150.64 150.67 150.73 150.71 150.63 150.67 150.61 150.58 150.53 150.48 150.43 150.40 150.38 150.35 150.33 150.38 151.65 152.56 152.71 152.48 152.45 152.66 152.52 152.33 152.20 152.06 151.88 151.40 151.16 150.90 150.71 150.55 150.45 150.44 150.41 150.33 150.31
31°N ||     150.32 150.32 150.33 150.33 150.34 150.34 150.34 150.35 150.36 150.35 150.35 150.35 150.36 150.35 150.35 150.34 150.36 150.65 150.93 151.01 151.28 151.43 151.85 151.93 151.63 152.66 152.73 152.67 152.45 152.23 151.95 151.84 151.41 151.15 150.69 150.74 151.29 152.05 152.08 152.08 152.24 152.32 152.42 152.42 152.50 152.59 152.66 152.71 152.68 152.42 152.69 152.71 152.72 152.70 152.68 152.61 152.44 152.37 152.12 151.30 151.54 150.92 150.73 150.57 150.38 150.37 150.31 150.31 150.32 150.35 150.36 150.36 150.37 150.39 150.38 150.41 150.35 150.36 150.38 150.36 150.35 150.34 150.37 150.46 150.54 150.78 151.17 151.48 151.26 151.15 151.09 151.25 151.39 151.51 150.95 151.30 151.55 151.81 151.90 151.59 152.06 152.01 151.81 151.83 152.11 152.19 152.53 152.49 152.40 152.52 152.58 152.60 152.24 152.01 152.10 152.12 152.54 152.70 152.63 152.56 152.66 152.14 152.72 152.71 152.58 152.70 152.30 151.58 151.72 151.39 151.04 150.58 150.49 150.32 150.31 150.33 150.36 150.40 150.48 150.55 150.59 150.66 150.87 150.76 150.83 150.86 150.84 150.79 150.75 150.69 150.61 150.57 150.62 150.47 150.47 150.43 150.39 150.36 150.31 150.51 151.54 152.08 152.34 152.40 152.23 152.38 151.98 151.98 151.87 151.70 152.05 150.31 150.62 151.35 150.39 150.64 150.32 150.32 150.31 150.32
33°N ||     150.35 150.38 150.34 150.34 150.35 150.35 150.35 150.36 150.36 150.36 150.36 150.37 150.37 150.37 150.38 150.37 150.36 150.35 150.68 151.50 151.31 151.33 151.22 151.40 152.40 152.72 152.72 152.62 152.47 152.09 151.83 151.59 151.21 150.85 150.55 150.65 151.20 151.94 152.19 152.25 152.36 152.45 152.49 152.53 152.47 152.58 152.57 152.49 152.49 152.56 152.69 152.73 152.73 152.72 152.70 152.53 152.40 152.32 152.36 152.28 152.31 152.28 151.64 150.60 150.58 150.31 150.31 150.32 150.32 150.35 150.38 150.43 150.43 150.43 150.42 150.46 150.44 150.44 150.44 150.38 150.42 150.41 150.35 150.32 150.50 150.67 150.97 151.21 150.89 151.13 151.18 151.61 151.27 151.30 151.29 151.54 151.45 151.81 151.55 151.48 152.16 152.21 151.93 152.32 151.50 152.46 152.36 152.58 152.42 152.68 152.70 152.67 152.42 152.26 152.38 152.57 152.60 152.45 152.63 152.21 152.29 152.15 152.24 152.67 152.45 151.97 151.93 151.48 151.20 150.78 150.65 150.43 150.34 150.31 150.32 150.36 150.41 150.51 150.59 150.64 150.74 150.79 150.86 150.91 151.01 150.90 150.86 150.84 150.80 150.65 150.69 150.65 150.59 150.52 150.45 150.50 150.48 150.43 150.38 150.35 150.32 150.38 150.48 150.80 151.24 151.92 151.23 151.53 151.64 151.40 151.31 150.65 150.44 150.39 150.32 150.31 150.31 150.32 150.33 150.34
35°N ||     150.38 150.36 150.36 150.35 150.36 150.36 150.37 150.37 150.37 150.37 150.38 150.38 150.38 150.38 150.39 150.37 150.39 150.36 150.47 152.37 151.67 151.40 151.59 152.27 152.72 152.72 152.72 152.61 152.36 151.95 151.51 150.97 150.41 150.14 149.95 149.88 150.31 150.94 151.90 152.36 152.48 152.52 152.56 152.55 152.10 152.28 152.62 152.69 152.59 152.53 152.68 152.63 152.58 152.65 152.72 152.54 152.36 152.23 152.20 152.15 152.12 152.18 151.68 150.63 150.31 150.31 150.32 150.32 150.33 150.36 150.37 150.45 150.42 150.47 150.48 150.52 150.51 150.55 150.51 150.46 150.45 150.43 150.43 150.31 150.35 150.55 150.64 150.75 150.94 150.86 151.44 151.37 151.32 151.07 150.81 151.59 151.49 151.67 151.48 151.71 151.70 151.80 151.86 151.96 152.01 152.35 152.51 151.92 152.53 152.71 152.35 152.69 152.67 152.71 152.72 152.73 152.69 152.59 152.51 152.00 151.94 152.03 151.28 151.54 151.73 151.33 151.31 151.18 150.87 150.66 150.47 150.33 150.31 150.32 150.34 150.41 150.48 150.59 150.69 150.77 150.81 150.87 150.99 151.06 151.10 151.07 150.99 150.97 150.85 150.82 150.74 150.59 150.65 150.57 150.55 150.54 150.50 150.46 150.45 150.41 150.39 150.34 150.33 150.32 150.31 150.36 150.56 150.96 151.19 151.12 151.11 150.74 150.73 150.33 150.31 150.31 150.32 150.35 150.37 150.38
37°N ||     150.42 150.37 150.38 150.36 150.38 150.37 150.38 150.38 150.37 150.38 150.38 150.39 150.39 150.38 150.38 150.37 150.36 150.35 150.34 151.56 151.60 151.74 152.11 152.45 152.60 152.71 152.72 152.63 152.40 151.71 150.76 150.00 149.23 148.75 148.74 149.13 149.52 149.64 150.63 151.79 152.42 152.61 152.63 152.62 152.57 152.49 152.56 152.63 152.68 152.73 152.57 152.51 152.43 152.31 152.62 152.69 152.40 152.27 152.21 152.25 152.13 152.22 151.31 150.52 150.32 150.31 150.32 150.33 150.34 150.38 150.39 150.43 150.45 150.52 150.54 150.59 150.64 150.62 150.61 150.55 150.57 150.54 150.49 150.47 150.39 150.35 150.33 150.32 150.43 150.38 150.93 151.11 151.36 151.41 151.17 151.38 151.29 151.05 151.59 151.22 151.49 151.21 151.66 151.11 151.50 151.55 152.05 152.28 152.42 152.63 152.69 152.72 152.72 152.71 152.72 152.72 152.72 152.45 151.23 151.56 151.76 152.02 151.79 151.94 151.32 151.16 151.07 151.00 150.62 150.50 150.36 150.31 150.32 150.34 150.40 150.48 150.53 150.65 150.74 150.88 150.94 151.05 151.14 151.16 151.18 151.20 151.15 151.05 151.02 150.91 150.86 150.80 150.75 150.66 150.73 150.69 150.59 150.50 150.50 150.44 150.39 150.37 150.33 150.31 150.33 150.35 150.49 150.68 150.84 150.86 150.93 150.64 150.77 150.31 150.31 150.32 150.35 150.36 150.38 150.39
39°N ||     150.40 150.39 150.39 150.38 150.34 150.38 150.39 150.35 150.39 150.38 150.38 150.38 150.37 150.37 150.37 150.36 150.36 150.37 150.33 150.39 151.96 152.17 151.80 152.36 152.41 152.68 152.72 152.69 152.29 151.17 149.88 148.70 147.92 147.81 147.44 147.71 149.04 149.28 149.73 150.97 152.17 152.62 152.67 152.66 152.52 152.59 152.50 151.91 152.61 152.63 152.61 152.50 152.32 152.10 152.37 152.70 152.61 152.45 152.32 152.34 151.89 151.83 151.76 150.86 150.31 150.31 150.32 150.33 150.35 150.39 150.43 150.49 150.50 150.58 150.63 150.67 150.69 150.72 150.72 150.79 150.62 150.62 150.59 150.57 150.50 150.37 150.40 150.34 150.33 150.36 150.48 150.76 150.78 150.86 150.92 151.20 151.39 151.46 150.98 151.19 151.11 150.33 151.12 151.68 150.83 151.82 151.98 152.04 152.23 152.19 152.49 152.67 151.90 152.72 152.72 152.59 152.69 152.58 151.37 151.31 151.27 151.29 151.24 151.07 151.03 150.93 150.81 150.62 150.53 150.38 150.31 150.32 150.33 150.38 150.44 150.53 150.60 150.68 150.83 150.86 151.12 151.22 151.26 151.25 151.25 151.26 151.19 151.17 151.09 151.13 150.98 150.94 150.83 150.81 150.77 150.73 150.68 150.55 150.45 150.46 150.40 150.37 150.34 150.31 150.32 150.33 150.41 150.49 150.55 150.64 150.71 151.03 151.88 150.31 150.32 150.32 150.35 150.38 150.39 150.38
41°N ||     150.39 150.40 150.41 150.40 150.39 150.39 150.38 150.39 150.38 150.38 150.38 150.39 150.38 150.39 150.36 150.37 150.36 150.32 150.31 150.37 150.73 151.14 151.61 151.93 152.29 152.55 152.66 152.71 152.24 150.95 149.47 148.51 148.17 148.08 147.26 147.70 148.84 149.45 150.05 151.30 152.31 152.65 152.68 152.66 152.24 152.62 152.53 152.32 152.52 152.46 152.47 152.38 152.37 152.46 152.59 152.66 152.69 152.47 152.45 152.50 152.19 151.79 151.76 151.01 150.38 150.33 150.34 150.34 150.37 150.41 150.45 150.53 150.57 150.63 150.70 150.76 150.79 150.80 150.81 150.79 150.77 150.75 150.69 150.79 150.78 150.56 150.46 150.43 150.35 150.36 150.33 150.34 150.31 150.44 150.44 150.78 151.02 150.64 151.27 150.95 150.32 150.31 150.31 151.39 151.00 152.04 152.14 151.75 151.68 151.93 152.20 151.94 151.05 151.33 152.29 152.00 151.11 152.21 151.17 151.31 151.21 151.22 150.85 150.80 150.68 150.76 150.59 150.56 150.39 150.31 150.31 150.32 150.35 150.39 150.50 150.59 150.69 150.75 150.97 151.06 151.14 151.29 151.30 151.29 151.28 151.24 151.26 151.22 151.19 151.10 151.04 151.05 151.03 150.93 150.84 150.76 150.69 150.64 150.56 150.49 150.42 150.36 150.34 150.32 150.31 150.31 150.33 150.38 150.39 150.51 151.24 150.91 151.24 150.32 150.31 150.33 150.34 150.38 150.38 150.40
43°N ||     150.40 150.42 150.42 150.40 150.40 150.39 150.39 150.38 150.38 150.39 150.38 150.40 150.39 150.40 150.37 150.37 150.34 150.32 150.32 150.57 150.86 151.16 151.51 151.81 152.11 152.34 152.57 152.70 152.58 151.83 150.56 149.42 148.87 148.69 148.57 148.72 149.36 149.78 151.58 152.47 152.71 152.73 152.71 152.70 152.70 152.46 152.63 152.22 152.46 152.49 152.44 152.53 152.09 152.48 152.71 152.69 152.72 152.59 152.41 152.04 152.09 152.03 151.75 150.99 150.39 150.33 150.37 150.38 150.41 150.45 150.54 150.59 150.69 150.73 151.00 150.80 150.87 150.82 150.88 150.88 150.85 150.83 150.74 150.76 150.78 150.63 150.59 150.47 150.44 150.45 150.40 150.37 150.36 150.33 150.32 150.49 150.62 150.77 150.44 150.33 150.31 150.33 150.70 150.37 150.70 150.34 150.48 150.35 152.04 152.16 152.29 151.08 152.10 152.39 150.94 150.87 151.07 151.23 151.17 150.97 150.91 150.90 150.53 150.58 150.56 150.56 150.52 150.35 150.31 150.31 150.31 150.34 150.35 150.42 150.51 150.65 150.75 150.78 150.96 151.10 151.22 151.29 151.25 151.14 151.29 151.24 151.20 151.13 151.27 151.03 151.05 151.02 150.96 150.92 150.92 150.82 150.73 150.69 150.53 150.49 150.42 150.36 150.32 150.31 150.31 150.31 150.34 150.32 150.33 150.45 150.69 150.93 151.47 150.33 150.33 150.33 150.37 150.38 150.40 150.42
45°N ||     150.44 150.44 150.42 150.42 150.41 150.40 150.40 150.39 150.38 150.39 150.39 150.38 150.38 150.37 150.37 150.34 150.32 150.31 150.43 150.63 150.93 151.20 151.47 151.68 151.84 152.03 152.26 152.51 152.71 152.55 152.17 151.80 151.66 150.12 149.40 149.21 149.91 151.37 152.22 152.67 152.72 152.71 152.71 152.69 152.64 152.57 152.52 152.59 152.57 152.40 152.08 152.40 152.71 152.69 152.67 152.63 152.38 152.54 152.40 151.95 151.74 151.34 151.06 150.69 150.37 150.35 150.37 150.42 150.47 150.53 150.57 150.69 150.74 150.82 150.81 150.93 150.92 150.93 151.00 151.00 150.88 150.92 150.87 150.85 150.79 150.75 150.62 150.65 150.59 150.48 150.47 150.51 150.41 150.37 150.36 150.34 150.39 150.43 150.32 150.39 150.51 150.69 150.87 150.35 150.61 150.35 150.32 150.31 150.81 151.19 151.64 150.91 151.19 151.36 150.86 151.13 151.36 150.92 150.86 150.76 150.80 150.59 150.51 150.40 150.40 150.35 150.33 150.33 150.31 150.32 150.33 150.34 150.40 150.45 150.60 150.70 150.81 150.93 150.99 151.11 151.20 151.30 151.30 151.30 151.28 151.19 151.22 151.23 151.20 151.17 151.08 151.12 151.06 150.89 150.93 150.89 150.79 150.66 150.50 150.45 150.41 150.34 150.32 150.31 150.31 150.31 150.31 150.31 150.31 150.32 150.37 150.58 151.10 150.31 150.33 150.32 150.35 150.41 150.41 150.44
47°N ||     150.44 150.44 150.43 150.41 150.41 150.41 150.40 150.40 150.38 150.40 150.40 150.38 150.38 150.36 150.34 150.33 150.31 150.34 150.47 150.65 150.94 151.10 151.27 151.40 151.57 151.74 151.97 152.09 152.32 152.56 152.69 152.71 152.71 152.70 152.39 152.26 152.61 152.71 152.72 152.73 152.71 152.69 152.70 152.69 152.61 152.50 152.50 152.53 152.41 152.43 152.65 152.65 152.36 152.62 152.55 152.04 152.31 151.28 152.36 152.03 151.62 151.16 150.69 150.35 150.33 150.37 150.41 150.45 150.55 150.58 150.68 150.75 150.79 150.85 150.88 150.87 150.81 150.71 150.99 151.00 150.96 151.00 150.93 150.92 150.85 150.82 150.80 150.75 150.69 150.63 150.57 150.54 150.52 150.48 150.39 150.41 150.36 150.33 150.33 150.34 150.32 150.37 150.34 150.32 150.48 150.32 150.56 150.47 150.33 150.66 150.92 150.68 150.68 150.55 150.51 151.24 150.84 150.73 150.65 150.51 150.50 150.44 150.34 150.40 150.31 150.31 150.31 150.31 150.32 150.32 150.36 150.38 150.44 150.50 150.84 150.87 150.82 150.90 151.00 151.09 151.19 151.29 151.29 151.25 151.26 151.23 151.20 151.20 151.12 151.20 151.16 151.13 151.03 151.01 151.00 150.86 150.74 150.62 150.54 150.37 150.35 150.39 150.34 150.33 150.32 150.32 150.32 150.31 150.31 150.31 150.31 150.33 150.31 150.31 150.33 150.35 150.36 150.40 150.42 150.45
49°N ||     150.46 150.44 150.44 150.42 150.43 150.43 150.42 150.41 150.40 150.40 150.40 150.38 150.38 150.35 150.32 150.31 150.32 150.38 150.48 150.63 150.81 150.91 151.06 151.22 151.45 151.59 151.68 151.81 151.90 152.03 152.14 152.25 152.33 152.40 152.49 152.46 152.43 152.45 152.61 152.68 152.69 152.64 152.66 152.72 152.69 152.61 152.59 152.56 152.12 152.64 151.10 150.73 150.57 151.05 151.10 152.01 151.95 151.92 151.19 151.85 151.16 150.75 150.37 150.32 150.35 150.42 150.48 150.56 150.57 150.70 150.71 150.77 150.85 150.87 150.89 150.90 150.94 151.01 151.05 151.04 151.05 151.00 150.99 150.95 150.93 150.88 150.87 150.77 150.74 150.71 150.66 150.60 150.52 150.48 150.45 150.45 150.40 150.41 150.40 150.38 150.34 150.36 150.33 150.41 151.77 150.57 150.41 150.31 150.32 150.45 150.54 150.46 150.51 150.55 150.71 150.44 150.48 150.43 150.39 150.42 150.40 150.37 150.31 150.31 150.32 150.31 150.31 150.31 150.32 150.34 150.37 150.42 150.48 150.56 150.77 150.83 150.80 150.92 150.93 151.07 151.15 151.20 151.26 151.25 151.22 151.23 151.21 151.20 151.15 151.06 151.18 151.09 150.99 150.92 150.92 150.77 150.70 150.59 150.55 150.44 150.37 150.41 150.36 150.35 150.35 150.34 150.34 150.33 150.32 150.33 150.32 150.32 150.42 150.44 150.37 150.36 150.36 150.43 150.48 150.44
51°N ||     150.46 150.46 150.44 150.44 150.45 150.45 150.41 150.40 150.41 150.40 150.39 150.36 150.35 150.33 150.32 150.31 150.35 150.45 150.53 150.64 150.91 150.87 151.00 151.19 151.27 151.39 151.51 151.61 151.71 151.77 151.89 152.00 152.13 152.19 152.18 152.15 152.26 152.31 152.47 152.58 152.62 152.61 152.59 152.56 152.61 152.48 152.26 151.90 151.20 150.93 150.73 150.58 150.43 150.36 150.36 150.74 151.62 151.78 151.48 150.83 150.59 150.37 150.32 150.40 150.41 150.46 150.52 150.60 150.68 150.73 150.82 150.89 150.93 150.94 150.98 151.01 151.02 150.95 151.17 151.23 151.05 151.04 151.07 150.87 150.99 150.93 150.84 150.82 150.85 150.77 150.74 150.69 150.63 150.57 150.53 150.50 150.46 150.39 150.48 150.40 150.40 150.39 150.33 151.26 151.85 150.36 150.59 150.31 150.31 150.34 150.34 150.35 150.36 150.34 150.31 150.35 150.33 150.34 150.32 150.32 150.31 150.31 150.31 150.31 150.31 150.31 150.31 150.31 150.32 150.33 150.36 150.41 150.49 150.56 150.66 150.68 150.82 150.87 150.99 151.05 151.11 151.16 151.25 151.23 151.25 151.24 151.17 151.22 151.20 151.14 151.11 151.02 151.01 150.86 150.71 150.74 150.67 150.60 150.55 150.51 150.46 150.43 150.41 150.38 150.37 150.37 150.35 150.36 150.34 150.34 150.33 150.34 150.32 150.37 150.37 150.35 150.37 150.44 150.48 150.48
53°N ||     150.46 150.45 150.47 150.47 150.46 150.45 150.43 150.41 150.40 150.37 150.38 150.36 150.34 150.32 150.31 150.35 150.50 150.47 150.51 150.61 150.70 150.77 150.90 151.00 151.12 151.22 151.34 151.46 151.52 151.64 151.73 151.77 151.88 151.92 151.90 151.92 151.94 152.08 152.27 152.41 152.49 152.50 152.46 152.40 152.23 151.97 151.77 151.45 151.12 150.80 150.59 150.48 150.40 150.34 150.31 150.31 150.84 150.73 151.04 150.40 150.36 150.39 150.43 150.46 150.50 150.56 150.66 150.72 150.78 150.81 150.93 150.97 150.99 151.02 151.06 151.10 151.11 151.08 151.14 151.11 151.06 151.10 151.06 151.09 151.02 151.12 151.06 150.92 150.90 150.80 150.80 150.75 150.68 150.65 150.57 150.52 150.54 150.70 150.47 150.46 150.40 150.40 150.36 150.33 150.33 150.32 150.31 150.32 150.31 150.31 150.31 150.31 150.31 150.31 150.31 150.31 150.31 150.32 150.31 150.31 150.31 150.31 150.31 150.31 150.31 150.31 150.31 150.31 150.32 150.33 150.37 150.41 150.47 150.53 150.53 150.63 150.70 150.80 150.83 150.90 150.92 151.00 151.01 151.09 151.12 151.13 151.09 151.10 151.00 151.00 151.01 151.00 150.86 150.76 150.71 150.64 150.67 150.60 150.56 150.51 150.48 150.44 150.42 150.40 150.39 150.38 150.39 150.38 150.33 150.34 150.33 150.36 150.35 150.35 150.36 150.41 150.45 150.46 150.48 150.49
55°N ||     150.51 150.50 150.47 150.44 150.44 150.40 150.41 150.42 150.40 150.38 150.38 150.35 150.34 150.32 150.31 150.34 150.85 150.60 150.48 150.53 150.60 150.69 150.76 150.80 150.95 151.06 151.17 151.30 151.41 151.47 151.55 151.56 151.63 151.61 151.64 151.62 151.72 151.78 151.88 152.02 152.17 152.17 152.25 152.20 152.05 151.78 151.45 150.87 150.66 150.48 150.43 150.41 150.60 150.32 150.31 150.32 150.34 150.35 150.40 150.44 150.48 150.52 150.60 150.64 150.70 150.76 150.78 150.84 150.88 150.93 151.01 151.05 151.06 151.11 151.14 151.10 151.13 151.13 151.17 151.23 151.08 151.10 151.13 151.08 151.16 151.06 150.96 150.95 150.86 150.87 150.83 150.80 150.74 150.68 150.58 150.57 150.56 150.55 150.52 150.47 150.45 150.42 150.38 150.39 150.37 150.34 150.33 150.33 150.33 150.32 150.32 150.32 150.32 150.32 150.32 150.33 150.34 150.34 150.33 150.33 150.31 150.31 150.31 150.31 150.31 150.31 150.31 150.32 150.32 150.33 150.36 150.40 150.43 150.45 150.50 150.58 150.63 150.69 150.71 150.75 150.79 150.84 150.86 150.93 150.95 150.92 150.94 150.94 150.79 150.81 150.87 150.79 150.78 150.69 150.64 150.68 150.57 150.61 150.58 150.49 150.46 150.44 150.43 150.43 150.40 150.40 150.39 150.36 150.35 150.37 150.37 150.34 150.35 150.35 150.39 150.61 150.46 150.49 150.52 150.53
57°N ||     150.51 150.51 150.49 150.47 150.48 150.44 150.41 150.40 150.40 150.40 150.36 150.34 150.34 150.32 150.31 150.31 150.44 150.40 150.46 150.47 150.52 150.56 150.64 150.71 150.77 150.85 150.97 151.09 151.08 151.20 151.24 151.30 151.34 151.32 151.35 151.34 151.38 151.43 151.48 151.69 151.76 151.86 151.89 151.87 151.72 151.42 151.10 150.86 150.58 150.48 150.41 150.36 150.32 150.31 150.32 150.34 150.37 150.42 150.47 150.52 150.64 150.67 150.71 150.74 150.80 150.82 150.87 150.92 150.95 151.03 151.04 151.41 151.15 151.15 151.17 151.20 151.19 151.15 151.17 151.15 151.14 151.22 151.08 151.09 150.76 151.73 150.98 150.94 150.92 150.86 150.87 150.78 150.74 150.70 150.68 150.61 150.61 150.55 150.52 150.46 150.46 150.44 150.39 150.36 150.35 150.35 150.35 150.33 150.35 150.34 150.33 150.35 150.36 150.36 150.36 150.37 150.38 150.36 150.35 150.32 150.32 150.32 150.31 150.31 150.31 150.31 150.31 150.31 150.32 150.32 150.35 150.36 150.40 150.40 150.43 150.47 150.55 150.58 150.60 150.59 150.68 150.66 150.73 150.80 150.81 150.78 150.77 150.79 150.77 150.72 150.76 150.73 150.73 150.72 150.64 150.66 150.60 150.62 150.59 150.52 150.49 150.49 150.45 150.43 150.42 150.40 150.39 150.38 150.35 150.38 150.37 150.36 150.41 150.38 150.40 150.43 150.48 150.48 150.50 150.51
59°N ||     150.50 150.51 150.50 150.45 150.48 150.47 150.40 150.44 150.43 150.43 150.41 150.38 150.36 150.34 150.32 150.31 150.31 150.31 150.33 150.37 150.41 150.47 150.54 150.61 150.61 150.65 150.68 150.75 150.80 150.85 150.89 150.98 151.02 150.99 150.92 150.99 151.00 150.99 151.13 151.28 151.35 151.40 151.39 151.20 151.10 150.86 150.71 150.59 150.46 150.40 150.35 150.31 150.31 150.32 150.34 150.36 150.40 150.45 150.51 150.61 150.73 150.68 150.83 150.86 150.87 150.91 150.97 151.01 151.03 151.03 151.10 151.09 151.12 151.18 151.19 151.20 151.16 151.22 151.26 151.23 151.16 151.14 151.14 151.09 151.07 151.05 151.02 151.01 150.96 150.86 150.80 150.82 150.74 150.74 150.62 150.65 150.63 150.59 150.51 150.49 150.46 150.44 150.43 150.41 150.41 150.39 150.36 150.36 150.36 150.37 150.39 150.40 150.40 150.40 150.37 150.39 150.39 150.39 150.35 150.34 150.33 150.33 150.31 150.31 150.31 150.31 150.31 150.31 150.31 150.32 150.33 150.33 150.37 150.42 150.40 150.38 150.44 150.46 150.46 150.52 150.57 150.52 150.59 150.64 150.64 150.61 150.65 150.64 150.65 150.65 150.65 150.67 150.66 150.62 150.62 150.64 150.62 150.57 150.57 150.53 150.54 150.49 150.47 150.44 150.42 150.40 150.36 150.37 150.36 150.38 150.39 150.39 150.41 150.41 150.42 150.44 150.47 150.52 150.45 150.49
61°N ||     150.49 150.49 150.48 150.49 150.48 150.49 150.46 150.44 150.45 150.41 150.39 150.39 150.37 150.35 150.33 150.32 150.32 150.31 150.31 150.32 150.36 150.37 150.41 150.44 150.48 150.49 150.54 150.57 150.59 150.60 150.61 150.64 150.62 150.62 150.65 150.67 150.69 150.67 150.70 150.68 150.75 150.76 150.75 150.71 150.67 150.61 150.55 150.47 150.37 150.32 150.32 150.32 150.34 150.36 150.39 150.43 150.48 150.53 150.59 150.64 150.74 150.84 150.89 150.93 150.98 151.31 150.93 151.08 151.10 151.10 151.17 151.09 151.15 151.25 151.29 151.27 151.24 151.25 151.18 151.21 151.17 151.17 151.13 151.14 151.08 151.06 151.00 150.96 150.91 150.86 150.81 150.78 150.76 150.71 150.70 150.69 150.61 150.57 150.55 150.50 150.49 150.46 150.43 150.42 150.42 150.42 150.38 150.40 150.40 150.42 150.41 150.42 150.43 150.42 150.40 150.42 150.40 150.40 150.38 150.35 150.36 150.35 150.31 150.32 150.31 150.31 150.31 150.31 150.31 150.31 150.31 150.32 150.33 150.35 150.34 150.37 150.38 150.37 150.42 150.45 150.47 150.42 150.51 150.53 150.54 150.49 150.53 150.52 150.55 150.57 150.56 150.58 150.56 150.53 150.56 150.57 150.54 150.53 150.54 150.51 150.49 150.50 150.46 150.45 150.44 150.38 150.41 150.40 150.38 150.39 150.38 150.41 150.42 150.41 150.44 150.45 150.44 150.48 150.47 150.45
63°N ||     150.52 150.47 150.46 150.97 150.47 150.49 150.49 150.48 150.46 150.45 150.43 150.40 150.40 150.37 150.36 150.35 150.34 150.33 150.31 150.31 150.38 150.31 150.32 150.34 150.35 150.36 150.39 150.39 150.39 150.42 150.43 150.45 150.46 150.48 150.51 150.53 150.54 150.52 150.53 150.54 150.55 150.52 150.51 150.48 150.43 150.40 150.36 150.34 150.31 150.31 150.34 150.36 150.39 150.44 150.50 150.54 150.59 150.64 150.71 150.73 150.80 150.88 150.95 151.02 151.02 151.04 151.14 151.13 151.12 151.11 151.16 151.13 151.18 151.18 151.21 151.25 151.21 151.16 151.15 151.18 151.16 151.15 151.08 151.04 151.01 150.86 150.89 150.86 150.85 150.83 150.81 150.75 150.69 150.66 150.68 150.56 150.54 150.55 150.53 150.50 150.49 150.46 150.44 150.44 150.44 150.43 150.43 150.43 150.43 150.42 150.44 150.43 150.45 150.43 150.43 150.42 150.41 150.39 150.41 150.39 150.37 150.36 150.35 150.34 150.33 150.32 150.31 150.31 150.31 150.31 150.31 150.31 150.32 150.32 150.33 150.34 150.35 150.35 150.38 150.35 150.41 150.37 150.42 150.45 150.42 150.46 150.46 150.47 150.48 150.49 150.48 150.49 150.52 150.52 150.52 150.50 150.51 150.49 150.50 150.51 150.49 150.47 150.48 150.46 150.42 150.44 150.44 150.44 150.38 150.40 150.41 150.42 150.40 150.44 150.46 150.48 150.47 150.48 150.49 150.50
65°N ||     150.50 150.54 150.50 150.53 150.53 150.51 150.50 150.51 150.43 150.46 150.44 150.44 150.44 150.42 150.52 150.38 150.37 150.36 150.33 150.34 150.33 150.32 150.32 150.31 150.31 150.31 150.31 150.31 150.31 150.31 150.32 150.34 150.35 150.36 150.39 150.41 150.42 150.41 150.43 150.44 150.43 150.40 150.37 150.34 150.31 150.31 150.31 150.32 150.33 150.35 150.37 150.38 150.45 150.53 150.59 150.67 150.75 150.84 150.87 150.90 150.91 150.99 151.03 151.01 151.09 151.11 151.12 151.07 151.10 151.14 151.07 151.09 151.15 151.16 151.16 151.18 151.17 151.13 151.14 151.12 151.13 151.07 151.04 150.86 151.79 153.39 150.59 150.77 150.82 150.76 150.78 150.69 150.70 150.62 150.61 150.58 150.54 150.53 150.53 150.51 150.48 150.48 150.46 150.42 150.45 150.42 150.41 150.43 150.42 150.42 150.44 150.44 150.45 150.43 150.39 150.40 150.43 150.40 150.39 150.41 150.40 150.38 150.37 150.34 150.33 150.31 150.32 150.31 150.31 150.31 150.31 150.31 150.31 150.31 150.32 150.31 150.32 150.33 150.32 150.34 150.35 150.35 150.37 150.38 150.36 150.40 150.40 150.41 150.40 150.41 150.43 150.44 150.44 150.45 150.41 150.46 150.45 150.48 150.47 150.47 150.44 150.44 150.47 150.47 150.44 150.47 150.47 150.41 150.45 150.42 150.46 150.46 150.45 150.45 150.45 150.48 150.44 150.45 150.53 150.42
67°N ||     150.54 150.54 150.56 150.54 150.53 150.57 150.55 150.52 150.54 150.52 150.46 150.47 150.49 150.45 150.45 150.43 150.43 150.41 150.41 150.40 150.36 150.37 150.35 150.34 150.33 150.32 150.33 150.33 150.32 150.31 150.31 150.31 150.31 150.31 150.42 150.33 150.33 150.34 150.35 150.34 150.33 150.31 150.31 150.31 150.31 150.32 150.34 150.37 150.39 150.42 150.47 150.54 150.60 150.68 150.77 150.85 150.95 151.03 151.11 151.19 151.21 151.20 151.13 151.10 151.10 151.10 151.07 151.10 151.14 151.11 151.13 151.13 151.10 151.15 151.14 151.11 151.08 151.01 151.12 151.08 151.06 151.02 150.92 150.88 150.87 150.79 150.77 150.78 150.75 150.76 150.71 150.67 150.65 150.61 150.59 150.55 150.53 150.51 150.50 150.46 150.44 150.46 150.44 150.41 150.42 150.42 150.42 150.41 150.40 150.37 150.39 150.43 150.44 150.43 150.42 150.42 150.39 150.41 150.41 150.40 150.39 150.37 150.37 150.36 150.35 150.34 150.33 150.32 150.31 150.31 150.31 150.31 150.31 150.31 150.32 150.31 150.31 150.31 150.36 150.32 150.32 150.34 150.34 150.33 150.34 150.34 150.33 150.36 150.36 150.37 150.37 150.40 150.40 150.41 150.42 150.42 150.42 150.43 150.43 150.45 150.41 150.42 150.42 150.44 150.43 150.43 150.47 150.47 150.48 150.46 150.48 150.46 150.49 150.49 150.45 150.47 150.47 150.52 150.51 150.53
69°N ||     150.49 150.56 150.56 150.54 150.55 150.56 150.55 150.56 150.51 150.58 150.53 150.52 150.51 150.52 150.46 150.44 150.44 150.47 150.48 150.45 150.45 150.44 150.43 150.42 150.39 150.38 150.33 150.37 150.36 150.34 150.36 150.33 150.33 150.32 150.31 150.31 150.31 150.31 150.31 150.31 150.31 150.32 150.32 150.34 150.35 150.37 150.42 150.48 150.55 150.60 150.64 150.69 150.71 150.78 150.83 150.90 150.95 150.98 151.04 151.07 151.07 151.08 151.07 151.06 151.03 151.05 151.06 151.07 151.03 151.07 151.08 151.06 151.11 151.09 151.00 151.05 151.04 150.98 150.99 150.96 150.92 150.89 150.91 150.86 150.78 150.79 150.71 150.69 150.67 150.64 150.64 150.60 150.56 150.55 150.55 150.48 150.49 150.49 150.47 150.46 150.45 150.45 150.44 150.41 150.41 150.44 150.42 150.41 150.41 150.42 150.37 150.38 150.40 150.40 150.41 150.40 150.39 150.40 150.39 150.37 150.36 150.37 150.36 150.36 150.34 150.33 150.33 150.33 150.32 150.32 150.31 150.31 150.31 150.31 150.32 150.34 150.32 150.31 150.31 150.31 150.31 150.31 150.31 150.31 150.32 150.32 150.32 150.33 150.33 150.33 150.34 150.34 150.35 150.36 150.38 150.39 150.38 150.40 150.45 150.43 150.41 150.41 150.41 150.44 150.44 150.45 150.46 150.48 150.47 150.46 150.46 150.49 150.50 150.51 150.56 150.54 150.52 150.54 150.52 150.50
71°N ||     150.56 150.59 150.61 150.57 150.55 150.58 151.00 150.52 150.57 150.57 150.52 150.54 150.55 150.53 150.57 150.58 150.57 150.54 150.60 150.50 150.46 150.51 150.51 150.48 150.45 150.44 150.41 150.39 150.41 150.37 150.38 150.38 150.38 150.35 150.37 150.38 150.35 150.35 150.35 150.36 150.34 150.38 150.39 150.40 150.44 150.46 150.50 150.56 150.60 150.66 150.71 150.74 150.75 150.73 150.78 150.79 150.81 150.83 150.86 150.86 150.84 150.88 150.88 150.90 150.99 150.93 150.94 150.97 151.03 150.98 151.00 150.98 150.97 151.00 150.95 150.91 150.91 150.93 150.90 150.86 150.83 150.82 150.80 150.75 150.71 150.70 150.67 150.66 150.63 150.58 150.53 150.50 150.52 150.52 150.48 150.48 150.46 150.45 150.44 150.43 150.41 150.39 150.39 150.38 150.40 150.40 150.40 150.39 150.39 150.39 150.41 150.39 150.38 150.38 150.37 150.38 150.37 150.36 150.35 150.36 150.34 150.35 150.35 150.33 150.33 150.33 150.33 150.33 150.32 150.31 150.31 150.31 150.31 150.31 150.31 150.31 150.31 150.32 150.33 150.34 150.36 150.36 150.35 150.33 150.31 150.31 150.31 150.31 150.32 150.32 150.32 150.32 150.33 150.33 150.34 150.34 150.37 150.38 150.40 150.40 150.41 150.39 150.42 150.43 150.44 150.46 150.45 150.47 150.43 150.48 150.48 150.47 150.45 150.50 150.51 150.53 150.57 150.51 150.55 150.54
73°N ||     150.59 150.62 150.62 150.60 150.57 150.63 150.64 150.62 150.62 150.64 150.67 150.62 150.63 150.58 150.69 150.61 150.60 150.59 150.56 150.55 150.57 150.48 150.48 150.51 150.47 150.51 150.47 150.63 150.53 150.49 150.52 150.46 150.44 150.42 150.39 150.41 150.39 150.40 150.41 150.44 150.45 150.47 150.49 150.50 150.53 150.56 150.57 150.59 150.62 150.65 150.69 150.77 150.74 150.74 150.74 150.73 150.71 150.70 150.67 150.70 150.72 150.74 150.76 150.75 150.78 150.82 150.84 150.81 150.81 150.83 150.88 150.91 150.90 150.84 150.88 150.88 150.89 150.83 150.79 150.73 150.74 150.71 150.68 150.65 150.66 150.65 150.62 150.59 150.56 150.56 150.52 150.46 150.45 150.45 150.45 150.41 150.41 150.41 150.40 150.40 150.39 150.39 150.38 150.35 150.37 150.37 150.36 150.35 150.35 150.34 150.36 150.36 150.37 150.37 150.36 150.37 150.37 150.36 150.34 150.33 150.34 150.35 150.35 150.33 150.33 150.32 150.32 150.32 150.31 150.31 150.31 150.31 150.31 150.31 150.31 150.31 150.31 150.32 150.32 150.32 150.31 150.31 150.31 150.31 150.31 150.31 150.31 150.31 150.31 150.32 150.31 150.32 150.32 150.33 150.33 150.33 150.35 150.36 150.37 150.36 150.40 150.39 150.39 150.41 150.44 150.45 150.43 150.46 150.49 150.50 150.37 151.26 150.41 150.47 150.49 150.52 150.58 150.57 150.50 150.55
75°N ||     150.56 150.61 150.58 150.61 150.61 150.67 150.59 150.63 150.65 150.64 150.67 150.62 150.63 150.68 150.63 150.66 150.66 150.58 150.62 150.63 150.60 150.65 150.68 150.72 150.64 150.55 150.57 150.57 150.47 150.50 150.50 150.48 150.53 150.55 150.58 150.51 150.48 150.49 150.45 150.50 150.49 150.51 150.55 150.54 150.54 150.52 150.56 150.58 150.60 150.65 150.67 150.68 150.68 150.69 150.69 150.76 150.67 150.67 150.68 150.69 150.72 150.75 150.77 150.77 150.76 150.74 150.72 150.74 150.76 150.71 150.77 150.77 150.77 150.78 150.76 150.78 150.74 150.74 150.68 150.69 150.65 150.64 150.61 150.69 150.58 150.55 150.52 150.50 150.49 150.49 150.46 150.45 150.44 150.42 150.42 150.41 150.44 150.38 150.37 150.36 150.36 150.36 150.35 150.35 150.35 150.35 150.35 150.35 150.34 150.35 150.35 150.34 150.35 150.35 150.35 150.34 150.34 150.35 150.33 150.33 150.33 150.33 150.32 150.34 150.34 150.33 150.32 150.32 150.32 150.31 150.31 150.31 150.31 150.31 150.31 150.31 150.31 150.31 150.31 150.31 150.31 150.31 150.31 150.32 150.31 150.31 150.31 150.31 150.31 150.31 150.31 150.32 150.32 150.32 150.33 150.33 150.33 150.35 150.36 150.37 150.37 150.39 150.39 150.41 150.42 150.42 150.42 150.43 150.45 150.47 150.47 150.50 150.48 150.57 150.58 150.60 150.60 150.60 150.58 150.55
77°N ||     150.64 150.58 150.48 150.44 150.49 150.61 150.57 150.42 150.42 150.59 150.63 150.63 150.65 150.63 150.62 150.55 150.56 150.58 150.45 150.55 150.46 150.50 150.73 150.87 150.64 150.55 150.54 150.59 150.56 150.55 150.55 150.55 150.57 150.53 150.42 150.52 150.48 150.51 150.49 150.49 150.54 150.53 150.49 150.49 150.53 150.56 150.58 150.59 150.61 150.62 150.63 150.65 150.59 150.68 150.69 150.71 150.72 150.72 150.72 150.72 150.73 150.48 150.47 150.60 150.66 150.65 150.64 150.65 150.61 150.61 150.64 150.65 150.65 150.65 150.63 150.63 150.62 150.62 150.64 150.63 150.60 150.55 150.54 150.53 150.53 150.50 150.45 150.44 150.47 150.45 150.45 150.43 150.41 150.38 150.38 150.39 150.38 150.38 150.37 150.36 150.35 150.35 150.34 150.36 150.34 150.34 150.34 150.34 150.34 150.34 150.34 150.34 150.33 150.32 150.33 150.33 150.33 150.32 150.32 150.32 150.32 150.32 150.32 150.33 150.32 150.33 150.32 150.32 150.32 150.31 150.31 150.31 150.31 150.31 150.38 150.31 150.31 150.31 150.31 150.31 150.31 150.31 150.31 150.31 150.31 150.31 150.31 150.31 150.31 150.31 150.31 150.31 150.31 150.32 150.32 150.33 150.33 150.34 150.33 150.34 150.35 150.36 150.39 150.40 150.41 150.41 150.42 150.45 150.45 150.44 150.47 150.45 150.47 150.51 150.49 150.57 150.62 150.61 150.58 150.61
79°N ||     150.49 150.45 150.44 150.48 150.49 150.47 150.46 150.45 150.47 150.46 150.46 150.41 150.50 150.48 150.49 150.52 150.53 150.55 150.54 150.52 150.51 150.56 150.55 150.57 150.59 150.61 150.57 150.47 150.50 150.46 150.48 150.49 150.50 150.51 150.49 150.51 150.49 150.53 150.52 150.52 150.52 150.53 150.53 150.51 150.49 150.49 150.51 150.52 150.53 150.57 150.60 150.58 150.59 150.61 150.63 150.63 150.61 150.64 150.67 150.66 150.68 150.70 150.68 150.69 150.66 150.66 150.70 150.67 150.62 150.59 150.56 150.55 150.51 150.53 150.53 150.47 150.45 150.46 150.50 150.51 150.47 150.49 150.44 150.39 150.38 150.47 150.57 150.55 150.39 150.68 150.41 150.32 150.43 150.57 150.33 150.62 150.60 150.36 150.48 150.64 150.62 150.52 150.45 150.32 150.33 150.32 150.33 150.33 150.33 150.33 150.33 150.33 150.33 150.33 150.32 150.32 150.32 150.32 150.32 150.31 150.41 150.34 150.32 150.31 150.31 150.31 150.31 150.31 150.31 150.31 150.31 150.31 150.31 150.31 150.31 150.31 150.31 150.31 150.31 150.31 150.31 150.31 150.31 150.31 150.31 150.32 150.33 150.32 150.31 150.31 150.31 150.31 150.31 150.32 150.32 150.32 150.32 150.33 150.33 150.33 150.34 150.35 150.36 150.38 150.38 150.40 150.39 150.39 150.40 150.44 150.44 150.45 150.45 150.47 150.48 150.46 150.46 150.51 150.51 150.50
81°N ||     150.32 150.32 150.31 150.31 150.31 150.31 150.31 150.31 150.31 150.31 150.31 150.31 150.31 150.31 150.32 150.32 150.32 150.32 150.32 150.32 150.33 150.33 150.33 150.34 150.35 150.36 150.38 150.41 150.41 150.43 150.46 150.43 150.43 150.49 150.36 150.38 150.34 150.37 150.36 150.37 150.42 150.39 150.43 150.44 150.44 150.47 150.49 150.49 150.41 150.40 150.31 150.32 150.37 150.35 150.41 150.46 150.70 150.68 150.60 150.54 150.46 150.39 150.41 150.41 150.44 150.46 150.50 150.38 150.35 150.32 150.31 150.44 150.44 150.40 150.49 150.60 150.71 150.59 150.77 150.91 150.96 151.20 151.16 151.31 151.32 151.26 151.48 151.51 151.49 151.60 151.52 151.40 151.69 151.69 151.41 151.61 151.59 151.79 151.79 151.75 151.40 151.29 151.31 151.31 151.31 151.25 151.52 150.98 150.80 150.37 150.36 150.71 150.53 150.31 150.38 150.36 150.50 150.42 150.34 150.56 150.54 150.59 150.53 150.51 150.38 150.31 150.45 150.41 150.43 150.44 150.38 150.39 150.39 150.38 150.38 150.37 150.34 150.32 150.31 150.31 150.31 150.31 150.31 150.31 150.31 150.31 150.31 150.31 150.31 150.32 150.32 150.32 150.32 150.32 150.32 150.32 150.32 150.33 150.33 150.33 150.33 150.33 150.34 150.34 150.34 150.34 150.33 150.33 150.33 150.32 150.32 150.32 150.32 150.31 150.32 150.31 150.32 150.32 150.32 150.32
83°N ||     150.50 150.50 150.49 150.50 150.49 150.50 150.49 150.49 150.48 150.47 150.46 150.44 150.44 150.42 150.41 150.39 150.37 150.37 150.34 150.34 150.33 150.32 150.33 150.33 150.32 150.34 150.34 150.34 150.48 150.62 150.75 150.86 150.66 150.60 150.89 150.78 150.92 150.89 150.91 151.00 151.10 151.01 151.19 151.31 151.30 151.14 151.17 151.22 151.14 151.07 150.93 150.81 150.65 150.60 150.88 150.80 150.96 151.08 151.10 150.99 151.08 150.60 150.63 150.32 150.37 150.36 150.39 150.42 150.42 150.35 150.38 150.39 150.54 150.67 150.75 150.89 150.98 151.09 151.17 151.22 151.27 151.34 151.39 151.43 151.50 151.57 151.61 151.66 151.69 151.69 151.69 151.71 151.72 151.75 151.78 151.82 151.85 151.88 151.89 151.91 151.93 151.96 151.99 152.02 152.04 152.05 152.06 152.07 152.05 151.92 151.75 151.54 151.57 151.50 151.66 151.52 151.32 151.26 151.35 151.46 151.53 151.49 151.23 151.40 151.33 151.46 151.36 151.31 151.40 151.34 151.50 151.46 151.33 151.15 151.22 151.26 151.21 151.36 151.27 151.24 151.11 150.88 150.83 150.73 150.44 150.45 150.32 150.31 150.31 150.31 150.31 150.31 150.31 150.31 150.31 150.31 150.31 150.31 150.31 150.31 150.31 150.31 150.31 150.31 150.32 150.33 150.34 150.36 150.36 150.37 150.39 150.39 150.41 150.42 150.42 150.43 150.46 150.47 150.49 150.49
85°N ||     150.42 150.47 150.41 150.39 150.37 150.40 151.02 151.10 150.97 150.90 151.17 150.90 151.06 151.12 151.12 150.93 151.47 151.68 151.71 151.70 151.70 151.45 151.02 151.25 151.28 151.16 150.83 151.08 151.16 150.94 151.08 151.87 151.79 151.47 151.78 151.89 151.91 151.92 151.90 151.86 151.88 151.75 151.84 151.93 151.88 151.96 152.02 152.01 152.01 151.87 151.87 151.91 151.83 151.61 151.64 151.76 151.74 151.70 151.64 151.58 151.55 151.62 151.48 151.57 151.62 151.62 151.36 151.35 151.08 150.97 150.91 150.71 150.75 150.77 150.83 150.84 150.84 150.88 150.88 150.83 150.73 150.51 150.55 150.82 151.16 151.21 151.15 151.09 151.01 150.85 150.88 151.01 151.49 151.69 151.71 151.63 151.70 151.75 151.87 151.94 151.97 151.89 151.98 152.03 152.06 152.08 152.11 152.12 152.13 152.15 152.16 152.16 152.15 152.14 152.13 152.11 152.09 152.07 152.06 152.07 152.05 152.02 152.01 152.03 152.04 152.04 152.04 152.04 152.03 152.04 152.04 152.04 152.05 152.03 152.00 152.00 151.92 151.92 151.94 151.75 151.97 151.96 151.97 151.62 151.58 151.54 151.41 151.11 151.40 151.60 151.46 151.61 151.28 151.21 151.04 150.86 151.20 151.02 150.88 150.81 150.83 151.07 150.96 150.64 150.76 150.76 150.60 150.48 150.45 150.45 150.46 150.53 150.62 150.74 150.61 150.47 150.41 150.59 150.58 150.56
87°N ||     152.27 152.16 152.21 152.18 152.12 152.17 152.17 152.18 152.32 152.36 152.35 152.35 152.31 152.28 152.32 152.38 152.39 152.38 152.39 152.40 152.38 152.30 152.30 152.46 152.46 152.46 152.43 152.41 152.39 152.38 152.37 152.43 152.48 152.43 152.46 152.53 152.56 152.57 152.57 152.57 152.54 152.55 152.50 152.52 152.55 152.59 152.60 152.61 152.59 152.57 152.58 152.58 152.57 152.56 152.51 152.44 152.43 152.38 152.35 152.35 152.41 152.44 152.45 152.47 152.48 152.48 152.49 152.48 152.46 152.44 152.28 151.99 151.94 152.04 152.07 152.13 152.05 152.13 152.15 152.08 152.19 152.24 152.26 152.26 152.22 152.27 152.23 152.12 152.21 152.14 152.28 152.32 152.28 152.34 152.40 152.41 152.39 152.40 152.35 152.37 152.41 152.46 152.46 152.41 152.40 152.48 152.50 152.51 152.53 152.54 152.54 152.52 152.54 152.53 152.52 152.51 152.51 152.48 152.50 152.40 152.52 152.50 152.47 152.44 152.36 152.31 152.45 152.46 152.41 152.41 152.36 152.43 152.51 152.50 152.50 152.50 152.50 152.47 152.41 152.40 152.41 152.39 152.37 152.40 152.36 152.36 152.36 152.39 152.44 152.50 152.45 152.49 152.42 152.46 152.52 152.51 152.50 152.30 152.39 152.32 152.40 152.24 152.24 152.15 152.16 152.13 152.19 152.21 152.19 152.18 152.21 152.13 152.08 152.10 152.09 152.08 152.14 152.09 152.02 152.16
89°N ||     152.66 152.66 152.65 152.63 152.63 152.68 152.68 152.70 152.70 152.70 152.70 152.70 152.70 152.70 152.70 152.71 152.71 152.71 152.71 152.71 152.71 152.71 152.70 152.70 152.70 152.70 152.71 152.71 152.72 152.72 152.72 152.72 152.72 152.72 152.73 152.73 152.73 152.73 152.73 152.73 152.73 152.73 152.73 152.73 152.73 152.73 152.73 152.73 152.73 152.73 152.73 152.73 152.73 152.72 152.72 152.72 152.72 152.72 152.71 152.72 152.72 152.71 152.71 152.71 152.71 152.71 152.71 152.71 152.71 152.70 152.70 152.70 152.70 152.69 152.69 152.69 152.68 152.68 152.67 152.67 152.67 152.67 152.67 152.67 152.67 152.66 152.67 152.67 152.67 152.67 152.67 152.66 152.64 152.65 152.66 152.67 152.68 152.67 152.64 152.64 152.65 152.68 152.68 152.68 152.69 152.69 152.69 152.70 152.70 152.70 152.70 152.70 152.70 152.71 152.71 152.71 152.71 152.71 152.71 152.71 152.71 152.71 152.71 152.71 152.71 152.71 152.71 152.71 152.72 152.72 152.72 152.72 152.72 152.72 152.72 152.72 152.72 152.72 152.73 152.73 152.73 152.73 152.73 152.73 152.73 152.73 152.73 152.73 152.73 152.72 152.72 152.72 152.72 152.72 152.71 152.71 152.71 152.70 152.71 152.71 152.72 152.71 152.71 152.71 152.72 152.71 152.71 152.71 152.71 152.71 152.70 152.70 152.70 152.69 152.69 152.68 152.68 152.67 152.67 152.66
