East longitude (degrees): -179:2:179
North latitude (degrees): -89:2:89

Absorbed dose on Martian Surface (1E-6 Gy/day), 2D array where Absorbed dose(i,j)= value at latitude(i) and longitude(j).
133.76 133.81 133.87 133.88 133.88 133.87 133.87 133.89 133.93 133.97 134.14 134.20 134.17 134.23 134.44 134.55 134.60 134.68 134.70 134.58 134.51 134.67 134.69 134.64 134.58 134.55 134.49 134.51 134.60 134.56 134.66 134.77 134.72 134.65 134.75 134.67 134.58 134.51 134.42 134.36 134.31 134.23 134.16 134.14 134.12 134.12 134.11 134.12 134.11 134.09 134.06 134.06 134.02 134.01 134.01 134.00 133.92 133.89 133.86 133.86 133.84 133.82 133.82 133.78 133.80 133.84 133.85 133.72 133.66 133.67 133.61 133.59 133.59 133.59 133.55 133.52 133.50 133.49 133.47 133.48 133.46 133.48 133.48 133.47 133.48 133.49 133.49 133.48 133.47 133.48 133.50 133.53 133.55 133.55 133.56 133.57 133.56 133.58 133.59 133.59 133.57 133.57 133.55 133.55 133.57 133.57 133.58 133.59 133.60 133.60 133.61 133.60 133.56 133.58 133.63 133.67 133.65 133.65 133.66 133.68 133.70 133.71 133.73 133.75 133.79 133.83 133.83 133.86 133.89 133.91 133.92 133.93 133.95 133.96 133.97 134.00 134.01 134.01 134.00 134.01 133.96 133.97 133.94 133.91 133.93 133.92 133.91 133.89 133.85 133.82 133.81 133.80 133.80 133.75 133.73 133.71 133.70 133.68 133.67 133.68 133.68 133.67 133.66 133.64 133.64 133.63 133.64 133.65 133.66 133.67 133.68 133.70 133.70 133.70 133.71 133.72 133.73 133.74 133.74 133.76
135.85 135.94 135.96 136.10 136.07 136.14 136.05 136.04 136.01 135.92 135.92 135.91 135.80 135.67 135.61 135.60 135.62 135.63 135.62 135.58 135.58 135.63 135.77 135.81 135.79 135.73 135.73 135.63 135.71 135.54 135.80 135.82 135.65 135.63 135.62 135.62 135.59 135.54 135.57 135.56 135.51 135.56 135.52 135.49 135.45 135.43 135.42 135.35 135.30 135.24 135.09 135.25 135.04 134.76 134.78 134.71 134.58 134.44 134.37 134.34 134.52 133.98 134.05 133.77 133.70 133.68 133.62 133.58 133.56 133.52 133.45 133.39 133.45 133.43 133.14 133.08 133.00 132.90 132.86 133.03 132.70 132.50 132.48 132.38 132.35 132.35 132.38 132.41 132.44 132.47 132.51 132.52 132.54 132.54 132.55 133.00 132.89 133.09 132.94 133.18 133.18 133.18 133.27 133.28 133.33 133.42 133.49 133.67 133.77 133.83 133.67 133.66 133.70 133.72 133.74 133.74 133.80 133.84 133.91 133.92 134.00 134.06 134.07 134.13 134.22 134.20 134.22 134.30 134.38 134.36 134.44 134.45 134.47 134.54 134.69 134.84 134.94 135.10 135.02 134.82 134.66 134.62 134.59 134.55 134.50 134.51 134.45 134.17 134.14 134.12 134.12 134.14 134.18 134.18 134.17 134.18 134.26 134.38 134.48 134.47 134.56 134.64 134.74 134.78 134.91 135.02 135.13 135.18 135.34 135.39 135.58 135.59 135.61 135.60 135.68 135.55 135.28 135.43 135.83 136.06
135.25 135.27 135.30 135.30 135.32 135.31 135.34 135.39 135.39 135.38 135.39 135.39 135.41 135.49 135.42 135.35 135.36 135.48 135.47 135.48 135.48 135.50 135.53 135.55 135.53 135.53 135.58 135.69 135.76 135.92 136.26 136.29 136.27 136.27 136.31 136.15 136.34 136.24 136.18 136.12 136.35 136.63 136.57 136.59 136.37 136.33 136.22 136.11 136.01 135.91 135.94 135.81 135.79 135.75 136.01 136.09 135.78 135.60 135.65 136.01 135.85 134.88 134.73 134.77 134.90 134.98 134.81 134.91 134.89 134.46 134.60 134.46 134.14 134.06 134.11 133.83 134.18 134.46 134.76 134.38 134.19 134.10 134.16 134.16 134.26 134.11 134.03 133.88 133.87 134.00 133.87 133.90 134.03 134.01 134.01 134.02 134.04 134.09 134.14 134.26 134.22 134.35 134.68 134.99 134.91 134.86 134.83 134.85 134.81 134.87 134.98 135.04 135.10 135.17 134.92 134.99 135.11 135.13 135.06 134.96 134.95 134.99 135.03 135.14 135.26 135.36 135.36 135.29 135.30 135.24 135.19 135.15 135.11 135.12 135.16 135.27 135.88 137.00 137.36 137.12 136.53 136.23 136.11 136.16 135.67 135.42 135.30 135.18 135.24 135.32 135.19 135.22 135.28 135.44 135.62 135.69 135.72 135.75 135.71 135.71 135.70 135.53 135.38 135.30 135.27 135.38 135.46 135.54 135.69 135.88 135.62 135.69 135.65 135.60 135.52 135.47 135.43 135.42 135.30 135.25
135.38 135.41 135.43 135.45 135.46 135.47 135.49 135.51 135.53 135.55 135.58 135.61 135.64 135.67 135.66 135.67 135.69 135.73 135.77 135.80 135.83 135.87 135.91 135.95 136.00 136.06 136.11 136.18 136.29 136.42 136.34 136.18 136.15 136.09 136.20 136.32 136.30 136.26 136.32 136.38 136.13 136.13 136.15 136.16 136.18 136.20 136.17 136.67 136.78 136.85 136.76 136.76 136.69 136.68 136.70 136.66 136.59 136.87 136.95 136.93 136.49 136.82 136.72 136.61 136.92 136.64 136.65 136.62 137.00 136.68 136.95 137.18 137.35 137.36 137.21 137.07 137.10 137.09 137.07 137.16 137.13 137.10 136.94 136.97 136.98 136.89 136.83 136.80 136.85 136.84 136.57 136.57 136.67 137.01 136.60 136.52 136.41 136.36 136.39 136.25 136.46 135.91 136.08 135.80 136.23 136.48 136.54 136.29 136.17 136.20 136.25 136.39 136.65 136.74 136.81 136.77 136.37 136.39 136.32 136.30 136.23 136.20 135.88 135.79 135.86 135.93 135.93 135.77 135.76 135.92 135.85 135.87 136.05 136.06 136.27 136.84 137.57 137.50 137.53 137.51 137.52 136.43 136.31 136.37 136.33 136.47 136.43 136.35 136.32 136.32 136.26 136.13 136.02 135.97 135.92 135.76 135.69 135.74 136.07 136.44 136.94 137.21 136.74 136.22 135.46 135.47 135.14 135.06 135.03 135.02 135.14 135.38 135.92 135.93 135.64 135.41 135.32 135.29 135.31 135.35
135.75 135.82 135.83 135.98 135.71 135.79 135.84 135.89 135.95 136.02 136.08 136.16 136.33 136.37 136.15 136.14 136.17 136.22 136.29 136.35 136.41 136.46 136.48 136.52 136.56 136.61 136.68 136.71 136.73 136.77 136.81 136.96 136.93 136.96 137.06 137.01 136.81 136.85 136.82 136.85 137.02 136.87 136.56 136.61 136.44 136.30 136.37 136.54 136.59 136.47 136.62 136.52 136.74 137.49 137.13 137.33 137.61 137.22 137.59 137.51 137.23 137.35 137.41 137.38 137.38 137.33 137.38 137.38 137.31 137.23 137.32 137.17 137.00 137.02 137.05 137.07 137.01 137.02 136.99 137.01 137.36 136.92 136.76 136.71 136.68 136.70 136.69 136.69 136.66 136.65 136.63 136.66 136.54 136.36 136.16 135.84 135.13 134.37 135.28 135.41 135.93 136.28 136.22 136.35 136.66 136.86 137.00 137.22 137.19 137.07 136.85 137.14 137.26 137.37 137.36 137.43 137.46 137.53 137.50 137.50 137.48 137.51 137.45 137.40 137.38 137.38 137.06 137.09 137.16 137.23 137.29 137.48 137.53 137.61 137.64 137.63 137.60 137.02 136.18 135.97 135.92 135.87 135.85 136.05 136.14 136.17 136.10 136.27 136.37 136.47 136.61 136.69 136.80 136.59 136.71 136.93 137.08 136.75 136.62 136.66 137.10 136.88 136.66 136.68 136.82 136.75 137.19 136.55 135.75 135.40 135.41 135.58 135.76 136.03 136.35 135.66 135.79 135.79 135.58 135.65
136.12 136.17 136.19 136.31 136.29 136.24 136.25 136.29 136.31 136.52 136.38 136.47 136.53 136.56 136.64 136.75 136.63 136.80 136.56 136.82 136.74 136.78 136.75 137.17 137.53 136.64 137.04 137.43 137.31 137.40 137.35 137.35 137.33 137.34 137.39 137.40 137.41 137.39 137.30 137.27 137.28 137.06 137.56 137.66 136.85 137.03 137.01 136.88 136.83 137.01 137.15 137.02 137.56 137.45 137.49 137.66 137.83 136.82 137.39 136.91 137.58 137.38 136.82 137.23 137.24 137.50 137.52 137.47 137.45 137.42 137.38 137.40 137.38 137.39 137.37 137.34 137.36 137.39 137.36 137.17 137.26 137.40 137.16 137.12 137.14 137.32 137.01 137.18 137.03 137.06 137.11 136.99 136.93 136.64 135.80 135.81 135.36 135.87 136.43 136.73 136.65 136.91 136.95 137.02 137.09 137.30 137.13 137.24 137.00 137.26 136.85 137.14 136.98 136.98 136.63 136.52 137.23 137.37 137.60 137.64 137.67 137.66 137.68 137.67 137.70 137.67 137.65 137.68 137.67 137.70 137.65 137.64 137.70 137.69 137.69 137.69 137.74 137.75 137.70 137.71 137.71 137.74 137.47 137.12 137.31 136.78 136.29 136.30 136.31 136.20 136.27 136.38 136.78 137.73 137.64 136.88 136.68 137.23 136.07 136.12 136.76 136.20 135.90 135.75 135.68 135.81 135.67 136.12 135.87 135.83 135.85 135.92 136.06 135.75 135.66 135.80 135.91 136.03 136.03 136.05
136.93 136.65 136.59 136.56 136.47 136.74 136.70 137.04 136.99 137.02 136.99 137.00 137.30 137.14 137.11 137.15 137.22 137.21 137.34 137.23 137.19 137.24 137.19 137.28 137.23 137.35 137.50 137.56 137.44 137.53 137.51 137.53 137.54 137.53 137.53 137.54 137.51 137.53 137.52 137.52 137.51 137.52 137.47 137.35 137.30 137.11 136.62 137.21 136.52 136.77 137.42 137.29 137.13 136.63 136.79 137.00 137.16 137.11 137.23 137.20 137.44 137.59 137.43 137.50 137.63 137.65 137.63 137.66 137.66 137.63 137.60 137.59 137.55 137.56 137.54 137.53 137.51 137.43 137.25 137.27 137.21 137.08 137.02 136.88 137.10 137.26 137.14 137.17 136.99 137.10 137.11 137.05 136.72 136.55 136.42 136.24 135.72 135.30 136.50 137.48 137.77 137.85 137.83 136.97 137.22 137.10 137.13 137.29 137.04 137.34 137.09 137.04 137.00 137.36 137.66 137.53 137.05 136.92 136.50 136.26 136.15 135.73 135.57 136.17 136.73 137.23 137.51 137.49 137.41 137.23 136.70 137.18 137.28 136.81 137.34 137.50 137.73 137.66 137.45 137.33 137.08 137.09 136.84 137.24 137.78 137.75 137.64 137.55 136.90 136.94 137.02 136.25 136.93 137.25 137.24 136.45 136.11 136.21 135.99 136.05 136.15 135.99 135.98 136.26 136.14 136.09 136.24 136.36 136.41 136.39 136.29 136.39 136.61 136.28 136.31 136.38 136.58 136.75 136.84 136.66
137.14 137.22 137.01 137.13 136.95 136.97 137.07 137.54 137.26 137.16 137.84 137.91 137.27 137.45 137.47 137.56 137.40 137.50 137.50 137.37 137.38 137.54 137.56 137.67 137.57 137.62 137.66 137.67 137.66 137.64 137.64 137.63 137.66 137.64 137.30 137.59 137.60 137.58 137.56 137.56 137.52 137.48 137.48 137.49 137.52 137.56 137.50 137.43 137.28 137.19 137.26 136.82 136.67 136.99 137.42 137.49 137.44 137.67 137.77 137.78 137.80 137.79 137.76 137.73 137.71 137.71 137.69 137.54 137.65 137.57 137.50 137.39 137.36 137.23 137.18 137.24 137.16 137.30 137.16 137.18 137.23 137.25 137.32 137.18 137.45 137.26 137.25 137.38 137.24 137.23 137.15 136.88 136.75 137.03 137.16 137.18 137.18 137.19 137.24 137.12 136.98 137.08 137.08 137.03 137.29 137.34 137.35 137.19 137.19 137.09 137.01 136.85 136.41 136.57 136.76 136.22 136.61 136.47 136.24 136.41 136.15 136.08 136.80 137.11 136.96 136.73 137.71 136.55 136.74 136.75 136.86 137.27 137.19 137.09 137.03 136.84 137.13 136.20 135.83 135.40 135.30 135.96 137.87 137.76 137.84 136.89 137.45 136.88 137.56 137.79 137.70 137.65 137.60 137.62 137.68 136.79 135.77 135.74 135.73 135.74 135.72 135.90 136.57 136.47 136.64 136.06 136.13 136.33 136.41 136.40 136.47 136.47 136.51 136.74 136.76 136.84 136.97 136.92 136.97 137.02
137.88 137.12 137.62 137.60 137.53 137.29 137.76 137.60 137.63 137.60 137.26 136.97 137.43 137.26 137.51 137.64 137.61 137.61 137.56 137.47 137.36 137.07 137.78 136.90 137.12 137.72 137.59 137.58 137.60 137.64 137.66 137.66 137.69 137.48 137.41 137.16 137.34 137.61 137.53 137.58 137.57 137.60 137.53 137.57 137.59 137.59 137.59 137.41 137.72 137.97 137.98 137.95 137.96 137.36 137.75 137.76 137.86 137.88 137.88 137.89 137.90 137.89 137.86 137.81 137.83 137.59 137.68 137.80 137.82 137.82 137.79 137.62 137.45 137.53 137.45 137.37 137.30 137.40 137.56 137.26 137.27 137.27 137.30 137.54 137.42 137.59 137.66 137.62 137.55 137.58 137.34 137.31 136.99 137.32 137.30 137.38 137.51 137.53 137.52 137.50 137.53 137.54 137.60 137.56 137.50 137.44 137.56 137.18 137.11 136.98 136.53 136.18 136.43 136.88 137.27 137.01 137.19 137.08 137.17 136.82 136.96 136.59 136.37 136.29 136.63 136.60 136.92 136.94 137.19 137.15 137.12 137.22 137.25 137.35 137.43 137.44 137.43 137.52 137.27 136.94 137.26 135.97 136.14 136.76 136.86 136.90 136.98 137.15 137.41 137.46 137.33 136.49 137.19 137.62 137.82 137.89 137.48 136.62 135.78 136.23 135.98 136.31 136.80 136.83 136.22 136.52 136.93 137.08 136.94 137.26 137.82 137.69 137.40 137.30 137.31 137.27 137.41 137.26 137.30 137.78
137.80 137.83 137.88 137.90 137.93 137.98 138.00 137.99 137.99 138.00 138.00 137.72 137.25 137.02 136.46 136.48 137.08 137.21 137.83 137.39 137.42 137.32 137.17 137.24 137.92 137.58 137.67 137.69 137.61 137.46 137.53 137.46 137.45 137.58 137.53 137.50 137.44 137.66 137.55 137.57 137.66 137.53 137.63 137.57 137.61 137.63 137.43 137.28 137.34 137.73 137.92 137.87 137.84 137.26 137.84 137.91 137.93 137.95 137.92 137.93 137.95 137.81 137.75 137.81 137.87 137.90 137.86 137.84 137.85 137.25 137.48 137.62 137.52 137.64 137.42 137.53 137.44 137.07 136.88 136.75 136.63 137.42 137.44 137.43 137.56 137.57 137.66 137.53 137.68 137.59 137.85 137.81 137.57 137.63 137.62 137.50 137.44 136.89 137.41 137.63 137.71 137.54 137.57 137.58 137.56 137.60 137.33 136.52 136.82 137.12 137.15 137.23 137.24 137.38 137.40 137.32 137.52 137.36 137.47 137.53 137.46 137.62 137.64 137.49 137.45 137.34 136.77 136.99 137.88 137.88 137.19 137.35 137.17 136.04 136.89 137.08 137.18 136.73 136.48 136.79 136.98 136.58 137.29 137.49 137.68 137.70 137.67 137.45 137.44 137.55 137.77 137.71 137.84 137.69 138.00 137.99 138.00 137.96 137.73 137.64 137.79 137.71 137.56 137.80 137.90 137.87 137.88 137.79 137.71 137.88 137.74 137.91 137.86 137.88 137.57 137.57 137.61 137.67 137.42 137.67
137.41 137.47 137.70 137.83 137.57 137.92 137.92 137.99 138.01 138.01 138.01 137.95 137.66 137.71 137.41 137.42 136.73 136.90 137.15 137.56 137.78 137.65 137.40 137.23 137.31 137.66 137.61 137.70 137.46 137.66 137.20 137.27 137.19 137.40 137.43 137.49 137.67 137.68 137.74 137.74 137.76 137.74 137.72 137.76 137.76 137.75 137.63 137.82 137.82 137.81 137.83 137.89 137.89 137.93 137.94 137.92 137.93 137.94 137.85 137.86 137.75 137.93 137.92 137.96 137.93 137.81 137.45 137.46 137.50 137.50 137.47 137.52 137.55 137.69 137.75 137.86 137.71 137.40 136.97 137.19 137.30 137.60 137.52 137.30 137.30 137.12 137.17 137.13 137.34 137.55 137.55 137.64 136.84 137.66 137.71 137.66 137.75 137.74 137.73 137.75 137.73 137.71 137.75 137.70 137.53 137.29 136.68 137.61 137.75 137.66 137.54 137.39 137.47 137.37 137.48 137.07 137.01 137.46 137.74 137.85 137.94 137.87 137.89 137.93 137.92 137.88 137.65 137.36 137.13 137.16 137.48 137.44 137.41 137.30 137.88 137.08 136.11 136.47 136.53 136.70 136.88 136.88 136.53 136.64 137.10 137.47 137.56 137.36 137.67 137.75 137.75 137.80 137.48 135.91 137.73 138.01 137.99 136.47 138.01 138.00 137.99 137.93 137.90 137.87 137.73 137.55 137.37 137.39 136.85 136.62 137.44 137.78 137.81 137.70 137.61 137.50 137.42 137.36 137.53 137.53
137.96 137.37 137.18 137.70 137.72 137.77 137.78 137.87 137.99 138.01 138.01 138.01 138.00 137.94 137.84 137.69 137.49 137.16 137.10 136.88 136.87 136.62 136.93 136.96 137.25 137.23 137.13 137.06 137.33 136.88 136.89 136.86 137.21 137.98 137.29 137.46 137.46 137.65 137.71 137.73 137.79 137.78 137.76 137.77 137.78 137.80 137.78 137.83 137.83 137.81 137.83 137.87 137.89 137.89 137.85 137.92 137.97 137.93 137.96 137.92 137.65 137.85 137.95 137.95 137.83 137.66 137.45 137.48 137.90 137.54 137.64 137.68 137.72 137.82 137.90 137.70 137.48 137.06 137.09 136.84 137.10 137.12 137.35 137.36 137.58 137.51 137.59 137.60 137.58 137.58 137.61 137.71 137.66 137.74 137.71 137.78 137.71 137.68 137.66 137.57 137.55 137.04 136.86 136.89 136.58 137.06 137.91 138.00 138.01 137.88 137.87 137.62 137.65 137.40 137.51 137.43 137.69 137.75 137.91 137.93 137.92 137.91 137.93 137.93 137.89 137.98 137.97 138.00 138.00 137.85 137.35 136.83 137.31 137.46 136.86 136.72 136.61 136.25 136.73 136.05 136.29 136.65 136.67 137.38 137.22 137.17 136.76 137.04 137.40 137.63 137.81 137.76 137.73 137.83 137.89 137.91 137.92 137.79 137.74 137.83 137.82 137.86 137.76 137.63 137.78 137.75 137.76 137.76 137.72 137.45 137.85 137.72 137.69 137.57 137.24 137.58 137.15 137.14 137.21 137.57
137.49 137.21 136.95 137.30 137.33 137.85 137.80 137.90 137.98 138.00 138.00 138.01 138.01 138.01 138.01 137.98 137.94 137.91 137.88 137.73 137.41 137.32 137.37 137.21 137.46 137.42 137.17 137.52 137.52 137.22 137.04 137.29 137.12 137.30 137.44 137.53 137.54 137.58 137.60 137.73 137.75 137.81 137.82 137.83 137.87 137.88 137.86 137.86 137.87 137.86 137.81 137.76 137.72 137.77 137.86 137.91 137.92 137.92 137.87 137.33 137.59 137.97 138.00 137.96 137.86 137.88 137.65 137.57 137.73 137.69 137.80 137.76 137.80 137.87 137.95 137.89 137.64 137.53 137.24 136.97 136.99 137.23 137.76 137.47 137.59 137.61 137.61 137.55 137.37 137.63 137.63 137.65 137.62 137.72 137.58 137.73 137.86 137.79 137.62 137.67 137.51 137.53 137.44 137.35 137.04 137.29 137.17 137.35 137.42 137.34 137.33 137.22 137.32 137.63 137.86 137.97 137.96 137.97 137.91 137.86 137.86 137.93 137.98 137.97 138.00 137.99 137.98 138.00 137.99 137.99 137.57 137.53 137.49 137.40 137.97 137.01 136.95 137.03 137.35 136.48 136.44 136.46 136.89 136.92 136.97 136.61 136.47 137.44 137.20 137.03 137.61 137.60 137.51 137.83 137.81 136.73 137.24 137.39 137.77 137.58 137.12 137.27 137.75 137.55 137.67 137.85 137.78 137.83 137.81 137.79 137.58 137.54 137.41 136.94 137.65 137.79 137.53 137.42 137.13 137.05
137.49 137.47 137.63 137.27 137.05 137.39 137.75 137.77 137.90 137.90 137.99 137.95 137.88 138.00 138.00 137.97 137.99 138.00 137.99 137.80 137.49 137.47 137.28 137.36 137.29 137.40 137.41 137.27 137.23 137.29 137.24 137.35 137.52 137.53 137.51 137.34 137.21 137.45 137.70 137.54 137.79 137.63 137.49 137.75 137.78 137.72 137.64 137.82 137.78 137.74 137.64 137.63 137.59 137.76 137.72 137.49 137.72 137.99 137.96 137.97 137.95 137.95 137.98 138.00 137.95 137.98 137.85 137.94 137.77 137.96 137.88 137.80 137.81 137.76 137.79 137.99 138.01 138.00 137.98 137.82 137.71 137.46 137.52 137.52 137.54 137.56 137.65 137.65 137.65 137.63 137.61 137.62 137.69 137.64 137.67 137.54 137.64 137.69 137.57 137.74 137.76 137.57 137.62 137.74 137.65 137.44 137.32 137.13 137.15 136.97 137.35 137.46 137.71 137.96 138.00 137.98 137.97 138.01 137.99 137.97 137.95 137.94 137.96 137.97 138.01 138.01 138.01 138.00 138.00 138.01 137.97 137.69 137.61 137.78 137.51 137.15 136.91 137.06 136.93 136.20 137.68 136.74 137.23 137.16 137.14 136.89 136.75 136.58 136.35 136.74 137.12 137.41 137.31 137.36 137.60 137.81 137.92 137.92 137.79 137.72 137.40 137.46 137.61 137.60 137.48 136.82 136.79 137.11 137.50 137.69 137.77 137.82 137.71 137.87 137.85 137.25 137.59 137.66 137.62 137.56
137.92 137.23 137.01 137.48 137.69 137.81 137.79 137.36 137.43 137.57 137.27 137.45 137.75 137.43 137.82 137.51 137.77 137.75 137.86 137.87 137.83 137.81 137.80 137.42 137.27 137.14 137.61 137.65 137.25 137.36 137.68 137.86 137.87 137.81 137.73 137.56 137.37 137.51 137.45 137.43 137.71 137.24 137.56 137.71 137.58 136.83 137.87 137.94 137.96 137.92 137.91 137.96 137.96 137.83 137.57 138.01 138.01 137.97 138.01 138.01 137.98 137.96 137.95 137.98 137.99 137.84 137.96 137.92 137.96 137.95 138.00 137.99 137.57 137.84 137.87 137.75 137.83 137.88 137.81 137.63 136.97 136.98 137.52 137.68 137.55 137.49 137.40 137.58 137.69 137.67 137.71 137.65 137.66 137.76 137.70 137.74 137.71 137.60 137.68 137.75 137.78 137.71 137.66 137.65 137.24 137.66 137.59 137.61 137.62 137.70 137.77 137.82 137.87 137.95 138.00 137.96 137.89 137.86 137.88 137.76 137.82 137.92 137.80 137.92 137.98 138.00 138.01 138.00 137.98 137.94 137.90 137.99 136.76 138.00 137.98 137.89 137.11 137.26 137.25 137.53 136.93 136.84 136.76 136.86 136.93 136.85 136.85 136.65 136.84 136.82 137.08 137.07 137.12 137.20 137.23 137.89 137.94 138.01 138.01 138.00 137.95 137.85 137.73 137.59 137.53 137.27 136.96 137.13 137.25 136.43 137.09 137.64 137.73 137.57 136.78 137.07 137.27 137.85 137.87 137.84
137.96 137.72 137.56 137.72 137.80 137.70 136.76 137.33 137.47 137.27 137.62 137.32 137.48 136.84 137.59 137.66 137.70 137.79 137.62 137.76 137.87 137.89 137.74 137.66 137.06 137.38 137.52 137.56 137.77 137.39 137.54 137.92 137.95 137.81 137.86 137.84 137.52 137.15 137.02 137.14 137.37 137.76 137.91 137.90 137.87 137.69 137.94 137.98 138.01 138.01 138.01 138.01 138.01 138.01 137.96 137.92 137.96 137.90 137.99 138.01 137.95 137.83 137.50 137.80 137.51 137.75 137.34 137.98 137.96 137.47 137.70 137.79 137.73 137.91 137.95 137.84 137.84 137.74 137.62 137.62 137.21 137.29 137.54 137.37 137.41 137.70 137.59 137.55 137.80 136.94 137.61 137.75 137.79 137.73 137.84 137.61 137.55 137.57 138.01 137.52 137.46 137.74 137.64 137.66 137.71 137.74 137.73 137.68 137.67 137.86 137.90 137.97 137.99 137.99 137.95 137.79 137.80 137.86 137.65 137.33 137.36 137.40 137.84 137.99 137.98 137.94 137.90 137.95 137.89 137.75 137.93 137.95 137.99 138.00 137.94 137.92 137.60 136.79 136.30 136.58 137.97 137.87 136.35 136.38 137.45 136.68 136.78 136.23 136.80 137.15 136.77 136.84 137.26 137.70 137.86 137.94 137.99 137.98 138.00 138.00 138.00 137.98 137.95 137.88 137.65 137.43 137.17 137.12 137.28 137.12 137.77 136.59 137.23 137.41 137.18 137.66 137.78 137.70 137.85 137.92
137.91 137.92 137.94 137.98 137.93 137.12 137.44 137.34 137.01 137.06 137.15 138.01 137.12 137.22 136.92 136.99 137.50 137.77 137.52 137.42 138.00 137.46 137.50 137.49 136.93 137.43 137.61 137.59 137.55 136.98 136.54 137.92 137.82 137.87 137.85 137.61 137.67 137.43 137.28 137.32 137.17 137.59 137.74 137.82 137.86 137.72 137.42 137.37 137.89 138.01 138.01 138.01 137.99 137.99 137.94 137.56 137.52 137.54 137.38 137.28 137.68 137.65 137.74 137.41 137.52 137.53 137.59 137.15 136.75 136.31 137.32 137.40 137.61 137.94 137.76 137.98 137.84 137.99 137.92 137.80 137.79 137.95 137.61 137.66 137.77 137.63 137.66 137.49 137.45 137.66 137.71 137.76 137.57 137.34 137.36 137.31 137.32 137.39 137.68 137.38 137.17 137.28 137.27 137.32 137.31 137.74 137.76 137.86 137.93 137.97 138.00 138.01 138.00 137.94 138.01 137.98 138.01 138.00 138.00 137.99 137.95 137.99 137.92 137.68 137.42 137.44 137.40 137.41 137.41 137.10 137.74 137.85 137.92 137.78 137.91 137.93 137.92 137.94 136.67 137.52 138.00 137.92 136.88 137.06 137.48 137.32 137.04 136.85 136.82 137.15 137.52 137.64 137.72 137.55 137.73 137.69 137.93 137.66 137.08 137.27 137.95 137.99 137.97 137.86 137.62 137.41 137.22 137.22 137.30 137.23 136.97 136.85 137.25 137.32 137.88 137.29 137.30 137.39 137.60 137.85
137.95 137.96 137.99 137.97 137.79 137.75 137.71 137.44 137.30 137.66 137.63 137.56 137.45 137.53 137.29 137.46 137.74 137.73 137.73 137.69 137.32 136.77 136.77 138.00 136.73 137.45 137.69 137.69 137.66 137.47 137.33 137.88 137.86 137.80 137.79 137.68 137.52 137.29 137.02 136.92 137.02 136.92 136.88 137.06 137.63 137.39 137.28 137.55 137.87 137.96 138.01 138.01 138.01 137.90 137.54 137.05 137.33 136.98 137.20 137.90 137.52 137.59 137.35 137.59 137.45 137.02 136.80 136.94 136.79 136.79 136.80 137.14 136.81 137.60 137.65 137.51 137.86 137.94 138.00 138.00 137.86 137.75 137.83 137.82 137.76 137.67 137.66 137.49 137.56 137.35 137.54 137.67 137.81 137.60 137.66 137.79 137.98 137.67 137.64 137.69 137.68 137.62 137.17 137.27 137.17 137.37 137.86 137.91 137.98 138.01 138.00 137.97 137.88 137.75 137.75 137.57 137.43 137.27 137.19 136.89 136.84 136.80 136.76 136.83 136.96 136.74 136.73 136.71 136.91 136.94 137.29 137.45 137.62 137.86 137.75 137.83 137.51 137.99 137.94 137.80 137.69 137.58 137.67 137.69 136.74 137.16 137.28 137.25 137.54 137.73 137.93 137.93 137.66 138.00 137.66 137.80 137.90 137.03 137.17 137.99 137.89 137.80 137.70 137.71 137.47 137.36 137.48 137.63 137.79 137.65 137.63 137.17 137.65 137.42 137.28 137.35 137.52 137.75 137.81 137.92
137.97 137.81 137.84 137.93 137.97 137.37 137.87 137.92 137.92 137.82 137.86 137.60 137.43 137.70 137.70 137.69 137.50 137.72 137.69 137.75 137.67 137.16 136.87 137.74 137.44 137.63 137.98 137.61 137.74 137.61 137.80 137.75 137.75 137.64 137.79 137.78 137.74 137.18 136.91 136.88 136.78 136.90 137.29 137.45 137.63 137.72 137.81 137.78 137.86 137.64 137.57 137.62 137.81 137.67 137.71 137.95 137.88 137.48 137.42 137.93 137.37 137.50 137.35 137.14 137.29 137.06 136.84 136.84 136.87 136.89 136.87 136.74 136.83 137.38 137.97 137.96 137.99 137.85 137.97 138.00 138.00 138.01 137.99 137.92 137.84 137.93 137.76 137.68 137.78 137.78 137.61 137.56 137.47 137.78 137.39 137.27 137.53 137.59 137.66 137.56 137.67 137.73 137.41 136.77 137.77 137.58 137.75 137.91 137.96 137.99 137.98 137.89 137.66 137.39 137.23 136.91 136.77 136.79 137.26 138.02 138.69 139.21 139.44 139.53 139.58 139.02 138.81 138.91 138.94 138.79 137.68 136.85 136.81 136.66 137.76 137.53 137.52 137.82 137.80 137.83 137.93 137.68 137.73 137.48 137.58 137.90 137.48 137.49 137.56 137.37 137.61 137.82 137.98 138.01 137.82 137.95 137.90 136.86 137.97 137.84 137.95 137.96 137.97 137.82 137.65 137.63 137.39 137.66 137.21 137.64 137.78 137.33 136.85 136.85 137.34 137.76 137.81 137.86 137.95 137.96
137.95 137.88 137.68 137.75 137.99 137.91 137.82 137.42 137.94 137.78 137.56 137.72 137.64 137.80 137.70 137.64 137.69 137.20 137.60 137.66 137.52 137.23 136.83 136.66 136.36 137.46 137.18 137.50 137.71 137.72 137.62 137.77 137.57 137.37 137.65 137.41 137.48 137.38 137.13 136.44 136.42 136.25 136.62 137.51 137.64 137.76 137.82 137.58 137.82 137.78 137.49 137.52 137.15 136.90 137.56 137.98 137.95 137.96 137.80 137.41 137.21 137.34 137.29 136.74 137.04 136.78 136.96 136.87 136.86 136.85 136.85 136.94 136.84 136.78 136.65 136.91 137.99 137.98 138.00 138.00 138.01 138.01 137.91 137.82 137.69 137.78 137.50 137.63 137.78 137.76 137.74 137.77 137.84 137.87 137.71 137.41 137.52 137.59 137.64 137.34 137.71 137.56 137.30 137.64 137.55 137.63 137.85 137.97 138.01 138.01 137.75 137.65 137.56 137.05 136.73 136.82 137.30 138.11 138.98 139.93 140.21 140.59 140.70 140.65 140.81 140.84 140.73 140.73 140.63 140.45 140.72 140.21 137.36 137.24 137.14 137.29 137.80 137.61 136.79 138.00 137.87 137.52 137.86 137.32 137.03 137.25 137.55 137.91 137.77 137.80 137.98 137.98 137.95 137.89 137.52 137.89 137.88 137.91 137.92 137.95 137.93 137.63 137.75 137.95 137.92 137.82 137.49 137.90 137.71 137.89 137.69 137.41 137.69 137.28 137.38 137.60 137.67 137.83 137.88 137.94
137.43 137.62 137.52 137.79 138.01 137.97 137.91 137.88 137.93 137.29 137.62 137.33 137.29 137.19 137.45 137.30 137.23 137.28 136.64 136.88 137.17 137.39 136.73 136.57 137.18 136.98 137.30 137.71 137.70 137.69 137.56 137.72 137.48 136.41 136.41 136.52 136.87 136.87 136.92 136.44 136.26 136.34 136.50 137.28 137.55 137.68 137.70 137.69 137.65 137.57 137.44 137.18 136.76 136.58 136.84 137.23 137.90 137.94 137.58 137.42 137.80 137.58 137.38 137.01 136.81 137.22 136.91 136.93 136.87 137.03 137.05 136.78 136.77 137.87 137.35 137.90 137.79 137.83 137.99 137.98 137.94 137.98 137.94 137.78 137.72 137.50 137.60 137.92 137.80 137.78 137.56 137.74 137.99 137.95 137.77 137.47 137.12 137.79 137.40 137.37 137.36 137.36 137.57 137.80 137.83 137.63 137.58 137.96 138.01 137.86 138.01 137.78 137.15 136.67 137.27 138.13 139.01 139.56 140.25 140.59 140.97 141.01 140.98 140.96 140.34 140.79 140.85 140.90 140.84 140.81 140.82 140.81 140.67 140.16 138.41 137.19 137.38 137.74 137.79 138.00 137.94 137.89 137.34 137.75 137.84 137.16 137.69 137.52 137.85 137.92 137.51 137.83 137.82 137.80 137.71 137.91 137.84 137.73 137.49 137.48 136.44 137.14 137.74 137.59 137.43 137.79 137.96 137.91 137.77 138.01 138.00 137.93 137.91 137.64 137.31 136.95 137.13 137.32 137.60 137.71
137.25 137.63 137.48 137.45 137.84 138.01 137.79 137.49 137.84 137.58 137.36 137.45 136.57 137.70 136.77 136.99 136.21 136.45 137.13 136.97 137.39 136.86 137.18 137.43 137.40 137.61 137.23 137.53 137.66 137.64 137.65 137.65 137.68 137.05 136.87 137.00 137.26 137.30 137.29 137.04 136.64 136.53 136.87 136.96 136.83 137.38 137.39 137.46 137.29 137.33 137.04 136.90 136.56 136.56 136.47 136.81 137.12 137.05 137.53 137.80 137.12 137.96 137.93 137.43 137.49 136.97 137.19 137.14 137.06 137.16 137.10 136.87 136.74 137.60 137.54 137.60 138.00 137.99 137.95 137.69 137.98 137.92 137.87 137.85 137.65 137.69 137.51 137.69 137.87 137.81 137.86 137.87 138.01 137.84 137.71 137.15 137.42 137.30 137.50 137.89 137.37 137.08 137.29 137.55 138.00 137.99 137.84 137.97 137.97 138.01 138.00 137.90 137.40 137.01 138.94 140.38 140.72 141.02 140.93 140.96 140.70 140.86 141.02 140.99 140.81 140.60 140.41 140.72 140.85 140.77 140.79 140.64 140.66 140.59 140.08 138.83 137.49 136.87 137.53 137.78 137.86 137.93 137.87 137.75 138.00 137.99 137.73 137.95 137.92 137.93 137.93 137.59 137.44 137.73 137.44 137.65 137.67 137.24 136.92 137.50 137.95 137.98 137.45 137.37 137.71 137.99 137.94 137.99 138.01 138.01 137.99 137.96 137.54 137.51 137.32 137.68 137.49 137.37 137.64 137.56
137.68 137.74 137.63 137.67 137.83 137.82 137.88 137.90 137.94 137.45 137.23 137.68 137.27 137.12 137.19 137.20 137.81 137.13 137.46 137.55 137.37 137.57 137.79 137.29 137.57 137.69 137.62 137.52 137.53 137.49 137.38 137.47 137.41 137.23 137.24 137.21 137.24 137.27 137.36 137.37 137.08 136.99 137.15 137.06 137.00 137.21 137.21 137.02 136.85 136.67 136.60 136.59 136.54 136.07 135.87 136.98 137.35 137.46 137.73 137.89 137.96 137.97 137.92 137.85 137.44 136.76 136.77 138.20 137.96 137.40 137.23 137.00 136.94 137.31 137.64 137.43 137.97 137.96 137.92 137.76 137.79 137.90 137.75 137.72 137.67 137.60 137.60 137.89 137.89 137.84 137.77 137.82 137.85 137.80 137.66 137.70 137.46 137.48 137.43 137.90 136.67 137.29 137.45 137.50 137.90 137.49 137.88 137.97 138.01 138.01 138.00 138.00 137.39 137.49 140.41 140.74 140.99 140.94 140.92 141.02 140.98 141.03 140.96 140.97 140.89 141.03 140.94 140.68 140.69 140.93 140.77 140.69 140.70 140.60 140.05 139.68 138.15 136.75 137.28 137.60 137.85 137.74 136.92 137.98 138.01 137.89 137.98 137.87 137.70 137.95 137.78 137.61 137.73 137.63 137.68 137.44 137.24 137.32 136.82 136.10 137.16 137.09 137.53 137.99 137.98 137.99 137.76 138.01 137.84 137.87 137.99 137.96 137.55 137.58 137.44 136.91 136.96 137.48 137.61 137.55
137.96 137.52 138.00 137.80 137.96 137.82 137.88 137.86 137.70 137.53 137.25 137.28 137.15 136.97 137.28 137.31 137.61 137.65 137.57 137.55 137.13 137.33 137.49 137.50 137.25 137.52 137.62 137.62 137.06 137.32 137.20 137.43 137.46 136.98 137.16 137.16 137.18 137.28 137.44 137.51 136.98 136.77 135.73 135.79 136.63 137.02 136.88 136.64 136.68 136.40 136.29 136.31 136.21 136.31 136.36 137.08 137.16 137.21 137.40 137.69 137.68 137.74 137.90 137.69 137.63 137.69 137.08 136.88 136.78 136.70 136.78 136.83 137.56 137.30 137.51 138.00 137.98 138.01 137.98 138.00 137.96 137.35 137.71 137.85 137.77 137.77 137.67 137.91 137.90 137.76 137.70 137.77 137.82 137.78 137.76 137.59 137.63 137.57 137.74 137.43 137.37 137.46 137.32 136.95 137.01 137.27 137.82 137.79 137.93 137.91 138.01 137.89 137.10 138.63 140.66 141.04 141.03 140.98 141.02 141.00 141.00 141.04 141.00 141.02 141.04 140.75 140.87 140.83 140.97 140.86 140.72 140.71 140.56 140.25 139.12 138.99 138.20 136.95 137.15 137.29 137.58 137.50 137.84 137.90 137.96 137.93 137.97 137.90 137.88 137.93 138.00 137.95 137.91 137.73 137.69 137.45 137.21 137.20 137.26 137.27 137.07 137.17 137.71 138.01 138.00 137.93 138.00 137.99 137.85 137.94 137.94 137.98 137.08 137.71 137.74 138.01 137.49 137.68 137.86 137.84
137.99 137.99 137.99 137.98 138.01 137.77 137.83 137.76 138.00 137.85 137.44 137.66 137.74 137.35 137.57 137.43 137.09 137.33 137.02 137.37 137.06 137.53 137.49 137.48 137.32 136.53 137.05 137.21 137.42 137.00 136.87 137.13 136.97 136.98 136.76 137.05 137.12 137.28 137.31 135.18 134.82 134.62 132.53 132.22 132.31 134.99 134.98 134.99 135.84 136.22 135.92 136.30 136.06 136.25 136.22 136.28 136.38 136.89 137.56 137.51 137.22 136.69 137.79 137.87 137.93 137.71 137.80 137.50 137.05 136.96 137.06 137.55 137.31 137.88 137.89 137.91 137.97 137.16 137.99 137.89 138.00 137.98 137.83 137.84 137.73 137.73 137.67 137.92 137.95 137.88 137.74 137.80 137.69 137.71 137.76 137.43 137.27 137.65 137.64 137.54 137.26 137.29 136.88 136.64 137.91 137.39 137.71 137.91 137.95 137.98 137.97 137.95 137.15 138.68 140.31 141.04 140.94 140.79 141.03 141.04 141.00 141.01 141.00 140.98 141.02 140.76 140.94 141.01 140.92 140.98 140.87 140.69 140.03 139.35 138.98 138.63 137.74 136.83 136.72 137.24 136.96 137.86 137.90 137.95 137.56 137.83 137.98 138.00 138.01 138.01 137.99 137.90 137.95 137.69 137.59 137.55 137.35 137.60 137.63 137.45 137.37 137.34 137.79 137.96 137.99 137.97 137.97 137.95 137.55 137.85 137.85 137.35 137.27 137.81 137.75 137.67 137.84 137.94 137.99 137.86
137.91 138.00 137.89 137.71 138.00 137.58 137.94 137.88 137.41 137.67 137.86 137.83 137.59 137.33 137.79 137.60 137.78 137.41 137.60 137.68 137.77 137.22 137.78 137.79 137.60 137.60 137.41 137.20 137.32 137.22 137.11 135.15 136.35 136.78 136.78 136.95 137.09 137.06 136.32 136.19 135.55 134.10 133.70 133.80 134.23 134.38 134.26 134.55 133.87 135.12 135.92 135.96 136.00 136.11 136.27 136.31 136.55 136.87 136.95 137.39 137.40 137.52 137.15 137.34 137.74 137.26 137.93 137.25 137.43 137.38 137.42 137.44 137.81 137.95 137.88 137.92 137.96 138.01 138.00 138.00 138.00 137.93 137.83 137.88 137.87 137.73 137.92 137.92 137.89 137.84 137.96 137.97 137.94 137.70 137.68 137.59 137.60 137.54 137.52 137.70 137.32 137.40 137.13 137.24 137.15 137.11 137.64 137.92 137.99 138.00 137.98 137.75 137.04 137.43 140.16 141.04 140.94 140.95 140.99 141.00 140.99 141.03 141.00 140.98 141.02 140.92 141.04 140.99 141.03 140.91 140.75 140.28 139.53 139.07 138.39 137.96 137.66 137.26 136.78 137.59 137.76 137.69 137.99 137.90 137.96 138.01 137.63 138.01 137.71 138.00 138.00 137.97 137.97 137.91 137.71 137.85 137.71 137.50 137.85 137.79 137.58 137.47 137.49 137.62 137.86 137.92 138.01 137.98 137.85 137.81 137.94 137.85 137.98 137.95 137.96 137.84 137.91 137.98 138.01 138.01
138.00 137.96 138.00 137.86 137.80 137.95 138.00 137.60 137.20 136.59 136.30 137.16 137.10 137.78 137.97 137.96 137.96 137.96 137.88 137.84 137.83 137.81 137.57 137.74 137.50 137.18 137.27 136.85 136.73 137.21 137.11 136.24 136.40 135.76 136.52 135.56 136.20 134.08 134.23 136.14 134.02 133.10 134.61 134.65 134.53 134.48 134.71 135.50 134.82 134.79 134.55 135.24 135.91 136.40 136.41 136.56 136.45 137.01 137.12 136.95 136.94 137.59 137.58 137.81 137.89 137.62 137.87 137.88 137.56 137.65 137.95 137.90 137.90 137.76 137.86 137.98 138.00 138.00 137.98 138.00 137.95 137.89 137.73 137.82 137.91 137.79 137.78 137.74 137.85 137.86 137.92 137.98 137.96 137.88 137.59 137.78 137.54 137.47 137.71 137.66 137.27 137.24 137.10 137.25 137.40 137.36 137.97 137.74 137.96 137.95 137.90 137.88 137.70 137.52 138.62 140.87 140.98 140.77 140.36 141.04 141.03 141.03 140.98 141.00 140.96 141.00 140.98 141.01 140.99 140.95 140.83 139.97 138.91 138.45 137.81 137.45 136.90 136.74 137.18 137.60 137.86 137.99 137.94 137.97 137.92 137.94 138.01 138.01 138.01 137.98 138.00 138.00 137.99 137.97 137.91 137.93 137.95 137.93 137.85 137.42 137.67 137.58 137.28 137.26 137.78 137.84 137.97 137.91 137.93 137.97 138.00 138.00 138.00 137.99 137.93 137.82 138.00 137.98 138.00 137.87
137.97 137.81 137.97 137.68 137.98 137.70 137.49 137.74 137.27 136.61 136.48 137.25 137.76 137.87 137.94 137.90 137.95 136.92 137.85 137.81 137.77 137.62 137.57 137.49 137.06 137.28 137.12 136.99 136.47 136.62 136.31 136.18 136.28 135.99 136.14 136.31 135.58 133.97 134.08 134.02 133.38 134.58 135.37 135.24 134.89 135.19 134.98 135.07 135.37 135.42 135.21 134.27 135.15 136.28 136.62 136.82 136.82 136.84 136.86 136.95 137.12 137.28 137.27 137.95 137.93 137.60 137.77 137.93 137.90 137.88 137.85 137.57 137.99 137.99 138.01 138.00 137.99 138.00 137.86 138.01 137.96 137.83 137.92 137.84 137.89 137.70 137.59 137.72 137.81 137.83 137.87 137.95 137.92 137.67 137.70 137.68 137.82 137.79 137.54 137.42 137.43 136.94 137.06 137.35 137.52 137.49 137.51 137.79 137.87 137.97 137.97 137.84 137.88 137.83 136.86 138.61 141.04 140.95 140.66 140.55 141.03 141.04 140.35 140.64 140.99 141.00 141.01 140.96 140.99 140.91 140.31 138.26 137.48 137.41 137.11 136.78 136.94 136.76 136.82 136.89 137.61 138.00 137.64 137.96 137.86 137.93 137.98 137.99 138.01 138.00 138.01 137.95 137.62 137.58 137.69 137.87 137.70 137.56 137.78 137.89 137.77 137.54 137.73 137.88 137.83 137.84 137.75 137.88 137.84 137.58 137.91 138.01 137.96 137.95 138.00 137.99 137.90 137.97 138.00 137.78
138.00 137.98 137.69 137.60 137.73 137.08 137.43 136.61 136.65 137.17 137.14 137.34 137.81 137.89 137.92 137.85 137.96 137.96 137.81 137.81 137.25 137.64 137.59 137.57 137.32 137.09 137.10 136.92 136.71 136.44 136.28 135.41 135.84 135.61 135.25 135.45 134.72 133.61 133.42 132.62 132.90 134.62 135.57 135.13 135.92 135.22 136.18 136.26 135.99 136.04 135.39 134.36 133.44 135.29 136.24 136.80 136.77 136.85 136.89 136.88 137.22 137.57 137.37 137.94 137.96 137.98 137.97 137.97 137.95 137.89 137.96 137.81 137.78 137.98 137.85 138.00 137.90 138.00 138.01 138.00 138.01 137.95 137.92 137.91 137.89 137.82 137.79 137.72 137.72 137.76 137.80 137.59 137.76 137.86 137.72 137.80 137.66 137.81 137.62 137.20 137.34 137.19 136.95 137.14 137.37 137.46 137.45 137.40 137.85 137.97 137.91 137.89 137.78 137.87 137.94 136.93 139.59 140.78 141.02 140.85 140.85 140.49 140.90 140.97 141.03 141.02 140.95 140.94 140.22 139.17 138.51 137.21 136.68 136.69 136.71 136.72 136.90 136.78 137.05 137.17 137.63 138.00 137.95 137.92 137.85 137.82 137.91 137.89 137.94 137.98 137.97 137.87 137.80 137.66 137.25 137.16 137.25 137.23 137.70 137.44 137.70 137.85 137.56 137.75 137.67 137.63 137.84 137.92 137.97 137.83 137.84 137.91 137.76 137.98 137.99 138.01 138.01 138.00 137.93 137.86
138.01 137.81 137.75 137.71 137.23 137.30 136.84 137.23 137.35 137.22 137.38 137.41 137.68 137.83 137.96 137.96 137.96 137.66 137.62 137.81 137.54 137.58 137.52 137.47 137.30 137.25 137.06 136.88 136.57 136.26 135.97 135.80 135.74 135.10 134.93 135.53 134.60 133.38 133.53 132.60 133.73 134.66 135.08 135.72 135.97 136.20 136.22 136.44 136.43 136.55 135.58 134.36 134.80 134.92 135.09 135.05 136.46 136.96 136.99 137.28 137.57 137.82 137.93 137.95 137.99 137.98 137.99 138.01 138.00 138.00 138.01 137.70 137.99 137.94 137.85 137.99 138.01 138.01 137.99 137.98 137.87 137.88 137.95 137.99 137.93 137.83 137.67 137.57 137.71 137.74 137.74 137.79 137.62 137.77 137.80 137.74 137.78 137.71 137.68 137.37 137.34 137.68 137.46 137.30 137.52 137.63 137.69 137.48 137.83 137.93 137.97 137.88 138.00 137.98 137.73 137.74 136.95 137.06 137.61 140.57 140.93 140.99 140.89 141.00 140.94 140.98 140.75 140.33 137.67 136.71 137.24 136.91 136.83 136.85 136.93 137.38 137.43 137.08 137.15 137.53 137.63 137.93 137.98 137.88 137.84 137.72 137.80 137.79 137.80 137.84 137.90 137.80 137.67 137.68 137.42 137.36 137.77 137.19 137.04 136.87 137.76 137.92 137.91 137.82 137.91 137.93 137.96 137.96 137.98 137.90 137.88 137.94 137.84 137.96 137.95 137.82 137.95 137.99 137.99 137.96
138.01 137.82 136.79 137.69 137.22 137.06 137.48 137.10 137.44 137.29 137.28 137.44 137.83 137.91 137.95 137.93 137.92 137.17 137.85 137.83 137.67 137.52 137.51 137.41 137.34 137.20 137.05 136.77 136.45 136.16 135.89 135.55 135.33 135.28 135.24 134.37 134.42 133.87 132.28 131.23 133.62 134.83 135.29 135.63 135.98 136.28 136.46 136.59 136.69 136.69 136.65 136.51 135.81 135.83 135.73 134.95 135.27 135.82 136.95 137.22 137.62 137.95 137.99 137.98 137.62 137.98 137.94 137.98 138.01 138.01 137.97 137.85 138.00 137.97 138.01 137.98 138.01 138.01 137.90 137.97 137.98 137.98 138.01 137.99 137.90 137.88 137.80 137.68 137.61 137.71 137.67 137.80 137.86 137.82 137.80 137.75 137.77 137.46 137.70 137.45 137.78 137.81 137.62 137.59 137.78 137.84 137.88 137.83 137.46 137.93 137.79 137.98 137.96 137.96 137.87 137.87 137.53 137.57 136.91 136.89 137.05 136.97 138.22 140.05 138.92 139.20 137.75 138.27 136.67 137.00 137.35 137.66 137.28 137.10 137.33 137.72 137.57 137.58 137.67 137.98 137.99 138.00 137.95 137.89 137.87 137.80 137.78 137.82 137.82 137.84 137.86 137.73 137.72 137.41 137.58 137.25 136.82 137.05 137.58 136.80 137.62 137.88 137.95 137.71 137.96 137.49 137.94 137.98 137.92 137.86 137.94 137.89 137.78 137.85 137.78 137.94 137.89 137.95 137.99 138.01
137.96 137.78 137.72 137.65 137.29 137.20 137.65 136.93 137.33 137.59 137.51 137.71 137.72 137.82 137.95 137.85 137.95 137.47 137.84 137.46 137.48 137.50 137.40 137.38 137.21 137.11 136.97 136.84 136.40 136.08 135.72 135.38 134.94 134.97 134.78 134.98 135.20 133.64 133.32 131.50 133.90 134.87 135.27 135.70 136.07 136.37 136.58 136.72 136.81 136.96 136.95 137.01 136.78 136.18 136.19 136.30 136.59 136.57 136.49 136.48 136.27 137.66 137.99 138.00 137.99 137.99 138.01 137.93 138.01 137.99 138.00 137.71 137.63 137.59 137.93 138.01 137.98 137.98 137.90 137.90 137.92 137.93 137.97 138.01 138.00 137.91 137.96 137.97 137.81 137.75 137.72 137.84 137.85 137.59 137.70 137.78 137.78 137.59 137.59 137.58 137.77 137.82 137.57 137.69 137.86 137.79 137.87 137.59 137.28 137.47 137.84 137.90 137.99 137.90 137.91 137.93 137.83 137.63 137.70 137.46 137.25 137.18 136.90 136.80 136.74 136.71 137.27 136.88 136.64 137.07 137.66 137.30 137.34 137.48 137.89 137.77 137.33 137.70 137.72 137.67 137.97 137.84 137.80 137.80 137.81 137.82 137.82 137.82 137.77 137.75 137.72 137.55 137.17 137.08 136.97 137.22 137.66 136.90 136.98 137.53 137.25 137.58 137.88 137.88 138.00 137.61 137.96 137.82 137.95 137.98 137.97 137.91 137.69 137.51 137.56 137.81 137.82 137.84 137.97 137.98
137.94 137.67 137.88 137.73 137.66 137.66 137.76 137.93 137.63 137.83 137.71 137.96 137.96 137.96 137.98 137.91 137.93 137.72 137.46 137.78 137.50 137.42 137.37 137.26 137.14 136.95 136.81 136.64 136.26 135.80 135.43 135.12 134.83 134.63 134.56 133.80 134.24 134.64 133.31 133.69 134.19 134.79 135.34 135.72 135.96 136.24 136.42 136.67 136.81 136.83 137.00 137.05 136.80 136.42 135.52 136.27 136.59 136.75 136.76 136.62 135.88 137.10 137.92 137.95 137.98 137.99 137.99 137.78 137.90 137.95 137.97 137.98 137.86 137.45 137.23 137.89 137.82 137.79 137.55 137.85 137.84 137.87 137.58 137.96 137.74 138.00 138.01 138.01 138.01 137.78 137.95 137.90 137.96 137.54 137.81 137.78 137.79 137.49 137.23 137.74 137.74 137.68 137.73 137.75 137.66 137.37 137.64 137.18 137.01 137.34 137.55 137.64 137.86 137.77 137.90 137.87 137.96 137.87 137.71 137.53 137.34 137.50 137.59 136.95 137.41 136.76 136.88 137.54 137.67 137.88 137.68 137.93 137.94 137.80 137.93 137.89 137.89 138.00 137.55 137.86 137.79 137.67 137.57 137.60 137.67 137.70 137.80 137.74 137.71 137.62 137.58 137.42 137.12 136.76 136.91 137.16 137.42 137.12 136.64 137.05 136.95 137.31 137.62 137.89 137.69 137.71 137.94 137.69 137.88 137.89 137.94 137.74 137.52 137.77 137.88 137.78 137.85 137.99 137.99 137.98
137.88 137.98 137.73 137.75 137.70 137.76 137.89 137.94 137.95 138.00 138.00 137.99 137.97 137.99 137.97 138.01 137.27 137.45 137.80 137.55 137.54 137.33 137.32 137.23 137.07 136.81 136.59 136.25 135.85 135.45 135.08 134.67 134.45 134.32 134.39 134.31 133.37 133.80 133.24 133.55 134.12 134.76 135.15 135.44 135.71 135.95 136.21 136.45 136.72 136.86 137.10 137.10 137.09 136.77 136.04 136.23 136.55 136.57 136.54 136.19 135.48 137.27 137.86 137.89 137.74 137.84 137.95 137.79 137.96 137.95 137.88 138.00 138.01 137.78 137.59 137.43 137.89 137.79 137.82 137.74 137.74 137.82 137.80 137.53 137.87 138.00 137.98 137.95 137.99 137.65 137.97 137.90 137.99 137.92 138.00 137.83 137.77 137.94 137.52 137.43 137.57 137.41 137.21 137.10 137.33 137.66 137.07 137.03 136.75 137.28 137.49 137.79 137.72 137.47 137.44 137.63 137.94 138.00 137.92 137.94 137.61 137.76 137.58 137.39 137.38 136.96 137.45 137.76 137.88 137.94 137.98 137.95 137.93 137.93 137.89 137.55 137.07 137.23 137.52 137.76 137.61 137.47 137.22 137.34 137.58 137.66 137.70 137.76 137.58 137.54 137.48 137.43 137.58 137.47 137.52 137.10 137.48 137.11 136.78 137.09 136.73 137.46 137.62 137.78 137.77 137.87 137.83 137.85 137.86 137.96 137.80 137.96 137.80 137.86 137.91 137.89 137.80 137.99 137.96 137.98
137.90 137.94 137.75 137.76 137.74 137.75 137.89 137.98 137.94 137.98 137.93 137.98 138.00 137.93 137.98 138.01 137.90 137.71 137.73 137.58 137.44 137.30 137.25 137.11 136.94 136.73 136.34 135.86 135.31 134.85 134.51 134.12 133.89 133.86 134.02 133.47 133.66 132.86 133.02 133.60 134.03 134.49 134.78 135.07 135.40 135.63 135.97 136.22 136.48 136.69 136.83 137.02 137.06 136.70 136.23 136.51 136.13 136.43 136.12 135.76 135.85 136.21 137.79 137.78 137.81 137.75 137.93 137.96 137.95 137.96 137.90 137.96 137.99 137.96 137.54 137.24 137.62 137.77 137.63 137.58 137.68 137.72 137.77 137.58 137.70 137.57 137.95 137.94 138.00 137.98 137.91 137.99 138.01 137.95 137.89 137.87 137.78 137.56 137.52 137.64 137.71 137.77 137.02 137.33 137.53 137.46 137.62 136.84 136.75 137.16 137.46 137.22 137.56 137.57 137.64 137.79 137.83 137.88 138.01 137.94 137.86 137.73 137.63 137.49 137.83 137.78 137.64 137.91 137.96 137.97 137.99 137.95 138.01 137.88 137.66 137.44 136.53 136.67 137.40 137.31 137.49 137.47 137.18 136.88 137.60 137.68 137.69 137.71 137.69 137.54 137.35 137.14 136.87 137.17 137.73 137.18 137.34 137.27 136.86 137.46 137.35 137.49 137.40 137.39 137.79 137.87 137.96 137.86 137.71 138.00 138.01 137.94 137.97 138.01 137.99 137.86 137.64 137.93 137.93 137.80
137.43 137.66 137.67 137.55 137.76 137.90 137.96 137.78 137.82 138.00 137.95 137.96 137.98 137.97 138.01 137.96 137.77 137.89 137.60 137.58 137.45 137.25 137.12 136.88 136.72 136.46 136.08 135.36 134.44 133.95 133.63 133.48 133.33 133.47 133.73 131.95 133.33 132.75 132.91 133.23 133.44 133.85 134.18 134.50 134.89 135.27 135.66 135.94 136.27 136.49 136.63 136.74 136.88 136.83 136.43 136.01 135.99 135.98 136.12 136.01 135.64 136.99 137.65 137.61 137.74 137.84 137.98 137.96 137.97 137.95 137.97 138.01 137.97 137.69 137.02 137.00 137.08 137.74 137.50 137.52 137.24 137.59 137.66 137.70 137.47 137.36 137.83 137.97 137.94 137.94 137.99 138.01 138.01 138.01 137.91 137.85 137.73 137.71 137.83 137.36 137.63 137.69 137.19 137.47 137.14 137.43 136.82 136.66 137.13 137.15 136.98 137.30 137.29 137.45 137.54 137.61 137.68 137.65 137.69 138.01 137.98 137.93 137.93 137.93 137.91 138.00 137.95 137.97 137.99 137.95 137.94 137.67 137.56 137.66 137.54 137.32 136.93 136.80 137.18 137.35 137.57 137.59 137.73 137.72 137.62 137.65 137.67 137.68 137.59 137.51 137.59 137.15 136.94 137.03 137.39 137.49 137.41 137.54 137.16 137.49 137.57 137.42 137.34 137.27 137.65 137.67 137.62 137.56 137.92 138.01 137.98 137.92 137.89 137.73 137.94 137.90 137.95 138.00 137.91 137.43
137.46 137.46 137.55 137.81 137.83 137.93 137.97 137.82 137.92 137.95 137.99 138.00 137.98 137.82 138.01 137.95 137.96 137.96 137.79 137.54 137.42 137.26 136.92 136.63 136.43 136.13 135.63 134.45 133.43 132.79 132.69 132.79 133.00 133.19 132.83 132.11 132.56 132.79 132.62 132.48 132.61 133.07 133.52 133.86 134.42 134.87 135.28 135.59 135.95 136.25 136.37 136.58 136.60 136.68 136.33 135.95 135.42 135.45 136.01 135.89 135.64 137.11 137.60 137.19 137.52 137.33 136.86 137.37 137.95 137.95 137.88 137.90 137.99 137.72 137.01 137.07 137.02 137.72 137.42 137.67 137.47 137.56 137.54 137.55 137.51 137.57 137.75 137.75 137.74 137.93 138.00 138.00 138.01 137.95 137.97 137.89 137.80 137.83 137.61 137.95 137.69 137.54 137.22 137.21 137.19 137.13 137.24 136.79 137.24 137.18 137.32 137.19 137.00 136.99 137.28 137.32 137.46 137.85 137.89 137.62 137.90 137.86 137.90 137.95 137.92 138.01 138.00 138.00 137.93 137.94 137.63 137.61 136.90 137.22 137.33 137.20 136.71 136.73 137.21 137.42 137.64 137.66 137.73 137.78 137.66 137.63 137.61 137.56 137.53 137.34 137.46 137.39 137.11 137.21 137.11 137.14 137.39 137.56 137.39 137.73 137.56 137.53 137.35 137.20 137.87 137.25 137.49 137.64 137.91 137.86 137.93 137.82 137.81 137.69 137.55 137.84 137.87 137.98 137.81 137.99
138.00 137.44 137.96 137.87 137.99 138.01 137.47 137.71 137.97 137.95 137.95 138.00 137.97 137.98 138.00 137.96 137.47 137.98 137.94 137.61 137.47 137.22 136.96 136.67 136.27 135.75 134.84 133.27 131.62 131.12 131.64 132.31 132.52 132.83 133.00 132.92 133.13 133.16 132.36 131.96 131.92 132.58 132.99 133.37 133.94 134.58 135.02 135.35 135.58 135.75 135.77 136.19 136.39 136.39 136.06 135.94 135.54 136.47 135.82 136.66 136.91 137.50 137.43 137.38 137.21 136.97 136.69 137.12 137.09 137.98 137.98 137.91 137.95 137.89 137.33 137.35 137.15 137.37 137.53 137.59 137.54 137.53 137.58 137.39 137.59 137.64 137.63 137.77 137.84 137.89 137.81 137.95 137.96 138.00 137.97 137.97 137.94 137.85 137.53 137.81 137.42 137.50 137.39 137.10 137.21 136.98 137.10 137.07 136.94 137.01 137.33 136.94 136.77 136.75 136.84 136.50 137.32 137.84 137.85 137.87 137.60 137.88 137.87 137.81 137.89 137.98 137.84 137.97 137.84 137.62 137.49 136.78 136.69 136.75 137.00 136.90 136.68 136.86 136.91 137.28 137.53 137.68 137.65 137.67 137.74 137.67 137.53 137.59 137.36 137.41 137.36 137.49 137.04 136.78 137.56 137.68 137.20 137.61 137.69 137.53 137.57 137.48 137.21 137.39 137.71 137.78 137.70 137.72 137.86 137.92 137.72 137.11 137.43 137.54 137.76 137.40 137.67 137.15 137.93 137.96
137.91 137.99 137.98 137.91 137.99 137.98 137.81 137.53 137.68 137.56 137.77 137.97 138.00 137.98 137.99 137.97 137.98 137.98 137.94 137.78 137.58 137.28 137.00 136.67 136.17 135.50 134.43 132.20 129.62 129.08 130.50 131.79 132.20 132.32 132.43 133.22 132.94 132.88 132.18 131.86 131.90 133.29 132.46 133.03 133.64 134.22 134.78 135.12 135.38 135.56 135.61 136.38 135.78 136.64 137.02 137.40 137.08 136.53 137.63 137.53 137.17 137.16 137.10 137.31 137.13 136.82 137.32 137.38 137.75 136.97 137.63 137.98 137.89 137.76 137.69 137.36 137.46 137.17 136.98 137.46 137.51 137.50 137.53 137.53 137.71 137.66 137.54 137.72 137.86 137.65 137.80 137.87 137.96 138.01 137.89 138.01 137.97 137.88 137.81 137.81 137.78 137.60 137.33 137.16 136.98 137.31 137.03 137.01 136.89 136.82 136.82 136.98 136.61 136.95 136.85 137.04 137.08 137.68 137.79 137.69 137.75 137.83 137.81 137.80 137.63 137.89 137.92 137.92 137.83 137.72 136.94 136.70 136.42 136.87 136.81 137.01 136.64 136.81 137.37 137.40 137.74 137.67 137.74 137.69 137.73 137.68 137.43 137.30 137.26 137.30 137.29 137.11 137.38 137.06 137.71 137.70 137.34 137.32 137.60 137.67 137.48 137.54 137.27 137.15 137.42 137.95 137.96 137.98 137.99 137.71 137.51 137.29 137.22 137.31 137.36 137.22 137.10 137.32 137.10 137.33
137.14 137.44 137.06 137.02 137.84 137.91 137.76 137.47 137.67 137.65 137.79 137.83 137.80 137.92 137.90 137.90 137.94 138.01 137.98 137.87 137.66 137.46 137.06 136.67 136.02 135.37 134.39 132.46 129.70 127.58 128.71 131.79 132.10 132.11 132.01 132.77 132.67 132.32 131.77 131.48 132.02 132.42 132.35 132.95 133.46 133.95 134.74 134.97 135.20 135.45 135.32 136.04 137.69 137.16 137.64 137.66 136.31 134.71 134.52 135.71 136.42 136.63 136.90 137.12 137.50 137.42 137.56 137.67 137.75 137.96 137.07 137.63 137.03 137.28 137.58 137.22 137.04 137.25 137.08 137.03 137.43 137.43 137.38 137.49 137.44 137.52 137.32 137.60 137.54 137.73 137.72 137.58 137.94 137.97 137.98 138.01 137.97 137.85 137.21 137.52 137.82 137.85 137.53 137.35 137.26 136.98 136.95 137.02 136.82 136.85 137.18 136.95 137.02 136.77 137.00 137.12 137.04 137.26 137.55 137.40 137.51 137.69 137.67 137.61 137.38 137.81 137.84 137.91 137.83 137.81 137.63 137.01 136.52 136.73 136.68 137.14 136.87 137.27 137.54 137.56 137.82 137.77 137.67 137.73 137.74 137.72 137.64 137.68 137.49 137.48 137.31 137.07 136.73 137.16 137.10 137.30 137.61 137.67 137.48 137.71 137.61 137.89 137.95 137.82 137.93 137.73 137.97 137.98 137.91 137.58 137.42 137.37 137.08 137.16 137.02 136.93 136.92 137.48 137.32 137.61
137.81 137.61 137.65 137.28 137.04 137.78 137.45 137.67 137.44 137.34 137.66 137.59 137.78 137.83 137.82 137.94 137.92 138.00 138.01 137.93 137.80 137.52 137.24 136.79 136.24 135.52 134.64 133.76 130.15 126.28 126.27 130.55 131.96 131.96 132.04 131.90 132.39 132.12 132.16 131.78 131.93 132.65 134.55 136.30 135.09 134.02 134.68 135.33 135.28 135.71 137.09 136.73 136.75 137.40 137.22 135.26 134.27 135.96 135.00 136.34 136.61 136.75 137.24 137.28 137.63 137.72 137.30 137.64 137.10 137.66 137.13 137.08 137.29 136.79 136.90 137.10 137.42 137.19 137.15 136.74 137.03 137.46 137.32 137.29 137.35 137.32 137.14 137.55 137.50 137.50 137.33 137.84 137.84 137.88 137.99 138.00 138.01 137.98 137.72 137.66 137.84 137.60 137.44 137.57 137.54 137.20 136.97 137.28 137.91 138.01 137.04 137.20 137.15 137.22 137.20 137.07 137.09 137.16 137.38 137.44 137.39 137.28 137.45 137.29 137.26 137.37 137.58 137.81 137.83 137.83 137.63 137.31 136.55 137.28 137.27 136.79 137.51 137.69 137.26 137.59 137.81 137.82 137.89 137.80 137.80 137.67 137.62 137.86 137.80 137.55 136.94 137.13 136.74 137.38 137.67 137.58 137.72 137.91 137.71 137.73 137.98 137.75 137.49 137.89 137.91 137.49 137.53 137.67 137.46 137.41 137.28 137.13 136.99 136.93 136.80 136.83 137.37 137.68 137.35 137.50
137.42 137.48 137.58 137.57 136.74 136.92 137.30 137.23 136.91 137.11 137.23 137.47 137.64 137.66 137.68 137.62 137.70 137.93 138.01 137.99 137.88 137.66 137.39 136.92 136.39 135.85 135.16 134.52 130.87 127.49 128.26 129.90 131.57 131.87 132.06 132.31 131.79 131.81 132.30 131.79 135.49 135.90 132.94 136.99 136.21 135.78 136.53 137.51 136.63 136.77 136.23 134.94 137.33 137.47 137.61 137.68 137.54 136.75 136.16 136.79 136.91 136.95 137.23 137.38 137.61 137.35 136.98 137.17 137.81 137.89 137.36 137.14 137.06 136.75 136.96 136.71 136.93 137.32 137.36 137.16 137.09 137.21 137.15 137.38 137.30 137.40 137.54 137.64 137.67 137.60 137.67 137.55 137.84 137.89 137.90 137.87 137.87 138.00 137.89 137.94 137.45 137.40 137.48 137.58 137.01 137.41 137.53 137.28 137.27 137.31 137.46 137.44 137.54 136.96 137.06 137.08 137.07 137.49 137.53 137.39 137.06 136.94 137.00 136.83 137.20 137.60 137.43 137.55 137.82 137.83 137.76 137.67 136.89 136.81 137.18 137.33 137.40 137.47 137.36 137.66 137.83 137.79 137.93 137.92 137.90 137.92 137.90 137.96 137.95 137.99 136.75 136.60 136.78 137.38 137.02 137.87 137.76 137.89 137.99 138.00 137.76 137.50 137.59 137.71 137.25 137.01 137.20 137.03 137.01 137.04 137.01 137.02 136.90 136.76 136.70 136.67 136.93 137.15 137.21 137.41
137.35 137.24 137.12 137.17 137.39 136.71 136.76 136.77 136.71 137.04 137.25 137.68 137.51 137.40 137.21 137.09 137.09 137.43 137.97 137.98 137.98 137.87 137.63 137.20 136.77 136.24 135.68 134.74 133.44 131.60 130.14 130.41 131.58 131.74 132.16 132.46 132.43 133.58 132.75 132.01 132.42 132.77 133.26 137.49 136.04 137.56 135.63 136.58 135.98 135.23 134.76 137.56 137.06 137.58 137.41 135.33 135.73 136.78 137.62 137.21 137.14 137.27 137.35 137.41 137.82 137.65 137.99 137.76 137.86 137.96 137.98 137.51 137.09 137.75 137.78 137.03 136.77 136.66 137.57 137.41 136.88 136.96 137.02 137.16 137.23 137.42 137.58 137.56 137.42 137.54 137.65 137.71 137.60 137.86 137.90 137.82 137.86 137.88 138.00 137.97 137.84 137.26 137.42 137.55 137.76 137.57 137.49 137.43 137.52 137.39 137.78 137.82 137.72 137.16 137.02 137.06 136.85 137.05 136.82 137.32 137.07 137.32 137.14 137.14 137.35 137.20 137.54 137.37 137.72 137.77 137.70 137.29 137.40 136.96 137.32 137.49 137.66 137.65 137.73 137.81 137.74 137.87 137.99 137.99 137.91 137.98 137.92 137.99 137.95 137.88 137.52 137.21 137.73 137.73 137.67 137.92 137.16 137.73 136.96 137.18 137.38 137.62 137.57 137.18 137.18 136.85 136.84 136.90 136.91 136.83 136.82 136.82 136.70 136.71 136.71 136.68 136.67 136.79 136.98 137.18
137.16 137.20 136.99 136.96 137.09 136.65 136.67 136.66 136.88 136.80 137.46 137.89 137.18 136.73 136.77 136.67 137.54 137.96 137.46 137.78 137.95 137.98 137.94 137.65 137.16 136.66 136.16 135.22 134.48 133.04 131.93 131.72 131.39 131.36 132.28 132.78 133.16 133.35 133.39 132.90 132.67 133.32 133.76 134.74 135.07 135.12 135.79 135.83 135.64 135.30 135.04 134.80 135.34 136.67 136.46 135.90 136.51 137.00 137.28 136.94 137.11 137.67 137.65 137.66 137.86 137.91 137.62 137.99 138.01 137.95 137.85 137.72 137.07 137.36 137.47 136.94 137.07 136.96 137.24 137.17 137.00 137.01 136.84 136.97 137.19 137.32 137.22 137.40 137.42 137.48 137.54 137.65 137.73 137.76 137.85 137.87 137.99 137.88 137.88 137.85 137.95 137.64 137.57 137.68 137.83 137.54 137.64 137.76 137.72 137.72 137.85 137.84 137.65 137.45 137.33 136.94 136.67 137.64 137.42 137.36 137.29 137.37 137.23 137.45 137.12 137.40 137.20 137.70 137.74 137.86 137.58 137.68 137.61 137.50 137.79 137.90 137.53 137.92 137.88 137.74 137.88 137.91 137.98 137.98 138.00 137.85 137.94 138.01 137.95 137.82 137.44 137.63 137.55 137.69 137.79 137.98 137.14 137.15 137.11 137.44 137.06 137.15 137.18 137.25 137.08 136.82 136.94 137.16 136.72 136.69 136.71 136.66 136.64 136.63 136.64 136.63 136.65 136.69 136.89 136.94
136.87 136.93 136.88 136.76 136.72 136.69 136.67 136.72 136.73 137.15 137.60 137.95 137.09 136.75 136.64 136.96 137.44 137.15 137.25 137.75 137.85 137.97 138.01 137.91 137.59 136.97 136.38 135.66 134.93 134.14 132.98 132.33 130.76 129.08 132.53 133.03 133.33 133.64 133.82 133.85 133.90 134.84 135.22 135.55 135.82 136.38 136.68 136.88 137.10 137.20 136.28 137.69 137.07 135.92 136.05 136.34 137.11 137.39 137.46 137.78 137.68 137.83 137.80 137.82 137.93 137.98 137.97 137.67 137.64 137.80 137.54 137.67 137.01 137.10 137.08 137.06 137.20 137.15 137.10 136.96 136.83 136.76 136.88 137.12 137.07 137.11 137.24 137.40 137.50 137.54 137.49 137.39 137.63 137.68 137.82 137.87 137.99 137.89 137.90 137.87 137.97 137.92 137.84 137.72 137.83 137.81 137.78 137.87 137.89 137.91 137.96 137.95 137.60 137.43 137.40 137.13 136.86 137.70 137.56 137.54 137.56 137.25 137.31 137.15 137.45 137.49 137.62 137.71 137.94 137.93 137.74 137.27 137.73 137.76 137.90 137.99 137.95 137.77 137.91 137.83 137.92 137.97 137.94 137.92 137.90 137.82 137.87 137.83 137.99 137.84 137.75 137.83 138.00 138.01 137.91 137.19 136.90 136.78 136.95 136.98 136.72 136.83 137.04 137.07 136.81 136.90 137.20 136.91 136.72 136.67 136.66 136.65 136.65 136.63 136.64 136.63 136.67 136.67 136.75 136.83
136.81 136.93 136.76 136.64 136.67 136.67 136.67 136.90 136.71 137.00 137.50 137.48 136.88 136.69 136.66 136.73 136.86 137.00 137.76 137.42 137.72 137.72 138.00 137.80 137.45 137.32 136.75 135.87 135.03 134.73 134.26 133.66 131.20 128.30 129.34 133.36 133.54 133.69 134.05 134.42 134.86 135.22 135.47 135.81 136.21 136.70 137.00 137.30 137.70 137.75 136.84 135.85 135.66 136.07 136.38 136.95 137.34 137.66 137.70 137.88 137.75 137.91 137.98 137.91 137.96 137.99 137.96 137.33 137.98 137.85 137.55 137.08 137.40 137.35 137.38 137.21 137.18 137.10 137.34 136.74 137.32 136.68 136.94 137.17 137.06 137.00 137.21 137.42 137.33 137.51 137.53 137.44 137.59 137.60 137.65 137.83 137.88 137.99 137.99 138.01 138.01 138.01 137.99 137.77 137.88 137.77 137.78 137.99 137.95 137.94 137.89 137.74 137.76 137.73 137.46 137.31 137.57 137.55 137.33 137.65 137.50 137.39 137.46 137.49 137.48 137.56 137.69 137.82 137.83 137.94 137.95 137.97 137.93 137.94 137.78 137.94 137.97 138.00 137.97 138.00 137.92 137.91 137.74 137.76 137.69 137.89 137.98 137.99 138.00 137.93 137.98 137.91 137.46 137.30 137.25 137.16 136.89 136.77 136.83 136.73 136.81 136.81 136.90 136.76 136.78 136.88 137.03 136.76 136.70 136.68 136.66 136.64 136.64 136.63 136.63 136.63 136.63 136.65 136.67 136.72
136.65 136.66 136.66 136.66 136.69 136.71 136.70 136.67 136.64 136.99 137.14 137.07 136.66 136.70 136.69 136.64 136.68 137.38 137.45 137.16 137.36 137.91 137.99 137.69 137.20 137.73 137.20 135.26 135.06 135.17 135.03 135.18 134.65 130.89 132.57 133.69 133.43 133.57 134.13 134.64 135.09 135.34 135.54 135.52 136.61 137.02 137.43 137.66 137.85 137.84 137.87 137.36 136.84 137.05 137.37 137.63 137.77 137.84 137.88 137.98 137.90 137.92 137.78 137.96 137.87 138.01 138.00 137.82 137.78 137.56 137.46 137.28 136.97 137.05 136.97 136.87 136.72 136.71 136.84 136.76 137.12 137.23 136.93 137.07 137.17 136.97 137.27 137.49 137.39 137.41 137.32 137.43 137.49 137.59 137.67 137.81 137.84 137.95 137.89 137.97 137.96 137.97 137.97 138.00 137.99 137.86 137.97 137.99 137.88 137.89 137.97 137.88 137.65 137.63 137.53 137.80 137.68 137.68 137.46 137.67 137.55 137.45 137.43 137.53 137.54 137.60 137.76 137.84 137.95 137.97 137.79 137.47 137.23 137.13 136.85 137.15 137.87 137.93 137.98 137.86 137.84 137.69 137.60 137.72 137.76 137.96 137.99 138.01 138.00 137.92 137.85 137.18 137.27 137.41 137.34 136.92 136.82 136.75 136.73 136.70 136.84 136.70 136.75 136.71 136.73 136.84 136.79 136.71 136.69 136.68 136.67 136.65 136.64 136.64 136.64 136.63 136.63 136.64 136.64 136.65
136.66 136.66 136.85 136.69 136.73 136.74 136.71 136.70 136.66 136.71 136.81 136.87 136.71 136.76 136.76 136.71 136.88 137.55 136.90 137.02 137.52 138.01 137.84 137.59 137.77 137.84 137.70 136.68 135.19 135.08 135.32 135.77 136.04 135.71 134.76 134.08 133.22 133.02 134.28 134.95 135.38 135.61 135.72 135.46 136.81 137.47 137.73 137.88 137.99 137.89 137.78 137.70 137.68 137.86 137.94 137.94 137.98 137.99 138.00 138.01 137.92 138.00 137.89 137.92 137.99 137.93 137.79 137.73 137.69 137.40 137.03 137.03 137.01 137.05 137.03 136.78 136.71 137.03 137.14 137.12 137.26 137.04 137.19 137.09 136.94 137.11 137.16 137.43 137.36 137.43 137.48 137.46 137.68 137.71 137.74 137.76 137.78 137.77 137.85 137.96 137.93 137.97 137.99 137.97 137.99 138.00 137.99 138.00 137.99 137.85 137.93 137.49 137.63 137.55 137.66 137.58 137.60 137.70 137.65 137.65 137.56 137.47 137.39 137.44 137.81 137.65 137.75 137.89 137.99 137.97 137.49 136.90 137.00 137.00 136.97 136.84 137.03 137.34 137.57 137.62 137.67 137.45 137.57 137.76 137.73 137.95 138.00 137.97 137.96 137.98 137.21 137.29 137.14 137.10 137.00 136.96 136.79 136.74 136.70 136.70 136.72 136.74 136.71 136.71 136.71 136.71 136.71 136.72 136.69 136.69 136.69 136.67 136.65 136.65 136.64 136.63 136.63 136.64 136.64 136.65
136.66 136.67 136.68 136.69 136.73 136.74 136.73 136.73 136.70 136.65 136.72 136.69 136.77 136.81 136.83 136.73 136.97 136.70 136.74 137.00 137.76 138.00 137.98 138.01 137.99 137.98 137.83 137.30 134.75 134.93 135.32 136.18 136.46 136.21 135.55 134.57 132.14 132.12 134.82 135.34 135.64 135.82 135.94 136.21 137.28 137.58 137.79 137.95 138.01 137.94 137.76 137.71 137.98 137.97 137.97 137.98 138.01 138.01 137.99 137.96 137.93 138.00 137.96 137.99 137.86 137.74 137.61 137.53 137.47 137.25 136.93 137.05 137.09 137.00 136.99 136.95 137.02 137.09 136.72 136.83 136.80 137.09 137.03 137.00 137.11 137.30 137.29 137.45 137.35 137.51 137.44 137.50 137.54 137.44 137.75 137.81 137.86 137.73 137.90 137.99 137.99 137.98 137.95 137.95 138.00 137.95 138.00 137.80 137.99 137.94 137.87 137.77 137.78 137.40 137.50 137.58 137.51 137.65 137.66 137.68 137.53 137.57 137.41 137.77 137.90 137.59 137.75 137.93 137.97 137.31 136.86 137.07 137.04 137.02 137.02 136.96 136.94 136.71 137.28 137.32 137.25 137.40 137.66 137.60 137.94 137.97 138.00 137.89 137.99 137.98 137.32 137.04 136.98 136.89 136.91 136.87 136.72 136.70 136.72 136.69 136.70 136.72 136.71 136.72 136.70 136.70 136.71 136.71 136.72 136.72 136.71 136.75 136.67 136.65 136.66 136.63 136.64 136.64 136.65 136.66
136.67 136.75 136.67 136.68 136.74 136.73 136.74 136.73 136.77 136.65 136.67 136.74 136.83 136.86 136.84 136.66 136.69 136.65 136.76 137.34 137.48 137.70 137.78 137.89 137.97 138.01 137.95 137.40 135.36 135.25 135.88 136.73 136.72 136.88 136.48 135.06 131.42 129.40 134.00 135.65 135.82 136.04 136.27 136.64 137.22 137.59 137.83 137.97 138.01 137.93 137.75 137.70 137.81 138.01 138.00 138.01 138.01 137.99 137.96 137.90 137.81 137.87 137.90 137.85 137.84 137.56 137.23 137.19 137.13 136.96 137.01 137.01 136.89 137.05 136.76 136.79 136.74 136.82 136.78 137.00 136.99 137.06 137.11 137.03 136.99 137.13 137.21 137.08 137.22 137.20 137.40 137.47 137.59 137.52 137.66 137.41 137.72 137.85 137.89 137.78 137.72 138.00 138.00 137.98 137.94 137.92 137.87 138.00 138.01 137.99 137.97 137.94 137.92 137.98 137.85 137.68 137.61 137.64 137.64 137.41 137.59 137.54 137.32 138.00 137.67 137.59 137.83 137.99 137.82 136.76 136.95 137.10 137.11 137.09 137.05 137.01 136.98 136.86 136.65 136.84 137.04 137.17 137.67 137.84 137.85 137.90 137.65 137.47 137.60 137.58 137.14 136.89 136.93 136.90 136.74 136.68 136.72 136.72 136.76 136.75 136.93 136.80 136.82 136.78 136.73 136.71 136.76 136.74 136.79 136.80 136.79 136.68 136.68 136.65 136.68 136.64 136.64 136.65 136.66 136.66
136.69 136.69 136.73 136.70 136.77 136.77 136.80 136.78 136.85 136.80 136.75 136.89 136.91 136.89 136.87 136.83 136.66 136.67 136.77 137.15 137.33 137.46 137.70 137.87 137.98 138.01 137.92 137.38 136.72 137.00 136.95 136.94 136.96 136.97 137.07 136.96 132.15 126.09 127.68 135.62 135.97 136.22 136.50 136.85 137.22 137.63 137.89 137.99 138.00 137.93 137.79 137.67 137.70 138.00 138.01 138.01 138.00 137.96 137.93 137.86 137.78 137.92 137.96 137.68 137.52 137.31 136.96 136.80 136.74 136.77 137.04 136.95 136.79 137.08 137.16 136.82 136.84 136.91 137.01 136.89 137.03 137.09 137.20 137.26 137.12 137.07 137.02 137.08 137.15 137.24 137.39 137.45 137.43 137.44 137.33 137.66 137.47 137.86 137.81 137.77 137.85 137.86 137.91 137.99 137.92 137.96 137.45 137.90 137.77 137.97 138.01 138.01 138.00 138.01 137.94 137.67 137.60 137.76 137.87 137.55 137.68 137.62 137.47 137.38 137.51 137.79 137.95 138.00 137.49 136.67 137.10 137.13 137.16 137.10 137.02 137.02 136.95 136.90 136.72 136.73 136.86 137.62 137.42 137.55 137.72 137.38 137.12 137.00 137.00 136.95 136.83 136.72 136.65 136.65 136.69 136.66 136.69 136.69 136.79 136.85 136.95 137.07 137.03 136.99 136.92 136.87 136.86 136.86 136.84 136.90 137.15 136.76 136.69 136.69 136.69 136.64 136.64 136.65 136.78 136.66
136.66 136.71 136.67 136.74 136.76 136.75 136.81 136.84 136.86 136.89 136.92 136.96 136.96 136.95 136.93 136.85 136.77 136.67 137.20 137.13 137.26 137.56 137.73 137.85 137.99 138.00 137.93 137.74 137.19 137.19 137.09 137.08 137.08 137.16 137.32 137.44 136.73 128.10 129.44 134.64 135.75 136.44 136.79 137.03 133.92 137.79 137.95 138.01 137.99 137.93 137.76 137.69 137.67 137.97 138.00 137.99 137.95 137.91 137.87 137.82 137.79 137.75 137.59 137.73 137.36 136.89 136.73 136.65 136.64 136.93 136.99 136.99 136.72 136.74 136.73 136.80 136.69 136.74 137.02 137.25 137.25 137.10 137.19 137.12 137.13 137.14 136.98 137.12 136.82 137.23 137.43 137.39 137.38 137.23 137.29 137.69 137.68 137.63 137.55 137.53 137.59 137.91 137.96 137.93 137.89 137.82 137.87 137.73 137.43 137.93 137.99 137.91 138.01 138.01 138.00 137.95 137.85 137.91 137.96 137.94 137.82 137.70 137.65 137.67 137.72 137.85 137.99 137.90 137.21 136.69 137.11 137.12 137.10 137.06 137.01 137.00 136.97 136.92 136.78 136.66 136.75 137.16 137.09 137.02 137.04 136.96 136.98 136.73 136.81 136.69 136.66 136.64 136.67 136.71 136.73 136.66 136.63 136.70 136.88 137.18 137.50 137.64 137.44 137.42 137.24 137.11 137.06 136.94 136.96 136.93 136.90 137.04 136.75 136.71 136.67 136.68 136.64 136.77 137.09 136.91
136.73 136.72 136.73 136.82 136.80 136.75 136.85 136.92 136.93 136.96 137.00 137.06 137.05 137.03 137.02 136.91 136.66 136.74 137.09 137.11 137.70 136.47 131.57 130.88 133.67 137.98 137.88 137.83 137.68 137.33 137.27 137.18 137.19 137.26 137.33 137.41 137.42 136.28 134.14 134.57 135.97 136.62 137.01 137.23 137.58 137.92 137.99 138.01 137.98 137.94 137.80 137.69 137.63 137.94 137.95 137.96 137.93 137.86 137.81 137.80 137.75 137.75 137.78 137.52 136.84 136.69 136.64 136.67 136.68 136.88 137.04 136.99 136.79 136.71 136.83 136.72 136.97 136.74 136.82 136.88 136.97 137.06 137.51 136.73 137.04 137.12 137.07 137.14 137.13 137.13 136.81 137.07 137.31 137.39 137.40 137.53 137.50 137.45 137.39 137.30 137.43 137.47 137.82 137.86 137.82 137.80 137.84 137.37 137.61 137.99 137.97 137.96 137.90 137.93 138.01 138.00 137.93 137.89 137.93 137.94 137.86 137.90 137.83 137.86 137.82 137.97 138.00 137.70 136.90 137.06 137.08 137.03 137.10 137.05 137.00 136.98 136.94 136.92 136.80 136.65 136.69 136.74 136.82 136.85 136.87 136.84 136.79 136.72 136.64 136.65 136.68 136.72 136.73 136.76 136.77 136.76 136.65 136.73 137.07 137.47 137.74 137.86 137.96 137.87 137.75 137.39 137.21 137.10 137.08 137.01 136.97 136.94 136.82 136.72 136.71 136.78 136.66 136.66 136.81 136.96
136.70 136.76 136.78 136.84 136.67 136.83 136.85 136.90 136.99 137.01 137.06 137.10 137.12 137.12 137.15 136.73 136.67 136.73 136.92 136.92 137.68 130.50 126.40 125.38 128.17 135.76 137.85 137.83 137.93 137.68 137.49 137.29 137.23 137.28 137.35 137.43 137.43 137.26 136.24 136.11 136.59 136.82 137.07 137.31 137.63 137.93 138.00 138.00 137.97 137.91 137.84 137.63 137.67 137.98 137.99 137.85 137.89 137.84 137.81 137.78 137.73 137.64 137.46 136.98 136.78 136.65 136.69 136.78 136.91 136.94 136.88 136.95 136.91 136.81 136.85 136.77 136.68 136.66 136.70 136.90 137.01 137.28 137.01 137.05 137.14 137.08 137.06 136.87 137.11 137.01 137.08 137.13 137.35 137.41 137.31 137.21 137.29 137.28 137.29 137.16 137.18 137.32 137.62 137.70 137.49 137.53 137.52 137.56 137.92 137.99 137.95 137.93 137.98 138.00 138.01 138.01 137.97 137.71 137.89 137.94 137.95 137.95 137.93 137.96 137.98 138.00 137.83 137.58 136.82 136.95 137.05 137.06 137.04 137.00 136.99 136.99 136.95 136.87 136.80 136.71 136.66 136.67 136.65 136.64 136.66 136.67 136.66 136.69 136.72 136.76 136.80 136.80 136.81 136.85 136.83 136.83 136.73 136.74 137.07 137.67 137.91 138.01 137.99 137.99 137.99 137.60 137.33 137.27 137.27 137.16 137.03 136.90 136.80 136.73 136.75 136.70 136.67 136.67 136.64 136.86
136.72 136.77 136.83 136.86 136.89 136.84 136.86 136.93 137.02 137.06 137.11 137.17 137.19 137.19 137.22 136.79 136.66 136.80 137.33 137.08 137.77 130.63 126.48 125.69 127.71 136.21 137.96 137.99 138.00 137.97 137.72 137.39 137.18 137.12 137.14 137.36 137.47 137.44 137.05 136.90 136.98 137.04 137.12 137.29 137.53 137.85 138.01 137.99 137.93 137.90 137.84 137.59 137.78 137.72 138.00 137.95 137.88 137.85 137.79 137.77 137.62 137.63 137.26 136.79 136.67 136.73 136.87 136.92 137.04 137.04 137.11 137.04 137.02 136.95 136.90 136.69 136.65 136.66 136.80 136.81 136.95 137.07 137.06 136.94 136.80 137.20 137.11 137.28 137.11 137.05 137.03 137.02 136.83 137.18 137.21 137.13 137.20 137.20 137.22 137.17 137.15 137.43 136.74 137.45 137.29 137.67 137.80 137.58 137.83 137.87 137.93 137.97 138.00 138.00 138.01 137.97 137.93 137.92 137.93 138.00 138.01 137.98 137.96 137.98 137.99 138.01 137.89 137.92 137.17 136.68 136.84 137.01 136.97 136.97 136.95 136.92 136.92 136.89 136.84 136.80 136.79 136.79 136.85 136.79 136.80 136.79 136.84 136.85 136.86 136.91 136.94 136.91 136.99 136.96 136.95 136.87 136.77 136.74 137.30 137.83 138.01 137.91 137.86 137.96 137.94 137.44 137.61 137.46 137.36 137.24 137.09 136.92 136.80 136.73 136.71 136.64 136.78 136.70 136.68 136.73
136.90 136.83 136.83 136.93 136.99 136.99 136.97 137.03 137.11 137.14 137.20 137.22 137.25 137.26 137.26 136.78 136.71 137.12 137.31 136.99 137.27 132.98 130.24 129.20 131.36 137.70 138.00 138.01 138.01 137.99 137.85 137.54 137.16 136.94 136.78 136.68 137.43 137.44 137.30 137.18 137.14 137.15 137.20 137.31 137.52 137.84 137.89 138.00 137.97 137.91 137.90 137.74 137.56 137.42 137.95 137.95 137.93 137.87 137.85 137.73 137.64 137.58 137.02 136.76 136.65 136.94 136.99 137.03 137.10 137.11 137.12 137.10 137.00 137.02 136.95 136.77 136.73 136.75 136.67 136.81 136.94 136.87 136.86 136.95 137.20 137.15 137.03 137.09 137.05 136.98 137.06 137.06 137.15 137.18 137.02 137.10 137.17 137.14 137.16 137.16 137.10 137.38 137.55 137.26 137.65 137.53 137.30 137.96 137.81 137.55 137.98 137.97 138.01 137.98 137.94 137.96 138.00 138.00 137.62 138.00 137.99 138.00 137.89 137.92 137.96 138.01 137.92 137.94 137.74 137.29 136.69 136.70 136.77 136.82 136.82 136.90 136.90 136.90 136.90 136.88 136.90 136.95 136.95 136.96 136.98 136.96 137.01 137.03 137.03 137.01 137.04 137.03 137.05 137.00 137.03 137.03 136.90 136.70 137.39 137.98 137.86 137.75 137.70 137.68 137.91 138.00 137.80 137.64 137.49 137.28 137.06 136.93 136.82 136.75 136.66 136.65 136.83 136.72 136.73 136.77
136.87 136.90 136.93 136.99 137.02 137.08 137.11 137.16 137.20 137.21 137.25 137.26 137.27 137.27 137.28 136.80 136.72 137.23 136.99 136.81 136.80 136.62 135.39 135.31 137.85 137.75 137.94 137.97 138.00 137.96 137.79 137.54 137.24 136.84 136.59 136.50 137.20 137.44 137.38 137.17 137.16 136.97 137.21 137.35 137.38 137.92 137.99 138.01 138.00 137.97 137.93 137.87 137.74 137.51 137.71 137.85 137.35 136.71 136.88 137.41 137.56 137.74 136.98 136.74 136.66 136.92 137.05 137.10 137.16 137.19 137.14 137.19 137.00 137.21 137.07 136.93 136.89 136.90 136.87 136.71 136.80 137.04 137.22 137.01 137.13 137.09 137.05 137.00 137.01 137.15 136.96 136.94 136.99 137.08 136.93 136.89 136.79 137.31 136.99 137.02 137.15 137.33 137.52 137.34 137.32 137.39 137.40 137.59 137.83 137.71 137.89 137.98 137.98 138.01 138.00 138.00 137.95 138.00 137.74 138.01 138.00 138.00 137.64 137.85 138.00 138.00 137.98 137.93 137.90 137.60 137.26 136.97 136.75 136.65 136.72 136.83 136.89 136.93 136.97 136.99 137.00 137.09 137.04 137.12 137.16 137.19 137.22 137.19 137.28 137.23 137.24 137.22 137.20 137.21 137.24 137.16 137.10 136.67 137.44 138.00 137.91 137.70 137.59 136.12 136.96 137.92 137.94 137.72 137.46 137.28 137.06 136.91 136.77 136.69 136.64 136.70 136.69 136.72 136.73 136.84
136.92 136.95 136.93 137.05 137.13 137.13 137.18 137.19 137.21 137.24 137.27 137.27 137.28 137.28 137.29 136.84 136.82 137.06 136.99 137.15 136.78 136.89 136.90 136.91 137.26 137.63 137.97 137.94 138.01 137.91 137.66 137.45 137.10 136.75 136.52 136.02 136.07 137.36 137.42 137.16 137.23 137.15 137.25 136.53 137.59 137.92 138.00 138.01 138.01 138.00 138.00 137.94 137.90 137.38 137.94 137.92 137.89 137.91 137.24 136.86 136.92 137.29 136.88 136.75 136.92 137.09 137.15 137.16 137.20 137.23 137.22 137.20 137.16 137.11 136.96 137.02 137.01 137.05 137.13 136.76 136.64 136.89 136.98 136.85 136.94 136.95 136.89 136.94 136.92 137.09 136.97 136.81 136.94 136.93 136.92 136.96 136.86 136.97 137.06 136.99 137.37 137.33 137.20 137.32 137.41 137.09 137.21 137.62 137.45 137.56 137.85 137.73 137.78 137.72 137.54 138.00 137.94 137.92 137.93 137.82 137.96 137.95 137.92 138.00 138.01 138.01 138.01 137.90 137.83 137.95 137.39 136.98 136.99 136.72 136.74 136.88 136.94 137.05 137.08 137.11 137.18 137.21 137.25 137.33 137.41 137.48 137.53 137.55 137.54 137.50 137.45 137.42 137.45 137.40 137.35 137.29 137.17 137.04 137.02 137.81 137.89 137.67 136.18 129.18 135.90 137.86 137.94 137.68 137.48 137.25 136.96 136.94 136.75 136.66 136.67 136.69 136.73 136.74 136.83 136.87
137.01 137.05 137.07 137.07 137.18 137.14 137.24 137.26 137.27 137.27 137.28 137.28 137.28 137.28 137.28 136.94 136.75 137.05 136.99 137.03 137.08 137.00 137.52 137.35 137.32 137.54 137.74 138.00 137.98 137.85 137.57 137.31 137.03 136.67 136.04 135.95 136.26 137.49 137.61 137.32 137.43 137.41 137.44 136.53 137.33 137.91 137.99 138.01 138.01 137.99 137.97 137.99 137.86 137.73 137.45 137.23 137.30 137.02 136.91 136.68 136.96 137.45 136.92 136.99 137.07 137.12 137.11 137.17 137.25 137.26 137.13 137.23 137.23 137.18 137.03 137.20 137.08 137.13 137.18 137.16 136.74 136.71 136.72 136.72 136.70 136.83 136.94 136.99 136.92 136.91 136.89 136.85 136.91 136.95 136.89 137.00 136.85 136.90 137.16 137.35 136.91 137.43 137.22 137.20 137.69 136.93 137.86 137.51 137.44 137.66 137.68 137.61 137.66 137.69 137.80 137.71 137.74 137.36 137.91 138.01 137.97 137.66 138.01 137.99 137.86 137.96 137.86 137.89 137.60 137.92 137.31 137.08 136.79 136.68 136.86 136.99 137.12 137.13 137.18 137.26 137.31 137.41 137.47 137.61 137.73 137.75 137.79 137.75 137.75 137.69 137.65 137.65 137.57 137.49 137.39 137.32 137.21 137.08 136.72 137.73 137.99 137.77 137.19 136.57 137.21 137.99 137.76 137.54 137.38 137.17 137.09 136.76 136.68 136.63 136.70 136.77 136.77 136.80 136.87 136.96
137.11 137.14 137.19 137.23 137.27 137.26 137.29 137.31 137.32 137.30 137.31 137.31 137.31 137.20 137.30 137.27 136.83 136.86 137.15 137.11 137.10 137.07 137.55 137.64 137.15 137.42 137.94 138.01 137.95 137.76 137.51 137.23 137.01 136.64 135.45 135.84 136.78 137.50 137.59 137.44 137.64 137.67 137.64 137.70 137.82 137.92 138.00 138.01 138.01 137.94 137.97 138.01 138.01 137.71 137.64 137.53 137.51 137.09 136.97 136.77 136.81 136.66 136.84 136.73 136.64 137.01 137.06 137.15 137.24 137.28 137.24 137.31 137.28 137.31 137.29 137.26 137.19 137.22 137.27 137.29 137.26 136.79 136.70 136.67 136.68 136.77 136.87 137.59 136.85 136.91 136.81 136.70 136.83 136.91 137.02 136.95 136.84 136.87 137.11 137.13 137.28 137.18 137.23 137.18 137.44 137.57 137.80 137.67 137.61 137.82 137.64 137.68 137.45 137.17 137.24 137.27 137.65 137.96 137.98 137.99 137.91 137.99 138.00 137.98 137.89 137.81 137.38 137.12 137.16 137.00 136.87 136.79 136.78 136.83 136.95 137.12 137.17 137.26 137.37 137.47 137.58 137.67 137.82 137.91 137.97 138.07 138.03 137.90 137.97 137.87 137.83 137.73 137.64 137.52 137.46 137.40 137.30 137.21 136.91 137.02 137.76 138.00 137.90 137.88 137.99 137.71 137.51 137.39 137.27 137.12 136.86 136.71 136.64 136.70 136.79 136.87 136.89 136.91 137.02 137.07
137.26 137.22 137.30 137.31 137.32 137.31 137.33 137.37 137.37 137.35 137.33 137.35 137.35 137.34 137.33 137.30 137.03 136.72 136.68 136.68 136.78 136.87 137.15 137.19 136.98 137.87 137.99 138.01 137.88 137.71 137.45 137.34 136.93 136.67 136.20 136.25 136.81 137.55 137.57 137.56 137.70 137.76 137.84 137.84 137.90 137.96 138.00 138.01 138.00 137.85 138.01 138.01 138.00 137.94 137.90 137.82 137.64 137.58 137.38 136.82 137.02 136.65 136.66 136.74 136.88 136.91 137.04 137.11 137.14 137.28 137.31 137.31 137.36 137.41 137.38 137.47 137.28 137.33 137.38 137.31 137.30 137.21 136.92 137.13 136.79 136.74 136.75 136.90 136.81 136.73 136.71 136.77 136.84 136.92 136.65 136.80 136.93 137.09 137.16 136.95 137.29 137.24 137.10 137.12 137.35 137.40 137.72 137.69 137.59 137.71 137.77 137.79 137.46 137.27 137.35 137.36 137.75 137.94 137.85 137.79 137.88 137.42 137.98 138.00 137.81 137.94 137.57 136.98 137.07 136.88 136.70 136.72 136.78 136.94 137.05 137.17 137.28 137.42 137.61 137.74 137.83 137.94 138.24 138.10 138.21 138.26 138.22 138.15 138.10 138.01 137.87 137.80 137.88 137.62 137.61 137.53 137.43 137.34 137.09 136.83 136.95 137.33 137.55 137.60 137.51 137.67 137.23 137.22 137.12 137.00 137.27 137.05 136.74 136.81 136.94 136.77 137.03 137.06 137.09 137.21
137.37 137.02 137.31 137.32 137.37 137.36 137.36 137.39 137.37 137.38 137.37 137.39 137.39 137.37 137.41 137.38 137.34 137.07 136.70 136.91 136.80 136.81 136.76 136.85 137.60 137.95 138.00 137.99 137.87 137.58 137.34 137.10 136.73 136.37 136.06 136.16 136.73 137.46 137.67 137.72 137.80 137.87 137.90 137.92 137.88 137.95 137.95 137.89 137.89 137.95 138.01 138.00 137.99 138.00 137.93 137.73 137.61 137.53 137.56 137.49 137.52 137.49 137.02 136.73 136.73 137.03 137.10 137.14 137.17 137.28 137.36 137.50 137.50 137.50 137.48 137.57 137.53 137.54 137.52 137.37 137.47 137.45 137.27 137.04 136.90 136.71 136.67 136.77 136.67 136.77 136.80 136.97 136.79 136.80 136.86 136.93 136.89 137.11 136.95 136.95 137.37 137.42 137.21 137.51 136.91 137.64 137.56 137.77 137.60 137.90 137.95 137.88 137.61 137.48 137.59 137.78 137.81 137.67 137.84 137.45 137.53 137.42 137.49 137.89 137.67 137.27 137.24 136.92 136.77 136.65 136.68 136.82 136.91 137.03 137.15 137.29 137.45 137.66 137.81 137.90 138.06 138.14 138.24 138.32 138.47 138.31 138.25 138.22 138.17 137.92 138.00 137.93 137.84 137.70 137.58 137.69 137.64 137.52 137.41 137.29 137.10 136.89 136.81 136.70 137.01 137.32 136.77 136.92 136.98 136.83 136.78 136.73 136.88 136.94 137.05 137.11 137.15 137.23 137.28 137.34
137.46 137.41 137.42 137.38 137.41 137.39 137.41 137.40 137.39 137.41 137.42 137.41 137.41 137.39 137.43 137.38 137.42 137.35 137.08 137.57 137.01 136.87 136.97 137.47 137.99 137.95 138.01 137.98 137.81 137.45 137.03 136.49 135.92 135.64 135.44 135.37 135.82 136.48 137.42 137.82 137.91 137.93 137.95 137.94 137.56 137.72 137.98 138.01 137.96 137.93 138.01 137.97 137.96 138.00 137.97 137.74 137.57 137.46 137.43 137.39 137.36 137.40 137.04 136.76 136.96 137.06 137.12 137.13 137.21 137.30 137.34 137.54 137.48 137.58 137.61 137.70 137.68 137.76 137.67 137.58 137.55 137.49 137.50 137.04 136.91 136.74 136.70 136.66 136.67 136.71 136.88 136.84 136.81 136.86 136.69 136.96 136.98 137.02 136.90 137.03 137.06 137.10 137.14 137.22 137.26 137.54 137.69 137.19 137.72 137.95 137.55 137.91 137.89 137.93 137.97 137.98 137.91 137.80 137.72 137.27 137.22 137.30 136.81 136.95 137.08 136.90 136.82 136.76 136.67 136.69 136.79 136.92 136.99 137.13 137.23 137.42 137.58 137.80 137.97 138.11 138.17 138.25 138.43 138.52 138.58 138.54 138.42 138.40 138.23 138.20 138.08 137.81 137.94 137.80 137.77 137.75 137.68 137.59 137.58 137.47 137.40 137.24 137.18 137.13 136.98 136.90 136.74 136.66 136.74 136.70 136.70 136.69 136.78 137.02 137.09 137.15 137.23 137.36 137.44 137.48
137.56 137.45 137.46 137.39 137.46 137.43 137.45 137.44 137.41 137.42 137.43 137.44 137.43 137.40 137.38 137.36 137.34 137.29 137.26 136.95 136.97 137.07 137.34 137.65 137.86 137.93 138.01 137.99 137.84 137.23 136.28 135.50 134.70 134.19 134.18 134.60 135.02 135.15 136.18 137.33 137.87 137.98 137.99 137.98 137.95 137.90 137.94 137.98 138.01 137.99 137.95 137.92 137.86 137.78 137.98 137.92 137.61 137.49 137.45 137.47 137.38 137.44 136.83 136.76 136.95 137.05 137.12 137.17 137.22 137.36 137.40 137.50 137.55 137.69 137.72 137.82 137.92 137.89 137.87 137.75 137.79 137.73 137.64 137.59 137.39 137.26 137.21 137.08 136.87 137.11 136.67 136.71 136.82 136.85 136.77 136.84 136.93 136.87 136.95 136.93 136.90 136.76 137.01 136.92 136.91 136.97 137.31 137.48 137.61 137.83 137.91 137.95 137.95 137.99 138.00 137.99 137.96 137.65 136.78 136.97 137.11 137.29 137.11 137.22 136.83 136.75 136.71 136.68 136.70 136.77 136.88 137.02 137.11 137.20 137.41 137.58 137.68 137.91 138.05 138.27 138.36 138.51 138.63 138.65 138.68 138.71 138.64 138.51 138.47 138.32 138.24 138.17 138.10 137.96 138.07 138.02 137.85 137.68 137.68 137.54 137.41 137.34 137.17 137.10 136.96 136.91 136.79 136.69 136.64 136.64 136.69 136.72 136.75 137.10 137.14 137.21 137.36 137.39 137.47 137.49
137.51 137.49 137.51 137.46 137.22 137.47 137.48 137.32 137.46 137.45 137.42 137.43 137.38 137.38 137.35 137.33 137.32 137.35 137.21 136.91 137.26 137.40 137.20 137.58 137.61 137.90 137.98 138.01 137.76 136.72 135.40 134.16 133.33 133.22 132.82 133.11 134.53 134.78 135.26 136.52 137.66 137.99 138.01 138.00 137.91 137.97 137.91 137.42 137.98 137.98 137.97 137.90 137.78 137.61 137.83 138.01 137.82 137.65 137.53 137.55 137.19 137.14 137.09 136.65 136.97 137.10 137.13 137.17 137.29 137.38 137.51 137.62 137.64 137.81 137.90 137.96 138.00 138.05 138.05 138.14 137.89 137.88 137.84 137.79 137.66 137.32 137.42 137.24 136.99 136.95 136.86 136.67 136.65 136.68 136.65 136.75 136.84 136.88 136.76 136.79 136.93 136.97 136.90 137.02 136.66 137.11 137.23 137.29 137.43 137.41 137.67 137.89 137.19 137.97 137.96 137.79 137.90 137.77 136.87 136.81 136.79 136.80 136.78 136.71 136.69 136.66 136.65 136.70 136.75 136.87 136.98 137.11 137.15 137.36 137.49 137.68 137.82 137.95 138.19 138.24 138.60 138.73 138.77 138.77 138.76 138.78 138.68 138.65 138.55 138.62 138.41 138.36 138.22 138.19 138.13 138.08 138.00 137.77 137.55 137.59 137.44 137.36 137.23 137.10 136.97 136.96 136.87 136.80 136.76 136.72 136.69 136.67 137.13 137.14 137.18 137.21 137.35 137.46 137.50 137.48
137.51 137.52 137.55 137.53 137.51 137.49 137.46 137.48 137.45 137.44 137.43 137.44 137.40 137.42 137.34 137.36 137.31 137.16 137.08 136.89 136.66 136.74 137.00 137.22 137.51 137.75 137.88 138.01 137.72 136.51 135.00 133.99 133.62 133.53 132.66 133.12 134.35 134.99 135.61 136.86 137.77 138.00 138.01 138.00 137.69 137.99 137.94 137.79 137.93 137.89 137.90 137.84 137.83 137.89 137.97 138.00 137.92 137.67 137.65 137.70 137.42 137.12 137.09 136.70 136.87 137.15 137.21 137.17 137.33 137.45 137.55 137.71 137.79 137.90 138.02 138.12 138.16 138.19 138.20 138.18 138.14 138.11 138.02 138.18 138.14 137.78 137.58 137.52 137.30 137.32 136.95 137.24 137.01 136.83 136.89 136.65 136.67 136.80 136.78 136.89 137.07 137.07 137.02 136.95 136.73 137.30 137.43 137.07 137.02 137.19 137.40 137.22 137.16 136.82 137.50 137.28 136.76 137.45 136.75 136.81 136.76 136.77 136.64 136.64 136.68 136.67 136.72 136.74 136.87 137.01 137.08 137.12 137.25 137.38 137.63 137.79 137.97 138.07 138.38 138.52 138.62 138.81 138.83 138.81 138.80 138.75 138.77 138.72 138.68 138.57 138.49 138.51 138.49 138.36 138.24 138.12 138.01 137.93 137.78 137.65 137.49 137.34 137.25 137.14 137.00 137.00 136.96 136.90 136.89 136.80 136.75 136.64 136.77 137.05 137.17 137.28 137.32 137.45 137.45 137.52
137.51 137.56 137.57 137.54 137.52 137.51 137.49 137.47 137.46 137.47 137.44 137.48 137.44 137.45 137.37 137.34 137.25 137.14 136.95 136.73 136.65 136.75 136.94 137.14 137.36 137.55 137.78 137.93 137.96 137.37 136.14 134.97 134.40 134.21 134.09 134.25 134.92 135.35 137.13 137.89 138.01 137.99 138.01 138.01 138.01 137.88 137.99 137.72 137.90 137.92 137.89 137.94 137.62 137.91 138.00 138.01 138.00 137.80 137.61 137.30 137.34 137.28 137.08 136.72 136.86 137.19 137.32 137.36 137.44 137.55 137.73 137.83 138.01 138.08 138.43 138.20 138.30 138.24 138.32 138.32 138.27 138.25 138.11 138.13 138.17 137.92 137.84 137.61 137.54 137.57 137.45 137.37 137.35 137.23 137.05 136.81 136.72 136.69 136.94 137.00 137.14 137.06 136.85 136.99 136.83 136.94 136.84 136.93 137.28 137.36 137.50 136.70 137.37 137.59 136.68 136.65 136.71 136.78 136.77 136.67 136.65 136.65 136.76 137.00 136.74 136.74 136.76 136.92 137.03 137.08 137.04 137.24 137.26 137.45 137.65 137.90 138.06 138.10 138.37 138.56 138.72 138.80 138.75 138.61 138.81 138.74 138.70 138.60 138.75 138.47 138.50 138.47 138.39 138.34 138.34 138.20 138.07 138.01 137.72 137.65 137.49 137.34 137.18 137.13 137.07 137.03 136.95 136.98 136.97 136.85 136.70 136.65 136.85 137.00 137.26 137.27 137.42 137.45 137.51 137.56
137.61 137.61 137.57 137.57 137.56 137.54 137.52 137.48 137.46 137.49 137.48 137.44 137.42 137.39 137.37 137.27 137.15 137.01 136.83 136.70 136.66 136.77 136.91 137.04 137.15 137.30 137.49 137.71 137.95 137.95 137.67 137.35 137.22 135.72 134.99 134.79 135.51 136.94 137.70 138.00 137.98 137.94 137.94 137.91 137.84 137.75 137.71 137.81 137.93 137.87 137.63 137.86 138.00 138.00 137.98 137.90 137.58 137.73 137.60 137.23 137.08 136.84 136.71 136.67 136.89 137.26 137.31 137.47 137.58 137.71 137.80 138.02 138.11 138.23 138.23 138.40 138.40 138.41 138.51 138.51 138.35 138.39 138.33 138.29 138.20 138.13 137.92 137.97 137.86 137.66 137.62 137.71 137.49 137.38 137.35 137.27 137.02 136.88 137.13 137.14 136.91 136.76 136.71 137.03 136.72 136.96 136.98 137.00 136.97 136.84 137.07 136.66 136.77 136.84 136.67 136.73 136.84 136.66 136.65 136.65 136.66 136.72 136.78 136.87 136.87 136.93 136.95 136.97 137.08 137.13 137.20 137.23 137.42 137.53 137.83 137.99 138.15 138.33 138.41 138.57 138.69 138.82 138.81 138.82 138.79 138.67 138.71 138.72 138.68 138.65 138.54 138.59 138.52 138.28 138.36 138.31 138.15 137.95 137.66 137.55 137.47 137.27 137.16 137.12 137.11 137.08 137.07 137.06 137.06 137.01 136.93 136.76 136.69 137.11 137.13 137.19 137.35 137.53 137.53 137.60
137.61 137.60 137.60 137.55 137.55 137.54 137.51 137.52 137.46 137.53 137.50 137.46 137.45 137.38 137.27 137.24 137.05 136.94 136.80 136.69 136.66 136.72 136.80 136.87 136.97 137.08 137.24 137.33 137.53 137.75 137.91 137.95 137.95 137.95 137.83 137.74 137.97 138.00 138.00 137.99 137.95 137.92 137.93 137.90 137.80 137.68 137.67 137.70 137.80 137.90 137.99 137.90 137.56 137.81 137.74 137.29 137.52 136.96 137.55 137.27 136.99 136.75 136.67 136.91 137.17 137.34 137.45 137.53 137.76 137.82 138.01 138.14 138.20 138.31 138.36 138.34 138.25 138.10 138.53 138.54 138.49 138.54 138.44 138.41 138.31 138.26 138.22 138.16 138.05 137.94 137.84 137.80 137.75 137.66 137.45 137.49 137.34 137.24 137.24 137.27 137.18 137.13 137.26 137.07 136.92 137.03 136.91 136.84 136.96 136.82 136.67 136.69 136.76 136.76 136.77 136.81 136.65 136.68 136.69 136.77 136.78 136.83 136.94 136.87 137.00 137.01 137.02 137.04 137.13 137.17 137.31 137.37 137.51 137.63 138.21 138.25 138.17 138.29 138.43 138.55 138.68 138.81 138.81 138.75 138.76 138.72 138.69 138.68 138.58 138.69 138.64 138.60 138.47 138.45 138.44 138.25 138.07 137.88 137.74 137.16 137.26 137.41 137.25 137.23 137.19 137.16 137.16 137.11 137.13 137.11 137.08 136.98 137.03 137.09 137.16 137.32 137.36 137.49 137.53 137.61
137.64 137.61 137.61 137.57 137.60 137.59 137.56 137.56 137.52 137.51 137.53 137.46 137.43 137.33 137.23 137.13 136.99 136.90 136.81 136.70 136.64 136.65 136.70 136.77 136.89 136.97 137.03 137.11 137.18 137.28 137.37 137.46 137.53 137.60 137.69 137.66 137.63 137.66 137.82 137.90 137.91 137.85 137.86 137.95 137.89 137.79 137.77 137.75 137.34 137.96 136.76 136.67 136.73 136.81 136.78 137.26 137.21 137.19 137.02 137.13 136.74 136.67 136.89 137.13 137.21 137.47 137.62 137.78 137.82 138.06 138.09 138.20 138.32 138.36 138.40 138.42 138.48 138.58 138.64 138.63 138.63 138.56 138.54 138.49 138.46 138.38 138.36 138.21 138.16 138.10 138.02 137.91 137.76 137.68 137.60 137.60 137.48 137.50 137.48 137.43 137.22 137.33 137.10 137.19 139.42 137.52 136.86 137.08 137.00 136.83 136.76 136.82 136.78 136.78 136.74 136.83 136.79 136.84 136.88 136.85 136.86 136.91 136.99 136.98 136.98 137.04 137.02 137.09 137.14 137.23 137.36 137.48 137.61 137.77 138.11 138.21 138.15 138.33 138.35 138.53 138.63 138.70 138.76 138.76 138.71 138.72 138.69 138.69 138.62 138.50 138.66 138.54 138.41 138.33 138.32 138.11 138.00 137.81 137.75 137.24 137.11 137.46 137.33 137.30 137.29 137.26 137.27 137.24 137.17 137.21 137.17 137.18 136.88 137.06 137.39 137.37 137.37 137.56 137.68 137.58
137.64 137.65 137.61 137.62 137.63 137.63 137.55 137.53 137.55 137.53 137.48 137.41 137.35 137.28 137.18 137.07 136.96 136.84 136.77 136.71 136.65 136.64 136.67 136.75 136.78 136.85 136.92 136.97 137.04 137.08 137.16 137.25 137.35 137.40 137.40 137.38 137.48 137.53 137.67 137.78 137.82 137.81 137.78 137.74 137.79 137.65 137.45 137.17 136.75 136.65 136.66 136.73 136.83 136.90 136.92 136.80 136.98 137.08 136.89 136.66 136.74 136.95 137.13 137.43 137.45 137.60 137.72 137.89 138.03 138.13 138.29 138.40 138.48 138.50 138.57 138.60 138.63 138.53 138.83 138.91 138.67 138.64 138.69 138.39 138.56 138.48 138.34 138.30 138.34 138.21 138.18 138.08 137.97 137.87 137.79 137.72 137.64 137.47 137.63 137.49 137.47 137.45 137.12 138.73 139.31 137.30 136.74 137.09 137.04 136.95 136.95 136.93 136.92 136.95 137.01 136.93 136.95 136.94 136.99 137.00 136.99 137.03 137.00 137.01 137.05 137.05 137.03 137.11 137.16 137.23 137.32 137.47 137.64 137.77 137.95 137.98 138.20 138.27 138.43 138.51 138.60 138.66 138.76 138.73 138.76 138.74 138.65 138.71 138.68 138.61 138.57 138.45 138.44 138.24 138.01 138.06 137.95 137.82 137.74 137.67 137.56 137.50 137.45 137.37 137.35 137.36 137.30 137.32 137.27 137.25 137.24 137.26 137.19 137.37 137.39 137.32 137.40 137.57 137.68 137.68
137.65 137.62 137.67 137.67 137.66 137.64 137.60 137.55 137.52 137.44 137.46 137.41 137.31 137.23 137.12 136.98 136.83 136.83 136.80 136.73 136.69 136.66 136.64 136.67 136.71 136.75 136.81 136.88 136.91 136.98 137.04 137.07 137.15 137.19 137.17 137.19 137.21 137.32 137.48 137.59 137.67 137.67 137.63 137.58 137.43 137.22 137.08 136.88 136.72 136.64 136.73 136.80 136.87 136.94 137.00 137.06 136.71 136.88 136.71 136.95 137.33 137.44 137.54 137.60 137.70 137.82 138.02 138.12 138.23 138.30 138.49 138.56 138.60 138.64 138.71 138.78 138.79 138.75 138.84 138.79 138.71 138.77 138.71 138.75 138.64 138.76 138.68 138.48 138.44 138.28 138.29 138.20 138.08 138.02 137.88 137.79 137.81 138.01 137.66 137.63 137.48 137.47 137.35 137.25 137.02 137.04 137.02 137.18 137.09 137.14 137.08 137.08 137.02 137.07 137.06 137.04 137.10 137.14 137.07 137.12 137.07 137.05 136.99 137.03 137.05 137.02 137.02 137.11 137.15 137.20 137.35 137.49 137.61 137.73 137.72 137.91 138.03 138.19 138.22 138.32 138.35 138.46 138.47 138.57 138.61 138.62 138.55 138.56 138.43 138.44 138.45 138.43 138.24 138.09 138.02 137.90 137.95 137.83 137.76 137.68 137.61 137.53 137.48 137.45 137.42 137.39 137.41 137.39 137.22 137.29 137.25 137.34 137.32 137.32 137.37 137.49 137.61 137.62 137.68 137.70
137.74 137.72 137.67 137.60 137.62 137.52 137.55 137.56 137.52 137.48 137.45 137.37 137.32 137.21 137.17 137.01 138.25 136.81 136.83 136.79 136.74 136.70 136.67 136.65 136.65 136.68 136.72 136.78 136.84 136.88 136.92 136.93 136.98 136.96 136.99 136.98 137.04 137.09 137.16 137.26 137.38 137.38 137.44 137.40 137.28 137.08 136.88 136.99 136.69 136.80 136.85 136.87 137.15 136.98 137.07 137.17 137.26 137.31 137.47 137.58 137.67 137.76 137.93 138.00 138.11 138.22 138.26 138.37 138.43 138.52 138.65 138.72 138.75 138.82 138.87 138.82 138.86 138.87 138.91 138.99 138.79 138.81 138.84 138.77 138.86 138.72 138.58 138.56 138.42 138.42 138.36 138.31 138.20 138.09 137.92 137.89 137.87 137.84 137.76 137.67 137.62 137.54 137.43 137.43 137.39 137.29 137.23 137.23 137.24 137.19 137.19 137.19 137.15 137.20 137.15 137.21 137.28 137.26 137.25 137.21 137.12 137.09 137.05 137.04 137.00 137.01 137.11 137.17 137.18 137.22 137.33 137.46 137.55 137.58 137.70 137.84 137.94 138.04 138.06 138.12 138.18 138.25 138.28 138.37 138.40 138.35 138.37 138.37 138.15 138.18 138.26 138.15 138.13 137.99 137.92 137.97 137.79 137.86 137.81 137.63 137.57 137.54 137.51 137.52 137.44 137.45 137.41 137.35 137.32 137.37 137.38 137.27 137.31 137.31 137.44 137.61 137.62 137.70 137.76 137.79
137.76 137.76 137.72 137.69 137.71 137.63 137.56 137.53 137.52 137.52 137.42 137.35 137.34 137.24 137.17 137.14 136.90 136.92 136.85 136.85 136.80 136.77 136.72 136.69 136.66 136.64 136.65 136.69 136.69 136.74 136.76 136.78 136.80 136.80 136.81 136.81 136.83 136.86 136.90 137.02 137.07 137.13 137.16 137.13 137.03 136.86 136.71 136.66 136.74 136.80 136.87 136.93 136.98 137.06 137.17 137.28 137.39 137.54 137.67 137.79 138.02 138.10 138.17 138.23 138.32 138.36 138.46 138.54 138.60 138.72 138.75 139.19 138.92 138.93 138.96 139.01 139.00 138.95 138.96 138.94 138.91 139.03 138.82 138.83 138.30 139.50 138.65 138.58 138.55 138.46 138.46 138.31 138.24 138.17 138.12 138.00 137.98 137.87 137.81 137.66 137.66 137.61 137.48 137.38 137.33 137.34 137.33 137.26 137.35 137.30 137.27 137.32 137.38 137.36 137.36 137.39 137.43 137.38 137.32 137.21 137.16 137.17 137.14 137.09 137.09 137.11 137.08 137.13 137.19 137.22 137.33 137.38 137.49 137.50 137.56 137.66 137.82 137.88 137.92 137.88 138.04 138.00 138.11 138.21 138.22 138.18 138.15 138.18 138.15 138.07 138.12 138.07 138.08 138.06 137.93 137.96 137.86 137.89 137.85 137.72 137.65 137.66 137.56 137.53 137.51 137.45 137.44 137.41 137.33 137.40 137.39 137.35 137.50 137.43 137.46 137.56 137.68 137.68 137.73 137.75
137.74 137.77 137.75 137.65 137.71 137.69 137.52 137.62 137.61 137.60 137.54 137.47 137.39 137.33 137.24 137.13 137.14 137.06 137.00 136.95 136.90 136.84 136.78 136.74 136.74 136.72 136.70 136.67 136.66 136.64 136.64 136.65 136.67 136.66 136.65 136.66 136.67 136.67 136.72 136.78 136.82 136.84 136.84 136.75 136.71 136.64 136.67 136.73 136.82 136.89 136.95 137.06 137.11 137.20 137.32 137.41 137.54 137.68 137.83 138.03 138.26 138.16 138.44 138.51 138.54 138.60 138.70 138.77 138.81 138.81 138.93 138.93 138.98 139.06 139.08 139.09 139.04 139.13 139.18 139.13 139.03 139.00 139.01 138.93 138.90 138.87 138.81 138.77 138.69 138.52 138.40 138.42 138.29 138.27 138.06 138.10 138.07 137.98 137.83 137.79 137.71 137.67 137.64 137.59 137.59 137.54 137.42 137.42 137.44 137.47 137.53 137.55 137.54 137.54 137.47 137.53 137.52 137.52 137.38 137.33 137.30 137.26 137.16 137.18 137.13 137.13 137.10 137.15 137.20 137.22 137.30 137.29 137.44 137.56 137.53 137.44 137.62 137.68 137.66 137.81 137.90 137.77 137.91 138.00 137.98 137.92 137.99 137.97 137.98 137.98 137.97 138.00 137.98 137.93 137.92 137.95 137.92 137.83 137.83 137.75 137.78 137.68 137.64 137.57 137.53 137.48 137.37 137.39 137.37 137.42 137.46 137.48 137.53 137.52 137.56 137.60 137.68 137.77 137.65 137.73
137.75 137.76 137.74 137.75 137.73 137.77 137.68 137.63 137.66 137.56 137.51 137.51 137.45 137.38 137.30 137.25 137.19 137.14 137.09 137.02 136.96 136.94 136.90 136.87 136.83 136.82 136.79 136.76 136.75 136.74 136.74 136.72 136.73 136.73 136.71 136.70 136.69 136.70 136.68 136.89 136.66 136.66 136.66 136.68 136.69 136.72 136.76 136.83 136.93 137.01 137.05 137.21 137.33 137.43 137.52 137.66 137.78 137.91 138.04 138.14 138.34 138.52 138.61 138.68 138.77 139.19 138.71 138.94 138.98 138.99 139.10 138.98 139.08 139.22 139.29 139.26 139.22 139.24 139.14 139.17 139.11 139.11 139.06 139.07 138.99 138.95 138.85 138.78 138.68 138.59 138.48 138.42 138.38 138.27 138.26 138.24 138.07 137.99 137.97 137.86 137.83 137.77 137.69 137.68 137.65 137.67 137.55 137.61 137.60 137.65 137.63 137.65 137.67 137.66 137.58 137.64 137.58 137.57 137.53 137.39 137.44 137.41 137.16 137.25 137.22 137.19 137.14 137.11 137.15 137.21 137.22 137.25 137.30 137.04 137.32 137.47 137.50 137.48 137.61 137.68 137.73 137.59 137.79 137.83 137.83 137.72 137.80 137.79 137.84 137.88 137.84 137.89 137.84 137.80 137.86 137.87 137.81 137.79 137.80 137.75 137.71 137.73 137.66 137.63 137.60 137.45 137.54 137.51 137.44 137.49 137.47 137.54 137.58 137.57 137.64 137.66 137.63 137.73 137.71 137.66
137.86 137.75 137.74 138.48 137.77 137.79 137.79 137.76 137.73 137.70 137.66 137.56 137.55 137.46 137.43 137.40 137.34 137.30 137.20 137.11 136.99 137.09 137.05 137.02 136.99 136.98 136.94 136.94 136.94 136.91 136.90 136.87 136.86 136.84 136.82 136.80 136.79 136.80 136.80 136.79 136.78 136.80 136.81 136.83 136.88 136.91 136.97 137.00 137.10 137.20 137.34 137.45 137.57 137.71 137.87 137.96 138.07 138.19 138.34 138.40 138.53 138.69 138.83 138.95 138.95 138.99 139.15 139.13 139.11 139.11 139.19 139.14 139.22 139.22 139.26 139.32 139.27 139.19 139.17 139.20 139.18 139.16 139.05 138.99 138.94 138.70 138.75 138.69 138.67 138.62 138.57 138.48 138.36 138.31 138.35 138.09 138.05 138.06 138.01 137.95 137.93 137.86 137.79 137.79 137.80 137.76 137.75 137.75 137.74 137.71 137.76 137.73 137.78 137.72 137.70 137.67 137.66 137.58 137.64 137.57 137.51 137.48 137.47 137.39 137.34 137.29 137.22 137.20 137.18 137.18 137.19 137.23 137.27 137.28 137.33 137.41 137.46 137.46 137.54 137.43 137.61 137.47 137.64 137.70 137.61 137.72 137.71 137.72 137.76 137.76 137.74 137.75 137.83 137.83 137.82 137.79 137.80 137.76 137.79 137.81 137.77 137.73 137.76 137.73 137.62 137.67 137.67 137.69 137.52 137.59 137.61 137.63 137.56 137.68 137.75 137.78 137.75 137.79 137.80 137.82
137.87 137.97 137.87 137.95 137.93 137.88 137.85 137.87 137.67 137.75 137.69 137.69 137.69 137.66 137.81 137.52 137.49 137.45 137.35 137.40 137.36 137.28 137.26 137.23 137.20 137.19 137.10 137.13 137.11 137.09 137.06 137.03 137.02 136.99 136.96 136.93 136.93 136.93 136.91 136.90 136.90 136.93 136.97 137.01 137.07 137.13 137.17 137.26 137.32 137.42 137.51 137.55 137.76 137.96 138.11 138.27 138.42 138.60 138.68 138.74 138.78 138.92 138.99 138.97 139.10 139.14 139.16 139.08 139.13 139.19 139.09 139.12 139.22 139.23 139.23 139.25 139.25 139.18 139.18 139.16 139.17 139.08 139.02 138.72 139.65 141.03 138.12 138.58 138.66 138.56 138.58 138.43 138.45 138.29 138.27 138.19 138.11 138.08 138.07 138.03 137.95 137.94 137.89 137.78 137.87 137.76 137.74 137.78 137.77 137.75 137.80 137.79 137.83 137.76 137.64 137.66 137.76 137.66 137.63 137.69 137.65 137.59 137.57 137.43 137.42 137.29 137.32 137.26 137.25 137.16 137.23 137.21 137.21 137.23 137.30 137.28 137.35 137.37 137.33 137.42 137.49 137.48 137.54 137.56 137.50 137.62 137.61 137.64 137.62 137.64 137.68 137.70 137.70 137.74 137.60 137.76 137.73 137.81 137.79 137.79 137.72 137.71 137.81 137.80 137.73 137.82 137.82 137.67 137.77 137.70 137.80 137.79 137.76 137.77 137.78 137.84 137.74 137.75 137.91 137.65
138.06 138.04 138.09 138.05 138.02 138.11 138.05 138.00 138.03 137.98 137.84 137.87 137.91 137.80 137.82 137.76 137.76 137.72 137.70 137.69 137.54 137.59 137.48 137.43 137.43 137.33 137.41 137.39 137.32 137.30 137.28 137.21 137.23 137.16 137.41 137.10 137.09 137.09 137.07 137.08 137.10 137.13 137.20 137.23 137.28 137.36 137.45 137.57 137.65 137.76 137.90 138.05 138.19 138.36 138.53 138.69 138.86 138.98 139.11 139.24 139.28 139.26 139.18 139.14 139.14 139.14 139.10 139.14 139.21 139.16 139.20 139.20 139.16 139.22 139.22 139.17 139.14 139.03 139.19 139.13 139.09 139.02 138.86 138.80 138.78 138.64 138.61 138.63 138.57 138.60 138.50 138.42 138.40 138.30 138.26 138.17 138.13 138.09 138.05 137.95 137.89 137.93 137.89 137.79 137.81 137.81 137.82 137.77 137.73 137.64 137.69 137.81 137.85 137.80 137.76 137.78 137.68 137.74 137.73 137.71 137.68 137.59 137.62 137.58 137.52 137.48 137.47 137.36 137.30 137.29 137.25 137.19 137.20 137.20 137.15 137.27 137.29 137.32 137.13 137.37 137.42 137.48 137.50 137.46 137.49 137.50 137.38 137.58 137.57 137.60 137.58 137.68 137.67 137.71 137.73 137.73 137.74 137.77 137.78 137.83 137.71 137.74 137.75 137.82 137.81 137.82 137.92 137.92 137.93 137.88 137.93 137.88 137.97 137.96 137.86 137.90 137.91 138.02 138.00 138.04
137.99 138.17 138.17 138.12 138.14 138.15 138.12 138.15 138.03 138.18 138.08 138.06 138.03 138.05 137.90 137.84 137.83 137.93 137.96 137.87 137.88 137.86 137.83 137.79 137.69 137.67 137.39 137.62 137.61 137.47 137.58 137.42 137.45 137.36 137.29 137.24 137.26 137.25 137.26 137.26 137.27 137.36 137.42 137.48 137.55 137.64 137.81 137.96 138.12 138.25 138.33 138.42 138.47 138.59 138.68 138.81 138.90 138.94 139.05 139.09 139.10 139.12 139.11 139.09 139.05 139.09 139.11 139.12 139.07 139.13 139.14 139.11 139.18 139.16 139.03 139.10 139.09 139.00 139.01 138.97 138.89 138.85 138.88 138.79 138.66 138.67 138.53 138.48 138.45 138.40 138.40 138.33 138.23 138.22 138.21 138.04 138.07 138.06 138.01 137.98 137.96 137.94 137.91 137.81 137.83 137.89 137.85 137.81 137.80 137.83 137.64 137.67 137.77 137.76 137.79 137.76 137.71 137.74 137.73 137.64 137.60 137.63 137.61 137.60 137.50 137.49 137.48 137.45 137.42 137.38 137.34 137.28 137.27 137.22 137.18 137.14 137.19 137.27 137.33 137.31 137.33 137.34 137.37 137.37 137.38 137.39 137.42 137.46 137.47 137.45 137.52 137.48 137.54 137.61 137.67 137.71 137.68 137.73 137.88 137.82 137.78 137.79 137.79 137.88 137.88 137.94 137.95 138.01 137.99 137.95 137.94 138.02 138.06 138.09 138.20 138.14 138.09 138.12 138.08 138.04
138.22 138.29 138.34 138.24 138.19 138.26 138.58 138.13 138.22 138.24 138.11 138.16 138.18 138.13 138.22 138.24 138.22 138.15 138.28 138.05 137.95 138.07 138.07 138.01 137.93 137.89 137.81 137.73 137.78 137.66 137.69 137.71 137.72 137.59 137.68 137.69 137.58 137.58 137.60 137.61 137.56 137.70 137.75 137.79 137.89 137.95 138.05 138.20 138.28 138.40 138.49 138.55 138.57 138.54 138.62 138.65 138.68 138.73 138.78 138.78 138.75 138.82 138.83 138.87 139.01 138.93 138.95 138.99 139.09 139.01 139.05 139.01 139.00 139.05 138.97 138.90 138.91 138.94 138.89 138.82 138.76 138.75 138.70 138.63 138.55 138.52 138.47 138.45 138.40 138.30 138.19 138.12 138.16 138.18 138.08 138.07 138.02 138.00 137.97 137.92 137.86 137.81 137.78 137.76 137.81 137.83 137.81 137.76 137.78 137.76 137.81 137.75 137.73 137.73 137.68 137.73 137.67 137.65 137.57 137.64 137.54 137.61 137.59 137.50 137.51 137.50 137.49 137.49 137.45 137.40 137.37 137.39 137.35 137.33 137.27 137.28 137.24 137.22 137.20 137.18 137.14 137.14 137.17 137.20 137.24 137.28 137.34 137.36 137.43 137.42 137.48 137.48 137.47 137.50 137.58 137.56 137.68 137.74 137.79 137.82 137.85 137.78 137.90 137.92 137.94 138.01 137.99 138.03 137.92 138.07 138.07 138.05 137.98 138.10 138.13 138.17 138.26 138.12 138.20 138.18
138.35 138.41 138.41 138.36 138.29 138.43 138.45 138.40 138.39 138.44 138.51 138.40 138.42 138.31 138.54 138.37 138.34 138.31 138.24 138.23 138.27 138.03 138.04 138.11 138.02 138.12 138.02 138.39 138.18 138.08 138.15 138.00 137.93 137.88 137.80 137.87 137.79 137.82 137.85 137.94 137.98 138.04 138.07 138.10 138.18 138.23 138.27 138.31 138.36 138.42 138.50 138.63 138.59 138.59 138.59 138.58 138.53 138.53 138.47 138.53 138.58 138.62 138.66 138.65 138.69 138.77 138.80 138.76 138.76 138.79 138.88 138.93 138.92 138.81 138.88 138.89 138.89 138.80 138.73 138.62 138.63 138.58 138.52 138.47 138.49 138.46 138.41 138.35 138.29 138.28 138.20 138.03 138.03 138.03 138.02 137.90 137.92 137.91 137.86 137.88 137.83 137.83 137.79 137.67 137.75 137.76 137.70 137.67 137.67 137.62 137.68 137.69 137.73 137.71 137.67 137.72 137.73 137.66 137.58 137.54 137.58 137.64 137.61 137.53 137.52 137.49 137.46 137.49 137.42 137.41 137.38 137.36 137.38 137.33 137.35 137.33 137.30 137.27 137.26 137.27 137.29 137.31 137.33 137.34 137.36 137.38 137.39 137.41 137.45 137.47 137.45 137.51 137.51 137.55 137.55 137.55 137.66 137.71 137.74 137.73 137.84 137.84 137.81 137.90 137.99 138.04 137.97 138.05 138.13 138.18 137.74 139.06 137.91 137.14 138.14 138.21 138.34 138.31 138.15 138.27
138.34 138.46 138.39 138.43 138.43 138.56 138.39 138.48 138.50 138.49 138.54 138.45 138.47 138.57 138.47 138.53 138.52 138.32 138.41 138.45 138.39 138.49 138.54 138.62 138.45 138.26 138.29 138.29 138.04 138.13 138.15 138.09 138.22 138.27 138.34 138.16 138.10 138.11 138.02 138.14 138.12 138.16 138.26 138.24 138.24 138.17 138.26 138.31 138.35 138.45 138.50 138.51 138.51 138.52 138.53 138.65 138.50 138.49 138.52 138.54 138.61 138.66 138.70 138.70 138.70 138.67 138.63 138.65 138.70 138.61 138.73 138.73 138.73 138.73 138.70 138.74 138.67 138.66 138.55 138.57 138.49 138.48 138.40 138.55 138.36 138.28 138.22 138.17 138.15 138.15 138.08 138.06 138.02 137.96 137.96 137.93 138.01 137.83 137.79 137.77 137.75 137.74 137.73 137.69 137.70 137.71 137.71 137.68 137.63 137.69 137.65 137.63 137.67 137.67 137.66 137.64 137.62 137.65 137.57 137.58 137.57 137.56 137.50 137.59 137.59 137.56 137.48 137.47 137.47 137.41 137.47 137.45 137.46 137.43 137.37 137.39 137.37 137.37 137.36 137.36 137.35 137.40 137.41 137.32 137.38 137.42 137.45 137.47 137.43 137.44 137.47 137.51 137.54 137.56 137.59 137.59 137.62 137.70 137.74 137.79 137.79 137.87 137.88 137.96 137.99 137.98 137.99 138.04 138.08 138.14 138.15 138.20 138.15 138.39 138.40 138.43 138.44 138.43 138.38 138.30
138.54 138.41 138.16 138.03 138.19 138.48 138.37 137.98 138.00 138.41 138.51 138.51 138.54 138.50 138.49 138.31 138.05 138.10 137.96 138.28 138.07 138.18 138.62 138.91 138.46 138.27 138.25 138.39 138.32 138.30 138.28 138.28 138.33 138.24 137.92 138.21 138.11 138.19 138.15 138.12 138.28 138.24 138.16 138.16 138.24 138.31 138.34 138.38 138.41 138.44 138.45 138.49 138.35 138.55 138.57 138.61 138.64 138.63 138.63 138.63 138.67 138.01 138.02 138.41 138.54 138.51 138.51 138.54 138.46 138.46 138.52 138.54 138.53 138.54 138.49 138.50 138.47 138.48 138.52 138.49 138.43 138.32 138.31 138.27 138.26 138.20 138.08 138.06 138.13 138.08 138.09 138.04 137.96 137.87 137.86 137.89 137.89 137.87 137.82 137.79 137.77 137.76 137.72 137.79 137.71 137.70 137.70 137.69 137.68 137.67 137.67 137.66 137.62 137.57 137.58 137.57 137.62 137.55 137.56 137.49 137.53 137.55 137.57 137.58 137.57 137.59 137.56 137.54 137.52 137.48 137.51 137.47 137.44 137.39 137.19 137.35 137.43 137.44 137.46 137.45 137.41 137.42 137.42 137.42 137.43 137.42 137.47 137.44 137.46 137.43 137.48 137.53 137.52 137.56 137.60 137.62 137.66 137.68 137.65 137.72 137.74 137.81 137.89 137.95 137.97 137.98 138.03 138.11 138.12 138.08 138.17 138.10 138.16 138.24 138.21 138.41 138.52 138.49 138.41 138.48
138.22 138.10 138.10 138.20 138.22 138.17 138.13 138.12 138.15 138.13 138.14 137.98 138.23 138.18 138.21 138.29 138.29 138.33 138.33 138.27 138.24 138.36 138.33 138.36 138.40 138.44 138.36 138.13 138.20 138.08 138.14 138.18 138.21 138.21 138.17 138.23 138.18 138.28 138.26 138.24 138.26 138.28 138.28 138.23 138.16 138.18 138.22 138.25 138.28 138.35 138.42 138.38 138.41 138.45 138.49 138.50 138.45 138.51 138.58 138.57 138.61 138.64 138.62 138.64 138.58 138.58 138.65 138.59 138.50 138.44 138.38 138.35 138.27 138.30 138.31 138.15 138.11 138.15 138.24 138.26 138.15 138.20 138.05 137.63 137.86 138.16 137.23 137.39 137.90 136.93 137.19 137.60 137.37 137.09 137.48 136.96 137.09 137.55 137.36 137.15 137.24 137.27 137.34 137.63 137.67 137.60 137.65 137.66 137.67 137.65 137.64 137.64 137.63 137.62 137.58 137.60 137.58 137.58 137.57 137.41 137.88 137.40 137.54 137.52 137.50 137.54 137.51 137.49 137.50 137.51 137.52 137.53 137.51 137.52 137.52 137.52 137.54 137.54 137.50 137.52 137.50 137.47 137.42 137.44 137.45 137.39 137.32 137.34 137.38 137.43 137.46 137.43 137.51 137.56 137.56 137.63 137.61 137.67 137.66 137.67 137.71 137.78 137.81 137.89 137.90 137.96 137.94 137.93 137.98 138.10 138.10 138.12 138.13 138.18 138.20 138.15 138.14 138.28 138.28 138.26
137.38 137.39 137.41 137.46 137.41 137.41 137.44 137.42 137.43 137.45 137.47 137.48 137.50 137.52 137.55 137.57 137.58 137.60 137.60 137.62 137.62 137.65 137.67 137.70 137.73 137.79 137.87 137.96 137.95 138.02 138.11 138.01 138.02 138.19 137.73 137.74 137.57 137.79 137.29 137.40 137.60 137.68 138.05 138.06 138.08 138.14 138.21 138.17 137.99 137.95 137.49 137.45 137.31 137.47 137.91 137.62 137.64 137.61 137.58 137.64 138.13 137.95 138.01 138.01 138.08 138.14 138.23 137.89 137.75 137.51 137.51 137.56 137.17 137.36 137.22 137.01 136.87 136.98 136.88 136.75 136.75 136.64 136.66 136.65 136.67 136.71 136.71 136.72 136.71 136.76 136.72 136.71 136.80 136.80 136.76 136.76 136.77 136.86 136.86 136.83 136.74 136.66 136.68 136.65 136.81 136.84 136.73 137.09 136.98 137.32 137.28 136.90 137.04 137.49 137.24 137.31 137.13 137.21 137.40 136.99 137.03 136.97 137.03 137.06 137.24 137.50 137.13 137.19 137.20 137.20 137.24 137.23 137.23 137.25 137.27 137.29 137.36 137.44 137.52 137.52 137.53 137.53 137.53 137.51 137.53 137.48 137.49 137.52 137.53 137.58 137.59 137.62 137.63 137.65 137.65 137.64 137.64 137.68 137.69 137.66 137.67 137.69 137.72 137.73 137.73 137.73 137.71 137.68 137.68 137.61 137.54 137.55 137.54 137.53 137.52 137.48 137.44 137.40 137.39 137.38
137.08 137.08 137.08 137.08 137.08 137.07 137.08 137.09 137.10 137.11 137.13 137.15 137.16 137.18 137.19 137.22 137.25 137.25 137.31 137.31 137.34 137.34 137.34 137.34 137.33 137.28 137.40 137.37 137.37 136.93 136.90 136.76 136.90 136.96 136.80 136.92 136.75 136.75 136.79 136.77 136.68 136.76 136.68 136.66 136.65 136.65 136.65 136.66 136.68 136.70 136.73 136.80 136.93 136.98 136.76 136.81 136.72 136.67 136.67 136.74 136.68 137.04 136.98 137.53 137.69 137.83 137.97 138.07 138.05 137.76 137.53 137.25 137.06 136.93 136.87 136.77 136.72 136.68 136.65 136.64 136.64 136.65 136.66 136.68 136.71 136.73 136.75 136.77 136.79 136.79 136.79 136.80 136.80 136.82 136.84 136.86 136.87 136.89 136.90 136.91 136.93 136.95 136.97 136.98 137.00 137.01 137.02 137.03 137.02 136.93 136.84 136.77 136.76 136.74 136.78 136.73 136.76 136.77 136.70 136.70 136.73 136.71 136.69 136.67 136.66 136.70 136.70 136.67 136.67 136.66 136.71 136.69 136.65 136.66 136.67 136.72 136.74 136.67 136.68 136.68 136.69 136.86 136.89 136.95 137.19 137.16 137.38 137.53 137.56 137.53 137.51 137.49 137.49 137.50 137.55 137.57 137.55 137.55 137.49 137.47 137.45 137.44 137.42 137.40 137.37 137.35 137.32 137.29 137.28 137.27 137.24 137.23 137.21 137.19 137.18 137.16 137.13 137.11 137.09 137.09
137.24 137.13 137.22 137.33 137.39 137.59 136.95 136.88 137.03 137.11 136.70 136.80 136.76 136.66 136.95 136.92 136.70 136.79 136.81 136.81 136.81 136.70 136.79 136.68 136.82 136.82 136.82 136.83 136.89 136.86 137.01 136.91 136.87 136.81 136.88 136.92 136.92 136.93 136.92 136.89 136.90 136.83 136.88 136.93 136.91 136.95 137.00 137.00 137.00 136.91 136.90 136.92 136.89 136.76 136.78 136.83 136.82 136.81 136.79 136.79 136.81 136.76 136.70 136.73 136.75 136.75 136.72 136.72 136.89 137.02 137.08 137.13 136.96 136.94 136.97 137.11 137.23 137.39 137.44 137.43 137.43 137.35 137.05 136.87 136.86 136.84 136.82 136.84 136.88 136.98 137.35 137.46 136.71 136.79 136.80 136.78 136.80 136.83 136.88 136.92 136.94 136.89 136.95 136.99 137.01 137.03 137.05 137.06 137.07 137.08 137.09 137.09 137.08 137.08 137.07 137.05 137.04 137.03 137.02 137.03 137.01 136.99 136.98 137.00 137.00 137.00 137.01 137.00 137.00 137.01 137.00 137.01 137.01 137.00 136.98 136.98 136.93 136.93 136.94 136.85 136.96 136.95 136.95 136.81 136.78 136.74 136.70 136.67 136.69 136.75 136.69 136.77 136.64 136.70 136.79 136.86 136.66 136.73 136.80 136.85 136.81 136.82 136.83 136.99 136.92 136.99 137.09 137.37 137.17 137.43 137.21 137.06 136.98 136.92 136.99 137.12 137.21 137.01 137.04 137.08
137.19 137.10 137.14 137.12 137.07 137.12 137.11 137.14 137.24 137.27 137.27 137.26 137.22 137.20 137.24 137.30 137.30 137.29 137.31 137.31 137.30 137.23 137.24 137.38 137.38 137.38 137.35 137.33 137.31 137.30 137.29 137.35 137.40 137.37 137.40 137.47 137.51 137.51 137.52 137.51 137.47 137.48 137.42 137.44 137.48 137.55 137.56 137.57 137.55 137.52 137.52 137.52 137.51 137.50 137.43 137.36 137.35 137.31 137.29 137.29 137.32 137.36 137.37 137.38 137.39 137.39 137.41 137.39 137.38 137.35 137.20 137.04 137.03 137.05 137.04 137.09 137.02 137.08 137.09 137.04 137.12 137.16 137.17 137.18 137.13 137.18 137.15 137.06 137.14 137.08 137.19 137.24 137.20 137.26 137.31 137.32 137.29 137.30 137.26 137.27 137.31 137.37 137.36 137.31 137.31 137.39 137.40 137.42 137.45 137.46 137.46 137.44 137.46 137.46 137.45 137.43 137.42 137.40 137.42 137.31 137.45 137.43 137.40 137.37 137.29 137.24 137.36 137.37 137.32 137.32 137.27 137.34 137.43 137.43 137.43 137.43 137.43 137.40 137.34 137.33 137.33 137.32 137.30 137.32 137.28 137.28 137.27 137.31 137.36 137.41 137.36 137.41 137.33 137.37 137.44 137.44 137.41 137.22 137.30 137.23 137.31 137.16 137.16 137.08 137.09 137.07 137.13 137.16 137.15 137.13 137.15 137.10 137.06 137.06 137.05 137.03 137.10 137.08 137.03 137.11
137.66 137.66 137.65 137.63 137.63 137.70 137.70 137.73 137.74 137.74 137.73 137.74 137.74 137.75 137.75 137.75 137.75 137.76 137.76 137.76 137.77 137.76 137.75 137.76 137.76 137.75 137.77 137.78 137.79 137.81 137.81 137.82 137.82 137.83 137.83 137.84 137.84 137.84 137.84 137.85 137.85 137.85 137.85 137.85 137.85 137.85 137.85 137.85 137.85 137.85 137.84 137.84 137.83 137.82 137.81 137.80 137.79 137.79 137.78 137.78 137.78 137.77 137.77 137.76 137.76 137.75 137.74 137.74 137.74 137.74 137.73 137.73 137.72 137.71 137.71 137.70 137.69 137.69 137.67 137.66 137.67 137.67 137.67 137.66 137.67 137.66 137.66 137.67 137.66 137.66 137.66 137.65 137.62 137.63 137.65 137.67 137.68 137.66 137.62 137.60 137.63 137.67 137.67 137.68 137.69 137.69 137.70 137.71 137.72 137.72 137.72 137.73 137.73 137.74 137.74 137.75 137.75 137.75 137.76 137.76 137.76 137.76 137.76 137.76 137.75 137.76 137.76 137.76 137.77 137.77 137.78 137.78 137.78 137.78 137.79 137.80 137.81 137.82 137.82 137.83 137.83 137.83 137.83 137.83 137.83 137.83 137.83 137.83 137.83 137.82 137.82 137.81 137.80 137.80 137.78 137.78 137.76 137.75 137.76 137.78 137.78 137.77 137.77 137.77 137.77 137.77 137.76 137.76 137.75 137.75 137.74 137.73 137.72 137.72 137.71 137.70 137.69 137.68 137.68 137.67
