Mars Surface Radiation Result (absorbed dose in thin silicon slab) (1E-6 Gy/day).

The first row gives the longitude
The first column for each row (starting from the 2nd row) gives the latitude
The rest values of each row gives the dose rate at different longitudes (given in the first row)

179°W  177°W  175°W  173°W  171°W  169°W  167°W  165°W  163°W  161°W  159°W  157°W  155°W  153°W  151°W  149°W  147°W  145°W  143°W  141°W  139°W  137°W  135°W  133°W  131°W  129°W  127°W  125°W  123°W  121°W  119°W  117°W  115°W  113°W  111°W  109°W  107°W  105°W  103°W  101°W  99°W  97°W  95°W  93°W  91°W  89°W  87°W  85°W  83°W  81°W  79°W  77°W  75°W  73°W  71°W  69°W  67°W  65°W  63°W  61°W  59°W  57°W  55°W  53°W  51°W  49°W  47°W  45°W  43°W  41°W  39°W  37°W  35°W  33°W  31°W  29°W  27°W  25°W  23°W  21°W  19°W  17°W  15°W  13°W  11°W  9°W  7°W  5°W  3°W  1°W  1°E  3°E  5°E  7°E  9°E  11°E  13°E  15°E  17°E  19°E  21°E  23°E  25°E  27°E  29°E  31°E  33°E  35°E  37°E  39°E  41°E  43°E  45°E  47°E  49°E  51°E  53°E  55°E  57°E  59°E  61°E  63°E  65°E  67°E  69°E  71°E  73°E  75°E  77°E  79°E  81°E  83°E  85°E  87°E  89°E  91°E  93°E  95°E  97°E  99°E  101°E  103°E  105°E  107°E  109°E  111°E  113°E  115°E  117°E  119°E  121°E  123°E  125°E  127°E  129°E  131°E  133°E  135°E  137°E  139°E  141°E  143°E  145°E  147°E  149°E  151°E  153°E  155°E  157°E  159°E  161°E  163°E  165°E  167°E  169°E  171°E  173°E  175°E  177°E  179°E  
--------------------------------------------------------------------------------------------------------------
89°S ||     200.67 200.70 200.74 200.75 200.75 200.74 200.74 200.76 200.79 200.82 200.93 200.98 200.95 201.00 201.15 201.22 201.26 201.31 201.33 201.24 201.19 201.31 201.32 201.29 201.25 201.24 201.19 201.20 201.27 201.25 201.32 201.40 201.36 201.31 201.38 201.32 201.25 201.20 201.14 201.10 201.06 201.01 200.96 200.94 200.93 200.93 200.92 200.92 200.92 200.90 200.88 200.88 200.86 200.85 200.84 200.84 200.78 200.76 200.74 200.74 200.72 200.71 200.70 200.67 200.69 200.71 200.72 200.63 200.59 200.60 200.55 200.53 200.53 200.53 200.50 200.48 200.47 200.46 200.45 200.45 200.44 200.45 200.45 200.44 200.45 200.46 200.46 200.45 200.44 200.45 200.46 200.49 200.50 200.51 200.51 200.52 200.51 200.52 200.53 200.53 200.52 200.51 200.50 200.50 200.51 200.51 200.52 200.53 200.54 200.54 200.55 200.54 200.52 200.53 200.57 200.59 200.58 200.58 200.59 200.60 200.62 200.62 200.63 200.65 200.68 200.70 200.71 200.73 200.75 200.76 200.77 200.78 200.79 200.80 200.81 200.83 200.84 200.84 200.83 200.84 200.80 200.81 200.79 200.76 200.77 200.76 200.76 200.74 200.71 200.69 200.69 200.68 200.67 200.64 200.63 200.61 200.61 200.59 200.59 200.60 200.59 200.59 200.59 200.58 200.58 200.58 200.58 200.59 200.59 200.59 200.60 200.61 200.61 200.61 200.61 200.63 200.65 200.66 200.66 200.67
87°S ||     202.21 202.26 202.27 202.37 202.35 202.40 202.33 202.33 202.31 202.25 202.24 202.24 202.15 202.05 202.00 201.99 202.00 202.01 202.01 201.98 201.98 202.02 202.13 202.16 202.15 202.11 202.12 202.04 202.11 201.99 202.18 202.20 202.07 202.06 202.05 202.03 201.99 201.95 201.99 201.99 201.96 202.00 201.96 201.94 201.91 201.89 201.88 201.83 201.79 201.75 201.64 201.76 201.61 201.40 201.42 201.37 201.27 201.17 201.12 201.10 201.22 200.83 200.87 200.68 200.63 200.61 200.57 200.55 200.54 200.52 200.45 200.40 200.44 200.43 200.23 200.19 200.14 200.07 200.04 200.15 199.93 199.80 199.79 199.72 199.70 199.70 199.72 199.74 199.76 199.78 199.81 199.82 199.84 199.85 199.86 200.15 200.07 200.21 200.13 200.29 200.29 200.29 200.35 200.36 200.39 200.45 200.50 200.63 200.70 200.75 200.64 200.63 200.66 200.68 200.69 200.69 200.73 200.76 200.81 200.82 200.87 200.91 200.92 200.97 201.03 201.02 201.03 201.09 201.15 201.14 201.19 201.20 201.22 201.26 201.37 201.49 201.57 201.69 201.62 201.48 201.36 201.32 201.29 201.26 201.22 201.21 201.17 200.98 200.96 200.94 200.93 200.94 200.97 200.97 200.96 200.98 201.03 201.12 201.19 201.19 201.25 201.31 201.39 201.42 201.52 201.60 201.67 201.70 201.81 201.83 201.96 201.96 201.98 201.97 202.04 201.97 201.79 201.91 202.21 202.38
85°S ||     201.77 201.76 201.77 201.77 201.79 201.79 201.80 201.85 201.85 201.85 201.85 201.86 201.87 201.92 201.87 201.81 201.82 201.91 201.90 201.90 201.91 201.93 201.96 201.97 201.96 201.97 202.01 202.09 202.15 202.27 202.53 202.56 202.55 202.55 202.57 202.44 202.58 202.48 202.45 202.42 202.61 202.81 202.76 202.77 202.60 202.57 202.49 202.41 202.34 202.27 202.29 202.20 202.19 202.16 202.35 202.41 202.18 202.05 202.09 202.38 202.25 201.54 201.42 201.45 201.55 201.62 201.50 201.57 201.56 201.24 201.33 201.22 200.99 200.93 200.97 200.78 201.02 201.22 201.43 201.15 201.01 200.94 200.99 200.99 201.06 200.95 200.89 200.79 200.78 200.87 200.78 200.81 200.90 200.89 200.90 200.90 200.91 200.95 201.00 201.09 201.07 201.16 201.39 201.62 201.56 201.52 201.51 201.53 201.50 201.55 201.63 201.68 201.72 201.78 201.61 201.66 201.75 201.76 201.70 201.62 201.61 201.64 201.67 201.75 201.84 201.91 201.91 201.86 201.86 201.82 201.79 201.76 201.73 201.75 201.78 201.88 202.33 203.20 203.49 203.30 202.81 202.57 202.46 202.49 202.11 201.92 201.83 201.74 201.79 201.83 201.73 201.75 201.79 201.90 202.04 202.09 202.13 202.15 202.13 202.14 202.12 201.98 201.86 201.81 201.79 201.87 201.92 201.97 202.07 202.22 202.03 202.07 202.03 201.98 201.92 201.91 201.90 201.90 201.81 201.77
83°S ||     201.81 201.83 201.85 201.86 201.87 201.88 201.89 201.91 201.93 201.95 201.97 202.00 202.02 202.04 202.04 202.04 202.06 202.08 202.11 202.13 202.16 202.19 202.22 202.26 202.29 202.34 202.38 202.43 202.52 202.62 202.57 202.46 202.44 202.40 202.50 202.58 202.55 202.51 202.57 202.63 202.43 202.42 202.43 202.43 202.45 202.47 202.46 202.86 202.95 203.02 202.95 202.97 202.91 202.90 202.91 202.89 202.84 203.06 203.15 203.16 202.83 203.08 203.00 202.92 203.18 202.97 202.99 202.96 203.26 203.00 203.21 203.39 203.52 203.53 203.40 203.29 203.32 203.31 203.29 203.35 203.32 203.29 203.16 203.18 203.20 203.13 203.07 203.05 203.08 203.07 202.86 202.86 202.94 203.22 202.89 202.82 202.73 202.69 202.72 202.62 202.79 202.37 202.50 202.30 202.63 202.83 202.88 202.69 202.60 202.62 202.64 202.76 202.97 203.06 203.12 203.09 202.79 202.79 202.73 202.70 202.64 202.62 202.37 202.31 202.36 202.40 202.40 202.28 202.28 202.39 202.34 202.36 202.50 202.52 202.69 203.14 203.74 203.69 203.71 203.70 203.70 202.80 202.68 202.71 202.68 202.77 202.74 202.67 202.65 202.64 202.59 202.49 202.40 202.35 202.31 202.20 202.16 202.21 202.47 202.77 203.14 203.33 202.93 202.50 201.90 201.90 201.66 201.59 201.57 201.60 201.73 201.90 202.28 202.24 202.00 201.83 201.77 201.75 201.76 201.79
81°S ||     202.08 202.14 202.15 202.27 202.06 202.13 202.16 202.21 202.25 202.30 202.36 202.42 202.56 202.59 202.42 202.42 202.46 202.51 202.55 202.57 202.61 202.65 202.66 202.69 202.73 202.77 202.82 202.85 202.88 202.91 202.95 203.08 203.06 203.09 203.18 203.13 202.96 202.99 202.97 203.00 203.14 203.01 202.75 202.79 202.65 202.55 202.60 202.75 202.80 202.72 202.85 202.78 202.96 203.60 203.34 203.49 203.71 203.36 203.71 203.66 203.43 203.52 203.57 203.55 203.56 203.54 203.59 203.59 203.53 203.46 203.54 203.41 203.27 203.29 203.30 203.32 203.28 203.29 203.26 203.27 203.56 203.19 203.07 203.03 203.01 203.02 203.01 203.01 202.99 202.98 202.96 202.98 202.89 202.74 202.58 202.34 201.82 201.27 201.93 202.04 202.42 202.70 202.66 202.76 203.01 203.17 203.28 203.45 203.43 203.33 203.15 203.39 203.49 203.59 203.59 203.65 203.67 203.73 203.71 203.70 203.68 203.71 203.66 203.61 203.59 203.61 203.33 203.35 203.41 203.46 203.51 203.67 203.72 203.79 203.82 203.82 203.80 203.34 202.70 202.54 202.49 202.43 202.40 202.53 202.59 202.59 202.53 202.65 202.72 202.80 202.91 202.97 203.06 202.87 202.97 203.16 203.29 203.03 202.92 202.95 203.31 203.11 202.88 202.88 202.99 202.93 203.28 202.74 202.11 201.87 201.90 202.03 202.14 202.32 202.56 202.01 202.11 202.11 201.95 202.00
79°S ||     202.39 202.43 202.45 202.54 202.53 202.50 202.50 202.54 202.55 202.72 202.61 202.69 202.74 202.76 202.83 202.96 202.89 203.07 202.82 202.99 202.89 202.92 202.89 203.26 203.58 202.80 203.15 203.52 203.40 203.48 203.43 203.43 203.41 203.42 203.46 203.48 203.48 203.47 203.39 203.37 203.37 203.18 203.63 203.71 202.98 203.13 203.12 203.01 202.98 203.18 203.33 203.17 203.69 203.59 203.65 203.78 203.94 203.03 203.53 203.15 203.71 203.53 203.06 203.40 203.43 203.67 203.70 203.66 203.64 203.61 203.58 203.60 203.58 203.59 203.58 203.56 203.58 203.61 203.58 203.42 203.48 203.61 203.41 203.38 203.40 203.55 203.29 203.43 203.31 203.33 203.37 203.27 203.21 202.97 202.32 202.32 201.99 202.37 202.81 203.05 203.00 203.21 203.24 203.31 203.37 203.54 203.40 203.49 203.29 203.50 203.18 203.41 203.28 203.28 203.01 202.93 203.49 203.61 203.81 203.85 203.88 203.87 203.89 203.88 203.90 203.88 203.85 203.88 203.87 203.89 203.86 203.84 203.90 203.88 203.89 203.89 203.94 203.95 203.91 203.91 203.91 203.93 203.71 203.41 203.55 203.10 202.71 202.70 202.69 202.61 202.67 202.76 203.09 203.90 203.82 203.16 203.00 203.44 202.49 202.50 203.01 202.55 202.31 202.20 202.14 202.23 202.10 202.42 202.20 202.17 202.19 202.24 202.34 202.09 202.02 202.12 202.21 202.30 202.31 202.32
77°S ||     203.07 202.84 202.80 202.78 202.70 202.92 202.89 203.18 203.14 203.18 203.17 203.20 203.45 203.30 203.26 203.32 203.40 203.41 203.49 203.36 203.30 203.34 203.30 203.38 203.33 203.43 203.58 203.64 203.53 203.61 203.59 203.61 203.61 203.60 203.60 203.61 203.59 203.61 203.59 203.59 203.58 203.60 203.54 203.43 203.38 203.22 202.81 203.33 202.73 202.94 203.52 203.39 203.28 202.89 203.03 203.20 203.33 203.28 203.40 203.38 203.60 203.72 203.58 203.64 203.78 203.81 203.80 203.82 203.82 203.80 203.77 203.76 203.73 203.74 203.71 203.72 203.70 203.64 203.48 203.50 203.45 203.35 203.30 203.19 203.37 203.50 203.40 203.43 203.28 203.37 203.38 203.33 203.05 202.92 202.81 202.67 202.28 201.97 202.89 203.71 203.95 204.04 204.02 203.28 203.49 203.39 203.42 203.54 203.33 203.58 203.38 203.34 203.29 203.59 203.84 203.73 203.34 203.24 202.92 202.74 202.66 202.35 202.24 202.67 203.12 203.50 203.72 203.71 203.65 203.50 203.08 203.49 203.59 203.17 203.60 203.73 203.93 203.86 203.68 203.58 203.37 203.40 203.22 203.53 203.96 203.92 203.82 203.73 203.19 203.23 203.30 202.69 203.24 203.49 203.48 202.82 202.53 202.59 202.40 202.43 202.50 202.37 202.36 202.58 202.47 202.43 202.53 202.61 202.64 202.62 202.54 202.62 202.81 202.54 202.56 202.61 202.77 202.90 202.98 202.83
75°S ||     203.28 203.36 203.18 203.29 203.14 203.14 203.23 203.69 203.41 203.35 204.01 204.11 203.51 203.64 203.64 203.72 203.56 203.64 203.64 203.50 203.51 203.67 203.68 203.78 203.68 203.73 203.76 203.77 203.76 203.73 203.73 203.72 203.74 203.71 203.39 203.66 203.67 203.66 203.64 203.64 203.60 203.56 203.57 203.57 203.61 203.65 203.59 203.53 203.39 203.29 203.36 202.96 202.86 203.15 203.55 203.62 203.58 203.80 203.90 203.92 203.94 203.93 203.91 203.88 203.86 203.86 203.85 203.72 203.83 203.76 203.68 203.57 203.55 203.43 203.38 203.45 203.39 203.52 203.40 203.42 203.47 203.49 203.55 203.43 203.66 203.50 203.50 203.60 203.49 203.49 203.41 203.18 203.08 203.31 203.42 203.44 203.45 203.46 203.51 203.41 203.29 203.36 203.36 203.33 203.55 203.60 203.60 203.48 203.47 203.38 203.31 203.17 202.81 202.94 203.07 202.65 202.97 202.86 202.69 202.82 202.62 202.57 203.14 203.37 203.23 203.08 203.90 202.91 203.07 203.08 203.17 203.52 203.46 203.38 203.32 203.16 203.39 202.63 202.33 201.98 201.93 202.47 204.07 203.97 204.04 203.21 203.68 203.21 203.76 203.98 203.90 203.86 203.82 203.84 203.89 203.09 202.21 202.16 202.15 202.16 202.14 202.27 202.81 202.71 202.86 202.36 202.42 202.58 202.65 202.65 202.71 202.72 202.76 202.97 202.98 203.03 203.13 203.09 203.13 203.18
73°S ||     204.03 203.29 203.76 203.75 203.68 203.47 203.92 203.76 203.79 203.78 203.49 203.26 203.68 203.46 203.67 203.79 203.76 203.75 203.71 203.62 203.51 203.24 203.93 203.09 203.28 203.85 203.71 203.69 203.72 203.75 203.77 203.76 203.80 203.57 203.51 203.28 203.45 203.71 203.63 203.67 203.67 203.69 203.63 203.66 203.69 203.69 203.69 203.52 203.85 204.20 204.22 204.22 204.22 203.50 203.87 203.89 203.99 204.02 204.03 204.04 204.05 204.04 204.01 203.96 203.98 203.75 203.85 203.96 203.98 203.98 203.95 203.78 203.63 203.71 203.63 203.56 203.50 203.59 203.74 203.47 203.48 203.49 203.52 203.74 203.63 203.80 203.87 203.84 203.77 203.80 203.58 203.55 203.29 203.57 203.55 203.62 203.74 203.76 203.76 203.74 203.76 203.76 203.82 203.79 203.73 203.69 203.78 203.46 203.40 203.29 202.93 202.65 202.84 203.19 203.51 203.29 203.44 203.35 203.43 203.15 203.26 202.96 202.80 202.72 202.98 202.94 203.21 203.24 203.45 203.42 203.39 203.47 203.50 203.58 203.65 203.66 203.64 203.72 203.48 203.20 203.50 202.45 202.61 203.11 203.18 203.22 203.27 203.43 203.68 203.70 203.58 202.91 203.50 203.86 204.03 204.09 203.71 202.95 202.25 202.60 202.39 202.65 203.05 203.09 202.55 202.80 203.15 203.27 203.15 203.44 203.98 203.84 203.57 203.47 203.48 203.44 203.56 203.41 203.44 203.94
71°S ||     203.95 203.99 204.05 204.08 204.12 204.18 204.22 204.20 204.21 204.21 204.21 203.91 203.46 203.22 202.69 202.71 203.26 203.39 204.02 203.57 203.60 203.48 203.33 203.39 204.13 203.74 203.80 203.82 203.74 203.59 203.65 203.58 203.57 203.70 203.65 203.62 203.56 203.78 203.67 203.68 203.77 203.65 203.75 203.69 203.72 203.74 203.54 203.40 203.44 203.90 204.14 204.08 204.02 203.40 203.98 204.05 204.08 204.11 204.08 204.09 204.12 203.96 203.88 203.95 204.02 204.06 204.04 204.00 204.02 203.45 203.65 203.79 203.69 203.81 203.60 203.71 203.62 203.28 203.13 203.01 202.93 203.64 203.65 203.64 203.77 203.78 203.87 203.75 203.90 203.82 204.07 204.03 203.81 203.86 203.85 203.74 203.68 203.22 203.67 203.86 203.94 203.78 203.80 203.81 203.80 203.83 203.59 202.91 203.14 203.40 203.43 203.51 203.51 203.63 203.64 203.57 203.75 203.62 203.70 203.76 203.70 203.83 203.85 203.71 203.70 203.58 203.11 203.29 204.09 204.09 203.45 203.58 203.43 202.50 203.17 203.34 203.42 203.05 202.83 203.09 203.30 202.93 203.55 203.71 203.89 203.91 203.88 203.68 203.67 203.78 203.98 203.92 204.06 203.93 204.23 204.20 204.22 204.19 203.97 203.88 204.02 203.94 203.80 204.02 204.12 204.09 204.08 203.99 203.90 204.08 203.94 204.10 204.05 204.06 203.74 203.74 203.78 203.83 203.58 203.85
69°S ||     203.58 203.64 203.88 204.02 203.76 204.10 204.08 204.21 204.24 204.23 204.23 204.16 203.87 203.91 203.61 203.64 202.95 203.11 203.36 203.74 203.97 203.83 203.58 203.44 203.47 203.84 203.76 203.85 203.60 203.83 203.34 203.41 203.33 203.54 203.57 203.63 203.81 203.83 203.89 203.88 203.91 203.88 203.86 203.90 203.90 203.91 203.76 203.96 203.96 203.94 203.97 204.04 204.05 204.10 204.11 204.08 204.10 204.11 204.01 204.00 203.89 204.10 204.08 204.14 204.09 203.96 203.60 203.63 203.68 203.68 203.65 203.71 203.72 203.87 203.93 204.04 203.91 203.59 203.20 203.41 203.51 203.81 203.75 203.54 203.54 203.38 203.43 203.40 203.59 203.78 203.79 203.88 203.19 203.90 203.94 203.89 203.98 203.97 203.96 203.99 203.96 203.94 203.98 203.93 203.78 203.56 203.04 203.84 203.96 203.88 203.77 203.64 203.71 203.61 203.71 203.36 203.31 203.70 203.95 204.06 204.15 204.08 204.09 204.13 204.13 204.08 203.87 203.60 203.40 203.42 203.72 203.67 203.65 203.57 204.10 203.38 202.51 202.82 202.89 203.03 203.19 203.18 202.87 202.97 203.38 203.71 203.79 203.60 203.90 203.97 203.97 204.02 203.72 202.38 203.97 204.23 204.22 202.86 204.23 204.23 204.22 204.16 204.13 204.10 203.96 203.79 203.62 203.64 203.13 202.92 203.66 203.99 204.01 203.90 203.80 203.70 203.62 203.55 203.71 203.70
67°S ||     204.16 203.56 203.37 203.89 203.91 203.97 203.99 204.01 204.22 204.24 204.24 204.23 204.23 204.16 204.06 203.90 203.70 203.37 203.30 203.09 203.08 202.84 203.12 203.15 203.44 203.41 203.31 203.24 203.53 203.05 203.06 203.05 203.41 204.19 203.44 203.61 203.63 203.81 203.88 203.89 203.95 203.94 203.92 203.93 203.94 203.96 203.94 204.00 204.00 203.97 203.99 204.04 204.06 204.06 204.01 204.10 204.16 204.11 204.14 204.09 203.79 204.01 204.13 204.13 203.99 203.82 203.23 203.28 204.10 203.71 203.81 203.85 203.89 204.01 204.09 203.88 203.67 203.28 203.33 203.10 203.34 203.36 203.60 203.59 203.81 203.74 203.82 203.83 203.82 203.82 203.85 203.95 203.90 203.98 203.95 204.02 203.95 203.92 203.91 203.82 203.81 203.34 203.18 203.21 202.94 203.35 204.14 204.22 204.23 204.11 204.09 203.85 203.87 203.63 203.73 203.66 203.90 203.96 204.12 204.14 204.12 204.12 204.14 204.14 204.10 204.19 204.18 204.22 204.23 204.06 203.59 203.13 203.57 203.71 203.17 203.04 202.95 202.63 203.07 202.46 202.68 202.99 203.00 203.65 203.49 203.44 203.06 203.32 203.65 203.87 204.04 203.96 203.96 204.06 204.12 204.14 204.16 204.02 203.99 204.08 204.07 204.11 204.01 203.88 204.03 204.00 204.01 204.00 203.96 203.69 204.07 203.94 203.91 203.78 203.45 203.80 203.38 203.37 203.42 203.77
65°S ||     203.71 203.42 203.17 203.51 203.54 204.08 204.00 204.07 204.21 204.23 204.23 204.23 204.23 204.23 204.23 204.21 204.18 204.14 204.11 203.95 203.62 203.53 203.57 203.42 203.67 203.62 203.37 203.73 203.72 203.40 203.23 203.47 203.30 203.49 203.63 203.72 203.74 203.78 203.79 203.92 203.94 204.00 204.01 204.02 204.06 204.07 204.05 204.05 204.06 204.05 204.00 203.94 203.89 203.94 204.03 204.09 204.09 204.10 204.04 203.46 203.71 204.17 204.21 204.17 204.03 204.07 203.62 203.62 203.90 203.87 203.99 203.94 203.99 204.06 204.16 204.10 203.84 203.73 203.45 203.21 203.23 203.47 203.99 203.71 203.83 203.85 203.85 203.80 203.63 203.88 203.88 203.90 203.87 203.98 203.84 203.98 204.11 204.04 203.88 203.93 203.77 203.80 203.71 203.63 203.34 203.58 203.46 203.63 203.69 203.60 203.58 203.47 203.55 203.85 204.07 204.18 204.18 204.18 204.11 204.06 204.06 204.14 204.20 204.19 204.22 204.21 204.20 204.22 204.21 204.22 203.78 203.75 203.72 203.64 204.12 203.29 203.25 203.34 203.63 202.80 202.77 202.80 203.21 203.24 203.28 202.93 202.81 203.73 203.51 203.30 203.84 203.82 203.75 204.08 204.06 203.01 203.50 203.65 204.04 203.85 203.41 203.54 204.02 203.82 203.95 204.13 204.05 204.09 204.07 204.03 203.82 203.77 203.64 203.17 203.88 204.02 203.77 203.65 203.36 203.27
63°S ||     203.74 203.72 203.87 203.51 203.28 203.62 204.00 204.00 204.14 204.14 204.23 204.19 203.93 204.23 204.23 204.20 204.23 204.23 204.22 204.04 203.72 203.70 203.50 203.59 203.51 203.62 203.63 203.49 203.45 203.51 203.46 203.57 203.75 203.76 203.73 203.56 203.42 203.67 203.93 203.75 204.01 203.83 203.69 203.96 203.99 203.93 203.84 204.02 203.98 203.94 203.83 203.82 203.75 203.91 203.89 203.62 203.88 204.20 204.15 204.17 204.14 204.13 204.19 204.22 204.15 204.19 204.01 204.12 203.94 204.17 204.08 203.99 204.01 203.95 203.99 204.21 204.23 204.23 204.21 204.05 203.94 203.70 203.77 203.76 203.78 203.81 203.91 203.91 203.91 203.88 203.87 203.88 203.95 203.91 203.94 203.81 203.91 203.95 203.83 204.00 204.02 203.84 203.89 204.01 203.92 203.73 203.60 203.42 203.44 203.24 203.60 203.69 203.92 204.18 204.21 204.20 204.18 204.23 204.20 204.18 204.16 204.14 204.17 204.17 204.23 204.24 204.23 204.22 204.23 204.23 204.20 203.90 203.83 204.01 203.75 203.41 203.21 203.36 203.22 202.51 203.96 203.06 203.56 203.48 203.47 203.22 203.09 202.95 202.72 203.03 203.34 203.62 203.53 203.62 203.87 204.08 204.18 204.18 204.06 204.00 203.68 203.74 203.90 203.89 203.78 203.13 203.08 203.38 203.77 203.95 204.03 204.08 203.96 204.12 204.10 203.49 203.83 203.90 203.87 203.75
61°S ||     204.18 203.45 203.26 203.75 203.96 204.08 204.06 203.61 203.69 203.83 203.52 203.71 204.00 203.70 203.47 203.78 204.03 204.00 204.02 204.12 204.08 204.06 204.04 203.65 203.50 203.37 203.75 203.91 203.48 203.59 203.92 204.10 204.11 204.05 203.96 203.78 203.59 203.74 203.69 203.67 203.96 203.45 203.77 203.91 203.79 203.00 204.10 204.17 204.18 204.15 204.13 204.19 204.18 204.03 203.75 204.23 204.23 204.18 204.23 204.23 204.19 204.16 204.15 204.19 204.22 203.91 204.16 204.10 204.15 204.10 204.22 204.21 203.75 204.00 204.03 203.94 204.05 204.11 204.05 203.89 203.23 203.24 203.79 203.94 203.81 203.75 203.66 203.84 203.95 203.93 203.97 203.92 203.93 204.04 203.98 204.01 203.98 203.87 203.96 204.03 204.05 203.99 203.94 203.93 203.52 203.93 203.86 203.87 203.88 203.94 204.00 204.03 204.08 204.16 204.22 204.16 204.08 204.04 204.08 203.95 203.79 204.10 203.98 204.11 204.19 204.21 204.24 204.22 204.19 204.10 204.00 204.18 202.87 204.23 204.21 204.15 203.41 203.59 203.58 203.85 203.27 203.21 203.15 203.23 203.29 203.20 203.20 203.00 203.18 203.08 203.27 203.24 203.32 203.43 203.47 204.15 203.98 204.21 204.22 204.24 204.21 204.12 204.01 203.87 203.82 203.57 203.24 203.41 203.53 202.69 203.38 203.94 204.02 203.85 203.03 203.31 203.51 204.11 204.12 204.09
59°S ||     204.21 203.99 203.83 203.97 204.09 203.98 202.99 203.60 203.76 203.55 203.91 203.59 203.78 203.11 203.91 203.75 203.98 204.06 203.87 204.01 204.14 204.15 204.00 203.91 203.29 203.63 203.78 203.82 204.02 203.62 203.77 204.16 204.20 204.05 204.07 204.08 203.76 203.37 203.26 203.39 203.63 204.02 204.17 204.15 204.11 203.91 204.18 204.22 204.23 204.24 204.24 204.24 204.23 204.22 204.19 204.15 204.19 204.12 204.22 204.24 204.16 204.00 202.99 203.85 203.60 203.61 203.28 204.19 204.14 203.58 203.86 203.74 203.42 204.11 204.07 204.03 204.04 203.96 203.86 203.90 203.49 203.57 203.81 203.64 203.68 203.98 203.87 203.82 204.07 203.18 203.88 204.03 204.07 204.01 204.04 203.89 203.84 203.86 204.23 203.80 203.75 204.03 203.93 203.95 203.99 204.01 203.99 203.94 203.92 204.10 204.12 204.20 204.21 204.21 204.15 203.94 203.95 204.03 203.80 203.46 203.50 203.51 204.00 204.20 204.20 204.15 204.07 204.15 204.02 203.68 204.10 204.13 204.20 204.22 204.13 204.16 203.88 203.13 202.66 202.95 204.21 204.15 202.76 202.78 203.78 203.05 203.14 202.57 203.12 203.41 202.94 202.99 203.47 203.96 204.12 204.20 204.23 204.23 204.23 204.24 204.23 204.23 204.21 204.16 203.95 203.73 203.46 203.41 203.58 203.42 204.08 202.90 203.54 203.71 203.46 203.94 204.05 203.96 204.11 204.18
57°S ||     204.17 204.19 204.17 204.12 204.20 203.36 203.71 203.60 203.25 203.31 203.41 204.21 203.37 203.46 203.13 203.20 203.75 204.03 203.79 203.70 204.23 203.74 203.77 203.76 203.16 203.69 203.88 203.86 203.81 203.20 202.74 204.18 204.09 204.14 204.14 203.85 203.88 203.71 203.57 203.61 203.46 203.87 204.01 204.08 204.13 203.99 203.67 203.60 204.13 204.23 204.23 204.22 204.21 204.22 204.18 203.79 203.75 203.76 203.55 203.41 203.83 203.33 203.79 203.49 202.88 203.04 203.08 202.75 198.82 202.40 202.28 203.34 203.74 204.14 203.95 204.12 203.74 204.16 204.06 203.47 203.40 204.19 203.87 203.92 204.04 203.90 203.94 203.77 203.73 203.94 203.99 204.04 203.85 203.62 203.63 203.58 203.60 203.67 203.97 203.67 203.46 203.58 203.58 203.62 203.59 204.01 204.02 204.11 204.17 204.21 204.23 204.24 204.22 204.09 204.23 204.18 204.22 204.21 204.22 204.17 204.10 204.19 204.14 203.66 202.99 203.06 202.98 203.04 203.02 201.52 203.72 203.93 204.06 203.63 203.98 203.98 203.93 204.19 202.92 203.78 204.23 203.87 203.20 203.39 203.82 203.68 203.39 203.19 203.14 203.42 203.77 203.88 203.99 203.83 203.96 203.97 204.20 203.93 203.31 203.50 204.21 204.23 204.23 204.15 203.93 203.74 203.53 203.50 203.58 203.53 203.28 203.17 203.57 203.64 204.16 203.56 203.55 203.63 203.85 204.10
55°S ||     204.21 204.21 204.24 204.16 204.06 204.03 203.99 203.71 203.55 203.94 203.92 203.85 203.71 203.77 203.49 203.68 203.99 204.01 204.02 203.99 203.64 203.06 203.05 204.23 203.00 203.72 203.97 203.97 203.93 203.74 203.59 204.14 204.14 204.09 204.04 203.99 203.83 203.60 203.33 203.25 203.34 203.23 203.17 203.35 203.93 203.70 203.57 203.82 204.13 204.21 204.23 204.22 204.21 204.17 203.76 203.31 203.58 203.22 203.40 203.96 203.69 203.15 202.51 203.31 203.42 197.95 197.50 197.16 197.79 197.69 197.59 201.06 202.53 203.62 203.10 203.22 204.05 204.05 204.18 204.19 204.10 204.00 204.09 204.08 204.02 203.93 203.93 203.77 203.85 203.63 203.82 203.94 204.08 203.88 203.94 204.01 204.06 203.95 203.92 203.98 203.97 203.93 203.49 203.57 203.45 203.64 204.12 204.16 204.22 204.23 204.21 204.16 204.00 203.73 203.78 203.36 203.00 202.54 202.36 200.93 199.57 198.92 198.57 198.19 197.75 198.62 199.62 199.78 197.83 201.10 202.50 202.87 203.28 203.91 203.65 203.82 203.66 204.21 204.17 204.03 203.93 203.83 203.94 203.97 203.09 203.51 203.62 203.58 203.85 204.02 204.19 204.19 203.02 204.23 203.95 204.10 204.18 203.31 203.44 204.23 204.15 204.08 203.99 204.01 203.78 203.69 203.80 203.94 204.08 203.96 203.96 203.50 203.96 203.74 203.59 203.64 203.78 204.01 204.07 204.18
53°S ||     204.22 204.08 204.12 204.04 204.06 203.67 204.15 204.19 204.18 204.09 204.12 203.88 203.71 203.97 203.95 203.95 203.77 203.98 203.97 204.03 203.96 203.48 203.19 204.02 203.73 203.91 204.13 203.89 204.01 203.88 204.06 204.02 204.03 203.81 204.07 204.07 204.02 203.49 203.25 203.24 203.14 203.26 203.60 203.75 203.92 204.01 204.09 204.05 203.90 203.14 203.83 203.89 204.07 203.94 203.96 204.19 204.12 203.71 203.64 204.16 203.52 202.94 202.49 201.79 196.50 196.84 197.59 197.57 197.46 197.35 197.37 197.95 200.36 202.50 204.15 204.17 204.18 203.81 204.20 204.22 204.19 204.23 204.23 204.16 204.09 204.02 203.93 203.93 204.04 204.04 203.87 203.82 203.72 204.03 203.66 203.54 203.80 203.87 203.94 203.85 203.95 204.01 203.70 203.08 204.04 203.85 204.00 204.16 204.20 204.21 204.17 204.01 203.54 202.86 202.42 201.28 199.34 198.51 197.00 196.31 196.26 196.45 196.57 196.62 196.64 196.37 196.32 196.34 196.33 196.31 196.37 200.82 200.57 199.03 203.70 202.99 202.94 203.77 204.03 204.07 204.17 203.93 203.99 203.75 203.85 204.14 203.78 203.79 203.85 203.66 203.89 204.08 204.23 204.22 203.55 204.22 204.17 203.17 204.18 204.09 204.20 204.20 204.22 204.10 203.94 203.93 203.70 203.96 203.52 203.94 204.09 203.66 203.19 203.19 203.66 204.05 204.08 204.13 204.21 204.21
51°S ||     204.20 204.15 203.97 204.04 204.23 204.15 204.06 203.72 204.16 204.05 203.85 203.99 203.92 204.06 203.97 203.91 203.96 203.51 203.88 203.94 203.81 203.54 203.19 203.04 202.76 203.76 203.50 203.79 203.98 203.98 203.89 204.03 203.85 203.64 203.92 203.71 203.77 203.67 203.46 202.87 202.85 202.71 203.02 203.82 203.94 204.04 204.09 203.86 203.83 203.60 203.78 203.83 203.48 203.24 203.83 204.15 204.08 204.12 204.03 203.66 203.49 203.56 202.28 198.25 197.08 198.04 197.49 197.62 197.59 197.59 197.55 197.69 200.47 200.17 199.06 197.28 204.17 204.14 204.23 204.23 204.22 204.23 204.15 204.06 203.92 203.96 203.73 203.87 204.03 204.01 203.99 204.02 204.08 204.12 203.96 203.68 203.79 203.86 203.91 203.63 203.98 203.83 203.58 203.90 203.82 203.90 204.10 204.21 204.24 204.23 203.67 203.48 203.33 201.82 200.42 198.41 196.98 196.28 196.30 196.76 196.96 197.28 197.39 197.35 197.52 197.55 197.43 197.43 197.34 197.19 197.45 197.06 197.14 196.92 199.80 202.31 203.75 203.87 203.14 204.23 204.11 203.79 204.03 203.59 203.34 203.54 203.82 204.16 204.04 204.07 204.22 204.23 204.21 204.17 203.84 204.16 204.13 204.14 204.17 204.20 204.18 203.90 204.01 204.20 204.18 204.09 203.79 204.16 204.00 204.17 203.99 203.73 203.98 203.61 203.69 203.90 203.96 204.11 204.14 204.19
49°S ||     203.74 203.91 203.82 204.06 204.21 204.09 203.95 204.14 204.19 203.60 203.90 203.64 203.60 203.51 203.74 203.61 203.55 203.60 203.03 203.24 203.49 203.70 203.11 202.98 203.51 203.34 203.62 203.98 203.97 203.97 203.85 204.00 203.78 202.85 202.85 202.96 203.25 203.25 203.30 202.89 202.75 202.81 202.95 203.62 203.86 203.98 204.00 203.99 203.95 203.88 203.77 203.54 203.17 202.99 203.20 203.54 204.14 204.17 203.84 203.69 203.75 203.23 202.66 201.35 198.11 196.83 197.59 197.48 197.65 197.11 197.02 198.05 199.41 203.91 202.16 204.07 203.78 203.73 204.23 204.19 204.13 204.19 204.18 204.03 203.96 203.75 203.85 204.04 203.96 204.03 203.82 203.99 204.23 204.17 204.02 203.75 203.42 204.04 203.69 203.66 203.65 203.65 203.84 204.05 204.08 203.90 203.85 204.19 204.24 203.91 204.23 203.77 202.09 199.68 197.14 196.29 196.36 196.54 196.98 197.28 197.68 197.76 197.68 197.66 197.05 197.46 197.52 197.59 197.51 197.49 197.51 197.52 197.39 197.03 196.63 197.29 202.61 203.60 203.72 204.20 204.06 204.13 203.66 204.02 204.10 203.48 203.96 203.82 204.12 204.17 203.81 204.10 204.10 204.08 204.00 204.17 204.12 204.02 203.80 203.79 202.86 203.48 204.02 203.88 203.73 204.06 204.20 204.06 204.05 204.22 204.24 204.19 204.17 203.93 203.64 203.31 203.47 203.64 203.89 203.99
47°S ||     203.59 203.92 203.78 203.76 204.10 204.21 204.06 203.80 204.11 203.87 203.67 203.75 203.00 203.97 203.17 203.35 202.69 202.89 203.48 203.33 203.69 203.24 203.51 203.74 203.71 203.89 203.56 203.82 203.94 203.92 203.93 203.93 203.96 203.42 203.27 203.38 203.60 203.64 203.64 203.42 203.09 203.00 203.28 203.37 203.26 203.74 203.75 203.81 203.67 203.70 203.45 203.33 203.03 203.01 202.93 203.20 203.46 203.40 203.81 204.05 203.45 204.13 204.15 202.76 203.00 197.61 196.90 196.97 197.14 196.86 197.00 197.68 198.63 203.10 203.03 203.20 204.23 204.22 204.19 203.96 204.22 204.17 204.12 204.10 203.92 203.95 203.79 203.95 204.12 204.06 204.11 204.11 204.24 204.09 203.96 203.47 203.70 203.60 203.78 204.13 203.66 203.41 203.60 203.83 204.23 204.22 204.09 204.21 204.15 204.22 204.22 204.02 202.81 200.91 196.49 197.05 197.36 197.74 197.73 197.64 197.36 197.53 197.73 197.68 197.46 197.25 197.08 197.37 197.50 197.43 197.44 197.31 197.33 197.26 196.87 196.31 196.89 200.81 203.06 203.71 203.89 204.03 204.10 204.02 204.23 204.23 204.00 204.19 204.17 204.18 204.18 203.89 203.76 204.02 203.76 203.95 203.97 203.59 203.31 203.81 204.20 204.22 203.76 203.69 203.99 204.23 204.19 204.23 204.22 204.24 204.23 204.20 203.84 203.82 203.64 203.97 203.80 203.69 203.93 203.86
45°S ||     203.97 204.01 203.92 203.96 204.09 204.08 204.14 204.15 204.19 203.76 203.57 203.95 203.60 203.47 203.53 203.53 204.06 203.48 203.76 203.84 203.69 203.86 204.03 203.62 203.86 203.97 203.91 203.83 203.83 203.80 203.71 203.78 203.73 203.58 203.60 203.57 203.60 203.62 203.70 203.71 203.47 203.40 203.53 203.46 203.42 203.60 203.61 203.45 203.32 203.17 203.10 203.09 203.03 202.63 202.46 203.37 203.67 203.76 203.99 204.13 204.18 204.20 204.07 203.88 202.85 200.18 198.40 196.24 196.49 196.56 196.78 197.31 200.92 202.35 203.29 202.75 204.21 204.20 204.17 203.65 204.06 204.15 204.02 203.99 203.94 203.88 203.87 204.14 204.13 204.09 204.02 204.07 204.09 204.06 203.93 203.96 203.75 203.76 203.72 204.14 203.08 203.60 203.75 203.79 204.14 203.78 204.13 204.21 204.24 204.23 204.21 204.22 202.75 198.43 197.08 197.40 197.77 197.75 197.63 197.78 197.71 197.79 197.70 197.71 197.61 197.79 197.72 197.37 197.34 197.61 197.42 197.35 197.36 197.27 196.85 196.63 196.23 198.89 202.35 203.23 203.87 203.62 203.33 204.20 204.23 204.14 204.22 204.13 203.98 204.20 204.05 203.91 204.00 203.93 203.97 203.76 203.60 203.66 203.24 202.63 203.53 203.45 203.84 204.23 204.20 204.23 204.04 204.23 204.11 204.13 204.23 204.21 203.85 203.87 203.74 203.29 203.33 203.78 203.90 203.85
43°S ||     204.20 203.81 204.23 204.07 204.20 204.08 204.13 204.11 203.98 203.83 203.59 203.61 203.50 203.35 203.61 203.63 203.89 203.92 203.85 203.84 203.49 203.66 203.79 203.80 203.60 203.83 203.91 203.91 203.45 203.67 203.57 203.76 203.79 203.40 203.54 203.53 203.56 203.64 203.77 203.84 203.41 203.23 202.41 202.46 203.13 203.45 203.34 203.15 203.19 202.97 202.87 202.87 202.78 202.85 202.88 203.46 203.53 203.57 203.72 203.97 203.97 204.02 204.14 203.98 203.33 203.49 201.73 200.94 200.07 199.45 200.30 200.45 203.00 202.35 202.95 204.23 204.22 204.23 204.22 204.21 204.20 202.60 203.99 204.11 204.03 204.03 203.95 204.16 204.15 204.03 203.97 204.04 204.08 204.04 204.02 203.87 203.90 203.85 204.00 203.73 203.68 203.76 203.64 203.33 203.38 203.61 204.08 203.80 204.18 204.10 204.23 204.01 201.68 196.23 197.30 197.76 197.75 197.65 197.74 197.79 197.75 197.78 197.69 197.77 197.77 197.43 197.54 197.50 197.65 197.52 197.39 197.37 197.24 197.00 196.36 196.32 196.23 197.61 201.65 202.37 203.21 203.00 203.87 203.98 204.13 204.10 204.21 204.16 204.14 204.07 204.23 204.20 204.16 204.01 203.98 203.78 203.57 203.56 203.60 203.62 203.44 203.53 203.99 204.23 204.19 204.08 204.23 204.23 204.11 204.19 204.19 204.22 203.44 203.99 204.01 204.24 203.79 203.96 204.12 204.09
41°S ||     204.21 204.23 204.23 204.17 204.23 204.04 204.09 204.02 204.23 203.91 202.99 203.54 204.00 203.68 203.86 203.74 203.46 203.66 203.41 203.69 203.44 203.83 203.80 203.79 203.66 203.02 203.45 203.58 203.75 203.42 203.31 203.52 203.39 203.40 203.22 203.46 203.52 203.65 203.68 202.01 201.74 201.59 200.09 199.87 199.94 201.87 201.87 201.88 202.53 202.83 202.59 202.88 202.68 202.82 202.79 202.83 202.91 203.32 203.87 203.84 203.60 203.17 204.07 204.02 204.13 203.53 203.74 202.97 201.62 201.28 201.51 203.03 202.42 203.92 203.93 203.99 204.14 202.00 204.17 204.12 204.24 204.22 204.09 204.10 204.01 204.01 203.92 204.16 204.19 204.14 204.01 204.06 203.96 203.98 204.03 203.73 203.61 203.93 203.91 203.83 203.60 203.63 203.29 203.09 204.15 203.72 203.99 204.14 204.19 204.22 204.16 204.10 201.89 196.23 197.05 197.76 197.68 197.43 197.78 197.79 197.76 197.74 197.77 197.79 197.73 197.43 197.63 197.69 197.58 197.66 197.53 197.35 196.85 196.45 196.31 196.24 196.36 198.15 200.06 202.20 201.07 203.89 204.06 204.09 203.86 204.10 204.22 204.23 204.23 204.24 204.22 204.13 204.17 203.98 203.89 203.86 203.69 203.90 203.92 203.77 203.70 203.68 204.06 204.20 204.22 204.21 204.20 204.19 203.86 204.10 204.11 203.68 203.60 204.06 204.01 203.92 204.09 204.18 204.23 204.11
39°S ||     204.14 204.23 204.14 203.98 204.21 203.88 204.18 204.13 203.74 203.95 203.95 203.88 203.89 203.67 204.05 203.89 204.04 203.73 203.89 203.95 204.04 203.58 204.04 204.05 203.90 203.90 203.75 203.58 203.68 203.60 203.51 202.00 202.91 203.25 203.25 203.39 203.50 203.48 202.91 202.81 202.32 201.23 200.94 201.01 201.33 201.44 201.35 201.57 201.07 202.00 202.60 202.62 202.65 202.72 202.85 202.88 203.06 203.32 203.39 203.75 203.76 203.85 203.55 203.70 204.00 203.60 204.08 202.35 202.84 202.61 202.79 202.84 203.75 204.08 203.92 204.03 204.11 204.22 204.23 204.23 204.23 204.14 204.01 204.14 204.13 204.01 204.17 204.11 204.15 204.10 204.20 204.21 204.19 203.98 203.94 203.88 203.88 203.84 203.82 203.98 203.65 203.73 203.51 203.60 203.53 203.49 203.94 204.17 204.23 204.23 204.21 203.64 201.54 196.65 196.87 197.78 197.75 197.73 197.67 197.74 197.79 197.79 197.79 197.79 197.75 197.61 197.77 197.68 197.74 197.57 197.40 197.02 196.54 196.35 196.21 196.28 196.48 197.37 200.38 203.15 203.61 203.79 204.21 204.13 204.20 204.22 203.45 204.23 204.00 204.23 204.23 204.18 204.21 204.17 204.00 204.11 203.99 203.82 204.10 204.06 203.88 203.79 203.81 203.92 204.12 204.17 204.23 204.22 204.10 204.07 204.18 204.10 204.22 204.19 204.20 204.09 204.15 204.22 204.24 204.22
37°S ||     204.22 204.19 204.23 204.11 203.87 204.13 204.23 203.89 203.56 203.07 202.85 203.54 203.48 204.04 204.20 204.19 204.19 204.19 204.13 204.09 204.08 204.07 203.87 204.01 203.82 203.57 203.64 203.31 203.22 203.60 203.52 202.85 202.97 202.48 203.06 202.33 202.82 201.24 201.35 202.78 201.20 200.54 201.63 201.65 201.57 201.54 201.71 202.30 201.79 201.76 201.58 202.09 202.59 202.97 202.97 203.08 203.00 203.44 203.54 203.40 203.39 203.91 203.90 204.09 204.10 203.73 203.92 203.94 203.88 203.39 204.09 203.96 203.98 203.66 203.87 204.14 204.19 204.20 204.17 204.23 204.20 204.15 204.01 203.84 204.16 204.07 204.05 204.02 204.07 204.13 204.17 204.22 204.20 204.13 203.89 204.05 203.84 203.78 203.99 203.95 203.62 203.60 203.49 203.62 203.74 203.71 204.16 204.02 204.20 204.17 204.06 204.00 203.49 198.15 196.44 197.54 197.79 197.67 197.36 197.78 197.78 197.79 197.65 197.79 197.66 197.70 197.65 197.69 197.67 197.62 197.50 196.80 196.33 196.22 196.33 196.61 197.77 200.17 201.88 203.23 203.97 204.16 204.19 204.22 204.18 204.19 204.23 204.23 204.23 204.21 204.21 204.24 204.23 204.21 204.16 204.18 204.19 204.18 204.10 203.75 203.96 203.88 203.63 203.61 204.05 204.10 204.18 204.16 204.17 204.21 204.23 204.23 204.23 204.22 204.17 204.07 204.22 204.18 204.21 203.99
35°S ||     204.19 203.89 204.20 203.95 204.21 203.97 203.80 204.01 203.62 203.09 202.98 203.60 204.03 204.11 204.18 204.14 204.19 203.35 204.10 204.07 204.04 203.92 203.88 203.82 203.48 203.65 203.53 203.43 203.03 203.15 202.91 202.81 202.89 202.67 202.78 202.91 202.36 201.18 201.27 201.22 200.76 201.62 202.21 202.12 201.86 202.08 201.92 201.99 202.21 202.25 202.09 201.38 202.03 202.88 203.14 203.30 203.30 203.32 203.34 203.41 203.55 203.67 203.65 204.20 204.19 203.91 204.06 204.18 204.15 203.95 203.90 203.24 204.18 204.22 204.23 204.18 204.18 204.19 203.90 204.22 204.21 204.10 204.17 204.11 204.15 203.99 203.90 204.01 204.08 204.09 204.13 204.19 204.17 203.96 203.98 203.96 204.08 204.02 203.84 203.75 203.76 203.37 203.47 203.70 203.84 203.82 203.84 204.07 204.05 204.22 204.21 203.96 203.92 203.80 198.50 196.63 197.74 197.78 197.62 197.53 197.77 197.78 197.30 197.57 197.66 197.69 197.69 197.62 197.66 197.57 197.03 196.27 196.98 196.58 197.12 198.21 198.00 200.28 200.63 200.99 203.25 204.21 203.96 204.21 204.13 204.18 204.22 204.23 204.23 204.22 204.24 204.19 203.92 203.89 203.98 204.13 203.99 203.87 204.05 204.14 204.04 203.85 204.00 204.13 204.09 204.10 204.02 204.13 204.09 203.87 204.10 204.23 204.20 204.18 204.23 204.22 204.05 204.16 204.23 204.04
33°S ||     204.22 204.18 203.96 203.89 204.00 203.46 203.74 203.09 203.13 203.54 203.51 203.68 204.07 204.13 204.15 204.11 204.19 204.20 204.07 204.07 203.63 203.94 203.90 203.88 203.69 203.51 203.52 203.39 203.23 203.02 202.89 202.25 202.56 202.39 202.12 202.28 201.74 200.93 200.80 200.23 200.43 201.66 202.37 202.05 202.64 202.13 202.85 202.91 202.70 202.73 202.23 201.46 200.79 202.14 202.86 203.29 203.27 203.33 203.36 203.36 203.63 203.90 203.74 204.19 204.21 204.22 204.22 204.21 204.20 204.15 204.21 203.84 203.81 204.21 203.91 204.24 204.00 204.21 204.22 204.20 204.24 204.19 204.12 204.17 204.15 204.09 204.06 204.01 204.00 204.04 204.07 203.90 204.03 204.11 204.00 204.06 203.94 204.07 203.91 203.57 203.69 203.57 203.39 203.54 203.73 203.80 203.80 203.76 204.12 204.21 204.17 204.16 204.08 204.13 204.06 199.80 196.59 197.44 197.77 197.73 197.73 197.49 197.62 197.63 197.73 197.72 197.60 197.58 197.00 196.40 196.23 197.24 199.21 199.60 199.87 199.96 199.12 199.71 201.58 202.02 203.31 204.21 204.20 204.19 204.13 204.10 204.17 204.15 204.19 204.22 204.21 204.13 204.07 203.95 203.62 203.55 203.62 203.60 203.99 203.77 203.98 204.11 203.86 204.02 203.95 203.91 204.09 204.16 204.20 204.08 204.08 204.10 204.02 204.21 204.22 204.24 204.23 204.22 204.16 204.10
31°S ||     204.23 204.06 204.01 203.97 203.58 203.64 203.27 203.59 203.68 203.58 203.70 203.73 203.96 204.09 204.20 204.19 204.19 203.95 203.92 204.07 203.86 203.90 203.85 203.81 203.68 203.64 203.50 203.36 203.13 202.89 202.67 202.54 202.50 202.02 201.90 202.35 201.66 200.78 200.89 200.23 201.03 201.70 202.02 202.49 202.69 202.87 202.88 203.05 203.04 203.13 202.38 201.46 201.78 201.87 201.99 201.96 203.03 203.42 203.45 203.67 203.91 204.10 204.19 204.20 204.23 204.22 204.22 204.24 204.23 204.23 204.24 203.59 204.23 204.19 204.01 204.23 204.24 204.23 204.19 204.18 203.94 203.98 204.17 204.22 204.17 204.09 203.95 203.87 203.99 204.01 204.01 204.06 203.91 204.03 204.06 204.01 204.04 203.99 203.96 203.71 203.69 203.97 203.79 203.68 203.85 203.95 203.99 203.83 204.10 204.18 204.19 204.15 204.23 204.23 203.54 203.56 199.89 197.65 196.94 197.19 197.61 197.79 197.52 197.66 197.58 197.63 197.39 197.02 196.41 199.13 196.84 197.82 200.49 200.62 201.03 202.54 202.70 201.65 201.92 203.05 203.33 204.19 204.23 204.15 204.09 204.02 204.08 204.07 204.08 204.11 204.16 204.07 203.96 203.97 203.76 203.70 204.04 203.56 203.44 203.30 204.03 204.17 204.12 204.08 204.15 204.17 204.19 204.20 204.21 204.14 204.12 204.17 204.08 204.19 204.18 204.07 204.18 204.22 204.21 204.19
29°S ||     204.23 204.06 203.23 203.96 203.57 203.45 203.78 203.48 203.75 203.63 203.63 203.76 204.08 204.15 204.19 204.17 204.16 203.56 204.11 204.09 203.96 203.85 203.84 203.77 203.72 203.61 203.49 203.28 203.04 202.82 202.62 202.36 202.20 202.16 202.13 201.50 201.53 201.14 200.02 199.30 200.96 201.83 202.18 202.43 202.70 202.93 203.07 203.17 203.24 203.24 203.20 203.09 202.54 202.56 202.48 201.89 202.13 202.54 203.42 203.63 203.95 204.20 204.23 204.22 203.54 204.22 204.18 204.21 204.24 204.24 204.15 203.91 204.20 204.21 204.23 204.16 204.23 204.23 204.00 204.15 204.18 204.18 204.23 204.21 204.15 204.12 204.06 203.96 203.90 203.98 203.94 204.06 204.11 204.07 204.06 204.02 204.04 203.78 203.98 203.78 204.04 204.07 203.92 203.91 204.06 204.11 204.14 204.10 203.82 204.19 204.08 204.21 204.15 204.14 204.16 204.10 203.07 203.08 200.71 200.55 198.05 197.74 196.45 196.96 196.55 196.56 196.47 196.45 199.32 201.27 202.44 203.30 202.14 201.65 202.41 203.47 203.11 203.12 203.40 204.12 204.16 204.24 204.20 204.16 204.14 204.08 204.07 204.09 204.09 204.11 204.12 204.01 204.00 203.74 203.88 203.61 203.26 203.45 203.88 203.25 203.91 204.13 204.18 203.98 204.19 203.80 204.17 204.21 204.15 204.10 204.17 204.12 204.02 204.08 204.02 204.17 204.13 204.18 204.21 204.23
27°S ||     204.19 204.03 203.98 203.93 203.63 203.56 203.92 203.34 203.66 203.87 203.81 203.98 203.99 204.07 204.19 204.11 204.18 203.80 204.10 203.80 203.82 203.83 203.76 203.74 203.62 203.54 203.44 203.34 203.01 202.76 202.49 202.24 201.92 201.93 201.80 201.94 202.11 200.98 200.75 199.49 201.17 201.87 202.17 202.50 202.77 203.01 203.17 203.27 203.33 203.44 203.43 203.47 203.29 202.83 202.83 202.91 203.13 203.12 203.05 203.05 202.88 203.97 204.23 204.23 204.23 204.23 204.24 204.10 204.24 204.23 204.23 203.62 203.33 203.28 204.08 204.23 204.17 204.17 204.04 204.04 204.08 204.10 204.17 204.23 204.23 204.14 204.20 204.20 204.06 204.01 203.98 204.09 204.09 203.88 203.97 204.04 204.04 203.89 203.89 203.89 204.04 204.09 203.89 203.99 204.13 204.08 204.12 203.92 203.68 203.83 204.12 204.16 204.23 204.16 204.18 204.20 204.08 203.33 203.46 202.80 202.13 201.64 200.86 200.45 200.07 198.79 198.41 198.96 199.31 201.49 203.32 202.13 202.46 202.76 203.89 203.61 203.76 203.46 203.54 204.01 204.22 204.13 204.09 204.08 204.09 204.09 204.09 204.09 204.05 204.03 204.00 203.86 203.55 203.48 203.39 203.58 203.94 203.32 203.39 203.83 203.60 203.87 204.13 204.12 204.23 203.89 204.19 204.07 204.18 204.21 204.19 204.13 203.94 203.79 203.84 204.04 204.05 204.08 204.19 204.21
25°S ||     204.16 203.93 204.11 203.99 203.93 203.93 204.01 204.16 203.90 204.08 203.97 204.18 204.19 204.19 204.21 204.16 204.17 204.00 203.80 204.05 203.83 203.77 203.74 203.65 203.56 203.42 203.31 203.19 202.91 202.56 202.28 202.05 201.84 201.69 201.64 201.09 201.41 201.71 200.74 201.02 201.38 201.82 202.23 202.51 202.70 202.91 203.05 203.23 203.34 203.35 203.47 203.50 203.30 203.01 202.32 202.89 203.13 203.25 203.26 203.15 202.59 203.52 204.18 204.19 204.22 204.22 204.22 204.05 204.15 204.19 204.21 204.22 203.97 203.04 202.53 204.01 203.90 203.85 203.31 203.97 203.96 204.00 203.30 204.16 203.78 204.23 204.24 204.23 204.23 204.03 204.18 204.14 204.19 203.84 204.06 204.04 204.05 203.81 203.60 204.02 204.02 203.97 204.02 204.04 203.97 203.75 203.96 203.61 203.48 203.73 203.89 203.97 204.14 204.07 204.13 203.98 204.18 203.90 203.51 203.05 202.53 202.93 203.15 201.10 202.63 199.88 200.87 202.98 203.36 203.87 203.37 204.00 204.02 203.68 204.00 204.16 204.18 204.23 203.92 204.15 204.09 203.99 203.90 203.93 203.98 204.00 204.06 204.03 203.99 203.92 203.88 203.75 203.51 203.22 203.33 203.53 203.74 203.49 203.11 203.43 203.36 203.65 203.90 204.12 203.96 203.97 204.17 203.95 204.11 204.12 204.16 203.98 203.80 204.00 204.11 204.02 204.09 204.22 204.22 204.20
23°S ||     204.09 204.20 203.99 204.00 203.96 204.01 204.12 204.17 204.17 204.23 204.23 204.22 204.20 204.21 204.21 204.23 203.64 203.79 204.06 203.87 203.87 203.70 203.70 203.63 203.51 203.31 203.14 202.89 202.60 202.30 202.03 201.73 201.56 201.47 201.52 201.46 200.79 201.10 200.70 200.92 201.34 201.81 202.09 202.31 202.51 202.69 202.89 203.07 203.26 203.37 203.55 203.54 203.53 203.28 202.72 202.86 203.10 203.12 203.09 202.82 202.29 203.66 204.12 204.15 204.02 204.10 204.19 204.05 204.19 204.19 204.12 204.23 204.22 203.83 203.43 203.04 204.05 203.88 203.92 203.78 203.79 203.93 203.92 203.36 204.04 204.23 204.19 204.16 204.21 203.93 204.20 204.14 204.22 204.14 204.23 204.08 204.04 204.12 203.84 203.77 203.88 203.76 203.62 203.53 203.72 203.97 203.52 203.49 203.28 203.69 203.85 204.08 204.03 203.84 203.83 203.98 204.21 204.23 204.03 204.04 203.25 203.63 203.13 202.66 202.63 201.26 202.79 203.60 203.89 204.02 204.19 204.11 204.04 204.02 204.18 203.93 203.56 203.67 203.89 204.07 203.95 203.83 203.62 203.72 203.90 203.96 203.99 204.03 203.89 203.85 203.80 203.75 203.87 203.78 203.82 203.47 203.78 203.48 203.21 203.46 203.17 203.76 203.89 204.03 204.02 204.11 204.06 204.08 204.09 204.17 204.04 204.18 204.04 204.09 204.13 204.11 204.03 204.21 204.17 204.20
21°S ||     204.13 204.17 204.00 204.01 203.99 204.00 204.12 204.20 204.16 204.21 204.16 204.20 204.22 204.16 204.21 204.23 204.14 203.99 204.01 203.89 203.79 203.67 203.64 203.53 203.40 203.24 202.96 202.60 202.19 201.86 201.61 201.33 201.16 201.14 201.25 200.86 201.00 200.43 200.55 200.96 201.27 201.61 201.82 202.04 202.28 202.46 202.71 202.89 203.08 203.24 203.34 203.48 203.51 203.23 202.87 203.07 202.79 203.01 202.77 202.50 202.56 202.83 204.06 204.05 204.07 204.02 204.17 204.19 204.19 204.19 204.11 204.19 204.21 204.16 203.29 202.62 203.54 203.85 203.59 203.48 203.70 203.78 203.87 203.53 203.75 203.51 204.15 204.14 204.22 204.21 204.14 204.22 204.23 204.16 204.13 204.12 204.05 203.87 203.84 203.94 203.99 204.04 203.47 203.71 203.87 203.82 203.95 203.35 203.28 203.60 203.83 203.64 203.91 203.92 203.98 204.09 204.12 204.06 204.23 204.05 203.87 203.56 203.52 202.88 203.78 203.69 203.23 204.19 204.15 204.17 204.23 204.22 204.20 204.17 204.01 203.84 203.13 203.24 203.79 203.71 203.84 203.82 203.58 203.35 203.91 203.97 203.97 203.99 203.97 203.85 203.69 203.52 203.31 203.53 203.99 203.53 203.65 203.60 203.27 203.75 203.66 203.78 203.70 203.69 204.03 204.10 204.18 204.09 203.96 204.23 204.23 204.16 204.19 204.23 204.21 204.08 203.90 204.15 204.15 204.04
19°S ||     203.73 203.92 203.93 203.83 204.01 204.13 204.18 203.86 203.94 204.22 204.15 204.19 204.21 204.20 204.24 204.19 204.03 204.13 203.90 203.89 203.78 203.63 203.54 203.36 203.23 203.04 202.76 202.23 201.56 201.20 200.98 200.87 200.76 200.86 201.04 199.80 200.76 200.35 200.47 200.70 200.85 201.15 201.39 201.62 201.91 202.19 202.47 202.68 202.93 203.09 203.19 203.27 203.37 203.33 203.01 202.70 202.68 202.67 202.77 202.68 202.40 203.43 203.94 203.91 204.01 204.09 204.21 204.19 204.19 204.18 204.20 204.24 204.18 203.66 202.02 201.92 202.24 203.81 203.18 203.39 202.55 203.54 203.65 203.74 203.30 202.91 203.99 204.18 204.13 204.15 204.21 204.23 204.23 204.24 204.15 204.10 204.00 203.99 204.09 203.71 203.93 203.99 203.59 203.82 203.56 203.79 203.33 203.21 203.57 203.59 203.46 203.71 203.70 203.83 203.90 203.96 204.02 203.99 204.03 204.21 204.13 204.03 204.02 204.02 204.01 204.18 204.20 204.22 204.23 204.21 204.20 204.01 203.93 203.99 203.92 203.74 203.44 203.33 203.61 203.74 203.90 203.91 204.01 204.00 203.92 203.94 203.95 203.96 203.88 203.81 203.88 203.53 203.35 203.42 203.70 203.78 203.71 203.82 203.50 203.77 203.83 203.72 203.65 203.59 203.91 203.92 203.87 203.83 204.14 204.23 204.20 204.13 204.09 203.86 204.16 204.10 204.17 204.23 204.10 203.74
17°S ||     203.76 203.75 203.83 204.05 204.06 204.16 204.18 203.96 204.12 204.16 204.22 204.23 204.20 204.07 204.23 204.15 204.19 204.19 204.05 203.85 203.76 203.63 203.37 203.16 203.01 202.79 202.42 201.56 200.83 200.38 200.31 200.38 200.53 200.66 200.41 199.90 200.22 200.38 200.27 200.17 200.27 200.59 200.92 201.16 201.56 201.89 202.19 202.42 202.68 202.90 202.99 203.15 203.16 203.21 202.95 202.66 202.25 202.27 202.69 202.60 202.41 203.52 203.91 203.57 203.84 201.29 198.90 202.53 204.18 204.16 204.12 204.08 204.21 203.74 202.05 202.26 202.13 203.77 203.10 203.72 203.32 203.51 203.47 203.49 203.41 203.53 203.85 203.86 203.77 204.13 204.23 204.23 204.23 204.16 204.20 204.13 204.06 204.09 203.91 204.19 203.98 203.86 203.61 203.61 203.60 203.55 203.64 203.30 203.65 203.61 203.72 203.62 203.48 203.48 203.70 203.74 203.85 204.14 204.17 203.98 204.18 204.15 204.16 204.21 204.19 204.23 204.23 204.24 204.17 204.21 203.98 203.95 203.41 203.66 203.74 203.64 203.25 203.27 203.63 203.79 203.95 203.95 204.01 204.05 203.95 203.92 203.90 203.86 203.83 203.68 203.76 203.70 203.48 203.55 203.47 203.49 203.68 203.82 203.68 203.97 203.82 203.79 203.65 203.53 204.09 203.57 203.77 203.90 204.13 204.04 204.15 204.00 203.98 203.77 203.51 204.01 204.06 204.21 203.94 204.21
15°S ||     204.23 203.74 204.18 204.10 204.21 204.23 203.21 203.79 204.19 204.17 204.15 204.23 204.20 204.21 204.23 204.17 203.79 204.20 204.16 203.91 203.80 203.60 203.40 203.19 202.89 202.50 201.84 200.71 199.57 199.23 199.58 200.04 200.19 200.40 200.52 200.47 200.62 200.65 200.09 199.81 199.79 200.24 200.53 200.80 201.21 201.67 201.99 202.23 202.40 202.52 202.54 202.85 202.99 202.99 202.75 202.65 202.35 203.05 202.55 203.19 203.38 201.86 200.56 199.32 198.01 198.51 199.90 198.11 198.25 204.20 204.21 204.10 204.16 204.07 202.93 203.03 202.52 203.08 203.44 203.58 203.49 203.45 203.57 203.03 203.58 203.67 203.64 203.90 204.00 204.08 203.91 204.16 204.16 204.23 204.20 204.20 204.17 204.10 203.85 204.07 203.76 203.83 203.74 203.52 203.61 203.43 203.53 203.51 203.42 203.47 203.72 203.43 203.31 203.30 203.36 203.12 203.74 204.13 204.14 204.16 203.96 204.16 204.15 204.11 204.15 204.22 204.06 204.19 204.12 203.96 203.85 203.31 203.24 203.29 203.48 203.40 203.22 203.35 203.39 203.67 203.85 203.97 203.94 203.95 204.00 203.94 203.83 203.87 203.69 203.73 203.68 203.78 203.42 203.21 203.83 203.92 203.53 203.87 203.93 203.79 203.82 203.75 203.53 203.68 203.94 204.01 203.94 203.96 204.08 204.13 203.81 202.33 203.28 203.51 203.78 203.21 203.67 202.61 204.16 204.18
13°S ||     204.11 204.21 204.21 204.14 204.21 204.20 203.96 203.46 203.75 203.52 203.89 204.18 204.22 204.20 204.21 204.19 204.20 204.21 204.17 204.04 203.88 203.65 203.43 203.19 202.81 202.32 201.54 199.95 198.26 197.93 198.82 199.69 199.97 200.05 200.12 200.68 200.48 200.45 199.96 199.74 199.77 200.76 200.15 200.55 200.99 201.40 201.81 202.06 202.24 202.38 202.42 202.99 202.54 203.13 201.42 202.06 201.87 202.70 199.22 197.94 200.52 203.57 203.51 203.67 200.28 200.62 202.65 202.46 204.02 199.44 203.04 204.20 204.08 203.88 203.75 202.95 203.30 202.62 202.09 203.32 203.43 203.41 203.48 203.47 203.80 203.71 203.48 203.81 204.03 203.63 203.94 204.04 204.17 204.23 204.06 204.23 204.20 204.12 204.07 204.07 204.05 203.90 203.69 203.56 203.43 203.69 203.47 203.46 203.37 203.33 203.34 203.45 203.18 203.44 203.37 203.52 203.55 204.01 204.09 204.01 204.06 204.11 204.11 204.09 203.97 204.16 204.18 204.18 204.11 204.02 203.42 203.24 203.03 203.37 203.32 203.47 203.18 203.30 203.73 203.75 204.02 203.95 204.00 203.97 203.99 203.95 203.74 203.64 203.60 203.63 203.62 203.48 203.69 203.43 203.95 203.94 203.64 203.62 203.85 203.91 203.75 203.80 203.58 203.49 203.70 204.16 204.18 204.20 204.22 203.82 203.45 202.96 202.82 203.02 203.13 202.80 202.45 203.02 202.48 203.03
11°S ||     202.53 203.25 202.32 202.23 203.99 204.11 203.89 203.33 203.73 203.67 203.93 203.99 203.95 204.11 204.09 204.07 204.15 204.23 204.21 204.11 203.94 203.78 203.48 203.18 202.70 202.22 201.51 200.13 198.31 197.13 197.75 199.67 199.89 199.90 199.83 200.36 200.29 200.05 199.67 199.47 199.84 200.12 200.07 200.49 200.85 201.20 201.77 201.94 202.11 202.29 202.20 202.73 203.60 202.30 197.40 197.14 200.79 201.75 201.60 202.47 203.00 203.15 203.36 203.52 203.82 203.75 203.86 203.72 204.00 204.19 198.54 202.79 198.50 202.88 203.54 201.77 201.96 202.84 202.36 202.26 203.29 203.28 203.16 203.40 203.28 203.46 203.01 203.60 203.49 203.83 203.81 203.54 204.14 204.19 204.20 204.24 204.18 204.09 203.58 203.83 204.07 204.10 203.84 203.70 203.63 203.42 203.40 203.46 203.31 203.34 203.60 203.43 203.49 203.30 203.48 203.57 203.52 203.69 203.91 203.79 203.88 204.01 203.99 203.95 203.77 204.09 204.11 204.16 204.10 204.09 203.94 203.46 203.09 203.25 203.21 203.56 203.35 203.65 203.86 203.87 204.07 204.03 203.95 203.99 204.00 203.98 203.91 203.94 203.78 203.77 203.64 203.44 203.17 203.50 203.45 203.61 203.86 203.91 203.75 203.95 203.86 204.10 204.17 204.04 204.15 203.84 204.19 204.21 204.12 203.59 203.28 203.16 202.45 202.67 202.28 201.98 201.94 203.39 203.03 203.64
9°S ||     203.97 203.64 203.69 202.80 202.27 203.92 203.30 203.74 203.27 203.06 203.68 203.58 203.91 203.99 203.97 204.15 204.11 204.23 204.23 204.16 204.05 203.83 203.61 203.27 202.87 202.34 201.69 201.05 198.60 196.56 196.56 198.85 199.78 199.79 199.85 199.75 200.10 199.91 199.93 199.67 199.77 200.29 201.65 202.93 202.04 201.25 201.72 202.20 202.16 202.48 201.58 200.63 200.92 197.47 201.50 202.17 201.44 202.69 201.95 202.94 203.14 203.24 203.62 203.64 203.92 203.99 202.63 203.72 201.22 203.55 198.39 198.35 197.84 199.83 200.69 201.90 203.24 202.69 202.58 200.90 202.28 203.35 203.05 202.95 203.12 202.95 202.57 203.51 203.36 203.29 202.99 204.00 204.00 204.06 204.21 204.23 204.24 204.21 203.99 203.94 204.08 203.89 203.77 203.87 203.85 203.59 203.41 203.66 204.15 204.24 203.49 203.62 203.58 203.64 203.62 203.53 203.55 203.60 203.77 203.82 203.78 203.69 203.82 203.69 203.67 203.75 203.91 204.08 204.09 204.10 203.93 203.68 203.10 203.66 203.65 203.28 203.83 203.97 203.63 203.89 204.06 204.07 204.13 204.04 204.04 203.94 203.89 204.09 204.04 203.83 203.34 203.49 203.18 203.68 203.92 203.83 203.95 204.12 203.94 203.97 204.20 203.89 203.43 204.10 204.13 203.42 203.52 203.77 203.37 203.26 202.97 202.60 202.22 200.77 201.49 201.61 202.89 203.95 203.12 203.42
7°S ||     203.27 203.38 203.56 203.55 201.21 201.87 202.98 202.75 201.74 202.46 202.77 203.32 203.68 203.69 203.75 203.61 203.78 204.14 204.23 204.22 204.12 203.94 203.73 203.36 202.97 202.58 202.07 201.60 199.06 197.08 197.47 198.43 199.52 199.72 199.87 200.04 199.68 199.69 200.03 199.68 202.35 202.63 200.48 203.45 202.88 202.54 203.12 203.42 200.97 203.00 202.89 201.92 203.71 198.38 203.37 202.46 201.70 203.27 202.81 203.28 203.37 203.39 203.60 203.72 203.63 201.76 200.98 202.35 204.05 204.13 201.84 198.18 198.43 199.62 198.88 199.88 200.99 203.03 203.12 202.57 202.43 202.78 202.64 203.19 203.01 203.18 203.49 203.69 203.71 203.61 203.73 203.48 204.01 204.08 204.09 204.05 204.04 204.23 204.12 204.17 203.77 203.73 203.80 203.88 203.43 203.75 203.84 203.66 203.65 203.68 203.81 203.80 203.87 203.44 203.52 203.53 203.53 203.85 203.88 203.77 203.52 203.42 203.47 203.33 203.61 203.92 203.79 203.88 204.08 204.09 204.03 203.96 203.36 203.29 203.57 203.69 203.74 203.80 203.71 203.94 204.07 204.04 204.16 204.15 204.13 204.14 204.13 204.18 204.17 204.22 203.20 203.08 203.21 203.67 203.38 204.09 203.92 204.10 204.22 204.23 203.92 203.42 203.65 203.85 202.89 202.24 202.80 202.34 202.27 202.38 202.28 202.32 201.92 201.33 200.83 200.80 201.97 202.49 202.79 203.25
5°S ||     203.11 202.84 202.54 202.66 203.18 201.06 201.26 201.31 200.91 202.24 202.84 203.75 203.36 203.18 202.74 202.41 202.38 203.22 204.19 204.20 204.21 204.11 203.91 203.58 203.26 202.86 202.45 201.77 200.82 199.54 198.58 198.75 199.52 199.63 199.94 200.14 200.12 200.94 200.33 199.82 200.10 200.35 200.70 203.82 202.73 203.85 202.41 203.15 202.68 202.12 201.78 203.88 202.75 203.12 203.47 202.20 202.49 203.28 203.43 201.71 203.54 203.64 203.70 203.74 204.07 203.93 204.21 204.02 204.09 204.19 204.19 203.19 200.26 203.87 203.91 200.48 199.65 200.44 203.58 203.24 201.15 202.08 202.27 202.65 202.82 203.25 203.58 203.54 203.19 203.50 203.69 203.79 203.58 204.00 204.09 203.98 204.04 204.07 204.22 204.19 204.09 203.62 203.74 203.85 204.02 203.87 203.81 203.77 203.84 203.74 204.05 204.08 204.01 203.59 203.48 203.52 203.36 203.51 203.34 203.71 203.52 203.71 203.56 203.56 203.71 203.60 203.87 203.72 204.00 204.04 203.97 203.66 203.74 203.40 203.68 203.81 203.95 203.93 203.99 204.06 204.00 204.11 204.22 204.21 204.14 204.20 204.13 204.21 204.17 204.11 203.81 203.55 203.97 203.96 203.91 204.14 202.64 203.88 199.63 202.44 203.05 203.70 203.52 202.74 202.73 201.75 201.72 201.95 201.94 201.70 201.53 201.62 201.04 201.07 201.08 200.90 200.81 201.46 202.14 202.69
3°S ||     202.64 202.76 202.16 202.04 202.46 200.22 200.18 200.59 201.72 201.26 203.33 204.08 202.37 201.00 201.19 200.76 203.48 204.17 203.31 203.90 204.16 204.21 204.17 203.93 203.56 203.18 202.81 202.12 201.58 200.54 199.76 199.61 199.39 199.38 200.01 200.36 200.62 200.75 200.78 200.43 200.27 200.73 201.04 201.75 201.99 202.04 202.53 202.56 202.42 202.17 201.98 201.80 202.20 203.08 202.90 202.62 203.07 203.44 203.66 201.79 203.52 203.95 203.93 203.94 204.10 204.14 203.54 204.21 204.23 204.17 204.02 203.83 198.43 203.10 203.34 201.03 201.86 201.50 202.84 202.66 202.22 202.22 201.17 202.04 202.73 203.03 202.79 203.21 203.25 203.36 203.48 203.69 203.83 203.88 204.02 204.05 204.21 204.06 204.07 204.03 204.18 203.93 203.86 203.95 204.07 203.84 203.93 204.03 203.99 204.00 204.11 204.10 203.96 203.80 203.71 203.42 203.22 203.95 203.79 203.74 203.68 203.74 203.62 203.79 203.53 203.75 203.59 203.97 204.01 204.10 203.88 203.96 203.91 203.82 204.04 204.12 203.84 204.16 204.12 204.00 204.11 204.14 204.20 204.20 204.22 204.02 204.15 204.23 204.17 204.06 203.74 203.89 203.82 203.93 204.02 204.21 202.38 202.70 202.47 203.32 202.40 202.65 202.75 202.94 202.48 201.66 202.09 202.71 201.12 200.99 201.09 200.79 200.65 200.52 200.54 200.51 200.69 200.98 201.84 201.99
1°S ||     201.76 201.96 201.80 201.29 201.03 200.15 200.10 200.75 201.11 202.61 203.60 204.17 202.33 201.15 200.27 201.99 203.25 202.58 202.86 203.87 204.03 204.19 204.23 204.14 203.88 203.41 202.97 202.44 201.91 201.33 200.50 200.04 198.98 197.94 200.17 200.52 200.74 200.95 201.08 201.10 201.13 201.81 202.10 202.34 202.54 202.96 203.19 203.34 203.51 203.60 202.85 203.98 201.25 202.63 202.73 202.94 203.53 203.74 203.80 203.96 203.96 204.08 204.06 204.07 204.16 204.20 204.19 203.37 203.55 203.95 201.91 203.73 199.41 199.16 202.38 202.37 202.76 202.63 202.48 201.83 200.57 201.09 201.44 202.53 202.40 202.50 202.84 203.21 203.41 203.48 203.39 203.16 203.65 203.73 203.97 204.04 204.22 204.08 204.09 204.05 204.20 204.15 204.08 203.99 204.08 204.06 204.03 204.11 204.13 204.15 204.20 204.19 203.91 203.78 203.76 203.56 203.36 204.00 203.88 203.87 203.88 203.64 203.68 203.55 203.78 203.81 203.91 203.98 204.17 204.16 204.01 203.65 204.00 204.03 204.11 204.21 204.18 203.83 204.14 204.07 204.15 204.20 204.15 204.13 204.10 203.98 204.06 204.08 204.21 204.07 204.00 204.05 204.22 204.24 204.12 202.77 201.97 201.52 202.04 202.17 201.24 201.66 202.40 202.46 201.61 201.96 202.81 201.97 201.21 200.91 200.82 200.72 200.68 200.50 200.43 200.48 200.86 200.81 201.25 201.62
1°N ||     201.51 201.88 201.31 200.55 200.81 200.47 200.09 199.76 200.99 202.14 203.41 203.35 201.49 200.29 200.24 201.06 201.70 202.16 203.86 203.23 203.82 203.82 204.23 204.05 203.77 203.68 203.25 202.59 201.98 201.76 201.41 200.97 199.28 197.52 198.09 200.74 200.87 200.97 201.23 201.50 201.82 202.08 202.27 202.52 202.83 203.20 203.43 203.66 203.98 203.99 203.32 202.58 202.43 202.73 202.97 203.40 203.70 203.94 203.98 204.13 204.02 204.15 204.20 204.14 204.19 204.21 204.18 202.58 204.20 204.04 203.49 199.80 197.74 197.95 203.17 202.75 202.69 202.49 203.02 200.36 203.05 200.51 202.02 202.69 201.94 202.17 202.75 203.25 203.00 203.42 203.46 203.27 203.58 203.59 203.69 203.99 204.07 204.22 204.21 204.23 204.23 204.24 204.21 203.94 204.12 204.02 204.04 204.22 204.18 204.18 204.13 204.02 204.04 204.02 203.81 203.69 203.89 203.88 203.71 203.95 203.83 203.75 203.80 203.81 203.80 203.86 203.96 204.07 204.08 204.17 204.18 204.20 204.13 204.14 203.92 204.15 204.19 204.23 204.19 204.23 204.12 204.11 203.86 203.89 203.75 204.08 204.21 204.22 204.23 204.15 204.21 204.10 203.24 203.03 202.90 202.68 201.91 201.45 201.69 201.28 201.63 201.63 201.94 201.40 201.51 201.87 202.35 201.39 201.08 200.95 200.79 200.66 200.64 200.55 200.50 200.49 200.44 200.62 200.80 201.08
3°N ||     200.39 200.62 200.49 200.23 199.93 199.80 199.89 200.10 200.37 202.12 202.57 202.39 200.17 199.84 199.91 200.42 200.85 203.14 203.21 202.63 203.11 204.11 204.22 203.96 203.57 204.00 203.58 202.14 201.99 202.07 201.97 202.08 201.68 199.07 200.18 200.97 200.78 200.88 201.28 201.65 201.98 202.17 202.32 202.30 203.12 203.43 203.75 203.94 204.10 204.02 204.05 203.72 203.32 203.47 203.72 203.92 204.03 204.09 204.12 204.21 204.14 204.16 204.03 204.18 204.04 204.23 204.22 203.98 203.93 203.52 203.33 202.94 198.93 198.56 199.64 200.53 200.24 200.80 201.29 201.32 202.44 202.82 201.95 202.42 202.67 201.86 202.90 203.40 203.16 203.22 202.97 203.25 203.36 203.56 203.72 203.96 204.00 204.16 204.08 204.19 204.16 204.19 204.19 204.23 204.21 204.10 204.20 204.20 204.06 204.14 204.21 204.13 203.95 203.93 203.86 204.07 203.97 203.97 203.81 203.97 203.88 203.79 203.77 203.84 203.85 203.89 204.01 204.08 204.17 204.20 203.92 203.29 202.63 202.20 201.30 202.43 204.05 204.13 204.19 204.04 204.01 203.75 203.60 203.82 203.89 204.18 204.21 204.24 204.22 204.14 204.02 202.72 202.95 203.30 203.12 202.03 201.68 201.38 201.29 201.09 201.75 201.13 201.36 201.19 201.28 201.69 201.51 201.17 201.05 200.96 200.91 200.72 200.63 200.60 200.60 200.52 200.46 200.40 200.35 200.31
5°N ||     200.43 200.17 199.63 200.13 199.72 199.67 199.82 199.88 200.12 201.01 201.48 201.74 199.81 199.52 199.51 199.82 201.70 203.50 201.86 202.25 203.43 204.23 204.08 203.87 204.02 204.08 203.97 203.19 202.08 202.00 202.18 202.51 202.71 202.45 201.74 201.24 200.63 200.48 201.38 201.86 202.18 202.36 202.44 202.26 203.27 203.78 203.99 204.11 204.22 204.06 203.89 203.98 203.97 204.10 204.17 204.17 204.21 204.22 204.22 204.24 204.10 204.22 204.12 204.15 204.22 204.14 203.94 203.85 203.78 203.22 202.30 199.55 202.22 200.53 198.72 199.59 200.91 202.24 202.55 202.41 202.87 202.33 202.72 202.46 201.77 202.51 202.64 203.27 203.10 203.26 203.34 203.30 203.73 203.79 203.83 203.87 203.91 203.90 204.01 204.17 204.11 204.18 204.21 204.19 204.22 204.22 204.21 204.23 204.21 204.10 204.17 203.82 203.93 203.87 203.96 203.90 203.92 203.99 203.95 203.95 203.88 203.81 203.74 203.77 204.06 203.93 204.01 204.13 204.22 204.19 203.25 199.07 198.74 198.72 198.80 199.24 200.49 203.03 203.53 203.61 203.73 203.32 203.55 203.89 203.82 204.16 204.22 204.18 204.19 204.20 202.79 202.98 202.65 202.56 202.28 202.17 201.55 201.31 201.13 201.10 201.20 201.30 201.16 201.17 201.15 201.17 201.16 201.19 201.04 201.02 201.01 200.85 200.75 200.69 200.64 200.54 200.45 200.41 200.34 200.25
7°N ||     200.30 200.14 200.00 199.94 199.73 199.66 199.68 199.72 199.88 200.41 201.09 200.29 199.49 199.30 199.24 199.74 202.06 200.96 201.18 202.16 203.88 204.22 204.20 204.23 204.21 204.20 204.08 203.66 201.76 201.89 202.17 202.81 203.01 202.82 202.32 201.59 199.88 199.86 201.76 202.14 202.37 202.51 202.61 202.81 203.63 203.87 204.04 204.18 204.24 204.15 203.86 203.78 204.21 204.20 204.20 204.21 204.23 204.23 204.21 204.18 204.13 204.22 204.19 204.22 204.05 203.81 203.65 203.49 203.36 202.87 201.99 199.45 198.46 199.49 198.75 202.05 202.24 202.47 201.11 200.81 201.30 202.48 202.31 202.07 202.51 203.00 202.95 203.30 203.09 203.42 203.27 203.39 203.46 203.19 203.86 203.95 204.03 203.78 204.10 204.21 204.21 204.20 204.16 204.16 204.22 204.16 204.23 203.91 204.21 204.13 204.10 204.04 204.05 203.76 203.84 203.90 203.84 203.95 203.96 203.97 203.85 203.88 203.75 204.03 204.14 203.88 204.01 204.16 204.19 203.00 199.26 198.53 198.62 198.64 198.64 198.81 198.90 199.89 202.90 202.99 202.85 203.20 203.71 203.61 204.15 204.19 204.22 204.10 204.21 204.20 203.07 202.38 202.21 201.92 201.62 201.81 201.24 201.09 201.23 201.07 201.00 201.24 201.16 201.19 201.10 201.11 201.18 201.17 201.19 201.16 201.11 201.24 200.88 200.74 200.80 200.54 200.41 200.33 200.29 200.21
9°N ||     200.13 199.89 200.31 200.15 199.67 199.69 199.65 199.72 199.51 200.19 200.76 199.65 199.23 199.11 199.17 200.20 200.91 200.23 201.31 203.07 203.37 203.78 203.92 204.08 204.19 204.23 204.18 203.74 202.20 202.12 202.58 203.22 203.20 203.32 203.01 201.95 199.40 198.12 201.18 202.37 202.50 202.68 202.85 203.14 203.58 203.87 204.07 204.20 204.24 204.13 203.85 203.75 203.92 204.24 204.22 204.23 204.24 204.22 204.18 204.09 203.97 204.06 204.08 203.98 204.02 203.54 202.85 202.74 202.57 201.55 199.54 199.35 199.61 198.58 201.32 201.44 201.21 201.51 200.75 202.21 202.19 202.38 202.53 202.30 202.07 202.55 202.77 202.41 202.77 202.70 203.19 203.33 203.56 203.42 203.69 203.14 203.77 204.02 204.07 203.85 203.75 204.23 204.22 204.21 204.14 204.12 204.03 204.22 204.24 204.22 204.21 204.17 204.16 204.21 204.11 203.98 203.92 203.94 203.94 203.76 203.90 203.86 203.68 204.22 203.94 203.88 204.07 204.22 203.99 201.27 198.93 198.45 198.41 198.44 198.55 198.65 198.76 199.14 200.30 201.59 202.29 202.21 203.73 204.01 204.03 204.11 203.71 203.38 203.62 203.58 202.64 201.90 201.39 201.93 201.30 201.01 201.21 201.25 201.44 201.39 200.45 201.59 201.68 201.50 201.25 201.14 201.42 201.30 201.54 201.45 201.42 200.97 200.92 200.74 200.88 200.57 200.42 200.31 200.23 200.23
11°N ||     200.00 200.01 200.02 200.01 199.55 199.53 199.41 199.47 199.19 199.35 199.62 199.03 198.95 199.00 199.10 199.23 200.13 200.09 201.35 202.60 203.04 203.33 203.78 204.06 204.21 204.24 204.15 203.72 203.22 203.43 203.39 203.38 203.39 203.39 203.46 203.37 199.93 196.51 197.21 202.35 202.62 202.81 203.02 203.29 203.58 203.90 204.13 204.22 204.22 204.14 203.92 203.71 203.76 204.22 204.23 204.24 204.22 204.17 204.13 204.04 203.92 204.12 204.17 203.69 203.47 203.03 202.10 201.53 201.03 201.37 198.66 199.08 201.44 198.52 199.59 201.55 199.32 201.91 202.24 201.69 202.32 202.48 202.76 202.91 202.57 202.43 202.04 202.42 202.53 202.61 203.17 203.29 203.25 203.26 202.93 203.70 203.18 204.03 203.96 203.89 204.02 204.02 204.11 204.22 204.12 204.17 203.27 204.08 203.87 204.21 204.24 204.23 204.23 204.23 204.17 203.97 203.91 204.03 204.12 203.87 203.97 203.92 203.79 203.72 203.82 204.04 204.18 204.22 203.40 200.57 198.47 198.36 198.27 198.42 198.62 198.63 198.84 198.99 199.78 201.11 201.70 203.63 203.24 203.49 203.78 203.13 202.57 202.22 202.24 202.10 201.68 201.21 200.75 200.68 201.03 200.83 201.04 201.04 201.55 201.80 202.13 202.48 202.36 202.24 202.02 201.85 201.80 201.81 201.73 200.99 202.64 201.37 201.02 201.00 200.99 200.45 200.36 200.39 201.30 200.27
13°N ||     200.24 199.88 200.74 200.73 199.58 199.62 199.36 199.22 199.13 199.03 198.91 198.78 198.79 198.83 198.89 199.19 199.51 200.26 202.72 202.54 202.88 203.53 203.83 204.03 204.21 204.23 204.16 204.00 203.57 203.57 203.49 203.48 203.48 203.54 203.66 203.75 203.21 197.42 198.18 201.65 202.46 202.98 203.25 203.43 201.18 204.03 204.18 204.23 204.21 204.14 203.87 203.73 203.70 204.19 204.22 204.21 204.16 204.11 204.06 203.98 203.95 203.87 203.53 203.85 203.15 201.80 201.20 200.67 200.42 199.05 198.79 199.07 200.44 200.69 201.17 199.49 200.87 201.23 202.29 202.87 202.91 202.44 202.75 202.57 202.61 202.61 198.81 202.54 200.72 202.77 203.26 203.16 203.15 202.70 202.78 203.75 203.73 203.65 203.50 203.46 203.56 204.10 204.18 204.13 204.07 203.97 204.04 203.79 203.22 204.13 204.21 204.09 204.23 204.24 204.23 204.19 204.11 204.15 204.19 204.18 204.08 203.98 203.93 203.94 203.99 204.09 204.22 204.09 202.77 200.35 198.45 198.38 198.41 198.50 198.63 198.66 198.76 198.91 199.48 200.67 201.25 202.55 202.44 202.27 202.32 202.09 202.15 201.24 201.59 201.00 200.78 200.59 200.21 199.97 199.90 200.41 200.56 201.13 201.92 202.78 203.48 203.75 203.36 203.32 202.91 202.59 202.45 202.06 202.15 202.05 201.95 202.37 201.05 201.10 200.87 200.80 200.44 200.53 202.30 201.01
15°N ||     200.19 199.81 199.77 199.34 199.43 199.61 199.22 198.96 198.91 198.80 198.68 198.50 198.53 198.58 198.60 198.96 200.18 201.19 202.37 202.48 203.76 203.02 199.56 199.10 200.98 204.21 204.12 204.07 203.95 203.68 203.63 203.55 203.57 203.61 203.67 203.73 203.74 202.87 201.30 201.61 202.63 203.12 203.42 203.59 203.87 204.15 204.21 204.24 204.20 204.14 203.94 203.74 203.62 204.14 204.16 204.17 204.13 204.04 203.97 203.95 203.88 203.88 203.93 203.46 201.68 200.97 200.51 200.18 200.09 199.16 198.65 198.94 199.64 200.22 199.44 200.41 200.68 201.20 201.62 201.85 201.44 202.43 203.48 200.09 202.37 202.57 202.42 202.61 202.57 202.52 201.16 202.31 202.96 203.18 202.95 203.47 203.40 203.29 203.17 202.95 203.20 203.33 203.98 204.04 203.97 203.93 203.96 203.08 203.58 204.21 204.18 204.16 204.08 204.13 204.23 204.23 204.16 204.13 204.17 204.17 204.10 204.13 204.07 204.10 204.07 204.19 204.23 203.78 201.85 198.60 198.50 198.63 198.43 198.55 198.66 198.72 198.85 198.94 199.40 200.33 200.92 201.22 201.59 201.70 201.80 201.70 201.48 201.17 200.58 200.42 200.16 199.93 199.90 199.74 199.69 199.77 200.40 201.27 202.51 203.44 203.91 204.08 204.19 204.08 203.91 203.25 202.86 202.55 202.51 202.31 202.17 202.07 201.61 201.19 201.08 200.89 200.74 200.26 201.44 198.88
17°N ||     199.93 199.62 199.53 199.28 200.29 199.28 199.19 199.02 198.74 198.66 198.52 198.39 198.34 198.35 198.28 199.72 200.71 200.92 201.90 201.87 203.75 198.84 196.64 196.39 197.47 202.55 204.10 204.08 204.17 203.95 203.80 203.64 203.59 203.63 203.68 203.74 203.75 203.61 202.84 202.75 203.11 203.28 203.47 203.65 203.91 204.16 204.23 204.23 204.18 204.10 204.00 203.63 203.71 204.20 204.21 203.98 204.08 204.01 203.97 203.91 203.84 203.69 203.33 202.15 201.45 200.43 199.99 199.54 199.05 198.93 199.27 198.88 199.06 199.48 199.28 200.05 200.87 200.73 201.02 201.91 202.28 202.99 202.07 201.00 202.65 202.49 202.43 199.36 202.41 201.92 202.43 202.51 202.97 203.22 202.99 202.76 202.96 202.93 202.94 202.62 202.68 203.01 203.64 203.77 203.36 203.45 203.44 203.50 204.12 204.21 204.15 204.13 204.20 204.23 204.23 204.23 204.20 203.98 204.13 204.17 204.18 204.18 204.16 204.18 204.20 204.23 204.00 203.58 201.56 198.92 198.60 198.53 198.59 198.68 198.71 198.71 198.83 199.12 199.39 199.82 200.33 200.20 200.59 200.61 200.68 200.33 200.26 200.09 199.89 199.72 199.59 199.59 199.55 199.38 199.46 199.48 199.93 201.36 202.50 203.80 204.15 204.23 204.21 204.21 204.22 203.66 203.13 202.98 202.99 202.72 202.38 201.97 201.57 201.25 201.30 200.92 200.17 200.20 200.43 199.85
19°N ||     199.93 199.57 199.30 199.20 199.09 199.27 199.18 198.92 198.65 198.52 198.39 198.23 198.18 198.16 198.10 199.47 200.56 201.34 203.00 202.38 203.88 198.94 196.67 196.42 197.24 202.83 204.19 204.21 204.22 204.20 203.98 203.72 203.55 203.51 203.51 203.69 203.78 203.76 203.46 203.35 203.41 203.45 203.52 203.65 203.83 204.10 204.24 204.21 204.13 204.09 204.00 203.57 203.91 203.78 204.22 204.16 204.07 204.02 203.93 203.91 203.60 203.68 202.89 201.47 200.55 199.90 199.22 199.03 198.65 198.63 198.43 198.63 198.71 198.91 199.08 200.05 200.34 200.26 199.52 201.61 202.12 202.47 202.10 202.06 199.58 202.78 202.56 202.98 202.51 202.37 202.32 202.29 201.48 202.71 202.79 202.58 202.74 202.73 202.77 202.65 202.61 203.24 200.91 203.29 202.95 203.70 203.94 203.55 203.98 204.04 204.14 204.18 204.22 204.23 204.23 204.19 204.16 204.15 204.16 204.22 204.23 204.21 204.19 204.20 204.22 204.23 204.09 204.12 202.66 200.62 199.30 198.69 198.79 198.80 198.84 198.94 198.96 199.05 199.25 199.43 199.49 199.53 199.33 199.55 199.52 199.58 199.37 199.35 199.32 199.18 199.07 199.17 198.95 199.03 199.06 199.35 199.77 201.38 203.10 204.04 204.22 204.11 204.06 204.17 204.16 203.73 203.68 203.40 203.19 202.93 202.53 202.03 201.58 201.24 201.11 200.52 201.30 199.96 200.08 199.78
21°N ||     199.13 199.32 199.37 198.97 198.76 198.77 198.81 198.63 198.40 198.34 198.18 198.12 198.05 198.02 198.02 199.48 200.58 202.48 202.97 202.08 202.88 200.51 198.69 198.05 199.42 203.98 204.23 204.23 204.24 204.21 204.09 203.84 203.54 203.37 203.24 203.17 203.74 203.75 203.65 203.56 203.53 203.54 203.58 203.67 203.83 204.09 204.06 204.22 204.17 204.10 204.09 203.83 203.51 203.15 204.15 204.16 204.14 204.06 204.02 203.83 203.69 203.55 202.29 201.35 200.40 198.98 198.82 198.70 198.50 198.45 198.43 198.50 198.77 198.74 198.94 199.62 199.82 199.74 200.62 201.61 201.68 200.99 201.77 202.12 202.82 202.14 201.66 202.51 202.39 202.17 202.41 202.40 202.64 202.72 202.30 202.50 202.69 202.61 202.62 202.64 202.42 203.17 203.50 202.88 203.67 203.47 202.85 204.18 203.95 203.50 204.20 204.18 204.24 204.20 204.15 204.17 204.23 204.23 203.90 204.23 204.22 204.23 204.12 204.15 204.19 204.23 204.13 204.15 203.84 202.95 200.92 200.48 199.57 199.34 199.35 199.04 199.06 199.06 199.08 199.15 199.11 198.95 198.97 198.96 198.92 198.98 198.85 198.79 198.79 198.88 198.78 198.84 198.77 198.94 198.85 198.86 199.27 201.15 203.30 204.22 204.06 203.97 203.92 203.91 204.12 204.23 203.99 203.74 203.45 203.02 202.46 202.05 201.64 201.35 200.81 200.67 201.33 199.83 199.82 199.59
23°N ||     199.20 199.08 198.98 198.79 198.68 198.53 198.44 198.29 198.20 198.15 198.06 198.02 197.99 197.99 197.97 199.36 201.06 202.76 202.12 201.51 201.46 202.55 202.22 202.22 204.10 203.85 204.14 204.19 204.23 204.19 204.05 203.85 203.60 203.30 203.11 203.04 203.57 203.76 203.71 203.56 203.55 203.41 203.59 203.71 203.73 204.16 204.22 204.23 204.22 204.17 204.12 204.05 203.84 203.38 203.77 203.99 203.05 200.97 201.63 203.11 203.47 203.85 202.16 201.26 200.24 199.03 198.64 198.52 198.36 198.29 198.40 198.28 198.79 198.51 198.61 199.09 199.20 199.14 199.36 200.58 201.52 202.37 202.84 202.32 202.63 202.35 202.31 202.25 202.30 202.66 202.13 202.01 202.22 202.46 202.01 201.89 201.47 203.02 202.18 202.27 202.62 203.07 203.46 203.07 203.01 203.18 203.19 203.55 203.99 203.80 204.08 204.20 204.20 204.23 204.22 204.23 204.15 204.23 204.00 204.23 204.22 204.22 203.72 204.03 204.23 204.22 204.21 204.13 204.09 203.60 202.87 202.07 201.26 200.57 199.85 199.31 199.10 198.99 198.87 198.83 198.84 198.56 198.74 198.52 198.44 198.37 198.30 198.39 198.17 198.31 198.28 198.35 198.39 198.39 198.33 198.53 198.68 200.76 203.40 204.23 204.11 203.92 203.82 202.70 203.34 204.14 204.17 203.87 203.40 203.01 202.46 201.99 201.45 201.04 200.47 200.81 200.08 199.85 200.43 199.31
25°N ||     199.03 198.95 198.98 198.62 198.41 198.40 198.26 198.23 198.18 198.08 198.02 198.00 197.98 197.96 197.94 199.21 201.51 202.32 202.12 202.58 201.38 201.73 201.82 201.88 202.81 203.64 204.18 204.14 204.23 204.15 203.95 203.78 203.50 203.23 203.06 202.69 202.72 203.70 203.75 203.55 203.61 203.55 203.63 203.09 203.90 204.16 204.23 204.24 204.23 204.21 204.22 204.14 204.08 203.06 204.14 204.12 204.07 204.10 202.77 200.45 200.10 202.82 201.65 199.76 199.09 198.56 198.41 198.38 198.28 198.20 198.23 198.30 198.39 198.53 198.99 198.80 198.85 198.72 198.50 199.82 200.48 201.91 202.21 201.72 201.62 202.12 201.92 202.10 202.03 202.52 202.19 201.60 202.07 202.03 201.99 201.17 201.76 202.13 202.41 202.18 203.15 203.06 202.75 203.04 203.15 202.47 202.79 203.61 203.32 203.54 204.01 203.83 203.92 203.76 203.46 204.22 204.14 204.15 204.16 204.06 204.19 204.17 204.15 204.23 204.23 204.23 204.23 204.10 203.99 204.16 203.16 201.96 202.01 201.12 199.75 199.16 198.97 198.66 198.57 198.50 198.35 198.28 198.20 198.05 197.89 197.75 197.66 197.64 197.66 197.75 197.85 197.91 197.88 197.97 198.09 198.24 198.51 198.88 202.40 203.98 204.09 203.90 202.74 198.06 202.55 204.08 204.17 203.79 203.44 202.93 202.09 202.09 201.33 200.85 200.18 200.08 199.81 199.86 199.37 199.22
27°N ||     198.76 198.64 198.59 198.64 198.28 198.44 198.13 198.07 198.06 198.04 198.01 197.99 197.99 197.98 197.96 198.85 201.16 202.26 202.09 202.25 202.41 202.17 203.43 203.05 202.99 203.46 203.83 204.23 204.21 204.10 203.87 203.67 203.45 203.18 202.70 202.64 202.87 203.80 203.90 203.67 203.77 203.76 203.78 203.10 203.70 204.16 204.23 204.24 204.24 204.22 204.20 204.22 204.02 203.82 203.28 202.75 202.89 202.20 201.89 200.27 201.42 203.14 199.14 198.85 198.63 198.52 198.53 198.38 198.20 198.17 198.50 198.27 198.26 198.41 198.80 198.37 198.67 198.55 198.40 198.45 199.90 200.49 200.97 201.24 201.13 201.70 202.09 202.26 202.04 201.99 201.86 201.77 201.97 202.11 201.85 202.21 201.66 201.87 202.66 203.12 201.57 203.29 202.80 202.76 203.77 201.99 204.03 203.39 203.31 203.72 203.76 203.63 203.71 203.73 203.94 203.79 203.81 203.12 204.09 204.23 204.19 203.74 204.23 204.22 204.05 204.19 204.10 204.08 203.57 204.12 202.98 202.42 201.44 200.11 199.24 198.81 198.47 198.45 198.32 198.17 198.06 197.86 197.75 197.51 197.32 197.29 197.23 197.30 197.31 197.42 197.50 197.49 197.66 197.81 198.02 198.18 198.44 198.77 200.23 203.89 204.20 203.99 203.52 203.05 203.55 204.22 203.93 203.55 203.24 202.74 202.50 201.39 200.94 200.52 199.99 199.65 199.63 199.49 199.21 198.92
29°N ||     198.48 198.41 198.30 198.20 198.08 198.10 198.02 197.97 197.96 197.98 197.95 197.92 197.93 198.18 197.92 198.00 199.26 201.55 202.56 202.47 202.45 202.28 203.47 203.66 202.57 203.17 204.13 204.23 204.18 204.03 203.83 203.60 203.43 203.15 202.28 202.56 203.26 203.81 203.88 203.77 203.93 203.96 203.94 203.99 204.09 204.17 204.23 204.24 204.24 204.18 204.20 204.24 204.24 203.78 203.65 203.45 203.41 202.42 202.10 201.30 201.46 200.50 199.42 199.92 200.56 198.86 198.70 198.47 198.25 198.15 198.26 198.12 198.19 198.12 198.19 198.27 198.41 198.34 198.23 198.17 198.23 199.63 200.18 200.68 200.48 201.47 201.86 197.55 201.77 201.97 201.64 201.10 201.72 201.61 202.23 202.07 201.72 201.78 202.55 202.56 202.95 202.55 202.83 202.71 203.31 203.56 203.96 203.74 203.62 203.98 203.68 203.75 203.31 202.67 202.85 202.91 203.70 204.17 204.20 204.22 204.12 204.22 204.22 204.20 204.10 203.97 203.09 202.53 202.63 202.13 201.76 201.07 199.77 199.34 198.93 198.45 198.34 198.14 197.92 197.73 197.55 197.40 197.17 197.04 196.96 196.84 196.89 197.08 196.98 197.14 197.21 197.37 197.53 197.75 197.89 198.00 198.22 198.44 199.33 202.39 203.94 204.23 204.11 204.10 204.21 203.85 203.50 203.25 202.99 202.61 201.61 201.12 200.50 200.00 199.55 199.23 199.17 199.09 198.75 198.58
31°N ||     198.12 198.22 198.05 198.02 198.00 198.00 197.96 197.88 197.85 197.89 197.91 197.87 197.85 197.87 197.88 197.93 198.64 199.83 200.57 200.75 201.37 201.69 202.51 202.67 202.11 204.04 204.20 204.23 204.13 203.99 203.78 203.69 203.38 203.18 202.83 202.87 203.29 203.85 203.87 203.87 203.98 204.03 204.10 204.10 204.15 204.20 204.23 204.23 204.23 204.11 204.23 204.23 204.23 204.13 204.07 203.96 203.66 203.55 203.10 201.58 201.99 200.75 200.28 199.84 199.25 199.18 198.77 198.60 198.52 198.18 198.13 198.14 198.05 197.95 198.02 197.85 198.23 198.13 198.03 198.15 198.18 198.38 199.17 198.75 199.71 200.39 201.35 201.98 201.48 201.26 201.12 201.45 201.74 201.93 200.75 201.51 202.02 202.50 202.68 202.07 202.97 202.87 202.50 202.54 203.05 203.21 203.82 203.74 203.60 203.81 203.91 203.94 203.33 202.93 203.10 203.13 203.86 204.14 204.03 203.90 204.07 203.16 204.20 204.22 203.96 204.15 203.45 202.13 202.38 201.74 201.00 199.85 199.57 198.96 198.64 198.35 198.09 197.82 197.48 197.28 197.15 196.99 196.78 196.79 196.68 196.64 196.67 196.74 196.81 196.95 197.14 197.25 197.20 197.57 197.60 197.75 197.95 198.15 198.75 199.71 202.17 203.16 203.59 203.68 203.48 203.79 202.92 202.87 202.64 202.28 202.90 198.72 199.79 201.48 199.02 199.77 198.72 198.63 198.56 198.24
33°N ||     197.89 198.81 198.03 198.02 197.89 197.92 197.90 197.83 197.87 197.83 197.84 197.80 197.79 197.80 197.73 197.77 197.86 198.53 199.95 201.84 201.45 201.50 201.28 201.65 203.56 204.15 204.23 204.22 204.12 203.89 203.70 203.51 203.23 202.96 202.73 202.81 203.23 203.78 203.95 203.99 204.06 204.12 204.14 204.17 204.13 204.19 204.19 204.14 204.15 204.19 204.24 204.22 204.21 204.22 204.12 203.82 203.60 203.46 203.52 203.39 203.44 203.39 202.23 199.92 199.91 198.82 198.62 198.54 198.46 198.24 198.05 197.79 197.80 197.80 197.86 197.68 197.77 197.75 197.78 198.05 197.85 197.89 198.25 198.82 199.41 200.15 200.91 201.44 200.72 201.21 201.29 202.18 201.49 201.52 201.46 202.02 201.80 202.52 202.00 201.81 203.15 203.24 202.72 203.45 201.91 203.69 203.51 203.91 203.62 204.09 204.16 204.07 203.63 203.36 203.58 203.90 203.95 203.70 204.01 203.28 203.42 203.17 203.34 204.09 203.71 202.85 202.76 201.92 201.36 200.39 200.03 199.37 199.05 198.68 198.38 198.08 197.77 197.39 197.17 197.04 196.83 196.74 196.65 196.60 196.51 196.61 196.65 196.67 196.74 197.07 196.97 197.07 197.21 197.43 197.66 197.48 197.56 197.78 198.02 198.28 198.75 199.37 199.75 200.62 201.40 202.77 201.51 202.07 202.22 201.73 201.48 199.90 199.23 199.03 198.70 198.51 198.42 198.21 198.08 197.95
35°N ||     197.72 197.82 197.82 197.88 197.83 197.86 197.82 197.82 197.84 197.80 197.76 197.76 197.75 197.77 197.69 197.78 197.70 197.84 198.73 203.47 202.19 201.64 202.04 203.31 204.21 204.15 204.23 204.21 204.07 203.79 203.47 203.06 202.64 202.44 202.29 202.25 202.58 203.06 203.76 204.07 204.14 204.17 204.18 204.18 203.89 204.02 204.21 204.23 204.20 204.17 204.23 204.20 204.20 204.23 204.18 203.83 203.53 203.30 203.26 203.16 203.11 203.21 202.33 200.00 199.00 198.74 198.58 198.57 198.37 198.20 198.12 197.74 197.86 197.68 197.64 197.50 197.53 197.40 197.54 197.68 197.73 197.83 197.80 198.84 199.20 199.87 200.11 200.40 200.84 200.62 201.87 201.73 201.61 200.93 200.44 202.12 201.84 202.24 201.86 202.31 202.27 202.47 202.59 202.79 202.88 203.49 203.77 202.71 203.82 204.16 203.49 204.11 204.07 204.14 204.18 204.20 204.09 203.93 203.77 202.87 202.77 202.94 201.50 202.03 202.39 201.54 201.58 201.29 200.59 200.06 199.50 199.02 198.80 198.44 198.21 197.82 197.53 197.18 196.95 196.77 196.72 196.67 196.54 196.48 196.46 196.48 196.54 196.56 196.70 196.72 196.87 197.29 197.07 197.27 197.33 197.36 197.49 197.65 197.68 197.87 198.02 198.37 198.51 198.64 199.03 199.29 199.90 200.88 201.33 201.14 201.05 200.14 200.01 198.79 198.58 198.42 198.21 197.93 197.76 197.69
37°N ||     197.56 197.76 197.74 197.87 197.74 197.79 197.74 197.75 197.80 197.78 197.74 197.73 197.72 197.76 197.80 197.82 197.86 197.98 198.05 201.98 202.06 202.35 203.02 203.65 203.99 204.13 204.23 204.22 204.10 203.63 202.92 202.35 201.78 201.43 201.42 201.71 202.01 202.11 202.85 203.70 204.12 204.21 204.22 204.21 204.19 204.15 204.18 204.22 204.24 204.20 204.19 204.17 204.12 204.05 204.21 204.11 203.60 203.37 203.27 203.33 203.12 203.28 201.61 199.74 199.03 198.76 198.60 198.47 198.36 198.09 198.01 197.82 197.74 197.52 197.48 197.31 197.18 197.23 197.24 197.42 197.36 197.44 197.58 197.65 198.03 198.29 198.39 198.73 199.38 198.72 200.80 201.19 201.68 201.78 201.26 201.70 201.39 200.84 202.08 201.20 201.89 201.32 202.23 200.89 201.92 201.98 202.92 203.37 203.61 203.98 204.10 204.16 204.16 204.21 204.22 204.21 204.16 203.65 201.34 202.01 202.38 202.89 202.47 202.75 201.57 201.23 201.03 200.89 199.94 199.60 199.14 198.70 198.48 198.28 197.83 197.53 197.37 197.03 196.85 196.63 196.58 196.50 196.44 196.43 196.41 196.40 196.43 196.50 196.52 196.62 196.68 196.76 196.85 197.04 196.90 196.96 197.21 197.48 197.48 197.73 197.98 198.13 198.51 198.67 199.08 199.22 199.67 200.18 200.56 200.54 200.64 199.90 200.12 198.55 198.45 198.27 197.93 197.86 197.71 197.67
39°N ||     197.63 197.68 197.64 197.74 198.26 197.71 197.70 198.02 197.72 197.73 197.77 197.75 197.82 197.82 197.85 197.90 197.90 197.84 198.14 199.01 202.72 203.12 202.40 203.49 203.59 204.08 204.19 204.23 204.04 203.26 202.30 201.42 200.85 200.77 200.50 200.70 201.68 201.86 202.20 203.11 203.96 204.22 204.23 204.23 204.16 204.21 204.16 203.79 204.21 204.22 204.21 204.15 204.06 203.93 204.09 204.23 203.95 203.68 203.45 203.49 202.70 202.59 202.46 200.67 198.99 198.65 198.56 198.48 198.23 198.04 197.81 197.63 197.60 197.34 197.21 197.13 197.07 197.02 197.01 196.97 197.23 197.22 197.28 197.35 197.55 198.20 197.97 198.33 198.99 199.10 199.47 200.39 200.42 200.59 200.74 201.34 201.70 201.83 200.76 201.23 200.94 198.92 200.96 202.25 200.46 202.52 202.81 202.93 203.26 203.20 203.71 204.06 202.66 204.18 204.16 203.89 204.07 203.86 201.59 201.48 201.41 201.46 201.36 201.01 200.91 200.69 200.42 199.92 199.68 199.19 198.84 198.48 198.38 197.94 197.70 197.37 197.16 196.99 196.70 196.66 196.45 196.40 196.38 196.38 196.38 196.38 196.42 196.43 196.48 196.45 196.56 196.60 196.70 196.75 196.81 196.88 196.99 197.32 197.70 197.62 197.90 198.07 198.35 198.65 199.04 199.06 199.36 199.62 199.77 199.95 200.09 200.82 202.48 198.43 198.33 198.26 197.94 197.73 197.64 197.70
41°N ||     197.64 197.62 197.57 197.60 197.64 197.68 197.74 197.69 197.73 197.75 197.75 197.73 197.79 197.73 197.88 197.83 197.92 198.27 198.47 199.04 200.17 201.15 202.12 202.72 203.37 203.83 204.05 204.23 204.01 203.12 202.03 201.32 201.07 201.00 200.41 200.72 201.57 202.02 202.46 203.36 204.04 204.23 204.24 204.23 203.99 204.22 204.18 204.07 204.18 204.15 204.15 204.10 204.10 204.14 204.21 204.23 204.11 203.71 203.68 203.75 203.22 202.52 202.47 200.99 199.32 198.51 198.39 198.52 198.15 197.92 197.76 197.50 197.37 197.22 197.06 196.94 196.88 196.85 196.84 196.86 196.91 196.94 197.05 196.84 196.91 197.37 197.69 197.79 198.22 198.16 199.08 198.32 198.89 199.46 199.31 200.37 200.92 199.86 201.44 200.57 198.67 198.66 198.79 201.58 200.82 202.87 203.02 202.36 202.25 202.70 203.17 202.70 200.28 201.54 203.32 202.80 201.02 203.19 201.18 201.46 201.26 201.29 200.48 200.35 200.05 200.26 199.82 199.73 199.19 198.75 198.57 198.45 198.17 197.90 197.45 197.21 196.96 196.84 196.57 196.49 196.45 196.37 196.36 196.37 196.37 196.39 196.39 196.40 196.43 196.48 196.52 196.51 196.52 196.60 196.68 196.82 196.96 197.08 197.29 197.51 197.79 198.10 198.29 198.55 198.91 198.91 199.03 199.22 199.24 199.58 201.28 200.53 201.19 198.66 198.34 198.09 198.01 197.75 197.74 197.61
43°N ||     197.63 197.54 197.53 197.58 197.62 197.64 197.67 197.70 197.72 197.70 197.74 197.64 197.70 197.68 197.83 197.87 198.05 198.30 198.84 199.71 200.50 201.19 201.92 202.51 203.04 203.45 203.88 204.12 204.20 203.75 202.86 202.02 201.62 201.49 201.40 201.51 201.98 202.28 203.57 204.13 204.23 204.21 204.23 204.24 204.23 204.14 204.22 204.02 204.15 204.17 204.15 204.19 203.95 204.16 204.22 204.23 204.21 203.92 203.59 202.98 203.05 202.93 202.42 200.93 199.35 198.42 198.16 198.07 197.93 197.75 197.46 197.32 197.07 196.99 196.80 196.85 196.74 196.81 196.72 196.71 196.76 196.78 196.95 196.92 196.86 197.18 197.29 197.66 197.76 197.71 197.91 198.06 198.08 198.35 198.78 199.57 199.94 200.31 199.19 198.88 198.49 198.70 199.99 198.92 200.01 199.01 199.43 199.06 202.86 203.07 203.30 200.99 202.95 203.48 200.65 200.51 200.94 201.28 201.13 200.71 200.59 200.56 199.60 199.11 199.70 199.71 199.59 199.01 198.69 198.56 198.66 198.20 198.15 197.78 197.43 197.07 196.87 196.82 196.58 196.48 196.41 196.37 196.40 196.47 196.37 196.40 196.42 196.46 196.47 196.54 196.52 196.53 196.58 196.61 196.61 196.72 196.88 196.96 197.38 197.50 197.79 198.09 198.44 198.56 198.70 198.83 199.03 198.93 198.97 199.36 200.00 200.55 201.66 198.79 198.13 198.11 197.80 197.74 197.63 197.53
45°N ||     197.45 197.46 197.52 197.52 197.54 197.58 197.61 197.68 197.71 197.65 197.65 197.73 197.74 197.79 197.82 198.01 198.28 198.65 199.24 199.87 200.64 201.26 201.82 202.23 202.54 202.90 203.32 203.75 204.14 204.19 203.98 203.74 203.64 202.56 202.04 201.91 202.41 203.43 203.99 204.23 204.20 204.14 204.15 204.10 203.99 203.85 203.77 203.93 204.17 204.14 203.96 204.13 204.22 204.22 204.20 204.07 203.54 203.81 203.57 202.80 202.42 201.67 201.10 200.25 199.27 198.29 198.19 197.89 197.70 197.49 197.37 197.07 196.95 196.82 196.83 196.65 196.67 196.66 196.59 196.59 196.71 196.66 196.71 196.75 196.84 196.93 197.22 197.12 197.27 197.57 197.63 197.47 197.84 198.04 198.10 198.23 198.91 199.30 198.54 198.60 199.38 199.97 200.48 198.80 199.87 198.98 198.87 198.82 200.12 201.14 202.04 200.59 201.17 201.51 200.45 201.03 201.51 200.58 200.44 200.19 200.28 199.76 199.51 199.16 199.16 198.98 198.91 198.86 198.56 198.44 198.27 198.23 197.83 197.65 197.18 196.96 196.76 196.61 196.56 196.48 196.42 196.37 196.38 196.37 196.39 196.43 196.42 196.41 196.43 196.44 196.50 196.47 196.50 196.65 196.60 196.63 196.77 197.03 197.46 197.66 197.81 198.22 198.46 198.56 198.59 198.67 198.69 198.69 198.71 198.82 199.04 199.66 200.87 198.50 198.45 198.29 197.92 197.59 197.58 197.47
47°N ||     197.44 197.46 197.46 197.54 197.56 197.57 197.62 197.60 197.71 197.57 197.62 197.68 197.69 197.81 198.01 198.09 198.53 198.86 199.34 199.88 200.62 201.00 201.39 201.67 202.00 202.33 202.75 202.98 203.39 203.81 204.08 204.14 204.14 204.15 204.10 204.03 204.21 204.22 204.22 204.21 204.16 204.11 204.12 204.08 203.93 203.72 203.70 203.75 204.03 204.16 204.21 204.06 203.46 203.93 203.81 202.94 203.40 201.44 203.47 202.90 202.17 201.27 200.23 199.19 198.50 198.12 197.92 197.78 197.42 197.33 197.08 196.93 196.86 196.74 196.71 196.72 196.83 197.01 196.59 196.58 196.61 196.58 196.63 196.65 196.73 196.79 196.82 196.89 197.02 197.16 197.29 197.35 197.41 197.53 197.89 197.82 198.10 198.28 198.27 198.21 198.41 198.58 198.19 198.66 199.23 198.75 199.51 199.40 198.92 199.86 200.59 200.00 199.95 199.63 199.54 201.22 200.38 200.10 199.89 199.50 199.47 199.28 198.92 199.15 198.75 198.72 198.71 198.64 198.43 198.34 198.03 197.94 197.68 197.48 196.70 196.67 196.75 196.64 196.56 196.49 196.43 196.38 196.38 196.40 196.40 196.41 196.43 196.43 196.48 196.43 196.45 196.47 196.54 196.54 196.55 196.67 196.87 197.13 197.33 198.50 198.23 197.92 198.23 198.29 198.38 198.46 198.44 198.55 198.50 198.53 198.58 198.85 198.70 198.54 198.36 197.98 197.90 197.66 197.57 197.44
49°N ||     197.40 197.44 197.44 197.51 197.47 197.48 197.52 197.53 197.59 197.60 197.56 197.68 197.71 197.91 198.12 198.34 198.70 198.96 199.32 199.79 200.27 200.53 200.89 201.24 201.72 202.00 202.18 202.41 202.59 202.83 203.05 203.26 203.42 203.56 203.73 203.68 203.64 203.70 203.96 204.08 204.09 203.99 204.01 204.14 204.05 203.89 203.84 203.79 202.97 204.17 201.01 200.22 199.82 200.91 201.08 202.83 202.73 202.69 201.11 202.53 201.25 200.34 199.26 198.59 198.43 197.89 197.63 197.39 197.33 197.02 196.99 196.86 196.74 196.72 196.68 196.67 196.64 196.57 196.54 196.54 196.53 196.57 196.58 196.61 196.62 196.68 196.68 196.84 196.90 196.96 197.05 197.18 197.40 197.51 197.63 197.61 197.83 197.78 197.79 197.89 198.31 198.06 198.59 198.49 196.25 198.07 199.23 198.58 198.78 199.35 199.61 199.35 199.50 199.59 199.99 199.28 199.41 199.25 199.09 199.18 199.13 199.00 198.75 198.77 198.77 198.62 198.68 198.50 198.38 198.19 197.94 197.73 197.50 197.27 196.82 196.73 196.77 196.62 196.61 196.50 196.46 196.42 196.40 196.40 196.42 196.41 196.43 196.43 196.46 196.52 196.44 196.50 196.57 196.62 196.62 196.82 196.96 197.21 197.31 198.41 198.59 197.81 198.05 198.12 198.14 198.22 198.18 198.25 198.39 198.28 198.37 198.32 199.16 198.71 197.85 197.90 197.89 197.54 197.34 197.49
51°N ||     197.39 197.38 197.44 197.43 197.42 197.40 197.54 197.57 197.53 197.56 197.64 197.77 197.87 198.01 198.22 198.48 198.80 199.16 199.44 199.77 200.45 200.38 200.69 201.12 201.28 201.55 201.79 201.98 202.19 202.32 202.54 202.77 203.01 203.13 203.13 203.11 203.32 203.42 203.69 203.88 203.94 203.92 203.87 203.79 203.88 203.62 203.22 202.57 201.21 200.64 200.18 199.80 199.37 199.17 199.14 200.15 202.07 202.37 201.82 200.49 199.88 199.08 198.59 197.96 197.92 197.67 197.47 197.23 197.05 196.94 196.77 196.67 196.62 196.61 196.58 196.56 196.55 196.60 196.46 196.41 196.52 196.53 196.51 196.68 196.57 196.62 196.71 196.75 196.70 196.83 196.86 196.96 197.10 197.23 197.34 197.43 197.55 197.83 197.60 197.78 197.81 197.84 198.54 196.72 196.62 198.10 199.71 198.56 198.66 198.92 198.91 198.96 198.98 198.90 198.70 198.95 198.86 198.91 198.75 198.70 198.75 198.64 198.72 198.69 198.59 198.57 198.65 198.44 198.32 198.18 198.01 197.73 197.46 197.26 197.02 196.98 196.73 196.66 196.56 196.51 196.47 196.44 196.40 196.41 196.40 196.41 196.45 196.42 196.43 196.46 196.48 196.55 196.55 196.68 196.94 196.88 197.02 197.19 197.32 197.43 197.61 197.71 197.82 197.96 198.00 197.99 198.10 198.05 198.16 198.18 198.20 198.14 198.28 197.91 197.87 198.00 197.82 197.52 197.33 197.34
53°N ||     197.40 197.43 197.35 197.34 197.36 197.39 197.45 197.52 197.57 197.72 197.67 197.77 197.95 198.11 198.36 198.72 199.24 199.20 199.33 199.63 199.87 200.07 200.40 200.63 200.90 201.12 201.38 201.64 201.76 201.99 202.18 202.28 202.50 202.59 202.58 202.64 202.69 202.95 203.29 203.52 203.66 203.66 203.58 203.47 203.16 202.67 202.29 201.67 201.00 200.28 199.75 199.45 199.22 199.00 198.85 198.71 200.40 199.94 200.87 199.10 198.13 197.94 197.76 197.66 197.51 197.33 197.07 196.95 196.82 196.76 196.61 196.57 196.56 196.54 196.51 196.48 196.47 196.49 196.45 196.47 196.51 196.48 196.50 196.48 196.53 196.47 196.51 196.61 196.63 196.76 196.74 196.83 196.97 197.03 197.21 197.34 197.30 197.21 197.50 197.54 197.79 197.80 198.00 198.19 198.73 198.69 198.73 198.32 198.52 198.42 198.55 198.55 198.68 198.55 198.57 198.61 198.47 198.35 198.53 198.39 198.50 198.57 198.73 198.63 198.56 198.64 198.65 198.44 198.33 198.23 197.94 197.70 197.50 197.33 197.33 197.08 196.92 196.74 196.71 196.63 196.60 196.54 196.53 196.48 196.46 196.46 196.49 196.48 196.55 196.55 196.55 196.56 196.68 196.84 196.92 197.07 197.02 197.17 197.28 197.40 197.52 197.65 197.75 197.80 197.84 197.91 197.86 197.91 198.26 198.10 198.17 197.98 198.01 197.99 197.90 197.67 197.47 197.45 197.34 197.31
55°N ||     197.25 197.28 197.36 197.47 197.42 197.60 197.54 197.50 197.57 197.64 197.68 197.84 197.93 198.14 198.23 198.64 196.85 199.40 199.21 199.35 199.55 199.81 199.99 200.11 200.46 200.73 200.96 201.24 201.47 201.61 201.77 201.81 201.97 201.94 202.03 202.00 202.20 202.34 202.52 202.77 203.04 203.04 203.16 203.05 202.77 202.25 201.63 199.99 199.90 199.41 199.23 199.17 198.81 198.86 198.65 198.41 198.23 198.14 197.84 197.68 197.54 197.41 197.19 197.10 196.96 196.84 196.80 196.70 196.65 196.60 196.53 196.51 196.50 196.46 196.45 196.47 196.45 196.45 196.43 196.40 196.48 196.47 196.45 196.48 196.44 196.51 196.57 196.58 196.65 196.65 196.68 196.71 196.83 196.95 197.16 197.19 197.22 197.25 197.35 197.48 197.55 197.66 197.84 197.85 197.91 198.10 198.21 198.20 198.18 198.29 198.28 198.28 198.37 198.24 198.35 198.21 198.07 198.11 198.13 198.19 198.40 198.45 198.55 198.60 198.70 198.66 198.42 198.29 198.27 198.19 197.97 197.75 197.60 197.55 197.37 197.17 197.04 196.91 196.88 196.80 196.73 196.66 196.64 196.59 196.57 196.60 196.59 196.59 196.75 196.73 196.66 196.76 196.79 196.95 197.05 196.98 197.23 197.13 197.20 197.47 197.57 197.61 197.67 197.66 197.80 197.79 197.85 197.97 198.03 197.93 197.89 198.12 198.03 198.03 197.78 197.82 197.45 197.32 197.24 197.19
57°N ||     197.22 197.23 197.27 197.33 197.28 197.41 197.51 197.56 197.58 197.57 197.74 197.87 197.87 198.08 198.22 198.31 198.98 198.88 199.09 199.12 199.28 199.42 199.64 199.83 199.99 200.19 200.47 200.73 200.73 200.99 201.09 201.22 201.31 201.29 201.37 201.38 201.46 201.59 201.70 202.10 202.22 202.38 202.44 202.37 202.09 201.51 200.86 200.33 199.62 199.34 199.11 198.96 198.81 198.61 198.37 198.15 197.94 197.70 197.51 197.34 197.05 196.97 196.89 196.83 196.74 196.70 196.64 196.59 196.56 196.51 196.50 196.41 196.43 196.43 196.42 196.40 196.41 196.43 196.42 196.43 196.44 196.39 196.47 196.46 196.81 196.46 196.54 196.57 196.58 196.63 196.62 196.72 196.80 196.86 196.91 197.05 197.07 197.20 197.28 197.49 197.49 197.56 197.75 197.93 198.01 197.99 198.01 198.14 197.97 198.05 198.11 198.01 197.91 197.93 197.93 197.87 197.80 197.88 197.98 198.20 198.29 198.28 198.35 198.46 198.46 198.42 198.49 198.36 198.25 198.19 197.97 197.89 197.70 197.69 197.58 197.43 197.21 197.13 197.07 197.11 196.91 196.95 196.80 196.70 196.69 196.72 196.74 196.71 196.75 196.84 196.78 196.84 196.82 196.85 197.02 196.97 197.11 197.07 197.13 197.31 197.42 197.41 197.56 197.61 197.66 197.77 197.77 197.83 198.00 197.85 197.86 197.94 197.67 197.77 197.75 197.54 197.35 197.35 197.28 197.25
59°N ||     197.25 197.21 197.23 197.38 197.28 197.30 197.57 197.41 197.42 197.43 197.53 197.64 197.78 197.89 198.08 198.31 198.28 198.49 198.63 198.78 198.93 199.10 199.34 199.51 199.54 199.63 199.72 199.90 200.03 200.18 200.28 200.48 200.59 200.55 200.40 200.58 200.62 200.62 200.91 201.22 201.36 201.45 201.43 201.06 200.83 200.29 199.95 199.61 199.24 199.02 198.84 198.57 198.46 198.28 198.06 197.90 197.68 197.48 197.29 197.05 196.80 196.94 196.65 196.62 196.61 196.58 196.53 196.50 196.49 196.49 196.44 196.45 196.43 196.40 196.40 196.39 196.41 196.38 196.37 196.38 196.42 196.43 196.42 196.45 196.47 196.48 196.49 196.51 196.54 196.61 196.68 196.65 196.75 196.76 197.00 196.94 196.97 197.07 197.27 197.34 197.46 197.51 197.56 197.63 197.64 197.71 197.90 197.90 197.87 197.81 197.71 197.68 197.69 197.69 197.80 197.70 197.70 197.70 197.92 198.02 198.06 198.15 198.33 198.30 198.41 198.40 198.46 198.36 198.26 198.22 198.06 198.08 197.81 197.62 197.66 197.80 197.50 197.42 197.44 197.23 197.10 197.25 197.05 196.94 196.95 197.01 196.93 196.95 196.93 196.93 196.94 196.91 196.93 197.00 197.01 196.97 197.01 197.13 197.13 197.24 197.21 197.36 197.43 197.53 197.60 197.68 197.88 197.86 197.89 197.80 197.73 197.70 197.61 197.62 197.55 197.48 197.36 197.24 197.40 197.28
61°N ||     197.24 197.23 197.24 197.23 197.25 197.19 197.31 197.38 197.33 197.49 197.57 197.57 197.66 197.79 197.93 198.03 198.15 198.26 198.37 198.54 198.70 198.76 198.88 198.98 199.11 199.17 199.29 199.38 199.47 199.50 199.53 199.63 199.60 199.61 199.69 199.76 199.82 199.79 199.88 199.42 200.01 200.02 200.00 199.90 199.79 199.62 199.44 199.19 198.86 198.65 198.55 198.20 197.98 197.82 197.67 197.47 197.31 197.15 197.00 196.90 196.71 196.60 196.56 196.54 196.50 196.43 196.53 196.44 196.43 196.42 196.39 196.43 196.40 196.36 196.34 196.35 196.36 196.36 196.39 196.38 196.40 196.40 196.42 196.41 196.44 196.46 196.49 196.52 196.55 196.59 196.63 196.66 196.68 196.77 196.78 196.81 196.97 197.07 197.11 197.25 197.30 197.39 197.51 197.53 197.56 197.54 197.70 197.61 197.63 197.54 197.56 197.54 197.51 197.52 197.63 197.54 197.61 197.62 197.68 197.90 197.82 197.87 198.33 198.15 198.22 198.29 198.39 198.44 198.36 198.23 198.22 198.15 198.05 198.60 198.01 197.76 197.70 197.72 197.52 197.42 197.34 197.51 197.22 197.16 197.14 197.28 197.17 197.18 197.10 197.06 197.10 197.04 197.10 197.16 197.08 197.07 197.14 197.17 197.16 197.24 197.30 197.27 197.38 197.42 197.47 197.72 197.58 197.62 197.74 197.65 197.69 197.57 197.52 197.53 197.41 197.39 197.43 197.28 197.30 197.38
63°N ||     197.11 197.25 197.26 196.90 197.22 197.18 197.17 197.21 197.25 197.29 197.36 197.50 197.53 197.66 197.71 197.76 197.88 197.95 198.15 198.35 198.67 198.41 198.50 198.59 198.66 198.70 198.81 198.81 198.83 198.93 198.97 199.06 199.10 199.17 199.25 199.31 199.35 199.33 199.35 199.38 199.40 199.33 199.31 199.21 199.05 198.94 198.78 198.68 198.43 198.23 197.96 197.78 197.58 197.38 197.17 197.07 196.95 196.83 196.70 196.68 196.61 196.54 196.49 196.44 196.45 196.44 196.38 196.39 196.40 196.40 196.38 196.39 196.37 196.37 196.36 196.35 196.36 196.39 196.39 196.39 196.39 196.39 196.42 196.45 196.47 196.58 196.55 196.57 196.58 196.60 196.61 196.66 196.76 196.80 196.77 197.03 197.07 197.06 197.12 197.20 197.23 197.32 197.40 197.40 197.39 197.43 197.44 197.43 197.44 197.47 197.40 197.43 197.36 197.43 197.46 197.49 197.50 197.60 197.52 197.62 197.72 197.77 197.80 197.93 198.02 198.10 198.22 198.27 198.31 198.31 198.28 198.19 198.11 198.10 197.99 197.85 197.78 197.77 197.64 197.80 197.51 197.70 197.45 197.35 197.47 197.30 197.31 197.29 197.24 197.23 197.26 197.23 197.13 197.13 197.14 197.18 197.17 197.23 197.18 197.17 197.22 197.29 197.27 197.31 197.46 197.40 197.40 197.39 197.63 197.53 197.50 197.46 197.55 197.39 197.29 197.25 197.28 197.22 197.19 197.17
65°N ||     197.09 196.97 197.09 196.99 197.01 197.05 197.08 197.06 197.31 197.21 197.29 197.30 197.30 197.34 197.27 197.55 197.61 197.68 197.85 197.77 197.85 198.00 198.04 198.10 198.16 198.20 198.37 198.32 198.37 198.42 198.51 198.59 198.63 198.69 198.79 198.88 198.89 198.88 198.94 198.96 198.95 198.86 198.76 198.65 198.50 198.36 198.25 198.08 197.96 197.79 197.63 197.57 197.28 197.04 196.87 196.71 196.62 196.53 196.51 196.49 196.48 196.44 196.42 196.43 196.39 196.38 196.37 196.40 196.38 196.37 196.40 196.39 196.37 196.36 196.36 196.36 196.36 196.38 196.38 196.39 196.38 196.41 196.43 196.55 196.58 196.51 197.11 196.62 196.57 196.62 196.60 196.69 196.68 196.82 196.84 196.92 197.00 197.03 197.05 197.09 197.18 197.19 197.25 197.38 197.28 197.41 197.42 197.37 197.38 197.40 197.33 197.33 197.28 197.36 197.51 197.48 197.35 197.48 197.52 197.44 197.50 197.59 197.63 197.85 197.87 198.08 198.04 198.14 198.16 198.32 198.20 198.22 198.21 198.16 198.05 198.07 197.96 197.92 197.98 197.82 197.71 197.71 197.60 197.56 197.64 197.47 197.48 197.43 197.45 197.41 197.34 197.32 197.30 197.25 197.44 197.22 197.25 197.16 197.18 197.19 197.29 197.30 197.19 197.20 197.31 197.20 197.20 197.39 197.26 197.35 197.22 197.23 197.27 197.25 197.24 197.15 197.27 197.24 197.13 197.37
67°N ||     196.92 196.93 196.88 196.91 196.94 196.84 196.91 196.95 196.92 196.98 197.14 197.11 197.07 197.20 197.18 197.26 197.28 197.33 197.37 197.40 197.60 197.54 197.70 197.78 197.80 197.96 197.84 197.89 198.01 198.06 198.10 198.23 198.21 198.35 198.09 198.50 198.50 198.52 198.55 198.52 198.47 198.40 198.25 198.19 198.08 197.94 197.78 197.60 197.47 197.32 197.14 196.96 196.81 196.66 196.57 196.50 196.43 196.39 196.35 196.32 196.31 196.32 196.35 196.36 196.36 196.36 196.38 196.37 196.35 196.36 196.36 196.36 196.37 196.35 196.36 196.37 196.38 196.42 196.37 196.39 196.40 196.42 196.48 196.50 196.51 196.57 196.59 196.58 196.60 196.59 196.64 196.69 196.70 196.79 196.83 196.91 196.96 197.00 197.05 197.16 197.22 197.17 197.22 197.34 197.31 197.31 197.31 197.36 197.42 197.52 197.45 197.30 197.24 197.31 197.35 197.33 197.45 197.37 197.39 197.41 197.46 197.59 197.55 197.63 197.72 197.79 197.81 197.98 198.08 198.10 198.18 198.27 198.24 198.23 198.33 198.11 198.09 198.04 198.39 197.94 197.86 197.75 197.71 197.76 197.71 197.69 197.86 197.56 197.56 197.51 197.52 197.37 197.39 197.32 197.29 197.29 197.26 197.24 197.22 197.16 197.31 197.28 197.27 197.20 197.21 197.22 197.10 197.10 197.08 197.14 197.08 197.13 197.04 197.06 197.17 197.11 197.09 196.96 196.98 196.94
69°N ||     196.96 196.78 196.77 196.82 196.79 196.78 196.81 196.78 196.90 196.76 196.85 196.88 196.91 196.89 197.05 197.13 197.14 197.04 197.01 197.13 197.12 197.14 197.19 197.24 197.38 197.42 197.81 197.49 197.52 197.72 197.57 197.80 197.77 197.92 198.05 198.13 198.10 198.11 198.09 198.07 198.05 197.90 197.81 197.69 197.59 197.45 197.23 197.05 196.87 196.75 196.67 196.62 196.58 196.53 196.49 196.44 196.41 196.39 196.36 196.35 196.35 196.35 196.35 196.36 196.37 196.36 196.36 196.36 196.37 196.36 196.36 196.37 196.35 196.36 196.40 196.38 196.39 196.41 196.41 196.42 196.45 196.47 196.46 196.49 196.55 196.54 196.60 196.63 196.64 196.67 196.67 196.73 196.81 196.82 196.83 197.00 196.97 196.98 197.03 197.06 197.09 197.11 197.15 197.25 197.23 197.16 197.21 197.26 197.27 197.23 197.46 197.41 197.30 197.31 197.26 197.31 197.36 197.33 197.34 197.45 197.52 197.48 197.52 197.54 197.69 197.72 197.74 197.78 197.84 197.90 197.97 198.08 198.09 198.16 198.24 198.31 198.23 198.09 197.99 198.02 197.97 197.95 197.88 197.88 197.85 197.83 197.77 197.70 197.69 197.70 197.59 197.64 197.55 197.44 197.36 197.30 197.33 197.26 197.09 197.15 197.19 197.19 197.19 197.10 197.10 197.04 197.02 196.96 196.99 197.03 197.04 196.95 196.92 196.88 196.78 196.83 196.86 196.83 196.88 196.92
71°N ||     196.71 196.66 196.63 196.68 196.72 196.67 196.92 196.77 196.68 196.67 196.79 196.74 196.72 196.77 196.69 196.68 196.69 196.76 196.67 196.87 196.98 196.86 196.87 196.93 197.03 197.08 197.17 197.27 197.23 197.38 197.35 197.33 197.32 197.50 197.39 197.39 197.52 197.51 197.48 197.46 197.51 197.33 197.27 197.21 197.09 197.01 196.90 196.75 196.68 196.61 196.56 196.53 196.52 196.53 196.49 196.48 196.47 196.45 196.43 196.44 196.45 196.43 196.43 196.41 196.37 196.40 196.39 196.38 196.35 196.38 196.37 196.38 196.39 196.38 196.40 196.43 196.43 196.42 196.43 196.46 196.48 196.49 196.51 196.54 196.57 196.58 196.61 196.62 196.64 196.71 196.81 196.87 196.83 196.82 196.91 196.92 196.97 196.99 197.02 197.07 197.14 197.20 197.23 197.26 197.19 197.17 197.19 197.25 197.23 197.25 197.19 197.26 197.29 197.28 197.35 197.29 197.36 197.39 197.49 197.40 197.54 197.46 197.49 197.62 197.61 197.63 197.66 197.66 197.73 197.81 197.86 197.85 197.91 197.95 198.05 198.03 198.10 198.13 198.17 198.20 198.26 198.27 198.20 198.14 198.06 197.98 197.88 197.84 197.72 197.73 197.63 197.63 197.62 197.57 197.45 197.47 197.31 197.23 197.17 197.13 197.09 197.17 197.04 197.02 196.99 196.92 196.94 196.91 197.03 196.87 196.86 196.88 196.95 196.82 196.79 196.76 196.68 196.80 196.72 196.74
73°N ||     196.60 196.57 196.56 196.59 196.62 196.55 196.54 196.57 196.57 196.54 196.52 196.56 196.56 196.61 196.51 196.58 196.60 196.62 196.65 196.66 196.64 196.84 196.83 196.77 196.86 196.77 196.87 196.60 196.74 196.83 196.77 196.92 196.99 197.05 197.15 197.07 197.16 197.12 197.08 196.99 196.94 196.88 196.84 196.81 196.73 196.68 196.66 196.63 196.60 196.57 196.53 196.47 196.49 196.49 196.49 196.50 196.51 196.52 196.54 196.52 196.50 196.49 196.47 196.48 196.46 196.44 196.43 196.44 196.44 196.43 196.41 196.39 196.40 196.44 196.42 196.41 196.41 196.45 196.47 196.52 196.52 196.54 196.57 196.59 196.58 196.59 196.62 196.65 196.68 196.69 196.76 196.92 196.92 196.91 196.93 197.05 197.03 197.05 197.09 197.07 197.12 197.13 197.17 197.31 197.21 197.20 197.27 197.31 197.31 197.37 197.30 197.29 197.24 197.25 197.30 197.25 197.24 197.32 197.42 197.49 197.44 197.37 197.41 197.52 197.55 197.59 197.65 197.60 197.72 197.73 197.78 197.83 197.80 197.88 197.85 197.89 197.94 197.99 198.00 197.97 197.93 197.90 197.86 197.84 197.80 197.76 197.73 197.71 197.65 197.61 197.63 197.54 197.53 197.47 197.46 197.44 197.29 197.22 197.18 197.20 197.06 197.05 197.10 196.98 196.90 196.84 196.91 196.83 196.76 196.72 197.18 196.78 196.97 198.16 196.73 196.69 196.60 196.62 196.72 196.64
75°N ||     196.57 196.52 196.55 196.53 196.53 196.48 196.55 196.51 196.50 196.50 196.48 196.52 196.51 196.47 196.52 196.49 196.49 196.60 196.56 196.52 196.55 196.50 196.49 196.46 196.52 196.61 196.60 196.60 196.78 196.72 196.70 196.77 196.65 196.63 196.60 196.70 196.75 196.73 196.83 196.72 196.74 196.70 196.64 196.64 196.65 196.69 196.63 196.60 196.58 196.53 196.51 196.50 196.50 196.50 196.50 196.45 196.51 196.52 196.51 196.50 196.47 196.45 196.44 196.44 196.44 196.46 196.47 196.46 196.45 196.49 196.44 196.44 196.45 196.45 196.46 196.45 196.48 196.48 196.53 196.52 196.56 196.56 196.60 196.54 196.62 196.66 196.70 196.75 196.77 196.77 196.83 196.85 196.89 196.95 196.95 196.98 196.90 197.08 197.12 197.15 197.17 197.18 197.19 197.24 197.22 197.21 197.20 197.25 197.31 197.24 197.28 197.32 197.25 197.26 197.27 197.30 197.32 197.29 197.39 197.38 197.40 197.42 197.50 197.38 197.39 197.44 197.55 197.58 197.58 197.68 197.59 197.63 197.62 197.67 197.76 197.72 197.76 197.75 197.76 197.75 197.76 197.69 197.68 197.81 197.71 197.64 197.58 197.56 197.62 197.60 197.56 197.49 197.45 197.42 197.36 197.35 197.30 197.19 197.14 197.09 197.07 196.98 196.96 196.88 196.85 196.86 196.84 196.80 196.75 196.70 196.70 196.66 196.70 196.56 196.55 196.54 196.53 196.53 196.55 196.59
77°N ||     196.48 196.53 196.66 196.76 196.64 196.50 196.55 196.82 196.77 196.52 196.48 196.48 196.47 196.48 196.49 196.57 196.93 196.95 196.88 196.59 196.72 196.63 196.48 196.35 196.54 196.62 196.61 196.53 196.57 196.58 196.59 196.59 196.57 196.62 196.89 196.64 196.70 196.64 196.67 196.73 196.60 196.62 196.67 196.67 196.63 196.59 196.57 196.56 196.54 196.53 196.52 196.50 196.58 196.48 196.47 196.45 196.44 196.44 196.45 196.45 196.44 196.93 196.86 196.55 196.49 196.50 196.51 196.50 196.53 196.53 196.51 196.50 196.51 196.51 196.53 196.53 196.54 196.54 196.52 196.54 196.56 196.61 196.62 196.64 196.65 196.68 196.79 196.81 196.74 196.79 196.78 196.83 196.90 197.00 197.01 196.98 196.98 197.00 197.05 197.09 197.11 197.11 197.16 197.09 197.17 197.19 197.19 197.21 197.22 197.23 197.23 197.25 197.29 197.35 197.35 197.35 197.29 197.38 197.37 197.47 197.42 197.38 197.37 197.36 197.37 197.36 197.40 197.43 197.47 197.53 197.49 197.55 197.59 197.67 198.00 197.73 197.62 197.60 197.56 197.58 197.63 197.61 197.61 197.60 197.58 197.59 197.52 197.56 197.52 197.57 197.49 197.42 197.42 197.36 197.30 197.27 197.22 197.19 197.22 197.14 197.10 197.02 196.93 196.87 196.84 196.83 196.78 196.71 196.70 196.73 196.67 196.71 196.68 196.66 196.65 196.53 196.48 196.49 196.53 196.50
79°N ||     196.61 196.72 196.68 196.62 196.61 196.63 196.65 196.66 196.65 196.66 196.64 196.75 196.59 196.62 196.60 196.56 196.56 196.54 196.54 196.57 196.58 196.53 196.53 196.52 196.50 196.49 196.53 196.64 196.61 196.67 196.65 196.63 196.61 196.61 196.63 196.60 196.63 196.58 196.59 196.60 196.59 196.58 196.59 196.61 196.65 196.64 196.62 196.60 196.59 196.55 196.52 196.53 196.52 196.50 196.49 196.48 196.50 196.48 196.45 196.46 196.44 196.44 196.44 196.44 196.46 196.46 196.43 196.46 196.50 196.52 196.55 196.57 196.61 196.60 196.60 196.70 196.73 196.69 196.63 196.63 196.70 196.66 196.80 197.31 196.98 196.71 198.00 197.76 196.95 198.53 197.92 197.29 197.69 198.20 197.46 198.40 198.24 197.38 197.73 198.20 198.05 197.90 197.72 197.25 197.20 197.29 197.23 197.22 197.20 197.23 197.24 197.24 197.25 197.26 197.32 197.29 197.31 197.31 197.33 197.55 197.03 197.58 197.37 197.40 197.43 197.39 197.42 197.45 197.44 197.43 197.43 197.42 197.44 197.43 197.44 197.43 197.41 197.40 197.45 197.42 197.45 197.49 197.56 197.52 197.51 197.59 197.68 197.65 197.58 197.51 197.47 197.50 197.39 197.32 197.31 197.22 197.24 197.16 197.17 197.15 197.10 197.02 196.99 196.90 196.88 196.81 196.84 196.85 196.80 196.69 196.69 196.66 196.66 196.63 196.62 196.64 196.65 196.57 196.58 196.59
81°N ||     197.48 197.46 197.43 197.36 197.43 197.42 197.39 197.40 197.39 197.36 197.33 197.31 197.28 197.26 197.22 197.19 197.18 197.15 197.15 197.13 197.12 197.10 197.07 197.03 197.00 196.94 196.86 196.76 196.77 196.74 196.67 196.74 196.73 196.61 197.05 197.08 197.27 196.99 197.65 197.51 197.30 197.17 196.71 196.73 196.71 196.67 196.61 196.67 196.77 196.82 197.35 197.40 197.63 197.40 196.91 197.32 197.61 197.61 197.54 197.40 196.71 196.82 196.75 196.75 196.69 196.65 196.62 196.89 197.05 197.37 197.35 197.40 197.93 197.64 197.91 198.29 198.57 198.31 198.67 198.97 199.06 199.52 199.44 199.73 199.74 199.64 200.05 200.10 200.07 200.26 200.12 199.90 200.43 200.43 199.91 200.28 200.24 200.62 200.62 200.53 199.89 199.68 199.72 199.71 199.72 199.59 200.11 198.91 198.68 197.69 197.75 198.56 198.19 197.42 197.80 197.69 198.06 197.88 197.55 198.26 198.21 198.32 198.20 198.14 197.81 197.40 198.01 197.89 197.90 197.92 197.81 197.84 197.83 197.79 197.76 197.73 197.61 197.49 197.37 197.36 197.35 197.35 197.34 197.37 197.33 197.39 197.37 197.33 197.31 197.24 197.23 197.19 197.18 197.15 197.15 197.16 197.15 197.11 197.09 197.13 197.11 197.09 197.05 197.04 197.04 197.04 197.07 197.09 197.11 197.19 197.28 197.25 197.27 197.28 197.29 197.35 197.41 197.46 197.47 197.48
83°N ||     197.98 197.97 197.96 197.97 197.96 197.98 197.96 197.94 197.93 197.90 197.87 197.82 197.81 197.78 197.75 197.70 197.65 197.64 197.55 197.55 197.51 197.50 197.50 197.51 197.53 197.60 197.43 197.48 197.59 198.31 198.55 198.82 198.41 198.26 198.85 198.58 198.93 198.88 198.89 199.07 199.27 199.08 199.44 199.67 199.65 199.34 199.39 199.48 199.35 199.21 198.95 198.71 198.37 198.25 198.84 198.68 199.00 199.23 199.26 199.04 199.22 198.21 198.29 197.29 197.13 196.92 196.77 196.69 196.71 197.04 197.36 197.75 198.13 198.42 198.58 198.88 199.06 199.26 199.41 199.51 199.60 199.73 199.83 199.91 200.04 200.16 200.24 200.33 200.39 200.40 200.40 200.42 200.44 200.49 200.56 200.62 200.69 200.74 200.77 200.81 200.84 200.91 200.96 201.01 201.05 201.08 201.10 201.12 201.08 200.83 200.50 200.11 200.17 200.03 200.34 200.06 199.69 199.58 199.76 199.96 200.09 200.02 199.53 199.85 199.71 199.96 199.76 199.68 199.84 199.72 200.01 199.93 199.69 199.35 199.49 199.56 199.46 199.72 199.55 199.51 199.25 198.77 198.64 198.44 197.81 197.85 197.48 197.27 197.23 197.26 197.29 197.31 197.31 197.30 197.23 197.21 197.23 197.23 197.31 197.34 197.37 197.38 197.41 197.44 197.48 197.51 197.56 197.60 197.62 197.65 197.69 197.70 197.74 197.77 197.79 197.82 197.88 197.92 197.95 197.96
85°N ||     197.72 197.88 197.73 197.56 197.47 197.23 198.97 199.15 198.83 198.58 199.32 198.78 199.11 199.24 199.18 198.81 199.89 200.28 200.35 200.33 200.32 199.86 199.03 199.50 199.55 199.31 198.69 199.17 199.31 198.88 199.11 200.69 200.54 199.94 200.52 200.73 200.76 200.78 200.74 200.66 200.70 200.45 200.62 200.78 200.71 200.85 200.98 200.96 200.96 200.69 200.68 200.75 200.61 200.18 200.23 200.46 200.43 200.36 200.25 200.13 200.07 200.19 199.93 200.11 200.19 200.20 199.71 199.70 199.15 198.88 198.70 198.24 198.50 198.54 198.63 198.50 198.31 198.15 198.08 198.02 197.87 197.71 198.14 198.68 199.35 199.44 199.33 199.20 199.04 198.68 198.24 198.37 199.97 200.36 200.39 200.25 200.36 200.47 200.69 200.82 200.87 200.71 200.91 201.00 201.06 201.11 201.16 201.19 201.21 201.25 201.27 201.27 201.24 201.22 201.20 201.16 201.12 201.08 201.07 201.08 201.04 200.98 200.96 200.99 201.01 201.01 201.01 201.01 200.98 201.01 201.00 201.01 201.02 200.98 200.91 200.91 200.75 200.76 200.79 200.43 200.83 200.82 200.82 200.16 200.08 199.99 199.76 199.19 199.73 200.12 199.84 200.13 199.51 199.37 199.03 198.67 199.35 199.00 198.74 198.59 198.64 199.09 198.87 198.22 198.46 198.42 198.08 197.58 197.81 197.48 197.76 198.02 198.21 198.45 198.20 197.90 197.73 198.15 198.12 198.05
87°N ||     201.46 201.23 201.33 201.28 201.14 201.27 201.25 201.30 201.59 201.67 201.66 201.64 201.55 201.49 201.59 201.73 201.75 201.73 201.77 201.77 201.73 201.57 201.58 201.95 201.93 201.94 201.86 201.82 201.77 201.75 201.72 201.87 202.00 201.91 201.99 202.16 202.25 202.26 202.28 202.27 202.17 202.21 202.06 202.11 202.19 202.36 202.38 202.42 202.36 202.29 202.30 202.31 202.27 202.24 202.09 201.90 201.89 201.79 201.72 201.73 201.83 201.91 201.93 201.97 201.99 202.00 202.03 202.00 201.96 201.89 201.53 200.97 200.88 201.05 201.09 201.21 201.03 201.19 201.25 201.10 201.32 201.43 201.47 201.48 201.37 201.49 201.40 201.17 201.37 201.22 201.52 201.62 201.54 201.68 201.81 201.83 201.76 201.78 201.68 201.72 201.82 201.96 201.94 201.82 201.81 202.00 202.04 202.08 202.13 202.16 202.17 202.10 202.17 202.15 202.12 202.09 202.06 202.00 202.05 201.78 202.11 202.06 202.00 201.92 201.71 201.60 201.91 201.92 201.81 201.80 201.67 201.84 202.07 202.06 202.06 202.07 202.06 201.98 201.83 201.81 201.80 201.77 201.73 201.78 201.68 201.68 201.66 201.74 201.86 201.99 201.87 201.99 201.80 201.88 202.06 202.04 201.99 201.50 201.70 201.55 201.74 201.35 201.35 201.16 201.18 201.13 201.27 201.35 201.30 201.27 201.33 201.18 201.07 201.10 201.08 201.04 201.20 201.11 200.97 201.24
89°N ||     202.61 202.63 202.61 202.55 202.55 202.72 202.73 202.81 202.82 202.81 202.81 202.83 202.83 202.84 202.84 202.85 202.86 202.88 202.87 202.87 202.89 202.88 202.85 202.87 202.87 202.86 202.89 202.93 202.96 202.99 203.01 203.03 203.04 203.06 203.07 203.08 203.08 203.10 203.10 203.11 203.11 203.11 203.12 203.12 203.13 203.13 203.13 203.13 203.13 203.12 203.11 203.09 203.07 203.05 203.02 202.98 202.96 202.95 202.92 202.93 202.94 202.91 202.90 202.89 202.88 202.85 202.84 202.83 202.83 202.82 202.81 202.80 202.78 202.76 202.74 202.72 202.70 202.69 202.65 202.63 202.65 202.66 202.66 202.63 202.66 202.62 202.62 202.64 202.63 202.64 202.64 202.60 202.55 202.57 202.61 202.66 202.68 202.64 202.53 202.50 202.56 202.66 202.66 202.68 202.70 202.72 202.73 202.75 202.77 202.79 202.79 202.80 202.81 202.82 202.83 202.84 202.85 202.85 202.86 202.86 202.86 202.86 202.87 202.86 202.84 202.85 202.86 202.87 202.89 202.90 202.90 202.91 202.92 202.92 202.94 202.96 202.98 203.00 203.02 203.03 203.04 203.04 203.04 203.04 203.04 203.05 203.04 203.03 203.03 203.02 203.00 202.98 202.96 202.94 202.91 202.89 202.86 202.83 202.86 202.89 202.89 202.88 202.86 202.86 202.88 202.87 202.86 202.86 202.84 202.83 202.80 202.79 202.77 202.75 202.73 202.72 202.69 202.67 202.67 202.64
