Mars Surface Radiation Result (absorbed dose in thin silicon slab) (1E-6 Gy/day).
Column 1 is East longitude (°)
Line 1 is North latitude (°)

-179  -177  -175  -173  -171  -169  -167  -165  -163  -161  -159  -157  -155  -153  -151  -149  -147  -145  -143  -141  -139  -137  -135  -133  -131  -129  -127  -125  -123  -121  -119  -117  -115  -113  -111  -109  -107  -105  -103  -101  -99  -97  -95  -93  -91  -89  -87  -85  -83  -81  -79  -77  -75  -73  -71  -69  -67  -65  -63  -61  -59  -57  -55  -53  -51  -49  -47  -45  -43  -41  -39  -37  -35  -33  -31  -29  -27  -25  -23  -21  -19  -17  -15  -13  -11  -9  -7  -5  -3  -1  1  3  5  7  9  11  13  15  17  19  21  23  25  27  29  31  33  35  37  39  41  43  45  47  49  51  53  55  57  59  61  63  65  67  69  71  73  75  77  79  81  83  85  87  89  91  93  95  97  99  101  103  105  107  109  111  113  115  117  119  121  123  125  127  129  131  133  135  137  139  141  143  145  147  149  151  153  155  157  159  161  163  165  167  169  171  173  175  177  179  
--------------------------------------------------------------------------------------------------
-89°N ||     142.14 142.18 142.22 142.23 142.23 142.23 142.23 142.25 142.28 142.32 142.47 142.52 142.49 142.55 142.74 142.84 142.88 142.95 142.97 142.86 142.80 142.95 142.97 142.93 142.87 142.85 142.80 142.81 142.90 142.87 142.96 143.07 143.01 142.94 143.05 142.96 142.87 142.80 142.73 142.68 142.63 142.56 142.50 142.48 142.46 142.46 142.45 142.45 142.44 142.43 142.40 142.40 142.37 142.36 142.35 142.35 142.28 142.25 142.23 142.22 142.20 142.18 142.17 142.14 142.15 142.18 142.20 142.08 142.04 142.05 141.98 141.96 141.96 141.96 141.92 141.90 141.88 141.87 141.86 141.86 141.85 141.86 141.86 141.85 141.86 141.87 141.86 141.86 141.85 141.86 141.87 141.90 141.92 141.93 141.93 141.94 141.93 141.94 141.96 141.96 141.94 141.94 141.92 141.92 141.93 141.94 141.95 141.96 141.97 141.97 141.99 141.97 141.94 141.96 142.00 142.03 142.02 142.02 142.03 142.05 142.06 142.08 142.09 142.11 142.15 142.18 142.18 142.21 142.23 142.25 142.26 142.27 142.28 142.30 142.31 142.34 142.35 142.35 142.34 142.35 142.30 142.30 142.28 142.25 142.26 142.25 142.25 142.22 142.19 142.16 142.16 142.14 142.14 142.10 142.08 142.06 142.05 142.04 142.03 142.04 142.04 142.04 142.03 142.02 142.02 142.02 142.02 142.03 142.03 142.03 142.04 142.05 142.05 142.06 142.06 142.09 142.11 142.12 142.12 142.14
-87°N ||     144.12 144.19 144.21 144.34 144.31 144.38 144.28 144.28 144.26 144.17 144.17 144.16 144.04 143.91 143.85 143.83 143.85 143.86 143.85 143.81 143.81 143.87 144.01 144.06 144.04 143.99 144.00 143.90 143.99 143.83 144.08 144.10 143.93 143.92 143.90 143.89 143.83 143.77 143.82 143.83 143.79 143.84 143.79 143.76 143.72 143.69 143.68 143.61 143.57 143.51 143.37 143.52 143.33 143.06 143.09 143.02 142.90 142.77 142.71 142.68 142.83 142.34 142.39 142.15 142.08 142.06 142.01 141.99 141.97 141.94 141.85 141.79 141.84 141.83 141.58 141.53 141.46 141.38 141.34 141.48 141.21 141.04 141.02 140.94 140.91 140.92 140.94 140.96 140.99 141.01 141.05 141.07 141.09 141.10 141.11 141.48 141.38 141.55 141.45 141.66 141.66 141.66 141.73 141.74 141.78 141.86 141.93 142.08 142.17 142.23 142.10 142.09 142.12 142.14 142.16 142.16 142.21 142.25 142.32 142.32 142.39 142.44 142.46 142.51 142.59 142.58 142.59 142.67 142.74 142.73 142.80 142.81 142.83 142.89 143.02 143.17 143.28 143.43 143.35 143.16 143.01 142.96 142.92 142.88 142.83 142.82 142.77 142.52 142.50 142.47 142.47 142.48 142.52 142.51 142.51 142.52 142.59 142.70 142.79 142.79 142.87 142.95 143.05 143.09 143.22 143.32 143.42 143.46 143.59 143.62 143.79 143.79 143.81 143.80 143.90 143.81 143.57 143.72 144.12 144.35
-85°N ||     143.53 143.53 143.54 143.55 143.56 143.56 143.58 143.64 143.64 143.64 143.65 143.66 143.67 143.74 143.67 143.59 143.60 143.72 143.71 143.72 143.72 143.75 143.78 143.80 143.79 143.80 143.85 143.97 144.04 144.20 144.56 144.60 144.58 144.57 144.62 144.43 144.63 144.49 144.45 144.41 144.66 144.95 144.88 144.89 144.65 144.61 144.49 144.38 144.29 144.20 144.23 144.11 144.09 144.05 144.31 144.39 144.09 143.90 143.97 144.36 144.18 143.24 143.09 143.13 143.25 143.34 143.19 143.28 143.27 142.86 142.97 142.83 142.54 142.46 142.52 142.27 142.58 142.83 143.09 142.74 142.57 142.48 142.54 142.54 142.63 142.49 142.42 142.29 142.27 142.39 142.28 142.31 142.43 142.42 142.42 142.43 142.44 142.49 142.55 142.67 142.64 142.75 143.04 143.34 143.26 143.22 143.20 143.22 143.19 143.26 143.35 143.42 143.48 143.56 143.33 143.39 143.51 143.53 143.45 143.35 143.33 143.37 143.41 143.51 143.63 143.72 143.73 143.66 143.66 143.61 143.56 143.53 143.49 143.51 143.55 143.68 144.28 145.51 145.96 145.66 144.95 144.61 144.47 144.49 143.99 143.73 143.62 143.50 143.56 143.62 143.49 143.52 143.57 143.71 143.89 143.96 144.01 144.04 144.01 144.02 144.00 143.82 143.66 143.59 143.56 143.67 143.73 143.81 143.94 144.14 143.88 143.94 143.88 143.81 143.74 143.72 143.71 143.71 143.59 143.54
-83°N ||     143.60 143.62 143.64 143.66 143.67 143.68 143.70 143.72 143.75 143.77 143.80 143.84 143.87 143.90 143.89 143.90 143.91 143.95 143.99 144.02 144.05 144.09 144.13 144.18 144.23 144.30 144.35 144.42 144.53 144.68 144.61 144.45 144.43 144.38 144.51 144.62 144.59 144.53 144.61 144.68 144.41 144.40 144.41 144.42 144.44 144.47 144.45 145.01 145.14 145.24 145.14 145.17 145.08 145.07 145.09 145.05 144.99 145.31 145.44 145.47 144.97 145.33 145.22 145.09 145.49 145.17 145.20 145.16 145.60 145.21 145.53 145.80 146.01 146.01 145.82 145.64 145.69 145.68 145.65 145.74 145.69 145.64 145.45 145.48 145.50 145.40 145.31 145.28 145.33 145.32 145.02 145.01 145.13 145.56 145.05 144.95 144.83 144.77 144.82 144.67 144.91 144.34 144.52 144.24 144.69 144.97 145.04 144.77 144.65 144.67 144.71 144.86 145.17 145.29 145.40 145.37 144.91 144.92 144.82 144.79 144.70 144.69 144.34 144.25 144.32 144.38 144.37 144.22 144.21 144.37 144.30 144.32 144.51 144.54 144.78 145.44 146.37 146.29 146.33 146.31 146.31 144.93 144.76 144.81 144.76 144.89 144.84 144.75 144.72 144.71 144.64 144.50 144.37 144.30 144.25 144.11 144.06 144.12 144.47 144.89 145.43 145.70 145.16 144.54 143.71 143.71 143.39 143.31 143.28 143.32 143.48 143.71 144.22 144.17 143.84 143.62 143.54 143.51 143.53 143.57
-81°N ||     143.95 144.03 144.04 144.20 143.93 144.01 144.06 144.11 144.18 144.24 144.32 144.40 144.59 144.64 144.41 144.41 144.46 144.53 144.57 144.61 144.66 144.71 144.73 144.78 144.82 144.88 144.96 145.00 145.04 145.08 145.14 145.33 145.30 145.34 145.48 145.41 145.16 145.20 145.17 145.21 145.41 145.23 144.86 144.92 144.73 144.58 144.65 144.86 144.93 144.81 145.00 144.90 145.16 146.15 145.79 146.02 146.33 145.76 146.32 146.24 145.86 146.00 146.08 146.05 146.08 146.04 146.12 146.12 146.02 145.91 146.03 145.83 145.62 145.64 145.66 145.69 145.64 145.65 145.60 145.62 146.11 145.50 145.31 145.26 145.22 145.25 145.23 145.23 145.20 145.18 145.16 145.18 145.05 144.84 144.62 144.29 143.61 142.90 143.75 143.90 144.41 144.78 144.73 144.87 145.22 145.47 145.63 145.90 145.85 145.71 145.44 145.80 145.96 146.12 146.12 146.22 146.26 146.36 146.32 146.31 146.27 146.33 146.25 146.16 146.14 146.19 145.70 145.74 145.82 145.91 145.99 146.27 146.35 146.47 146.53 146.51 146.49 145.74 144.78 144.56 144.50 144.42 144.37 144.55 144.63 144.64 144.56 144.72 144.82 144.92 145.08 145.18 145.30 145.03 145.17 145.45 145.64 145.26 145.10 145.15 145.71 145.44 145.05 145.04 145.20 145.14 145.63 144.86 143.99 143.67 143.72 143.89 144.03 144.27 144.61 143.85 143.98 143.98 143.77 143.84
-79°N ||     144.36 144.42 144.44 144.57 144.55 144.51 144.52 144.56 144.58 144.81 144.66 144.77 144.84 144.87 144.98 145.15 145.06 145.34 144.96 145.21 145.05 145.09 145.06 145.61 146.13 144.92 145.45 146.04 145.81 145.94 145.85 145.86 145.83 145.85 145.91 145.94 145.94 145.92 145.81 145.76 145.77 145.49 146.20 146.33 145.19 145.40 145.38 145.23 145.18 145.53 145.83 145.47 146.34 146.13 146.23 146.46 146.75 145.26 146.03 145.46 146.33 146.03 145.30 145.82 145.86 146.26 146.31 146.23 146.20 146.16 146.10 146.13 146.11 146.13 146.10 146.06 146.10 146.15 146.10 145.84 145.95 146.15 145.83 145.79 145.81 146.06 145.65 145.86 145.67 145.71 145.77 145.62 145.53 145.17 144.28 144.27 143.83 144.34 144.94 145.29 145.21 145.52 145.57 145.67 145.77 146.05 145.82 145.95 145.65 145.97 145.48 145.83 145.63 145.63 145.23 145.12 145.96 146.17 146.50 146.57 146.64 146.62 146.65 146.63 146.68 146.64 146.58 146.64 146.61 146.66 146.59 146.57 146.67 146.64 146.65 146.66 146.75 146.77 146.69 146.69 146.69 146.74 146.34 145.84 146.07 145.38 144.80 144.79 144.78 144.67 144.75 144.88 145.35 146.74 146.55 145.46 145.23 145.88 144.49 144.52 145.23 144.59 144.25 144.10 144.03 144.15 143.98 144.41 144.11 144.07 144.09 144.16 144.30 143.96 143.86 144.00 144.12 144.24 144.25 144.27
-77°N ||     145.32 145.00 144.92 144.89 144.79 145.11 145.06 145.47 145.42 145.48 145.46 145.50 145.90 145.67 145.61 145.69 145.82 145.83 145.95 145.75 145.67 145.73 145.67 145.79 145.71 145.86 146.10 146.21 146.03 146.16 146.12 146.15 146.15 146.14 146.13 146.16 146.12 146.15 146.12 146.12 146.10 146.13 146.04 145.87 145.79 145.53 144.94 145.74 144.83 145.14 146.05 145.81 145.64 145.07 145.27 145.51 145.70 145.65 145.82 145.79 146.13 146.34 146.12 146.21 146.45 146.50 146.48 146.52 146.53 146.48 146.44 146.41 146.35 146.37 146.33 146.33 146.31 146.20 145.95 145.97 145.89 145.73 145.67 145.49 145.76 145.98 145.82 145.86 145.63 145.77 145.78 145.70 145.29 145.10 144.94 144.75 144.22 143.81 145.06 146.36 146.80 147.00 147.00 145.63 145.95 145.81 145.84 146.04 145.72 146.10 145.79 145.73 145.65 146.14 146.57 146.35 145.72 145.57 145.10 144.84 144.73 144.31 144.16 144.76 145.46 146.00 146.35 146.33 146.22 145.98 145.33 146.08 146.29 145.48 146.13 146.37 146.73 146.60 146.30 146.17 145.79 145.83 145.59 146.11 146.80 146.72 146.52 146.36 145.54 145.59 145.68 144.79 145.58 145.96 145.96 144.97 144.55 144.64 144.37 144.41 144.52 144.33 144.33 144.62 144.48 144.42 144.56 144.66 144.71 144.68 144.56 144.68 144.94 144.56 144.59 144.66 144.89 145.07 145.19 144.97
-75°N ||     145.63 145.75 145.49 145.65 145.44 145.42 145.56 146.39 145.83 145.75 146.89 147.27 146.04 146.21 146.21 146.34 146.08 146.21 146.20 145.98 145.98 146.26 146.27 146.46 146.27 146.36 146.41 146.44 146.40 146.36 146.37 146.34 146.38 146.32 145.81 146.24 146.25 146.24 146.21 146.20 146.13 146.07 146.08 146.09 146.15 146.22 146.13 146.02 145.79 145.65 145.77 145.16 145.01 145.45 146.07 146.18 146.10 146.49 146.67 146.72 146.76 146.74 146.68 146.63 146.60 146.60 146.57 146.34 146.56 146.44 146.27 146.09 146.05 145.86 145.79 145.89 145.80 146.02 145.82 145.84 145.92 145.97 146.08 145.86 146.24 145.97 145.96 146.15 145.95 145.95 145.83 145.49 145.34 145.68 145.85 145.88 145.90 145.91 145.99 145.83 145.64 145.76 145.76 145.71 146.06 146.14 146.14 145.96 145.92 145.78 145.67 145.47 144.94 145.17 145.32 144.73 145.17 145.02 144.77 144.96 144.68 144.62 145.42 145.77 145.55 145.49 146.77 145.09 145.32 145.33 145.47 146.04 145.93 145.78 145.70 145.47 145.82 144.69 144.28 143.81 143.75 144.47 147.05 146.85 146.96 145.54 146.29 145.57 146.45 146.83 146.68 146.60 146.52 146.55 146.67 145.35 144.12 144.06 144.04 144.05 144.02 144.20 144.95 144.81 145.03 144.33 144.41 144.62 144.71 144.71 144.81 144.82 144.87 145.16 145.18 145.26 145.41 145.34 145.41 145.47
-73°N ||     146.98 145.65 146.42 146.41 146.28 145.92 146.79 146.43 146.47 146.46 145.97 145.60 146.72 145.91 146.25 146.47 146.41 146.40 146.32 146.17 145.99 145.58 146.78 145.34 145.63 146.62 146.33 146.30 146.33 146.40 146.42 146.41 146.52 146.09 146.01 145.63 145.90 146.33 146.19 146.26 146.25 146.29 146.18 146.24 146.29 146.28 146.29 146.00 146.66 147.69 147.68 147.85 147.80 146.02 146.64 146.66 146.86 146.92 146.95 146.98 146.99 146.97 146.89 146.79 146.84 146.40 146.58 146.81 146.84 146.84 146.77 146.46 146.21 146.35 146.19 146.07 145.98 146.12 146.37 145.93 145.94 145.96 146.01 146.39 146.19 146.48 146.64 146.59 146.46 146.52 146.11 146.06 145.65 146.08 146.05 146.18 146.38 146.41 146.40 146.38 146.42 146.42 146.51 146.46 146.37 146.30 146.45 145.91 145.81 145.64 145.13 144.71 144.99 145.49 145.98 145.65 145.88 145.74 145.86 145.44 145.61 145.16 144.93 144.82 145.18 145.12 145.52 145.57 145.90 145.85 145.80 145.93 145.98 146.10 146.22 146.23 146.21 146.36 145.95 145.51 146.01 144.45 144.67 145.37 145.49 145.54 145.63 145.93 146.72 146.36 146.11 145.15 146.07 146.60 146.95 147.11 146.38 145.18 144.17 144.65 144.36 144.71 145.30 145.40 144.59 144.93 145.45 145.62 145.44 145.89 146.85 146.56 146.09 145.93 145.95 145.87 146.07 145.83 145.89 146.85
-71°N ||     146.80 146.86 146.99 147.07 147.16 147.37 147.53 147.44 147.47 147.50 147.50 146.71 145.92 145.55 144.78 144.80 145.60 145.80 147.07 146.08 146.16 145.95 145.70 145.79 147.87 146.49 146.48 146.52 146.38 146.13 146.23 146.10 146.09 146.32 146.22 146.17 146.08 146.45 146.25 146.27 146.43 146.23 146.40 146.29 146.34 146.38 146.04 145.81 145.88 146.94 147.72 147.56 147.89 145.81 146.83 147.00 147.07 147.14 147.06 147.09 147.17 146.79 146.64 146.78 146.93 147.03 147.10 146.89 146.91 145.89 146.23 146.46 146.29 146.49 146.15 146.38 146.18 145.63 145.40 145.23 145.12 146.26 146.22 146.21 146.43 146.46 146.63 146.40 146.71 146.52 147.11 146.98 146.50 146.60 146.58 146.38 146.28 145.56 146.26 146.60 146.77 146.44 146.49 146.50 146.48 146.54 146.11 145.10 145.42 145.81 145.86 145.98 145.99 146.19 146.21 146.09 146.39 146.17 146.31 146.41 146.31 146.55 146.58 146.33 146.53 146.10 145.39 145.65 147.09 147.08 145.90 146.11 145.87 144.57 145.49 145.73 145.86 145.35 144.97 145.36 145.85 145.17 146.17 146.33 146.65 146.68 146.63 146.27 146.27 146.50 146.84 146.72 147.02 146.78 147.71 147.92 147.85 147.45 147.00 146.70 147.01 146.78 146.52 146.94 147.17 147.09 147.07 146.86 146.68 147.26 146.76 147.13 146.99 147.03 146.38 146.37 146.44 146.55 146.10 146.74
-69°N ||     146.12 146.21 146.64 146.94 146.42 148.05 147.85 147.49 147.67 147.64 147.60 147.36 146.63 146.76 146.26 146.49 145.14 145.37 145.85 146.39 146.82 146.53 146.21 146.09 145.92 146.71 146.42 146.60 146.15 146.84 145.73 145.82 145.71 146.04 146.08 146.19 146.51 146.54 146.65 146.64 146.73 146.64 146.60 146.67 146.67 147.32 146.43 146.79 146.79 146.76 146.82 146.98 146.98 147.11 147.14 147.06 147.11 147.14 146.89 146.89 146.66 147.11 147.07 147.25 147.09 146.83 146.14 146.19 146.27 146.27 146.22 146.39 146.36 146.61 146.74 146.99 146.79 146.12 145.51 145.83 146.00 146.54 146.55 146.06 146.04 145.78 145.86 145.81 146.13 146.45 146.48 146.63 145.61 146.67 146.76 146.66 146.83 146.82 146.80 146.86 146.80 146.75 146.83 146.73 146.46 146.10 145.27 146.57 146.80 146.65 146.43 146.21 146.32 146.17 146.33 145.76 145.69 146.33 146.79 147.02 147.24 147.07 147.11 147.21 147.19 147.08 146.63 146.14 145.81 145.84 146.42 146.26 146.22 146.22 147.29 145.98 144.52 144.95 145.12 145.26 145.49 145.48 145.03 145.17 145.78 146.32 146.47 146.15 146.72 146.83 146.82 146.93 146.35 144.38 146.82 147.75 147.56 145.07 147.77 147.66 147.58 147.30 147.21 147.12 146.81 146.48 146.19 146.30 145.41 145.10 146.24 146.98 146.90 146.67 146.49 146.30 146.18 146.06 146.32 146.30
-67°N ||     147.86 146.10 145.79 146.67 146.70 146.82 146.86 147.51 147.57 147.70 147.76 147.77 147.59 147.44 147.03 146.68 146.31 145.77 145.67 145.34 145.32 145.00 145.40 145.43 145.87 145.83 145.68 145.58 146.20 145.28 145.30 145.35 146.02 147.76 145.88 146.16 146.18 147.04 146.63 146.66 146.77 146.76 146.71 146.73 146.74 146.80 146.75 146.88 146.89 146.82 146.86 146.98 147.02 147.02 146.92 147.11 147.29 147.13 147.22 147.10 146.46 146.92 147.20 147.19 146.89 146.65 148.20 148.21 148.06 146.32 146.51 146.58 146.66 146.90 147.09 146.65 146.25 145.63 145.71 145.36 145.73 145.76 146.21 146.13 146.51 146.38 146.52 146.55 146.53 146.53 146.58 146.77 146.67 146.84 146.78 146.92 146.78 146.72 146.74 146.53 146.55 145.72 145.48 145.53 145.12 145.74 147.25 147.81 147.75 147.24 147.10 146.58 146.62 146.19 146.37 146.24 146.68 146.86 147.18 147.22 147.18 147.16 147.23 147.22 147.13 147.41 147.39 147.56 147.59 147.02 146.15 145.41 146.12 146.36 145.47 145.27 145.14 144.69 145.34 144.45 144.75 145.21 145.22 146.32 145.96 145.88 145.30 145.68 146.22 146.62 146.98 147.12 146.80 147.03 147.18 147.24 147.29 147.24 146.90 147.12 147.06 147.14 146.91 146.64 146.97 146.90 146.91 146.89 146.82 146.30 147.06 146.77 146.70 146.45 145.89 146.61 145.81 145.78 145.85 146.42
-65°N ||     146.33 145.85 145.46 145.99 146.04 147.09 147.18 147.65 147.58 147.66 147.64 147.78 147.79 147.80 147.70 147.50 147.34 147.27 147.16 146.78 146.17 146.01 146.10 145.84 146.27 146.17 145.77 146.67 146.49 145.82 145.56 145.93 145.66 145.95 146.18 146.34 146.37 146.46 146.48 146.73 146.76 146.88 146.91 146.92 147.02 147.05 147.01 146.99 147.02 147.00 146.87 146.76 146.65 146.78 146.95 147.11 147.11 147.12 146.97 145.92 147.11 147.32 147.51 147.71 146.95 147.32 147.15 147.22 146.70 146.62 146.89 146.75 146.85 147.02 147.28 147.14 146.57 146.35 145.91 145.52 145.56 145.93 146.95 146.32 146.54 146.58 146.58 146.48 146.18 146.64 146.64 146.68 146.62 146.83 146.59 146.86 147.16 146.96 146.64 146.74 146.44 146.48 146.32 146.19 145.73 146.10 145.91 146.20 146.32 146.16 146.11 145.93 146.05 146.70 147.05 147.62 147.57 147.36 147.15 147.02 147.02 147.24 147.44 147.39 147.55 147.48 147.43 147.51 147.50 147.65 146.46 146.40 146.35 146.21 147.95 145.64 145.60 145.75 146.31 144.93 144.89 144.92 145.52 145.56 145.62 145.11 144.95 146.43 146.09 145.67 146.71 146.53 146.42 147.06 147.03 145.23 145.98 146.22 146.96 146.59 145.85 146.05 147.00 146.54 146.85 147.20 147.00 147.10 147.04 146.98 146.55 146.43 146.22 145.47 146.66 146.95 146.42 146.22 145.75 145.62
-63°N ||     146.37 146.34 146.82 145.99 145.63 146.19 146.87 147.00 147.33 147.24 147.58 147.39 147.69 147.65 147.68 147.52 147.62 147.66 147.58 147.01 146.35 146.32 145.98 146.11 146.00 146.18 146.19 145.96 145.89 145.99 145.91 146.09 146.39 146.41 146.36 146.07 145.84 146.27 146.76 146.41 146.96 146.55 146.30 146.79 146.85 146.80 146.55 146.94 146.83 146.80 146.53 146.62 146.92 147.37 147.02 146.18 146.72 147.45 147.26 147.32 147.23 147.21 147.38 147.64 148.02 147.75 146.91 147.81 146.76 147.41 147.11 146.87 146.93 146.78 146.91 147.53 147.71 147.59 147.50 147.04 146.80 146.33 146.45 146.43 146.46 146.52 146.69 146.69 146.70 146.64 146.61 146.64 146.78 146.69 146.75 146.51 146.69 146.78 146.57 146.90 146.94 146.57 146.66 146.91 146.72 146.40 146.15 145.84 145.87 145.57 146.17 146.31 146.72 147.41 147.88 147.94 147.96 147.70 147.46 147.36 147.29 147.24 147.31 147.36 147.64 147.72 147.59 147.54 147.58 147.65 147.43 146.69 146.55 146.91 146.39 145.83 145.52 145.75 145.54 144.57 146.81 145.30 146.09 145.96 145.93 145.54 145.35 145.13 144.82 145.31 145.77 146.28 146.04 146.16 146.62 147.07 147.39 147.42 147.07 146.93 146.28 146.40 146.67 146.66 146.52 145.40 145.33 145.78 146.42 146.80 146.97 147.06 146.82 147.17 147.12 145.95 146.55 146.68 146.61 146.89
-61°N ||     147.36 146.11 145.60 146.39 146.80 147.06 147.03 146.15 146.31 146.59 146.00 146.32 147.06 146.33 148.11 146.45 146.96 146.88 147.53 147.19 147.08 147.03 147.06 146.25 146.02 145.76 147.05 146.69 145.99 146.12 146.72 147.12 147.16 147.00 146.97 146.59 146.11 146.38 146.28 146.26 146.82 145.89 146.44 146.85 146.46 145.22 147.12 147.33 147.38 147.29 147.25 147.44 147.40 146.96 146.42 147.65 147.65 147.36 147.65 147.61 147.52 147.29 147.44 147.53 147.84 148.11 147.89 147.17 148.02 148.04 147.86 147.53 146.42 147.36 147.62 147.05 147.00 147.14 146.99 146.65 145.55 145.58 146.46 146.81 146.50 146.40 146.24 146.62 146.78 146.74 146.82 146.71 146.74 146.97 146.84 146.91 146.85 146.62 146.79 146.94 147.04 146.85 146.75 146.73 146.00 146.73 146.60 146.62 146.63 146.76 146.88 146.95 147.07 147.31 147.63 147.68 147.07 146.99 147.07 146.78 148.19 147.65 146.84 147.16 147.41 147.51 147.75 147.85 147.46 147.76 148.14 147.91 145.06 147.70 147.53 147.29 145.84 146.13 146.11 146.67 145.62 145.52 145.43 145.56 145.64 145.51 145.51 145.21 145.52 145.35 145.62 145.57 145.69 145.86 145.93 147.28 147.89 147.89 147.88 147.73 147.50 147.18 146.90 146.62 146.55 146.09 145.57 145.90 146.03 144.78 145.79 146.76 146.93 146.57 145.27 145.73 145.99 147.14 147.19 147.14
-59°N ||     147.54 146.90 146.65 147.04 147.10 146.85 145.21 146.14 146.42 146.11 146.78 146.12 146.44 145.38 146.70 147.13 146.85 147.02 146.63 147.02 147.23 147.26 146.89 146.70 145.64 146.20 146.45 146.53 147.05 146.18 146.46 147.31 147.42 147.02 147.36 147.08 146.41 145.76 145.59 145.81 146.19 146.93 147.31 147.26 147.16 146.71 147.37 147.54 147.75 147.73 147.74 147.74 147.80 147.84 147.50 147.26 147.41 147.18 147.56 147.70 147.31 146.90 147.40 147.59 146.79 147.97 146.70 147.65 148.01 146.19 146.67 147.52 148.15 147.36 147.97 147.19 147.26 146.89 146.62 146.69 145.96 146.10 146.51 146.20 146.27 146.83 146.61 146.54 147.05 145.48 146.64 146.95 147.05 146.91 147.44 146.66 146.56 146.59 147.83 146.51 146.40 146.95 146.74 146.77 146.86 146.91 146.86 146.75 146.71 147.11 147.19 147.43 147.51 147.50 147.27 146.76 146.80 146.94 146.48 145.91 145.97 146.00 146.89 147.43 147.91 148.02 148.10 148.02 148.09 148.20 148.07 148.05 147.74 147.53 147.66 147.40 146.81 145.41 144.76 145.17 147.75 147.53 144.87 144.90 146.67 145.30 145.45 144.61 145.39 145.83 145.12 145.21 145.92 146.82 147.20 147.47 147.70 147.62 147.75 147.75 147.72 147.64 147.50 147.31 146.77 146.36 145.92 145.83 146.11 145.85 147.17 145.07 146.06 146.33 145.92 146.77 147.05 146.79 147.16 147.35
-57°N ||     147.34 147.40 147.61 147.91 147.43 145.80 146.35 146.14 145.59 145.68 145.83 147.89 145.76 145.92 145.40 145.51 146.40 147.02 146.47 146.32 147.81 146.39 146.44 146.41 145.45 146.30 146.64 146.61 146.55 145.52 144.85 147.37 147.09 147.23 147.22 146.85 147.02 146.32 146.08 146.17 145.91 146.64 146.92 147.09 147.21 146.85 146.26 146.15 147.22 147.79 147.82 147.89 147.72 147.71 147.45 146.64 146.40 146.42 146.05 145.83 146.65 148.00 147.03 146.31 147.53 148.07 147.85 146.79 146.84 144.68 147.95 147.03 146.53 147.44 146.96 148.05 148.18 148.00 147.59 148.21 148.23 147.52 146.61 146.72 147.03 146.67 146.76 146.43 146.36 146.78 146.87 146.97 146.59 146.18 146.20 146.12 146.14 146.26 146.81 146.25 145.91 146.11 146.10 146.17 146.12 146.91 146.94 147.15 147.33 147.47 147.59 147.73 147.87 147.90 147.78 147.41 147.55 147.54 147.72 147.34 147.19 147.46 147.98 148.19 148.17 148.18 148.17 148.18 148.16 147.71 148.22 148.18 147.97 148.04 148.09 148.00 147.92 147.47 145.15 146.56 147.76 148.01 145.53 145.80 146.53 146.31 145.81 145.49 145.43 145.87 146.43 146.64 146.85 146.54 147.11 146.84 147.47 146.76 145.67 145.99 147.55 147.70 147.63 147.27 146.74 146.37 146.01 145.99 146.11 146.02 145.63 145.46 146.10 146.20 147.40 146.07 146.05 146.19 146.58 147.24
-55°N ||     147.47 147.51 147.66 147.73 147.03 146.97 146.87 146.32 146.08 146.75 146.71 146.58 146.33 146.44 145.95 146.28 146.98 146.90 146.93 146.87 146.20 145.31 145.29 147.77 145.23 146.36 146.81 146.82 146.79 146.42 146.12 147.24 147.23 147.10 147.31 146.89 146.55 146.21 145.71 145.58 145.72 145.56 145.47 145.73 146.73 146.33 146.10 146.54 147.22 147.52 147.82 147.85 147.89 147.34 146.85 145.67 146.13 145.53 145.91 147.94 146.53 148.13 148.04 147.76 146.53 146.64 146.39 146.31 146.48 146.45 146.41 147.49 145.97 146.86 147.91 147.21 147.21 148.08 147.95 147.87 147.28 146.90 147.09 147.06 146.93 146.73 146.75 146.43 146.60 146.20 146.51 146.76 147.08 146.65 146.77 147.30 148.12 146.78 146.72 146.85 146.82 146.72 145.96 146.15 145.90 146.23 147.17 147.28 147.53 147.74 147.88 147.99 148.15 148.22 148.21 148.20 148.16 148.06 148.02 147.56 147.09 146.88 146.75 146.62 146.49 146.77 147.13 147.18 146.49 147.61 148.04 148.10 148.11 148.08 148.23 148.21 146.54 147.61 147.44 147.03 146.80 146.58 146.75 146.83 145.44 146.01 146.17 146.16 146.60 146.97 147.39 147.40 147.70 147.82 146.90 147.13 147.39 145.69 145.92 147.71 147.34 147.09 146.86 146.94 146.45 146.29 146.50 146.75 147.08 146.80 146.79 145.97 146.94 146.44 146.11 146.20 146.49 147.02 147.05 147.38
-53°N ||     147.56 147.08 147.18 147.86 148.09 146.26 147.24 147.39 147.36 147.10 147.28 146.65 146.36 146.82 146.79 146.79 146.44 146.93 146.82 146.96 146.80 145.94 145.51 146.93 146.36 146.71 147.93 146.66 146.90 146.66 147.07 146.92 146.94 147.18 147.05 147.04 146.98 145.96 145.58 145.56 145.43 145.60 146.19 146.45 146.73 146.91 147.09 147.00 147.82 148.16 146.56 146.69 147.08 146.78 146.93 147.55 147.31 146.35 146.20 147.36 146.62 148.16 148.04 147.84 146.20 146.19 146.42 146.41 146.37 146.34 146.35 146.53 147.39 148.03 147.78 147.60 147.95 148.16 147.48 147.76 147.96 147.79 147.63 147.39 147.09 148.03 147.23 146.76 146.97 147.02 146.62 146.52 146.35 146.96 146.24 146.04 146.49 146.62 146.75 146.58 146.78 146.90 146.30 145.33 146.97 146.66 146.89 147.29 147.43 147.50 147.99 148.12 148.23 148.15 148.04 147.71 147.03 146.73 146.26 146.37 146.77 147.23 147.45 147.55 147.60 147.06 146.88 146.96 146.97 146.91 146.24 147.54 147.46 146.91 148.19 148.11 148.16 148.21 147.10 147.12 147.34 146.74 146.86 146.39 146.63 147.49 146.50 146.51 146.62 146.31 146.66 147.16 147.64 147.86 148.21 147.51 147.34 145.47 147.75 147.29 147.50 147.54 147.55 147.13 146.80 146.74 146.32 146.80 146.01 146.79 147.09 146.23 145.49 145.49 146.25 147.01 147.08 147.20 147.48 147.54
-51°N ||     147.45 147.26 146.86 146.98 147.68 147.49 147.36 146.39 147.58 147.00 146.57 146.91 146.72 147.03 146.82 146.70 146.82 145.99 146.65 146.75 146.49 146.05 145.49 145.27 144.88 146.41 145.98 146.46 146.84 146.85 146.70 146.95 146.58 146.45 146.72 146.38 146.43 146.26 145.94 145.02 145.00 144.80 145.25 146.51 146.75 146.98 147.09 146.61 147.89 148.20 146.53 146.54 145.94 145.57 146.83 147.94 148.10 148.07 147.01 146.25 146.23 146.45 147.99 146.64 146.26 146.56 146.41 146.43 146.41 146.41 146.40 146.52 147.43 147.32 146.93 146.32 147.94 148.03 147.65 147.69 147.86 147.76 147.29 147.03 146.72 147.35 146.44 146.61 146.94 146.90 146.86 146.93 147.07 147.16 146.79 146.30 146.47 146.59 146.69 146.20 146.93 146.53 146.12 146.69 146.52 146.75 147.15 147.50 147.75 147.77 148.14 148.22 148.22 147.88 147.41 146.70 146.25 146.36 146.91 147.81 148.14 148.65 148.84 149.00 149.09 149.13 148.90 148.91 148.75 148.50 148.95 148.29 146.42 146.28 147.17 148.00 147.92 146.63 145.67 147.71 147.30 146.53 147.68 146.43 145.75 146.07 146.55 147.29 146.98 147.10 147.56 147.60 147.46 147.34 146.57 147.34 147.39 147.54 147.44 147.46 147.38 146.77 146.96 147.44 147.38 147.11 146.47 147.39 146.91 147.35 146.88 146.36 146.92 146.15 146.29 146.67 146.84 147.13 147.24 147.41
-49°N ||     146.38 146.70 146.53 147.03 147.91 148.09 148.17 147.37 147.39 146.20 146.76 146.22 146.19 146.01 146.38 146.15 146.07 146.13 145.26 145.56 145.96 146.30 145.38 145.21 145.99 145.72 146.16 146.84 146.81 146.81 146.58 146.88 146.46 145.00 145.00 145.20 145.58 145.58 145.65 145.06 144.86 144.95 145.14 146.17 146.60 146.84 146.88 146.87 146.78 146.65 146.43 146.05 145.46 145.20 145.51 146.04 147.32 147.40 146.58 146.32 148.14 148.19 148.09 147.71 146.59 146.21 146.41 146.38 146.43 146.27 146.24 146.57 147.05 148.12 147.73 147.65 147.52 147.86 147.61 147.74 147.73 147.67 147.37 146.94 146.95 146.40 146.58 148.12 147.37 146.95 146.68 146.88 147.57 147.57 146.93 146.60 145.85 147.12 146.28 146.27 146.22 146.22 146.56 147.00 147.11 146.67 146.59 147.52 147.75 147.95 147.68 148.15 147.95 147.15 146.33 146.38 146.96 147.41 148.17 148.66 149.41 149.79 149.41 149.38 148.27 148.95 149.07 149.20 149.05 149.00 149.04 149.08 148.84 148.23 146.84 146.40 148.06 147.77 148.21 147.89 148.11 147.44 146.25 146.93 147.12 145.94 146.81 146.53 147.17 147.34 146.53 147.13 147.12 147.07 146.91 147.42 147.17 146.92 146.49 146.51 145.01 146.00 146.94 146.76 146.37 147.05 147.53 147.80 147.14 147.85 147.74 147.40 147.34 146.74 146.20 145.68 145.92 146.21 146.66 146.87
-47°N ||     146.16 146.77 146.46 146.41 147.24 147.87 147.11 146.51 147.13 146.63 146.27 146.41 145.23 146.82 145.46 145.74 144.78 145.05 145.96 145.71 146.30 145.56 145.99 146.37 146.32 146.83 146.09 146.52 146.75 146.72 146.74 146.74 146.82 145.85 145.62 145.79 146.14 146.21 146.20 145.85 145.35 145.21 145.63 145.76 145.61 146.37 146.39 146.51 146.26 146.31 145.90 145.70 145.25 145.23 145.14 145.53 145.92 145.86 146.51 147.05 145.89 147.95 147.55 148.05 148.16 146.43 146.21 146.23 146.27 146.20 146.23 146.44 146.78 147.90 148.18 148.21 147.75 147.67 147.44 146.80 147.59 147.31 147.19 147.13 146.72 146.77 146.46 146.78 147.16 147.02 147.14 147.15 147.75 147.09 146.80 145.92 146.31 146.13 146.53 147.22 146.30 145.84 146.13 146.54 147.60 147.62 147.11 147.49 147.94 147.87 147.67 147.98 148.12 147.42 146.98 148.27 148.80 149.60 149.93 149.32 148.80 149.12 149.52 149.42 148.97 148.60 148.33 148.81 149.03 148.90 148.93 148.70 148.73 148.62 147.98 146.86 146.36 147.54 148.15 148.23 148.19 148.11 147.54 147.01 147.68 147.65 146.98 147.43 147.36 147.36 147.38 146.66 146.45 146.92 146.42 146.78 146.85 146.12 145.68 146.52 147.42 147.56 146.41 146.31 146.92 147.58 147.41 147.64 147.84 147.73 147.67 147.59 146.57 146.58 146.21 146.89 146.48 146.29 146.76 146.60
-45°N ||     146.81 146.91 146.73 146.80 147.12 147.08 147.22 147.26 147.40 146.42 146.12 146.78 146.15 145.92 146.02 146.03 147.15 145.94 146.41 146.56 146.28 146.63 147.32 146.16 146.60 146.90 146.69 146.53 146.54 146.49 146.33 146.46 146.37 146.12 146.13 146.09 146.13 146.17 146.31 146.33 145.93 145.81 146.02 145.91 145.89 146.14 146.15 145.90 145.69 145.46 145.36 145.34 145.27 144.69 144.46 145.76 146.26 146.42 146.89 147.22 147.60 147.55 147.95 148.04 147.57 147.33 146.69 146.46 146.46 146.16 146.18 146.32 147.58 148.02 148.19 148.12 147.55 147.49 147.44 148.18 147.02 147.28 146.92 146.86 146.76 146.63 146.62 147.24 147.21 147.09 146.93 147.04 147.29 147.01 146.74 146.85 146.39 146.42 146.35 147.24 145.34 146.15 146.39 146.48 147.24 146.46 147.20 147.49 147.75 147.77 147.88 147.78 148.12 146.92 148.33 148.89 149.85 149.93 149.38 149.77 149.57 149.81 149.62 149.61 149.37 149.76 149.82 148.89 148.76 149.29 148.89 148.77 148.78 148.63 147.95 147.58 146.41 146.87 148.02 148.20 148.19 148.23 146.17 147.70 147.73 147.40 147.56 147.20 146.99 147.44 147.03 146.77 147.09 146.75 146.84 146.42 146.13 146.23 145.59 144.70 146.16 145.91 146.56 147.60 147.72 147.62 147.00 147.79 147.16 147.25 147.60 147.47 146.57 146.62 146.70 145.65 145.72 146.45 146.69 146.58
-43°N ||     147.47 146.52 147.62 147.15 147.47 147.06 147.20 147.16 146.88 146.59 146.13 146.22 145.98 145.75 146.16 146.20 146.65 146.75 146.59 146.55 145.95 146.24 146.48 146.49 146.14 146.57 146.70 146.70 145.89 146.26 146.09 146.41 146.46 145.92 146.03 146.03 146.07 146.21 146.44 146.56 145.86 145.56 144.39 144.47 145.43 145.89 145.72 145.44 145.49 145.16 145.02 145.03 144.90 145.00 145.04 145.91 146.02 146.22 146.35 146.82 146.81 146.93 147.46 146.89 148.11 148.07 147.84 147.59 147.29 147.07 147.37 147.42 148.03 148.03 148.13 147.72 147.59 147.79 147.64 147.76 147.48 148.09 146.92 147.17 146.96 146.95 146.77 147.30 147.25 146.94 146.82 147.03 147.10 146.98 146.93 146.62 146.86 146.57 146.97 146.36 146.27 146.41 146.21 145.71 145.79 146.23 147.08 147.77 147.36 147.59 147.74 147.79 147.80 146.65 148.69 149.62 149.60 149.34 149.57 149.90 149.69 149.70 149.43 149.74 149.67 148.95 149.14 149.06 149.35 149.06 148.85 148.81 148.58 148.20 147.07 146.95 146.44 146.42 147.67 148.03 148.21 148.16 148.20 148.16 147.96 147.75 147.54 147.32 147.33 147.97 147.62 147.44 147.35 146.90 146.83 146.46 146.09 146.06 146.15 146.17 145.89 146.01 146.86 147.79 147.96 147.89 147.72 147.60 147.16 147.41 147.38 147.53 145.89 146.85 146.90 147.74 146.49 146.79 147.17 147.11
-41°N ||     147.66 147.57 147.61 147.97 147.78 146.97 147.09 146.97 147.66 147.92 148.17 148.23 147.19 146.27 146.59 146.45 145.91 146.24 145.87 146.30 145.88 146.55 146.49 146.48 146.25 145.25 145.89 146.11 146.39 145.84 145.70 146.02 145.80 145.82 145.54 145.91 146.01 146.22 146.28 143.86 143.51 143.31 141.40 141.13 141.21 143.67 143.67 143.68 144.56 144.97 144.63 145.07 144.76 144.96 144.91 144.98 145.09 145.69 146.73 146.55 146.13 145.46 147.08 147.72 147.71 148.06 148.13 148.09 147.81 147.71 147.76 148.06 148.05 148.06 148.12 148.14 147.98 147.93 147.91 147.43 147.68 147.54 147.13 147.13 146.90 146.91 147.03 147.40 147.40 147.22 146.90 147.14 146.80 146.85 146.98 146.37 146.17 146.77 146.70 146.54 146.13 146.23 145.64 145.35 147.27 146.40 146.86 147.49 147.53 147.56 147.79 148.07 147.88 146.68 148.27 149.62 149.58 148.91 149.74 149.77 149.74 149.58 149.80 149.91 149.55 148.94 149.31 149.42 149.18 149.35 149.09 148.77 147.95 147.26 146.96 146.70 146.24 146.61 147.28 147.98 147.60 147.96 147.80 148.09 146.98 147.14 147.58 147.69 147.76 147.70 147.60 147.56 147.57 146.84 146.67 146.59 146.28 146.78 146.72 146.43 146.35 146.27 147.03 147.49 147.65 147.52 147.61 147.52 146.63 147.17 147.17 146.27 146.15 147.03 146.93 147.01 147.10 147.36 147.58 147.18
-39°N ||     147.47 147.64 147.31 146.87 147.84 146.84 147.38 147.23 146.38 146.89 148.14 148.10 146.68 146.30 147.00 146.66 146.97 146.40 146.70 146.78 146.98 146.11 147.00 147.00 146.68 146.69 146.42 146.10 146.27 146.14 145.99 143.86 145.10 145.58 145.59 145.80 145.98 145.95 145.11 144.94 144.27 142.85 142.48 142.57 142.97 143.11 143.00 143.28 142.64 143.84 144.65 144.68 144.71 144.82 145.00 145.04 145.31 145.70 145.80 146.39 146.41 146.59 146.05 146.32 147.20 146.52 147.80 148.03 148.14 147.98 148.12 148.12 148.14 148.10 148.19 148.11 148.05 147.87 147.71 147.72 147.66 147.64 147.42 147.25 147.20 146.91 147.33 147.60 147.25 147.17 147.44 147.49 147.38 146.85 147.06 146.64 146.64 146.58 146.54 147.03 146.22 146.45 145.99 146.13 146.02 145.97 146.83 147.33 147.61 147.66 147.66 148.09 147.77 146.17 147.99 149.68 149.87 149.76 149.38 149.65 149.90 149.79 149.88 149.90 149.64 149.30 149.66 149.40 149.53 149.15 148.86 148.23 147.42 147.04 146.55 146.32 146.24 146.47 147.40 148.11 148.18 147.68 147.77 147.64 147.63 147.85 147.68 147.80 146.95 147.65 147.71 147.79 147.52 147.32 146.88 147.18 146.88 146.52 147.20 147.01 146.64 146.47 146.49 146.76 147.18 147.33 147.80 147.60 147.25 147.20 147.35 147.12 147.52 147.39 147.43 147.08 147.25 147.52 147.70 147.83
-37°N ||     147.83 147.63 147.65 147.22 148.20 148.01 147.60 146.67 146.06 145.33 144.99 146.10 145.96 146.98 147.44 147.40 147.41 147.40 147.21 147.10 147.08 147.05 146.66 146.91 146.53 146.10 146.20 145.67 145.54 146.15 146.02 144.99 145.17 144.49 145.30 144.29 144.96 142.86 143.00 144.91 142.80 141.98 143.36 143.39 143.29 143.24 143.46 144.24 143.56 143.53 143.29 143.96 144.64 145.19 145.19 145.33 145.22 145.88 146.03 145.83 145.81 146.70 146.68 147.10 147.58 147.43 147.91 148.11 146.66 148.09 148.05 148.09 148.16 148.14 148.09 148.03 147.94 147.92 147.92 147.70 147.44 147.26 146.91 148.21 147.30 147.04 147.05 146.93 147.50 147.19 147.35 147.51 147.45 147.20 146.66 146.99 146.56 146.46 146.94 146.88 146.17 146.13 145.95 146.17 146.39 146.36 147.94 146.94 147.51 147.74 147.78 147.87 148.16 146.67 146.77 149.18 149.89 150.07 150.13 149.68 149.74 149.77 149.34 149.86 149.41 149.49 149.32 149.43 149.37 149.25 149.04 147.87 146.93 146.59 146.27 146.20 146.47 147.32 147.85 148.20 147.87 148.01 147.50 147.52 147.35 147.49 147.81 147.83 147.79 147.64 147.82 147.67 147.57 147.50 147.31 147.34 147.57 147.35 147.22 146.40 146.79 146.72 146.19 146.16 146.99 147.21 147.75 147.30 147.34 147.49 147.65 147.62 147.59 147.56 147.33 147.13 147.85 147.98 147.85 148.16
-35°N ||     147.80 148.20 147.64 146.85 147.54 146.82 146.69 146.93 146.20 145.35 145.19 146.14 146.96 147.16 147.35 147.25 147.40 145.76 147.12 147.05 146.97 146.74 146.72 146.52 145.94 146.22 146.02 145.86 145.26 145.43 145.09 144.94 145.06 144.74 144.90 145.09 144.33 142.78 142.89 142.83 142.25 143.35 144.12 144.00 143.65 143.95 143.74 143.83 144.12 144.17 143.97 143.03 143.88 145.04 145.42 145.66 145.66 145.69 145.71 145.83 146.05 146.26 146.23 147.46 147.40 146.72 147.01 147.46 147.37 148.06 147.95 147.83 147.97 147.68 147.82 147.97 147.97 147.95 148.04 147.85 147.48 147.13 147.34 147.14 147.25 146.85 146.73 146.90 147.06 147.15 147.20 147.41 147.31 146.81 146.83 146.79 147.07 147.30 146.56 146.40 146.44 145.76 145.92 146.36 146.57 146.52 146.60 147.04 147.61 147.52 147.50 147.61 147.96 148.18 146.73 146.85 149.57 149.90 150.09 150.12 149.69 149.68 149.89 150.03 149.36 149.45 149.40 149.27 149.35 149.16 148.24 146.51 146.42 146.16 146.27 146.62 146.58 147.36 147.48 147.61 147.79 147.84 146.95 147.49 147.22 147.38 147.54 147.63 147.77 147.84 147.69 147.47 146.75 146.76 146.86 147.20 146.86 146.61 147.00 147.25 146.97 146.58 147.05 147.31 147.10 147.11 146.92 147.20 147.15 146.62 147.65 147.76 147.45 147.37 147.56 147.65 148.12 148.00 147.66 146.98
-33°N ||     147.87 147.96 146.84 146.65 146.88 145.92 146.39 145.36 145.40 146.05 145.99 146.29 147.04 147.21 147.53 147.13 147.41 147.44 147.05 147.05 146.22 146.75 146.67 146.64 146.29 145.99 146.01 145.79 145.55 145.24 145.06 144.18 144.60 144.36 144.01 144.21 143.50 142.47 142.29 141.58 141.83 143.40 144.34 143.92 144.71 144.02 145.00 145.08 144.78 144.82 144.15 143.14 142.29 144.03 145.01 145.65 145.62 145.71 145.76 145.75 146.19 146.67 146.52 147.40 147.50 147.56 147.52 147.51 147.43 147.25 147.49 147.86 147.80 147.67 147.94 147.69 148.05 147.89 147.84 147.92 147.70 147.47 147.67 147.33 147.25 147.10 147.03 146.89 146.90 147.00 147.06 146.70 146.95 147.15 146.88 147.02 146.76 147.04 146.70 146.10 146.29 146.09 145.80 146.06 146.36 146.49 146.50 146.42 147.16 147.49 147.34 147.29 147.07 147.46 148.06 147.19 147.45 148.99 149.68 149.99 149.98 150.10 149.44 149.29 149.51 149.49 149.22 149.19 148.20 147.12 146.63 146.38 146.98 147.12 147.22 147.25 146.97 147.16 147.80 147.94 148.15 147.87 147.50 147.37 147.19 147.13 147.32 147.28 147.40 147.55 147.51 147.22 147.05 146.81 146.20 146.07 146.21 146.15 146.92 146.44 146.84 147.15 146.61 146.93 146.78 146.70 147.13 147.29 147.52 147.06 147.25 147.71 146.93 147.49 147.51 147.68 147.83 147.63 147.30 147.27
-31°N ||     147.79 147.05 146.90 146.82 146.10 146.20 145.62 146.11 146.27 146.10 146.31 146.36 146.80 147.12 147.42 147.40 147.40 146.89 146.73 147.05 146.60 146.67 146.58 146.50 146.27 146.21 145.97 145.75 145.40 145.05 144.74 144.57 144.51 143.88 143.71 144.30 143.40 142.27 142.42 141.58 142.59 143.45 143.87 144.50 144.77 145.02 145.05 145.28 145.27 145.40 144.37 143.14 143.56 143.67 143.83 143.79 145.26 145.90 145.88 146.26 146.71 147.12 147.38 147.44 147.60 147.55 147.62 147.75 147.67 147.62 147.72 148.20 147.66 147.42 147.55 147.60 147.70 147.80 147.96 147.92 147.89 147.80 147.64 147.65 147.49 147.10 146.79 146.62 146.85 146.91 146.91 147.01 146.70 146.96 147.03 146.91 146.99 146.85 146.80 146.33 146.29 146.82 146.47 146.26 146.57 146.77 146.87 146.55 147.21 147.46 147.68 147.29 147.69 147.62 148.07 148.09 147.20 146.46 146.43 148.50 149.32 149.84 149.07 149.35 149.17 149.28 148.85 148.23 146.23 146.95 146.20 146.50 147.43 147.48 147.62 148.08 148.11 147.82 147.91 148.18 148.21 147.53 147.57 147.27 147.38 146.92 147.08 147.04 147.07 147.15 147.28 147.05 146.81 146.81 146.40 146.31 147.02 146.08 145.88 145.66 146.95 147.31 147.66 147.06 147.26 147.43 147.56 147.47 147.50 147.34 147.18 147.44 147.07 147.38 147.36 147.16 147.37 147.54 147.50 147.44
-29°N ||     147.77 147.03 145.56 146.80 146.08 145.91 146.51 146.03 146.40 146.19 146.19 146.45 147.07 147.29 147.40 147.34 147.30 146.13 147.13 147.09 146.86 146.57 146.56 146.43 146.33 146.15 145.96 145.63 145.27 144.96 144.67 144.32 144.10 144.05 144.01 143.19 143.24 142.74 141.31 140.41 142.50 143.62 144.08 144.42 144.79 145.12 145.32 145.46 145.57 145.56 145.51 145.34 144.57 144.59 144.48 143.70 144.02 144.57 145.84 146.19 146.77 147.45 147.58 147.53 147.61 147.57 147.41 147.54 147.76 147.73 147.86 148.04 147.88 147.52 147.76 148.01 147.81 147.78 148.02 148.02 147.97 147.98 147.76 147.85 147.25 147.22 147.05 146.79 146.67 146.87 146.96 147.01 147.15 147.06 147.02 146.93 146.96 146.45 146.85 146.45 146.98 147.05 146.73 146.73 147.02 147.15 147.23 147.13 146.52 147.39 147.10 147.64 147.77 147.88 147.28 147.54 148.17 148.06 147.49 147.42 146.62 146.49 146.55 148.03 147.06 147.23 146.29 146.58 147.02 147.70 148.04 148.18 147.92 147.82 148.04 148.22 148.19 148.17 148.22 148.05 148.00 147.73 147.45 147.30 147.24 147.07 147.03 147.10 147.10 147.13 147.17 146.92 146.89 146.38 146.64 146.15 145.61 145.89 146.74 145.58 146.70 147.19 147.37 146.84 147.40 146.51 147.34 147.53 147.27 147.12 147.31 147.16 146.93 147.07 147.13 147.36 147.19 147.36 147.50 147.68
-27°N ||     147.41 146.96 146.91 146.85 146.20 146.07 146.72 145.73 146.24 146.62 146.51 146.94 146.87 147.05 147.40 147.15 147.40 146.51 147.11 146.48 146.52 146.54 146.41 146.38 146.16 146.03 145.87 145.73 145.22 144.87 144.50 144.16 143.75 143.75 143.58 143.77 143.99 142.52 142.23 140.65 142.77 143.67 144.06 144.51 144.89 145.22 145.46 145.61 145.71 145.88 145.86 145.93 145.65 144.97 144.97 145.08 145.40 145.38 145.29 145.29 145.05 146.81 147.61 147.63 147.59 147.61 147.71 147.84 147.68 147.58 147.62 147.95 147.90 148.08 147.99 147.70 147.96 147.98 148.13 148.12 148.10 148.09 147.99 147.76 147.63 147.35 147.42 147.44 147.02 146.90 146.85 147.08 147.10 146.66 146.83 146.97 146.99 146.68 146.67 146.66 146.97 147.22 146.66 146.98 147.20 147.07 147.37 146.72 146.28 146.58 147.26 147.30 147.59 147.40 147.37 147.47 147.46 148.22 148.23 148.12 147.94 147.69 147.56 147.42 147.29 146.83 146.86 146.89 147.01 147.74 148.21 147.84 148.05 148.03 148.17 148.23 146.44 148.23 148.23 146.99 147.56 147.19 147.09 147.07 147.10 147.10 147.10 147.10 146.99 146.94 146.89 146.61 146.07 145.94 145.79 146.11 146.79 145.70 145.80 146.54 146.14 146.66 147.19 147.17 147.61 146.67 147.40 147.14 147.36 147.50 147.41 147.22 146.75 146.51 146.55 147.00 147.00 147.08 147.48 147.54
-25°N ||     147.51 146.75 147.15 146.85 146.79 146.74 146.91 147.29 146.69 147.06 146.86 147.49 147.48 147.39 147.51 147.28 147.33 146.89 146.49 146.99 146.60 146.43 146.37 146.22 146.07 145.84 145.68 145.49 145.08 144.59 144.22 143.91 143.63 143.44 143.37 142.67 143.08 143.47 142.23 142.57 143.04 143.61 144.14 144.53 144.78 145.08 145.28 145.55 145.71 145.73 145.93 145.98 145.66 145.24 144.27 145.05 145.40 145.59 145.60 145.44 144.66 146.04 147.35 147.41 147.54 147.56 147.55 146.99 147.24 147.40 147.47 147.52 147.93 148.13 148.07 148.05 148.14 148.21 148.16 148.17 148.16 148.08 148.03 148.01 148.08 147.61 147.69 147.70 147.66 146.98 147.36 147.22 147.48 146.56 147.03 146.98 146.99 146.51 146.14 146.92 146.96 146.83 146.92 146.98 146.82 146.41 146.91 146.19 145.96 146.36 146.70 146.82 147.22 147.06 147.58 147.98 147.72 148.17 148.23 148.18 148.07 148.15 148.17 147.64 148.08 147.22 147.57 148.09 148.15 148.20 148.14 148.15 148.14 148.22 148.14 147.49 147.39 147.73 146.77 147.27 147.10 146.86 146.68 146.73 146.83 146.90 147.22 146.94 146.87 146.71 146.64 146.40 145.99 145.54 145.71 146.02 146.46 145.96 145.38 145.87 145.76 146.23 146.71 147.18 146.79 146.83 147.32 146.80 147.14 147.32 147.29 146.84 146.48 147.12 147.18 146.96 147.11 147.54 147.79 147.46
-23°N ||     147.43 147.44 146.87 146.89 146.80 146.94 147.18 147.36 147.51 147.59 147.57 147.53 147.72 147.80 147.51 147.66 146.22 146.59 147.06 146.62 146.61 146.31 146.30 146.18 145.98 145.67 145.42 145.06 144.65 144.25 143.88 143.48 143.27 143.15 143.21 143.14 142.29 142.68 142.17 142.45 142.98 143.59 143.96 144.25 144.53 144.78 145.05 145.31 145.60 145.77 146.08 146.04 146.03 145.64 144.81 145.01 145.36 145.39 145.35 144.96 144.22 146.27 147.17 147.24 146.92 147.13 147.41 147.02 147.41 147.38 147.19 147.68 147.82 148.21 148.20 148.15 148.12 148.20 148.09 148.21 148.21 148.17 148.18 148.18 148.10 147.82 147.91 148.01 147.88 146.76 147.45 147.22 147.52 147.54 147.57 147.07 146.96 148.03 146.88 146.45 146.64 146.41 146.18 146.02 146.35 146.82 146.01 145.96 145.63 146.29 146.57 147.07 146.94 146.57 146.54 146.85 147.47 147.72 147.91 148.12 148.16 148.11 148.12 148.10 148.10 147.70 148.12 148.09 148.19 148.10 147.81 147.83 147.97 148.06 147.36 146.77 146.07 146.27 146.70 147.03 146.78 146.55 146.18 146.34 146.68 146.79 146.86 146.95 146.65 146.57 146.48 146.40 146.62 146.45 146.53 145.93 146.47 145.95 145.53 145.90 145.47 146.40 146.66 146.94 146.94 147.14 147.03 147.19 147.08 147.67 147.08 147.97 147.04 147.13 147.21 147.14 146.95 147.62 147.94 147.44
-21°N ||     147.19 147.31 146.88 146.89 146.87 146.89 147.25 147.92 147.63 147.55 147.40 147.46 147.57 147.40 147.53 147.64 147.24 146.86 146.90 146.66 146.47 146.26 146.20 146.03 145.82 145.57 145.15 144.65 144.10 143.66 143.34 142.97 142.75 142.72 142.88 142.37 142.55 141.83 141.98 142.50 142.90 143.33 143.61 143.89 144.21 144.45 144.80 145.05 145.33 145.57 145.72 145.94 145.99 145.55 145.02 145.34 144.91 145.22 144.89 144.52 144.60 144.98 147.03 147.00 147.09 146.94 147.31 147.43 147.38 147.41 147.52 147.53 147.76 148.00 148.14 148.08 148.21 148.20 148.23 148.23 148.23 148.21 148.19 148.23 148.21 148.23 148.01 148.04 147.87 147.50 147.34 147.52 147.67 147.71 147.31 147.17 146.99 146.61 146.56 146.75 146.87 146.98 145.92 146.33 146.62 146.52 146.77 145.74 145.65 146.13 146.64 146.22 146.75 146.74 146.83 147.12 147.26 147.64 147.78 148.12 148.19 148.20 147.86 148.04 148.21 148.07 147.87 147.39 147.78 147.79 147.69 147.53 147.93 147.37 146.91 146.63 145.41 145.57 146.49 146.34 146.57 146.53 146.11 145.74 146.69 146.81 146.82 146.85 146.84 146.57 146.28 146.00 145.70 146.03 146.85 146.03 146.23 146.15 145.61 146.39 146.24 146.45 146.31 146.30 146.96 147.11 147.36 147.13 146.83 147.63 147.75 147.41 147.47 147.73 147.62 147.10 146.70 147.27 147.29 147.03
-19°N ||     146.36 146.72 146.74 146.55 146.96 147.25 147.61 148.12 148.12 147.87 147.70 147.45 147.57 147.55 147.74 147.53 147.28 147.20 146.70 146.65 146.45 146.19 146.03 145.74 145.56 145.27 144.87 144.14 143.27 142.81 142.52 142.39 142.25 142.37 142.61 141.04 142.25 141.73 141.88 142.18 142.37 142.75 143.04 143.34 143.72 144.09 144.47 144.76 145.11 145.34 145.49 145.61 145.77 145.70 145.23 144.79 144.76 144.74 144.88 144.76 144.38 145.87 146.76 146.70 146.91 147.10 147.47 147.50 147.56 147.35 147.51 147.71 147.97 148.15 147.94 147.90 148.00 148.21 148.08 148.22 148.00 148.22 148.17 148.18 148.21 148.06 148.15 147.95 147.95 148.03 147.86 147.72 147.76 147.66 147.25 147.34 146.96 146.86 147.11 146.33 146.75 146.85 146.13 146.54 146.08 146.46 145.72 145.52 146.09 146.12 145.92 146.33 146.31 146.54 146.68 146.87 146.93 146.88 146.95 147.89 148.05 148.03 148.12 148.11 147.90 147.96 147.55 147.56 147.64 147.52 147.46 146.93 146.74 147.02 146.71 146.37 145.87 145.70 146.16 146.38 146.68 146.70 146.91 146.88 146.72 146.75 146.77 146.79 146.63 146.51 146.73 146.14 145.74 145.85 146.31 146.46 146.33 146.53 145.98 146.43 146.55 146.33 146.22 146.12 146.74 146.76 146.62 146.54 147.27 147.68 147.92 148.03 148.09 148.20 148.01 148.04 147.91 147.66 147.69 146.42
-17°N ||     146.42 146.41 146.58 146.99 147.02 147.29 147.96 148.02 148.07 147.99 147.86 147.59 147.66 147.03 147.65 148.02 147.40 147.39 147.00 146.59 146.42 146.19 145.77 145.45 145.23 144.91 144.40 143.27 142.33 141.77 141.69 141.77 141.96 142.13 141.81 141.17 141.57 141.77 141.63 141.51 141.63 142.04 142.45 142.75 143.27 143.69 144.09 144.40 144.76 145.07 145.20 145.43 145.45 145.53 145.14 144.72 144.18 144.20 144.77 144.64 144.39 146.01 146.71 146.09 146.56 147.35 146.87 147.86 147.44 147.58 147.17 147.59 147.91 148.03 147.94 148.00 147.97 148.17 148.11 148.22 148.22 148.23 148.23 148.23 148.23 148.23 148.20 148.20 148.07 148.04 147.73 147.78 147.79 147.63 147.44 147.41 147.02 147.08 146.71 147.40 146.87 146.60 146.16 146.16 146.15 146.08 146.21 145.67 146.22 146.19 146.37 146.17 145.97 145.95 146.31 146.38 146.58 147.24 147.33 146.84 147.38 147.28 147.48 147.51 147.42 147.83 147.73 147.71 147.58 147.46 146.87 146.95 145.83 146.23 146.39 146.20 145.59 145.61 146.19 146.46 146.77 146.79 146.90 146.99 146.77 146.71 146.67 146.59 146.54 146.26 146.42 146.31 145.94 146.07 145.92 146.00 146.28 146.53 146.28 146.86 146.52 146.47 146.23 146.03 147.09 146.08 146.43 146.70 147.29 147.84 148.02 148.14 148.13 148.20 148.20 148.06 148.11 147.91 148.04 147.52
-15°N ||     147.79 146.42 147.39 147.13 147.49 147.69 148.04 148.21 147.94 148.00 147.98 147.62 147.43 147.49 147.67 147.98 146.55 147.45 147.68 146.71 146.48 146.14 145.82 145.49 145.06 144.52 143.63 142.18 140.74 140.32 140.76 141.35 141.53 141.80 141.95 141.89 142.08 142.11 141.40 141.06 141.02 141.60 141.96 142.30 142.82 143.41 143.83 144.15 144.38 144.55 144.56 145.00 145.20 145.21 144.85 144.72 144.30 145.36 144.59 145.54 145.97 147.36 147.33 146.94 146.57 146.73 147.23 146.59 146.64 147.72 147.61 148.07 148.01 148.09 148.14 148.18 148.07 148.18 148.22 148.23 148.23 148.22 148.23 148.11 148.23 148.21 148.21 148.19 148.14 148.10 148.09 148.00 147.88 147.59 147.44 147.45 147.34 147.12 146.58 147.10 146.41 146.54 146.39 146.02 146.16 145.86 146.02 145.99 145.84 145.93 146.37 145.86 145.67 145.65 145.76 145.40 146.38 147.20 147.24 147.28 146.81 147.30 147.27 147.16 147.41 147.60 147.50 147.74 147.20 146.81 146.60 145.68 145.58 145.65 145.96 145.81 145.54 145.74 145.80 146.26 146.59 146.82 146.76 146.77 146.89 146.76 146.53 146.62 146.29 146.47 146.27 146.50 145.85 145.53 146.54 146.73 146.02 146.69 146.75 146.47 146.53 146.41 146.02 146.27 146.76 146.90 146.76 146.79 147.07 148.05 148.16 147.94 148.20 148.21 147.94 148.20 148.09 148.09 147.45 147.62
-13°N ||     147.89 147.84 147.56 147.26 147.50 147.90 148.17 148.23 148.22 148.22 148.16 147.86 147.75 147.91 147.89 147.96 147.51 147.47 147.33 146.97 146.64 146.22 145.86 145.49 144.95 144.26 143.24 141.23 139.07 138.64 139.80 140.90 141.25 141.35 141.44 142.15 141.90 141.85 141.24 140.96 141.00 142.26 141.48 141.99 142.54 143.06 143.59 143.92 144.17 144.35 144.40 145.19 144.56 145.86 147.70 147.43 147.44 146.17 146.91 146.62 146.72 146.08 145.99 146.26 146.83 147.46 147.99 147.88 147.03 147.05 147.27 147.91 148.10 148.20 148.22 148.10 148.22 148.09 147.95 148.22 148.23 148.23 148.23 148.22 148.21 148.23 148.23 148.21 148.13 148.16 148.18 148.13 148.00 147.78 148.00 147.64 147.45 147.19 147.03 147.04 146.99 146.69 146.29 146.07 145.86 146.37 145.92 145.90 145.77 145.70 145.73 145.91 145.48 145.89 145.77 146.03 146.06 146.90 147.10 146.95 147.03 147.26 147.13 147.12 146.81 147.29 147.36 147.37 147.15 146.92 145.84 145.58 145.25 145.81 145.69 145.92 145.48 145.67 146.38 146.41 146.92 146.79 146.90 146.81 146.86 146.78 146.39 146.21 146.14 146.21 146.17 145.94 146.35 145.86 146.78 146.75 146.20 146.20 146.58 146.70 146.39 146.50 146.10 145.95 146.32 147.30 147.34 147.51 147.86 148.21 148.23 148.16 148.14 148.17 148.19 148.13 148.04 148.17 148.06 148.17
-11°N ||     148.06 148.16 148.01 147.99 148.03 148.06 148.19 148.21 148.22 148.19 148.18 148.15 148.17 147.91 148.09 147.98 147.93 147.66 147.48 147.15 146.76 146.45 145.94 145.48 144.79 144.14 143.20 141.45 139.14 137.48 138.36 140.87 141.15 141.16 141.08 141.74 141.66 141.36 140.87 140.63 141.09 141.44 141.38 141.90 142.36 142.80 143.54 143.76 143.98 144.23 144.10 144.84 148.01 147.96 146.42 146.31 145.60 143.54 143.32 144.47 145.21 145.44 145.76 146.01 146.52 146.39 146.61 147.80 147.29 147.50 146.74 147.64 146.72 148.15 148.23 147.69 147.88 148.14 148.02 148.00 148.22 148.22 148.20 148.23 148.20 148.23 148.17 148.21 148.23 148.21 148.20 148.23 148.03 147.90 147.71 147.71 147.74 147.37 146.11 146.54 147.04 147.11 146.57 146.31 146.20 145.85 145.82 145.91 145.68 145.73 146.20 145.86 145.96 145.66 145.93 146.10 146.02 146.29 146.69 146.47 146.63 146.91 146.87 146.77 146.42 147.23 147.16 147.39 147.13 147.09 146.79 145.93 145.34 145.58 145.53 146.11 145.74 146.22 146.59 146.62 147.05 146.95 146.77 146.86 146.88 146.83 146.70 146.75 146.46 146.44 146.27 145.88 145.46 145.98 145.90 146.17 146.60 146.70 146.42 146.88 146.60 147.12 147.39 147.04 147.26 148.15 147.43 147.82 148.02 148.21 148.21 148.19 148.05 148.10 148.01 147.92 147.91 148.21 148.18 148.22
-9°N ||     148.16 148.23 148.21 148.05 148.00 148.15 148.21 148.22 148.20 148.18 148.18 148.23 148.19 148.14 148.15 148.03 148.01 147.82 147.66 147.28 147.00 146.54 146.16 145.61 145.02 144.29 143.43 142.61 139.51 136.51 136.51 139.83 141.02 141.03 141.10 140.98 141.42 141.18 141.21 140.88 141.01 141.66 143.41 145.14 143.91 142.87 143.48 144.11 144.05 144.50 146.98 147.48 147.58 146.38 147.24 144.06 143.11 145.16 143.78 145.13 145.42 145.58 146.31 146.21 146.71 146.91 147.55 147.23 147.56 147.43 146.69 146.67 146.50 147.20 147.45 147.85 148.20 148.11 148.07 147.57 148.01 148.22 148.18 148.15 148.19 148.12 148.08 148.22 148.18 148.13 148.14 148.15 148.15 148.10 147.90 147.64 147.72 147.49 146.86 146.76 147.08 146.81 146.44 146.62 146.58 146.14 145.84 146.24 147.41 147.75 145.96 146.30 146.11 146.22 146.18 146.03 146.06 146.16 146.44 146.52 146.50 146.29 146.52 146.31 146.27 146.40 146.70 147.06 147.11 147.10 146.73 146.29 145.36 146.25 146.25 145.63 146.55 146.82 146.19 146.67 147.02 147.05 147.19 146.98 146.98 146.75 146.66 147.08 146.98 146.54 145.73 145.97 145.47 146.28 146.72 146.55 146.77 147.19 146.77 146.97 147.46 148.16 148.21 148.08 148.04 148.21 148.23 148.22 148.21 148.20 148.17 148.09 147.99 147.50 147.77 147.81 147.89 146.93 148.19 148.23
-7°N ||     148.21 148.22 148.22 148.21 147.68 147.88 148.17 148.09 147.84 148.05 148.12 148.19 148.23 148.19 148.22 148.21 148.21 148.03 147.81 147.52 147.17 146.75 146.36 145.76 145.18 144.62 143.93 143.32 140.10 137.40 138.00 139.29 140.68 140.94 141.12 141.34 140.89 140.90 141.33 140.89 144.37 144.71 141.90 146.05 145.25 145.29 145.70 147.77 146.07 146.57 145.33 143.74 146.68 146.70 148.03 147.73 147.58 145.92 144.94 145.62 145.77 145.80 146.14 146.34 147.37 147.54 147.18 147.71 147.00 147.19 147.56 146.61 146.70 147.13 146.86 147.22 147.57 148.17 148.19 148.05 148.04 148.13 148.10 148.20 148.18 148.17 148.23 148.23 148.18 148.23 148.23 148.20 148.15 148.10 148.09 148.12 148.13 147.70 147.18 147.35 146.43 146.38 146.54 146.63 145.87 146.39 146.56 146.24 146.22 146.28 146.51 146.48 146.64 145.89 146.00 146.02 146.02 146.58 146.63 146.44 146.03 145.84 145.95 145.70 146.16 146.71 146.46 146.63 147.08 147.08 146.95 146.82 145.75 145.65 146.10 146.35 146.40 146.51 146.35 146.76 147.06 146.99 147.29 147.25 147.19 147.24 147.33 147.36 147.32 147.58 145.51 145.33 145.52 146.27 145.79 147.12 148.17 147.69 147.82 147.78 148.18 148.18 148.23 148.21 148.14 147.99 148.13 148.02 148.01 148.03 148.01 148.02 147.91 147.72 147.55 147.55 147.92 148.01 148.13 148.21
-5°N ||     148.19 148.14 148.07 148.11 148.20 147.63 147.70 147.71 147.58 147.99 148.14 148.22 148.16 148.20 148.12 148.04 148.02 148.19 147.92 147.91 147.51 147.14 146.70 146.10 145.59 145.02 144.45 143.53 142.33 140.72 139.49 139.71 140.69 140.83 141.21 141.47 141.44 142.47 141.71 141.07 141.41 141.73 142.18 146.74 144.87 147.12 144.80 145.81 144.82 144.01 143.55 146.83 147.28 147.84 147.47 144.11 144.50 145.72 148.03 146.86 146.04 146.20 146.33 146.39 147.13 146.74 147.51 147.00 147.11 147.40 147.94 148.01 147.26 148.20 148.19 147.40 147.14 147.42 148.23 148.21 147.64 147.95 148.01 148.10 148.13 148.21 148.23 148.23 148.17 148.23 148.23 148.22 148.20 148.01 148.09 148.16 148.13 148.11 147.85 147.93 147.16 146.17 146.38 146.58 146.93 146.62 146.50 146.43 146.56 146.38 146.99 147.08 146.91 146.12 145.94 146.01 145.75 145.99 145.72 146.33 146.00 146.34 146.07 146.08 146.35 146.13 146.75 146.35 146.92 146.99 146.83 146.25 146.38 145.81 146.31 146.50 146.85 146.75 146.87 147.01 146.89 147.14 147.63 147.68 147.47 147.46 148.05 147.82 147.38 147.14 146.53 146.06 146.90 146.80 146.69 147.25 148.06 148.19 147.13 147.94 148.09 148.22 148.10 148.11 148.11 147.86 147.85 147.92 147.91 147.84 147.78 147.82 147.63 147.64 147.64 147.58 147.55 147.77 147.97 148.11
-3°N ||     148.10 148.13 147.98 147.94 148.06 147.34 147.33 147.47 147.84 147.69 148.22 148.08 147.88 147.61 147.67 147.53 148.22 147.95 148.22 148.17 148.00 147.48 147.34 146.74 146.07 145.48 144.94 144.00 143.29 141.97 140.99 140.81 140.53 140.51 141.30 141.74 142.07 142.24 142.27 141.83 141.63 142.21 142.60 143.52 143.83 143.89 144.55 144.59 144.41 144.08 143.81 143.58 144.11 146.27 145.74 144.67 145.32 145.87 146.23 147.85 146.02 146.78 146.74 146.95 147.11 147.23 147.89 147.55 147.70 147.99 148.14 148.21 146.70 148.18 148.22 147.58 147.83 147.75 148.14 148.10 147.99 147.99 147.66 147.93 148.12 148.18 148.13 148.21 148.21 148.22 148.23 148.23 148.21 148.19 148.14 148.11 147.77 148.11 148.11 148.13 147.42 146.81 146.60 146.78 147.08 146.58 146.73 146.94 146.87 146.88 147.14 147.14 146.83 146.51 146.33 145.85 145.54 146.83 146.58 146.38 146.27 146.39 146.20 146.58 146.02 146.39 146.12 146.84 146.90 147.13 146.66 146.82 146.71 146.56 146.99 147.65 146.61 147.31 147.17 146.89 147.16 147.23 147.92 147.93 147.56 148.14 148.02 147.64 147.32 147.02 146.43 146.65 146.53 146.73 146.97 147.82 147.86 148.11 148.01 148.19 148.03 148.09 148.11 148.16 148.06 147.83 147.96 148.12 147.65 147.61 147.64 147.54 147.49 147.45 147.46 147.44 147.51 147.61 147.88 147.92
-1°N ||     147.86 147.92 147.87 147.71 147.62 147.31 147.30 147.52 147.65 148.09 148.23 147.98 148.00 147.66 147.36 147.92 148.19 148.09 148.15 148.20 148.13 147.95 147.70 147.23 146.65 145.83 145.17 144.43 143.73 142.97 141.91 141.34 140.00 138.64 141.51 141.95 142.22 142.49 142.65 142.68 142.72 143.60 143.97 144.30 144.57 145.16 145.49 145.73 146.00 146.20 145.45 146.97 147.63 144.69 144.82 145.13 146.02 146.38 146.48 147.58 146.82 147.09 147.10 147.09 147.34 147.45 147.42 147.75 147.99 148.17 147.74 148.22 147.05 146.95 148.03 148.03 148.13 148.10 148.06 147.86 147.45 147.64 147.74 148.07 148.04 148.07 148.14 148.21 148.23 148.23 148.23 148.20 148.23 148.22 148.17 148.12 147.67 148.10 148.09 148.12 147.46 147.26 147.07 146.85 147.09 147.01 146.96 147.16 147.21 147.28 147.43 147.40 146.70 146.45 146.42 146.07 145.75 146.88 146.65 146.61 146.64 146.20 146.28 146.06 146.44 146.51 146.70 146.85 147.43 147.28 146.92 146.37 146.89 147.01 147.60 147.62 147.39 147.99 147.23 147.06 147.27 147.44 147.98 148.02 148.06 148.16 148.09 147.23 147.53 147.05 146.91 147.01 147.68 147.74 148.02 148.12 147.92 147.78 147.93 147.97 147.69 147.82 148.04 148.06 147.81 147.92 148.14 147.92 147.68 147.58 147.55 147.52 147.51 147.44 147.42 147.43 147.57 147.55 147.70 147.81
1°N ||     147.78 147.89 147.72 147.46 147.55 147.43 147.29 147.18 147.61 147.97 148.22 148.20 147.75 147.37 147.35 147.63 147.84 147.98 148.14 148.21 148.21 148.21 147.74 147.00 146.44 146.27 145.58 144.64 143.81 143.52 143.08 142.52 140.38 138.04 138.84 142.22 142.38 142.52 142.85 143.19 143.61 143.95 144.20 144.54 144.97 145.51 145.86 146.25 146.83 147.18 145.72 144.62 144.42 144.83 145.17 145.81 146.30 146.76 146.83 147.29 147.01 147.26 147.88 147.25 147.39 147.53 147.38 147.78 147.92 148.13 148.20 147.15 146.47 146.54 148.20 148.12 148.11 148.06 148.13 147.39 148.18 147.44 147.94 148.11 147.87 147.98 148.12 148.21 148.15 148.23 148.23 148.22 148.23 148.23 148.23 148.15 148.11 147.84 147.87 147.70 147.67 147.73 147.50 147.56 147.17 146.93 147.00 147.54 147.39 147.36 147.33 146.93 147.07 146.93 146.49 146.30 146.65 146.64 146.32 146.78 146.56 146.39 146.48 146.50 146.48 146.60 146.79 147.05 147.10 147.32 147.74 147.57 147.98 147.95 147.93 147.99 147.73 147.70 147.88 147.62 147.98 148.05 148.20 148.20 148.20 148.05 147.57 147.51 147.58 147.26 147.51 147.84 148.08 148.17 148.14 148.10 147.90 147.76 147.84 147.71 147.82 147.82 147.91 147.75 147.78 147.89 148.03 147.74 147.64 147.60 147.54 147.50 147.49 147.46 147.44 147.44 147.42 147.48 147.55 147.64
3°N ||     147.40 147.48 147.44 147.34 147.24 147.19 147.22 147.30 147.39 147.96 148.08 148.04 147.32 147.21 147.23 147.41 147.56 148.19 148.08 148.10 148.19 148.05 147.52 146.79 146.09 146.89 146.11 144.03 143.83 143.94 143.80 143.94 143.42 140.11 141.52 142.51 142.27 142.40 142.91 143.39 143.82 144.06 144.27 144.24 145.39 145.87 146.40 146.76 147.11 147.70 147.77 146.34 145.69 145.93 146.35 146.72 146.96 147.08 147.17 147.48 147.39 147.28 146.98 147.93 147.99 147.69 147.82 148.14 148.17 148.20 148.21 148.16 146.88 146.75 147.12 147.42 147.35 147.54 147.70 147.72 148.01 148.14 147.91 148.05 148.11 147.85 148.15 148.23 148.18 148.21 148.15 148.21 148.21 148.23 148.23 148.17 148.15 148.00 148.09 147.96 147.94 147.96 147.95 147.74 147.73 147.15 147.45 147.83 148.11 147.30 147.46 147.19 146.78 146.75 146.60 147.04 146.83 146.83 146.50 146.81 146.63 146.47 146.43 146.57 146.58 146.66 146.91 147.07 147.34 147.46 148.12 148.16 148.02 147.89 147.69 148.00 148.11 148.04 147.91 148.11 148.13 148.18 148.22 148.21 148.19 147.88 147.85 147.70 147.57 147.25 148.00 148.11 148.16 148.22 148.19 147.94 147.83 147.74 147.71 147.64 147.86 147.66 147.73 147.68 147.71 147.83 147.78 147.67 147.63 147.60 147.58 147.52 147.49 147.48 147.48 147.45 147.43 147.41 147.39 147.37
5°N ||     147.42 147.32 147.13 147.31 147.16 147.15 147.20 147.22 147.31 147.62 147.77 147.85 147.20 147.09 147.09 147.20 147.83 148.22 147.89 148.00 148.22 147.69 147.07 146.62 146.94 147.07 146.82 145.49 143.95 143.85 144.08 144.53 144.80 144.44 143.50 142.85 142.08 141.90 143.04 143.66 144.08 144.32 144.43 144.18 145.61 146.45 146.87 147.16 147.55 148.04 148.20 146.84 146.81 147.13 147.34 147.50 147.48 147.52 147.57 147.73 147.95 147.59 147.19 147.36 147.64 148.03 148.15 148.20 148.22 148.21 148.02 147.09 147.99 147.41 146.80 147.11 147.58 147.98 148.06 148.00 148.13 148.02 148.12 148.06 147.83 148.07 148.10 148.21 148.19 148.21 148.22 148.22 148.23 148.22 148.20 148.20 148.19 148.19 148.12 147.99 147.95 147.97 147.89 147.95 147.88 147.85 147.90 147.82 147.90 147.15 147.33 146.53 146.74 146.62 146.84 146.67 146.71 146.87 146.78 146.77 146.63 146.49 146.38 146.43 147.02 146.74 146.89 147.19 147.52 147.94 148.11 146.93 146.81 146.80 146.83 146.99 147.43 148.16 148.23 148.19 148.23 148.22 148.23 148.20 148.20 147.98 147.84 147.84 147.38 147.47 148.13 148.16 148.10 148.08 148.01 147.98 147.79 147.72 147.66 147.65 147.68 147.71 147.67 147.67 147.66 147.67 147.67 147.68 147.63 147.62 147.62 147.56 147.53 147.51 147.49 147.45 147.42 147.41 147.38 147.35
7°N ||     147.37 147.31 147.26 147.24 147.17 147.14 147.15 147.16 147.22 147.41 147.64 147.37 147.08 147.01 146.99 147.17 147.95 147.60 147.67 147.97 148.18 147.80 147.89 147.66 147.50 147.44 147.09 146.25 143.52 143.69 144.07 144.94 145.23 144.95 144.26 143.31 141.14 141.12 143.53 144.03 144.34 144.53 144.66 144.94 146.19 146.62 146.96 147.34 147.70 148.02 148.20 148.22 147.48 147.45 147.44 147.48 147.62 147.77 147.89 147.98 148.01 147.85 147.39 147.83 148.12 148.10 148.23 148.23 148.22 148.15 147.93 147.05 146.71 147.07 146.81 147.94 147.99 148.05 147.65 147.53 147.70 148.06 148.01 147.93 148.07 148.17 148.15 148.22 148.19 148.23 148.21 148.22 148.23 148.16 148.21 148.17 148.13 148.14 148.08 147.88 147.88 147.93 148.00 147.86 147.84 148.01 147.62 148.06 147.90 147.92 147.49 147.09 147.00 146.46 146.59 146.71 146.60 146.78 146.79 146.82 146.58 146.64 146.40 146.96 147.35 146.64 146.91 147.28 147.94 148.17 147.00 146.73 146.76 146.77 146.77 146.83 146.87 147.22 148.14 148.16 148.15 148.21 148.22 148.22 147.98 147.70 147.82 148.09 147.89 147.85 148.18 148.04 147.99 147.91 147.79 147.87 147.69 147.64 147.69 147.64 147.61 147.69 147.67 147.68 147.65 147.65 147.67 147.67 147.68 147.67 147.65 147.69 147.57 147.53 147.54 147.46 147.41 147.38 147.37 147.34
9°N ||     147.31 147.22 147.37 147.32 147.14 147.15 147.14 147.16 147.09 147.33 147.53 147.14 146.98 146.94 146.97 147.34 147.58 147.35 147.72 148.19 148.22 148.22 148.18 148.10 147.94 147.67 147.35 146.38 144.11 144.01 144.63 145.54 145.51 145.72 145.23 143.77 140.53 138.88 142.78 144.34 144.51 144.75 145.00 145.41 146.10 146.62 147.04 147.44 147.72 148.04 148.21 148.22 148.13 147.69 147.62 147.63 147.75 147.88 147.98 148.09 148.17 148.11 147.95 147.96 148.14 148.22 148.14 148.12 148.08 147.77 147.08 147.02 147.12 146.75 147.72 147.76 147.68 147.78 147.51 147.99 147.99 148.04 148.07 148.02 147.94 148.07 148.13 148.04 148.13 148.10 148.20 148.22 148.23 148.22 148.23 148.14 148.13 148.13 148.10 148.03 147.93 147.78 147.57 147.49 147.92 148.06 148.08 147.75 147.69 147.54 147.48 147.48 147.31 147.48 147.15 146.86 146.71 146.76 146.76 146.45 146.67 146.59 146.27 147.62 146.77 146.63 147.05 147.55 148.14 147.70 146.88 146.70 146.69 146.70 146.74 146.78 146.82 146.95 147.37 147.80 148.01 147.93 148.22 148.14 148.13 148.08 148.22 148.22 148.22 148.20 148.10 147.90 147.72 147.91 147.71 147.62 147.68 147.70 147.76 147.74 147.40 147.81 147.84 147.78 147.70 147.66 147.75 147.71 147.79 147.75 147.74 147.60 147.59 147.53 147.57 147.47 147.41 147.38 147.35 147.35
11°N ||     147.26 147.27 147.27 147.27 147.10 147.09 147.05 147.07 146.97 147.03 147.13 146.91 146.88 146.90 146.94 146.99 147.31 147.30 147.73 148.09 148.18 148.22 148.22 148.11 147.91 147.70 147.25 146.35 145.53 145.86 145.79 145.78 145.80 145.80 145.91 145.77 141.20 136.39 137.58 144.31 144.68 144.94 145.25 145.65 146.10 146.68 147.19 147.52 147.85 148.04 148.19 148.23 148.22 147.87 147.77 147.76 147.86 147.99 148.05 148.13 148.19 148.05 147.99 148.09 148.22 148.18 147.96 147.79 147.62 147.74 146.78 146.93 147.76 146.73 147.10 147.79 147.02 147.90 148.00 147.82 148.02 148.06 148.12 148.16 148.08 148.05 147.91 148.05 148.05 148.03 148.20 148.22 148.21 148.21 148.11 148.23 148.10 148.14 148.17 148.19 148.14 148.10 147.85 147.53 148.05 147.99 148.21 147.91 148.17 147.47 147.69 147.64 147.59 147.76 147.45 146.94 146.70 146.96 147.18 146.62 146.82 146.71 146.47 146.34 146.52 146.97 147.36 147.83 148.22 147.47 146.71 146.67 146.64 146.70 146.77 146.77 146.84 146.90 147.18 147.65 147.84 148.23 148.20 148.19 148.16 148.16 148.08 147.99 148.00 147.96 147.84 147.68 147.53 147.50 147.62 147.56 147.63 147.63 147.79 147.87 147.97 148.06 148.03 148.00 147.94 147.89 147.87 147.87 147.85 147.59 148.08 147.74 147.62 147.61 147.61 147.42 147.39 147.40 147.71 147.36
13°N ||     147.35 147.22 147.52 147.51 147.11 147.13 147.03 146.98 146.95 146.92 146.87 146.82 146.83 146.84 146.86 146.97 147.09 147.36 148.11 148.07 148.15 148.22 148.19 148.14 147.89 147.60 147.29 146.89 146.09 146.09 145.96 145.94 145.94 146.04 146.23 146.40 145.59 137.90 138.94 143.39 144.46 145.18 145.58 145.86 142.80 146.96 147.36 147.65 147.91 148.04 148.20 148.23 148.23 147.93 147.87 147.92 148.00 148.08 148.12 148.16 148.18 148.20 148.15 148.20 148.20 147.86 147.68 147.50 147.41 146.92 146.83 146.93 147.42 147.50 147.67 147.08 147.57 147.69 148.01 148.14 148.16 148.03 148.12 148.08 148.09 148.09 146.83 148.08 147.50 148.12 148.21 148.20 148.20 148.08 148.07 148.22 148.22 148.23 148.23 148.23 148.23 148.07 147.97 148.03 148.10 148.17 148.07 148.16 148.20 147.88 147.89 148.09 147.79 147.72 147.59 147.39 147.15 147.27 147.41 147.34 147.17 146.83 146.73 146.76 146.86 147.09 147.54 148.07 148.12 147.39 146.71 146.68 146.69 146.72 146.77 146.78 146.82 146.87 147.08 147.50 147.70 148.04 148.05 148.01 148.02 147.95 147.97 147.69 147.81 147.61 147.54 147.47 147.34 147.25 147.23 147.41 147.46 147.66 147.91 148.13 148.23 148.22 148.22 148.22 148.16 148.09 148.06 147.95 147.97 147.95 147.92 148.03 147.63 147.65 147.57 147.54 147.42 147.44 147.97 147.57
15°N ||     147.33 147.20 147.18 147.03 147.06 147.12 146.98 146.89 146.87 146.83 146.79 146.72 146.73 146.75 146.76 146.89 147.33 147.68 148.01 148.06 148.20 145.34 140.73 140.14 142.54 147.47 147.16 147.05 146.78 146.28 146.18 146.06 146.08 146.15 146.25 146.36 146.37 145.04 142.93 143.33 144.70 145.39 145.84 146.12 146.61 147.26 147.50 147.75 147.92 148.04 148.18 148.23 148.23 147.98 147.99 147.99 148.05 148.13 148.17 148.17 148.20 148.20 148.17 148.22 147.83 147.60 147.45 147.33 147.29 146.96 146.78 146.88 147.13 147.34 147.06 147.40 147.47 147.68 147.81 147.89 147.71 148.05 148.22 147.29 148.03 148.08 148.05 148.09 148.08 148.06 147.65 147.99 148.15 148.20 148.05 148.23 148.22 148.22 148.20 148.16 148.16 148.22 148.16 148.12 148.17 148.17 148.05 148.17 148.21 147.72 147.94 147.98 148.00 148.05 147.67 147.60 147.39 147.24 147.33 147.33 147.13 147.24 147.05 147.11 147.22 147.40 147.74 148.21 147.88 146.76 146.73 146.77 146.70 146.74 146.78 146.80 146.85 146.88 147.05 147.38 147.58 147.69 147.81 147.84 147.87 147.84 147.77 147.67 147.47 147.41 147.32 147.24 147.23 147.17 147.15 147.18 147.41 147.70 148.07 148.23 148.19 148.10 147.95 148.09 148.18 148.21 148.15 148.08 148.07 148.02 147.98 147.95 147.81 147.68 147.64 147.57 147.52 147.36 147.74 146.86
17°N ||     147.24 147.13 147.10 147.00 147.36 147.00 146.97 146.91 146.81 146.78 146.73 146.68 146.67 146.67 146.65 147.16 147.51 147.58 147.90 147.89 147.68 139.82 136.65 135.93 137.98 144.89 147.11 147.07 147.31 146.80 146.49 146.20 146.13 146.19 146.27 146.38 146.40 146.16 144.99 144.85 145.37 145.62 145.93 146.22 146.69 147.29 147.61 147.84 147.98 148.08 148.15 148.23 148.23 147.86 147.90 148.02 148.10 148.15 148.17 148.19 148.21 148.23 148.21 147.97 147.76 147.42 147.26 147.10 146.92 146.88 147.00 146.86 146.92 147.07 147.00 147.28 147.57 147.52 147.62 147.90 148.01 148.17 147.91 147.55 148.10 148.06 148.05 147.03 148.02 147.88 148.05 148.05 148.09 148.21 148.17 148.12 148.16 148.16 148.16 148.10 148.11 148.18 148.23 148.21 148.22 148.23 148.23 148.22 148.05 147.89 148.03 148.05 147.94 147.82 147.77 147.68 147.46 146.85 147.21 147.34 147.38 147.36 147.30 147.37 147.44 147.60 148.14 148.23 147.79 146.87 146.76 146.74 146.76 146.79 146.80 146.80 146.84 146.94 147.04 147.20 147.38 147.33 147.47 147.48 147.50 147.38 147.36 147.30 147.23 147.16 147.11 147.11 147.10 147.04 147.07 147.08 147.24 147.73 148.06 148.21 148.03 147.72 147.47 147.48 147.81 148.23 148.20 148.17 148.17 148.12 148.04 147.92 147.80 147.70 147.71 147.58 147.32 147.34 147.42 147.20
19°N ||     147.24 147.11 147.01 146.97 146.94 147.00 146.97 146.87 146.78 146.73 146.68 146.63 146.61 146.60 146.58 147.07 147.46 147.71 148.16 148.03 148.11 139.95 136.72 136.15 137.64 145.02 147.38 147.52 147.56 147.42 146.85 146.35 146.06 145.98 146.00 146.28 146.44 146.41 145.91 145.73 145.83 145.90 146.00 146.21 146.55 147.11 147.69 147.89 148.05 148.10 148.15 148.23 148.19 148.20 147.86 148.00 148.11 148.14 148.18 148.19 148.16 148.23 148.15 147.77 147.46 147.23 146.98 146.91 146.78 146.77 146.70 146.77 146.80 146.87 146.93 147.28 147.39 147.36 147.09 147.81 147.97 148.06 147.91 147.95 147.11 148.13 148.08 148.17 148.05 148.03 148.02 148.01 147.76 148.12 148.13 148.09 148.12 148.12 148.12 148.10 148.09 148.19 147.57 148.21 148.16 148.20 148.16 148.23 148.16 148.12 148.04 147.95 147.78 147.74 147.76 147.96 147.32 147.48 147.29 147.60 147.75 147.91 147.39 147.44 147.52 147.70 148.09 147.97 148.10 147.48 147.01 146.79 146.83 146.83 146.84 146.88 146.89 146.92 146.99 147.06 147.08 147.09 147.02 147.10 147.09 147.11 147.04 147.03 147.02 146.97 146.93 146.96 146.89 146.91 146.93 147.03 147.18 147.74 148.19 148.12 147.58 147.16 147.03 147.31 147.36 146.47 148.23 148.23 148.20 148.16 148.07 147.94 147.80 147.69 147.65 147.45 147.70 147.25 147.29 147.19
21°N ||     146.95 147.02 147.04 146.89 146.82 146.82 146.83 146.77 146.69 146.67 146.61 146.59 146.56 146.56 146.55 147.08 147.46 148.06 148.17 147.95 148.14 141.93 139.63 138.80 140.56 146.89 147.81 147.81 147.73 147.50 147.10 146.56 146.04 145.77 145.57 145.47 146.38 146.40 146.22 146.07 146.02 146.04 146.11 146.26 146.54 147.08 147.71 147.88 147.99 148.08 148.08 148.21 148.23 148.14 147.93 148.01 148.04 148.12 148.14 148.19 148.22 148.20 148.01 147.73 147.41 146.90 146.84 146.79 146.72 146.70 146.70 146.72 146.82 146.81 146.88 147.13 147.20 147.17 147.48 147.81 147.80 147.56 147.86 147.97 148.14 147.91 147.79 148.07 148.04 147.98 148.04 148.04 148.10 148.12 148.01 148.07 148.11 148.09 148.09 148.10 148.02 148.20 148.22 148.15 148.21 148.23 148.07 147.94 148.17 148.23 147.92 147.74 147.74 147.80 147.80 147.96 147.59 147.60 146.68 147.82 147.88 147.84 147.19 147.36 147.64 147.70 148.05 147.92 148.18 148.16 147.58 147.43 147.11 147.03 147.03 146.92 146.92 146.92 146.93 146.96 146.94 146.88 146.89 146.89 146.87 146.90 146.85 146.83 146.83 146.86 146.82 146.84 146.82 146.88 146.85 146.85 147.00 147.66 148.21 147.86 147.02 146.81 146.72 146.69 147.19 147.79 148.15 148.22 148.23 148.18 148.06 147.95 147.82 147.73 147.55 147.50 147.70 147.20 147.20 147.12
23°N ||     146.97 146.93 146.90 146.83 146.79 146.73 146.70 146.65 146.62 146.60 146.57 146.56 146.55 146.55 146.54 147.03 147.63 148.12 147.97 147.78 147.76 146.80 145.07 144.36 147.36 148.20 148.03 147.97 147.83 147.42 146.99 146.57 146.14 145.65 145.37 145.27 146.09 146.41 146.33 146.06 146.05 145.83 146.12 146.32 146.36 147.28 147.53 147.77 147.86 147.99 148.06 148.13 148.21 148.20 148.19 148.05 148.16 147.60 147.80 148.10 148.17 148.21 147.98 147.70 147.35 146.91 146.77 146.73 146.67 146.65 146.69 146.65 146.83 146.74 146.76 146.93 146.98 146.96 147.03 147.46 147.78 148.03 148.14 148.02 148.10 147.99 148.00 148.00 148.01 148.10 147.97 147.93 147.99 148.06 147.93 147.90 147.77 148.18 147.98 148.01 148.09 148.19 148.23 148.19 148.17 148.20 148.20 148.19 148.15 148.21 148.10 147.89 147.90 147.75 147.72 147.77 147.86 147.58 146.88 147.76 147.86 147.67 148.22 148.07 147.62 147.58 147.83 148.00 148.08 148.23 148.14 147.95 147.70 147.47 147.21 147.01 146.94 146.90 146.86 146.84 146.84 146.74 146.81 146.73 146.70 146.68 146.65 146.68 146.61 146.66 146.65 146.67 146.69 146.68 146.66 146.73 146.79 147.53 148.22 147.77 147.16 146.72 146.53 144.81 145.72 147.24 147.98 148.20 148.23 148.18 148.06 147.93 147.76 147.63 147.43 147.55 147.29 147.21 147.41 147.02
25°N ||     146.91 146.89 146.90 146.77 146.69 146.69 146.64 146.63 146.61 146.58 146.56 146.55 146.54 146.54 146.53 146.98 147.78 148.02 147.96 148.09 147.74 147.84 147.87 147.89 148.12 148.22 147.89 148.04 147.70 147.25 146.77 146.45 145.97 145.55 145.30 144.77 144.82 146.30 146.39 146.05 146.16 146.07 146.18 145.37 146.67 147.31 147.64 147.75 147.82 147.89 147.76 148.02 148.02 148.14 148.02 148.07 148.11 148.07 148.09 147.41 147.28 148.07 147.81 147.18 146.93 146.74 146.69 146.68 146.65 146.62 146.63 146.65 146.69 146.73 146.90 146.83 146.85 146.80 146.72 147.20 147.43 147.90 147.99 147.84 147.78 147.96 147.91 147.96 147.94 148.07 147.98 147.81 147.95 147.94 147.93 147.63 147.86 147.97 148.04 147.98 148.20 148.18 148.13 148.18 148.13 148.06 148.13 148.17 148.22 148.23 148.10 148.20 148.17 148.06 148.20 147.83 147.98 147.29 147.52 147.02 147.40 147.33 147.35 147.61 147.64 147.75 147.69 147.60 148.10 147.99 148.19 147.90 147.91 147.65 147.17 146.96 146.89 146.78 146.75 146.72 146.67 146.65 146.62 146.57 146.51 146.47 146.44 146.43 146.43 146.47 146.50 146.52 146.51 146.54 146.58 146.63 146.73 146.86 148.03 148.01 147.08 146.67 144.85 138.79 144.58 147.10 148.00 148.22 148.23 148.16 147.95 147.96 147.72 147.56 147.33 147.29 147.19 147.21 147.04 146.98
27°N ||     146.82 146.78 146.76 146.77 146.65 146.70 146.59 146.57 146.57 146.56 146.55 146.54 146.54 146.54 146.53 146.85 147.66 148.00 147.95 148.00 148.04 147.98 148.22 148.17 148.16 148.23 148.20 147.82 147.47 147.11 146.63 146.26 145.89 145.47 144.79 144.70 145.03 146.48 146.68 146.26 146.42 146.41 146.45 145.38 146.32 147.29 147.57 147.69 147.75 147.63 147.44 147.55 148.04 148.21 148.22 148.11 148.10 147.98 147.90 147.36 147.70 148.09 146.95 146.85 146.77 146.73 146.73 146.68 146.62 146.61 146.73 146.64 146.64 146.69 146.83 146.68 146.78 146.74 146.69 146.71 147.23 147.44 147.60 147.69 147.66 147.84 147.96 148.00 147.94 147.93 147.88 147.86 147.92 147.96 147.88 147.98 147.82 147.88 148.10 148.19 147.77 148.21 148.14 148.13 148.21 147.93 148.06 148.15 148.22 148.22 148.22 148.23 148.22 148.15 148.17 148.20 148.09 148.19 147.91 147.68 147.88 148.20 147.59 147.83 147.84 147.41 147.16 147.83 148.08 148.05 148.16 148.05 147.76 147.30 146.99 146.83 146.71 146.71 146.66 146.61 146.57 146.50 146.46 146.39 146.33 146.32 146.30 146.32 146.32 146.36 146.38 146.38 146.43 146.49 146.56 146.61 146.70 146.82 147.34 148.15 147.47 146.86 146.00 145.28 146.06 147.74 148.18 148.23 148.21 148.12 148.05 147.74 147.59 147.45 147.26 147.14 147.13 147.08 146.98 146.87
29°N ||     146.72 146.69 146.65 146.62 146.58 146.58 146.56 146.54 146.53 146.54 146.53 146.52 146.53 146.61 146.52 146.55 147.00 147.78 148.08 148.05 148.05 147.98 148.22 148.23 148.07 148.17 148.04 147.73 147.37 146.94 146.53 146.14 145.87 145.43 144.21 144.59 145.60 146.50 146.63 146.43 146.73 146.79 146.75 146.86 147.09 147.32 147.60 147.73 147.72 147.36 147.45 147.69 147.72 148.22 148.23 148.23 148.22 148.04 147.96 147.71 147.76 147.44 147.06 147.23 147.46 146.85 146.79 146.71 146.64 146.60 146.64 146.59 146.62 146.59 146.61 146.64 146.69 146.67 146.63 146.61 146.63 147.13 147.33 147.50 147.43 147.77 147.89 146.40 147.86 147.92 147.82 147.65 147.85 147.80 147.98 147.95 147.85 147.86 148.08 148.07 148.16 148.04 148.14 148.12 148.22 148.21 148.17 148.22 148.21 148.16 148.23 148.22 148.20 148.11 148.15 148.16 148.22 147.99 147.92 147.87 148.03 147.82 147.69 147.81 147.54 147.90 148.10 148.07 148.09 147.96 147.86 147.63 147.18 147.03 146.88 146.71 146.67 146.60 146.52 146.46 146.40 146.35 146.28 146.24 146.22 146.19 146.20 146.26 146.23 146.27 146.29 146.34 146.39 146.46 146.51 146.55 146.63 146.70 147.02 148.03 148.15 147.72 147.16 147.12 147.63 148.19 148.23 148.21 148.17 148.09 147.80 147.65 147.44 147.26 147.10 146.99 146.96 146.94 146.81 146.75
31°N ||     146.59 146.62 146.57 146.56 146.55 146.55 146.54 146.51 146.50 146.51 146.52 146.51 146.50 146.50 146.51 146.53 146.77 147.20 147.47 147.53 147.73 147.83 148.04 148.10 147.96 148.13 147.93 147.66 147.19 146.85 146.46 146.32 145.78 145.48 144.97 145.03 145.64 146.57 146.61 146.61 146.83 146.95 147.10 147.12 147.26 147.41 147.58 147.76 147.67 147.15 147.68 147.79 147.84 148.02 148.10 148.17 148.23 148.23 148.15 147.80 147.85 147.53 147.36 147.21 146.99 146.97 146.82 146.76 146.73 146.61 146.59 146.60 146.57 146.53 146.56 146.50 146.63 146.60 146.56 146.60 146.61 146.68 146.96 146.82 147.16 147.40 147.73 147.92 147.76 147.70 147.65 147.76 147.85 147.90 147.53 147.78 147.94 148.07 148.11 147.95 148.16 148.15 148.07 148.07 148.15 148.20 148.20 148.17 148.23 148.19 148.19 148.18 148.22 148.16 148.19 148.20 148.20 148.02 148.12 148.09 148.10 148.12 147.90 147.79 148.07 148.00 148.04 147.96 148.04 147.85 147.61 147.21 147.11 146.89 146.77 146.67 146.58 146.49 146.38 146.32 146.28 146.23 146.24 146.18 146.16 146.16 146.15 146.17 146.18 146.22 146.27 146.31 146.31 146.41 146.41 146.47 146.53 146.60 146.81 147.16 147.97 148.19 148.21 148.22 147.95 147.78 148.16 148.15 148.10 148.01 148.12 146.80 147.19 147.76 146.91 147.18 146.80 146.77 146.74 146.63
33°N ||     146.51 146.83 146.56 146.56 146.51 146.52 146.52 146.49 146.51 146.49 146.49 146.48 146.48 146.48 146.46 146.47 146.50 146.74 147.24 147.88 147.76 147.78 147.71 147.83 148.20 148.02 147.83 147.53 147.28 146.65 146.30 145.99 145.55 145.16 144.83 144.94 145.56 146.45 146.77 146.87 147.02 147.17 147.24 147.31 147.21 147.40 147.40 147.27 147.25 147.39 147.68 147.89 147.92 147.87 148.06 148.21 148.23 148.23 148.23 148.23 148.23 148.22 147.99 147.24 147.23 146.84 146.77 146.74 146.71 146.63 146.57 146.48 146.48 146.48 146.50 146.44 146.47 146.47 146.47 146.57 146.50 146.51 146.63 146.84 147.05 147.32 147.58 147.76 147.52 147.68 147.70 147.98 147.77 147.78 147.75 147.93 147.86 148.06 147.92 147.85 148.20 148.21 148.10 148.23 147.90 148.23 148.19 148.19 148.23 148.08 147.95 148.10 148.23 148.21 148.23 148.17 148.17 148.18 148.15 148.19 148.17 148.13 148.16 148.09 148.16 148.09 148.10 147.91 147.73 147.40 147.28 147.04 146.92 146.79 146.68 146.58 146.47 146.35 146.28 146.25 146.19 146.17 146.15 146.16 146.17 146.16 146.15 146.15 146.17 146.25 146.22 146.25 146.29 146.36 146.44 146.38 146.40 146.47 146.55 146.64 146.81 147.04 147.17 147.48 147.64 147.94 147.78 147.95 147.99 147.85 147.77 147.23 146.99 146.91 146.79 146.73 146.69 146.62 146.58 146.53
35°N ||     146.45 146.49 146.49 146.51 146.49 146.50 146.49 146.49 146.49 146.48 146.47 146.47 146.47 146.47 146.44 146.48 146.45 146.50 146.81 148.18 147.98 147.81 147.94 148.22 147.90 148.02 147.81 147.50 147.05 146.47 145.92 145.30 144.71 144.43 144.23 144.17 144.62 145.30 146.42 147.05 147.24 147.31 147.37 147.35 146.69 146.92 147.51 147.68 147.44 147.34 147.67 147.58 147.45 147.60 147.96 148.21 148.23 148.22 148.21 148.20 148.19 148.21 148.02 147.26 146.90 146.81 146.75 146.75 146.68 146.62 146.59 146.46 146.50 146.44 146.43 146.38 146.39 146.35 146.40 146.44 146.46 146.49 146.48 146.84 146.98 147.22 147.30 147.41 147.56 147.48 147.89 147.85 147.81 147.57 147.42 147.96 147.85 147.99 147.88 148.02 147.99 148.05 148.08 148.13 148.14 148.23 148.22 148.10 148.21 148.00 148.21 148.06 148.10 148.04 147.97 147.93 148.09 148.15 148.18 148.14 148.13 148.15 147.78 147.93 148.03 147.77 147.80 147.71 147.47 147.28 147.08 146.91 146.83 146.70 146.62 146.49 146.39 146.29 146.22 146.17 146.16 146.17 146.17 146.18 146.19 146.18 146.17 146.16 146.17 146.16 146.20 146.32 146.25 146.31 146.33 146.34 146.38 146.43 146.44 146.51 146.56 146.68 146.73 146.77 146.91 147.01 147.23 147.57 147.72 147.66 147.63 147.31 147.26 146.83 146.75 146.69 146.62 146.52 146.47 146.45
37°N ||     146.41 146.47 146.46 146.51 146.46 146.48 146.46 146.46 146.48 146.47 146.46 146.46 146.45 146.47 146.48 146.49 146.50 146.54 146.57 147.92 147.95 148.03 148.18 148.22 147.96 148.05 147.83 147.53 147.12 146.19 145.10 144.31 143.56 143.10 143.09 143.46 143.86 143.99 145.00 146.31 147.17 147.49 147.52 147.49 147.41 147.26 147.40 147.54 147.66 147.93 147.43 147.31 147.17 147.00 147.55 148.05 148.23 148.23 148.20 148.22 148.18 148.21 147.81 147.17 146.91 146.82 146.76 146.71 146.68 146.58 146.55 146.49 146.46 146.39 146.38 146.33 146.28 146.30 146.30 146.36 146.34 146.36 146.41 146.43 146.56 146.65 146.69 146.81 147.04 146.81 147.54 147.68 147.84 147.86 147.70 147.84 147.72 147.54 147.95 147.64 147.90 147.72 147.99 147.55 147.90 147.90 148.12 148.21 148.20 148.13 148.07 148.01 148.01 147.86 147.87 147.87 147.99 148.22 147.72 147.93 148.01 148.14 148.06 148.12 147.80 147.69 147.62 147.58 147.24 147.12 146.95 146.80 146.72 146.65 146.49 146.39 146.34 146.24 146.19 146.16 146.16 146.18 146.20 146.20 146.20 146.21 146.20 146.18 146.17 146.16 146.16 146.17 146.19 146.25 146.21 146.22 146.30 146.38 146.38 146.46 146.54 146.59 146.73 146.79 146.93 146.98 147.15 147.33 147.46 147.45 147.48 147.23 147.30 146.74 146.71 146.64 146.53 146.50 146.45 146.44
39°N ||     146.43 146.44 146.43 146.46 146.64 146.45 146.45 146.56 146.45 146.46 146.47 146.46 146.49 146.49 146.50 146.52 146.52 146.50 146.60 146.91 148.05 148.17 147.95 148.20 148.23 148.10 147.95 147.70 146.97 145.59 144.24 143.09 142.36 142.26 141.92 142.17 143.42 143.66 144.11 145.38 146.80 147.52 147.64 147.61 147.36 147.46 147.30 146.50 147.50 147.55 147.52 147.36 147.03 146.75 147.10 147.74 148.15 148.23 148.23 148.23 148.11 148.09 148.06 147.50 146.90 146.78 146.75 146.72 146.63 146.56 146.49 146.43 146.42 146.33 146.29 146.27 146.25 146.24 146.24 146.25 146.30 146.30 146.32 146.34 146.40 146.62 146.54 146.66 146.90 146.94 147.07 147.40 147.41 147.47 147.52 147.73 147.84 147.88 147.52 147.68 147.56 146.87 147.57 148.00 147.43 148.07 148.14 148.15 148.21 148.19 148.22 148.06 148.09 147.96 147.99 148.17 148.10 148.21 147.80 147.77 147.75 147.77 147.73 147.62 147.58 147.51 147.41 147.24 147.15 146.97 146.84 146.72 146.68 146.53 146.45 146.34 146.28 146.23 146.16 146.16 146.19 146.21 146.22 146.22 146.22 146.22 146.20 146.20 146.18 146.19 146.16 146.16 146.16 146.17 146.19 146.20 146.23 146.33 146.45 146.42 146.51 146.57 146.67 146.78 146.92 146.92 147.03 147.13 147.18 147.25 147.30 147.55 148.04 146.70 146.66 146.64 146.53 146.46 146.43 146.45
41°N ||     146.43 146.42 146.41 146.42 146.43 146.44 146.46 146.45 146.46 146.47 146.47 146.46 146.48 146.46 146.51 146.49 146.52 146.64 146.71 146.92 147.32 147.66 147.96 148.12 148.22 148.21 148.12 147.77 146.91 145.39 143.88 142.96 142.63 142.55 141.80 142.20 143.28 143.86 144.46 145.75 146.99 147.60 147.67 147.63 147.01 147.54 147.38 147.05 147.35 147.25 147.26 147.12 147.11 147.25 147.47 147.65 148.03 148.23 148.23 148.22 148.21 148.07 148.06 147.61 147.02 146.73 146.69 146.73 146.60 146.52 146.47 146.38 146.34 146.30 146.25 146.22 146.20 146.19 146.19 146.20 146.21 146.22 146.25 146.19 146.23 146.34 146.44 146.48 146.63 146.60 146.93 146.66 146.86 147.07 147.01 147.40 147.59 147.21 147.76 147.44 146.78 146.78 146.83 147.78 147.55 148.11 148.06 148.02 148.00 148.11 148.20 148.09 147.32 147.79 148.17 148.08 147.61 148.14 147.67 147.76 147.70 147.71 147.44 147.39 147.28 147.35 147.20 147.17 146.97 146.81 146.75 146.71 146.61 146.51 146.37 146.30 146.22 146.19 146.16 146.18 146.19 146.23 146.23 146.23 146.22 146.21 146.22 146.21 146.20 146.18 146.17 146.17 146.17 146.16 146.16 146.19 146.22 146.26 146.32 146.39 146.48 146.58 146.65 146.74 146.87 146.87 146.91 146.98 146.99 147.11 147.70 147.45 147.67 146.78 146.67 146.58 146.55 146.46 146.46 146.42
43°N ||     146.43 146.40 146.39 146.41 146.42 146.43 146.44 146.45 146.45 146.45 146.46 146.43 146.45 146.44 146.49 146.51 146.57 146.65 146.85 147.16 147.44 147.68 147.91 148.07 148.18 148.23 148.20 148.06 147.47 146.40 145.01 143.88 143.35 143.18 143.06 143.21 143.81 144.22 146.08 147.23 147.77 147.90 147.78 147.75 147.77 147.32 147.59 146.95 147.29 147.33 147.24 147.38 146.78 147.31 147.82 147.72 147.88 148.17 148.23 148.17 148.18 148.16 148.04 147.59 147.03 146.70 146.60 146.58 146.53 146.46 146.37 146.33 146.25 146.23 146.27 146.19 146.17 146.18 146.16 146.16 146.17 146.18 146.22 146.21 146.20 146.29 146.32 146.44 146.47 146.45 146.52 146.57 146.58 146.67 146.83 147.11 147.24 147.37 146.97 146.86 146.72 146.80 147.25 146.88 147.26 146.91 147.06 146.92 148.13 148.18 148.16 147.61 148.09 148.19 147.49 147.44 147.59 147.70 147.65 147.51 147.47 147.46 147.12 146.95 147.15 147.16 147.12 146.91 146.79 146.75 146.78 146.62 146.60 146.47 146.36 146.25 146.20 146.19 146.16 146.18 146.21 146.22 146.21 146.19 146.22 146.21 146.20 146.19 146.25 146.17 146.17 146.17 146.16 146.16 146.16 146.16 146.20 146.22 146.35 146.38 146.48 146.58 146.70 146.74 146.80 146.84 146.91 146.88 146.89 147.03 147.26 147.46 147.83 146.83 146.59 146.59 146.48 146.46 146.43 146.39
45°N ||     146.37 146.37 146.39 146.39 146.40 146.41 146.42 146.44 146.45 146.43 146.43 146.46 146.46 146.48 146.49 146.55 146.65 146.78 146.99 147.22 147.49 147.70 147.88 147.99 148.08 148.15 148.22 148.22 148.02 147.43 146.87 146.39 146.22 144.61 143.90 143.72 144.40 145.88 146.89 147.62 147.93 148.04 148.03 148.09 148.15 148.20 148.22 148.10 147.60 147.23 146.81 147.24 147.83 147.78 147.78 147.94 148.22 148.21 148.23 148.14 148.05 147.83 147.65 147.35 147.00 146.65 146.61 146.51 146.45 146.38 146.34 146.25 146.22 146.19 146.19 146.16 146.16 146.16 146.16 146.16 146.16 146.15 146.16 146.17 146.19 146.21 146.30 146.27 146.31 146.41 146.43 146.37 146.49 146.56 146.58 146.63 146.87 147.01 146.74 146.76 147.04 147.25 147.43 146.83 147.22 146.90 146.86 146.84 147.27 147.65 147.84 147.47 147.66 147.78 147.42 147.62 147.78 147.47 147.42 147.33 147.36 147.18 147.09 146.96 146.96 146.90 146.87 146.85 146.75 146.70 146.64 146.63 146.49 146.43 146.29 146.22 146.17 146.16 146.16 146.18 146.20 146.22 146.22 146.22 146.22 146.20 146.20 146.20 146.20 146.19 146.18 146.18 146.17 146.15 146.16 146.16 146.17 146.24 146.37 146.43 146.49 146.62 146.71 146.74 146.76 146.78 146.79 146.79 146.80 146.84 146.92 147.14 147.57 146.72 146.71 146.65 146.52 146.41 146.41 146.37
47°N ||     146.36 146.37 146.37 146.40 146.40 146.40 146.42 146.42 146.45 146.41 146.42 146.44 146.44 146.49 146.55 146.58 146.73 146.85 147.03 147.22 147.48 147.61 147.74 147.83 147.93 148.02 148.13 148.17 148.22 148.20 148.09 148.02 148.02 147.99 147.18 146.98 147.55 147.80 147.86 147.90 148.01 148.07 148.06 148.10 148.18 148.23 148.23 148.22 147.52 147.31 147.73 147.99 148.20 148.17 148.21 148.16 148.20 147.67 148.23 148.15 147.98 147.70 147.34 146.97 146.72 146.59 146.52 146.47 146.36 146.33 146.26 146.21 146.20 146.17 146.17 146.16 146.19 146.24 146.16 146.16 146.16 146.16 146.16 146.16 146.17 146.18 146.19 146.21 146.24 146.28 146.32 146.34 146.36 146.39 146.51 146.49 146.58 146.65 146.64 146.62 146.69 146.75 146.62 146.78 146.99 146.81 147.08 147.05 146.87 147.21 147.47 147.26 147.24 147.13 147.10 147.68 147.40 147.30 147.23 147.08 147.07 147.00 146.87 146.96 146.81 146.80 146.80 146.77 146.70 146.67 146.56 146.53 146.44 146.38 146.16 146.15 146.17 146.15 146.16 146.18 146.20 146.22 146.22 146.21 146.21 146.20 146.20 146.20 146.18 146.20 146.19 146.18 146.17 146.17 146.17 146.16 146.20 146.27 146.33 146.73 146.63 146.52 146.63 146.65 146.68 146.71 146.70 146.74 146.73 146.73 146.75 146.85 146.79 146.74 146.67 146.54 146.51 146.44 146.41 146.36
49°N ||     146.35 146.36 146.37 146.39 146.37 146.38 146.39 146.39 146.41 146.41 146.40 146.44 146.45 146.52 146.59 146.67 146.80 146.89 147.02 147.19 147.36 147.45 147.58 147.69 147.85 147.93 147.98 148.05 148.09 148.14 148.18 148.21 148.23 148.23 148.22 148.23 148.23 148.23 148.17 148.10 148.09 148.16 148.15 148.03 148.12 148.19 148.20 148.18 148.16 147.81 147.61 147.34 147.20 147.57 147.63 148.14 148.12 148.11 147.60 148.07 147.70 147.39 147.00 146.76 146.70 146.51 146.43 146.35 146.33 146.24 146.23 146.20 146.17 146.17 146.16 146.16 146.17 146.16 146.17 146.17 146.17 146.16 146.16 146.16 146.16 146.16 146.15 146.19 146.21 146.22 146.25 146.29 146.35 146.39 146.43 146.42 146.49 146.48 146.48 146.51 146.66 146.57 146.76 146.73 146.43 146.64 146.99 146.75 146.83 147.03 147.12 147.03 147.08 147.11 147.26 147.00 147.05 146.99 146.93 146.97 146.95 146.90 146.81 146.82 146.82 146.77 146.79 146.72 146.68 146.62 146.53 146.46 146.39 146.31 146.19 146.17 146.17 146.16 146.16 146.17 146.19 146.20 146.21 146.21 146.20 146.20 146.20 146.20 146.19 146.17 146.19 146.18 146.16 146.16 146.16 146.19 146.22 146.30 146.32 146.71 146.76 146.48 146.57 146.59 146.60 146.62 146.61 146.64 146.69 146.64 146.68 146.66 146.96 146.80 146.50 146.51 146.51 146.40 146.33 146.38
51°N ||     146.35 146.35 146.36 146.36 146.36 146.35 146.40 146.41 146.39 146.40 146.43 146.47 146.51 146.55 146.63 146.71 146.83 146.96 147.06 147.18 147.42 147.40 147.51 147.65 147.71 147.79 147.87 147.93 147.98 148.02 148.08 148.13 148.18 148.20 148.20 148.19 148.22 148.23 148.23 148.20 148.18 148.19 148.20 148.22 148.20 148.23 148.21 148.08 147.68 147.49 147.33 147.19 147.04 146.96 146.95 147.31 147.95 148.03 147.88 147.44 147.22 146.93 146.76 146.53 146.52 146.44 146.38 146.30 146.25 146.22 146.17 146.16 146.16 146.16 146.16 146.16 146.17 146.16 146.20 146.21 146.17 146.17 146.17 146.16 146.16 146.16 146.16 146.17 146.16 146.19 146.20 146.22 146.26 146.30 146.33 146.36 146.40 146.49 146.43 146.47 146.48 146.49 146.74 146.39 146.67 146.59 147.16 146.74 146.78 146.87 146.87 146.89 146.90 146.87 146.79 146.89 146.85 146.87 146.81 146.80 146.81 146.77 146.80 146.79 146.76 146.75 146.78 146.70 146.66 146.61 146.55 146.46 146.37 146.31 146.24 146.23 146.16 146.16 146.16 146.17 146.18 146.19 146.21 146.21 146.21 146.21 146.19 146.20 146.20 146.19 146.18 146.17 146.16 146.16 146.22 146.20 146.24 146.29 146.33 146.36 146.42 146.45 146.49 146.54 146.55 146.54 146.58 146.57 146.61 146.61 146.62 146.60 146.65 146.52 146.50 146.55 146.49 146.39 146.33 146.33
53°N ||     146.35 146.36 146.34 146.33 146.34 146.35 146.37 146.39 146.41 146.45 146.44 146.47 146.53 146.59 146.67 146.80 146.99 146.97 147.02 147.13 147.22 147.29 147.41 147.49 147.58 147.65 147.74 147.82 147.86 147.93 147.98 148.01 148.07 148.09 148.09 148.10 148.11 148.17 148.22 148.23 148.23 148.23 148.23 148.23 148.20 148.11 148.01 147.83 147.61 147.36 147.17 147.06 146.98 146.90 146.85 146.80 147.40 147.24 147.57 146.94 146.59 146.53 146.47 146.44 146.39 146.33 146.25 146.22 146.19 146.17 146.16 146.16 146.16 146.17 146.17 146.18 146.18 146.18 146.19 146.18 146.17 146.18 146.17 146.18 146.17 146.19 146.18 146.16 146.16 146.17 146.17 146.19 146.23 146.24 146.29 146.33 146.32 146.35 146.38 146.40 146.48 146.48 146.55 146.62 146.81 146.79 146.81 146.66 146.73 146.70 146.74 146.74 146.79 146.74 146.75 146.76 146.71 146.67 146.73 146.69 146.72 146.75 146.80 146.77 146.74 146.77 146.78 146.70 146.66 146.63 146.53 146.45 146.39 146.33 146.33 146.26 146.21 146.17 146.16 146.16 146.16 146.17 146.17 146.18 146.19 146.19 146.18 146.18 146.16 146.17 146.17 146.16 146.16 146.19 146.21 146.25 146.24 146.28 146.31 146.35 146.39 146.43 146.46 146.48 146.50 146.52 146.50 146.52 146.64 146.58 146.61 146.54 146.55 146.55 146.52 146.44 146.37 146.37 146.33 146.32
55°N ||     146.31 146.31 146.34 146.38 146.36 146.41 146.40 146.39 146.41 146.43 146.44 146.50 146.53 146.60 146.63 146.77 146.30 147.05 146.98 147.03 147.10 147.19 147.26 147.30 147.43 147.52 147.60 147.69 147.77 147.81 147.86 147.88 147.92 147.91 147.94 147.93 147.99 148.03 148.07 148.13 148.18 148.18 148.20 148.18 148.13 148.00 147.82 147.25 147.23 147.05 146.99 146.97 146.85 146.85 146.78 146.69 146.63 146.60 146.50 146.44 146.40 146.36 146.29 146.26 146.22 146.19 146.18 146.16 146.15 146.16 146.17 146.17 146.18 146.18 146.19 146.18 146.19 146.19 146.20 146.21 146.18 146.18 146.19 146.18 146.20 146.18 146.16 146.16 146.16 146.16 146.16 146.16 146.19 146.22 146.28 146.29 146.30 146.31 146.34 146.38 146.40 146.44 146.50 146.50 146.52 146.58 146.62 146.62 146.61 146.65 146.65 146.65 146.68 146.63 146.67 146.62 146.57 146.59 146.59 146.62 146.69 146.71 146.74 146.76 146.80 146.78 146.70 146.65 146.64 146.62 146.54 146.46 146.41 146.40 146.34 146.28 146.24 146.21 146.20 146.18 146.17 146.15 146.16 146.16 146.16 146.16 146.16 146.16 146.17 146.16 146.16 146.17 146.18 146.22 146.25 146.23 146.30 146.27 146.29 146.37 146.41 146.42 146.44 146.44 146.48 146.48 146.50 146.54 146.56 146.53 146.51 146.59 146.56 146.56 146.47 146.55 146.37 146.33 146.30 146.29
57°N ||     146.30 146.30 146.31 146.33 146.32 146.36 146.39 146.40 146.41 146.41 146.46 146.51 146.51 146.58 146.63 146.66 146.90 146.86 146.94 146.95 147.00 147.05 147.13 147.20 147.26 147.33 147.43 147.52 147.52 147.61 147.64 147.69 147.72 147.71 147.74 147.74 147.77 147.81 147.84 147.96 147.99 148.04 148.05 148.03 147.96 147.78 147.57 147.38 147.13 147.03 146.94 146.89 146.83 146.76 146.68 146.60 146.53 146.45 146.39 146.33 146.25 146.22 146.20 146.19 146.17 146.16 146.16 146.16 146.16 146.17 146.18 146.31 146.20 146.20 146.20 146.21 146.21 146.20 146.20 146.20 146.19 146.21 146.18 146.19 146.19 146.48 146.17 146.16 146.16 146.16 146.16 146.16 146.18 146.20 146.21 146.25 146.25 146.29 146.32 146.38 146.38 146.40 146.47 146.52 146.55 146.55 146.55 146.60 146.54 146.57 146.59 146.55 146.52 146.53 146.53 146.51 146.48 146.51 146.54 146.62 146.65 146.65 146.67 146.71 146.71 146.70 146.72 146.68 146.63 146.61 146.54 146.51 146.45 146.44 146.41 146.36 146.29 146.27 146.25 146.26 146.21 146.22 146.18 146.16 146.16 146.16 146.17 146.16 146.17 146.19 146.18 146.19 146.19 146.19 146.24 146.23 146.26 146.25 146.27 146.32 146.36 146.36 146.40 146.42 146.44 146.47 146.47 146.49 146.55 146.50 146.50 146.53 146.44 146.47 146.47 146.40 146.34 146.34 146.32 146.31
59°N ||     146.31 146.30 146.30 146.35 146.31 146.32 146.41 146.36 146.36 146.36 146.39 146.43 146.48 146.51 146.58 146.66 146.64 146.72 146.77 146.82 146.88 146.94 147.02 147.09 147.10 147.13 147.16 147.23 147.27 147.33 147.36 147.44 147.47 147.46 147.41 147.47 147.48 147.48 147.58 147.69 147.73 147.76 147.76 147.63 147.56 147.37 147.24 147.12 146.99 146.91 146.85 146.75 146.71 146.65 146.57 146.52 146.44 146.38 146.32 146.25 146.18 146.22 146.15 146.16 146.16 146.16 146.17 146.17 146.18 146.18 146.19 146.19 146.20 146.21 146.21 146.21 146.20 146.22 146.23 146.22 146.20 146.20 146.20 146.19 146.18 146.18 146.18 146.17 146.17 146.16 146.16 146.15 146.17 146.17 146.23 146.22 146.23 146.25 146.31 146.33 146.37 146.39 146.40 146.43 146.43 146.45 146.52 146.52 146.50 146.49 146.45 146.44 146.45 146.44 146.48 146.45 146.45 146.45 146.52 146.56 146.57 146.60 146.66 146.65 146.69 146.69 146.71 146.67 146.64 146.63 146.57 146.58 146.49 146.42 146.44 146.48 146.39 146.36 146.36 146.30 146.26 146.31 146.25 146.22 146.22 146.24 146.22 146.22 146.22 146.22 146.22 146.21 146.21 146.23 146.24 146.23 146.24 146.27 146.27 146.30 146.30 146.34 146.36 146.39 146.42 146.44 146.51 146.50 146.51 146.48 146.46 146.45 146.42 146.42 146.40 146.38 146.34 146.31 146.35 146.32
61°N ||     146.30 146.30 146.30 146.30 146.31 146.29 146.32 146.35 146.33 146.38 146.41 146.40 146.43 146.48 146.53 146.56 146.60 146.64 146.68 146.74 146.80 146.82 146.86 146.89 146.94 146.96 147.01 147.04 147.07 147.08 147.10 147.13 147.12 147.12 147.15 147.18 147.20 147.19 147.22 147.06 147.27 147.27 147.26 147.23 147.19 147.13 147.06 146.97 146.85 146.78 146.74 146.62 146.54 146.49 146.44 146.37 146.32 146.28 146.23 146.21 146.16 146.16 146.16 146.17 146.18 146.30 146.17 146.19 146.20 146.20 146.21 146.20 146.21 146.23 146.24 146.24 146.23 146.23 146.22 146.22 146.21 146.21 146.20 146.20 146.19 146.19 146.18 146.17 146.16 146.16 146.16 146.15 146.16 146.17 146.18 146.18 146.23 146.25 146.26 146.31 146.32 146.35 146.39 146.39 146.40 146.40 146.45 146.42 146.43 146.40 146.40 146.40 146.39 146.39 146.43 146.40 146.42 146.42 146.44 146.52 146.49 146.50 146.66 146.60 146.62 146.65 146.68 146.70 146.68 146.63 146.63 146.60 146.57 146.76 146.55 146.47 146.45 146.46 146.39 146.36 146.33 146.39 146.30 146.28 146.27 146.31 146.28 146.29 146.26 146.25 146.26 146.25 146.26 146.28 146.26 146.25 146.27 146.28 146.28 146.30 146.32 146.31 146.35 146.36 146.37 146.45 146.41 146.42 146.46 146.43 146.45 146.41 146.39 146.39 146.36 146.35 146.36 146.31 146.32 146.35
63°N ||     146.26 146.31 146.31 146.38 146.30 146.28 146.28 146.29 146.31 146.32 146.34 146.38 146.39 146.44 146.45 146.47 146.51 146.53 146.60 146.67 146.79 146.69 146.73 146.76 146.78 146.80 146.84 146.83 146.84 146.88 146.89 146.92 146.94 146.96 146.99 147.02 147.03 147.02 147.03 147.04 147.05 147.02 147.01 146.98 146.92 146.88 146.82 146.79 146.70 146.63 146.53 146.47 146.41 146.35 146.28 146.25 146.22 146.19 146.16 146.16 146.16 146.17 146.18 146.19 146.19 146.20 146.22 146.21 146.21 146.21 146.22 146.21 146.22 146.22 146.23 146.24 146.23 146.22 146.21 146.23 146.22 146.21 146.20 146.19 146.18 146.16 146.16 146.16 146.16 146.16 146.16 146.15 146.17 146.18 146.17 146.24 146.26 146.25 146.27 146.29 146.30 146.33 146.35 146.35 146.35 146.36 146.36 146.36 146.36 146.37 146.35 146.36 146.34 146.36 146.37 146.38 146.38 146.42 146.39 146.42 146.46 146.47 146.48 146.53 146.56 146.58 146.63 146.64 146.66 146.66 146.65 146.61 146.59 146.58 146.55 146.50 146.48 146.47 146.43 146.48 146.39 146.45 146.37 146.34 146.37 146.32 146.32 146.32 146.30 146.30 146.31 146.30 146.27 146.27 146.27 146.29 146.28 146.30 146.29 146.28 146.30 146.32 146.31 146.32 146.37 146.35 146.35 146.35 146.43 146.39 146.38 146.37 146.40 146.35 146.32 146.30 146.31 146.30 146.29 146.28
65°N ||     146.26 146.23 146.26 146.23 146.24 146.25 146.26 146.25 146.33 146.30 146.32 146.32 146.32 146.33 146.34 146.40 146.42 146.44 146.50 146.47 146.50 146.55 146.56 146.58 146.60 146.62 146.68 146.66 146.68 146.70 146.73 146.76 146.77 146.79 146.83 146.86 146.86 146.86 146.88 146.89 146.89 146.85 146.82 146.78 146.72 146.67 146.64 146.58 146.54 146.48 146.42 146.41 146.31 146.24 146.20 146.16 146.16 146.17 146.17 146.18 146.18 146.20 146.20 146.20 146.22 146.22 146.22 146.21 146.22 146.23 146.21 146.21 146.23 146.23 146.23 146.23 146.23 146.22 146.22 146.22 146.22 146.21 146.20 146.17 146.61 147.37 146.30 146.16 146.16 146.16 146.16 146.16 146.15 146.19 146.19 146.21 146.23 146.24 146.25 146.26 146.29 146.29 146.31 146.35 146.32 146.36 146.36 146.34 146.35 146.35 146.33 146.33 146.32 146.34 146.39 146.38 146.34 146.38 146.39 146.37 146.38 146.41 146.42 146.50 146.51 146.58 146.56 146.60 146.61 146.66 146.62 146.63 146.62 146.61 146.57 146.57 146.54 146.52 146.54 146.49 146.45 146.45 146.42 146.40 146.43 146.37 146.38 146.36 146.37 146.36 146.33 146.33 146.32 146.31 146.36 146.30 146.31 146.28 146.29 146.29 146.32 146.32 146.29 146.29 146.33 146.29 146.29 146.35 146.31 146.34 146.30 146.30 146.31 146.31 146.30 146.28 146.31 146.30 146.29 146.34
67°N ||     146.21 146.21 146.20 146.21 146.22 146.19 146.22 146.22 146.21 146.23 146.27 146.27 146.25 146.29 146.29 146.31 146.31 146.33 146.34 146.35 146.42 146.40 146.45 146.48 146.48 146.54 146.49 146.51 146.55 146.57 146.58 146.63 146.62 146.67 146.59 146.72 146.72 146.73 146.74 146.73 146.71 146.69 146.64 146.61 146.58 146.53 146.48 146.42 146.38 146.33 146.28 146.22 146.19 146.16 146.16 146.18 146.20 146.22 146.24 146.26 146.27 146.26 146.24 146.23 146.23 146.23 146.22 146.23 146.24 146.23 146.23 146.23 146.22 146.24 146.23 146.22 146.22 146.20 146.23 146.22 146.21 146.20 146.18 146.18 146.17 146.16 146.16 146.16 146.16 146.16 146.16 146.16 146.16 146.18 146.19 146.21 146.22 146.23 146.25 146.28 146.30 146.28 146.30 146.33 146.32 146.33 146.32 146.34 146.36 146.39 146.37 146.32 146.30 146.32 146.34 146.33 146.37 146.34 146.35 146.36 146.37 146.41 146.40 146.42 146.45 146.48 146.49 146.54 146.58 146.58 146.61 146.64 146.63 146.63 146.66 146.59 146.58 146.56 146.69 146.53 146.50 146.47 146.45 146.47 146.45 146.44 146.50 146.40 146.40 146.39 146.39 146.34 146.35 146.33 146.32 146.32 146.31 146.30 146.30 146.28 146.32 146.32 146.31 146.29 146.30 146.30 146.26 146.26 146.26 146.27 146.26 146.27 146.24 146.25 146.28 146.27 146.26 146.22 146.23 146.22
69°N ||     146.22 146.18 146.17 146.19 146.18 146.18 146.18 146.18 146.21 146.18 146.20 146.20 146.21 146.20 146.25 146.27 146.27 146.24 146.24 146.27 146.27 146.28 146.29 146.30 146.35 146.36 146.49 146.38 146.39 146.46 146.41 146.48 146.47 146.52 146.57 146.60 146.58 146.59 146.58 146.57 146.57 146.51 146.48 146.45 146.41 146.37 146.30 146.25 146.20 146.17 146.15 146.16 146.16 146.17 146.18 146.19 146.21 146.21 146.23 146.24 146.24 146.24 146.24 146.23 146.22 146.23 146.23 146.23 146.22 146.23 146.23 146.23 146.24 146.23 146.21 146.22 146.22 146.20 146.21 146.20 146.19 146.18 146.19 146.18 146.17 146.17 146.16 146.16 146.16 146.16 146.15 146.16 146.18 146.19 146.19 146.24 146.23 146.23 146.24 146.25 146.26 146.26 146.28 146.31 146.30 146.28 146.29 146.31 146.31 146.30 146.37 146.36 146.32 146.32 146.31 146.32 146.34 146.33 146.34 146.37 146.39 146.38 146.39 146.40 146.44 146.46 146.46 146.48 146.49 146.51 146.54 146.58 146.58 146.61 146.63 146.66 146.63 146.58 146.55 146.56 146.54 146.53 146.51 146.51 146.50 146.49 146.47 146.45 146.45 146.45 146.41 146.43 146.40 146.37 146.34 146.32 146.33 146.31 146.26 146.28 146.29 146.29 146.29 146.26 146.26 146.25 146.24 146.22 146.23 146.24 146.24 146.22 146.21 146.20 146.18 146.19 146.20 146.19 146.20 146.21
71°N ||     146.16 146.16 146.16 146.15 146.16 146.16 146.46 146.17 146.16 146.15 146.18 146.17 146.17 146.17 146.16 146.15 146.16 146.17 146.16 146.20 146.23 146.20 146.20 146.22 146.24 146.26 146.28 146.31 146.30 146.35 146.34 146.33 146.33 146.38 146.35 146.35 146.39 146.39 146.38 146.37 146.39 146.33 146.31 146.29 146.26 146.24 146.21 146.17 146.16 146.16 146.16 146.17 146.17 146.17 146.18 146.18 146.18 146.19 146.20 146.19 146.19 146.20 146.20 146.20 146.23 146.21 146.21 146.22 146.24 146.22 146.23 146.22 146.21 146.22 146.21 146.20 146.20 146.20 146.20 146.19 146.18 146.18 146.17 146.17 146.16 146.16 146.16 146.16 146.15 146.16 146.18 146.20 146.19 146.19 146.21 146.21 146.23 146.23 146.24 146.25 146.27 146.29 146.30 146.31 146.29 146.28 146.29 146.31 146.30 146.31 146.29 146.31 146.32 146.32 146.34 146.32 146.34 146.35 146.38 146.35 146.40 146.37 146.38 146.42 146.42 146.43 146.44 146.44 146.46 146.49 146.50 146.50 146.52 146.53 146.57 146.56 146.58 146.60 146.61 146.62 146.64 146.64 146.62 146.60 146.57 146.54 146.51 146.50 146.46 146.46 146.42 146.42 146.42 146.41 146.37 146.38 146.33 146.30 146.28 146.27 146.26 146.28 146.25 146.24 146.23 146.21 146.22 146.21 146.24 146.20 146.20 146.20 146.22 146.19 146.18 146.17 146.16 146.18 146.16 146.17
73°N ||     146.16 146.16 146.16 146.16 146.16 146.16 146.17 146.16 146.16 146.17 146.17 146.16 146.16 146.16 146.17 146.16 146.16 146.16 146.15 146.16 146.16 146.19 146.19 146.17 146.20 146.18 146.20 146.16 146.17 146.19 146.17 146.21 146.23 146.25 146.28 146.25 146.28 146.27 146.26 146.23 146.22 146.20 146.19 146.18 146.16 146.16 146.16 146.16 146.16 146.16 146.17 146.18 146.18 146.18 146.18 146.18 146.17 146.17 146.17 146.17 146.17 146.18 146.18 146.18 146.19 146.19 146.20 146.19 146.19 146.20 146.21 146.21 146.21 146.19 146.20 146.20 146.20 146.19 146.18 146.17 146.17 146.17 146.16 146.16 146.16 146.16 146.16 146.15 146.15 146.15 146.17 146.21 146.21 146.21 146.21 146.25 146.24 146.25 146.26 146.25 146.27 146.27 146.28 146.32 146.29 146.29 146.31 146.32 146.33 146.34 146.32 146.32 146.30 146.31 146.32 146.31 146.30 146.33 146.36 146.38 146.36 146.34 146.35 146.39 146.40 146.41 146.43 146.42 146.46 146.46 146.48 146.49 146.48 146.51 146.50 146.51 146.53 146.54 146.55 146.54 146.52 146.51 146.50 146.50 146.48 146.47 146.46 146.45 146.43 146.42 146.43 146.40 146.39 146.37 146.37 146.37 146.32 146.30 146.29 146.29 146.25 146.25 146.26 146.23 146.21 146.19 146.21 146.19 146.17 146.16 146.29 146.55 146.23 146.61 146.16 146.16 146.16 146.16 146.16 146.16
75°N ||     146.16 146.17 146.16 146.17 146.17 146.18 146.17 146.17 146.18 146.17 146.18 146.17 146.17 146.18 146.17 146.18 146.18 146.18 146.18 146.17 146.17 146.17 146.18 146.19 146.17 146.16 146.16 146.16 146.18 146.16 146.16 146.18 146.15 146.16 146.16 146.16 146.17 146.16 146.19 146.16 146.17 146.16 146.16 146.15 146.15 146.16 146.16 146.16 146.16 146.17 146.17 146.17 146.17 146.18 146.18 146.19 146.17 146.17 146.17 146.18 146.18 146.19 146.19 146.19 146.19 146.19 146.18 146.19 146.19 146.18 146.19 146.19 146.19 146.19 146.19 146.19 146.18 146.18 146.17 146.17 146.16 146.16 146.16 146.18 146.16 146.15 146.16 146.17 146.17 146.17 146.19 146.20 146.20 146.22 146.22 146.23 146.21 146.26 146.27 146.28 146.28 146.28 146.29 146.30 146.30 146.29 146.29 146.31 146.33 146.30 146.32 146.33 146.31 146.31 146.31 146.32 146.33 146.32 146.35 146.35 146.35 146.36 146.38 146.35 146.35 146.36 146.40 146.41 146.41 146.44 146.41 146.43 146.42 146.44 146.47 146.46 146.47 146.47 146.47 146.46 146.47 146.44 146.44 146.48 146.45 146.43 146.41 146.40 146.42 146.42 146.40 146.38 146.37 146.36 146.34 146.34 146.32 146.29 146.27 146.26 146.25 146.23 146.22 146.20 146.19 146.20 146.19 146.18 146.17 146.16 146.16 146.16 146.16 146.16 146.17 146.17 146.17 146.17 146.16 146.16
77°N ||     146.18 146.17 146.16 146.18 146.16 146.18 146.17 146.19 146.17 146.17 146.18 146.18 146.19 146.18 146.18 146.16 146.28 146.31 146.23 146.17 146.17 146.16 146.22 146.25 146.20 146.18 146.17 146.17 146.16 146.16 146.16 146.16 146.16 146.16 146.21 146.16 146.16 146.15 146.15 146.18 146.16 146.16 146.15 146.15 146.16 146.16 146.16 146.16 146.17 146.17 146.17 146.18 146.17 146.18 146.18 146.19 146.19 146.19 146.19 146.19 146.19 146.25 146.22 146.17 146.18 146.17 146.17 146.18 146.17 146.17 146.17 146.17 146.17 146.17 146.17 146.17 146.17 146.17 146.17 146.17 146.16 146.16 146.16 146.15 146.15 146.15 146.18 146.18 146.17 146.18 146.18 146.19 146.21 146.23 146.24 146.23 146.23 146.23 146.25 146.26 146.26 146.27 146.28 146.26 146.28 146.29 146.29 146.29 146.30 146.30 146.30 146.31 146.32 146.34 146.34 146.34 146.32 146.35 146.34 146.37 146.36 146.35 146.34 146.34 146.34 146.34 146.35 146.36 146.37 146.39 146.38 146.40 146.41 146.44 146.55 146.46 146.42 146.42 146.40 146.41 146.42 146.42 146.42 146.42 146.41 146.41 146.39 146.40 146.39 146.41 146.38 146.36 146.36 146.34 146.32 146.31 146.30 146.29 146.30 146.27 146.26 146.24 146.21 146.20 146.19 146.19 146.18 146.16 146.16 146.16 146.16 146.16 146.16 146.18 146.17 146.17 146.18 146.18 146.17 146.18
79°N ||     146.16 146.18 146.16 146.16 146.16 146.16 146.16 146.16 146.17 146.16 146.16 146.17 146.16 146.16 146.16 146.16 146.17 146.17 146.17 146.16 146.16 146.17 146.17 146.17 146.18 146.18 146.17 146.15 146.16 146.16 146.16 146.16 146.16 146.16 146.16 146.16 146.16 146.16 146.16 146.16 146.16 146.16 146.16 146.16 146.15 146.16 146.16 146.16 146.16 146.17 146.17 146.17 146.17 146.17 146.18 146.18 146.17 146.18 146.19 146.19 146.19 146.19 146.19 146.19 146.19 146.19 146.19 146.19 146.18 146.17 146.16 146.16 146.16 146.16 146.16 146.16 146.16 146.16 146.16 146.16 146.16 146.16 146.19 146.34 146.23 146.17 146.56 146.49 146.22 146.74 146.52 146.32 146.45 146.63 146.37 146.69 146.64 146.35 146.47 146.63 146.58 146.53 146.46 146.31 146.29 146.32 146.30 146.30 146.29 146.30 146.30 146.30 146.31 146.31 146.33 146.32 146.32 146.32 146.33 146.40 146.26 146.41 146.34 146.35 146.36 146.35 146.36 146.37 146.36 146.36 146.36 146.36 146.37 146.36 146.36 146.36 146.35 146.35 146.37 146.36 146.37 146.38 146.40 146.39 146.39 146.41 146.44 146.43 146.41 146.39 146.37 146.38 146.35 146.33 146.32 146.30 146.30 146.28 146.28 146.28 146.26 146.24 146.23 146.21 146.20 146.18 146.19 146.19 146.18 146.16 146.16 146.15 146.15 146.16 146.16 146.15 146.15 146.16 146.16 146.16
81°N ||     146.38 146.37 146.36 146.34 146.36 146.36 146.35 146.35 146.35 146.34 146.33 146.32 146.32 146.31 146.30 146.29 146.29 146.28 146.28 146.27 146.27 146.26 146.25 146.24 146.23 146.22 146.20 146.17 146.18 146.18 146.17 146.17 146.17 146.16 146.25 146.27 146.31 146.23 146.43 146.39 146.34 146.29 146.16 146.17 146.17 146.17 146.16 146.18 146.17 146.19 146.34 146.35 146.43 146.36 146.23 146.35 146.49 146.48 146.44 146.39 146.18 146.18 146.17 146.17 146.15 146.15 146.17 146.20 146.25 146.34 146.34 146.37 146.53 146.44 146.52 146.65 146.75 146.66 146.79 146.89 146.92 147.09 147.06 147.17 147.17 147.13 147.28 147.30 147.29 147.36 147.31 147.23 147.42 147.42 147.23 147.36 147.35 147.48 147.48 147.45 147.22 147.15 147.16 147.16 147.16 147.11 147.30 146.88 146.79 146.45 146.46 146.75 146.61 146.36 146.48 146.45 146.57 146.51 146.40 146.64 146.62 146.66 146.62 146.60 146.48 146.35 146.55 146.51 146.52 146.52 146.48 146.49 146.49 146.48 146.47 146.46 146.42 146.38 146.34 146.34 146.34 146.34 146.33 146.34 146.33 146.35 146.34 146.33 146.32 146.30 146.30 146.29 146.28 146.28 146.28 146.28 146.28 146.26 146.26 146.27 146.27 146.26 146.25 146.25 146.24 146.25 146.25 146.26 146.27 146.29 146.32 146.31 146.31 146.32 146.32 146.34 146.35 146.37 146.37 146.38
83°N ||     146.54 146.54 146.54 146.54 146.54 146.54 146.53 146.53 146.52 146.52 146.50 146.49 146.49 146.47 146.47 146.45 146.43 146.43 146.40 146.40 146.39 146.38 146.38 146.39 146.39 146.42 146.37 146.38 146.43 146.66 146.74 146.84 146.69 146.64 146.85 146.76 146.88 146.86 146.87 146.93 147.00 146.93 147.06 147.14 147.14 147.03 147.04 147.08 147.03 146.98 146.88 146.80 146.68 146.64 146.85 146.79 146.90 146.98 147.00 146.92 146.98 146.63 146.65 146.32 146.28 146.21 146.17 146.16 146.16 146.25 146.35 146.47 146.60 146.70 146.75 146.86 146.93 147.00 147.05 147.09 147.12 147.17 147.20 147.23 147.28 147.32 147.35 147.38 147.40 147.40 147.41 147.41 147.42 147.44 147.46 147.48 147.51 147.52 147.54 147.55 147.56 147.58 147.60 147.62 147.63 147.64 147.65 147.65 147.64 147.56 147.44 147.30 147.32 147.27 147.38 147.29 147.15 147.11 147.18 147.25 147.29 147.27 147.10 147.21 147.16 147.25 147.18 147.15 147.21 147.16 147.27 147.24 147.15 147.03 147.08 147.10 147.07 147.16 147.10 147.09 146.99 146.82 146.78 146.71 146.49 146.50 146.38 146.31 146.30 146.31 146.32 146.33 146.32 146.32 146.30 146.29 146.30 146.30 146.32 146.33 146.34 146.34 146.35 146.37 146.38 146.39 146.40 146.42 146.42 146.43 146.44 146.45 146.46 146.47 146.48 146.49 146.51 146.52 146.53 146.54
85°N ||     146.46 146.51 146.46 146.41 146.38 146.31 146.90 146.96 146.85 146.77 147.02 146.83 146.94 146.99 146.97 146.84 147.22 147.36 147.39 147.38 147.38 147.21 146.92 147.08 147.10 147.01 146.79 146.97 147.01 146.86 146.95 147.51 147.45 147.24 147.44 147.52 147.53 147.54 147.52 147.50 147.51 147.42 147.48 147.54 147.51 147.56 147.61 147.60 147.60 147.51 147.50 147.53 147.48 147.33 147.34 147.43 147.41 147.39 147.35 147.31 147.29 147.33 147.24 147.30 147.33 147.33 147.16 147.15 146.96 146.87 146.81 146.65 146.73 146.74 146.78 146.74 146.68 146.65 146.63 146.61 146.54 146.47 146.60 146.79 147.03 147.06 147.02 146.98 146.92 146.80 146.67 146.73 147.25 147.39 147.40 147.35 147.39 147.43 147.51 147.55 147.57 147.52 147.58 147.61 147.63 147.65 147.67 147.68 147.68 147.70 147.70 147.70 147.69 147.69 147.68 147.67 147.65 147.64 147.64 147.64 147.63 147.61 147.60 147.61 147.62 147.62 147.62 147.62 147.61 147.62 147.61 147.62 147.62 147.61 147.58 147.58 147.53 147.53 147.54 147.41 147.56 147.55 147.55 147.32 147.29 147.26 147.18 146.97 147.17 147.30 147.21 147.31 147.09 147.04 146.91 146.79 147.03 146.90 146.81 146.76 146.77 146.94 146.86 146.63 146.71 146.70 146.59 146.42 146.49 146.39 146.47 146.55 146.62 146.71 146.62 146.51 146.46 146.60 146.60 146.57
87°N ||     147.76 147.69 147.72 147.71 147.66 147.70 147.69 147.71 147.81 147.83 147.83 147.82 147.79 147.77 147.81 147.85 147.86 147.85 147.86 147.86 147.85 147.80 147.80 147.92 147.91 147.91 147.89 147.88 147.86 147.86 147.85 147.89 147.93 147.90 147.92 147.98 148.00 148.00 148.01 148.01 147.98 147.99 147.95 147.96 147.99 148.03 148.03 148.04 148.03 148.01 148.01 148.02 148.01 148.00 147.96 147.90 147.89 147.86 147.84 147.84 147.88 147.90 147.91 147.92 147.93 147.93 147.94 147.93 147.92 147.90 147.78 147.59 147.55 147.62 147.64 147.68 147.62 147.67 147.69 147.64 147.72 147.75 147.77 147.77 147.74 147.78 147.75 147.67 147.73 147.69 147.78 147.82 147.79 147.83 147.87 147.88 147.86 147.87 147.84 147.85 147.88 147.92 147.91 147.88 147.87 147.93 147.94 147.95 147.97 147.98 147.98 147.96 147.98 147.97 147.97 147.95 147.95 147.93 147.94 147.86 147.96 147.95 147.93 147.90 147.84 147.80 147.90 147.91 147.87 147.87 147.83 147.89 147.95 147.94 147.94 147.94 147.94 147.92 147.87 147.87 147.87 147.86 147.84 147.86 147.83 147.83 147.82 147.85 147.89 147.93 147.89 147.93 147.87 147.90 147.95 147.94 147.93 147.78 147.84 147.79 147.85 147.73 147.73 147.67 147.67 147.66 147.70 147.72 147.71 147.70 147.72 147.67 147.63 147.64 147.64 147.63 147.68 147.64 147.59 147.69
89°N ||     148.09 148.09 148.09 148.07 148.07 148.12 148.12 148.14 148.14 148.14 148.14 148.14 148.14 148.14 148.14 148.15 148.15 148.15 148.15 148.15 148.15 148.15 148.14 148.15 148.15 148.15 148.15 148.16 148.17 148.17 148.18 148.18 148.18 148.18 148.19 148.19 148.19 148.19 148.19 148.19 148.19 148.19 148.20 148.20 148.20 148.20 148.20 148.20 148.20 148.20 148.19 148.19 148.19 148.18 148.18 148.17 148.17 148.17 148.16 148.16 148.16 148.16 148.16 148.15 148.15 148.15 148.14 148.14 148.14 148.14 148.14 148.14 148.13 148.13 148.12 148.12 148.11 148.11 148.10 148.10 148.10 148.10 148.10 148.10 148.10 148.09 148.09 148.10 148.10 148.10 148.10 148.09 148.08 148.08 148.09 148.10 148.11 148.10 148.07 148.06 148.08 148.10 148.10 148.11 148.11 148.12 148.12 148.13 148.13 148.13 148.13 148.14 148.14 148.14 148.14 148.14 148.15 148.15 148.15 148.15 148.15 148.15 148.15 148.15 148.14 148.15 148.15 148.15 148.15 148.16 148.16 148.16 148.16 148.16 148.16 148.17 148.17 148.18 148.18 148.18 148.18 148.18 148.18 148.18 148.18 148.18 148.18 148.18 148.18 148.18 148.17 148.17 148.17 148.16 148.16 148.15 148.15 148.14 148.15 148.15 148.15 148.15 148.15 148.15 148.15 148.15 148.15 148.15 148.14 148.14 148.14 148.13 148.13 148.12 148.12 148.12 148.11 148.11 148.10 148.10
