East longitude (degrees): -179:2:179
North latitude (degrees): -89:2:89

Absorbed dose on Martian Surface (1E-6 Gy/day), 2D array where Absorbed dose(i,j)= value at latitude(i) and longitude(j).
179.03 179.05 179.08 179.09 179.09 179.08 179.08 179.09 179.10 179.12 179.19 179.22 179.21 179.23 179.29 179.31 179.35 179.38 179.40 179.37 179.34 179.36 179.36 179.35 179.33 179.31 179.29 179.29 179.31 179.30 179.31 179.32 179.32 179.31 179.32 179.31 179.29 179.27 179.23 179.19 179.16 179.12 179.09 179.07 179.06 179.06 179.06 179.07 179.06 179.06 179.05 179.05 179.03 179.03 179.03 179.03 178.99 178.98 178.97 178.98 178.98 178.97 178.99 178.97 178.98 179.00 179.00 178.93 178.89 178.91 178.88 178.89 178.89 178.89 178.87 178.85 178.85 178.84 178.84 178.84 178.84 178.85 178.86 178.85 178.87 178.87 178.87 178.87 178.87 178.88 178.88 178.90 178.90 178.89 178.89 178.90 178.90 178.90 178.89 178.88 178.86 178.87 178.87 178.87 178.88 178.88 178.88 178.89 178.89 178.90 178.90 178.89 178.88 178.90 178.94 178.97 178.97 178.97 178.98 178.99 179.00 179.01 179.02 179.04 179.06 179.08 179.08 179.10 179.11 179.12 179.13 179.13 179.14 179.15 179.16 179.18 179.18 179.18 179.18 179.19 179.16 179.16 179.15 179.13 179.13 179.12 179.12 179.10 179.07 179.06 179.05 179.05 179.05 179.03 179.03 179.02 179.02 179.02 179.02 179.03 179.02 179.01 179.00 178.99 178.98 178.98 178.98 178.98 178.98 178.99 179.00 179.01 179.02 179.03 179.03 179.03 179.03 179.03 179.03 179.03
179.56 179.57 179.55 179.56 179.55 179.57 179.58 179.58 179.58 179.57 179.57 179.57 179.56 179.55 179.54 179.54 179.54 179.54 179.54 179.53 179.54 179.54 179.56 179.56 179.56 179.55 179.55 179.54 179.55 179.52 179.56 179.56 179.53 179.53 179.53 179.53 179.53 179.53 179.53 179.51 179.49 179.51 179.50 179.50 179.49 179.49 179.49 179.48 179.47 179.45 179.40 179.45 179.39 179.29 179.31 179.28 179.24 179.18 179.15 179.15 179.25 179.00 179.07 178.93 178.89 178.89 178.85 178.82 178.80 178.80 178.80 178.81 178.86 178.84 178.67 178.63 178.58 178.52 178.51 178.65 178.44 178.31 178.31 178.24 178.23 178.24 178.26 178.29 178.32 178.33 178.36 178.34 178.32 178.28 178.27 178.60 178.53 178.66 178.51 178.63 178.61 178.64 178.71 178.72 178.75 178.81 178.85 178.94 178.98 179.00 178.92 178.92 178.94 178.97 178.99 178.99 179.02 179.04 179.08 179.09 179.12 179.15 179.16 179.18 179.21 179.20 179.21 179.24 179.27 179.26 179.28 179.29 179.30 179.32 179.36 179.41 179.43 179.47 179.45 179.41 179.36 179.35 179.33 179.32 179.31 179.31 179.28 179.17 179.15 179.15 179.15 179.15 179.17 179.17 179.17 179.18 179.21 179.25 179.29 179.28 179.31 179.33 179.36 179.36 179.40 179.42 179.45 179.46 179.50 179.51 179.54 179.54 179.55 179.54 179.52 179.50 179.47 179.50 179.55 179.57
179.37 179.38 179.39 179.40 179.40 179.40 179.41 179.42 179.42 179.42 179.42 179.42 179.42 179.44 179.43 179.41 179.42 179.44 179.44 179.44 179.45 179.45 179.46 179.46 179.46 179.46 179.47 179.49 179.50 179.53 179.56 179.56 179.56 179.57 179.56 179.56 179.54 179.56 179.56 179.56 179.56 179.54 179.53 179.54 179.58 179.58 179.57 179.58 179.57 179.55 179.56 179.54 179.54 179.54 179.57 179.57 179.52 179.51 179.52 179.52 179.56 179.31 179.27 179.30 179.35 179.37 179.29 179.33 179.33 179.15 179.25 179.24 179.09 179.04 179.07 178.93 179.11 179.24 179.39 179.23 179.14 179.12 179.15 179.15 179.19 179.14 179.12 179.07 179.07 179.14 179.08 179.08 179.13 179.10 179.09 179.11 179.13 179.15 179.14 179.16 179.14 179.23 179.37 179.45 179.44 179.42 179.41 179.42 179.40 179.41 179.43 179.44 179.45 179.46 179.39 179.39 179.40 179.41 179.40 179.39 179.39 179.40 179.41 179.43 179.46 179.47 179.47 179.46 179.45 179.44 179.43 179.42 179.40 179.40 179.41 179.44 179.54 179.51 179.40 179.47 179.58 179.57 179.55 179.57 179.51 179.47 179.44 179.42 179.43 179.45 179.41 179.42 179.43 179.46 179.49 179.51 179.51 179.51 179.51 179.50 179.50 179.46 179.43 179.41 179.40 179.42 179.44 179.46 179.49 179.52 179.48 179.49 179.48 179.47 179.45 179.43 179.42 179.41 179.38 179.37
179.39 179.40 179.40 179.41 179.41 179.41 179.42 179.42 179.43 179.44 179.44 179.45 179.46 179.47 179.46 179.47 179.47 179.48 179.49 179.49 179.50 179.51 179.52 179.52 179.53 179.54 179.55 179.56 179.57 179.58 179.57 179.56 179.55 179.54 179.56 179.57 179.57 179.57 179.57 179.58 179.56 179.56 179.56 179.57 179.57 179.57 179.57 179.52 179.51 179.51 179.54 179.53 179.55 179.54 179.52 179.54 179.54 179.46 179.44 179.43 179.56 179.52 179.54 179.56 179.48 179.57 179.57 179.57 179.43 179.55 179.42 179.29 179.14 179.11 179.21 179.34 179.33 179.35 179.32 179.21 179.21 179.24 179.34 179.31 179.30 179.36 179.39 179.39 179.35 179.35 179.48 179.49 179.45 179.14 179.49 179.51 179.53 179.55 179.55 179.57 179.52 179.57 179.57 179.55 179.57 179.56 179.55 179.57 179.58 179.58 179.58 179.57 179.55 179.54 179.52 179.48 179.57 179.57 179.58 179.58 179.58 179.55 179.55 179.54 179.55 179.55 179.55 179.53 179.53 179.54 179.54 179.54 179.56 179.56 179.56 179.52 179.30 179.35 179.34 179.35 179.34 179.58 179.58 179.58 179.58 179.58 179.58 179.58 179.58 179.58 179.57 179.56 179.55 179.55 179.54 179.51 179.50 179.50 179.54 179.56 179.55 179.51 179.45 179.48 179.43 179.43 179.35 179.33 179.32 179.31 179.34 179.40 179.48 179.49 179.45 179.40 179.38 179.37 179.37 179.38
179.46 179.47 179.47 179.49 179.45 179.47 179.48 179.49 179.50 179.51 179.52 179.54 179.55 179.56 179.54 179.54 179.54 179.55 179.56 179.56 179.57 179.57 179.57 179.58 179.58 179.58 179.58 179.58 179.58 179.58 179.57 179.55 179.56 179.56 179.54 179.54 179.57 179.57 179.57 179.57 179.54 179.56 179.58 179.57 179.56 179.57 179.57 179.57 179.56 179.57 179.57 179.58 179.55 179.16 179.15 179.09 178.98 179.35 179.07 179.19 179.38 179.33 179.28 179.31 179.33 179.38 179.35 179.33 179.37 179.40 179.33 179.41 179.48 179.46 179.44 179.44 179.47 179.48 179.47 179.44 179.05 179.46 179.53 179.54 179.54 179.54 179.54 179.53 179.53 179.53 179.53 179.52 179.54 179.57 179.58 179.54 179.33 179.00 179.41 179.40 179.55 179.58 179.58 179.58 179.56 179.53 179.50 179.42 179.44 179.47 179.52 179.44 179.41 179.37 179.38 179.35 179.33 179.29 179.31 179.31 179.32 179.30 179.32 179.36 179.36 179.29 179.50 179.49 179.47 179.45 179.43 179.34 179.32 179.28 179.26 179.27 179.29 179.49 179.57 179.54 179.54 179.53 179.53 179.55 179.56 179.57 179.56 179.57 179.57 179.58 179.58 179.57 179.55 179.58 179.57 179.55 179.53 179.56 179.58 179.56 179.47 179.44 179.55 179.57 179.55 179.52 179.53 179.55 179.46 179.40 179.39 179.43 179.46 179.50 179.52 179.44 179.47 179.47 179.42 179.43
179.51 179.52 179.53 179.54 179.54 179.53 179.54 179.54 179.55 179.57 179.55 179.56 179.57 179.57 179.58 179.57 179.57 179.52 179.57 179.55 179.58 179.58 179.58 179.51 179.39 179.58 179.53 179.38 179.50 179.48 179.50 179.50 179.50 179.50 179.48 179.47 179.47 179.47 179.49 179.50 179.50 179.53 179.31 179.25 179.56 179.55 179.54 179.56 179.57 179.34 179.15 179.50 179.11 179.31 179.28 179.13 178.89 179.54 179.30 179.47 179.22 179.34 179.55 179.42 179.43 179.28 179.26 179.30 179.31 179.33 179.34 179.32 179.33 179.32 179.34 179.36 179.34 179.31 179.32 179.42 179.36 179.26 179.43 179.44 179.43 179.28 179.46 179.39 179.47 179.45 179.42 179.46 179.47 179.54 179.51 179.52 179.43 179.54 179.57 179.54 179.56 179.51 179.50 179.49 179.48 179.41 179.47 179.43 179.50 179.42 179.54 179.48 179.52 179.52 179.57 179.57 179.45 179.38 179.27 179.25 179.22 179.23 179.22 179.23 179.21 179.23 179.25 179.23 179.24 179.22 179.26 179.27 179.22 179.24 179.24 179.24 179.20 179.19 179.23 179.24 179.24 179.22 179.36 179.48 179.43 179.53 179.57 179.57 179.57 179.57 179.57 179.58 179.54 179.16 179.27 179.55 179.55 179.50 179.54 179.55 179.57 179.55 179.51 179.48 179.46 179.49 179.46 179.52 179.49 179.48 179.48 179.49 179.50 179.45 179.43 179.46 179.48 179.50 179.50 179.50
179.57 179.55 179.57 179.56 179.56 179.57 179.57 179.57 179.58 179.57 179.57 179.57 179.53 179.55 179.56 179.56 179.54 179.54 179.53 179.54 179.55 179.55 179.55 179.52 179.55 179.52 179.47 179.45 179.49 179.47 179.47 179.47 179.46 179.46 179.46 179.45 179.46 179.45 179.46 179.45 179.46 179.44 179.47 179.50 179.51 179.55 179.57 179.42 179.57 179.56 179.31 179.45 179.48 179.53 179.57 179.55 179.51 179.47 179.46 179.49 179.39 179.29 179.35 179.33 179.23 179.23 179.25 179.22 179.22 179.24 179.24 179.24 179.26 179.24 179.26 179.27 179.29 179.35 179.43 179.41 179.44 179.49 179.51 179.55 179.48 179.39 179.45 179.44 179.51 179.47 179.46 179.47 179.54 179.56 179.57 179.58 179.49 179.42 179.57 179.16 178.97 178.83 178.82 179.51 179.46 179.50 179.49 179.43 179.50 179.41 179.49 179.48 179.52 179.34 179.20 179.31 179.51 179.54 179.58 179.57 179.57 179.51 179.48 179.56 179.42 179.41 179.37 179.38 179.42 179.47 179.56 179.31 179.21 179.54 179.44 179.36 179.23 179.27 179.35 179.35 179.49 179.49 179.47 179.35 179.20 179.23 179.32 179.37 179.47 179.49 179.51 179.54 179.52 179.50 179.48 179.55 179.55 179.55 179.52 179.53 179.53 179.51 179.51 179.54 179.53 179.52 179.54 179.55 179.56 179.55 179.54 179.55 179.57 179.54 179.54 179.55 179.56 179.57 179.58 179.57
179.57 179.57 179.57 179.57 179.55 179.58 179.57 179.37 179.55 179.55 179.30 179.07 179.48 179.50 179.50 179.47 179.52 179.50 179.50 179.53 179.54 179.47 179.48 179.43 179.48 179.46 179.44 179.44 179.45 179.46 179.46 179.46 179.45 179.46 179.52 179.47 179.47 179.47 179.48 179.48 179.49 179.50 179.50 179.49 179.48 179.46 179.48 179.50 179.53 179.55 179.48 179.58 179.58 179.55 179.43 179.42 179.45 179.31 179.23 179.21 179.19 179.19 179.22 179.25 179.26 179.27 179.29 179.38 179.27 179.31 179.39 179.44 179.44 179.49 179.49 179.47 179.51 179.46 179.51 179.50 179.47 179.43 179.38 179.48 179.34 179.44 179.45 179.38 179.46 179.46 179.48 179.54 179.56 179.50 179.47 179.47 179.47 179.48 179.46 179.49 179.53 179.51 179.51 179.52 179.45 179.44 179.44 179.46 179.49 179.52 179.53 179.56 179.57 179.46 179.56 179.55 179.56 179.57 179.56 179.57 179.56 179.55 179.56 179.52 179.55 179.27 179.12 179.58 179.57 179.57 179.56 179.43 179.47 179.53 179.53 179.53 179.49 179.55 179.51 179.43 179.40 179.53 179.13 179.22 179.17 179.54 179.40 179.47 179.35 179.23 179.31 179.34 179.38 179.37 179.30 179.56 179.48 179.47 179.47 179.47 179.46 179.49 179.55 179.55 179.54 179.50 179.51 179.54 179.55 179.55 179.55 179.55 179.56 179.57 179.58 179.58 179.58 179.58 179.58 179.58
179.30 179.57 179.47 179.46 179.50 179.55 179.33 179.46 179.46 179.46 179.54 179.58 179.07 179.56 179.51 179.46 179.48 179.49 179.51 179.53 179.55 179.57 179.35 179.57 179.58 179.40 179.50 179.51 179.50 179.49 179.48 179.48 179.43 179.54 179.52 179.57 179.56 179.49 179.51 179.50 179.50 179.49 179.51 179.49 179.48 179.48 179.48 179.53 179.27 178.60 178.57 178.34 178.41 179.44 179.30 179.31 179.22 179.19 179.18 179.16 179.15 179.16 179.20 179.25 179.22 179.40 179.34 179.25 179.23 179.22 179.23 179.36 179.42 179.33 179.40 179.46 179.49 179.45 179.35 179.49 179.48 179.49 179.47 179.35 179.42 179.30 179.21 179.24 179.31 179.28 179.45 179.46 179.54 179.45 179.46 179.43 179.38 179.37 179.38 179.39 179.37 179.37 179.33 179.36 179.39 179.42 179.36 179.50 179.52 179.55 179.54 179.55 179.55 179.56 179.47 179.53 179.50 179.53 179.51 179.55 179.55 179.58 179.57 179.56 179.57 179.58 179.56 179.55 179.52 179.52 179.54 179.51 179.50 179.49 179.47 179.46 179.47 179.41 179.51 179.56 179.44 179.52 179.55 179.57 179.57 179.55 179.55 179.45 179.00 179.38 179.49 179.47 179.39 179.36 179.22 179.13 179.35 179.52 179.49 179.54 179.51 179.55 179.57 179.50 179.53 179.56 179.56 179.57 179.57 179.54 179.34 179.44 179.53 179.55 179.55 179.56 179.54 179.57 179.56 179.31
179.39 179.38 179.33 179.30 179.25 179.14 179.04 179.10 179.09 179.07 179.07 179.43 179.54 179.56 179.52 179.52 179.58 179.57 179.28 179.56 179.53 179.56 179.58 179.58 178.76 179.42 179.50 179.50 179.52 179.56 179.55 179.55 179.55 179.53 179.54 179.55 179.55 179.50 179.53 179.53 179.50 179.52 179.49 179.51 179.50 179.49 179.54 179.56 179.56 179.13 178.69 178.75 178.41 179.56 179.32 179.24 179.21 179.17 179.21 179.20 179.15 179.32 179.38 179.32 179.26 179.22 179.11 179.29 179.28 179.56 179.50 179.43 179.48 179.41 179.50 179.35 179.44 179.56 179.58 179.58 179.55 179.35 179.46 179.47 179.40 179.40 179.34 179.42 179.30 179.38 179.10 179.18 179.39 179.36 179.36 179.42 179.44 179.52 179.44 179.36 179.28 179.41 179.39 179.39 179.40 179.38 179.49 179.55 179.57 179.54 179.54 179.52 179.52 179.48 179.47 179.49 179.42 179.47 179.44 179.42 179.44 179.38 179.37 179.44 179.22 179.49 179.56 179.56 179.17 179.18 179.54 179.50 179.53 179.40 179.54 179.55 179.55 179.48 179.57 179.56 179.31 179.49 179.38 179.46 179.36 179.35 179.36 179.46 179.45 179.37 179.29 179.34 179.21 179.29 178.77 178.56 178.66 178.98 179.16 179.33 179.22 179.33 179.40 179.29 179.21 179.25 179.27 179.35 179.41 179.13 179.39 179.27 179.33 179.32 179.50 179.50 179.49 179.46 179.55 179.32
179.54 179.54 179.47 179.37 179.50 178.59 178.73 179.11 178.99 179.01 179.05 179.18 179.46 179.39 179.45 179.29 179.55 179.56 179.49 179.54 179.47 179.52 179.48 179.38 179.58 179.39 179.54 179.49 179.57 179.30 179.58 179.58 179.57 179.57 179.57 179.56 179.51 179.51 179.48 179.48 179.43 179.48 179.48 179.46 179.46 178.95 179.50 179.41 179.41 179.41 179.38 179.32 179.31 179.26 179.24 179.28 179.25 179.24 179.34 179.34 179.42 179.24 179.26 179.15 179.25 179.34 179.53 179.52 179.51 179.51 179.52 179.42 179.47 179.42 179.36 179.24 179.23 179.51 179.57 179.55 179.53 179.36 179.28 179.50 179.53 179.56 179.55 179.56 179.51 179.44 179.43 179.39 179.39 179.37 179.34 179.37 179.31 179.32 179.33 179.30 179.33 179.35 179.32 179.35 179.43 179.49 179.58 179.36 179.28 179.34 179.43 179.49 179.46 179.49 179.45 179.54 179.53 179.42 179.29 179.19 179.08 179.17 179.15 179.10 179.11 179.17 179.34 179.49 179.54 179.54 179.38 179.48 179.50 179.38 179.09 179.34 179.52 179.56 179.49 179.57 179.58 179.58 179.57 179.58 179.56 179.48 179.44 179.50 179.33 179.32 179.32 179.28 179.46 179.45 179.32 178.80 178.96 179.48 178.80 178.90 178.97 179.15 179.21 179.26 179.37 179.47 179.51 179.44 179.57 179.56 179.53 179.30 179.39 179.46 179.50 179.53 179.54 179.56 179.53 179.53
178.88 179.54 179.56 179.47 179.47 179.43 179.42 178.96 179.09 179.00 178.97 178.98 179.12 179.19 179.40 179.50 179.56 179.58 179.57 179.55 179.55 179.48 179.55 179.56 179.58 179.58 179.57 179.56 179.43 179.54 179.54 179.47 179.40 179.06 179.58 179.57 179.57 179.16 179.50 179.50 179.47 179.47 179.48 179.47 179.47 179.45 179.46 179.42 179.41 179.43 179.41 179.37 179.35 179.35 179.38 179.31 179.22 179.29 179.25 179.30 179.50 179.36 179.26 179.26 179.36 179.37 177.74 177.76 178.52 179.52 179.48 179.47 179.45 179.37 179.30 179.44 179.52 179.58 179.56 179.57 179.57 179.57 179.45 179.54 179.47 179.49 179.46 179.45 179.45 179.45 179.43 179.37 179.40 179.34 179.37 179.32 179.37 179.39 179.35 179.45 179.41 179.57 179.58 179.58 179.57 179.57 179.15 178.75 178.80 179.11 179.21 179.40 179.39 179.50 179.45 179.48 179.35 179.25 179.13 179.10 179.12 179.13 179.09 179.09 179.14 178.98 178.98 178.88 178.86 179.22 179.48 179.57 179.50 179.45 179.56 179.57 179.57 179.53 179.54 179.49 179.54 179.56 179.56 179.42 179.55 179.56 179.58 179.57 179.51 179.42 179.29 179.10 179.36 179.27 179.20 179.18 179.17 179.06 179.31 179.22 179.27 179.26 179.36 179.45 179.35 179.37 179.38 179.39 179.41 179.53 179.35 179.45 179.47 179.52 179.57 179.40 179.55 179.57 179.57 179.53
179.56 179.58 179.57 179.58 179.57 179.38 179.23 178.96 179.12 179.08 179.10 179.02 179.02 179.03 179.11 179.25 179.33 179.36 179.41 179.51 179.58 179.58 179.57 179.58 179.56 179.58 179.57 179.34 179.46 179.58 179.56 179.58 179.57 179.58 179.58 179.57 179.56 179.55 179.54 179.50 179.50 179.47 179.46 179.46 179.42 179.41 179.42 179.42 179.41 179.41 179.45 179.47 179.49 179.44 179.39 179.34 179.34 179.33 179.39 179.56 178.96 179.24 179.12 178.93 179.38 179.13 178.89 178.81 179.44 179.47 179.38 179.44 179.41 179.36 179.25 179.30 179.47 179.52 179.56 179.57 179.58 179.57 179.33 179.53 179.49 179.47 179.47 179.49 179.54 179.45 179.44 179.43 179.44 179.38 179.42 179.35 179.24 179.33 179.43 179.40 179.49 179.48 179.51 179.53 179.57 179.54 179.56 179.50 179.46 179.50 179.52 179.53 179.52 179.27 179.20 178.80 178.83 179.02 179.14 179.20 179.20 179.08 178.96 178.98 178.87 178.92 178.95 178.90 178.91 178.82 179.44 179.46 179.48 179.51 178.62 179.57 179.56 179.54 179.41 179.55 179.55 179.55 179.58 179.58 179.58 179.56 179.53 179.45 179.45 179.57 179.32 179.46 179.46 179.30 179.32 179.57 179.56 179.53 179.35 179.46 179.54 179.55 179.33 179.49 179.39 179.33 179.39 179.36 179.38 179.39 179.49 179.53 179.55 179.57 179.48 179.42 179.54 179.56 179.58 179.57
179.56 179.57 179.39 179.58 179.57 179.55 179.47 179.38 179.28 179.35 179.19 179.29 178.90 179.17 179.16 179.24 179.21 179.19 179.25 179.45 179.57 179.57 179.57 179.58 179.58 179.58 179.58 179.58 179.57 179.58 179.58 179.58 179.57 179.57 179.57 179.58 179.57 179.56 179.51 179.55 179.46 179.55 179.56 179.51 179.49 179.46 179.54 179.47 179.49 179.47 179.54 179.48 179.18 179.02 179.22 179.56 179.43 179.22 179.31 179.28 179.31 179.32 179.24 179.07 178.72 178.94 179.41 178.86 179.46 179.19 179.33 179.43 179.39 179.45 179.40 179.15 179.03 179.11 179.17 179.36 179.43 179.53 179.50 179.51 179.52 179.49 179.47 179.46 179.46 179.47 179.47 179.46 179.43 179.45 179.43 179.48 179.44 179.41 179.45 179.38 179.37 179.46 179.44 179.38 179.44 179.48 179.54 179.57 179.57 179.58 179.49 179.48 179.36 179.00 178.60 178.52 178.47 178.75 178.95 179.02 179.06 179.09 179.04 178.99 178.79 178.70 178.82 178.86 178.83 178.81 179.01 179.37 179.42 179.31 179.48 179.56 179.58 179.58 179.58 179.44 179.42 179.57 179.55 179.56 179.57 179.57 179.56 179.55 179.51 179.51 179.52 179.42 179.55 179.55 179.47 179.34 179.18 179.16 179.32 179.39 179.55 179.51 179.48 179.50 179.48 179.56 179.55 179.58 179.54 179.47 179.43 179.41 179.47 179.39 179.41 179.58 179.54 179.52 179.53 179.23
179.36 179.42 179.56 179.57 179.52 179.46 179.47 179.58 179.55 179.51 179.58 179.57 179.40 179.56 178.46 179.57 179.50 179.51 179.15 179.44 179.47 179.49 179.45 179.56 179.53 179.56 179.21 179.55 179.54 179.58 179.55 179.47 179.46 179.48 179.41 179.47 179.58 179.57 179.58 179.57 179.52 179.57 179.56 179.44 179.56 179.51 179.43 179.36 179.34 179.35 179.37 179.30 179.31 179.46 179.53 179.17 179.17 179.31 179.15 179.16 179.18 179.30 179.18 179.14 178.90 178.43 178.79 179.28 178.71 178.67 178.91 179.16 179.52 179.10 178.93 179.24 179.40 179.36 179.42 179.51 179.57 179.56 179.53 179.44 179.52 179.54 179.56 179.46 179.46 179.47 179.44 179.46 179.46 179.39 179.43 179.40 179.42 179.48 179.43 179.39 179.34 179.42 179.45 179.45 179.56 179.44 179.47 179.46 179.45 179.40 179.34 179.29 179.22 179.08 178.84 178.72 179.16 179.20 179.18 179.31 177.97 178.68 179.26 179.09 178.92 178.83 178.63 178.52 178.86 178.53 178.13 178.53 179.53 178.81 178.99 179.18 179.55 179.55 179.56 179.42 179.58 179.56 179.56 179.57 179.58 179.57 179.57 179.54 179.52 179.55 179.58 179.58 179.58 179.58 179.57 179.27 178.70 178.88 178.90 179.04 179.20 179.35 179.45 179.52 179.53 179.57 179.56 179.51 179.58 179.46 179.57 179.52 179.49 179.55 179.52 179.51 179.57 179.43 179.41 179.41
179.29 179.49 179.49 179.41 179.48 179.53 179.49 179.58 179.58 179.53 179.50 179.57 179.58 179.51 179.55 179.21 179.53 179.49 179.55 179.45 179.45 179.44 179.53 179.56 179.55 179.57 179.58 179.56 179.46 179.57 179.55 179.42 179.38 179.49 179.31 179.49 179.57 179.56 179.54 179.55 179.58 179.52 179.42 179.42 179.45 179.53 179.38 179.29 179.17 179.18 179.17 179.17 179.14 179.12 179.30 179.41 179.34 179.42 179.24 179.14 179.32 179.44 178.35 178.81 179.03 178.29 178.79 178.97 178.68 179.47 179.43 178.80 178.14 179.21 178.76 179.26 179.22 179.41 179.51 179.51 179.57 179.56 179.54 179.57 179.56 179.48 179.52 179.51 179.41 179.57 179.50 179.43 179.40 179.44 179.09 179.49 179.51 179.50 178.96 179.50 179.52 179.41 179.46 179.45 179.42 179.40 179.40 179.42 179.43 179.27 179.20 179.04 178.97 178.96 179.09 179.30 179.26 179.21 179.39 179.53 179.51 179.50 179.21 178.88 178.40 178.20 178.06 178.21 178.03 177.67 178.19 178.27 178.67 178.90 178.77 179.10 179.32 179.55 179.45 179.50 179.07 179.17 179.47 179.48 179.39 179.53 179.51 179.43 179.55 179.58 179.55 179.54 179.57 179.45 179.33 179.21 179.07 179.12 179.04 179.05 179.09 179.16 179.26 179.36 179.52 179.57 179.57 179.57 179.57 179.57 179.44 179.47 179.55 179.58 179.56 179.53 179.45 179.52 179.43 179.37
179.39 179.38 179.24 179.05 179.39 179.51 179.56 179.58 179.54 179.55 179.56 179.16 179.55 179.57 179.52 179.53 179.57 179.48 179.57 179.57 179.24 179.57 179.58 179.58 179.51 179.58 179.57 179.57 179.55 179.52 179.41 179.42 179.50 179.48 179.49 179.43 179.37 179.58 179.57 179.56 179.56 179.56 179.53 179.50 179.47 179.54 179.58 179.57 179.44 179.17 179.15 179.10 179.21 179.24 179.37 179.46 179.57 179.57 179.58 179.57 179.44 178.16 179.13 179.23 178.07 177.75 177.95 178.23 175.65 178.97 177.25 178.58 179.38 179.16 179.34 178.75 178.37 178.81 179.05 178.24 178.20 179.24 179.53 179.51 179.41 179.52 179.50 179.55 179.56 179.48 179.47 179.44 179.51 179.55 179.56 179.57 179.57 179.56 179.47 179.56 179.58 179.57 179.57 179.56 179.56 179.41 179.38 179.29 179.18 179.06 178.93 178.78 178.60 178.42 178.62 178.88 178.75 178.72 178.54 178.86 178.92 178.72 178.11 177.44 176.86 176.90 176.82 176.85 176.84 176.21 177.61 177.91 178.28 177.90 178.21 178.38 178.48 179.11 179.46 179.44 179.01 178.58 179.53 179.57 179.55 179.55 179.57 179.55 179.53 179.56 179.55 179.51 179.48 179.54 179.29 179.48 179.26 179.50 179.57 179.57 179.22 179.16 179.23 179.41 179.54 179.58 179.58 179.57 179.57 179.57 179.54 179.51 179.57 179.58 179.37 179.57 179.58 179.58 179.56 179.38
179.36 179.34 179.27 179.18 179.51 179.52 179.54 179.58 179.54 179.55 179.57 179.57 179.58 179.57 179.57 179.58 179.46 179.54 179.54 179.56 179.57 179.46 179.46 179.25 179.43 179.56 179.56 179.56 179.53 179.55 179.57 179.48 179.49 179.53 179.38 179.55 179.58 179.52 179.51 179.49 179.52 179.49 179.49 179.53 179.57 179.55 179.56 179.56 179.46 179.34 179.18 179.16 179.15 179.43 179.32 179.53 179.56 179.52 179.48 178.78 179.33 177.89 177.40 178.16 179.05 175.33 175.12 174.95 175.13 175.08 175.07 176.66 178.51 179.07 178.09 178.59 179.26 178.65 178.88 178.98 179.31 179.48 179.43 179.44 179.47 179.52 179.50 179.56 179.53 179.57 179.55 179.51 179.42 179.51 179.49 179.17 178.67 179.49 179.50 179.46 179.48 179.50 179.58 179.51 179.57 179.54 179.31 179.24 179.06 178.85 178.64 178.44 178.09 177.70 177.69 177.26 176.93 176.56 176.39 175.67 175.17 174.95 174.81 174.74 174.71 174.80 175.08 175.09 174.67 175.77 176.60 176.96 177.40 178.04 177.73 177.95 179.21 178.96 179.09 179.32 179.41 179.48 179.49 179.49 179.40 179.56 179.58 179.53 179.54 179.44 179.31 179.31 178.26 179.10 179.45 179.44 179.34 179.55 179.52 179.15 179.34 179.45 179.52 179.49 179.58 179.58 179.57 179.55 179.50 179.55 179.56 179.56 179.46 179.54 179.57 179.58 179.54 179.44 179.49 179.39
179.33 179.50 179.47 179.01 178.89 179.57 179.48 179.43 179.43 179.51 179.42 179.57 179.54 179.56 179.56 179.55 179.58 179.50 179.56 179.55 179.57 179.54 179.46 179.55 179.57 179.56 179.05 179.57 179.55 179.56 179.50 179.55 179.55 179.20 179.54 179.54 179.52 179.54 179.48 179.47 179.44 179.47 179.53 179.54 179.57 179.56 179.52 179.53 178.91 178.13 179.56 179.55 179.51 179.55 179.48 179.31 179.38 179.55 179.57 179.35 179.11 177.70 177.39 176.96 174.70 174.79 175.04 175.02 174.96 174.93 174.95 175.18 176.20 177.35 178.90 179.07 178.86 178.42 179.25 179.08 178.92 179.08 179.20 179.30 179.43 178.71 179.17 179.50 179.48 179.44 179.54 179.55 179.56 179.46 179.56 179.58 179.55 179.53 179.51 179.54 179.50 179.46 179.56 179.54 179.42 179.44 179.42 179.24 179.13 179.04 178.48 178.14 177.51 176.90 176.54 175.85 175.09 174.78 174.66 174.83 175.09 175.35 175.48 175.53 175.55 175.27 175.17 175.22 175.23 175.15 174.73 175.64 175.61 175.10 177.76 177.28 177.26 178.02 179.25 179.30 179.26 179.49 179.47 179.56 179.50 179.17 179.51 179.53 179.52 179.52 179.54 179.40 179.22 179.07 178.30 179.32 179.39 179.52 179.10 179.31 179.29 179.27 179.29 179.47 179.52 179.56 179.56 179.55 179.56 179.54 179.51 179.57 179.49 179.49 179.57 179.51 179.50 179.46 179.36 179.32
179.39 179.47 179.54 179.54 179.28 179.33 179.32 179.53 179.28 179.53 179.58 179.52 179.57 179.53 179.56 179.57 179.55 179.54 179.58 179.57 179.58 179.55 179.45 179.39 179.28 179.58 179.53 179.58 179.56 179.56 179.54 179.55 179.57 179.40 179.57 179.52 179.58 179.56 179.50 179.30 179.29 179.23 179.37 179.58 179.57 179.55 179.53 179.56 178.79 178.42 179.53 179.58 179.54 179.48 179.34 179.00 178.78 178.82 179.46 179.56 179.30 179.27 177.27 175.28 174.81 175.13 174.95 174.98 174.97 174.98 174.97 175.07 176.20 176.06 175.60 174.94 178.87 178.81 179.18 179.15 179.01 179.11 179.38 179.47 179.53 179.09 179.49 179.55 179.49 179.50 179.51 179.48 179.44 179.41 179.51 179.54 179.55 179.55 179.53 179.57 179.40 179.54 179.56 179.50 179.53 179.43 179.31 179.12 178.88 178.82 177.85 177.50 177.27 176.16 175.40 174.73 174.66 174.87 175.25 175.78 175.98 176.26 176.37 176.48 176.51 176.53 176.41 176.41 176.33 176.18 176.41 175.99 174.75 174.67 175.65 176.72 178.22 179.49 179.19 178.99 179.23 179.49 178.85 179.28 179.51 179.53 179.54 179.37 179.49 179.43 179.27 179.25 179.34 179.40 179.56 179.39 179.33 179.22 179.32 179.34 179.37 179.48 179.49 179.36 179.38 179.48 179.58 179.38 179.53 179.42 179.54 179.58 179.50 179.56 179.58 179.57 179.52 179.49 179.46 179.40
179.57 179.57 179.57 179.53 179.09 178.86 178.68 179.38 179.43 179.50 179.51 179.55 179.51 179.51 179.57 179.56 179.53 179.55 179.37 179.45 179.53 179.57 179.40 179.32 179.53 179.48 179.56 179.56 179.57 179.57 179.57 179.56 179.57 179.25 179.26 179.25 179.43 179.43 179.45 179.27 179.19 179.23 179.31 179.55 179.58 179.57 179.57 179.57 179.58 179.58 179.57 179.53 179.42 179.36 179.45 179.54 179.40 179.36 179.55 179.55 178.38 177.87 177.44 176.66 175.12 174.71 174.91 174.89 174.95 174.78 174.76 175.14 175.74 178.49 177.39 179.03 178.89 178.62 179.24 179.10 179.04 179.16 179.36 179.51 179.42 179.57 179.56 178.62 179.11 179.50 179.43 179.49 179.22 179.15 179.49 179.37 179.56 179.34 179.57 179.54 179.58 179.58 179.54 179.42 179.35 179.51 179.50 179.08 178.90 178.32 178.89 177.88 176.40 175.12 174.68 174.88 175.28 175.58 176.03 176.31 176.73 176.94 176.73 176.71 176.12 176.49 176.55 176.63 176.55 176.52 176.54 176.54 176.37 175.99 175.09 174.75 176.96 178.26 177.98 178.81 178.48 179.18 179.57 179.50 179.44 179.55 179.53 179.56 179.45 179.39 179.56 179.48 179.48 179.51 179.53 179.35 179.48 179.54 179.57 179.54 179.34 179.48 179.51 179.44 179.57 179.49 179.32 178.98 179.42 179.13 179.23 179.41 179.44 179.57 179.56 179.49 179.54 179.57 179.57 179.55
179.51 179.53 179.57 179.57 179.41 179.11 179.46 179.56 179.51 179.57 179.56 179.55 179.31 179.57 179.41 179.48 179.18 179.28 179.49 179.46 179.57 179.44 179.53 179.57 179.57 179.43 179.52 179.58 179.58 179.58 179.58 179.58 179.56 179.48 179.42 179.46 179.53 179.54 179.54 179.47 179.32 179.29 179.42 179.45 179.41 179.56 179.56 179.57 179.54 179.55 179.49 179.45 179.33 179.34 179.27 179.41 179.53 179.46 179.58 179.47 179.53 178.87 179.21 177.54 177.65 174.90 174.71 174.72 174.76 174.71 174.74 174.95 175.37 178.05 177.75 177.87 179.16 179.20 179.36 179.55 179.26 179.41 179.45 179.48 179.56 179.55 179.57 179.55 179.45 179.49 179.46 179.45 179.10 179.47 179.54 179.56 179.58 179.58 179.49 179.38 179.51 179.55 179.58 179.54 179.10 179.07 179.38 179.15 178.63 178.75 178.92 178.36 176.92 175.95 175.29 176.12 176.43 176.88 177.08 176.72 176.43 176.61 176.83 176.77 176.53 176.33 176.18 176.45 176.58 176.51 176.52 176.39 176.40 176.34 175.93 175.19 174.74 175.84 177.37 177.97 178.24 178.50 179.09 179.44 179.14 179.18 179.44 179.33 179.38 179.39 179.39 179.57 179.54 179.54 179.58 179.57 179.53 179.55 179.48 179.57 179.38 179.31 179.58 179.56 179.49 179.30 179.39 179.27 179.11 179.21 179.25 179.28 179.57 179.52 179.56 179.49 179.58 179.57 179.56 179.58
179.56 179.56 179.56 179.56 179.50 179.52 179.49 179.48 179.43 179.57 179.50 179.57 179.53 179.51 179.52 179.52 179.43 179.51 179.57 179.58 179.56 179.55 179.27 179.55 179.57 179.50 179.58 179.58 179.58 179.57 179.55 179.57 179.56 179.51 179.52 179.51 179.52 179.53 179.55 179.55 179.47 179.44 179.49 179.47 179.42 179.52 179.52 179.46 179.41 179.34 179.32 179.32 179.30 179.10 179.02 179.48 179.56 179.57 179.54 179.46 179.22 179.28 178.82 178.58 178.01 175.97 175.16 174.71 174.73 174.66 174.69 174.78 176.45 177.28 177.97 177.53 179.30 179.34 179.33 178.27 179.51 179.44 179.54 179.55 179.56 179.57 179.57 179.43 179.45 179.49 179.53 179.50 179.32 179.51 179.55 179.50 179.58 179.58 179.57 179.39 179.43 179.57 179.58 179.56 179.36 179.56 179.36 179.17 178.94 178.89 178.74 178.83 176.91 175.24 176.18 176.50 177.05 177.09 176.77 176.99 176.88 177.01 176.91 176.91 176.77 177.00 177.04 176.51 176.44 176.74 176.52 176.44 176.44 176.35 175.92 175.67 174.88 175.00 176.80 177.53 178.22 177.95 179.02 179.09 179.11 179.29 179.28 179.46 179.41 179.37 179.50 179.51 179.38 179.57 179.54 179.57 179.55 179.56 179.41 179.14 179.38 179.50 179.57 179.29 179.18 179.29 179.51 179.17 179.49 179.45 179.31 179.38 179.58 179.58 179.30 179.45 179.47 179.58 179.57 179.58
179.37 179.57 179.29 179.42 179.37 179.53 179.49 179.51 179.52 179.53 179.53 179.49 179.51 179.44 179.54 179.54 179.58 179.55 179.58 179.58 179.51 179.54 179.57 179.57 179.53 179.55 179.58 179.58 179.47 179.54 179.50 179.56 179.56 179.32 179.49 179.49 179.50 179.52 179.56 179.57 179.40 179.35 178.84 178.86 179.27 179.45 179.40 179.31 179.33 179.22 179.17 179.18 179.15 179.20 179.23 179.50 179.52 179.40 179.57 179.56 179.57 179.54 179.28 179.52 178.00 178.20 176.80 176.35 175.94 175.63 176.07 176.16 177.85 177.25 177.70 179.22 179.30 179.15 179.26 179.16 179.35 177.35 179.50 179.47 179.53 179.53 179.56 179.42 179.45 179.54 179.55 179.47 179.48 179.52 179.53 179.57 179.39 179.58 179.44 179.57 179.58 179.58 179.58 179.52 179.54 179.49 179.42 178.45 179.28 178.96 178.95 178.63 176.27 175.10 176.41 176.95 176.93 176.77 176.90 177.08 176.96 176.96 176.82 177.00 176.97 176.56 176.67 176.62 176.80 176.63 176.50 176.48 176.33 176.09 175.36 175.28 174.91 174.67 176.57 176.85 177.53 177.38 178.24 178.43 178.79 178.97 179.28 179.41 179.37 178.80 179.27 179.38 179.40 179.56 179.56 179.56 179.54 179.53 179.54 179.54 179.50 179.53 179.56 179.16 178.98 178.94 179.22 179.31 179.51 179.41 179.42 179.34 179.50 179.56 179.55 179.19 179.56 179.56 179.49 179.51
179.21 179.31 179.28 178.91 179.14 179.54 179.52 179.51 179.25 178.69 177.56 178.07 179.30 179.55 179.58 179.50 179.49 179.55 179.43 179.55 179.48 179.57 179.57 179.57 179.53 179.28 179.47 179.51 179.56 179.44 179.38 179.48 179.42 179.43 179.34 179.45 179.47 179.51 179.52 178.49 178.27 178.15 176.69 176.47 176.55 178.42 178.41 178.43 178.92 179.12 178.98 179.14 179.06 179.15 179.15 179.19 179.24 179.44 179.48 179.58 179.54 179.39 179.49 178.96 179.09 178.23 178.38 177.69 176.72 176.53 176.71 177.82 177.26 178.64 178.60 178.64 178.91 176.95 179.00 179.30 179.23 179.33 179.48 179.50 179.55 179.54 179.32 179.34 179.39 179.47 179.55 179.42 179.56 179.55 179.50 179.57 179.53 179.52 179.57 179.58 179.55 179.51 179.49 179.42 179.38 179.51 179.52 179.12 179.14 179.16 178.85 178.48 176.40 175.14 176.17 176.97 176.93 176.55 177.01 177.03 177.01 176.92 177.04 177.11 176.91 176.56 176.78 176.85 176.71 176.81 176.66 176.46 175.94 175.49 175.28 175.10 174.74 174.78 175.47 176.74 176.10 178.51 178.82 178.62 179.21 179.48 179.26 179.20 179.16 179.21 179.29 179.19 179.25 179.56 179.57 179.58 179.56 179.47 179.58 179.57 179.52 179.56 179.53 179.37 179.28 179.36 179.28 179.33 179.54 179.48 179.47 179.56 179.54 179.53 179.53 179.33 179.51 179.41 179.29 179.46
179.24 179.22 179.38 179.53 179.04 179.35 179.39 179.45 179.56 179.48 178.53 178.50 179.54 179.51 179.55 179.57 179.55 179.52 179.54 179.57 179.54 179.52 179.52 179.55 179.56 179.57 179.53 179.52 179.55 179.52 179.48 178.45 179.14 179.34 179.34 179.40 179.45 179.44 179.08 179.04 178.69 177.78 177.51 177.60 177.90 178.01 177.94 178.14 177.69 178.51 178.98 179.00 179.02 179.09 179.17 179.20 179.30 179.42 179.46 179.57 179.57 179.57 179.52 179.55 179.31 179.23 178.98 177.11 177.48 177.45 177.49 177.53 178.39 178.74 178.50 178.67 178.81 179.06 179.21 179.18 179.24 179.13 179.16 179.45 179.47 179.55 179.42 179.14 179.45 179.46 179.38 179.35 179.41 179.55 179.31 179.58 179.58 179.55 179.56 179.37 179.57 179.47 179.53 179.56 179.55 179.54 179.46 179.34 179.13 179.10 179.07 177.98 176.17 174.68 176.03 177.02 177.11 177.05 176.83 176.97 177.11 177.05 177.10 177.11 176.97 176.77 176.99 176.85 176.93 176.71 176.53 176.14 175.61 175.34 174.99 174.82 174.74 174.75 175.63 177.59 177.99 178.57 179.05 179.05 179.17 179.02 178.34 179.10 179.49 179.24 179.20 179.07 179.33 179.44 179.56 179.48 179.56 179.58 179.46 179.55 179.58 179.57 179.57 179.53 179.51 179.46 179.16 179.30 179.42 179.39 179.42 179.50 179.32 179.38 179.37 179.51 179.45 179.31 179.18 179.05
179.00 179.15 179.20 179.41 178.24 178.75 179.26 179.56 179.53 179.28 179.16 179.42 179.47 179.55 179.40 179.42 179.41 179.41 179.48 179.52 179.52 179.52 179.53 179.55 179.57 179.50 179.54 179.40 179.35 179.49 179.46 179.09 179.17 178.81 179.21 178.67 179.03 177.71 177.81 179.00 177.69 177.04 178.13 178.16 178.10 178.07 178.23 178.73 178.32 178.30 178.15 178.59 178.98 179.21 179.21 179.30 179.26 179.48 179.51 179.44 179.44 179.58 179.58 179.52 179.14 178.80 178.70 178.55 179.55 178.03 178.77 178.61 178.56 178.25 178.51 178.83 178.96 178.99 178.93 179.18 179.36 179.44 179.54 178.25 179.42 179.51 179.47 179.54 179.12 179.48 179.42 179.34 179.37 179.49 179.58 179.53 179.58 179.57 179.47 179.45 179.55 179.55 179.52 179.56 179.57 179.53 178.71 179.51 179.21 178.93 178.78 178.62 177.79 175.33 175.19 176.77 177.15 177.22 177.23 177.01 177.04 177.05 176.80 177.10 176.84 176.90 176.81 176.87 176.85 176.78 176.65 175.92 175.28 175.03 174.77 174.69 174.68 175.52 176.58 177.55 178.65 178.75 179.27 179.29 179.40 179.30 179.08 179.06 179.11 179.21 179.07 179.23 179.31 179.35 179.44 179.44 179.25 179.44 179.44 179.57 179.57 179.50 179.54 179.53 179.55 179.45 179.11 179.46 179.44 179.34 179.21 179.23 179.24 179.26 179.39 179.42 178.99 178.81 178.97 178.41
178.93 178.16 179.10 179.48 179.25 179.56 179.36 179.52 179.51 179.31 179.24 179.52 179.54 179.51 179.44 179.46 179.40 179.39 179.50 179.52 179.54 179.54 179.48 179.57 179.49 179.55 179.50 179.46 179.25 179.31 179.15 179.06 179.10 178.94 179.01 179.10 178.67 177.61 177.69 177.66 177.21 178.09 178.61 178.53 178.33 178.53 178.41 178.47 178.66 178.70 178.56 177.96 178.54 179.18 179.34 179.41 179.41 179.42 179.43 179.46 179.51 179.55 179.54 179.38 179.40 179.56 179.53 179.33 179.36 178.56 178.60 178.04 178.88 179.19 179.08 178.88 178.86 178.88 178.46 178.97 179.30 179.47 179.36 179.46 179.42 179.54 179.49 179.54 179.50 179.45 179.47 179.37 179.43 179.55 179.56 179.57 179.52 179.21 179.58 179.57 179.54 179.47 179.51 179.51 179.56 179.58 179.53 179.49 178.90 179.25 179.27 178.85 178.50 178.14 174.88 175.23 177.01 177.16 177.23 177.24 177.02 177.01 177.10 177.19 176.82 176.88 176.86 176.79 176.84 176.74 176.18 174.98 174.78 174.67 174.65 174.73 174.79 175.56 175.72 175.91 177.99 178.98 179.40 179.31 179.45 179.38 179.29 179.23 179.11 179.02 179.19 179.33 179.55 179.48 179.55 179.47 179.56 179.57 179.54 179.46 179.55 179.57 179.40 179.40 179.52 179.52 179.56 179.48 179.46 179.56 179.00 179.06 179.30 179.35 179.22 179.12 178.44 178.71 179.14 179.50
178.83 178.69 179.49 179.56 179.53 179.51 179.58 179.31 179.34 179.50 179.50 179.53 179.54 179.49 179.21 179.51 179.38 179.34 179.51 179.51 179.50 179.57 179.58 179.58 179.56 179.51 179.51 179.45 179.37 179.23 179.14 178.62 178.87 178.72 178.48 178.61 178.12 177.32 177.20 176.60 176.84 178.11 178.74 178.45 178.96 178.53 179.11 179.16 179.03 179.06 178.70 178.03 177.37 178.64 179.17 179.41 179.40 179.42 179.44 179.43 179.54 179.58 179.40 179.40 179.34 179.29 179.30 179.30 179.35 179.43 179.31 178.54 178.55 179.14 178.53 179.14 178.52 178.91 178.95 178.81 179.06 179.22 178.91 179.33 179.38 179.45 179.48 179.53 179.52 179.48 179.49 179.54 179.54 179.49 179.55 179.52 179.57 179.52 179.58 179.52 179.56 179.53 179.46 179.50 179.57 179.58 179.55 179.57 179.45 179.27 179.37 179.42 179.51 179.23 178.61 175.48 175.72 176.67 177.05 177.19 177.18 177.22 176.86 176.78 176.91 176.91 176.76 176.74 176.13 175.43 175.08 174.75 175.08 175.25 175.36 175.40 175.21 175.32 176.26 176.54 177.65 178.94 179.28 179.38 179.46 179.49 179.41 179.43 179.37 179.27 179.30 179.44 179.51 179.53 179.52 179.50 179.49 179.53 179.49 179.56 179.56 179.50 179.58 179.56 179.56 179.58 179.49 179.43 179.26 179.50 179.30 178.88 179.50 179.24 179.23 179.07 178.92 179.12 179.36 179.28
178.87 179.41 179.49 179.53 179.56 179.57 179.43 179.55 179.56 179.53 179.56 179.57 179.56 179.48 179.37 179.37 179.36 179.43 179.56 179.49 179.57 179.57 179.58 179.58 179.57 179.56 179.51 179.45 179.33 179.17 179.00 178.88 178.82 178.41 178.28 178.67 178.04 177.15 177.27 176.57 177.44 178.13 178.42 178.83 178.98 179.12 179.13 179.25 179.26 179.32 178.80 178.04 178.34 178.42 178.53 178.50 179.27 179.41 179.48 179.55 179.56 179.51 179.40 179.36 179.24 179.26 179.19 179.06 179.13 179.18 179.08 177.81 179.12 179.29 178.95 179.16 179.06 178.93 178.68 178.67 178.40 178.53 178.93 178.98 179.09 179.41 179.53 179.56 179.52 179.51 179.52 179.50 179.56 179.52 179.51 179.54 179.52 179.55 179.56 179.57 179.56 179.55 179.58 179.57 179.58 179.56 179.53 179.57 179.38 179.24 179.05 179.39 179.14 179.23 178.02 178.05 175.54 174.75 174.80 176.37 176.83 177.11 176.64 176.82 176.71 176.78 176.53 176.16 174.74 175.06 174.65 174.72 175.67 175.74 175.95 176.96 177.09 176.30 176.45 177.33 177.57 179.22 179.23 179.42 179.21 179.53 179.49 179.50 179.50 179.46 179.41 179.49 179.55 179.55 179.58 179.57 179.46 179.54 179.49 179.43 179.54 179.43 179.02 179.52 179.44 179.30 179.19 179.29 179.26 179.29 179.42 179.19 179.45 179.28 179.29 179.32 179.28 179.16 179.18 179.20
178.83 179.43 179.45 179.51 179.56 179.50 179.50 179.41 179.58 179.55 179.54 179.52 179.50 179.39 179.34 179.36 179.38 179.45 179.45 179.46 179.46 179.57 179.58 179.58 179.58 179.56 179.52 179.43 179.29 179.14 178.98 178.76 178.61 178.56 178.52 177.91 177.93 177.50 176.28 175.42 177.35 178.24 178.56 178.78 178.99 179.16 179.26 179.33 179.38 179.39 179.38 179.33 178.98 178.99 178.94 178.44 178.63 178.96 179.48 179.55 179.57 179.35 179.26 179.28 178.34 179.21 179.30 179.21 178.99 179.02 178.76 178.26 178.78 179.15 178.92 178.53 178.83 178.85 178.24 178.40 178.47 178.43 178.77 178.60 179.26 179.27 179.36 179.50 179.54 179.46 179.30 179.47 179.42 179.45 179.49 179.52 179.51 179.58 179.54 179.58 179.52 179.49 179.56 179.51 179.51 179.46 179.42 179.47 179.58 179.34 179.47 179.13 178.94 178.85 179.45 179.15 177.44 177.62 175.91 175.88 174.97 174.77 174.94 175.97 175.31 175.44 174.77 175.00 175.14 176.15 176.93 177.67 176.74 176.31 176.84 177.77 177.40 177.44 177.66 178.66 178.73 179.09 179.31 179.39 179.42 179.49 179.50 179.47 179.47 179.45 179.43 179.51 179.52 179.58 179.57 179.56 179.44 179.50 179.43 179.42 179.56 179.46 179.37 179.55 179.34 179.54 179.36 179.20 179.37 179.43 179.30 179.38 179.48 179.42 179.21 179.22 179.36 179.25 179.13 178.94
179.14 179.42 179.38 179.33 179.55 179.56 179.54 179.47 179.57 179.57 179.58 179.42 179.52 179.48 179.30 179.42 179.26 179.54 179.43 179.58 179.57 179.57 179.58 179.58 179.57 179.55 179.52 179.47 179.30 179.13 178.91 178.68 178.35 178.38 178.24 178.36 178.49 177.37 177.12 175.63 177.56 178.27 178.54 178.83 179.04 179.21 179.32 179.39 179.43 179.48 179.49 179.52 179.45 179.20 179.20 179.25 179.37 179.36 179.32 179.31 179.21 179.55 179.19 179.15 179.17 179.13 179.02 178.67 179.02 179.11 179.07 177.92 177.63 177.30 178.34 178.89 178.45 178.40 177.99 177.98 178.02 178.05 178.25 178.67 178.84 179.07 179.07 179.06 179.38 179.45 179.48 179.40 179.40 179.53 179.52 179.48 179.47 179.53 179.54 179.55 179.50 179.30 179.57 179.38 179.41 179.46 179.21 179.57 179.56 179.53 179.35 179.40 179.21 179.32 179.40 179.34 179.19 177.67 177.85 177.30 176.84 176.67 176.00 175.74 175.53 174.94 175.18 175.12 175.07 176.27 177.62 176.79 176.83 177.19 178.26 177.87 179.56 177.68 177.74 179.43 179.24 179.44 179.48 179.48 179.46 179.45 179.45 179.45 179.48 179.50 179.51 179.56 179.54 179.53 179.51 179.56 179.48 179.48 179.50 179.58 179.55 179.52 179.43 179.44 179.13 179.55 179.28 179.33 179.27 179.11 179.18 179.30 179.50 179.51 179.55 179.40 179.41 179.35 179.05 179.00
178.90 179.48 179.30 179.46 179.42 179.52 179.47 179.30 179.54 179.45 179.48 179.15 179.15 179.26 179.14 179.32 179.26 179.49 179.55 179.45 179.47 179.58 179.58 179.58 179.56 179.53 179.48 179.42 179.26 179.00 178.76 178.54 178.33 178.17 178.10 177.52 177.85 178.10 177.12 177.41 177.79 178.22 178.59 178.84 178.99 179.15 179.25 179.37 179.44 179.45 179.52 179.54 179.47 179.31 178.86 179.26 179.39 179.45 179.45 179.39 178.99 179.49 179.34 179.28 179.16 179.13 179.12 179.46 179.33 179.21 179.14 179.10 178.23 176.77 176.16 178.02 177.70 177.50 176.84 177.66 177.63 177.80 176.95 178.07 177.41 178.77 178.67 178.66 178.73 179.35 179.13 179.26 179.03 179.56 179.42 179.43 179.44 179.56 179.57 179.49 179.45 179.53 179.50 179.48 179.52 179.55 179.38 179.49 179.48 179.57 179.52 179.56 179.44 179.49 179.09 178.52 179.08 178.33 177.86 177.44 177.03 177.38 177.60 176.08 177.11 175.38 175.85 177.41 177.72 178.21 177.71 178.38 178.42 177.92 178.38 179.22 179.35 179.09 179.49 179.42 179.48 179.53 179.56 179.55 179.53 179.48 179.22 179.49 179.50 179.54 179.55 179.57 179.55 179.45 179.50 179.56 179.44 179.55 179.40 179.52 179.49 179.56 179.51 179.39 179.53 179.51 179.28 179.47 179.36 179.11 179.21 179.45 179.55 179.09 179.23 179.34 179.29 178.95 178.60 179.04
178.83 179.02 179.40 179.42 179.46 179.39 179.31 179.16 178.99 179.00 179.03 179.08 178.79 178.72 179.07 178.90 179.54 179.36 179.36 179.54 179.54 179.58 179.58 179.58 179.56 179.50 179.42 179.27 179.06 178.82 178.56 178.26 178.08 177.97 178.00 177.93 177.20 177.52 177.09 177.33 177.76 178.22 178.49 178.69 178.86 179.01 179.16 179.29 179.41 179.47 179.50 179.55 179.55 179.47 179.16 179.26 179.39 179.40 179.38 179.22 178.83 179.52 179.39 179.34 179.47 179.37 179.18 179.40 179.16 179.17 179.30 178.85 178.63 177.51 176.97 176.48 177.82 177.42 177.62 177.21 177.20 177.44 177.37 176.58 177.65 178.37 178.17 177.99 178.28 179.40 178.99 179.22 178.96 178.81 178.94 179.36 179.43 178.20 179.08 179.55 179.55 179.58 179.54 179.55 179.55 179.52 179.54 179.52 179.44 179.57 179.57 179.48 179.53 179.57 179.58 179.55 179.34 179.14 178.72 178.55 177.62 178.08 177.54 177.01 176.96 175.98 177.07 177.98 178.17 178.43 178.92 178.80 178.56 178.42 179.35 179.52 179.54 179.55 179.51 179.49 179.55 179.57 179.57 179.58 179.55 179.52 179.50 179.46 179.54 179.56 179.57 179.57 179.54 179.57 179.54 179.56 179.53 179.53 179.47 179.55 179.43 179.58 179.54 179.46 179.44 179.36 179.41 179.23 179.35 178.69 179.21 178.16 179.22 179.19 179.18 179.23 179.36 178.73 178.21 179.00
179.18 179.09 179.40 179.40 179.43 179.41 179.16 178.39 178.72 178.94 179.06 179.05 178.94 179.07 178.97 178.86 179.23 179.45 179.44 179.52 179.55 179.58 179.58 179.57 179.54 179.48 179.33 179.09 178.75 178.44 178.18 177.87 177.68 177.64 177.75 177.31 177.46 176.80 176.93 177.38 177.71 178.05 178.26 178.47 178.69 178.85 179.05 179.19 179.33 179.43 179.48 179.54 179.55 179.46 179.27 179.36 179.23 179.36 179.21 179.02 179.07 179.25 179.42 179.43 179.34 179.42 179.20 179.08 179.13 179.08 178.80 178.91 178.61 178.16 176.76 175.92 176.85 177.26 176.83 176.65 176.92 177.05 177.19 176.61 176.94 176.54 177.87 177.82 178.24 178.83 178.97 178.88 178.69 178.54 179.06 179.26 179.38 179.53 179.54 179.50 179.47 179.43 179.54 179.58 179.55 179.57 179.53 179.49 179.43 179.55 179.42 179.55 179.48 179.54 179.55 179.46 179.36 178.93 179.05 178.48 178.19 177.81 178.07 177.22 178.02 178.05 177.77 179.34 178.87 178.87 179.07 179.22 178.74 179.31 179.52 179.47 179.37 179.43 179.54 179.57 179.57 179.57 179.57 179.50 179.54 179.50 179.49 179.47 179.44 179.55 179.57 179.57 179.45 179.56 179.46 179.55 179.58 179.55 179.51 179.57 179.57 179.55 179.57 179.57 179.42 179.34 179.15 179.28 179.40 178.76 178.52 178.88 178.84 178.48 178.60 179.19 179.40 179.08 179.06 179.23
179.54 179.45 179.45 179.52 179.28 179.12 178.71 177.48 177.59 178.40 178.53 178.95 178.84 178.86 178.65 178.85 178.88 179.23 179.45 179.52 179.56 179.58 179.57 179.53 179.49 179.39 179.22 178.80 178.17 177.78 177.52 177.38 177.24 177.35 177.54 176.06 177.21 176.73 176.86 177.12 177.29 177.61 177.86 178.10 178.39 178.65 178.90 179.07 179.25 179.36 179.43 179.47 179.52 179.51 179.37 179.19 179.17 179.17 179.23 179.18 178.97 179.52 179.50 179.51 179.42 179.32 179.00 178.91 178.83 179.09 178.89 178.66 178.17 177.14 175.34 175.29 175.42 177.09 176.50 176.42 175.82 176.59 176.84 176.94 176.24 176.05 177.32 177.97 177.90 177.81 178.24 178.54 178.48 178.67 179.14 178.90 179.28 179.43 179.28 179.57 179.48 179.46 179.57 179.51 179.56 179.57 179.46 179.44 179.56 179.56 179.52 179.56 179.57 179.58 179.56 179.44 179.51 179.53 179.52 178.84 178.56 178.47 178.35 178.34 178.55 178.68 179.15 179.17 179.08 179.17 179.24 179.48 179.55 179.33 179.56 179.58 179.52 179.47 179.56 179.57 179.55 179.54 179.46 179.46 179.51 179.50 179.49 179.48 179.52 179.55 179.36 179.35 179.53 179.54 179.56 179.53 179.57 179.50 179.57 179.55 179.52 179.57 179.57 179.57 179.42 179.43 179.51 179.52 179.12 178.62 178.14 177.79 177.60 177.01 177.81 177.67 178.01 178.54 178.30 179.43
179.50 179.52 179.43 179.29 179.29 179.08 178.11 177.65 177.81 178.00 178.30 178.74 178.60 179.30 178.69 177.97 179.00 179.02 179.34 179.52 179.56 179.58 179.54 179.46 179.39 179.25 178.97 178.18 177.37 176.84 176.75 176.82 176.99 177.13 176.82 176.20 176.59 176.78 176.64 176.53 176.64 177.02 177.39 177.66 178.09 178.41 178.70 178.90 179.11 179.27 179.34 179.43 179.45 179.48 179.35 179.17 178.88 178.89 179.20 179.14 179.00 179.56 179.46 179.58 179.52 176.25 174.72 176.34 178.90 178.66 179.20 178.52 178.22 177.31 175.25 175.37 175.24 177.02 176.19 176.79 176.20 176.44 176.38 176.40 176.28 176.43 176.96 176.97 177.11 177.71 178.44 178.37 178.37 178.53 178.91 178.82 179.29 179.26 179.45 179.02 179.38 179.52 179.58 179.58 179.56 179.53 179.58 179.49 179.58 179.50 179.52 179.57 179.50 179.52 179.58 179.58 179.56 179.37 179.33 179.53 179.29 179.37 179.16 179.19 179.26 178.82 178.93 178.95 178.99 179.19 179.46 179.28 179.51 179.57 179.58 179.57 179.46 179.47 179.56 179.57 179.51 179.50 179.44 179.39 179.48 179.49 179.51 179.52 179.54 179.57 179.56 179.57 179.57 179.56 179.57 179.48 179.56 179.53 179.56 179.34 179.52 179.54 179.56 179.56 179.27 179.58 179.55 179.40 179.01 177.97 177.81 177.31 177.27 176.80 176.38 177.40 177.38 178.01 177.38 178.71
178.27 179.42 178.88 179.15 178.81 178.53 176.51 176.98 178.06 177.91 177.92 178.64 178.90 178.83 178.60 178.01 179.36 178.92 178.50 179.44 179.54 179.58 179.55 179.48 179.32 179.04 178.45 177.24 175.79 175.33 175.81 176.41 176.58 176.83 176.97 176.90 177.08 177.10 176.44 176.10 176.07 176.64 176.99 177.30 177.76 178.24 178.56 178.78 178.93 179.04 179.06 179.29 179.38 179.38 179.25 179.19 178.97 179.25 179.13 179.37 179.22 176.84 175.86 175.52 174.94 174.78 174.66 174.92 174.91 178.46 178.64 177.70 177.88 177.59 175.89 175.93 175.45 175.96 176.36 176.52 176.36 176.31 176.46 176.04 176.47 176.62 176.59 177.01 177.27 177.49 177.28 177.83 178.06 178.66 178.88 178.87 179.00 179.20 179.49 179.19 179.55 179.51 179.55 179.55 179.57 179.56 179.57 179.57 179.55 179.56 179.52 179.54 179.49 179.49 179.51 179.37 179.57 179.35 179.32 179.33 179.51 179.32 179.34 179.40 179.15 179.03 178.87 178.78 179.33 179.48 179.53 179.49 179.44 179.48 179.51 179.52 179.44 179.51 179.53 179.57 179.54 179.47 179.48 179.47 179.41 179.46 179.53 179.50 179.57 179.35 179.57 179.45 179.55 179.50 179.52 179.44 179.58 179.36 179.41 179.53 179.50 179.52 179.58 179.56 179.42 179.34 179.42 179.39 179.21 177.69 176.98 175.44 176.05 176.33 177.28 175.93 176.82 175.33 178.68 178.45
177.85 178.12 178.61 178.97 178.74 178.06 177.21 176.36 176.80 176.44 177.12 178.11 178.37 178.09 178.15 178.01 178.78 178.87 179.04 179.34 179.50 179.58 179.56 179.48 179.27 178.89 178.15 176.31 173.91 173.38 174.76 175.95 176.31 176.41 176.49 177.15 176.92 176.88 176.30 176.02 176.07 177.21 176.57 177.06 177.56 178.01 178.42 178.66 178.83 178.95 178.99 179.38 179.11 178.80 175.29 176.71 176.11 177.76 175.84 175.22 176.42 179.57 179.57 179.57 176.03 174.91 176.08 176.20 179.17 174.91 177.92 178.05 177.51 177.01 176.77 175.94 176.13 175.42 175.02 176.10 176.22 176.20 176.28 176.28 176.78 176.63 176.28 176.80 177.31 176.67 177.11 177.37 177.82 178.32 177.67 178.57 178.84 179.11 179.25 179.25 179.28 179.44 179.57 179.58 179.56 179.41 179.56 179.57 179.54 179.53 179.49 179.54 179.46 179.53 179.51 179.51 179.56 179.46 179.38 179.41 179.43 179.23 179.39 179.38 179.51 179.28 179.22 179.19 179.34 179.46 179.54 179.45 179.37 179.42 179.50 179.55 179.45 179.50 179.54 179.54 179.41 179.46 179.38 179.44 179.41 179.44 179.54 179.57 179.58 179.53 179.58 179.57 179.45 179.57 179.42 179.43 179.56 179.51 179.47 179.43 179.53 179.47 179.57 179.58 179.54 178.98 178.93 178.69 178.11 176.82 176.22 175.66 175.48 175.67 175.80 175.45 175.20 175.69 175.22 175.75
175.31 176.09 175.16 175.07 177.43 177.57 176.99 176.14 176.70 176.67 177.09 177.25 177.16 177.90 177.56 177.75 177.98 178.59 178.85 179.20 179.44 179.55 179.57 179.48 179.19 178.81 178.12 176.53 173.99 171.93 173.03 175.93 176.21 176.22 176.13 176.79 176.71 176.42 175.94 175.70 176.18 176.53 176.49 177.01 177.44 177.83 178.42 178.58 178.74 178.90 178.83 179.24 177.22 175.61 175.39 175.40 177.00 178.39 178.33 179.08 179.41 179.49 179.53 179.56 179.52 179.55 179.49 177.54 178.69 178.73 175.01 177.08 175.00 175.62 176.39 175.76 175.21 175.56 175.20 175.07 176.01 175.99 175.87 176.14 176.05 176.23 175.71 176.47 176.28 176.84 176.84 176.39 177.70 178.01 178.37 178.43 178.30 178.71 179.55 179.47 179.24 179.19 179.48 179.55 179.55 179.55 179.56 179.57 179.54 179.54 179.46 179.56 179.55 179.52 179.56 179.57 179.53 179.57 179.52 179.57 179.54 179.46 179.48 179.52 179.57 179.17 179.32 179.09 179.32 179.34 179.44 179.51 179.41 179.49 179.46 179.49 179.53 179.58 179.53 179.51 179.31 179.36 179.44 179.39 179.38 179.40 179.46 179.43 179.52 179.54 179.46 179.56 179.50 179.57 179.57 179.55 179.47 179.41 179.47 179.16 179.43 179.11 178.79 179.11 178.97 176.92 178.77 178.11 177.61 176.40 175.94 175.82 175.12 175.30 175.01 174.83 174.85 176.10 175.68 176.47
177.09 176.46 176.58 175.73 175.09 177.06 176.03 176.66 176.02 175.77 176.69 176.43 177.03 177.26 177.23 177.74 177.74 178.28 178.59 179.07 179.30 179.52 179.58 179.52 179.31 178.91 178.30 177.60 174.40 170.65 170.64 174.79 176.09 176.09 176.17 176.05 176.48 176.26 176.29 175.97 176.11 176.72 178.17 179.27 178.60 177.91 178.41 178.83 178.80 179.05 176.71 174.72 174.76 175.19 176.33 178.83 178.16 178.35 178.66 179.39 179.49 179.50 179.30 179.56 179.44 179.28 176.71 178.41 175.46 177.94 175.07 175.06 175.27 174.78 175.05 175.26 175.94 175.38 175.33 174.70 175.05 176.06 175.71 175.65 175.79 175.76 175.29 176.31 176.22 176.26 175.78 177.22 177.24 177.42 178.03 178.52 178.40 178.74 179.33 179.38 179.19 179.16 179.51 179.47 179.49 179.53 179.56 179.57 178.85 178.48 179.57 179.29 179.58 179.54 179.58 179.57 179.57 179.55 179.55 179.56 179.47 179.58 179.56 179.54 179.54 179.57 179.51 179.35 179.30 179.31 179.49 179.52 179.43 179.56 179.53 179.51 179.53 179.43 179.57 179.47 179.30 179.27 179.15 179.29 179.29 179.41 179.46 179.22 179.30 179.49 179.55 179.55 179.50 179.53 179.39 179.48 179.36 179.02 179.35 179.02 178.70 176.92 176.09 177.39 177.51 176.09 176.20 176.61 176.02 175.89 175.54 175.21 174.93 174.91 174.69 174.71 176.18 179.00 175.75 176.13
175.92 176.06 176.35 176.36 174.66 174.87 175.63 175.51 174.91 175.24 175.52 176.14 176.58 176.68 176.73 176.57 176.83 177.74 178.31 178.78 179.17 179.44 179.56 179.55 179.38 179.12 178.68 178.21 175.11 171.85 172.62 174.20 175.75 176.02 176.20 176.42 175.97 175.99 176.43 175.98 178.72 179.11 177.00 179.25 178.80 177.69 178.74 177.15 177.00 177.68 178.69 178.61 178.90 175.34 176.85 176.84 176.28 178.87 179.32 179.54 179.56 179.56 179.58 179.55 178.08 176.24 175.83 175.94 179.25 179.07 176.15 175.12 175.06 174.77 174.99 174.73 174.99 175.68 175.77 175.36 175.20 175.44 175.31 175.85 175.66 175.93 176.27 176.56 176.69 176.45 176.65 176.35 177.25 177.44 177.50 177.36 177.36 178.43 179.09 178.91 179.50 179.50 179.39 179.46 179.55 179.53 179.49 179.55 179.57 179.56 179.51 179.53 179.46 179.52 179.58 179.58 179.57 179.52 179.52 179.56 179.52 179.55 179.49 179.52 179.57 179.50 179.55 179.52 179.30 179.30 179.37 179.40 179.54 179.52 179.56 179.44 179.51 179.47 179.48 179.42 179.24 179.27 179.02 179.06 179.11 179.06 178.88 178.95 178.99 178.67 179.51 179.44 179.52 179.53 179.57 179.08 176.94 178.09 178.05 178.15 176.86 176.13 176.33 176.70 175.44 174.97 175.33 174.99 174.92 175.00 174.95 174.97 174.76 174.66 174.66 174.64 174.82 175.38 175.41 175.89
175.73 175.46 175.21 175.31 175.82 174.65 174.67 174.68 174.66 175.10 175.53 176.66 176.25 175.90 175.46 175.21 175.25 176.08 178.03 178.09 178.78 179.19 179.46 179.58 179.52 179.32 179.02 178.40 177.39 175.80 174.45 174.70 175.77 175.92 176.30 176.56 176.54 177.50 176.83 176.19 176.57 176.88 177.28 179.16 179.14 178.60 178.27 178.64 179.06 178.76 178.48 179.13 176.82 177.01 177.54 178.89 179.12 179.33 176.76 177.08 179.58 179.57 179.50 179.52 179.07 179.39 178.72 179.14 179.14 178.83 177.90 176.39 175.34 176.83 176.91 175.03 174.80 174.67 176.32 175.89 174.90 174.90 175.01 175.31 175.51 175.94 176.39 176.35 176.00 176.29 176.58 176.78 176.51 177.49 177.48 177.18 177.35 177.43 178.13 177.94 179.03 179.55 179.53 179.46 179.29 179.46 179.51 179.53 179.49 179.54 179.28 179.22 179.34 179.57 179.57 179.56 179.55 179.57 179.53 179.57 179.57 179.51 179.58 179.55 179.53 179.57 179.23 179.56 179.32 179.30 179.41 179.55 179.54 179.56 179.46 179.51 179.25 179.40 179.35 179.26 179.33 179.13 178.52 178.43 178.63 178.80 177.66 178.22 178.89 179.14 179.43 179.56 179.18 179.35 179.40 178.93 175.30 176.74 174.99 175.54 175.90 176.38 176.41 175.27 175.25 174.70 174.69 174.74 174.79 174.69 174.72 174.69 174.64 174.65 174.65 174.64 174.65 174.68 174.90 175.32
175.26 175.37 174.92 174.87 175.13 174.68 174.69 174.65 174.80 174.77 176.03 177.44 175.66 174.68 174.74 174.64 176.33 177.91 176.13 177.12 177.87 178.82 178.99 179.43 179.57 179.49 179.29 178.75 178.23 177.08 176.12 175.93 175.62 175.59 176.41 176.85 177.18 177.35 177.39 176.99 176.80 177.36 177.72 178.47 178.69 178.73 179.14 179.16 179.06 178.83 178.69 178.53 178.89 178.03 178.53 179.21 179.46 179.58 179.56 174.91 179.56 179.36 179.38 179.02 179.12 179.01 177.00 178.58 178.35 177.69 177.16 176.69 175.16 175.68 175.95 174.98 175.24 174.92 175.46 175.32 174.97 174.99 174.78 174.98 175.39 175.70 175.47 175.90 175.95 176.10 176.27 176.60 176.84 176.96 177.27 177.37 178.25 177.40 177.42 177.31 178.79 179.24 179.45 179.37 179.15 179.42 179.40 179.29 179.34 179.34 179.16 179.15 179.32 179.47 179.56 179.57 179.51 179.34 179.31 179.56 179.57 179.51 179.53 179.30 179.58 179.56 179.55 179.37 179.35 179.18 179.41 179.34 179.40 179.41 179.24 178.27 179.36 178.93 179.09 179.31 179.10 179.02 177.92 177.93 178.62 177.28 177.71 178.54 178.95 179.21 179.42 179.43 179.47 179.37 179.15 178.02 175.55 175.17 175.22 175.89 175.03 175.20 175.24 175.39 175.03 174.68 174.79 175.21 174.66 174.64 174.65 174.65 174.65 174.66 174.66 174.66 174.65 174.64 174.76 174.84
174.73 174.80 174.75 174.66 174.66 174.70 174.69 174.68 174.65 175.26 176.37 177.75 175.21 174.68 174.66 174.98 176.06 175.34 175.61 176.99 177.38 177.97 178.49 179.09 179.47 179.56 179.39 179.04 178.58 177.99 177.06 176.50 175.05 173.42 176.64 177.08 177.34 177.59 177.75 177.79 177.83 178.53 178.80 179.01 179.16 179.42 179.52 179.55 179.55 179.39 178.57 179.07 175.18 179.23 179.29 179.41 179.57 179.52 179.49 178.01 179.29 179.09 178.99 179.06 178.83 178.71 178.73 177.23 176.75 176.90 175.99 176.46 175.06 175.16 175.02 174.99 175.31 175.22 175.12 174.97 174.83 174.69 174.82 175.21 175.11 175.20 175.51 175.90 176.15 176.26 176.14 175.90 176.52 176.67 177.15 177.35 178.43 177.44 177.47 177.36 178.76 178.99 179.17 179.32 179.12 179.22 179.26 179.11 179.06 179.00 178.86 178.90 179.43 179.53 179.54 179.56 179.55 179.38 179.47 179.50 179.49 179.57 179.55 179.57 179.54 179.52 179.45 179.36 178.77 178.99 179.25 179.22 179.27 179.13 178.28 178.46 178.80 177.17 179.00 179.16 178.93 178.76 177.69 177.60 177.49 177.12 177.39 178.87 178.66 179.18 179.24 179.19 178.34 178.23 177.47 175.25 174.73 174.66 174.88 174.87 174.64 174.70 174.91 174.98 174.67 174.74 175.27 174.74 174.64 174.64 174.65 174.65 174.65 174.66 174.66 174.66 174.64 174.64 174.66 174.70
174.68 174.87 174.66 174.65 174.64 174.67 174.70 174.90 174.65 174.94 176.10 176.06 174.90 174.69 174.67 174.67 174.76 175.01 177.05 176.00 176.89 176.89 178.39 179.26 179.53 179.56 179.52 179.16 178.66 178.45 178.11 177.64 175.47 172.65 173.68 177.38 177.52 177.64 177.93 178.23 178.56 178.80 178.96 179.16 179.36 179.53 179.58 179.55 179.32 178.74 179.47 179.20 179.10 179.31 179.44 179.57 179.53 179.34 179.29 178.80 179.05 178.90 177.87 178.91 178.76 178.55 178.75 176.15 177.78 177.07 176.08 175.26 175.63 175.54 175.66 175.27 175.22 175.07 175.71 174.73 175.65 174.67 174.85 175.33 175.17 174.97 175.43 175.93 175.75 176.15 176.22 175.99 176.40 176.44 176.58 177.19 177.39 178.12 178.06 178.40 178.45 178.35 178.71 178.10 179.08 179.27 179.20 178.66 178.87 178.91 178.87 179.31 179.10 179.31 179.52 179.56 179.47 179.47 179.55 179.43 179.49 179.55 179.53 179.52 179.52 179.48 179.38 179.17 179.08 178.89 178.12 178.48 177.58 177.64 177.30 177.61 178.17 178.30 177.88 178.45 177.57 177.43 176.75 176.83 176.64 177.46 178.55 178.67 178.57 178.97 178.61 177.80 176.07 175.51 175.37 175.18 174.71 174.65 174.68 174.64 174.66 174.66 174.73 174.65 174.65 174.74 174.90 174.65 174.64 174.64 174.65 174.65 174.65 174.66 174.66 174.66 174.66 174.65 174.64 174.65
174.68 174.66 174.67 174.69 174.73 174.75 174.74 174.70 174.67 174.88 175.21 175.07 174.69 174.73 174.71 174.65 174.64 175.87 176.23 175.37 175.84 177.60 178.71 179.38 179.58 179.32 179.57 178.79 178.68 178.74 178.67 178.77 178.39 175.17 176.74 177.67 177.44 177.55 178.00 178.40 178.72 178.89 179.02 179.01 179.51 179.58 179.50 179.35 179.07 177.87 177.81 179.51 179.55 179.55 179.51 179.35 179.18 179.08 179.00 178.61 178.62 178.88 179.12 177.69 177.33 178.24 177.96 176.90 176.73 176.07 175.74 175.31 175.17 175.27 175.05 174.97 174.75 174.68 174.78 174.67 175.28 175.41 174.83 175.09 175.30 175.09 175.55 176.09 175.87 175.89 175.70 175.95 176.11 176.38 176.63 177.10 177.19 177.73 177.43 177.84 177.83 177.83 177.86 178.29 178.27 179.07 178.76 178.13 177.37 178.91 178.80 179.10 179.39 179.41 179.48 179.24 179.38 179.39 179.52 179.40 179.48 179.53 179.53 179.49 179.48 179.44 179.28 179.14 178.85 178.67 176.89 175.84 175.42 175.36 174.82 175.26 177.15 177.44 177.81 177.14 177.05 176.58 176.28 176.65 176.83 177.90 178.03 178.33 178.55 178.95 177.33 175.16 175.37 175.72 175.54 174.73 174.67 174.65 174.64 174.64 174.68 174.64 174.64 174.64 174.64 174.71 174.66 174.64 174.64 174.64 174.64 174.65 174.66 174.66 174.66 174.66 174.67 174.67 174.68 174.68
174.68 174.71 174.90 174.72 174.78 174.79 174.76 174.74 174.70 174.64 174.68 174.72 174.74 174.79 174.79 174.73 174.83 176.29 174.81 175.05 176.24 178.43 179.18 179.45 179.28 179.20 179.37 179.50 178.77 178.71 178.87 179.14 179.27 179.10 178.50 177.98 177.28 177.10 178.12 178.62 178.91 179.06 179.13 178.98 179.55 179.48 179.26 179.01 178.50 177.28 176.68 179.27 179.30 179.03 178.79 178.46 178.59 178.52 178.44 178.15 177.48 178.40 178.93 178.67 178.28 177.34 176.77 176.48 176.34 175.52 174.77 175.19 174.78 175.08 175.23 174.90 174.69 174.99 175.21 175.27 175.48 174.99 175.31 175.10 175.00 175.17 175.27 175.91 175.74 175.91 176.03 175.98 176.60 176.72 176.81 176.87 176.96 176.93 177.25 177.75 177.73 177.80 177.99 177.84 178.02 178.08 177.97 178.17 178.00 179.09 178.94 179.49 179.41 179.46 179.32 179.45 179.43 179.36 179.40 179.41 179.47 179.52 179.54 179.53 179.21 179.38 179.28 179.00 178.55 177.69 176.02 175.16 175.28 175.27 175.22 175.05 174.98 175.47 176.06 176.28 176.39 175.79 176.13 176.76 176.66 177.64 178.02 177.93 178.78 178.65 175.19 175.38 175.05 174.98 174.84 174.75 174.65 174.64 174.64 174.64 174.64 174.64 174.64 174.64 174.64 174.64 174.64 174.64 174.64 174.64 174.64 174.65 174.65 174.65 174.66 174.66 174.67 174.68 174.68 174.70
174.70 174.72 174.74 174.75 174.79 174.80 174.79 174.78 174.75 174.67 174.64 174.70 174.81 174.85 174.86 174.75 174.89 174.65 174.66 174.99 176.95 178.21 178.01 178.49 178.73 178.81 179.15 179.56 178.48 178.61 178.87 179.34 179.45 179.36 179.01 178.36 176.35 176.33 178.52 178.88 179.07 179.18 179.25 179.38 179.55 179.40 179.17 178.78 178.23 177.45 176.58 176.43 178.59 178.64 178.64 178.58 178.33 178.05 177.77 177.52 177.37 177.86 178.68 177.89 176.97 176.65 176.06 175.81 175.65 175.13 174.68 175.23 175.40 175.14 175.22 174.73 174.87 175.02 174.65 174.78 174.71 175.07 174.97 175.03 175.12 175.56 175.56 175.92 175.68 176.10 175.90 176.07 176.17 175.96 176.81 177.02 177.23 176.83 177.43 178.00 177.99 177.88 177.68 177.92 178.07 177.65 178.50 177.18 177.98 177.81 178.49 179.03 179.24 179.41 179.40 179.37 179.40 179.39 179.39 179.37 179.48 179.44 179.53 179.23 178.75 179.42 179.25 178.89 177.65 175.32 175.11 175.40 175.34 175.31 175.29 175.22 175.18 174.85 175.33 175.41 175.25 175.61 176.36 176.20 177.58 178.19 178.01 177.25 177.85 177.90 175.41 174.83 174.75 174.70 174.86 174.75 174.64 174.65 174.64 174.64 174.66 174.64 174.64 174.64 174.64 174.64 174.64 174.64 174.64 174.64 174.64 174.68 174.65 174.65 174.65 174.67 174.68 174.69 174.70 174.71
174.73 174.83 174.71 174.73 174.81 174.80 174.81 174.79 174.84 174.70 174.65 174.80 174.89 174.91 174.88 174.69 174.65 174.67 174.67 175.72 176.07 176.71 176.99 177.43 177.90 178.46 178.90 179.51 178.89 178.82 179.18 179.54 179.53 179.50 179.46 178.70 175.70 173.76 177.90 179.08 179.18 179.30 179.41 179.53 179.56 179.38 179.09 178.63 178.17 177.34 176.54 176.37 176.84 178.24 178.34 178.33 178.09 177.76 177.50 177.12 176.73 177.01 177.40 177.22 176.85 175.88 175.04 174.96 174.87 174.82 175.23 175.23 175.07 175.35 174.65 174.65 174.65 174.69 174.78 174.84 174.84 174.98 175.11 174.93 174.96 175.14 175.32 175.03 175.33 175.33 175.78 175.96 176.28 176.11 176.48 175.88 176.80 177.17 177.31 177.12 177.13 178.18 178.55 178.67 177.76 177.46 177.29 178.24 178.38 178.63 178.71 178.66 178.94 178.74 179.10 179.31 179.42 179.39 179.39 179.45 179.44 179.47 179.55 178.45 179.35 179.41 179.12 178.50 176.85 174.67 175.25 175.44 175.43 175.40 175.33 175.28 175.23 175.08 174.75 174.67 174.83 175.26 176.35 176.98 177.03 177.26 176.30 175.76 176.14 176.11 174.98 174.68 174.82 174.70 174.65 174.66 174.64 174.64 174.64 174.64 174.91 174.65 174.66 174.65 174.64 174.64 174.65 174.64 174.66 174.69 174.72 174.64 174.65 174.66 174.65 174.67 174.69 174.70 174.71 174.72
174.77 174.76 174.79 174.76 174.86 174.86 174.89 174.87 174.95 174.89 174.82 174.97 174.98 174.95 174.91 174.87 174.69 174.69 174.67 175.25 175.66 176.01 176.71 177.35 177.97 178.41 179.01 179.52 179.53 179.57 179.57 179.57 179.57 179.58 179.58 179.57 176.29 170.41 172.00 179.08 179.27 179.39 179.49 179.57 179.56 179.34 178.92 178.49 177.87 177.34 176.69 176.28 176.37 177.85 178.06 178.08 177.82 177.47 177.26 176.92 176.60 177.22 177.45 176.47 175.77 175.21 174.68 174.65 174.72 174.65 175.44 175.26 174.65 175.40 175.32 174.67 175.01 174.73 174.85 174.86 174.90 175.04 175.27 175.40 175.10 175.00 175.04 175.00 175.25 175.53 175.72 175.86 175.82 175.82 175.68 176.46 176.10 177.15 176.97 176.81 177.11 177.21 177.81 178.60 177.48 177.67 175.85 177.67 176.84 178.72 178.39 178.47 178.55 178.26 178.69 179.09 179.41 179.25 179.07 179.44 179.35 179.40 179.50 179.53 179.46 179.18 178.77 177.93 175.73 174.75 175.46 175.48 175.50 175.41 175.31 175.29 175.20 175.13 174.88 174.65 174.67 176.16 175.62 176.01 176.55 175.55 174.91 174.73 174.73 174.70 174.65 174.65 174.70 174.71 174.67 174.68 174.65 174.65 174.65 174.68 174.74 174.93 174.85 174.79 174.72 174.69 174.68 174.68 174.68 174.82 175.20 174.65 174.64 174.64 174.65 174.69 174.70 174.70 174.70 174.72
174.73 174.80 174.67 174.75 174.86 174.85 174.91 174.95 174.98 175.01 175.04 175.07 175.05 175.02 174.99 174.89 174.81 174.68 175.35 175.19 175.47 176.29 176.84 177.26 178.04 178.59 178.98 179.29 179.57 179.57 179.58 179.58 179.58 179.58 179.55 179.50 179.36 172.40 173.75 178.47 179.18 179.48 179.56 179.58 177.77 179.13 178.71 178.27 177.71 177.33 176.57 176.33 176.25 177.67 177.83 177.70 177.43 177.16 176.97 176.74 176.64 176.46 176.08 176.41 175.32 174.71 174.68 174.76 174.82 175.32 175.39 175.30 174.81 174.76 174.65 175.00 174.68 174.64 174.85 175.34 175.36 175.11 175.22 175.07 175.10 175.11 175.13 175.06 174.79 175.32 175.79 175.68 175.67 175.40 175.62 176.51 176.47 176.32 176.10 176.03 176.18 177.36 177.67 177.50 177.26 176.95 177.26 176.71 175.76 177.81 177.93 177.34 178.16 178.32 178.54 178.81 179.07 178.95 178.78 178.87 178.93 179.31 179.37 179.34 179.26 179.06 178.50 177.19 175.08 174.81 175.48 175.48 175.44 175.38 175.30 175.28 175.23 175.17 174.97 174.70 174.64 175.12 174.85 174.76 174.75 174.72 174.71 174.65 174.64 174.68 174.71 174.74 174.83 174.89 174.90 174.76 174.72 174.65 174.69 175.14 175.92 176.35 175.77 175.72 175.28 175.01 174.91 174.74 174.75 174.73 174.71 174.91 174.69 174.64 174.65 174.67 174.70 174.77 175.22 175.01
174.79 174.83 174.84 174.96 174.92 174.86 174.97 175.06 175.07 175.10 175.14 175.20 175.17 175.13 175.11 174.98 174.70 174.65 175.13 175.09 176.65 179.17 175.79 175.20 177.64 178.75 179.09 179.18 179.35 179.55 179.56 179.58 179.57 179.56 179.54 179.51 179.50 179.38 178.08 178.42 179.29 179.53 179.58 179.55 179.37 178.82 178.50 178.06 177.68 177.36 176.72 176.33 176.13 177.48 177.48 177.51 177.27 176.94 176.72 176.67 176.49 176.49 176.62 175.75 174.66 174.71 174.81 174.90 174.92 175.26 175.47 175.35 175.04 174.85 175.07 174.80 175.00 174.65 174.66 174.69 175.02 174.92 176.02 174.81 174.88 175.04 174.95 175.09 175.06 175.11 174.77 175.07 175.50 175.66 175.96 176.03 175.93 175.78 175.64 175.40 175.80 175.83 176.94 177.12 176.92 176.85 177.19 175.62 176.26 178.24 177.76 177.65 177.48 177.45 178.36 178.48 178.73 178.94 178.86 178.85 179.05 178.92 179.12 179.05 178.75 178.68 178.10 176.34 174.68 175.45 175.46 175.38 175.45 175.37 175.31 175.28 175.22 175.18 175.02 174.76 174.67 174.65 174.64 174.65 174.65 174.65 174.65 174.66 174.76 174.80 174.87 174.93 174.93 174.98 174.98 174.94 174.76 174.65 174.89 175.83 176.66 177.15 177.65 177.17 176.71 175.64 175.22 174.97 174.95 174.82 174.77 174.76 174.67 174.64 174.66 174.74 174.67 174.74 174.76 175.14
174.81 174.89 174.91 174.99 174.73 174.98 175.00 175.06 175.16 175.18 175.22 175.26 175.27 175.25 175.26 174.79 174.65 174.67 174.76 174.75 177.51 174.82 170.78 169.80 172.55 178.26 179.13 179.14 178.89 179.31 179.48 179.56 179.57 179.56 179.54 179.50 179.49 179.54 179.40 179.35 179.53 179.57 179.58 179.53 179.32 178.77 178.31 177.87 177.52 177.19 176.91 176.14 176.27 177.85 177.77 177.12 177.07 176.83 176.71 176.57 176.39 176.09 175.58 174.70 174.65 174.84 174.97 175.13 175.33 175.37 175.23 175.35 175.26 175.09 175.14 174.93 174.68 174.70 174.66 174.69 174.79 175.37 175.08 175.15 175.07 174.95 174.91 175.02 175.14 174.95 174.94 175.12 175.72 175.68 175.43 175.20 175.39 175.35 175.37 175.07 175.12 175.42 176.23 176.50 175.86 175.95 175.95 176.06 177.41 177.89 177.51 177.43 177.75 178.04 178.15 178.30 178.65 179.28 178.94 178.81 178.75 178.77 178.83 178.74 178.63 178.36 176.85 175.97 174.65 175.31 175.43 175.44 175.39 175.34 175.31 175.30 175.25 175.14 175.04 174.91 174.79 174.83 174.75 174.75 174.74 174.83 174.85 174.90 174.97 175.03 175.08 175.07 175.07 175.13 175.08 175.06 174.90 174.65 174.92 176.41 177.38 178.16 178.60 178.59 177.99 176.21 175.48 175.33 175.35 175.10 174.85 174.70 174.65 174.64 174.66 174.67 174.77 174.76 174.71 174.94
174.84 174.92 175.00 175.04 175.07 175.00 175.02 175.11 175.21 175.25 175.29 175.35 175.35 175.35 175.36 174.86 174.66 174.76 175.60 175.00 176.95 174.90 170.84 170.07 172.04 179.20 178.82 178.61 178.53 178.72 179.29 179.53 179.57 179.58 179.57 179.53 179.47 179.48 179.58 179.58 179.58 179.58 179.57 179.53 179.41 178.99 178.17 177.74 177.31 177.15 176.91 176.04 176.66 176.44 177.89 177.47 177.06 176.89 176.62 176.57 176.16 176.08 175.10 174.65 174.81 175.02 175.29 175.37 175.54 175.54 175.62 175.50 175.45 175.34 175.26 174.88 174.80 174.81 175.05 174.65 174.72 174.88 175.12 174.72 174.98 175.18 174.99 175.37 175.07 174.90 174.83 174.82 174.76 175.13 175.20 175.01 175.14 175.15 175.20 175.08 175.03 175.72 174.74 175.72 175.34 176.41 176.88 176.09 176.93 177.11 177.43 177.68 178.09 178.18 178.13 177.65 178.82 178.45 178.86 178.39 178.11 177.71 178.69 178.62 178.49 178.14 177.10 177.44 174.97 174.76 175.15 175.39 175.33 175.31 175.29 175.24 175.23 175.19 175.13 175.07 175.06 175.06 175.16 175.08 175.11 175.09 175.18 175.20 175.22 175.27 175.31 175.26 175.35 175.29 175.26 175.13 174.96 174.65 175.39 177.00 178.41 178.98 179.11 178.82 178.72 179.25 176.23 175.81 175.54 175.27 174.93 174.71 174.65 174.64 174.65 174.71 174.70 174.83 174.79 174.87
175.11 175.02 175.00 175.14 175.22 175.21 175.19 175.25 175.34 175.35 175.41 175.42 175.43 175.43 175.42 174.86 174.70 175.12 175.51 174.88 175.41 177.03 174.57 173.56 175.61 179.16 178.07 178.05 178.21 178.61 179.10 179.46 179.58 179.57 179.55 179.53 179.49 179.48 179.54 179.56 179.57 179.57 179.56 179.52 179.42 179.03 177.83 177.78 177.53 177.22 177.21 176.52 175.94 175.66 177.62 177.48 177.35 177.02 176.89 176.45 176.14 175.99 174.71 174.66 174.84 175.41 175.49 175.54 175.64 175.66 175.65 175.61 175.46 175.47 175.36 175.06 174.99 175.01 174.75 174.65 174.88 175.04 174.69 174.72 175.17 175.26 174.96 174.94 174.83 174.77 174.86 174.86 175.04 175.11 174.80 174.93 175.09 175.01 175.06 175.05 175.05 175.55 176.01 175.25 176.32 175.95 175.52 177.71 176.86 175.98 177.76 178.06 178.16 177.98 177.87 177.59 178.42 178.39 179.37 177.92 177.78 177.86 178.93 178.64 178.18 178.15 177.24 177.59 176.51 175.22 174.69 174.79 175.03 175.11 175.10 175.23 175.22 175.23 175.23 175.21 175.25 175.34 175.34 175.36 175.39 175.38 175.44 175.48 175.48 175.43 175.48 175.43 175.45 175.35 175.38 175.36 175.18 174.67 175.61 177.82 179.11 179.28 179.35 179.36 178.95 178.05 176.90 176.33 175.87 175.35 174.87 174.71 174.65 174.64 174.68 174.70 174.82 174.87 174.87 174.94
175.09 175.13 175.17 175.24 175.28 175.34 175.37 175.43 175.46 175.46 175.49 175.48 175.48 175.46 175.45 174.90 174.64 175.35 174.84 174.67 174.66 176.49 176.95 178.15 178.64 176.67 177.50 177.68 178.00 178.74 179.19 179.45 179.57 179.56 179.51 179.48 179.56 179.48 179.51 179.57 179.57 179.57 179.56 179.51 179.50 178.81 178.48 178.06 177.87 177.56 177.34 177.07 176.54 175.80 176.42 177.11 175.38 174.71 174.78 175.68 176.00 176.48 174.69 174.67 174.90 175.40 175.60 175.67 175.75 175.78 175.71 175.77 175.50 175.70 175.59 175.35 175.28 175.30 175.21 174.80 174.67 174.80 175.17 174.76 174.97 175.11 174.95 174.75 174.78 175.04 174.73 174.74 174.75 174.89 174.70 174.68 174.65 175.38 174.74 174.78 175.04 175.42 175.92 175.43 175.40 175.56 175.57 176.17 176.94 176.47 177.19 177.81 177.80 178.15 178.16 178.06 177.74 178.43 179.24 178.05 177.81 178.19 176.13 177.00 178.31 178.39 177.87 177.40 177.17 176.05 175.16 174.71 174.65 174.75 174.94 175.14 175.23 175.29 175.35 175.38 175.40 175.55 175.48 175.61 175.66 175.71 175.76 175.72 175.84 175.76 175.77 175.71 175.67 175.66 175.68 175.56 175.48 174.73 175.75 178.05 178.96 179.34 179.44 179.22 179.55 178.90 177.57 176.59 175.78 175.33 174.85 174.69 174.64 174.66 174.74 174.71 174.82 174.88 174.78 175.06
175.18 175.21 175.19 175.35 175.44 175.43 175.48 175.49 175.49 175.52 175.53 175.51 175.50 175.49 175.48 174.96 174.68 174.98 174.85 175.14 174.65 174.80 174.73 174.72 175.38 176.32 177.88 177.47 178.31 178.95 179.36 179.50 179.58 179.54 179.48 179.28 179.30 179.51 179.48 179.57 179.55 179.55 179.55 179.41 179.36 178.78 178.31 178.12 178.00 177.84 178.13 177.47 177.36 175.51 177.44 177.31 177.12 177.25 175.21 174.96 175.13 175.43 174.78 175.08 175.39 175.67 175.75 175.77 175.82 175.87 175.86 175.82 175.76 175.69 175.44 175.53 175.50 175.56 175.67 175.04 174.81 174.67 174.72 174.68 174.94 174.71 174.68 174.70 174.69 174.89 174.73 174.65 174.71 174.70 174.69 175.00 174.66 174.74 174.85 174.74 175.51 175.41 175.10 175.39 175.72 174.89 175.13 176.31 175.70 176.01 177.04 176.53 176.73 176.74 175.94 177.95 177.47 178.81 178.37 179.10 178.65 178.76 178.64 178.33 178.28 178.08 178.23 178.16 176.97 177.52 175.46 174.81 174.84 174.66 174.99 175.23 175.32 175.48 175.53 175.58 175.68 175.74 175.80 175.90 176.01 176.11 176.17 176.19 176.18 176.12 176.05 176.00 176.00 175.93 175.85 175.76 175.61 175.40 174.83 177.11 179.05 179.37 179.28 173.24 179.14 179.04 177.50 176.40 175.82 175.23 174.76 174.71 174.65 174.68 174.82 174.84 174.92 174.91 175.06 175.11
175.32 175.37 175.39 175.37 175.52 175.45 175.58 175.60 175.59 175.58 175.57 175.56 175.53 175.52 175.51 175.10 174.67 174.97 174.85 174.90 174.99 174.83 176.08 175.60 175.51 176.04 176.67 178.10 178.71 179.11 179.43 179.55 179.58 179.52 179.29 179.24 179.39 179.46 179.34 179.53 179.48 179.49 179.47 179.44 179.51 178.83 178.44 178.26 178.15 178.39 178.73 178.58 177.21 176.49 175.60 175.10 175.36 174.76 174.66 174.88 175.02 175.93 175.37 175.51 175.64 175.71 175.72 175.80 175.91 175.93 175.74 175.88 175.88 175.80 175.58 175.81 175.63 175.70 175.77 175.73 175.02 174.84 174.73 174.66 174.68 174.65 174.69 174.74 174.69 174.69 174.71 174.66 174.69 174.71 174.71 174.82 174.70 174.75 175.03 175.48 174.91 175.69 175.14 175.10 176.46 174.72 177.22 175.98 175.68 176.31 176.37 176.15 176.29 176.51 176.78 176.42 176.71 175.36 177.50 178.22 177.71 176.22 178.37 177.88 177.53 178.69 178.98 177.68 176.37 177.38 175.30 174.82 174.65 174.88 175.20 175.41 175.59 175.61 175.69 175.79 175.87 176.01 176.10 176.26 176.40 176.43 176.48 176.43 176.43 176.36 176.30 176.30 176.18 176.07 175.94 175.84 175.68 175.49 174.90 176.66 178.59 179.26 179.57 179.44 179.55 178.10 176.67 175.95 175.54 175.04 174.97 174.64 174.68 174.75 174.88 174.99 174.99 175.03 175.14 175.25
175.47 175.50 175.56 175.60 175.66 175.64 175.67 175.68 175.68 175.64 175.64 175.63 175.60 175.46 175.56 175.52 174.98 174.80 175.15 175.08 175.02 175.09 176.17 176.43 175.13 175.76 177.55 178.32 178.85 179.26 179.48 179.57 179.58 179.51 178.95 179.17 179.55 179.45 179.39 179.48 179.33 179.30 179.33 179.25 179.07 178.81 178.41 178.18 178.22 178.84 178.72 178.33 178.29 176.42 176.17 175.84 175.79 174.79 174.68 174.68 174.69 174.83 175.25 175.04 174.81 175.55 175.64 175.78 175.91 175.98 175.92 176.01 175.97 176.01 175.97 175.92 175.82 175.86 175.92 175.94 175.90 175.15 174.94 174.78 174.83 174.65 174.66 176.21 174.65 174.69 174.65 174.67 174.65 174.77 174.90 174.74 174.66 174.69 174.93 175.02 175.29 175.27 175.17 175.05 175.70 176.10 176.86 176.37 176.21 176.89 176.23 176.37 175.71 174.99 175.14 175.18 176.22 177.52 177.72 177.84 177.30 177.91 178.18 177.91 178.26 177.31 175.68 174.93 175.01 174.83 174.66 174.73 175.02 175.16 175.35 175.61 175.68 175.81 175.95 176.09 176.22 176.34 176.50 176.60 176.66 176.76 176.73 176.61 176.68 176.58 176.53 176.42 176.31 176.16 176.06 175.99 175.85 175.71 175.26 174.82 176.74 178.16 178.99 179.04 178.31 176.47 175.83 175.51 175.25 174.93 174.73 174.66 174.76 174.89 175.04 175.16 175.18 175.20 175.36 175.43
175.68 175.62 175.71 175.72 175.72 175.72 175.74 175.77 175.77 175.73 175.70 175.71 175.69 175.66 175.63 175.60 175.26 174.83 174.69 174.68 174.65 174.74 175.26 175.23 174.80 177.24 177.91 178.46 179.06 179.32 179.51 179.46 179.57 179.52 179.35 179.36 179.55 179.44 179.42 179.42 179.29 179.19 179.05 179.05 178.91 178.72 178.47 178.13 178.32 179.10 178.34 178.14 178.03 177.48 177.21 176.83 176.17 175.96 175.53 174.64 175.18 174.77 174.91 175.08 175.36 175.40 175.62 175.72 175.78 175.98 176.02 176.02 176.08 176.14 176.10 176.20 175.96 176.01 176.07 175.98 175.96 175.83 175.38 175.65 175.12 174.90 174.65 174.68 174.71 174.66 174.68 174.64 174.65 174.78 174.71 174.67 174.69 174.91 175.05 174.72 175.34 175.23 174.91 174.98 175.58 175.62 176.57 176.52 176.13 176.55 176.71 176.81 175.69 175.22 175.40 175.41 176.58 177.45 177.01 176.88 177.12 175.74 177.79 178.06 177.04 177.54 176.39 174.74 174.85 174.70 174.67 174.94 175.06 175.33 175.51 175.67 175.84 176.02 176.25 176.40 176.50 176.63 176.82 176.79 176.88 176.93 176.91 176.86 176.82 176.73 176.61 176.53 176.57 176.31 176.29 176.19 176.05 175.92 175.58 175.14 174.75 175.43 176.02 176.14 176.39 177.24 175.12 175.11 174.93 174.74 175.40 175.45 174.97 174.71 175.27 174.98 175.40 175.43 175.46 175.62
175.83 175.34 175.74 175.74 175.81 175.79 175.80 175.83 175.80 175.81 175.79 175.80 175.78 175.75 175.77 175.74 175.68 175.34 174.81 174.75 174.66 174.67 174.64 174.67 176.34 177.67 178.15 178.67 178.88 179.45 179.55 179.58 179.53 179.41 179.27 179.32 179.53 179.50 179.35 179.28 179.16 179.01 178.93 178.85 178.99 178.77 178.78 178.94 178.99 178.83 178.37 177.91 177.83 177.97 177.36 176.48 176.04 175.81 175.92 175.72 175.82 175.76 174.81 175.07 175.06 175.60 175.72 175.77 175.83 175.97 176.09 176.26 176.26 176.26 176.22 176.34 176.28 176.29 176.26 176.08 176.20 176.17 175.93 175.58 175.29 174.95 174.71 174.65 174.76 174.73 174.72 174.76 174.66 174.68 174.75 174.71 174.75 175.02 174.79 174.85 175.55 175.69 175.27 175.96 174.72 176.33 176.12 176.77 176.18 177.32 177.72 177.23 176.17 175.76 176.08 176.77 176.83 176.40 176.98 175.70 175.98 175.74 175.89 177.27 176.50 175.38 175.32 174.68 174.64 174.78 174.88 175.13 175.28 175.48 175.66 175.85 176.06 176.32 176.48 176.59 176.75 176.82 176.91 176.98 177.08 176.98 176.95 176.93 176.89 176.69 176.76 176.69 176.60 176.45 176.29 176.41 176.35 176.20 176.05 175.89 175.62 175.30 175.15 174.84 175.34 175.89 174.65 174.68 174.80 174.65 174.65 174.94 175.20 175.28 175.44 175.53 175.57 175.67 175.73 175.80
175.95 175.87 175.87 175.83 175.86 175.84 175.86 175.85 175.84 175.86 175.87 175.86 175.84 175.81 175.84 175.77 175.81 175.72 175.34 176.35 174.85 174.73 174.83 175.93 178.07 177.69 178.21 178.72 179.21 179.52 179.57 179.45 179.17 179.01 178.88 178.83 179.11 179.43 179.52 179.17 178.97 178.88 178.79 178.83 179.36 179.29 178.63 178.35 178.77 178.92 178.39 178.52 178.79 178.55 177.73 176.53 175.94 175.59 175.53 175.41 175.35 175.51 174.74 175.06 175.50 175.65 175.74 175.75 175.88 175.99 176.04 176.29 176.22 176.34 176.37 176.46 176.44 176.52 176.42 176.33 176.28 176.21 176.23 175.56 175.35 175.03 174.94 174.83 174.73 174.80 174.68 174.66 174.66 174.87 174.81 174.72 174.93 174.87 174.71 174.79 175.00 174.99 175.06 175.20 175.31 176.04 176.52 175.17 176.60 177.68 176.05 177.44 177.28 177.52 177.75 177.88 177.33 176.89 176.59 175.26 175.14 175.35 174.66 174.74 174.95 174.77 174.65 174.65 174.74 174.87 175.07 175.30 175.42 175.62 175.77 176.03 176.23 176.48 176.66 176.79 176.85 176.92 177.05 177.11 177.14 177.13 177.07 177.06 176.95 176.94 176.85 176.57 176.71 176.58 176.54 176.51 176.42 176.31 176.29 176.15 176.06 175.85 175.76 175.69 175.48 175.35 175.05 174.72 174.65 174.66 174.69 174.86 174.95 175.40 175.50 175.58 175.69 175.85 175.94 175.97
176.06 175.92 175.93 175.84 175.92 175.89 175.92 175.92 175.88 175.89 175.91 175.91 175.90 175.85 175.82 175.79 175.75 175.67 175.62 174.78 174.77 174.95 175.58 176.48 177.57 177.59 178.17 178.69 179.15 179.57 179.33 178.89 178.30 177.89 177.88 178.23 178.55 178.64 179.27 179.55 179.08 178.66 178.58 178.63 178.78 178.98 178.81 178.62 178.42 177.78 178.81 178.99 179.15 179.30 178.64 177.42 176.07 175.71 175.62 175.67 175.46 175.64 174.67 175.15 175.49 175.64 175.73 175.81 175.88 176.05 176.10 176.23 176.29 176.44 176.47 176.58 176.67 176.64 176.62 176.50 176.54 176.48 176.38 176.32 176.06 175.89 175.81 175.61 175.26 175.63 174.73 174.66 174.65 174.66 174.69 174.66 174.88 174.90 174.74 175.00 174.69 174.66 174.79 174.93 174.69 174.94 175.58 175.93 176.34 177.13 177.48 177.70 177.71 178.11 178.09 178.09 177.74 176.34 174.65 174.77 175.07 175.39 174.95 175.25 174.66 174.67 174.66 174.67 174.91 175.04 175.24 175.47 175.61 175.73 176.02 176.24 176.36 176.61 176.75 176.93 177.00 177.09 177.16 177.17 177.19 177.20 177.18 177.13 177.12 177.03 176.99 176.93 176.88 176.76 176.85 176.81 176.63 176.45 176.44 176.27 176.10 176.01 175.76 175.67 175.44 175.36 175.13 174.91 174.78 174.77 174.76 174.93 174.90 175.53 175.57 175.66 175.86 175.89 175.98 176.00
176.01 175.97 175.99 175.93 175.60 175.94 175.95 175.75 175.94 175.93 175.91 175.91 175.85 175.85 175.81 175.77 175.76 175.78 175.59 175.17 175.58 175.84 175.55 176.29 176.33 177.43 177.91 178.44 179.30 179.48 178.77 177.81 177.09 176.99 176.62 176.89 178.11 178.31 178.66 179.41 179.37 178.62 178.38 178.45 178.80 178.73 178.96 179.48 178.74 178.64 178.67 178.84 179.29 179.45 179.26 178.38 176.95 176.29 175.90 175.97 174.96 174.89 174.81 174.79 175.51 175.69 175.73 175.78 175.94 176.06 176.21 176.34 176.36 176.53 176.62 176.68 176.72 176.76 176.76 176.80 176.61 176.61 176.57 176.52 176.37 175.93 176.08 175.84 175.43 175.37 175.19 174.81 174.80 174.77 174.72 174.64 174.66 174.68 174.79 174.75 175.01 175.38 174.94 174.81 174.78 174.98 175.26 175.42 175.82 175.75 176.53 177.51 175.13 177.92 177.83 176.92 177.44 176.83 174.72 174.65 174.65 174.64 174.65 174.66 174.67 174.70 174.76 174.91 175.01 175.22 175.41 175.62 175.68 175.96 176.13 176.37 176.52 176.65 176.87 176.91 177.14 177.19 177.21 177.21 177.21 177.22 177.20 177.19 177.15 177.18 177.09 177.07 176.98 176.95 176.91 176.87 176.79 176.56 176.29 176.34 176.16 176.04 175.86 175.67 175.44 175.42 175.26 175.12 175.05 174.95 174.87 174.68 175.33 175.58 175.63 175.66 175.85 175.97 176.02 175.97
176.00 176.01 176.03 176.01 175.98 175.96 175.92 175.96 175.93 175.92 175.92 175.94 175.89 175.92 175.82 175.84 175.77 175.55 175.43 175.15 174.77 174.64 174.80 175.26 176.02 176.80 177.32 178.36 179.38 179.38 178.41 177.60 177.28 177.20 176.39 176.82 177.89 178.40 178.84 179.52 179.27 178.51 178.36 178.43 179.02 178.64 178.89 179.28 178.99 179.11 179.10 179.25 179.27 179.14 178.89 178.64 177.62 176.41 176.36 176.54 175.63 174.87 174.85 174.73 175.32 175.76 175.82 175.74 175.97 176.12 176.22 176.40 176.48 176.59 176.70 176.79 176.82 176.85 176.85 176.84 176.81 176.79 176.71 176.86 176.81 176.48 176.25 176.18 175.88 175.92 175.35 175.80 175.46 175.15 175.25 174.80 174.68 175.04 174.65 175.00 175.53 175.53 175.45 174.87 174.75 175.65 176.21 175.00 174.82 175.20 175.76 175.36 175.38 174.66 176.07 175.48 174.75 175.96 174.66 174.65 174.65 174.65 174.74 174.77 174.86 174.81 174.94 174.98 175.23 175.47 175.57 175.64 175.82 176.01 176.32 176.50 176.69 176.77 177.02 177.10 177.15 177.22 177.22 177.22 177.22 177.21 177.22 177.21 177.20 177.17 177.13 177.15 177.14 177.07 177.00 176.90 176.81 176.73 176.58 176.42 176.23 176.01 175.89 175.71 175.49 175.48 175.41 175.30 175.28 175.08 174.66 174.72 174.74 175.43 175.61 175.75 175.79 175.96 175.95 176.03
176.00 176.06 176.06 176.02 175.99 175.98 175.96 175.95 175.94 175.95 175.93 176.00 175.95 175.96 175.86 175.82 175.70 175.55 175.26 174.91 174.71 174.64 174.73 175.09 175.63 176.16 176.94 177.65 178.90 179.56 179.13 178.31 177.83 177.68 177.57 177.71 178.27 178.60 179.56 179.10 178.24 177.86 178.16 178.24 178.20 178.93 178.62 179.35 179.07 179.05 179.18 179.02 179.48 179.15 178.33 178.59 178.26 177.03 176.31 175.37 175.49 175.37 174.93 174.74 175.28 175.80 175.96 176.00 176.09 176.21 176.40 176.49 176.67 176.72 176.83 176.81 176.90 176.85 176.91 176.91 176.88 176.87 176.75 176.78 176.82 176.59 176.51 176.24 176.16 176.20 176.05 175.95 175.94 175.76 175.49 175.08 174.92 174.82 175.30 175.41 175.62 175.49 175.02 175.37 175.00 175.31 175.13 175.28 175.57 175.78 176.30 174.66 175.94 176.51 174.73 174.74 174.69 174.68 174.75 174.69 174.71 174.71 175.01 175.34 174.98 174.97 175.02 175.31 175.50 175.58 175.51 175.81 175.84 176.10 176.35 176.62 176.76 176.80 177.01 177.12 177.19 177.21 177.20 177.14 177.22 177.21 177.20 177.16 177.02 177.11 177.14 177.12 177.08 177.06 177.06 176.96 176.86 176.81 176.50 176.42 176.21 176.00 175.76 175.68 175.58 175.50 175.37 175.43 175.40 175.16 174.87 174.70 174.76 175.35 175.73 175.73 175.92 175.95 176.01 176.08
176.12 176.11 176.06 176.06 176.05 176.02 175.99 175.95 175.94 175.98 175.98 175.93 175.93 175.88 175.86 175.74 175.57 175.35 175.08 174.85 174.68 174.64 174.72 174.90 175.14 175.50 176.01 176.75 177.88 179.04 179.46 179.56 179.53 178.74 178.17 178.02 178.60 179.48 179.40 178.65 177.91 177.51 177.50 177.25 176.90 176.51 176.36 177.02 178.60 179.25 179.49 179.21 178.38 178.51 178.50 177.94 176.31 176.87 176.39 175.27 174.92 174.66 174.66 174.86 175.29 175.85 175.90 176.10 176.22 176.35 176.43 176.64 176.72 176.81 176.80 176.94 176.93 176.93 177.01 177.01 176.90 176.94 176.89 176.87 176.80 176.74 176.53 176.60 176.49 176.27 176.23 176.34 176.08 175.94 175.90 175.81 175.41 175.18 175.59 175.58 175.19 174.93 174.77 175.42 174.90 175.32 175.37 175.39 175.28 174.79 175.48 174.71 174.71 174.74 174.74 174.67 174.68 174.72 174.74 174.80 174.78 174.94 175.04 175.21 175.21 175.31 175.35 175.38 175.57 175.65 175.76 175.78 176.06 176.18 176.54 176.70 176.85 176.98 177.03 177.12 177.17 177.22 177.22 177.22 177.21 177.18 177.20 177.20 177.19 177.19 177.14 177.17 177.14 177.01 177.06 177.03 176.92 176.74 176.41 176.27 176.16 175.87 175.72 175.65 175.62 175.56 175.55 175.54 175.53 175.42 175.27 174.95 174.67 175.50 175.51 175.59 175.82 176.05 176.04 176.11
176.12 176.10 176.10 176.03 176.02 176.02 175.99 176.00 175.93 176.03 176.00 175.96 175.96 175.87 175.73 175.69 175.42 175.24 175.03 174.84 174.68 174.64 174.65 174.69 174.77 174.99 175.39 175.64 176.21 177.01 177.72 177.95 177.92 177.98 179.26 179.40 178.85 178.38 178.24 178.12 177.73 177.48 177.52 177.35 176.86 176.39 176.39 176.55 178.52 179.28 178.67 177.87 176.30 177.29 176.99 175.51 176.28 175.36 176.38 175.53 174.81 174.66 174.84 175.29 175.69 175.92 176.05 176.14 176.39 176.43 176.61 176.71 176.76 176.84 176.86 176.84 176.76 176.61 176.98 176.99 176.96 177.00 176.93 176.92 176.85 176.81 176.79 176.74 176.64 176.54 176.44 176.41 176.36 176.27 176.01 176.06 175.86 175.73 175.73 175.78 175.64 175.55 175.78 175.48 175.22 175.43 175.15 175.10 175.34 175.01 174.71 174.86 174.93 175.00 175.03 174.73 174.74 174.83 174.88 175.04 175.05 175.13 175.32 175.20 175.42 175.44 175.45 175.50 175.64 175.70 175.91 175.97 176.16 176.30 176.89 176.92 176.85 176.93 177.03 177.10 177.16 177.21 177.21 177.19 177.20 177.19 177.18 177.18 177.14 177.19 177.17 177.16 177.10 177.10 177.10 176.98 176.83 176.64 176.47 175.61 175.78 176.04 175.84 175.79 175.72 175.67 175.68 175.60 175.62 175.58 175.51 175.31 175.38 175.45 175.55 175.78 175.82 175.99 176.04 176.13
176.14 176.11 176.10 176.04 176.08 176.07 176.05 176.04 176.00 176.00 176.03 175.95 175.93 175.79 175.65 175.52 175.31 175.18 175.03 174.86 174.73 174.69 174.65 174.64 174.71 174.81 174.92 175.13 175.29 175.55 175.81 176.07 176.29 176.49 176.79 176.64 176.50 176.55 177.17 177.53 177.58 177.22 177.29 177.88 177.52 177.06 177.00 177.01 175.57 178.60 174.74 174.83 174.98 174.81 174.74 175.55 175.40 175.34 175.35 175.29 174.65 174.77 175.19 175.57 175.67 176.03 176.21 176.38 176.40 176.63 176.63 176.71 176.81 176.82 176.84 176.86 176.89 176.97 177.01 177.00 177.01 176.97 176.96 176.93 176.92 176.86 176.86 176.73 176.70 176.65 176.59 176.49 176.33 176.25 176.16 176.18 176.02 176.06 176.05 175.98 175.69 175.86 175.51 175.62 176.94 175.95 175.16 175.54 175.41 175.10 174.99 175.11 175.04 175.02 174.88 175.14 175.08 175.15 175.23 175.17 175.19 175.26 175.41 175.39 175.39 175.49 175.45 175.57 175.65 175.78 175.96 176.10 176.27 176.44 176.79 176.86 176.81 176.95 176.96 177.08 177.13 177.16 177.18 177.18 177.17 177.18 177.17 177.17 177.14 177.08 177.17 177.12 177.05 176.99 177.00 176.83 176.73 176.54 176.45 175.65 175.51 176.08 175.92 175.87 175.86 175.80 175.82 175.77 175.66 175.72 175.62 175.63 175.09 175.37 175.89 175.83 175.81 176.07 176.21 176.08
176.13 176.13 176.08 176.09 176.10 176.11 176.00 175.99 176.02 176.00 175.95 175.85 175.78 175.69 175.56 175.41 175.23 175.06 174.95 174.84 174.69 174.70 174.66 174.65 174.65 174.69 174.75 174.85 175.01 175.11 175.31 175.54 175.81 175.94 175.90 175.82 176.08 176.21 176.69 177.11 177.29 177.22 177.09 176.94 177.23 176.70 175.99 175.20 174.64 174.70 174.82 174.94 175.13 175.24 175.27 174.95 174.96 175.13 174.77 174.71 174.88 175.24 175.50 175.93 175.94 176.12 176.26 176.43 176.56 176.64 176.76 176.83 176.88 176.88 176.92 176.94 176.95 176.88 177.07 177.12 176.99 176.98 177.02 176.80 176.95 176.89 176.79 176.76 176.81 176.71 176.69 176.62 176.52 176.43 176.35 176.28 176.20 175.98 176.17 176.03 176.02 176.01 175.53 176.77 174.81 175.90 174.93 175.55 175.46 175.31 175.32 175.29 175.28 175.33 175.45 175.29 175.35 175.31 175.40 175.42 175.39 175.46 175.41 175.43 175.49 175.50 175.45 175.59 175.67 175.76 175.88 176.08 176.28 176.42 176.61 176.63 176.82 176.88 177.00 177.05 177.09 177.12 177.17 177.16 177.17 177.16 177.12 177.16 177.15 177.12 177.10 177.04 177.04 176.89 176.70 176.75 176.65 176.52 176.42 176.34 176.20 176.13 176.05 175.94 175.91 175.92 175.83 175.87 175.78 175.75 175.71 175.73 175.60 175.85 175.86 175.73 175.84 176.06 176.20 176.18
176.09 176.06 176.13 176.13 176.12 176.09 176.04 175.99 175.95 175.85 175.88 175.82 175.70 175.59 175.44 175.24 175.00 175.02 174.98 174.87 174.79 174.75 174.68 174.65 174.64 174.65 174.68 174.73 174.77 174.93 175.06 175.13 175.33 175.40 175.35 175.37 175.39 175.69 176.17 176.55 176.82 176.85 176.68 176.48 176.00 175.38 175.03 174.70 174.65 174.75 174.92 175.04 175.15 175.27 175.36 175.48 174.78 175.08 174.68 175.20 175.76 175.89 176.00 176.06 176.17 176.30 176.50 176.59 176.68 176.72 176.87 176.90 176.91 176.93 176.97 177.01 177.02 176.99 177.04 177.01 176.97 177.02 176.98 177.02 176.96 177.04 177.00 176.87 176.85 176.72 176.75 176.69 176.58 176.54 176.41 176.31 176.36 176.46 176.21 176.19 176.00 176.01 175.88 175.75 175.40 175.45 175.41 175.68 175.53 175.60 175.52 175.52 175.43 175.52 175.50 175.47 175.56 175.64 175.51 175.60 175.52 175.48 175.38 175.45 175.49 175.44 175.42 175.56 175.63 175.69 175.89 176.07 176.21 176.34 176.32 176.52 176.63 176.78 176.80 176.87 176.89 176.97 176.98 177.05 177.07 177.08 177.04 177.05 176.97 176.98 176.99 176.99 176.84 176.71 176.65 176.53 176.59 176.47 176.39 176.30 176.21 176.11 176.04 176.00 175.97 175.92 175.95 175.92 175.65 175.75 175.69 175.80 175.76 175.75 175.79 175.95 176.09 176.08 176.16 176.17
176.18 176.15 176.08 175.99 176.03 175.88 175.93 175.96 175.91 175.86 175.84 175.73 175.67 175.53 175.49 175.26 176.72 174.97 175.01 174.95 174.87 174.79 174.75 174.72 174.66 174.64 174.64 174.67 174.71 174.75 174.81 174.83 174.93 174.88 174.93 174.87 175.03 175.14 175.31 175.60 175.95 175.95 176.16 176.02 175.67 175.11 174.71 175.21 174.84 175.02 175.09 175.11 175.44 175.27 175.39 175.54 175.67 175.72 175.92 176.02 176.10 176.19 176.37 176.43 176.54 176.63 176.65 176.73 176.77 176.83 176.91 176.94 176.95 176.99 177.01 176.98 177.00 177.00 177.04 177.09 176.97 176.99 177.02 176.98 177.04 176.96 176.87 176.87 176.77 176.79 176.76 176.74 176.65 176.57 176.40 176.39 176.38 176.37 176.29 176.20 176.15 176.08 175.95 175.96 175.92 175.79 175.71 175.72 175.73 175.65 175.66 175.66 175.60 175.69 175.61 175.71 175.81 175.77 175.76 175.71 175.56 175.53 175.47 175.44 175.37 175.39 175.55 175.63 175.63 175.68 175.83 175.99 176.10 176.12 176.26 176.40 176.50 176.59 176.60 176.66 176.71 176.77 176.79 176.86 176.89 176.85 176.87 176.87 176.68 176.71 176.79 176.70 176.68 176.55 176.47 176.54 176.34 176.43 176.38 176.16 176.08 176.06 176.02 176.03 175.92 175.94 175.89 175.80 175.75 175.81 175.83 175.64 175.69 175.67 175.84 175.90 176.06 176.15 176.21 176.23
176.14 176.14 176.10 176.05 176.09 175.98 175.90 175.87 175.86 175.87 175.75 175.66 175.67 175.53 175.45 175.42 175.07 175.12 175.02 175.01 174.94 174.90 174.82 174.77 174.73 174.69 174.66 174.64 174.64 174.65 174.66 174.67 174.68 174.67 174.69 174.68 174.69 174.72 174.75 175.02 175.12 175.31 175.38 175.33 175.07 174.71 174.65 174.71 174.89 174.99 175.09 175.16 175.23 175.33 175.47 175.61 175.75 175.92 176.05 176.17 176.40 176.46 176.52 176.56 176.64 176.66 176.74 176.79 176.83 176.90 176.91 176.88 177.00 177.00 177.01 177.04 177.03 177.00 177.02 177.01 177.00 177.07 176.96 176.98 176.55 176.71 176.88 176.84 176.82 176.76 176.79 176.68 176.64 176.59 176.57 176.46 176.46 176.36 176.31 176.15 176.16 176.12 175.97 175.85 175.79 175.81 175.80 175.71 175.84 175.78 175.74 175.82 175.89 175.88 175.88 175.92 175.97 175.90 175.82 175.66 175.60 175.61 175.56 175.49 175.49 175.51 175.46 175.54 175.61 175.64 175.79 175.84 175.98 175.97 176.04 176.15 176.32 176.37 176.40 176.35 176.51 176.46 176.58 176.68 176.68 176.65 176.62 176.65 176.62 176.55 176.61 176.56 176.58 176.56 176.42 176.47 176.36 176.40 176.35 176.20 176.11 176.13 176.02 175.98 175.95 175.87 175.86 175.82 175.69 175.80 175.77 175.70 175.89 175.80 175.81 175.94 176.08 176.07 176.11 176.13
176.06 176.09 176.07 175.95 176.04 176.01 175.80 175.93 175.92 175.93 175.86 175.78 175.68 175.62 175.50 175.36 175.39 175.27 175.21 175.13 175.07 174.99 174.90 174.84 174.84 174.81 174.79 174.74 174.71 174.69 174.67 174.65 174.65 174.65 174.67 174.65 174.65 174.65 174.65 174.67 174.69 174.72 174.72 174.66 174.65 174.69 174.76 174.86 175.00 175.09 175.16 175.30 175.35 175.45 175.59 175.69 175.83 175.98 176.12 176.31 176.52 176.39 176.65 176.69 176.71 176.75 176.82 176.86 176.87 176.87 176.94 176.93 176.95 177.00 177.01 177.01 176.99 177.03 177.07 177.05 177.00 176.98 177.00 176.96 176.94 176.93 176.91 176.89 176.85 176.75 176.68 176.73 176.63 176.63 176.44 176.51 176.50 176.43 176.27 176.23 176.15 176.11 176.08 176.03 176.03 175.98 175.84 175.84 175.87 175.91 175.99 176.02 176.01 176.02 175.93 176.00 176.00 176.00 175.83 175.76 175.72 175.66 175.54 175.56 175.48 175.49 175.44 175.50 175.57 175.58 175.69 175.66 175.85 175.99 175.93 175.81 176.03 176.08 176.05 176.20 176.30 176.16 176.31 176.41 176.40 176.33 176.40 176.38 176.39 176.39 176.38 176.42 176.41 176.35 176.34 176.38 176.35 176.25 176.25 176.16 176.20 176.08 176.04 175.95 175.90 175.84 175.69 175.71 175.68 175.74 175.79 175.80 175.86 175.84 175.88 175.92 176.01 176.10 175.95 176.04
176.01 176.01 176.00 176.02 175.99 176.05 175.95 175.90 175.94 175.82 175.77 175.78 175.72 175.63 175.54 175.48 175.41 175.35 175.30 175.21 175.13 175.11 175.06 175.02 174.96 174.95 174.90 174.87 174.84 174.84 174.83 174.80 174.82 174.83 174.80 174.79 174.78 174.79 174.77 175.09 174.74 174.74 174.74 174.76 174.79 174.83 174.89 174.98 175.12 175.22 175.26 175.46 175.59 175.69 175.78 175.92 176.04 176.15 176.27 176.35 176.51 176.66 176.71 176.75 176.82 176.85 176.75 176.91 176.93 176.93 176.99 176.91 176.96 177.04 177.07 177.06 177.04 177.06 177.01 177.03 177.00 177.01 176.98 177.00 176.95 176.93 176.88 176.85 176.79 176.75 176.70 176.68 176.66 176.59 176.59 176.59 176.45 176.38 176.36 176.26 176.22 176.16 176.07 176.06 176.04 176.06 175.94 176.02 176.00 176.07 176.06 176.08 176.10 176.10 176.01 176.08 176.02 176.01 175.96 175.79 175.86 175.82 175.49 175.62 175.57 175.52 175.45 175.41 175.46 175.54 175.54 175.57 175.63 175.26 175.64 175.81 175.83 175.80 175.94 176.01 176.06 175.90 176.13 176.17 176.18 176.06 176.15 176.13 176.19 176.23 176.18 176.23 176.18 176.13 176.20 176.21 176.16 176.13 176.15 176.08 176.03 176.06 175.98 175.95 175.91 175.72 175.83 175.79 175.70 175.76 175.72 175.81 175.84 175.82 175.91 175.92 175.88 175.99 175.97 175.90
176.05 175.93 175.92 176.41 175.96 176.00 176.00 175.98 175.95 175.92 175.87 175.77 175.76 175.67 175.64 175.61 175.54 175.49 175.37 175.26 175.10 175.24 175.20 175.16 175.13 175.12 175.06 175.07 175.07 175.03 175.01 174.98 174.97 174.94 174.92 174.89 174.89 174.90 174.90 174.89 174.88 174.91 174.91 174.95 175.01 175.06 175.13 175.16 175.29 175.40 175.56 175.67 175.79 175.93 176.09 176.16 176.25 176.34 176.45 176.48 176.56 176.67 176.76 176.84 176.84 176.86 176.95 176.94 176.93 176.92 176.97 176.94 176.98 176.98 177.00 177.04 177.01 176.98 176.97 176.99 176.99 176.99 176.94 176.90 176.87 176.71 176.75 176.73 176.73 176.71 176.70 176.63 176.55 176.52 176.56 176.34 176.32 176.34 176.30 176.25 176.23 176.17 176.11 176.11 176.12 176.10 176.09 176.11 176.10 176.08 176.13 176.11 176.17 176.11 176.09 176.06 176.05 175.97 176.04 175.96 175.88 175.85 175.83 175.73 175.67 175.61 175.52 175.49 175.46 175.45 175.46 175.51 175.55 175.55 175.61 175.70 175.74 175.73 175.81 175.68 175.88 175.72 175.90 175.97 175.87 175.99 175.98 175.99 176.02 176.02 175.99 176.01 176.09 176.09 176.08 176.04 176.05 176.00 176.03 176.04 176.00 175.95 175.97 175.94 175.81 175.86 175.86 175.87 175.69 175.75 175.78 175.81 175.73 175.85 175.93 175.96 175.92 175.97 175.98 176.00
175.99 176.10 176.00 176.08 176.08 176.04 176.02 176.04 175.84 175.92 175.87 175.87 175.88 175.85 175.97 175.70 175.66 175.61 175.51 175.57 175.53 175.44 175.42 175.39 175.36 175.34 175.24 175.28 175.26 175.24 175.20 175.16 175.14 175.12 175.08 175.04 175.04 175.04 175.02 175.01 175.02 175.06 175.11 175.16 175.24 175.31 175.36 175.46 175.52 175.62 175.72 175.74 175.96 176.15 176.28 176.41 176.53 176.65 176.69 176.71 176.73 176.81 176.85 176.83 176.91 176.93 176.94 176.89 176.93 176.96 176.90 176.92 176.97 176.98 176.98 177.00 177.00 176.97 176.98 176.97 176.99 176.94 176.91 176.72 176.24 174.44 176.21 176.64 176.71 176.64 176.68 176.57 176.59 176.47 176.46 176.41 176.34 176.33 176.32 176.29 176.22 176.22 176.18 176.08 176.16 176.07 176.06 176.10 176.09 176.08 176.14 176.14 176.18 176.12 176.00 176.02 176.13 176.02 175.99 176.05 176.01 175.94 175.91 175.75 175.73 175.58 175.61 175.53 175.52 175.40 175.48 175.45 175.45 175.47 175.54 175.51 175.57 175.59 175.53 175.63 175.70 175.68 175.75 175.77 175.70 175.82 175.81 175.84 175.81 175.83 175.88 175.89 175.89 175.93 175.78 175.94 175.92 175.99 175.96 175.96 175.88 175.86 175.96 175.94 175.85 175.94 175.94 175.79 175.89 175.81 175.92 175.90 175.87 175.88 175.89 175.95 175.86 175.87 176.01 175.77
176.08 176.07 176.12 176.09 176.07 176.16 176.11 176.07 176.10 176.06 175.92 175.96 176.00 175.89 175.92 175.86 175.85 175.81 175.79 175.78 175.64 175.69 175.58 175.53 175.53 175.43 175.52 175.49 175.42 175.39 175.37 175.30 175.32 175.24 175.47 175.17 175.17 175.17 175.15 175.17 175.19 175.23 175.32 175.35 175.41 175.50 175.60 175.71 175.80 175.90 176.03 176.17 176.29 176.43 176.56 176.68 176.80 176.87 176.94 177.00 177.02 177.01 176.96 176.93 176.93 176.93 176.91 176.93 176.97 176.94 176.96 176.96 176.94 176.98 176.98 176.96 176.94 176.88 176.98 176.96 176.94 176.91 176.81 176.77 176.77 176.67 176.65 176.67 176.64 176.66 176.60 176.55 176.54 176.46 176.44 176.37 176.34 176.31 176.28 176.19 176.14 176.19 176.16 176.07 176.09 176.09 176.10 176.06 176.02 175.94 175.99 176.12 176.16 176.11 176.08 176.09 175.99 176.06 176.04 176.03 175.99 175.89 175.92 175.86 175.79 175.74 175.72 175.60 175.53 175.51 175.45 175.38 175.39 175.39 175.32 175.44 175.45 175.47 175.25 175.51 175.56 175.62 175.63 175.59 175.62 175.62 175.49 175.70 175.69 175.72 175.69 175.80 175.78 175.82 175.84 175.83 175.84 175.86 175.87 175.91 175.78 175.80 175.81 175.86 175.85 175.84 175.94 175.94 175.95 175.90 175.95 175.90 175.98 175.96 175.87 175.91 175.93 176.04 176.02 176.05
175.98 176.15 176.16 176.12 176.15 176.16 176.14 176.17 176.07 176.21 176.12 176.10 176.08 176.10 175.96 175.90 175.90 175.99 176.02 175.93 175.94 175.93 175.90 175.87 175.77 175.75 175.48 175.71 175.70 175.56 175.67 175.51 175.54 175.45 175.37 175.32 175.34 175.34 175.36 175.37 175.38 175.48 175.54 175.62 175.69 175.78 175.95 176.09 176.24 176.34 176.41 176.48 176.52 176.61 176.67 176.76 176.82 176.84 176.91 176.93 176.93 176.94 176.93 176.92 176.89 176.92 176.93 176.94 176.91 176.95 176.96 176.94 176.98 176.97 176.90 176.94 176.93 176.89 176.90 176.88 176.84 176.82 176.84 176.79 176.70 176.71 176.61 176.58 176.56 176.53 176.53 176.48 176.41 176.41 176.40 176.26 176.29 176.29 176.25 176.23 176.21 176.21 176.18 176.10 176.11 176.18 176.14 176.10 176.09 176.13 175.94 175.98 176.07 176.06 176.10 176.06 176.02 176.04 176.03 175.94 175.89 175.92 175.89 175.88 175.77 175.74 175.73 175.69 175.65 175.60 175.55 175.47 175.45 175.40 175.34 175.29 175.33 175.41 175.46 175.43 175.45 175.45 175.48 175.48 175.49 175.49 175.52 175.56 175.56 175.55 175.61 175.57 175.62 175.69 175.74 175.78 175.75 175.80 175.93 175.87 175.83 175.82 175.82 175.89 175.89 175.93 175.94 175.99 175.97 175.93 175.92 176.00 176.02 176.05 176.15 176.10 176.07 176.09 176.05 176.02
176.15 176.22 176.27 176.20 176.16 176.22 176.02 176.12 176.21 176.23 176.12 176.16 176.19 176.14 176.23 176.24 176.23 176.17 176.28 176.08 176.00 176.11 176.11 176.06 175.98 175.94 175.88 175.80 175.85 175.73 175.77 175.79 175.80 175.67 175.76 175.77 175.67 175.68 175.70 175.73 175.68 175.82 175.87 175.91 176.01 176.07 176.16 176.29 176.36 176.46 176.53 176.58 176.59 176.57 176.63 176.65 176.67 176.70 176.74 176.74 176.72 176.77 176.77 176.80 176.89 176.84 176.86 176.88 176.94 176.90 176.92 176.90 176.90 176.93 176.88 176.85 176.85 176.88 176.85 176.81 176.78 176.77 176.74 176.70 176.64 176.63 176.59 176.58 176.54 176.46 176.38 176.33 176.37 176.38 176.31 176.30 176.26 176.25 176.23 176.19 176.13 176.09 176.07 176.05 176.10 176.13 176.11 176.06 176.08 176.07 176.12 176.06 176.04 176.04 175.99 176.03 175.97 175.95 175.87 175.94 175.82 175.89 175.87 175.77 175.77 175.76 175.73 175.73 175.68 175.61 175.57 175.58 175.53 175.50 175.42 175.43 175.37 175.34 175.31 175.29 175.24 175.23 175.26 175.29 175.33 175.36 175.42 175.44 175.51 175.49 175.56 175.55 175.54 175.57 175.64 175.61 175.72 175.78 175.82 175.85 175.87 175.79 175.89 175.91 175.93 175.98 175.96 175.99 175.88 176.02 176.01 175.99 175.93 176.05 176.07 176.11 176.18 176.06 176.14 176.12
176.27 176.33 176.34 176.30 176.25 176.37 176.39 176.35 176.35 176.40 176.46 176.37 176.39 176.30 176.48 176.35 176.33 176.31 176.25 176.25 176.29 176.08 176.09 176.16 176.07 176.17 176.07 176.39 176.22 176.14 176.20 176.07 176.02 175.97 175.89 175.96 175.89 175.93 175.96 176.05 176.10 176.15 176.19 176.22 176.29 176.33 176.36 176.40 176.45 176.50 176.56 176.66 176.63 176.63 176.63 176.62 176.59 176.58 176.54 176.59 176.62 176.66 176.69 176.68 176.72 176.77 176.79 176.77 176.77 176.80 176.85 176.89 176.88 176.82 176.86 176.87 176.87 176.82 176.78 176.71 176.72 176.68 176.64 176.61 176.63 176.61 176.57 176.53 176.48 176.48 176.41 176.27 176.28 176.28 176.27 176.17 176.19 176.18 176.15 176.17 176.13 176.13 176.09 175.99 176.07 176.07 176.02 175.99 175.99 175.94 176.00 176.01 176.05 176.03 175.99 176.03 176.04 175.97 175.89 175.84 175.87 175.93 175.89 175.81 175.78 175.75 175.71 175.74 175.65 175.63 175.59 175.56 175.57 175.51 175.53 175.49 175.45 175.41 175.39 175.40 175.41 175.43 175.44 175.44 175.46 175.48 175.49 175.50 175.54 175.55 175.53 175.58 175.58 175.61 175.61 175.61 175.71 175.76 175.78 175.76 175.87 175.86 175.82 175.90 175.97 176.02 175.95 176.02 176.08 176.12 175.73 176.38 175.88 175.15 176.09 176.15 176.26 176.23 176.10 176.20
176.27 176.37 176.32 176.36 176.37 176.47 176.35 176.43 176.45 176.44 176.49 176.42 176.43 176.51 176.43 176.48 176.48 176.32 176.40 176.44 176.39 176.48 176.52 176.58 176.45 176.29 176.32 176.33 176.11 176.19 176.21 176.17 176.28 176.33 176.38 176.24 176.19 176.21 176.13 176.25 176.23 176.28 176.36 176.35 176.35 176.30 176.38 176.42 176.46 176.54 176.58 176.60 176.59 176.60 176.61 176.70 176.59 176.58 176.61 176.62 176.68 176.72 176.75 176.75 176.75 176.73 176.71 176.73 176.76 176.71 176.79 176.79 176.79 176.80 176.78 176.81 176.76 176.76 176.69 176.70 176.65 176.64 176.58 176.68 176.55 176.49 176.45 176.41 176.40 176.40 176.34 176.32 176.29 176.24 176.24 176.22 176.29 176.14 176.10 176.08 176.07 176.06 176.05 176.01 176.03 176.04 176.05 176.01 175.96 176.02 175.99 175.96 176.01 176.00 175.99 175.97 175.94 175.96 175.89 175.89 175.87 175.85 175.79 175.88 175.87 175.83 175.74 175.72 175.71 175.64 175.70 175.66 175.66 175.63 175.56 175.57 175.54 175.53 175.51 175.51 175.49 175.54 175.54 175.44 175.50 175.53 175.56 175.57 175.53 175.54 175.56 175.60 175.62 175.63 175.66 175.66 175.68 175.75 175.79 175.83 175.83 175.89 175.90 175.96 175.98 175.97 175.98 176.01 176.05 176.10 176.10 176.15 176.11 176.30 176.32 176.34 176.35 176.34 176.30 176.24
176.45 176.36 176.15 176.05 176.19 176.43 176.35 176.02 176.05 176.40 176.48 176.49 176.51 176.48 176.47 176.33 176.08 176.09 176.03 176.32 176.15 176.25 176.57 176.79 176.47 176.33 176.32 176.43 176.37 176.36 176.35 176.36 176.40 176.33 176.06 176.32 176.24 176.31 176.28 176.25 176.39 176.37 176.31 176.31 176.38 176.44 176.47 176.50 176.53 176.56 176.57 176.60 176.50 176.65 176.67 176.71 176.72 176.72 176.73 176.73 176.76 176.22 176.25 176.58 176.68 176.67 176.66 176.68 176.63 176.63 176.68 176.69 176.69 176.70 176.66 176.67 176.65 176.66 176.69 176.67 176.63 176.55 176.53 176.51 176.50 176.46 176.36 176.34 176.40 176.36 176.37 176.33 176.27 176.19 176.17 176.20 176.20 176.19 176.15 176.12 176.11 176.10 176.06 176.13 176.06 176.05 176.05 176.03 176.03 176.02 176.02 176.00 175.96 175.91 175.91 175.90 175.95 175.88 175.88 175.80 175.84 175.86 175.87 175.87 175.86 175.87 175.84 175.81 175.78 175.73 175.75 175.70 175.67 175.61 175.38 175.55 175.62 175.63 175.64 175.62 175.58 175.58 175.58 175.57 175.58 175.56 175.60 175.57 175.59 175.55 175.60 175.64 175.63 175.66 175.70 175.72 175.74 175.76 175.73 175.79 175.81 175.87 175.94 175.99 176.00 176.01 176.05 176.11 176.12 176.09 176.15 176.10 176.14 176.21 176.19 176.35 176.44 176.42 176.35 176.41
176.23 176.13 176.13 176.22 176.24 176.20 176.17 176.17 176.20 176.19 176.21 176.07 176.29 176.24 176.27 176.34 176.34 176.38 176.38 176.33 176.31 176.41 176.40 176.42 176.46 176.50 176.43 176.24 176.30 176.21 176.25 176.29 176.32 176.33 176.30 176.35 176.32 176.40 176.39 176.38 176.39 176.42 176.42 176.38 176.34 176.36 176.39 176.42 176.44 176.51 176.57 176.55 176.57 176.60 176.63 176.64 176.62 176.66 176.71 176.71 176.74 176.76 176.76 176.77 176.74 176.74 176.79 176.75 176.68 176.64 176.60 176.58 176.52 176.54 176.55 176.42 176.39 176.42 176.50 176.51 176.43 176.47 176.33 175.94 176.18 176.43 175.51 175.67 176.21 175.18 175.50 175.93 175.68 175.37 175.81 175.23 175.36 175.88 175.66 175.42 175.51 175.56 175.66 175.97 176.01 175.95 175.99 176.00 176.01 175.99 175.98 175.98 175.97 175.96 175.91 175.93 175.91 175.90 175.88 175.72 176.15 175.69 175.84 175.81 175.79 175.82 175.79 175.76 175.77 175.77 175.77 175.77 175.75 175.75 175.74 175.74 175.75 175.75 175.70 175.72 175.69 175.66 175.60 175.62 175.62 175.55 175.48 175.49 175.54 175.58 175.60 175.57 175.65 175.69 175.69 175.75 175.73 175.78 175.77 175.78 175.81 175.87 175.90 175.97 175.98 176.03 176.00 176.00 176.03 176.13 176.13 176.15 176.16 176.20 176.22 176.17 176.16 176.28 176.28 176.25
175.49 175.50 175.53 175.58 175.53 175.54 175.56 175.55 175.56 175.59 175.61 175.63 175.65 175.67 175.71 175.73 175.73 175.76 175.76 175.78 175.79 175.82 175.84 175.88 175.90 175.96 176.03 176.11 176.11 176.17 176.23 176.15 176.16 176.31 175.91 175.90 175.75 175.97 175.49 175.59 175.77 175.86 176.22 176.22 176.24 176.30 176.37 176.33 176.19 176.17 175.76 175.75 175.59 175.75 176.14 175.85 175.80 175.78 175.78 175.86 176.36 176.23 176.30 176.31 176.38 176.43 176.49 176.21 176.08 175.84 175.84 175.85 175.46 175.66 175.49 175.26 175.10 175.24 175.09 174.93 174.92 174.75 174.78 174.71 174.71 174.76 174.66 174.66 174.66 174.64 174.65 174.71 174.65 174.65 174.73 174.64 174.68 174.65 174.65 174.65 174.72 174.72 174.72 174.71 174.80 174.85 174.66 175.17 175.15 175.61 175.56 175.12 175.29 175.79 175.52 175.60 175.38 175.48 175.69 175.24 175.28 175.20 175.26 175.29 175.48 175.76 175.36 175.42 175.43 175.41 175.46 175.44 175.44 175.46 175.48 175.49 175.56 175.64 175.72 175.73 175.73 175.73 175.73 175.70 175.72 175.68 175.69 175.71 175.72 175.77 175.76 175.79 175.80 175.81 175.81 175.80 175.80 175.83 175.84 175.80 175.81 175.83 175.85 175.85 175.85 175.84 175.82 175.80 175.79 175.72 175.65 175.66 175.65 175.64 175.63 175.59 175.55 175.51 175.50 175.49
175.20 175.20 175.21 175.21 175.21 175.20 175.22 175.23 175.23 175.25 175.27 175.30 175.31 175.33 175.35 175.38 175.42 175.42 175.48 175.48 175.52 175.53 175.53 175.52 175.51 175.47 175.59 175.56 175.54 175.09 175.03 174.87 175.04 175.11 174.91 175.05 174.86 174.87 174.90 174.85 174.76 174.85 174.73 174.68 174.69 174.74 174.73 174.72 174.76 174.81 174.89 175.00 175.15 175.20 174.92 174.99 174.87 174.80 174.79 174.88 174.81 175.28 175.23 175.86 176.00 176.15 176.28 176.35 176.33 176.06 175.83 175.54 175.32 175.16 175.09 174.95 174.88 174.81 174.77 174.75 174.72 174.70 174.68 174.67 174.66 174.65 174.64 174.64 174.64 174.64 174.65 174.65 174.65 174.65 174.65 174.66 174.67 174.67 174.68 174.68 174.69 174.70 174.71 174.73 174.74 174.75 174.75 174.76 174.75 174.70 174.68 174.71 174.68 174.69 174.64 174.67 174.76 174.78 174.71 174.66 174.65 174.65 174.74 174.66 174.69 174.66 174.70 174.70 174.66 174.68 174.65 174.66 174.68 174.75 174.73 174.74 174.76 174.68 174.71 174.72 174.78 174.99 175.03 175.10 175.38 175.36 175.58 175.73 175.76 175.73 175.70 175.68 175.68 175.68 175.73 175.75 175.73 175.72 175.66 175.63 175.61 175.60 175.58 175.55 175.52 175.50 175.47 175.44 175.42 175.40 175.38 175.37 175.34 175.32 175.31 175.29 175.26 175.24 175.22 175.21
175.35 175.25 175.34 175.45 175.52 175.71 174.97 174.89 175.05 175.15 174.74 174.89 174.81 174.73 174.94 174.97 174.65 174.65 174.66 174.67 174.67 174.66 174.85 174.70 174.80 174.83 174.93 174.86 174.88 174.93 175.00 174.71 174.71 174.75 174.75 174.74 174.71 174.72 174.71 174.69 174.70 174.66 174.69 174.71 174.70 174.73 174.81 174.83 174.80 174.71 174.69 174.70 174.70 174.65 174.68 174.67 174.67 174.66 174.68 174.72 174.74 174.65 174.66 174.65 174.64 174.64 174.73 174.73 174.96 175.10 175.19 175.32 175.14 175.12 175.13 175.26 175.38 175.53 175.57 175.57 175.60 175.57 175.28 175.05 174.90 174.87 174.88 174.91 174.98 175.13 175.47 175.51 174.68 174.65 174.66 174.69 174.68 174.67 174.68 174.69 174.70 174.68 174.71 174.74 174.76 174.79 174.81 174.82 174.84 174.86 174.88 174.88 174.86 174.85 174.84 174.82 174.80 174.78 174.77 174.79 174.77 174.75 174.74 174.76 174.77 174.77 174.78 174.78 174.77 174.78 174.77 174.78 174.79 174.77 174.75 174.76 174.73 174.75 174.75 174.74 174.74 174.74 174.74 174.73 174.71 174.68 174.68 174.76 174.67 174.65 174.65 174.67 174.69 174.73 174.85 174.96 174.71 174.81 174.90 174.95 174.91 174.85 174.90 175.11 175.03 175.09 175.20 175.48 175.29 175.54 175.34 175.19 175.10 175.02 175.11 175.26 175.37 175.16 175.16 175.19
175.17 175.00 175.07 175.02 174.91 175.07 175.02 175.11 175.29 175.34 175.33 175.31 175.23 175.18 175.28 175.40 175.41 175.39 175.43 175.44 175.41 175.29 175.31 175.60 175.58 175.58 175.50 175.47 175.42 175.41 175.38 175.53 175.66 175.58 175.66 175.81 175.91 175.91 175.93 175.92 175.81 175.85 175.69 175.73 175.82 176.00 176.03 176.07 176.00 175.92 175.92 175.92 175.88 175.84 175.69 175.50 175.47 175.39 175.34 175.33 175.39 175.46 175.48 175.50 175.52 175.53 175.55 175.52 175.48 175.41 175.14 175.07 175.09 175.03 174.93 175.02 174.85 174.94 174.95 174.91 174.94 175.00 175.03 175.03 174.95 175.04 174.97 174.81 174.97 174.83 175.07 175.17 175.12 175.22 175.33 175.35 175.29 175.31 175.23 175.26 175.34 175.48 175.47 175.36 175.37 175.55 175.58 175.63 175.69 175.71 175.73 175.66 175.74 175.73 175.71 175.67 175.65 175.58 175.64 175.39 175.72 175.68 175.63 175.56 175.38 175.27 175.51 175.54 175.43 175.43 175.31 175.47 175.72 175.72 175.72 175.73 175.72 175.65 175.53 175.51 175.50 175.48 175.45 175.48 175.40 175.39 175.35 175.42 175.51 175.65 175.54 175.67 175.48 175.56 175.74 175.73 175.67 175.23 175.40 175.26 175.43 175.10 175.09 174.95 174.95 174.92 175.05 175.18 175.16 175.13 175.12 175.05 175.00 174.97 174.95 174.86 174.99 175.04 174.99 175.03
176.38 176.41 176.38 176.32 176.31 176.51 176.53 176.62 176.64 176.63 176.62 176.65 176.65 176.66 176.66 176.67 176.69 176.71 176.70 176.71 176.73 176.72 176.68 176.71 176.71 176.69 176.73 176.79 176.83 176.87 176.90 176.93 176.94 176.96 176.98 176.99 177.00 177.01 177.02 177.04 177.03 177.04 177.05 177.05 177.05 177.05 177.05 177.05 177.05 177.03 177.01 176.99 176.95 176.91 176.88 176.82 176.78 176.76 176.72 176.72 176.74 176.70 176.69 176.67 176.65 176.62 176.60 176.58 176.58 176.57 176.56 176.55 176.52 176.49 176.46 176.44 176.41 176.39 176.35 176.33 176.35 176.36 176.36 176.33 176.36 176.31 176.31 176.33 176.32 176.32 176.33 176.29 176.23 176.25 176.30 176.36 176.39 176.34 176.21 176.18 176.25 176.37 176.37 176.40 176.43 176.45 176.47 176.50 176.53 176.55 176.55 176.57 176.59 176.61 176.63 176.64 176.65 176.66 176.68 176.69 176.68 176.68 176.69 176.68 176.66 176.68 176.69 176.71 176.74 176.75 176.76 176.77 176.78 176.79 176.82 176.85 176.87 176.91 176.93 176.95 176.96 176.98 176.98 176.98 176.97 176.99 176.97 176.95 176.95 176.94 176.92 176.89 176.87 176.84 176.80 176.77 176.73 176.68 176.72 176.76 176.76 176.74 176.72 176.72 176.74 176.72 176.71 176.71 176.69 176.67 176.62 176.60 176.58 176.56 176.53 176.50 176.46 176.44 176.44 176.42
