East longitude (degrees): -179:2:179
North latitude (degrees): -89:2:89

Absorbed dose on Martian Surface (1E-6 Gy/day), 2D array where Absorbed dose(i,j)= value at latitude(i) and longitude(j).
122.38 122.43 122.47 122.49 122.48 122.47 122.47 122.48 122.51 122.54 122.67 122.72 122.69 122.74 122.88 122.95 122.99 123.06 123.08 123.00 122.94 123.03 123.04 123.00 122.95 122.92 122.87 122.88 122.93 122.90 122.96 123.02 122.98 122.93 122.99 122.94 122.88 122.83 122.74 122.66 122.60 122.53 122.48 122.45 122.44 122.44 122.43 122.45 122.44 122.43 122.41 122.41 122.39 122.39 122.40 122.40 122.33 122.31 122.30 122.31 122.31 122.30 122.32 122.30 122.31 122.34 122.35 122.23 122.18 122.20 122.17 122.18 122.18 122.18 122.14 122.12 122.12 122.11 122.10 122.11 122.10 122.13 122.14 122.13 122.15 122.15 122.15 122.15 122.15 122.16 122.17 122.19 122.19 122.18 122.18 122.19 122.19 122.19 122.18 122.16 122.14 122.15 122.15 122.14 122.16 122.16 122.17 122.18 122.18 122.19 122.20 122.18 122.17 122.20 122.25 122.29 122.29 122.30 122.31 122.33 122.35 122.36 122.38 122.40 122.43 122.46 122.47 122.49 122.52 122.53 122.54 122.55 122.57 122.58 122.60 122.62 122.63 122.64 122.64 122.65 122.61 122.60 122.58 122.54 122.55 122.54 122.53 122.49 122.46 122.43 122.43 122.42 122.42 122.40 122.38 122.38 122.38 122.37 122.37 122.38 122.38 122.36 122.35 122.33 122.32 122.31 122.31 122.31 122.31 122.32 122.34 122.36 122.37 122.38 122.39 122.39 122.40 122.39 122.39 122.39
123.51 123.56 123.57 123.63 123.62 123.66 123.62 123.61 123.60 123.55 123.55 123.55 123.50 123.44 123.41 123.40 123.41 123.42 123.42 123.39 123.39 123.42 123.49 123.51 123.49 123.46 123.46 123.39 123.44 123.34 123.48 123.50 123.40 123.38 123.38 123.39 123.39 123.37 123.36 123.32 123.26 123.31 123.28 123.27 123.26 123.25 123.26 123.22 123.19 123.15 123.04 123.17 123.03 122.82 122.86 122.82 122.73 122.64 122.59 122.58 122.75 122.34 122.45 122.24 122.19 122.18 122.12 122.08 122.05 122.04 122.05 122.07 122.13 122.12 121.86 121.81 121.75 121.66 121.65 121.84 121.55 121.38 121.39 121.30 121.28 121.29 121.32 121.36 121.39 121.42 121.45 121.43 121.40 121.35 121.34 121.78 121.68 121.85 121.65 121.81 121.79 121.82 121.93 121.94 121.98 122.06 122.12 122.25 122.32 122.36 122.23 122.22 122.26 122.30 122.33 122.33 122.38 122.41 122.47 122.48 122.54 122.58 122.59 122.63 122.68 122.67 122.68 122.73 122.79 122.77 122.81 122.82 122.83 122.88 122.97 123.05 123.11 123.20 123.16 123.05 122.96 122.93 122.91 122.89 122.85 122.86 122.81 122.62 122.59 122.58 122.58 122.59 122.62 122.62 122.62 122.63 122.68 122.75 122.81 122.81 122.86 122.90 122.95 122.97 123.04 123.09 123.15 123.18 123.27 123.30 123.41 123.41 123.42 123.42 123.44 123.37 123.22 123.29 123.49 123.61
122.99 123.00 123.03 123.04 123.04 123.04 123.05 123.08 123.08 123.07 123.07 123.08 123.09 123.14 123.11 123.07 123.08 123.14 123.14 123.14 123.15 123.15 123.17 123.18 123.17 123.17 123.19 123.25 123.29 123.38 123.56 123.58 123.57 123.57 123.59 123.53 123.65 123.62 123.59 123.54 123.66 123.82 123.80 123.83 123.73 123.72 123.66 123.60 123.55 123.48 123.50 123.42 123.42 123.41 123.59 123.64 123.45 123.35 123.38 123.58 123.52 122.87 122.79 122.84 122.93 122.99 122.85 122.92 122.90 122.58 122.76 122.73 122.48 122.42 122.47 122.24 122.52 122.75 123.01 122.74 122.61 122.56 122.63 122.64 122.72 122.61 122.56 122.46 122.46 122.57 122.46 122.47 122.55 122.50 122.49 122.52 122.56 122.59 122.58 122.62 122.58 122.71 122.97 123.18 123.13 123.10 123.07 123.07 123.04 123.06 123.11 123.14 123.16 123.19 123.03 123.04 123.09 123.10 123.07 123.02 123.02 123.03 123.05 123.11 123.17 123.21 123.21 123.16 123.16 123.13 123.10 123.07 123.05 123.05 123.06 123.12 123.42 123.89 124.01 123.93 123.71 123.58 123.52 123.56 123.33 123.21 123.14 123.07 123.11 123.14 123.07 123.09 123.12 123.20 123.28 123.31 123.31 123.32 123.29 123.29 123.28 123.19 123.11 123.06 123.04 123.09 123.13 123.18 123.26 123.35 123.22 123.25 123.23 123.20 123.16 123.12 123.08 123.07 123.01 122.98
123.02 123.03 123.05 123.06 123.07 123.07 123.08 123.09 123.11 123.12 123.13 123.15 123.17 123.19 123.18 123.19 123.20 123.23 123.25 123.26 123.28 123.30 123.32 123.35 123.38 123.41 123.44 123.47 123.53 123.60 123.56 123.48 123.46 123.42 123.48 123.56 123.56 123.55 123.58 123.61 123.47 123.49 123.51 123.53 123.55 123.57 123.56 123.81 123.87 123.91 123.87 123.87 123.84 123.85 123.87 123.86 123.82 123.95 123.97 123.92 123.71 123.89 123.86 123.79 123.93 123.77 123.78 123.77 123.95 123.82 123.95 124.06 124.11 124.12 124.09 124.05 124.05 124.04 124.05 124.08 124.09 124.09 124.04 124.05 124.05 124.03 124.01 124.01 124.04 124.03 123.94 123.93 123.97 124.02 123.94 123.91 123.87 123.84 123.84 123.74 123.82 123.54 123.62 123.47 123.69 123.80 123.82 123.70 123.64 123.66 123.68 123.74 123.84 123.86 123.87 123.83 123.67 123.68 123.66 123.66 123.62 123.60 123.45 123.40 123.44 123.46 123.46 123.38 123.38 123.45 123.41 123.42 123.50 123.50 123.59 123.82 124.07 124.05 124.05 124.05 124.05 123.65 123.60 123.63 123.61 123.68 123.66 123.62 123.61 123.60 123.57 123.51 123.46 123.43 123.40 123.32 123.28 123.29 123.44 123.60 123.81 123.91 123.69 123.46 123.12 123.11 122.94 122.89 122.88 122.86 122.92 123.04 123.30 123.31 123.16 123.04 122.99 122.97 122.98 123.00
123.17 123.20 123.21 123.28 123.16 123.20 123.23 123.25 123.28 123.32 123.35 123.39 123.48 123.50 123.40 123.39 123.41 123.44 123.47 123.50 123.53 123.56 123.57 123.59 123.61 123.64 123.67 123.69 123.71 123.72 123.74 123.81 123.80 123.81 123.86 123.84 123.75 123.78 123.76 123.78 123.87 123.81 123.66 123.70 123.61 123.56 123.59 123.69 123.71 123.65 123.74 123.69 123.81 124.10 123.91 124.00 124.12 124.03 124.12 124.09 123.99 124.05 124.07 124.06 124.06 124.03 124.05 124.05 124.04 124.01 124.05 124.01 123.95 123.96 123.98 123.98 123.95 123.95 123.95 123.99 124.06 123.96 123.89 123.86 123.85 123.87 123.86 123.88 123.87 123.87 123.86 123.87 123.82 123.74 123.63 123.44 122.95 122.36 123.07 123.12 123.47 123.66 123.62 123.67 123.81 123.88 123.93 124.00 123.99 123.95 123.87 123.97 124.01 124.04 124.03 124.05 124.05 124.07 124.06 124.06 124.06 124.06 124.05 124.03 124.03 124.02 123.93 123.94 123.96 123.98 123.99 124.04 124.06 124.08 124.08 124.08 124.07 123.87 123.53 123.42 123.40 123.38 123.37 123.46 123.50 123.52 123.49 123.56 123.61 123.65 123.70 123.73 123.77 123.69 123.73 123.82 123.87 123.73 123.68 123.68 123.84 123.74 123.67 123.67 123.72 123.67 123.86 123.59 123.21 123.03 123.03 123.11 123.19 123.32 123.45 123.13 123.19 123.19 123.08 123.12
123.32 123.34 123.36 123.41 123.41 123.39 123.40 123.42 123.43 123.53 123.47 123.51 123.54 123.56 123.60 123.65 123.60 123.67 123.57 123.68 123.65 123.67 123.66 123.84 123.99 123.61 123.79 123.95 123.91 123.95 123.93 123.93 123.92 123.93 123.95 123.96 123.96 123.96 123.92 123.91 123.92 123.82 124.03 124.07 123.75 123.85 123.85 123.79 123.78 123.81 123.85 123.88 124.05 124.04 124.04 124.10 124.14 123.81 124.02 123.81 124.09 124.04 123.82 124.00 123.99 124.07 124.08 124.07 124.06 124.06 124.05 124.06 124.05 124.06 124.05 124.04 124.05 124.06 124.06 124.00 124.03 124.08 124.00 123.98 124.00 124.06 123.95 124.02 123.96 123.98 124.00 123.97 123.96 123.85 123.38 123.39 123.11 123.44 123.74 123.85 123.80 123.91 123.92 123.94 123.95 124.01 123.96 124.00 123.91 124.00 123.85 123.95 123.90 123.89 123.75 123.71 123.97 124.01 124.08 124.09 124.09 124.09 124.09 124.09 124.10 124.09 124.08 124.09 124.09 124.09 124.08 124.08 124.09 124.09 124.09 124.09 124.10 124.10 124.09 124.09 124.09 124.10 124.01 123.90 123.97 123.76 123.56 123.57 123.57 123.52 123.54 123.59 123.75 124.07 124.05 123.78 123.69 123.91 123.42 123.43 123.71 123.45 123.30 123.23 123.19 123.24 123.16 123.36 123.24 123.21 123.21 123.24 123.30 123.15 123.10 123.17 123.22 123.27 123.27 123.28
123.67 123.54 123.52 123.51 123.48 123.60 123.58 123.73 123.72 123.74 123.73 123.74 123.87 123.80 123.78 123.80 123.83 123.83 123.88 123.84 123.82 123.84 123.82 123.86 123.84 123.89 123.95 123.98 123.93 123.96 123.96 123.97 123.97 123.97 123.97 123.98 123.97 123.98 123.97 123.98 123.97 123.98 123.96 123.92 123.91 123.83 123.60 123.87 123.55 123.69 123.97 123.95 123.87 123.61 123.70 123.82 123.90 123.88 123.93 123.92 124.02 124.07 124.02 124.05 124.09 124.09 124.09 124.09 124.09 124.09 124.09 124.09 124.08 124.09 124.08 124.08 124.07 124.04 123.98 124.00 123.98 123.93 123.90 123.84 123.95 124.01 123.97 123.98 123.91 123.96 123.97 123.96 123.83 123.77 123.72 123.63 123.32 123.09 123.73 124.06 124.13 124.13 124.12 123.89 123.97 123.92 123.93 123.99 123.90 124.01 123.92 123.89 123.89 124.00 124.10 124.06 123.91 123.86 123.68 123.57 123.52 123.32 123.24 123.53 123.73 123.93 124.03 124.03 124.00 123.94 123.74 123.89 123.92 123.78 123.97 124.02 124.09 124.07 124.00 123.95 123.88 123.88 123.76 123.91 124.10 124.09 124.06 124.03 123.78 123.80 123.84 123.52 123.80 123.92 123.91 123.59 123.43 123.47 123.36 123.38 123.41 123.32 123.31 123.43 123.37 123.34 123.40 123.45 123.47 123.45 123.40 123.44 123.54 123.39 123.40 123.43 123.51 123.58 123.62 123.54
123.74 123.78 123.70 123.75 123.67 123.68 123.73 123.93 123.82 123.78 124.07 124.10 123.84 123.92 123.92 123.96 123.89 123.93 123.93 123.87 123.87 123.94 123.95 123.99 123.95 123.97 123.98 123.99 123.98 123.97 123.97 123.97 123.98 123.97 123.82 123.96 123.96 123.96 123.95 123.95 123.94 123.92 123.93 123.93 123.95 123.97 123.95 123.93 123.87 123.84 123.87 123.68 123.61 123.76 123.95 123.98 123.97 124.06 124.09 124.10 124.10 124.10 124.09 124.09 124.08 124.08 124.07 124.01 124.05 124.03 124.02 123.99 123.99 123.94 123.93 123.95 123.91 123.96 123.91 123.93 123.96 123.96 123.99 123.95 124.05 123.98 123.98 124.02 123.97 123.97 123.95 123.85 123.79 123.91 123.96 123.96 123.96 123.95 123.97 123.92 123.87 123.91 123.91 123.88 123.97 123.99 123.99 123.93 123.93 123.90 123.87 123.82 123.63 123.68 123.80 123.54 123.72 123.65 123.55 123.62 123.50 123.46 123.77 123.89 123.84 123.68 124.07 123.67 123.74 123.74 123.79 123.92 123.90 123.87 123.84 123.76 123.87 123.49 123.32 123.10 123.06 123.39 124.11 124.09 124.11 123.78 123.99 123.76 124.02 124.09 124.06 124.05 124.03 124.03 124.05 123.73 123.24 123.20 123.19 123.19 123.17 123.25 123.55 123.49 123.56 123.28 123.32 123.40 123.43 123.43 123.47 123.47 123.49 123.59 123.60 123.62 123.67 123.65 123.67 123.69
124.05 123.73 123.95 123.94 123.92 123.82 124.02 123.96 123.97 123.96 123.82 123.69 123.90 123.81 123.91 123.97 123.95 123.94 123.92 123.88 123.83 123.68 124.02 123.60 123.71 123.98 123.92 123.91 123.92 123.94 123.95 123.94 123.96 123.87 123.84 123.72 123.81 123.94 123.90 123.93 123.93 123.94 123.91 123.93 123.95 123.95 123.95 123.88 124.02 124.13 124.13 124.12 124.13 123.89 124.05 124.06 124.09 124.10 124.10 124.11 124.11 124.11 124.10 124.08 124.09 124.00 124.04 124.09 124.09 124.09 124.09 124.04 123.98 124.01 123.99 123.96 123.94 123.98 124.04 123.93 123.94 123.94 123.96 124.04 124.00 124.06 124.08 124.06 124.04 124.05 123.98 123.97 123.86 123.98 123.97 123.99 124.03 124.03 124.03 124.02 124.03 124.04 124.05 124.04 124.02 124.00 124.04 123.90 123.88 123.83 123.63 123.48 123.60 123.81 123.96 123.86 123.92 123.88 123.91 123.77 123.83 123.68 123.58 123.54 123.69 123.68 123.80 123.81 123.90 123.88 123.87 123.90 123.90 123.93 123.96 123.97 123.96 123.99 123.91 123.79 123.90 123.37 123.45 123.72 123.76 123.77 123.80 123.86 123.95 123.97 123.93 123.58 123.87 124.03 124.09 124.11 123.97 123.63 123.24 123.45 123.32 123.46 123.66 123.65 123.38 123.51 123.68 123.74 123.68 123.81 124.04 123.98 123.86 123.82 123.82 123.80 123.85 123.78 123.80 124.01
124.01 124.03 124.05 124.07 124.08 124.11 124.13 124.12 124.12 124.12 124.13 123.99 123.76 123.64 123.34 123.35 123.66 123.71 124.02 123.80 123.82 123.76 123.68 123.72 124.13 123.89 123.92 123.93 123.89 123.82 123.85 123.81 123.81 123.88 123.85 123.84 123.82 123.92 123.88 123.88 123.93 123.88 123.93 123.90 123.92 123.93 123.84 123.78 123.81 124.01 124.12 124.10 124.11 123.81 124.06 124.09 124.10 124.11 124.10 124.10 124.11 124.05 124.03 124.05 124.08 124.09 124.08 124.07 124.08 123.81 123.93 123.99 123.95 124.01 123.92 123.96 123.95 123.80 123.72 123.66 123.60 123.95 123.97 123.96 124.01 124.01 124.04 124.00 124.05 124.02 124.10 124.09 124.02 124.04 124.04 123.99 123.97 123.75 123.96 124.04 124.06 124.01 124.02 124.02 124.02 124.03 123.94 123.59 123.74 123.86 123.87 123.90 123.90 123.95 123.96 123.93 124.00 123.95 123.98 124.00 123.98 124.03 124.03 123.98 123.96 123.93 123.72 123.81 124.11 124.10 123.87 123.92 123.84 123.31 123.71 123.79 123.83 123.63 123.54 123.68 123.73 123.58 123.87 123.97 124.04 124.05 124.04 123.96 123.96 123.99 124.07 124.05 124.09 124.05 124.14 124.14 124.14 124.13 124.05 124.02 124.07 124.04 123.98 124.06 124.10 124.08 124.08 124.04 124.01 124.08 124.02 124.08 124.05 124.06 123.92 123.92 123.93 123.95 123.84 123.96
123.81 123.85 123.96 124.02 123.91 124.14 124.12 124.12 124.14 124.13 124.13 124.09 123.95 123.97 123.82 123.82 123.44 123.51 123.64 123.85 123.96 123.89 123.76 123.68 123.71 123.91 123.86 123.91 123.78 123.91 123.64 123.67 123.63 123.75 123.77 123.81 123.91 123.92 123.95 123.95 123.96 123.95 123.95 123.97 123.97 124.03 123.92 124.01 124.01 124.01 124.02 124.06 124.06 124.08 124.09 124.08 124.08 124.09 124.05 124.05 124.00 124.09 124.08 124.10 124.09 124.03 123.87 123.88 123.91 123.91 123.90 123.92 123.94 124.00 124.03 124.08 124.02 123.91 123.71 123.83 123.88 123.99 123.95 123.87 123.87 123.80 123.83 123.81 123.91 123.99 123.99 124.02 123.66 124.03 124.05 124.03 124.06 124.06 124.06 124.06 124.05 124.05 124.06 124.04 123.98 123.89 123.64 124.02 124.07 124.04 123.99 123.94 123.97 123.93 123.97 123.82 123.79 123.97 124.06 124.10 124.12 124.10 124.11 124.12 124.12 124.10 124.03 123.94 123.86 123.85 123.96 123.94 123.92 123.87 124.09 123.75 123.34 123.50 123.52 123.61 123.70 123.70 123.55 123.61 123.80 123.95 123.98 123.91 124.02 124.05 124.05 124.07 123.96 123.27 124.05 124.14 124.14 123.52 124.14 124.14 124.14 124.11 124.10 124.08 124.03 123.95 123.87 123.87 123.63 123.51 123.88 124.02 124.02 123.97 123.92 123.88 123.84 123.81 123.88 123.87
124.13 123.77 123.67 123.94 123.96 123.99 124.00 124.08 124.12 124.13 124.14 124.14 124.12 124.08 124.01 123.92 123.81 123.62 123.57 123.44 123.43 123.29 123.46 123.48 123.65 123.63 123.58 123.54 123.69 123.42 123.42 123.41 123.61 124.11 123.66 123.77 123.78 123.95 123.92 123.93 123.96 123.96 123.95 123.96 123.96 123.98 123.97 124.00 124.01 124.00 124.01 124.03 124.04 124.05 124.03 124.06 124.09 124.07 124.08 124.06 123.93 124.03 124.08 124.08 124.02 123.94 124.04 124.04 124.14 123.90 123.95 123.96 123.98 124.03 124.07 123.98 123.88 123.68 123.71 123.59 123.72 123.74 123.84 123.86 123.96 123.93 123.97 123.98 123.97 123.98 123.99 124.03 124.01 124.05 124.04 124.06 124.03 124.02 124.01 123.98 123.97 123.76 123.68 123.70 123.56 123.77 124.10 124.14 124.14 124.10 124.09 124.01 124.02 123.93 123.97 123.95 124.04 124.06 124.12 124.12 124.12 124.12 124.12 124.12 124.11 124.14 124.13 124.14 124.14 124.09 123.90 123.68 123.87 123.92 123.67 123.61 123.55 123.38 123.60 123.27 123.39 123.56 123.58 123.88 123.83 123.81 123.62 123.75 123.91 124.00 124.07 124.05 124.04 124.08 124.10 124.10 124.11 124.06 124.04 124.08 124.07 124.08 124.04 123.98 124.04 124.03 124.03 124.02 124.00 123.87 124.04 123.98 123.96 123.89 123.72 123.90 123.70 123.69 123.71 123.88
123.81 123.66 123.52 123.71 123.74 124.02 124.02 124.09 124.11 124.12 124.12 124.13 124.13 124.13 124.12 124.09 124.05 124.03 124.01 123.90 123.71 123.66 123.68 123.60 123.74 123.72 123.57 123.80 123.78 123.59 123.49 123.63 123.54 123.65 123.73 123.79 123.80 123.83 123.84 123.91 123.93 123.96 123.97 123.97 124.00 124.01 124.00 124.00 124.01 124.01 123.98 123.96 123.94 123.97 124.02 124.05 124.05 124.05 124.02 123.74 123.95 124.09 124.12 124.12 124.03 124.06 123.99 123.97 123.97 123.95 124.01 123.99 124.01 124.04 124.08 124.06 123.94 123.89 123.76 123.62 123.64 123.77 124.01 123.89 123.94 123.96 123.96 123.94 123.86 123.98 123.98 124.00 123.98 124.03 123.97 124.03 124.08 124.05 123.99 124.01 123.94 123.95 123.91 123.88 123.74 123.85 123.80 123.88 123.91 123.88 123.88 123.84 123.89 124.01 124.09 124.13 124.13 124.13 124.11 124.10 124.10 124.12 124.14 124.13 124.14 124.14 124.14 124.14 124.14 124.14 123.99 123.97 123.95 123.91 124.13 123.73 123.69 123.72 123.85 123.45 123.43 123.44 123.65 123.66 123.68 123.50 123.42 123.89 123.77 123.71 123.97 123.97 123.93 124.07 124.06 123.56 123.81 123.88 124.04 123.96 123.74 123.80 124.02 123.92 123.97 124.06 124.02 124.04 124.03 124.01 123.90 123.87 123.80 123.54 123.91 123.99 123.86 123.80 123.64 123.58
123.79 123.78 123.88 123.67 123.55 123.75 123.96 123.97 124.05 124.04 124.10 124.07 124.08 124.11 124.11 124.08 124.10 124.10 124.08 123.94 123.75 123.74 123.62 123.66 123.62 123.69 123.69 123.61 123.58 123.62 123.59 123.66 123.76 123.77 123.76 123.66 123.58 123.72 123.88 123.78 123.94 123.84 123.76 123.92 123.93 123.91 123.86 123.96 123.94 123.92 123.86 123.86 123.89 124.01 123.96 123.80 123.93 124.09 124.06 124.07 124.06 124.06 124.09 124.12 124.14 124.13 124.01 124.12 123.97 124.09 124.04 124.00 124.00 123.97 124.00 124.11 124.13 124.12 124.11 124.02 123.97 123.85 123.88 123.89 123.90 123.91 123.96 123.97 123.97 123.96 123.96 123.96 124.00 123.98 124.00 123.94 123.99 124.01 123.95 124.03 124.03 123.95 123.97 124.03 123.99 123.90 123.85 123.77 123.78 123.70 123.88 123.93 124.03 124.13 124.14 124.14 124.13 124.14 124.14 124.13 124.13 124.12 124.13 124.13 124.14 124.14 124.14 124.14 124.14 124.14 124.13 124.03 124.00 124.06 123.95 123.78 123.66 123.73 123.66 123.26 124.00 123.54 123.79 123.74 123.74 123.60 123.53 123.43 123.30 123.51 123.72 123.85 123.81 123.84 123.95 124.05 124.10 124.10 124.04 124.00 123.85 123.87 123.94 123.93 123.85 123.49 123.46 123.64 123.85 123.94 123.98 124.01 123.94 124.02 124.01 123.68 123.86 123.89 123.87 123.86
124.04 123.63 123.48 123.76 123.89 123.97 123.96 123.70 123.74 123.82 123.64 123.75 123.94 123.73 124.11 123.78 123.93 123.91 124.03 123.98 123.95 123.94 123.93 123.68 123.59 123.51 123.86 123.83 123.58 123.65 123.85 123.96 123.97 123.93 123.90 123.79 123.65 123.74 123.71 123.69 123.87 123.58 123.78 123.89 123.80 123.34 123.99 124.04 124.05 124.03 124.02 124.06 124.06 123.97 123.81 124.11 124.11 124.06 124.11 124.11 124.09 124.06 124.08 124.10 124.14 124.12 124.14 124.06 124.14 124.14 124.14 124.11 123.87 124.05 124.07 123.98 124.01 124.04 124.00 123.91 123.56 123.57 123.87 123.95 123.89 123.86 123.82 123.91 123.97 123.96 123.98 123.96 123.97 124.02 123.99 124.01 124.00 123.95 123.99 124.02 124.03 124.00 123.98 123.98 123.79 123.99 123.96 123.97 123.98 124.02 124.05 124.07 124.09 124.12 124.14 124.13 124.11 124.10 124.10 124.06 124.07 124.11 124.08 124.12 124.14 124.14 124.14 124.14 124.14 124.12 124.10 124.13 123.59 124.14 124.13 124.10 123.73 123.81 123.80 123.92 123.62 123.56 123.51 123.56 123.59 123.54 123.54 123.42 123.52 123.51 123.66 123.66 123.68 123.73 123.74 124.07 124.12 124.14 124.14 124.13 124.10 124.04 123.98 123.89 123.85 123.70 123.51 123.60 123.67 123.17 123.57 123.88 123.93 123.84 123.37 123.53 123.65 123.99 124.00 123.99
124.07 123.90 123.80 123.91 123.95 123.88 123.28 123.64 123.73 123.60 123.83 123.63 123.73 123.32 123.80 123.89 123.87 123.93 123.81 123.91 123.98 123.98 123.88 123.82 123.43 123.63 123.73 123.75 123.91 123.64 123.74 124.00 124.03 123.92 123.99 123.94 123.73 123.48 123.40 123.48 123.63 123.89 124.00 124.00 123.98 123.85 124.03 124.07 124.11 124.10 124.11 124.11 124.11 124.12 124.05 124.01 124.05 124.00 124.09 124.11 124.05 123.97 123.95 124.05 123.85 124.08 123.80 124.12 124.14 123.81 123.93 124.04 124.09 124.06 124.13 124.02 124.02 123.96 123.89 123.89 123.66 123.72 123.86 123.77 123.79 123.95 123.90 123.88 124.01 123.55 123.92 123.99 124.02 123.99 124.06 123.93 123.91 123.92 124.14 123.90 123.87 124.01 123.96 123.98 124.00 124.02 124.01 124.00 124.00 124.08 124.10 124.13 124.14 124.14 124.12 124.07 124.07 124.10 124.02 123.89 123.90 123.92 124.09 124.14 124.13 124.11 124.09 124.11 124.08 124.03 124.10 124.11 124.14 124.14 124.12 124.11 123.95 123.53 123.23 123.39 124.12 124.07 123.23 123.24 123.83 123.41 123.45 123.12 123.46 123.67 123.44 123.48 123.73 123.97 124.05 124.09 124.12 124.11 124.13 124.13 124.12 124.11 124.08 124.04 123.90 123.75 123.59 123.56 123.65 123.55 123.95 123.20 123.60 123.71 123.57 123.87 123.95 123.89 123.99 124.03
124.02 124.03 124.06 124.11 124.02 123.48 123.69 123.62 123.40 123.43 123.49 124.11 123.46 123.53 123.33 123.38 123.72 123.90 123.72 123.65 124.09 123.68 123.70 123.69 123.32 123.65 123.77 123.76 123.74 123.35 123.06 124.00 123.92 123.95 123.94 123.79 123.84 123.63 123.54 123.56 123.47 123.76 123.86 123.92 123.95 123.85 123.65 123.63 123.98 124.10 124.11 124.12 124.09 124.08 124.02 123.77 123.73 123.75 123.65 123.60 123.87 124.06 123.97 123.75 123.98 124.02 124.02 123.71 123.65 123.04 123.94 123.83 123.88 124.08 123.96 124.14 124.12 124.14 124.08 124.11 124.11 124.08 123.88 123.91 123.97 123.89 123.91 123.82 123.80 123.92 123.96 123.99 123.89 123.76 123.78 123.75 123.76 123.81 123.96 123.81 123.70 123.76 123.76 123.79 123.79 124.01 124.02 124.07 124.10 124.13 124.14 124.14 124.14 124.12 124.14 124.14 124.14 124.14 124.13 124.14 124.13 124.14 124.09 123.98 123.87 123.88 123.87 123.87 123.87 123.75 124.02 124.07 124.10 124.05 124.10 124.11 124.11 124.11 123.40 123.89 124.13 124.12 123.50 123.60 123.84 123.74 123.58 123.46 123.43 123.63 123.85 123.91 123.95 123.85 123.97 123.93 124.08 123.91 123.56 123.68 124.09 124.11 124.09 124.01 123.85 123.72 123.59 123.58 123.63 123.58 123.41 123.33 123.59 123.63 124.01 123.61 123.62 123.68 123.82 123.99
124.04 124.05 124.08 124.08 123.91 123.88 123.85 123.66 123.56 123.81 123.79 123.73 123.66 123.71 123.55 123.67 123.87 123.85 123.85 123.81 123.56 123.17 123.18 124.08 123.15 123.65 123.82 123.82 123.80 123.67 123.56 123.95 123.94 123.88 123.91 123.79 123.67 123.52 123.32 123.26 123.33 123.27 123.24 123.37 123.77 123.61 123.53 123.72 123.96 124.04 124.10 124.11 124.11 123.98 123.76 123.39 123.58 123.36 123.52 124.11 123.76 124.05 123.97 124.01 123.80 123.66 123.57 123.58 123.57 123.56 123.56 123.83 123.46 123.90 124.04 123.90 124.02 124.14 124.14 124.13 124.02 123.94 123.99 123.98 123.95 123.90 123.90 123.80 123.84 123.72 123.84 123.92 124.00 123.89 123.92 124.00 124.14 123.94 123.92 123.95 123.95 123.92 123.68 123.74 123.69 123.81 124.06 124.09 124.13 124.14 124.14 124.13 124.09 124.03 124.03 123.95 123.89 123.81 123.78 123.66 123.63 123.64 123.62 123.65 123.73 123.60 123.60 123.58 123.70 123.67 123.82 123.89 123.97 124.08 124.04 124.07 123.88 124.13 124.10 124.02 123.96 123.88 123.93 123.94 123.34 123.62 123.69 123.66 123.84 123.95 124.06 124.06 124.01 124.12 123.89 123.98 124.04 123.49 123.57 124.11 124.03 123.97 123.90 123.90 123.73 123.65 123.73 123.83 123.93 123.83 123.81 123.50 123.84 123.67 123.58 123.63 123.74 123.91 123.94 124.02
124.05 123.92 123.94 124.08 124.14 123.59 123.95 124.00 123.99 123.91 123.95 123.74 123.62 123.82 123.82 123.81 123.67 123.83 123.80 123.84 123.78 123.42 123.21 123.84 123.62 123.76 124.11 123.74 123.84 123.74 123.89 123.84 123.84 123.84 123.86 123.85 123.82 123.40 123.21 123.19 123.12 123.22 123.50 123.62 123.75 123.82 123.89 123.87 124.07 124.09 123.72 123.75 123.89 123.79 123.83 124.04 123.98 123.69 123.65 124.03 123.69 124.03 123.97 123.89 123.64 123.56 123.56 123.56 123.56 123.56 123.56 123.57 123.74 123.96 124.12 124.10 124.14 124.12 124.08 124.12 124.14 124.12 124.10 124.05 123.99 124.13 123.97 123.89 123.95 123.96 123.86 123.83 123.78 123.97 123.74 123.67 123.83 123.87 123.91 123.86 123.93 123.97 123.79 123.42 124.00 123.90 124.00 124.09 124.11 124.13 124.13 124.10 124.00 123.88 123.81 123.67 123.62 123.62 123.92 124.41 124.86 125.24 125.41 125.49 125.52 125.12 124.98 125.05 125.06 124.95 124.20 123.64 123.63 123.57 124.04 123.95 123.95 124.08 124.02 124.03 124.08 123.92 123.95 123.79 123.85 124.06 123.78 123.78 123.82 123.69 123.85 123.98 124.09 124.12 124.11 124.06 124.02 123.33 124.10 124.00 124.06 124.07 124.07 123.96 123.84 123.82 123.65 123.83 123.51 123.80 123.91 123.58 123.25 123.25 123.60 123.89 123.93 123.96 124.04 124.05
124.02 123.96 123.81 123.86 124.07 124.00 123.94 123.60 124.03 123.87 123.70 123.82 123.76 123.87 123.80 123.75 123.79 123.42 123.72 123.76 123.65 123.44 123.15 123.03 122.81 123.62 123.41 123.65 123.80 123.81 123.73 123.84 123.68 123.56 123.73 123.56 123.60 123.52 123.34 122.84 122.82 122.71 122.99 123.64 123.74 123.84 123.88 123.70 124.06 124.12 123.64 123.65 123.39 123.22 123.73 124.12 124.14 124.14 123.91 123.63 123.52 123.64 123.95 123.59 123.57 123.57 123.59 123.56 123.56 123.56 123.56 123.63 123.74 123.71 123.63 123.56 124.14 124.14 124.10 124.11 124.13 124.12 124.02 123.96 123.87 123.99 123.76 123.84 123.94 123.93 123.92 123.94 123.99 124.01 123.91 123.72 123.80 123.85 123.88 123.70 123.94 123.85 123.71 123.92 123.86 123.92 124.05 124.12 124.14 124.14 124.04 124.00 123.95 123.73 123.60 123.63 123.95 124.49 125.09 125.82 126.09 126.46 126.61 126.79 126.80 126.82 126.66 126.67 126.55 126.35 126.66 126.10 123.99 123.90 123.78 123.84 124.06 123.91 123.34 124.13 124.05 123.81 124.06 123.68 123.46 123.60 123.80 124.03 123.94 123.95 124.08 124.08 124.05 124.01 123.74 124.00 124.01 124.04 124.03 124.05 124.03 123.82 123.89 124.04 124.02 123.94 123.70 124.00 123.84 123.98 123.83 123.62 123.83 123.53 123.59 123.76 123.82 123.93 123.97 124.02
123.60 123.75 123.67 123.88 124.12 124.14 124.14 123.97 123.99 123.48 123.74 123.50 123.47 123.39 123.58 123.47 123.42 123.46 122.98 123.16 123.38 123.54 123.05 122.93 123.39 123.24 123.48 123.79 123.78 123.77 123.66 123.79 123.59 122.78 122.77 122.86 123.11 123.11 123.15 122.79 122.66 122.73 122.86 123.44 123.65 123.75 123.77 123.77 123.73 123.67 123.57 123.38 123.08 122.96 123.16 123.45 123.98 124.02 123.73 123.63 124.11 124.06 123.98 123.83 123.57 123.63 123.55 123.56 123.56 123.57 123.58 123.57 123.66 124.12 123.93 124.07 124.01 124.08 124.09 124.10 124.09 124.09 124.03 123.91 123.89 123.72 123.79 124.14 123.99 123.93 123.79 123.90 124.09 124.08 123.93 123.74 123.51 123.97 123.71 123.69 123.69 123.71 123.85 124.00 124.02 123.90 123.88 124.11 124.14 124.09 124.14 124.05 123.78 123.57 123.93 124.50 125.13 125.56 126.15 126.53 127.10 127.44 127.11 127.09 126.27 126.76 126.85 126.96 126.85 126.81 126.83 126.85 126.61 126.10 124.73 123.87 123.89 124.03 124.07 124.14 124.13 124.05 123.66 123.92 123.98 123.51 123.87 123.75 123.97 124.02 123.72 123.95 123.94 123.92 123.85 124.01 123.95 123.86 123.68 123.69 122.93 123.43 123.87 123.76 123.63 123.91 124.05 124.08 123.90 124.12 124.09 124.00 123.98 123.77 123.52 123.26 123.39 123.53 123.74 123.82
123.45 123.75 123.62 123.60 123.93 124.12 123.88 123.63 123.90 123.69 123.51 123.57 122.90 123.77 123.05 123.22 122.63 122.81 123.33 123.20 123.53 123.12 123.36 123.56 123.54 123.73 123.40 123.63 123.73 123.71 123.71 123.71 123.73 123.23 123.09 123.18 123.38 123.41 123.40 123.21 122.90 122.82 123.09 123.17 123.07 123.50 123.50 123.56 123.43 123.46 123.24 123.14 122.90 122.91 122.86 123.12 123.36 123.32 123.68 123.91 123.40 124.13 124.05 123.99 124.02 123.58 123.63 123.61 123.58 123.62 123.59 123.56 123.60 124.02 124.04 124.06 124.10 124.09 124.03 123.83 124.07 124.01 123.97 123.95 123.80 123.83 123.71 123.84 123.98 123.93 123.97 123.98 124.12 123.96 123.86 123.49 123.68 123.60 123.75 124.02 123.67 123.49 123.65 123.82 124.12 124.12 124.02 124.11 124.13 124.14 124.13 124.10 123.88 123.71 125.10 126.28 126.69 127.34 127.69 127.09 126.70 126.94 127.26 127.18 126.82 126.55 126.36 126.72 126.89 126.79 126.81 126.63 126.65 126.56 126.03 125.00 124.06 123.67 123.97 124.08 124.11 124.13 124.04 123.91 124.11 124.10 123.88 124.04 124.02 124.02 124.02 123.75 123.63 123.85 123.62 123.78 123.80 123.47 123.23 123.67 124.03 124.06 123.63 123.57 123.83 124.07 124.02 124.08 124.12 124.10 124.08 124.05 123.68 123.66 123.51 123.80 123.64 123.55 123.76 123.69
123.78 123.82 123.73 123.77 123.90 123.88 123.94 123.95 124.00 123.58 123.40 123.75 123.42 123.30 123.35 123.36 123.88 123.31 123.57 123.64 123.50 123.66 123.91 123.43 123.66 123.77 123.69 123.61 123.61 123.58 123.48 123.54 123.49 123.34 123.35 123.32 123.34 123.36 123.43 123.44 123.21 123.14 123.27 123.20 123.17 123.33 123.33 123.19 123.06 122.93 122.88 122.88 122.86 122.51 122.38 123.23 123.52 123.61 123.83 123.96 124.06 124.06 124.11 124.11 123.91 123.70 123.57 124.12 124.01 123.73 123.65 123.56 123.79 123.95 124.07 124.00 124.05 124.04 124.02 124.10 123.89 123.98 123.86 123.84 123.81 123.76 123.75 123.98 123.98 123.94 123.88 123.92 123.97 123.91 123.81 123.85 123.67 123.70 123.66 124.01 123.14 123.60 123.73 123.77 124.04 123.78 124.04 124.10 124.14 124.14 124.14 124.14 123.88 124.08 126.35 126.80 127.63 127.72 127.19 127.52 127.34 127.56 127.40 127.40 127.20 127.53 127.63 126.83 126.71 127.14 126.80 126.71 126.71 126.58 126.01 125.68 124.52 123.60 123.86 124.00 124.11 124.07 123.33 124.10 124.12 124.01 124.07 123.97 123.84 124.03 123.88 123.75 123.86 123.75 123.79 123.59 123.44 123.50 123.13 122.57 123.40 123.33 123.68 124.07 124.09 124.07 123.85 124.11 123.92 123.95 124.06 124.03 123.67 123.70 123.63 123.18 123.22 123.61 123.72 123.67
124.03 123.64 124.07 123.89 124.02 123.88 123.93 123.92 123.78 123.64 123.40 123.43 123.32 123.17 123.41 123.43 123.68 123.72 123.65 123.63 123.30 123.46 123.59 123.59 123.40 123.62 123.69 123.68 123.22 123.43 123.32 123.50 123.52 123.14 123.26 123.25 123.27 123.34 123.47 123.53 123.10 122.93 122.11 122.16 122.84 123.16 123.05 122.87 122.90 122.70 122.62 122.64 122.57 122.67 122.72 123.28 123.36 123.42 123.56 123.79 123.79 123.84 124.01 123.81 124.05 124.06 123.86 123.77 123.70 123.64 123.72 123.74 124.02 123.95 124.02 124.09 124.06 124.11 124.07 124.10 124.04 123.97 123.83 123.94 123.87 123.87 123.80 123.99 123.98 123.87 123.82 123.89 123.92 123.88 123.87 123.74 123.80 123.73 123.88 123.64 123.61 123.69 123.61 123.35 123.40 123.60 123.99 124.04 124.07 124.08 124.14 124.08 123.76 124.88 126.67 127.45 127.42 127.17 127.37 127.68 127.48 127.47 127.24 127.53 127.48 126.88 127.03 126.97 127.21 126.97 126.79 126.75 126.56 126.23 125.25 125.14 124.56 123.70 123.80 123.87 124.00 123.97 124.11 124.13 124.13 124.09 124.06 123.99 123.98 124.12 124.08 124.02 123.98 123.82 123.78 123.59 123.40 123.38 123.43 123.45 123.29 123.36 123.80 124.11 124.14 124.10 124.09 124.06 123.91 124.01 124.00 124.05 123.30 123.80 123.83 124.10 123.62 123.78 123.93 123.90
124.08 124.06 124.07 124.14 124.11 123.84 123.90 123.83 124.08 124.08 124.01 124.09 123.85 123.46 123.64 123.53 123.25 123.45 123.21 123.49 123.24 123.62 123.59 123.58 123.44 122.80 123.22 123.34 123.50 123.16 123.04 123.24 123.10 123.10 122.92 123.15 123.20 123.32 123.34 121.62 121.34 121.18 119.45 119.19 119.28 121.53 121.53 121.54 122.23 122.54 122.31 122.62 122.44 122.60 122.59 122.65 122.73 123.14 123.69 123.64 123.41 123.01 123.88 124.04 124.07 124.07 124.11 124.01 123.84 123.81 123.84 124.03 123.95 124.12 124.13 124.14 124.13 123.89 124.12 123.99 124.09 124.06 123.92 123.93 123.84 123.84 123.83 124.01 124.02 123.96 123.84 123.90 123.79 123.81 123.86 123.59 123.48 123.78 123.77 123.70 123.49 123.53 123.25 123.08 124.03 123.66 123.90 124.07 124.09 124.11 124.12 124.13 123.78 124.94 126.35 127.48 127.46 126.86 127.56 127.58 127.56 127.40 127.62 127.74 127.39 126.88 127.20 127.28 127.09 127.23 127.00 126.73 126.04 125.44 125.14 124.88 124.24 123.64 123.61 123.85 123.73 124.08 124.08 124.14 123.77 123.94 124.07 124.10 124.11 124.10 124.07 124.02 124.04 123.78 123.69 123.65 123.49 123.71 123.72 123.57 123.51 123.48 123.85 124.02 124.07 124.03 124.05 124.02 123.66 123.91 123.92 123.50 123.44 123.88 123.84 123.81 123.91 124.00 124.07 123.93
124.01 124.09 123.97 123.81 124.12 123.71 124.01 123.95 123.54 123.77 124.13 124.11 123.67 123.45 123.84 123.67 123.83 123.52 123.69 123.75 123.84 123.37 123.84 123.85 123.68 123.68 123.52 123.33 123.43 123.33 123.22 121.61 122.58 122.92 122.91 123.05 123.15 123.12 122.51 122.40 121.89 120.72 120.40 120.51 120.88 121.01 120.92 121.17 120.62 121.65 122.31 122.34 122.38 122.48 122.62 122.66 122.85 123.11 123.18 123.53 123.55 123.64 123.35 123.51 123.88 123.50 124.08 123.92 123.99 123.96 123.99 124.00 124.11 124.14 124.13 124.14 124.14 124.13 124.09 124.10 124.09 124.05 123.98 123.97 123.96 123.84 124.00 124.05 123.97 123.93 124.03 124.04 124.01 123.79 123.82 123.71 123.71 123.67 123.66 123.84 123.51 123.60 123.41 123.50 123.45 123.42 123.84 124.05 124.11 124.12 124.11 124.05 123.74 124.06 126.16 127.58 127.78 127.65 127.26 127.50 127.75 127.63 127.72 127.75 127.49 127.19 127.53 127.29 127.42 127.08 126.83 126.30 125.60 125.23 124.71 124.40 124.19 123.92 123.64 123.99 124.07 123.96 124.11 124.05 124.08 124.13 123.96 124.12 123.82 124.08 124.10 124.10 124.04 123.98 123.80 123.92 123.79 123.61 123.91 123.85 123.67 123.57 123.58 123.70 123.91 123.97 124.11 124.06 123.93 123.90 124.00 123.92 124.06 124.02 124.04 123.92 123.98 124.06 124.10 124.13
124.13 124.08 124.10 123.95 124.11 124.14 124.08 123.70 123.36 122.85 122.61 123.30 123.25 123.83 124.02 124.00 124.01 124.01 123.94 123.90 123.90 123.88 123.68 123.81 123.61 123.34 123.40 123.05 122.94 123.33 123.23 122.49 122.61 122.07 122.68 121.88 122.40 120.64 120.76 122.35 120.61 119.85 121.15 121.20 121.12 121.09 121.29 121.95 121.40 121.38 121.18 121.76 122.31 122.72 122.73 122.85 122.77 123.21 123.31 123.17 123.16 123.69 123.69 123.89 124.02 123.88 124.09 124.12 123.69 124.05 124.14 124.13 124.14 124.09 124.11 124.14 124.14 124.13 124.13 124.10 124.04 123.99 123.85 124.11 124.00 123.91 123.89 123.85 124.00 123.95 124.00 124.05 124.03 123.94 123.70 123.86 123.65 123.60 123.81 123.78 123.46 123.45 123.35 123.49 123.62 123.59 124.13 123.90 124.08 124.10 124.08 124.08 124.03 124.09 124.94 127.20 127.82 128.04 128.23 127.55 127.60 127.62 127.22 127.73 127.30 127.38 127.22 127.33 127.28 127.18 127.01 126.01 125.13 124.77 124.31 124.06 123.67 123.62 123.82 124.00 124.07 124.14 124.05 124.07 124.02 124.05 124.12 124.13 124.12 124.08 124.12 124.09 124.06 124.04 123.97 123.99 124.05 123.99 123.92 123.53 123.74 123.67 123.40 123.38 123.82 123.90 124.08 123.97 123.99 124.04 124.10 124.09 124.09 124.08 124.02 123.92 124.13 124.14 124.13 124.13
124.12 124.10 124.09 123.81 124.08 123.81 123.66 123.84 123.43 122.87 122.74 123.37 123.81 123.91 123.99 123.95 124.01 123.12 123.92 123.90 123.86 123.74 123.70 123.63 123.27 123.44 123.30 123.18 122.75 122.85 122.58 122.44 122.51 122.26 122.37 122.50 121.88 120.52 120.62 120.58 120.05 121.10 121.78 121.69 121.42 121.68 121.51 121.60 121.86 121.91 121.74 120.95 121.69 122.63 122.91 123.07 123.07 123.08 123.10 123.17 123.31 123.44 123.44 124.03 124.01 123.73 123.87 124.03 123.99 124.11 124.09 123.97 124.14 124.09 124.12 124.14 124.14 124.14 124.10 124.13 124.07 123.96 124.03 123.97 124.00 123.85 123.77 123.86 123.92 123.94 123.96 124.03 123.99 123.78 123.79 123.77 123.90 123.92 123.66 123.57 123.58 123.20 123.31 123.55 123.70 123.68 123.71 123.93 124.04 124.09 124.08 124.03 124.09 124.09 123.67 124.95 127.55 127.85 128.11 128.16 127.58 127.55 128.00 128.02 127.25 127.35 127.30 127.19 127.28 127.12 126.35 124.66 124.10 124.05 123.83 123.60 123.72 123.62 123.65 123.68 123.97 124.13 123.82 124.06 123.97 124.02 124.07 124.09 124.12 124.13 124.10 124.04 123.74 123.72 123.80 123.94 123.79 123.66 123.85 123.95 123.83 123.63 123.82 123.95 123.88 123.89 123.81 123.94 123.92 123.69 124.06 124.13 124.06 124.04 124.09 124.10 124.13 124.14 124.11 123.90
124.14 124.14 123.84 123.77 123.86 123.32 123.59 122.91 122.92 123.34 123.29 123.45 123.86 123.94 124.02 123.92 124.03 124.04 123.90 123.91 123.45 123.78 123.74 123.72 123.51 123.31 123.31 123.16 122.97 122.72 122.56 121.81 122.15 121.94 121.62 121.78 121.14 120.18 120.03 119.34 119.62 121.13 121.96 121.60 122.28 121.70 122.52 122.60 122.39 122.44 121.90 121.03 120.23 121.83 122.62 123.07 123.04 123.09 123.12 123.11 123.39 123.68 123.53 124.01 124.05 124.07 124.06 124.06 124.04 123.98 124.06 124.05 124.03 124.10 124.08 124.11 124.12 124.14 124.14 124.14 124.13 124.07 124.08 124.05 124.03 123.97 123.94 123.89 123.88 123.90 123.92 123.74 123.86 123.94 123.82 123.88 123.76 123.90 123.73 123.38 123.51 123.39 123.21 123.37 123.57 123.65 123.65 123.61 123.97 124.08 124.02 124.00 123.91 124.01 124.13 123.72 125.73 127.05 127.64 127.96 127.93 128.16 127.35 127.18 127.39 127.38 127.15 127.13 126.29 125.34 124.84 123.92 123.57 123.59 123.60 123.60 123.72 123.63 123.75 123.81 124.01 124.14 124.06 124.03 123.97 123.94 124.01 123.99 124.03 124.07 124.07 123.97 123.91 123.79 123.45 123.36 123.43 123.41 123.80 123.57 123.78 123.92 123.65 123.82 123.74 123.70 123.91 123.99 124.06 123.92 123.96 124.08 123.89 124.09 124.09 124.12 124.14 124.11 124.04 123.99
124.14 123.96 123.91 123.87 123.48 123.52 123.13 123.44 123.51 123.39 123.51 123.52 123.76 123.91 124.03 124.04 124.04 123.80 123.77 123.93 123.72 123.76 123.71 123.67 123.53 123.48 123.32 123.16 122.90 122.61 122.34 122.17 122.09 121.53 121.36 121.87 121.05 119.98 120.12 119.31 120.32 121.15 121.54 122.10 122.32 122.52 122.56 122.76 122.77 122.88 122.08 121.05 121.43 121.54 121.68 121.64 122.81 123.21 123.23 123.45 123.70 123.91 124.01 124.04 124.09 124.08 124.10 124.13 124.11 124.10 124.12 124.04 124.11 124.06 124.04 124.11 124.13 124.14 124.14 124.14 124.08 124.08 124.10 124.13 124.09 124.01 123.89 123.80 123.90 123.91 123.89 123.92 123.78 123.89 123.92 123.86 123.89 123.83 123.80 123.54 123.52 123.82 123.63 123.52 123.69 123.80 123.84 123.67 123.97 124.05 124.10 123.99 124.11 124.09 124.05 124.05 123.70 123.80 124.17 126.61 127.29 127.75 126.98 127.24 127.08 127.19 126.83 126.33 124.21 123.57 123.93 123.71 123.65 123.66 123.69 123.89 123.92 123.76 123.79 123.96 124.01 124.06 124.09 124.00 123.99 123.87 123.93 123.92 123.93 123.96 124.01 123.93 123.82 123.83 123.61 123.56 123.89 123.40 123.26 123.11 123.85 124.00 124.05 123.90 123.98 124.02 124.07 124.06 124.08 124.02 124.00 124.06 123.97 124.07 124.07 123.98 124.07 124.11 124.10 124.08
124.14 123.99 123.19 123.89 123.50 123.36 123.68 123.35 123.61 123.47 123.45 123.57 123.91 124.00 124.04 124.03 124.02 123.41 123.98 123.97 123.85 123.74 123.73 123.66 123.60 123.48 123.35 123.11 122.83 122.57 122.31 121.99 121.78 121.71 121.66 120.88 120.91 120.41 118.98 118.01 120.21 121.29 121.71 122.02 122.33 122.60 122.76 122.89 123.00 123.01 123.00 122.90 122.32 122.33 122.25 121.57 121.84 122.29 123.22 123.43 123.76 124.04 124.08 124.07 123.93 124.09 124.05 124.09 124.13 124.13 124.12 124.08 124.14 124.10 124.14 124.14 124.14 124.14 124.09 124.13 124.13 124.13 124.14 124.13 124.08 124.06 124.01 123.92 123.86 123.92 123.88 123.96 124.00 123.96 123.94 123.89 123.90 123.64 123.84 123.63 123.90 123.93 123.78 123.76 123.92 123.97 124.00 123.96 123.65 124.05 123.92 124.10 124.10 124.12 123.97 124.01 123.98 123.99 123.70 123.69 123.79 123.71 124.52 126.06 125.10 125.32 124.23 124.63 123.57 123.73 123.89 124.02 123.84 123.76 123.87 124.04 123.98 123.98 124.02 124.14 124.14 124.12 124.06 124.02 124.00 123.94 123.93 123.96 123.96 123.98 123.99 123.90 123.89 123.64 123.77 123.50 123.14 123.31 123.74 123.08 123.75 123.97 124.03 123.82 124.05 123.64 124.04 124.09 124.03 123.99 124.07 124.03 123.95 124.00 123.96 124.08 124.04 124.08 124.11 124.14
124.11 123.99 123.94 123.87 123.59 123.51 123.84 123.25 123.55 123.75 123.68 123.85 123.86 123.94 124.06 123.99 124.07 123.70 123.99 123.72 123.74 123.75 123.68 123.66 123.53 123.44 123.33 123.22 122.84 122.54 122.21 121.89 121.46 121.48 121.29 121.45 121.63 120.23 119.94 118.25 120.46 121.33 121.69 122.09 122.41 122.68 122.87 123.01 123.11 123.25 123.26 123.33 123.15 122.66 122.67 122.75 122.98 122.96 122.88 122.86 122.68 123.82 124.10 124.11 124.11 124.11 124.13 124.11 124.13 124.12 124.13 124.01 123.97 123.95 124.11 124.14 124.13 124.13 124.08 124.08 124.08 124.09 124.11 124.14 124.14 124.09 124.12 124.12 124.03 123.98 123.94 124.01 124.01 123.81 123.89 123.95 123.94 123.79 123.78 123.78 123.92 123.98 123.77 123.87 124.00 123.95 124.02 123.78 123.52 123.67 123.98 124.01 124.09 124.02 124.01 124.03 123.97 124.03 124.06 123.96 123.87 123.82 123.70 123.65 123.62 123.57 123.96 123.67 123.56 123.76 124.02 123.85 123.87 123.92 124.11 124.06 123.59 124.03 124.04 123.85 124.09 123.98 123.95 123.95 123.97 123.97 123.98 123.98 123.94 123.93 123.91 123.78 123.48 123.41 123.31 123.51 123.85 123.24 123.29 123.72 123.48 123.75 123.99 123.99 124.11 123.78 124.08 123.97 124.08 124.11 124.10 124.07 123.91 123.78 123.83 124.00 124.01 124.02 124.11 124.12
124.10 123.93 124.07 123.97 123.90 123.89 123.95 124.07 123.83 123.98 123.88 124.08 124.09 124.08 124.10 124.06 124.07 123.93 123.74 123.98 123.77 123.72 123.69 123.60 123.51 123.35 123.23 123.09 122.77 122.34 122.00 121.69 121.41 121.21 121.12 120.41 120.81 121.15 119.94 120.28 120.73 121.27 121.76 122.11 122.33 122.58 122.75 122.98 123.12 123.16 123.33 123.39 123.19 122.89 122.13 122.76 123.02 123.15 123.14 123.01 122.39 123.40 124.05 124.07 124.11 124.11 124.12 123.97 124.06 124.10 124.11 124.12 124.06 123.85 123.73 124.07 124.02 124.00 123.86 124.03 124.02 124.04 123.89 124.09 123.96 124.14 124.14 124.14 124.14 124.02 124.11 124.08 124.11 123.82 124.00 123.97 123.98 123.75 123.54 123.93 123.93 123.88 123.92 123.93 123.86 123.63 123.83 123.46 123.31 123.57 123.74 123.81 123.98 123.90 124.04 124.08 124.08 124.12 124.06 123.99 123.91 123.97 124.01 123.72 123.92 123.61 123.67 123.96 124.02 124.11 124.02 124.12 124.13 124.07 124.12 124.04 124.03 124.12 123.76 124.01 123.95 123.86 123.79 123.82 123.88 123.90 123.98 123.94 123.92 123.86 123.83 123.71 123.47 123.18 123.30 123.50 123.69 123.45 123.05 123.37 123.28 123.57 123.81 124.02 123.87 123.89 124.07 123.89 124.04 124.06 124.10 123.97 123.83 123.99 124.07 124.00 124.05 124.14 124.13 124.13
124.07 124.13 123.99 124.00 123.95 123.98 124.06 124.09 124.10 124.13 124.13 124.12 124.12 124.14 124.12 124.14 123.61 123.73 124.01 123.84 123.84 123.69 123.68 123.61 123.48 123.27 123.08 122.79 122.44 122.07 121.72 121.32 121.09 120.95 120.99 120.91 120.04 120.42 119.90 120.18 120.70 121.28 121.62 121.89 122.14 122.36 122.60 122.83 123.07 123.21 123.42 123.45 123.45 123.20 122.61 122.76 123.02 123.04 123.00 122.70 122.10 123.58 124.02 124.05 123.94 124.03 124.10 124.00 124.11 124.11 124.06 124.14 124.14 124.00 123.89 123.80 124.05 123.98 124.01 123.94 123.94 123.98 123.97 123.82 124.02 124.12 124.10 124.08 124.11 123.96 124.13 124.09 124.14 124.09 124.14 124.03 123.99 124.10 123.78 123.73 123.83 123.71 123.55 123.45 123.63 123.89 123.41 123.37 123.13 123.56 123.71 123.94 123.88 123.68 123.65 123.80 124.05 124.11 124.10 124.14 124.01 124.06 123.99 123.90 123.89 123.70 123.91 124.04 124.10 124.12 124.12 124.11 124.11 124.11 124.04 123.78 123.40 123.52 123.75 123.94 123.83 123.73 123.54 123.65 123.84 123.89 123.93 123.97 123.85 123.82 123.78 123.74 123.85 123.77 123.81 123.48 123.77 123.48 123.20 123.45 123.14 123.72 123.84 123.96 123.96 124.03 124.01 124.03 124.04 124.11 124.02 124.10 124.03 124.07 124.10 124.09 124.04 124.13 124.10 124.13
124.10 124.12 124.02 124.01 124.00 123.99 124.07 124.12 124.10 124.13 124.10 124.12 124.14 124.10 124.13 124.14 124.08 123.97 123.99 123.89 123.79 123.68 123.65 123.54 123.41 123.23 122.91 122.49 121.99 121.56 121.22 120.83 120.60 120.55 120.68 120.16 120.34 119.57 119.72 120.25 120.64 121.06 121.32 121.59 121.90 122.11 122.43 122.66 122.90 123.10 123.23 123.40 123.45 123.17 122.80 123.02 122.71 122.95 122.69 122.38 122.46 122.77 124.00 124.00 124.02 123.98 124.10 124.12 124.12 124.12 124.08 124.12 124.13 124.10 123.86 123.69 123.87 123.95 123.87 123.83 123.88 123.91 123.94 123.82 123.89 123.81 124.06 124.05 124.11 124.14 124.10 124.14 124.14 124.11 124.08 124.08 124.03 123.88 123.84 123.92 123.96 124.00 123.43 123.68 123.82 123.76 123.88 123.25 123.16 123.48 123.71 123.51 123.78 123.79 123.83 123.95 123.98 124.05 124.13 124.13 124.10 124.04 123.95 123.93 124.08 124.04 123.98 124.05 124.11 124.11 124.12 124.09 124.14 124.05 123.89 123.71 122.98 123.10 123.68 123.61 123.76 123.75 123.53 123.31 123.87 123.93 123.94 123.96 123.94 123.85 123.70 123.55 123.32 123.56 123.97 123.57 123.69 123.63 123.31 123.77 123.68 123.78 123.71 123.70 124.00 124.05 124.11 124.06 123.96 124.14 124.13 124.11 124.13 124.13 124.13 124.09 123.96 124.12 124.12 124.05
123.84 123.98 123.98 123.90 124.01 124.09 124.11 123.99 124.01 124.13 124.10 124.12 124.13 124.13 124.14 124.12 123.99 124.09 123.91 123.90 123.81 123.67 123.57 123.38 123.24 123.03 122.69 122.05 121.20 120.72 120.40 120.24 120.08 120.20 120.43 118.73 120.04 119.49 119.64 119.94 120.13 120.52 120.82 121.12 121.49 121.84 122.19 122.46 122.76 122.96 123.10 123.21 123.33 123.30 122.99 122.64 122.62 122.61 122.72 122.63 122.31 123.43 123.93 123.91 123.99 124.06 124.13 124.12 124.13 124.12 124.13 124.14 124.10 123.92 123.59 123.60 123.60 123.92 123.82 123.78 123.72 123.82 123.87 123.89 123.75 123.74 123.96 124.07 124.06 124.05 124.11 124.14 124.13 124.14 124.11 124.06 124.00 124.00 124.06 123.75 123.93 123.97 123.60 123.80 123.55 123.76 123.27 123.14 123.51 123.52 123.37 123.62 123.61 123.73 123.79 123.84 123.89 123.86 123.89 124.14 124.14 124.11 124.12 124.12 124.09 124.14 124.09 124.11 124.12 124.10 124.09 123.90 123.83 123.90 123.81 123.64 123.33 123.22 123.53 123.67 123.84 123.87 123.97 123.97 123.90 123.93 123.94 123.95 123.89 123.84 123.88 123.54 123.40 123.48 123.75 123.82 123.77 123.85 123.57 123.82 123.87 123.77 123.70 123.65 123.92 123.93 123.91 123.88 124.11 124.14 124.10 124.04 124.01 123.90 124.05 124.02 124.07 124.13 124.08 123.83
123.87 123.86 123.91 124.06 124.07 124.12 124.09 124.00 124.05 124.08 124.12 124.14 124.12 124.07 124.14 124.08 124.13 124.13 124.05 123.89 123.81 123.68 123.42 123.19 123.01 122.75 122.30 121.22 120.24 119.61 119.51 119.59 119.78 119.95 119.60 118.89 119.33 119.55 119.39 119.25 119.38 119.82 120.26 120.57 121.10 121.52 121.90 122.19 122.52 122.79 122.92 123.11 123.14 123.22 122.94 122.62 122.16 122.18 122.67 122.57 122.35 123.56 123.91 123.63 123.88 124.08 124.16 123.88 124.12 124.11 124.10 124.08 124.11 123.93 123.58 123.60 123.58 123.90 123.75 123.86 123.74 123.79 123.78 123.78 123.75 123.79 123.89 123.90 123.92 124.03 124.13 124.12 124.12 124.11 124.14 124.09 124.06 124.08 123.95 124.13 123.99 123.89 123.65 123.65 123.62 123.56 123.64 123.28 123.63 123.57 123.67 123.57 123.41 123.40 123.62 123.66 123.75 124.03 124.06 123.86 124.06 124.03 124.06 124.09 124.08 124.14 124.14 124.14 124.10 124.10 123.89 123.86 123.33 123.58 123.67 123.57 123.17 123.19 123.58 123.75 123.91 123.93 123.99 124.02 123.95 123.93 123.92 123.89 123.87 123.73 123.81 123.76 123.55 123.62 123.55 123.56 123.76 123.89 123.77 123.99 123.89 123.87 123.74 123.62 124.08 123.66 123.85 123.94 124.10 124.03 124.05 123.96 123.95 123.86 123.78 123.97 123.98 124.08 123.96 124.14
124.11 123.84 124.13 124.10 124.14 124.13 123.80 123.90 124.09 124.07 124.06 124.14 124.14 124.14 124.14 124.08 123.83 124.14 124.10 123.94 123.85 123.66 123.46 123.22 122.87 122.41 121.58 120.07 118.43 117.91 118.45 119.12 119.31 119.60 119.76 119.68 119.89 119.92 119.15 118.77 118.74 119.38 119.78 120.15 120.70 121.30 121.72 122.02 122.23 122.40 122.44 122.82 123.00 123.01 122.76 122.65 122.31 123.05 122.54 123.21 123.39 124.10 124.24 124.44 124.56 124.31 123.85 124.57 124.55 124.12 124.13 124.03 124.06 124.01 123.69 123.69 123.61 123.70 123.77 123.80 123.77 123.76 123.79 123.75 123.79 123.83 123.82 123.90 123.95 124.00 123.95 124.05 124.08 124.14 124.14 124.14 124.13 124.10 123.92 124.07 123.84 123.88 123.80 123.58 123.66 123.48 123.57 123.54 123.43 123.48 123.71 123.41 123.27 123.25 123.31 123.03 123.68 124.04 124.04 124.06 123.87 124.06 124.05 124.01 124.06 124.12 124.03 124.12 124.04 123.89 123.80 123.25 123.17 123.23 123.42 123.35 123.17 123.32 123.37 123.66 123.85 123.96 123.95 123.96 124.01 123.97 123.87 123.92 123.76 123.75 123.75 123.83 123.51 123.30 123.89 123.97 123.64 123.92 123.98 123.88 123.91 123.85 123.66 123.79 124.00 124.05 124.00 124.01 124.09 124.03 123.90 123.68 123.71 123.77 123.95 123.69 123.87 123.59 124.11 124.10
124.04 124.09 124.13 124.12 124.14 124.09 123.94 123.77 123.86 123.79 123.92 124.08 124.12 124.09 124.10 124.08 124.13 124.14 124.13 124.05 123.93 123.72 123.49 123.22 122.79 122.18 121.18 119.01 116.35 115.77 117.28 118.60 119.01 119.12 119.21 119.98 119.71 119.66 119.00 118.68 118.74 120.07 119.30 119.86 120.46 121.01 121.53 121.85 122.09 122.27 122.33 123.00 122.51 123.19 123.79 124.05 123.78 123.10 124.75 124.86 124.08 123.63 123.58 123.74 124.12 123.79 123.78 123.89 124.03 124.26 124.12 124.09 124.00 123.90 123.86 123.72 123.73 123.60 123.56 123.72 123.74 123.74 123.76 123.76 123.86 123.83 123.76 123.86 123.96 123.84 123.92 123.97 124.05 124.12 124.01 124.14 124.14 124.11 124.08 124.08 124.06 123.96 123.78 123.66 123.52 123.73 123.54 123.52 123.42 123.37 123.36 123.48 123.18 123.44 123.36 123.49 123.53 123.96 124.02 123.94 123.99 124.03 124.02 124.01 123.90 124.07 124.09 124.10 124.05 123.97 123.39 123.20 122.97 123.32 123.29 123.46 123.17 123.31 123.74 123.77 124.01 123.97 124.01 123.99 124.01 123.99 123.82 123.73 123.70 123.71 123.71 123.57 123.76 123.54 124.00 124.00 123.76 123.74 123.94 123.99 123.87 123.90 123.72 123.64 123.83 124.13 124.14 124.13 124.09 123.87 123.74 123.64 123.61 123.64 123.67 123.61 123.59 123.65 123.58 123.66
123.60 123.72 123.59 123.57 123.97 124.01 123.90 123.73 123.84 123.84 123.92 123.95 123.93 124.05 124.01 124.03 124.06 124.14 124.14 124.10 123.98 123.84 123.55 123.22 122.66 122.07 121.14 119.26 116.44 114.11 115.36 118.58 118.90 118.91 118.81 119.55 119.47 119.13 118.59 118.32 118.86 119.26 119.22 119.81 120.31 120.79 121.53 121.75 121.96 122.19 122.09 122.74 123.92 123.68 125.22 125.29 123.29 121.57 121.42 122.47 123.07 123.24 123.45 123.61 123.89 123.84 123.94 123.91 124.00 124.12 124.67 124.13 124.72 123.64 123.78 124.02 123.72 123.63 123.60 123.56 123.70 123.70 123.68 123.73 123.72 123.75 123.65 123.79 123.76 123.87 123.87 123.78 124.03 124.08 124.11 124.13 124.10 124.06 123.72 123.92 124.09 124.10 123.92 123.80 123.73 123.52 123.50 123.55 123.39 123.41 123.64 123.49 123.54 123.34 123.51 123.59 123.52 123.68 123.88 123.77 123.84 123.96 123.94 123.90 123.74 124.02 124.05 124.09 124.05 124.04 123.92 123.46 123.07 123.25 123.21 123.57 123.38 123.69 123.89 123.90 124.06 124.04 123.98 124.02 124.03 124.02 123.97 123.99 123.87 123.86 123.72 123.55 123.29 123.63 123.59 123.74 123.96 124.00 123.87 124.00 123.96 124.11 124.12 124.07 124.13 123.88 124.14 124.09 124.01 123.78 123.69 123.67 123.57 123.59 123.56 123.56 123.58 123.72 123.64 123.79
123.92 123.79 123.82 123.70 123.58 123.91 123.71 123.83 123.71 123.66 123.84 123.79 123.91 123.95 123.95 124.04 124.03 124.11 124.14 124.13 124.07 123.89 123.69 123.32 122.86 122.21 121.38 120.51 116.89 112.59 112.58 117.32 118.76 118.77 118.85 118.71 119.20 118.95 118.99 118.63 118.79 119.50 121.30 122.90 121.85 120.88 121.51 122.10 122.05 122.44 123.92 123.72 123.66 125.00 124.00 122.10 121.20 122.52 121.86 123.03 123.25 123.35 123.68 123.74 123.97 124.02 123.83 123.96 123.97 123.98 124.78 124.81 125.13 124.21 124.07 123.80 123.69 123.60 123.61 123.82 123.56 123.71 123.65 123.65 123.66 123.68 123.59 123.76 123.75 123.78 123.67 123.94 123.95 123.98 124.08 124.13 124.13 124.14 124.05 124.01 124.10 123.94 123.88 123.96 123.94 123.70 123.53 123.76 124.10 124.13 123.59 123.64 123.66 123.70 123.68 123.58 123.58 123.62 123.78 123.82 123.76 123.69 123.81 123.68 123.66 123.75 123.90 124.04 124.06 124.06 123.94 123.70 123.12 123.70 123.69 123.33 123.88 123.99 123.70 123.93 124.06 124.08 124.11 124.06 124.07 124.00 123.96 124.09 124.07 123.91 123.47 123.61 123.31 123.79 123.99 123.94 124.03 124.12 124.03 124.00 124.14 123.88 123.72 123.98 124.00 123.72 123.74 123.82 123.71 123.69 123.62 123.58 123.55 124.02 123.66 123.63 123.81 123.98 123.66 123.73
123.69 123.71 123.77 123.77 123.71 123.61 123.64 123.63 123.66 123.59 123.63 123.73 123.82 123.84 123.85 123.81 123.87 124.04 124.12 124.14 124.11 123.99 123.81 123.44 123.00 122.53 121.88 121.26 117.67 114.03 114.91 116.67 118.39 118.68 118.88 119.14 118.63 118.65 119.15 118.65 122.14 122.56 119.82 123.45 122.75 122.28 123.01 123.81 123.65 123.24 122.76 121.79 123.69 124.81 123.87 124.17 124.18 123.25 122.90 123.42 123.51 123.53 123.73 123.83 123.93 124.10 124.00 123.72 124.09 124.12 124.08 124.91 124.81 124.27 124.67 124.19 123.96 123.65 123.66 123.63 123.60 123.61 123.59 123.67 123.64 123.70 123.75 123.81 123.84 123.79 123.83 123.77 123.95 123.99 124.00 123.97 123.97 124.13 124.12 124.13 123.89 123.85 123.89 123.97 123.57 123.86 123.93 123.77 123.77 123.79 123.89 123.88 123.93 123.51 123.60 123.60 123.58 123.88 123.90 123.80 123.53 123.44 123.47 123.34 123.64 123.93 123.81 123.90 124.06 124.07 124.03 123.98 123.42 123.36 123.65 123.74 123.81 123.86 123.78 123.99 124.08 124.07 124.13 124.13 124.12 124.13 124.10 124.14 124.13 124.14 123.33 123.20 123.36 123.81 123.56 124.11 123.89 124.04 124.08 124.10 123.87 123.74 123.77 123.84 123.61 123.60 123.59 123.57 123.56 123.56 123.56 123.56 123.58 123.71 123.87 123.86 123.57 123.67 123.60 123.68
123.65 123.61 123.58 123.59 123.67 123.76 123.71 123.69 123.80 123.60 123.62 123.83 123.76 123.68 123.61 123.58 123.59 123.72 124.08 124.09 124.14 124.10 123.97 123.67 123.33 122.88 122.38 121.50 120.25 118.44 116.94 117.22 118.41 118.57 119.00 119.30 119.27 120.40 119.61 118.88 119.31 119.67 120.14 123.85 122.72 123.86 122.29 123.06 122.67 122.03 121.62 123.88 123.55 123.96 123.73 122.18 122.54 123.37 123.87 124.09 123.70 123.79 123.82 123.87 124.08 124.01 124.14 124.05 124.11 124.14 124.06 123.83 124.36 123.87 123.88 124.18 124.32 123.99 123.76 123.68 123.87 123.56 123.56 123.59 123.62 123.69 123.78 123.77 123.71 123.76 123.82 123.86 123.80 123.99 123.99 123.94 123.97 123.99 124.10 124.07 124.09 123.77 123.88 123.95 124.07 123.97 123.92 123.88 123.94 123.85 124.07 124.09 124.04 123.68 123.57 123.60 123.43 123.58 123.39 123.76 123.56 123.74 123.61 123.61 123.76 123.65 123.86 123.78 124.01 124.04 124.01 123.74 123.82 123.50 123.75 123.89 123.98 123.99 124.04 124.08 124.05 124.11 124.13 124.12 124.09 124.14 124.03 124.10 124.13 124.11 123.90 123.70 124.02 124.04 124.01 124.13 123.62 123.85 124.55 123.81 123.78 123.78 123.80 123.60 123.59 123.64 123.65 123.59 123.61 123.64 123.70 123.65 123.81 123.80 123.79 123.84 123.86 123.67 123.56 123.59
123.58 123.60 123.56 123.57 123.57 124.06 124.07 123.91 123.62 123.75 123.71 123.98 123.76 123.76 123.73 123.81 123.77 124.06 123.73 123.92 124.06 124.14 124.13 123.98 123.65 123.26 122.82 121.98 121.28 119.90 118.79 118.58 118.24 118.20 119.12 119.62 120.00 120.20 120.25 119.79 119.57 120.22 120.65 121.59 121.90 121.96 122.56 122.60 122.44 122.12 121.90 121.68 122.18 123.16 123.09 122.69 123.21 123.60 123.81 123.65 123.69 124.04 124.02 123.99 124.12 124.13 123.87 124.13 124.12 124.03 123.93 123.84 124.96 123.65 123.69 123.99 123.83 123.78 123.61 123.60 123.56 123.57 123.79 123.61 123.60 123.65 123.61 123.68 123.69 123.72 123.75 123.82 123.87 123.89 123.95 123.97 124.10 123.98 123.98 123.96 124.13 123.99 123.97 124.03 124.09 123.94 124.01 124.07 124.05 124.05 124.11 124.10 124.00 123.87 123.80 123.52 123.30 123.97 123.82 123.80 123.75 123.79 123.68 123.80 123.61 123.82 123.67 124.01 124.04 124.10 123.94 124.01 123.97 123.90 124.08 124.06 123.91 124.13 124.12 124.06 124.12 124.13 124.07 124.07 124.14 123.96 124.03 124.14 124.14 124.09 123.85 123.99 123.95 124.03 124.07 124.08 123.78 123.58 123.66 123.69 123.61 123.60 123.59 123.60 123.58 123.67 123.58 123.58 123.83 123.86 123.82 123.91 123.95 123.98 123.97 123.98 123.91 123.81 123.58 123.57
123.60 123.57 123.59 123.72 123.79 124.10 124.11 123.89 123.75 123.58 123.77 124.04 123.63 123.73 123.99 123.60 123.72 123.59 123.63 123.90 123.98 124.07 124.13 124.12 123.95 123.51 123.03 122.40 121.74 120.99 119.87 119.22 117.61 115.81 119.39 119.89 120.19 120.50 120.68 120.73 120.79 121.68 122.05 122.35 122.60 123.09 123.34 123.50 123.67 123.70 122.90 124.00 123.92 122.71 122.82 123.08 123.69 123.89 123.94 123.98 124.04 124.11 124.07 124.10 124.13 124.14 124.14 124.05 123.86 123.88 124.24 123.79 124.65 124.78 123.58 123.56 123.59 123.58 123.58 123.70 124.04 123.79 123.73 123.58 123.57 123.58 123.62 123.68 123.73 123.75 123.73 123.68 123.80 123.83 123.93 123.97 124.12 123.99 123.99 123.97 124.14 124.13 124.11 124.06 124.10 124.09 124.08 124.12 124.12 124.13 124.14 124.14 123.98 123.88 123.86 123.66 123.46 124.03 123.94 123.92 123.94 123.72 123.76 123.65 123.86 123.90 123.98 124.03 124.12 124.13 124.05 123.70 124.05 124.06 124.06 124.12 124.14 123.92 124.13 124.10 124.13 124.14 124.03 124.01 123.99 123.93 123.97 124.07 124.14 124.10 124.06 124.10 124.11 124.11 123.99 123.59 123.60 123.73 123.67 123.62 123.83 123.71 123.56 123.57 123.70 123.61 123.58 123.59 123.80 123.89 123.92 123.94 123.94 124.00 124.01 123.99 123.86 123.87 123.73 123.63
123.67 123.64 123.72 123.96 123.87 123.99 124.13 124.36 123.80 123.58 123.72 123.72 123.75 124.02 124.02 123.75 123.58 123.56 123.91 123.70 123.88 123.88 124.12 124.08 123.87 123.79 123.35 122.60 121.85 121.57 121.14 120.56 118.07 114.93 116.09 120.24 120.41 120.55 120.91 121.28 121.71 122.05 122.29 122.60 122.96 123.37 123.61 123.83 124.06 124.03 123.47 122.67 122.50 122.86 123.13 123.59 123.86 124.05 124.07 124.10 124.06 124.14 124.06 124.13 124.14 124.13 124.14 123.96 124.05 123.91 123.72 124.66 125.62 125.49 123.64 123.59 123.58 123.56 123.67 124.08 123.64 123.97 123.57 123.59 123.75 123.57 123.61 123.69 123.67 123.73 123.74 123.70 123.78 123.79 123.82 123.94 123.98 124.09 124.08 124.12 124.13 124.12 124.14 123.99 124.12 124.08 124.08 124.14 124.14 124.14 124.10 124.06 124.04 124.05 123.90 123.79 123.96 123.94 123.79 124.00 123.90 123.83 123.88 123.90 123.90 123.95 124.03 124.09 124.09 124.14 124.07 124.12 124.00 124.01 123.91 124.01 124.08 124.11 124.05 124.13 124.00 123.98 123.85 123.87 123.83 123.99 124.13 124.14 124.14 124.14 124.13 124.03 123.76 123.62 123.61 123.59 123.62 123.76 123.69 123.82 123.71 123.71 123.63 123.77 123.73 123.64 123.56 123.76 123.85 123.88 123.93 123.97 123.96 123.99 124.00 124.00 124.02 123.95 123.89 123.80
124.05 123.96 124.01 124.11 124.22 124.27 124.22 124.14 124.03 123.56 123.58 123.56 124.08 124.20 124.16 123.95 123.80 123.68 123.76 123.59 123.67 124.01 124.14 124.02 123.71 124.04 123.70 122.06 121.88 121.98 121.87 122.01 121.51 117.74 119.49 120.59 120.32 120.44 121.00 121.50 121.94 122.17 122.37 122.36 123.31 123.63 123.91 124.05 124.12 124.00 124.00 123.88 123.51 123.66 123.89 124.04 124.10 124.12 124.13 124.14 124.10 124.14 124.09 124.03 123.96 124.11 124.07 123.88 123.85 123.72 123.66 123.59 124.96 125.12 124.61 124.22 124.19 123.95 123.81 123.73 123.65 123.60 123.58 123.56 123.59 123.73 123.62 123.72 123.68 123.68 123.66 123.69 123.72 123.78 123.83 123.92 123.94 124.04 123.98 124.05 124.05 124.05 124.06 124.11 124.10 124.11 124.14 124.09 123.97 124.11 124.14 124.12 124.02 124.00 123.95 124.08 124.02 124.02 123.89 124.02 123.95 123.88 123.87 123.94 123.95 123.99 124.07 124.11 124.14 124.14 123.87 123.69 123.74 123.85 123.92 123.73 123.93 123.98 124.05 123.93 123.91 123.82 123.76 123.83 123.87 124.05 124.08 124.12 124.14 124.13 123.95 123.58 123.60 123.65 123.63 123.60 123.69 123.79 123.82 123.89 123.67 123.87 123.79 123.85 123.81 123.70 123.73 123.83 123.86 123.88 123.89 123.95 123.98 123.98 123.98 124.00 124.02 124.05 124.07 124.08
124.05 124.15 124.45 124.16 124.33 124.34 124.27 124.24 124.14 123.81 123.67 123.60 124.24 124.35 124.34 124.20 123.64 123.76 123.56 123.56 123.75 124.13 124.10 123.97 124.06 124.10 124.03 123.31 122.01 121.92 122.15 122.56 122.80 122.50 121.63 120.97 120.13 119.91 121.15 121.79 122.21 122.43 122.54 122.32 123.47 123.95 124.08 124.13 124.13 123.95 123.84 124.07 124.07 124.13 124.14 124.10 124.14 124.14 124.13 124.10 123.98 124.13 124.13 124.11 124.11 123.97 123.85 123.80 123.77 123.62 123.57 124.80 123.58 124.34 125.06 124.54 123.94 123.62 123.62 123.68 123.62 123.56 123.59 123.57 123.73 123.57 123.58 123.69 123.66 123.68 123.71 123.70 123.82 123.84 123.86 123.88 123.89 123.89 123.95 124.04 124.03 124.05 124.08 124.06 124.08 124.09 124.07 124.10 124.08 124.11 124.14 123.93 124.01 123.96 124.01 123.98 123.99 124.04 124.01 124.01 123.96 123.91 123.86 123.89 124.10 124.03 124.07 124.13 124.14 124.03 123.79 124.96 125.14 125.13 125.06 124.80 124.33 123.62 123.72 123.76 123.78 123.66 123.73 123.85 123.83 124.02 124.08 124.06 124.14 124.14 123.58 123.61 123.57 123.56 123.58 123.58 123.74 123.82 123.88 123.89 123.85 123.82 123.87 123.86 123.86 123.85 123.85 123.83 123.87 123.87 123.87 123.91 123.95 123.96 123.98 124.01 124.04 124.06 124.09 124.12
124.12 124.18 124.24 124.26 124.34 124.37 124.35 124.33 124.26 124.04 123.79 124.08 124.40 124.47 124.48 124.25 123.56 123.78 123.71 123.57 123.89 124.10 124.08 124.13 124.14 124.14 124.09 123.79 121.61 121.79 122.15 122.92 123.16 122.95 122.37 121.45 119.05 119.03 121.67 122.17 122.46 122.64 122.76 123.00 123.84 124.02 124.11 124.14 124.11 123.99 123.82 123.79 124.14 124.14 124.14 124.14 124.12 124.09 124.04 124.00 123.97 124.06 124.14 124.06 123.90 123.84 123.71 123.67 123.64 123.57 123.66 124.89 125.32 124.78 125.05 123.59 123.59 123.57 123.84 123.99 123.78 123.56 123.56 123.67 123.57 123.62 123.63 123.69 123.64 123.72 123.68 123.72 123.73 123.71 123.86 123.90 123.95 123.87 123.98 124.08 124.08 124.06 124.03 124.05 124.09 124.02 124.13 123.92 124.08 124.04 124.06 124.05 124.09 123.85 123.92 123.97 123.92 124.02 124.02 124.03 123.95 123.97 123.88 124.08 124.10 124.00 124.08 124.14 124.02 123.60 124.89 125.31 125.23 125.19 125.17 125.05 124.99 124.45 123.60 123.61 123.58 123.63 123.77 123.74 124.01 124.09 124.08 123.95 124.06 124.06 123.60 123.56 123.58 123.66 123.84 123.71 123.86 123.90 123.85 123.90 123.94 123.84 123.87 123.85 123.88 123.88 123.85 123.84 123.83 123.83 123.84 123.81 123.91 123.96 123.94 124.03 124.08 124.11 124.13 124.16
124.21 124.35 124.13 124.19 124.40 124.38 124.39 124.35 124.45 124.13 123.91 124.36 124.54 124.57 124.52 124.07 123.81 124.04 123.69 123.65 123.71 123.84 123.90 123.98 124.06 124.13 124.14 123.85 122.18 122.09 122.65 123.39 123.38 123.49 123.18 121.92 118.32 116.18 120.90 122.47 122.63 122.85 123.06 123.37 123.80 124.03 124.12 124.14 124.10 123.97 123.81 123.77 123.87 124.11 124.12 124.12 124.09 124.04 124.00 123.92 123.85 123.90 123.97 123.94 123.87 123.68 123.56 123.56 123.57 123.93 124.90 124.95 124.74 125.24 123.84 123.78 123.84 123.75 124.04 123.56 123.55 123.56 123.57 123.56 123.65 123.58 123.59 123.56 123.59 123.61 123.66 123.69 123.76 123.72 123.80 123.69 123.86 123.93 123.96 123.92 123.90 124.10 124.14 124.14 124.03 123.99 123.95 124.10 124.12 124.14 124.14 124.12 124.14 124.14 124.11 124.04 124.00 124.02 124.02 123.86 123.99 123.96 123.83 124.13 124.04 124.01 124.11 124.13 123.87 123.94 125.10 125.36 125.36 125.31 125.22 125.15 125.07 124.84 124.25 123.75 123.57 123.82 123.77 123.90 123.91 123.95 123.76 123.66 123.73 123.73 123.56 123.68 123.94 123.67 123.87 123.97 123.88 123.86 123.79 123.80 124.27 123.73 123.70 123.76 123.83 123.87 123.77 123.80 123.72 123.77 123.78 123.90 123.91 123.98 123.92 124.04 124.09 124.14 124.17 124.17
124.29 124.28 124.29 124.27 124.48 124.48 124.53 124.49 124.64 124.54 124.40 124.68 124.70 124.64 124.57 124.50 124.10 124.11 123.68 123.58 123.64 123.70 123.84 123.97 124.08 124.13 124.13 123.85 123.37 123.59 123.56 123.55 123.57 123.59 123.66 123.58 119.03 112.27 114.18 122.47 122.80 123.02 123.26 123.54 123.81 124.05 124.14 124.13 124.06 123.97 123.84 123.76 123.77 124.06 124.09 124.09 124.05 123.99 123.95 123.89 123.82 123.94 123.99 123.82 123.66 123.58 123.68 123.88 124.11 123.93 125.36 125.08 123.84 125.31 124.86 123.77 124.73 123.64 123.57 123.76 123.55 123.57 123.59 123.60 123.57 123.56 123.71 123.56 123.64 123.74 123.65 123.68 123.67 123.67 123.70 123.79 123.79 123.93 123.89 123.86 123.92 123.94 124.02 124.14 123.99 124.03 123.68 124.00 123.87 124.14 124.13 124.13 124.14 124.11 124.12 124.00 124.00 124.08 124.12 123.98 124.05 124.02 123.93 123.88 123.96 124.10 124.14 124.07 123.66 124.24 125.39 125.43 125.46 125.33 125.18 125.16 125.02 124.93 124.51 123.92 123.72 123.73 123.64 123.71 123.81 123.64 123.56 123.60 123.60 123.64 123.77 123.94 124.13 124.16 124.00 124.06 123.96 123.95 123.76 123.68 123.59 123.56 123.56 123.57 123.61 123.65 123.66 123.66 123.68 124.01 123.61 123.77 123.89 123.90 123.90 124.11 124.14 124.13 123.81 124.18
124.21 124.37 123.99 124.02 124.49 124.46 124.58 124.65 124.69 124.73 124.78 124.84 124.81 124.76 124.70 124.54 124.38 124.06 123.60 123.58 123.61 123.76 123.87 123.95 124.08 124.14 124.14 124.06 123.73 123.74 123.67 123.66 123.67 123.73 123.84 123.93 123.39 114.65 116.17 121.61 122.63 123.22 123.51 123.69 120.81 124.11 124.14 124.11 124.03 123.97 123.81 123.76 123.75 124.02 124.05 124.03 123.98 123.93 123.90 123.85 123.83 123.79 123.74 123.78 123.59 123.82 124.04 124.28 124.40 125.18 125.29 125.12 124.31 124.17 123.93 124.71 124.02 123.86 123.57 123.60 123.60 123.63 123.58 123.56 123.57 123.57 124.92 123.56 124.04 123.60 123.66 123.64 123.64 123.66 123.73 123.80 123.79 123.76 123.72 123.71 123.74 123.97 124.03 124.00 123.95 123.89 123.95 123.84 123.66 124.03 124.07 123.97 124.10 124.12 124.14 124.14 124.12 124.14 124.14 124.14 124.08 124.06 124.04 124.05 124.08 124.13 124.13 123.94 123.59 124.36 125.42 125.42 125.37 125.29 125.18 125.15 125.07 124.98 124.68 124.11 123.88 123.64 123.57 123.59 123.58 123.66 123.63 123.96 123.82 124.06 124.16 124.24 124.42 124.54 124.56 124.27 124.18 123.93 123.66 123.57 123.69 123.77 123.66 123.65 123.58 123.56 123.56 123.60 123.57 123.59 123.62 123.57 123.92 123.88 123.96 123.99 124.13 124.14 123.73 124.08
124.28 124.42 124.43 124.65 124.59 124.48 124.68 124.82 124.84 124.89 124.94 125.02 124.98 124.93 124.89 124.68 124.11 123.75 123.60 123.57 123.83 123.08 118.46 117.78 120.59 124.14 124.12 124.10 124.04 123.84 123.80 123.73 123.75 123.80 123.86 123.92 123.93 123.08 121.10 121.53 122.83 123.38 123.68 123.83 124.03 124.14 124.13 124.09 124.03 123.97 123.85 123.77 123.73 123.99 123.99 124.00 123.95 123.89 123.85 123.83 123.80 123.80 123.82 123.66 123.84 124.15 124.38 124.55 124.58 125.12 125.41 125.21 124.75 124.42 124.81 124.29 124.29 123.90 123.74 123.65 123.97 123.55 123.71 124.34 123.55 123.56 123.56 123.57 123.56 123.60 123.90 123.65 123.63 123.64 123.83 123.71 123.69 123.66 123.64 123.60 123.69 123.67 123.89 123.93 123.88 123.87 123.93 123.65 123.76 124.10 124.04 124.02 123.98 123.99 124.12 124.13 124.12 124.13 124.14 124.14 124.12 124.13 124.12 124.13 124.07 124.14 124.09 123.77 123.75 125.38 125.40 125.28 125.38 125.28 125.19 125.14 125.05 125.00 124.75 124.29 124.04 123.93 123.80 123.77 123.74 123.78 123.87 124.00 124.29 124.36 124.49 124.61 124.61 124.69 124.70 124.62 124.28 123.89 123.56 123.67 123.83 123.93 124.02 123.93 123.84 123.64 123.58 123.56 123.56 123.56 123.58 123.61 123.73 123.86 123.90 124.01 124.03 124.23 123.82 124.94
124.39 124.54 124.58 124.71 124.20 124.68 124.72 124.81 124.96 124.99 125.06 125.12 125.13 125.10 125.12 124.34 123.92 123.86 123.59 123.61 123.90 117.35 112.74 111.39 114.82 122.33 124.11 124.11 124.14 124.04 123.94 123.81 123.78 123.82 123.87 123.93 123.94 123.83 123.05 122.95 123.36 123.54 123.73 123.88 124.05 124.14 124.12 124.06 124.00 123.94 123.88 123.73 123.76 124.05 124.04 123.92 123.92 123.87 123.84 123.81 123.78 123.72 123.64 123.68 123.93 124.43 124.67 124.93 125.22 125.27 125.05 125.24 125.11 124.85 124.94 124.52 124.07 124.12 123.99 123.66 123.57 123.60 123.78 124.21 123.57 123.56 123.56 124.72 123.67 123.75 123.56 123.62 123.73 123.65 123.60 123.58 123.60 123.59 123.60 123.56 123.57 123.60 123.75 123.80 123.68 123.69 123.69 123.71 123.98 124.06 124.00 123.98 124.04 124.08 124.10 124.12 124.14 124.07 124.13 124.14 124.14 124.14 124.14 124.14 124.14 124.12 123.87 123.70 123.85 125.19 125.35 125.36 125.30 125.22 125.19 125.18 125.10 124.94 124.79 124.58 124.34 124.43 124.25 124.25 124.23 124.42 124.46 124.56 124.68 124.77 124.84 124.83 124.83 124.93 124.85 124.82 124.54 123.87 123.58 123.78 123.97 124.10 124.14 124.14 124.08 123.74 123.61 123.59 123.59 123.57 123.55 123.63 123.75 123.85 123.84 123.98 124.30 124.27 124.16 124.50
124.42 124.60 124.73 124.78 124.83 124.72 124.76 124.90 125.04 125.10 125.16 125.24 125.25 125.24 125.26 124.48 123.99 123.77 123.64 123.57 123.88 117.44 112.81 111.80 114.24 122.91 124.14 124.14 124.14 124.14 124.07 123.88 123.74 123.70 123.72 123.88 123.96 123.95 123.70 123.60 123.66 123.71 123.76 123.87 124.01 124.13 124.10 124.04 123.96 123.93 123.88 123.71 123.83 123.79 124.06 123.99 123.91 123.88 123.82 123.81 123.75 123.72 123.58 123.92 124.37 124.74 125.15 125.27 125.50 125.50 125.61 125.45 125.38 125.23 125.11 124.52 124.36 124.39 124.79 123.78 123.61 123.55 123.81 123.62 124.67 123.58 123.56 123.60 123.61 123.58 123.56 123.56 123.82 123.57 123.58 123.56 123.57 123.57 123.59 123.56 123.56 123.66 124.02 123.65 123.59 123.78 123.88 123.72 123.89 123.92 123.98 124.03 124.09 124.10 124.10 124.02 124.14 124.09 124.14 124.12 124.09 124.03 124.14 124.14 124.13 124.10 123.92 123.98 123.58 124.25 124.94 125.29 125.21 125.19 125.15 125.08 125.07 125.02 124.92 124.83 124.82 124.82 124.97 124.85 124.89 124.87 125.00 125.03 125.05 125.13 125.19 125.11 125.24 125.16 125.12 124.92 124.66 123.88 123.60 123.90 124.13 124.13 124.12 124.14 124.12 123.81 123.75 123.67 123.62 123.58 123.56 123.62 123.75 123.87 123.92 124.16 123.86 124.42 124.35 124.50
124.89 124.76 124.72 124.94 125.06 125.04 125.01 125.10 125.23 125.25 125.32 125.33 125.36 125.35 125.34 124.48 124.01 123.57 123.62 123.62 123.61 119.83 117.07 115.96 118.22 124.03 124.09 124.09 124.11 124.14 124.12 123.97 123.73 123.57 123.45 123.38 123.93 123.95 123.87 123.79 123.77 123.78 123.82 123.89 124.00 124.13 124.02 124.05 124.00 123.94 123.94 123.80 123.69 123.68 124.01 123.99 123.97 123.91 123.88 123.79 123.73 123.71 123.62 123.98 124.45 125.33 125.44 125.51 125.64 125.67 125.66 125.60 125.40 125.41 125.26 124.82 124.70 124.74 124.25 123.80 123.88 124.22 123.74 123.61 123.57 123.87 123.89 123.57 123.55 123.60 123.56 123.56 123.56 123.57 123.57 123.56 123.57 123.56 123.58 123.57 123.65 123.62 123.70 123.58 123.77 123.69 123.69 124.03 123.87 123.70 124.04 124.07 124.10 124.07 124.03 124.01 124.13 124.12 124.03 124.07 124.05 124.06 124.13 124.11 124.08 124.10 123.95 124.00 123.80 123.58 124.10 124.31 124.77 124.89 124.88 125.07 125.06 125.07 125.07 125.05 125.09 125.23 125.23 125.26 125.30 125.28 125.37 125.42 125.42 125.36 125.42 125.36 125.38 125.25 125.29 125.26 124.99 124.00 123.63 124.05 124.12 124.07 124.05 124.03 124.13 124.08 123.88 123.77 123.68 123.59 123.56 123.62 123.75 123.84 124.05 124.12 123.93 124.51 124.51 124.63
124.87 124.93 124.98 125.08 125.14 125.23 125.28 125.35 125.39 125.40 125.43 125.42 125.42 125.40 125.38 124.55 123.82 123.60 123.56 123.71 123.72 123.12 121.85 121.91 124.06 123.84 124.00 124.03 124.08 124.14 124.10 123.98 123.78 123.49 123.30 123.23 123.79 123.95 123.92 123.79 123.78 123.64 123.82 123.91 123.92 124.14 124.13 124.09 124.06 124.01 123.97 123.92 123.81 123.67 123.79 123.92 123.62 124.11 123.89 123.72 123.73 123.80 123.66 124.02 124.55 125.31 125.59 125.67 125.79 125.83 125.74 125.82 125.44 125.71 125.57 125.23 125.14 125.17 125.03 124.31 123.86 123.58 123.58 123.57 123.56 123.73 123.66 123.58 123.58 123.57 123.61 123.65 123.58 123.56 123.63 123.67 123.81 123.60 123.58 123.57 123.58 123.60 123.69 123.60 123.61 123.63 123.63 123.74 123.89 123.80 123.94 124.05 124.05 124.10 124.09 124.09 124.03 124.13 124.08 124.09 124.05 124.10 123.73 123.90 124.12 124.12 124.05 123.97 123.93 123.71 123.58 123.65 123.93 124.24 124.63 124.94 125.07 125.15 125.25 125.29 125.31 125.53 125.43 125.60 125.67 125.74 125.80 125.74 125.90 125.80 125.81 125.74 125.68 125.67 125.69 125.54 125.42 124.19 123.66 124.08 124.13 124.05 123.98 122.79 123.51 124.13 124.01 123.82 123.66 123.59 123.55 123.65 123.82 123.98 124.23 124.08 124.41 124.52 124.25 124.81
125.00 125.04 125.01 125.24 125.36 125.36 125.43 125.43 125.44 125.48 125.49 125.47 125.45 125.44 125.43 124.65 123.68 123.56 123.57 123.57 123.75 123.70 123.63 123.61 123.62 123.77 124.05 123.99 124.12 124.14 124.04 123.92 123.68 123.42 123.23 122.81 122.86 123.90 123.94 123.77 123.83 123.77 123.84 123.26 124.04 124.14 124.12 124.10 124.08 124.05 124.09 123.99 123.96 123.65 123.98 123.96 123.93 123.95 123.65 124.47 124.70 123.73 123.91 124.85 125.30 125.67 125.79 125.81 125.88 125.95 125.93 125.88 125.80 125.70 125.37 125.49 125.45 125.53 125.67 124.77 124.37 123.72 123.62 123.79 123.96 123.64 123.70 123.63 123.65 123.56 123.60 123.78 123.63 123.64 123.65 124.12 123.72 123.61 123.56 123.59 123.62 123.60 123.57 123.60 123.68 123.56 123.57 123.77 123.65 123.70 123.91 123.81 123.85 123.84 123.70 124.07 123.99 124.13 124.09 124.11 124.14 124.14 124.11 124.12 124.11 124.09 124.11 124.05 123.89 124.00 123.61 123.75 123.74 124.00 124.71 125.07 125.20 125.42 125.50 125.56 125.69 125.77 125.86 125.99 126.13 126.25 126.34 126.36 126.35 126.27 126.18 126.12 126.12 126.02 125.92 125.80 125.59 125.32 123.61 123.92 124.13 124.03 122.87 115.60 122.58 124.11 124.00 123.78 123.67 123.58 123.66 123.62 123.89 124.08 124.40 124.45 124.58 124.55 124.82 124.90
125.20 125.27 125.29 125.26 125.48 125.38 125.56 125.58 125.57 125.55 125.54 125.53 125.50 125.47 125.46 124.88 123.81 123.58 123.59 123.57 123.56 123.56 123.72 123.64 123.62 123.71 123.83 124.09 124.14 124.12 123.99 123.83 123.63 123.35 122.82 122.74 123.02 123.97 124.04 123.87 123.95 123.94 123.96 123.26 123.87 124.14 124.13 124.11 124.10 124.12 124.14 124.14 123.93 123.80 123.63 123.59 123.66 123.66 123.74 124.51 124.11 123.82 125.26 125.46 125.64 125.74 125.74 125.85 125.99 126.02 125.77 125.95 125.96 125.85 125.55 125.87 125.63 125.71 125.81 125.76 124.74 124.40 124.14 123.99 124.04 123.79 123.65 123.60 123.66 123.67 123.72 123.73 123.67 123.62 123.73 123.64 123.79 123.72 123.56 123.61 123.91 123.65 123.57 123.57 123.79 123.66 123.94 123.71 123.64 123.76 123.77 123.73 123.76 123.81 123.86 123.79 123.84 123.60 123.98 124.11 124.03 123.75 124.12 124.06 123.96 124.14 124.11 123.99 123.77 123.97 123.59 123.56 123.86 124.51 125.03 125.32 125.57 125.59 125.71 125.84 125.95 126.13 126.25 126.46 126.64 126.68 126.75 126.69 126.69 126.59 126.51 126.51 126.36 126.21 126.03 125.90 125.70 125.44 124.52 123.83 124.13 124.08 123.70 123.17 123.70 124.09 123.84 123.69 123.62 123.56 123.60 123.87 124.05 124.25 124.52 124.70 124.70 124.77 124.93 125.10
125.41 125.46 125.53 125.58 125.66 125.64 125.68 125.70 125.69 125.65 125.64 125.63 125.59 125.39 125.54 125.48 124.68 123.75 123.58 123.58 123.56 123.65 123.74 123.79 123.58 123.67 124.00 124.12 124.14 124.08 123.95 123.77 123.61 123.32 122.26 122.62 123.46 123.97 124.02 123.94 124.05 124.07 124.06 124.08 124.12 124.14 124.13 124.10 124.11 124.14 124.14 124.12 124.12 123.78 123.73 123.67 123.66 123.59 123.67 124.00 123.94 124.42 125.09 124.78 124.39 125.52 125.64 125.82 126.00 126.09 126.01 126.13 126.07 126.13 126.08 126.01 125.88 125.93 126.01 126.04 125.98 124.95 124.60 124.31 124.41 123.90 123.73 126.39 123.76 123.69 123.79 124.01 123.76 123.86 123.68 123.66 123.75 123.73 123.56 123.60 123.59 123.72 123.57 123.56 123.65 123.73 123.87 123.77 123.75 123.88 123.75 123.77 123.66 123.56 123.57 123.58 123.75 124.00 124.04 124.05 123.96 124.06 124.10 124.06 124.06 123.92 123.71 123.58 123.57 123.67 123.73 124.04 124.72 124.96 125.24 125.60 125.70 125.86 126.05 126.23 126.40 126.56 126.78 126.93 127.01 127.15 127.11 126.93 127.03 126.89 126.83 126.68 126.52 126.32 126.20 126.10 125.92 125.74 125.11 123.64 123.85 124.10 124.13 124.12 124.10 123.79 123.67 123.62 123.58 123.56 123.84 123.99 124.28 124.54 124.79 124.98 125.00 125.04 125.25 125.35
125.69 125.61 125.73 125.74 125.75 125.75 125.77 125.81 125.82 125.76 125.72 125.73 125.71 125.67 125.63 125.58 125.11 124.42 124.07 124.00 123.77 123.69 123.65 123.59 123.58 123.95 124.07 124.13 124.12 124.06 123.91 123.83 123.55 123.34 122.94 122.98 123.46 123.99 124.00 124.00 124.07 124.10 124.13 124.13 124.14 124.14 124.13 124.10 124.12 124.12 124.12 124.10 124.08 123.99 123.94 123.87 123.73 123.69 123.67 123.88 123.95 124.29 124.57 124.85 125.25 125.31 125.61 125.75 125.82 126.09 126.14 126.14 126.21 126.31 126.25 126.39 126.06 126.13 126.21 126.10 126.06 125.90 125.29 125.63 124.90 124.48 123.94 123.69 123.91 123.97 124.02 123.87 123.75 123.73 124.16 123.84 123.64 123.57 123.56 123.63 123.60 123.58 123.55 123.59 123.68 123.64 123.82 123.81 123.73 123.81 123.84 123.86 123.65 123.58 123.60 123.60 123.82 123.99 123.90 123.88 123.92 123.73 124.05 124.08 123.90 124.00 123.81 123.63 123.57 123.75 124.03 124.63 124.81 125.22 125.46 125.69 125.91 126.14 126.45 126.64 126.79 126.97 127.31 127.20 127.34 127.42 127.38 127.30 127.24 127.11 126.93 126.83 126.90 126.53 126.50 126.36 126.19 126.02 125.55 124.91 123.69 123.62 123.71 123.73 123.74 123.85 123.57 123.57 123.56 123.58 123.63 125.38 124.67 123.84 125.13 124.66 125.31 125.36 125.40 125.61
125.89 125.22 125.77 125.77 125.87 125.84 125.85 125.89 125.85 125.86 125.84 125.85 125.83 125.78 125.81 125.77 125.70 125.22 124.38 123.64 123.74 123.72 123.80 123.68 123.77 124.03 124.10 124.14 124.10 123.98 123.83 123.67 123.37 123.06 122.78 122.87 123.37 123.92 124.05 124.07 124.11 124.13 124.14 124.14 124.13 124.14 124.14 124.12 124.13 124.14 124.12 124.07 124.05 124.08 123.97 123.80 123.71 123.67 123.69 123.65 123.67 123.66 123.69 124.82 124.82 125.59 125.75 125.81 125.89 126.08 126.23 126.46 126.46 126.46 126.41 126.56 126.48 126.50 126.46 126.22 126.38 126.34 126.03 125.56 125.14 124.62 124.16 123.90 124.26 124.03 123.98 123.62 123.85 123.84 123.89 123.65 123.76 123.61 123.70 123.80 123.62 123.65 123.65 123.69 123.69 123.77 123.74 123.86 123.74 123.96 124.03 123.95 123.73 123.66 123.72 123.86 123.87 123.79 123.90 123.66 123.71 123.70 123.70 123.95 123.80 123.64 123.66 123.66 123.86 124.32 124.51 124.92 125.15 125.42 125.66 125.91 126.19 126.54 126.76 126.90 127.13 127.25 127.39 127.49 127.67 127.50 127.45 127.42 127.36 127.05 127.15 127.06 126.92 126.71 126.51 126.66 126.58 126.38 126.18 125.97 125.61 125.17 124.94 124.41 124.31 123.93 123.93 123.68 123.66 123.76 123.83 124.62 125.03 125.15 125.37 125.49 125.54 125.68 125.76 125.85
126.04 125.95 125.94 125.89 125.93 125.90 125.93 125.92 125.91 125.93 125.95 125.93 125.90 125.86 125.91 125.81 125.87 125.74 125.16 123.78 123.56 123.71 123.61 123.69 124.09 124.03 124.11 124.14 124.10 123.90 123.59 123.14 122.62 122.35 122.17 122.09 122.52 123.12 123.88 124.11 124.14 124.14 124.14 124.14 123.96 124.07 124.14 124.12 124.14 124.14 124.12 124.12 124.14 124.14 124.04 123.81 123.69 123.63 123.62 123.60 123.59 123.62 123.60 124.79 125.46 125.65 125.78 125.79 125.95 126.10 126.17 126.50 126.40 126.57 126.60 126.73 126.70 126.82 126.68 126.55 126.49 126.40 126.42 125.54 125.25 124.77 124.61 124.43 124.18 124.31 123.71 123.75 123.80 124.19 124.36 123.61 123.83 123.63 123.70 123.56 123.69 123.59 123.59 123.58 123.60 123.71 123.80 123.60 123.82 124.03 123.72 123.98 123.96 124.00 124.04 124.06 123.97 123.88 123.82 123.60 123.57 123.61 123.83 123.65 123.61 123.85 123.77 123.88 124.21 124.50 124.84 125.17 125.33 125.62 125.81 126.15 126.42 126.76 127.00 127.20 127.28 127.40 127.62 127.74 127.81 127.78 127.67 127.65 127.46 127.43 127.28 126.89 127.09 126.89 126.84 126.80 126.68 126.53 126.50 126.32 126.19 125.91 125.80 125.71 125.42 125.24 124.79 124.19 123.94 124.00 124.03 124.47 124.56 125.32 125.45 125.56 125.70 125.91 126.03 126.08
126.20 126.01 126.02 125.91 126.01 125.97 126.01 126.01 125.96 125.98 126.00 126.00 125.98 125.92 125.87 125.83 125.78 125.68 125.61 123.59 123.57 123.56 123.63 123.80 123.98 124.01 124.10 124.14 124.10 123.72 122.91 122.19 121.38 120.86 120.85 121.28 121.70 121.82 122.81 123.79 124.12 124.14 124.14 124.14 124.14 124.14 124.14 124.14 124.13 124.05 124.14 124.13 124.11 124.06 124.13 123.98 123.71 123.65 123.64 123.64 123.62 123.64 123.88 124.95 125.44 125.63 125.76 125.86 125.95 126.19 126.25 126.42 126.49 126.70 126.74 126.89 127.02 126.97 126.95 126.79 126.84 126.75 126.62 126.54 126.20 125.97 125.87 125.60 125.10 125.61 124.18 123.98 123.76 123.72 123.95 123.74 123.98 124.21 123.61 124.12 123.67 123.89 123.58 124.20 123.66 123.76 123.70 123.69 123.77 123.93 123.99 124.03 124.03 124.09 124.09 124.09 124.04 123.77 123.88 123.67 123.66 123.62 123.56 123.60 123.77 123.91 123.98 124.04 124.57 124.78 125.09 125.41 125.59 125.76 126.15 126.43 126.59 126.93 127.13 127.41 127.53 127.71 127.85 127.88 127.93 127.96 127.91 127.79 127.76 127.59 127.51 127.42 127.34 127.15 127.29 127.22 126.97 126.71 126.71 126.47 126.24 126.12 125.80 125.68 125.37 125.26 124.92 124.57 124.33 124.30 124.23 124.60 124.48 125.49 125.54 125.67 125.93 125.97 126.09 126.11
126.13 126.08 126.10 126.02 125.59 126.04 126.05 125.78 126.04 126.03 125.99 126.00 125.92 125.91 125.87 125.81 125.79 125.83 125.57 124.97 123.68 123.69 123.82 123.76 123.77 123.98 124.07 124.13 124.06 123.25 122.01 120.76 119.90 119.79 119.36 119.67 121.13 121.38 121.86 123.09 124.01 124.14 124.13 124.13 124.11 124.14 124.13 123.80 124.14 124.14 124.13 124.10 124.06 123.93 124.08 124.12 123.89 123.76 123.68 123.70 123.56 123.55 123.56 124.34 125.46 125.71 125.76 125.83 126.03 126.20 126.39 126.56 126.59 126.83 126.96 127.03 127.09 127.15 127.15 127.25 126.94 126.94 126.88 126.81 126.61 126.02 126.22 125.90 125.36 125.27 125.00 124.38 124.36 124.27 124.18 123.87 123.72 123.67 124.19 123.97 124.22 125.28 124.18 123.57 124.30 123.56 123.58 123.62 123.67 123.66 123.81 123.99 123.59 124.06 124.05 123.88 123.99 123.87 123.81 123.80 123.82 123.79 123.83 123.98 124.02 124.13 124.28 124.57 124.73 125.06 125.33 125.61 125.69 126.07 126.29 126.61 126.81 127.00 127.32 127.39 127.80 127.94 127.99 128.00 128.01 128.03 127.95 127.94 127.84 127.91 127.71 127.66 127.49 127.45 127.38 127.32 127.20 126.87 126.50 126.57 126.32 126.17 125.93 125.67 125.36 125.35 125.11 124.91 124.79 124.63 124.49 124.06 123.66 125.56 125.63 125.66 125.92 126.08 126.14 126.08
126.11 126.13 126.16 126.13 126.09 126.06 126.01 126.06 126.03 126.01 126.02 126.03 125.97 126.01 125.88 125.90 125.81 125.51 125.36 124.96 124.30 123.85 123.56 123.58 123.71 123.86 123.96 124.12 124.02 123.00 121.51 120.50 120.12 120.03 119.10 119.59 120.86 121.50 122.13 123.35 124.07 124.13 124.12 124.13 123.94 124.14 124.13 124.07 124.13 124.12 124.12 124.09 124.08 124.11 124.14 124.14 124.01 123.78 123.77 123.81 123.64 123.55 123.55 124.14 125.20 125.80 125.88 125.78 126.08 126.27 126.41 126.64 126.76 126.91 127.07 127.19 127.25 127.28 127.29 127.27 127.23 127.19 127.08 127.30 127.25 126.76 126.45 126.35 125.96 126.01 125.24 125.86 125.40 124.96 125.09 124.36 124.05 124.72 123.80 124.37 125.49 125.49 125.38 123.86 124.13 123.71 123.90 123.61 123.55 123.58 123.66 123.66 124.72 123.79 123.73 123.66 124.06 123.71 123.93 123.79 123.86 123.84 124.22 124.30 124.47 124.36 124.62 124.69 125.07 125.40 125.55 125.64 125.88 126.13 126.54 126.78 127.04 127.17 127.57 127.72 127.83 128.02 128.04 128.04 128.04 128.00 128.03 128.00 127.97 127.87 127.80 127.83 127.81 127.67 127.53 127.37 127.23 127.11 126.90 126.68 126.41 126.13 125.97 125.74 125.43 125.43 125.32 125.17 125.15 124.85 123.84 124.17 123.88 125.36 125.59 125.79 125.84 126.06 126.05 126.15
126.11 126.19 126.19 126.14 126.11 126.09 126.06 126.04 126.03 126.05 126.02 126.12 126.05 126.07 125.93 125.88 125.73 125.51 125.12 124.56 124.14 123.84 123.60 123.56 123.64 123.73 123.89 124.02 124.13 123.72 122.56 121.38 120.79 120.60 120.47 120.64 121.33 121.77 123.53 124.11 124.11 124.06 124.10 124.11 124.10 124.09 124.14 123.99 124.11 124.12 124.10 124.13 123.89 124.10 124.12 124.14 124.11 123.91 123.76 123.60 123.61 123.60 123.58 124.15 125.14 125.85 126.06 126.12 126.23 126.39 126.65 126.77 127.02 127.10 127.42 127.23 127.36 127.28 127.38 127.39 127.34 127.32 127.14 127.18 127.24 126.90 126.80 126.43 126.33 126.38 126.19 126.05 126.03 125.80 125.44 124.84 124.58 124.37 125.13 125.32 125.62 125.44 124.60 125.26 124.57 125.19 124.90 125.14 123.64 123.66 123.78 123.97 123.76 123.81 124.16 124.24 124.02 123.87 123.96 124.10 124.15 124.17 124.74 125.17 124.68 124.67 124.76 125.18 125.45 125.55 125.47 125.87 125.90 126.24 126.58 126.95 127.16 127.21 127.55 127.77 127.93 128.01 127.97 127.83 128.04 127.99 127.95 127.87 127.90 127.74 127.80 127.77 127.68 127.63 127.64 127.47 127.30 127.22 126.79 126.67 126.40 126.12 125.80 125.69 125.56 125.45 125.28 125.35 125.32 124.97 124.49 124.13 123.64 125.24 125.75 125.76 126.01 126.05 126.13 126.22
126.27 126.26 126.19 126.19 126.18 126.14 126.11 126.05 126.03 126.09 126.10 126.03 126.02 125.96 125.93 125.77 125.54 125.24 124.84 124.47 124.06 123.80 123.61 123.56 123.57 123.62 123.70 123.85 124.06 124.12 123.92 123.64 123.51 121.99 121.22 121.02 121.78 123.27 123.96 124.14 124.07 124.00 124.00 123.95 123.88 123.80 123.77 123.89 124.08 124.07 123.86 124.05 124.12 124.13 124.11 124.03 123.76 123.87 123.78 123.58 123.56 123.75 124.00 124.48 125.15 125.92 125.99 126.24 126.40 126.58 126.69 126.98 127.09 127.23 127.21 127.43 127.42 127.42 127.55 127.55 127.36 127.43 127.36 127.32 127.22 127.13 126.83 126.93 126.77 126.47 126.42 126.57 126.22 126.03 125.98 125.86 125.30 124.99 125.57 125.54 124.94 124.52 124.20 125.33 124.55 125.19 125.27 125.30 124.66 123.94 123.86 124.14 123.89 123.75 124.22 123.93 123.73 124.16 124.23 124.36 124.30 124.62 124.78 125.04 125.05 125.18 125.24 125.29 125.54 125.65 125.79 125.83 126.20 126.36 126.83 127.06 127.28 127.50 127.59 127.77 127.90 128.02 128.02 128.03 128.01 127.91 127.95 127.97 127.94 127.92 127.81 127.88 127.82 127.55 127.65 127.59 127.41 127.13 126.67 126.47 126.32 125.95 125.75 125.65 125.61 125.53 125.52 125.51 125.49 125.34 125.13 124.63 123.90 125.45 125.46 125.57 125.88 126.18 126.17 126.26
126.27 126.25 126.24 126.16 126.15 126.14 126.10 126.12 126.02 126.16 126.12 126.06 126.06 125.94 125.76 125.70 125.34 125.09 124.77 124.45 124.05 123.88 123.74 123.65 123.57 123.56 123.60 123.64 123.74 123.90 124.03 124.07 124.07 124.07 124.01 123.93 124.12 124.12 124.11 124.10 124.04 123.99 124.00 123.97 123.87 123.78 123.78 123.81 123.94 124.06 124.12 124.04 123.77 123.96 123.90 123.62 123.76 124.20 123.78 123.62 123.56 123.87 124.44 125.15 125.70 126.01 126.18 126.30 126.63 126.69 126.94 127.08 127.15 127.27 127.31 127.28 127.15 126.94 127.50 127.52 127.46 127.53 127.42 127.40 127.28 127.23 127.20 127.12 126.98 126.84 126.71 126.66 126.60 126.48 126.12 126.20 125.93 125.76 125.77 125.82 125.64 125.50 125.82 125.42 125.01 125.36 124.84 124.87 125.22 124.62 124.12 124.47 124.54 124.72 124.78 123.85 124.23 124.41 124.53 124.78 124.79 124.93 125.20 125.02 125.34 125.37 125.39 125.45 125.64 125.71 125.99 126.08 126.32 126.51 127.35 127.40 127.28 127.42 127.59 127.73 127.86 127.99 127.99 127.95 127.96 127.93 127.90 127.90 127.80 127.93 127.89 127.86 127.73 127.72 127.72 127.50 127.26 126.98 126.74 125.58 125.82 126.17 125.90 125.85 125.75 125.67 125.69 125.58 125.62 125.56 125.47 125.19 125.28 125.38 125.51 125.83 125.88 126.10 126.17 126.29
126.30 126.26 126.25 126.17 126.22 126.21 126.18 126.17 126.11 126.12 126.15 126.04 126.02 125.83 125.65 125.47 125.18 125.00 124.77 124.48 124.22 124.09 123.92 123.78 123.62 123.56 123.56 123.57 123.59 123.62 123.67 123.71 123.76 123.80 123.86 123.83 123.80 123.81 123.93 124.00 124.01 123.95 123.96 124.06 124.00 123.91 123.90 123.90 123.64 124.09 124.05 124.42 124.68 124.10 123.99 123.63 123.60 123.59 124.31 123.59 123.82 124.29 125.02 125.54 125.68 126.15 126.39 126.61 126.65 126.96 126.97 127.09 127.22 127.24 127.28 127.30 127.36 127.48 127.55 127.54 127.56 127.48 127.47 127.42 127.39 127.31 127.30 127.11 127.06 127.00 126.91 126.77 126.55 126.44 126.32 126.35 126.14 126.19 126.18 126.09 125.70 125.93 125.46 125.60 128.40 126.14 124.97 125.50 125.32 124.88 124.71 124.90 124.78 124.73 124.46 124.94 124.84 124.96 125.07 124.98 125.01 125.12 125.32 125.30 125.30 125.43 125.38 125.54 125.65 125.82 126.06 126.25 126.47 126.71 127.19 127.31 127.23 127.45 127.46 127.67 127.78 127.86 127.92 127.92 127.88 127.89 127.87 127.87 127.81 127.68 127.87 127.76 127.62 127.53 127.54 127.26 127.12 126.83 126.71 125.64 125.45 126.23 126.02 125.95 125.93 125.85 125.87 125.81 125.67 125.74 125.62 125.63 124.87 125.24 125.97 125.89 125.87 126.20 126.40 126.21
126.28 126.29 126.22 126.23 126.25 126.26 126.12 126.10 126.14 126.12 126.05 125.92 125.83 125.71 125.53 125.33 125.08 124.81 124.64 124.45 124.07 124.12 123.97 123.79 123.73 123.64 123.58 123.55 123.56 123.57 123.59 123.62 123.67 123.69 123.68 123.67 123.72 123.74 123.84 123.92 123.96 123.95 123.92 123.89 123.95 123.84 123.70 123.58 123.88 124.14 124.40 124.62 124.93 125.09 125.13 124.50 123.61 123.57 123.59 124.15 124.50 125.08 125.46 126.02 126.04 126.27 126.45 126.69 126.87 126.98 127.15 127.26 127.34 127.34 127.40 127.44 127.46 127.33 127.68 127.78 127.51 127.50 127.57 127.21 127.44 127.35 127.19 127.15 127.23 127.08 127.06 126.95 126.81 126.68 126.57 126.49 126.38 126.09 126.35 126.16 126.14 126.13 125.48 127.72 127.18 125.99 124.59 125.52 125.40 125.19 125.20 125.16 125.14 125.21 125.38 125.16 125.24 125.19 125.31 125.34 125.30 125.40 125.32 125.35 125.44 125.46 125.39 125.57 125.68 125.79 125.95 126.21 126.49 126.68 126.93 126.96 127.25 127.34 127.53 127.62 127.70 127.77 127.88 127.85 127.88 127.86 127.77 127.85 127.83 127.76 127.73 127.60 127.60 127.36 127.06 127.14 126.99 126.81 126.67 126.56 126.38 126.29 126.18 126.04 126.00 126.01 125.89 125.94 125.82 125.78 125.73 125.76 125.59 125.92 125.93 125.76 125.91 126.20 126.38 126.35
126.24 126.20 126.28 126.29 126.27 126.23 126.17 126.10 126.05 125.91 125.96 125.88 125.71 125.57 125.36 125.08 124.70 124.76 124.68 124.49 124.35 124.25 124.07 123.96 123.84 123.76 123.67 123.59 123.56 123.56 123.56 123.57 123.59 123.60 123.59 123.60 123.60 123.65 123.73 123.81 123.87 123.87 123.84 123.80 123.70 123.60 123.56 123.64 123.89 124.26 124.58 124.78 124.95 125.13 125.26 125.42 124.21 124.62 123.90 125.02 125.80 125.97 126.12 126.20 126.34 126.52 126.79 126.91 127.04 127.10 127.31 127.37 127.39 127.42 127.48 127.55 127.56 127.51 127.61 127.56 127.48 127.57 127.51 127.57 127.46 127.61 127.54 127.31 127.28 127.09 127.14 127.05 126.90 126.84 126.66 126.53 126.59 126.82 126.39 126.36 126.12 126.13 125.95 125.79 125.32 125.38 125.33 125.69 125.49 125.59 125.47 125.48 125.35 125.47 125.46 125.41 125.54 125.64 125.46 125.58 125.48 125.43 125.29 125.38 125.44 125.36 125.34 125.53 125.62 125.70 125.98 126.20 126.39 126.57 126.54 126.80 126.97 127.18 127.21 127.32 127.36 127.48 127.50 127.62 127.66 127.68 127.61 127.63 127.48 127.49 127.52 127.51 127.28 127.08 126.99 126.83 126.91 126.74 126.64 126.51 126.39 126.26 126.17 126.11 126.07 126.01 126.05 126.01 125.65 125.78 125.70 125.86 125.80 125.78 125.85 126.05 126.23 126.23 126.33 126.34
126.35 126.31 126.22 126.10 126.15 125.96 126.02 126.06 125.99 125.93 125.90 125.76 125.68 125.50 125.44 125.12 127.24 124.62 124.74 124.64 124.50 124.35 124.25 124.19 124.01 123.89 123.79 123.68 123.61 123.58 123.55 123.55 123.56 123.55 123.56 123.55 123.56 123.57 123.59 123.63 123.69 123.69 123.73 123.70 123.64 123.57 123.62 124.66 124.45 124.75 124.87 124.90 125.31 125.13 125.30 125.51 125.67 125.74 126.01 126.14 126.25 126.37 126.60 126.68 126.83 126.96 127.00 127.11 127.17 127.26 127.39 127.43 127.45 127.52 127.55 127.50 127.53 127.54 127.60 127.70 127.48 127.52 127.57 127.51 127.62 127.48 127.33 127.32 127.17 127.19 127.15 127.12 127.00 126.87 126.65 126.63 126.62 126.60 126.50 126.39 126.32 126.22 126.05 126.06 126.01 125.84 125.73 125.74 125.76 125.66 125.66 125.67 125.58 125.71 125.60 125.73 125.86 125.81 125.80 125.73 125.54 125.49 125.41 125.36 125.27 125.30 125.51 125.63 125.63 125.69 125.90 126.10 126.24 126.27 126.45 126.65 126.78 126.91 126.92 127.01 127.07 127.16 127.19 127.30 127.35 127.28 127.32 127.32 127.04 127.08 127.20 127.06 127.04 126.85 126.74 126.84 126.56 126.69 126.61 126.32 126.22 126.19 126.14 126.16 126.02 126.03 125.97 125.85 125.79 125.87 125.89 125.64 125.71 125.68 125.91 126.03 126.20 126.31 126.39 126.42
126.30 126.30 126.25 126.19 126.23 126.09 125.99 125.94 125.93 125.94 125.78 125.67 125.68 125.50 125.38 125.34 124.81 124.91 124.75 124.74 124.63 124.55 124.41 124.30 124.22 124.11 123.97 123.85 123.86 123.76 123.73 123.68 123.66 123.68 123.65 123.66 123.64 123.61 123.59 123.56 123.57 123.59 123.60 123.59 123.56 123.62 123.87 124.13 124.54 124.71 124.87 124.96 125.07 125.22 125.42 125.60 125.79 126.00 126.18 126.34 126.65 126.73 126.81 126.87 126.98 127.01 127.12 127.20 127.26 127.37 127.38 127.69 127.54 127.54 127.55 127.60 127.59 127.54 127.56 127.55 127.53 127.67 127.46 127.49 126.85 127.87 127.33 127.27 127.25 127.16 127.20 127.04 126.97 126.91 126.87 126.73 126.73 126.60 126.52 126.31 126.33 126.27 126.08 125.92 125.85 125.87 125.85 125.74 125.91 125.83 125.77 125.87 125.97 125.96 125.95 126.00 126.08 125.99 125.88 125.67 125.58 125.60 125.54 125.43 125.43 125.47 125.40 125.50 125.61 125.64 125.84 125.90 126.09 126.07 126.16 126.31 126.53 126.60 126.65 126.58 126.80 126.74 126.90 127.03 127.04 126.99 126.96 127.00 126.95 126.85 126.93 126.86 126.89 126.87 126.67 126.74 126.59 126.64 126.58 126.38 126.26 126.29 126.14 126.09 126.05 125.94 125.94 125.87 125.71 125.85 125.82 125.72 125.98 125.85 125.86 126.04 126.22 126.20 126.27 126.29
126.19 126.24 126.21 126.05 126.16 126.13 125.85 126.02 126.02 126.02 125.93 125.82 125.70 125.61 125.45 125.25 125.30 125.14 125.04 124.93 124.83 124.71 124.56 124.45 124.44 124.39 124.34 124.23 124.16 124.09 124.04 123.95 123.91 123.94 124.03 123.94 123.93 123.94 123.82 123.70 123.65 123.61 123.62 123.75 123.84 124.10 124.28 124.48 124.72 124.86 124.97 125.18 125.25 125.39 125.57 125.70 125.90 126.09 126.27 126.52 126.81 126.64 126.99 127.06 127.07 127.14 127.24 127.30 127.33 127.32 127.43 127.41 127.45 127.53 127.55 127.56 127.51 127.60 127.66 127.62 127.53 127.51 127.53 127.46 127.44 127.41 127.38 127.36 127.29 127.14 127.03 127.10 126.96 126.97 126.70 126.80 126.78 126.68 126.47 126.42 126.31 126.26 126.23 126.16 126.16 126.09 125.90 125.91 125.95 126.00 126.10 126.14 126.13 126.14 126.02 126.12 126.11 126.11 125.89 125.79 125.75 125.67 125.50 125.53 125.42 125.44 125.37 125.46 125.54 125.56 125.70 125.67 125.92 126.10 126.03 125.87 126.15 126.22 126.18 126.39 126.51 126.33 126.53 126.66 126.64 126.55 126.65 126.62 126.64 126.64 126.62 126.67 126.65 126.57 126.56 126.62 126.58 126.45 126.45 126.33 126.38 126.22 126.16 126.05 125.99 125.91 125.70 125.73 125.69 125.78 125.83 125.85 125.93 125.90 125.96 126.01 126.12 126.25 126.05 126.17
126.12 126.13 126.12 126.14 126.11 126.18 126.05 125.98 126.04 125.88 125.81 125.83 125.75 125.63 125.50 125.43 125.33 125.25 125.17 125.04 124.93 124.90 124.82 124.76 124.66 124.64 124.55 124.50 124.45 124.44 124.43 124.38 124.41 124.42 124.37 124.34 124.31 124.34 124.30 124.74 124.24 124.23 124.24 124.29 124.33 124.43 124.53 124.69 124.92 125.06 125.11 125.39 125.57 125.70 125.82 126.01 126.17 126.32 126.47 126.58 126.80 127.00 127.08 127.14 127.24 127.54 127.14 127.38 127.41 127.42 127.51 127.38 127.47 127.61 127.67 127.64 127.61 127.63 127.54 127.59 127.54 127.55 127.50 127.53 127.45 127.42 127.33 127.29 127.20 127.14 127.06 127.03 127.01 126.90 126.91 126.90 126.72 126.62 126.60 126.45 126.41 126.33 126.21 126.20 126.17 126.20 126.04 126.14 126.12 126.21 126.19 126.22 126.25 126.24 126.13 126.22 126.14 126.13 126.07 125.84 125.93 125.88 125.44 125.61 125.55 125.48 125.39 125.33 125.39 125.51 125.50 125.55 125.63 125.12 125.63 125.86 125.90 125.85 126.04 126.13 126.20 125.99 126.29 126.34 126.35 126.19 126.31 126.28 126.36 126.41 126.36 126.42 126.36 126.29 126.38 126.40 126.32 126.29 126.31 126.22 126.16 126.19 126.08 126.05 126.00 125.75 125.89 125.84 125.72 125.80 125.75 125.86 125.91 125.88 126.00 126.01 125.95 126.11 126.08 125.98
126.18 126.02 126.01 126.84 126.06 126.11 126.12 126.09 126.04 126.01 125.95 125.81 125.80 125.68 125.63 125.59 125.50 125.44 125.27 125.11 124.87 125.09 125.03 124.97 124.93 124.90 124.82 124.84 124.83 124.76 124.74 124.69 124.67 124.63 124.58 124.55 124.53 124.56 124.55 124.54 124.52 124.57 124.58 124.64 124.74 124.81 124.92 124.97 125.16 125.31 125.53 125.68 125.84 126.02 126.23 126.32 126.44 126.57 126.72 126.75 126.87 127.02 127.16 127.27 127.27 127.30 127.45 127.43 127.41 127.40 127.48 127.43 127.51 127.50 127.54 127.60 127.56 127.49 127.49 127.53 127.52 127.52 127.43 127.37 127.33 127.08 127.14 127.11 127.10 127.07 127.06 126.97 126.85 126.81 126.87 126.57 126.54 126.57 126.52 126.44 126.42 126.34 126.26 126.26 126.28 126.24 126.24 126.25 126.25 126.22 126.29 126.26 126.33 126.26 126.24 126.20 126.19 126.08 126.17 126.07 125.96 125.91 125.89 125.76 125.67 125.60 125.48 125.44 125.39 125.39 125.39 125.47 125.53 125.52 125.60 125.72 125.77 125.76 125.87 125.69 125.96 125.75 125.99 126.08 125.94 126.11 126.09 126.10 126.14 126.15 126.11 126.12 126.23 126.23 126.22 126.17 126.18 126.11 126.16 126.17 126.12 126.05 126.08 126.03 125.87 125.94 125.93 125.95 125.70 125.79 125.82 125.86 125.76 125.92 126.02 126.06 126.02 126.07 126.09 126.11
126.10 126.25 126.12 126.23 126.22 126.17 126.14 126.17 125.90 126.01 125.94 125.94 125.95 125.91 126.09 125.72 125.67 125.61 125.46 125.55 125.49 125.37 125.34 125.30 125.26 125.23 125.09 125.15 125.11 125.08 125.02 124.97 124.95 124.90 124.84 124.78 124.78 124.79 124.75 124.74 124.75 124.82 124.89 124.97 125.08 125.18 125.26 125.39 125.48 125.62 125.75 125.78 126.06 126.31 126.48 126.66 126.82 127.00 127.05 127.08 127.10 127.23 127.29 127.26 127.39 127.42 127.44 127.36 127.41 127.47 127.37 127.39 127.49 127.50 127.50 127.53 127.53 127.47 127.49 127.48 127.51 127.44 127.39 127.09 127.53 127.84 126.41 126.97 127.08 126.98 127.03 126.88 126.91 126.74 126.73 126.65 126.57 126.55 126.54 126.50 126.41 126.41 126.35 126.22 126.33 126.20 126.19 126.25 126.24 126.22 126.30 126.31 126.36 126.27 126.12 126.14 126.28 126.14 126.10 126.18 126.13 126.04 126.00 125.78 125.76 125.56 125.60 125.50 125.47 125.32 125.42 125.39 125.38 125.41 125.50 125.46 125.54 125.57 125.49 125.62 125.71 125.69 125.78 125.81 125.72 125.88 125.86 125.90 125.87 125.90 125.96 125.97 125.97 126.02 125.82 126.04 126.00 126.10 126.07 126.06 125.95 125.94 126.06 126.04 125.92 126.04 126.03 125.83 125.97 125.87 126.01 125.99 125.95 125.96 125.97 126.06 125.93 125.95 126.13 125.81
126.22 126.21 126.27 126.23 126.21 126.33 126.27 126.21 126.25 126.20 126.02 126.06 126.11 125.97 126.00 125.93 125.92 125.87 125.84 125.83 125.63 125.70 125.56 125.49 125.49 125.35 125.47 125.43 125.34 125.30 125.28 125.17 125.20 125.09 125.39 124.99 124.99 124.98 124.95 124.98 125.02 125.08 125.20 125.25 125.33 125.45 125.58 125.74 125.85 125.99 126.16 126.34 126.49 126.69 126.87 127.03 127.21 127.32 127.44 127.54 127.57 127.55 127.46 127.41 127.42 127.41 127.38 127.42 127.48 127.44 127.47 127.47 127.44 127.50 127.50 127.46 127.44 127.34 127.50 127.46 127.44 127.38 127.23 127.17 127.16 127.02 127.00 127.03 126.98 127.01 126.92 126.85 126.84 126.73 126.69 126.61 126.57 126.52 126.48 126.37 126.30 126.37 126.33 126.20 126.24 126.24 126.25 126.19 126.14 126.04 126.11 126.27 126.33 126.26 126.22 126.23 126.11 126.19 126.17 126.15 126.10 125.97 126.01 125.93 125.84 125.77 125.75 125.58 125.49 125.46 125.38 125.29 125.30 125.30 125.20 125.37 125.38 125.41 125.09 125.46 125.53 125.61 125.63 125.57 125.61 125.62 125.44 125.72 125.70 125.74 125.71 125.85 125.82 125.87 125.90 125.89 125.91 125.93 125.94 126.00 125.83 125.85 125.86 125.94 125.91 125.91 126.03 126.04 126.05 125.98 126.05 125.98 126.09 126.06 125.94 126.00 126.02 126.17 126.14 126.19
126.09 126.31 126.32 126.27 126.31 126.33 126.30 126.34 126.20 126.39 126.27 126.25 126.22 126.24 126.07 125.98 125.98 126.10 126.14 126.03 126.04 126.03 125.99 125.95 125.81 125.79 125.41 125.73 125.71 125.53 125.68 125.47 125.50 125.38 125.27 125.20 125.23 125.23 125.25 125.27 125.29 125.42 125.51 125.61 125.70 125.83 126.05 126.23 126.43 126.57 126.66 126.75 126.81 126.93 127.02 127.15 127.23 127.27 127.38 127.41 127.41 127.43 127.41 127.40 127.36 127.39 127.41 127.43 127.38 127.45 127.46 127.43 127.50 127.48 127.36 127.43 127.42 127.35 127.37 127.33 127.27 127.24 127.27 127.19 127.06 127.08 126.94 126.90 126.87 126.82 126.83 126.76 126.66 126.66 126.65 126.46 126.51 126.50 126.45 126.42 126.40 126.39 126.35 126.24 126.26 126.35 126.30 126.25 126.24 126.28 126.04 126.09 126.21 126.20 126.25 126.20 126.14 126.17 126.16 126.04 125.97 126.01 125.97 125.95 125.81 125.77 125.75 125.71 125.65 125.59 125.52 125.40 125.39 125.31 125.23 125.16 125.21 125.32 125.39 125.35 125.39 125.38 125.43 125.42 125.43 125.44 125.48 125.54 125.53 125.51 125.60 125.54 125.62 125.70 125.78 125.82 125.78 125.85 126.02 125.94 125.89 125.88 125.88 125.97 125.97 126.03 126.04 126.11 126.07 126.03 126.01 126.11 126.14 126.19 126.31 126.25 126.20 126.24 126.19 126.14
126.32 126.41 126.48 126.38 126.32 126.41 126.54 126.27 126.39 126.41 126.27 126.33 126.36 126.30 126.41 126.44 126.42 126.34 126.49 126.22 126.11 126.26 126.26 126.19 126.09 126.04 125.96 125.86 125.92 125.76 125.81 125.84 125.86 125.68 125.80 125.81 125.68 125.69 125.72 125.75 125.69 125.88 125.94 126.00 126.13 126.21 126.33 126.50 126.60 126.73 126.83 126.90 126.91 126.88 126.96 126.99 127.02 127.07 127.12 127.12 127.09 127.16 127.17 127.21 127.35 127.28 127.30 127.34 127.44 127.37 127.40 127.37 127.36 127.41 127.34 127.28 127.29 127.33 127.29 127.22 127.18 127.17 127.13 127.06 126.98 126.96 126.91 126.89 126.84 126.73 126.62 126.55 126.60 126.62 126.52 126.51 126.46 126.44 126.42 126.36 126.29 126.24 126.20 126.18 126.25 126.28 126.26 126.20 126.22 126.20 126.27 126.19 126.16 126.17 126.10 126.16 126.08 126.05 125.94 126.03 125.88 125.97 125.94 125.81 125.81 125.79 125.76 125.76 125.69 125.60 125.55 125.56 125.49 125.45 125.34 125.35 125.28 125.23 125.19 125.15 125.09 125.07 125.11 125.15 125.21 125.26 125.34 125.37 125.47 125.44 125.53 125.51 125.50 125.54 125.64 125.60 125.75 125.83 125.88 125.91 125.94 125.84 125.98 126.00 126.02 126.09 126.06 126.10 125.95 126.14 126.13 126.11 126.03 126.18 126.21 126.26 126.36 126.20 126.30 126.27
126.47 126.55 126.56 126.51 126.44 126.61 126.63 126.58 126.58 126.64 126.72 126.61 126.63 126.51 126.76 126.59 126.55 126.52 126.45 126.45 126.50 126.22 126.23 126.32 126.21 126.34 126.21 126.63 126.41 126.30 126.38 126.21 126.14 126.08 125.98 126.07 125.98 126.02 126.07 126.18 126.24 126.31 126.36 126.40 126.50 126.56 126.60 126.65 126.71 126.78 126.87 127.01 126.96 126.97 126.96 126.95 126.90 126.90 126.84 126.91 126.95 127.00 127.05 127.04 127.09 127.16 127.20 127.17 127.17 127.21 127.29 127.35 127.34 127.24 127.30 127.32 127.33 127.24 127.18 127.08 127.09 127.03 126.98 126.93 126.96 126.93 126.88 126.82 126.75 126.75 126.67 126.48 126.49 126.49 126.48 126.34 126.37 126.36 126.31 126.34 126.29 126.28 126.24 126.10 126.20 126.21 126.14 126.10 126.10 126.04 126.11 126.13 126.18 126.16 126.10 126.16 126.17 126.08 125.97 125.90 125.95 126.02 125.98 125.86 125.83 125.79 125.73 125.77 125.65 125.63 125.58 125.53 125.54 125.47 125.49 125.43 125.38 125.32 125.30 125.31 125.33 125.35 125.37 125.38 125.40 125.42 125.44 125.45 125.50 125.52 125.49 125.56 125.56 125.61 125.60 125.60 125.73 125.79 125.83 125.80 125.94 125.93 125.88 125.99 126.08 126.14 126.05 126.14 126.22 126.27 125.75 126.98 125.96 124.90 126.23 126.31 126.46 126.42 126.25 126.37
126.47 126.60 126.54 126.60 126.61 126.75 126.58 126.69 126.71 126.70 126.77 126.67 126.69 126.80 126.69 126.76 126.75 126.54 126.64 126.70 126.63 126.75 126.80 126.89 126.71 126.50 126.54 126.55 126.26 126.36 126.40 126.33 126.49 126.55 126.63 126.43 126.37 126.39 126.29 126.44 126.42 126.48 126.60 126.58 126.58 126.52 126.62 126.68 126.72 126.84 126.90 126.92 126.91 126.93 126.94 127.07 126.91 126.90 126.93 126.96 127.04 127.10 127.14 127.14 127.14 127.11 127.08 127.11 127.16 127.07 127.20 127.20 127.20 127.21 127.18 127.22 127.15 127.15 127.04 127.07 126.99 126.97 126.90 127.04 126.85 126.78 126.72 126.66 126.64 126.64 126.57 126.54 126.50 126.43 126.44 126.40 126.50 126.29 126.25 126.22 126.20 126.20 126.18 126.14 126.15 126.17 126.18 126.13 126.07 126.14 126.10 126.06 126.12 126.11 126.10 126.07 126.04 126.07 125.97 125.97 125.95 125.92 125.84 125.96 125.95 125.90 125.78 125.75 125.74 125.64 125.72 125.67 125.67 125.62 125.53 125.55 125.50 125.49 125.47 125.46 125.44 125.50 125.50 125.37 125.45 125.49 125.54 125.55 125.50 125.50 125.53 125.59 125.61 125.63 125.66 125.67 125.70 125.79 125.84 125.89 125.89 125.97 125.98 126.06 126.09 126.08 126.09 126.13 126.18 126.25 126.25 126.32 126.25 126.52 126.54 126.57 126.57 126.57 126.52 126.43
126.72 126.59 126.32 126.19 126.37 126.69 126.58 126.14 126.18 126.64 126.76 126.77 126.80 126.76 126.74 126.55 126.21 126.25 126.16 126.54 126.31 126.44 126.90 127.21 126.75 126.55 126.54 126.69 126.61 126.60 126.58 126.59 126.65 126.55 126.19 126.54 126.43 126.52 126.49 126.45 126.64 126.61 126.52 126.52 126.62 126.70 126.74 126.79 126.83 126.86 126.89 126.93 126.78 126.99 127.02 127.07 127.10 127.10 127.10 127.11 127.15 126.42 126.46 126.90 127.04 127.01 127.01 127.04 126.97 126.97 127.03 127.05 127.05 127.06 127.01 127.03 127.00 127.01 127.05 127.02 126.97 126.85 126.83 126.80 126.79 126.72 126.59 126.56 126.65 126.59 126.60 126.55 126.47 126.36 126.34 126.38 126.38 126.36 126.31 126.27 126.25 126.25 126.20 126.28 126.19 126.17 126.18 126.16 126.15 126.14 126.14 126.11 126.07 126.00 126.00 125.99 126.05 125.96 125.96 125.86 125.90 125.93 125.94 125.95 125.93 125.94 125.90 125.87 125.82 125.76 125.79 125.72 125.68 125.60 125.29 125.52 125.62 125.62 125.64 125.61 125.56 125.56 125.56 125.55 125.56 125.53 125.59 125.54 125.57 125.51 125.58 125.64 125.62 125.67 125.72 125.74 125.78 125.80 125.76 125.84 125.87 125.94 126.04 126.10 126.12 126.13 126.18 126.26 126.27 126.23 126.32 126.25 126.31 126.39 126.36 126.58 126.70 126.67 126.58 126.66
126.42 126.28 126.29 126.40 126.43 126.38 126.34 126.34 126.38 126.36 126.39 126.21 126.49 126.44 126.48 126.57 126.57 126.61 126.61 126.55 126.53 126.66 126.64 126.68 126.73 126.78 126.69 126.44 126.51 126.39 126.45 126.50 126.54 126.56 126.51 126.58 126.54 126.64 126.63 126.62 126.64 126.67 126.67 126.62 126.56 126.59 126.63 126.67 126.71 126.80 126.88 126.85 126.89 126.93 126.97 126.99 126.95 127.01 127.08 127.07 127.12 127.16 127.15 127.17 127.12 127.13 127.20 127.14 127.04 126.99 126.92 126.89 126.81 126.84 126.85 126.68 126.63 126.67 126.79 126.80 126.68 126.74 126.56 126.03 126.35 126.69 125.44 125.66 126.39 124.98 125.45 126.03 125.68 125.25 125.87 125.06 125.22 125.95 125.66 125.29 125.42 125.51 125.65 126.08 126.13 126.05 126.10 126.11 126.13 126.11 126.09 126.09 126.07 126.06 126.00 126.02 126.00 125.99 125.96 125.74 126.32 125.71 125.90 125.87 125.84 125.88 125.84 125.80 125.81 125.81 125.81 125.81 125.78 125.79 125.77 125.77 125.79 125.78 125.73 125.74 125.71 125.66 125.59 125.61 125.61 125.52 125.43 125.44 125.50 125.56 125.59 125.55 125.65 125.70 125.70 125.79 125.76 125.83 125.81 125.82 125.87 125.95 125.98 126.07 126.09 126.15 126.12 126.11 126.16 126.29 126.28 126.31 126.32 126.38 126.40 126.34 126.33 126.48 126.48 126.45
125.44 125.46 125.49 125.55 125.49 125.50 125.53 125.52 125.54 125.57 125.60 125.63 125.66 125.69 125.73 125.76 125.76 125.80 125.80 125.83 125.84 125.87 125.90 125.95 125.99 126.06 126.15 126.26 126.26 126.33 126.42 126.31 126.33 126.53 125.99 125.99 125.78 126.07 125.43 125.57 125.81 125.93 126.40 126.41 126.44 126.52 126.60 126.56 126.37 126.33 125.80 125.79 125.57 125.78 126.31 125.91 125.81 125.79 125.80 125.92 126.60 126.42 126.52 126.53 126.61 126.68 126.77 126.40 126.22 125.90 125.91 125.92 125.39 125.66 125.43 125.11 124.88 125.08 124.84 124.60 124.57 124.26 124.31 124.15 124.15 124.22 123.99 123.97 123.98 123.89 123.96 124.08 123.82 123.82 124.09 123.88 123.92 123.74 123.74 123.77 124.08 124.17 124.15 124.15 124.20 124.29 123.95 124.80 124.87 125.59 125.54 124.89 125.16 125.84 125.48 125.58 125.28 125.42 125.70 125.08 125.13 125.03 125.12 125.15 125.43 125.79 125.25 125.35 125.35 125.33 125.40 125.37 125.37 125.40 125.42 125.44 125.54 125.64 125.75 125.75 125.76 125.75 125.75 125.72 125.75 125.69 125.70 125.73 125.74 125.81 125.80 125.84 125.85 125.87 125.86 125.85 125.85 125.89 125.90 125.85 125.86 125.89 125.92 125.92 125.92 125.91 125.88 125.85 125.83 125.75 125.65 125.67 125.66 125.64 125.63 125.57 125.51 125.46 125.45 125.44
125.03 125.03 125.04 125.04 125.04 125.04 125.05 125.07 125.08 125.10 125.13 125.17 125.19 125.22 125.24 125.29 125.34 125.35 125.43 125.43 125.47 125.48 125.49 125.48 125.47 125.41 125.57 125.53 125.48 124.86 124.72 124.50 124.78 124.90 124.53 124.74 124.46 124.49 124.51 124.41 124.27 124.41 124.18 124.07 124.08 124.24 124.22 124.18 124.26 124.35 124.53 124.71 124.95 125.03 124.59 124.70 124.50 124.36 124.34 124.50 124.38 125.12 125.07 125.93 126.11 126.32 126.48 126.58 126.55 126.19 125.89 125.51 125.19 124.96 124.85 124.64 124.52 124.40 124.31 124.25 124.20 124.13 124.08 124.04 123.97 123.92 123.89 123.84 123.82 123.82 123.82 123.81 123.80 123.78 123.75 123.73 123.70 123.68 123.67 123.66 123.65 123.63 123.61 123.60 123.59 123.58 123.57 123.57 123.58 123.65 123.78 123.96 123.91 123.98 123.83 123.95 124.15 124.22 124.10 123.98 123.93 123.95 124.19 124.01 124.08 123.96 124.07 124.10 124.01 124.07 123.92 123.95 124.07 124.25 124.17 124.15 124.21 124.05 124.13 124.16 124.30 124.63 124.70 124.84 125.29 125.25 125.57 125.76 125.80 125.75 125.71 125.69 125.69 125.70 125.76 125.78 125.76 125.74 125.66 125.63 125.60 125.59 125.56 125.52 125.48 125.45 125.41 125.37 125.34 125.32 125.28 125.27 125.23 125.20 125.19 125.16 125.12 125.08 125.05 125.04
125.23 125.10 125.23 125.38 125.47 125.72 124.49 124.35 124.59 124.77 124.19 124.50 124.32 124.22 124.38 124.56 123.91 123.75 123.73 123.74 123.74 123.92 124.38 124.10 124.15 124.27 124.59 124.34 124.31 124.51 124.46 123.63 123.69 123.96 123.73 123.64 123.61 123.61 123.62 123.64 123.63 123.71 123.66 123.61 123.64 123.60 123.60 123.62 123.61 123.67 123.67 123.65 123.71 123.85 123.85 123.75 123.77 123.80 123.86 123.93 123.97 123.87 123.99 123.91 123.88 123.88 124.13 124.13 124.51 124.72 124.85 125.13 124.89 124.87 124.84 125.00 125.17 125.37 125.44 125.45 125.52 125.53 125.14 124.77 124.39 124.34 124.39 124.47 124.58 124.83 125.27 125.26 123.99 123.82 123.81 123.88 123.83 123.78 123.69 123.65 123.63 123.68 123.62 123.59 123.58 123.57 123.56 123.56 123.55 123.55 123.55 123.56 123.56 123.56 123.56 123.56 123.56 123.56 123.57 123.57 123.57 123.58 123.58 123.57 123.57 123.58 123.58 123.58 123.58 123.57 123.57 123.57 123.57 123.57 123.58 123.59 123.64 123.64 123.63 123.76 123.60 123.60 123.60 123.86 123.88 123.90 123.99 124.27 124.00 123.83 123.93 123.83 124.08 124.17 124.39 124.60 124.16 124.37 124.53 124.62 124.57 124.36 124.47 124.87 124.73 124.79 125.00 125.40 125.16 125.49 125.23 125.01 124.87 124.72 124.88 125.12 125.27 124.95 124.96 124.99
123.57 123.56 123.56 123.56 123.56 123.60 123.58 123.61 123.59 123.59 123.59 123.59 123.58 123.57 123.59 123.60 123.60 123.60 123.60 123.61 123.60 123.60 123.61 123.63 123.63 123.63 123.61 123.61 123.60 123.60 123.60 123.62 123.64 123.63 123.65 123.67 123.68 123.68 123.69 123.69 123.67 123.67 123.65 123.65 123.67 123.70 123.71 123.72 123.70 123.69 123.69 123.69 123.68 123.67 123.65 123.62 123.62 123.62 123.61 123.61 123.60 123.61 123.61 123.62 123.62 123.62 123.62 123.62 123.61 123.60 123.60 123.78 123.83 123.73 123.66 123.66 123.63 123.62 123.61 123.64 123.57 123.56 123.56 123.56 123.56 123.56 123.56 123.57 123.58 123.55 123.57 123.58 123.58 123.58 123.59 123.59 123.58 123.59 123.58 123.58 123.59 123.61 123.61 123.60 123.60 123.62 123.63 123.63 123.64 123.65 123.65 123.64 123.65 123.65 123.65 123.64 123.64 123.63 123.64 123.60 123.65 123.65 123.64 123.63 123.61 123.60 123.62 123.62 123.61 123.61 123.59 123.61 123.65 123.66 123.66 123.66 123.66 123.65 123.63 123.63 123.63 123.62 123.62 123.62 123.62 123.61 123.60 123.61 123.62 123.64 123.62 123.64 123.61 123.62 123.66 123.65 123.64 123.58 123.60 123.58 123.60 123.57 123.57 123.56 123.56 123.56 123.58 123.61 123.62 123.62 123.60 123.62 123.63 123.60 123.60 123.57 123.60 123.66 123.68 123.58
123.78 123.78 123.78 123.77 123.76 123.80 123.81 123.82 123.83 123.83 123.83 123.83 123.83 123.83 123.83 123.84 123.84 123.84 123.84 123.84 123.85 123.84 123.84 123.84 123.84 123.84 123.85 123.86 123.87 123.88 123.88 123.89 123.89 123.89 123.90 123.90 123.90 123.90 123.91 123.91 123.91 123.91 123.91 123.91 123.91 123.91 123.91 123.91 123.91 123.91 123.90 123.90 123.89 123.88 123.88 123.86 123.86 123.85 123.85 123.85 123.85 123.84 123.84 123.83 123.83 123.82 123.82 123.82 123.82 123.81 123.81 123.81 123.80 123.80 123.79 123.79 123.78 123.78 123.77 123.77 123.77 123.77 123.77 123.77 123.77 123.76 123.76 123.77 123.76 123.76 123.77 123.76 123.75 123.75 123.76 123.77 123.78 123.77 123.74 123.74 123.75 123.77 123.77 123.78 123.79 123.79 123.79 123.80 123.81 123.81 123.81 123.82 123.82 123.82 123.83 123.83 123.83 123.83 123.84 123.84 123.84 123.84 123.84 123.84 123.83 123.84 123.84 123.84 123.85 123.85 123.85 123.85 123.86 123.86 123.87 123.87 123.88 123.88 123.89 123.89 123.89 123.90 123.90 123.90 123.90 123.90 123.90 123.89 123.89 123.89 123.89 123.88 123.88 123.87 123.86 123.85 123.85 123.84 123.84 123.85 123.85 123.85 123.85 123.85 123.85 123.84 123.84 123.84 123.84 123.84 123.82 123.82 123.82 123.81 123.81 123.80 123.79 123.79 123.79 123.78
