Mars Surface Radiation Result (absorbed dose in thin silicon slab) (1E-6 Gy/day).

The first row gives the longitude
The first column for each row (starting from the 2nd row) gives the latitude
The rest values of each row gives the dose rate at different longitudes (given in the first row)

179°W  177°W  175°W  173°W  171°W  169°W  167°W  165°W  163°W  161°W  159°W  157°W  155°W  153°W  151°W  149°W  147°W  145°W  143°W  141°W  139°W  137°W  135°W  133°W  131°W  129°W  127°W  125°W  123°W  121°W  119°W  117°W  115°W  113°W  111°W  109°W  107°W  105°W  103°W  101°W  99°W  97°W  95°W  93°W  91°W  89°W  87°W  85°W  83°W  81°W  79°W  77°W  75°W  73°W  71°W  69°W  67°W  65°W  63°W  61°W  59°W  57°W  55°W  53°W  51°W  49°W  47°W  45°W  43°W  41°W  39°W  37°W  35°W  33°W  31°W  29°W  27°W  25°W  23°W  21°W  19°W  17°W  15°W  13°W  11°W  9°W  7°W  5°W  3°W  1°W  1°E  3°E  5°E  7°E  9°E  11°E  13°E  15°E  17°E  19°E  21°E  23°E  25°E  27°E  29°E  31°E  33°E  35°E  37°E  39°E  41°E  43°E  45°E  47°E  49°E  51°E  53°E  55°E  57°E  59°E  61°E  63°E  65°E  67°E  69°E  71°E  73°E  75°E  77°E  79°E  81°E  83°E  85°E  87°E  89°E  91°E  93°E  95°E  97°E  99°E  101°E  103°E  105°E  107°E  109°E  111°E  113°E  115°E  117°E  119°E  121°E  123°E  125°E  127°E  129°E  131°E  133°E  135°E  137°E  139°E  141°E  143°E  145°E  147°E  149°E  151°E  153°E  155°E  157°E  159°E  161°E  163°E  165°E  167°E  169°E  171°E  173°E  175°E  177°E  179°E  
--------------------------------------------------------------------------------------------------------------
89°S ||     110.62 110.67 110.73 110.74 110.74 110.73 110.72 110.73 110.76 110.80 110.94 110.99 110.97 111.02 111.17 111.25 111.30 111.37 111.39 111.30 111.24 111.34 111.34 111.30 111.25 111.21 111.16 111.16 111.22 111.19 111.25 111.33 111.29 111.23 111.30 111.26 111.20 111.15 111.06 110.99 110.94 110.87 110.82 110.80 110.78 110.79 110.79 110.80 110.80 110.79 110.77 110.77 110.75 110.75 110.75 110.75 110.69 110.67 110.65 110.66 110.66 110.66 110.67 110.65 110.67 110.70 110.71 110.59 110.53 110.56 110.52 110.53 110.53 110.53 110.50 110.48 110.47 110.47 110.45 110.46 110.45 110.48 110.49 110.48 110.50 110.50 110.50 110.50 110.50 110.51 110.52 110.54 110.54 110.53 110.53 110.55 110.54 110.55 110.54 110.52 110.49 110.50 110.49 110.49 110.50 110.51 110.51 110.51 110.51 110.51 110.51 110.49 110.46 110.49 110.54 110.57 110.56 110.56 110.57 110.60 110.61 110.63 110.64 110.66 110.70 110.73 110.73 110.76 110.78 110.79 110.80 110.81 110.83 110.85 110.86 110.89 110.90 110.91 110.91 110.92 110.88 110.88 110.85 110.81 110.82 110.81 110.79 110.75 110.71 110.69 110.68 110.68 110.68 110.65 110.64 110.63 110.63 110.63 110.63 110.64 110.63 110.62 110.60 110.57 110.56 110.55 110.55 110.55 110.55 110.57 110.59 110.61 110.62 110.63 110.63 110.63 110.63 110.62 110.62 110.62
87°S ||     111.88 111.95 111.97 112.05 112.03 112.08 112.03 112.02 112.00 111.95 111.94 111.94 111.89 111.82 111.79 111.78 111.80 111.81 111.80 111.77 111.77 111.80 111.88 111.90 111.87 111.83 111.83 111.75 111.80 111.68 111.85 111.87 111.75 111.74 111.73 111.77 111.77 111.77 111.75 111.69 111.64 111.68 111.66 111.66 111.64 111.64 111.64 111.60 111.58 111.54 111.43 111.56 111.41 111.20 111.24 111.20 111.11 111.01 110.96 110.95 111.12 110.71 110.82 110.61 110.55 110.54 110.49 110.44 110.41 110.41 110.41 110.43 110.49 110.47 110.22 110.17 110.10 110.02 110.01 110.19 109.91 109.73 109.74 109.65 109.63 109.64 109.67 109.70 109.74 109.76 109.79 109.78 109.75 109.70 109.69 110.13 110.03 110.20 110.00 110.16 110.14 110.16 110.27 110.28 110.32 110.40 110.45 110.59 110.67 110.70 110.54 110.52 110.56 110.59 110.62 110.61 110.66 110.70 110.77 110.77 110.84 110.89 110.90 110.94 111.00 110.98 110.99 111.05 111.10 111.08 111.13 111.14 111.15 111.20 111.30 111.40 111.45 111.55 111.51 111.39 111.29 111.26 111.24 111.22 111.19 111.20 111.14 110.92 110.87 110.87 110.87 110.89 110.93 110.93 110.93 110.93 110.98 111.06 111.13 111.13 111.18 111.22 111.27 111.29 111.36 111.42 111.49 111.53 111.64 111.68 111.80 111.81 111.83 111.82 111.84 111.74 111.54 111.62 111.86 111.99
85°S ||     111.37 111.40 111.43 111.45 111.45 111.45 111.46 111.48 111.48 111.47 111.47 111.48 111.50 111.55 111.52 111.47 111.48 111.56 111.55 111.55 111.55 111.56 111.58 111.58 111.57 111.56 111.59 111.66 111.70 111.79 112.00 112.02 112.01 112.01 112.03 111.97 112.11 112.09 112.02 111.95 112.09 112.27 112.24 112.27 112.16 112.15 112.08 112.01 111.95 111.88 111.90 111.81 111.81 111.81 112.00 112.06 111.85 111.74 111.77 111.98 111.90 111.21 111.14 111.19 111.28 111.34 111.20 111.28 111.26 110.94 111.12 111.08 110.83 110.77 110.83 110.59 110.88 111.11 111.39 111.11 110.98 110.93 111.00 111.01 111.09 110.98 110.93 110.83 110.83 110.94 110.83 110.83 110.91 110.85 110.85 110.88 110.91 110.94 110.92 110.95 110.91 111.04 111.32 111.56 111.50 111.47 111.45 111.46 111.43 111.48 111.55 111.60 111.63 111.67 111.48 111.49 111.55 111.56 111.52 111.47 111.46 111.48 111.50 111.56 111.62 111.66 111.66 111.61 111.60 111.56 111.52 111.50 111.46 111.46 111.47 111.53 111.86 112.38 112.51 112.42 112.18 112.05 111.99 112.04 111.79 111.66 111.59 111.51 111.55 111.59 111.51 111.53 111.57 111.65 111.74 111.77 111.77 111.77 111.73 111.72 111.71 111.61 111.52 111.47 111.44 111.50 111.55 111.61 111.70 111.80 111.66 111.70 111.68 111.65 111.59 111.53 111.48 111.46 111.39 111.36
83°S ||     111.42 111.44 111.46 111.47 111.48 111.49 111.50 111.51 111.52 111.54 111.55 111.57 111.59 111.61 111.61 111.61 111.63 111.66 111.68 111.70 111.72 111.74 111.76 111.79 111.82 111.86 111.89 111.93 112.00 112.07 112.02 111.92 111.89 111.84 111.90 112.00 112.01 112.00 112.02 112.05 111.88 111.90 111.94 111.96 111.98 112.01 111.99 112.27 112.33 112.37 112.32 112.32 112.29 112.30 112.32 112.31 112.27 112.42 112.43 112.38 112.12 112.34 112.29 112.22 112.37 112.19 112.20 112.19 112.41 112.26 112.41 112.53 112.60 112.61 112.57 112.52 112.52 112.51 112.52 112.57 112.57 112.56 112.50 112.52 112.52 112.49 112.47 112.47 112.50 112.50 112.39 112.38 112.42 112.51 112.39 112.36 112.32 112.29 112.29 112.19 112.28 111.96 112.06 111.87 112.13 112.27 112.30 112.16 112.09 112.12 112.17 112.24 112.34 112.36 112.37 112.32 112.14 112.16 112.13 112.14 112.11 112.07 111.90 111.84 111.88 111.92 111.91 111.82 111.82 111.90 111.86 111.86 111.95 111.94 112.04 112.29 112.57 112.54 112.54 112.53 112.54 112.09 112.05 112.09 112.07 112.15 112.13 112.09 112.08 112.07 112.04 111.97 111.91 111.88 111.85 111.75 111.70 111.71 111.86 112.04 112.28 112.40 112.17 111.92 111.54 111.54 111.35 111.30 111.28 111.25 111.29 111.42 111.72 111.74 111.59 111.46 111.39 111.37 111.38 111.40
81°S ||     111.58 111.62 111.63 111.71 111.57 111.62 111.65 111.68 111.71 111.75 111.79 111.84 111.93 111.96 111.84 111.83 111.85 111.87 111.92 111.96 111.99 112.02 112.04 112.06 112.09 112.12 112.16 112.18 112.19 112.21 112.22 112.30 112.28 112.29 112.34 112.32 112.23 112.26 112.24 112.26 112.36 112.29 112.13 112.17 112.06 112.00 112.04 112.14 112.16 112.09 112.19 112.12 112.26 112.60 112.38 112.50 112.64 112.53 112.64 112.60 112.47 112.54 112.57 112.56 112.55 112.51 112.53 112.54 112.51 112.49 112.54 112.48 112.41 112.43 112.45 112.45 112.41 112.41 112.42 112.45 112.57 112.42 112.34 112.31 112.30 112.32 112.32 112.33 112.32 112.32 112.31 112.33 112.28 112.19 112.07 111.87 111.33 110.66 111.43 111.48 111.88 112.11 112.07 112.13 112.29 112.37 112.43 112.51 112.50 112.45 112.36 112.48 112.51 112.54 112.53 112.55 112.56 112.58 112.57 112.57 112.56 112.57 112.55 112.54 112.53 112.52 112.42 112.43 112.46 112.47 112.49 112.54 112.56 112.58 112.58 112.57 112.56 112.33 111.93 111.81 111.78 111.77 111.76 111.87 111.92 111.95 111.91 112.00 112.06 112.10 112.16 112.20 112.24 112.15 112.19 112.28 112.34 112.18 112.12 112.12 112.31 112.20 112.13 112.14 112.19 112.14 112.34 112.05 111.64 111.43 111.41 111.49 111.60 111.74 111.90 111.55 111.62 111.61 111.50 111.53
79°S ||     111.73 111.76 111.78 111.84 111.83 111.81 111.82 111.85 111.86 111.97 111.91 111.96 111.99 112.01 112.06 112.10 112.03 112.10 112.01 112.15 112.12 112.14 112.13 112.33 112.49 112.08 112.28 112.45 112.40 112.44 112.42 112.42 112.42 112.42 112.44 112.46 112.46 112.46 112.42 112.41 112.41 112.30 112.54 112.60 112.22 112.35 112.35 112.28 112.26 112.29 112.34 112.36 112.57 112.54 112.54 112.62 112.67 112.28 112.53 112.26 112.61 112.55 112.29 112.50 112.48 112.58 112.58 112.57 112.56 112.55 112.54 112.56 112.55 112.56 112.55 112.53 112.54 112.56 112.56 112.49 112.53 112.58 112.48 112.46 112.48 112.55 112.42 112.51 112.44 112.45 112.48 112.45 112.44 112.33 111.80 111.82 111.50 111.87 112.21 112.34 112.28 112.41 112.42 112.44 112.45 112.52 112.45 112.50 112.41 112.50 112.33 112.45 112.38 112.38 112.22 112.17 112.46 112.51 112.58 112.59 112.60 112.59 112.60 112.59 112.60 112.59 112.58 112.59 112.59 112.59 112.58 112.57 112.59 112.58 112.58 112.58 112.60 112.60 112.58 112.58 112.58 112.59 112.49 112.35 112.44 112.21 111.98 111.99 112.00 111.94 111.97 112.02 112.20 112.57 112.54 112.23 112.13 112.37 111.83 111.85 112.16 111.88 111.71 111.63 111.58 111.64 111.56 111.79 111.66 111.63 111.62 111.65 111.72 111.56 111.51 111.58 111.63 111.69 111.69 111.69
77°S ||     112.10 111.97 111.95 111.94 111.90 112.03 112.02 112.18 112.17 112.19 112.17 112.19 112.33 112.25 112.24 112.26 112.29 112.28 112.35 112.31 112.30 112.32 112.30 112.34 112.32 112.38 112.45 112.47 112.41 112.45 112.44 112.45 112.46 112.46 112.46 112.47 112.46 112.47 112.47 112.47 112.47 112.48 112.46 112.42 112.40 112.32 112.05 112.37 112.00 112.16 112.49 112.46 112.35 112.03 112.12 112.28 112.39 112.36 112.42 112.40 112.52 112.59 112.53 112.56 112.61 112.61 112.59 112.60 112.60 112.60 112.60 112.61 112.60 112.60 112.60 112.59 112.58 112.54 112.47 112.49 112.47 112.41 112.38 112.30 112.43 112.51 112.46 112.47 112.38 112.44 112.46 112.45 112.30 112.24 112.18 112.08 111.73 111.45 112.21 112.59 112.66 112.67 112.66 112.38 112.47 112.40 112.42 112.49 112.39 112.51 112.41 112.38 112.38 112.51 112.61 112.57 112.40 112.33 112.13 112.01 111.94 111.72 111.63 111.95 112.18 112.41 112.52 112.51 112.48 112.41 112.19 112.36 112.40 112.22 112.44 112.50 112.58 112.56 112.48 112.43 112.34 112.33 112.19 112.37 112.59 112.58 112.54 112.51 112.24 112.26 112.29 111.93 112.24 112.38 112.37 112.02 111.85 111.89 111.77 111.80 111.84 111.74 111.73 111.85 111.79 111.75 111.82 111.88 111.90 111.88 111.82 111.87 111.97 111.81 111.82 111.84 111.93 112.01 112.05 111.96
75°S ||     112.17 112.21 112.12 112.19 112.10 112.12 112.16 112.39 112.27 112.23 112.54 112.60 112.29 112.37 112.38 112.43 112.35 112.40 112.40 112.33 112.34 112.41 112.42 112.47 112.42 112.45 112.46 112.47 112.46 112.45 112.45 112.45 112.46 112.46 112.29 112.44 112.44 112.44 112.43 112.43 112.42 112.40 112.41 112.42 112.43 112.46 112.44 112.41 112.35 112.32 112.37 112.16 112.06 112.22 112.43 112.47 112.46 112.56 112.60 112.60 112.61 112.61 112.60 112.59 112.59 112.58 112.57 112.50 112.54 112.51 112.51 112.48 112.49 112.44 112.44 112.45 112.39 112.44 112.38 112.41 112.45 112.46 112.49 112.44 112.56 112.48 112.49 112.53 112.47 112.47 112.45 112.34 112.28 112.41 112.46 112.46 112.45 112.44 112.46 112.41 112.35 112.40 112.40 112.36 112.46 112.47 112.48 112.41 112.42 112.38 112.36 112.30 112.10 112.16 112.30 112.00 112.19 112.11 111.98 112.07 111.92 111.87 112.22 112.36 112.31 112.15 112.57 112.12 112.19 112.19 112.23 112.39 112.35 112.32 112.29 112.21 112.33 111.92 111.74 111.51 111.45 111.79 112.60 112.56 112.59 112.22 112.45 112.20 112.48 112.57 112.53 112.51 112.49 112.49 112.52 112.17 111.65 111.61 111.60 111.60 111.59 111.67 111.98 111.92 111.98 111.69 111.73 111.81 111.85 111.84 111.88 111.88 111.90 112.01 112.01 112.04 112.09 112.07 112.09 112.11
73°S ||     112.51 112.15 112.39 112.39 112.36 112.26 112.48 112.41 112.42 112.41 112.25 112.09 112.37 112.25 112.38 112.44 112.41 112.40 112.38 112.34 112.28 112.13 112.50 112.03 112.15 112.45 112.38 112.38 112.39 112.40 112.41 112.41 112.43 112.33 112.30 112.18 112.27 112.41 112.37 112.39 112.40 112.41 112.39 112.41 112.42 112.42 112.43 112.36 112.52 112.67 112.68 112.68 112.68 112.37 112.55 112.56 112.60 112.60 112.61 112.61 112.62 112.61 112.60 112.58 112.59 112.48 112.52 112.58 112.59 112.60 112.60 112.54 112.47 112.52 112.50 112.47 112.43 112.48 112.56 112.44 112.45 112.45 112.46 112.56 112.51 112.57 112.59 112.58 112.55 112.56 112.49 112.48 112.35 112.48 112.47 112.49 112.53 112.53 112.52 112.52 112.53 112.53 112.55 112.54 112.51 112.48 112.53 112.38 112.36 112.30 112.07 111.91 112.05 112.29 112.45 112.34 112.41 112.36 112.39 112.23 112.29 112.11 112.00 111.97 112.13 112.12 112.25 112.25 112.35 112.33 112.31 112.34 112.35 112.38 112.41 112.42 112.42 112.46 112.37 112.25 112.38 111.78 111.85 112.14 112.18 112.20 112.23 112.30 112.44 112.43 112.37 112.00 112.31 112.48 112.56 112.60 112.44 112.07 111.67 111.88 111.74 111.89 112.09 112.08 111.79 111.92 112.10 112.16 112.09 112.24 112.49 112.42 112.29 112.24 112.25 112.22 112.28 112.21 112.22 112.47
71°S ||     112.45 112.48 112.51 112.53 112.55 112.59 112.62 112.60 112.61 112.61 112.62 112.44 112.19 112.07 111.75 111.78 112.10 112.14 112.49 112.24 112.26 112.20 112.12 112.15 112.65 112.35 112.37 112.38 112.34 112.26 112.29 112.25 112.25 112.32 112.30 112.29 112.26 112.37 112.32 112.33 112.38 112.33 112.38 112.36 112.38 112.39 112.30 112.23 112.26 112.50 112.65 112.62 112.66 112.25 112.54 112.57 112.58 112.60 112.58 112.59 112.60 112.53 112.50 112.53 112.56 112.58 112.58 112.55 112.56 112.24 112.38 112.47 112.42 112.49 112.39 112.46 112.44 112.28 112.20 112.15 112.07 112.45 112.46 112.44 112.49 112.50 112.53 112.48 112.54 112.50 112.61 112.59 112.50 112.52 112.52 112.47 112.45 112.21 112.43 112.52 112.55 112.48 112.50 112.50 112.50 112.51 112.40 112.01 112.20 112.33 112.32 112.35 112.35 112.40 112.41 112.37 112.45 112.39 112.43 112.45 112.42 112.48 112.48 112.42 112.42 112.36 112.13 112.23 112.58 112.57 112.29 112.35 112.27 111.72 112.13 112.22 112.26 112.05 111.96 112.10 112.17 112.00 112.32 112.41 112.49 112.50 112.49 112.40 112.40 112.44 112.53 112.50 112.56 112.51 112.66 112.68 112.67 112.62 112.53 112.47 112.54 112.49 112.42 112.52 112.56 112.54 112.54 112.49 112.45 112.56 112.46 112.54 112.51 112.51 112.35 112.35 112.37 112.39 112.27 112.41
69°S ||     112.23 112.27 112.39 112.47 112.34 112.67 112.64 112.60 112.63 112.62 112.61 112.57 112.40 112.43 112.28 112.28 111.86 111.92 112.06 112.27 112.40 112.33 112.20 112.12 112.14 112.36 112.30 112.35 112.21 112.37 112.06 112.10 112.06 112.18 112.20 112.25 112.35 112.36 112.40 112.40 112.42 112.40 112.40 112.42 112.43 112.53 112.37 112.47 112.48 112.47 112.49 112.53 112.53 112.56 112.56 112.55 112.56 112.57 112.51 112.51 112.46 112.56 112.56 112.59 112.56 112.49 112.30 112.32 112.35 112.35 112.34 112.37 112.39 112.47 112.51 112.58 112.52 112.39 112.18 112.31 112.36 112.48 112.43 112.33 112.34 112.26 112.28 112.27 112.36 112.45 112.45 112.49 112.11 112.50 112.52 112.50 112.54 112.53 112.53 112.53 112.52 112.51 112.53 112.52 112.45 112.34 112.07 112.50 112.56 112.52 112.45 112.38 112.41 112.37 112.41 112.24 112.21 112.41 112.52 112.56 112.60 112.57 112.58 112.59 112.59 112.57 112.48 112.36 112.27 112.27 112.39 112.37 112.35 112.30 112.57 112.19 111.74 111.91 111.93 112.02 112.11 112.11 111.96 112.02 112.23 112.39 112.42 112.34 112.47 112.50 112.50 112.53 112.39 111.67 112.50 112.65 112.63 111.92 112.65 112.64 112.63 112.58 112.56 112.54 112.47 112.39 112.30 112.31 112.04 111.92 112.30 112.47 112.47 112.40 112.35 112.30 112.27 112.23 112.31 112.30
67°S ||     112.63 112.19 112.08 112.37 112.39 112.43 112.44 112.57 112.59 112.62 112.63 112.62 112.59 112.55 112.45 112.34 112.22 112.02 111.97 111.84 111.83 111.69 111.87 111.89 112.06 112.05 111.99 111.95 112.12 111.83 111.83 111.82 112.04 112.60 112.08 112.19 112.21 112.42 112.36 112.37 112.40 112.40 112.39 112.40 112.41 112.43 112.42 112.46 112.46 112.45 112.46 112.49 112.50 112.51 112.48 112.53 112.56 112.53 112.55 112.52 112.36 112.48 112.54 112.54 112.47 112.39 112.67 112.67 112.68 112.33 112.38 112.40 112.42 112.48 112.53 112.43 112.32 112.11 112.14 112.01 112.15 112.17 112.29 112.30 112.41 112.38 112.42 112.43 112.43 112.43 112.45 112.49 112.47 112.51 112.49 112.52 112.49 112.48 112.47 112.42 112.42 112.18 112.10 112.12 111.97 112.19 112.58 112.66 112.66 112.58 112.56 112.45 112.46 112.35 112.40 112.37 112.48 112.51 112.58 112.59 112.59 112.58 112.59 112.59 112.57 112.62 112.62 112.64 112.64 112.55 112.32 112.08 112.29 112.35 112.07 112.01 111.95 111.77 112.00 111.66 111.79 111.97 111.98 112.32 112.25 112.22 112.03 112.16 112.33 112.44 112.52 112.53 112.48 112.53 112.56 112.57 112.57 112.54 112.49 112.53 112.52 112.54 112.48 112.41 112.49 112.47 112.47 112.46 112.44 112.29 112.49 112.41 112.39 112.31 112.14 112.34 112.11 112.10 112.12 112.30
65°S ||     112.23 112.06 111.92 112.12 112.14 112.46 112.47 112.58 112.58 112.60 112.59 112.61 112.61 112.61 112.59 112.54 112.50 112.47 112.44 112.32 112.12 112.06 112.09 112.00 112.16 112.13 111.98 112.24 112.21 112.00 111.90 112.04 111.95 112.06 112.15 112.21 112.23 112.26 112.27 112.35 112.36 112.40 112.41 112.42 112.45 112.46 112.45 112.45 112.46 112.46 112.43 112.40 112.37 112.41 112.47 112.50 112.50 112.51 112.47 112.16 112.44 112.55 112.59 112.62 112.47 112.53 112.48 112.47 112.40 112.38 112.45 112.42 112.44 112.49 112.54 112.52 112.38 112.33 112.18 112.04 112.06 112.19 112.47 112.32 112.39 112.40 112.40 112.38 112.30 112.43 112.43 112.44 112.43 112.48 112.41 112.48 112.55 112.51 112.43 112.45 112.37 112.38 112.34 112.30 112.15 112.27 112.22 112.31 112.34 112.31 112.31 112.26 112.31 112.46 112.55 112.64 112.63 112.61 112.58 112.56 112.56 112.59 112.62 112.62 112.64 112.63 112.62 112.63 112.63 112.64 112.42 112.39 112.37 112.33 112.66 112.13 112.10 112.13 112.28 111.85 111.83 111.83 112.05 112.07 112.09 111.90 111.82 112.31 112.19 112.11 112.41 112.40 112.36 112.51 112.50 111.96 112.22 112.29 112.48 112.39 112.15 112.22 112.47 112.35 112.41 112.50 112.46 112.48 112.47 112.45 112.32 112.29 112.22 111.94 112.34 112.42 112.28 112.21 112.04 111.98
63°S ||     112.20 112.19 112.31 112.07 111.95 112.15 112.38 112.41 112.50 112.49 112.56 112.51 112.58 112.57 112.57 112.53 112.55 112.56 112.54 112.37 112.16 112.14 112.02 112.07 112.02 112.09 112.10 112.01 111.99 112.03 112.00 112.07 112.18 112.19 112.17 112.07 111.99 112.14 112.31 112.21 112.38 112.27 112.18 112.35 112.37 112.35 112.28 112.40 112.37 112.36 112.29 112.30 112.35 112.49 112.42 112.21 112.37 112.55 112.51 112.53 112.51 112.50 112.54 112.60 112.66 112.62 112.44 112.62 112.39 112.55 112.48 112.43 112.44 112.40 112.43 112.57 112.61 112.59 112.57 112.47 112.40 112.28 112.32 112.32 112.33 112.35 112.40 112.40 112.41 112.40 112.40 112.40 112.44 112.42 112.44 112.37 112.42 112.45 112.39 112.47 112.48 112.38 112.41 112.47 112.42 112.32 112.26 112.18 112.19 112.11 112.30 112.36 112.47 112.61 112.67 112.68 112.68 112.66 112.63 112.61 112.60 112.59 112.61 112.61 112.65 112.66 112.65 112.64 112.64 112.65 112.61 112.47 112.43 112.50 112.37 112.19 112.06 112.13 112.06 111.65 112.44 111.94 112.20 112.15 112.14 112.00 111.92 111.83 111.69 111.90 112.12 112.28 112.22 112.25 112.37 112.49 112.56 112.56 112.48 112.44 112.26 112.28 112.36 112.35 112.27 111.88 111.86 112.04 112.26 112.37 112.42 112.44 112.37 112.46 112.45 112.08 112.27 112.31 112.28 112.31
61°S ||     112.48 112.04 111.87 112.17 112.31 112.39 112.38 112.10 112.15 112.23 112.04 112.15 112.37 112.13 112.66 112.18 112.35 112.33 112.49 112.41 112.37 112.36 112.36 112.09 111.99 111.90 112.31 112.24 111.98 112.05 112.26 112.39 112.41 112.36 112.34 112.21 112.06 112.16 112.12 112.10 112.30 111.99 112.20 112.33 112.22 111.75 112.43 112.48 112.50 112.48 112.47 112.51 112.51 112.40 112.23 112.57 112.57 112.51 112.58 112.57 112.55 112.51 112.54 112.57 112.63 112.67 112.64 112.50 112.66 112.66 112.63 112.57 112.28 112.51 112.56 112.43 112.45 112.48 112.43 112.33 111.96 111.98 112.29 112.39 112.31 112.28 112.24 112.35 112.41 112.40 112.42 112.39 112.40 112.46 112.43 112.45 112.44 112.38 112.42 112.46 112.48 112.44 112.41 112.41 112.20 112.42 112.38 112.40 112.41 112.45 112.49 112.52 112.55 112.59 112.64 112.64 112.56 112.55 112.56 112.50 112.68 112.63 112.52 112.59 112.63 112.64 112.67 112.67 112.63 112.65 112.68 112.67 111.98 112.65 112.61 112.56 112.13 112.21 112.20 112.35 112.01 111.95 111.90 111.95 111.99 111.94 111.94 111.81 111.92 111.91 112.06 112.05 112.08 112.12 112.14 112.52 112.64 112.64 112.64 112.61 112.56 112.48 112.40 112.31 112.26 112.10 111.90 112.00 112.08 111.56 111.96 112.30 112.35 112.25 111.76 111.93 112.05 112.42 112.44 112.42
59°S ||     112.51 112.31 112.21 112.33 112.37 112.29 111.66 112.03 112.13 112.00 112.24 112.02 112.13 111.70 112.20 112.34 112.28 112.34 112.22 112.33 112.40 112.41 112.29 112.23 111.82 112.03 112.13 112.16 112.33 112.04 112.15 112.44 112.47 112.35 112.44 112.36 112.13 111.88 111.80 111.88 112.03 112.31 112.44 112.43 112.41 112.27 112.47 112.52 112.57 112.57 112.57 112.57 112.58 112.59 112.50 112.44 112.49 112.43 112.54 112.58 112.49 112.39 112.51 112.55 112.31 112.65 112.28 112.61 112.66 112.21 112.35 112.55 112.67 112.52 112.64 112.47 112.48 112.39 112.30 112.31 112.07 112.13 112.27 112.18 112.21 112.38 112.32 112.30 112.45 111.95 112.34 112.43 112.46 112.42 112.53 112.36 112.33 112.34 112.63 112.32 112.28 112.44 112.39 112.40 112.43 112.45 112.45 112.43 112.42 112.53 112.55 112.60 112.62 112.62 112.59 112.50 112.52 112.55 112.44 112.29 112.30 112.32 112.54 112.63 112.68 112.68 112.68 112.68 112.68 112.67 112.68 112.68 112.66 112.63 112.63 112.57 112.39 111.92 111.61 111.78 112.59 112.53 111.61 111.62 112.26 111.79 111.84 111.50 111.85 112.06 111.82 111.86 112.12 112.39 112.49 112.55 112.60 112.58 112.60 112.60 112.59 112.57 112.53 112.47 112.31 112.16 111.99 111.95 112.05 111.94 112.38 111.59 112.00 112.11 111.97 112.28 112.37 112.31 112.41 112.47
57°S ||     112.45 112.46 112.51 112.58 112.45 111.86 112.08 112.01 111.78 111.81 111.87 112.57 111.84 111.92 111.71 111.76 112.11 112.32 112.12 112.05 112.54 112.07 112.10 112.09 111.70 112.05 112.18 112.17 112.14 111.74 111.45 112.43 112.34 112.37 112.36 112.21 112.27 112.04 111.94 111.96 111.87 112.17 112.28 112.34 112.38 112.27 112.06 112.03 112.41 112.57 112.58 112.59 112.55 112.54 112.46 112.18 112.13 112.15 112.04 111.99 112.29 112.64 112.43 112.18 112.57 112.66 112.63 112.26 112.56 111.44 112.64 112.34 112.30 112.54 112.40 112.66 112.68 112.65 112.56 112.68 112.68 112.53 112.29 112.32 112.41 112.31 112.33 112.24 112.21 112.34 112.38 112.42 112.30 112.17 112.18 112.16 112.17 112.21 112.38 112.21 112.09 112.16 112.16 112.20 112.19 112.44 112.45 112.51 112.56 112.60 112.63 112.65 112.67 112.67 112.67 112.63 112.65 112.65 112.67 112.63 112.61 112.65 112.68 112.65 112.62 112.62 112.61 112.62 112.62 112.59 112.67 112.68 112.67 112.66 112.68 112.67 112.65 112.58 111.78 112.30 112.61 112.65 111.88 111.99 112.24 112.14 111.96 111.84 111.81 112.02 112.25 112.32 112.37 112.26 112.41 112.34 112.52 112.33 111.95 112.07 112.54 112.57 112.54 112.44 112.26 112.11 111.98 111.97 112.03 111.97 111.79 111.71 111.98 112.03 112.44 112.01 112.02 112.08 112.22 112.42
55°S ||     112.47 112.48 112.53 112.54 112.32 112.29 112.25 112.05 111.95 112.21 112.19 112.13 112.05 112.11 111.94 112.05 112.29 112.26 112.25 112.22 111.94 111.55 111.56 112.53 111.53 112.05 112.22 112.23 112.21 112.07 111.95 112.37 112.36 112.30 112.34 112.20 112.07 111.92 111.71 111.65 111.72 111.66 111.63 111.76 112.18 112.01 111.93 112.13 112.38 112.48 112.56 112.57 112.58 112.41 112.19 111.77 111.97 111.74 111.91 112.61 112.18 112.67 112.65 112.59 112.25 112.64 112.56 112.61 112.56 112.56 112.56 112.61 111.95 112.36 112.63 112.42 112.47 112.66 112.64 112.61 112.46 112.36 112.42 112.41 112.37 112.31 112.31 112.20 112.25 112.12 112.25 112.34 112.43 112.30 112.34 112.46 112.67 112.35 112.34 112.37 112.37 112.34 112.07 112.14 112.08 112.21 112.50 112.54 112.60 112.64 112.67 112.68 112.68 112.67 112.67 112.64 112.62 112.60 112.59 112.57 112.64 112.68 112.68 112.74 112.84 112.67 112.61 112.59 112.82 112.57 112.60 112.62 112.65 112.67 112.67 112.68 112.32 112.61 112.57 112.46 112.38 112.29 112.34 112.35 111.73 112.00 112.08 112.05 112.24 112.37 112.50 112.50 112.58 112.59 112.30 112.40 112.48 111.87 111.96 112.57 112.47 112.38 112.30 112.31 112.12 112.04 112.13 112.23 112.34 112.23 112.22 111.89 112.25 112.07 111.97 112.02 112.15 112.33 112.35 112.45
53°S ||     112.49 112.33 112.36 112.56 112.63 111.98 112.36 112.42 112.41 112.32 112.37 112.13 112.01 112.22 112.21 112.21 112.06 112.24 112.20 112.25 112.18 111.80 111.59 112.24 112.01 112.16 112.59 112.14 112.24 112.14 112.30 112.25 112.24 112.29 112.27 112.26 112.24 111.79 111.60 111.58 111.50 111.61 111.90 112.02 112.16 112.23 112.31 112.29 112.56 112.67 112.12 112.15 112.31 112.20 112.25 112.48 112.41 112.08 112.03 112.46 112.12 112.67 112.65 112.62 112.75 112.64 112.57 112.57 112.58 112.58 112.58 112.56 112.57 112.65 112.61 112.57 112.64 112.67 112.52 112.59 112.63 112.59 112.56 112.49 112.41 112.65 112.43 112.31 112.37 112.38 112.26 112.24 112.18 112.39 112.14 112.07 112.23 112.28 112.33 112.27 112.34 112.39 112.19 111.80 112.43 112.32 112.42 112.54 112.58 112.60 112.68 112.68 112.66 112.62 112.59 112.55 112.63 112.70 113.08 113.62 114.09 114.48 114.67 114.74 114.78 114.36 114.22 114.29 114.31 114.19 113.39 112.56 112.55 112.56 112.67 112.64 112.65 112.68 112.46 112.47 112.52 112.33 112.36 112.19 112.25 112.52 112.18 112.18 112.22 112.08 112.24 112.40 112.54 112.59 112.68 112.49 112.45 111.70 112.56 112.43 112.50 112.51 112.51 112.37 112.24 112.21 112.03 112.23 111.89 112.21 112.31 111.97 111.63 111.63 111.98 112.30 112.34 112.38 112.47 112.49
51°S ||     112.45 112.38 112.21 112.26 112.51 112.43 112.38 111.99 112.48 112.27 112.09 112.22 112.15 112.28 112.19 112.14 112.19 111.80 112.11 112.16 112.04 111.82 111.53 111.40 111.18 112.01 111.80 112.04 112.21 112.21 112.13 112.24 112.08 111.97 112.13 111.95 111.99 111.91 111.72 111.21 111.20 111.09 111.36 112.04 112.15 112.25 112.30 112.10 112.57 112.67 112.04 112.05 111.77 111.60 112.15 112.60 112.65 112.65 112.33 112.02 111.92 112.06 112.64 112.55 112.63 112.56 112.63 112.58 112.58 112.58 112.58 112.65 112.57 112.56 112.55 112.60 112.63 112.64 112.56 112.57 112.61 112.59 112.45 112.38 112.28 112.45 112.16 112.25 112.36 112.34 112.33 112.36 112.41 112.44 112.32 112.12 112.20 112.25 112.29 112.10 112.36 112.26 112.10 112.33 112.27 112.34 112.48 112.58 112.63 112.64 112.66 112.66 112.65 112.57 112.55 112.72 113.11 113.70 114.33 115.08 115.34 115.73 115.87 116.06 116.07 116.09 115.93 115.94 115.82 115.62 115.93 115.38 113.15 113.06 112.73 112.61 112.63 112.31 111.74 112.61 112.49 112.21 112.55 112.09 111.84 111.99 112.19 112.46 112.34 112.37 112.52 112.53 112.48 112.43 112.13 112.43 112.44 112.49 112.46 112.48 112.46 112.22 112.30 112.47 112.45 112.35 112.08 112.43 112.24 112.41 112.23 112.01 112.23 111.91 111.98 112.15 112.22 112.35 112.38 112.44
49°S ||     111.99 112.14 112.06 112.28 112.59 112.64 112.66 112.39 112.41 111.86 112.13 111.88 111.85 111.76 111.97 111.85 111.80 111.84 111.35 111.53 111.75 111.93 111.42 111.30 111.76 111.62 111.86 112.19 112.18 112.17 112.05 112.19 111.98 111.15 111.15 111.24 111.49 111.49 111.52 111.17 111.03 111.10 111.23 111.82 112.04 112.15 112.17 112.17 112.13 112.07 111.96 111.76 111.46 111.33 111.53 111.83 112.41 112.45 112.13 112.01 112.67 112.67 112.65 112.60 112.57 112.74 112.58 112.60 112.58 112.65 112.66 112.56 112.56 112.66 112.61 112.54 112.50 112.60 112.53 112.57 112.56 112.55 112.46 112.32 112.31 112.11 112.19 112.67 112.45 112.34 112.20 112.31 112.54 112.54 112.34 112.16 111.89 112.40 112.10 112.09 112.08 112.10 112.25 112.42 112.45 112.31 112.28 112.58 112.63 112.65 112.63 112.67 112.59 112.56 113.08 113.71 114.37 114.81 115.41 115.79 116.37 116.72 116.38 116.36 115.53 116.03 116.12 116.23 116.12 116.08 116.11 116.12 115.88 115.37 113.95 113.00 112.62 112.59 112.68 112.64 112.68 112.50 112.04 112.33 112.40 111.88 112.27 112.13 112.39 112.44 112.10 112.35 112.34 112.32 112.25 112.44 112.36 112.26 112.06 112.07 111.28 111.80 112.27 112.16 112.01 112.31 112.48 112.55 112.31 112.58 112.54 112.43 112.40 112.16 111.90 111.63 111.77 111.91 112.13 112.22
47°S ||     111.83 112.14 112.01 111.98 112.34 112.58 112.29 112.01 112.31 112.07 111.89 111.95 111.26 112.17 111.41 111.58 110.98 111.16 111.71 111.57 111.91 111.49 111.74 111.95 111.92 112.14 111.78 112.02 112.13 112.10 112.11 112.10 112.13 111.60 111.46 111.56 111.76 111.79 111.78 111.58 111.27 111.19 111.46 111.54 111.44 111.88 111.89 111.95 111.81 111.84 111.62 111.52 111.27 111.29 111.23 111.50 111.74 111.70 112.07 112.32 111.77 112.62 112.50 112.65 112.67 112.63 112.73 112.71 112.67 112.72 112.69 112.59 112.56 112.61 112.67 112.68 112.56 112.54 112.46 112.22 112.52 112.43 112.39 112.37 112.20 112.23 112.10 112.24 112.40 112.34 112.39 112.39 112.59 112.38 112.27 111.87 112.07 111.99 112.15 112.45 112.07 111.87 112.03 112.22 112.59 112.59 112.45 112.56 112.66 112.65 112.62 112.66 112.62 112.59 114.33 115.54 115.95 116.62 116.97 116.36 115.96 116.20 116.53 116.44 116.09 115.81 115.61 115.98 116.16 116.06 116.08 115.90 115.92 115.83 115.29 114.24 113.22 112.56 112.65 112.68 112.68 112.67 112.50 112.32 112.56 112.55 112.29 112.47 112.44 112.44 112.44 112.13 112.01 112.24 112.00 112.17 112.19 111.83 111.59 112.05 112.45 112.50 112.00 111.94 112.23 112.50 112.44 112.51 112.58 112.54 112.52 112.49 112.07 112.06 111.89 112.20 112.03 111.93 112.15 112.08
45°S ||     112.17 112.22 112.12 112.16 112.30 112.29 112.35 112.36 112.42 111.95 111.77 112.14 111.80 111.66 111.72 111.73 112.29 111.68 111.95 112.02 111.88 112.05 112.34 111.81 112.04 112.17 112.08 112.00 112.00 111.96 111.86 111.92 111.87 111.72 111.72 111.69 111.71 111.73 111.81 111.81 111.58 111.51 111.64 111.57 111.54 111.70 111.71 111.56 111.43 111.30 111.25 111.25 111.23 110.88 110.74 111.60 111.90 112.00 112.23 112.38 112.51 112.50 112.61 112.64 112.50 112.56 112.56 113.33 113.19 112.86 112.76 112.63 112.59 112.65 112.67 112.66 112.49 112.47 112.45 112.67 112.30 112.40 112.26 112.24 112.20 112.15 112.15 112.40 112.40 112.35 112.29 112.33 112.41 112.32 112.21 112.26 112.06 112.08 112.05 112.44 111.51 111.98 112.11 112.16 112.47 112.17 112.47 112.56 112.62 112.63 112.65 112.64 112.62 113.15 115.61 116.06 116.91 117.01 116.46 116.80 116.61 116.83 116.68 116.67 116.47 116.81 116.92 116.09 115.97 116.41 116.07 115.97 115.97 115.85 115.27 114.94 113.73 112.63 112.61 112.66 112.68 112.68 111.75 112.56 112.58 112.45 112.51 112.38 112.24 112.45 112.28 112.14 112.27 112.14 112.18 111.96 111.81 111.86 111.48 110.92 111.77 111.69 112.05 112.50 112.54 112.50 112.25 112.56 112.32 112.36 112.50 112.45 112.06 112.08 112.04 111.55 111.59 112.00 112.11 112.06
43°S ||     112.46 112.02 112.51 112.30 112.45 112.28 112.34 112.32 112.18 112.02 111.77 111.80 111.68 111.53 111.78 111.80 112.06 112.11 112.03 112.01 111.66 111.83 111.97 111.97 111.77 112.00 112.07 112.07 111.59 111.81 111.69 111.88 111.90 111.51 111.63 111.62 111.64 111.72 111.85 111.91 111.47 111.30 110.47 110.53 111.20 111.53 111.42 111.24 111.27 111.06 110.98 111.01 110.94 111.03 111.08 111.66 111.74 111.81 111.94 112.19 112.18 112.24 112.44 112.21 112.66 112.64 112.61 112.58 112.56 112.55 112.56 112.57 112.64 112.64 112.66 112.54 112.50 112.57 112.51 112.56 112.47 112.65 112.24 112.35 112.27 112.27 112.19 112.41 112.40 112.27 112.21 112.30 112.33 112.29 112.27 112.13 112.21 112.12 112.29 112.02 111.99 112.07 111.98 111.71 111.77 111.99 112.41 112.58 112.51 112.56 112.62 112.61 112.58 114.11 115.93 116.72 116.69 116.44 116.64 116.96 116.75 116.74 116.50 116.81 116.75 116.14 116.30 116.23 116.48 116.23 116.06 116.02 115.82 115.50 114.50 114.38 113.78 112.81 112.58 112.62 112.66 112.65 112.68 112.68 112.63 112.56 112.50 112.41 112.40 112.62 112.51 112.44 112.40 112.20 112.16 111.96 111.76 111.74 111.79 111.81 111.64 111.72 112.18 112.56 112.61 112.58 112.53 112.49 112.31 112.42 112.42 112.48 111.66 112.20 112.22 112.56 112.01 112.17 112.34 112.31
41°S ||     112.53 112.50 112.51 112.63 112.57 112.24 112.30 112.23 112.53 112.60 112.66 112.68 112.28 111.83 112.01 111.91 111.61 111.81 111.57 111.86 111.60 112.00 111.97 111.96 111.82 111.16 111.58 111.72 111.88 111.52 111.41 111.61 111.47 111.47 111.28 111.51 111.57 111.70 111.72 109.98 109.70 109.55 107.83 107.58 107.67 109.89 109.89 109.91 110.59 110.91 110.68 110.99 110.81 110.97 110.95 111.01 111.10 111.51 112.09 112.03 111.79 111.38 112.29 112.52 112.53 112.64 112.66 112.65 112.61 112.59 112.61 112.65 112.65 112.64 112.66 112.66 112.62 112.62 112.60 112.43 112.54 112.49 112.33 112.34 112.24 112.24 112.25 112.44 112.45 112.37 112.23 112.32 112.18 112.21 112.27 111.97 111.86 112.17 112.16 112.08 111.87 111.91 111.61 111.43 112.45 112.05 112.30 112.52 112.55 112.56 112.61 112.67 112.59 114.17 115.61 116.76 116.73 116.12 116.84 116.86 116.83 116.67 116.90 117.02 116.65 116.14 116.46 116.55 116.35 116.50 116.28 116.00 115.30 114.69 114.39 114.11 113.43 112.71 112.55 112.61 112.58 112.62 112.58 112.67 112.20 112.34 112.51 112.55 112.56 112.54 112.50 112.47 112.48 112.16 112.07 112.03 111.85 112.10 112.10 111.94 111.87 111.84 112.24 112.44 112.50 112.45 112.49 112.45 112.03 112.32 112.33 111.87 111.81 112.29 112.23 112.24 112.32 112.43 112.51 112.34
39°S ||     112.46 112.54 112.40 112.20 112.60 112.13 112.43 112.36 111.92 112.17 112.67 112.65 112.05 111.82 112.23 112.05 112.22 111.89 112.07 112.13 112.23 111.74 112.24 112.25 112.07 112.07 111.90 111.70 111.80 111.70 111.59 109.97 110.94 111.28 111.28 111.42 111.52 111.49 110.88 110.76 110.25 109.09 108.77 108.87 109.24 109.37 109.29 109.54 108.99 110.02 110.67 110.71 110.75 110.85 110.99 111.03 111.22 111.48 111.55 111.92 111.93 112.03 111.72 111.88 112.30 111.91 112.56 112.63 112.66 112.63 112.66 112.66 112.66 112.65 112.67 112.66 112.64 112.59 112.54 112.55 112.54 112.51 112.43 112.39 112.37 112.25 112.42 112.51 112.39 112.34 112.46 112.47 112.43 112.19 112.24 112.09 112.10 112.06 112.04 112.25 111.89 111.99 111.77 111.87 111.81 111.79 112.24 112.48 112.57 112.58 112.57 112.65 112.57 113.24 115.42 116.86 117.06 116.93 116.53 116.78 117.03 116.90 116.99 117.03 116.76 116.45 116.80 116.56 116.69 116.35 116.10 115.56 114.86 114.48 113.94 113.61 113.38 113.05 112.55 112.65 112.67 112.48 112.58 112.51 112.53 112.60 112.51 112.58 112.22 112.52 112.54 112.56 112.47 112.39 112.18 112.32 112.17 111.98 112.32 112.24 112.04 111.94 111.95 112.08 112.30 112.37 112.56 112.49 112.34 112.31 112.42 112.32 112.49 112.45 112.47 112.32 112.40 112.50 112.56 112.60
37°S ||     112.61 112.54 112.55 112.37 112.68 112.65 112.53 112.09 111.73 111.22 110.96 111.68 111.61 112.22 112.43 112.42 112.43 112.43 112.35 112.30 112.30 112.28 112.06 112.21 111.99 111.71 111.78 111.41 111.30 111.70 111.60 110.85 110.97 110.43 111.05 110.25 110.76 109.01 109.13 110.71 108.98 108.23 109.51 109.56 109.48 109.45 109.65 110.31 109.76 109.74 109.55 110.12 110.68 111.09 111.10 111.22 111.14 111.59 111.68 111.54 111.53 112.08 112.07 112.29 112.47 112.36 112.60 112.66 112.07 112.65 112.64 112.65 112.67 112.66 112.65 112.64 112.62 112.61 112.61 112.56 112.47 112.40 112.26 112.68 112.42 112.31 112.31 112.25 112.46 112.36 112.42 112.48 112.46 112.35 112.08 112.26 112.03 111.98 112.22 112.18 111.82 111.81 111.72 111.86 111.99 111.97 112.65 112.30 112.53 112.58 112.58 112.60 112.66 113.15 114.16 116.47 117.11 117.34 117.55 116.82 116.88 116.90 116.48 117.00 116.56 116.64 116.48 116.59 116.55 116.46 116.28 115.28 114.37 114.01 113.51 113.24 112.78 112.54 112.60 112.66 112.58 112.65 112.49 112.50 112.43 112.48 112.59 112.59 112.58 112.52 112.58 112.54 112.50 112.47 112.39 112.40 112.48 112.40 112.33 111.90 112.12 112.05 111.75 111.73 112.21 112.30 112.54 112.37 112.40 112.47 112.54 112.54 112.53 112.52 112.44 112.34 112.61 112.65 112.61 112.68
35°S ||     112.61 112.68 112.56 112.22 112.53 112.21 112.07 112.24 111.81 111.23 111.10 111.73 112.21 112.31 112.40 112.36 112.43 111.48 112.32 112.29 112.26 112.13 112.10 112.01 111.64 111.81 111.67 111.55 111.11 111.22 110.94 110.80 110.88 110.62 110.73 110.86 110.24 108.89 108.99 108.95 108.43 109.46 110.14 110.05 109.77 110.03 109.87 109.96 110.21 110.27 110.10 109.32 110.06 111.00 111.28 111.44 111.44 111.45 111.47 111.54 111.68 111.82 111.81 112.45 112.43 112.11 112.27 112.46 112.42 112.65 112.61 112.57 112.63 112.54 112.59 112.64 112.64 112.64 112.65 112.62 112.51 112.37 112.46 112.39 112.43 112.26 112.17 112.27 112.33 112.36 112.37 112.46 112.41 112.17 112.18 112.16 112.30 112.37 112.04 111.94 111.96 111.56 111.67 111.93 112.08 112.06 112.09 112.34 112.52 112.53 112.52 112.52 112.63 112.68 112.74 114.17 116.84 117.14 117.42 117.47 116.86 116.82 117.31 117.32 116.51 116.61 116.57 116.45 116.54 116.39 115.62 113.89 113.27 113.23 112.98 112.69 112.81 112.55 112.55 112.56 112.57 112.61 112.22 112.49 112.38 112.45 112.51 112.53 112.58 112.60 112.55 112.47 112.12 112.11 112.18 112.35 112.18 112.04 112.24 112.36 112.22 112.00 112.22 112.36 112.28 112.28 112.19 112.34 112.32 112.07 112.53 112.60 112.49 112.47 112.54 112.57 112.68 112.66 112.57 112.31
33°S ||     112.64 112.66 112.25 112.17 112.27 111.70 111.98 111.27 111.29 111.71 111.66 111.82 112.26 112.35 112.46 112.32 112.45 112.47 112.30 112.31 111.83 112.17 112.12 112.10 111.89 111.68 111.69 111.53 111.34 111.09 110.93 110.17 110.52 110.30 109.98 110.14 109.51 108.56 108.41 107.73 107.99 109.49 110.31 109.95 110.63 110.06 110.87 110.95 110.74 110.79 110.26 109.40 108.61 110.19 110.99 111.44 111.41 111.47 111.49 111.48 111.77 112.07 111.92 112.44 112.48 112.51 112.50 112.50 112.47 112.40 112.49 112.59 112.56 112.56 112.62 112.57 112.65 112.63 112.62 112.65 112.60 112.52 112.57 112.49 112.46 112.39 112.36 112.30 112.29 112.32 112.33 112.13 112.27 112.36 112.22 112.29 112.15 112.30 112.12 111.75 111.88 111.76 111.57 111.74 111.95 112.03 112.03 111.99 112.39 112.52 112.45 112.42 112.31 112.45 112.65 112.68 114.99 116.33 116.92 117.26 117.23 117.47 116.62 116.45 116.65 116.64 116.41 116.38 115.54 114.59 114.07 113.06 112.57 112.56 112.55 112.55 112.72 112.60 112.58 112.59 112.66 112.62 112.50 112.45 112.38 112.35 112.43 112.41 112.46 112.51 112.50 112.38 112.31 112.18 111.82 111.73 111.80 111.77 112.20 111.94 112.16 112.32 112.02 112.20 112.12 112.08 112.31 112.40 112.50 112.32 112.39 112.57 112.29 112.53 112.54 112.59 112.63 112.58 112.47 112.44
31°S ||     112.64 112.39 112.33 112.28 111.87 111.91 111.50 111.82 111.90 111.77 111.88 111.90 112.15 112.31 112.46 112.46 112.47 112.20 112.16 112.34 112.11 112.15 112.10 112.05 111.91 111.86 111.69 111.53 111.26 110.97 110.70 110.53 110.46 109.89 109.73 110.23 109.42 108.35 108.50 107.69 108.69 109.51 109.89 110.45 110.67 110.87 110.91 111.11 111.12 111.24 110.44 109.41 109.80 109.90 110.05 110.01 111.17 111.59 111.60 111.83 112.09 112.32 112.43 112.46 112.53 112.52 112.55 112.59 112.57 112.56 112.59 112.67 112.57 112.50 112.52 112.57 112.60 112.63 112.66 112.66 112.63 112.61 112.59 112.61 112.56 112.43 112.30 112.20 112.31 112.32 112.31 112.34 112.18 112.30 112.33 112.27 112.30 112.23 112.20 111.92 111.90 112.21 112.02 111.89 112.08 112.19 112.24 112.06 112.39 112.49 112.57 112.42 112.57 112.53 112.65 112.65 112.65 112.92 113.34 115.89 116.57 117.04 116.25 116.51 116.35 116.45 116.09 115.58 113.39 112.58 113.09 112.82 112.55 112.55 112.56 112.62 112.63 112.58 112.59 112.65 112.66 112.50 112.53 112.42 112.43 112.26 112.34 112.32 112.33 112.37 112.43 112.33 112.21 112.22 111.99 111.93 112.30 111.76 111.62 111.46 112.24 112.41 112.52 112.29 112.39 112.45 112.51 112.49 112.52 112.46 112.42 112.51 112.39 112.51 112.51 112.41 112.51 112.57 112.56 112.54
29°S ||     112.65 112.42 111.57 112.30 111.89 111.74 112.08 111.74 112.00 111.85 111.83 111.96 112.32 112.42 112.47 112.46 112.45 111.78 112.39 112.38 112.26 112.13 112.12 112.04 111.98 111.85 111.72 111.48 111.20 110.93 110.67 110.35 110.14 110.07 110.02 109.25 109.28 108.78 107.37 106.41 108.58 109.65 110.06 110.37 110.68 110.95 111.12 111.25 111.35 111.37 111.36 111.27 110.68 110.70 110.62 109.94 110.20 110.66 111.59 111.81 112.15 112.47 112.53 112.51 112.48 112.54 112.49 112.54 112.61 112.61 112.63 112.65 112.65 112.56 112.63 112.67 112.64 112.64 112.67 112.68 112.68 112.68 112.65 112.66 112.53 112.51 112.44 112.33 112.27 112.34 112.32 112.38 112.43 112.38 112.36 112.31 112.31 112.03 112.25 112.02 112.31 112.34 112.17 112.16 112.33 112.39 112.42 112.37 112.04 112.48 112.33 112.56 112.58 112.61 112.39 112.46 112.65 112.64 112.58 112.58 112.86 112.80 113.73 115.31 114.33 114.55 113.41 113.83 112.56 112.57 112.62 112.66 112.61 112.58 112.61 112.67 112.65 112.65 112.67 112.66 112.65 112.58 112.50 112.44 112.42 112.35 112.33 112.37 112.37 112.39 112.41 112.30 112.29 112.01 112.16 111.87 111.49 111.68 112.14 111.44 112.13 112.38 112.46 112.21 112.47 112.02 112.46 112.54 112.45 112.41 112.50 112.45 112.36 112.42 112.41 112.53 112.47 112.53 112.58 112.63
27°S ||     112.57 112.41 112.37 112.31 111.99 111.90 112.25 111.63 111.94 112.15 112.07 112.26 112.26 112.35 112.50 112.40 112.51 112.09 112.41 112.10 112.13 112.14 112.07 112.05 111.91 111.82 111.70 111.59 111.20 110.90 110.57 110.25 109.83 109.84 109.66 109.81 109.99 108.61 108.31 106.65 108.83 109.69 110.04 110.44 110.76 111.03 111.23 111.37 111.47 111.61 111.63 111.71 111.52 111.03 111.03 111.12 111.35 111.33 111.24 111.22 111.04 112.21 112.55 112.57 112.56 112.57 112.61 112.62 112.60 112.58 112.59 112.62 112.62 112.64 112.67 112.63 112.67 112.68 112.68 112.68 112.68 112.68 112.68 112.66 112.64 112.56 112.60 112.60 112.46 112.40 112.36 112.45 112.45 112.22 112.31 112.37 112.36 112.20 112.19 112.18 112.33 112.41 112.17 112.30 112.43 112.37 112.47 112.17 111.90 112.06 112.41 112.44 112.54 112.45 112.44 112.47 112.42 112.67 112.68 112.65 112.61 112.60 112.56 112.55 112.55 112.60 113.01 112.69 112.56 112.58 112.67 112.61 112.61 112.63 112.68 112.68 111.97 112.67 112.67 112.25 112.53 112.40 112.36 112.36 112.38 112.39 112.39 112.40 112.35 112.33 112.31 112.17 111.85 111.77 111.67 111.88 112.25 111.60 111.65 112.10 111.85 112.14 112.41 112.40 112.57 112.16 112.51 112.40 112.52 112.57 112.56 112.50 112.32 112.18 112.23 112.43 112.43 112.46 112.58 112.61
25°S ||     112.59 112.35 112.51 112.39 112.32 112.31 112.37 112.51 112.23 112.40 112.29 112.54 112.55 112.53 112.56 112.49 112.51 112.34 112.13 112.39 112.17 112.11 112.08 111.98 111.88 111.72 111.60 111.46 111.13 110.70 110.36 110.05 109.77 109.57 109.49 108.79 109.18 109.52 108.32 108.65 109.09 109.63 110.11 110.45 110.67 110.93 111.10 111.33 111.48 111.52 111.69 111.76 111.56 111.25 110.50 111.13 111.39 111.52 111.51 111.38 110.75 111.77 112.48 112.51 112.56 112.57 112.58 112.38 112.49 112.55 112.57 112.59 112.64 112.61 112.57 112.67 112.66 112.66 112.61 112.67 112.67 112.67 112.63 112.68 112.63 112.65 112.66 112.66 112.66 112.46 112.58 112.53 112.59 112.23 112.43 112.40 112.40 112.15 111.93 112.35 112.35 112.29 112.33 112.35 112.27 112.03 112.26 111.84 111.69 111.96 112.14 112.21 112.40 112.31 112.50 112.62 112.55 112.68 112.68 112.66 112.63 112.65 112.66 112.57 112.64 112.56 112.55 112.64 112.66 112.68 112.65 112.68 112.68 112.68 112.68 112.49 112.46 112.59 112.16 112.43 112.36 112.26 112.18 112.21 112.28 112.31 112.42 112.35 112.32 112.25 112.22 112.10 111.84 111.54 111.66 111.87 112.08 111.82 111.40 111.73 111.64 111.94 112.20 112.44 112.27 112.29 112.51 112.29 112.46 112.52 112.55 112.39 112.22 112.45 112.52 112.43 112.49 112.62 112.66 112.60
23°S ||     112.58 112.61 112.42 112.42 112.37 112.41 112.50 112.55 112.58 112.61 112.61 112.59 112.63 112.65 112.58 112.63 112.00 112.15 112.44 112.24 112.24 112.07 112.07 111.99 111.86 111.64 111.45 111.15 110.80 110.43 110.08 109.68 109.45 109.32 109.36 109.28 108.41 108.79 108.28 108.55 109.06 109.63 109.98 110.24 110.49 110.71 110.95 111.18 111.43 111.58 111.80 111.82 111.83 111.57 110.97 111.13 111.39 111.41 111.37 111.07 110.46 111.96 112.45 112.48 112.35 112.45 112.56 112.42 112.57 112.56 112.50 112.64 112.67 112.66 112.62 112.59 112.67 112.65 112.65 112.64 112.64 112.65 112.65 112.60 112.66 112.68 112.68 112.68 112.68 112.39 112.62 112.55 112.62 112.60 112.63 112.47 112.42 112.68 112.24 112.13 112.24 112.10 111.94 111.84 112.03 112.30 111.80 111.75 111.50 111.94 112.11 112.36 112.29 112.07 112.04 112.20 112.48 112.57 112.61 112.67 112.66 112.65 112.65 112.63 112.63 112.56 112.63 112.64 112.68 112.67 112.61 112.61 112.64 112.66 112.47 112.18 111.77 111.90 112.15 112.34 112.23 112.12 111.92 112.02 112.23 112.29 112.34 112.38 112.24 112.21 112.17 112.12 112.25 112.16 112.20 111.85 112.16 111.85 111.56 111.81 111.50 112.10 112.23 112.37 112.37 112.46 112.43 112.48 112.47 112.63 112.47 112.68 112.47 112.52 112.56 112.54 112.47 112.65 112.68 112.61
21°S ||     112.56 112.59 112.45 112.44 112.43 112.42 112.53 112.68 112.61 112.62 112.57 112.60 112.62 112.57 112.61 112.64 112.53 112.39 112.41 112.29 112.18 112.07 112.03 111.92 111.78 111.60 111.27 110.84 110.34 109.91 109.58 109.20 108.97 108.92 109.06 108.54 108.71 107.96 108.10 108.62 109.00 109.42 109.68 109.95 110.25 110.47 110.78 111.01 111.26 111.46 111.60 111.78 111.82 111.54 111.17 111.39 111.08 111.32 111.06 110.75 110.82 111.13 112.42 112.42 112.45 112.40 112.55 112.59 112.58 112.59 112.59 112.61 112.66 112.68 112.62 112.56 112.62 112.64 112.61 112.60 112.62 112.63 112.64 112.60 112.62 112.59 112.68 112.67 112.68 112.64 112.59 112.64 112.66 112.65 112.56 112.53 112.46 112.29 112.25 112.34 112.38 112.42 111.82 112.08 112.23 112.17 112.29 111.63 111.54 111.87 112.12 111.90 112.18 112.19 112.24 112.36 112.41 112.53 112.60 112.67 112.68 112.67 112.54 112.63 112.68 112.64 112.61 112.48 112.60 112.61 112.59 112.54 112.66 112.48 112.29 112.10 111.34 111.46 112.06 111.99 112.14 112.14 111.91 111.67 112.27 112.33 112.35 112.36 112.35 112.24 112.08 111.92 111.69 111.94 112.39 111.94 112.07 112.01 111.67 112.16 112.07 112.17 112.09 112.08 112.42 112.48 112.57 112.49 112.38 112.65 112.67 112.61 112.63 112.68 112.65 112.54 112.38 112.59 112.59 112.50
19°S ||     112.24 112.40 112.40 112.31 112.46 112.56 112.63 112.65 112.66 112.68 112.64 112.61 112.63 112.62 112.67 112.62 112.48 112.54 112.32 112.31 112.20 112.05 111.94 111.75 111.61 111.39 111.05 110.41 109.56 109.09 108.77 108.62 108.46 108.58 108.80 107.13 108.42 107.88 108.02 108.32 108.51 108.89 109.19 109.48 109.85 110.20 110.55 110.82 111.12 111.32 111.47 111.58 111.71 111.68 111.36 111.01 110.99 110.98 111.09 111.00 110.68 111.81 112.33 112.31 112.41 112.49 112.61 112.61 112.62 112.59 112.62 112.66 112.68 112.63 112.55 112.58 112.55 112.63 112.63 112.58 112.63 112.60 112.62 112.62 112.57 112.60 112.65 112.68 112.67 112.67 112.68 112.67 112.68 112.67 112.58 112.55 112.45 112.42 112.51 112.15 112.35 112.40 112.00 112.21 111.94 112.17 111.66 111.52 111.90 111.91 111.76 112.01 112.00 112.12 112.19 112.25 112.29 112.26 112.29 112.64 112.67 112.66 112.68 112.68 112.63 112.66 112.55 112.56 112.59 112.55 112.53 112.31 112.22 112.32 112.21 112.02 111.70 111.59 111.90 112.05 112.24 112.26 112.38 112.37 112.30 112.33 112.35 112.36 112.29 112.23 112.29 111.94 111.77 111.84 112.13 112.21 112.15 112.25 111.95 112.21 112.27 112.15 112.08 112.02 112.33 112.35 112.31 112.28 112.57 112.66 112.68 112.67 112.67 112.63 112.67 112.66 112.67 112.67 112.64 112.24
17°S ||     112.28 112.27 112.33 112.51 112.52 112.59 112.68 112.65 112.67 112.68 112.68 112.65 112.65 112.51 112.66 112.68 112.61 112.61 112.48 112.29 112.20 112.07 111.79 111.55 111.37 111.11 110.66 109.58 108.61 107.99 107.89 107.97 108.16 108.33 107.98 107.29 107.72 107.94 107.78 107.65 107.77 108.21 108.63 108.95 109.47 109.88 110.26 110.55 110.88 111.15 111.28 111.48 111.51 111.59 111.32 111.00 110.53 110.56 111.04 110.94 110.72 111.95 112.33 112.02 112.28 113.00 113.36 112.73 112.61 112.63 112.55 112.62 112.68 112.62 112.55 112.55 112.55 112.63 112.59 112.61 112.57 112.58 112.58 112.58 112.57 112.58 112.62 112.62 112.63 112.67 112.68 112.68 112.68 112.65 112.63 112.59 112.51 112.53 112.37 112.61 112.42 112.30 112.05 112.04 112.02 111.95 112.04 111.66 112.03 111.97 112.07 111.96 111.79 111.78 112.01 112.05 112.15 112.46 112.49 112.26 112.50 112.46 112.51 112.55 112.52 112.64 112.62 112.62 112.57 112.55 112.30 112.29 111.70 111.96 112.05 111.95 111.54 111.56 111.96 112.13 112.31 112.33 112.40 112.44 112.35 112.34 112.32 112.28 112.26 112.12 112.20 112.15 111.92 112.00 111.92 111.94 112.15 112.28 112.16 112.42 112.29 112.26 112.12 112.00 112.52 112.04 112.24 112.36 112.57 112.63 112.67 112.65 112.64 112.61 112.58 112.65 112.65 112.68 112.64 112.65
15°S ||     112.68 112.26 112.63 112.56 112.65 112.67 112.60 112.62 112.68 112.68 112.67 112.66 112.63 112.64 112.67 112.68 112.25 112.63 112.64 112.36 112.25 112.04 111.83 111.58 111.23 110.76 109.93 108.45 106.83 106.32 106.84 107.51 107.70 107.99 108.14 108.07 108.27 108.30 107.55 107.17 107.14 107.78 108.17 108.54 109.08 109.67 110.08 110.39 110.60 110.77 110.81 111.19 111.37 111.39 111.14 111.03 110.68 111.44 110.92 111.60 111.80 112.92 113.24 113.54 113.79 113.53 113.02 113.82 113.80 112.66 112.65 112.67 112.68 112.66 112.56 112.56 112.55 112.56 112.58 112.59 112.58 112.58 112.59 112.62 112.59 112.60 112.60 112.63 112.64 112.66 112.64 112.67 112.67 112.67 112.64 112.64 112.61 112.55 112.33 112.52 112.25 112.29 112.21 111.98 112.06 111.87 111.96 111.93 111.82 111.87 112.11 111.80 111.65 111.63 111.69 111.40 112.07 112.48 112.48 112.49 112.27 112.49 112.48 112.43 112.52 112.59 112.53 112.63 112.47 112.30 112.19 111.62 111.54 111.60 111.80 111.72 111.54 111.69 111.74 112.05 112.25 112.37 112.35 112.37 112.43 112.37 112.27 112.32 112.14 112.16 112.14 112.23 111.88 111.67 112.29 112.38 112.02 112.35 112.40 112.28 112.31 112.24 112.04 112.18 112.42 112.48 112.42 112.44 112.54 112.67 112.63 112.65 112.56 112.58 112.65 112.56 112.62 112.55 112.63 112.65
13°S ||     112.66 112.68 112.66 112.60 112.66 112.68 112.64 112.58 112.61 112.59 112.63 112.67 112.67 112.68 112.68 112.68 112.64 112.64 112.60 112.48 112.33 112.10 111.86 111.58 111.14 110.53 109.54 107.40 104.77 104.19 105.69 107.00 107.40 107.51 107.60 108.36 108.10 108.05 107.39 107.09 107.14 108.46 107.70 108.26 108.84 109.39 109.91 110.22 110.46 110.64 110.71 111.38 110.89 111.65 112.82 112.89 112.68 111.69 113.86 114.09 113.01 112.03 111.97 112.14 113.10 112.88 112.65 112.76 112.49 113.45 112.78 112.68 112.66 112.63 112.61 112.60 112.57 112.55 112.58 112.56 112.57 112.57 112.57 112.58 112.61 112.60 112.57 112.61 112.65 112.61 112.63 112.65 112.67 112.68 112.65 112.67 112.64 112.58 112.53 112.53 112.51 112.38 112.18 112.05 111.91 112.15 111.93 111.91 111.81 111.75 111.74 111.87 111.56 111.83 111.74 111.88 111.91 112.37 112.45 112.36 112.41 112.48 112.45 112.44 112.31 112.52 112.54 112.55 112.48 112.39 111.77 111.57 111.34 111.70 111.67 111.84 111.53 111.68 112.13 112.16 112.43 112.38 112.43 112.40 112.43 112.40 112.21 112.11 112.08 112.10 112.09 111.95 112.15 111.91 112.42 112.41 112.15 112.13 112.35 112.41 112.27 112.31 112.11 112.02 112.23 112.61 112.62 112.65 112.68 112.61 112.57 112.55 112.55 112.55 112.56 112.55 112.57 112.55 112.56 112.56
11°S ||     112.57 112.57 112.58 112.57 112.64 112.66 112.62 112.57 112.60 112.61 112.63 112.64 112.64 112.66 112.66 112.66 112.67 112.67 112.64 112.55 112.40 112.24 111.92 111.59 111.01 110.42 109.50 107.65 104.86 102.54 103.79 106.98 107.29 107.31 107.21 107.94 107.86 107.53 107.00 106.73 107.27 107.67 107.62 108.21 108.70 109.17 109.91 110.12 110.33 110.57 110.47 111.11 112.62 112.61 114.50 114.58 112.07 109.96 109.81 110.85 111.45 111.62 111.83 112.00 112.30 112.24 112.35 112.57 112.51 112.64 113.92 112.91 113.98 112.55 112.58 113.01 112.74 112.55 112.59 112.57 112.56 112.56 112.55 112.57 112.57 112.57 112.55 112.59 112.57 112.61 112.61 112.58 112.67 112.68 112.66 112.68 112.66 112.58 112.11 112.34 112.54 112.56 112.34 112.21 112.13 111.91 111.89 111.94 111.77 111.80 112.05 111.88 111.93 111.72 111.89 111.98 111.90 112.07 112.29 112.16 112.24 112.38 112.35 112.31 112.13 112.47 112.49 112.56 112.49 112.48 112.33 111.84 111.44 111.62 111.58 111.96 111.75 112.08 112.29 112.30 112.50 112.47 112.40 112.44 112.45 112.44 112.38 112.40 112.27 112.25 112.12 111.93 111.65 112.00 111.96 112.13 112.37 112.42 112.28 112.45 112.38 112.58 112.63 112.54 112.61 112.62 112.64 112.68 112.66 112.59 112.56 112.56 112.56 112.55 112.57 112.62 112.64 112.57 112.55 112.59
9°S ||     112.63 112.59 112.60 112.61 112.59 112.63 112.56 112.60 112.56 112.55 112.61 112.58 112.63 112.64 112.64 112.67 112.67 112.68 112.67 112.59 112.50 112.29 112.07 111.69 111.21 110.56 109.73 108.88 105.32 100.99 100.98 105.74 107.16 107.16 107.25 107.12 107.60 107.35 107.39 107.04 107.20 107.90 109.68 111.28 110.23 109.27 109.89 110.48 110.43 110.82 112.77 112.83 112.76 114.28 112.90 110.49 109.59 110.98 110.25 111.41 111.63 111.73 112.10 112.15 112.40 112.47 112.63 112.51 113.00 112.60 114.04 114.08 114.42 113.42 113.21 112.82 112.56 112.55 112.58 112.97 112.57 112.56 112.55 112.56 112.55 112.57 112.55 112.58 112.59 112.61 112.57 112.64 112.64 112.65 112.68 112.67 112.68 112.65 112.49 112.44 112.56 112.40 112.29 112.38 112.35 112.09 111.92 112.16 112.60 112.68 111.98 112.06 112.05 112.10 112.08 111.97 111.97 112.01 112.18 112.22 112.17 112.08 112.20 112.07 112.05 112.14 112.31 112.48 112.50 112.50 112.35 112.10 111.49 112.09 112.09 111.70 112.28 112.41 112.09 112.35 112.50 112.52 112.57 112.50 112.51 112.42 112.38 112.54 112.50 112.31 111.84 111.99 111.67 112.19 112.41 112.35 112.46 112.59 112.46 112.47 112.65 112.62 112.57 112.65 112.66 112.57 112.57 112.60 112.56 112.56 112.55 112.55 112.58 113.14 112.78 112.73 112.68 112.46 112.55 112.57
7°S ||     112.56 112.56 112.58 112.58 112.84 112.68 112.55 112.57 112.71 112.57 112.56 112.57 112.60 112.61 112.61 112.60 112.61 112.67 112.68 112.65 112.56 112.40 112.20 111.81 111.36 110.88 110.23 109.62 106.09 102.46 103.35 105.10 106.79 107.08 107.28 107.53 107.03 107.05 107.55 107.06 110.51 110.93 108.22 111.86 111.17 110.79 111.46 112.52 112.46 111.85 111.19 110.17 112.16 114.01 112.63 112.99 113.10 111.70 111.29 111.81 111.91 111.93 112.13 112.24 112.53 113.03 113.00 112.62 112.54 112.59 113.01 114.19 114.09 113.51 113.93 113.42 113.09 112.55 112.55 112.60 112.59 112.55 112.55 112.55 112.55 112.57 112.57 112.59 112.61 112.59 112.60 112.58 112.64 112.66 112.66 112.65 112.65 112.68 112.59 112.63 112.30 112.26 112.31 112.39 111.96 112.27 112.35 112.17 112.17 112.19 112.30 112.29 112.35 111.90 111.99 111.99 111.97 112.29 112.31 112.20 111.92 111.82 111.86 111.72 112.03 112.34 112.21 112.31 112.50 112.51 112.46 112.40 111.80 111.73 112.04 112.15 112.21 112.27 112.18 112.41 112.53 112.51 112.61 112.60 112.58 112.60 112.59 112.62 112.61 112.65 111.70 111.57 111.73 112.21 111.93 112.57 112.62 112.63 112.68 112.68 112.62 112.58 112.58 112.60 112.56 112.64 112.55 112.59 112.59 112.58 112.59 112.57 112.66 112.84 113.03 113.02 112.64 112.65 112.55 112.55
5°S ||     112.55 112.55 112.56 112.55 112.55 112.91 112.84 112.82 112.95 112.61 112.55 112.60 112.59 112.55 112.55 112.55 112.57 112.57 112.68 112.68 112.65 112.56 112.38 112.05 111.70 111.24 110.73 109.86 108.63 106.85 105.36 105.64 106.81 106.97 107.40 107.69 107.67 108.78 108.00 107.29 107.71 108.06 108.54 112.30 111.10 112.38 110.75 111.51 111.05 110.41 110.00 112.34 112.30 112.72 112.38 110.57 110.93 111.78 112.65 112.92 112.10 112.19 112.24 112.28 112.56 112.44 112.66 112.51 112.58 112.64 112.68 112.66 113.50 112.61 112.62 113.33 113.56 113.19 112.58 112.55 112.97 112.61 112.57 112.55 112.56 112.56 112.58 112.58 112.58 112.57 112.59 112.61 112.59 112.65 112.66 112.64 112.65 112.66 112.68 112.68 112.57 112.17 112.28 112.37 112.51 112.39 112.33 112.29 112.35 112.26 112.52 112.55 112.48 112.08 111.96 111.99 111.82 111.97 111.77 112.16 111.95 112.14 112.00 112.00 112.16 112.05 112.30 112.18 112.45 112.49 112.43 112.14 112.22 111.88 112.16 112.30 112.42 112.42 112.47 112.53 112.48 112.57 112.66 112.67 112.61 112.65 112.67 112.68 112.62 112.57 112.32 112.09 112.47 112.47 112.44 112.61 112.60 112.61 113.76 112.79 112.67 112.58 112.61 112.57 112.57 112.74 112.76 112.67 112.69 112.75 112.82 112.76 112.96 112.94 112.93 112.99 113.03 112.78 112.59 112.55
3°S ||     112.55 112.55 112.59 112.63 112.56 113.25 113.27 113.09 112.71 112.86 112.56 112.65 112.72 112.90 112.84 112.96 112.58 112.67 112.57 112.63 112.68 112.64 112.61 112.40 112.03 111.62 111.18 110.34 109.64 108.28 107.19 106.98 106.65 106.61 107.52 108.02 108.39 108.58 108.64 108.18 107.97 108.62 109.04 109.97 110.28 110.33 110.94 110.98 110.82 110.51 110.28 110.07 110.56 111.71 111.59 111.07 111.60 112.00 112.22 112.72 112.10 112.48 112.46 112.47 112.59 112.61 112.61 112.66 112.68 112.67 112.64 112.60 114.26 112.55 112.56 113.12 112.87 112.87 112.55 112.57 112.59 112.59 112.92 112.66 112.55 112.55 112.55 112.55 112.56 112.56 112.57 112.60 112.61 112.62 112.64 112.65 112.67 112.65 112.65 112.65 112.64 112.44 112.39 112.46 112.55 112.36 112.44 112.51 112.49 112.49 112.57 112.56 112.44 112.29 112.21 111.91 111.68 112.41 112.25 112.21 112.15 112.19 112.08 112.23 112.00 112.23 112.06 112.44 112.48 112.56 112.37 112.44 112.40 112.32 112.53 112.63 112.34 112.61 112.59 112.50 112.59 112.60 112.68 112.68 112.66 112.65 112.67 112.67 112.62 112.54 112.27 112.41 112.36 112.46 112.53 112.67 112.76 112.56 112.67 112.57 112.64 112.60 112.57 112.55 112.59 112.79 112.65 112.55 112.99 113.02 112.97 113.08 113.12 113.16 113.15 113.16 113.08 112.96 112.67 112.64
1°S ||     112.70 112.64 112.69 112.85 112.94 113.31 113.32 113.05 112.90 112.55 112.58 112.67 112.63 112.86 113.18 112.64 112.57 112.55 112.55 112.63 112.65 112.68 112.67 112.59 112.36 111.89 111.39 110.76 110.10 109.35 108.25 107.61 106.02 104.24 107.78 108.27 108.58 108.88 109.06 109.11 109.17 110.06 110.42 110.73 110.97 111.47 111.72 111.89 112.07 112.12 111.38 112.47 113.00 111.10 111.21 111.47 112.10 112.31 112.36 112.58 112.49 112.58 112.56 112.57 112.64 112.66 112.65 112.79 112.64 112.62 113.21 112.58 113.90 114.04 112.61 112.58 112.55 112.55 112.58 112.77 113.21 112.94 112.83 112.56 112.56 112.55 112.55 112.55 112.57 112.57 112.57 112.56 112.59 112.60 112.64 112.65 112.67 112.66 112.66 112.65 112.65 112.61 112.57 112.50 112.56 112.55 112.53 112.59 112.60 112.61 112.64 112.63 112.40 112.29 112.27 112.06 111.85 112.46 112.36 112.34 112.36 112.12 112.16 112.04 112.27 112.31 112.41 112.47 112.63 112.62 112.50 112.13 112.50 112.52 112.63 112.67 112.64 112.63 112.61 112.56 112.62 112.65 112.67 112.66 112.66 112.63 112.65 112.56 112.66 112.56 112.51 112.56 112.68 112.68 112.65 112.56 112.70 112.87 112.74 112.68 112.99 112.83 112.59 112.59 112.82 112.70 112.55 112.68 112.95 113.06 113.09 113.12 113.12 113.18 113.20 113.18 113.02 113.04 112.87 112.74
1°N ||     112.79 112.70 112.86 113.15 113.04 113.18 113.34 113.57 112.96 112.61 112.56 112.57 112.84 113.20 113.20 112.88 112.66 112.57 112.63 112.56 112.62 112.62 112.68 112.52 112.27 112.18 111.72 110.96 110.21 109.93 109.50 108.93 106.48 103.37 104.53 108.63 108.79 108.93 109.29 109.65 110.08 110.42 110.66 110.97 111.34 111.76 112.00 112.24 112.50 112.54 111.87 111.06 110.89 111.25 111.52 111.99 112.28 112.49 112.52 112.61 112.54 112.63 112.67 112.63 112.66 112.67 112.65 112.88 112.67 112.63 112.57 113.87 114.94 114.80 112.55 112.56 112.56 112.57 112.58 113.28 112.55 113.17 112.63 112.55 112.78 112.60 112.55 112.55 112.57 112.57 112.57 112.56 112.58 112.58 112.59 112.64 112.65 112.68 112.68 112.68 112.68 112.68 112.66 112.58 112.60 112.53 112.53 112.66 112.64 112.63 112.60 112.50 112.51 112.50 112.31 112.20 112.38 112.36 112.20 112.43 112.32 112.24 112.29 112.31 112.31 112.37 112.46 112.55 112.56 112.63 112.65 112.66 112.66 112.66 112.60 112.66 112.66 112.68 112.67 112.67 112.66 112.65 112.61 112.61 112.60 112.65 112.66 112.66 112.67 112.62 112.66 112.66 112.63 112.56 112.56 112.59 112.73 112.90 112.81 112.98 112.84 112.84 112.73 112.92 112.87 112.74 112.59 112.90 113.01 113.05 113.11 113.15 113.15 113.18 113.19 113.19 113.21 113.13 113.06 112.95
3°N ||     113.25 113.15 113.20 113.31 113.44 113.49 113.44 113.35 113.22 112.60 112.56 112.57 113.28 113.41 113.36 113.13 112.95 112.56 112.59 112.55 112.55 112.66 112.66 112.45 112.09 112.48 112.09 110.42 110.24 110.34 110.23 110.37 109.87 106.16 107.89 108.96 108.70 108.82 109.37 109.87 110.31 110.55 110.75 110.73 111.69 112.02 112.33 112.49 112.60 112.61 112.63 112.30 111.91 112.07 112.31 112.48 112.56 112.60 112.62 112.67 112.63 112.64 112.56 112.66 112.64 112.68 112.68 112.62 112.60 112.57 112.55 112.55 114.25 114.43 113.85 113.40 113.42 113.14 112.95 112.88 112.64 112.55 112.66 112.56 112.55 112.78 112.55 112.56 112.56 112.55 112.56 112.55 112.57 112.58 112.60 112.63 112.64 112.67 112.65 112.68 112.67 112.68 112.68 112.68 112.67 112.59 112.65 112.68 112.65 112.60 112.65 112.59 112.45 112.43 112.37 112.54 112.46 112.46 112.31 112.45 112.37 112.30 112.28 112.36 112.37 112.41 112.52 112.58 112.64 112.66 112.61 112.58 112.72 112.87 113.07 112.74 112.64 112.65 112.67 112.63 112.63 112.60 112.58 112.60 112.61 112.67 112.68 112.68 112.67 112.62 112.64 112.57 112.56 112.55 112.55 112.70 112.82 112.94 112.98 113.06 112.80 113.04 112.95 113.01 112.97 112.82 112.87 112.99 113.03 113.06 113.07 113.14 113.17 113.17 113.17 113.20 113.22 113.25 113.27 113.29
5°N ||     113.25 113.37 113.68 113.38 113.56 113.58 113.50 113.47 113.35 112.97 112.79 112.71 113.46 113.58 113.56 113.41 112.71 112.58 112.62 112.57 112.58 112.68 112.56 112.39 112.51 112.55 112.46 111.68 110.37 110.28 110.50 110.92 111.15 110.86 109.99 109.34 108.51 108.30 109.53 110.16 110.58 110.80 110.92 110.69 111.86 112.37 112.53 112.61 112.68 112.64 112.60 112.52 112.52 112.61 112.65 112.65 112.67 112.68 112.68 112.68 112.65 112.68 112.63 112.64 112.67 112.65 112.61 112.59 112.58 112.55 112.67 114.06 112.67 113.52 114.35 113.80 113.13 112.67 112.62 112.68 112.56 112.59 112.55 112.56 112.80 112.56 112.55 112.55 112.55 112.55 112.56 112.56 112.59 112.60 112.61 112.61 112.62 112.62 112.64 112.67 112.66 112.67 112.68 112.68 112.68 112.68 112.68 112.68 112.68 112.58 112.63 112.35 112.44 112.39 112.46 112.41 112.42 112.48 112.45 112.44 112.38 112.32 112.27 112.30 112.55 112.46 112.52 112.61 112.67 112.67 112.67 114.24 114.42 114.41 114.34 114.06 113.52 112.56 112.56 112.58 112.58 112.55 112.56 112.61 112.60 112.66 112.68 112.67 112.65 112.66 112.56 112.56 112.57 112.58 112.65 112.67 112.89 112.98 113.05 113.07 113.02 112.98 113.04 113.03 113.03 113.02 113.01 112.99 113.04 113.04 113.04 113.10 113.13 113.15 113.17 113.21 113.25 113.27 113.30 113.34
7°N ||     113.33 113.41 113.46 113.49 113.58 113.60 113.59 113.57 113.49 113.24 112.95 113.28 113.63 113.71 113.71 113.46 112.60 112.93 112.85 112.59 112.62 112.68 112.68 112.68 112.66 112.65 112.55 112.18 109.98 110.15 110.51 111.28 111.52 111.31 110.73 109.82 107.46 107.44 110.04 110.54 110.83 111.01 111.14 111.38 112.24 112.45 112.57 112.65 112.68 112.65 112.59 112.58 112.67 112.67 112.67 112.67 112.68 112.68 112.67 112.66 112.65 112.67 112.66 112.67 112.62 112.61 112.56 112.55 112.55 112.57 112.81 114.15 114.64 114.04 114.36 112.71 112.65 112.60 113.01 113.17 112.93 112.57 112.60 112.71 112.56 112.55 112.56 112.55 112.55 112.56 112.55 112.56 112.57 112.58 112.61 112.62 112.64 112.62 112.65 112.68 112.68 112.68 112.67 112.66 112.68 112.67 112.68 112.63 112.68 112.66 112.60 112.53 112.54 112.28 112.35 112.41 112.35 112.46 112.46 112.47 112.37 112.40 112.29 112.53 112.61 112.43 112.53 112.64 112.66 112.56 114.17 114.60 114.51 114.47 114.45 114.33 114.27 113.69 112.57 112.56 112.55 112.55 112.58 112.57 112.66 112.66 112.68 112.64 112.67 112.67 112.55 112.62 112.68 112.78 112.96 112.83 113.03 113.08 113.02 113.08 113.12 113.01 113.04 113.03 113.06 113.05 113.02 113.01 112.99 113.00 113.01 112.96 113.10 113.15 113.13 113.24 113.29 113.32 113.34 113.38
9°N ||     113.44 113.58 113.34 113.41 113.64 113.62 113.63 113.59 113.69 113.35 113.09 113.59 113.78 113.82 113.76 113.26 112.97 113.24 112.82 112.55 112.56 112.60 112.63 112.65 112.68 112.68 112.63 112.26 110.54 110.45 111.02 111.76 111.75 111.87 111.55 110.28 106.74 104.62 109.29 110.84 111.01 111.23 111.44 111.76 112.21 112.46 112.59 112.67 112.68 112.65 112.59 112.58 112.61 112.68 112.68 112.68 112.68 112.67 112.66 112.63 112.60 112.62 112.65 112.64 112.61 112.56 112.57 112.59 112.64 113.10 114.17 114.23 114.01 114.55 113.02 112.95 113.03 112.90 113.23 112.62 112.62 112.58 112.58 112.59 112.70 112.58 112.55 112.57 112.55 112.58 112.55 112.56 112.57 112.57 112.59 112.57 112.61 112.64 112.65 112.63 112.61 112.68 112.67 112.66 112.66 112.65 112.64 112.68 112.68 112.67 112.66 112.64 112.63 112.66 112.59 112.48 112.44 112.46 112.46 112.29 112.42 112.39 112.24 112.67 112.48 112.44 112.58 112.67 112.61 113.12 114.38 114.66 114.65 114.60 114.50 114.43 114.35 114.11 113.47 112.89 112.64 112.85 112.58 112.62 112.63 112.64 112.58 112.55 112.57 112.57 112.59 112.81 113.08 112.79 113.04 113.16 113.05 113.03 112.94 112.96 113.47 112.88 112.84 112.91 113.01 113.05 112.93 112.97 112.87 112.91 112.92 113.08 113.10 113.18 113.11 113.25 113.31 113.36 113.40 113.40
11°N ||     113.54 113.52 113.53 113.51 113.73 113.73 113.79 113.75 113.90 113.80 113.64 113.94 113.96 113.90 113.82 113.74 113.30 113.31 112.81 112.55 112.55 112.56 112.60 112.65 112.68 112.68 112.61 112.25 111.74 111.97 111.93 111.93 111.95 111.97 112.05 111.96 107.44 100.66 102.61 110.85 111.18 111.40 111.65 111.94 112.22 112.49 112.63 112.68 112.68 112.65 112.60 112.57 112.58 112.67 112.68 112.68 112.67 112.65 112.64 112.62 112.59 112.64 112.65 112.63 112.55 112.56 112.83 113.08 113.34 113.13 114.69 114.38 113.03 114.63 114.10 112.93 114.02 112.76 112.64 112.87 112.59 112.59 112.56 112.55 112.56 112.58 112.76 112.57 112.64 112.70 112.55 112.55 112.55 112.55 112.62 112.58 112.66 112.63 112.62 112.61 112.63 112.64 112.65 112.67 112.66 112.67 112.55 112.64 112.61 112.66 112.68 112.68 112.67 112.68 112.64 112.47 112.44 112.53 112.60 112.41 112.49 112.45 112.35 112.29 112.39 112.57 112.65 112.68 112.55 113.48 114.69 114.73 114.75 114.62 114.47 114.45 114.30 114.21 113.76 113.10 112.86 112.57 112.55 112.57 112.60 112.58 112.60 112.71 112.70 112.76 112.92 113.13 113.35 113.38 113.19 113.27 113.15 113.14 112.92 112.81 112.69 112.60 112.62 112.65 112.72 112.78 112.79 112.79 112.81 113.18 112.61 112.94 113.08 113.09 113.09 113.33 113.37 113.35 112.96 113.41
13°N ||     113.44 113.62 113.19 113.21 113.74 113.71 113.84 113.92 113.96 114.00 114.06 114.11 114.08 114.03 113.96 113.79 113.62 113.26 112.55 112.56 112.55 112.58 112.61 112.64 112.68 112.67 112.62 112.50 112.12 112.13 112.05 112.05 112.05 112.12 112.24 112.34 111.78 103.08 104.61 109.99 111.01 111.61 111.91 112.09 109.21 112.58 112.66 112.68 112.67 112.65 112.59 112.57 112.57 112.66 112.67 112.67 112.65 112.63 112.62 112.60 112.59 112.58 112.60 112.58 112.55 112.99 113.27 113.54 113.67 114.50 114.62 114.42 113.56 113.41 113.13 114.00 113.24 113.05 112.63 112.56 112.55 112.65 112.56 112.57 112.57 112.56 114.20 112.57 113.23 112.57 112.55 112.55 112.55 112.63 112.67 112.59 112.59 112.57 112.56 112.56 112.57 112.65 112.67 112.66 112.64 112.62 112.64 112.61 112.55 112.65 112.68 112.65 112.68 112.68 112.67 112.65 112.60 112.63 112.65 112.64 112.58 112.51 112.47 112.49 112.53 112.60 112.68 112.64 112.61 113.61 114.72 114.72 114.67 114.58 114.47 114.44 114.36 114.27 113.94 113.33 113.07 112.68 112.64 112.69 112.67 112.78 112.75 113.15 113.00 113.27 113.38 113.47 113.67 113.79 113.81 113.51 113.40 113.12 112.78 112.57 112.55 112.58 112.55 112.55 112.55 112.58 112.59 112.71 112.68 112.70 112.74 112.62 113.11 113.06 113.17 113.20 113.36 113.35 112.75 113.23
15°N ||     113.52 113.68 113.70 113.92 113.86 113.75 113.96 114.10 114.12 114.17 114.22 114.31 114.26 114.20 114.17 113.95 113.33 112.90 112.61 112.57 112.60 111.47 106.87 106.20 108.98 112.65 112.59 112.56 112.47 112.24 112.19 112.12 112.14 112.20 112.26 112.33 112.35 111.46 109.49 109.92 111.21 111.77 112.09 112.25 112.47 112.65 112.68 112.68 112.67 112.65 112.60 112.57 112.56 112.65 112.65 112.66 112.64 112.62 112.60 112.60 112.58 112.58 112.59 112.55 113.04 113.40 113.65 113.84 113.87 114.44 114.74 114.53 114.05 113.68 114.11 113.54 113.48 113.09 112.90 112.79 113.08 112.59 112.56 113.58 112.60 112.57 112.60 112.57 112.57 112.61 113.05 112.69 112.58 112.55 112.73 112.56 112.55 112.55 112.55 112.55 112.59 112.55 112.62 112.63 112.62 112.61 112.64 112.57 112.58 112.67 112.67 112.66 112.65 112.65 112.68 112.68 112.64 112.62 112.64 112.65 112.60 112.62 112.59 112.61 112.58 112.66 112.68 112.58 112.90 114.69 114.70 114.58 114.68 114.57 114.48 114.43 114.34 114.29 114.03 113.52 113.25 113.12 112.97 112.93 112.90 112.95 113.06 113.21 113.53 113.61 113.75 113.87 113.87 113.95 113.96 113.89 113.51 113.08 112.60 112.55 112.60 112.63 112.67 112.64 112.60 112.55 112.55 112.58 112.58 112.63 112.67 112.71 112.88 113.05 113.10 113.21 113.24 113.47 112.96 114.24
17°N ||     113.66 113.82 113.85 113.99 113.43 113.96 114.01 114.10 114.26 114.29 114.36 114.42 114.42 114.39 114.41 113.58 113.11 113.03 112.68 112.71 112.57 105.78 101.14 99.73 103.26 110.77 112.58 112.57 112.63 112.48 112.36 112.21 112.17 112.22 112.27 112.34 112.35 112.24 111.43 111.33 111.75 111.94 112.14 112.30 112.50 112.66 112.68 112.68 112.66 112.64 112.62 112.56 112.57 112.67 112.67 112.63 112.63 112.61 112.60 112.59 112.58 112.56 112.56 112.82 113.15 113.71 113.97 114.24 114.55 114.60 114.36 114.57 114.43 114.15 114.25 113.79 113.30 113.35 113.20 112.79 112.65 112.55 112.85 113.34 112.57 112.58 112.59 113.99 112.69 112.82 112.58 112.63 112.66 112.55 112.55 112.56 112.55 112.55 112.55 112.57 112.56 112.55 112.57 112.59 112.56 112.55 112.55 112.56 112.65 112.68 112.66 112.65 112.67 112.68 112.68 112.68 112.67 112.52 112.62 112.65 112.66 112.66 112.65 112.66 112.67 112.68 112.61 112.56 113.03 114.49 114.66 114.67 114.60 114.52 114.48 114.48 114.39 114.22 114.07 113.84 113.58 113.68 113.49 113.49 113.47 113.67 113.72 113.83 113.96 114.05 114.13 114.11 114.11 114.21 114.13 114.10 113.81 113.06 112.63 112.58 112.65 112.68 112.67 112.67 112.68 112.57 112.55 112.55 112.55 112.56 112.62 112.75 112.91 113.04 113.02 113.19 113.55 113.53 113.40 113.76
19°N ||     113.69 113.88 114.02 114.07 114.13 114.01 114.05 114.19 114.35 114.41 114.47 114.54 114.55 114.54 114.56 113.74 113.19 112.91 112.56 112.60 112.62 105.87 101.22 100.17 102.67 111.29 112.65 112.67 112.67 112.66 112.51 112.29 112.13 112.10 112.12 112.29 112.38 112.37 112.10 111.99 112.06 112.11 112.18 112.29 112.45 112.62 112.68 112.67 112.64 112.63 112.62 112.56 112.60 112.58 112.68 112.65 112.63 112.61 112.59 112.59 112.59 112.56 112.59 113.14 113.65 114.04 114.48 114.60 114.84 114.84 114.96 114.79 114.72 114.56 114.43 113.81 113.63 113.66 114.09 112.95 112.73 112.60 112.87 112.73 113.94 112.56 112.58 112.55 112.64 112.64 112.62 112.63 112.96 112.56 112.56 112.57 112.56 112.56 112.58 112.57 112.57 112.56 113.22 112.55 112.55 112.58 112.61 112.56 112.62 112.63 112.65 112.66 112.68 112.68 112.68 112.67 112.64 112.64 112.64 112.68 112.68 112.67 112.66 112.67 112.68 112.68 112.63 112.65 112.62 113.49 114.23 114.60 114.51 114.49 114.45 114.38 114.36 114.31 114.21 114.12 114.10 114.11 114.26 114.14 114.18 114.15 114.30 114.32 114.35 114.43 114.49 114.41 114.54 114.46 114.42 114.21 113.93 113.07 112.55 112.62 112.68 112.62 112.59 112.65 112.64 112.26 112.57 112.55 112.55 112.55 112.59 112.74 112.92 113.06 113.12 113.40 113.04 113.69 113.62 113.77
21°N ||     114.20 114.05 114.02 114.25 114.37 114.36 114.32 114.41 114.54 114.56 114.64 114.65 114.67 114.66 114.64 113.75 113.22 112.57 112.55 112.69 112.56 108.23 105.50 104.39 106.64 112.49 112.68 112.68 112.68 112.67 112.59 112.39 112.12 111.96 111.83 111.76 112.35 112.37 112.28 112.20 112.18 112.20 112.23 112.31 112.44 112.61 112.65 112.67 112.66 112.64 112.64 112.59 112.55 112.61 112.66 112.65 112.65 112.62 112.61 112.58 112.56 112.57 112.76 113.21 113.73 114.66 114.78 114.85 114.99 115.01 115.00 114.94 114.73 114.75 114.59 114.13 113.99 114.03 113.50 112.98 113.02 113.39 112.89 112.73 112.56 112.90 112.99 112.60 112.62 112.69 112.61 112.61 112.57 112.56 112.64 112.59 112.58 112.57 112.60 112.58 112.68 112.54 112.56 112.55 112.58 112.56 112.66 112.67 112.61 112.56 112.67 112.66 112.68 112.67 112.65 112.66 112.68 112.68 112.46 112.68 112.67 112.68 112.63 112.64 112.66 112.68 112.64 112.66 112.59 112.56 113.32 113.55 114.06 114.18 114.17 114.37 114.36 114.36 114.37 114.34 114.39 114.53 114.53 114.56 114.61 114.59 114.68 114.73 114.74 114.67 114.73 114.67 114.69 114.55 114.59 114.57 114.29 113.20 112.55 112.67 112.59 112.52 112.49 112.47 112.62 112.68 112.62 112.58 112.55 112.55 112.61 112.75 112.91 113.03 113.28 113.35 113.09 113.79 113.79 113.92
23°N ||     114.18 114.24 114.30 114.40 114.47 114.55 114.60 114.68 114.72 114.73 114.76 114.75 114.74 114.72 114.70 113.83 113.00 112.55 112.63 112.86 112.88 111.90 110.41 110.32 112.58 112.60 112.66 112.67 112.68 112.66 112.56 112.40 112.18 111.88 111.68 111.61 112.19 112.37 112.34 112.19 112.19 112.05 112.24 112.34 112.35 112.65 112.68 112.68 112.68 112.66 112.65 112.63 112.59 112.56 112.58 112.63 112.58 113.36 113.07 112.66 112.61 112.58 112.81 113.25 113.84 114.65 114.93 115.02 115.14 115.18 115.09 115.17 114.78 115.04 114.91 114.56 114.46 114.49 114.33 113.56 113.05 112.67 112.57 112.67 112.58 112.77 112.73 112.68 112.66 112.59 112.72 112.77 112.68 112.61 112.75 112.80 112.98 112.55 112.69 112.65 112.60 112.55 112.55 112.55 112.56 112.55 112.55 112.58 112.62 112.59 112.64 112.67 112.67 112.68 112.68 112.68 112.66 112.68 112.54 112.68 112.67 112.68 112.56 112.62 112.68 112.68 112.67 112.65 112.63 112.56 112.58 112.78 113.13 113.49 113.90 114.24 114.37 114.45 114.55 114.60 114.62 114.84 114.74 114.91 114.99 115.06 115.12 115.07 115.24 115.12 115.14 115.06 115.01 114.99 115.01 114.86 114.74 113.43 112.55 112.68 112.62 112.49 112.42 111.18 111.91 112.63 112.66 112.59 112.55 112.55 112.61 112.78 113.01 113.20 113.48 113.31 113.68 113.81 113.50 114.12
25°N ||     114.32 114.37 114.33 114.57 114.70 114.69 114.76 114.77 114.78 114.81 114.82 114.80 114.78 114.77 114.75 113.94 112.83 112.59 112.64 112.56 112.91 112.81 112.74 112.72 112.59 112.58 112.67 112.66 112.68 112.62 112.48 112.34 112.08 111.80 111.62 111.18 111.23 112.32 112.36 112.18 112.24 112.18 112.26 111.66 112.48 112.65 112.68 112.68 112.68 112.67 112.68 112.65 112.64 112.60 112.65 112.64 112.63 112.64 112.67 113.73 113.98 112.73 113.09 114.16 114.63 115.02 115.14 115.16 115.24 115.30 115.28 115.23 115.15 115.05 114.70 114.83 114.78 114.86 115.01 114.07 113.64 112.87 112.74 112.96 113.09 112.76 112.84 112.76 112.78 112.61 112.71 112.95 112.75 112.76 112.78 113.26 112.86 112.72 112.62 112.70 112.55 112.55 112.56 112.55 112.60 112.61 112.56 112.59 112.55 112.56 112.63 112.59 112.60 112.61 112.57 112.68 112.65 112.64 112.64 112.58 112.66 112.65 112.63 112.68 112.68 112.68 112.68 112.64 112.62 112.66 112.55 112.87 112.85 113.21 113.99 114.37 114.50 114.73 114.81 114.88 115.01 115.09 115.18 115.31 115.46 115.59 115.67 115.70 115.69 115.61 115.52 115.45 115.46 115.36 115.25 115.13 114.92 114.63 112.70 112.63 112.60 112.47 111.26 104.04 110.96 112.59 112.66 112.58 112.55 112.55 112.77 112.75 113.08 113.31 113.67 113.72 113.87 113.84 114.12 114.21
27°N ||     114.53 114.60 114.63 114.59 114.83 114.71 114.91 114.93 114.91 114.90 114.88 114.86 114.83 114.81 114.79 114.19 112.98 112.62 112.66 112.61 112.58 112.63 112.56 112.55 112.56 112.56 112.60 112.68 112.66 112.59 112.41 112.24 112.02 111.74 111.19 111.11 111.40 112.40 112.48 112.29 112.37 112.36 112.38 111.66 112.30 112.65 112.68 112.68 112.68 112.67 112.66 112.67 112.63 112.58 112.55 112.62 112.65 112.78 112.91 113.80 113.28 112.73 114.59 114.81 114.99 115.08 115.09 115.21 115.35 115.38 115.12 115.31 115.31 115.20 114.89 115.22 114.97 115.05 115.14 115.09 114.03 113.66 113.37 113.21 113.26 112.96 112.78 112.71 112.79 112.80 112.87 112.89 112.80 112.74 112.86 112.73 112.94 112.85 112.58 112.55 113.04 112.55 112.56 112.56 112.59 112.78 112.64 112.57 112.55 112.58 112.58 112.57 112.57 112.60 112.61 112.58 112.61 112.55 112.64 112.68 112.66 112.57 112.68 112.67 112.62 112.66 112.60 112.63 112.58 112.65 112.56 112.64 113.05 113.78 114.33 114.63 114.89 114.91 115.03 115.16 115.27 115.46 115.58 115.80 115.98 116.02 116.09 116.04 116.04 115.94 115.87 115.86 115.70 115.55 115.37 115.24 115.03 114.77 113.80 112.60 112.67 112.53 112.11 111.56 112.10 112.67 112.60 112.56 112.55 112.57 112.66 113.06 113.28 113.50 113.80 114.00 114.00 114.08 114.25 114.44
29°N ||     114.76 114.80 114.88 114.93 115.01 114.99 115.03 115.05 115.04 114.99 114.99 114.97 114.93 114.72 114.87 114.81 113.97 112.88 112.57 112.59 112.57 112.69 112.57 112.58 112.58 112.57 112.66 112.68 112.64 112.53 112.37 112.17 112.00 111.70 110.64 111.00 111.84 112.40 112.46 112.37 112.50 112.52 112.50 112.54 112.60 112.65 112.68 112.68 112.68 112.65 112.66 112.68 112.68 112.58 112.56 112.55 112.55 112.69 112.82 113.23 113.15 113.70 114.42 114.09 113.67 114.86 114.99 115.17 115.35 115.44 115.36 115.48 115.43 115.48 115.43 115.36 115.23 115.28 115.35 115.38 115.32 114.25 113.88 113.56 113.67 113.09 112.89 115.73 112.92 112.83 112.96 113.22 112.92 113.01 112.76 112.77 112.90 112.88 112.59 112.63 112.55 112.73 112.56 112.57 112.55 112.57 112.61 112.58 112.58 112.62 112.57 112.58 112.56 112.58 112.56 112.56 112.57 112.66 112.67 112.67 112.64 112.67 112.68 112.67 112.63 112.61 112.64 112.63 112.60 112.78 112.89 113.25 114.00 114.26 114.55 114.92 115.02 115.18 115.38 115.56 115.73 115.89 116.12 116.27 116.36 116.50 116.46 116.29 116.39 116.25 116.19 116.03 115.88 115.68 115.55 115.45 115.26 115.08 114.42 112.73 112.60 112.68 112.61 112.60 112.67 112.59 112.55 112.54 112.55 112.59 113.00 113.20 113.53 113.82 114.09 114.29 114.32 114.36 114.59 114.70
31°N ||     115.05 114.97 115.09 115.10 115.11 115.10 115.12 115.17 115.17 115.12 115.07 115.08 115.06 115.01 114.97 114.92 114.42 113.68 113.29 113.21 112.92 112.81 112.64 112.57 112.66 112.64 112.68 112.68 112.60 112.50 112.33 112.24 111.93 111.72 111.32 111.35 111.84 112.41 112.43 112.43 112.52 112.56 112.60 112.61 112.64 112.66 112.68 112.68 112.68 112.59 112.68 112.68 112.68 112.65 112.64 112.61 112.57 112.55 112.62 113.09 113.06 113.57 113.86 114.16 114.59 114.64 114.95 115.10 115.17 115.44 115.50 115.49 115.57 115.66 115.60 115.74 115.41 115.48 115.56 115.44 115.40 115.23 114.60 114.95 114.19 113.74 113.15 112.83 113.09 113.17 113.24 113.05 112.91 112.85 113.39 113.01 112.77 112.61 112.57 112.75 112.56 112.55 112.59 112.62 112.62 112.56 112.59 112.60 112.57 112.59 112.60 112.61 112.55 112.56 112.55 112.55 112.59 112.65 112.62 112.62 112.63 112.65 112.67 112.68 112.62 112.66 112.64 112.74 112.64 112.89 113.24 113.91 114.10 114.53 114.77 115.01 115.23 115.47 115.78 115.98 116.12 116.30 116.65 116.54 116.69 116.77 116.73 116.66 116.60 116.48 116.30 116.19 116.27 115.89 115.86 115.72 115.54 115.37 114.89 114.21 112.81 112.56 112.56 112.57 112.55 112.55 112.56 112.56 112.59 112.69 112.60 114.71 113.96 113.01 114.46 113.95 114.65 114.70 114.74 114.97
33°N ||     115.26 114.55 115.13 115.13 115.23 115.20 115.20 115.25 115.21 115.22 115.19 115.20 115.18 115.13 115.16 115.11 115.03 114.54 113.63 112.74 112.89 112.87 112.96 112.81 112.58 112.67 112.68 112.66 112.59 112.40 112.23 112.06 111.75 111.43 111.16 111.25 111.75 112.33 112.48 112.52 112.57 112.61 112.63 112.64 112.62 112.66 112.65 112.62 112.62 112.65 112.68 112.68 112.67 112.68 112.65 112.58 112.56 112.55 112.55 112.55 112.55 112.55 112.80 114.13 114.13 114.93 115.09 115.16 115.24 115.43 115.58 115.82 115.82 115.82 115.77 115.92 115.84 115.85 115.82 115.56 115.73 115.68 115.37 114.89 114.45 113.90 113.39 113.10 113.51 113.23 113.18 112.73 113.03 113.01 113.06 112.77 112.89 112.64 112.81 112.92 112.55 112.55 112.64 112.56 112.82 112.58 112.58 112.61 112.57 112.65 112.66 112.64 112.57 112.55 112.56 112.61 112.61 112.60 112.62 112.56 112.58 112.62 112.59 112.64 112.59 112.61 112.64 112.80 113.05 113.57 113.78 114.21 114.45 114.73 114.98 115.24 115.52 115.87 116.09 116.24 116.47 116.59 116.73 116.84 117.03 116.86 116.81 116.79 116.73 116.42 116.52 116.43 116.29 116.09 115.87 116.03 115.95 115.74 115.54 115.32 114.95 114.49 114.24 113.68 113.45 112.89 113.12 112.82 112.76 112.93 113.02 113.90 114.34 114.47 114.70 114.83 114.89 115.04 115.13 115.22
35°N ||     115.42 115.32 115.31 115.25 115.29 115.27 115.29 115.28 115.26 115.28 115.30 115.28 115.26 115.21 115.25 115.16 115.21 115.07 114.46 112.59 112.63 112.84 112.69 112.56 112.68 112.67 112.68 112.66 112.55 112.30 111.98 111.52 110.99 110.72 110.54 110.46 110.89 111.49 112.29 112.57 112.62 112.64 112.65 112.65 112.40 112.52 112.67 112.68 112.65 112.63 112.68 112.66 112.65 112.67 112.67 112.59 112.55 112.54 112.55 112.55 112.55 112.55 112.73 114.10 114.80 115.00 115.13 115.14 115.30 115.45 115.53 115.86 115.76 115.93 115.96 116.09 116.06 116.18 116.04 115.90 115.84 115.75 115.77 114.87 114.57 114.07 113.90 113.70 113.42 113.57 112.86 112.92 112.97 113.40 113.61 112.72 112.93 112.70 112.84 112.65 112.74 112.64 112.61 112.56 112.56 112.56 112.59 112.61 112.59 112.67 112.57 112.65 112.64 112.66 112.67 112.68 112.65 112.62 112.60 112.58 112.57 112.57 113.00 112.77 112.67 113.00 112.93 113.07 113.45 113.76 114.12 114.47 114.64 114.93 115.14 115.48 115.75 116.09 116.34 116.54 116.62 116.74 116.97 117.09 117.17 117.14 117.04 117.02 116.83 116.81 116.66 116.27 116.47 116.27 116.22 116.17 116.05 115.90 115.86 115.68 115.55 115.26 115.15 115.05 114.75 114.56 114.09 113.42 113.15 113.22 113.24 113.74 113.84 114.65 114.79 114.91 115.06 115.28 115.40 115.45
37°N ||     115.57 115.38 115.39 115.27 115.38 115.34 115.38 115.37 115.32 115.33 115.35 115.36 115.34 115.27 115.22 115.18 115.12 115.01 114.94 112.68 112.66 112.59 112.55 112.59 112.64 112.66 112.68 112.66 112.56 112.11 111.28 110.55 109.75 109.24 109.23 109.65 110.07 110.19 111.18 112.20 112.59 112.66 112.67 112.67 112.65 112.62 112.64 112.67 112.68 112.67 112.64 112.62 112.58 112.51 112.66 112.65 112.56 112.55 112.56 112.55 112.57 112.55 113.08 114.27 114.78 114.98 115.11 115.21 115.30 115.54 115.60 115.78 115.85 116.06 116.10 116.26 116.38 116.34 116.32 116.15 116.20 116.11 115.97 115.89 115.55 115.31 115.21 114.93 114.42 114.95 113.42 113.19 112.92 112.88 113.15 112.90 113.14 113.42 112.72 113.27 112.81 113.08 112.67 113.39 112.79 112.86 112.65 112.56 112.58 112.63 112.66 112.67 112.67 112.68 112.68 112.68 112.67 112.58 113.06 112.78 112.70 112.58 112.60 112.58 112.93 113.09 113.19 113.26 113.83 114.06 114.39 114.72 114.91 115.08 115.47 115.76 115.93 116.27 116.47 116.75 116.87 117.05 117.20 117.24 117.29 117.33 117.28 117.16 117.14 116.98 116.90 116.81 116.72 116.53 116.68 116.60 116.35 116.09 116.08 115.84 115.61 115.48 115.15 115.02 114.70 114.59 114.23 113.85 113.59 113.56 113.47 113.89 113.75 114.83 114.89 115.02 115.30 115.34 115.47 115.49
39°N ||     115.51 115.45 115.47 115.39 114.94 115.41 115.42 115.14 115.40 115.38 115.35 115.36 115.27 115.26 115.21 115.15 115.13 115.16 114.90 114.26 112.63 112.58 112.80 112.58 112.58 112.66 112.68 112.68 112.49 111.62 110.37 109.13 108.28 108.17 107.75 108.05 109.51 109.75 110.23 111.46 112.45 112.67 112.68 112.68 112.62 112.66 112.62 112.22 112.66 112.66 112.65 112.60 112.51 112.36 112.54 112.68 112.62 112.57 112.55 112.56 112.59 112.61 112.65 113.61 114.81 115.06 115.11 115.18 115.38 115.55 115.75 115.92 115.95 116.19 116.32 116.40 116.46 116.51 116.52 116.62 116.30 116.30 116.24 116.17 115.97 115.37 115.57 115.25 114.69 114.60 114.31 113.65 113.63 113.52 113.42 113.07 112.88 112.81 113.42 113.15 113.40 114.60 113.36 112.64 113.55 112.59 112.56 112.57 112.55 112.56 112.59 112.65 112.60 112.68 112.67 112.62 112.65 112.61 112.96 112.97 113.00 112.96 113.00 113.18 113.23 113.36 113.52 113.84 114.01 114.36 114.63 114.93 115.01 115.40 115.62 115.94 116.15 116.34 116.67 116.74 117.15 117.30 117.35 117.37 117.37 117.41 117.33 117.32 117.23 117.30 117.10 117.05 116.88 116.84 116.77 116.70 116.59 116.25 115.88 115.95 115.69 115.54 115.29 115.02 114.70 114.68 114.43 114.22 114.09 113.92 113.77 113.29 112.65 114.91 114.98 115.02 115.28 115.45 115.52 115.46
41°N ||     115.49 115.50 115.53 115.50 115.46 115.43 115.38 115.42 115.39 115.37 115.37 115.39 115.32 115.36 115.22 115.24 115.14 114.83 114.67 114.26 113.54 113.03 112.64 112.55 112.56 112.61 112.65 112.68 112.44 111.37 109.87 108.87 108.49 108.41 107.49 107.97 109.23 109.87 110.50 111.73 112.51 112.67 112.68 112.68 112.42 112.67 112.63 112.52 112.62 112.58 112.59 112.54 112.53 112.57 112.64 112.67 112.66 112.58 112.58 112.59 112.55 112.62 112.62 113.39 114.53 115.16 115.24 115.12 115.43 115.63 115.77 116.00 116.13 116.27 116.44 116.56 116.62 116.66 116.67 116.64 116.60 116.56 116.44 116.67 116.61 116.13 115.81 115.71 115.31 115.36 114.57 115.21 114.73 114.27 114.40 113.62 113.28 114.00 112.98 113.58 114.82 114.82 114.70 112.99 113.35 112.65 112.77 112.64 112.63 112.56 112.55 112.64 113.90 112.96 112.58 112.62 113.27 112.58 113.12 112.96 113.04 113.02 113.46 113.54 113.73 113.60 113.89 113.96 114.36 114.71 114.86 114.96 115.21 115.46 115.88 116.12 116.38 116.52 116.91 117.07 117.19 117.38 117.41 117.41 117.41 117.38 117.41 117.39 117.35 117.26 117.19 117.22 117.20 117.06 116.92 116.76 116.61 116.50 116.28 116.06 115.79 115.50 115.33 115.09 114.78 114.77 114.66 114.50 114.48 114.16 113.03 113.42 113.05 114.70 114.95 115.15 115.20 115.43 115.43 115.53
43°N ||     115.48 115.56 115.56 115.51 115.47 115.46 115.43 115.40 115.39 115.41 115.38 115.47 115.40 115.41 115.27 115.22 115.05 114.83 114.42 113.83 113.36 113.01 112.70 112.56 112.55 112.57 112.62 112.67 112.63 112.11 110.91 109.74 109.15 108.97 108.84 109.01 109.70 110.14 111.92 112.58 112.68 112.68 112.68 112.68 112.68 112.58 112.66 112.43 112.58 112.59 112.57 112.61 112.31 112.57 112.68 112.67 112.68 112.62 112.57 112.55 112.55 112.55 112.64 113.40 114.47 115.21 115.41 115.47 115.59 115.74 116.01 116.13 116.39 116.47 116.80 116.61 116.73 116.66 116.76 116.76 116.71 116.69 116.51 116.55 116.61 116.27 116.16 115.80 115.69 115.74 115.55 115.41 115.39 115.15 114.77 114.15 113.87 113.63 114.44 114.65 114.95 114.77 113.86 114.58 113.83 114.50 114.19 114.45 112.57 112.55 112.61 113.18 112.66 112.60 113.39 113.48 113.23 113.05 113.13 113.32 113.38 113.40 114.02 114.46 113.96 113.95 114.04 114.49 114.76 114.87 114.79 115.19 115.24 115.58 115.92 116.29 116.51 116.56 116.91 117.13 117.29 117.38 117.34 117.21 117.42 117.37 117.34 117.26 117.30 117.13 117.19 117.16 117.08 117.02 117.03 116.86 116.69 116.61 116.17 116.05 115.77 115.49 115.16 115.05 114.91 114.79 114.62 114.69 114.66 114.29 113.77 113.37 112.76 114.58 115.11 115.12 115.38 115.42 115.51 115.59
45°N ||     115.64 115.63 115.56 115.56 115.54 115.50 115.47 115.41 115.39 115.45 115.45 115.38 115.36 115.30 115.27 115.10 114.86 114.55 114.13 113.72 113.27 112.96 112.72 112.59 112.56 112.55 112.56 112.61 112.68 112.59 112.33 112.03 111.90 110.35 109.59 109.39 110.15 111.65 112.38 112.67 112.68 112.66 112.66 112.64 112.62 112.59 112.58 112.62 112.61 112.53 112.28 112.51 112.68 112.67 112.65 112.64 112.58 112.61 112.58 112.55 112.61 112.93 113.24 113.77 114.49 115.28 115.35 115.60 115.76 115.94 116.05 116.35 116.46 116.60 116.59 116.80 116.79 116.80 116.93 116.93 116.74 116.80 116.73 116.69 116.59 116.50 116.19 116.30 116.14 115.83 115.78 115.94 115.58 115.39 115.34 115.21 114.63 114.30 114.91 114.87 114.24 113.79 113.44 114.65 113.83 114.50 114.58 114.62 113.86 113.11 112.88 113.37 113.07 112.89 113.46 113.13 112.88 113.39 113.46 113.61 113.55 113.89 114.06 114.33 114.34 114.48 114.55 114.60 114.86 114.97 115.12 115.16 115.53 115.70 116.18 116.41 116.64 116.86 116.95 117.13 117.26 117.39 117.39 117.41 117.39 117.29 117.34 117.36 117.33 117.31 117.20 117.27 117.21 116.94 117.03 116.98 116.79 116.51 116.05 115.85 115.70 115.32 115.11 115.00 114.96 114.89 114.87 114.86 114.83 114.69 114.46 113.93 113.11 114.80 114.81 114.93 115.25 115.55 115.54 115.64
47°N ||     115.64 115.62 115.61 115.52 115.51 115.50 115.45 115.47 115.37 115.51 115.47 115.40 115.40 115.28 115.09 115.03 114.65 114.39 114.05 113.70 113.26 113.06 112.88 112.77 112.65 112.57 112.55 112.55 112.57 112.63 112.67 112.68 112.68 112.67 112.46 112.36 112.62 112.67 112.68 112.68 112.67 112.66 112.66 112.65 112.61 112.58 112.58 112.59 112.48 112.51 112.65 112.66 112.58 112.64 112.62 112.55 112.58 113.31 112.58 112.55 112.65 113.08 113.73 114.49 115.05 115.37 115.54 115.65 115.99 116.05 116.30 116.44 116.52 116.64 116.69 116.65 116.53 116.32 116.88 116.90 116.84 116.91 116.80 116.77 116.66 116.60 116.57 116.49 116.35 116.21 116.07 116.02 115.96 115.84 115.48 115.55 115.28 115.11 115.11 115.17 114.98 114.83 115.16 114.75 114.31 114.67 114.12 114.16 114.53 113.88 113.35 113.74 113.80 114.00 114.07 113.01 113.48 113.66 113.79 114.07 114.08 114.22 114.50 114.32 114.65 114.68 114.70 114.77 114.96 115.04 115.33 115.42 115.67 115.87 116.71 116.76 116.64 116.79 116.96 117.09 117.24 117.37 117.37 117.33 117.34 117.31 117.29 117.29 117.19 117.32 117.28 117.25 117.11 117.11 117.10 116.88 116.65 116.36 116.13 114.96 115.21 115.55 115.26 115.21 115.11 115.03 115.04 114.94 114.97 114.91 114.81 114.53 114.63 114.73 114.86 115.19 115.25 115.46 115.53 115.66
49°N ||     115.67 115.62 115.61 115.53 115.58 115.57 115.53 115.52 115.46 115.46 115.50 115.38 115.36 115.17 114.98 114.79 114.49 114.29 114.04 113.73 113.44 113.30 113.10 112.94 112.73 112.63 112.58 112.56 112.55 112.55 112.55 112.56 112.58 112.59 112.61 112.60 112.59 112.59 112.64 112.66 112.66 112.64 112.64 112.68 112.66 112.63 112.62 112.62 112.56 112.62 113.25 113.68 113.95 113.30 113.18 112.55 112.55 112.55 113.42 112.56 113.01 113.56 114.35 114.90 115.03 115.51 115.75 115.98 116.01 116.33 116.33 116.45 116.59 116.62 116.66 116.68 116.74 116.86 116.93 116.92 116.94 116.86 116.85 116.79 116.77 116.68 116.67 116.48 116.43 116.36 116.28 116.13 115.91 115.80 115.68 115.71 115.50 115.54 115.53 115.44 115.04 115.27 114.79 114.92 117.78 115.45 114.27 114.82 114.63 114.18 113.99 114.19 114.07 114.01 113.71 114.24 114.13 114.25 114.37 114.28 114.31 114.42 114.63 114.61 114.61 114.75 114.70 114.86 114.98 115.16 115.40 115.60 115.82 116.06 116.55 116.67 116.60 116.82 116.83 117.05 117.15 117.24 117.30 117.30 117.26 117.28 117.26 117.26 117.20 117.07 117.26 117.15 117.01 116.91 116.92 116.64 116.49 116.21 116.10 115.01 114.82 115.60 115.38 115.31 115.29 115.21 115.23 115.17 115.02 115.10 114.97 114.98 114.19 114.58 115.33 115.25 115.23 115.57 115.76 115.58
51°N ||     115.65 115.66 115.59 115.59 115.61 115.62 115.48 115.45 115.49 115.46 115.39 115.26 115.16 115.04 114.85 114.64 114.38 114.10 113.91 113.70 113.27 113.34 113.16 112.95 112.88 112.76 112.67 112.61 112.57 112.56 112.55 112.55 112.55 112.56 112.55 112.55 112.56 112.57 112.60 112.63 112.64 112.64 112.63 112.62 112.64 112.60 112.56 112.56 113.07 113.37 113.66 113.90 114.22 114.39 114.43 113.74 112.65 112.56 112.70 113.40 113.79 114.41 114.81 115.38 115.40 115.64 115.82 116.06 116.24 116.35 116.52 116.64 116.71 116.72 116.78 116.82 116.84 116.72 117.07 117.16 116.90 116.89 116.95 116.59 116.82 116.73 116.57 116.53 116.60 116.45 116.42 116.32 116.18 116.05 115.94 115.85 115.74 115.45 115.71 115.51 115.49 115.48 114.81 117.09 116.71 115.31 113.87 114.84 114.72 114.50 114.51 114.47 114.45 114.52 114.70 114.47 114.55 114.50 114.63 114.66 114.61 114.72 114.64 114.67 114.76 114.78 114.71 114.90 115.01 115.14 115.30 115.57 115.85 116.04 116.30 116.33 116.63 116.71 116.91 117.00 117.09 117.16 117.26 117.24 117.26 117.25 117.16 117.24 117.22 117.15 117.12 116.99 116.99 116.74 116.44 116.52 116.37 116.18 116.05 115.94 115.75 115.66 115.55 115.41 115.36 115.37 115.25 115.30 115.18 115.14 115.09 115.12 114.94 115.28 115.29 115.12 115.27 115.56 115.75 115.72
53°N ||     115.61 115.57 115.65 115.66 115.63 115.59 115.53 115.45 115.40 115.26 115.31 115.22 115.05 114.90 114.68 114.39 113.98 114.04 113.96 113.75 113.59 113.48 113.28 113.15 113.01 112.91 112.80 112.69 112.65 112.58 112.57 112.56 112.55 112.55 112.55 112.55 112.55 112.55 112.57 112.59 112.61 112.61 112.60 112.59 112.56 112.55 112.57 112.77 113.09 113.50 113.86 114.07 114.25 114.43 114.57 114.72 113.44 113.86 113.09 114.33 115.15 115.32 115.48 115.56 115.70 115.89 116.16 116.28 116.41 116.47 116.69 116.75 116.77 116.80 116.87 116.94 116.95 116.90 117.00 116.95 116.87 116.96 116.89 116.95 116.84 117.00 116.92 116.69 116.66 116.47 116.51 116.42 116.27 116.21 116.03 115.90 115.96 116.19 115.76 115.72 115.47 115.48 115.30 115.12 114.64 114.70 114.65 115.02 114.81 114.92 114.80 114.80 114.68 114.80 114.78 114.74 114.86 114.97 114.79 114.91 114.81 114.75 114.61 114.70 114.76 114.69 114.67 114.87 114.96 115.05 115.33 115.57 115.76 115.94 115.91 116.18 116.35 116.56 116.59 116.71 116.75 116.87 116.89 117.01 117.05 117.07 117.00 117.02 116.87 116.89 116.91 116.90 116.67 116.47 116.38 116.21 116.29 116.12 116.01 115.88 115.77 115.63 115.54 115.48 115.44 115.37 115.42 115.37 115.01 115.15 115.06 115.22 115.16 115.14 115.21 115.41 115.60 115.60 115.70 115.72
55°N ||     115.72 115.69 115.59 115.46 115.51 115.32 115.38 115.42 115.34 115.28 115.25 115.09 115.02 114.82 114.76 114.42 116.58 113.88 114.02 113.91 113.76 113.59 113.48 113.42 113.21 113.07 112.95 112.82 112.72 112.67 112.62 112.61 112.58 112.60 112.59 112.60 112.57 112.56 112.55 112.55 112.56 112.56 112.57 112.56 112.55 112.56 112.74 113.88 113.71 114.05 114.17 114.20 114.61 114.45 114.63 114.84 115.01 115.08 115.35 115.49 115.61 115.74 115.97 116.06 116.21 116.34 116.38 116.49 116.55 116.64 116.77 116.82 116.83 116.91 116.94 116.89 116.93 116.94 116.99 117.09 116.87 116.91 116.96 116.90 117.01 116.86 116.71 116.70 116.55 116.57 116.52 116.49 116.37 116.25 116.02 116.00 115.99 115.97 115.87 115.75 115.68 115.58 115.40 115.41 115.36 115.18 115.06 115.08 115.09 114.99 115.00 115.01 114.92 115.05 114.93 115.07 115.21 115.16 115.14 115.07 114.87 114.82 114.74 114.69 114.59 114.63 114.85 114.97 114.98 115.04 115.26 115.47 115.62 115.64 115.83 116.03 116.17 116.30 116.31 116.40 116.47 116.55 116.58 116.70 116.74 116.68 116.71 116.72 116.43 116.47 116.59 116.45 116.43 116.24 116.13 116.23 115.94 116.07 115.99 115.69 115.59 115.56 115.51 115.52 115.38 115.40 115.33 115.21 115.15 115.23 115.25 115.00 115.07 115.04 115.28 115.38 115.57 115.69 115.77 115.80
57°N ||     115.68 115.67 115.62 115.55 115.60 115.45 115.35 115.29 115.28 115.29 115.12 115.00 115.01 114.82 114.70 114.65 114.09 114.20 114.03 114.02 113.90 113.81 113.67 113.54 113.45 113.33 113.17 113.03 113.03 112.91 112.87 112.82 112.78 112.80 112.78 112.79 112.76 112.72 112.68 112.57 112.56 112.55 112.55 112.55 112.57 112.74 113.05 113.35 113.82 114.00 114.17 114.27 114.39 114.55 114.75 114.94 115.14 115.36 115.54 115.70 116.02 116.11 116.19 116.25 116.36 116.39 116.50 116.59 116.64 116.76 116.76 117.09 116.93 116.93 116.94 117.00 116.98 116.93 116.96 116.95 116.93 117.06 116.85 116.88 116.24 117.28 116.72 116.65 116.63 116.54 116.58 116.42 116.35 116.29 116.25 116.10 116.10 115.96 115.89 115.68 115.69 115.63 115.44 115.27 115.19 115.21 115.20 115.08 115.25 115.17 115.12 115.22 115.32 115.30 115.30 115.36 115.43 115.34 115.23 115.01 114.92 114.94 114.88 114.77 114.77 114.81 114.74 114.85 114.96 115.00 115.20 115.27 115.46 115.45 115.54 115.69 115.92 115.99 116.04 115.97 116.19 116.13 116.29 116.42 116.44 116.38 116.35 116.39 116.35 116.24 116.32 116.25 116.28 116.25 116.06 116.12 115.97 116.02 115.95 115.75 115.63 115.66 115.51 115.46 115.41 115.30 115.30 115.24 115.06 115.21 115.18 115.08 115.34 115.21 115.22 115.41 115.59 115.57 115.64 115.66
59°N ||     115.57 115.61 115.58 115.41 115.53 115.49 115.21 115.38 115.37 115.37 115.27 115.16 115.03 114.94 114.77 114.57 114.62 114.44 114.34 114.22 114.12 113.99 113.82 113.70 113.70 113.64 113.58 113.47 113.39 113.30 113.25 113.14 113.09 113.13 113.23 113.13 113.12 113.13 112.98 112.83 112.77 112.73 112.73 112.91 113.02 113.32 113.53 113.75 114.01 114.16 114.28 114.50 114.58 114.72 114.91 115.05 115.25 115.45 115.63 115.89 116.18 116.01 116.37 116.43 116.45 116.52 116.62 116.68 116.71 116.70 116.81 116.79 116.84 116.92 116.94 116.95 116.90 116.99 117.05 117.02 116.92 116.90 116.92 116.85 116.82 116.80 116.76 116.74 116.67 116.51 116.41 116.48 116.33 116.34 116.07 116.17 116.15 116.05 115.84 115.79 115.67 115.62 115.58 115.51 115.51 115.44 115.25 115.26 115.30 115.35 115.46 115.50 115.49 115.49 115.37 115.47 115.47 115.47 115.24 115.14 115.10 115.02 114.84 114.87 114.76 114.78 114.71 114.80 114.89 114.92 115.06 115.03 115.29 115.48 115.41 115.24 115.53 115.61 115.57 115.77 115.90 115.72 115.92 116.05 116.03 115.94 116.04 116.01 116.03 116.03 116.01 116.06 116.04 115.96 115.94 116.00 115.96 115.82 115.82 115.70 115.75 115.59 115.53 115.41 115.35 115.26 115.05 115.08 115.04 115.13 115.19 115.21 115.29 115.27 115.32 115.38 115.49 115.62 115.42 115.54
61°N ||     115.49 115.50 115.48 115.50 115.47 115.53 115.41 115.33 115.39 115.22 115.15 115.16 115.08 114.95 114.83 114.74 114.64 114.56 114.47 114.34 114.22 114.19 114.11 114.04 113.94 113.91 113.82 113.76 113.70 113.69 113.68 113.62 113.66 113.66 113.62 113.58 113.55 113.59 113.54 114.00 113.48 113.46 113.47 113.53 113.58 113.69 113.80 113.97 114.22 114.37 114.43 114.72 114.91 115.04 115.17 115.37 115.52 115.68 115.84 115.95 116.17 116.37 116.45 116.52 116.61 116.93 116.52 116.76 116.79 116.80 116.89 116.76 116.85 116.99 117.05 117.03 117.00 117.02 116.93 116.98 116.93 116.94 116.89 116.91 116.83 116.80 116.71 116.66 116.58 116.51 116.43 116.40 116.38 116.27 116.28 116.27 116.08 115.99 115.96 115.82 115.77 115.69 115.57 115.55 115.52 115.55 115.38 115.49 115.47 115.56 115.54 115.57 115.61 115.60 115.48 115.57 115.49 115.49 115.42 115.20 115.29 115.24 114.78 114.95 114.90 114.83 114.73 114.68 114.74 114.86 114.85 114.91 114.99 114.46 115.00 115.23 115.27 115.23 115.42 115.52 115.58 115.36 115.67 115.73 115.74 115.57 115.69 115.67 115.75 115.80 115.74 115.80 115.74 115.67 115.76 115.77 115.69 115.66 115.68 115.58 115.52 115.56 115.44 115.41 115.35 115.09 115.24 115.19 115.07 115.15 115.10 115.22 115.27 115.24 115.36 115.37 115.31 115.47 115.44 115.34
63°N ||     115.54 115.37 115.37 116.20 115.41 115.46 115.47 115.43 115.39 115.35 115.29 115.15 115.13 115.00 114.95 114.92 114.82 114.76 114.58 114.42 114.16 114.39 114.33 114.26 114.22 114.19 114.11 114.12 114.11 114.04 114.02 113.96 113.94 113.89 113.84 113.81 113.79 113.82 113.81 113.80 113.78 113.84 113.85 113.92 114.03 114.10 114.22 114.28 114.48 114.63 114.87 115.01 115.19 115.37 115.58 115.68 115.80 115.93 116.09 116.11 116.24 116.39 116.53 116.65 116.64 116.67 116.82 116.80 116.78 116.78 116.85 116.80 116.88 116.88 116.92 116.98 116.94 116.87 116.87 116.91 116.90 116.90 116.81 116.75 116.70 116.45 116.51 116.48 116.47 116.44 116.42 116.33 116.21 116.17 116.23 115.93 115.90 115.93 115.88 115.80 115.78 115.69 115.61 115.61 115.63 115.59 115.59 115.61 115.60 115.57 115.65 115.62 115.69 115.62 115.59 115.56 115.54 115.44 115.53 115.42 115.32 115.27 115.25 115.12 115.03 114.95 114.83 114.78 114.74 114.74 114.75 114.82 114.88 114.88 114.97 115.09 115.14 115.13 115.24 115.06 115.34 115.12 115.36 115.46 115.31 115.48 115.47 115.47 115.52 115.52 115.48 115.49 115.60 115.60 115.59 115.53 115.54 115.47 115.52 115.54 115.48 115.41 115.44 115.39 115.22 115.28 115.28 115.30 115.04 115.14 115.17 115.21 115.10 115.27 115.37 115.42 115.37 115.43 115.45 115.47
65°N ||     115.45 115.60 115.47 115.58 115.56 115.51 115.48 115.51 115.23 115.35 115.27 115.27 115.28 115.24 115.41 115.03 114.99 114.92 114.77 114.86 114.80 114.67 114.64 114.61 114.56 114.53 114.39 114.44 114.41 114.37 114.31 114.25 114.23 114.18 114.12 114.06 114.06 114.07 114.03 114.02 114.03 114.10 114.18 114.26 114.38 114.49 114.57 114.71 114.80 114.95 115.08 115.11 115.40 115.66 115.83 116.02 116.18 116.36 116.41 116.44 116.47 116.60 116.65 116.63 116.75 116.79 116.80 116.72 116.78 116.83 116.73 116.76 116.86 116.87 116.87 116.90 116.90 116.84 116.87 116.85 116.88 116.81 116.75 116.45 116.94 117.36 115.76 116.33 116.44 116.34 116.39 116.24 116.27 116.10 116.09 116.01 115.93 115.90 115.90 115.85 115.76 115.76 115.70 115.57 115.68 115.55 115.54 115.59 115.59 115.57 115.65 115.66 115.71 115.62 115.47 115.50 115.64 115.50 115.46 115.54 115.49 115.39 115.36 115.13 115.11 114.91 114.95 114.84 114.82 114.66 114.77 114.73 114.73 114.76 114.86 114.81 114.90 114.93 114.85 114.98 115.08 115.05 115.15 115.17 115.08 115.25 115.23 115.26 115.23 115.26 115.32 115.33 115.33 115.38 115.17 115.39 115.36 115.45 115.42 115.41 115.30 115.28 115.40 115.38 115.26 115.39 115.38 115.17 115.31 115.21 115.35 115.33 115.29 115.30 115.31 115.40 115.27 115.30 115.48 115.15
67°N ||     115.56 115.55 115.62 115.57 115.54 115.67 115.60 115.54 115.59 115.53 115.34 115.38 115.44 115.29 115.32 115.24 115.23 115.18 115.15 115.14 114.94 115.01 114.86 114.80 114.79 114.65 114.78 114.74 114.64 114.60 114.57 114.46 114.49 114.38 114.68 114.27 114.28 114.27 114.24 114.27 114.31 114.37 114.50 114.55 114.63 114.76 114.90 115.06 115.18 115.32 115.49 115.69 115.84 116.04 116.22 116.39 116.56 116.68 116.79 116.90 116.93 116.90 116.82 116.77 116.77 116.77 116.73 116.77 116.84 116.80 116.83 116.83 116.80 116.86 116.86 116.82 116.80 116.70 116.86 116.82 116.80 116.74 116.58 116.53 116.52 116.38 116.35 116.38 116.33 116.36 116.27 116.20 116.19 116.08 116.04 115.95 115.91 115.87 115.83 115.71 115.65 115.71 115.67 115.54 115.58 115.58 115.59 115.53 115.48 115.38 115.45 115.62 115.68 115.61 115.57 115.59 115.46 115.54 115.52 115.50 115.45 115.32 115.36 115.29 115.19 115.12 115.10 114.93 114.83 114.80 114.72 114.63 114.64 114.64 114.54 114.72 114.72 114.76 114.42 114.81 114.88 114.96 114.99 114.92 114.96 114.97 114.78 115.07 115.05 115.09 115.06 115.20 115.17 115.22 115.24 115.23 115.25 115.27 115.28 115.34 115.16 115.19 115.19 115.27 115.24 115.24 115.37 115.37 115.38 115.31 115.38 115.32 115.43 115.40 115.27 115.34 115.36 115.51 115.48 115.53
69°N ||     115.42 115.64 115.66 115.60 115.64 115.66 115.62 115.67 115.52 115.71 115.59 115.57 115.53 115.56 115.38 115.29 115.29 115.41 115.45 115.34 115.35 115.34 115.30 115.26 115.12 115.09 114.71 115.03 115.02 114.83 114.98 114.76 114.80 114.67 114.56 114.49 114.53 114.52 114.55 114.56 114.58 114.73 114.81 114.92 115.01 115.15 115.37 115.56 115.76 115.90 116.00 116.09 116.15 116.28 116.37 116.50 116.58 116.62 116.73 116.76 116.76 116.78 116.76 116.75 116.71 116.74 116.76 116.78 116.73 116.80 116.81 116.78 116.85 116.83 116.71 116.79 116.77 116.70 116.72 116.69 116.62 116.59 116.62 116.54 116.41 116.43 116.28 116.24 116.21 116.16 116.17 116.10 116.00 116.00 115.99 115.80 115.85 115.84 115.79 115.76 115.73 115.73 115.69 115.57 115.60 115.68 115.64 115.58 115.57 115.62 115.37 115.42 115.55 115.54 115.59 115.54 115.48 115.52 115.50 115.38 115.32 115.36 115.32 115.30 115.15 115.12 115.10 115.06 115.00 114.93 114.86 114.74 114.72 114.64 114.56 114.48 114.54 114.66 114.73 114.69 114.72 114.72 114.76 114.76 114.77 114.78 114.82 114.87 114.87 114.84 114.93 114.87 114.94 115.03 115.11 115.15 115.11 115.17 115.35 115.27 115.21 115.20 115.20 115.29 115.29 115.35 115.36 115.43 115.39 115.35 115.33 115.44 115.47 115.51 115.65 115.58 115.53 115.57 115.52 115.47
71°N ||     115.64 115.73 115.80 115.70 115.64 115.73 115.87 115.59 115.71 115.73 115.58 115.64 115.67 115.61 115.72 115.75 115.73 115.65 115.80 115.53 115.42 115.57 115.56 115.50 115.40 115.35 115.26 115.16 115.22 115.06 115.11 115.14 115.16 114.98 115.10 115.12 114.98 114.99 115.03 115.06 115.00 115.19 115.26 115.32 115.45 115.53 115.66 115.83 115.93 116.06 116.16 116.23 116.24 116.22 116.30 116.33 116.36 116.41 116.46 116.46 116.43 116.50 116.51 116.55 116.69 116.62 116.64 116.68 116.78 116.71 116.75 116.71 116.70 116.76 116.68 116.62 116.63 116.67 116.63 116.56 116.51 116.51 116.46 116.39 116.32 116.30 116.24 116.23 116.18 116.06 115.95 115.88 115.93 115.95 115.85 115.84 115.79 115.77 115.75 115.69 115.62 115.56 115.53 115.50 115.58 115.61 115.59 115.52 115.55 115.53 115.60 115.52 115.50 115.50 115.43 115.49 115.41 115.39 115.28 115.37 115.22 115.31 115.28 115.14 115.15 115.13 115.10 115.09 115.03 114.94 114.88 114.89 114.82 114.78 114.67 114.68 114.60 114.56 114.51 114.47 114.40 114.38 114.42 114.47 114.53 114.58 114.66 114.69 114.79 114.76 114.85 114.83 114.82 114.85 114.95 114.92 115.07 115.14 115.20 115.23 115.25 115.15 115.29 115.31 115.33 115.40 115.37 115.41 115.26 115.45 115.44 115.42 115.34 115.49 115.53 115.57 115.68 115.52 115.62 115.59
73°N ||     115.78 115.86 115.88 115.82 115.75 115.92 115.94 115.89 115.89 115.95 116.03 115.92 115.94 115.81 116.07 115.89 115.86 115.82 115.75 115.75 115.80 115.51 115.53 115.62 115.51 115.64 115.51 115.94 115.71 115.60 115.68 115.51 115.44 115.38 115.27 115.37 115.28 115.33 115.37 115.49 115.55 115.63 115.68 115.72 115.82 115.88 115.92 115.97 116.03 116.10 116.20 116.34 116.29 116.30 116.29 116.28 116.23 116.22 116.17 116.23 116.28 116.33 116.37 116.37 116.42 116.49 116.53 116.50 116.50 116.54 116.62 116.68 116.67 116.57 116.63 116.65 116.66 116.57 116.51 116.40 116.42 116.36 116.31 116.26 116.28 116.26 116.21 116.15 116.08 116.07 115.99 115.80 115.81 115.81 115.80 115.66 115.69 115.68 115.63 115.66 115.60 115.60 115.55 115.41 115.52 115.53 115.45 115.42 115.42 115.36 115.43 115.45 115.50 115.48 115.43 115.49 115.50 115.41 115.30 115.23 115.28 115.35 115.31 115.19 115.16 115.12 115.06 115.10 114.98 114.96 114.90 114.85 114.87 114.79 114.81 114.75 114.70 114.64 114.61 114.62 114.65 114.66 114.68 114.69 114.71 114.73 114.75 114.76 114.81 114.83 114.79 114.87 114.86 114.91 114.90 114.90 115.04 115.10 115.13 115.10 115.24 115.23 115.17 115.29 115.38 115.44 115.35 115.44 115.53 115.57 115.04 116.31 115.26 114.15 115.54 115.62 115.77 115.73 115.56 115.69
75°N ||     115.77 115.91 115.84 115.90 115.91 116.05 115.87 115.98 116.01 116.00 116.07 115.97 115.99 116.10 115.99 116.06 116.05 115.83 115.94 116.00 115.93 116.05 116.10 116.19 116.01 115.80 115.84 115.84 115.56 115.66 115.69 115.63 115.79 115.85 115.93 115.73 115.67 115.69 115.59 115.75 115.73 115.79 115.91 115.90 115.90 115.83 115.93 115.99 116.04 116.15 116.22 116.23 116.23 116.25 116.26 116.39 116.23 116.22 116.25 116.27 116.36 116.42 116.46 116.46 116.46 116.43 116.40 116.43 116.48 116.39 116.52 116.52 116.53 116.53 116.50 116.54 116.47 116.47 116.36 116.39 116.31 116.29 116.21 116.36 116.17 116.09 116.03 115.97 115.95 115.96 115.88 115.85 115.81 115.74 115.75 115.71 115.81 115.61 115.56 115.53 115.51 115.50 115.49 115.44 115.46 115.48 115.49 115.44 115.38 115.45 115.41 115.37 115.44 115.43 115.42 115.39 115.36 115.39 115.28 115.28 115.27 115.24 115.16 115.28 115.27 115.22 115.09 115.07 115.06 114.96 115.03 114.99 114.99 114.94 114.84 114.86 114.81 114.80 114.78 114.77 114.74 114.81 114.81 114.67 114.75 114.79 114.84 114.85 114.79 114.79 114.83 114.88 114.90 114.92 114.96 114.96 114.99 115.08 115.13 115.18 115.18 115.26 115.27 115.35 115.38 115.37 115.38 115.42 115.47 115.54 115.54 115.61 115.55 115.81 115.83 115.87 115.87 115.87 115.82 115.73
77°N ||     116.02 115.88 115.60 115.47 115.65 115.98 115.87 115.42 115.46 115.93 116.05 116.06 116.09 116.05 116.04 115.84 115.49 115.53 115.43 115.83 115.59 115.73 116.19 116.51 116.04 115.84 115.83 115.98 115.90 115.89 115.88 115.89 115.95 115.85 115.48 115.83 115.72 115.82 115.78 115.74 115.94 115.91 115.82 115.83 115.92 116.01 116.05 116.09 116.14 116.17 116.19 116.24 116.08 116.31 116.34 116.38 116.41 116.41 116.41 116.42 116.46 115.71 115.75 116.20 116.35 116.32 116.32 116.35 116.27 116.27 116.34 116.36 116.36 116.37 116.32 116.34 116.31 116.32 116.36 116.33 116.27 116.16 116.14 116.11 116.10 116.03 115.89 115.87 115.95 115.90 115.91 115.86 115.77 115.66 115.64 115.69 115.69 115.66 115.62 115.57 115.55 115.55 115.50 115.58 115.49 115.47 115.48 115.46 115.45 115.44 115.44 115.42 115.37 115.30 115.31 115.30 115.36 115.26 115.27 115.16 115.21 115.24 115.25 115.26 115.24 115.26 115.21 115.18 115.13 115.07 115.10 115.03 114.98 114.90 114.58 114.82 114.92 114.92 114.95 114.91 114.85 114.86 114.85 114.84 114.85 114.82 114.88 114.83 114.86 114.80 114.87 114.92 114.91 114.95 115.00 115.02 115.06 115.08 115.03 115.11 115.14 115.22 115.32 115.38 115.40 115.40 115.45 115.54 115.55 115.51 115.60 115.53 115.59 115.67 115.64 115.87 115.99 115.96 115.87 115.95
79°N ||     115.70 115.56 115.57 115.68 115.71 115.66 115.62 115.62 115.66 115.64 115.66 115.48 115.77 115.72 115.75 115.85 115.85 115.90 115.90 115.84 115.81 115.95 115.93 115.96 116.02 116.07 115.98 115.72 115.80 115.67 115.74 115.78 115.83 115.84 115.80 115.87 115.83 115.94 115.92 115.92 115.94 115.97 115.97 115.92 115.86 115.89 115.93 115.98 116.01 116.10 116.18 116.15 116.19 116.23 116.28 116.29 116.25 116.31 116.38 116.38 116.43 116.46 116.45 116.48 116.42 116.43 116.50 116.45 116.35 116.29 116.22 116.19 116.11 116.14 116.15 115.97 115.93 115.97 116.09 116.10 115.98 116.04 115.86 115.32 115.64 115.99 114.70 114.93 115.68 114.22 114.72 115.32 114.96 114.50 115.15 114.31 114.48 115.24 114.94 114.55 114.68 114.78 114.93 115.38 115.42 115.34 115.40 115.41 115.43 115.41 115.39 115.39 115.37 115.36 115.30 115.32 115.30 115.29 115.27 115.04 115.63 115.01 115.21 115.17 115.14 115.18 115.14 115.10 115.11 115.11 115.11 115.11 115.08 115.09 115.07 115.07 115.09 115.08 115.02 115.04 115.00 114.95 114.87 114.89 114.89 114.80 114.70 114.71 114.77 114.83 114.86 114.82 114.92 114.98 114.97 115.06 115.03 115.10 115.08 115.09 115.14 115.22 115.25 115.34 115.35 115.42 115.39 115.38 115.43 115.56 115.56 115.59 115.60 115.65 115.68 115.62 115.61 115.76 115.76 115.73
81°N ||     114.69 114.71 114.74 114.81 114.75 114.76 114.79 114.78 114.79 114.82 114.86 114.88 114.92 114.94 114.99 115.02 115.03 115.06 115.06 115.09 115.10 115.14 115.17 115.22 115.26 115.33 115.43 115.54 115.54 115.62 115.71 115.60 115.62 115.82 115.27 115.27 115.06 115.36 114.69 114.85 115.09 115.21 115.71 115.72 115.74 115.83 115.91 115.87 115.67 115.63 115.07 115.05 114.83 115.05 115.60 115.18 115.08 115.06 115.07 115.20 115.90 115.71 115.80 115.81 115.90 115.97 116.07 115.68 115.50 115.18 115.19 115.20 114.66 114.93 114.70 114.36 114.13 114.34 114.08 113.83 113.79 113.46 113.51 113.34 113.33 113.41 113.16 113.13 113.15 113.04 113.12 113.26 112.96 112.96 113.26 113.03 113.07 112.87 112.87 112.90 113.26 113.36 113.34 113.34 113.39 113.48 113.12 114.02 114.11 114.88 114.82 114.15 114.44 115.14 114.77 114.87 114.55 114.70 114.99 114.35 114.40 114.29 114.39 114.43 114.72 115.10 114.53 114.63 114.63 114.61 114.69 114.65 114.65 114.68 114.70 114.73 114.82 114.93 115.04 115.04 115.04 115.04 115.03 115.00 115.03 114.96 114.97 115.00 115.01 115.08 115.07 115.11 115.11 115.14 115.13 115.11 115.11 115.15 115.16 115.11 115.12 115.15 115.18 115.18 115.18 115.17 115.14 115.11 115.09 115.00 114.91 114.93 114.91 114.90 114.88 114.82 114.77 114.71 114.71 114.69
83°N ||     114.27 114.27 114.28 114.28 114.29 114.28 114.29 114.31 114.32 114.35 114.38 114.42 114.43 114.47 114.49 114.54 114.59 114.60 114.68 114.69 114.73 114.74 114.75 114.74 114.73 114.67 114.83 114.79 114.74 114.09 113.94 113.72 114.01 114.14 113.74 113.96 113.67 113.70 113.72 113.62 113.47 113.62 113.37 113.24 113.25 113.44 113.41 113.36 113.46 113.56 113.74 113.93 114.18 114.27 113.82 113.94 113.72 113.56 113.55 113.71 113.59 114.37 114.31 115.21 115.39 115.60 115.77 115.88 115.85 115.48 115.17 114.78 114.45 114.22 114.10 113.87 113.75 113.61 113.51 113.45 113.40 113.32 113.26 113.22 113.14 113.08 113.04 112.99 112.96 112.96 112.96 112.95 112.94 112.91 112.88 112.85 112.82 112.80 112.79 112.77 112.75 112.73 112.71 112.69 112.67 112.66 112.65 112.64 112.66 112.76 112.91 113.11 113.07 113.15 112.97 113.12 113.34 113.41 113.28 113.16 113.09 113.12 113.39 113.19 113.27 113.13 113.25 113.29 113.19 113.25 113.09 113.12 113.25 113.45 113.37 113.34 113.40 113.22 113.32 113.34 113.49 113.85 113.93 114.07 114.54 114.50 114.83 115.03 115.06 115.02 114.98 114.96 114.95 114.96 115.02 115.04 115.02 115.00 114.92 114.89 114.86 114.84 114.81 114.77 114.73 114.70 114.65 114.61 114.59 114.57 114.53 114.52 114.47 114.45 114.43 114.41 114.36 114.32 114.29 114.28
85°N ||     114.51 114.36 114.50 114.66 114.75 115.00 113.68 113.54 113.80 113.99 113.37 113.72 113.52 113.41 113.56 113.77 113.06 112.87 112.84 112.85 112.86 113.08 113.59 113.28 113.31 113.46 113.81 113.54 113.49 113.72 113.66 112.72 112.79 113.11 112.82 112.72 112.70 112.70 112.71 112.74 112.73 112.83 112.77 112.70 112.74 112.69 112.66 112.68 112.67 112.77 112.77 112.74 112.81 113.00 112.99 112.88 112.90 112.93 113.00 113.08 113.12 113.02 113.16 113.06 113.02 113.03 113.31 113.32 113.72 113.94 114.09 114.39 114.15 114.12 114.09 114.24 114.42 114.62 114.70 114.72 114.80 114.82 114.41 114.01 113.60 113.54 113.60 113.68 113.81 114.07 114.53 114.51 113.17 112.96 112.95 113.03 112.97 112.91 112.81 112.75 112.73 112.79 112.71 112.68 112.65 112.64 112.62 112.61 112.60 112.59 112.59 112.59 112.60 112.60 112.61 112.61 112.62 112.63 112.64 112.63 112.64 112.66 112.67 112.65 112.64 112.64 112.64 112.64 112.65 112.64 112.64 112.63 112.63 112.64 112.66 112.66 112.73 112.72 112.70 112.87 112.68 112.68 112.67 112.99 113.01 113.04 113.15 113.47 113.16 112.96 113.09 112.96 113.26 113.35 113.59 113.82 113.35 113.57 113.74 113.85 113.79 113.55 113.68 114.11 113.95 114.02 114.24 114.67 114.42 114.76 114.48 114.26 114.11 113.95 114.12 114.37 114.53 114.19 114.20 114.25
87°N ||     112.55 112.57 112.56 112.57 112.58 112.61 112.60 112.62 112.55 112.55 112.55 112.55 112.55 112.55 112.55 112.55 112.55 112.55 112.55 112.55 112.55 112.56 112.57 112.55 112.55 112.55 112.55 112.54 112.54 112.55 112.55 112.55 112.55 112.56 112.56 112.55 112.56 112.56 112.56 112.56 112.55 112.55 112.55 112.55 112.55 112.56 112.57 112.57 112.56 112.56 112.56 112.56 112.56 112.56 112.55 112.55 112.55 112.57 112.57 112.57 112.55 112.55 112.55 112.55 112.55 112.55 112.55 112.55 112.55 112.55 112.59 112.83 112.89 112.78 112.71 112.69 112.70 112.67 112.64 112.69 112.60 112.57 112.57 112.57 112.58 112.57 112.58 112.62 112.60 112.60 112.57 112.56 112.58 112.56 112.55 112.55 112.55 112.55 112.55 112.55 112.55 112.55 112.55 112.55 112.55 112.55 112.55 112.55 112.55 112.55 112.55 112.55 112.55 112.55 112.55 112.55 112.55 112.55 112.55 112.55 112.55 112.55 112.56 112.56 112.57 112.57 112.55 112.55 112.55 112.55 112.55 112.55 112.55 112.56 112.56 112.56 112.56 112.56 112.56 112.56 112.56 112.56 112.56 112.56 112.56 112.56 112.55 112.55 112.55 112.55 112.55 112.55 112.55 112.55 112.55 112.55 112.55 112.56 112.55 112.55 112.55 112.56 112.56 112.58 112.57 112.58 112.58 112.61 112.62 112.63 112.60 112.64 112.66 112.63 112.64 112.62 112.62 112.68 112.72 112.59
89°N ||     112.59 112.59 112.59 112.58 112.58 112.59 112.60 112.60 112.60 112.60 112.60 112.60 112.60 112.60 112.60 112.61 112.61 112.61 112.61 112.61 112.61 112.61 112.61 112.61 112.61 112.61 112.61 112.61 112.62 112.62 112.62 112.62 112.63 112.63 112.63 112.63 112.63 112.63 112.63 112.63 112.63 112.63 112.63 112.63 112.63 112.63 112.63 112.63 112.63 112.63 112.63 112.63 112.63 112.62 112.62 112.62 112.61 112.61 112.61 112.61 112.61 112.61 112.61 112.61 112.60 112.60 112.60 112.60 112.60 112.60 112.60 112.60 112.59 112.59 112.59 112.59 112.59 112.59 112.58 112.58 112.58 112.58 112.58 112.58 112.58 112.58 112.58 112.58 112.58 112.58 112.58 112.58 112.58 112.58 112.58 112.58 112.59 112.58 112.57 112.57 112.58 112.58 112.58 112.59 112.59 112.59 112.59 112.59 112.59 112.60 112.60 112.60 112.60 112.60 112.60 112.60 112.60 112.60 112.61 112.61 112.61 112.61 112.61 112.61 112.60 112.61 112.61 112.61 112.61 112.61 112.61 112.61 112.61 112.61 112.62 112.62 112.62 112.62 112.63 112.63 112.63 112.63 112.63 112.63 112.63 112.63 112.63 112.63 112.63 112.63 112.62 112.62 112.62 112.62 112.62 112.61 112.61 112.61 112.61 112.61 112.61 112.61 112.61 112.61 112.61 112.61 112.61 112.61 112.61 112.61 112.60 112.60 112.60 112.60 112.60 112.59 112.59 112.59 112.59 112.59
