Mars Surface Radiation Result (absorbed dose in thin silicon slab) (1E-6 Gy/day).
Column 1 is East longitude (°)
Line 1 is North latitude (°)

-179  -177  -175  -173  -171  -169  -167  -165  -163  -161  -159  -157  -155  -153  -151  -149  -147  -145  -143  -141  -139  -137  -135  -133  -131  -129  -127  -125  -123  -121  -119  -117  -115  -113  -111  -109  -107  -105  -103  -101  -99  -97  -95  -93  -91  -89  -87  -85  -83  -81  -79  -77  -75  -73  -71  -69  -67  -65  -63  -61  -59  -57  -55  -53  -51  -49  -47  -45  -43  -41  -39  -37  -35  -33  -31  -29  -27  -25  -23  -21  -19  -17  -15  -13  -11  -9  -7  -5  -3  -1  1  3  5  7  9  11  13  15  17  19  21  23  25  27  29  31  33  35  37  39  41  43  45  47  49  51  53  55  57  59  61  63  65  67  69  71  73  75  77  79  81  83  85  87  89  91  93  95  97  99  101  103  105  107  109  111  113  115  117  119  121  123  125  127  129  131  133  135  137  139  141  143  145  147  149  151  153  155  157  159  161  163  165  167  169  171  173  175  177  179  
--------------------------------------------------------------------------------------------------
-89°N ||     108.00 108.05 108.09 108.11 108.10 108.09 108.09 108.10 108.13 108.16 108.30 108.34 108.32 108.37 108.51 108.59 108.64 108.71 108.72 108.64 108.58 108.68 108.68 108.64 108.59 108.56 108.51 108.51 108.57 108.54 108.60 108.68 108.63 108.58 108.64 108.59 108.52 108.47 108.37 108.29 108.22 108.15 108.10 108.07 108.05 108.06 108.05 108.07 108.06 108.05 108.03 108.03 108.01 108.01 108.01 108.02 107.95 107.93 107.91 107.93 107.92 107.92 107.94 107.91 107.93 107.96 107.97 107.85 107.80 107.82 107.78 107.79 107.79 107.80 107.76 107.74 107.73 107.73 107.71 107.72 107.71 107.74 107.75 107.74 107.76 107.76 107.76 107.76 107.76 107.77 107.78 107.80 107.80 107.79 107.79 107.81 107.80 107.80 107.80 107.78 107.75 107.76 107.76 107.76 107.77 107.78 107.78 107.79 107.80 107.80 107.81 107.80 107.78 107.81 107.87 107.91 107.91 107.91 107.93 107.95 107.97 107.98 107.99 108.02 108.05 108.08 108.09 108.11 108.14 108.15 108.16 108.17 108.19 108.20 108.22 108.25 108.26 108.26 108.26 108.27 108.23 108.23 108.20 108.16 108.17 108.16 108.15 108.11 108.08 108.05 108.05 108.04 108.04 108.01 108.00 108.00 108.00 107.99 107.99 108.00 107.99 107.98 107.97 107.94 107.94 107.92 107.92 107.93 107.93 107.94 107.96 107.98 107.99 108.00 108.00 108.01 108.01 108.01 108.00 108.01
-87°N ||     109.18 109.24 109.25 109.33 109.31 109.36 109.31 109.30 109.29 109.24 109.24 109.23 109.18 109.11 109.08 109.07 109.08 109.09 109.09 109.06 109.06 109.09 109.17 109.19 109.17 109.13 109.13 109.06 109.11 109.00 109.16 109.17 109.07 109.05 109.04 109.06 109.06 109.04 109.03 108.98 108.92 108.96 108.94 108.93 108.91 108.91 108.91 108.87 108.84 108.80 108.69 108.82 108.67 108.45 108.49 108.45 108.36 108.26 108.21 108.20 108.38 107.96 108.07 107.86 107.80 107.79 107.73 107.69 107.66 107.66 107.66 107.68 107.75 107.73 107.47 107.42 107.36 107.27 107.26 107.45 107.16 106.99 106.99 106.91 106.89 106.90 106.93 106.96 107.00 107.02 107.05 107.03 107.00 106.96 106.95 107.39 107.29 107.46 107.26 107.42 107.40 107.43 107.54 107.55 107.59 107.68 107.73 107.87 107.94 107.98 107.84 107.83 107.88 107.91 107.94 107.95 108.00 108.03 108.09 108.10 108.16 108.20 108.21 108.25 108.31 108.30 108.31 108.36 108.41 108.40 108.44 108.45 108.46 108.51 108.60 108.70 108.76 108.85 108.81 108.69 108.60 108.56 108.54 108.52 108.49 108.49 108.44 108.24 108.21 108.20 108.20 108.21 108.25 108.25 108.24 108.25 108.30 108.38 108.45 108.44 108.49 108.53 108.59 108.61 108.68 108.73 108.80 108.84 108.93 108.96 109.07 109.08 109.09 109.09 109.12 109.04 108.87 108.95 109.17 109.30
-85°N ||     108.62 108.64 108.67 108.68 108.68 108.68 108.69 108.72 108.72 108.72 108.72 108.72 108.74 108.79 108.75 108.71 108.72 108.79 108.79 108.79 108.79 108.80 108.82 108.83 108.82 108.82 108.84 108.91 108.95 109.04 109.24 109.27 109.26 109.26 109.28 109.22 109.35 109.32 109.27 109.22 109.36 109.55 109.52 109.55 109.44 109.43 109.36 109.29 109.23 109.16 109.18 109.09 109.09 109.08 109.27 109.34 109.13 109.02 109.05 109.28 109.20 108.50 108.42 108.47 108.57 108.63 108.48 108.55 108.53 108.20 108.39 108.35 108.10 108.04 108.09 107.85 108.14 108.38 108.65 108.37 108.24 108.18 108.25 108.27 108.35 108.24 108.18 108.08 108.08 108.19 108.08 108.09 108.17 108.11 108.11 108.14 108.18 108.21 108.20 108.24 108.20 108.34 108.61 108.84 108.78 108.74 108.72 108.72 108.68 108.71 108.76 108.79 108.81 108.84 108.67 108.69 108.74 108.75 108.71 108.66 108.66 108.67 108.69 108.75 108.81 108.86 108.86 108.81 108.81 108.77 108.74 108.72 108.69 108.69 108.71 108.76 109.09 109.63 109.79 109.69 109.41 109.27 109.21 109.25 108.99 108.86 108.79 108.72 108.75 108.79 108.72 108.73 108.76 108.85 108.94 108.97 108.97 108.98 108.95 108.95 108.94 108.84 108.75 108.70 108.68 108.74 108.78 108.83 108.91 109.01 108.88 108.91 108.88 108.85 108.80 108.76 108.73 108.71 108.65 108.62
-83°N ||     108.66 108.67 108.69 108.70 108.71 108.71 108.73 108.74 108.75 108.77 108.78 108.80 108.82 108.84 108.84 108.84 108.86 108.88 108.90 108.92 108.94 108.96 108.98 109.01 109.04 109.08 109.11 109.15 109.21 109.29 109.25 109.15 109.13 109.09 109.16 109.24 109.25 109.23 109.27 109.30 109.15 109.16 109.19 109.21 109.23 109.26 109.24 109.54 109.61 109.66 109.60 109.61 109.57 109.58 109.60 109.59 109.55 109.71 109.73 109.68 109.42 109.64 109.59 109.51 109.68 109.49 109.49 109.48 109.72 109.54 109.72 109.86 109.95 109.96 109.91 109.84 109.85 109.83 109.85 109.91 109.91 109.90 109.83 109.85 109.86 109.82 109.79 109.79 109.83 109.82 109.69 109.69 109.73 109.85 109.69 109.66 109.61 109.57 109.56 109.45 109.55 109.22 109.31 109.14 109.39 109.52 109.54 109.40 109.33 109.35 109.38 109.45 109.56 109.59 109.61 109.57 109.37 109.38 109.35 109.35 109.31 109.29 109.12 109.07 109.11 109.14 109.14 109.05 109.04 109.12 109.08 109.09 109.18 109.18 109.28 109.55 109.87 109.84 109.85 109.84 109.85 109.34 109.29 109.32 109.30 109.37 109.35 109.31 109.30 109.29 109.26 109.19 109.13 109.10 109.06 108.98 108.93 108.95 109.11 109.29 109.53 109.66 109.42 109.15 108.76 108.76 108.58 108.53 108.51 108.50 108.56 108.68 108.96 108.97 108.81 108.68 108.63 108.61 108.62 108.64
-81°N ||     108.81 108.86 108.86 108.94 108.81 108.85 108.88 108.91 108.94 108.98 109.02 109.06 109.15 109.18 109.06 109.06 109.08 109.11 109.15 109.18 109.21 109.24 109.25 109.28 109.30 109.33 109.37 109.39 109.41 109.43 109.45 109.53 109.52 109.53 109.59 109.57 109.46 109.49 109.48 109.49 109.60 109.53 109.36 109.40 109.30 109.24 109.28 109.39 109.41 109.35 109.45 109.39 109.53 109.93 109.72 109.84 109.99 109.82 109.97 109.92 109.77 109.85 109.88 109.87 109.85 109.82 109.84 109.85 109.82 109.79 109.85 109.78 109.70 109.72 109.75 109.75 109.71 109.70 109.71 109.75 109.91 109.72 109.62 109.60 109.58 109.60 109.60 109.61 109.60 109.60 109.59 109.61 109.55 109.45 109.32 109.11 108.59 107.98 108.71 108.78 109.14 109.35 109.31 109.37 109.53 109.62 109.68 109.78 109.76 109.71 109.60 109.74 109.78 109.82 109.81 109.84 109.85 109.88 109.87 109.87 109.86 109.87 109.84 109.82 109.81 109.81 109.67 109.69 109.72 109.74 109.76 109.84 109.86 109.89 109.90 109.89 109.87 109.62 109.21 109.09 109.06 109.04 109.03 109.13 109.18 109.20 109.16 109.25 109.30 109.34 109.41 109.44 109.49 109.39 109.44 109.54 109.61 109.44 109.37 109.38 109.59 109.47 109.37 109.37 109.43 109.38 109.60 109.28 108.86 108.67 108.67 108.75 108.84 108.98 109.13 108.78 108.84 108.84 108.73 108.76
-79°N ||     108.98 109.01 109.02 109.08 109.08 109.06 109.06 109.09 109.10 109.21 109.14 109.19 109.22 109.24 109.29 109.35 109.29 109.38 109.26 109.39 109.35 109.37 109.36 109.57 109.76 109.30 109.52 109.72 109.66 109.71 109.68 109.68 109.67 109.68 109.70 109.72 109.72 109.72 109.67 109.66 109.67 109.55 109.83 109.89 109.46 109.58 109.58 109.51 109.49 109.57 109.65 109.62 109.89 109.84 109.85 109.94 110.03 109.53 109.82 109.55 109.92 109.83 109.54 109.77 109.76 109.88 109.89 109.87 109.86 109.85 109.84 109.86 109.85 109.86 109.85 109.83 109.84 109.86 109.86 109.78 109.82 109.89 109.77 109.75 109.77 109.87 109.71 109.80 109.72 109.74 109.77 109.73 109.72 109.58 109.04 109.06 108.76 109.11 109.45 109.58 109.52 109.65 109.67 109.69 109.71 109.79 109.71 109.77 109.66 109.77 109.58 109.71 109.64 109.63 109.47 109.41 109.74 109.79 109.89 109.90 109.92 109.91 109.92 109.91 109.92 109.91 109.90 109.91 109.91 109.92 109.90 109.89 109.91 109.91 109.91 109.91 109.93 109.93 109.91 109.91 109.91 109.92 109.80 109.64 109.73 109.48 109.25 109.25 109.25 109.19 109.23 109.28 109.47 109.91 109.86 109.50 109.40 109.65 109.09 109.10 109.41 109.13 108.96 108.88 108.84 108.90 108.81 109.03 108.90 108.87 108.87 108.90 108.96 108.80 108.75 108.82 108.87 108.93 108.93 108.94
-77°N ||     109.36 109.23 109.20 109.19 109.15 109.29 109.27 109.44 109.42 109.45 109.43 109.45 109.60 109.52 109.50 109.52 109.56 109.56 109.62 109.56 109.54 109.57 109.55 109.59 109.57 109.63 109.71 109.74 109.68 109.72 109.71 109.73 109.73 109.73 109.73 109.74 109.73 109.74 109.73 109.74 109.74 109.75 109.72 109.67 109.65 109.55 109.29 109.62 109.24 109.39 109.76 109.71 109.61 109.31 109.40 109.54 109.64 109.62 109.69 109.67 109.80 109.88 109.81 109.85 109.91 109.91 109.90 109.92 109.92 109.91 109.91 109.91 109.89 109.90 109.90 109.89 109.88 109.83 109.75 109.77 109.75 109.68 109.65 109.57 109.70 109.80 109.74 109.75 109.65 109.72 109.73 109.72 109.55 109.49 109.42 109.32 108.99 108.73 109.44 109.89 110.00 110.03 110.02 109.63 109.74 109.67 109.68 109.76 109.65 109.78 109.67 109.64 109.63 109.79 109.92 109.86 109.65 109.59 109.38 109.26 109.20 108.98 108.90 109.21 109.46 109.70 109.82 109.81 109.78 109.70 109.45 109.67 109.72 109.50 109.74 109.81 109.91 109.88 109.79 109.73 109.62 109.62 109.49 109.68 109.93 109.91 109.86 109.82 109.52 109.54 109.58 109.20 109.53 109.67 109.66 109.28 109.10 109.14 109.02 109.04 109.08 108.99 108.97 109.10 109.04 109.00 109.07 109.12 109.14 109.12 109.07 109.12 109.22 109.06 109.07 109.09 109.19 109.27 109.31 109.22
-75°N ||     109.45 109.50 109.40 109.47 109.38 109.38 109.43 109.70 109.54 109.50 109.87 109.95 109.58 109.66 109.67 109.71 109.63 109.68 109.68 109.60 109.60 109.69 109.70 109.76 109.70 109.73 109.75 109.76 109.75 109.74 109.74 109.73 109.75 109.74 109.55 109.71 109.72 109.71 109.71 109.71 109.69 109.67 109.68 109.68 109.71 109.73 109.71 109.68 109.60 109.56 109.61 109.38 109.29 109.47 109.71 109.75 109.73 109.86 109.91 109.92 109.93 109.93 109.92 109.90 109.89 109.89 109.88 109.80 109.86 109.82 109.80 109.76 109.76 109.70 109.68 109.71 109.65 109.72 109.65 109.68 109.72 109.73 109.76 109.70 109.84 109.75 109.75 109.81 109.74 109.74 109.71 109.57 109.51 109.66 109.72 109.72 109.71 109.71 109.73 109.67 109.60 109.65 109.65 109.62 109.74 109.75 109.76 109.68 109.69 109.64 109.61 109.54 109.33 109.40 109.52 109.23 109.43 109.35 109.23 109.31 109.17 109.13 109.49 109.63 109.56 109.43 109.91 109.37 109.45 109.45 109.50 109.69 109.65 109.60 109.57 109.48 109.62 109.17 108.98 108.75 108.70 109.06 109.96 109.91 109.94 109.50 109.76 109.49 109.81 109.91 109.87 109.84 109.82 109.82 109.85 109.43 108.89 108.86 108.84 108.84 108.82 108.91 109.23 109.17 109.24 108.94 108.98 109.07 109.10 109.10 109.14 109.14 109.16 109.28 109.28 109.31 109.37 109.34 109.37 109.39
-73°N ||     109.85 109.43 109.70 109.70 109.67 109.54 109.81 109.71 109.73 109.72 109.54 109.39 109.72 109.53 109.66 109.73 109.70 109.69 109.67 109.62 109.55 109.39 109.80 109.29 109.41 109.76 109.67 109.66 109.67 109.69 109.70 109.70 109.73 109.60 109.57 109.43 109.54 109.69 109.65 109.67 109.68 109.69 109.66 109.68 109.70 109.70 109.71 109.62 109.82 110.07 110.08 110.11 110.10 109.64 109.85 109.86 109.92 109.93 109.94 109.94 109.95 109.94 109.93 109.90 109.92 109.78 109.83 109.90 109.91 109.92 109.91 109.83 109.75 109.80 109.77 109.72 109.69 109.74 109.83 109.68 109.69 109.70 109.71 109.84 109.77 109.86 109.90 109.88 109.84 109.86 109.75 109.74 109.59 109.74 109.73 109.76 109.82 109.82 109.82 109.81 109.82 109.82 109.85 109.83 109.80 109.77 109.83 109.65 109.62 109.56 109.33 109.16 109.29 109.53 109.71 109.59 109.67 109.62 109.66 109.49 109.55 109.37 109.26 109.23 109.39 109.37 109.52 109.53 109.64 109.62 109.60 109.64 109.65 109.68 109.72 109.73 109.72 109.77 109.65 109.51 109.66 109.03 109.12 109.42 109.47 109.49 109.53 109.61 109.79 109.75 109.69 109.29 109.63 109.82 109.91 109.96 109.75 109.33 108.90 109.12 108.98 109.13 109.36 109.36 109.05 109.19 109.38 109.45 109.38 109.54 109.83 109.75 109.60 109.54 109.54 109.52 109.58 109.50 109.52 109.81
-71°N ||     109.79 109.81 109.85 109.87 109.90 109.95 109.99 109.97 109.97 109.98 109.98 109.76 109.48 109.34 109.00 109.01 109.36 109.42 109.82 109.52 109.55 109.48 109.38 109.42 110.04 109.65 109.67 109.68 109.63 109.54 109.58 109.53 109.53 109.61 109.58 109.57 109.54 109.67 109.61 109.62 109.68 109.61 109.68 109.65 109.67 109.68 109.57 109.50 109.53 109.84 110.04 110.01 110.08 109.53 109.86 109.90 109.92 109.94 109.92 109.93 109.95 109.85 109.81 109.85 109.89 109.92 109.92 109.88 109.89 109.54 109.67 109.76 109.71 109.79 109.67 109.74 109.71 109.52 109.42 109.36 109.30 109.73 109.73 109.72 109.78 109.79 109.84 109.77 109.85 109.81 109.95 109.92 109.80 109.83 109.83 109.77 109.74 109.47 109.73 109.83 109.87 109.79 109.80 109.81 109.80 109.82 109.69 109.28 109.45 109.60 109.60 109.64 109.64 109.71 109.72 109.68 109.77 109.70 109.75 109.78 109.75 109.81 109.82 109.75 109.77 109.68 109.43 109.53 109.94 109.94 109.60 109.67 109.57 108.99 109.42 109.51 109.56 109.34 109.22 109.38 109.48 109.28 109.64 109.73 109.83 109.84 109.82 109.72 109.72 109.77 109.88 109.85 109.92 109.85 110.06 110.09 110.08 110.00 109.88 109.81 109.89 109.83 109.75 109.87 109.92 109.90 109.89 109.83 109.78 109.92 109.80 109.89 109.85 109.86 109.67 109.66 109.68 109.71 109.57 109.74
-69°N ||     109.54 109.58 109.72 109.81 109.65 110.08 110.04 109.97 110.01 110.00 109.99 109.92 109.71 109.75 109.56 109.59 109.11 109.19 109.35 109.58 109.72 109.63 109.49 109.41 109.41 109.67 109.60 109.65 109.49 109.70 109.33 109.37 109.33 109.46 109.49 109.53 109.65 109.67 109.71 109.71 109.73 109.71 109.70 109.73 109.74 109.89 109.66 109.78 109.79 109.79 109.81 109.86 109.86 109.90 109.90 109.89 109.90 109.91 109.84 109.84 109.78 109.91 109.90 109.94 109.90 109.82 109.61 109.62 109.65 109.66 109.64 109.68 109.69 109.78 109.82 109.90 109.83 109.65 109.41 109.55 109.61 109.77 109.74 109.61 109.61 109.52 109.55 109.54 109.65 109.75 109.76 109.81 109.39 109.82 109.85 109.82 109.86 109.86 109.85 109.87 109.85 109.84 109.86 109.84 109.75 109.63 109.34 109.81 109.88 109.83 109.77 109.69 109.73 109.68 109.73 109.55 109.52 109.74 109.87 109.93 109.98 109.94 109.95 109.97 109.96 109.94 109.83 109.69 109.59 109.58 109.73 109.69 109.67 109.63 109.94 109.51 109.00 109.18 109.21 109.30 109.40 109.40 109.23 109.29 109.53 109.71 109.75 109.65 109.82 109.85 109.85 109.88 109.72 108.94 109.85 110.05 110.01 109.21 110.05 110.03 110.01 109.95 109.92 109.90 109.81 109.71 109.61 109.62 109.32 109.19 109.61 109.82 109.81 109.73 109.67 109.61 109.57 109.53 109.62 109.61
-67°N ||     110.02 109.49 109.37 109.70 109.72 109.76 109.78 109.95 109.97 110.00 110.01 110.01 109.96 109.91 109.79 109.67 109.53 109.31 109.26 109.11 109.10 108.95 109.14 109.15 109.34 109.33 109.27 109.22 109.42 109.09 109.09 109.09 109.34 109.97 109.36 109.48 109.50 109.76 109.67 109.68 109.72 109.72 109.70 109.71 109.72 109.74 109.73 109.78 109.78 109.77 109.78 109.82 109.84 109.84 109.81 109.87 109.92 109.88 109.90 109.87 109.68 109.82 109.90 109.90 109.81 109.72 110.13 110.13 110.09 109.65 109.70 109.72 109.75 109.82 109.87 109.75 109.62 109.39 109.41 109.28 109.43 109.45 109.59 109.59 109.72 109.68 109.73 109.74 109.74 109.74 109.76 109.82 109.79 109.84 109.82 109.86 109.82 109.80 109.80 109.74 109.74 109.47 109.38 109.40 109.24 109.49 109.94 110.06 110.05 109.94 109.92 109.78 109.80 109.68 109.73 109.70 109.83 109.87 109.96 109.97 109.96 109.96 109.97 109.97 109.95 110.01 110.00 110.04 110.04 109.91 109.65 109.38 109.61 109.68 109.37 109.30 109.24 109.04 109.29 108.92 109.06 109.25 109.27 109.64 109.55 109.53 109.31 109.46 109.65 109.77 109.87 109.89 109.83 109.89 109.92 109.93 109.94 109.91 109.84 109.90 109.88 109.90 109.83 109.75 109.83 109.81 109.81 109.80 109.78 109.61 109.84 109.74 109.71 109.63 109.43 109.66 109.40 109.40 109.42 109.62
-65°N ||     109.54 109.36 109.20 109.42 109.44 109.81 109.83 109.96 109.95 109.98 109.97 110.00 110.00 109.99 109.96 109.90 109.85 109.82 109.78 109.65 109.42 109.36 109.39 109.28 109.45 109.42 109.26 109.56 109.51 109.27 109.16 109.32 109.22 109.34 109.44 109.50 109.52 109.56 109.57 109.66 109.68 109.72 109.73 109.74 109.77 109.78 109.77 109.77 109.79 109.78 109.75 109.71 109.69 109.74 109.80 109.85 109.85 109.85 109.81 109.45 109.80 109.91 109.96 110.00 109.81 109.90 109.85 109.85 109.73 109.71 109.79 109.75 109.78 109.83 109.90 109.86 109.70 109.63 109.47 109.31 109.33 109.48 109.80 109.62 109.70 109.72 109.72 109.69 109.60 109.75 109.75 109.77 109.75 109.81 109.74 109.82 109.90 109.85 109.76 109.78 109.69 109.70 109.65 109.61 109.45 109.58 109.52 109.63 109.67 109.63 109.62 109.57 109.62 109.81 109.92 110.04 110.03 110.00 109.95 109.92 109.93 109.98 110.01 110.01 110.04 110.03 110.02 110.03 110.03 110.04 109.76 109.73 109.70 109.65 110.07 109.43 109.40 109.44 109.61 109.12 109.10 109.11 109.34 109.36 109.38 109.18 109.09 109.64 109.51 109.41 109.76 109.74 109.69 109.87 109.86 109.25 109.53 109.61 109.83 109.72 109.46 109.53 109.81 109.67 109.75 109.85 109.80 109.83 109.81 109.79 109.65 109.61 109.52 109.23 109.66 109.76 109.59 109.51 109.33 109.27
-63°N ||     109.51 109.50 109.64 109.37 109.23 109.46 109.71 109.75 109.86 109.84 109.93 109.87 109.96 109.94 109.95 109.90 109.92 109.93 109.90 109.70 109.46 109.44 109.31 109.36 109.31 109.39 109.39 109.30 109.27 109.31 109.28 109.36 109.48 109.49 109.47 109.36 109.26 109.43 109.62 109.50 109.70 109.57 109.48 109.66 109.68 109.66 109.59 109.72 109.69 109.68 109.59 109.61 109.69 109.86 109.77 109.52 109.69 109.92 109.87 109.88 109.86 109.86 109.91 109.98 110.07 110.01 109.79 110.01 109.73 109.92 109.84 109.77 109.78 109.74 109.77 109.95 109.99 109.97 109.94 109.81 109.73 109.58 109.63 109.63 109.64 109.66 109.72 109.73 109.73 109.72 109.72 109.73 109.77 109.75 109.77 109.69 109.75 109.78 109.71 109.81 109.82 109.71 109.74 109.81 109.76 109.65 109.58 109.48 109.50 109.40 109.62 109.69 109.82 109.99 110.08 110.09 110.10 110.06 110.02 110.00 109.98 109.97 109.99 110.00 110.05 110.07 110.05 110.04 110.04 110.05 110.00 109.82 109.77 109.86 109.71 109.50 109.36 109.44 109.36 108.92 109.78 109.23 109.50 109.46 109.45 109.29 109.21 109.10 108.96 109.19 109.43 109.61 109.54 109.57 109.71 109.84 109.93 109.93 109.83 109.78 109.57 109.60 109.69 109.67 109.59 109.16 109.14 109.33 109.58 109.70 109.75 109.78 109.70 109.81 109.79 109.37 109.59 109.63 109.60 109.65
-61°N ||     109.83 109.35 109.16 109.48 109.63 109.73 109.72 109.40 109.45 109.55 109.34 109.46 109.71 109.44 110.08 109.49 109.68 109.66 109.86 109.75 109.71 109.69 109.69 109.39 109.28 109.18 109.65 109.55 109.27 109.34 109.58 109.72 109.74 109.68 109.66 109.52 109.35 109.45 109.41 109.39 109.61 109.27 109.50 109.64 109.52 109.01 109.76 109.83 109.85 109.82 109.81 109.86 109.86 109.73 109.54 109.94 109.94 109.86 109.95 109.94 109.92 109.87 109.91 109.94 110.03 110.09 110.04 109.87 110.07 110.07 110.03 109.94 109.61 109.88 109.95 109.78 109.79 109.83 109.77 109.66 109.24 109.26 109.60 109.72 109.62 109.59 109.54 109.67 109.73 109.72 109.75 109.72 109.73 109.80 109.76 109.79 109.77 109.71 109.76 109.80 109.83 109.78 109.75 109.74 109.51 109.75 109.72 109.73 109.75 109.80 109.85 109.88 109.91 109.97 110.04 110.05 109.94 109.92 109.94 109.86 110.12 110.04 109.89 109.97 110.02 110.04 110.08 110.09 110.03 110.07 110.12 110.09 109.28 110.05 110.00 109.93 109.45 109.53 109.52 109.68 109.31 109.25 109.19 109.24 109.28 109.23 109.22 109.09 109.21 109.20 109.36 109.35 109.38 109.43 109.45 109.88 110.04 110.04 110.03 109.99 109.93 109.83 109.74 109.63 109.58 109.40 109.19 109.30 109.37 108.82 109.25 109.62 109.68 109.56 109.03 109.22 109.35 109.77 109.78 109.76
-59°N ||     109.87 109.64 109.53 109.67 109.70 109.62 108.94 109.33 109.44 109.30 109.56 109.32 109.44 108.98 109.52 109.69 109.61 109.68 109.53 109.66 109.74 109.75 109.62 109.54 109.10 109.33 109.43 109.46 109.66 109.34 109.45 109.78 109.81 109.67 109.78 109.69 109.43 109.16 109.07 109.15 109.32 109.63 109.78 109.77 109.74 109.59 109.82 109.87 109.94 109.94 109.94 109.94 109.96 109.96 109.86 109.79 109.84 109.78 109.90 109.95 109.85 109.74 109.92 109.95 109.67 110.08 109.66 110.00 110.07 109.54 109.70 109.94 110.11 109.88 110.04 109.83 109.84 109.73 109.63 109.63 109.36 109.43 109.59 109.48 109.51 109.71 109.64 109.62 109.79 109.24 109.67 109.77 109.80 109.76 109.90 109.69 109.65 109.67 110.02 109.64 109.60 109.78 109.72 109.74 109.77 109.80 109.79 109.77 109.77 109.89 109.93 109.99 110.01 110.01 109.97 109.87 109.89 109.92 109.80 109.62 109.64 109.67 109.92 110.03 110.10 110.12 110.12 110.12 110.12 110.12 110.12 110.11 110.07 110.03 110.03 109.96 109.74 109.22 108.89 109.06 109.97 109.90 108.88 108.89 109.59 109.08 109.13 108.77 109.14 109.36 109.11 109.16 109.43 109.73 109.85 109.92 109.98 109.96 109.99 109.99 109.97 109.94 109.90 109.83 109.64 109.47 109.28 109.24 109.35 109.23 109.71 108.85 109.29 109.42 109.26 109.60 109.71 109.63 109.76 109.82
-57°N ||     109.80 109.81 109.87 109.97 109.81 109.16 109.39 109.31 109.07 109.10 109.16 109.95 109.13 109.21 108.99 109.04 109.42 109.65 109.43 109.35 109.91 109.38 109.40 109.40 108.98 109.35 109.49 109.48 109.45 109.01 108.71 109.77 109.66 109.70 109.69 109.53 109.60 109.32 109.22 109.25 109.14 109.47 109.60 109.67 109.71 109.58 109.35 109.32 109.75 109.94 109.95 109.97 109.91 109.90 109.81 109.50 109.44 109.46 109.35 109.29 109.62 110.07 109.79 109.52 109.99 110.11 110.07 109.66 110.06 108.76 110.11 109.73 109.65 109.91 109.75 110.06 110.10 110.05 109.93 110.11 110.12 109.90 109.61 109.65 109.75 109.63 109.66 109.55 109.52 109.67 109.71 109.75 109.63 109.48 109.49 109.46 109.48 109.53 109.72 109.53 109.40 109.47 109.47 109.51 109.51 109.78 109.80 109.88 109.93 109.98 110.02 110.06 110.08 110.09 110.08 110.03 110.06 110.06 110.09 110.04 110.01 110.06 110.12 110.12 110.10 110.10 110.10 110.10 110.10 110.08 110.12 110.13 110.10 110.10 110.11 110.09 110.07 109.96 109.08 109.64 110.00 110.06 109.18 109.29 109.56 109.46 109.26 109.13 109.10 109.32 109.57 109.65 109.71 109.58 109.76 109.68 109.89 109.66 109.25 109.38 109.91 109.94 109.91 109.79 109.58 109.42 109.28 109.27 109.33 109.27 109.07 108.99 109.27 109.32 109.79 109.30 109.32 109.38 109.54 109.76
-55°N ||     109.83 109.84 109.89 109.91 109.65 109.62 109.58 109.36 109.25 109.53 109.50 109.44 109.35 109.42 109.24 109.36 109.62 109.58 109.58 109.54 109.24 108.82 108.83 109.90 108.81 109.35 109.54 109.54 109.52 109.37 109.24 109.71 109.69 109.62 109.68 109.51 109.37 109.21 108.98 108.92 108.99 108.92 108.90 109.03 109.48 109.30 109.21 109.43 109.72 109.83 109.93 109.94 109.95 109.75 109.52 109.05 109.27 109.02 109.21 110.01 109.52 110.12 110.12 110.02 109.61 110.14 110.07 110.12 110.08 110.08 110.08 110.09 109.32 109.72 110.06 109.81 109.83 110.07 110.03 110.00 109.82 109.70 109.76 109.75 109.71 109.64 109.64 109.52 109.57 109.43 109.57 109.67 109.77 109.63 109.67 109.82 110.07 109.69 109.67 109.71 109.70 109.67 109.38 109.45 109.39 109.53 109.86 109.91 109.98 110.04 110.08 110.10 110.12 110.13 110.13 110.11 110.10 110.09 110.08 110.07 110.14 110.19 110.19 110.24 110.33 110.17 110.12 110.10 110.31 110.08 110.09 110.10 110.11 110.11 110.13 110.13 109.67 110.01 109.95 109.82 109.73 109.63 109.68 109.69 109.03 109.31 109.39 109.37 109.56 109.71 109.87 109.86 110.00 109.97 109.64 109.75 109.84 109.17 109.27 109.94 109.83 109.73 109.64 109.64 109.44 109.35 109.44 109.55 109.68 109.56 109.54 109.18 109.58 109.38 109.26 109.32 109.46 109.67 109.69 109.80
-53°N ||     109.85 109.67 109.70 109.94 110.03 109.28 109.70 109.77 109.76 109.66 109.72 109.45 109.32 109.54 109.54 109.53 109.37 109.57 109.52 109.57 109.50 109.09 108.86 109.56 109.31 109.47 109.97 109.45 109.56 109.45 109.63 109.56 109.56 109.63 109.59 109.58 109.55 109.07 108.87 108.84 108.77 108.87 109.19 109.32 109.46 109.55 109.63 109.61 109.94 110.11 109.43 109.46 109.63 109.51 109.57 109.84 109.76 109.39 109.34 109.82 109.47 110.13 110.12 110.10 110.23 110.13 110.08 110.08 110.09 110.10 110.09 110.07 110.07 110.11 110.01 109.95 110.04 110.09 109.89 109.97 110.03 109.97 109.93 109.85 109.76 110.05 109.79 109.64 109.71 109.72 109.59 109.56 109.49 109.73 109.45 109.37 109.55 109.61 109.66 109.59 109.68 109.73 109.51 109.09 109.78 109.66 109.77 109.91 109.96 109.99 110.10 110.12 110.12 110.10 110.08 110.06 110.14 110.20 110.57 111.11 111.58 111.97 112.15 112.22 112.26 111.84 111.70 111.77 111.79 111.67 110.88 110.06 110.06 110.08 110.12 110.11 110.12 110.12 109.83 109.83 109.89 109.67 109.71 109.51 109.58 109.89 109.51 109.50 109.55 109.40 109.58 109.76 109.91 109.98 110.11 109.86 109.80 108.99 109.95 109.79 109.87 109.88 109.88 109.71 109.57 109.54 109.34 109.55 109.19 109.53 109.65 109.27 108.91 108.91 109.28 109.63 109.67 109.73 109.83 109.85
-51°N ||     109.80 109.72 109.54 109.59 109.88 109.79 109.73 109.30 109.84 109.60 109.40 109.55 109.47 109.61 109.52 109.46 109.51 109.09 109.43 109.48 109.35 109.11 108.80 108.67 108.44 109.31 109.08 109.34 109.52 109.53 109.44 109.56 109.38 109.27 109.44 109.25 109.28 109.20 109.00 108.47 108.45 108.34 108.62 109.33 109.45 109.57 109.62 109.41 109.96 110.10 109.35 109.35 109.06 108.88 109.48 109.99 110.05 110.05 109.67 109.33 109.25 109.39 110.11 110.06 110.13 110.07 110.14 110.09 110.09 110.09 110.09 110.16 110.07 110.07 110.06 110.10 110.03 110.05 109.93 109.95 110.00 109.97 109.80 109.72 109.61 109.82 109.48 109.57 109.69 109.68 109.66 109.69 109.75 109.79 109.66 109.44 109.52 109.57 109.62 109.41 109.71 109.58 109.41 109.66 109.60 109.68 109.85 109.96 110.03 110.05 110.11 110.12 110.12 110.07 110.06 110.22 110.61 111.19 111.82 112.57 112.83 113.22 113.37 113.56 113.56 113.58 113.41 113.43 113.31 113.11 113.42 112.85 110.64 110.55 110.22 110.09 110.06 109.65 109.06 110.00 109.86 109.54 109.95 109.43 109.15 109.30 109.52 109.82 109.69 109.72 109.89 109.90 109.84 109.79 109.45 109.78 109.80 109.86 109.83 109.84 109.82 109.55 109.64 109.83 109.80 109.69 109.40 109.78 109.58 109.76 109.55 109.31 109.56 109.21 109.28 109.47 109.54 109.68 109.73 109.79
-49°N ||     109.29 109.45 109.37 109.61 109.97 110.04 110.07 109.74 109.76 109.17 109.46 109.18 109.16 109.06 109.27 109.15 109.10 109.13 108.62 108.81 109.04 109.23 108.69 108.57 109.05 108.90 109.16 109.51 109.49 109.48 109.36 109.50 109.28 108.41 108.40 108.51 108.76 108.76 108.80 108.42 108.29 108.35 108.49 109.11 109.35 109.46 109.49 109.48 109.44 109.37 109.25 109.04 108.73 108.60 108.81 109.12 109.76 109.80 109.45 109.32 110.09 110.12 110.12 110.09 110.08 110.22 110.10 110.11 110.09 110.14 110.15 110.08 110.07 110.08 110.07 109.92 109.89 110.01 109.90 109.95 109.94 109.92 109.82 109.65 109.65 109.43 109.51 110.08 109.82 109.67 109.53 109.65 109.92 109.91 109.68 109.49 109.18 109.75 109.41 109.40 109.39 109.41 109.58 109.77 109.81 109.65 109.62 109.96 110.03 110.08 110.03 110.12 110.08 110.08 110.57 111.20 111.86 112.29 112.90 113.29 113.87 114.23 113.89 113.86 113.02 113.52 113.62 113.73 113.61 113.57 113.60 113.61 113.37 112.85 111.43 110.50 110.10 110.02 110.12 110.05 110.10 109.88 109.35 109.67 109.75 109.19 109.61 109.46 109.74 109.80 109.43 109.70 109.69 109.66 109.58 109.80 109.70 109.59 109.39 109.39 108.56 109.11 109.61 109.50 109.33 109.65 109.85 109.94 109.66 109.96 109.91 109.78 109.75 109.48 109.20 108.92 109.06 109.21 109.45 109.54
-47°N ||     109.13 109.46 109.32 109.29 109.69 109.96 109.63 109.33 109.65 109.39 109.19 109.26 108.54 109.49 108.69 108.87 108.25 108.44 109.00 108.86 109.21 108.77 109.03 109.25 109.22 109.46 109.08 109.32 109.44 109.42 109.42 109.41 109.44 108.88 108.73 108.84 109.04 109.08 109.07 108.86 108.54 108.46 108.73 108.81 108.71 109.17 109.18 109.25 109.10 109.13 108.90 108.79 108.54 108.55 108.50 108.77 109.03 108.99 109.38 109.66 109.07 110.02 109.87 110.11 110.12 110.13 110.22 110.20 110.16 110.21 110.18 110.10 110.07 110.05 110.13 110.13 109.94 109.91 109.82 109.55 109.89 109.78 109.73 109.71 109.53 109.56 109.41 109.57 109.74 109.68 109.73 109.74 109.97 109.72 109.60 109.16 109.38 109.29 109.48 109.80 109.38 109.17 109.34 109.55 109.97 109.98 109.81 109.95 110.07 110.06 110.02 110.09 110.10 110.09 111.82 113.03 113.44 114.13 114.49 113.86 113.46 113.71 114.04 113.95 113.59 113.31 113.11 113.48 113.66 113.55 113.57 113.39 113.41 113.32 112.77 111.73 110.71 110.06 110.11 110.12 110.11 110.09 109.88 109.67 109.95 109.93 109.64 109.84 109.80 109.80 109.80 109.46 109.33 109.58 109.32 109.50 109.53 109.14 108.89 109.37 109.81 109.87 109.32 109.26 109.57 109.87 109.80 109.89 109.96 109.92 109.89 109.86 109.38 109.37 109.19 109.53 109.33 109.23 109.47 109.39
-45°N ||     109.49 109.54 109.45 109.48 109.64 109.62 109.69 109.71 109.77 109.26 109.07 109.46 109.10 108.96 109.02 109.02 109.64 108.97 109.25 109.34 109.18 109.37 109.70 109.10 109.35 109.50 109.40 109.30 109.30 109.27 109.16 109.23 109.17 109.01 109.01 108.98 109.00 109.02 109.10 109.11 108.86 108.78 108.92 108.85 108.82 108.99 108.99 108.84 108.70 108.56 108.51 108.51 108.49 108.13 108.00 108.88 109.20 109.30 109.55 109.72 109.88 109.87 110.01 110.05 109.93 110.06 110.07 110.80 110.66 110.34 110.25 110.13 110.08 110.11 110.12 110.12 109.85 109.83 109.81 110.10 109.64 109.75 109.60 109.57 109.53 109.47 109.46 109.75 109.74 109.69 109.62 109.67 109.76 109.66 109.54 109.59 109.37 109.40 109.36 109.79 108.80 109.29 109.43 109.48 109.83 109.49 109.83 109.93 110.02 110.03 110.06 110.04 110.10 110.65 113.10 113.56 114.43 114.52 113.97 114.31 114.13 114.35 114.19 114.18 113.98 114.32 114.43 113.59 113.47 113.91 113.57 113.47 113.46 113.34 112.76 112.42 111.22 110.13 110.10 110.12 110.12 110.13 109.09 109.95 109.96 109.81 109.88 109.73 109.59 109.82 109.62 109.47 109.62 109.47 109.51 109.28 109.12 109.18 108.78 108.20 109.09 108.99 109.38 109.87 109.92 109.88 109.59 109.94 109.67 109.71 109.87 109.81 109.37 109.40 109.37 108.83 108.87 109.30 109.43 109.37
-43°N ||     109.81 109.33 109.88 109.65 109.81 109.62 109.69 109.66 109.51 109.34 109.07 109.11 108.98 108.82 109.08 109.11 109.38 109.43 109.34 109.32 108.96 109.13 109.27 109.28 109.06 109.31 109.39 109.38 108.88 109.10 108.98 109.18 109.20 108.80 108.92 108.91 108.93 109.01 109.14 109.21 108.75 108.57 107.73 107.78 108.47 108.81 108.69 108.50 108.54 108.32 108.24 108.26 108.20 108.29 108.34 108.94 109.02 109.11 109.24 109.51 109.50 109.57 109.80 109.54 110.10 110.07 110.10 110.08 110.07 110.06 110.07 110.07 110.09 110.12 110.12 109.91 109.87 109.95 109.89 109.94 109.83 110.12 109.57 109.70 109.61 109.60 109.52 109.77 109.75 109.60 109.54 109.63 109.67 109.62 109.60 109.45 109.55 109.44 109.63 109.34 109.30 109.39 109.30 109.01 109.07 109.30 109.76 109.99 109.88 109.95 110.02 110.01 110.08 111.60 113.43 114.23 114.20 113.95 114.16 114.48 114.27 114.26 114.02 114.32 114.26 113.64 113.80 113.73 113.99 113.73 113.55 113.51 113.31 112.98 111.98 111.87 111.27 110.31 110.07 110.10 110.12 110.12 110.12 110.10 110.03 109.95 109.87 109.77 109.76 110.02 109.89 109.80 109.76 109.54 109.50 109.28 109.06 109.05 109.10 109.12 108.95 109.03 109.52 109.94 110.01 109.97 109.91 109.86 109.66 109.78 109.77 109.85 108.96 109.52 109.55 109.93 109.32 109.49 109.68 109.65
-41°N ||     109.90 109.87 109.88 110.02 109.95 109.57 109.64 109.56 109.90 110.00 110.12 110.12 109.63 109.14 109.33 109.23 108.91 109.12 108.87 109.16 108.89 109.31 109.28 109.27 109.12 108.44 108.87 109.01 109.18 108.81 108.69 108.90 108.75 108.75 108.55 108.79 108.85 108.98 109.01 107.23 106.95 106.79 105.07 104.82 104.91 107.13 107.13 107.15 107.84 108.16 107.92 108.25 108.06 108.22 108.21 108.27 108.36 108.79 109.41 109.33 109.08 108.65 109.62 109.91 109.91 110.07 110.09 110.10 110.09 110.08 110.09 110.10 110.12 110.05 110.07 110.08 110.02 110.10 109.99 109.79 109.91 109.85 109.67 109.68 109.57 109.57 109.60 109.80 109.80 109.72 109.56 109.66 109.51 109.54 109.60 109.28 109.16 109.50 109.48 109.40 109.17 109.22 108.90 108.72 109.81 109.37 109.64 109.90 109.93 109.95 110.02 110.09 110.08 111.66 113.10 114.27 114.25 113.62 114.35 114.38 114.35 114.19 114.42 114.54 114.17 113.64 113.97 114.06 113.86 114.00 113.77 113.49 112.79 112.17 111.87 111.60 110.92 110.22 110.06 110.09 110.07 110.04 109.97 110.08 109.55 109.69 109.88 109.93 109.95 109.92 109.87 109.84 109.85 109.49 109.39 109.35 109.17 109.43 109.42 109.26 109.19 109.15 109.59 109.81 109.88 109.82 109.86 109.82 109.36 109.66 109.67 109.18 109.11 109.62 109.56 109.58 109.66 109.78 109.88 109.69
-39°N ||     109.82 109.91 109.75 109.53 109.98 109.46 109.79 109.71 109.22 109.50 110.08 110.07 109.37 109.13 109.56 109.37 109.55 109.21 109.39 109.46 109.57 109.04 109.58 109.58 109.38 109.38 109.20 108.99 109.10 108.99 108.88 107.22 108.20 108.55 108.55 108.69 108.80 108.77 108.14 108.02 107.50 106.33 106.02 106.12 106.48 106.62 106.53 106.78 106.23 107.26 107.92 107.96 108.00 108.10 108.25 108.28 108.48 108.76 108.83 109.22 109.23 109.34 109.01 109.19 109.65 109.24 109.95 110.11 110.12 110.09 110.12 110.12 110.09 110.06 110.10 110.07 110.05 109.98 109.92 109.93 109.91 109.89 109.80 109.74 109.72 109.57 109.78 109.88 109.73 109.69 109.81 109.83 109.79 109.52 109.59 109.41 109.42 109.38 109.36 109.60 109.19 109.31 109.08 109.18 109.12 109.09 109.58 109.85 109.96 109.97 109.96 110.09 110.07 110.73 112.91 114.37 114.58 114.45 114.04 114.29 114.55 114.42 114.52 114.56 114.28 113.97 114.31 114.07 114.20 113.85 113.59 113.05 112.34 111.96 111.43 111.10 110.86 110.55 110.06 110.10 110.11 109.88 109.97 109.90 109.91 109.99 109.92 109.97 109.56 109.90 109.92 109.95 109.84 109.74 109.52 109.67 109.51 109.30 109.67 109.58 109.36 109.26 109.27 109.41 109.65 109.73 109.94 109.86 109.69 109.67 109.77 109.67 109.86 109.81 109.82 109.66 109.74 109.86 109.94 109.99
-37°N ||     110.00 109.91 109.93 109.72 110.12 110.05 109.90 109.41 109.02 108.49 108.23 108.98 108.91 109.55 109.80 109.78 109.78 109.79 109.69 109.64 109.64 109.62 109.38 109.54 109.30 109.00 109.07 108.69 108.58 108.99 108.88 108.11 108.23 107.68 108.31 107.49 108.02 106.24 106.37 107.97 106.22 105.47 106.76 106.81 106.73 106.69 106.90 107.56 107.00 106.98 106.79 107.37 107.93 108.35 108.36 108.48 108.40 108.86 108.96 108.82 108.81 109.39 109.39 109.63 109.85 109.75 110.00 110.07 109.39 110.09 110.05 110.07 110.09 110.09 110.07 110.05 110.01 110.01 110.01 109.93 109.83 109.75 109.59 110.12 109.77 109.65 109.64 109.58 109.82 109.70 109.77 109.84 109.82 109.69 109.40 109.59 109.35 109.29 109.55 109.52 109.13 109.12 109.02 109.16 109.31 109.29 110.05 109.64 109.91 109.98 109.98 110.01 110.11 110.64 111.66 113.97 114.63 114.87 115.10 114.34 114.39 114.42 113.99 114.53 114.08 114.16 114.00 114.11 114.06 113.96 113.78 112.76 111.85 111.49 111.00 110.72 110.28 110.06 110.09 110.12 109.99 110.06 109.86 109.88 109.79 109.85 109.98 109.98 109.97 109.90 109.97 109.91 109.87 109.83 109.74 109.76 109.86 109.76 109.68 109.21 109.45 109.38 109.07 109.04 109.55 109.66 109.92 109.73 109.75 109.84 109.92 109.91 109.90 109.90 109.80 109.68 110.01 110.05 110.01 110.10
-35°N ||     110.00 110.12 109.93 109.55 109.89 109.53 109.39 109.57 109.10 108.50 108.37 109.03 109.54 109.66 109.76 109.71 109.79 108.78 109.66 109.64 109.60 109.45 109.42 109.32 108.92 109.11 108.96 108.83 108.38 108.49 108.20 108.06 108.13 107.87 107.98 108.12 107.49 106.13 106.23 106.19 105.67 106.71 107.39 107.30 107.02 107.28 107.12 107.21 107.47 107.52 107.35 106.55 107.30 108.25 108.55 108.71 108.71 108.72 108.74 108.82 108.97 109.12 109.11 109.81 109.79 109.44 109.61 109.82 109.78 110.06 110.02 109.99 110.03 109.92 109.98 110.03 110.04 110.03 110.06 110.01 109.87 109.72 109.82 109.73 109.78 109.58 109.49 109.59 109.67 109.70 109.72 109.81 109.76 109.49 109.51 109.49 109.64 109.73 109.35 109.25 109.28 108.85 108.97 109.25 109.40 109.38 109.42 109.68 109.91 109.90 109.89 109.91 110.05 110.11 110.24 111.66 114.34 114.66 114.95 115.01 114.37 114.34 114.85 114.86 114.02 114.13 114.08 113.97 114.06 113.89 113.11 111.37 110.76 110.71 110.47 110.18 110.31 110.06 110.06 110.06 110.00 110.00 109.57 109.86 109.73 109.81 109.88 109.91 109.96 109.99 109.93 109.83 109.45 109.44 109.52 109.70 109.51 109.36 109.58 109.71 109.56 109.32 109.57 109.72 109.62 109.63 109.53 109.69 109.67 109.39 109.92 109.98 109.86 109.83 109.92 109.95 110.10 110.07 109.95 109.64
-33°N ||     110.04 110.07 109.58 109.48 109.60 108.98 109.28 108.54 108.56 109.00 108.95 109.13 109.60 109.70 109.84 109.66 109.81 109.83 109.65 109.66 109.14 109.49 109.44 109.42 109.19 108.97 108.97 108.81 108.61 108.35 108.19 107.42 107.77 107.55 107.22 107.39 106.75 105.79 105.65 104.97 105.24 106.74 107.57 107.21 107.89 107.31 108.14 108.22 108.01 108.05 107.51 106.64 105.85 107.44 108.24 108.71 108.68 108.74 108.77 108.76 109.06 109.38 109.25 109.79 109.84 109.88 109.87 109.87 109.83 109.75 109.86 110.00 109.97 109.93 110.03 109.95 110.07 110.03 110.02 110.05 109.98 109.89 109.96 109.85 109.81 109.74 109.70 109.62 109.61 109.65 109.67 109.45 109.60 109.70 109.55 109.62 109.47 109.64 109.44 109.05 109.19 109.06 108.86 109.04 109.26 109.35 109.35 109.30 109.74 109.89 109.81 109.78 109.66 109.82 110.07 110.18 112.47 113.83 114.43 114.78 114.75 115.01 114.13 113.96 114.17 114.16 113.92 113.90 113.04 112.08 111.56 110.56 110.09 110.07 110.06 110.06 110.23 110.10 110.07 110.08 110.11 110.01 109.87 109.82 109.73 109.69 109.79 109.76 109.82 109.89 109.87 109.73 109.65 109.51 109.12 109.03 109.11 109.08 109.54 109.25 109.49 109.66 109.35 109.54 109.45 109.41 109.66 109.76 109.87 109.67 109.76 109.96 109.63 109.91 109.91 109.98 110.03 109.95 109.83 109.79
-31°N ||     110.04 109.73 109.66 109.61 109.16 109.20 108.78 109.11 109.19 109.06 109.18 109.20 109.48 109.66 109.82 109.82 109.83 109.54 109.49 109.68 109.43 109.47 109.42 109.36 109.21 109.15 108.98 108.81 108.53 108.24 107.95 107.78 107.71 107.14 106.97 107.48 106.66 105.59 105.74 104.93 105.93 106.76 107.15 107.71 107.94 108.15 108.18 108.38 108.40 108.51 107.70 106.65 107.04 107.14 107.29 107.25 108.44 108.88 108.88 109.12 109.41 109.65 109.79 109.83 109.91 109.89 109.93 109.98 109.96 109.94 109.97 110.12 109.96 109.86 109.90 109.95 109.98 110.02 110.07 110.07 110.05 110.03 109.98 110.00 109.93 109.78 109.62 109.52 109.64 109.65 109.63 109.67 109.49 109.63 109.66 109.59 109.63 109.55 109.52 109.23 109.20 109.54 109.33 109.19 109.40 109.52 109.57 109.38 109.74 109.86 109.95 109.77 109.95 109.91 110.08 110.08 110.15 110.41 110.83 113.37 114.07 114.55 113.75 114.02 113.85 113.96 113.60 113.08 110.89 110.09 110.59 110.31 110.06 110.06 110.06 110.10 110.11 110.07 110.08 110.12 110.12 109.88 109.91 109.78 109.80 109.60 109.68 109.67 109.68 109.72 109.79 109.68 109.55 109.55 109.30 109.24 109.64 109.07 108.92 108.75 109.58 109.77 109.90 109.64 109.75 109.82 109.89 109.86 109.89 109.82 109.77 109.89 109.74 109.88 109.88 109.77 109.88 109.94 109.93 109.91
-29°N ||     110.05 109.76 108.84 109.63 109.18 109.02 109.39 109.03 109.30 109.14 109.12 109.27 109.66 109.77 109.83 109.82 109.81 109.09 109.75 109.73 109.60 109.45 109.44 109.35 109.28 109.15 109.01 108.75 108.46 108.19 107.93 107.60 107.39 107.32 107.26 106.49 106.52 106.02 104.61 103.66 105.83 106.90 107.32 107.63 107.95 108.22 108.39 108.53 108.63 108.65 108.64 108.54 107.93 107.95 107.87 107.18 107.45 107.91 108.87 109.10 109.47 109.84 109.90 109.88 109.89 109.92 109.86 109.92 110.01 110.00 110.03 110.08 110.05 109.93 110.02 110.09 110.05 110.04 110.10 110.11 110.10 110.10 110.06 110.08 109.89 109.87 109.79 109.67 109.59 109.67 109.66 109.72 109.77 109.72 109.69 109.64 109.65 109.34 109.57 109.33 109.65 109.68 109.50 109.48 109.67 109.73 109.77 109.72 109.35 109.84 109.68 109.94 109.97 110.01 109.74 109.83 110.12 110.09 110.08 110.08 110.37 110.30 111.22 112.80 111.82 112.05 110.91 111.33 110.08 110.07 110.10 110.12 110.09 110.07 110.10 110.12 110.12 110.11 110.12 110.07 110.06 109.97 109.87 109.80 109.78 109.70 109.68 109.72 109.72 109.74 109.76 109.64 109.63 109.33 109.49 109.17 108.78 108.98 109.47 108.73 109.46 109.73 109.82 109.54 109.84 109.34 109.83 109.92 109.82 109.77 109.87 109.81 109.71 109.78 109.77 109.90 109.83 109.90 109.96 110.02
-27°N ||     109.95 109.76 109.71 109.65 109.29 109.19 109.57 108.90 109.23 109.46 109.38 109.60 109.59 109.70 109.87 109.76 109.88 109.41 109.76 109.42 109.45 109.46 109.38 109.36 109.21 109.11 108.99 108.87 108.47 108.16 107.82 107.49 107.08 107.08 106.90 107.05 107.23 105.85 105.55 103.90 106.07 106.94 107.30 107.70 108.03 108.31 108.51 108.65 108.75 108.90 108.92 109.00 108.80 108.29 108.29 108.38 108.62 108.60 108.51 108.50 108.31 109.54 109.93 109.95 109.94 109.96 110.00 110.03 110.00 109.96 109.98 110.06 110.06 110.10 110.09 110.03 110.10 110.10 110.12 110.12 110.12 110.12 110.11 110.07 110.04 109.94 109.98 109.98 109.81 109.74 109.70 109.79 109.79 109.54 109.63 109.70 109.70 109.51 109.50 109.49 109.67 109.77 109.48 109.64 109.78 109.71 109.83 109.49 109.20 109.38 109.76 109.79 109.92 109.81 109.79 109.83 109.78 110.13 110.13 110.11 110.10 110.08 110.06 110.06 110.06 110.11 110.51 110.20 110.08 110.07 110.12 110.08 110.10 110.10 110.11 110.13 109.28 110.12 110.13 109.60 109.91 109.75 109.71 109.71 109.73 109.74 109.74 109.75 109.70 109.68 109.66 109.50 109.16 109.08 108.97 109.19 109.59 108.89 108.94 109.42 109.16 109.47 109.77 109.76 109.96 109.49 109.89 109.76 109.89 109.96 109.94 109.87 109.66 109.51 109.55 109.78 109.78 109.81 109.97 109.99
-25°N ||     109.99 109.68 109.87 109.73 109.66 109.63 109.70 109.87 109.55 109.74 109.62 109.92 109.92 109.90 109.94 109.86 109.88 109.68 109.45 109.74 109.51 109.43 109.39 109.29 109.19 109.02 108.89 108.74 108.39 107.96 107.61 107.30 107.01 106.81 106.73 106.03 106.42 106.76 105.56 105.89 106.34 106.88 107.37 107.72 107.94 108.20 108.38 108.62 108.77 108.81 108.99 109.05 108.84 108.52 107.74 108.39 108.66 108.80 108.79 108.66 108.01 109.07 109.85 109.88 109.94 109.96 109.96 109.73 109.85 109.92 109.95 109.97 110.07 110.09 110.07 110.11 110.12 110.12 110.09 110.13 110.12 110.12 110.10 110.12 110.09 110.06 110.07 110.07 110.06 109.81 109.96 109.89 109.97 109.54 109.78 109.74 109.74 109.46 109.22 109.69 109.69 109.62 109.67 109.69 109.60 109.33 109.59 109.14 108.98 109.26 109.45 109.53 109.75 109.65 109.88 110.03 109.93 110.11 110.12 110.12 110.11 110.12 110.12 110.07 110.11 110.07 110.06 110.10 110.11 110.12 110.11 110.11 110.10 110.12 110.10 109.86 109.82 109.97 109.49 109.78 109.71 109.59 109.51 109.55 109.61 109.65 109.79 109.70 109.67 109.59 109.56 109.42 109.15 108.83 108.96 109.17 109.41 109.13 108.69 109.03 108.94 109.26 109.54 109.80 109.61 109.63 109.88 109.63 109.83 109.90 109.92 109.74 109.55 109.82 109.89 109.79 109.86 110.01 110.08 109.99
-23°N ||     109.97 110.00 109.76 109.77 109.71 109.75 109.86 109.92 109.96 110.00 109.99 109.98 110.03 110.06 109.97 110.03 109.31 109.48 109.79 109.57 109.57 109.39 109.38 109.30 109.16 108.93 108.73 108.42 108.06 107.68 107.32 106.92 106.69 106.56 106.60 106.52 105.65 106.03 105.52 105.79 106.30 106.88 107.23 107.50 107.75 107.98 108.23 108.46 108.71 108.86 109.10 109.12 109.12 108.85 108.23 108.39 108.66 108.68 108.64 108.33 107.71 109.27 109.81 109.84 109.70 109.81 109.93 109.77 109.95 109.94 109.87 110.04 110.08 110.12 110.10 110.09 110.13 110.12 110.11 110.11 110.11 110.12 110.12 110.09 110.12 110.11 110.12 110.13 110.11 109.73 110.00 109.92 110.01 109.99 110.02 109.82 109.77 110.11 109.59 109.44 109.56 109.41 109.24 109.13 109.33 109.62 109.08 109.03 108.77 109.24 109.42 109.70 109.62 109.38 109.35 109.52 109.85 109.95 110.01 110.09 110.11 110.08 110.11 110.11 110.10 110.06 110.11 110.08 110.12 110.09 110.00 110.01 110.06 110.09 109.83 109.51 109.07 109.21 109.47 109.69 109.56 109.44 109.23 109.34 109.56 109.63 109.68 109.73 109.58 109.54 109.50 109.45 109.58 109.49 109.53 109.15 109.49 109.15 108.85 109.12 108.79 109.43 109.57 109.72 109.72 109.82 109.79 109.85 109.83 110.04 109.84 110.12 109.84 109.89 109.94 109.91 109.83 110.05 110.11 110.00
-21°N ||     109.94 109.97 109.80 109.79 109.77 109.77 109.90 110.10 110.02 110.01 109.95 109.98 110.02 109.95 110.00 110.04 109.90 109.73 109.76 109.63 109.51 109.38 109.34 109.23 109.07 108.89 108.54 108.11 107.60 107.16 106.82 106.44 106.21 106.16 106.29 105.77 105.95 105.19 105.34 105.86 106.25 106.67 106.93 107.20 107.50 107.73 108.04 108.28 108.53 108.74 108.89 109.07 109.12 108.82 108.43 108.66 108.34 108.59 108.32 108.00 108.08 108.40 109.77 109.77 109.81 109.75 109.93 109.97 109.96 109.97 109.98 110.00 110.07 110.12 110.10 110.07 110.10 110.12 110.10 110.09 110.10 110.11 110.11 110.09 110.10 110.08 110.13 110.13 110.12 110.04 109.97 110.03 110.07 110.06 109.94 109.90 109.81 109.61 109.57 109.67 109.72 109.77 109.11 109.38 109.55 109.48 109.61 108.91 108.81 109.16 109.44 109.19 109.51 109.51 109.56 109.71 109.76 109.92 109.99 110.10 110.12 110.12 109.96 110.09 110.12 110.07 110.05 109.85 110.00 110.00 109.98 109.92 110.06 109.85 109.63 109.43 108.62 108.74 109.38 109.30 109.47 109.47 109.22 108.97 109.60 109.68 109.69 109.71 109.71 109.57 109.40 109.23 108.99 109.25 109.74 109.25 109.39 109.33 108.97 109.48 109.39 109.50 109.42 109.41 109.77 109.85 109.95 109.86 109.73 110.06 110.09 110.00 110.03 110.10 110.07 109.91 109.73 109.98 109.97 109.86
-19°N ||     109.57 109.75 109.75 109.64 109.81 109.93 110.03 110.11 110.12 110.10 110.06 110.00 110.03 110.02 110.08 110.01 109.87 109.91 109.66 109.64 109.53 109.36 109.25 109.04 108.90 108.67 108.32 107.66 106.81 106.33 106.02 105.85 105.70 105.82 106.04 104.37 105.66 105.11 105.26 105.56 105.75 106.13 106.43 106.73 107.10 107.45 107.81 108.08 108.39 108.60 108.74 108.86 108.99 108.96 108.63 108.27 108.25 108.23 108.35 108.25 107.93 109.10 109.67 109.65 109.76 109.86 110.00 110.00 110.02 109.97 110.01 110.08 110.12 110.10 110.06 110.08 110.06 110.11 110.11 110.08 110.12 110.09 110.10 110.10 110.07 110.10 110.12 110.12 110.12 110.13 110.11 110.09 110.10 110.08 109.95 109.94 109.80 109.77 109.87 109.46 109.69 109.73 109.29 109.53 109.23 109.48 108.94 108.79 109.19 109.20 109.04 109.31 109.30 109.43 109.51 109.59 109.63 109.59 109.63 110.04 110.09 110.08 110.10 110.10 110.04 110.07 109.93 109.94 109.97 109.93 109.91 109.65 109.55 109.67 109.54 109.33 108.99 108.88 109.21 109.37 109.57 109.60 109.73 109.73 109.65 109.68 109.69 109.71 109.63 109.56 109.64 109.26 109.07 109.15 109.46 109.54 109.48 109.59 109.26 109.54 109.61 109.48 109.40 109.34 109.68 109.69 109.65 109.62 109.95 110.08 110.12 110.12 110.12 110.11 110.13 110.12 110.11 110.09 110.07 109.57
-17°N ||     109.61 109.60 109.67 109.87 109.88 109.97 110.12 110.10 110.13 110.12 110.11 110.06 110.07 109.87 110.07 110.12 110.00 110.00 109.84 109.63 109.53 109.38 109.09 108.84 108.65 108.38 107.92 106.83 105.85 105.23 105.13 105.21 105.40 105.57 105.22 104.52 104.95 105.17 105.01 104.88 105.01 105.44 105.87 106.18 106.71 107.13 107.51 107.80 108.14 108.42 108.55 108.76 108.79 108.87 108.58 108.25 107.77 107.80 108.29 108.19 107.97 109.25 109.67 109.32 109.61 110.46 110.84 110.21 110.01 110.04 109.93 110.03 110.12 110.08 110.06 110.06 110.06 110.10 110.09 110.10 110.07 110.08 110.08 110.08 110.07 110.08 110.10 110.10 110.11 110.13 110.10 110.11 110.11 110.06 110.03 109.98 109.87 109.89 109.71 110.00 109.77 109.63 109.35 109.34 109.31 109.25 109.34 108.94 109.32 109.27 109.38 109.26 109.08 109.07 109.31 109.35 109.47 109.82 109.86 109.60 109.86 109.82 109.89 109.92 109.89 110.05 110.02 110.02 109.96 109.93 109.64 109.64 108.99 109.26 109.37 109.25 108.82 108.85 109.27 109.46 109.65 109.68 109.75 109.80 109.70 109.68 109.67 109.63 109.60 109.44 109.54 109.47 109.23 109.32 109.23 109.26 109.48 109.62 109.48 109.78 109.63 109.60 109.45 109.32 109.89 109.36 109.58 109.71 109.96 110.07 110.12 110.12 110.11 110.10 110.08 110.11 110.12 110.12 110.11 110.06
-15°N ||     110.11 109.60 110.02 109.94 110.05 110.09 110.08 110.10 110.12 110.13 110.12 110.07 110.03 110.04 110.08 110.12 109.59 110.02 110.05 109.70 109.58 109.36 109.13 108.87 108.51 108.03 107.18 105.69 104.07 103.56 104.09 104.75 104.94 105.23 105.38 105.30 105.50 105.53 104.78 104.41 104.37 105.01 105.40 105.77 106.31 106.91 107.32 107.63 107.85 108.02 108.06 108.45 108.64 108.66 108.39 108.28 107.92 108.72 108.16 108.88 109.11 110.37 110.72 111.01 111.26 111.00 110.49 111.28 111.26 110.08 110.06 110.12 110.13 110.12 110.07 110.06 110.06 110.06 110.08 110.08 110.08 110.07 110.08 110.11 110.08 110.09 110.09 110.11 110.11 110.12 110.11 110.13 110.11 110.08 110.03 110.04 110.00 109.92 109.66 109.89 109.56 109.62 109.53 109.27 109.36 109.15 109.25 109.22 109.10 109.15 109.42 109.08 108.93 108.91 108.97 108.67 109.38 109.84 109.84 109.85 109.60 109.85 109.84 109.79 109.90 109.98 109.91 110.03 109.84 109.64 109.52 108.91 108.83 108.88 109.10 109.01 108.82 108.98 109.04 109.36 109.58 109.72 109.70 109.72 109.78 109.73 109.61 109.66 109.47 109.51 109.46 109.57 109.19 108.96 109.63 109.74 109.33 109.70 109.75 109.62 109.66 109.58 109.35 109.51 109.78 109.84 109.78 109.80 109.92 110.13 110.10 110.14 110.07 110.08 110.11 110.06 110.10 110.06 110.04 110.07
-13°N ||     110.10 110.12 110.07 109.99 110.06 110.12 110.11 110.08 110.10 110.08 110.11 110.11 110.10 110.12 110.12 110.12 110.04 110.04 109.99 109.85 109.68 109.42 109.17 108.87 108.41 107.79 106.79 104.64 102.03 101.46 102.95 104.24 104.64 104.75 104.84 105.59 105.33 105.28 104.63 104.32 104.37 105.69 104.93 105.48 106.07 106.62 107.14 107.46 107.70 107.88 107.95 108.64 108.13 108.96 110.30 110.33 110.13 109.05 111.31 111.56 110.43 109.33 109.27 109.45 110.54 110.37 110.14 110.24 109.86 110.92 110.19 110.12 110.12 110.11 110.10 110.09 110.07 110.06 110.09 110.07 110.07 110.07 110.07 110.07 110.10 110.09 110.07 110.10 110.12 110.10 110.11 110.12 110.13 110.11 110.11 110.09 110.04 109.96 109.90 109.90 109.87 109.72 109.50 109.35 109.20 109.47 109.22 109.19 109.09 109.03 109.03 109.16 108.83 109.12 109.02 109.18 109.21 109.72 109.80 109.71 109.76 109.85 109.81 109.80 109.65 109.89 109.92 109.93 109.84 109.74 109.06 108.85 108.61 109.00 108.95 109.13 108.81 108.97 109.46 109.49 109.79 109.73 109.79 109.76 109.79 109.76 109.54 109.44 109.40 109.42 109.41 109.26 109.49 109.22 109.77 109.77 109.47 109.46 109.69 109.76 109.61 109.65 109.43 109.34 109.56 110.01 110.02 110.06 110.12 110.10 110.07 110.06 110.06 110.06 110.06 110.06 110.08 110.06 110.07 110.06
-11°N ||     110.08 110.07 110.09 110.08 110.11 110.12 110.10 110.07 110.09 110.09 110.11 110.11 110.11 110.11 110.12 110.11 110.11 110.08 110.04 109.93 109.75 109.57 109.23 108.88 108.28 107.68 106.75 104.88 102.12 99.83 101.06 104.22 104.53 104.55 104.45 105.18 105.09 104.76 104.23 103.96 104.50 104.89 104.84 105.43 105.93 106.40 107.14 107.36 107.57 107.81 107.70 108.36 110.08 110.11 111.95 112.02 109.42 107.19 107.03 108.09 108.71 108.89 109.12 109.30 109.63 109.57 109.69 110.02 109.90 110.04 111.37 110.36 111.43 110.06 110.08 110.48 110.23 110.06 110.09 110.08 110.06 110.06 110.06 110.07 110.07 110.07 110.06 110.08 110.07 110.10 110.10 110.08 110.13 110.12 110.09 110.10 110.09 109.97 109.42 109.67 109.90 109.93 109.68 109.52 109.44 109.20 109.18 109.24 109.06 109.08 109.36 109.17 109.22 109.00 109.18 109.28 109.20 109.38 109.62 109.48 109.57 109.72 109.70 109.64 109.44 109.84 109.85 109.94 109.85 109.84 109.68 109.14 108.72 108.91 108.86 109.26 109.04 109.39 109.62 109.64 109.86 109.83 109.75 109.80 109.82 109.80 109.73 109.76 109.60 109.59 109.44 109.23 108.94 109.32 109.28 109.46 109.72 109.77 109.62 109.82 109.73 109.96 110.03 109.91 110.00 110.10 110.05 110.11 110.12 110.08 110.06 110.06 110.07 110.06 110.09 110.12 110.14 110.07 110.06 110.08
-9°N ||     110.11 110.08 110.09 110.11 110.10 110.11 110.07 110.09 110.07 110.06 110.09 110.08 110.11 110.11 110.11 110.13 110.12 110.11 110.08 109.98 109.87 109.63 109.39 108.99 108.49 107.82 106.98 106.12 102.57 98.30 98.29 102.99 104.39 104.40 104.49 104.35 104.83 104.58 104.63 104.27 104.42 105.12 106.92 108.54 107.47 106.49 107.12 107.72 107.67 108.06 110.19 110.32 110.25 111.73 110.35 107.72 106.81 108.28 107.47 108.67 108.90 109.01 109.43 109.46 109.74 109.82 110.08 109.91 110.48 110.02 111.49 111.53 111.86 110.88 110.67 110.31 110.06 110.06 110.08 110.45 110.08 110.07 110.06 110.07 110.06 110.08 110.06 110.08 110.08 110.10 110.07 110.11 110.12 110.12 110.12 110.09 110.11 110.06 109.84 109.79 109.93 109.76 109.62 109.72 109.69 109.41 109.21 109.47 109.99 110.10 109.28 109.38 109.36 109.41 109.38 109.27 109.27 109.32 109.50 109.54 109.49 109.39 109.53 109.38 109.36 109.46 109.64 109.84 109.86 109.86 109.69 109.41 108.76 109.41 109.40 108.99 109.61 109.76 109.41 109.69 109.87 109.89 109.95 109.87 109.87 109.77 109.73 109.92 109.87 109.65 109.14 109.30 108.97 109.52 109.77 109.70 109.82 109.98 109.82 109.85 110.06 110.10 110.07 110.12 110.12 110.07 110.07 110.09 110.07 110.06 110.06 110.07 110.10 110.64 110.27 110.22 110.15 109.83 110.06 110.07
-7°N ||     110.06 110.06 110.08 110.08 110.33 110.17 110.06 110.08 110.22 110.08 110.07 110.07 110.09 110.09 110.09 110.09 110.10 110.13 110.11 110.05 109.94 109.76 109.53 109.11 108.64 108.15 107.49 106.87 103.33 99.74 100.62 102.35 104.03 104.32 104.52 104.76 104.27 104.29 104.78 104.29 107.78 108.18 105.44 109.17 108.46 108.13 108.77 109.98 109.83 109.23 108.49 107.39 109.52 111.48 110.10 110.45 110.57 109.01 108.54 109.08 109.19 109.21 109.44 109.56 109.94 110.48 110.44 110.09 109.90 109.98 110.47 111.63 111.53 110.96 111.38 110.87 110.56 110.06 110.06 110.10 110.09 110.06 110.06 110.06 110.06 110.07 110.07 110.09 110.09 110.08 110.09 110.08 110.12 110.12 110.12 110.12 110.12 110.10 109.97 110.02 109.63 109.59 109.65 109.73 109.26 109.59 109.68 109.49 109.48 109.51 109.63 109.61 109.69 109.20 109.28 109.29 109.27 109.61 109.64 109.52 109.22 109.11 109.15 109.01 109.33 109.67 109.53 109.64 109.87 109.87 109.82 109.75 109.09 109.02 109.35 109.47 109.54 109.60 109.51 109.76 109.90 109.88 110.00 109.98 109.96 109.98 109.99 110.02 110.00 110.07 108.99 108.86 109.02 109.53 109.24 109.96 110.10 110.06 110.12 110.12 110.10 110.08 110.08 110.09 110.07 110.14 110.06 110.10 110.10 110.09 110.10 110.09 110.15 110.33 110.51 110.51 110.14 110.15 110.06 110.06
-5°N ||     110.06 110.06 110.07 110.06 110.06 110.39 110.32 110.30 110.43 110.12 110.06 110.09 110.08 110.06 110.06 110.07 110.08 110.07 110.12 110.12 110.05 109.93 109.73 109.37 108.99 108.51 108.00 107.11 105.86 104.08 102.61 102.89 104.05 104.21 104.63 104.92 104.90 106.01 105.23 104.52 104.93 105.29 105.76 109.65 108.36 109.76 108.03 108.84 108.32 107.65 107.22 109.69 109.73 110.17 109.81 107.79 108.16 109.07 110.12 110.31 109.40 109.50 109.56 109.60 109.93 109.79 110.06 109.88 109.95 110.04 110.13 110.14 110.95 110.10 110.10 110.80 111.01 110.65 110.07 110.06 110.46 110.11 110.08 110.06 110.07 110.06 110.08 110.08 110.08 110.07 110.09 110.10 110.08 110.11 110.12 110.11 110.12 110.12 110.12 110.12 109.95 109.48 109.61 109.71 109.87 109.73 109.66 109.62 109.69 109.58 109.88 109.91 109.84 109.38 109.26 109.29 109.10 109.26 109.06 109.47 109.25 109.46 109.30 109.30 109.47 109.35 109.65 109.50 109.80 109.85 109.78 109.45 109.54 109.18 109.48 109.63 109.78 109.77 109.83 109.89 109.84 109.95 110.08 110.09 110.02 110.05 110.13 110.11 110.02 109.95 109.66 109.40 109.84 109.84 109.79 110.01 110.10 110.09 111.23 110.28 110.17 110.08 110.10 110.08 110.08 110.24 110.25 110.17 110.19 110.24 110.31 110.25 110.45 110.43 110.42 110.48 110.51 110.27 110.10 110.06
-3°N ||     110.06 110.06 110.10 110.12 110.07 110.73 110.74 110.57 110.20 110.35 110.06 110.12 110.20 110.39 110.34 110.44 110.08 110.12 110.07 110.11 110.13 110.04 110.00 109.75 109.35 108.91 108.45 107.59 106.89 105.51 104.43 104.22 103.88 103.85 104.75 105.25 105.62 105.82 105.86 105.41 105.19 105.84 106.26 107.20 107.51 107.56 108.18 108.23 108.06 107.74 107.51 107.28 107.79 109.07 108.90 108.31 108.86 109.29 109.53 110.21 109.40 109.83 109.81 109.84 109.96 110.00 110.07 110.08 110.11 110.13 110.11 110.09 111.69 110.06 110.06 110.59 110.35 110.36 110.06 110.07 110.09 110.10 110.40 110.15 110.06 110.06 110.06 110.06 110.06 110.07 110.07 110.09 110.10 110.10 110.12 110.12 110.11 110.12 110.12 110.12 110.04 109.80 109.73 109.82 109.93 109.70 109.79 109.88 109.84 109.84 109.94 109.94 109.79 109.62 109.52 109.19 108.95 109.76 109.58 109.52 109.46 109.51 109.39 109.57 109.30 109.54 109.37 109.79 109.83 109.93 109.71 109.80 109.75 109.66 109.89 110.05 109.68 110.01 109.97 109.86 109.97 109.99 110.12 110.13 110.08 110.12 110.12 110.09 110.01 109.91 109.61 109.76 109.71 109.82 109.90 110.12 110.24 110.07 110.16 110.07 110.14 110.10 110.08 110.06 110.10 110.28 110.15 110.07 110.47 110.50 110.45 110.56 110.60 110.64 110.63 110.64 110.56 110.44 110.16 110.13
-1°N ||     110.18 110.13 110.17 110.33 110.42 110.78 110.79 110.53 110.38 110.07 110.08 110.12 110.13 110.35 110.66 110.14 110.07 110.06 110.06 110.11 110.12 110.12 110.10 109.97 109.71 109.19 108.67 108.02 107.35 106.60 105.49 104.85 103.27 101.50 105.01 105.50 105.81 106.11 106.29 106.34 106.40 107.29 107.66 107.97 108.22 108.73 109.00 109.18 109.37 109.44 108.68 109.84 110.48 108.34 108.45 108.72 109.39 109.63 109.69 110.01 109.85 109.96 109.94 109.95 110.03 110.07 110.06 110.23 110.11 110.10 110.69 110.08 111.34 111.48 110.10 110.09 110.06 110.07 110.08 110.26 110.68 110.41 110.32 110.07 110.07 110.07 110.06 110.06 110.07 110.07 110.07 110.06 110.08 110.09 110.11 110.12 110.09 110.12 110.12 110.12 110.05 110.00 109.94 109.85 109.94 109.92 109.89 109.96 109.98 110.00 110.04 110.03 109.75 109.61 109.59 109.36 109.13 109.81 109.69 109.67 109.69 109.43 109.47 109.34 109.59 109.64 109.75 109.82 110.03 110.01 109.86 109.47 109.86 109.89 110.05 110.09 110.04 110.10 110.00 109.94 110.01 110.06 110.12 110.12 110.12 110.11 110.12 109.95 110.07 109.93 109.87 109.93 110.10 110.12 110.12 110.07 110.19 110.35 110.23 110.18 110.47 110.32 110.10 110.10 110.31 110.19 110.06 110.17 110.43 110.54 110.57 110.59 110.60 110.66 110.68 110.66 110.50 110.52 110.36 110.23
1°N ||     110.27 110.21 110.34 110.62 110.51 110.65 110.81 111.04 110.44 110.12 110.07 110.07 110.33 110.68 110.68 110.37 110.15 110.09 110.10 110.06 110.10 110.10 110.10 109.89 109.61 109.50 109.02 108.23 107.46 107.18 106.74 106.17 103.72 100.64 101.78 105.86 106.02 106.16 106.52 106.88 107.32 107.66 107.90 108.22 108.60 109.04 109.30 109.55 109.86 109.93 109.16 108.29 108.12 108.50 108.78 109.28 109.60 109.84 109.87 110.01 109.91 110.02 110.12 110.02 110.06 110.09 110.06 110.33 110.13 110.11 110.07 111.31 112.36 112.22 110.06 110.07 110.07 110.08 110.08 110.74 110.06 110.63 110.12 110.06 110.27 110.10 110.06 110.06 110.08 110.07 110.07 110.06 110.08 110.08 110.09 110.11 110.12 110.12 110.12 110.10 110.10 110.11 110.07 110.00 109.98 109.89 109.90 110.07 110.03 110.02 109.99 109.86 109.88 109.85 109.64 109.51 109.72 109.70 109.51 109.77 109.65 109.56 109.62 109.64 109.64 109.71 109.81 109.92 109.94 110.03 110.09 110.08 110.12 110.11 110.06 110.12 110.10 110.11 110.12 110.10 110.12 110.12 110.09 110.10 110.09 110.12 110.08 110.07 110.09 110.01 110.07 110.10 110.11 110.07 110.07 110.09 110.22 110.38 110.30 110.46 110.32 110.32 110.22 110.40 110.35 110.23 110.10 110.38 110.49 110.53 110.58 110.62 110.62 110.65 110.66 110.66 110.68 110.61 110.53 110.43
3°N ||     110.72 110.62 110.67 110.78 110.90 110.96 110.91 110.81 110.69 110.11 110.07 110.08 110.75 110.88 110.84 110.61 110.44 110.06 110.08 110.06 110.06 110.12 110.06 109.81 109.41 109.84 109.41 107.68 107.49 107.60 107.48 107.62 107.12 103.40 105.12 106.20 105.93 106.05 106.61 107.11 107.54 107.79 107.99 107.97 108.97 109.32 109.66 109.84 109.98 110.05 110.07 109.62 109.19 109.36 109.63 109.83 109.93 109.98 110.00 110.08 110.04 110.03 109.93 110.12 110.11 110.11 110.12 110.10 110.09 110.08 110.06 110.06 111.68 111.85 111.29 110.86 110.87 110.60 110.42 110.35 110.14 110.06 110.15 110.08 110.06 110.27 110.06 110.07 110.07 110.06 110.07 110.06 110.07 110.08 110.09 110.11 110.11 110.12 110.12 110.13 110.12 110.13 110.13 110.11 110.10 109.97 110.05 110.11 110.12 109.99 110.05 109.97 109.80 109.78 109.70 109.90 109.81 109.80 109.63 109.79 109.70 109.62 109.60 109.69 109.70 109.75 109.88 109.95 110.04 110.07 110.10 110.08 110.21 110.36 110.54 110.23 110.11 110.12 110.12 110.11 110.11 110.09 110.07 110.09 110.10 110.11 110.12 110.11 110.09 110.01 110.11 110.08 110.07 110.06 110.06 110.19 110.31 110.42 110.46 110.54 110.28 110.52 110.43 110.49 110.45 110.30 110.35 110.47 110.51 110.53 110.54 110.61 110.64 110.64 110.64 110.67 110.69 110.71 110.74 110.75
5°N ||     110.72 110.83 111.14 110.84 111.02 111.04 110.96 110.93 110.81 110.44 110.27 110.19 110.93 111.05 111.04 110.88 110.21 110.07 110.13 110.08 110.07 110.10 109.93 109.73 109.87 109.93 109.82 108.97 107.62 107.53 107.76 108.19 108.43 108.12 107.24 106.57 105.74 105.53 106.76 107.40 107.82 108.05 108.17 107.93 109.15 109.70 109.90 110.00 110.09 110.11 110.09 109.88 109.87 109.99 110.05 110.07 110.09 110.09 110.10 110.12 110.11 110.10 110.01 110.04 110.10 110.12 110.10 110.08 110.08 110.06 110.14 111.49 110.15 110.98 111.78 111.24 110.59 110.16 110.12 110.17 110.07 110.09 110.06 110.07 110.29 110.07 110.06 110.06 110.06 110.06 110.06 110.06 110.09 110.09 110.10 110.10 110.10 110.10 110.11 110.13 110.11 110.13 110.13 110.13 110.12 110.12 110.12 110.12 110.12 109.96 110.02 109.68 109.78 109.72 109.81 109.74 109.76 109.83 109.79 109.79 109.72 109.65 109.59 109.63 109.92 109.81 109.88 110.00 110.09 110.12 110.16 111.69 111.87 111.86 111.79 111.51 110.99 110.07 110.07 110.08 110.08 110.06 110.07 110.09 110.09 110.12 110.12 110.12 110.05 110.07 110.07 110.07 110.08 110.09 110.15 110.15 110.37 110.45 110.53 110.54 110.49 110.45 110.51 110.50 110.50 110.49 110.49 110.47 110.52 110.52 110.51 110.57 110.60 110.62 110.64 110.68 110.71 110.73 110.76 110.80
7°N ||     110.79 110.86 110.92 110.95 111.04 111.06 111.05 111.02 110.95 110.70 110.42 110.75 111.09 111.17 111.18 110.93 110.10 110.41 110.33 110.10 110.10 110.11 110.12 110.10 110.06 110.05 109.93 109.51 107.22 107.39 107.76 108.56 108.81 108.59 107.99 107.06 104.68 104.66 107.27 107.78 108.08 108.26 108.39 108.64 109.56 109.80 109.94 110.06 110.12 110.12 110.09 110.08 110.08 110.08 110.08 110.09 110.11 110.12 110.13 110.12 110.12 110.13 110.07 110.12 110.10 110.10 110.06 110.06 110.06 110.08 110.27 111.58 112.05 111.47 111.78 110.18 110.14 110.10 110.48 110.63 110.39 110.08 110.10 110.21 110.07 110.06 110.06 110.06 110.06 110.07 110.06 110.07 110.07 110.08 110.10 110.11 110.11 110.10 110.12 110.12 110.12 110.13 110.13 110.11 110.12 110.13 110.09 110.10 110.13 110.11 110.01 109.91 109.91 109.61 109.68 109.75 109.69 109.80 109.80 109.82 109.70 109.74 109.61 109.89 110.01 109.77 109.90 110.03 110.12 110.07 111.61 112.04 111.96 111.92 111.89 111.78 111.72 111.15 110.08 110.07 110.07 110.06 110.08 110.07 110.12 110.10 110.12 110.12 110.13 110.12 110.06 110.12 110.16 110.26 110.44 110.31 110.50 110.55 110.49 110.55 110.59 110.48 110.51 110.50 110.53 110.52 110.49 110.48 110.46 110.47 110.48 110.43 110.56 110.61 110.59 110.70 110.75 110.78 110.80 110.84
9°N ||     110.90 111.03 110.80 110.87 111.09 111.07 111.09 111.05 111.15 110.81 110.56 111.05 111.24 111.28 111.22 110.73 110.44 110.71 110.30 110.06 110.06 110.09 110.11 110.12 110.13 110.10 110.03 109.59 107.79 107.70 108.28 109.05 109.04 109.18 108.83 107.53 103.97 101.87 106.52 108.09 108.25 108.48 108.70 109.04 109.52 109.81 109.97 110.08 110.12 110.12 110.08 110.08 110.09 110.12 110.11 110.11 110.12 110.13 110.12 110.11 110.09 110.11 110.11 110.11 110.10 110.06 110.08 110.09 110.13 110.55 111.60 111.66 111.44 111.97 110.48 110.41 110.48 110.36 110.69 110.11 110.11 110.09 110.08 110.10 110.20 110.08 110.06 110.08 110.06 110.08 110.06 110.06 110.07 110.07 110.08 110.08 110.10 110.11 110.12 110.10 110.08 110.12 110.09 110.07 110.11 110.12 110.11 110.11 110.11 110.08 110.06 110.05 110.02 110.06 109.96 109.84 109.78 109.80 109.80 109.61 109.76 109.72 109.55 110.10 109.83 109.78 109.96 110.09 110.10 110.59 111.82 112.10 112.09 112.04 111.95 111.88 111.80 111.56 110.93 110.37 110.14 110.34 110.08 110.10 110.11 110.12 110.07 110.06 110.07 110.07 110.09 110.29 110.56 110.27 110.52 110.63 110.53 110.50 110.42 110.43 110.93 110.35 110.31 110.38 110.47 110.52 110.40 110.44 110.34 110.38 110.40 110.55 110.56 110.64 110.57 110.71 110.77 110.82 110.85 110.85
11°N ||     110.98 110.97 110.98 110.96 111.18 111.18 111.24 111.20 111.35 111.25 111.09 111.39 111.41 111.35 111.28 111.20 110.77 110.78 110.29 110.06 110.06 110.06 110.09 110.12 110.13 110.10 110.00 109.58 109.03 109.28 109.24 109.24 109.26 109.27 109.36 109.26 104.67 97.98 99.90 108.09 108.43 108.66 108.92 109.22 109.53 109.84 110.02 110.10 110.13 110.12 110.09 110.07 110.08 110.13 110.12 110.12 110.13 110.12 110.12 110.10 110.09 110.11 110.12 110.11 110.06 110.07 110.29 110.53 110.78 110.58 112.10 111.80 110.48 112.05 111.54 110.39 111.44 110.23 110.13 110.35 110.10 110.09 110.07 110.06 110.08 110.09 110.26 110.09 110.14 110.20 110.06 110.06 110.06 110.06 110.12 110.08 110.15 110.11 110.10 110.10 110.11 110.11 110.10 110.08 110.12 110.12 110.06 110.10 110.10 110.06 110.11 110.10 110.09 110.11 110.04 109.83 109.78 109.90 109.98 109.74 109.84 109.79 109.68 109.61 109.72 109.94 110.06 110.12 110.06 110.93 112.13 112.17 112.19 112.06 111.91 111.89 111.75 111.65 111.21 110.57 110.33 110.07 110.06 110.07 110.09 110.08 110.10 110.18 110.18 110.24 110.39 110.60 110.81 110.84 110.66 110.73 110.62 110.60 110.39 110.29 110.17 110.10 110.11 110.14 110.20 110.25 110.27 110.26 110.28 110.64 110.11 110.40 110.54 110.55 110.55 110.78 110.82 110.80 110.43 110.86
13°N ||     110.89 111.06 110.65 110.67 111.19 111.16 111.29 111.36 111.40 111.45 111.50 111.56 111.52 111.48 111.42 111.25 111.08 110.73 110.06 110.07 110.06 110.07 110.10 110.12 110.12 110.09 110.01 109.86 109.44 109.45 109.36 109.36 109.36 109.44 109.57 109.68 109.09 100.35 101.86 107.21 108.25 108.87 109.19 109.39 106.43 109.96 110.07 110.11 110.13 110.12 110.09 110.07 110.07 110.12 110.13 110.13 110.12 110.11 110.10 110.09 110.09 110.08 110.09 110.08 110.06 110.45 110.71 110.97 111.10 111.91 112.02 111.84 110.99 110.84 110.58 111.42 110.68 110.50 110.13 110.07 110.06 110.15 110.07 110.08 110.08 110.08 111.64 110.08 110.69 110.08 110.06 110.06 110.06 110.13 110.17 110.08 110.08 110.07 110.07 110.06 110.07 110.12 110.13 110.12 110.12 110.10 110.11 110.09 110.06 110.10 110.12 110.12 110.12 110.11 110.09 110.05 109.97 110.01 110.05 110.04 109.96 109.86 109.82 109.84 109.89 109.98 110.10 110.11 110.11 111.06 112.15 112.16 112.11 112.02 111.91 111.88 111.80 111.71 111.39 110.78 110.53 110.16 110.13 110.17 110.15 110.25 110.22 110.61 110.46 110.73 110.83 110.92 111.12 111.24 111.26 110.96 110.86 110.58 110.26 110.08 110.06 110.08 110.06 110.06 110.06 110.09 110.10 110.19 110.15 110.18 110.21 110.12 110.56 110.52 110.62 110.65 110.80 110.80 110.24 110.69
15°N ||     110.96 111.12 111.13 111.36 111.29 111.19 111.39 111.53 111.56 111.61 111.66 111.75 111.70 111.65 111.62 111.40 110.79 110.37 110.11 110.08 110.09 108.76 104.10 103.44 106.21 110.06 109.97 109.94 109.83 109.57 109.51 109.44 109.46 109.52 109.59 109.66 109.68 108.74 106.71 107.14 108.46 109.04 109.38 109.56 109.82 110.05 110.10 110.12 110.13 110.12 110.09 110.07 110.07 110.12 110.12 110.12 110.12 110.10 110.09 110.09 110.08 110.08 110.09 110.06 110.48 110.83 111.07 111.25 111.29 111.84 112.14 111.94 111.46 111.11 111.53 110.97 110.93 110.54 110.36 110.26 110.56 110.10 110.07 111.03 110.10 110.08 110.10 110.08 110.08 110.11 110.52 110.18 110.08 110.06 110.22 110.06 110.06 110.06 110.06 110.06 110.08 110.06 110.10 110.11 110.10 110.10 110.11 110.07 110.08 110.10 110.12 110.12 110.11 110.12 110.11 110.10 110.04 110.01 110.04 110.04 109.98 110.01 109.96 109.99 109.98 110.07 110.12 110.08 110.37 112.12 112.13 112.01 112.12 112.01 111.92 111.87 111.78 111.72 111.47 110.97 110.70 110.58 110.44 110.40 110.37 110.41 110.52 110.67 110.98 111.06 111.20 111.32 111.32 111.40 111.41 111.33 110.97 110.54 110.10 110.06 110.09 110.11 110.13 110.11 110.09 110.06 110.07 110.09 110.09 110.12 110.15 110.19 110.34 110.50 110.55 110.66 110.69 110.91 110.43 111.66
17°N ||     111.09 111.25 111.29 111.42 110.88 111.40 111.44 111.53 111.69 111.72 111.79 111.85 111.86 111.82 111.85 111.03 110.57 110.50 110.16 110.19 110.02 103.01 98.45 97.07 100.53 108.08 109.96 109.94 110.03 109.84 109.70 109.53 109.49 109.54 109.60 109.67 109.69 109.56 108.69 108.58 109.03 109.22 109.44 109.62 109.85 110.06 110.11 110.13 110.12 110.11 110.10 110.07 110.07 110.12 110.13 110.11 110.11 110.10 110.09 110.09 110.08 110.07 110.07 110.28 110.59 111.13 111.38 111.65 111.95 112.01 111.77 111.97 111.84 111.56 111.66 111.22 110.74 110.79 110.65 110.26 110.14 110.06 110.33 110.82 110.08 110.09 110.10 111.43 110.19 110.32 110.09 110.13 110.15 110.06 110.06 110.07 110.06 110.06 110.06 110.08 110.07 110.06 110.07 110.08 110.06 110.06 110.06 110.07 110.12 110.12 110.12 110.12 110.13 110.12 110.12 110.11 110.08 109.88 110.01 110.05 110.06 110.06 110.05 110.06 110.08 110.11 110.10 110.06 110.49 111.92 112.09 112.10 112.04 111.96 111.92 111.91 111.83 111.66 111.51 111.28 111.03 111.13 110.94 110.94 110.92 111.12 111.16 111.27 111.39 111.49 111.56 111.55 111.55 111.65 111.57 111.54 111.25 110.52 110.13 110.08 110.12 110.12 110.08 110.08 110.12 110.07 110.06 110.06 110.06 110.08 110.11 110.22 110.37 110.49 110.47 110.64 110.99 110.96 110.84 111.19
19°N ||     111.12 111.30 111.44 111.50 111.55 111.44 111.47 111.62 111.77 111.83 111.89 111.97 111.98 111.97 111.99 111.18 110.65 110.38 110.07 110.10 110.10 103.11 98.53 97.50 99.95 108.57 110.05 110.08 110.09 110.06 109.87 109.62 109.45 109.41 109.43 109.62 109.72 109.71 109.40 109.28 109.36 109.41 109.48 109.61 109.78 110.00 110.12 110.13 110.12 110.11 110.10 110.06 110.09 110.08 110.13 110.12 110.11 110.10 110.09 110.09 110.09 110.06 110.09 110.58 111.07 111.45 111.88 112.00 112.24 112.24 112.35 112.19 112.12 111.96 111.84 111.23 111.05 111.09 111.51 110.41 110.20 110.10 110.35 110.21 111.38 110.07 110.09 110.06 110.14 110.13 110.12 110.12 110.44 110.07 110.07 110.08 110.07 110.07 110.08 110.08 110.08 110.07 110.68 110.06 110.06 110.08 110.10 110.07 110.10 110.11 110.12 110.12 110.12 110.12 110.12 110.13 110.04 110.05 110.04 110.10 110.12 110.13 110.07 110.08 110.10 110.12 110.11 110.11 110.12 110.93 111.66 112.03 111.94 111.92 111.88 111.81 111.79 111.75 111.64 111.55 111.54 111.54 111.70 111.57 111.61 111.59 111.73 111.75 111.78 111.86 111.92 111.84 111.97 111.89 111.85 111.64 111.37 110.53 110.06 110.11 110.10 110.01 109.97 110.05 110.04 109.59 110.07 110.06 110.06 110.06 110.09 110.21 110.38 110.52 110.57 110.84 110.49 111.12 111.05 111.20
21°N ||     111.61 111.47 111.44 111.67 111.79 111.77 111.73 111.82 111.96 111.98 112.06 112.07 112.09 112.09 112.07 111.18 110.67 110.08 110.06 110.18 110.07 105.45 102.74 101.65 103.87 109.86 110.12 110.12 110.12 110.08 109.97 109.73 109.43 109.26 109.12 109.04 109.68 109.70 109.60 109.51 109.49 109.50 109.54 109.63 109.78 109.99 110.09 110.13 110.12 110.11 110.11 110.08 110.06 110.11 110.12 110.12 110.12 110.11 110.10 110.08 110.07 110.07 110.21 110.64 111.15 112.06 112.17 112.25 112.38 112.41 112.40 112.34 112.13 112.15 112.00 111.54 111.41 111.45 110.93 110.44 110.49 110.85 110.35 110.20 110.07 110.39 110.48 110.11 110.11 110.18 110.11 110.11 110.08 110.08 110.13 110.10 110.08 110.09 110.10 110.08 110.18 110.06 110.06 110.06 110.08 110.06 110.14 110.12 110.10 110.06 110.13 110.10 110.12 110.12 110.10 110.12 110.10 110.10 109.81 110.13 110.13 110.13 110.02 110.05 110.09 110.12 110.11 110.11 110.08 110.07 110.77 110.99 111.49 111.61 111.60 111.80 111.79 111.79 111.80 111.77 111.82 111.96 111.96 111.99 112.04 112.01 112.11 112.16 112.16 112.09 112.15 112.09 112.12 111.98 112.02 112.00 111.72 110.66 110.06 110.13 109.96 109.88 109.84 109.82 110.01 110.12 110.10 110.07 110.06 110.06 110.11 110.21 110.37 110.49 110.72 110.79 110.55 111.21 111.21 111.34
23°N ||     111.59 111.65 111.71 111.81 111.87 111.96 112.01 112.09 112.13 112.13 112.17 112.16 112.15 112.13 112.12 111.26 110.45 110.06 110.12 110.32 110.34 109.31 107.77 107.61 109.99 110.09 110.12 110.13 110.12 110.06 109.93 109.74 109.50 109.17 108.96 108.88 109.50 109.71 109.66 109.50 109.50 109.34 109.54 109.66 109.67 110.05 110.10 110.12 110.13 110.12 110.12 110.11 110.08 110.07 110.08 110.11 110.08 110.78 110.52 110.14 110.10 110.08 110.27 110.68 111.25 112.04 112.33 112.41 112.53 112.57 112.48 112.56 112.18 112.45 112.31 111.96 111.87 111.90 111.75 111.00 110.50 110.15 110.08 110.15 110.09 110.26 110.22 110.16 110.15 110.09 110.20 110.25 110.16 110.11 110.23 110.28 110.45 110.06 110.17 110.14 110.10 110.06 110.06 110.06 110.07 110.06 110.06 110.08 110.10 110.08 110.11 110.12 110.12 110.12 110.11 110.12 110.11 110.10 109.90 110.12 110.13 110.11 110.07 110.10 110.11 110.10 110.12 110.12 110.11 110.07 110.08 110.25 110.59 110.93 111.34 111.66 111.80 111.88 111.98 112.02 112.05 112.26 112.16 112.33 112.41 112.48 112.54 112.48 112.65 112.54 112.55 112.48 112.43 112.41 112.43 112.28 112.16 110.87 110.06 110.12 110.00 109.84 109.75 108.43 109.20 110.02 110.12 110.09 110.06 110.06 110.11 110.25 110.46 110.64 110.92 110.75 111.11 111.23 110.93 111.53
25°N ||     111.73 111.77 111.74 111.97 112.10 112.09 112.16 112.17 112.18 112.21 112.23 112.21 112.19 112.18 112.16 111.36 110.29 110.09 110.13 110.07 110.38 110.29 110.22 110.20 110.09 110.08 110.12 110.12 110.11 110.02 109.83 109.67 109.38 109.08 108.89 108.44 108.49 109.64 109.69 109.49 109.56 109.49 109.57 108.93 109.83 110.05 110.11 110.12 110.12 110.13 110.11 110.12 110.11 110.09 110.12 110.12 110.11 110.11 110.15 111.15 111.39 110.21 110.54 111.56 112.03 112.41 112.53 112.55 112.63 112.69 112.67 112.62 112.55 112.44 112.10 112.23 112.18 112.27 112.41 111.49 111.07 110.33 110.21 110.42 110.57 110.23 110.31 110.23 110.25 110.11 110.18 110.41 110.22 110.24 110.25 110.73 110.33 110.20 110.12 110.17 110.06 110.06 110.08 110.06 110.09 110.11 110.07 110.09 110.06 110.06 110.11 110.08 110.09 110.09 110.07 110.12 110.12 110.03 110.06 109.96 110.07 110.06 110.04 110.11 110.11 110.12 110.12 110.06 110.10 110.12 110.06 110.34 110.33 110.66 111.42 111.80 111.93 112.15 112.23 112.30 112.44 112.51 112.60 112.73 112.87 113.00 113.09 113.12 113.10 113.02 112.93 112.86 112.87 112.77 112.66 112.54 112.33 112.05 110.18 110.10 109.98 109.82 108.51 101.29 108.20 109.97 110.12 110.08 110.06 110.07 110.25 110.22 110.53 110.75 111.10 111.15 111.29 111.26 111.53 111.62
27°N ||     111.93 112.00 112.03 111.99 112.22 112.11 112.30 112.32 112.31 112.29 112.28 112.26 112.23 112.21 112.20 111.60 110.44 110.12 110.15 110.11 110.09 110.12 110.07 110.06 110.07 110.06 110.09 110.12 110.07 109.97 109.76 109.56 109.32 109.02 108.45 108.37 108.66 109.74 109.83 109.61 109.70 109.69 109.71 108.92 109.61 110.04 110.10 110.12 110.12 110.10 110.06 110.09 110.10 110.08 110.06 110.11 110.13 110.25 110.36 111.21 110.73 110.22 111.99 112.20 112.38 112.48 112.48 112.60 112.74 112.77 112.52 112.70 112.70 112.59 112.29 112.62 112.37 112.45 112.55 112.50 111.46 111.09 110.82 110.66 110.71 110.42 110.25 110.18 110.26 110.27 110.33 110.35 110.27 110.21 110.34 110.21 110.41 110.33 110.09 110.06 110.52 110.06 110.07 110.07 110.08 110.26 110.11 110.07 110.06 110.07 110.08 110.07 110.07 110.09 110.10 110.08 110.09 110.06 110.10 110.12 110.12 110.07 110.11 110.12 110.08 110.06 109.98 110.08 110.07 110.12 110.07 110.13 110.51 111.21 111.76 112.05 112.31 112.33 112.45 112.59 112.69 112.88 113.00 113.22 113.40 113.44 113.51 113.45 113.45 113.34 113.27 113.27 113.11 112.96 112.78 112.64 112.44 112.18 111.23 110.09 110.08 109.89 109.41 108.82 109.41 110.11 110.09 110.06 110.06 110.08 110.14 110.52 110.72 110.93 111.22 111.42 111.42 111.49 111.66 111.83
29°N ||     112.15 112.19 112.27 112.32 112.40 112.38 112.42 112.44 112.43 112.39 112.38 112.37 112.33 112.12 112.27 112.21 111.39 110.35 110.08 110.09 110.08 110.18 110.07 110.08 110.09 110.07 110.12 110.11 110.04 109.90 109.71 109.48 109.30 108.98 107.88 108.25 109.13 109.74 109.80 109.70 109.85 109.87 109.85 109.90 109.98 110.05 110.10 110.12 110.12 110.04 110.06 110.11 110.11 110.08 110.07 110.06 110.06 110.16 110.27 110.66 110.59 111.11 111.82 111.49 111.09 112.26 112.39 112.56 112.75 112.83 112.76 112.88 112.82 112.88 112.82 112.75 112.63 112.68 112.75 112.79 112.73 111.67 111.31 110.99 111.11 110.54 110.36 113.15 110.38 110.29 110.43 110.68 110.38 110.48 110.25 110.25 110.37 110.35 110.10 110.14 110.07 110.23 110.07 110.08 110.06 110.07 110.10 110.08 110.08 110.10 110.07 110.08 110.07 110.09 110.07 110.07 110.07 110.12 110.13 110.13 110.11 110.12 110.11 110.12 110.05 110.07 110.14 110.12 110.09 110.25 110.36 110.70 111.43 111.69 111.98 112.34 112.44 112.60 112.80 112.98 113.16 113.32 113.55 113.69 113.78 113.92 113.88 113.70 113.80 113.65 113.59 113.43 113.28 113.08 112.95 112.85 112.66 112.48 111.84 110.21 110.09 110.12 110.00 109.98 110.10 110.08 110.06 110.06 110.06 110.10 110.46 110.65 110.97 111.24 111.50 111.70 111.73 111.76 111.99 112.09
31°N ||     112.43 112.35 112.47 112.48 112.49 112.49 112.51 112.56 112.56 112.51 112.47 112.47 112.45 112.41 112.37 112.32 111.84 111.11 110.74 110.66 110.39 110.29 110.14 110.07 110.15 110.11 110.13 110.10 109.98 109.86 109.66 109.57 109.23 109.01 108.58 108.62 109.13 109.76 109.78 109.77 109.88 109.93 109.99 109.99 110.03 110.07 110.10 110.12 110.11 109.97 110.11 110.12 110.12 110.12 110.11 110.10 110.07 110.06 110.11 110.53 110.51 110.98 111.27 111.56 111.98 112.04 112.35 112.49 112.56 112.84 112.89 112.88 112.96 113.06 113.00 113.14 112.81 112.88 112.96 112.84 112.81 112.64 112.02 112.37 111.61 111.18 110.60 110.29 110.55 110.62 110.69 110.51 110.37 110.33 110.84 110.47 110.24 110.11 110.08 110.23 110.07 110.07 110.10 110.12 110.11 110.07 110.09 110.09 110.07 110.09 110.09 110.10 110.06 110.07 110.06 110.06 110.09 110.12 110.10 110.10 110.11 110.14 110.12 110.12 110.10 110.12 110.11 110.22 110.13 110.36 110.69 111.34 111.53 111.95 112.20 112.43 112.65 112.89 113.20 113.40 113.55 113.73 114.09 113.97 114.12 114.20 114.16 114.08 114.02 113.89 113.70 113.59 113.67 113.29 113.26 113.11 112.93 112.76 112.29 111.63 110.29 110.07 110.07 110.07 110.03 110.00 110.07 110.08 110.10 110.16 110.09 112.12 111.38 110.47 111.86 111.37 112.04 112.09 112.13 112.35
33°N ||     112.64 111.94 112.51 112.51 112.61 112.58 112.59 112.64 112.59 112.61 112.58 112.59 112.57 112.53 112.56 112.51 112.44 111.95 111.07 110.22 110.36 110.34 110.43 110.29 110.08 110.13 110.12 110.07 109.99 109.75 109.56 109.37 109.03 108.70 108.41 108.51 109.04 109.67 109.84 109.88 109.95 110.00 110.02 110.04 110.00 110.06 110.05 110.00 110.00 110.04 110.11 110.13 110.13 110.12 110.12 110.08 110.06 110.06 110.06 110.06 110.06 110.06 110.27 111.53 111.54 112.33 112.49 112.56 112.63 112.82 112.98 113.21 113.21 113.21 113.16 113.32 113.23 113.25 113.22 112.97 113.14 113.09 112.77 112.30 111.86 111.32 110.83 110.55 110.94 110.68 110.63 110.21 110.49 110.47 110.52 110.24 110.36 110.14 110.29 110.40 110.06 110.06 110.14 110.06 110.29 110.07 110.08 110.10 110.07 110.12 110.12 110.11 110.07 110.06 110.07 110.10 110.10 110.09 110.10 110.07 110.08 110.11 110.09 110.12 110.08 110.10 110.14 110.27 110.51 111.01 111.22 111.64 111.88 112.16 112.40 112.66 112.94 113.29 113.52 113.67 113.90 114.02 114.17 114.28 114.47 114.29 114.23 114.20 114.14 113.81 113.92 113.83 113.69 113.47 113.26 113.42 113.34 113.13 112.93 112.72 112.35 111.90 111.66 111.11 110.90 110.35 110.58 110.28 110.24 110.39 110.47 111.33 111.75 111.88 112.10 112.22 112.28 112.42 112.51 112.59
35°N ||     112.79 112.69 112.69 112.63 112.67 112.65 112.67 112.67 112.65 112.67 112.69 112.67 112.65 112.60 112.65 112.56 112.61 112.48 111.88 110.08 110.12 110.31 110.18 110.06 110.12 110.13 110.12 110.07 109.92 109.64 109.28 108.79 108.25 107.97 107.78 107.70 108.14 108.76 109.62 109.94 110.01 110.03 110.05 110.05 109.74 109.87 110.08 110.11 110.06 110.02 110.11 110.07 110.05 110.09 110.13 110.08 110.06 110.06 110.06 110.06 110.06 110.06 110.19 111.50 112.19 112.39 112.52 112.53 112.70 112.85 112.92 113.26 113.15 113.32 113.36 113.49 113.46 113.58 113.44 113.30 113.25 113.15 113.17 112.28 111.98 111.49 111.32 111.13 110.86 111.00 110.32 110.38 110.43 110.84 111.05 110.19 110.41 110.19 110.31 110.13 110.24 110.13 110.11 110.07 110.07 110.06 110.08 110.11 110.09 110.12 110.07 110.12 110.12 110.12 110.13 110.13 110.12 110.10 110.09 110.08 110.08 110.08 110.46 110.25 110.16 110.47 110.40 110.53 110.90 111.20 111.56 111.90 112.07 112.36 112.56 112.90 113.17 113.52 113.77 113.97 114.06 114.18 114.41 114.54 114.62 114.59 114.46 114.44 114.24 114.21 114.06 113.65 113.86 113.66 113.60 113.56 113.44 113.28 113.25 113.07 112.94 112.66 112.54 112.45 112.16 111.97 111.51 110.87 110.60 110.67 110.69 111.17 111.26 112.05 112.18 112.30 112.44 112.66 112.78 112.83
37°N ||     112.95 112.76 112.77 112.65 112.76 112.72 112.76 112.75 112.71 112.72 112.74 112.75 112.73 112.67 112.62 112.58 112.53 112.42 112.35 110.17 110.15 110.10 110.06 110.08 110.09 110.12 110.12 110.07 109.94 109.43 108.55 107.80 106.99 106.47 106.46 106.89 107.31 107.43 108.44 109.51 109.97 110.08 110.09 110.08 110.05 110.01 110.04 110.08 110.10 110.13 110.04 110.01 109.95 109.87 110.06 110.12 110.06 110.06 110.06 110.06 110.08 110.06 110.52 111.67 112.17 112.37 112.50 112.60 112.70 112.94 113.00 113.17 113.25 113.46 113.50 113.65 113.79 113.74 113.72 113.55 113.60 113.51 113.38 113.30 112.95 112.71 112.62 112.34 111.83 112.35 110.86 110.64 110.38 110.34 110.60 110.36 110.60 110.87 110.20 110.74 110.27 110.53 110.15 110.85 110.26 110.34 110.14 110.07 110.08 110.11 110.12 110.13 110.13 110.12 110.12 110.12 110.12 110.08 110.52 110.26 110.19 110.08 110.10 110.08 110.39 110.55 110.64 110.71 111.27 111.50 111.82 112.15 112.33 112.51 112.90 113.19 113.35 113.70 113.90 114.19 114.31 114.51 114.66 114.70 114.74 114.78 114.73 114.59 114.56 114.39 114.30 114.20 114.12 113.92 114.07 114.00 113.74 113.47 113.47 113.22 112.99 112.87 112.55 112.42 112.10 111.99 111.64 111.28 111.02 110.99 110.91 111.31 111.17 112.23 112.28 112.41 112.68 112.72 112.84 112.86
39°N ||     112.88 112.83 112.85 112.76 112.33 112.79 112.80 112.52 112.79 112.77 112.74 112.75 112.67 112.66 112.61 112.55 112.54 112.57 112.31 111.69 110.12 110.08 110.28 110.08 110.07 110.12 110.13 110.10 109.86 108.91 107.62 106.37 105.52 105.41 104.99 105.29 106.74 106.99 107.47 108.73 109.80 110.08 110.11 110.10 110.01 110.06 110.01 109.54 110.06 110.07 110.06 109.99 109.86 109.69 109.89 110.10 110.10 110.07 110.06 110.06 110.09 110.10 110.12 111.03 112.20 112.45 112.51 112.57 112.78 112.95 113.15 113.32 113.34 113.59 113.72 113.80 113.86 113.92 113.93 114.03 113.70 113.70 113.64 113.57 113.37 112.77 112.97 112.65 112.09 112.00 111.72 111.08 111.05 110.96 110.86 110.52 110.34 110.28 110.86 110.61 110.86 112.01 110.81 110.13 110.99 110.09 110.07 110.07 110.06 110.07 110.08 110.11 110.10 110.12 110.12 110.10 110.12 110.10 110.43 110.43 110.46 110.42 110.47 110.64 110.68 110.81 110.96 111.28 111.45 111.79 112.06 112.35 112.43 112.82 113.04 113.36 113.57 113.76 114.10 114.17 114.60 114.76 114.82 114.83 114.83 114.86 114.78 114.75 114.65 114.73 114.51 114.46 114.28 114.24 114.16 114.09 113.97 113.63 113.26 113.33 113.07 112.92 112.68 112.41 112.10 112.08 111.84 111.63 111.51 111.34 111.20 110.73 110.14 112.30 112.37 112.40 112.66 112.83 112.89 112.83
41°N ||     112.86 112.88 112.91 112.88 112.84 112.81 112.76 112.81 112.77 112.76 112.76 112.78 112.72 112.76 112.62 112.65 112.55 112.25 112.09 111.68 110.99 110.49 110.13 110.06 110.06 110.10 110.12 110.11 109.80 108.64 107.12 106.11 105.73 105.64 104.73 105.21 106.47 107.11 107.74 109.01 109.88 110.09 110.11 110.10 109.78 110.08 110.02 109.88 110.01 109.96 109.97 109.90 109.89 109.95 110.03 110.08 110.12 110.08 110.08 110.08 110.06 110.11 110.11 110.82 111.92 112.55 112.63 112.52 112.83 113.02 113.16 113.40 113.52 113.67 113.84 113.97 114.02 114.06 114.07 114.05 114.00 113.97 113.85 114.08 114.02 113.52 113.21 113.11 112.71 112.76 111.97 112.60 112.13 111.68 111.81 111.05 110.72 111.42 110.44 111.03 112.23 112.23 112.12 110.46 110.79 110.14 110.25 110.14 110.11 110.07 110.06 110.13 111.36 110.42 110.08 110.11 110.72 110.08 110.58 110.42 110.50 110.48 110.91 110.99 111.18 111.05 111.33 111.40 111.79 112.14 112.29 112.38 112.63 112.88 113.30 113.54 113.81 113.95 114.36 114.52 114.64 114.85 114.88 114.87 114.87 114.83 114.86 114.83 114.79 114.68 114.60 114.64 114.61 114.47 114.32 114.15 114.00 113.88 113.66 113.44 113.17 112.88 112.72 112.48 112.17 112.16 112.05 111.90 111.88 111.57 110.48 110.85 110.50 112.09 112.33 112.53 112.58 112.81 112.80 112.90
43°N ||     112.86 112.94 112.94 112.89 112.85 112.84 112.81 112.79 112.78 112.80 112.77 112.87 112.80 112.81 112.67 112.63 112.47 112.25 111.85 111.27 110.82 110.48 110.18 110.08 110.06 110.07 110.10 110.12 110.02 109.43 108.18 106.99 106.40 106.21 106.08 106.25 106.94 107.38 109.21 109.96 110.12 110.13 110.12 110.12 110.12 109.96 110.08 109.77 109.96 109.97 109.94 110.00 109.63 109.94 110.11 110.08 110.11 110.11 110.07 110.06 110.06 110.06 110.12 110.82 111.87 112.59 112.80 112.86 112.98 113.14 113.40 113.53 113.79 113.87 114.23 114.01 114.14 114.06 114.16 114.17 114.12 114.10 113.91 113.95 114.02 113.67 113.56 113.19 113.08 113.13 112.94 112.80 112.78 112.54 112.17 111.56 111.29 111.06 111.85 112.05 112.36 112.17 111.29 111.99 111.26 111.92 111.62 111.87 110.07 110.06 110.10 110.63 110.15 110.09 110.84 110.92 110.69 110.51 110.60 110.77 110.83 110.85 111.46 111.90 111.39 111.38 111.47 111.91 112.18 112.29 112.21 112.61 112.65 113.00 113.33 113.71 113.93 113.99 114.34 114.57 114.75 114.84 114.80 114.64 114.87 114.81 114.77 114.68 114.75 114.55 114.60 114.57 114.48 114.43 114.44 114.26 114.08 114.00 113.55 113.43 113.15 112.87 112.55 112.43 112.30 112.18 112.01 112.09 112.05 111.69 111.19 110.80 110.23 111.97 112.50 112.50 112.75 112.79 112.88 112.97
45°N ||     113.02 113.01 112.94 112.94 112.93 112.89 112.86 112.80 112.78 112.84 112.84 112.77 112.76 112.71 112.68 112.51 112.28 111.98 111.56 111.17 110.73 110.43 110.20 110.10 110.07 110.06 110.06 110.09 110.12 109.98 109.67 109.34 109.20 107.60 106.83 106.63 107.39 108.93 109.73 110.08 110.13 110.12 110.12 110.12 110.10 110.08 110.08 110.09 110.01 109.89 109.59 109.87 110.10 110.09 110.07 110.08 110.08 110.10 110.08 110.06 110.10 110.38 110.66 111.18 111.88 112.67 112.74 112.99 113.15 113.34 113.45 113.75 113.86 114.01 113.99 114.21 114.20 114.21 114.34 114.34 114.14 114.21 114.14 114.10 113.99 113.90 113.59 113.69 113.53 113.22 113.17 113.33 112.97 112.78 112.73 112.60 112.04 111.71 112.31 112.28 111.66 111.22 110.88 112.06 111.25 111.92 112.00 112.04 111.31 110.57 110.34 110.81 110.52 110.36 110.91 110.58 110.34 110.84 110.91 111.06 110.99 111.33 111.50 111.77 111.77 111.91 111.98 112.02 112.28 112.39 112.54 112.57 112.95 113.11 113.60 113.83 114.06 114.29 114.38 114.57 114.71 114.85 114.85 114.86 114.84 114.72 114.77 114.79 114.76 114.74 114.62 114.70 114.62 114.34 114.44 114.39 114.19 113.90 113.42 113.22 113.07 112.70 112.49 112.39 112.35 112.27 112.25 112.24 112.22 112.08 111.86 111.34 110.54 112.18 112.19 112.31 112.63 112.93 112.92 113.02
47°N ||     113.02 113.00 112.99 112.91 112.90 112.89 112.84 112.87 112.76 112.91 112.87 112.81 112.81 112.68 112.50 112.44 112.07 111.82 111.49 111.15 110.72 110.53 110.36 110.25 110.14 110.09 110.06 110.06 110.07 110.10 110.12 110.12 110.12 110.12 109.82 109.70 110.02 110.10 110.11 110.12 110.13 110.12 110.12 110.12 110.10 110.08 110.08 110.08 109.87 109.87 110.05 110.10 110.08 110.12 110.10 110.06 110.08 110.76 110.08 110.06 110.12 110.51 111.14 111.88 112.44 112.76 112.93 113.05 113.39 113.45 113.70 113.85 113.92 114.04 114.09 114.05 113.93 113.71 114.29 114.31 114.25 114.32 114.21 114.18 114.06 114.00 113.97 113.89 113.75 113.60 113.47 113.41 113.35 113.23 112.87 112.94 112.68 112.50 112.51 112.57 112.38 112.24 112.57 112.16 111.73 112.09 111.55 111.58 111.95 111.31 110.80 111.17 111.24 111.43 111.49 110.47 110.92 111.10 111.23 111.50 111.51 111.65 111.93 111.75 112.08 112.10 112.12 112.19 112.38 112.46 112.74 112.82 113.07 113.27 114.13 114.18 114.06 114.20 114.39 114.53 114.68 114.81 114.82 114.77 114.78 114.75 114.72 114.72 114.61 114.75 114.71 114.67 114.53 114.52 114.52 114.29 114.04 113.74 113.50 112.32 112.57 112.92 112.64 112.59 112.49 112.41 112.43 112.32 112.36 112.29 112.20 111.92 112.01 112.11 112.25 112.57 112.63 112.85 112.91 113.04
49°N ||     113.05 113.01 113.00 112.92 112.97 112.96 112.92 112.92 112.86 112.86 112.90 112.79 112.77 112.58 112.39 112.21 111.91 111.72 111.48 111.18 110.90 110.76 110.58 110.41 110.21 110.13 110.10 110.07 110.06 110.06 110.06 110.06 110.07 110.08 110.10 110.09 110.08 110.08 110.11 110.12 110.12 110.11 110.12 110.13 110.12 110.11 110.10 110.10 110.07 110.02 110.71 111.12 111.39 110.75 110.63 110.06 110.06 110.06 110.89 110.07 110.45 110.98 111.75 112.28 112.42 112.90 113.14 113.37 113.41 113.73 113.73 113.86 114.00 114.02 114.06 114.08 114.14 114.27 114.34 114.33 114.35 114.27 114.26 114.20 114.18 114.09 114.08 113.88 113.83 113.76 113.68 113.53 113.31 113.19 113.08 113.10 112.89 112.94 112.93 112.84 112.44 112.68 112.20 112.34 115.34 112.90 111.69 112.24 112.05 111.60 111.42 111.62 111.50 111.44 111.15 111.66 111.56 111.68 111.80 111.71 111.74 111.84 112.05 112.03 112.03 112.17 112.11 112.28 112.39 112.56 112.81 113.00 113.22 113.47 113.96 114.09 114.00 114.24 114.24 114.47 114.58 114.67 114.74 114.73 114.69 114.71 114.68 114.68 114.62 114.48 114.69 114.56 114.42 114.32 114.33 114.04 113.89 113.60 113.47 112.38 112.18 112.98 112.76 112.70 112.67 112.59 112.62 112.55 112.41 112.48 112.36 112.37 111.59 111.97 112.72 112.64 112.61 112.95 113.15 112.96
51°N ||     113.03 113.04 112.97 112.98 113.00 113.01 112.87 112.85 112.89 112.86 112.79 112.67 112.57 112.45 112.27 112.06 111.80 111.53 111.35 111.15 110.73 110.80 110.63 110.42 110.35 110.24 110.15 110.11 110.08 110.07 110.06 110.06 110.06 110.06 110.06 110.06 110.06 110.07 110.09 110.11 110.12 110.11 110.11 110.10 110.11 110.09 110.06 110.07 110.52 110.82 111.10 111.33 111.65 111.82 111.86 111.18 110.15 110.07 110.17 110.83 111.20 111.80 112.19 112.77 112.79 113.03 113.21 113.45 113.63 113.74 113.92 114.04 114.12 114.11 114.18 114.22 114.24 114.11 114.48 114.58 114.30 114.29 114.36 113.98 114.23 114.13 113.96 113.92 114.00 113.85 113.82 113.72 113.57 113.44 113.33 113.24 113.13 112.84 113.11 112.91 112.89 112.88 112.22 114.59 114.34 112.73 111.30 112.25 112.13 111.92 111.93 111.89 111.87 111.94 112.12 111.89 111.97 111.92 112.04 112.08 112.03 112.13 112.06 112.08 112.17 112.19 112.12 112.31 112.42 112.54 112.70 112.96 113.24 113.44 113.70 113.72 114.03 114.11 114.31 114.41 114.50 114.58 114.69 114.66 114.69 114.67 114.58 114.66 114.64 114.56 114.53 114.39 114.39 114.14 113.83 113.91 113.76 113.57 113.43 113.32 113.13 113.04 112.93 112.79 112.75 112.75 112.63 112.68 112.57 112.53 112.48 112.51 112.33 112.67 112.67 112.50 112.65 112.95 113.13 113.10
53°N ||     112.99 112.95 113.03 113.04 113.02 112.98 112.92 112.85 112.80 112.66 112.71 112.62 112.46 112.31 112.10 111.81 111.42 111.48 111.40 111.20 111.05 110.93 110.74 110.62 110.49 110.39 110.28 110.17 110.14 110.10 110.08 110.07 110.06 110.06 110.06 110.06 110.06 110.06 110.07 110.09 110.10 110.10 110.09 110.08 110.06 110.06 110.08 110.24 110.54 110.94 111.29 111.50 111.67 111.86 111.99 112.15 110.88 111.30 110.54 111.74 112.55 112.71 112.87 112.94 113.09 113.27 113.55 113.68 113.81 113.87 114.09 114.15 114.17 114.20 114.27 114.34 114.35 114.30 114.41 114.35 114.27 114.36 114.29 114.36 114.24 114.41 114.33 114.09 114.06 113.86 113.91 113.82 113.66 113.61 113.42 113.29 113.35 113.60 113.15 113.12 112.87 112.88 112.70 112.53 112.05 112.11 112.06 112.43 112.22 112.33 112.21 112.21 112.09 112.21 112.19 112.15 112.27 112.38 112.20 112.32 112.22 112.16 112.02 112.11 112.17 112.10 112.08 112.27 112.36 112.44 112.72 112.95 113.14 113.32 113.29 113.57 113.73 113.95 113.98 114.10 114.14 114.27 114.29 114.42 114.46 114.48 114.40 114.43 114.27 114.28 114.31 114.30 114.06 113.85 113.76 113.59 113.67 113.50 113.39 113.26 113.15 113.01 112.92 112.86 112.82 112.75 112.80 112.75 112.39 112.53 112.44 112.60 112.54 112.53 112.59 112.79 112.98 112.98 113.08 113.10
55°N ||     113.10 113.07 112.97 112.85 112.90 112.71 112.77 112.81 112.74 112.67 112.65 112.50 112.43 112.23 112.17 111.84 114.03 111.32 111.45 111.35 111.21 111.04 110.93 110.87 110.68 110.54 110.43 110.30 110.20 110.16 110.12 110.11 110.10 110.10 110.10 110.11 110.08 110.07 110.06 110.06 110.06 110.06 110.07 110.06 110.06 110.08 110.21 111.33 111.15 111.47 111.59 111.62 112.04 111.86 112.04 112.25 112.41 112.49 112.75 112.88 113.00 113.12 113.36 113.44 113.60 113.73 113.76 113.88 113.94 114.04 114.17 114.22 114.23 114.31 114.34 114.28 114.32 114.33 114.39 114.50 114.26 114.31 114.36 114.29 114.41 114.26 114.11 114.10 113.94 113.97 113.92 113.89 113.76 113.64 113.41 113.39 113.38 113.36 113.26 113.14 113.07 112.97 112.80 112.81 112.76 112.58 112.47 112.48 112.50 112.40 112.40 112.41 112.32 112.45 112.34 112.47 112.61 112.56 112.54 112.47 112.28 112.23 112.14 112.10 112.00 112.03 112.25 112.37 112.37 112.43 112.64 112.85 112.99 113.02 113.21 113.41 113.54 113.68 113.69 113.77 113.84 113.93 113.96 114.08 114.13 114.06 114.09 114.10 113.81 113.85 113.97 113.83 113.80 113.61 113.50 113.61 113.32 113.45 113.37 113.07 112.97 112.94 112.89 112.90 112.76 112.78 112.71 112.59 112.53 112.61 112.64 112.38 112.45 112.42 112.65 112.78 112.95 113.06 113.14 113.18
57°N ||     113.06 113.05 113.00 112.94 112.98 112.84 112.74 112.69 112.67 112.69 112.52 112.41 112.42 112.23 112.11 112.07 111.53 111.63 111.47 111.45 111.34 111.25 111.11 110.99 110.90 110.79 110.63 110.50 110.50 110.38 110.34 110.29 110.26 110.28 110.26 110.27 110.24 110.20 110.17 110.08 110.07 110.06 110.06 110.06 110.08 110.21 110.51 110.80 111.25 111.42 111.59 111.69 111.80 111.95 112.15 112.34 112.53 112.75 112.93 113.09 113.40 113.49 113.57 113.63 113.75 113.78 113.89 113.98 114.03 114.15 114.16 114.53 114.33 114.33 114.34 114.40 114.38 114.33 114.35 114.34 114.32 114.47 114.24 114.28 113.62 114.78 114.11 114.05 114.02 113.93 113.97 113.81 113.74 113.68 113.64 113.49 113.49 113.35 113.28 113.06 113.08 113.02 112.83 112.66 112.59 112.61 112.60 112.48 112.65 112.57 112.52 112.62 112.72 112.70 112.70 112.75 112.83 112.74 112.63 112.41 112.32 112.34 112.28 112.17 112.17 112.20 112.13 112.24 112.34 112.38 112.59 112.65 112.83 112.82 112.91 113.06 113.29 113.36 113.41 113.34 113.56 113.50 113.66 113.80 113.81 113.75 113.72 113.77 113.72 113.61 113.70 113.62 113.65 113.63 113.43 113.50 113.34 113.40 113.33 113.13 113.02 113.04 112.89 112.84 112.79 112.69 112.68 112.62 112.45 112.59 112.56 112.46 112.72 112.59 112.60 112.79 112.97 112.95 113.02 113.04
59°N ||     112.94 112.99 112.96 112.79 112.91 112.88 112.60 112.77 112.76 112.77 112.67 112.57 112.44 112.35 112.18 111.98 112.04 111.87 111.76 111.65 111.55 111.43 111.26 111.15 111.14 111.08 111.03 110.92 110.84 110.76 110.71 110.60 110.56 110.59 110.69 110.59 110.59 110.60 110.45 110.31 110.25 110.20 110.21 110.38 110.48 110.77 110.97 111.18 111.43 111.58 111.70 111.90 111.98 112.12 112.31 112.44 112.64 112.84 113.02 113.28 113.57 113.39 113.76 113.82 113.84 113.91 114.01 114.08 114.11 114.09 114.21 114.19 114.24 114.32 114.34 114.35 114.30 114.39 114.45 114.42 114.32 114.30 114.32 114.24 114.22 114.20 114.16 114.14 114.07 113.91 113.80 113.87 113.73 113.74 113.46 113.56 113.54 113.44 113.23 113.18 113.06 113.01 112.98 112.91 112.91 112.84 112.64 112.65 112.69 112.75 112.85 112.89 112.88 112.88 112.76 112.87 112.86 112.86 112.63 112.54 112.49 112.41 112.24 112.26 112.16 112.17 112.11 112.19 112.28 112.30 112.44 112.41 112.66 112.85 112.78 112.61 112.90 112.97 112.93 113.14 113.27 113.08 113.28 113.41 113.40 113.31 113.40 113.38 113.39 113.39 113.38 113.43 113.41 113.33 113.32 113.38 113.33 113.20 113.20 113.08 113.13 112.97 112.91 112.80 112.74 112.65 112.44 112.47 112.43 112.52 112.58 112.59 112.67 112.65 112.70 112.76 112.87 113.00 112.80 112.92
61°N ||     112.87 112.88 112.86 112.88 112.86 112.92 112.80 112.73 112.79 112.62 112.55 112.57 112.49 112.37 112.24 112.16 112.06 111.98 111.90 111.77 111.65 111.62 111.54 111.47 111.38 111.35 111.26 111.20 111.15 111.14 111.13 111.07 111.11 111.11 111.07 111.03 111.01 111.04 110.99 111.44 110.93 110.91 110.92 110.98 111.03 111.13 111.23 111.40 111.64 111.79 111.84 112.13 112.31 112.44 112.57 112.76 112.92 113.07 113.23 113.34 113.56 113.77 113.85 113.91 114.01 114.36 113.91 114.16 114.19 114.20 114.30 114.16 114.26 114.40 114.46 114.44 114.40 114.43 114.33 114.38 114.33 114.34 114.29 114.31 114.23 114.20 114.11 114.07 113.98 113.91 113.83 113.80 113.77 113.67 113.67 113.67 113.48 113.38 113.35 113.21 113.16 113.08 112.96 112.95 112.92 112.95 112.78 112.89 112.87 112.96 112.94 112.97 113.00 112.99 112.88 112.97 112.89 112.88 112.81 112.59 112.68 112.63 112.18 112.35 112.29 112.22 112.12 112.07 112.13 112.24 112.24 112.29 112.37 111.84 112.37 112.60 112.64 112.59 112.79 112.88 112.95 112.73 113.04 113.10 113.11 112.94 113.06 113.03 113.12 113.17 113.11 113.18 113.11 113.04 113.14 113.15 113.07 113.04 113.06 112.97 112.91 112.94 112.83 112.79 112.74 112.49 112.63 112.58 112.46 112.54 112.49 112.60 112.65 112.63 112.75 112.76 112.70 112.85 112.82 112.72
63°N ||     112.93 112.77 112.76 113.63 112.81 112.86 112.87 112.83 112.79 112.76 112.70 112.56 112.54 112.42 112.37 112.33 112.24 112.18 112.01 111.84 111.59 111.82 111.76 111.70 111.65 111.62 111.54 111.56 111.55 111.48 111.46 111.40 111.38 111.34 111.29 111.25 111.23 111.26 111.26 111.24 111.23 111.28 111.29 111.35 111.46 111.53 111.64 111.70 111.89 112.04 112.27 112.42 112.58 112.77 112.98 113.07 113.19 113.32 113.48 113.51 113.63 113.79 113.93 114.05 114.05 114.08 114.23 114.21 114.19 114.19 114.26 114.21 114.29 114.29 114.33 114.39 114.35 114.28 114.28 114.32 114.31 114.31 114.21 114.15 114.11 113.85 113.91 113.88 113.87 113.84 113.83 113.73 113.61 113.57 113.63 113.33 113.29 113.32 113.27 113.19 113.17 113.09 113.01 113.01 113.03 112.99 112.99 113.01 113.00 112.97 113.04 113.01 113.09 113.01 112.99 112.95 112.93 112.83 112.92 112.81 112.71 112.66 112.64 112.50 112.42 112.34 112.22 112.17 112.13 112.12 112.13 112.20 112.26 112.26 112.34 112.46 112.51 112.50 112.61 112.43 112.71 112.49 112.73 112.82 112.68 112.85 112.84 112.85 112.89 112.90 112.85 112.87 112.98 112.98 112.97 112.92 112.93 112.86 112.91 112.92 112.87 112.80 112.83 112.78 112.61 112.68 112.68 112.69 112.44 112.53 112.56 112.60 112.50 112.67 112.76 112.81 112.76 112.82 112.84 112.86
65°N ||     112.85 113.00 112.87 112.98 112.97 112.92 112.88 112.92 112.64 112.76 112.69 112.69 112.70 112.66 112.84 112.46 112.41 112.34 112.20 112.29 112.23 112.10 112.07 112.04 111.99 111.96 111.82 111.87 111.84 111.81 111.75 111.69 111.67 111.62 111.56 111.50 111.50 111.51 111.46 111.46 111.46 111.53 111.61 111.69 111.81 111.91 111.99 112.13 112.22 112.36 112.49 112.52 112.81 113.06 113.23 113.42 113.58 113.77 113.82 113.85 113.87 114.01 114.07 114.04 114.17 114.20 114.22 114.14 114.19 114.25 114.15 114.17 114.27 114.29 114.29 114.32 114.32 114.26 114.28 114.27 114.30 114.22 114.17 113.86 114.47 115.19 113.16 113.74 113.85 113.75 113.80 113.64 113.67 113.50 113.49 113.41 113.33 113.30 113.30 113.25 113.16 113.16 113.11 112.97 113.08 112.95 112.94 113.00 112.99 112.97 113.05 113.06 113.11 113.02 112.86 112.89 113.03 112.89 112.85 112.93 112.88 112.78 112.75 112.52 112.50 112.30 112.34 112.23 112.21 112.05 112.15 112.12 112.11 112.14 112.24 112.20 112.28 112.31 112.23 112.36 112.45 112.43 112.53 112.55 112.46 112.62 112.61 112.64 112.61 112.64 112.70 112.72 112.72 112.77 112.57 112.79 112.75 112.85 112.82 112.81 112.70 112.68 112.81 112.78 112.66 112.79 112.78 112.58 112.71 112.61 112.76 112.74 112.69 112.71 112.71 112.80 112.67 112.70 112.88 112.55
67°N ||     112.97 112.96 113.02 112.98 112.95 113.08 113.02 112.96 113.00 112.95 112.76 112.81 112.86 112.72 112.75 112.67 112.66 112.61 112.58 112.57 112.37 112.44 112.29 112.23 112.22 112.08 112.21 112.17 112.07 112.04 112.01 111.90 111.93 111.82 112.12 111.71 111.71 111.70 111.68 111.71 111.75 111.81 111.93 111.98 112.06 112.18 112.32 112.48 112.59 112.73 112.90 113.09 113.25 113.45 113.64 113.80 113.98 114.10 114.22 114.33 114.36 114.33 114.24 114.20 114.20 114.20 114.16 114.20 114.26 114.22 114.26 114.26 114.22 114.29 114.29 114.25 114.22 114.12 114.29 114.25 114.22 114.16 114.00 113.95 113.94 113.79 113.77 113.79 113.75 113.78 113.69 113.61 113.60 113.49 113.45 113.36 113.32 113.28 113.23 113.12 113.05 113.12 113.08 112.95 112.99 112.99 113.00 112.94 112.89 112.78 112.85 113.02 113.08 113.01 112.97 112.98 112.86 112.94 112.92 112.90 112.85 112.71 112.76 112.68 112.58 112.52 112.49 112.32 112.23 112.19 112.11 112.02 112.03 112.03 111.93 112.11 112.11 112.14 111.82 112.20 112.26 112.35 112.37 112.31 112.35 112.36 112.18 112.46 112.44 112.49 112.45 112.59 112.56 112.62 112.64 112.63 112.65 112.67 112.69 112.74 112.57 112.60 112.60 112.68 112.66 112.65 112.78 112.78 112.79 112.73 112.80 112.73 112.84 112.81 112.68 112.75 112.77 112.92 112.89 112.94
69°N ||     112.84 113.06 113.08 113.02 113.06 113.08 113.05 113.10 112.95 113.14 113.02 113.00 112.97 112.99 112.82 112.73 112.73 112.85 112.89 112.77 112.79 112.77 112.73 112.69 112.56 112.53 112.15 112.47 112.45 112.27 112.42 112.20 112.24 112.11 112.00 111.93 111.97 111.96 111.98 112.00 112.02 112.16 112.24 112.35 112.44 112.57 112.80 112.98 113.18 113.32 113.42 113.51 113.57 113.70 113.79 113.93 114.01 114.05 114.16 114.19 114.19 114.21 114.19 114.18 114.14 114.18 114.20 114.21 114.16 114.23 114.24 114.21 114.29 114.27 114.14 114.22 114.20 114.13 114.15 114.11 114.05 114.01 114.05 113.96 113.83 113.85 113.71 113.66 113.64 113.59 113.59 113.52 113.42 113.41 113.41 113.22 113.26 113.26 113.20 113.17 113.15 113.14 113.10 112.99 113.01 113.10 113.05 113.00 112.99 113.03 112.79 112.84 112.96 112.95 113.00 112.95 112.89 112.92 112.90 112.79 112.72 112.76 112.72 112.70 112.55 112.52 112.50 112.45 112.39 112.33 112.25 112.14 112.12 112.04 111.96 111.88 111.94 112.05 112.13 112.09 112.12 112.12 112.16 112.16 112.17 112.18 112.22 112.27 112.27 112.25 112.34 112.28 112.36 112.45 112.52 112.57 112.53 112.59 112.77 112.69 112.63 112.63 112.62 112.72 112.71 112.77 112.79 112.85 112.82 112.77 112.76 112.86 112.89 112.93 113.07 113.00 112.95 112.99 112.93 112.89
71°N ||     113.07 113.16 113.23 113.13 113.08 113.16 113.35 113.03 113.15 113.17 113.02 113.08 113.12 113.06 113.17 113.19 113.18 113.09 113.25 112.97 112.86 113.01 113.01 112.94 112.84 112.79 112.70 112.60 112.66 112.51 112.55 112.58 112.60 112.42 112.54 112.56 112.42 112.43 112.46 112.49 112.44 112.62 112.69 112.75 112.88 112.96 113.08 113.26 113.35 113.49 113.59 113.66 113.67 113.64 113.73 113.76 113.79 113.84 113.89 113.89 113.86 113.93 113.94 113.99 114.13 114.05 114.08 114.12 114.22 114.15 114.19 114.15 114.14 114.19 114.12 114.06 114.07 114.11 114.07 114.00 113.95 113.94 113.90 113.83 113.75 113.73 113.67 113.66 113.61 113.49 113.38 113.30 113.36 113.38 113.28 113.27 113.22 113.20 113.17 113.12 113.04 112.99 112.95 112.93 113.00 113.03 113.01 112.95 112.97 112.95 113.02 112.94 112.91 112.92 112.84 112.91 112.82 112.80 112.69 112.78 112.63 112.72 112.68 112.55 112.56 112.54 112.51 112.50 112.43 112.34 112.29 112.29 112.22 112.18 112.08 112.09 112.01 111.97 111.92 111.88 111.81 111.80 111.84 111.88 111.94 112.00 112.08 112.10 112.21 112.18 112.26 112.25 112.24 112.28 112.38 112.34 112.49 112.57 112.62 112.66 112.68 112.59 112.72 112.74 112.77 112.84 112.81 112.85 112.70 112.88 112.88 112.85 112.78 112.93 112.96 113.01 113.11 112.95 113.05 113.02
73°N ||     113.22 113.31 113.32 113.26 113.19 113.36 113.39 113.34 113.34 113.40 113.48 113.37 113.39 113.26 113.52 113.34 113.31 113.28 113.21 113.20 113.25 112.97 112.98 113.07 112.96 113.09 112.96 113.39 113.16 113.05 113.14 112.96 112.89 112.83 112.72 112.81 112.72 112.77 112.82 112.93 112.99 113.06 113.11 113.15 113.25 113.32 113.36 113.41 113.47 113.54 113.63 113.78 113.73 113.73 113.73 113.71 113.67 113.66 113.61 113.67 113.72 113.77 113.81 113.81 113.86 113.94 113.97 113.94 113.94 113.98 114.07 114.13 114.12 114.01 114.08 114.09 114.11 114.02 113.95 113.84 113.86 113.80 113.75 113.69 113.72 113.70 113.64 113.58 113.51 113.51 113.42 113.23 113.24 113.25 113.23 113.09 113.12 113.11 113.06 113.09 113.04 113.03 112.99 112.84 112.95 112.96 112.89 112.85 112.85 112.79 112.86 112.87 112.93 112.91 112.85 112.91 112.92 112.83 112.72 112.64 112.70 112.77 112.72 112.60 112.57 112.53 112.47 112.51 112.39 112.37 112.32 112.27 112.28 112.21 112.22 112.17 112.12 112.06 112.03 112.04 112.07 112.09 112.11 112.11 112.13 112.16 112.18 112.19 112.24 112.26 112.23 112.30 112.30 112.34 112.34 112.34 112.48 112.54 112.57 112.54 112.69 112.68 112.62 112.73 112.83 112.89 112.80 112.89 112.97 113.02 112.50 113.79 112.71 111.62 112.98 113.06 113.21 113.17 113.00 113.13
75°N ||     113.23 113.36 113.29 113.36 113.37 113.51 113.33 113.44 113.47 113.46 113.53 113.43 113.45 113.56 113.45 113.52 113.51 113.30 113.40 113.46 113.39 113.51 113.57 113.66 113.47 113.26 113.30 113.30 113.02 113.12 113.15 113.09 113.25 113.30 113.38 113.19 113.12 113.14 113.04 113.19 113.18 113.24 113.35 113.34 113.34 113.27 113.38 113.44 113.48 113.60 113.66 113.68 113.68 113.69 113.70 113.84 113.68 113.66 113.70 113.72 113.81 113.87 113.91 113.92 113.92 113.89 113.85 113.88 113.93 113.84 113.97 113.98 113.98 113.98 113.96 114.00 113.93 113.92 113.81 113.84 113.75 113.74 113.66 113.81 113.62 113.54 113.48 113.41 113.40 113.40 113.32 113.30 113.25 113.19 113.19 113.16 113.25 113.05 113.00 112.97 112.95 112.95 112.93 112.88 112.90 112.92 112.93 112.88 112.81 112.89 112.85 112.81 112.87 112.86 112.85 112.82 112.79 112.82 112.71 112.71 112.70 112.67 112.58 112.70 112.69 112.64 112.52 112.49 112.48 112.38 112.46 112.41 112.41 112.36 112.26 112.29 112.24 112.23 112.21 112.20 112.17 112.24 112.24 112.11 112.18 112.23 112.27 112.29 112.23 112.24 112.27 112.32 112.35 112.37 112.40 112.41 112.44 112.53 112.58 112.63 112.63 112.72 112.73 112.81 112.84 112.83 112.84 112.88 112.93 113.00 113.00 113.07 113.01 113.27 113.29 113.32 113.33 113.33 113.27 113.18
77°N ||     113.48 113.34 113.07 112.94 113.12 113.45 113.33 112.89 112.93 113.40 113.52 113.53 113.56 113.52 113.51 113.31 112.96 113.01 112.91 113.30 113.06 113.20 113.67 113.98 113.51 113.31 113.30 113.45 113.37 113.35 113.34 113.35 113.41 113.31 112.94 113.29 113.18 113.28 113.24 113.20 113.40 113.36 113.27 113.28 113.37 113.46 113.50 113.55 113.59 113.62 113.65 113.69 113.54 113.76 113.79 113.84 113.87 113.87 113.87 113.88 113.92 113.17 113.21 113.66 113.81 113.78 113.78 113.81 113.73 113.73 113.80 113.82 113.82 113.83 113.78 113.79 113.77 113.78 113.82 113.79 113.73 113.61 113.59 113.56 113.55 113.48 113.34 113.32 113.41 113.35 113.36 113.31 113.22 113.11 113.10 113.14 113.14 113.11 113.06 113.02 113.00 113.00 112.95 113.03 112.94 112.92 112.93 112.91 112.90 112.89 112.89 112.86 112.82 112.75 112.75 112.74 112.79 112.70 112.71 112.60 112.64 112.68 112.69 112.69 112.68 112.69 112.64 112.61 112.57 112.50 112.53 112.46 112.42 112.33 112.02 112.25 112.35 112.36 112.38 112.35 112.30 112.30 112.30 112.29 112.30 112.26 112.32 112.28 112.31 112.25 112.32 112.38 112.36 112.41 112.46 112.48 112.52 112.54 112.50 112.58 112.61 112.69 112.79 112.85 112.87 112.88 112.92 113.01 113.02 112.98 113.07 113.00 113.06 113.14 113.11 113.34 113.46 113.43 113.34 113.42
79°N ||     113.17 113.03 113.04 113.16 113.19 113.14 113.09 113.09 113.13 113.12 113.14 112.96 113.25 113.19 113.23 113.33 113.33 113.37 113.37 113.31 113.29 113.42 113.40 113.44 113.49 113.54 113.45 113.19 113.27 113.14 113.20 113.25 113.29 113.31 113.27 113.34 113.29 113.40 113.38 113.38 113.40 113.43 113.43 113.38 113.32 113.35 113.39 113.43 113.47 113.56 113.64 113.61 113.65 113.69 113.74 113.75 113.71 113.77 113.85 113.84 113.89 113.93 113.92 113.94 113.89 113.90 113.97 113.91 113.81 113.75 113.69 113.65 113.57 113.60 113.61 113.43 113.39 113.43 113.55 113.56 113.44 113.50 113.32 112.78 113.10 113.45 112.17 112.40 113.14 111.70 112.18 112.78 112.42 111.97 112.61 111.79 111.95 112.70 112.40 112.01 112.15 112.25 112.39 112.83 112.88 112.79 112.85 112.86 112.88 112.86 112.84 112.83 112.82 112.81 112.75 112.77 112.74 112.74 112.71 112.48 113.07 112.45 112.65 112.61 112.58 112.62 112.58 112.55 112.55 112.55 112.55 112.56 112.52 112.53 112.52 112.52 112.53 112.53 112.47 112.49 112.45 112.40 112.33 112.35 112.35 112.26 112.16 112.18 112.24 112.30 112.33 112.29 112.39 112.45 112.44 112.53 112.50 112.57 112.55 112.57 112.61 112.69 112.73 112.82 112.83 112.90 112.87 112.86 112.91 113.04 113.03 113.06 113.07 113.13 113.15 113.09 113.08 113.24 113.24 113.21
81°N ||     112.17 112.19 112.23 112.29 112.23 112.24 112.27 112.26 112.28 112.30 112.34 112.37 112.40 112.43 112.47 112.50 112.51 112.54 112.54 112.57 112.58 112.62 112.65 112.70 112.74 112.81 112.90 113.01 113.01 113.09 113.18 113.06 113.08 113.28 112.74 112.73 112.52 112.82 112.16 112.31 112.55 112.67 113.16 113.17 113.19 113.27 113.36 113.32 113.12 113.09 112.55 112.53 112.31 112.52 113.06 112.65 112.55 112.53 112.54 112.67 113.35 113.18 113.27 113.29 113.37 113.44 113.54 113.15 112.97 112.65 112.65 112.66 112.13 112.39 112.17 111.83 111.60 111.81 111.55 111.31 111.27 110.95 111.00 110.83 110.82 110.90 110.65 110.62 110.64 110.54 110.61 110.75 110.45 110.45 110.75 110.52 110.56 110.36 110.36 110.40 110.75 110.85 110.82 110.82 110.87 110.96 110.60 111.49 111.58 112.33 112.27 111.61 111.89 112.58 112.22 112.32 112.01 112.15 112.44 111.81 111.86 111.75 111.84 111.88 112.16 112.54 111.98 112.08 112.08 112.06 112.13 112.10 112.10 112.13 112.15 112.18 112.27 112.38 112.49 112.50 112.50 112.50 112.50 112.46 112.49 112.44 112.44 112.47 112.49 112.55 112.55 112.58 112.59 112.61 112.61 112.59 112.59 112.63 112.64 112.59 112.61 112.63 112.66 112.67 112.66 112.65 112.62 112.59 112.58 112.49 112.39 112.41 112.40 112.38 112.37 112.31 112.25 112.19 112.19 112.18
83°N ||     111.75 111.76 111.76 111.76 111.77 111.76 111.78 111.79 111.81 111.83 111.86 111.90 111.92 111.95 111.97 112.02 112.07 112.08 112.16 112.16 112.21 112.22 112.22 112.22 112.21 112.15 112.31 112.27 112.21 111.58 111.43 111.21 111.50 111.62 111.23 111.44 111.16 111.19 111.20 111.10 110.95 111.10 110.86 110.73 110.75 110.93 110.90 110.86 110.94 111.05 111.23 111.43 111.67 111.75 111.30 111.41 111.20 111.05 111.03 111.20 111.08 111.85 111.79 112.68 112.86 113.07 113.23 113.34 113.31 112.94 112.63 112.25 111.92 111.68 111.57 111.35 111.22 111.09 111.00 110.93 110.88 110.80 110.75 110.70 110.63 110.57 110.53 110.49 110.46 110.46 110.45 110.44 110.43 110.41 110.37 110.34 110.32 110.29 110.28 110.26 110.25 110.22 110.20 110.18 110.17 110.15 110.15 110.14 110.15 110.25 110.40 110.60 110.56 110.64 110.46 110.61 110.82 110.89 110.77 110.64 110.58 110.60 110.87 110.68 110.76 110.62 110.73 110.77 110.67 110.74 110.57 110.61 110.74 110.93 110.85 110.82 110.88 110.71 110.81 110.83 110.98 111.33 111.41 111.55 112.02 111.98 112.30 112.50 112.54 112.50 112.46 112.43 112.43 112.44 112.50 112.52 112.50 112.48 112.40 112.37 112.34 112.33 112.29 112.26 112.22 112.18 112.14 112.10 112.07 112.05 112.01 112.00 111.96 111.93 111.92 111.89 111.85 111.81 111.78 111.76
85°N ||     111.96 111.82 111.96 112.12 112.20 112.46 111.17 111.03 111.28 111.47 110.86 111.20 111.00 110.90 111.05 111.25 110.56 110.38 110.35 110.36 110.36 110.57 111.07 110.77 110.81 110.95 111.29 111.02 110.98 111.20 111.14 110.23 110.29 110.60 110.33 110.23 110.20 110.20 110.21 110.24 110.23 110.33 110.27 110.21 110.24 110.19 110.17 110.19 110.18 110.27 110.27 110.25 110.31 110.49 110.48 110.37 110.39 110.43 110.49 110.57 110.61 110.52 110.65 110.56 110.52 110.52 110.80 110.80 111.19 111.41 111.55 111.85 111.61 111.58 111.55 111.70 111.88 112.08 112.16 112.17 112.25 112.27 111.87 111.48 111.08 111.02 111.08 111.16 111.28 111.54 111.99 111.97 110.65 110.45 110.44 110.52 110.46 110.41 110.30 110.25 110.23 110.29 110.21 110.18 110.16 110.14 110.13 110.12 110.11 110.11 110.10 110.11 110.11 110.11 110.12 110.12 110.13 110.13 110.14 110.14 110.15 110.16 110.16 110.15 110.15 110.15 110.15 110.15 110.15 110.14 110.14 110.14 110.14 110.14 110.16 110.17 110.23 110.23 110.21 110.37 110.18 110.18 110.18 110.49 110.51 110.54 110.65 110.96 110.67 110.47 110.59 110.46 110.76 110.85 111.08 111.30 110.84 111.06 111.23 111.33 111.28 111.04 111.17 111.59 111.44 111.50 111.72 112.14 111.89 112.22 111.96 111.74 111.59 111.43 111.60 111.85 112.01 111.67 111.68 111.72
87°N ||     110.07 110.09 110.08 110.09 110.10 110.12 110.10 110.12 110.07 110.06 110.06 110.06 110.07 110.07 110.07 110.06 110.06 110.06 110.06 110.06 110.06 110.08 110.08 110.06 110.06 110.06 110.06 110.06 110.06 110.06 110.06 110.06 110.06 110.06 110.06 110.06 110.06 110.06 110.06 110.06 110.06 110.06 110.06 110.06 110.06 110.06 110.07 110.07 110.06 110.06 110.06 110.06 110.06 110.06 110.06 110.06 110.06 110.08 110.08 110.08 110.06 110.06 110.06 110.06 110.06 110.06 110.06 110.06 110.06 110.06 110.10 110.33 110.38 110.28 110.21 110.20 110.20 110.17 110.15 110.20 110.11 110.09 110.08 110.08 110.09 110.08 110.09 110.13 110.11 110.11 110.08 110.08 110.09 110.07 110.06 110.06 110.06 110.06 110.07 110.07 110.06 110.06 110.06 110.06 110.07 110.06 110.06 110.06 110.06 110.06 110.06 110.06 110.06 110.06 110.06 110.06 110.06 110.06 110.06 110.06 110.06 110.06 110.06 110.07 110.08 110.08 110.06 110.06 110.06 110.06 110.07 110.06 110.06 110.06 110.06 110.07 110.06 110.07 110.07 110.07 110.07 110.07 110.07 110.07 110.08 110.07 110.07 110.06 110.06 110.06 110.06 110.06 110.06 110.06 110.06 110.06 110.06 110.07 110.06 110.07 110.06 110.08 110.08 110.10 110.09 110.10 110.10 110.12 110.13 110.13 110.11 110.15 110.17 110.14 110.15 110.13 110.13 110.19 110.23 110.10
89°N ||     110.08 110.08 110.08 110.08 110.08 110.08 110.08 110.09 110.09 110.09 110.09 110.09 110.09 110.09 110.09 110.09 110.09 110.09 110.09 110.09 110.09 110.09 110.09 110.09 110.09 110.09 110.09 110.10 110.10 110.10 110.10 110.10 110.10 110.10 110.10 110.11 110.11 110.11 110.11 110.11 110.11 110.11 110.11 110.11 110.11 110.11 110.11 110.11 110.11 110.11 110.11 110.11 110.10 110.10 110.10 110.10 110.10 110.09 110.09 110.09 110.09 110.09 110.09 110.09 110.09 110.09 110.09 110.09 110.09 110.09 110.09 110.08 110.08 110.08 110.08 110.08 110.08 110.08 110.08 110.07 110.08 110.08 110.08 110.08 110.08 110.07 110.07 110.08 110.07 110.07 110.08 110.07 110.07 110.07 110.07 110.08 110.08 110.08 110.07 110.07 110.07 110.08 110.08 110.08 110.08 110.08 110.08 110.08 110.08 110.09 110.09 110.09 110.09 110.09 110.09 110.09 110.09 110.09 110.09 110.09 110.09 110.09 110.09 110.09 110.09 110.09 110.09 110.09 110.09 110.09 110.09 110.10 110.10 110.10 110.10 110.10 110.10 110.10 110.10 110.10 110.10 110.10 110.10 110.10 110.10 110.11 110.10 110.10 110.10 110.10 110.10 110.10 110.10 110.10 110.10 110.09 110.09 110.09 110.09 110.09 110.09 110.09 110.09 110.09 110.09 110.09 110.09 110.09 110.09 110.09 110.09 110.09 110.09 110.09 110.08 110.08 110.08 110.08 110.08 110.08
