Mars Surface Radiation Result (absorbed dose in thin silicon slab) (1E-6 Gy/day).
Column 1 is East longitude (°)
Line 1 is North latitude (°)

-179  -177  -175  -173  -171  -169  -167  -165  -163  -161  -159  -157  -155  -153  -151  -149  -147  -145  -143  -141  -139  -137  -135  -133  -131  -129  -127  -125  -123  -121  -119  -117  -115  -113  -111  -109  -107  -105  -103  -101  -99  -97  -95  -93  -91  -89  -87  -85  -83  -81  -79  -77  -75  -73  -71  -69  -67  -65  -63  -61  -59  -57  -55  -53  -51  -49  -47  -45  -43  -41  -39  -37  -35  -33  -31  -29  -27  -25  -23  -21  -19  -17  -15  -13  -11  -9  -7  -5  -3  -1  1  3  5  7  9  11  13  15  17  19  21  23  25  27  29  31  33  35  37  39  41  43  45  47  49  51  53  55  57  59  61  63  65  67  69  71  73  75  77  79  81  83  85  87  89  91  93  95  97  99  101  103  105  107  109  111  113  115  117  119  121  123  125  127  129  131  133  135  137  139  141  143  145  147  149  151  153  155  157  159  161  163  165  167  169  171  173  175  177  179  
--------------------------------------------------------------------------------------------------
-89°N ||     192.60 192.63 192.65 192.66 192.66 192.65 192.65 192.66 192.67 192.69 192.74 192.75 192.75 192.76 192.79 192.80 192.83 192.85 192.86 192.86 192.84 192.83 192.83 192.82 192.82 192.80 192.79 192.80 192.79 192.79 192.79 192.78 192.79 192.80 192.79 192.80 192.80 192.80 192.78 192.76 192.74 192.72 192.70 192.69 192.68 192.68 192.68 192.69 192.69 192.68 192.68 192.68 192.67 192.66 192.67 192.67 192.64 192.63 192.62 192.63 192.62 192.62 192.63 192.62 192.63 192.64 192.64 192.59 192.56 192.57 192.55 192.56 192.56 192.56 192.54 192.53 192.53 192.52 192.52 192.52 192.52 192.53 192.54 192.53 192.54 192.54 192.54 192.54 192.54 192.55 192.55 192.56 192.56 192.56 192.56 192.57 192.56 192.57 192.56 192.55 192.54 192.54 192.54 192.54 192.54 192.55 192.55 192.55 192.55 192.55 192.55 192.54 192.52 192.54 192.56 192.58 192.57 192.57 192.58 192.59 192.60 192.60 192.61 192.62 192.64 192.66 192.66 192.67 192.68 192.69 192.69 192.70 192.70 192.71 192.72 192.73 192.73 192.74 192.74 192.74 192.72 192.72 192.71 192.69 192.70 192.69 192.68 192.67 192.65 192.64 192.64 192.63 192.63 192.62 192.61 192.61 192.61 192.61 192.61 192.61 192.61 192.60 192.59 192.58 192.58 192.57 192.57 192.57 192.57 192.58 192.59 192.60 192.60 192.61 192.61 192.61 192.61 192.61 192.60 192.61
-87°N ||     192.91 192.90 192.85 192.83 192.83 192.84 192.88 192.88 192.89 192.91 192.91 192.91 192.92 192.93 192.93 192.93 192.93 192.93 192.93 192.93 192.93 192.93 192.92 192.91 192.92 192.92 192.93 192.93 192.93 192.93 192.92 192.92 192.92 192.92 192.92 192.92 192.92 192.92 192.93 192.93 192.93 192.93 192.93 192.93 192.93 192.93 192.93 192.93 192.93 192.92 192.90 192.92 192.89 192.84 192.85 192.84 192.81 192.78 192.76 192.75 192.82 192.65 192.70 192.60 192.57 192.56 192.53 192.51 192.49 192.49 192.49 192.50 192.54 192.52 192.39 192.36 192.32 192.27 192.26 192.37 192.20 192.09 192.09 192.03 192.02 192.03 192.05 192.07 192.09 192.11 192.12 192.11 192.10 192.07 192.06 192.32 192.27 192.38 192.25 192.35 192.34 192.35 192.41 192.42 192.44 192.49 192.52 192.59 192.62 192.63 192.56 192.55 192.57 192.58 192.60 192.60 192.62 192.64 192.67 192.68 192.71 192.73 192.73 192.75 192.77 192.76 192.77 192.79 192.81 192.80 192.82 192.82 192.83 192.84 192.87 192.90 192.91 192.92 192.91 192.89 192.87 192.86 192.85 192.85 192.84 192.84 192.82 192.74 192.72 192.72 192.72 192.73 192.74 192.74 192.74 192.74 192.76 192.80 192.82 192.82 192.83 192.85 192.86 192.87 192.88 192.89 192.91 192.91 192.93 192.93 192.92 192.92 192.93 192.92 192.88 192.89 192.91 192.93 192.91 192.89
-85°N ||     192.89 192.90 192.90 192.91 192.91 192.91 192.91 192.91 192.91 192.91 192.91 192.91 192.91 192.92 192.92 192.91 192.91 192.92 192.92 192.92 192.92 192.92 192.93 192.93 192.92 192.92 192.93 192.93 192.93 192.93 192.86 192.86 192.86 192.87 192.84 192.88 192.77 192.82 192.86 192.89 192.83 192.70 192.70 192.70 192.81 192.82 192.85 192.88 192.90 192.91 192.90 192.92 192.92 192.93 192.89 192.86 192.88 192.91 192.92 192.81 192.91 192.85 192.82 192.84 192.87 192.88 192.83 192.86 192.86 192.75 192.81 192.80 192.70 192.67 192.69 192.59 192.71 192.81 192.89 192.80 192.73 192.71 192.73 192.73 192.74 192.73 192.72 192.69 192.70 192.74 192.70 192.70 192.74 192.71 192.71 192.72 192.74 192.74 192.73 192.74 192.72 192.78 192.87 192.89 192.90 192.90 192.90 192.91 192.90 192.91 192.91 192.92 192.93 192.92 192.91 192.89 192.88 192.88 192.89 192.90 192.90 192.91 192.91 192.92 192.93 192.93 192.93 192.93 192.93 192.92 192.92 192.91 192.91 192.91 192.91 192.92 192.92 192.55 192.28 192.46 192.79 192.86 192.86 192.87 192.92 192.93 192.92 192.92 192.92 192.93 192.92 192.92 192.92 192.93 192.92 192.93 192.93 192.93 192.93 192.93 192.93 192.93 192.92 192.91 192.90 192.91 192.92 192.92 192.93 192.91 192.93 192.93 192.93 192.93 192.93 192.92 192.91 192.91 192.89 192.89
-83°N ||     192.90 192.90 192.91 192.91 192.91 192.91 192.91 192.92 192.92 192.92 192.92 192.92 192.93 192.93 192.93 192.93 192.93 192.93 192.93 192.93 192.93 192.93 192.93 192.93 192.93 192.92 192.92 192.91 192.89 192.86 192.88 192.91 192.91 192.92 192.91 192.89 192.89 192.89 192.88 192.87 192.92 192.92 192.91 192.90 192.90 192.89 192.89 192.64 192.60 192.59 192.66 192.65 192.70 192.68 192.64 192.67 192.69 192.48 192.45 192.46 192.80 192.63 192.69 192.77 192.55 192.79 192.78 192.79 192.47 192.73 192.44 192.18 191.93 191.87 192.04 192.26 192.25 192.29 192.25 192.06 192.06 192.11 192.28 192.24 192.22 192.31 192.38 192.37 192.31 192.30 192.55 192.57 192.49 192.00 192.56 192.61 192.66 192.70 192.70 192.78 192.64 192.89 192.84 192.91 192.81 192.72 192.69 192.80 192.85 192.83 192.81 192.75 192.64 192.61 192.56 192.52 192.81 192.81 192.82 192.82 192.84 192.81 192.91 192.93 192.92 192.91 192.91 192.93 192.93 192.90 192.92 192.92 192.90 192.89 192.85 192.63 192.10 192.20 192.19 192.22 192.19 192.85 192.87 192.85 192.86 192.82 192.83 192.85 192.86 192.86 192.87 192.90 192.91 192.92 192.92 192.93 192.93 192.93 192.90 192.84 192.70 192.54 192.57 192.77 192.92 192.92 192.88 192.87 192.87 192.86 192.87 192.89 192.88 192.90 192.93 192.91 192.90 192.89 192.89 192.90
-81°N ||     192.92 192.93 192.93 192.92 192.92 192.93 192.93 192.93 192.93 192.93 192.93 192.92 192.90 192.90 192.93 192.93 192.92 192.92 192.91 192.90 192.89 192.88 192.88 192.87 192.85 192.84 192.81 192.80 192.79 192.78 192.76 192.68 192.71 192.69 192.62 192.63 192.76 192.73 192.74 192.73 192.61 192.69 192.83 192.79 192.82 192.89 192.86 192.81 192.77 192.84 192.79 192.84 192.72 191.88 191.99 191.80 191.52 192.20 191.66 191.90 192.31 192.18 192.07 192.13 192.18 192.30 192.25 192.21 192.28 192.36 192.21 192.37 192.53 192.48 192.44 192.44 192.51 192.52 192.51 192.43 191.77 192.50 192.64 192.67 192.68 192.66 192.66 192.65 192.65 192.65 192.66 192.63 192.68 192.79 192.86 192.91 192.83 192.60 192.89 192.84 192.91 192.84 192.86 192.83 192.69 192.59 192.49 192.28 192.33 192.42 192.56 192.34 192.28 192.19 192.23 192.16 192.14 192.05 192.08 192.08 192.10 192.06 192.12 192.19 192.19 192.07 192.50 192.48 192.43 192.39 192.35 192.16 192.13 192.05 192.03 192.07 192.11 192.57 192.91 192.93 192.93 192.93 192.93 192.91 192.90 192.90 192.91 192.89 192.86 192.85 192.81 192.77 192.71 192.82 192.78 192.69 192.63 192.76 192.83 192.80 192.54 192.55 192.78 192.81 192.75 192.72 192.62 192.82 192.91 192.90 192.90 192.91 192.92 192.91 192.86 192.92 192.93 192.93 192.91 192.92
-79°N ||     192.93 192.93 192.93 192.93 192.93 192.92 192.93 192.92 192.92 192.90 192.91 192.90 192.89 192.89 192.87 192.83 192.87 192.75 192.88 192.76 192.83 192.82 192.83 192.57 192.26 192.86 192.64 192.27 192.52 192.46 192.51 192.50 192.52 192.50 192.46 192.43 192.43 192.43 192.50 192.53 192.51 192.63 192.05 191.91 192.74 192.63 192.62 192.70 192.73 192.24 191.86 192.54 191.69 192.12 192.08 191.74 191.23 192.67 192.07 192.54 191.89 192.13 192.69 192.31 192.35 192.04 192.01 192.09 192.12 192.15 192.18 192.13 192.15 192.14 192.17 192.22 192.19 192.13 192.14 192.35 192.23 192.03 192.38 192.42 192.38 192.09 192.46 192.30 192.47 192.44 192.37 192.45 192.46 192.65 192.89 192.90 192.90 192.90 192.77 192.63 192.70 192.52 192.50 192.47 192.44 192.27 192.43 192.32 192.50 192.30 192.64 192.45 192.57 192.58 192.76 192.80 192.41 192.26 192.04 192.00 191.96 191.98 191.96 191.99 191.94 191.98 192.03 191.98 192.01 191.97 192.05 192.07 191.99 192.02 192.02 192.03 191.96 191.95 192.03 192.04 192.05 192.00 192.29 192.56 192.42 192.70 192.89 192.89 192.89 192.91 192.90 192.88 192.72 191.90 192.10 192.73 192.79 192.58 192.93 192.92 192.80 192.91 192.93 192.93 192.93 192.93 192.92 192.91 192.93 192.93 192.93 192.93 192.92 192.92 192.92 192.93 192.93 192.93 192.93 192.93
-77°N ||     192.84 192.87 192.90 192.91 192.92 192.87 192.88 192.79 192.81 192.79 192.80 192.79 192.64 192.71 192.74 192.73 192.68 192.69 192.62 192.66 192.69 192.66 192.69 192.60 192.66 192.58 192.44 192.40 192.51 192.44 192.46 192.44 192.42 192.42 192.41 192.40 192.43 192.40 192.41 192.40 192.40 192.36 192.42 192.51 192.53 192.65 192.86 192.37 192.88 192.76 192.08 192.36 192.50 192.78 192.82 192.71 192.55 192.48 192.44 192.52 192.26 192.01 192.15 192.10 191.90 191.91 191.97 191.92 191.92 191.94 191.94 191.91 191.96 191.91 191.94 191.97 192.03 192.19 192.37 192.31 192.38 192.52 192.57 192.68 192.48 192.27 192.41 192.39 192.57 192.46 192.43 192.45 192.66 192.73 192.78 192.85 192.88 192.90 192.77 191.75 191.33 191.07 191.07 192.55 192.40 192.52 192.50 192.35 192.53 192.30 192.50 192.49 192.57 192.16 191.84 192.07 192.55 192.64 192.83 192.89 192.91 192.93 192.92 192.89 192.53 192.40 192.26 192.29 192.37 192.51 192.77 192.27 192.10 192.71 192.45 192.27 192.02 192.10 192.26 192.28 192.58 192.59 192.63 192.35 191.99 192.03 192.18 192.28 192.58 192.61 192.63 192.86 192.67 192.57 192.55 192.84 192.92 192.91 192.93 192.93 192.91 192.92 192.93 192.90 192.93 192.93 192.93 192.92 192.92 192.92 192.93 192.92 192.89 192.93 192.93 192.93 192.91 192.89 192.87 192.90
-75°N ||     192.81 192.77 192.82 192.79 192.81 192.84 192.79 192.37 192.72 192.73 192.18 191.82 192.59 192.58 192.57 192.49 192.62 192.55 192.54 192.64 192.64 192.49 192.51 192.40 192.50 192.45 192.42 192.40 192.42 192.44 192.44 192.46 192.42 192.43 192.64 192.46 192.46 192.47 192.49 192.48 192.51 192.54 192.53 192.51 192.48 192.43 192.48 192.51 192.62 192.66 192.50 192.80 192.86 192.71 192.39 192.34 192.42 192.11 191.95 191.92 191.87 191.88 191.92 191.98 192.02 192.03 192.07 192.30 192.07 192.15 192.28 192.37 192.35 192.46 192.46 192.43 192.56 192.43 192.57 192.52 192.44 192.35 192.24 192.46 192.10 192.35 192.36 192.21 192.40 192.39 192.44 192.63 192.70 192.51 192.41 192.42 192.45 192.46 192.41 192.50 192.61 192.54 192.53 192.58 192.40 192.39 192.38 192.46 192.51 192.57 192.61 192.69 192.83 192.57 192.68 192.85 192.76 192.82 192.88 192.86 192.90 192.91 192.76 192.60 192.68 192.31 191.82 192.84 192.79 192.79 192.75 192.46 192.54 192.65 192.67 192.71 192.58 192.89 192.92 192.91 192.89 192.92 191.92 192.08 191.98 192.73 192.40 192.62 192.30 192.09 192.23 192.29 192.35 192.34 192.21 192.78 192.93 192.93 192.93 192.93 192.93 192.93 192.87 192.89 192.85 192.93 192.93 192.93 192.92 192.92 192.92 192.92 192.91 192.88 192.88 192.87 192.85 192.86 192.85 192.84
-73°N ||     192.26 192.81 192.55 192.54 192.61 192.73 192.29 192.52 192.50 192.50 192.72 192.84 191.92 192.73 192.57 192.47 192.52 192.54 192.57 192.63 192.71 192.82 192.26 192.87 192.81 192.38 192.57 192.58 192.57 192.54 192.52 192.53 192.43 192.65 192.64 192.79 192.71 192.53 192.59 192.55 192.55 192.52 192.56 192.53 192.50 192.50 192.48 192.61 192.09 190.86 190.78 190.37 190.51 192.45 192.10 192.13 191.96 191.92 191.89 191.87 191.85 191.86 191.92 192.01 191.97 192.35 192.22 192.03 192.00 191.96 191.95 192.19 192.33 192.13 192.26 192.40 192.48 192.38 192.13 192.46 192.44 192.45 192.43 192.13 192.30 192.04 191.88 191.94 192.09 192.03 192.36 192.38 192.62 192.38 192.41 192.36 192.24 192.24 192.25 192.28 192.25 192.24 192.15 192.21 192.30 192.36 192.23 192.55 192.59 192.68 192.80 192.90 192.82 192.69 192.44 192.63 192.53 192.61 192.56 192.72 192.69 192.84 192.88 192.89 192.82 192.83 192.73 192.72 192.62 192.64 192.67 192.62 192.61 192.58 192.52 192.51 192.51 192.39 192.59 192.74 192.48 192.91 192.92 192.82 192.79 192.75 192.74 192.56 191.87 192.40 192.58 192.73 192.47 192.35 192.10 191.92 192.31 192.76 192.93 192.91 192.93 192.92 192.84 192.74 192.93 192.91 192.82 192.81 192.84 192.72 192.32 192.50 192.68 192.74 192.73 192.76 192.71 192.78 192.75 192.30
-71°N ||     192.42 192.39 192.30 192.24 192.17 192.00 191.84 191.92 191.91 191.87 191.85 192.46 192.74 192.82 192.93 192.93 192.85 192.82 192.23 192.74 192.69 192.77 192.84 192.81 191.35 192.48 192.60 192.58 192.64 192.73 192.70 192.73 192.73 192.65 192.69 192.70 192.73 192.58 192.66 192.64 192.58 192.64 192.56 192.61 192.58 192.55 192.68 192.75 192.73 191.93 191.19 191.28 190.77 192.73 192.20 192.07 192.02 191.96 192.03 192.00 191.91 192.22 192.31 192.21 192.10 192.02 191.86 192.16 192.13 192.75 192.58 192.41 192.50 192.35 192.55 192.23 192.38 192.70 192.78 192.82 192.80 192.22 192.42 192.46 192.31 192.32 192.21 192.38 192.15 192.30 191.80 191.95 192.33 192.26 192.27 192.39 192.43 192.69 192.44 192.27 192.13 192.36 192.32 192.31 192.34 192.29 192.53 192.84 192.77 192.65 192.66 192.62 192.62 192.54 192.53 192.58 192.45 192.55 192.49 192.45 192.50 192.38 192.37 192.50 192.20 192.60 192.80 192.75 192.05 192.07 192.69 192.62 192.69 192.76 192.78 192.75 192.73 192.73 192.90 192.82 192.43 192.76 192.45 192.52 192.35 192.33 192.36 192.54 192.53 192.39 192.24 192.32 192.12 192.25 191.47 191.18 191.31 191.77 192.06 192.32 192.14 192.32 192.45 192.25 192.11 192.18 192.20 192.34 192.45 192.01 192.42 192.20 192.30 192.29 192.62 192.62 192.60 192.54 192.72 192.34
-69°N ||     192.73 192.71 192.55 192.38 192.62 191.21 191.42 191.96 191.78 191.81 191.85 192.05 192.52 192.38 192.56 192.32 192.92 192.91 192.74 192.71 192.53 192.65 192.65 192.54 192.82 192.45 192.69 192.60 192.77 192.31 192.87 192.85 192.86 192.80 192.78 192.74 192.63 192.61 192.55 192.55 192.47 192.54 192.55 192.51 192.49 191.72 192.59 192.40 192.39 192.39 192.35 192.23 192.22 192.12 192.11 192.16 192.13 192.10 192.28 192.29 192.43 192.10 192.13 191.96 192.12 192.28 192.68 192.65 192.62 192.62 192.64 192.47 192.53 192.40 192.29 192.01 192.00 192.55 192.79 192.67 192.60 192.25 192.17 192.59 192.63 192.73 192.70 192.72 192.60 192.45 192.42 192.34 192.54 192.32 192.26 192.32 192.21 192.22 192.24 192.20 192.25 192.28 192.22 192.28 192.43 192.57 192.86 192.29 192.12 192.26 192.44 192.57 192.52 192.58 192.52 192.72 192.72 192.49 192.26 192.10 191.94 192.08 192.05 191.98 192.00 192.08 192.35 192.60 192.72 192.72 192.45 192.59 192.62 192.49 191.96 192.48 192.93 192.91 192.80 192.88 192.84 192.84 192.90 192.88 192.76 192.57 192.50 192.63 192.32 192.30 192.30 192.24 192.55 192.87 192.30 191.53 191.76 192.79 191.53 191.67 191.77 192.04 192.13 192.20 192.39 192.56 192.66 192.56 192.87 192.91 192.68 192.29 192.41 192.54 192.62 192.68 192.72 192.76 192.68 192.69
-67°N ||     191.65 192.75 192.83 192.57 192.56 192.49 192.46 191.80 191.95 191.83 191.78 191.80 192.00 192.11 192.45 192.63 192.77 192.88 192.89 192.92 192.93 192.90 192.92 192.92 192.87 192.87 192.89 192.89 192.63 192.92 192.93 192.83 192.62 191.89 192.85 192.79 192.77 192.11 192.61 192.59 192.54 192.54 192.56 192.54 192.53 192.49 192.51 192.43 192.42 192.45 192.42 192.34 192.31 192.31 192.36 192.24 192.11 192.22 192.17 192.25 192.60 192.36 192.18 192.19 192.37 192.42 190.10 190.12 191.14 192.65 192.58 192.55 192.51 192.37 192.24 192.48 192.65 192.84 192.80 192.88 192.81 192.80 192.56 192.69 192.52 192.57 192.50 192.49 192.48 192.48 192.45 192.34 192.40 192.30 192.34 192.25 192.34 192.38 192.34 192.50 192.45 192.79 192.85 192.84 192.90 192.78 192.02 191.42 191.49 191.97 192.12 192.43 192.42 192.61 192.52 192.59 192.36 192.21 192.02 191.98 192.01 192.03 191.97 191.98 192.05 191.82 191.83 191.67 191.65 192.17 192.62 192.84 192.65 192.56 192.83 192.88 192.90 192.93 192.84 192.93 192.93 192.88 192.87 192.52 192.74 192.76 192.88 192.81 192.65 192.47 192.26 192.00 192.37 192.23 192.12 192.09 192.07 191.94 192.31 192.16 192.23 192.20 192.37 192.52 192.35 192.39 192.40 192.42 192.45 192.69 192.35 192.52 192.56 192.67 192.82 192.50 192.81 192.83 192.83 192.68
-65°N ||     192.76 192.86 192.91 192.83 192.82 192.40 192.20 191.79 192.00 191.95 191.98 191.86 191.87 191.88 192.00 192.20 192.33 192.38 192.47 192.66 192.84 192.86 192.84 192.89 192.79 192.83 192.89 192.45 192.63 192.89 192.92 192.87 192.91 192.87 192.82 192.77 192.76 192.73 192.71 192.61 192.60 192.54 192.52 192.51 192.46 192.43 192.44 192.45 192.43 192.43 192.50 192.55 192.58 192.49 192.41 192.31 192.31 192.31 192.40 192.80 191.85 192.17 192.00 191.73 192.40 192.05 191.76 191.65 192.53 192.57 192.42 192.51 192.46 192.36 192.19 192.26 192.56 192.65 192.79 192.87 192.87 192.79 192.31 192.66 192.57 192.54 192.54 192.57 192.68 192.49 192.48 192.46 192.49 192.37 192.46 192.34 192.15 192.30 192.47 192.43 192.58 192.57 192.64 192.68 192.81 192.71 192.76 192.64 192.57 192.63 192.67 192.71 192.68 192.27 192.13 191.56 191.61 191.87 192.04 192.14 192.14 191.97 191.79 191.83 191.67 191.74 191.79 191.72 191.73 191.60 192.52 192.56 192.59 192.65 191.32 192.83 192.83 192.78 192.53 192.92 192.93 192.93 192.87 192.86 192.85 192.91 192.90 192.56 192.63 192.83 192.35 192.54 192.57 192.28 192.31 192.89 192.76 192.69 192.36 192.56 192.78 192.75 192.34 192.62 192.44 192.31 192.43 192.37 192.41 192.43 192.62 192.69 192.75 192.90 192.61 192.49 192.71 192.78 192.87 192.89
-63°N ||     192.78 192.79 192.49 192.86 192.90 192.79 192.57 192.44 192.26 192.36 192.12 192.28 191.74 192.09 192.07 192.21 192.15 192.12 192.21 192.56 192.81 192.82 192.88 192.86 192.88 192.85 192.85 192.89 192.89 192.88 192.89 192.86 192.80 192.79 192.80 192.86 192.89 192.80 192.65 192.76 192.55 192.72 192.78 192.63 192.60 192.56 192.70 192.54 192.59 192.57 192.70 192.61 192.18 191.90 192.20 192.77 192.52 192.15 192.28 192.25 192.30 192.31 192.19 191.94 191.46 191.78 192.47 191.66 192.55 192.14 192.34 192.49 192.45 192.53 192.45 192.05 191.87 191.98 192.07 192.38 192.50 192.70 192.63 192.65 192.64 192.60 192.54 192.53 192.52 192.55 192.55 192.53 192.47 192.51 192.48 192.57 192.50 192.46 192.53 192.40 192.38 192.55 192.52 192.41 192.50 192.61 192.72 192.80 192.79 192.84 192.64 192.59 192.39 191.85 191.29 191.18 191.13 191.51 191.78 191.88 191.94 191.98 191.91 191.85 191.57 191.46 191.62 191.67 191.63 191.60 191.87 192.40 192.49 192.31 192.59 192.79 192.87 192.83 192.87 192.85 192.47 192.91 192.77 192.79 192.82 192.88 192.91 192.93 192.93 192.84 192.76 192.55 192.75 192.74 192.58 192.35 192.11 192.08 192.33 192.44 192.73 192.67 192.60 192.63 192.63 192.92 192.92 192.87 192.73 192.58 192.50 192.46 192.58 192.42 192.45 192.85 192.72 192.67 192.70 192.29
-61°N ||     192.38 192.66 192.92 192.80 192.68 192.56 192.57 192.85 192.79 192.70 192.87 192.82 192.49 192.81 191.12 192.80 192.62 192.65 192.10 192.52 192.58 192.61 192.56 192.83 192.83 192.92 192.25 192.75 192.84 192.87 192.72 192.56 192.53 192.59 192.51 192.65 192.87 192.81 192.84 192.84 192.67 192.89 192.78 192.55 192.76 192.92 192.49 192.37 192.32 192.36 192.38 192.27 192.29 192.55 192.72 192.07 192.07 192.30 192.06 192.07 192.11 192.29 192.12 192.05 191.72 191.09 191.57 192.28 191.46 191.41 191.73 192.08 192.69 192.02 191.78 192.25 192.45 192.37 192.48 192.64 192.90 192.88 192.69 192.52 192.67 192.70 192.75 192.57 192.53 192.55 192.50 192.55 192.54 192.42 192.49 192.44 192.47 192.58 192.50 192.42 192.35 192.47 192.52 192.53 192.78 192.52 192.56 192.55 192.53 192.44 192.35 192.28 192.17 191.97 191.64 191.48 192.09 192.15 192.12 192.32 190.50 191.44 192.24 192.00 191.75 191.63 191.36 191.23 191.68 191.25 190.71 191.22 192.84 191.60 191.84 192.12 192.80 192.76 192.78 192.52 192.88 192.89 192.92 192.90 192.89 192.91 192.91 192.93 192.85 192.90 192.87 192.86 192.86 192.83 192.82 192.25 191.45 191.68 191.71 191.91 192.14 192.38 192.54 192.68 192.70 192.83 192.91 192.80 192.86 192.92 192.89 192.67 192.61 192.74 192.92 192.83 192.86 192.50 192.46 192.47
-59°N ||     192.28 192.63 192.68 192.52 192.60 192.69 192.92 192.87 192.83 192.83 192.67 192.88 192.83 192.93 192.76 192.25 192.70 192.63 192.76 192.58 192.54 192.53 192.69 192.76 192.93 192.87 192.83 192.80 192.58 192.86 192.78 192.47 192.41 192.61 192.34 192.60 192.82 192.92 192.93 192.92 192.88 192.67 192.47 192.48 192.53 192.70 192.40 192.26 192.07 192.09 192.08 192.08 192.03 192.00 192.29 192.46 192.35 192.49 192.20 192.05 192.33 192.54 191.07 191.64 192.03 190.94 191.74 191.84 191.42 192.65 192.53 191.63 190.71 192.17 191.53 192.26 192.21 192.49 192.66 192.66 192.86 192.81 192.71 192.79 192.78 192.58 192.67 192.66 192.45 192.90 192.63 192.49 192.43 192.51 191.99 192.61 192.64 192.63 191.77 192.65 192.69 192.47 192.56 192.54 192.49 192.44 192.45 192.49 192.50 192.24 192.14 191.91 191.82 191.80 191.99 192.31 192.25 192.17 192.45 192.70 192.67 192.65 192.18 191.71 191.07 190.82 190.64 190.83 190.60 190.14 190.80 190.89 191.42 191.72 191.55 192.00 192.38 192.89 192.88 192.88 191.95 192.11 192.92 192.93 192.52 192.92 192.87 192.91 192.92 192.87 192.93 192.90 192.83 192.54 192.35 192.16 191.96 192.03 191.91 191.93 191.98 192.08 192.23 192.39 192.68 192.81 192.89 192.90 192.86 192.90 192.53 192.92 192.86 192.84 192.88 192.70 192.55 192.68 192.51 192.40
-57°N ||     192.44 192.42 192.22 191.93 192.43 192.86 192.82 192.89 192.93 192.93 192.92 192.08 192.92 192.91 192.93 192.93 192.84 192.61 192.83 192.87 192.20 192.85 192.85 192.85 192.93 192.87 192.80 192.80 192.78 192.92 192.90 192.48 192.64 192.59 192.61 192.60 192.49 192.87 192.91 192.88 192.92 192.79 192.70 192.62 192.57 192.72 192.86 192.87 192.52 192.09 192.05 191.98 192.15 192.19 192.41 192.65 192.83 192.82 192.87 192.89 192.59 190.77 192.12 192.36 190.70 190.24 190.51 191.03 187.66 192.30 189.60 191.43 192.50 192.10 192.40 191.51 191.00 191.59 191.95 190.83 190.77 192.19 192.70 192.65 192.48 192.67 192.63 192.75 192.76 192.60 192.57 192.51 192.66 192.77 192.79 192.81 192.80 192.77 192.57 192.77 192.85 192.81 192.81 192.78 192.79 192.47 192.43 192.28 192.12 191.95 191.77 191.56 191.33 191.10 191.35 191.72 191.54 191.51 191.27 191.69 191.78 191.51 190.72 189.87 189.15 189.20 189.10 189.14 189.12 188.36 190.06 190.44 190.92 190.44 190.82 191.04 191.18 192.02 192.82 192.57 191.88 191.30 192.88 192.89 192.74 192.79 192.90 192.92 192.90 192.86 192.74 192.66 192.59 192.73 192.33 192.61 192.24 192.64 192.90 192.85 192.18 192.09 192.19 192.47 192.73 192.84 192.90 192.89 192.87 192.90 192.93 192.93 192.89 192.88 192.42 192.88 192.88 192.85 192.77 192.44
-55°N ||     192.39 192.37 192.25 192.13 192.66 192.69 192.73 192.87 192.87 192.77 192.79 192.83 192.87 192.83 192.91 192.87 192.60 192.73 192.73 192.77 192.90 192.92 192.92 192.22 192.89 192.85 192.76 192.76 192.74 192.82 192.90 192.59 192.61 192.69 192.47 192.77 192.85 192.84 192.93 192.93 192.93 192.93 192.93 192.93 192.80 192.85 192.90 192.82 192.56 192.35 192.11 192.08 192.06 192.51 192.46 192.93 192.88 192.93 192.80 191.58 192.48 190.41 189.80 190.80 192.09 187.28 187.01 186.82 187.03 186.97 186.96 188.90 191.51 192.07 190.68 191.43 192.27 191.38 191.69 191.82 192.33 192.60 192.51 192.53 192.58 192.67 192.65 192.78 192.71 192.83 192.74 192.64 192.49 192.67 192.62 192.14 191.39 192.62 192.64 192.56 192.59 192.64 192.86 192.74 192.85 192.75 192.31 192.20 191.95 191.66 191.38 191.13 190.67 190.19 190.17 189.65 189.24 188.79 188.59 187.71 187.12 186.84 186.66 186.58 186.54 186.66 186.99 187.01 186.49 187.82 188.83 189.28 189.82 190.62 190.21 190.49 192.28 191.82 192.01 192.36 192.51 192.63 192.63 192.62 192.77 192.86 192.86 192.80 192.73 192.55 192.32 192.32 190.93 192.01 192.59 192.53 192.37 192.91 192.83 192.08 192.37 192.55 192.68 192.65 192.83 192.87 192.82 192.76 192.63 192.75 192.77 192.92 192.62 192.80 192.90 192.88 192.77 192.56 192.62 192.44
-53°N ||     192.34 192.65 192.59 191.90 191.71 192.89 192.60 192.51 192.52 192.66 192.53 192.83 192.84 192.77 192.77 192.77 192.87 192.68 192.78 192.74 192.80 192.93 192.90 192.75 192.88 192.79 191.93 192.81 192.75 192.81 192.65 192.74 192.74 192.26 192.72 192.73 192.71 192.93 192.93 192.92 192.91 192.92 192.86 192.82 192.81 192.76 192.68 192.70 191.75 190.69 192.82 192.79 192.66 192.77 192.64 192.32 192.45 192.83 192.87 192.39 192.22 190.17 189.79 189.26 186.55 186.65 186.92 186.90 186.83 186.78 186.81 187.09 188.33 189.74 191.75 191.98 191.67 191.09 192.23 191.98 191.74 191.97 192.14 192.30 192.52 191.46 192.16 192.65 192.59 192.53 192.72 192.74 192.79 192.56 192.81 192.86 192.75 192.71 192.65 192.72 192.63 192.56 192.78 192.92 192.49 192.56 192.50 192.21 192.06 191.92 191.18 190.75 189.95 189.20 188.76 187.92 187.00 186.63 186.44 186.53 186.74 186.96 187.07 187.12 187.14 186.89 186.81 186.85 186.86 186.79 186.46 187.67 187.62 187.00 190.26 189.66 189.63 190.58 192.27 192.33 192.24 192.64 192.59 192.79 192.68 192.13 192.72 192.75 192.72 192.77 192.74 192.48 192.19 191.97 190.94 192.34 192.45 192.93 192.02 192.36 192.30 192.27 192.30 192.59 192.71 192.77 192.85 192.76 192.91 192.75 192.67 192.90 192.92 192.93 192.88 192.67 192.64 192.57 192.39 192.34
-51°N ||     192.44 192.58 192.74 192.73 192.28 192.38 192.38 192.82 192.29 192.71 192.85 192.72 192.81 192.71 192.78 192.82 192.77 192.92 192.84 192.81 192.87 192.92 192.92 192.89 192.83 192.89 192.91 192.87 192.78 192.78 192.78 192.75 192.85 192.66 192.83 192.83 192.89 192.91 192.91 192.85 192.84 192.81 192.89 192.88 192.82 192.74 192.69 192.83 191.60 191.06 192.80 192.87 192.93 192.92 192.51 191.86 191.56 191.60 192.60 192.86 192.55 192.46 189.63 187.21 186.67 187.04 186.82 186.86 186.84 186.85 186.84 186.96 188.33 188.17 187.60 186.81 191.70 191.61 192.13 192.09 191.88 192.01 192.43 192.58 192.71 192.06 192.71 192.74 192.61 192.63 192.65 192.60 192.53 192.46 192.65 192.78 192.77 192.74 192.70 192.84 192.49 192.73 192.82 192.65 192.71 192.55 192.33 192.04 191.71 191.63 190.38 189.94 189.65 188.30 187.38 186.58 186.43 186.56 186.87 187.33 187.51 187.75 187.85 187.92 187.96 187.98 187.88 187.89 187.81 187.69 187.88 187.53 186.52 186.46 187.68 188.97 190.87 192.64 192.47 191.86 192.22 192.68 191.71 192.46 192.87 192.83 192.76 192.43 192.63 192.53 192.26 192.24 192.38 192.48 192.81 192.47 192.38 192.22 192.36 192.37 192.43 192.67 192.65 192.40 192.45 192.61 192.85 192.44 192.72 192.51 192.75 192.89 192.68 192.91 192.90 192.81 192.72 192.63 192.57 192.46
-49°N ||     192.88 192.82 192.86 192.71 192.00 191.68 191.43 192.47 192.52 192.85 192.74 192.90 192.86 192.90 192.89 192.92 192.91 192.93 192.88 192.92 192.93 192.91 192.90 192.83 192.93 192.92 192.92 192.79 192.80 192.81 192.85 192.79 192.89 192.81 192.82 192.77 192.91 192.91 192.92 192.83 192.77 192.80 192.85 192.93 192.87 192.81 192.80 192.81 192.83 192.86 192.90 192.93 192.91 192.88 192.92 192.91 192.47 192.41 192.80 192.85 191.03 190.38 189.85 188.89 187.02 186.56 186.77 186.75 186.82 186.64 186.62 187.05 187.77 191.20 189.83 191.95 191.78 191.40 192.22 192.02 191.95 192.10 192.41 192.66 192.54 192.84 192.79 191.34 192.08 192.64 192.61 192.64 192.18 192.10 192.63 192.54 192.92 192.40 192.84 192.81 192.85 192.85 192.73 192.50 192.40 192.67 192.67 192.00 191.74 190.99 191.73 190.43 188.60 187.05 186.46 186.57 186.90 187.16 187.55 187.79 188.14 188.30 188.14 188.13 187.62 187.94 188.00 188.06 188.00 187.97 187.99 187.99 187.85 187.52 186.77 186.55 189.28 190.95 190.55 191.62 191.19 192.16 192.86 192.64 192.54 192.90 192.72 192.81 192.56 192.45 192.82 192.62 192.62 192.66 192.72 192.40 192.61 192.73 192.85 192.81 192.86 192.83 192.69 192.64 192.87 192.64 192.35 191.88 192.54 192.06 192.20 192.49 192.54 192.81 192.91 192.93 192.93 192.91 192.83 192.76
-47°N ||     192.86 192.76 192.88 192.88 192.53 192.02 192.61 192.85 192.67 192.84 192.91 192.87 192.83 192.81 192.90 192.93 192.76 192.83 192.89 192.91 192.91 192.91 192.93 192.91 192.91 192.64 192.90 192.88 192.83 192.84 192.84 192.85 192.81 192.93 192.91 192.92 192.93 192.93 192.93 192.92 192.84 192.84 192.91 192.92 192.89 192.92 192.92 192.90 192.92 192.92 192.93 192.92 192.86 192.87 192.80 192.88 192.93 192.86 192.86 192.61 192.93 191.70 192.19 189.98 190.11 186.76 186.55 186.57 186.62 186.56 186.60 186.84 187.32 190.66 190.24 190.40 192.11 192.18 192.40 192.76 192.26 192.49 192.56 192.60 192.77 192.75 192.84 192.74 192.55 192.63 192.56 192.55 192.01 192.58 192.72 192.92 192.86 192.89 192.70 192.43 192.77 192.91 192.88 192.75 192.01 191.97 192.43 192.09 191.38 191.54 191.78 191.04 189.23 188.07 186.92 187.63 187.89 188.26 188.39 188.13 187.89 188.04 188.22 188.18 187.98 187.81 187.68 187.91 188.02 187.96 187.97 187.86 187.87 187.82 187.47 186.83 186.51 187.91 189.79 190.54 190.88 191.22 192.04 192.58 192.08 192.14 192.58 192.38 192.45 192.47 192.47 192.83 192.84 192.74 192.89 192.80 192.75 192.92 192.92 192.86 192.45 192.33 192.89 192.89 192.68 192.32 192.46 192.28 192.04 192.18 192.25 192.30 192.86 192.78 192.92 192.69 192.88 192.91 192.79 192.86
-45°N ||     192.79 192.77 192.81 192.80 192.66 192.70 192.63 192.60 192.51 192.90 192.88 192.83 192.91 192.93 192.93 192.93 192.57 192.93 192.90 192.88 192.92 192.83 192.33 192.93 192.86 192.71 192.86 192.89 192.89 192.90 192.91 192.91 192.92 192.92 192.93 192.93 192.93 192.93 192.93 192.93 192.93 192.92 192.93 192.92 192.87 192.93 192.93 192.92 192.90 192.87 192.86 192.86 192.85 192.72 192.66 192.93 192.91 192.89 192.74 192.57 192.20 192.28 191.63 191.31 190.66 188.04 187.06 186.45 186.50 186.47 186.53 186.65 188.64 189.67 190.54 189.98 192.33 192.38 192.38 190.91 192.67 192.53 192.73 192.75 192.78 192.82 192.82 192.52 192.55 192.62 192.70 192.65 192.37 192.66 192.77 192.67 192.87 192.86 192.85 192.46 192.89 192.88 192.84 192.79 192.40 192.80 192.41 192.13 191.80 191.74 191.54 191.66 189.22 187.09 187.68 187.95 188.38 188.40 188.17 188.34 188.25 188.35 188.27 188.27 188.17 188.34 188.36 187.95 187.91 188.15 187.97 187.91 187.91 187.83 187.46 187.24 186.56 186.91 189.09 189.99 190.85 190.51 192.25 192.02 192.05 192.33 192.29 192.58 192.57 192.43 192.68 192.74 192.52 192.82 192.77 192.90 192.93 192.92 192.88 192.74 192.72 192.91 192.86 192.31 192.15 192.31 192.71 192.13 192.64 192.57 192.33 192.44 192.87 192.85 192.49 192.91 192.91 192.89 192.83 192.87
-43°N ||     192.42 192.87 192.29 192.56 192.42 192.70 192.63 192.66 192.74 192.82 192.92 192.85 192.93 192.90 192.93 192.92 192.86 192.81 192.88 192.89 192.93 192.92 192.89 192.89 192.92 192.85 192.86 192.86 192.91 192.92 192.92 192.92 192.91 192.74 192.93 192.93 192.93 192.93 192.92 192.91 192.87 192.87 192.52 192.53 192.80 192.91 192.89 192.85 192.86 192.80 192.77 192.77 192.75 192.78 192.80 192.93 192.93 192.73 192.90 192.79 192.80 192.74 192.31 192.72 190.56 190.83 189.06 188.51 188.01 187.65 188.17 188.29 190.39 189.62 190.19 192.20 192.32 192.10 192.25 192.10 192.39 189.74 192.69 192.59 192.71 192.72 192.79 192.50 192.55 192.72 192.76 192.62 192.61 192.70 192.72 192.83 192.56 192.84 192.58 192.87 192.89 192.86 192.89 192.93 192.93 192.78 192.52 191.20 192.29 191.85 191.82 191.42 188.44 186.74 187.88 188.31 188.29 188.18 188.27 188.40 188.31 188.32 188.21 188.34 188.32 187.99 188.09 188.05 188.19 188.06 187.95 187.93 187.81 187.60 186.96 186.89 186.59 186.50 188.83 189.15 189.99 189.80 190.88 191.12 191.61 191.87 192.29 192.51 192.46 191.64 192.29 192.45 192.50 192.78 192.81 192.88 192.93 192.93 192.93 192.92 192.93 192.93 192.79 192.12 191.87 191.83 192.21 192.34 192.67 192.50 192.51 192.37 192.92 192.78 192.76 192.14 192.86 192.80 192.63 192.67
-41°N ||     192.18 192.32 192.28 191.75 192.07 192.74 192.68 192.71 192.24 191.48 190.01 190.65 192.41 192.92 192.88 192.83 192.93 192.92 192.86 192.91 192.93 192.87 192.89 192.89 192.91 192.83 192.92 192.92 192.92 192.91 192.86 192.92 192.90 192.91 192.86 192.92 192.92 192.93 192.93 192.24 192.07 191.96 190.67 190.46 190.54 192.19 192.17 192.19 192.58 192.73 192.63 192.72 192.69 192.75 192.75 192.78 192.81 192.91 192.72 192.88 192.93 192.89 192.66 191.86 192.03 190.87 191.06 190.18 188.96 188.73 188.96 190.35 189.63 191.41 191.34 191.39 191.76 189.24 191.88 192.34 192.21 192.35 192.62 192.64 192.75 192.73 192.44 192.39 192.46 192.59 192.75 192.55 192.79 192.76 192.68 192.89 192.89 192.74 192.81 192.86 192.91 192.83 192.93 192.90 192.44 192.78 192.68 192.07 192.10 192.11 191.69 191.20 188.60 186.77 187.67 188.32 188.29 187.99 188.35 188.36 188.34 188.28 188.37 188.42 188.28 187.99 188.18 188.23 188.13 188.21 188.08 187.92 187.48 187.08 186.90 186.74 186.46 186.63 187.47 189.01 188.23 191.25 191.67 191.37 192.33 192.62 192.27 192.17 192.11 192.18 192.31 192.20 192.27 192.81 192.85 192.88 192.92 192.71 192.85 192.90 192.86 192.92 192.73 192.45 192.29 192.42 192.30 192.38 192.83 192.63 192.62 192.92 192.92 192.70 192.73 192.47 192.66 192.49 192.30 192.59
-39°N ||     192.25 192.19 192.46 192.74 191.92 192.54 192.46 192.57 192.90 192.68 191.24 191.22 192.82 192.87 192.75 192.87 192.76 192.85 192.80 192.83 192.74 192.92 192.71 192.74 192.84 192.86 192.87 192.93 192.93 192.93 192.92 192.19 192.74 192.87 192.87 192.90 192.92 192.91 192.68 192.67 192.41 191.64 191.40 191.48 191.75 191.83 191.78 191.95 191.57 192.26 192.63 192.65 192.66 192.71 192.77 192.78 192.84 192.90 192.92 192.91 192.91 192.87 192.93 192.90 192.42 192.46 191.87 189.44 189.91 189.88 189.92 189.97 191.07 191.53 191.21 191.44 191.61 191.97 192.17 192.13 192.21 192.08 192.16 192.55 192.59 192.74 192.50 192.09 192.56 192.58 192.43 192.39 192.48 192.77 192.43 192.85 192.85 192.83 192.85 192.51 192.92 192.74 192.91 192.92 192.92 192.92 192.64 192.38 192.07 192.02 192.00 190.57 188.32 186.43 187.55 188.36 188.41 188.36 188.22 188.32 188.42 188.38 188.41 188.42 188.32 188.17 188.34 188.23 188.30 188.13 187.98 187.65 187.19 186.95 186.66 186.52 186.47 186.55 187.67 190.07 190.57 191.39 191.97 192.00 192.15 191.92 191.09 192.03 192.68 192.24 192.18 192.00 192.37 192.55 192.79 192.63 192.79 192.89 192.60 192.75 192.87 192.91 192.90 192.79 192.68 192.59 192.12 192.33 192.54 192.51 192.51 192.65 192.34 192.44 192.41 192.66 192.55 192.32 192.13 191.94
-37°N ||     191.87 192.09 192.15 192.51 190.85 191.52 192.24 192.82 192.93 192.82 192.76 192.81 192.91 192.77 192.48 192.51 192.50 192.49 192.61 192.69 192.69 192.70 192.80 192.77 192.88 192.90 192.93 192.89 192.87 192.90 192.90 192.71 192.76 192.50 192.79 192.38 192.67 191.58 191.67 192.64 191.56 190.98 191.94 191.97 191.91 191.89 192.02 192.43 192.10 192.09 191.96 192.32 192.63 192.77 192.77 192.85 192.82 192.93 192.93 192.89 192.90 192.86 192.86 192.70 192.12 191.73 191.50 191.28 192.83 190.62 191.57 191.36 191.28 190.90 191.23 191.64 191.82 191.85 191.78 192.12 192.40 192.53 192.73 190.86 192.50 192.66 192.62 192.73 192.10 192.60 192.50 192.37 192.42 192.62 192.85 192.72 192.87 192.89 192.66 192.64 192.92 192.93 192.93 192.92 192.88 192.84 191.50 192.67 192.19 191.81 191.62 191.41 190.33 187.23 186.83 188.16 188.44 188.45 188.40 188.35 188.37 188.38 188.19 188.41 188.22 188.27 188.20 188.25 188.23 188.18 188.08 187.46 186.90 186.69 186.49 186.44 186.52 187.53 188.82 190.01 191.46 191.55 192.29 192.31 192.48 192.33 191.99 191.97 192.04 192.20 191.99 192.22 192.33 192.40 192.55 192.54 192.27 192.54 192.58 192.91 192.84 192.76 192.93 192.93 192.77 192.60 192.07 192.58 192.55 192.39 192.19 192.21 192.23 192.25 192.45 192.54 191.85 191.61 191.82 191.07
-35°N ||     191.77 190.74 192.01 192.66 192.23 192.77 192.57 192.71 192.87 192.85 192.81 192.93 192.75 192.67 192.54 192.59 192.48 192.85 192.66 192.69 192.73 192.79 192.71 192.88 192.92 192.93 192.93 192.92 192.81 192.85 192.75 192.69 192.71 192.60 192.65 192.72 192.39 191.49 191.56 191.54 191.14 191.90 192.34 192.27 192.11 192.27 192.17 192.23 192.38 192.42 192.29 191.80 192.28 192.77 192.87 192.91 192.90 192.91 192.91 192.92 192.93 192.92 192.92 192.44 192.48 192.82 192.72 192.37 192.44 191.29 191.36 190.67 191.72 192.15 191.99 191.71 191.69 191.71 191.16 191.83 192.31 192.58 192.40 192.57 192.49 192.73 192.70 192.72 192.64 192.56 192.58 192.42 192.52 192.79 192.80 192.81 192.68 192.25 192.88 192.90 192.86 192.92 192.93 192.83 192.84 192.86 192.78 192.64 191.80 192.24 192.28 191.74 191.24 190.76 186.75 186.88 188.35 188.44 188.44 188.43 188.36 188.35 188.31 188.41 188.21 188.25 188.24 188.18 188.23 188.15 187.69 186.65 186.55 186.43 186.44 186.59 186.63 187.58 187.77 188.00 190.63 191.86 192.57 192.34 192.56 192.45 192.31 192.21 192.05 191.92 192.15 192.37 192.80 192.71 192.78 192.61 192.80 192.87 192.74 192.59 192.77 192.87 192.57 192.52 192.71 192.71 192.79 192.63 192.61 192.84 191.92 191.96 192.32 192.38 192.19 192.05 191.12 191.47 192.07 192.65
-33°N ||     191.63 191.44 192.66 192.79 192.70 192.92 192.90 192.84 192.86 192.91 192.93 192.90 192.73 192.63 192.22 192.67 192.45 192.39 192.68 192.67 192.85 192.81 192.83 192.85 192.92 192.93 192.93 192.92 192.88 192.81 192.74 192.34 192.55 192.43 192.23 192.34 191.94 191.24 191.13 190.59 190.80 191.92 192.44 192.19 192.61 192.26 192.72 192.75 192.66 192.69 192.41 191.86 191.28 192.37 192.77 192.90 192.90 192.91 192.91 192.91 192.93 192.86 192.68 192.47 192.37 192.30 192.32 192.32 192.40 192.53 192.32 191.30 191.32 192.08 191.27 192.07 191.23 191.74 191.80 191.60 191.95 192.19 191.77 192.35 192.42 192.54 192.59 192.69 192.68 192.62 192.62 192.78 192.72 192.61 192.76 192.69 192.82 192.69 192.84 192.92 192.92 192.93 192.90 192.89 192.90 192.88 192.84 192.88 192.56 192.28 192.43 192.50 192.67 192.25 191.37 187.47 187.28 188.09 188.38 188.45 188.44 188.41 188.22 188.18 188.28 188.27 188.16 188.15 187.62 187.02 186.73 186.54 186.99 187.19 187.33 187.37 187.13 187.28 188.43 188.76 190.14 191.81 192.30 192.44 192.58 192.63 192.49 192.53 192.43 192.28 192.32 192.55 192.68 192.75 192.89 192.89 192.86 192.91 192.69 192.89 192.80 192.66 192.88 192.78 192.82 192.86 192.64 192.54 192.28 192.66 192.36 191.75 192.67 192.22 192.20 191.97 191.75 192.03 192.40 192.31
-31°N ||     191.68 192.50 192.63 192.70 192.92 192.91 192.91 192.93 192.92 192.93 192.92 192.92 192.80 192.63 192.43 192.42 192.41 192.61 192.80 192.64 192.83 192.82 192.85 192.87 192.91 192.92 192.93 192.92 192.86 192.76 192.64 192.56 192.50 192.17 192.07 192.39 191.87 191.09 191.19 190.56 191.34 191.94 192.18 192.52 192.63 192.72 192.73 192.81 192.82 192.85 192.48 191.87 192.12 192.19 192.28 192.26 192.82 192.84 192.93 192.93 192.82 192.67 192.48 192.42 192.22 192.26 192.15 191.97 192.07 192.14 192.00 190.32 192.04 192.30 191.85 192.09 191.95 191.77 191.43 191.42 191.09 191.25 191.77 191.83 192.00 192.47 192.69 192.77 192.68 192.66 192.68 192.64 192.79 192.69 192.65 192.72 192.68 192.75 192.78 192.91 192.91 192.77 192.88 192.92 192.86 192.78 192.73 192.85 192.47 192.25 191.96 192.46 192.09 192.21 190.62 190.65 187.55 186.57 186.55 187.85 188.22 188.42 188.07 188.21 188.13 188.18 187.97 187.65 186.46 186.99 186.42 186.55 187.71 187.78 188.03 189.28 189.43 188.47 188.65 189.73 190.03 192.22 192.22 192.51 192.23 192.72 192.64 192.66 192.65 192.58 192.48 192.64 192.76 192.76 192.89 192.91 192.61 192.93 192.93 192.91 192.74 192.52 191.96 192.69 192.55 192.35 192.18 192.31 192.27 192.33 192.51 192.17 192.55 192.28 192.29 192.37 192.28 192.09 192.12 192.16
-29°N ||     191.62 192.51 192.90 192.67 192.92 192.89 192.75 192.77 192.89 192.92 192.92 192.83 192.66 192.47 192.39 192.42 192.45 192.81 192.56 192.57 192.63 192.83 192.84 192.87 192.90 192.92 192.93 192.91 192.84 192.75 192.63 192.46 192.34 192.30 192.27 191.76 191.77 191.39 190.29 189.49 191.26 192.03 192.29 192.47 192.63 192.75 192.82 192.86 192.89 192.89 192.88 192.86 192.63 192.64 192.60 192.21 192.35 192.62 192.93 192.93 192.81 192.39 192.25 192.28 191.10 192.18 192.32 192.18 191.87 191.90 191.56 190.90 191.57 192.09 191.75 191.23 191.63 191.66 190.86 191.06 191.14 191.10 191.55 191.32 192.24 192.26 192.40 192.63 192.72 192.59 192.38 192.57 192.49 192.55 192.61 192.68 192.67 192.88 192.73 192.88 192.67 192.63 192.80 192.73 192.65 192.57 192.50 192.59 192.87 192.37 192.60 192.07 191.81 191.68 192.56 192.13 189.87 190.11 187.99 187.97 186.83 186.61 186.63 187.50 186.94 187.04 186.49 186.68 187.08 188.30 189.25 190.16 189.01 188.47 189.11 190.28 189.81 189.86 190.14 191.42 191.52 192.02 192.33 192.47 192.50 192.62 192.64 192.59 192.60 192.56 192.53 192.68 192.70 192.88 192.81 192.92 192.91 192.92 192.64 192.90 192.81 192.57 192.43 192.77 192.39 192.83 192.41 192.17 192.43 192.52 192.32 192.44 192.61 192.50 192.24 192.19 192.39 192.22 192.04 191.77
-27°N ||     192.06 192.50 192.46 192.42 192.85 192.92 192.73 192.90 192.90 192.81 192.86 192.57 192.70 192.61 192.31 192.51 192.26 192.81 192.53 192.85 192.83 192.82 192.86 192.87 192.91 192.93 192.93 192.92 192.84 192.73 192.58 192.40 192.11 192.15 192.03 192.14 192.25 191.28 191.06 189.69 191.44 192.06 192.28 192.51 192.67 192.78 192.85 192.89 192.91 192.92 192.93 192.93 192.91 192.78 192.78 192.81 192.88 192.88 192.86 192.85 192.78 192.77 192.15 192.10 192.12 192.07 191.91 191.45 191.91 192.04 191.97 190.49 190.13 189.69 191.00 191.72 191.13 191.06 190.53 190.52 190.57 190.59 190.86 191.40 191.63 191.97 191.96 191.94 192.42 192.54 192.59 192.45 192.45 192.72 192.67 192.60 192.58 192.74 192.76 192.78 192.64 192.34 192.81 192.50 192.48 192.57 192.20 192.80 192.91 192.80 192.41 192.47 192.18 192.36 192.48 192.38 192.21 190.14 190.37 189.70 189.13 188.95 188.12 187.81 187.55 186.85 187.05 187.05 186.99 188.44 190.10 189.08 189.11 189.57 190.90 190.40 192.87 190.16 190.24 192.59 192.22 192.54 192.61 192.61 192.58 192.57 192.56 192.55 192.62 192.65 192.67 192.79 192.90 192.92 192.93 192.91 192.66 192.93 192.92 192.85 192.91 192.75 192.53 192.54 192.08 192.79 192.28 192.40 192.27 192.04 192.13 192.31 192.66 192.72 192.75 192.47 192.48 192.39 191.94 191.86
-25°N ||     191.73 192.61 192.29 192.56 192.54 192.68 192.58 192.29 192.74 192.54 192.64 192.09 192.10 192.24 192.08 192.35 192.26 192.63 192.80 192.55 192.67 192.84 192.86 192.90 192.92 192.93 192.93 192.91 192.82 192.64 192.46 192.29 192.11 191.98 191.92 191.41 191.70 191.91 191.06 191.32 191.65 192.02 192.32 192.52 192.63 192.74 192.81 192.88 192.91 192.92 192.93 192.93 192.92 192.84 192.54 192.82 192.89 192.92 192.92 192.89 192.61 192.86 192.37 192.29 192.11 192.07 192.05 192.57 192.35 192.18 192.08 192.01 190.87 189.02 188.27 190.57 190.17 189.91 189.10 190.11 190.07 190.28 189.24 190.62 189.80 191.53 191.40 191.39 191.48 192.38 192.04 192.23 191.89 192.76 192.48 192.51 192.53 192.80 192.91 192.62 192.57 192.69 192.64 192.60 192.70 192.84 192.51 192.84 192.89 192.90 192.76 192.77 192.54 192.65 192.04 191.25 192.01 190.98 190.39 189.87 189.36 189.80 190.08 188.22 189.48 187.37 187.94 189.85 190.24 190.85 190.21 191.05 191.10 190.46 191.05 192.22 192.39 192.01 192.71 192.50 192.61 192.73 192.80 192.77 192.71 192.63 192.25 192.62 192.66 192.73 192.76 192.84 192.92 192.90 192.92 192.92 192.67 192.92 192.89 192.92 192.91 192.88 192.72 192.46 192.72 192.69 192.29 192.63 192.41 192.07 192.18 192.56 192.76 192.06 192.20 192.39 192.29 191.79 191.32 191.92
-23°N ||     191.66 191.88 192.47 192.49 192.57 192.46 192.31 192.10 191.86 191.86 191.90 191.98 191.59 191.49 191.97 191.74 192.84 192.54 192.42 192.74 192.74 192.86 192.86 192.89 192.92 192.93 192.91 192.83 192.69 192.51 192.30 192.05 191.90 191.80 191.83 191.78 191.12 191.41 191.03 191.24 191.62 192.02 192.24 192.40 192.54 192.65 192.75 192.84 192.90 192.92 192.87 192.93 192.93 192.92 192.76 192.82 192.90 192.90 192.89 192.80 192.52 192.82 192.45 192.38 192.60 192.43 192.14 192.48 192.10 192.12 192.31 191.67 191.37 189.93 189.26 188.66 190.31 189.81 190.07 189.54 189.54 189.83 189.74 188.77 190.09 191.01 190.75 190.51 190.89 192.48 191.84 192.16 191.79 191.61 191.76 192.39 192.50 190.78 192.12 192.79 192.75 192.84 192.86 192.92 192.83 192.69 192.93 192.93 192.91 192.90 192.84 192.60 192.69 192.85 192.87 192.76 192.36 192.08 191.52 191.27 190.09 190.69 190.00 189.35 189.29 188.09 189.43 190.57 190.79 191.12 191.79 191.63 191.29 191.10 192.39 192.74 192.93 192.89 192.74 192.63 192.76 192.84 192.91 192.88 192.76 192.69 192.64 192.57 192.74 192.77 192.80 192.83 192.74 192.81 192.75 192.92 192.76 192.89 192.92 192.92 192.90 192.84 192.75 192.58 192.56 192.42 192.49 192.23 192.40 191.48 192.21 190.76 192.22 192.16 192.12 192.20 192.39 191.50 190.81 191.86
-21°N ||     192.11 191.99 192.46 192.46 192.50 192.48 192.10 191.03 191.49 191.78 191.95 191.94 191.78 191.97 191.83 191.67 192.20 192.56 192.53 192.69 192.78 192.86 192.88 192.91 192.93 192.93 192.86 192.71 192.46 192.20 191.98 191.72 191.55 191.52 191.62 191.22 191.36 190.78 190.89 191.29 191.58 191.88 192.05 192.22 192.40 192.52 192.68 192.78 192.86 192.91 192.93 192.93 192.93 192.92 192.83 192.85 192.80 192.88 192.79 192.66 192.70 192.81 192.50 192.51 192.39 192.52 192.16 191.99 192.05 191.99 191.62 191.75 191.35 190.75 189.01 187.98 189.11 189.61 189.08 188.86 189.19 189.35 189.52 188.80 189.21 188.71 190.37 190.30 190.83 191.62 191.82 191.68 191.42 191.23 191.95 192.23 192.42 192.70 192.73 192.64 192.57 192.50 192.91 192.86 192.76 192.81 192.70 192.93 192.89 192.91 192.63 192.89 192.68 192.75 192.75 192.57 192.43 191.82 191.94 191.18 190.80 190.33 190.72 189.62 190.61 190.67 190.33 192.37 191.72 191.72 191.98 192.19 191.52 192.33 192.69 192.70 192.88 192.91 192.82 192.88 192.82 192.82 192.91 192.92 192.72 192.64 192.63 192.60 192.56 192.75 192.85 192.91 192.84 192.89 192.57 192.88 192.86 192.84 192.93 192.81 192.85 192.78 192.85 192.84 192.51 192.37 192.09 192.29 192.50 191.56 191.24 191.72 191.66 191.18 191.33 192.15 192.49 191.97 191.95 192.22
-19°N ||     192.74 192.54 192.54 192.67 192.30 192.04 191.47 189.89 190.02 191.05 191.24 191.81 191.64 191.67 191.39 191.68 191.77 192.21 192.59 192.68 192.78 192.87 192.91 192.93 192.93 192.89 192.79 192.49 191.97 191.64 191.41 191.29 191.17 191.26 191.43 190.10 191.14 190.71 190.83 191.06 191.21 191.50 191.71 191.92 192.16 192.38 192.57 192.70 192.82 192.88 192.91 192.92 192.93 192.93 192.89 192.78 192.76 192.77 192.81 192.77 192.62 192.89 192.64 192.67 192.51 192.34 191.88 191.75 191.64 191.99 191.73 191.41 190.76 189.47 187.28 187.22 187.38 189.40 188.69 188.58 187.86 188.79 189.10 189.21 188.35 188.14 189.68 190.50 190.41 190.29 190.83 191.22 191.15 191.39 192.05 191.74 192.29 192.50 192.26 192.81 192.60 192.55 192.88 192.70 192.89 192.80 192.88 192.92 192.91 192.91 192.92 192.86 192.89 192.83 192.78 192.59 192.68 192.72 192.69 191.65 191.28 191.18 191.02 191.01 191.31 191.46 192.11 192.12 191.99 192.13 192.22 192.63 192.76 192.42 192.78 192.88 192.93 192.92 192.91 192.85 192.75 192.73 192.58 192.58 192.68 192.65 192.63 192.61 192.70 192.76 192.48 192.62 192.92 192.91 192.82 192.73 192.82 192.69 192.90 192.77 192.71 192.81 192.85 192.87 192.54 192.55 192.68 192.70 192.05 191.37 190.73 190.29 190.05 189.32 190.31 190.13 190.57 191.24 190.95 192.59
-17°N ||     192.66 192.69 192.54 192.29 192.27 191.97 190.67 190.10 190.29 190.53 190.93 191.51 191.33 192.30 191.45 190.52 191.87 191.90 192.36 192.68 192.78 192.86 192.93 192.92 192.89 192.81 192.62 191.98 191.28 190.80 190.72 190.79 190.94 191.07 190.79 190.23 190.58 190.76 190.63 190.52 190.63 190.97 191.30 191.54 191.91 192.18 192.41 192.57 192.72 192.83 192.87 192.91 192.92 192.93 192.88 192.77 192.56 192.57 192.79 192.75 192.64 192.89 192.60 192.88 192.69 188.37 186.46 188.51 191.74 191.41 192.14 191.24 190.82 189.70 187.16 187.31 187.15 189.32 188.31 189.03 188.32 188.60 188.53 188.56 188.40 188.59 189.23 189.25 189.43 190.16 191.09 190.99 191.00 191.22 191.73 191.63 192.28 192.23 192.55 191.87 192.43 192.67 192.86 192.87 192.86 192.85 192.88 192.92 192.88 192.80 192.78 192.90 192.87 192.90 192.89 192.87 192.80 192.42 192.35 192.72 192.30 192.42 192.13 192.16 192.25 191.64 191.79 191.81 191.88 192.15 192.61 192.38 192.93 192.90 192.87 192.90 192.92 192.92 192.88 192.82 192.67 192.64 192.55 192.46 192.62 192.64 192.66 192.70 192.73 192.84 192.78 192.82 192.91 192.86 192.91 192.79 192.81 192.70 192.80 192.41 192.70 192.73 192.81 192.87 192.27 192.87 192.74 192.51 191.90 190.55 190.32 189.69 189.64 189.06 188.55 189.80 189.77 190.56 189.77 191.47
-15°N ||     190.89 192.57 191.69 192.08 191.59 191.23 188.71 189.26 190.61 190.42 190.43 191.37 191.73 191.63 191.32 190.56 192.49 191.76 191.22 192.56 192.74 192.87 192.93 192.92 192.85 192.67 192.21 191.16 189.85 189.41 189.86 190.41 190.57 190.80 190.92 190.86 191.02 191.05 190.44 190.13 190.11 190.63 190.94 191.23 191.63 192.05 192.31 192.48 192.59 192.67 192.69 192.84 192.89 192.88 192.82 192.78 192.63 192.69 192.74 192.79 192.49 189.11 187.83 187.37 186.64 186.50 186.45 186.61 186.60 191.14 191.38 190.16 190.38 190.02 187.93 187.98 187.40 188.02 188.50 188.70 188.50 188.45 188.62 188.13 188.64 188.83 188.78 189.29 189.62 189.89 189.63 190.31 190.61 191.39 191.68 191.66 191.84 192.15 192.62 192.13 192.74 192.67 192.75 192.86 192.85 192.92 192.90 192.91 192.93 192.92 192.76 192.93 192.92 192.93 192.93 192.86 192.85 192.38 192.34 192.35 192.68 192.35 192.38 192.47 192.12 191.92 191.75 191.58 192.36 192.63 192.74 192.93 192.90 192.93 192.88 192.93 192.90 192.92 192.93 192.85 192.74 192.59 192.61 192.59 192.50 192.59 192.72 192.66 192.82 192.52 192.83 192.63 192.90 192.92 192.69 192.55 192.88 192.47 192.50 192.70 192.66 192.71 192.87 192.79 192.51 192.38 192.50 192.46 192.18 190.17 189.29 187.43 188.15 188.50 189.68 188.01 189.09 187.27 191.44 191.14
-13°N ||     190.37 190.70 191.34 191.83 191.50 190.61 189.55 188.51 189.04 188.61 189.45 190.69 191.02 190.67 190.74 190.56 191.58 191.69 191.93 192.37 192.64 192.85 192.92 192.93 192.82 192.56 191.96 190.32 188.09 187.59 188.88 189.99 190.32 190.41 190.49 191.09 190.89 190.85 190.32 190.07 190.11 191.12 190.57 191.01 191.46 191.85 192.20 192.39 192.52 192.61 192.64 192.89 192.73 192.02 187.19 188.97 188.28 190.68 187.69 186.90 188.64 192.87 192.90 192.82 188.14 186.76 188.18 188.31 192.14 186.66 190.50 190.59 189.91 189.29 189.00 188.00 188.21 187.37 186.89 188.18 188.34 188.31 188.41 188.42 189.02 188.83 188.41 189.05 189.66 188.89 189.42 189.73 190.30 190.94 190.11 191.27 191.63 192.01 192.22 192.22 192.27 192.53 192.79 192.87 192.90 192.60 192.90 192.91 192.93 192.93 192.88 192.90 192.92 192.90 192.92 192.85 192.91 192.58 192.43 192.51 192.52 192.23 192.45 192.44 192.67 192.27 192.19 192.14 192.37 192.56 192.93 192.89 192.88 192.80 192.93 192.93 192.92 192.92 192.78 192.78 192.49 192.57 192.45 192.54 192.48 192.54 192.76 192.83 192.86 192.79 192.85 192.90 192.66 192.91 192.51 192.52 192.81 192.75 192.60 192.53 192.72 192.61 192.84 192.88 192.74 191.86 191.78 191.46 190.71 189.10 188.36 187.68 187.46 187.70 187.84 187.42 187.13 187.71 187.14 187.78
-11°N ||     187.26 188.19 187.08 186.97 189.83 190.00 189.28 188.25 188.93 188.90 189.41 189.61 189.49 190.43 190.00 190.25 190.53 191.32 191.67 192.16 192.55 192.75 192.91 192.93 192.78 192.50 191.93 190.52 188.17 186.22 187.26 189.98 190.23 190.25 190.16 190.76 190.69 190.43 189.99 189.77 190.21 190.53 190.50 190.97 191.36 191.70 192.20 192.33 192.45 192.58 192.52 192.81 189.57 187.60 187.03 187.03 189.71 192.15 192.13 192.71 192.91 192.93 192.90 192.87 192.69 192.75 192.61 190.01 191.50 191.50 186.70 189.38 186.68 187.60 188.53 187.74 187.12 187.53 187.11 186.95 188.07 188.06 187.91 188.24 188.13 188.35 187.72 188.64 188.41 189.09 189.09 188.53 190.15 190.55 191.01 191.09 190.92 191.50 192.80 192.60 192.21 192.13 192.61 192.77 192.80 192.89 192.91 192.91 192.93 192.92 192.71 192.92 192.89 192.93 192.92 192.89 192.86 192.85 192.69 192.81 192.74 192.58 192.61 192.68 192.83 192.15 192.35 192.01 192.34 192.37 192.56 192.86 192.90 192.93 192.91 192.79 192.93 192.86 192.70 192.67 192.33 192.41 192.54 192.46 192.44 192.47 192.57 192.53 192.71 192.73 192.68 192.90 192.93 192.88 192.89 192.79 192.59 192.49 192.63 192.16 192.53 192.03 191.59 192.06 191.84 189.23 191.56 190.71 190.08 188.58 188.02 187.87 187.03 187.25 186.89 186.70 186.72 188.21 187.69 188.65
-9°N ||     189.41 188.64 188.79 187.76 186.99 189.37 188.11 188.88 188.11 187.79 188.92 188.60 189.34 189.62 189.59 190.22 190.23 190.91 191.32 191.97 192.32 192.69 192.86 192.93 192.85 192.57 192.09 191.48 188.55 185.03 185.02 188.92 190.12 190.13 190.20 190.09 190.48 190.28 190.32 190.02 190.15 190.69 191.94 192.78 192.30 191.77 192.19 192.52 192.50 192.67 189.06 186.54 186.59 186.84 188.51 192.53 191.99 191.67 192.39 192.90 192.93 192.89 192.48 192.81 192.53 192.29 189.01 191.16 187.38 190.54 186.75 186.73 186.92 186.52 186.87 187.15 187.98 187.31 187.27 186.50 186.93 188.14 187.72 187.65 187.82 187.78 187.22 188.45 188.34 188.40 187.80 189.56 189.58 189.81 190.58 191.20 191.05 191.50 192.35 192.43 192.14 192.17 192.67 192.58 192.61 192.78 192.90 192.81 191.68 191.15 192.89 192.48 192.87 192.80 192.86 192.90 192.89 192.85 192.78 192.77 192.67 192.86 192.77 192.81 192.82 192.82 192.67 192.38 192.31 192.32 192.62 192.77 192.91 192.83 192.79 192.92 192.71 192.52 192.84 192.60 192.32 192.26 192.08 192.31 192.30 192.49 192.57 192.20 192.32 192.64 192.92 192.85 192.92 192.75 192.46 192.61 192.41 191.90 192.40 191.96 191.47 189.21 188.20 189.80 189.95 188.20 188.34 188.84 188.12 187.97 187.54 187.14 186.79 186.70 186.53 186.56 188.34 191.93 187.78 188.24
-7°N ||     187.99 188.16 188.51 188.51 186.48 186.74 187.63 187.49 186.76 187.16 187.49 188.25 188.78 188.91 188.97 188.78 189.09 190.22 190.95 191.58 192.11 192.54 192.78 192.93 192.89 192.72 192.40 192.01 189.22 186.15 186.87 188.37 189.82 190.06 190.23 190.43 190.02 190.03 190.43 190.03 192.34 192.70 190.96 192.51 192.19 190.87 191.99 189.54 189.58 190.50 192.03 192.36 191.92 187.04 189.11 189.04 188.33 192.07 192.86 192.93 192.91 192.91 192.83 192.75 190.74 188.34 187.91 188.04 192.21 191.95 188.23 186.79 186.74 186.49 186.68 186.47 186.80 187.67 187.78 187.30 187.11 187.39 187.24 187.89 187.66 187.99 188.39 188.75 188.91 188.62 188.86 188.49 189.59 189.83 189.91 189.74 189.73 191.09 191.98 191.74 192.66 192.67 192.51 192.56 192.87 192.71 192.62 192.78 192.81 192.79 192.67 192.69 192.58 192.85 192.89 192.89 192.90 192.69 192.68 192.78 192.84 192.93 192.84 192.93 192.87 192.64 192.76 192.68 192.30 192.30 192.41 192.49 192.93 192.92 192.85 192.65 192.71 192.63 192.69 192.51 192.22 192.27 191.90 191.96 192.04 191.96 191.73 191.81 191.87 191.43 192.93 192.89 192.93 192.74 192.90 192.00 189.23 190.69 190.62 190.74 189.14 188.24 188.49 188.94 187.42 186.86 187.29 186.88 186.80 186.89 186.83 186.84 186.63 186.48 186.45 186.43 186.69 187.35 187.37 187.95
-5°N ||     187.75 187.42 187.13 187.24 187.86 186.45 186.49 186.50 186.46 187.00 187.50 188.87 188.39 187.96 187.43 187.13 187.19 188.18 190.59 190.68 191.58 192.14 192.57 192.86 192.93 192.85 192.66 192.17 191.30 189.86 188.60 188.84 189.84 189.97 190.32 190.56 190.54 191.40 190.81 190.22 190.58 190.86 191.20 192.22 192.68 191.45 191.68 191.85 192.59 192.45 192.25 192.14 189.24 189.32 190.08 192.58 192.74 192.66 188.99 189.49 192.85 192.79 192.68 192.69 191.97 192.44 191.45 192.08 192.04 191.60 190.38 188.54 187.16 189.06 189.16 186.81 186.53 186.43 188.44 187.92 186.70 186.77 186.88 187.24 187.48 187.99 188.53 188.48 188.06 188.41 188.77 189.01 188.69 189.90 189.88 189.51 189.72 189.82 190.70 190.47 191.92 192.77 192.70 192.57 192.29 192.57 192.65 192.69 192.62 192.73 192.26 192.18 192.36 192.84 192.90 192.87 192.93 192.89 192.92 192.81 192.90 192.74 192.89 192.86 192.76 192.87 192.30 192.78 192.35 192.30 192.47 192.79 192.74 192.91 192.67 192.67 192.28 192.47 192.39 192.25 192.36 192.06 191.23 191.11 191.39 191.60 190.14 190.84 191.72 192.07 192.56 192.83 192.17 192.39 192.47 191.77 187.25 188.99 186.70 187.53 187.97 188.54 188.58 187.21 187.20 186.54 186.53 186.60 186.65 186.54 186.55 186.53 186.44 186.45 186.45 186.43 186.43 186.51 186.76 187.26
-3°N ||     187.19 187.31 186.78 186.75 187.02 186.43 186.43 186.43 186.65 186.58 188.10 189.83 187.69 186.49 186.56 186.44 188.48 190.44 188.24 189.46 190.39 191.63 191.87 192.53 192.87 192.93 192.84 192.45 192.03 191.03 190.15 189.98 189.69 189.66 190.42 190.82 191.11 191.27 191.30 190.95 190.78 191.29 191.60 192.24 192.42 192.45 192.75 192.77 192.69 192.51 192.42 192.29 192.57 190.98 191.72 192.80 192.92 192.89 192.76 186.74 192.82 192.38 192.41 191.94 192.01 191.85 189.30 191.27 190.96 190.12 189.46 188.88 186.82 187.66 187.98 186.79 187.12 186.73 187.40 187.24 186.83 186.86 186.58 186.85 187.33 187.69 187.43 187.94 188.00 188.18 188.39 188.79 189.08 189.23 189.62 189.74 190.86 189.78 189.80 189.67 191.58 192.25 192.55 192.41 192.08 192.53 192.46 192.28 192.36 192.36 192.08 192.07 192.36 192.61 192.78 192.91 192.93 192.39 192.43 192.77 192.82 192.72 192.79 192.41 192.89 192.76 192.83 192.42 192.38 192.11 192.51 192.38 192.47 192.53 192.21 190.91 192.46 191.78 192.00 192.31 192.01 191.89 190.46 190.46 191.36 189.66 190.19 191.25 191.80 192.17 192.57 192.51 192.58 192.42 192.11 190.58 187.55 187.08 187.16 187.95 186.93 187.12 187.17 187.35 186.92 186.51 186.65 187.13 186.45 186.43 186.44 186.42 186.42 186.42 186.42 186.42 186.42 186.44 186.62 186.70
-1°N ||     186.59 186.65 186.60 186.48 186.46 186.45 186.44 186.47 186.46 187.18 188.52 190.22 187.15 186.50 186.42 186.87 188.15 187.30 187.62 189.30 189.79 190.53 191.20 192.01 192.60 192.92 192.89 192.67 192.31 191.83 191.01 190.50 189.16 187.63 190.63 191.03 191.26 191.49 191.62 191.66 191.69 192.29 192.50 192.65 192.76 192.91 192.93 192.91 192.83 192.58 191.84 192.01 187.05 192.81 192.85 192.91 192.84 192.67 192.60 190.58 192.27 191.97 191.85 191.94 191.60 191.44 191.47 189.57 188.98 189.13 187.93 188.59 186.77 186.86 186.89 186.83 187.21 187.11 187.01 186.81 186.60 186.49 186.63 187.11 186.99 187.10 187.46 187.93 188.24 188.37 188.23 187.93 188.69 188.87 189.46 189.71 191.09 189.83 189.87 189.73 191.52 191.84 192.10 192.33 192.04 192.17 192.23 192.01 191.95 191.85 191.66 191.71 192.52 192.70 192.72 192.85 192.92 192.42 192.59 192.63 192.61 192.83 192.78 192.87 192.72 192.67 192.53 192.39 191.54 191.83 192.24 192.35 192.26 192.06 190.92 191.13 191.59 189.52 191.86 192.09 191.77 191.53 190.16 190.04 189.91 189.45 189.78 191.72 191.41 192.12 192.22 192.14 190.98 190.84 189.89 187.18 186.58 186.47 186.75 186.74 186.43 186.52 186.78 186.86 186.49 186.59 187.21 186.60 186.44 186.42 186.42 186.42 186.42 186.42 186.42 186.42 186.43 186.42 186.47 186.54
1°N ||     186.51 186.70 186.48 186.42 186.42 186.43 186.44 186.63 186.45 186.81 188.19 188.14 186.75 186.44 186.43 186.49 186.62 186.89 189.37 188.09 189.17 189.18 191.06 192.26 192.71 192.79 192.93 192.76 192.38 192.21 191.93 191.52 189.54 186.90 187.88 191.30 191.42 191.53 191.78 192.03 192.31 192.50 192.62 192.76 192.88 192.93 192.89 192.75 192.31 191.55 192.80 192.79 192.73 192.86 192.92 192.89 192.70 192.34 192.26 191.57 191.93 191.70 190.33 191.71 191.49 191.22 191.49 188.24 190.22 189.33 188.13 186.99 187.24 187.16 187.63 187.16 187.11 186.93 187.71 186.49 187.63 186.44 186.70 187.24 187.04 186.85 187.37 187.97 187.75 188.24 188.32 188.04 188.53 188.58 188.76 189.51 189.76 190.68 190.60 191.04 191.11 190.98 191.45 190.72 191.96 192.24 192.15 191.38 191.66 191.72 191.68 192.30 192.02 192.31 192.67 192.77 192.58 192.58 192.76 192.50 192.63 192.74 192.69 192.67 192.67 192.59 192.42 192.10 191.98 191.70 190.69 191.16 190.00 190.08 189.68 190.04 190.76 190.92 190.39 191.11 190.00 189.83 188.99 189.08 188.86 189.87 191.26 191.40 191.28 191.81 191.34 190.30 188.18 187.48 187.32 187.10 186.56 186.46 186.50 186.44 186.48 186.48 186.57 186.45 186.47 186.58 186.76 186.46 186.43 186.42 186.42 186.42 186.42 186.42 186.42 186.42 186.42 186.42 186.42 186.45
3°N ||     186.43 186.42 186.43 186.44 186.46 186.48 186.46 186.44 186.43 186.73 187.11 186.94 186.43 186.46 186.45 186.42 186.44 187.92 188.38 187.32 187.90 190.06 191.48 192.44 192.85 192.35 192.85 192.47 192.39 192.44 192.39 192.47 192.15 189.27 190.72 191.55 191.35 191.45 191.84 192.18 192.44 192.57 192.66 192.66 192.93 192.88 192.64 192.36 191.95 190.40 190.30 192.67 192.89 192.82 192.65 192.36 192.10 191.94 191.82 191.28 191.32 191.65 192.02 190.10 189.66 190.80 190.44 189.13 188.91 188.11 187.72 187.20 186.84 186.92 186.77 186.74 186.50 186.45 186.57 186.48 187.19 187.34 186.68 186.96 187.21 186.96 187.50 188.16 187.89 187.92 187.69 187.98 188.18 188.50 188.81 189.39 189.50 190.18 189.81 190.31 190.32 190.31 190.34 190.90 190.88 191.95 191.52 190.68 189.73 191.73 191.56 191.99 192.43 192.47 192.59 192.19 192.41 192.43 192.67 192.45 192.59 192.69 192.71 192.61 192.59 192.52 192.26 192.05 191.64 191.40 189.14 187.87 187.35 187.28 186.61 187.17 189.46 189.82 190.29 189.46 189.35 188.77 188.41 188.86 189.08 190.41 190.57 190.96 191.24 191.78 189.71 187.07 187.31 187.74 187.52 186.58 186.49 186.44 186.43 186.42 186.51 186.42 186.44 186.43 186.44 186.53 186.48 186.43 186.43 186.42 186.42 186.42 186.42 186.42 186.42 186.42 186.42 186.43 186.43 186.43
5°N ||     186.43 186.45 186.61 186.46 186.50 186.50 186.48 186.47 186.44 186.44 186.51 186.57 186.47 186.51 186.50 186.46 186.68 188.43 186.67 186.94 188.37 191.10 192.13 192.56 192.28 192.16 192.42 192.92 192.47 192.42 192.54 192.74 192.82 192.71 192.25 191.82 191.21 191.05 191.95 192.35 192.58 192.69 192.74 192.64 192.91 192.59 192.22 191.85 191.17 189.62 188.87 192.24 192.27 191.87 191.53 191.10 191.26 191.17 191.06 190.68 189.83 191.01 191.73 191.39 190.86 189.66 188.96 188.61 188.43 187.44 186.61 186.89 186.61 186.83 186.90 186.61 186.46 186.84 187.11 187.18 187.42 186.85 187.22 186.97 186.84 187.05 187.17 187.94 187.74 187.93 188.08 188.02 188.77 188.91 189.03 189.10 189.22 189.17 189.57 190.21 190.18 190.27 190.50 190.31 190.54 190.62 190.47 190.73 190.52 191.97 191.75 192.61 192.46 192.56 192.34 192.53 192.51 192.38 192.45 192.46 192.57 192.66 192.72 192.68 192.15 192.42 192.26 191.85 191.24 190.13 188.09 186.81 186.92 186.91 186.87 186.72 186.73 187.43 188.14 188.40 188.53 187.81 188.22 188.98 188.87 190.08 190.56 190.44 191.55 191.38 187.09 187.32 186.94 186.85 186.69 186.61 186.46 186.43 186.42 186.42 186.43 186.43 186.42 186.43 186.43 186.43 186.43 186.43 186.42 186.42 186.42 186.42 186.42 186.42 186.42 186.42 186.43 186.43 186.43 186.44
7°N ||     186.44 186.45 186.47 186.48 186.50 186.51 186.51 186.50 186.48 186.43 186.44 186.45 186.52 186.55 186.55 186.48 186.75 186.45 186.48 186.87 189.23 190.81 190.56 191.17 191.50 191.61 192.09 192.78 192.24 192.35 192.55 192.86 192.92 192.87 192.65 192.14 190.37 190.35 192.28 192.56 192.70 192.78 192.82 192.89 192.74 192.45 192.08 191.54 190.82 189.81 188.75 188.56 191.28 191.33 191.33 191.25 190.91 190.55 190.19 189.87 189.68 190.30 191.38 190.35 189.19 188.82 188.08 187.79 187.59 186.98 186.50 186.93 187.05 186.84 186.88 186.57 186.71 186.88 186.44 186.56 186.51 186.93 186.83 186.88 186.99 187.52 187.51 187.95 187.65 188.16 187.92 188.13 188.24 188.00 189.03 189.28 189.54 189.06 189.80 190.51 190.51 190.36 190.10 190.42 190.60 190.07 191.16 189.49 190.48 190.27 191.18 191.92 192.19 192.53 192.50 192.43 192.49 192.43 192.43 192.40 192.59 192.53 192.70 192.19 191.52 192.49 192.22 191.69 190.08 187.23 186.78 187.03 186.97 186.95 186.93 186.86 186.83 186.55 187.25 187.35 187.15 187.59 188.49 188.30 190.00 190.78 190.53 189.58 190.33 190.40 187.36 186.68 186.60 186.53 186.67 186.57 186.43 186.42 186.43 186.42 186.43 186.43 186.42 186.43 186.42 186.42 186.43 186.43 186.43 186.43 186.43 186.48 186.42 186.42 186.42 186.42 186.43 186.44 186.44 186.45
9°N ||     186.46 186.55 186.45 186.47 186.53 186.52 186.52 186.51 186.55 186.44 186.42 186.52 186.58 186.60 186.57 186.44 186.44 186.43 186.50 187.73 188.16 188.94 189.28 189.82 190.42 191.15 191.74 192.69 192.56 192.51 192.77 192.93 192.93 192.84 192.92 192.41 189.77 187.96 191.74 192.71 192.78 192.85 192.90 192.93 192.77 192.42 191.97 191.33 190.72 189.68 188.70 188.48 189.05 190.80 190.93 190.91 190.60 190.18 189.84 189.36 188.89 189.23 189.73 189.51 189.05 187.87 186.87 186.78 186.69 186.61 186.92 186.91 186.77 187.00 186.43 186.44 186.43 186.50 186.54 186.69 186.68 186.82 186.99 186.77 186.80 187.03 187.23 186.88 187.24 187.25 187.78 187.99 188.38 188.17 188.62 187.89 189.02 189.46 189.64 189.42 189.45 190.74 191.23 191.39 190.21 189.82 189.62 190.81 191.00 191.32 191.44 191.38 191.75 191.47 191.98 192.30 192.47 192.43 192.43 192.58 192.50 192.56 192.75 191.10 192.36 192.47 192.02 191.17 189.09 186.45 186.90 187.06 187.06 187.02 186.97 186.92 186.87 186.74 186.47 186.48 186.68 187.14 188.48 189.25 189.31 189.59 188.41 187.76 188.22 188.19 186.85 186.50 186.61 186.53 186.43 186.42 186.42 186.43 186.44 186.44 186.66 186.46 186.48 186.46 186.43 186.42 186.45 186.44 186.47 186.50 186.52 186.42 186.42 186.42 186.42 186.43 186.44 186.44 186.45 186.45
11°N ||     186.49 186.49 186.52 186.49 186.56 186.56 186.59 186.57 186.64 186.59 186.53 186.65 186.66 186.64 186.60 186.57 186.43 186.44 186.49 187.16 187.66 188.08 188.93 189.73 190.51 191.07 191.88 192.71 192.93 192.90 192.91 192.91 192.90 192.90 192.87 192.89 190.28 184.81 186.29 192.71 192.84 192.90 192.93 192.91 192.77 192.35 191.72 191.14 190.33 189.67 188.87 188.38 188.48 190.29 190.56 190.58 190.25 189.80 189.54 189.12 188.72 189.49 189.78 188.60 187.73 187.06 186.49 186.43 186.47 186.42 187.08 186.93 186.44 187.05 187.01 186.47 186.70 186.55 186.68 186.67 186.72 186.90 187.17 187.33 186.96 186.86 186.88 186.85 187.15 187.48 187.71 187.87 187.82 187.83 187.66 188.59 188.18 189.44 189.21 189.02 189.39 189.51 190.27 191.29 189.84 190.08 187.85 190.09 189.05 191.45 191.00 191.11 191.22 190.83 191.41 192.03 192.46 192.20 191.93 192.52 192.35 192.45 192.62 192.69 192.56 192.10 191.52 190.42 187.72 186.48 187.08 187.10 187.12 187.04 186.94 186.93 186.85 186.79 186.58 186.43 186.48 188.24 187.59 188.07 188.72 187.50 186.76 186.57 186.58 186.54 186.45 186.42 186.44 186.45 186.43 186.43 186.42 186.42 186.45 186.50 186.59 186.80 186.69 186.63 186.56 186.52 186.51 186.51 186.50 186.60 187.10 186.45 186.42 186.42 186.42 186.44 186.45 186.44 186.49 186.46
13°N ||     186.47 186.52 186.43 186.51 186.57 186.55 186.61 186.64 186.67 186.69 186.71 186.74 186.72 186.70 186.67 186.59 186.52 186.43 187.28 187.08 187.43 188.41 189.09 189.61 190.58 191.30 191.83 192.30 192.83 192.83 192.87 192.87 192.87 192.83 192.74 192.63 192.68 186.67 187.95 192.24 192.78 192.93 192.91 192.85 191.61 192.02 191.42 190.84 190.13 189.65 188.71 188.42 188.32 190.06 190.27 190.09 189.75 189.41 189.18 188.90 188.77 188.56 188.11 188.49 187.19 186.49 186.44 186.49 186.54 186.98 187.04 186.96 186.54 186.50 186.42 186.69 186.44 186.42 186.68 187.24 187.27 186.98 187.11 186.92 186.96 186.97 186.79 186.92 186.56 187.24 187.79 187.65 187.64 187.32 187.58 188.66 188.61 188.42 188.15 188.07 188.25 189.69 190.09 189.87 189.57 189.19 189.57 188.89 187.74 190.27 190.41 189.67 190.71 190.91 191.20 191.57 191.94 191.76 191.53 191.65 191.76 192.29 192.39 192.35 192.23 191.92 191.15 189.50 186.95 186.53 187.10 187.10 187.07 187.01 186.95 186.93 186.88 186.83 186.66 186.44 186.42 187.03 186.70 186.60 186.60 186.55 186.54 186.42 186.43 186.43 186.45 186.47 186.54 186.59 186.59 186.49 186.45 186.42 186.52 187.01 187.95 188.46 187.76 187.70 187.17 186.87 186.74 186.58 186.60 186.57 186.55 186.75 186.46 186.42 186.42 186.44 186.44 186.53 187.11 186.81
15°N ||     186.53 186.54 186.55 186.65 186.62 186.57 186.66 186.74 186.75 186.77 186.80 186.85 186.83 186.79 186.77 186.66 186.44 186.46 187.02 186.96 188.84 192.55 189.83 189.31 191.52 191.52 192.00 192.12 192.38 192.75 192.79 192.83 192.82 192.79 192.73 192.65 192.63 192.85 191.91 192.20 192.85 192.93 192.85 192.74 192.39 191.57 191.14 190.57 190.08 189.68 188.90 188.42 188.17 189.82 189.82 189.85 189.55 189.13 188.87 188.80 188.58 188.58 188.75 187.70 186.45 186.45 186.53 186.61 186.63 186.93 187.11 187.01 186.73 186.57 186.76 186.53 186.75 186.43 186.47 186.51 186.83 186.74 188.07 186.54 186.72 186.89 186.80 186.95 186.92 186.99 186.55 186.95 187.46 187.63 187.99 188.08 187.95 187.77 187.60 187.31 187.81 187.82 189.18 189.40 189.15 189.07 189.49 187.58 188.35 190.82 190.19 190.06 189.84 189.80 190.97 191.12 191.47 191.76 191.64 191.62 191.91 191.73 192.01 191.91 191.53 191.39 190.64 188.45 186.49 187.08 187.09 187.01 187.08 187.01 186.95 186.92 186.87 186.84 186.70 186.49 186.43 186.42 186.44 186.45 186.46 186.44 186.43 186.42 186.49 186.52 186.57 186.62 186.62 186.66 186.67 186.63 186.48 186.43 186.73 187.84 188.84 189.44 190.06 189.46 188.90 187.59 187.10 186.80 186.78 186.66 186.61 186.59 186.48 186.43 186.44 186.51 186.43 186.47 186.56 186.81
17°N ||     186.53 186.60 186.62 186.68 186.47 186.67 186.69 186.74 186.82 186.84 186.88 186.91 186.92 186.90 186.91 186.51 186.43 186.46 186.60 186.58 189.97 188.95 185.14 184.27 186.81 191.61 192.05 192.07 191.71 192.33 192.61 192.78 192.80 192.77 192.72 192.64 192.62 192.74 192.89 192.87 192.93 192.91 192.82 192.68 192.31 191.50 190.88 190.32 189.87 189.46 189.11 188.18 188.34 190.29 190.18 189.38 189.30 189.00 188.85 188.68 188.46 188.10 187.50 186.51 186.42 186.56 186.67 186.81 186.99 187.03 186.90 187.01 186.93 186.78 186.82 186.64 186.43 186.44 186.43 186.51 186.63 187.28 186.94 186.93 186.93 186.79 186.74 186.71 187.02 186.77 186.77 187.00 187.72 187.66 187.35 187.09 187.31 187.26 187.28 186.93 186.98 187.33 188.32 188.64 187.86 187.97 187.97 188.10 189.75 190.36 189.89 189.78 190.18 190.55 190.70 190.89 191.36 192.25 191.76 191.57 191.49 191.51 191.60 191.47 191.33 190.97 189.07 187.99 186.44 186.96 187.06 187.07 187.03 186.98 186.95 186.95 186.90 186.80 186.72 186.61 186.51 186.54 186.48 186.48 186.47 186.55 186.56 186.60 186.66 186.71 186.75 186.74 186.74 186.79 186.75 186.73 186.59 186.43 186.77 188.53 189.72 190.71 191.28 191.28 190.49 188.28 187.40 187.22 187.25 186.95 186.68 186.53 186.45 186.42 186.45 186.44 186.50 186.49 186.46 186.66
19°N ||     186.56 186.63 186.70 186.72 186.75 186.69 186.71 186.79 186.87 186.91 186.95 186.99 187.00 186.99 187.00 186.57 186.43 186.56 187.56 186.86 189.21 189.03 185.20 184.50 186.32 192.68 191.61 191.34 191.23 191.48 192.29 192.70 192.83 192.85 192.84 192.70 192.58 192.59 192.85 192.89 192.87 192.84 192.80 192.69 192.45 191.81 190.70 190.15 189.61 189.41 189.11 188.06 188.81 188.54 190.33 189.79 189.29 189.07 188.74 188.67 188.19 188.09 186.94 186.42 186.54 186.72 186.95 187.02 187.18 187.18 187.25 187.15 187.10 187.00 186.92 186.60 186.52 186.53 186.74 186.44 186.55 186.70 186.97 186.55 186.67 187.06 186.83 187.29 186.93 186.76 186.68 186.66 186.56 187.00 187.08 186.86 187.02 187.02 187.10 186.93 186.88 187.70 186.50 187.70 187.24 188.53 189.11 188.15 189.16 189.39 189.78 190.10 190.62 190.74 190.68 190.07 191.59 191.12 191.64 191.01 190.64 190.14 191.41 191.32 191.15 190.69 189.38 189.80 186.82 186.49 186.81 187.03 186.97 186.96 186.93 186.89 186.88 186.85 186.79 186.75 186.74 186.74 186.83 186.76 186.78 186.76 186.85 186.86 186.88 186.92 186.96 186.91 186.99 186.94 186.91 186.80 186.65 186.43 187.30 189.24 191.03 191.81 191.99 191.59 191.46 192.33 188.30 187.79 187.48 187.16 186.76 186.54 186.45 186.42 186.42 186.46 186.49 186.54 186.52 186.58
21°N ||     186.79 186.71 186.70 186.82 186.89 186.88 186.86 186.91 186.99 187.00 187.05 187.06 187.07 187.07 187.05 186.57 186.46 186.98 187.45 186.71 187.32 190.99 188.71 187.76 189.68 192.13 190.63 190.61 190.80 191.33 192.00 192.56 192.83 192.90 192.93 192.93 192.62 192.60 192.71 192.78 192.80 192.79 192.75 192.67 192.47 191.85 190.29 190.20 189.87 189.49 189.49 188.64 187.94 187.62 190.00 189.80 189.65 189.23 189.07 188.54 188.15 187.99 186.53 186.43 186.57 187.07 187.14 187.18 187.27 187.29 187.28 187.24 187.11 187.12 187.02 186.75 186.68 186.71 186.49 186.44 186.68 186.82 186.49 186.55 187.04 187.11 186.75 186.79 186.67 186.60 186.70 186.70 186.90 186.98 186.65 186.76 186.96 186.86 186.94 186.91 186.90 187.50 188.05 187.13 188.42 187.97 187.49 190.14 189.08 188.01 190.21 190.60 190.72 190.49 190.36 189.99 191.05 191.01 192.40 190.40 190.22 190.33 191.74 191.36 190.75 190.70 189.54 189.99 188.65 187.09 186.44 186.52 186.72 186.78 186.78 186.89 186.88 186.88 186.89 186.87 186.90 186.98 186.98 187.00 187.03 187.02 187.08 187.11 187.11 187.07 187.11 187.07 187.08 187.00 187.02 187.01 186.84 186.44 187.56 190.28 191.99 192.25 192.35 192.38 191.77 190.56 189.12 188.43 187.87 187.25 186.70 186.54 186.46 186.43 186.43 186.45 186.61 186.59 186.59 186.64
23°N ||     186.78 186.82 186.84 186.91 186.94 187.00 187.03 187.08 187.10 187.10 187.12 187.12 187.11 187.10 187.09 186.60 186.43 187.25 186.67 186.48 186.47 188.99 190.06 191.64 191.41 188.89 189.91 190.14 190.54 191.50 192.13 192.55 192.79 192.92 192.93 192.93 192.78 192.59 192.64 192.79 192.79 192.85 192.75 192.64 192.62 191.56 191.10 190.56 190.31 189.91 189.64 189.31 188.65 187.76 188.51 189.36 187.27 186.47 186.56 187.64 188.01 188.57 186.50 186.43 186.61 187.06 187.24 187.29 187.37 187.40 187.34 187.39 187.14 187.31 187.22 187.00 186.94 186.96 186.88 186.53 186.46 186.64 187.04 186.60 186.81 186.96 186.79 186.60 186.62 186.91 186.57 186.57 186.60 186.74 186.53 186.51 186.45 187.30 186.59 186.63 186.91 187.35 187.94 187.35 187.33 187.51 187.52 188.25 189.18 188.62 189.49 190.27 190.26 190.70 190.73 190.60 190.20 191.06 192.19 190.58 190.27 190.75 188.19 189.26 190.91 191.01 190.34 189.74 189.46 188.08 187.04 186.53 186.42 186.48 186.64 186.81 186.89 186.94 187.00 187.02 187.04 187.17 187.11 187.22 187.27 187.32 187.36 187.32 187.43 187.36 187.37 187.32 187.29 187.27 187.29 187.19 187.11 186.47 187.73 190.56 191.78 192.34 192.51 192.76 192.89 191.70 189.96 188.74 187.76 187.22 186.68 186.51 186.43 186.42 186.47 186.47 186.55 186.59 186.52 186.75
25°N ||     186.86 186.89 186.87 187.01 187.09 187.08 187.13 187.13 187.14 187.16 187.17 187.15 187.14 187.13 187.12 186.66 186.50 186.82 186.68 187.00 186.45 186.63 186.56 186.57 187.33 188.47 190.39 189.87 190.93 191.79 192.39 192.64 192.86 192.93 192.92 192.84 192.84 192.66 192.60 192.79 192.74 192.76 192.73 192.81 192.37 191.51 190.88 190.64 190.47 190.27 190.64 189.81 189.67 187.44 189.76 189.59 189.36 189.52 187.08 186.69 186.84 187.35 186.55 186.78 187.05 187.29 187.37 187.39 187.43 187.48 187.46 187.43 187.38 187.31 187.09 187.17 187.14 187.19 187.28 186.73 186.53 186.48 186.55 186.48 186.72 186.54 186.50 186.53 186.51 186.74 186.57 186.44 186.54 186.53 186.52 186.77 186.47 186.58 186.68 186.58 187.46 187.34 186.97 187.31 187.72 186.73 187.00 188.42 187.69 188.06 189.32 188.69 188.93 188.96 187.97 190.45 189.85 191.59 191.01 191.99 191.36 191.51 191.37 190.94 190.87 190.62 190.80 190.74 189.22 189.89 187.38 186.63 186.66 186.43 186.68 186.89 186.97 187.11 187.16 187.20 187.29 187.34 187.40 187.49 187.58 187.66 187.72 187.74 187.73 187.68 187.62 187.58 187.58 187.52 187.44 187.36 187.23 187.05 186.66 189.40 191.91 192.39 192.81 187.47 192.75 191.90 189.87 188.52 187.82 187.11 186.58 186.54 186.43 186.44 186.54 186.56 186.62 186.62 186.75 186.80
27°N ||     186.99 187.03 187.04 187.03 187.17 187.10 187.22 187.23 187.22 187.21 187.20 187.19 187.17 187.15 187.14 186.78 186.46 186.81 186.70 186.74 186.84 186.68 188.16 187.58 187.48 188.12 188.88 190.66 191.45 192.01 192.52 192.75 192.88 192.93 192.84 192.81 192.89 192.55 192.35 192.70 192.59 192.60 192.57 192.86 192.66 191.59 191.06 190.82 190.67 190.99 191.44 191.23 189.49 188.59 187.52 186.95 187.28 186.56 186.46 186.60 186.78 187.91 187.03 187.16 187.27 187.34 187.34 187.41 187.51 187.53 187.36 187.48 187.48 187.41 187.21 187.42 187.26 187.31 187.37 187.34 186.71 186.57 186.48 186.42 186.43 186.44 186.52 186.58 186.51 186.51 186.52 186.47 186.51 186.55 186.52 186.65 186.51 186.56 186.89 187.42 186.70 187.67 187.01 186.96 188.59 186.54 189.54 188.03 187.66 188.42 188.50 188.23 188.40 188.67 189.00 188.56 188.92 187.27 189.90 190.79 190.15 188.31 191.00 190.36 189.95 191.42 191.83 190.13 188.50 189.71 187.19 186.65 186.43 186.59 186.86 187.04 187.21 187.22 187.30 187.39 187.46 187.58 187.66 187.80 187.91 187.94 187.98 187.95 187.95 187.89 187.84 187.84 187.74 187.64 187.52 187.43 187.30 187.13 186.61 188.83 191.27 192.23 192.83 192.90 192.80 190.64 188.85 187.98 187.49 186.88 186.84 186.42 186.43 186.48 186.59 186.69 186.69 186.73 186.82 186.93
29°N ||     187.13 187.15 187.20 187.24 187.29 187.27 187.30 187.31 187.31 187.28 187.27 187.26 187.24 187.10 187.20 187.16 186.67 186.61 187.03 186.95 186.88 186.97 188.26 188.58 187.03 187.78 189.96 190.95 191.65 192.23 192.60 192.81 192.89 192.93 192.61 192.77 192.92 192.55 192.43 192.60 192.34 192.28 192.32 192.20 191.92 191.57 191.02 190.72 190.77 191.59 191.43 190.91 190.86 188.51 188.21 187.80 187.74 186.61 186.49 186.45 186.46 186.56 186.92 186.74 186.54 187.19 187.27 187.39 187.51 187.57 187.52 187.60 187.56 187.60 187.56 187.52 187.43 187.46 187.51 187.53 187.49 186.82 186.64 186.51 186.55 186.43 186.46 187.76 186.45 186.51 186.44 186.43 186.45 186.57 186.74 186.56 186.46 186.50 186.76 186.88 187.19 187.15 187.05 186.90 187.68 188.17 189.09 188.49 188.30 189.13 188.33 188.50 187.71 186.84 187.02 187.07 188.32 189.91 190.16 190.31 189.64 190.40 190.75 190.41 190.89 189.68 187.67 186.78 186.87 186.66 186.46 186.50 186.71 186.83 187.00 187.22 187.29 187.40 187.53 187.64 187.76 187.86 188.00 188.08 188.13 188.21 188.19 188.09 188.15 188.07 188.04 187.95 187.85 187.72 187.64 187.57 187.45 187.33 186.92 186.65 188.93 190.71 191.83 191.91 190.92 188.60 187.83 187.45 187.13 186.76 186.53 186.43 186.49 186.60 186.73 186.84 186.86 186.88 187.02 187.09
31°N ||     187.31 187.26 187.34 187.34 187.35 187.35 187.36 187.39 187.39 187.36 187.33 187.33 187.32 187.29 187.26 187.23 186.92 186.55 186.45 186.44 186.46 186.55 187.18 187.14 186.64 189.58 190.42 191.12 191.95 192.33 192.65 192.63 192.91 192.93 192.88 192.88 192.92 192.52 192.48 192.49 192.27 192.12 191.91 191.91 191.70 191.44 191.10 190.66 190.91 191.97 190.93 190.66 190.52 189.82 189.48 189.01 188.20 187.95 187.45 186.42 187.03 186.50 186.62 186.77 187.02 187.05 187.25 187.34 187.39 187.57 187.60 187.60 187.65 187.71 187.67 187.76 187.55 187.60 187.65 187.57 187.54 187.43 187.03 187.27 186.80 186.61 186.42 186.49 186.49 186.42 186.44 186.43 186.46 186.59 186.45 186.46 186.52 186.76 186.90 186.55 187.24 187.11 186.74 186.83 187.54 187.58 188.74 188.67 188.21 188.72 188.91 189.03 187.68 187.12 187.33 187.35 188.75 189.83 189.28 189.12 189.41 187.74 190.25 190.60 189.32 189.93 188.55 186.57 186.70 186.50 186.43 186.64 186.74 186.98 187.14 187.28 187.43 187.59 187.79 187.91 188.00 188.10 188.22 188.23 188.30 188.33 188.32 188.28 188.26 188.20 188.10 188.04 188.06 187.86 187.84 187.75 187.63 187.52 187.21 186.82 186.57 187.35 188.06 188.21 188.56 189.63 186.98 186.97 186.77 186.59 187.33 187.09 186.66 186.50 186.94 186.68 187.06 187.09 187.12 187.26
33°N ||     187.45 187.00 187.36 187.37 187.43 187.41 187.41 187.44 187.41 187.42 187.41 187.41 187.39 187.36 187.38 187.35 187.30 187.00 186.53 186.58 186.47 186.48 186.44 186.50 188.48 190.11 190.73 191.41 191.72 192.54 192.75 192.87 192.93 192.90 192.83 192.86 192.93 192.64 192.36 192.26 192.07 191.86 191.75 191.63 191.82 191.51 191.52 191.75 191.82 191.59 190.97 190.38 190.27 190.45 189.68 188.59 188.05 187.77 187.90 187.65 187.77 187.70 186.60 186.76 186.76 187.24 187.34 187.38 187.44 187.56 187.66 187.81 187.81 187.81 187.78 187.88 187.82 187.83 187.81 187.65 187.76 187.73 187.52 187.21 186.95 186.65 186.45 186.43 186.49 186.49 186.50 186.58 186.45 186.47 186.54 186.54 186.55 186.87 186.61 186.65 187.50 187.67 187.16 187.99 186.53 188.44 188.19 188.98 188.26 189.66 190.18 189.56 188.25 187.76 188.14 188.99 189.05 188.54 189.24 187.69 188.02 187.75 187.92 189.60 188.65 187.32 187.23 186.51 186.42 186.51 186.58 186.80 186.94 187.11 187.27 187.43 187.62 187.84 187.98 188.06 188.19 188.25 188.32 188.36 188.42 188.37 188.35 188.34 188.31 188.16 188.22 188.17 188.10 187.98 187.85 187.94 187.89 187.76 187.63 187.49 187.25 186.96 186.83 186.57 187.17 187.91 186.43 186.49 186.63 186.45 186.43 186.64 186.87 186.95 187.09 187.17 187.21 187.30 187.36 187.42
35°N ||     187.55 187.49 187.48 187.44 187.47 187.45 187.47 187.46 187.45 187.47 187.48 187.47 187.45 187.42 187.45 187.38 187.41 187.33 186.99 188.48 186.70 186.55 186.67 187.98 190.63 190.15 190.80 191.48 192.16 192.68 192.89 192.92 192.77 192.65 192.56 192.52 192.73 192.90 192.68 192.10 191.81 191.68 191.56 191.61 192.42 192.27 191.33 190.96 191.52 191.73 191.00 191.18 191.54 191.21 190.14 188.64 187.94 187.51 187.44 187.29 187.22 187.41 186.56 186.76 187.15 187.28 187.36 187.37 187.48 187.58 187.62 187.84 187.77 187.88 187.90 187.98 187.96 188.03 187.95 187.86 187.83 187.77 187.78 187.20 187.01 186.72 186.64 186.55 186.47 186.54 186.50 186.46 186.45 186.63 186.53 186.56 186.74 186.70 186.53 186.64 186.83 186.86 186.92 187.08 187.21 188.09 188.67 187.06 188.78 190.12 188.12 189.81 189.62 189.91 190.20 190.37 189.68 189.13 188.77 187.17 187.01 187.27 186.45 186.56 186.80 186.58 186.45 186.43 186.48 186.58 186.75 186.95 187.05 187.24 187.37 187.59 187.77 187.98 188.12 188.23 188.27 188.31 188.40 188.43 188.45 188.44 188.42 188.41 188.35 188.34 188.28 188.07 188.19 188.08 188.05 188.03 187.96 187.86 187.84 187.72 187.64 187.45 187.38 187.31 187.12 187.00 186.73 186.46 186.42 186.42 186.45 186.57 186.66 187.06 187.14 187.22 187.32 187.46 187.54 187.58
37°N ||     187.65 187.53 187.54 187.46 187.53 187.50 187.53 187.52 187.49 187.50 187.51 187.51 187.50 187.46 187.42 187.39 187.36 187.29 187.24 186.61 186.62 186.81 187.56 188.65 190.02 190.02 190.76 191.45 192.08 192.83 192.86 192.56 192.09 191.74 191.73 192.03 192.30 192.37 192.83 192.77 191.97 191.40 191.29 191.35 191.55 191.82 191.58 191.32 191.06 190.24 191.57 191.82 192.05 192.28 191.33 189.75 188.09 187.66 187.54 187.59 187.35 187.56 186.45 186.83 187.14 187.27 187.35 187.42 187.48 187.63 187.68 187.79 187.83 187.96 187.99 188.08 188.15 188.12 188.11 188.01 188.04 187.99 187.91 187.86 187.64 187.48 187.42 187.24 186.93 187.25 186.47 186.42 186.45 186.47 186.47 186.46 186.66 186.66 186.57 186.76 186.51 186.44 186.62 186.68 186.52 186.77 187.54 187.95 188.46 189.43 189.86 190.14 190.15 190.66 190.64 190.64 190.19 188.46 186.43 186.60 186.94 187.32 186.80 187.15 186.46 186.44 186.42 186.43 186.61 186.72 186.90 187.10 187.22 187.34 187.59 187.78 187.88 188.08 188.19 188.32 188.37 188.42 188.45 188.45 188.46 188.45 188.46 188.44 188.44 188.40 188.38 188.35 188.31 188.22 188.29 188.26 188.13 187.98 187.97 187.82 187.68 187.60 187.38 187.29 187.09 187.02 186.81 186.62 186.51 186.50 186.51 186.63 186.62 187.17 187.21 187.30 187.47 187.50 187.58 187.60
39°N ||     187.61 187.58 187.59 187.53 187.24 187.55 187.55 187.37 187.54 187.53 187.51 187.51 187.46 187.45 187.42 187.38 187.36 187.38 187.21 186.84 187.57 187.87 187.52 188.43 188.47 189.83 190.42 191.11 192.31 192.92 192.47 191.67 191.03 190.95 190.61 190.85 191.93 192.10 192.38 192.90 192.42 191.34 191.02 191.12 191.59 191.48 191.79 192.66 191.48 191.36 191.40 191.65 192.27 192.55 192.21 190.98 189.17 188.35 187.88 187.95 186.78 186.69 186.64 186.52 187.16 187.32 187.35 187.39 187.53 187.64 187.77 187.88 187.89 188.04 188.11 188.16 188.19 188.21 188.22 188.23 188.10 188.10 188.07 188.02 187.91 187.52 187.65 187.44 187.08 187.03 186.87 186.54 186.53 186.51 186.46 186.42 186.46 186.50 186.54 186.53 186.77 187.02 186.70 186.64 186.50 186.83 187.15 187.36 187.83 187.74 188.68 189.90 187.02 190.42 190.31 189.18 189.81 189.05 186.52 186.44 186.44 186.44 186.43 186.43 186.42 186.45 186.49 186.61 186.69 186.88 187.05 187.23 187.29 187.54 187.69 187.89 188.01 188.12 188.29 188.31 188.44 188.45 188.45 188.45 188.45 188.45 188.45 188.45 188.45 188.45 188.43 188.42 188.37 188.36 188.33 188.30 188.25 188.07 187.85 187.89 187.73 187.63 187.47 187.29 187.09 187.08 186.92 186.80 186.73 186.65 186.58 186.44 187.24 187.22 187.27 187.29 187.47 187.58 187.62 187.58
41°N ||     187.60 187.61 187.63 187.61 187.58 187.56 187.53 187.56 187.53 187.52 187.52 187.53 187.49 187.51 187.42 187.44 187.37 187.17 187.07 186.82 186.49 186.43 186.66 187.17 188.10 189.04 189.70 191.01 192.44 192.88 192.17 191.48 191.20 191.13 190.40 190.79 191.74 192.18 192.52 192.92 192.26 191.19 190.99 191.09 191.97 191.36 191.70 192.26 191.83 192.01 191.99 192.20 192.23 192.04 191.68 191.32 190.00 188.50 188.44 188.65 187.55 186.68 186.66 186.48 186.99 187.38 187.43 187.36 187.56 187.69 187.78 187.93 188.00 188.09 188.17 188.24 188.26 188.28 188.29 188.28 188.25 188.24 188.18 188.29 188.25 188.00 187.81 187.74 187.49 187.52 187.01 187.42 187.11 186.83 186.92 186.52 186.43 186.74 186.44 186.73 187.16 187.16 187.09 186.67 186.50 187.62 188.29 186.84 186.66 187.08 187.75 187.28 187.11 186.45 188.13 187.44 186.51 188.00 186.43 186.45 186.43 186.44 186.47 186.49 186.56 186.53 186.64 186.67 186.88 187.10 187.19 187.26 187.42 187.58 187.85 188.00 188.15 188.22 188.38 188.43 188.45 188.45 188.45 188.45 188.45 188.45 188.45 188.45 188.45 188.45 188.45 188.45 188.45 188.42 188.39 188.33 188.26 188.20 188.09 187.96 187.79 187.61 187.50 187.34 187.14 187.13 187.06 186.96 186.95 186.77 186.44 186.46 186.52 187.09 187.25 187.38 187.41 187.56 187.56 187.63
43°N ||     187.60 187.65 187.65 187.61 187.59 187.58 187.56 187.54 187.54 187.55 187.53 187.59 187.54 187.55 187.45 187.42 187.31 187.17 186.92 186.61 186.45 186.43 186.58 186.96 187.62 188.27 189.22 190.10 191.74 192.82 192.73 192.09 191.69 191.55 191.46 191.58 192.06 192.34 192.90 192.01 190.83 190.35 190.73 190.83 190.78 191.78 191.32 192.39 191.96 191.92 192.09 191.87 192.62 192.05 190.92 191.26 190.83 189.26 188.37 187.24 187.38 187.23 186.74 186.50 186.95 187.41 187.55 187.59 187.66 187.77 187.93 188.01 188.15 188.19 188.18 188.26 188.32 188.28 188.33 188.33 188.31 188.30 188.21 188.23 188.26 188.08 188.02 187.80 187.73 187.76 187.64 187.55 187.53 187.38 187.14 186.77 186.63 186.54 186.96 187.06 187.25 187.13 186.73 187.02 186.71 186.96 186.81 186.94 187.52 187.76 188.41 186.43 187.98 188.66 186.47 186.48 186.45 186.47 186.52 186.44 186.45 186.45 186.69 186.98 186.67 186.66 186.71 186.96 187.12 187.20 187.14 187.41 187.43 187.66 187.87 188.09 188.21 188.24 188.38 188.44 188.45 188.45 188.45 188.44 188.44 188.45 188.45 188.45 188.21 188.44 188.45 188.44 188.43 188.42 188.42 188.36 188.29 188.26 188.02 187.96 187.78 187.60 187.39 187.31 187.22 187.15 187.04 187.08 187.06 186.84 186.58 186.45 186.57 187.01 187.35 187.36 187.53 187.55 187.61 187.67
45°N ||     187.70 187.69 187.64 187.65 187.63 187.61 187.59 187.55 187.53 187.57 187.57 187.53 187.52 187.48 187.46 187.34 187.19 187.00 186.75 186.56 186.43 186.44 186.56 186.75 187.04 187.47 188.09 188.99 190.39 191.94 192.59 192.85 192.87 192.43 191.98 191.85 192.33 192.90 192.48 191.37 190.41 189.90 189.89 189.58 189.14 188.66 188.48 189.30 191.32 192.21 192.65 192.17 190.99 191.16 191.15 190.43 188.39 189.06 188.47 187.12 186.74 186.45 186.43 186.59 186.96 187.46 187.51 187.67 187.77 187.89 187.95 188.13 188.19 188.26 188.25 188.34 188.34 188.34 188.39 188.39 188.32 188.34 188.32 188.30 188.25 188.21 188.03 188.10 188.01 187.82 187.79 187.89 187.66 187.53 187.50 187.42 187.06 186.86 187.22 187.21 186.87 186.64 186.51 187.06 186.61 186.97 187.02 187.04 187.01 186.58 187.42 186.46 186.50 186.54 186.48 186.45 186.49 186.46 186.48 186.52 186.50 186.63 186.72 186.87 186.87 186.96 186.99 187.02 187.19 187.26 187.36 187.39 187.63 187.74 188.03 188.16 188.27 188.36 188.40 188.44 188.45 188.45 188.45 188.45 188.45 188.46 188.45 188.45 188.45 188.45 188.45 188.45 188.45 188.39 188.42 188.40 188.34 188.21 187.95 187.83 187.74 187.49 187.35 187.28 187.26 187.21 187.19 187.19 187.17 187.08 186.94 186.66 186.45 187.15 187.16 187.24 187.44 187.64 187.64 187.70
47°N ||     187.70 187.68 187.68 187.62 187.61 187.61 187.58 187.59 187.52 187.61 187.59 187.54 187.54 187.46 187.34 187.30 187.06 186.90 186.71 186.55 186.44 186.42 186.46 186.52 186.63 186.86 187.33 187.64 188.33 189.30 190.18 190.49 190.45 190.53 192.27 192.49 191.66 191.02 190.83 190.68 190.17 189.86 189.91 189.69 189.09 188.50 188.51 188.70 191.29 192.26 191.38 190.34 188.40 189.60 189.23 187.43 188.36 187.22 188.45 187.43 186.64 186.44 186.57 186.96 187.32 187.52 187.63 187.71 187.92 187.96 188.10 188.18 188.21 188.27 188.29 188.28 188.22 188.11 188.37 188.38 188.35 188.38 188.34 188.33 188.28 188.25 188.24 188.20 188.13 188.05 187.97 187.94 187.90 187.82 187.59 187.64 187.46 187.35 187.35 187.39 187.26 187.18 187.38 187.12 186.89 187.07 186.84 186.78 186.99 186.72 186.46 186.57 186.64 186.69 186.72 186.53 186.48 186.54 186.59 186.72 186.73 186.80 186.97 186.86 187.06 187.07 187.09 187.13 187.25 187.31 187.50 187.55 187.72 187.84 188.30 188.32 188.28 188.34 188.40 188.43 188.45 188.45 188.45 188.45 188.45 188.45 188.45 188.45 188.45 188.45 188.45 188.45 188.44 188.44 188.43 188.37 188.28 188.13 188.00 187.26 187.42 187.64 187.45 187.42 187.35 187.30 187.31 187.24 187.26 187.22 187.16 186.98 187.04 187.11 187.20 187.40 187.44 187.58 187.63 187.71
49°N ||     187.72 187.69 187.68 187.63 187.66 187.65 187.63 187.62 187.58 187.58 187.61 187.53 187.51 187.39 187.26 187.15 186.96 186.84 186.71 186.56 186.46 186.43 186.42 186.44 186.55 186.67 186.78 187.02 187.22 187.53 187.84 188.16 188.42 188.67 189.03 188.84 188.66 188.73 189.48 189.93 189.99 189.54 189.61 190.36 189.90 189.32 189.25 189.26 187.51 191.30 186.50 186.55 186.66 186.57 186.51 187.48 187.30 187.22 187.13 187.14 186.44 186.51 186.88 187.21 187.30 187.62 187.77 187.91 187.93 188.11 188.12 188.18 188.25 188.26 188.28 188.29 188.31 188.36 188.38 188.38 188.39 188.37 188.36 188.34 188.33 188.29 188.29 188.20 188.17 188.13 188.09 188.00 187.87 187.80 187.72 187.74 187.60 187.63 187.63 187.56 187.31 187.46 187.15 187.23 187.92 187.47 186.83 187.16 187.05 186.78 186.68 186.79 186.72 186.71 186.60 186.81 186.75 186.82 186.89 186.84 186.85 186.92 187.04 187.03 187.03 187.12 187.09 187.19 187.27 187.38 187.54 187.67 187.81 187.96 188.23 188.29 188.25 188.35 188.36 188.42 188.44 188.45 188.46 188.46 188.45 188.46 188.45 188.45 188.45 188.42 188.45 188.44 188.41 188.38 188.39 188.28 188.20 188.05 187.98 187.28 187.17 187.67 187.53 187.48 187.47 187.42 187.43 187.39 187.29 187.34 187.26 187.27 186.79 187.04 187.50 187.45 187.43 187.65 187.78 187.66
51°N ||     187.71 187.71 187.66 187.67 187.68 187.69 187.59 187.58 187.60 187.58 187.53 187.45 187.39 187.30 187.18 187.05 186.89 186.74 186.64 186.55 186.44 186.44 186.42 186.44 186.47 186.53 186.61 186.71 186.88 187.00 187.23 187.51 187.84 188.00 187.95 187.85 188.16 188.31 188.90 189.41 189.63 189.54 189.38 189.19 189.53 188.88 188.02 187.07 186.42 186.45 186.53 186.63 186.80 186.90 186.93 186.67 186.79 186.98 186.59 186.46 186.60 186.92 187.15 187.53 187.54 187.70 187.81 187.96 188.06 188.13 188.22 188.27 188.31 188.31 188.34 188.35 188.36 188.31 188.41 188.44 188.38 188.38 188.40 188.25 188.35 188.31 188.24 188.22 188.26 188.18 188.17 188.11 188.03 187.95 187.89 187.83 187.76 187.57 187.72 187.61 187.60 187.59 187.16 187.94 185.47 187.48 186.63 187.18 187.10 186.97 186.97 186.95 186.94 186.98 187.09 186.95 187.00 186.97 187.04 187.06 187.03 187.10 187.05 187.07 187.13 187.14 187.09 187.22 187.29 187.37 187.48 187.65 187.83 187.95 188.10 188.12 188.27 188.31 188.38 188.41 188.43 188.44 188.45 188.45 188.45 188.45 188.44 188.45 188.45 188.44 188.44 188.40 188.41 188.32 188.18 188.22 188.14 188.03 187.96 187.89 187.77 187.71 187.64 187.55 187.52 187.52 187.45 187.48 187.40 187.37 187.34 187.36 187.24 187.47 187.47 187.36 187.46 187.65 187.77 187.75
53°N ||     187.68 187.65 187.70 187.71 187.69 187.67 187.63 187.58 187.55 187.45 187.48 187.42 187.31 187.21 187.08 186.90 186.68 186.71 186.66 186.57 186.51 186.47 186.43 186.42 186.43 186.45 186.51 186.59 186.63 186.78 186.94 187.02 187.26 187.35 187.28 187.31 187.32 187.69 188.27 188.73 189.05 189.09 188.88 188.64 188.05 187.30 186.88 186.53 186.42 186.48 186.62 186.72 186.82 186.92 187.01 187.10 186.52 186.79 186.46 186.88 187.38 187.49 187.59 187.65 187.74 187.85 188.02 188.09 188.16 188.19 188.30 188.32 188.33 188.34 188.37 188.39 188.40 188.38 188.41 188.39 188.37 188.40 188.38 188.40 188.36 188.40 188.38 188.30 188.28 188.19 188.21 188.17 188.08 188.05 187.94 187.86 187.90 187.92 187.77 187.75 187.59 187.60 187.47 187.36 187.05 187.09 187.05 187.29 187.16 187.23 187.15 187.15 187.07 187.15 187.14 187.11 187.19 187.26 187.15 187.22 187.15 187.12 187.03 187.09 187.13 187.08 187.07 187.20 187.26 187.31 187.50 187.65 187.77 187.89 187.87 188.03 188.13 188.24 188.25 188.31 188.32 188.37 188.37 188.41 188.42 188.43 188.41 188.42 188.37 188.37 188.38 188.38 188.29 188.19 188.14 188.05 188.10 188.00 187.93 187.85 187.78 187.69 187.63 187.59 187.57 187.52 187.55 187.52 187.29 187.37 187.32 187.42 187.38 187.37 187.42 187.55 187.67 187.67 187.74 187.75
55°N ||     187.75 187.73 187.66 187.58 187.62 187.49 187.53 187.55 187.50 187.46 187.44 187.34 187.29 187.16 187.12 186.92 188.10 186.66 186.69 186.64 186.58 186.51 186.48 186.46 186.42 186.42 186.44 186.49 186.56 186.61 186.67 186.68 186.78 186.73 186.78 186.72 186.89 187.03 187.23 187.58 188.00 188.00 188.25 188.07 187.64 186.97 186.55 186.92 186.55 186.71 186.77 186.79 187.07 186.93 187.04 187.18 187.29 187.33 187.51 187.60 187.68 187.76 187.91 187.96 188.05 188.12 188.14 188.20 188.23 188.28 188.33 188.35 188.36 188.38 188.39 188.38 188.39 188.39 188.41 188.43 188.37 188.38 188.40 188.38 188.40 188.36 188.31 188.30 188.23 188.24 188.22 188.20 188.14 188.07 187.94 187.93 187.92 187.91 187.84 187.77 187.72 187.66 187.54 187.55 187.51 187.40 187.32 187.33 187.34 187.28 187.28 187.28 187.23 187.31 187.24 187.33 187.42 187.38 187.37 187.33 187.20 187.17 187.11 187.08 187.02 187.04 187.18 187.26 187.26 187.31 187.45 187.59 187.68 187.70 187.82 187.94 188.03 188.10 188.11 188.15 188.19 188.23 188.25 188.30 188.32 188.29 188.31 188.31 188.17 188.19 188.25 188.18 188.17 188.07 188.00 188.06 187.89 187.97 187.92 187.73 187.67 187.65 187.61 187.62 187.53 187.54 187.50 187.42 187.38 187.43 187.45 187.28 187.32 187.31 187.46 187.46 187.65 187.73 187.78 187.80
57°N ||     187.72 187.72 187.68 187.64 187.67 187.58 187.51 187.47 187.46 187.47 187.36 187.28 187.29 187.16 187.08 187.06 186.75 186.79 186.70 186.70 186.64 186.60 186.54 186.49 186.47 186.44 186.42 186.43 186.43 186.46 186.47 186.49 186.51 186.50 186.52 186.51 186.53 186.56 186.60 186.88 187.00 187.22 187.31 187.24 186.93 186.55 186.43 186.46 186.60 186.69 186.77 186.83 186.90 186.99 187.12 187.24 187.37 187.51 187.64 187.74 187.94 187.99 188.04 188.07 188.13 188.15 188.21 188.25 188.27 188.33 188.33 188.10 188.39 188.39 188.39 188.41 188.41 188.39 188.40 188.39 188.39 188.43 188.36 188.37 188.06 187.74 188.31 188.28 188.27 188.23 188.24 188.16 188.13 188.09 188.07 187.98 187.98 187.90 187.86 187.72 187.73 187.69 187.56 187.45 187.40 187.42 187.41 187.33 187.45 187.39 187.36 187.42 187.49 187.48 187.48 187.51 187.56 187.50 187.43 187.29 187.23 187.24 187.20 187.13 187.13 187.16 187.11 187.18 187.25 187.28 187.41 187.46 187.58 187.57 187.64 187.73 187.88 187.92 187.95 187.91 188.04 188.00 188.09 188.17 188.17 188.14 188.13 188.15 188.13 188.07 188.11 188.07 188.09 188.07 187.96 188.00 187.90 187.94 187.90 187.77 187.69 187.71 187.61 187.58 187.55 187.48 187.47 187.43 187.32 187.41 187.40 187.33 187.50 187.42 187.43 187.55 187.67 187.66 187.70 187.71
59°N ||     187.65 187.68 187.66 187.55 187.62 187.60 187.41 187.53 187.52 187.52 187.46 187.39 187.30 187.24 187.13 187.01 187.04 186.93 186.87 186.80 186.75 186.68 186.60 186.55 186.55 186.53 186.51 186.47 186.45 186.43 186.43 186.42 186.43 186.42 186.43 186.42 186.42 186.42 186.44 186.49 186.52 186.56 186.56 186.46 186.44 186.44 186.49 186.57 186.69 186.77 186.84 186.96 187.01 187.10 187.22 187.31 187.44 187.57 187.69 187.86 188.03 187.92 188.14 188.17 188.18 188.22 188.27 188.29 188.31 188.30 188.35 188.34 188.36 188.39 188.39 188.39 188.38 188.40 188.42 188.41 188.39 188.38 188.39 188.36 188.35 188.34 188.33 188.32 188.29 188.21 188.16 188.20 188.12 188.12 187.97 188.03 188.02 187.96 187.83 187.79 187.72 187.69 187.66 187.61 187.61 187.57 187.44 187.45 187.47 187.51 187.58 187.60 187.60 187.60 187.52 187.59 187.59 187.59 187.44 187.37 187.34 187.29 187.18 187.20 187.13 187.14 187.10 187.15 187.21 187.23 187.32 187.30 187.47 187.59 187.55 187.44 187.63 187.68 187.65 187.78 187.87 187.75 187.88 187.95 187.95 187.89 187.95 187.93 187.94 187.94 187.93 187.96 187.95 187.90 187.89 187.93 187.90 187.82 187.81 187.74 187.77 187.67 187.62 187.55 187.51 187.45 187.32 187.33 187.31 187.37 187.41 187.42 187.47 187.45 187.49 187.53 187.60 187.68 187.56 187.64
61°N ||     187.60 187.61 187.59 187.61 187.59 187.63 187.55 187.50 187.54 187.43 187.38 187.39 187.33 187.25 187.17 187.12 187.05 187.00 186.95 186.87 186.80 186.79 186.74 186.70 186.66 186.64 186.60 186.57 186.55 186.55 186.54 186.52 186.53 186.54 186.52 186.50 186.50 186.51 186.49 186.78 186.48 186.47 186.47 186.49 186.51 186.54 186.59 186.67 186.80 186.89 186.92 187.10 187.22 187.31 187.39 187.52 187.62 187.72 187.82 187.89 188.03 188.14 188.18 188.22 188.26 188.15 188.22 188.33 188.34 188.34 188.38 188.33 188.36 188.41 188.42 188.42 188.41 188.42 188.39 188.40 188.39 188.39 188.37 188.38 188.35 188.34 188.31 188.29 188.24 188.21 188.17 188.15 188.14 188.09 188.09 188.08 187.97 187.92 187.90 187.81 187.78 187.73 187.65 187.64 187.62 187.64 187.53 187.60 187.59 187.65 187.64 187.65 187.68 187.67 187.60 187.66 187.60 187.60 187.56 187.41 187.47 187.44 187.14 187.25 187.21 187.17 187.11 187.07 187.11 187.19 187.19 187.22 187.27 186.94 187.28 187.43 187.46 187.43 187.56 187.62 187.66 187.52 187.72 187.76 187.76 187.66 187.73 187.72 187.77 187.80 187.76 187.80 187.76 187.71 187.77 187.78 187.73 187.71 187.72 187.66 187.62 187.64 187.57 187.55 187.51 187.34 187.44 187.41 187.32 187.38 187.34 187.42 187.45 187.44 187.52 187.52 187.49 187.59 187.57 187.50
63°N ||     187.63 187.53 187.52 187.83 187.55 187.58 187.59 187.56 187.54 187.51 187.47 187.38 187.36 187.28 187.25 187.22 187.16 187.12 187.01 186.91 186.77 186.90 186.86 186.83 186.80 186.79 186.74 186.75 186.74 186.71 186.70 186.67 186.66 186.63 186.61 186.59 186.59 186.60 186.60 186.59 186.58 186.61 186.61 186.65 186.70 186.74 186.80 186.83 186.95 187.05 187.19 187.29 187.40 187.53 187.66 187.72 187.80 187.88 187.98 187.99 188.06 188.15 188.22 188.28 188.28 188.29 188.35 188.34 188.34 188.33 188.36 188.34 188.37 188.37 188.38 188.40 188.39 188.37 188.37 188.37 188.38 188.38 188.35 188.32 188.30 188.18 188.21 188.20 188.19 188.18 188.17 188.12 188.05 188.03 188.06 187.88 187.86 187.88 187.85 187.80 187.79 187.73 187.68 187.68 187.69 187.67 187.66 187.68 187.67 187.65 187.70 187.68 187.73 187.69 187.67 187.65 187.64 187.57 187.62 187.56 187.49 187.46 187.44 187.36 187.30 187.25 187.17 187.14 187.11 187.11 187.12 187.17 187.20 187.20 187.26 187.34 187.37 187.36 187.44 187.32 187.50 187.36 187.52 187.58 187.49 187.60 187.58 187.59 187.62 187.62 187.59 187.60 187.67 187.67 187.66 187.63 187.63 187.59 187.62 187.63 187.59 187.55 187.57 187.53 187.42 187.47 187.46 187.48 187.31 187.37 187.39 187.42 187.35 187.46 187.52 187.55 187.52 187.56 187.57 187.59
65°N ||     187.58 187.67 187.59 187.66 187.65 187.62 187.59 187.61 187.43 187.51 187.46 187.46 187.46 187.43 187.53 187.30 187.27 187.23 187.13 187.19 187.15 187.07 187.05 187.03 187.00 186.98 186.90 186.93 186.91 186.89 186.85 186.82 186.81 186.78 186.75 186.71 186.71 186.72 186.70 186.69 186.70 186.74 186.78 186.83 186.89 186.96 187.01 187.09 187.15 187.25 187.33 187.35 187.54 187.71 187.82 187.94 188.03 188.13 188.16 188.18 188.19 188.25 188.28 188.27 188.32 188.34 188.34 188.31 188.33 188.36 188.32 188.33 188.36 188.37 188.37 188.38 188.38 188.36 188.37 188.36 188.37 188.34 188.32 188.18 187.21 184.32 187.75 188.12 188.17 188.12 188.15 188.07 188.08 187.98 187.98 187.93 187.88 187.86 187.86 187.83 187.78 187.77 187.74 187.65 187.72 187.64 187.63 187.67 187.66 187.65 187.71 187.71 187.74 187.69 187.59 187.61 187.70 187.60 187.58 187.63 187.60 187.54 187.51 187.37 187.35 187.22 187.25 187.18 187.16 187.06 187.13 187.11 187.11 187.13 187.19 187.16 187.22 187.23 187.18 187.27 187.33 187.31 187.38 187.39 187.33 187.44 187.43 187.45 187.43 187.45 187.49 187.50 187.50 187.53 187.39 187.54 187.51 187.58 187.56 187.55 187.48 187.46 187.54 187.53 187.45 187.53 187.53 187.39 187.48 187.42 187.51 187.50 187.47 187.48 187.48 187.54 187.46 187.47 187.59 187.38
67°N ||     187.65 187.64 187.68 187.65 187.64 187.72 187.67 187.63 187.66 187.63 187.50 187.53 187.57 187.47 187.49 187.44 187.43 187.40 187.38 187.37 187.24 187.29 187.19 187.15 187.15 187.06 187.14 187.11 187.05 187.02 187.01 186.94 186.96 186.89 187.09 186.83 186.83 186.83 186.81 186.83 186.85 186.89 186.97 187.00 187.05 187.13 187.21 187.32 187.39 187.49 187.60 187.73 187.83 187.95 188.06 188.15 188.24 188.29 188.34 188.38 188.39 188.38 188.35 188.33 188.33 188.33 188.32 188.33 188.36 188.34 188.35 188.35 188.34 188.37 188.37 188.35 188.34 188.30 188.37 188.35 188.34 188.32 188.25 188.22 188.22 188.14 188.13 188.14 188.12 188.14 188.09 188.04 188.04 187.97 187.95 187.90 187.87 187.84 187.82 187.75 187.70 187.75 187.72 187.64 187.66 187.66 187.67 187.63 187.60 187.53 187.57 187.68 187.72 187.68 187.65 187.66 187.58 187.63 187.62 187.61 187.58 187.49 187.52 187.47 187.41 187.36 187.34 187.23 187.17 187.15 187.10 187.04 187.05 187.05 186.99 187.10 187.10 187.12 186.93 187.16 187.20 187.26 187.27 187.23 187.25 187.26 187.14 187.33 187.31 187.34 187.32 187.41 187.39 187.42 187.44 187.43 187.44 187.46 187.46 187.50 187.39 187.40 187.40 187.46 187.44 187.44 187.52 187.52 187.53 187.49 187.53 187.49 187.56 187.54 187.46 187.50 187.51 187.62 187.59 187.63
69°N ||     187.55 187.70 187.71 187.67 187.70 187.71 187.69 187.72 187.62 187.74 187.67 187.65 187.63 187.65 187.53 187.47 187.47 187.55 187.58 187.50 187.51 187.50 187.47 187.45 187.36 187.34 187.09 187.30 187.29 187.17 187.27 187.13 187.15 187.07 187.00 186.96 186.98 186.98 186.99 187.00 187.02 187.10 187.16 187.23 187.29 187.38 187.52 187.65 187.78 187.87 187.92 187.98 188.02 188.09 188.14 188.21 188.25 188.27 188.31 188.33 188.33 188.33 188.33 188.32 188.30 188.32 188.33 188.33 188.32 188.34 188.35 188.33 188.36 188.35 188.31 188.34 188.33 188.30 188.31 188.30 188.27 188.25 188.27 188.23 188.16 188.17 188.09 188.07 188.05 188.02 188.03 187.98 187.93 187.92 187.92 187.80 187.83 187.83 187.79 187.77 187.76 187.75 187.73 187.66 187.67 187.73 187.70 187.66 187.65 187.69 187.52 187.56 187.64 187.63 187.67 187.64 187.59 187.62 187.61 187.53 187.49 187.51 187.49 187.48 187.38 187.36 187.34 187.32 187.28 187.23 187.19 187.11 187.10 187.05 187.00 186.95 186.99 187.06 187.11 187.08 187.10 187.10 187.13 187.13 187.13 187.14 187.16 187.20 187.20 187.18 187.24 187.20 187.24 187.30 187.35 187.38 187.35 187.39 187.51 187.46 187.42 187.41 187.41 187.47 187.47 187.51 187.52 187.56 187.54 187.51 187.50 187.57 187.59 187.62 187.70 187.66 187.63 187.65 187.62 187.59
71°N ||     187.70 187.76 187.80 187.74 187.70 187.76 187.38 187.67 187.74 187.75 187.66 187.70 187.72 187.68 187.75 187.77 187.76 187.70 187.80 187.63 187.55 187.65 187.65 187.61 187.54 187.51 187.45 187.38 187.42 187.32 187.35 187.37 187.38 187.27 187.35 187.36 187.27 187.27 187.30 187.32 187.28 187.41 187.45 187.49 187.57 187.63 187.71 187.82 187.88 187.96 188.02 188.06 188.07 188.05 188.10 188.12 188.13 188.16 188.19 188.19 188.17 188.21 188.21 188.23 188.29 188.26 188.27 188.29 188.33 188.30 188.32 188.31 188.30 188.32 188.29 188.27 188.27 188.29 188.27 188.24 188.21 188.21 188.19 188.15 188.11 188.10 188.07 188.06 188.03 187.96 187.90 187.85 187.88 187.90 187.83 187.83 187.80 187.78 187.77 187.73 187.68 187.65 187.63 187.61 187.66 187.68 187.66 187.62 187.64 187.63 187.67 187.62 187.60 187.61 187.56 187.60 187.55 187.53 187.46 187.52 187.42 187.48 187.46 187.37 187.38 187.37 187.35 187.34 187.30 187.24 187.20 187.21 187.16 187.14 187.07 187.08 187.03 187.00 186.97 186.95 186.90 186.89 186.92 186.95 186.98 187.01 187.06 187.08 187.14 187.13 187.18 187.17 187.16 187.18 187.25 187.23 187.32 187.37 187.41 187.43 187.44 187.38 187.47 187.48 187.49 187.54 187.52 187.55 187.45 187.57 187.57 187.55 187.50 187.60 187.63 187.66 187.72 187.62 187.68 187.67
73°N ||     187.79 187.84 187.85 187.81 187.77 187.87 187.89 187.86 187.86 187.90 187.94 187.87 187.89 187.81 187.97 187.86 187.84 187.81 187.77 187.77 187.80 187.62 187.63 187.68 187.61 187.70 187.61 187.89 187.74 187.67 187.73 187.62 187.57 187.53 187.46 187.52 187.46 187.49 187.52 187.60 187.64 187.69 187.72 187.75 187.81 187.85 187.88 187.91 187.94 187.99 188.04 188.12 188.09 188.10 188.10 188.09 188.06 188.06 188.03 188.06 188.09 188.12 188.14 188.14 188.16 188.20 188.22 188.21 188.21 188.23 188.27 188.29 188.29 188.24 188.27 188.28 188.28 188.24 188.21 188.16 188.16 188.14 188.10 188.08 188.09 188.08 188.05 188.01 187.97 187.97 187.92 187.80 187.80 187.81 187.80 187.71 187.73 187.72 187.69 187.71 187.68 187.67 187.64 187.55 187.62 187.63 187.58 187.56 187.55 187.52 187.56 187.57 187.61 187.60 187.56 187.60 187.61 187.55 187.47 187.43 187.46 187.51 187.48 187.40 187.38 187.36 187.32 187.34 187.27 187.25 187.22 187.18 187.19 187.15 187.16 187.12 187.09 187.05 187.03 187.04 187.05 187.07 187.08 187.08 187.09 187.11 187.12 187.13 187.16 187.17 187.15 187.20 187.19 187.22 187.22 187.22 187.30 187.34 187.37 187.34 187.44 187.43 187.39 187.47 187.53 187.57 187.51 187.57 187.62 187.65 187.31 187.70 187.45 186.81 187.63 187.68 187.78 187.76 187.64 187.73
75°N ||     187.78 187.87 187.82 187.86 187.87 187.96 187.85 187.92 187.93 187.93 187.97 187.91 187.92 187.99 187.92 187.96 187.96 187.82 187.88 187.92 187.88 187.95 187.99 188.04 187.93 187.80 187.82 187.83 187.64 187.71 187.73 187.69 187.79 187.83 187.88 187.76 187.72 187.73 187.67 187.77 187.76 187.79 187.87 187.86 187.86 187.82 187.88 187.92 187.95 188.02 188.05 188.06 188.06 188.07 188.08 188.15 188.06 188.05 188.07 188.09 188.13 188.16 188.19 188.19 188.19 188.17 188.16 188.17 188.20 188.15 188.22 188.22 188.22 188.22 188.21 188.23 188.19 188.19 188.13 188.15 188.10 188.10 188.05 188.13 188.03 187.98 187.94 187.91 187.90 187.90 187.85 187.83 187.81 187.76 187.77 187.75 187.81 187.68 187.65 187.63 187.61 187.61 187.60 187.57 187.58 187.60 187.60 187.57 187.53 187.58 187.55 187.52 187.57 187.56 187.55 187.53 187.51 187.53 187.46 187.47 187.46 187.44 187.38 187.46 187.46 187.42 187.34 187.32 187.32 187.25 187.30 187.27 187.27 187.24 187.18 187.19 187.16 187.15 187.14 187.13 187.11 187.16 187.16 187.07 187.12 187.15 187.18 187.18 187.15 187.15 187.17 187.20 187.22 187.23 187.25 187.25 187.27 187.33 187.36 187.40 187.40 187.45 187.45 187.51 187.53 187.52 187.53 187.56 187.59 187.63 187.63 187.68 187.64 187.81 187.82 187.84 187.85 187.84 187.81 187.75
77°N ||     187.93 187.85 187.67 187.59 187.71 187.91 187.84 187.56 187.58 187.88 187.96 187.96 187.98 187.95 187.95 187.82 187.60 187.60 187.56 187.81 187.67 187.75 188.02 188.21 187.94 187.82 187.82 187.91 187.87 187.86 187.85 187.85 187.89 187.83 187.59 187.82 187.75 187.81 187.79 187.76 187.89 187.87 187.81 187.82 187.88 187.93 187.96 187.98 188.01 188.03 188.04 188.07 187.97 188.10 188.12 188.15 188.16 188.16 188.16 188.17 188.19 187.73 187.76 188.04 188.13 188.11 188.11 188.13 188.09 188.09 188.12 188.14 188.13 188.14 188.11 188.12 188.11 188.11 188.13 188.12 188.09 188.02 188.01 187.99 187.98 187.94 187.86 187.84 187.90 187.86 187.87 187.84 187.78 187.71 187.70 187.73 187.73 187.71 187.68 187.65 187.64 187.64 187.61 187.66 187.60 187.59 187.59 187.58 187.58 187.57 187.57 187.55 187.52 187.48 187.48 187.47 187.51 187.45 187.46 187.39 187.42 187.44 187.44 187.45 187.44 187.45 187.42 187.40 187.37 187.32 187.34 187.30 187.27 187.21 187.01 187.16 187.23 187.23 187.24 187.22 187.19 187.19 187.19 187.18 187.18 187.16 187.20 187.17 187.19 187.15 187.19 187.23 187.22 187.25 187.28 187.29 187.32 187.33 187.30 187.35 187.37 187.42 187.49 187.53 187.54 187.54 187.58 187.64 187.64 187.61 187.67 187.62 187.66 187.72 187.70 187.85 187.92 187.90 187.85 187.90
79°N ||     187.74 187.64 187.65 187.73 187.74 187.71 187.68 187.68 187.71 187.70 187.71 187.60 187.78 187.75 187.77 187.83 187.83 187.86 187.86 187.82 187.81 187.89 187.88 187.90 187.94 187.96 187.91 187.75 187.80 187.72 187.76 187.79 187.82 187.83 187.80 187.85 187.82 187.89 187.88 187.87 187.89 187.91 187.91 187.88 187.84 187.86 187.88 187.91 187.93 187.99 188.04 188.01 188.04 188.06 188.09 188.10 188.07 188.11 188.15 188.14 188.17 188.19 188.18 188.19 188.17 188.17 188.21 188.18 188.13 188.09 188.06 188.04 187.99 188.01 188.01 187.91 187.88 187.91 187.98 187.99 187.91 187.95 187.83 187.49 187.70 187.92 187.11 187.25 187.72 186.82 187.10 187.49 187.27 186.99 187.38 186.86 186.98 187.44 187.25 187.03 187.11 187.16 187.24 187.53 187.56 187.50 187.54 187.55 187.56 187.55 187.54 187.53 187.52 187.52 187.48 187.49 187.47 187.47 187.45 187.30 187.68 187.28 187.41 187.39 187.37 187.40 187.37 187.35 187.35 187.35 187.35 187.35 187.33 187.34 187.33 187.33 187.34 187.33 187.29 187.30 187.28 187.25 187.20 187.21 187.21 187.15 187.09 187.10 187.13 187.17 187.19 187.16 187.23 187.26 187.26 187.32 187.30 187.34 187.33 187.34 187.37 187.42 187.44 187.50 187.51 187.55 187.53 187.53 187.56 187.65 187.64 187.66 187.67 187.71 187.72 187.68 187.68 187.78 187.78 187.76
81°N ||     187.08 187.09 187.12 187.16 187.12 187.12 187.15 187.14 187.15 187.17 187.19 187.21 187.23 187.24 187.27 187.29 187.30 187.32 187.32 187.34 187.35 187.37 187.39 187.42 187.45 187.50 187.56 187.63 187.63 187.68 187.74 187.67 187.69 187.81 187.46 187.45 187.32 187.51 187.09 187.18 187.35 187.42 187.74 187.75 187.76 187.82 187.87 187.84 187.72 187.69 187.33 187.31 187.17 187.32 187.67 187.41 187.36 187.35 187.35 187.42 187.86 187.75 187.80 187.81 187.86 187.91 187.96 187.72 187.61 187.40 187.40 187.41 187.06 187.24 187.10 186.89 186.75 186.87 186.75 186.61 186.61 186.47 186.49 186.44 186.45 186.49 186.42 186.42 186.42 186.43 186.42 186.46 186.44 186.44 186.48 186.43 186.47 186.47 186.47 186.46 186.47 186.45 186.46 186.45 186.55 186.59 186.43 186.86 186.81 187.20 187.17 186.78 186.93 187.37 187.13 187.20 187.01 187.09 187.28 186.87 186.91 186.84 186.90 186.93 187.10 187.34 186.98 187.04 187.05 187.04 187.08 187.06 187.06 187.08 187.09 187.11 187.17 187.24 187.30 187.31 187.31 187.30 187.30 187.28 187.30 187.26 187.26 187.28 187.29 187.33 187.33 187.35 187.35 187.37 187.36 187.35 187.35 187.38 187.39 187.35 187.36 187.38 187.40 187.40 187.40 187.39 187.37 187.35 187.34 187.28 187.22 187.23 187.22 187.21 187.21 187.17 187.13 187.09 187.09 187.08
83°N ||     186.83 186.83 186.84 186.84 186.84 186.83 186.84 186.85 186.86 186.87 186.89 186.92 186.93 186.94 186.96 186.99 187.02 187.02 187.08 187.08 187.11 187.12 187.12 187.11 187.11 187.07 187.17 187.15 187.13 186.73 186.69 186.56 186.69 186.76 186.60 186.72 186.55 186.56 186.59 186.56 186.48 186.56 186.46 186.43 186.43 186.46 186.46 186.45 186.48 186.51 186.57 186.65 186.79 186.84 186.60 186.65 186.56 186.50 186.50 186.57 186.51 186.91 186.86 187.41 187.53 187.67 187.78 187.85 187.83 187.60 187.39 187.14 186.94 186.80 186.74 186.62 186.57 186.52 186.48 186.47 186.45 186.44 186.43 186.42 186.42 186.42 186.42 186.43 186.44 186.44 186.44 186.45 186.45 186.46 186.47 186.48 186.49 186.50 186.51 186.52 186.53 186.56 186.57 186.59 186.61 186.62 186.63 186.64 186.62 186.55 186.50 186.49 186.46 186.46 186.44 186.45 186.50 186.52 186.46 186.42 186.43 186.42 186.47 186.42 186.43 186.43 186.45 186.44 186.42 186.43 186.43 186.42 186.43 186.47 186.46 186.48 186.50 186.43 186.45 186.45 186.49 186.67 186.70 186.75 186.99 186.96 187.17 187.30 187.32 187.29 187.27 187.25 187.25 187.25 187.29 187.31 187.29 187.28 187.23 187.21 187.19 187.18 187.16 187.13 187.11 187.09 187.06 187.03 187.02 187.00 186.98 186.97 186.95 186.93 186.92 186.91 186.88 186.86 186.84 186.83
85°N ||     186.97 186.88 186.97 187.07 187.12 187.29 186.68 186.61 186.76 186.83 186.47 186.59 186.53 186.46 186.67 186.67 186.43 186.47 186.49 186.49 186.49 186.43 186.56 186.45 186.55 186.56 186.61 186.58 186.62 186.63 186.73 186.57 186.55 186.54 186.58 186.60 186.58 186.58 186.57 186.54 186.55 186.49 186.53 186.57 186.55 186.59 186.69 186.70 186.67 186.56 186.53 186.55 186.54 186.44 186.48 186.49 186.48 186.47 186.48 186.51 186.53 186.44 186.42 186.42 186.43 186.43 186.47 186.47 186.66 186.79 186.86 186.96 186.80 186.79 186.80 186.92 187.03 187.15 187.19 187.19 187.20 187.18 186.92 186.72 186.62 186.60 186.59 186.62 186.68 186.80 187.11 187.16 186.44 186.45 186.46 186.48 186.48 186.48 186.51 186.54 186.56 186.51 186.57 186.60 186.63 186.66 186.68 186.70 186.71 186.75 186.76 186.76 186.75 186.74 186.73 186.70 186.67 186.66 186.65 186.66 186.64 186.62 186.62 186.63 186.64 186.64 186.65 186.65 186.64 186.65 186.65 186.65 186.67 186.65 186.62 186.63 186.58 186.59 186.60 186.56 186.61 186.61 186.61 186.54 186.51 186.47 186.44 186.47 186.43 186.45 186.42 186.47 186.43 186.47 186.56 186.64 186.45 186.52 186.59 186.63 186.59 186.57 186.60 186.76 186.70 186.76 186.85 187.09 186.92 187.14 186.96 186.82 186.75 186.69 186.76 186.89 186.98 186.79 186.80 186.83
87°N ||     187.12 186.91 186.99 186.94 186.81 187.01 186.96 187.07 187.27 187.34 187.33 187.30 187.20 187.14 187.25 187.40 187.42 187.39 187.44 187.45 187.42 187.26 187.29 187.66 187.63 187.64 187.53 187.49 187.43 187.41 187.38 187.56 187.72 187.62 187.72 187.91 188.03 188.03 188.06 188.04 187.90 187.95 187.76 187.81 187.91 188.15 188.18 188.22 188.14 188.04 188.04 188.04 187.99 187.94 187.75 187.52 187.49 187.39 187.32 187.31 187.39 187.48 187.50 187.53 187.55 187.56 187.59 187.55 187.50 187.42 187.09 186.97 186.98 186.93 186.82 186.93 186.72 186.83 186.85 186.79 186.85 186.91 186.94 186.94 186.84 186.96 186.87 186.69 186.89 186.71 186.99 187.12 187.07 187.18 187.32 187.34 187.26 187.29 187.19 187.22 187.33 187.50 187.49 187.36 187.36 187.58 187.62 187.68 187.75 187.78 187.81 187.72 187.82 187.80 187.77 187.73 187.70 187.62 187.69 187.38 187.79 187.74 187.68 187.59 187.36 187.24 187.54 187.57 187.44 187.43 187.29 187.48 187.79 187.80 187.80 187.81 187.80 187.72 187.56 187.54 187.53 187.49 187.46 187.51 187.41 187.40 187.35 187.44 187.56 187.73 187.59 187.74 187.51 187.61 187.84 187.82 187.76 187.20 187.42 187.24 187.46 187.04 187.03 186.86 186.87 186.82 187.00 187.15 187.13 187.09 187.09 186.99 186.92 186.89 186.86 186.76 186.93 186.97 186.90 186.96
89°N ||     188.60 188.63 188.60 188.52 188.51 188.76 188.78 188.89 188.91 188.90 188.90 188.93 188.93 188.94 188.94 188.96 188.97 189.00 188.99 189.00 189.03 189.01 188.96 189.00 189.01 188.98 189.03 189.11 189.15 189.21 189.24 189.27 189.29 189.32 189.34 189.35 189.37 189.38 189.39 189.41 189.41 189.41 189.43 189.43 189.43 189.43 189.43 189.43 189.42 189.41 189.37 189.35 189.30 189.26 189.21 189.14 189.10 189.07 189.02 189.02 189.04 188.99 188.98 188.96 188.93 188.89 188.86 188.85 188.85 188.83 188.81 188.81 188.77 188.73 188.70 188.67 188.64 188.62 188.56 188.53 188.56 188.57 188.57 188.53 188.57 188.51 188.51 188.54 188.53 188.53 188.54 188.48 188.41 188.44 188.50 188.57 188.61 188.55 188.39 188.35 188.44 188.58 188.59 188.62 188.65 188.69 188.71 188.75 188.78 188.81 188.81 188.84 188.86 188.88 188.90 188.92 188.93 188.94 188.97 188.97 188.97 188.97 188.98 188.97 188.94 188.96 188.98 189.00 189.04 189.06 189.07 189.08 189.10 189.11 189.15 189.18 189.21 189.26 189.29 189.31 189.33 189.34 189.35 189.34 189.34 189.36 189.34 189.32 189.32 189.30 189.28 189.25 189.22 189.18 189.12 189.09 189.04 188.99 189.03 189.08 189.08 189.06 189.04 189.03 189.06 189.03 189.02 189.02 188.99 188.97 188.91 188.88 188.86 188.83 188.79 188.76 188.71 188.68 188.68 188.64
