East longitude (degrees): -179:2:179
North latitude (degrees): -89:2:89

Absorbed dose on Martian Surface (1E-6 Gy/day), 2D array where Absorbed dose(i,j)= value at latitude(i) and longitude(j).
98.42 98.45 98.50 98.51 98.51 98.50 98.49 98.50 98.53 98.56 98.69 98.73 98.70 98.75 98.89 98.97 99.01 99.08 99.10 99.01 98.95 99.06 99.06 99.03 98.98 98.95 98.90 98.91 98.97 98.95 99.00 99.08 99.03 98.98 99.04 98.98 98.90 98.83 98.71 98.60 98.52 98.44 98.37 98.34 98.31 98.31 98.30 98.31 98.31 98.30 98.28 98.28 98.25 98.25 98.26 98.26 98.19 98.17 98.16 98.17 98.17 98.17 98.18 98.16 98.18 98.21 98.22 98.09 98.04 98.06 98.03 98.04 98.04 98.04 98.00 97.98 97.97 97.97 97.96 97.97 97.96 97.99 98.00 97.99 98.00 98.01 98.01 98.01 98.01 98.02 98.03 98.05 98.05 98.04 98.04 98.05 98.04 98.05 98.04 98.02 98.00 98.01 98.02 98.02 98.04 98.05 98.07 98.09 98.10 98.13 98.16 98.18 98.19 98.24 98.32 98.36 98.37 98.38 98.38 98.40 98.41 98.42 98.43 98.45 98.48 98.51 98.51 98.53 98.55 98.57 98.58 98.59 98.60 98.61 98.62 98.64 98.65 98.65 98.64 98.65 98.61 98.61 98.59 98.56 98.58 98.57 98.56 98.54 98.51 98.48 98.47 98.46 98.46 98.43 98.41 98.40 98.40 98.38 98.38 98.39 98.38 98.38 98.37 98.35 98.34 98.33 98.34 98.34 98.34 98.35 98.36 98.38 98.39 98.41 98.41 98.43 98.44 98.44 98.43 98.43
99.52 99.57 99.57 99.65 99.63 99.67 99.62 99.62 99.61 99.56 99.56 99.55 99.49 99.42 99.39 99.38 99.39 99.40 99.40 99.37 99.37 99.40 99.49 99.51 99.50 99.46 99.47 99.41 99.46 99.36 99.51 99.52 99.42 99.40 99.39 99.40 99.37 99.34 99.34 99.28 99.21 99.26 99.22 99.21 99.19 99.18 99.18 99.13 99.10 99.06 98.94 99.08 98.92 98.69 98.73 98.69 98.60 98.50 98.45 98.43 98.62 98.19 98.31 98.09 98.03 98.02 97.97 97.92 97.89 97.89 97.89 97.92 97.98 97.96 97.70 97.66 97.59 97.51 97.50 97.69 97.40 97.23 97.24 97.15 97.13 97.15 97.18 97.21 97.25 97.27 97.30 97.28 97.25 97.20 97.19 97.63 97.53 97.71 97.50 97.67 97.65 97.69 97.80 97.82 97.86 97.95 98.01 98.15 98.23 98.29 98.19 98.20 98.26 98.30 98.34 98.35 98.40 98.43 98.47 98.48 98.52 98.56 98.57 98.61 98.66 98.65 98.66 98.70 98.75 98.74 98.78 98.79 98.80 98.84 98.93 99.02 99.08 99.17 99.12 99.01 98.91 98.88 98.86 98.84 98.80 98.80 98.76 98.60 98.58 98.56 98.56 98.56 98.59 98.59 98.58 98.59 98.64 98.71 98.77 98.77 98.82 98.86 98.92 98.94 99.02 99.07 99.13 99.16 99.24 99.26 99.37 99.37 99.38 99.38 99.43 99.37 99.22 99.31 99.52 99.64
98.88 98.88 98.89 98.90 98.91 98.90 98.92 98.95 98.95 98.95 98.95 98.96 98.97 99.02 98.98 98.94 98.95 99.01 99.01 99.02 99.02 99.04 99.06 99.07 99.06 99.07 99.09 99.16 99.20 99.29 99.49 99.52 99.51 99.52 99.54 99.47 99.60 99.55 99.55 99.53 99.69 99.89 99.86 99.90 99.78 99.77 99.70 99.63 99.56 99.48 99.49 99.38 99.38 99.37 99.58 99.66 99.44 99.32 99.36 99.62 99.53 98.81 98.73 98.77 98.86 98.92 98.77 98.83 98.80 98.46 98.66 98.63 98.37 98.30 98.36 98.11 98.41 98.64 98.92 98.62 98.48 98.43 98.50 98.52 98.60 98.48 98.43 98.31 98.32 98.43 98.33 98.34 98.42 98.37 98.36 98.40 98.44 98.48 98.49 98.54 98.52 98.67 98.93 99.15 99.09 99.05 99.00 98.98 98.92 98.93 98.96 98.97 98.98 99.00 98.84 98.87 98.92 98.93 98.89 98.84 98.83 98.85 98.88 98.93 99.00 99.05 99.05 99.01 99.01 98.97 98.95 98.93 98.90 98.91 98.93 98.99 99.31 99.90 100.09 99.96 99.65 99.49 99.41 99.44 99.18 99.04 98.98 98.91 98.94 98.98 98.90 98.92 98.95 99.02 99.12 99.15 99.17 99.18 99.17 99.17 99.16 99.06 98.97 98.93 98.91 98.97 99.00 99.04 99.11 99.22 99.08 99.11 99.08 99.05 99.01 98.99 98.97 98.97 98.90 98.88
98.89 98.90 98.91 98.92 98.93 98.93 98.94 98.96 98.97 98.99 99.00 99.02 99.04 99.06 99.05 99.06 99.07 99.09 99.12 99.14 99.16 99.18 99.20 99.23 99.26 99.29 99.32 99.36 99.43 99.50 99.47 99.39 99.38 99.36 99.42 99.49 99.49 99.47 99.52 99.57 99.44 99.45 99.47 99.48 99.51 99.54 99.52 99.85 99.92 99.98 99.92 99.93 99.89 99.90 99.92 99.90 99.86 100.05 100.08 100.05 99.75 99.98 99.92 99.83 100.04 99.82 99.82 99.80 100.08 99.86 100.08 100.27 100.39 100.41 100.33 100.23 100.24 100.22 100.25 100.34 100.34 100.33 100.23 100.26 100.27 100.21 100.18 100.17 100.22 100.22 100.04 100.03 100.09 100.28 100.04 99.99 99.93 99.89 99.88 99.74 99.85 99.51 99.59 99.43 99.66 99.79 99.81 99.66 99.58 99.58 99.59 99.65 99.78 99.81 99.85 99.82 99.61 99.61 99.57 99.56 99.52 99.51 99.34 99.29 99.32 99.36 99.35 99.27 99.27 99.34 99.31 99.31 99.41 99.42 99.53 99.83 100.22 100.18 100.19 100.19 100.19 99.60 99.53 99.55 99.53 99.60 99.57 99.53 99.51 99.51 99.47 99.40 99.34 99.30 99.27 99.20 99.16 99.19 99.36 99.55 99.80 99.93 99.67 99.38 98.97 98.97 98.79 98.75 98.73 98.74 98.82 98.94 99.21 99.19 99.02 98.90 98.85 98.84 98.85 98.87
99.04 99.09 99.09 99.17 99.03 99.08 99.10 99.13 99.16 99.20 99.23 99.28 99.37 99.40 99.28 99.28 99.31 99.34 99.37 99.39 99.42 99.45 99.46 99.49 99.51 99.54 99.58 99.60 99.62 99.65 99.68 99.76 99.75 99.77 99.84 99.81 99.70 99.73 99.72 99.74 99.84 99.76 99.60 99.63 99.55 99.48 99.53 99.64 99.69 99.63 99.74 99.69 99.85 100.34 100.12 100.24 100.41 100.15 100.37 100.30 100.12 100.20 100.25 100.23 100.22 100.19 100.22 100.24 100.21 100.17 100.23 100.15 100.05 100.08 100.11 100.11 100.06 100.06 100.07 100.12 100.36 100.07 99.97 99.93 99.91 99.92 99.92 99.94 99.93 99.92 99.91 99.93 99.85 99.73 99.59 99.37 98.87 98.34 99.02 99.09 99.42 99.61 99.55 99.61 99.77 99.87 99.94 100.05 100.03 99.96 99.85 100.00 100.06 100.12 100.12 100.16 100.17 100.21 100.19 100.19 100.18 100.19 100.16 100.13 100.12 100.13 99.94 99.95 99.99 100.03 100.06 100.16 100.19 100.24 100.26 100.25 100.24 99.93 99.50 99.39 99.36 99.33 99.31 99.40 99.45 99.45 99.41 99.49 99.54 99.59 99.66 99.70 99.75 99.63 99.69 99.81 99.89 99.72 99.64 99.66 99.89 99.76 99.61 99.61 99.68 99.64 99.86 99.51 99.08 98.91 98.92 99.01 99.09 99.21 99.37 99.00 99.07 99.07 98.95 98.99
99.22 99.25 99.26 99.33 99.32 99.30 99.30 99.32 99.34 99.44 99.37 99.42 99.46 99.47 99.52 99.60 99.56 99.68 99.52 99.63 99.57 99.59 99.58 99.82 100.04 99.52 99.76 100.01 99.92 99.98 99.94 99.95 99.94 99.95 99.98 99.99 99.99 99.99 99.94 99.93 99.93 99.81 100.12 100.18 99.70 99.81 99.81 99.74 99.73 99.86 99.99 99.88 100.24 100.17 100.21 100.31 100.42 99.79 100.13 99.86 100.25 100.13 99.81 100.05 100.06 100.22 100.25 100.22 100.21 100.20 100.18 100.19 100.19 100.20 100.19 100.17 100.19 100.21 100.20 100.10 100.16 100.25 100.10 100.08 100.10 100.23 100.02 100.14 100.04 100.06 100.10 100.04 100.02 99.85 99.29 99.31 99.03 99.37 99.70 99.84 99.77 99.90 99.91 99.94 99.98 100.08 99.99 100.04 99.91 100.05 99.83 99.98 99.90 99.90 99.72 99.67 100.04 100.12 100.24 100.27 100.29 100.28 100.30 100.29 100.31 100.29 100.27 100.29 100.28 100.30 100.27 100.26 100.30 100.29 100.29 100.30 100.33 100.33 100.30 100.31 100.30 100.32 100.17 99.97 100.07 99.78 99.52 99.52 99.51 99.46 99.49 99.55 99.76 100.31 100.24 99.80 99.69 99.97 99.35 99.35 99.68 99.38 99.21 99.13 99.09 99.15 99.06 99.27 99.12 99.10 99.10 99.14 99.20 99.03 98.98 99.05 99.11 99.17 99.17 99.18
99.65 99.50 99.47 99.45 99.40 99.55 99.53 99.72 99.70 99.72 99.71 99.73 99.90 99.80 99.77 99.81 99.86 99.86 99.92 99.83 99.80 99.83 99.80 99.86 99.83 99.90 100.00 100.04 99.96 100.02 100.00 100.02 100.02 100.02 100.02 100.03 100.01 100.03 100.02 100.03 100.02 100.04 100.00 99.93 99.90 99.79 99.52 99.88 99.48 99.63 100.04 99.95 99.88 99.61 99.71 99.83 99.92 99.89 99.97 99.96 100.10 100.19 100.10 100.14 100.24 100.25 100.25 100.27 100.27 100.26 100.24 100.24 100.21 100.22 100.21 100.21 100.20 100.16 100.06 100.08 100.05 99.98 99.94 99.86 100.00 100.11 100.04 100.06 99.95 100.02 100.03 100.01 99.83 99.75 99.68 99.57 99.25 99.01 99.68 100.21 100.36 100.42 100.41 99.89 100.02 99.95 99.97 100.05 99.91 100.07 99.94 99.91 99.89 100.09 100.26 100.18 99.92 99.85 99.64 99.52 99.47 99.26 99.17 99.47 99.77 100.02 100.17 100.16 100.12 100.02 99.74 100.03 100.10 99.80 100.08 100.17 100.31 100.26 100.14 100.08 99.93 99.95 99.83 100.05 100.34 100.31 100.24 100.18 99.83 99.85 99.89 99.49 99.84 100.01 100.00 99.56 99.36 99.40 99.27 99.28 99.32 99.23 99.22 99.36 99.29 99.26 99.32 99.37 99.39 99.37 99.32 99.37 99.49 99.31 99.32 99.35 99.45 99.54 99.59 99.49
99.76 99.81 99.70 99.77 99.67 99.67 99.73 100.06 99.85 99.81 100.27 100.41 99.92 99.99 99.99 100.04 99.93 99.99 99.98 99.89 99.89 100.01 100.01 100.09 100.02 100.05 100.07 100.09 100.07 100.06 100.06 100.05 100.06 100.04 99.82 100.01 100.02 100.02 100.01 100.01 99.98 99.96 99.97 99.97 100.00 100.03 100.00 99.96 99.86 99.81 99.86 99.60 99.53 99.74 100.01 100.06 100.04 100.19 100.26 100.28 100.30 100.29 100.27 100.25 100.24 100.24 100.23 100.14 100.22 100.18 100.12 100.05 100.03 99.95 99.93 99.97 99.93 100.02 99.94 99.96 99.99 100.01 100.05 99.97 100.13 100.02 100.02 100.09 100.01 100.01 99.96 99.81 99.75 99.91 99.98 99.99 99.99 99.99 100.02 99.95 99.87 99.91 99.91 99.89 100.03 100.06 100.06 99.98 99.97 99.92 99.87 99.79 99.55 99.64 99.73 99.45 99.66 99.59 99.48 99.57 99.44 99.40 99.78 99.93 99.84 99.75 100.30 99.63 99.73 99.74 99.80 100.03 99.98 99.92 99.89 99.78 99.93 99.43 99.22 98.99 98.95 99.33 100.41 100.34 100.38 99.82 100.14 99.83 100.20 100.34 100.28 100.25 100.22 100.23 100.26 99.72 99.13 99.09 99.08 99.08 99.06 99.14 99.49 99.43 99.52 99.19 99.22 99.33 99.37 99.36 99.40 99.41 99.43 99.56 99.57 99.60 99.67 99.63 99.66 99.69
100.28 99.74 100.07 100.07 100.02 99.87 100.21 100.08 100.09 100.08 99.87 99.71 100.14 99.83 99.96 100.05 100.03 100.02 99.99 99.92 99.85 99.66 100.17 99.56 99.69 100.11 99.99 99.98 99.99 100.02 100.03 100.02 100.07 99.89 99.86 99.70 99.82 100.01 99.95 99.99 99.99 100.01 99.96 99.99 100.01 100.02 100.02 99.91 100.17 100.57 100.57 100.63 100.62 99.94 100.20 100.21 100.29 100.32 100.33 100.34 100.35 100.34 100.31 100.27 100.29 100.12 100.19 100.28 100.29 100.30 100.27 100.15 100.05 100.10 100.04 99.99 99.96 100.02 100.12 99.94 99.95 99.96 99.98 100.13 100.06 100.17 100.23 100.21 100.16 100.19 100.03 100.01 99.84 100.02 100.01 100.06 100.14 100.15 100.15 100.14 100.15 100.15 100.19 100.17 100.13 100.10 100.16 99.94 99.91 99.84 99.60 99.42 99.55 99.79 100.00 99.86 99.96 99.91 99.96 99.78 99.85 99.66 99.55 99.50 99.67 99.64 99.82 99.84 99.98 99.95 99.93 99.98 99.99 100.04 100.08 100.08 100.07 100.13 99.97 99.78 99.99 99.29 99.41 99.74 99.79 99.81 99.85 99.97 100.25 100.15 100.05 99.61 100.01 100.24 100.36 100.41 100.13 99.61 99.14 99.37 99.22 99.39 99.65 99.67 99.31 99.46 99.69 99.77 99.68 99.87 100.25 100.14 99.95 99.88 99.88 99.85 99.92 99.82 99.84 100.23
100.19 100.22 100.28 100.31 100.35 100.42 100.48 100.45 100.46 100.46 100.46 100.14 99.80 99.62 99.25 99.26 99.63 99.72 100.24 99.84 99.87 99.78 99.66 99.70 100.57 100.00 100.01 100.02 99.96 99.85 99.89 99.84 99.84 99.94 99.90 99.89 99.85 100.01 99.93 99.95 100.02 99.94 100.01 99.97 100.00 100.01 99.88 99.78 99.82 100.25 100.56 100.51 100.65 99.82 100.24 100.31 100.34 100.37 100.34 100.35 100.38 100.24 100.18 100.24 100.29 100.33 100.35 100.28 100.29 99.87 100.01 100.11 100.04 100.12 99.98 100.06 99.98 99.75 99.65 99.57 99.52 100.02 100.02 100.02 100.11 100.12 100.19 100.10 100.22 100.16 100.37 100.33 100.15 100.19 100.19 100.11 100.07 99.76 100.06 100.20 100.26 100.14 100.15 100.16 100.15 100.17 100.01 99.56 99.71 99.89 99.91 99.97 99.98 100.06 100.08 100.04 100.16 100.07 100.14 100.18 100.14 100.23 100.24 100.15 100.20 100.06 99.75 99.87 100.42 100.41 99.96 100.04 99.92 99.28 99.74 99.85 99.90 99.65 99.51 99.68 99.85 99.59 100.02 100.12 100.25 100.26 100.24 100.10 100.10 100.19 100.32 100.28 100.38 100.30 100.61 100.68 100.65 100.52 100.35 100.24 100.34 100.26 100.15 100.31 100.38 100.35 100.34 100.26 100.19 100.40 100.21 100.34 100.29 100.29 100.04 100.03 100.06 100.10 99.91 100.16
99.88 99.92 100.10 100.23 100.02 100.67 100.60 100.45 100.52 100.51 100.48 100.38 100.08 100.12 99.89 99.97 99.38 99.48 99.68 99.92 100.10 99.98 99.82 99.75 99.71 100.05 99.93 100.01 99.81 100.09 99.62 99.66 99.61 99.77 99.80 99.85 100.00 100.02 100.07 100.07 100.10 100.07 100.06 100.09 100.10 100.36 100.00 100.16 100.16 100.16 100.19 100.26 100.26 100.32 100.33 100.30 100.32 100.34 100.25 100.25 100.16 100.34 100.32 100.39 100.33 100.23 99.95 99.98 100.02 100.02 99.99 100.04 100.04 100.14 100.19 100.28 100.19 99.93 99.66 99.81 99.88 100.10 100.10 99.91 99.91 99.81 99.85 99.83 99.97 100.10 100.12 100.18 99.71 100.20 100.24 100.20 100.26 100.26 100.25 100.27 100.25 100.23 100.26 100.22 100.12 99.97 99.63 100.18 100.27 100.22 100.14 100.05 100.10 100.05 100.12 99.89 99.87 100.14 100.32 100.40 100.48 100.42 100.44 100.47 100.46 100.43 100.27 100.08 99.95 99.94 100.14 100.08 100.05 100.02 100.43 99.89 99.26 99.47 99.52 99.60 99.71 99.71 99.52 99.59 99.86 100.09 100.15 100.02 100.24 100.29 100.29 100.33 100.11 99.21 100.29 100.61 100.54 99.52 100.61 100.57 100.54 100.43 100.39 100.35 100.23 100.10 99.97 100.00 99.63 99.48 99.97 100.26 100.22 100.12 100.05 99.97 99.92 99.87 99.98 99.96
100.56 99.83 99.69 100.08 100.11 100.17 100.19 100.46 100.47 100.52 100.54 100.54 100.46 100.39 100.21 100.05 99.87 99.62 99.56 99.39 99.38 99.22 99.41 99.43 99.64 99.63 99.56 99.50 99.76 99.35 99.35 99.36 99.67 100.46 99.66 99.80 99.82 100.20 100.02 100.04 100.09 100.08 100.07 100.08 100.09 100.12 100.10 100.16 100.17 100.15 100.17 100.22 100.24 100.25 100.21 100.29 100.37 100.31 100.34 100.30 100.05 100.24 100.35 100.35 100.23 100.12 100.84 100.84 100.69 100.02 100.09 100.11 100.14 100.23 100.31 100.13 99.96 99.68 99.72 99.56 99.73 99.75 99.93 99.91 100.08 100.03 100.09 100.11 100.10 100.11 100.14 100.22 100.18 100.25 100.23 100.28 100.23 100.21 100.21 100.13 100.13 99.79 99.68 99.70 99.52 99.81 100.41 100.62 100.60 100.43 100.38 100.19 100.22 100.06 100.13 100.09 100.27 100.34 100.46 100.47 100.47 100.46 100.49 100.48 100.45 100.54 100.54 100.59 100.60 100.39 100.04 99.71 99.99 100.08 99.70 99.60 99.53 99.31 99.60 99.18 99.33 99.55 99.56 100.03 99.90 99.87 99.61 99.79 100.02 100.18 100.32 100.38 100.26 100.34 100.40 100.42 100.43 100.40 100.28 100.36 100.34 100.36 100.26 100.15 100.27 100.24 100.24 100.23 100.19 99.97 100.27 100.14 100.11 100.00 99.75 100.06 99.73 99.72 99.74 99.98
99.88 99.67 99.49 99.74 99.77 100.23 100.28 100.48 100.45 100.48 100.47 100.52 100.52 100.51 100.47 100.37 100.30 100.26 100.20 100.02 99.75 99.67 99.71 99.58 99.78 99.74 99.56 99.95 99.87 99.57 99.44 99.62 99.50 99.64 99.75 99.83 99.85 99.89 99.91 100.02 100.04 100.09 100.11 100.12 100.16 100.18 100.17 100.17 100.18 100.18 100.13 100.08 100.05 100.12 100.21 100.27 100.27 100.28 100.22 99.78 100.29 100.37 100.45 100.54 100.24 100.38 100.36 100.37 100.14 100.11 100.22 100.16 100.20 100.26 100.36 100.30 100.07 99.99 99.79 99.61 99.63 99.79 100.22 99.97 100.06 100.09 100.09 100.05 99.93 100.13 100.13 100.16 100.14 100.22 100.12 100.24 100.35 100.28 100.15 100.19 100.07 100.09 100.02 99.97 99.77 99.93 99.86 99.99 100.05 100.00 99.99 99.93 100.00 100.26 100.40 100.60 100.59 100.52 100.45 100.41 100.41 100.49 100.56 100.54 100.60 100.58 100.56 100.58 100.58 100.61 100.18 100.14 100.11 100.04 100.67 99.77 99.73 99.78 100.00 99.41 99.38 99.39 99.65 99.67 99.70 99.47 99.38 100.03 99.87 99.74 100.19 100.14 100.08 100.32 100.31 99.55 99.88 99.98 100.27 100.12 99.80 99.88 100.25 100.06 100.17 100.30 100.22 100.26 100.24 100.21 100.03 99.97 99.87 99.52 100.05 100.17 99.95 99.86 99.64 99.57
99.85 99.84 100.04 99.69 99.54 99.80 100.11 100.17 100.32 100.28 100.42 100.33 100.49 100.43 100.44 100.37 100.41 100.42 100.37 100.11 99.80 99.78 99.62 99.68 99.62 99.71 99.71 99.60 99.57 99.61 99.58 99.67 99.81 99.82 99.80 99.66 99.55 99.75 99.98 99.83 100.08 99.91 99.80 100.02 100.05 100.03 99.93 100.10 100.07 100.05 99.94 99.97 100.12 100.34 100.21 99.86 100.09 100.39 100.32 100.34 100.32 100.31 100.38 100.49 100.65 100.54 100.22 100.57 100.15 100.40 100.29 100.19 100.21 100.15 100.19 100.44 100.51 100.47 100.43 100.23 100.13 99.94 99.99 99.99 100.00 100.03 100.10 100.11 100.12 100.10 100.10 100.11 100.17 100.14 100.17 100.08 100.15 100.19 100.11 100.24 100.25 100.10 100.14 100.24 100.16 100.03 99.93 99.81 99.84 99.73 100.00 100.08 100.26 100.52 100.69 100.71 100.72 100.64 100.56 100.53 100.51 100.49 100.52 100.54 100.63 100.66 100.62 100.60 100.61 100.62 100.53 100.27 100.20 100.32 100.11 99.85 99.68 99.77 99.68 99.20 100.20 99.53 99.85 99.79 99.78 99.60 99.50 99.39 99.23 99.50 99.78 100.00 99.89 99.93 100.11 100.29 100.41 100.42 100.28 100.21 99.94 99.98 100.09 100.06 99.97 99.45 99.43 99.65 99.94 100.10 100.17 100.20 100.10 100.24 100.21 99.70 99.95 100.01 99.97 100.08
100.27 99.70 99.46 99.82 100.01 100.13 100.12 99.73 99.80 99.93 99.66 99.81 100.13 99.79 100.69 99.84 100.08 100.05 100.34 100.17 100.11 100.08 100.09 99.71 99.60 99.48 100.08 99.91 99.58 99.65 99.93 100.12 100.14 100.07 100.05 99.88 99.66 99.77 99.72 99.70 99.97 99.56 99.83 100.02 99.86 99.27 100.16 100.25 100.28 100.25 100.23 100.31 100.30 100.12 99.90 100.43 100.43 100.32 100.44 100.44 100.41 100.33 100.39 100.44 100.58 100.72 100.62 100.34 100.65 100.66 100.58 100.44 99.99 100.38 100.48 100.23 100.22 100.27 100.19 100.03 99.54 99.56 99.96 100.11 99.99 99.95 99.88 100.05 100.13 100.11 100.15 100.11 100.12 100.22 100.17 100.21 100.19 100.10 100.17 100.23 100.26 100.19 100.16 100.15 99.85 100.16 100.12 100.14 100.16 100.23 100.29 100.34 100.40 100.49 100.60 100.63 100.44 100.42 100.44 100.33 100.82 100.63 100.38 100.49 100.58 100.61 100.69 100.71 100.60 100.68 100.80 100.71 99.62 100.62 100.54 100.42 99.79 99.89 99.87 100.09 99.63 99.55 99.49 99.55 99.59 99.53 99.53 99.38 99.52 99.50 99.69 99.68 99.72 99.77 99.80 100.35 100.62 100.59 100.58 100.51 100.41 100.28 100.15 100.01 99.96 99.73 99.49 99.63 99.70 99.08 99.56 100.00 100.08 99.92 99.32 99.54 99.67 100.18 100.20 100.18
100.34 100.03 99.90 100.07 100.10 100.00 99.22 99.66 99.78 99.63 99.94 99.65 99.78 99.26 99.88 100.13 99.99 100.08 99.90 100.06 100.15 100.16 99.99 99.90 99.39 99.64 99.76 99.80 100.05 99.65 99.80 100.19 100.24 100.06 100.21 100.07 99.76 99.44 99.34 99.43 99.62 99.99 100.19 100.18 100.14 99.95 100.24 100.33 100.43 100.42 100.43 100.43 100.45 100.46 100.31 100.21 100.29 100.20 100.38 100.46 100.31 100.16 100.52 100.50 100.15 100.72 100.17 100.53 100.67 99.93 100.11 100.48 100.78 100.36 100.62 100.29 100.30 100.14 100.01 100.01 99.68 99.76 99.95 99.82 99.85 100.10 100.01 99.99 100.21 99.53 100.04 100.18 100.22 100.17 100.39 100.07 100.03 100.05 100.55 100.02 99.98 100.21 100.13 100.15 100.19 100.23 100.22 100.19 100.19 100.36 100.42 100.52 100.55 100.56 100.49 100.34 100.37 100.42 100.25 100.02 100.04 100.08 100.42 100.60 100.75 100.79 100.81 100.79 100.81 100.86 100.79 100.77 100.66 100.59 100.60 100.47 100.18 99.53 99.18 99.36 100.49 100.38 99.16 99.17 99.99 99.37 99.44 99.04 99.44 99.70 99.41 99.47 99.78 100.15 100.30 100.41 100.50 100.47 100.51 100.51 100.49 100.44 100.37 100.27 100.02 99.81 99.60 99.55 99.67 99.53 100.12 99.12 99.61 99.75 99.57 99.98 100.12 100.01 100.18 100.26
100.23 100.25 100.34 100.48 100.24 99.47 99.73 99.63 99.36 99.40 99.47 100.44 99.44 99.53 99.28 99.34 99.76 100.05 99.77 99.68 100.38 99.71 99.74 99.73 99.25 99.67 99.83 99.82 99.79 99.29 98.96 100.19 100.05 100.10 100.08 99.90 99.99 99.64 99.51 99.55 99.43 99.81 99.96 100.05 100.11 99.94 99.67 99.63 100.15 100.43 100.45 100.48 100.39 100.38 100.24 99.87 99.78 99.80 99.68 99.62 100.03 100.73 100.27 99.95 100.65 100.83 100.76 100.25 100.99 99.13 100.89 100.29 100.06 100.41 100.18 100.64 100.74 100.62 100.44 100.77 100.78 100.37 99.98 100.03 100.16 100.01 100.04 99.90 99.87 100.06 100.11 100.16 100.00 99.82 99.84 99.81 99.82 99.88 100.12 99.88 99.73 99.82 99.81 99.86 99.86 100.21 100.24 100.34 100.43 100.50 100.57 100.63 100.69 100.72 100.69 100.59 100.65 100.65 100.71 100.60 100.57 100.65 100.80 100.88 100.93 100.92 100.93 100.93 100.93 100.96 100.87 100.83 100.76 100.81 100.78 100.73 100.69 100.47 99.40 100.04 100.53 100.66 99.49 99.61 99.94 99.81 99.58 99.43 99.41 99.66 99.95 100.05 100.12 99.96 100.21 100.09 100.36 100.06 99.57 99.72 100.39 100.44 100.40 100.22 99.96 99.76 99.60 99.59 99.65 99.58 99.37 99.27 99.59 99.65 100.22 99.63 99.64 99.72 99.90 100.19
100.28 100.30 100.37 100.40 100.05 100.01 99.96 99.69 99.57 99.90 99.86 99.79 99.69 99.77 99.56 99.70 100.02 99.96 99.95 99.90 99.55 99.09 99.10 100.37 99.08 99.68 99.90 99.90 99.88 99.70 99.55 100.10 100.08 99.99 100.08 99.86 99.69 99.51 99.25 99.18 99.26 99.19 99.16 99.31 99.82 99.62 99.52 99.77 100.12 100.28 100.42 100.44 100.45 100.17 99.92 99.35 99.60 99.32 99.55 100.58 99.93 100.82 100.88 100.67 100.08 101.06 101.03 101.07 101.03 101.04 101.04 100.91 99.82 100.20 100.73 100.36 100.29 100.67 100.59 100.54 100.27 100.10 100.18 100.16 100.11 100.02 100.02 99.87 99.94 99.76 99.93 100.05 100.19 100.01 100.06 100.29 100.66 100.08 100.06 100.12 100.11 100.06 99.71 99.81 99.73 99.90 100.33 100.39 100.51 100.61 100.68 100.73 100.81 100.86 100.86 100.90 100.92 100.94 100.95 101.00 101.07 101.12 101.13 101.18 101.27 101.12 101.06 101.05 101.22 100.99 100.94 100.91 100.88 100.80 100.86 100.83 100.13 100.55 100.47 100.27 100.15 100.03 100.09 100.10 99.35 99.64 99.73 99.72 99.94 100.13 100.33 100.33 100.63 100.49 100.05 100.17 100.29 99.49 99.61 100.45 100.28 100.15 100.03 100.04 99.79 99.68 99.79 99.92 100.08 99.93 99.90 99.48 99.97 99.72 99.58 99.65 99.82 100.07 100.09 100.24
100.31 100.07 100.11 100.47 100.58 99.61 100.11 100.20 100.19 100.06 100.14 99.80 99.66 99.91 99.91 99.90 99.70 99.95 99.88 99.94 99.85 99.38 99.14 99.93 99.63 99.82 100.48 99.80 99.93 99.80 100.01 99.93 99.93 100.06 99.96 99.95 99.92 99.36 99.13 99.11 99.03 99.14 99.49 99.65 99.81 99.90 100.01 99.98 100.47 100.78 99.77 99.81 100.02 99.87 99.96 100.30 100.19 99.74 99.68 100.27 99.91 100.86 100.88 100.91 101.15 101.09 101.04 101.05 101.06 101.06 101.06 101.03 100.96 100.88 100.56 100.47 100.60 100.73 100.37 100.49 100.58 100.49 100.42 100.31 100.18 100.63 100.25 100.02 100.11 100.14 99.96 99.92 99.85 100.14 99.80 99.70 99.92 99.98 100.05 99.97 100.08 100.14 99.87 99.39 100.21 100.06 100.20 100.39 100.47 100.52 100.73 100.79 100.88 100.92 100.94 100.98 101.09 101.14 101.47 101.98 102.43 102.80 102.98 103.05 103.08 102.68 102.54 102.61 102.62 102.51 101.75 100.99 100.99 101.04 100.85 100.89 100.90 100.82 100.30 100.29 100.38 100.08 100.12 99.88 99.97 100.38 99.89 99.88 99.93 99.77 99.96 100.19 100.41 100.50 100.76 100.33 100.25 99.29 100.46 100.24 100.34 100.35 100.35 100.13 99.95 99.91 99.69 99.93 99.51 99.90 100.04 99.59 99.19 99.19 99.61 100.02 100.07 100.14 100.28 100.31
100.25 100.14 99.91 99.97 100.35 100.24 100.17 99.64 100.31 99.99 99.75 99.93 99.83 100.00 99.89 99.81 99.88 99.39 99.77 99.83 99.68 99.42 99.07 98.94 98.69 99.63 99.38 99.67 99.88 99.89 99.80 99.93 99.72 99.62 99.78 99.57 99.60 99.50 99.29 98.71 98.69 98.58 98.88 99.65 99.80 99.93 100.00 99.75 100.51 100.73 99.68 99.67 99.35 99.16 99.88 100.52 100.63 100.62 100.07 99.67 99.63 99.79 100.89 101.01 101.09 101.03 101.08 101.06 101.06 101.05 101.06 101.10 100.96 100.96 100.99 101.07 100.59 100.62 100.43 100.45 100.53 100.48 100.25 100.13 99.99 100.30 99.85 99.94 100.10 100.08 100.05 100.10 100.17 100.22 100.05 99.79 99.88 99.95 100.00 99.75 100.13 99.96 99.76 100.06 99.98 100.09 100.31 100.47 100.59 100.62 100.82 100.88 100.90 100.96 101.01 101.16 101.50 102.06 102.66 103.39 103.65 104.03 104.18 104.39 104.38 104.40 104.22 104.23 104.11 103.91 104.22 103.66 101.54 101.44 101.10 100.93 100.71 100.07 99.44 100.55 100.34 99.93 100.50 99.83 99.47 99.65 99.90 100.27 100.10 100.15 100.38 100.39 100.31 100.23 99.82 100.23 100.25 100.34 100.29 100.31 100.27 99.95 100.04 100.29 100.25 100.11 99.75 100.23 99.96 100.19 99.93 99.64 99.95 99.52 99.61 99.82 99.92 100.09 100.14 100.23
99.62 99.81 99.71 100.00 100.49 100.60 100.67 100.18 100.20 99.50 99.83 99.50 99.48 99.37 99.60 99.46 99.41 99.44 98.89 99.09 99.34 99.54 98.96 98.84 99.35 99.18 99.46 99.87 99.85 99.84 99.69 99.86 99.60 98.67 98.65 98.77 99.03 99.02 99.06 98.67 98.53 98.60 98.74 99.41 99.67 99.81 99.84 99.83 99.78 99.70 99.57 99.33 98.99 98.86 99.08 99.43 100.19 100.24 99.80 99.66 100.73 100.83 100.88 100.93 101.04 101.15 101.07 101.07 101.06 101.10 101.11 101.04 100.99 100.71 100.82 100.44 100.42 100.60 100.39 100.46 100.46 100.42 100.27 100.05 100.06 99.77 99.88 100.68 100.30 100.07 99.92 100.04 100.40 100.40 100.08 99.88 99.49 100.19 99.75 99.75 99.74 99.76 99.96 100.20 100.26 100.04 100.02 100.48 100.59 100.72 100.60 100.83 100.95 101.04 101.47 102.07 102.70 103.12 103.72 104.11 104.70 105.07 104.71 104.69 103.84 104.34 104.43 104.54 104.42 104.38 104.41 104.42 104.17 103.66 102.29 101.41 100.91 100.66 100.82 100.62 100.73 100.37 99.70 100.08 100.18 99.52 100.00 99.83 100.17 100.26 99.79 100.12 100.11 100.07 99.98 100.26 100.12 99.98 99.74 99.76 98.84 99.45 100.01 99.89 99.68 100.07 100.31 100.47 100.08 100.47 100.41 100.22 100.18 99.84 99.52 99.20 99.36 99.53 99.80 99.91
99.45 99.83 99.65 99.62 100.11 100.48 100.04 99.67 100.05 99.74 99.51 99.60 98.81 99.85 98.97 99.16 98.51 98.70 99.31 99.15 99.53 99.04 99.33 99.57 99.53 99.84 99.38 99.65 99.79 99.76 99.76 99.75 99.80 99.16 99.00 99.11 99.34 99.38 99.37 99.14 98.80 98.71 99.00 99.09 98.98 99.48 99.49 99.56 99.40 99.43 99.18 99.06 98.79 98.81 98.76 99.05 99.32 99.30 99.72 100.06 99.38 100.58 100.35 100.85 100.86 101.08 101.14 101.13 101.11 101.14 101.12 101.06 101.01 100.72 100.85 100.84 100.45 100.41 100.28 99.93 100.37 100.22 100.16 100.12 99.90 99.93 99.76 99.94 100.16 100.08 100.15 100.16 100.48 100.13 99.98 99.47 99.72 99.62 99.85 100.25 99.74 99.48 99.68 99.92 100.49 100.50 100.26 100.45 100.68 100.65 100.58 100.73 100.92 100.97 102.67 103.84 104.26 104.96 105.35 104.69 104.28 104.54 104.87 104.78 104.41 104.13 103.92 104.29 104.47 104.37 104.39 104.20 104.22 104.13 103.59 102.57 101.61 100.98 100.88 100.83 100.78 100.72 100.39 100.09 100.46 100.44 100.06 100.31 100.26 100.25 100.25 99.82 99.69 99.97 99.66 99.88 99.91 99.47 99.19 99.73 100.27 100.34 99.67 99.60 99.97 100.35 100.25 100.37 100.48 100.42 100.38 100.33 99.73 99.73 99.50 99.91 99.67 99.55 99.83 99.74
99.86 99.92 99.81 99.85 100.05 100.02 100.10 100.13 100.21 99.59 99.39 99.82 99.41 99.26 99.32 99.33 100.05 99.27 99.58 99.68 99.50 99.72 100.14 99.41 99.69 99.88 99.74 99.64 99.64 99.59 99.48 99.55 99.48 99.31 99.31 99.27 99.29 99.32 99.40 99.41 99.14 99.06 99.21 99.13 99.11 99.28 99.28 99.11 98.97 98.82 98.76 98.77 98.74 98.37 98.23 99.16 99.51 99.63 99.93 100.14 100.36 100.34 100.58 100.66 100.57 100.97 101.03 101.66 101.55 101.24 101.17 101.10 100.95 100.90 100.82 100.88 100.33 100.29 100.27 100.76 100.04 100.18 99.98 99.95 99.90 99.82 99.82 100.18 100.17 100.10 100.01 100.07 100.21 100.06 99.91 99.98 99.72 99.74 99.71 100.23 99.08 99.62 99.79 99.85 100.29 99.86 100.29 100.44 100.57 100.59 100.65 100.62 100.92 101.55 103.92 104.38 105.28 105.39 104.81 105.17 104.97 105.20 105.04 105.03 104.82 105.17 105.29 104.42 104.28 104.74 104.38 104.28 104.28 104.15 103.57 103.24 102.08 101.08 100.93 100.88 100.78 100.83 99.50 100.47 100.48 100.29 100.37 100.16 100.01 100.28 100.03 99.86 100.05 99.84 99.89 99.63 99.44 99.51 99.08 98.46 99.45 99.31 99.74 100.36 100.42 100.36 99.99 100.45 100.08 100.13 100.34 100.27 99.72 99.75 99.77 99.12 99.16 99.64 99.79 99.71
100.27 99.67 100.35 100.06 100.26 100.01 100.10 100.07 99.89 99.69 99.38 99.44 99.28 99.11 99.40 99.42 99.73 99.79 99.69 99.67 99.25 99.44 99.61 99.61 99.37 99.65 99.73 99.73 99.17 99.41 99.28 99.49 99.52 99.11 99.21 99.19 99.21 99.30 99.45 99.53 99.03 98.83 97.96 98.02 98.74 99.08 98.96 98.76 98.79 98.57 98.48 98.50 98.44 98.54 98.59 99.22 99.31 99.44 99.56 99.87 99.87 99.95 100.27 99.92 100.78 100.73 100.93 100.95 100.97 100.99 100.96 100.96 100.79 100.90 100.85 100.41 100.34 100.46 100.37 100.44 100.28 100.89 99.96 100.11 100.00 99.99 99.89 100.20 100.17 99.99 99.91 100.04 100.08 100.02 99.99 99.81 99.95 99.80 100.04 99.68 99.63 99.74 99.63 99.32 99.38 99.66 100.20 100.61 100.36 100.49 100.57 100.61 100.96 102.45 104.25 105.08 105.05 104.78 105.00 105.34 105.12 105.11 104.85 105.18 105.11 104.48 104.63 104.56 104.82 104.55 104.37 104.33 104.12 103.80 102.82 102.70 102.13 101.22 100.90 100.93 100.88 100.89 100.78 100.74 100.61 100.49 100.35 100.21 100.21 100.60 100.37 100.26 100.20 99.92 99.88 99.63 99.38 99.37 99.43 99.45 99.26 99.35 99.90 100.46 100.56 100.52 100.41 100.34 100.07 100.23 100.21 100.31 99.26 99.89 99.93 100.43 99.66 99.85 100.09 100.05
100.39 100.34 100.36 100.58 100.46 99.96 100.04 99.95 100.38 100.58 100.87 100.81 100.06 99.46 99.68 99.57 99.21 99.44 99.18 99.49 99.19 99.65 99.61 99.60 99.43 98.70 99.16 99.31 99.50 99.09 98.97 99.19 99.02 99.03 98.82 99.07 99.13 99.28 99.30 97.46 97.18 97.02 95.34 95.10 95.19 97.37 97.37 97.38 98.08 98.40 98.16 98.50 98.29 98.46 98.45 98.51 98.61 99.06 99.77 99.67 99.39 98.93 100.02 100.43 100.42 100.72 100.72 100.83 100.93 100.94 100.93 100.81 100.90 100.65 100.68 100.68 100.57 100.92 100.53 100.25 100.40 100.32 100.08 100.08 99.95 99.95 100.02 100.25 100.24 100.14 99.94 100.08 99.88 99.91 100.00 99.62 99.48 99.88 99.85 99.75 99.49 99.57 99.20 99.01 100.27 99.74 100.05 100.41 100.44 100.46 100.58 100.73 100.95 102.51 103.92 105.11 105.10 104.44 105.21 105.23 105.21 105.04 105.28 105.42 105.02 104.48 104.81 104.90 104.68 104.83 104.59 104.30 103.60 103.00 102.71 102.44 101.80 101.16 101.00 100.93 100.96 100.65 100.54 100.69 100.00 100.12 100.37 100.43 100.46 100.43 100.36 100.33 100.34 99.87 99.76 99.70 99.50 99.82 99.79 99.60 99.54 99.49 99.99 100.27 100.36 100.28 100.34 100.29 99.72 100.08 100.09 99.51 99.43 100.01 99.95 99.99 100.06 100.22 100.35 100.10
100.29 100.40 100.19 99.91 100.51 99.86 100.23 100.13 99.55 99.88 100.70 100.69 99.73 99.46 99.95 99.73 99.94 99.55 99.76 99.82 99.95 99.34 99.96 99.96 99.73 99.73 99.53 99.29 99.40 99.29 99.16 97.46 98.45 98.82 98.81 98.96 99.08 99.04 98.39 98.26 97.74 96.57 96.26 96.36 96.72 96.85 96.77 97.01 96.46 97.49 98.16 98.19 98.23 98.34 98.49 98.53 98.74 99.03 99.11 99.53 99.55 99.68 99.32 99.51 100.09 99.63 100.48 100.91 100.88 100.84 100.88 100.87 100.72 100.65 100.72 100.66 100.62 100.51 100.42 100.43 100.40 100.39 100.27 100.16 100.13 99.95 100.21 100.37 100.16 100.10 100.26 100.29 100.23 99.89 100.02 99.76 99.77 99.73 99.71 100.02 99.52 99.67 99.39 99.50 99.44 99.41 99.99 100.31 100.47 100.50 100.49 100.79 100.96 101.63 103.73 105.22 105.46 105.32 104.87 105.14 105.43 105.28 105.39 105.43 105.14 104.81 105.17 104.91 105.04 104.67 104.40 103.86 103.16 102.79 102.28 101.97 101.75 101.45 100.99 100.85 100.81 100.46 100.50 100.42 100.41 100.53 100.53 100.50 99.96 100.39 100.43 100.48 100.31 100.18 99.90 100.09 99.89 99.65 100.09 99.97 99.72 99.60 99.62 99.79 100.07 100.16 100.46 100.34 100.12 100.10 100.22 100.08 100.33 100.26 100.28 100.06 100.17 100.33 100.43 100.51
100.54 100.41 100.42 100.15 100.78 100.63 100.38 99.76 99.32 98.76 98.49 99.30 99.21 99.94 100.25 100.23 100.23 100.24 100.12 100.05 100.04 100.02 99.74 99.91 99.63 99.31 99.38 98.96 98.84 99.29 99.17 98.35 98.48 97.92 98.56 97.73 98.26 96.48 96.61 98.21 96.46 95.73 97.00 97.04 96.96 96.93 97.13 97.80 97.24 97.21 97.02 97.59 98.16 98.60 98.62 98.73 98.64 99.14 99.25 99.10 99.10 99.74 99.74 100.03 100.34 100.27 100.58 100.69 99.75 100.77 100.63 100.67 100.71 100.75 100.69 100.62 100.56 100.55 100.56 100.43 100.28 100.18 99.97 100.78 100.21 100.05 100.04 99.96 100.31 100.11 100.21 100.30 100.27 100.11 99.75 99.98 99.69 99.63 99.95 99.91 99.45 99.44 99.33 99.49 99.66 99.64 100.65 100.05 100.40 100.53 100.55 100.60 100.83 101.50 102.51 104.81 105.50 105.77 106.04 105.19 105.25 105.28 104.83 105.40 104.92 105.02 104.84 104.95 104.90 104.79 104.59 103.57 102.69 102.33 101.87 101.61 101.20 101.00 100.93 100.88 100.58 100.65 100.34 100.36 100.25 100.32 100.51 100.52 100.49 100.40 100.50 100.41 100.35 100.30 100.18 100.20 100.34 100.20 100.11 99.55 99.82 99.76 99.39 99.36 99.94 100.08 100.44 100.16 100.20 100.31 100.42 100.41 100.39 100.38 100.24 100.11 100.54 100.62 100.55 100.74
100.54 100.79 100.44 99.93 100.37 99.90 99.77 99.95 99.41 98.76 98.63 99.34 99.92 100.07 100.20 100.14 100.24 99.08 100.08 100.04 99.99 99.82 99.80 99.65 99.22 99.42 99.25 99.12 98.63 98.75 98.45 98.30 98.38 98.11 98.22 98.36 97.72 96.37 96.47 96.44 95.92 96.94 97.63 97.54 97.26 97.52 97.36 97.44 97.70 97.75 97.58 96.78 97.53 98.50 98.80 98.98 98.97 98.99 99.01 99.10 99.26 99.43 99.42 100.26 100.23 99.80 100.00 100.28 100.23 100.68 100.62 100.65 100.59 100.42 100.50 100.60 100.60 100.60 100.69 100.55 100.34 100.13 100.27 100.15 100.21 99.96 99.86 99.97 100.07 100.11 100.13 100.26 100.19 99.86 99.88 99.85 100.04 100.19 99.70 99.59 99.62 99.14 99.27 99.59 99.76 99.73 99.79 100.10 100.45 100.40 100.38 100.46 100.66 100.79 101.17 102.51 105.19 105.54 105.87 105.93 105.22 105.19 105.78 105.78 104.87 104.98 104.93 104.81 104.90 104.72 103.92 102.23 101.64 101.60 101.37 101.13 101.25 100.99 100.98 100.97 100.66 100.55 99.98 100.34 100.17 100.26 100.36 100.41 100.49 100.53 100.44 100.30 99.83 99.82 99.90 100.13 99.89 99.72 99.98 100.14 99.95 99.67 99.99 100.16 100.03 100.04 99.92 100.12 100.09 99.76 100.45 100.52 100.33 100.29 100.41 100.46 100.73 100.66 100.46 100.04
100.61 100.66 99.97 99.84 99.98 99.27 99.60 98.81 98.82 99.30 99.24 99.44 99.99 100.11 100.32 100.08 100.27 100.30 100.05 100.06 99.47 99.86 99.80 99.77 99.50 99.26 99.27 99.08 98.87 98.60 98.43 97.65 98.00 97.78 97.45 97.62 96.98 96.04 95.90 95.24 95.50 96.97 97.81 97.45 98.14 97.56 98.39 98.48 98.25 98.30 97.75 96.87 96.09 97.66 98.48 98.98 98.95 99.01 99.04 99.03 99.37 99.73 99.61 100.24 100.31 100.36 100.35 100.34 100.29 100.19 100.33 100.59 100.56 100.44 100.63 100.46 100.69 100.58 100.56 100.62 100.50 100.38 100.49 100.30 100.25 100.16 100.10 100.01 100.00 100.05 100.07 99.81 99.98 100.11 99.92 100.02 99.83 100.03 99.80 99.36 99.51 99.37 99.16 99.36 99.59 99.69 99.70 99.65 100.17 100.37 100.26 100.23 100.07 100.30 100.68 101.09 103.30 104.65 105.28 105.67 105.64 105.93 104.98 104.79 105.02 105.02 104.76 104.74 103.87 102.91 102.41 101.47 101.05 101.02 101.01 101.01 101.16 101.04 100.95 100.94 100.85 100.57 100.35 100.28 100.16 100.11 100.23 100.20 100.28 100.37 100.35 100.17 100.06 99.89 99.45 99.35 99.45 99.40 99.93 99.60 99.87 100.08 99.70 99.93 99.83 99.77 100.08 100.20 100.36 100.08 100.21 100.51 100.04 100.39 100.40 100.50 100.58 100.46 100.28 100.25
100.59 100.15 100.06 99.99 99.46 99.51 99.05 99.41 99.50 99.36 99.50 99.52 99.85 100.07 100.28 100.28 100.30 99.95 99.86 100.10 99.79 99.83 99.77 99.70 99.53 99.47 99.27 99.09 98.79 98.48 98.19 98.02 97.94 97.37 97.20 97.71 96.89 95.85 95.99 95.21 96.18 97.00 97.39 97.95 98.19 98.40 98.44 98.65 98.66 98.78 97.94 96.89 97.27 97.37 97.51 97.47 98.69 99.17 99.16 99.43 99.76 100.06 100.24 100.29 100.40 100.38 100.43 100.51 100.47 100.44 100.50 100.84 100.47 100.33 100.42 100.45 100.51 100.57 100.67 100.66 100.67 100.63 100.52 100.54 100.44 100.21 100.01 99.88 100.02 100.04 100.02 100.07 99.85 100.02 100.06 99.98 100.02 99.93 99.89 99.55 99.53 99.92 99.67 99.52 99.75 99.89 99.96 99.73 100.18 100.34 100.48 100.22 100.46 100.40 100.77 100.77 101.06 101.33 101.71 104.18 104.90 105.41 104.56 104.84 104.68 104.80 104.43 103.91 101.78 101.05 101.48 101.24 100.99 100.98 100.97 100.92 100.91 100.95 100.95 100.90 100.87 100.37 100.41 100.22 100.28 100.00 100.10 100.08 100.09 100.15 100.24 100.09 99.93 99.94 99.65 99.58 100.06 99.39 99.22 99.04 99.97 100.21 100.43 100.05 100.19 100.30 100.39 100.35 100.38 100.29 100.22 100.38 100.17 100.36 100.35 100.22 100.35 100.45 100.43 100.39
100.61 100.18 99.12 100.02 99.48 99.32 99.74 99.34 99.62 99.45 99.43 99.61 100.07 100.22 100.30 100.28 100.26 99.43 100.18 100.16 100.00 99.80 99.80 99.69 99.61 99.46 99.31 99.03 98.72 98.44 98.17 97.83 97.62 97.55 97.49 96.73 96.75 96.27 94.90 93.98 96.08 97.14 97.56 97.87 98.20 98.48 98.66 98.80 98.91 98.93 98.91 98.80 98.17 98.19 98.10 97.41 97.68 98.14 99.16 99.41 99.83 100.30 100.39 100.37 100.49 100.42 100.33 100.42 100.55 100.54 100.61 100.74 100.63 100.44 100.58 100.71 100.62 100.60 100.75 100.74 100.72 100.73 100.63 100.68 100.37 100.34 100.23 100.06 99.96 100.07 100.09 100.12 100.20 100.13 100.09 100.02 100.04 99.67 99.95 99.66 100.04 100.09 99.86 99.86 100.07 100.15 100.21 100.14 99.69 100.30 100.09 100.45 100.52 100.57 100.17 100.33 100.88 100.82 100.98 100.98 101.29 101.23 102.08 103.62 102.67 102.90 101.80 102.20 101.04 100.96 100.92 100.85 100.92 100.95 100.93 100.85 100.89 100.88 100.86 100.68 100.65 100.50 100.34 100.25 100.22 100.12 100.09 100.15 100.14 100.17 100.20 100.05 100.03 99.68 99.86 99.50 99.08 99.28 99.87 99.01 99.83 100.16 100.28 99.93 100.31 99.71 100.29 100.42 100.28 100.21 100.34 100.27 100.12 100.21 100.23 100.38 100.28 100.38 100.47 100.56
100.45 100.18 100.13 100.07 99.61 99.49 99.94 99.19 99.55 99.82 99.73 100.01 99.98 100.11 100.34 100.20 100.37 99.77 100.20 99.78 99.81 99.82 99.73 99.70 99.53 99.42 99.29 99.16 98.73 98.41 98.06 97.73 97.31 97.31 97.13 97.28 97.47 96.09 95.81 94.21 96.32 97.18 97.54 97.94 98.28 98.57 98.78 98.93 99.04 99.20 99.21 99.29 99.08 98.53 98.54 98.63 98.88 98.86 98.77 98.76 98.57 99.92 100.44 100.46 100.45 100.47 100.54 100.62 100.53 100.48 100.51 100.74 100.78 100.87 100.73 100.59 100.73 100.74 100.82 100.82 100.82 100.81 100.77 100.67 100.61 100.45 100.50 100.50 100.25 100.15 100.10 100.22 100.22 99.91 100.02 100.11 100.11 99.88 99.87 99.86 100.07 100.22 99.84 100.05 100.21 100.12 100.31 99.86 99.52 99.73 100.20 100.23 100.41 100.27 100.24 100.29 100.26 100.86 100.84 100.89 100.92 100.90 100.97 100.98 101.00 101.07 101.43 101.13 101.04 100.95 100.87 100.90 100.93 100.88 100.77 100.84 99.63 100.86 100.86 100.01 100.40 100.18 100.13 100.13 100.16 100.17 100.17 100.18 100.12 100.09 100.07 99.88 99.48 99.39 99.28 99.52 100.00 99.19 99.25 99.79 99.48 99.85 100.21 100.20 100.48 99.88 100.37 100.21 100.38 100.48 100.44 100.34 100.06 99.89 99.93 100.21 100.22 100.26 100.49 100.52
100.53 100.08 100.33 100.14 100.06 100.02 100.11 100.34 99.92 100.16 100.02 100.42 100.43 100.38 100.45 100.32 100.36 100.09 99.82 100.17 99.89 99.78 99.74 99.63 99.51 99.32 99.18 99.01 98.65 98.20 97.84 97.53 97.25 97.04 96.96 96.27 96.66 97.00 95.81 96.14 96.58 97.12 97.61 97.96 98.20 98.47 98.65 98.90 99.06 99.10 99.29 99.36 99.12 98.78 97.97 98.64 98.93 99.07 99.07 98.93 98.27 99.39 100.32 100.36 100.45 100.48 100.48 100.16 100.32 100.42 100.46 100.49 100.72 100.93 100.96 100.80 100.85 100.88 100.91 100.86 100.87 100.83 100.90 100.81 100.85 100.63 100.67 100.67 100.64 100.25 100.46 100.36 100.49 99.90 100.20 100.16 100.16 99.81 99.53 100.09 100.10 100.00 100.06 100.09 99.98 99.66 100.00 99.46 99.27 99.58 99.82 99.90 100.18 100.05 100.38 100.64 100.45 100.76 100.84 100.89 100.92 100.89 100.86 100.97 100.91 101.02 100.97 100.87 100.83 100.79 100.83 100.75 100.74 100.83 100.75 100.34 100.28 100.49 99.87 100.22 100.13 99.99 99.88 99.93 100.01 100.07 100.26 100.12 100.08 99.98 99.94 99.78 99.47 99.13 99.26 99.50 99.80 99.45 98.97 99.35 99.25 99.60 99.93 100.26 100.01 100.04 100.36 100.05 100.29 100.40 100.42 100.16 99.93 100.31 100.37 100.24 100.32 100.56 100.68 100.51
100.51 100.53 100.19 100.19 100.12 100.18 100.32 100.42 100.49 100.54 100.53 100.50 100.60 100.65 100.49 100.59 99.65 99.88 100.24 99.96 99.95 99.74 99.73 99.64 99.48 99.22 99.01 98.68 98.31 97.92 97.56 97.16 96.93 96.79 96.83 96.75 95.90 96.28 95.78 96.04 96.55 97.12 97.47 97.74 98.00 98.23 98.49 98.73 98.99 99.16 99.42 99.43 99.43 99.14 98.47 98.64 98.93 98.95 98.91 98.58 97.95 99.61 100.26 100.31 100.12 100.27 100.44 100.21 100.45 100.44 100.34 100.60 100.68 100.88 100.91 100.94 100.84 100.89 100.85 100.90 100.90 100.88 100.89 100.94 100.86 100.75 100.78 100.82 100.77 100.15 100.54 100.40 100.55 100.54 100.56 100.26 100.19 100.77 100.04 99.79 99.92 99.75 99.55 99.43 99.66 100.01 99.38 99.32 99.04 99.55 99.76 100.11 100.01 99.72 99.68 99.89 100.31 100.46 100.59 100.71 100.85 100.76 100.86 100.92 100.92 100.97 100.91 100.78 100.80 100.73 100.55 100.58 100.67 100.72 100.29 99.89 99.38 99.54 99.85 100.10 99.94 99.80 99.56 99.69 99.95 100.04 100.10 100.17 99.97 99.93 99.87 99.82 99.97 99.86 99.92 99.48 99.87 99.48 99.15 99.44 99.09 99.79 99.96 100.15 100.15 100.28 100.23 100.33 100.29 100.62 100.32 100.79 100.32 100.38 100.44 100.40 100.28 100.63 100.77 100.54
100.43 100.49 100.23 100.23 100.19 100.19 100.39 100.74 100.59 100.55 100.47 100.51 100.57 100.47 100.55 100.61 100.39 100.16 100.19 100.03 99.88 99.73 99.69 99.55 99.38 99.18 98.81 98.36 97.83 97.40 97.06 96.68 96.45 96.40 96.53 96.02 96.19 95.46 95.60 96.11 96.49 96.91 97.17 97.44 97.75 97.97 98.29 98.54 98.80 99.02 99.18 99.38 99.43 99.10 98.67 98.93 98.58 98.85 98.56 98.24 98.32 98.65 100.21 100.20 100.27 100.19 100.42 100.49 100.47 100.49 100.54 100.55 100.67 100.79 100.93 100.97 100.92 100.90 100.93 100.94 100.92 100.91 100.90 100.94 100.92 100.94 100.84 100.84 100.78 100.60 100.50 100.59 100.66 100.66 100.44 100.37 100.25 99.99 99.94 100.06 100.13 100.19 99.40 99.70 99.91 99.82 99.99 99.18 99.08 99.47 99.81 99.51 99.88 99.87 99.93 100.12 100.20 100.45 100.52 100.73 100.79 100.84 100.62 100.87 100.82 100.75 100.75 100.32 100.56 100.56 100.51 100.41 100.65 100.31 100.02 99.81 98.89 99.02 99.74 99.64 99.83 99.83 99.55 99.28 100.00 100.10 100.11 100.14 100.13 99.97 99.76 99.56 99.31 99.59 100.17 99.59 99.75 99.68 99.27 99.86 99.74 99.88 99.78 99.77 100.22 100.31 100.47 100.34 100.17 100.64 100.71 100.56 100.60 100.72 100.67 100.41 100.16 100.50 100.49 100.33
99.94 100.16 100.16 100.03 100.27 100.44 100.61 100.87 100.86 100.74 100.66 100.54 100.60 100.58 100.68 100.57 100.40 100.40 100.08 100.04 99.91 99.71 99.58 99.35 99.19 98.94 98.58 97.90 97.05 96.57 96.26 96.10 95.95 96.06 96.28 94.65 95.90 95.37 95.52 95.81 95.99 96.37 96.67 96.96 97.33 97.69 98.05 98.33 98.65 98.87 99.02 99.14 99.29 99.25 98.88 98.51 98.49 98.47 98.60 98.49 98.16 99.41 100.08 100.05 100.20 100.32 100.54 100.55 100.59 100.49 100.57 100.67 100.79 100.89 101.01 101.03 101.00 100.91 100.95 100.95 101.01 100.94 100.92 100.92 100.95 100.98 100.89 100.82 100.82 100.84 100.77 100.70 100.72 100.67 100.45 100.47 100.25 100.19 100.33 99.80 100.08 100.14 99.61 99.90 99.54 99.82 99.22 99.05 99.49 99.50 99.33 99.64 99.62 99.78 99.87 99.98 100.02 99.98 100.02 100.61 100.71 100.70 100.75 100.75 100.65 100.67 100.44 100.45 100.50 100.44 100.40 100.05 99.93 100.10 99.91 99.67 99.29 99.17 99.54 99.72 99.96 99.99 100.16 100.15 100.05 100.09 100.11 100.13 100.03 99.95 100.08 99.64 99.39 99.48 99.82 99.93 99.85 99.99 99.60 99.93 100.00 99.85 99.76 99.69 100.11 100.12 100.06 100.01 100.47 100.69 100.80 100.85 100.87 100.92 100.85 100.85 100.81 100.70 100.70 99.97
100.00 99.98 100.07 100.33 100.35 100.49 100.80 100.83 100.84 100.82 100.76 100.64 100.67 100.34 100.66 100.82 100.54 100.53 100.31 100.03 99.90 99.73 99.40 99.13 98.93 98.64 98.17 97.06 96.10 95.50 95.40 95.48 95.66 95.82 95.48 94.81 95.22 95.43 95.27 95.15 95.27 95.69 96.11 96.42 96.94 97.36 97.74 98.04 98.38 98.67 98.81 99.03 99.06 99.14 98.83 98.48 97.99 98.02 98.53 98.42 98.20 99.57 100.07 99.65 100.00 101.24 101.70 101.03 100.56 100.63 100.42 100.63 100.78 100.85 101.02 101.01 101.02 100.91 100.96 100.93 100.96 100.95 100.95 100.95 100.95 100.95 100.92 100.92 100.89 100.86 100.73 100.74 100.74 100.66 100.57 100.53 100.33 100.36 100.12 100.52 100.19 100.01 99.67 99.66 99.63 99.56 99.66 99.22 99.64 99.59 99.72 99.57 99.39 99.37 99.64 99.69 99.83 100.27 100.32 99.98 100.34 100.27 100.39 100.42 100.38 100.62 100.57 100.57 100.50 100.43 100.05 100.07 99.28 99.59 99.71 99.58 99.10 99.13 99.61 99.82 100.06 100.09 100.19 100.26 100.13 100.10 100.08 100.03 100.00 99.80 99.92 99.84 99.57 99.67 99.57 99.61 99.85 100.02 99.86 100.23 100.03 99.99 99.81 99.66 100.38 99.71 99.97 100.15 100.50 100.76 100.85 100.90 100.90 100.93 100.95 100.88 100.89 100.82 100.87 100.65
100.77 100.00 100.58 100.44 100.62 100.71 100.92 100.92 100.81 100.83 100.83 100.67 100.58 100.61 100.69 100.82 100.01 100.58 100.67 100.12 99.97 99.71 99.45 99.16 98.78 98.28 97.42 95.94 94.38 93.88 94.39 95.02 95.21 95.49 95.63 95.56 95.75 95.78 95.05 94.69 94.65 95.27 95.65 96.01 96.54 97.13 97.55 97.86 98.08 98.25 98.29 98.70 98.90 98.91 98.63 98.51 98.14 99.01 98.40 99.18 99.47 101.11 101.55 101.85 102.10 101.86 101.38 102.12 102.10 100.71 100.66 100.86 100.84 100.87 100.97 100.97 101.00 100.97 100.95 100.94 100.95 100.95 100.94 100.99 100.94 100.94 100.94 100.92 100.90 100.88 100.88 100.84 100.79 100.67 100.59 100.59 100.53 100.41 100.06 100.37 99.93 100.00 99.88 99.59 99.69 99.45 99.56 99.53 99.39 99.45 99.78 99.38 99.21 99.19 99.26 98.94 99.72 100.29 100.30 100.32 100.00 100.32 100.30 100.24 100.39 100.52 100.45 100.60 100.30 100.04 99.90 99.20 99.11 99.17 99.41 99.31 99.11 99.28 99.34 99.71 99.97 100.15 100.12 100.14 100.23 100.15 100.01 100.07 99.84 99.92 99.83 99.98 99.52 99.27 100.04 100.17 99.68 100.13 100.19 100.02 100.06 99.97 99.70 99.88 100.22 100.30 100.22 100.24 100.42 100.86 100.91 101.05 100.96 100.95 100.87 100.97 100.92 101.01 100.62 100.69
100.81 100.79 100.67 100.53 100.64 100.81 100.90 100.95 100.93 100.95 100.90 100.79 100.74 100.80 100.79 100.82 100.62 100.60 100.52 100.31 100.09 99.78 99.49 99.17 98.68 98.04 97.03 94.93 92.41 91.87 93.29 94.54 94.92 95.02 95.11 95.84 95.58 95.54 94.90 94.60 94.65 95.94 95.18 95.72 96.30 96.84 97.36 97.68 97.93 98.11 98.18 98.90 98.36 99.35 101.20 101.06 100.93 99.58 102.11 102.39 101.15 99.66 99.59 99.80 101.30 101.27 101.00 101.09 100.33 101.79 100.80 100.81 100.88 100.92 100.93 100.99 100.96 101.00 101.05 100.96 100.96 100.96 100.95 100.95 100.93 100.94 100.95 100.93 100.89 100.93 100.91 100.89 100.84 100.76 100.84 100.70 100.61 100.47 100.37 100.37 100.34 100.14 99.85 99.68 99.50 99.84 99.53 99.50 99.39 99.32 99.32 99.46 99.10 99.42 99.32 99.50 99.52 100.13 100.25 100.14 100.19 100.32 100.25 100.24 100.05 100.36 100.41 100.42 100.30 100.16 99.36 99.14 98.88 99.31 99.25 99.44 99.10 99.26 99.82 99.86 100.23 100.16 100.24 100.19 100.24 100.19 99.93 99.80 99.75 99.79 99.77 99.60 99.88 99.55 100.21 100.21 99.84 99.83 100.11 100.20 100.00 100.06 99.79 99.68 99.95 100.55 100.58 100.65 100.80 100.93 100.96 100.99 101.00 100.99 100.98 101.00 101.03 100.98 101.02 100.98
101.02 100.96 101.04 101.04 100.86 100.87 100.92 100.96 100.93 100.93 100.91 100.90 100.91 100.81 100.87 100.83 100.81 100.70 100.61 100.42 100.18 99.96 99.56 99.17 98.54 97.92 96.99 95.16 92.49 90.31 91.48 94.51 94.81 94.82 94.73 95.43 95.35 95.03 94.52 94.26 94.77 95.15 95.10 95.67 96.15 96.62 97.36 97.57 97.79 98.03 97.92 98.60 100.85 101.02 102.75 102.81 99.97 97.41 97.23 98.32 98.97 99.17 99.42 99.63 100.01 99.93 100.09 100.74 100.46 100.62 102.20 101.09 102.25 100.99 100.95 101.32 101.15 100.99 101.04 101.04 100.96 100.97 100.97 100.96 100.97 100.96 100.98 100.94 100.95 100.93 100.92 100.95 100.86 100.81 100.73 100.73 100.74 100.54 99.77 100.07 100.38 100.42 100.07 99.88 99.79 99.51 99.48 99.55 99.35 99.38 99.71 99.47 99.54 99.28 99.49 99.60 99.52 99.72 100.01 99.84 99.95 100.14 100.11 100.04 99.80 100.33 100.31 100.45 100.32 100.29 100.09 99.46 98.99 99.19 99.15 99.61 99.34 99.74 100.02 100.04 100.34 100.29 100.19 100.25 100.27 100.25 100.16 100.20 100.00 99.98 99.83 99.57 99.24 99.66 99.61 99.82 100.14 100.21 100.02 100.30 100.16 100.48 100.61 100.42 100.55 100.91 100.63 100.79 100.86 100.95 100.97 100.98 101.03 101.02 101.05 101.09 101.09 100.96 100.98 100.94
100.91 100.94 100.94 101.01 101.05 100.91 100.97 100.94 100.97 100.98 100.93 100.95 100.92 100.90 100.90 100.85 100.85 100.77 100.70 100.51 100.34 100.03 99.74 99.29 98.76 98.07 97.22 96.36 92.92 88.85 88.84 93.33 94.67 94.68 94.77 94.63 95.10 94.86 94.90 94.55 94.70 95.38 97.16 98.81 97.70 96.71 97.33 97.94 97.88 98.29 100.87 101.24 101.17 102.53 101.11 97.93 97.01 98.67 97.68 98.92 99.17 99.30 99.81 99.80 100.16 100.28 100.83 100.48 101.35 100.66 102.30 102.34 102.65 101.73 101.53 101.23 100.97 101.01 101.02 101.35 101.04 100.96 100.98 100.99 100.98 100.99 101.01 100.95 100.96 100.97 100.98 100.90 100.90 100.88 100.81 100.71 100.74 100.64 100.30 100.23 100.42 100.22 100.00 100.13 100.09 99.75 99.52 99.83 100.55 100.72 99.60 99.77 99.69 99.75 99.72 99.59 99.59 99.65 99.86 99.90 99.86 99.73 99.89 99.73 99.70 99.81 100.03 100.29 100.33 100.33 100.09 99.77 99.03 99.75 99.75 99.28 100.00 100.19 99.76 100.10 100.34 100.37 100.46 100.35 100.35 100.21 100.15 100.41 100.35 100.06 99.46 99.64 99.27 99.90 100.21 100.12 100.27 100.52 100.28 100.36 100.65 100.92 100.96 100.89 100.88 100.96 100.96 100.94 100.97 100.97 100.99 101.02 101.06 101.55 101.19 101.15 100.99 100.33 100.98 100.96
100.97 100.96 100.95 100.95 101.22 101.11 100.99 101.01 101.16 101.03 101.00 100.96 100.94 100.93 100.93 100.94 100.93 100.85 100.77 100.63 100.45 100.19 99.91 99.43 98.92 98.40 97.73 97.10 93.65 90.22 91.06 92.71 94.32 94.60 94.79 95.03 94.55 94.57 95.04 94.57 98.04 98.43 95.68 99.54 98.80 98.60 99.17 100.72 100.40 99.80 98.86 97.60 99.98 102.31 100.91 101.23 101.39 99.41 98.77 99.37 99.49 99.51 99.77 99.92 100.55 101.27 101.21 100.94 100.38 100.49 101.28 102.43 102.34 101.80 102.19 101.72 101.44 100.98 100.98 101.03 101.04 101.00 101.01 100.97 100.98 100.97 100.95 100.94 100.93 100.94 100.94 100.95 100.90 100.88 100.88 100.89 100.89 100.73 100.49 100.57 100.02 99.97 100.06 100.14 99.58 99.97 100.09 99.84 99.83 99.86 100.02 100.00 100.09 99.51 99.60 99.61 99.59 100.00 100.03 99.88 99.55 99.41 99.47 99.30 99.66 100.07 99.90 100.03 100.33 100.34 100.27 100.18 99.39 99.31 99.68 99.85 99.91 100.00 99.89 100.20 100.39 100.35 100.53 100.51 100.48 100.51 100.54 100.57 100.54 100.66 99.29 99.15 99.32 99.91 99.57 100.47 100.92 100.73 100.81 100.79 100.92 100.97 100.95 100.93 101.01 101.08 101.01 101.06 101.07 101.05 101.06 101.06 101.11 101.23 101.41 101.40 101.09 101.06 101.00 100.97
100.98 101.00 101.02 101.01 100.97 101.29 101.22 101.20 101.32 101.06 101.00 100.94 100.96 100.97 101.00 101.02 101.03 100.96 100.81 100.80 100.63 100.43 100.16 99.72 99.29 98.78 98.24 97.34 96.11 94.37 92.96 93.22 94.34 94.49 94.90 95.19 95.16 96.25 95.48 94.79 95.19 95.53 96.00 100.09 98.62 100.30 98.38 99.25 98.58 97.87 97.43 100.15 100.46 100.93 100.48 98.00 98.38 99.39 100.93 100.95 99.73 99.85 99.93 99.98 100.43 100.21 100.65 100.37 100.45 100.60 100.83 100.97 101.78 100.93 100.92 101.68 101.85 101.51 100.95 100.97 101.37 101.07 101.05 101.01 101.00 100.97 100.95 100.95 100.98 100.95 100.94 100.93 100.94 100.86 100.88 100.91 100.89 100.89 100.80 100.82 100.47 99.84 99.99 100.12 100.34 100.14 100.06 100.00 100.09 99.95 100.36 100.40 100.29 99.72 99.57 99.61 99.40 99.58 99.35 99.82 99.56 99.81 99.62 99.63 99.83 99.68 100.08 99.86 100.25 100.31 100.22 99.80 99.91 99.49 99.86 100.02 100.23 100.20 100.28 100.37 100.31 100.46 100.70 100.72 100.61 100.63 100.86 100.78 100.58 100.46 100.07 99.75 100.32 100.29 100.23 100.56 101.04 100.93 102.08 101.16 101.05 100.95 100.95 101.03 101.03 101.16 101.16 101.12 101.14 101.16 101.24 101.17 101.34 101.32 101.31 101.37 101.40 101.18 101.07 101.01
101.02 101.01 101.06 101.08 101.03 101.60 101.61 101.45 101.13 101.27 100.96 100.88 101.07 101.30 101.25 101.34 100.95 100.83 100.96 100.91 100.84 100.62 100.54 100.19 99.69 99.21 98.72 97.83 97.12 95.76 94.71 94.51 94.18 94.15 95.02 95.50 95.86 96.05 96.10 95.65 95.44 96.07 96.48 97.41 97.72 97.78 98.41 98.46 98.28 97.96 97.71 97.49 98.00 99.58 99.29 98.54 99.12 99.59 99.88 101.13 99.72 100.27 100.24 100.32 100.46 100.52 100.85 100.68 100.75 100.86 100.90 100.93 102.48 100.98 100.97 101.46 101.25 101.29 101.00 101.02 101.05 101.06 101.32 101.09 101.00 100.98 101.00 100.97 100.97 100.96 100.95 100.94 100.93 100.92 100.90 100.89 100.76 100.89 100.89 100.89 100.61 100.25 100.15 100.26 100.43 100.12 100.22 100.34 100.30 100.30 100.44 100.43 100.23 100.01 99.88 99.50 99.23 100.19 99.99 99.88 99.80 99.88 99.73 99.98 99.62 99.91 99.71 100.23 100.28 100.43 100.13 100.24 100.17 100.07 100.37 100.69 100.11 100.55 100.49 100.32 100.48 100.52 100.83 100.83 100.68 100.90 100.86 100.71 100.56 100.41 100.01 100.19 100.12 100.27 100.40 100.81 101.10 101.03 101.08 100.98 101.08 101.04 101.03 101.01 101.05 101.18 101.10 101.02 101.36 101.39 101.35 101.45 101.49 101.52 101.51 101.52 101.44 101.33 101.11 101.09
101.12 101.09 101.12 101.23 101.31 101.64 101.65 101.42 101.27 101.02 100.95 100.85 101.06 101.26 101.54 101.08 100.97 101.01 100.99 100.92 100.89 100.82 100.72 100.49 100.13 99.51 98.95 98.27 97.58 96.83 95.74 95.12 93.59 91.90 95.27 95.75 96.05 96.34 96.52 96.57 96.62 97.51 97.88 98.20 98.45 98.99 99.28 99.48 99.70 99.81 99.05 100.32 101.36 98.56 98.68 98.97 99.72 100.00 100.08 100.66 100.30 100.46 100.45 100.46 100.59 100.65 100.63 100.96 100.92 100.92 101.55 100.94 102.16 102.29 101.05 101.05 101.01 101.02 101.04 101.19 101.56 101.31 101.25 101.02 101.03 101.02 100.99 100.97 100.96 100.95 100.96 100.97 100.94 100.93 100.91 100.89 100.72 100.88 100.88 100.89 100.63 100.54 100.44 100.31 100.44 100.40 100.37 100.47 100.50 100.53 100.60 100.58 100.16 99.99 99.96 99.68 99.43 100.25 100.09 100.06 100.08 99.77 99.83 99.67 99.97 100.02 100.17 100.27 100.60 100.54 100.33 99.88 100.32 100.39 100.69 100.71 100.61 100.87 100.53 100.44 100.56 100.64 100.85 100.87 100.88 100.91 100.89 100.50 100.67 100.43 100.35 100.43 100.75 100.78 100.88 101.02 101.13 101.25 101.15 101.12 101.36 101.23 101.07 101.06 101.21 101.13 101.01 101.12 101.33 101.43 101.45 101.47 101.48 101.54 101.55 101.53 101.39 101.40 101.25 101.15
101.18 101.15 101.23 101.50 101.40 101.52 101.67 101.89 101.32 101.07 100.96 100.96 101.25 101.56 101.56 101.27 101.11 101.05 100.90 100.97 100.92 100.92 100.75 100.37 100.00 99.87 99.32 98.48 97.69 97.41 96.98 96.41 94.03 91.08 92.17 96.09 96.26 96.40 96.74 97.11 97.54 97.88 98.13 98.46 98.85 99.32 99.61 99.91 100.32 100.48 99.47 98.52 98.34 98.73 99.03 99.58 99.96 100.28 100.33 100.56 100.41 100.56 100.83 100.56 100.63 100.69 100.63 101.13 100.84 100.91 100.96 102.14 103.12 102.99 100.98 101.02 101.02 101.04 101.00 101.60 100.99 101.50 101.08 101.01 101.20 101.06 101.00 100.97 100.99 100.96 100.95 100.96 100.95 100.94 100.94 100.90 100.89 100.79 100.80 100.74 100.73 100.75 100.65 100.64 100.49 100.36 100.38 100.67 100.59 100.57 100.54 100.32 100.37 100.31 100.02 99.87 100.12 100.10 99.87 100.19 100.03 99.92 99.99 100.02 100.02 100.11 100.25 100.42 100.44 100.58 100.76 100.69 100.86 100.85 100.82 100.86 100.76 100.76 100.82 100.73 100.86 100.88 100.93 100.93 100.94 100.88 100.69 100.67 100.70 100.55 100.68 100.81 100.98 101.00 101.01 101.04 101.14 101.28 101.21 101.34 101.22 101.22 101.15 101.29 101.25 101.16 101.07 101.27 101.38 101.42 101.46 101.50 101.50 101.52 101.54 101.54 101.55 101.48 101.41 101.32
101.58 101.49 101.54 101.64 101.76 101.81 101.76 101.67 101.56 101.07 101.02 101.04 101.62 101.75 101.71 101.49 101.33 100.97 100.95 101.01 100.97 100.87 100.65 100.25 99.76 100.31 99.76 97.92 97.73 97.84 97.72 97.87 97.36 93.72 95.38 96.43 96.17 96.29 96.83 97.33 97.77 98.01 98.21 98.20 99.25 99.64 100.05 100.29 100.49 100.74 100.77 100.00 99.49 99.69 100.01 100.26 100.41 100.48 100.53 100.68 100.62 100.58 100.42 100.85 100.87 100.77 100.82 100.92 100.93 100.97 100.98 101.01 102.47 102.63 102.12 101.71 101.71 101.46 101.32 101.25 101.06 101.00 101.09 101.03 101.01 101.17 100.99 100.96 100.98 100.97 100.99 100.97 100.96 100.95 100.94 100.91 100.90 100.85 100.88 100.84 100.83 100.84 100.84 100.76 100.75 100.48 100.63 100.79 100.89 100.53 100.62 100.48 100.23 100.20 100.10 100.38 100.24 100.24 100.01 100.22 100.10 100.00 99.98 100.08 100.11 100.17 100.35 100.45 100.60 100.66 100.91 100.99 101.12 101.24 101.44 101.13 100.91 100.88 100.84 100.90 100.91 100.94 100.95 100.94 100.93 100.82 100.81 100.76 100.70 100.56 100.87 101.03 101.01 100.98 100.99 101.13 101.21 101.31 101.34 101.42 101.19 101.40 101.31 101.37 101.34 101.22 101.25 101.35 101.39 101.41 101.42 101.48 101.51 101.51 101.51 101.54 101.56 101.58 101.60 101.62
101.58 101.69 101.98 101.70 101.87 101.88 101.81 101.78 101.67 101.33 101.18 101.12 101.78 101.90 101.89 101.75 101.14 100.95 101.09 101.04 100.96 100.73 100.43 100.15 100.35 100.42 100.27 99.27 97.86 97.77 98.00 98.44 98.69 98.38 97.47 96.80 95.98 95.77 96.98 97.62 98.04 98.27 98.40 98.15 99.45 100.10 100.37 100.53 100.71 100.88 100.93 100.34 100.33 100.51 100.62 100.68 100.68 100.70 100.72 100.79 100.86 100.73 100.55 100.62 100.75 100.89 100.93 100.94 100.95 100.99 101.09 102.30 101.10 101.84 102.56 102.06 101.46 101.10 101.05 101.09 101.00 101.05 101.01 101.03 101.20 101.03 101.01 100.97 100.98 100.97 100.96 100.96 100.94 100.93 100.93 100.92 100.92 100.92 100.90 100.85 100.84 100.84 100.82 100.84 100.81 100.80 100.82 100.79 100.81 100.46 100.56 100.07 100.21 100.13 100.25 100.15 100.17 100.27 100.22 100.21 100.12 100.03 99.95 100.00 100.40 100.24 100.35 100.53 100.70 100.86 101.03 102.49 102.67 102.66 102.59 102.33 101.85 101.01 100.96 100.95 100.95 100.98 100.96 100.93 100.93 100.86 100.81 100.81 100.63 100.67 101.03 101.01 101.04 101.05 101.09 101.11 101.26 101.34 101.41 101.42 101.38 101.34 101.39 101.38 101.38 101.37 101.37 101.35 101.40 101.40 101.39 101.44 101.47 101.49 101.50 101.54 101.58 101.59 101.62 101.66
101.65 101.72 101.77 101.79 101.88 101.90 101.89 101.87 101.79 101.57 101.31 101.61 101.94 102.01 102.02 101.79 101.07 101.31 101.23 101.06 100.92 100.78 100.81 100.72 100.65 100.62 100.43 99.88 97.45 97.63 98.00 98.83 99.09 98.86 98.23 97.28 94.95 94.93 97.49 98.00 98.30 98.49 98.62 98.89 99.92 100.22 100.43 100.63 100.77 100.88 100.94 100.95 100.68 100.67 100.67 100.69 100.75 100.80 100.84 100.87 100.88 100.83 100.65 100.82 100.92 100.93 100.96 100.97 100.98 101.03 101.16 102.39 102.82 102.28 102.56 101.11 101.08 101.05 101.35 101.52 101.29 101.04 101.06 101.14 101.03 100.99 101.00 100.97 100.98 100.96 100.97 100.96 100.96 100.98 100.93 100.91 100.90 100.92 100.88 100.82 100.82 100.83 100.86 100.80 100.80 100.86 100.71 100.88 100.82 100.82 100.61 100.41 100.38 100.00 100.09 100.17 100.09 100.23 100.23 100.25 100.10 100.14 99.98 100.37 100.58 100.19 100.37 100.58 100.86 101.01 102.42 102.83 102.75 102.71 102.69 102.58 102.53 101.99 101.02 101.01 101.02 100.99 100.95 100.96 100.86 100.76 100.81 100.90 100.84 100.82 101.00 101.08 101.11 101.18 101.35 101.22 101.38 101.43 101.37 101.43 101.46 101.36 101.39 101.38 101.41 101.40 101.37 101.36 101.34 101.35 101.36 101.33 101.43 101.48 101.46 101.56 101.61 101.64 101.66 101.69
101.74 101.87 101.66 101.72 101.93 101.91 101.92 101.89 101.98 101.67 101.43 101.89 102.08 102.11 102.06 101.60 101.33 101.58 101.20 100.98 100.96 100.93 100.92 100.89 100.83 100.73 100.58 99.98 98.03 97.94 98.53 99.36 99.35 99.51 99.12 97.76 94.26 92.24 96.74 98.31 98.49 98.72 98.95 99.32 99.87 100.24 100.48 100.68 100.79 100.89 100.94 100.95 100.92 100.77 100.74 100.75 100.80 100.84 100.87 100.91 100.93 100.91 100.87 100.88 100.92 100.97 101.04 101.05 101.08 101.44 102.39 102.44 102.24 102.74 101.34 101.28 101.35 101.26 101.56 101.08 101.07 101.05 101.04 101.06 101.13 101.03 101.01 101.04 101.01 101.02 100.98 100.97 100.95 100.96 100.94 100.98 100.92 100.90 100.89 100.89 100.85 100.78 100.70 100.66 100.83 100.88 100.89 100.76 100.74 100.67 100.64 100.63 100.55 100.64 100.46 100.28 100.20 100.23 100.23 100.00 100.17 100.12 99.91 100.72 100.28 100.20 100.46 100.71 100.92 101.46 102.62 102.89 102.88 102.83 102.74 102.68 102.60 102.37 101.78 101.27 101.09 101.26 100.95 100.92 100.91 100.90 100.95 100.98 100.96 100.96 101.05 101.19 101.46 101.19 101.40 101.50 101.40 101.38 101.30 101.32 101.79 101.24 101.20 101.27 101.35 101.39 101.28 101.32 101.23 101.29 101.30 101.42 101.43 101.50 101.44 101.56 101.62 101.66 101.70 101.70
101.82 101.81 101.82 101.80 102.01 102.01 102.06 102.03 102.17 102.07 101.93 102.21 102.23 102.18 102.11 102.04 101.63 101.64 101.19 101.02 100.98 100.96 100.93 100.89 100.82 100.74 100.53 99.96 99.33 99.61 99.56 99.56 99.59 99.60 99.70 99.59 94.95 88.55 90.37 98.32 98.66 98.91 99.18 99.52 99.88 100.28 100.57 100.71 100.83 100.89 100.93 100.95 100.95 100.84 100.80 100.80 100.84 100.88 100.90 100.92 100.94 100.90 100.88 100.95 100.98 101.02 101.18 101.39 101.61 101.43 102.85 102.57 101.35 102.81 102.36 101.27 102.24 101.15 101.08 101.26 101.06 101.05 101.02 101.00 101.03 101.05 101.18 101.05 101.06 101.10 100.98 100.97 100.97 100.97 101.01 100.94 101.00 100.91 100.92 100.93 100.91 100.90 100.80 100.68 100.88 100.86 100.97 100.82 100.92 100.64 100.74 100.72 100.70 100.77 100.62 100.31 100.20 100.36 100.49 100.15 100.28 100.22 100.07 99.99 100.13 100.43 100.63 100.83 100.98 101.77 102.91 102.95 102.98 102.85 102.71 102.69 102.55 102.46 102.04 101.44 101.23 100.96 100.99 100.97 100.94 101.01 101.06 101.12 101.12 101.15 101.28 101.47 101.67 101.70 101.53 101.59 101.49 101.47 101.27 101.19 101.11 101.06 101.07 101.09 101.13 101.15 101.16 101.16 101.18 101.51 101.04 101.28 101.41 101.41 101.42 101.63 101.66 101.65 101.32 101.70
101.73 101.89 101.51 101.55 102.01 101.98 102.10 102.17 102.22 102.26 102.31 102.37 102.34 102.29 102.24 102.08 101.92 101.59 101.01 101.03 101.00 100.95 100.92 100.90 100.81 100.69 100.55 100.33 99.79 99.80 99.70 99.70 99.70 99.79 99.95 100.08 99.42 90.80 92.23 97.42 98.48 99.14 99.48 99.71 96.65 100.45 100.65 100.76 100.85 100.89 100.94 100.95 100.95 100.85 100.84 100.85 100.88 100.90 100.92 100.93 100.93 100.94 100.97 100.94 101.01 101.32 101.55 101.79 101.91 102.67 102.78 102.61 101.81 101.68 101.43 102.21 101.53 101.37 101.08 101.01 101.00 101.08 101.02 101.04 101.03 101.03 102.44 101.04 101.57 101.02 100.97 100.98 100.98 101.05 101.06 100.94 100.94 100.95 100.96 100.96 100.96 100.89 100.86 100.87 100.90 100.92 100.89 100.93 100.98 100.81 100.82 100.89 100.78 100.76 100.70 100.61 100.48 100.55 100.62 100.59 100.48 100.32 100.26 100.29 100.36 100.50 100.71 100.90 101.05 101.89 102.93 102.94 102.89 102.81 102.70 102.67 102.60 102.51 102.20 101.64 101.40 101.08 101.08 101.11 101.10 101.17 101.14 101.48 101.34 101.59 101.69 101.77 101.96 102.07 102.09 101.81 101.71 101.45 101.16 101.03 100.97 100.95 100.98 100.98 101.01 101.05 101.06 101.12 101.10 101.12 101.13 101.07 101.43 101.39 101.48 101.51 101.65 101.65 101.13 101.56
101.79 101.94 101.96 102.16 102.11 102.01 102.20 102.33 102.36 102.41 102.46 102.54 102.51 102.45 102.42 102.22 101.64 101.26 101.05 101.03 100.93 99.08 94.39 93.75 96.44 100.64 100.49 100.43 100.28 99.95 99.88 99.79 99.82 99.88 99.97 100.06 100.08 99.01 96.92 97.35 98.70 99.32 99.70 99.91 100.24 100.61 100.71 100.80 100.86 100.89 100.93 100.95 100.96 100.87 100.87 100.87 100.89 100.92 100.93 100.93 100.94 100.94 100.93 100.98 101.34 101.66 101.88 102.05 102.09 102.61 102.89 102.70 102.25 101.92 102.31 101.80 101.79 101.40 101.24 101.16 101.45 101.06 100.96 101.86 101.07 101.04 101.06 101.03 101.04 101.05 101.41 101.09 101.01 100.98 101.09 100.96 100.97 100.98 100.98 101.00 100.99 100.97 100.92 100.91 100.92 100.92 100.89 101.00 100.95 100.76 100.84 100.85 100.86 100.88 100.74 100.72 100.61 100.54 100.59 100.60 100.50 100.55 100.46 100.50 100.53 100.66 100.79 100.95 101.26 102.89 102.91 102.80 102.90 102.79 102.70 102.66 102.57 102.52 102.28 101.81 101.56 101.45 101.31 101.28 101.25 101.29 101.39 101.53 101.82 101.89 102.02 102.14 102.14 102.22 102.23 102.15 101.81 101.41 101.06 100.97 100.93 100.91 100.86 100.90 100.93 100.98 101.02 101.05 101.05 101.08 101.10 101.12 101.23 101.37 101.41 101.52 101.54 101.74 101.32 102.45
101.91 102.05 102.09 102.22 101.72 102.20 102.24 102.33 102.48 102.51 102.58 102.64 102.65 102.62 102.64 101.87 101.44 101.38 101.11 101.12 100.73 93.34 88.99 87.66 90.97 98.47 100.46 100.45 100.59 100.30 100.11 99.90 99.85 99.91 99.98 100.07 100.10 99.93 98.95 98.83 99.30 99.52 99.76 99.99 100.29 100.62 100.75 100.83 100.87 100.90 100.92 100.96 100.95 100.82 100.84 100.89 100.91 100.92 100.93 100.94 100.94 100.96 100.99 101.17 101.43 101.93 102.17 102.42 102.70 102.76 102.54 102.73 102.60 102.34 102.43 102.03 101.58 101.63 101.50 101.16 101.09 101.00 101.23 101.69 101.04 101.05 101.06 102.24 101.12 101.25 101.06 101.06 101.04 100.98 101.00 101.02 101.00 101.01 101.00 101.03 101.03 101.00 100.95 100.94 100.97 100.97 100.97 100.96 100.88 100.83 100.88 100.88 100.85 100.81 100.79 100.76 100.67 100.34 100.54 100.61 100.63 100.63 100.61 100.64 100.68 100.75 100.92 100.97 101.36 102.70 102.86 102.87 102.82 102.74 102.70 102.70 102.62 102.46 102.32 102.10 101.86 101.95 101.78 101.78 101.76 101.95 101.99 102.09 102.20 102.29 102.37 102.35 102.36 102.45 102.38 102.34 102.07 101.39 101.07 100.95 100.89 100.79 100.68 100.69 100.81 100.95 100.99 101.01 101.00 101.03 101.07 101.14 101.25 101.36 101.34 101.49 101.81 101.79 101.68 102.01
101.93 102.11 102.24 102.29 102.34 102.23 102.27 102.40 102.55 102.61 102.67 102.75 102.76 102.75 102.77 102.00 101.51 101.27 100.99 101.05 100.90 93.43 89.06 88.08 90.43 98.86 100.62 100.69 100.71 100.65 100.34 100.01 99.80 99.75 99.77 100.00 100.13 100.11 99.74 99.60 99.68 99.74 99.81 99.97 100.20 100.53 100.78 100.85 100.89 100.90 100.92 100.96 100.93 100.94 100.83 100.88 100.91 100.92 100.93 100.94 100.96 100.96 101.04 101.42 101.87 102.23 102.64 102.75 102.98 102.98 103.09 102.93 102.87 102.72 102.60 102.03 101.87 101.90 102.30 101.28 101.12 101.07 101.25 101.13 102.19 101.02 101.05 101.00 101.07 101.08 101.08 101.08 101.33 101.03 101.02 101.04 101.03 101.03 101.03 101.04 101.04 100.99 101.55 100.98 101.01 100.94 100.92 100.96 100.92 100.91 100.88 100.85 100.79 100.78 100.79 100.86 100.60 100.66 100.59 100.73 100.80 100.85 100.65 100.68 100.71 100.79 100.91 100.87 101.06 101.77 102.45 102.80 102.72 102.70 102.67 102.60 102.58 102.54 102.44 102.36 102.34 102.34 102.49 102.37 102.41 102.38 102.52 102.54 102.56 102.64 102.70 102.63 102.75 102.68 102.64 102.44 102.18 101.40 101.00 100.91 100.73 100.54 100.47 100.61 100.61 100.01 100.95 100.97 100.99 101.01 101.06 101.13 101.25 101.38 101.42 101.67 101.37 101.93 101.86 102.01
102.39 102.26 102.23 102.44 102.56 102.54 102.51 102.60 102.72 102.74 102.82 102.83 102.86 102.86 102.84 102.00 101.52 101.03 100.99 101.10 101.01 95.69 93.08 92.04 94.17 100.34 100.81 100.81 100.78 100.69 100.49 100.15 99.78 99.58 99.42 99.33 100.08 100.10 99.97 99.86 99.83 99.84 99.89 99.99 100.19 100.51 100.78 100.84 100.87 100.90 100.90 100.94 100.97 101.01 100.85 100.88 100.89 100.91 100.92 100.94 100.96 100.97 101.12 101.48 101.95 102.80 102.91 102.99 103.11 103.14 103.13 103.07 102.87 102.89 102.75 102.32 102.20 102.24 101.76 101.31 101.38 101.70 101.25 101.12 101.02 101.30 101.40 101.06 101.08 101.11 101.07 101.07 101.04 101.03 101.09 101.06 101.04 101.05 101.05 101.04 101.11 100.99 100.96 101.01 100.95 100.97 101.04 100.85 100.92 100.97 100.85 100.78 100.79 100.81 100.80 100.86 100.73 100.74 100.24 100.83 100.85 100.84 100.56 100.63 100.75 100.79 100.90 100.85 100.94 101.02 101.61 101.82 102.29 102.41 102.40 102.59 102.57 102.58 102.59 102.56 102.61 102.74 102.74 102.77 102.81 102.79 102.88 102.92 102.92 102.86 102.92 102.86 102.89 102.76 102.79 102.77 102.50 101.51 100.99 100.84 100.47 100.34 100.28 100.26 100.54 100.80 100.92 100.95 100.97 101.00 101.07 101.13 101.24 101.35 101.57 101.63 101.42 102.01 102.01 102.13
102.37 102.43 102.48 102.58 102.64 102.72 102.77 102.84 102.88 102.89 102.92 102.91 102.91 102.89 102.88 102.07 101.32 101.01 101.08 101.21 101.23 100.01 98.30 97.96 100.57 100.93 100.88 100.86 100.82 100.65 100.42 100.16 99.85 99.47 99.24 99.16 99.86 100.11 100.05 99.85 99.84 99.66 99.89 100.03 100.05 100.60 100.71 100.80 100.83 100.87 100.89 100.91 100.94 100.98 100.94 100.89 101.02 101.61 101.39 101.03 100.98 100.94 101.16 101.52 102.04 102.79 103.06 103.15 103.26 103.30 103.21 103.29 102.92 103.19 103.04 102.72 102.63 102.66 102.53 101.82 101.38 101.09 101.03 101.10 101.05 101.18 101.15 101.10 101.10 101.05 101.12 101.18 101.11 101.07 101.14 101.18 101.33 101.00 101.11 101.09 101.05 101.00 100.97 101.00 101.01 100.99 100.99 100.96 100.92 100.94 100.90 100.84 100.84 100.79 100.78 100.80 100.83 100.73 100.37 100.81 100.84 100.77 100.96 100.90 100.75 100.74 100.83 100.88 100.90 100.96 101.03 101.16 101.44 101.76 102.14 102.46 102.59 102.66 102.76 102.80 102.82 103.03 102.93 103.10 103.17 103.23 103.29 103.23 103.39 103.28 103.30 103.23 103.18 103.16 103.19 103.04 102.92 101.71 100.98 100.80 100.53 100.29 100.16 98.67 99.50 100.56 100.87 100.94 100.97 101.01 101.07 101.15 101.33 101.49 101.74 101.59 101.92 102.03 101.75 102.31
102.49 102.53 102.50 102.72 102.84 102.84 102.91 102.91 102.92 102.96 102.97 102.95 102.94 102.93 102.92 102.16 101.19 101.05 101.08 101.03 101.26 101.19 101.15 101.13 101.02 100.95 100.82 100.88 100.76 100.56 100.28 100.07 99.71 99.38 99.16 98.68 98.73 100.03 100.09 99.83 99.91 99.84 99.93 99.20 100.26 100.61 100.75 100.79 100.81 100.83 100.78 100.87 100.87 101.01 100.88 100.89 100.90 100.89 101.06 101.95 102.19 101.09 101.41 102.34 102.77 103.14 103.26 103.28 103.35 103.41 103.39 103.34 103.27 103.17 102.85 102.97 102.93 103.02 103.16 102.28 101.89 101.22 101.13 101.30 101.46 101.15 101.21 101.14 101.15 101.07 101.12 101.29 101.14 101.15 101.16 101.62 101.22 101.14 101.08 101.11 100.99 101.00 101.03 101.00 101.00 101.07 101.03 100.95 100.98 100.96 100.91 100.94 100.93 100.91 100.97 100.82 100.87 100.60 100.69 100.47 100.66 100.63 100.62 100.75 100.76 100.80 100.77 100.71 100.91 100.87 101.00 101.26 101.24 101.51 102.22 102.58 102.71 102.92 103.00 103.07 103.20 103.27 103.35 103.48 103.62 103.74 103.82 103.85 103.84 103.75 103.66 103.60 103.60 103.51 103.40 103.28 103.08 102.81 101.12 100.89 100.50 100.25 98.75 91.70 98.42 100.49 100.88 100.95 100.97 101.02 101.18 101.13 101.39 101.59 101.91 101.95 102.08 102.05 102.31 102.39
102.68 102.74 102.77 102.74 102.96 102.85 103.04 103.06 103.04 103.03 103.02 103.00 102.98 102.96 102.94 102.38 101.32 101.06 101.09 101.07 101.05 101.08 100.96 100.99 101.00 100.96 100.93 100.80 100.66 100.48 100.18 99.92 99.64 99.30 98.69 98.61 98.92 100.15 100.28 99.98 100.10 100.08 100.11 99.19 99.98 100.60 100.72 100.76 100.79 100.73 100.64 100.69 100.88 100.94 100.98 101.05 101.04 101.16 101.23 102.00 101.59 101.08 102.74 102.94 103.11 103.21 103.21 103.32 103.46 103.49 103.24 103.42 103.43 103.32 103.03 103.34 103.11 103.19 103.29 103.24 102.25 101.91 101.66 101.51 101.56 101.29 101.15 101.11 101.16 101.17 101.24 101.24 101.18 101.13 101.25 101.14 101.30 101.23 101.05 101.00 101.42 100.98 101.03 101.03 100.94 101.17 100.89 100.97 100.98 100.95 100.95 100.96 100.95 100.94 100.93 100.94 100.92 101.01 100.85 100.78 100.85 100.95 100.74 100.83 100.81 100.65 100.50 100.80 100.92 100.89 101.01 101.08 101.37 102.02 102.54 102.82 103.07 103.09 103.21 103.34 103.45 103.63 103.74 103.96 104.14 104.18 104.24 104.18 104.17 104.07 103.99 103.99 103.83 103.69 103.51 103.38 103.18 102.93 102.04 100.93 100.68 100.35 99.74 99.08 99.74 100.79 100.93 100.97 100.99 101.04 101.08 101.38 101.57 101.76 102.02 102.20 102.20 102.27 102.42 102.59
102.88 102.92 103.00 103.05 103.13 103.11 103.15 103.17 103.16 103.12 103.11 103.10 103.06 102.87 103.02 102.96 102.19 101.24 101.03 101.04 101.04 101.09 100.96 100.95 101.04 100.99 100.87 100.76 100.60 100.37 100.11 99.83 99.63 99.27 98.10 98.48 99.42 100.15 100.24 100.10 100.30 100.33 100.30 100.37 100.49 100.61 100.73 100.78 100.77 100.59 100.64 100.75 100.76 100.94 100.95 100.97 100.97 101.10 101.16 101.50 101.43 101.91 102.57 102.27 101.89 102.99 103.12 103.29 103.47 103.55 103.48 103.59 103.54 103.60 103.54 103.48 103.36 103.41 103.48 103.52 103.46 102.45 102.11 101.82 101.93 101.41 101.23 103.89 101.26 101.20 101.30 101.53 101.26 101.38 101.18 101.16 101.25 101.25 101.06 101.07 101.01 101.14 101.02 101.04 100.98 100.96 100.92 100.95 100.96 100.92 100.95 100.95 100.99 101.05 101.03 101.02 100.95 100.88 100.85 100.84 100.89 100.82 100.78 100.82 100.69 100.82 101.02 101.07 101.05 101.17 101.23 101.55 102.23 102.47 102.75 103.10 103.19 103.36 103.55 103.73 103.90 104.06 104.29 104.43 104.52 104.67 104.61 104.43 104.53 104.37 104.31 104.15 104.00 103.80 103.67 103.57 103.39 103.22 102.61 101.13 100.93 100.78 100.52 100.50 100.74 100.94 100.97 100.99 101.01 101.06 101.35 101.50 101.79 102.04 102.29 102.47 102.49 102.52 102.73 102.82
103.15 103.07 103.19 103.20 103.21 103.21 103.23 103.28 103.28 103.23 103.19 103.20 103.18 103.14 103.11 103.06 102.61 101.93 101.59 101.52 101.27 101.20 101.06 101.02 101.10 100.90 100.83 100.73 100.50 100.31 100.05 99.95 99.54 99.29 98.83 98.87 99.43 100.17 100.20 100.20 100.34 100.42 100.50 100.50 100.57 100.65 100.72 100.79 100.75 100.47 100.75 100.79 100.81 100.87 100.90 100.92 100.96 100.96 101.02 101.37 101.34 101.79 102.06 102.33 102.73 102.79 103.08 103.22 103.29 103.56 103.61 103.60 103.68 103.77 103.71 103.86 103.53 103.61 103.69 103.57 103.54 103.38 102.78 103.13 102.40 101.99 101.45 101.19 101.41 101.48 101.54 101.38 101.25 101.24 101.68 101.35 101.15 101.07 101.04 101.15 101.01 101.02 101.06 101.06 101.02 100.99 100.94 100.94 100.96 100.94 100.93 100.93 100.98 101.02 101.00 101.00 100.94 100.88 100.91 100.92 100.91 101.03 100.84 100.80 100.89 100.87 100.95 101.14 101.08 101.26 101.54 102.15 102.33 102.72 102.96 103.18 103.40 103.64 103.95 104.15 104.29 104.48 104.87 104.72 104.87 104.96 104.90 104.81 104.74 104.61 104.41 104.30 104.39 104.00 103.97 103.83 103.65 103.49 103.04 102.41 101.19 101.01 100.96 100.96 100.86 100.74 101.03 101.03 101.06 101.11 101.02 102.88 102.18 101.35 102.62 102.16 102.79 102.83 102.87 103.07
103.34 102.69 103.23 103.23 103.32 103.30 103.31 103.35 103.31 103.33 103.30 103.32 103.29 103.25 103.29 103.24 103.18 102.72 101.89 101.14 101.24 101.23 101.31 101.18 100.95 100.86 100.79 100.67 100.53 100.17 99.93 99.70 99.32 98.96 98.66 98.76 99.33 100.06 100.29 100.35 100.44 100.53 100.56 100.60 100.53 100.63 100.62 100.54 100.53 100.60 100.74 100.83 100.84 100.82 100.89 100.94 100.96 100.97 100.97 100.98 100.97 100.97 101.18 102.31 102.31 103.06 103.22 103.28 103.36 103.55 103.70 103.93 103.93 103.93 103.87 104.03 103.95 103.97 103.94 103.69 103.86 103.82 103.51 103.05 102.64 102.13 101.67 101.41 101.77 101.53 101.49 101.13 101.36 101.35 101.40 101.16 101.26 101.08 101.20 101.31 100.99 100.98 101.06 100.97 101.20 100.95 100.97 100.93 100.96 100.89 100.84 100.90 100.96 100.98 100.96 100.93 100.93 100.95 100.92 100.99 100.98 101.01 100.98 100.90 100.93 101.03 101.06 101.17 101.38 101.84 102.03 102.43 102.66 102.92 103.16 103.41 103.69 104.04 104.27 104.42 104.66 104.78 104.93 105.04 105.24 105.05 104.98 104.94 104.87 104.53 104.64 104.54 104.39 104.18 103.97 104.13 104.04 103.84 103.65 103.44 103.09 102.67 102.44 101.92 101.72 101.19 101.44 101.18 101.14 101.26 101.34 102.13 102.52 102.64 102.85 102.96 103.01 103.14 103.22 103.30
103.49 103.40 103.40 103.34 103.38 103.36 103.39 103.38 103.37 103.39 103.41 103.39 103.37 103.33 103.38 103.29 103.34 103.23 102.66 100.95 101.08 101.23 101.12 100.97 100.80 100.86 100.78 100.65 100.41 100.03 99.60 99.06 98.49 98.20 98.01 97.93 98.38 99.03 100.00 100.43 100.55 100.59 100.63 100.61 100.16 100.33 100.67 100.75 100.63 100.56 100.74 100.68 100.62 100.69 100.85 100.94 100.97 100.98 100.99 101.00 101.00 100.99 101.11 102.28 102.93 103.13 103.25 103.26 103.42 103.57 103.64 103.98 103.87 104.04 104.07 104.20 104.17 104.30 104.16 104.02 103.97 103.87 103.90 103.02 102.74 102.28 102.12 101.94 101.69 101.82 101.22 101.25 101.31 101.70 101.87 101.12 101.32 101.13 101.22 101.09 101.16 101.07 101.05 101.02 101.02 100.96 100.94 101.04 100.94 100.86 100.96 100.88 100.89 100.88 100.85 100.83 100.89 100.92 100.94 101.02 101.03 101.02 101.34 101.17 101.09 101.37 101.28 101.39 101.74 102.02 102.35 102.68 102.84 103.12 103.31 103.65 103.92 104.26 104.52 104.73 104.82 104.94 105.19 105.32 105.40 105.36 105.22 105.19 104.98 104.94 104.77 104.36 104.56 104.36 104.31 104.26 104.14 103.99 103.96 103.78 103.66 103.38 103.28 103.19 102.91 102.73 102.30 101.70 101.46 101.52 101.54 101.98 102.06 102.80 102.92 103.03 103.16 103.37 103.48 103.53
103.64 103.46 103.47 103.36 103.47 103.43 103.47 103.46 103.42 103.44 103.46 103.47 103.45 103.40 103.35 103.31 103.27 103.16 103.10 101.11 101.10 101.06 100.99 100.94 100.83 100.87 100.79 100.66 100.44 99.78 98.81 98.03 97.21 96.70 96.69 97.11 97.53 97.65 98.69 99.87 100.49 100.67 100.69 100.68 100.63 100.54 100.60 100.68 100.74 100.85 100.61 100.54 100.44 100.32 100.65 100.88 100.96 100.98 100.99 100.98 101.01 100.98 101.37 102.43 102.91 103.10 103.23 103.33 103.42 103.66 103.72 103.89 103.96 104.17 104.21 104.37 104.51 104.46 104.44 104.27 104.32 104.23 104.10 104.02 103.67 103.44 103.35 103.08 102.60 103.10 101.69 101.49 101.25 101.22 101.46 101.24 101.49 101.73 101.12 101.62 101.18 101.40 101.10 101.71 101.17 101.24 101.04 100.97 100.95 100.90 100.88 100.86 100.86 100.79 100.80 100.80 100.85 100.95 101.39 101.17 101.12 101.02 101.06 101.03 101.27 101.42 101.50 101.57 102.09 102.30 102.61 102.92 103.09 103.26 103.64 103.93 104.09 104.44 104.66 104.96 105.09 105.29 105.46 105.49 105.54 105.58 105.51 105.36 105.31 105.12 105.02 104.92 104.83 104.62 104.78 104.70 104.44 104.17 104.17 103.93 103.70 103.59 103.27 103.15 102.85 102.75 102.42 102.08 101.84 101.82 101.74 102.11 101.98 102.97 103.02 103.14 103.39 103.43 103.54 103.56
103.58 103.53 103.55 103.47 103.05 103.50 103.51 103.25 103.50 103.49 103.46 103.47 103.39 103.39 103.35 103.29 103.28 103.31 103.07 102.48 101.02 100.99 101.16 100.95 100.95 100.89 100.83 100.73 100.32 99.20 97.85 96.61 95.77 95.66 95.25 95.54 96.96 97.21 97.69 99.00 100.24 100.68 100.75 100.73 100.58 100.64 100.54 99.90 100.64 100.67 100.65 100.54 100.32 100.08 100.36 100.74 100.91 100.95 100.97 100.96 101.05 101.06 101.08 101.83 102.94 103.18 103.23 103.30 103.50 103.67 103.86 104.03 104.06 104.31 104.44 104.52 104.58 104.64 104.65 104.77 104.42 104.42 104.36 104.29 104.09 103.49 103.69 103.37 102.84 102.76 102.49 101.89 101.87 101.78 101.69 101.38 101.22 101.16 101.70 101.48 101.73 102.78 101.69 101.09 101.82 101.05 101.01 101.01 100.97 100.98 100.94 100.86 101.05 100.83 100.84 100.92 100.88 100.93 101.32 101.31 101.33 101.30 101.34 101.50 101.54 101.66 101.80 102.09 102.25 102.58 102.83 103.11 103.19 103.56 103.79 104.10 104.32 104.51 104.86 104.93 105.40 105.57 105.63 105.64 105.64 105.67 105.57 105.54 105.41 105.50 105.25 105.19 105.00 104.95 104.88 104.80 104.68 104.33 103.96 104.03 103.78 103.63 103.40 103.14 102.84 102.83 102.60 102.41 102.30 102.13 102.00 101.57 101.06 103.03 103.09 103.13 103.37 103.53 103.59 103.53
103.56 103.58 103.61 103.58 103.55 103.52 103.47 103.52 103.49 103.47 103.48 103.50 103.44 103.48 103.35 103.39 103.30 103.01 102.86 102.47 101.83 101.37 101.09 101.02 100.96 100.93 100.90 100.75 100.25 98.92 97.36 96.36 95.99 95.90 95.01 95.47 96.70 97.33 97.97 99.30 100.35 100.71 100.75 100.73 100.27 100.68 100.57 100.34 100.54 100.47 100.48 100.37 100.36 100.44 100.57 100.67 100.85 100.94 100.95 100.94 100.98 101.06 101.07 101.64 102.67 103.27 103.35 103.25 103.55 103.74 103.88 104.12 104.24 104.39 104.55 104.69 104.75 104.79 104.80 104.77 104.73 104.69 104.57 104.81 104.76 104.24 103.92 103.82 103.43 103.48 102.72 103.33 102.88 102.45 102.58 101.87 101.56 102.22 101.30 101.87 102.98 102.98 102.88 101.38 101.64 101.04 101.09 101.08 101.08 101.02 100.98 101.05 102.20 101.30 100.97 101.02 101.59 100.97 101.44 101.30 101.37 101.35 101.75 101.82 102.00 101.88 102.15 102.20 102.58 102.91 103.05 103.14 103.38 103.62 104.04 104.28 104.56 104.70 105.13 105.31 105.44 105.67 105.70 105.69 105.68 105.63 105.66 105.62 105.57 105.44 105.35 105.39 105.36 105.20 105.04 104.86 104.71 104.58 104.36 104.13 103.87 103.59 103.43 103.20 102.91 102.90 102.80 102.66 102.64 102.34 101.34 101.68 101.38 102.83 103.06 103.25 103.30 103.51 103.50 103.60
103.56 103.64 103.64 103.60 103.56 103.55 103.52 103.51 103.50 103.52 103.49 103.59 103.53 103.54 103.41 103.37 103.22 103.01 102.63 102.09 101.67 101.35 101.12 101.04 100.99 100.96 100.92 100.86 100.58 99.79 98.43 97.23 96.64 96.45 96.32 96.48 97.16 97.60 99.53 100.47 100.78 100.84 100.79 100.77 100.78 100.49 100.67 100.20 100.46 100.49 100.43 100.52 100.01 100.43 100.75 100.68 100.76 100.91 100.95 101.00 100.99 101.00 101.06 101.64 102.62 103.32 103.52 103.58 103.70 103.86 104.12 104.25 104.51 104.59 105.00 104.73 104.87 104.78 104.89 104.90 104.85 104.83 104.63 104.67 104.74 104.38 104.27 103.90 103.79 103.84 103.65 103.52 103.50 103.27 102.92 102.34 102.09 101.87 102.62 102.81 103.10 102.93 102.10 102.76 102.08 102.69 102.40 102.64 101.00 100.98 100.96 101.49 101.01 100.94 101.68 101.76 101.54 101.39 101.48 101.62 101.68 101.69 102.27 102.70 102.20 102.19 102.27 102.69 102.95 103.05 102.97 103.36 103.39 103.73 104.07 104.45 104.67 104.73 105.11 105.36 105.55 105.66 105.60 105.42 105.68 105.61 105.56 105.45 105.57 105.29 105.35 105.31 105.22 105.16 105.17 104.98 104.79 104.71 104.25 104.13 103.85 103.58 103.26 103.16 103.03 102.92 102.75 102.83 102.80 102.46 101.99 101.63 101.15 102.71 103.21 103.21 103.46 103.50 103.58 103.66
103.72 103.71 103.65 103.65 103.64 103.60 103.57 103.52 103.50 103.56 103.57 103.50 103.49 103.44 103.42 103.26 103.04 102.75 102.36 102.00 101.59 101.31 101.13 101.07 101.03 101.00 100.96 100.93 100.83 100.50 100.09 99.68 99.53 97.84 97.06 96.85 97.62 99.22 100.15 100.67 100.83 100.88 100.88 100.90 100.92 100.94 100.95 100.89 100.60 100.35 99.97 100.33 100.74 100.70 100.68 100.76 100.95 100.92 100.94 101.01 101.06 101.24 101.50 101.97 102.63 103.39 103.45 103.71 103.87 104.05 104.16 104.47 104.58 104.73 104.70 104.94 104.93 104.93 105.08 105.08 104.87 104.94 104.87 104.82 104.71 104.62 104.30 104.40 104.24 103.93 103.88 104.04 103.68 103.50 103.45 103.33 102.79 102.48 103.05 103.02 102.43 102.02 101.70 102.82 102.06 102.69 102.76 102.80 102.12 101.45 101.19 101.65 101.40 101.26 101.74 101.44 101.23 101.68 101.75 101.89 101.82 102.14 102.30 102.56 102.56 102.69 102.75 102.79 103.04 103.15 103.29 103.32 103.68 103.84 104.33 104.57 104.80 105.04 105.14 105.35 105.50 105.66 105.65 105.66 105.63 105.50 105.55 105.57 105.53 105.50 105.37 105.45 105.37 105.06 105.18 105.12 104.91 104.60 104.12 103.91 103.77 103.40 103.21 103.11 103.07 103.00 102.98 102.97 102.95 102.82 102.61 102.13 101.40 102.91 102.92 103.03 103.34 103.63 103.62 103.71
103.73 103.71 103.70 103.62 103.61 103.61 103.56 103.59 103.49 103.63 103.59 103.53 103.54 103.42 103.24 103.19 102.84 102.60 102.29 101.98 101.58 101.41 101.25 101.16 101.10 101.05 101.00 100.99 100.96 100.91 100.85 100.82 100.83 100.81 100.28 100.12 100.58 100.74 100.77 100.80 100.85 100.88 100.88 100.89 100.92 100.95 100.95 100.94 100.43 100.32 100.63 100.80 100.95 100.89 100.91 100.99 100.95 101.58 100.95 100.99 101.08 101.36 101.93 102.63 103.17 103.48 103.65 103.76 104.10 104.17 104.42 104.57 104.64 104.76 104.81 104.77 104.64 104.41 105.02 105.04 104.97 105.06 104.93 104.91 104.78 104.73 104.69 104.61 104.46 104.32 104.18 104.13 104.07 103.95 103.59 103.66 103.40 103.23 103.24 103.30 103.12 102.99 103.30 102.91 102.51 102.85 102.34 102.37 102.72 102.12 101.64 101.99 102.05 102.23 102.29 101.36 101.75 101.93 102.05 102.30 102.31 102.44 102.71 102.53 102.85 102.87 102.89 102.95 103.13 103.20 103.48 103.56 103.80 103.99 104.88 104.93 104.79 104.95 105.14 105.29 105.46 105.61 105.61 105.55 105.57 105.53 105.49 105.49 105.36 105.52 105.47 105.43 105.27 105.26 105.26 105.01 104.75 104.44 104.19 103.02 103.26 103.61 103.36 103.30 103.21 103.13 103.15 103.05 103.08 103.02 102.94 102.67 102.75 102.84 102.97 103.28 103.34 103.55 103.62 103.74
103.76 103.72 103.71 103.63 103.69 103.68 103.64 103.64 103.58 103.59 103.63 103.52 103.50 103.32 103.14 102.97 102.69 102.51 102.29 102.01 101.75 101.62 101.45 101.30 101.14 101.09 101.06 101.03 101.01 100.99 100.98 100.96 100.95 100.94 100.93 100.94 100.94 100.94 100.90 100.87 100.87 100.90 100.90 100.83 100.87 100.91 100.91 100.90 101.00 100.61 101.57 101.95 102.20 101.61 101.49 100.99 101.00 101.00 101.75 101.01 101.31 101.78 102.50 103.01 103.14 103.61 103.85 104.08 104.12 104.45 104.45 104.57 104.72 104.74 104.77 104.79 104.86 104.99 105.07 105.06 105.08 105.00 104.99 104.93 104.90 104.81 104.81 104.60 104.55 104.48 104.40 104.25 104.02 103.91 103.79 103.82 103.61 103.66 103.66 103.57 103.18 103.42 102.95 103.11 106.38 103.69 102.47 103.00 102.82 102.39 102.22 102.42 102.30 102.24 101.97 102.45 102.35 102.47 102.58 102.50 102.52 102.62 102.82 102.80 102.80 102.93 102.88 103.03 103.14 103.30 103.54 103.73 103.94 104.18 104.69 104.82 104.73 104.97 104.98 105.22 105.34 105.44 105.51 105.51 105.46 105.48 105.45 105.44 105.37 105.22 105.45 105.31 105.15 105.04 105.05 104.75 104.59 104.29 104.16 103.10 102.90 103.67 103.47 103.41 103.38 103.31 103.33 103.27 103.13 103.21 103.08 103.10 102.35 102.71 103.43 103.35 103.33 103.66 103.86 103.67
103.74 103.75 103.68 103.69 103.71 103.73 103.59 103.57 103.61 103.59 103.53 103.40 103.31 103.20 103.02 102.83 102.59 102.33 102.17 101.98 101.59 101.66 101.50 101.31 101.25 101.16 101.11 101.08 101.05 101.03 101.01 100.99 100.98 100.97 100.97 100.97 100.96 100.96 100.93 100.91 100.90 100.90 100.91 100.92 100.90 100.93 100.96 101.02 101.39 101.66 101.92 102.14 102.44 102.60 102.64 102.01 101.08 101.03 101.10 101.65 101.99 102.56 102.92 103.48 103.50 103.73 103.91 104.16 104.34 104.46 104.64 104.76 104.84 104.83 104.90 104.94 104.96 104.82 105.23 105.34 105.02 105.01 105.09 104.69 104.95 104.85 104.68 104.64 104.72 104.56 104.54 104.43 104.28 104.15 104.04 103.95 103.84 103.56 103.84 103.63 103.62 103.61 102.97 105.50 105.63 103.49 102.10 103.01 102.89 102.69 102.70 102.66 102.64 102.71 102.88 102.66 102.74 102.69 102.81 102.84 102.80 102.90 102.82 102.85 102.93 102.95 102.88 103.06 103.16 103.27 103.42 103.68 103.95 104.15 104.41 104.43 104.74 104.83 105.05 105.15 105.25 105.33 105.46 105.42 105.45 105.43 105.33 105.41 105.39 105.31 105.27 105.12 105.12 104.85 104.53 104.62 104.46 104.27 104.13 104.01 103.83 103.74 103.64 103.50 103.45 103.46 103.35 103.40 103.28 103.24 103.20 103.23 103.05 103.38 103.38 103.22 103.36 103.65 103.83 103.80
103.69 103.65 103.74 103.75 103.73 103.69 103.64 103.56 103.52 103.39 103.44 103.36 103.20 103.06 102.86 102.59 102.22 102.28 102.21 102.02 101.88 101.78 101.60 101.49 101.37 101.28 101.18 101.12 101.10 101.06 101.04 101.03 101.01 101.00 101.01 101.00 101.00 100.98 100.96 100.94 100.93 100.92 100.93 100.94 100.96 101.00 101.04 101.15 101.41 101.77 102.10 102.29 102.46 102.64 102.77 102.92 101.72 102.13 101.40 102.51 103.27 103.43 103.58 103.65 103.79 103.97 104.25 104.38 104.52 104.58 104.81 104.87 104.89 104.92 104.99 105.07 105.07 105.02 105.13 105.08 104.98 105.08 105.01 105.09 104.97 105.15 105.06 104.81 104.78 104.58 104.62 104.53 104.37 104.32 104.13 104.00 104.06 104.34 103.86 103.83 103.59 103.61 103.43 103.27 102.81 102.87 102.82 103.18 102.98 103.08 102.96 102.97 102.85 102.96 102.95 102.90 103.02 103.13 102.95 103.07 102.97 102.92 102.78 102.87 102.92 102.85 102.83 103.02 103.10 103.17 103.44 103.67 103.85 104.03 103.99 104.26 104.43 104.65 104.69 104.81 104.85 104.99 105.00 105.15 105.19 105.21 105.13 105.15 104.98 105.00 105.02 105.02 104.76 104.55 104.46 104.29 104.37 104.20 104.09 103.97 103.85 103.71 103.63 103.57 103.53 103.46 103.50 103.46 103.12 103.24 103.16 103.32 103.26 103.24 103.30 103.50 103.69 103.68 103.78 103.79
103.80 103.76 103.67 103.56 103.61 103.42 103.49 103.53 103.46 103.40 103.38 103.24 103.17 102.99 102.93 102.62 104.83 102.14 102.26 102.16 102.03 101.88 101.78 101.72 101.54 101.41 101.31 101.19 101.13 101.11 101.08 101.08 101.06 101.07 101.06 101.07 101.04 101.03 101.01 100.99 100.97 100.97 100.96 100.96 100.98 101.03 101.13 102.17 101.96 102.26 102.38 102.40 102.83 102.63 102.79 103.00 103.16 103.23 103.48 103.60 103.71 103.83 104.06 104.14 104.30 104.43 104.47 104.59 104.65 104.75 104.88 104.93 104.95 105.03 105.06 105.00 105.04 105.05 105.11 105.23 104.97 105.02 105.08 105.01 105.15 104.99 104.82 104.81 104.65 104.68 104.63 104.60 104.47 104.34 104.11 104.09 104.08 104.07 103.97 103.85 103.78 103.69 103.52 103.54 103.48 103.32 103.21 103.22 103.23 103.14 103.14 103.15 103.06 103.19 103.08 103.21 103.34 103.29 103.27 103.21 103.02 102.97 102.89 102.85 102.75 102.78 102.99 103.10 103.10 103.16 103.36 103.56 103.70 103.72 103.90 104.10 104.23 104.37 104.38 104.46 104.54 104.63 104.66 104.78 104.83 104.76 104.80 104.80 104.49 104.54 104.67 104.52 104.50 104.30 104.20 104.30 104.01 104.14 104.07 103.77 103.67 103.65 103.60 103.61 103.47 103.49 103.42 103.30 103.25 103.33 103.35 103.10 103.17 103.14 103.36 103.53 103.65 103.76 103.84 103.87
103.75 103.75 103.70 103.64 103.69 103.55 103.45 103.41 103.40 103.42 103.26 103.15 103.17 102.99 102.87 102.84 102.32 102.42 102.27 102.26 102.15 102.07 101.94 101.83 101.75 101.64 101.50 101.37 101.38 101.27 101.24 101.19 101.17 101.18 101.16 101.17 101.15 101.13 101.11 101.05 101.03 101.01 101.00 101.01 101.04 101.13 101.38 101.64 102.05 102.22 102.37 102.46 102.56 102.71 102.90 103.08 103.26 103.47 103.65 103.79 104.11 104.20 104.27 104.33 104.45 104.48 104.59 104.68 104.74 104.87 104.87 105.34 105.05 105.05 105.06 105.12 105.10 105.04 105.07 105.06 105.04 105.19 104.96 104.99 104.31 105.70 104.82 104.76 104.74 104.64 104.69 104.52 104.45 104.38 104.34 104.19 104.19 104.06 103.99 103.78 103.79 103.74 103.55 103.39 103.32 103.34 103.33 103.21 103.38 103.30 103.25 103.35 103.45 103.43 103.42 103.48 103.55 103.46 103.36 103.15 103.06 103.08 103.02 102.91 102.91 102.94 102.87 102.98 103.07 103.11 103.30 103.36 103.53 103.52 103.61 103.75 103.97 104.05 104.09 104.02 104.25 104.18 104.34 104.49 104.50 104.44 104.41 104.45 104.41 104.30 104.39 104.31 104.34 104.32 104.12 104.19 104.04 104.09 104.03 103.83 103.72 103.74 103.60 103.55 103.50 103.40 103.39 103.33 103.17 103.30 103.28 103.18 103.43 103.30 103.32 103.49 103.67 103.65 103.72 103.73
103.65 103.69 103.66 103.50 103.62 103.59 103.32 103.49 103.49 103.49 103.40 103.31 103.19 103.10 102.94 102.75 102.80 102.64 102.55 102.44 102.35 102.23 102.08 101.97 101.97 101.91 101.87 101.76 101.69 101.62 101.57 101.47 101.43 101.46 101.56 101.46 101.46 101.47 101.33 101.20 101.16 101.13 101.13 101.26 101.35 101.62 101.80 102.00 102.23 102.36 102.47 102.66 102.73 102.87 103.04 103.17 103.36 103.55 103.73 103.98 104.27 104.10 104.46 104.53 104.55 104.61 104.72 104.79 104.82 104.81 104.93 104.91 104.95 105.04 105.06 105.07 105.01 105.11 105.18 105.14 105.03 105.01 105.04 104.96 104.94 104.91 104.88 104.86 104.78 104.62 104.51 104.58 104.44 104.44 104.17 104.27 104.25 104.15 103.94 103.89 103.77 103.73 103.69 103.63 103.63 103.56 103.37 103.38 103.42 103.47 103.57 103.61 103.60 103.60 103.49 103.58 103.58 103.58 103.36 103.26 103.22 103.14 102.97 103.00 102.90 102.91 102.84 102.93 103.01 103.03 103.16 103.12 103.37 103.55 103.47 103.31 103.59 103.66 103.62 103.82 103.95 103.76 103.97 104.10 104.08 103.99 104.09 104.07 104.08 104.08 104.07 104.12 104.10 104.02 104.01 104.07 104.03 103.90 103.90 103.78 103.83 103.68 103.62 103.51 103.45 103.37 103.17 103.19 103.16 103.24 103.30 103.31 103.39 103.36 103.41 103.47 103.58 103.71 103.51 103.62
103.58 103.59 103.57 103.60 103.57 103.64 103.52 103.45 103.51 103.36 103.29 103.31 103.23 103.12 103.00 102.92 102.83 102.75 102.68 102.55 102.44 102.41 102.34 102.28 102.19 102.16 102.08 102.02 101.98 101.97 101.96 101.91 101.94 101.95 101.90 101.87 101.84 101.87 101.83 102.26 101.77 101.76 101.76 101.81 101.86 101.95 102.04 102.20 102.42 102.56 102.61 102.88 103.05 103.17 103.29 103.48 103.63 103.78 103.93 104.04 104.27 104.48 104.56 104.62 104.73 105.15 104.63 104.88 104.92 104.92 105.02 104.88 104.98 105.14 105.20 105.17 105.14 105.16 105.06 105.11 105.06 105.07 105.01 105.04 104.95 104.92 104.83 104.78 104.69 104.63 104.55 104.51 104.49 104.38 104.38 104.38 104.19 104.09 104.06 103.92 103.88 103.80 103.68 103.67 103.64 103.67 103.51 103.61 103.59 103.68 103.66 103.69 103.72 103.71 103.59 103.68 103.60 103.60 103.53 103.31 103.40 103.35 102.92 103.08 103.02 102.95 102.86 102.81 102.86 102.97 102.96 103.01 103.08 102.59 103.09 103.31 103.34 103.30 103.48 103.57 103.64 103.43 103.73 103.78 103.79 103.63 103.75 103.72 103.81 103.86 103.80 103.87 103.81 103.74 103.83 103.85 103.77 103.74 103.76 103.68 103.62 103.65 103.55 103.51 103.46 103.22 103.35 103.31 103.19 103.27 103.22 103.33 103.37 103.35 103.46 103.47 103.42 103.56 103.53 103.44
103.64 103.48 103.48 104.40 103.53 103.58 103.59 103.56 103.52 103.49 103.43 103.30 103.29 103.17 103.13 103.09 103.00 102.94 102.78 102.62 102.39 102.60 102.54 102.49 102.44 102.42 102.34 102.36 102.35 102.29 102.27 102.21 102.20 102.15 102.11 102.07 102.06 102.08 102.08 102.06 102.05 102.09 102.10 102.16 102.26 102.32 102.43 102.48 102.66 102.80 103.02 103.15 103.31 103.49 103.70 103.79 103.91 104.03 104.19 104.22 104.34 104.50 104.65 104.77 104.77 104.80 104.97 104.94 104.92 104.92 104.99 104.94 105.03 105.02 105.06 105.13 105.08 105.01 105.00 105.06 105.04 105.04 104.94 104.88 104.83 104.56 104.63 104.60 104.59 104.56 104.54 104.45 104.33 104.28 104.35 104.04 104.01 104.03 103.98 103.91 103.89 103.81 103.73 103.73 103.75 103.72 103.71 103.73 103.72 103.69 103.76 103.73 103.80 103.73 103.70 103.67 103.65 103.55 103.63 103.53 103.43 103.38 103.36 103.23 103.14 103.07 102.95 102.90 102.86 102.86 102.86 102.93 102.98 102.98 103.06 103.17 103.22 103.21 103.32 103.14 103.40 103.20 103.43 103.52 103.39 103.55 103.53 103.54 103.59 103.60 103.56 103.57 103.68 103.68 103.67 103.62 103.63 103.57 103.62 103.64 103.59 103.52 103.55 103.50 103.34 103.41 103.41 103.42 103.18 103.26 103.29 103.33 103.23 103.39 103.48 103.52 103.48 103.54 103.56 103.57
103.57 103.72 103.59 103.70 103.69 103.65 103.62 103.65 103.39 103.50 103.43 103.43 103.45 103.41 103.59 103.22 103.17 103.11 102.97 103.05 102.99 102.88 102.85 102.81 102.77 102.74 102.61 102.66 102.63 102.60 102.54 102.49 102.47 102.43 102.37 102.30 102.30 102.32 102.27 102.26 102.27 102.33 102.41 102.48 102.59 102.69 102.76 102.89 102.97 103.11 103.23 103.26 103.54 103.78 103.95 104.14 104.30 104.49 104.55 104.57 104.60 104.74 104.80 104.77 104.91 104.94 104.96 104.87 104.93 104.99 104.88 104.91 105.01 105.03 105.03 105.06 105.06 105.00 105.02 105.01 105.04 104.96 104.90 104.58 105.47 106.80 103.89 104.46 104.57 104.48 104.53 104.37 104.40 104.22 104.21 104.13 104.05 104.02 104.02 103.97 103.88 103.88 103.83 103.70 103.81 103.68 103.67 103.72 103.71 103.70 103.78 103.78 103.83 103.74 103.59 103.61 103.75 103.61 103.57 103.65 103.60 103.50 103.47 103.25 103.23 103.03 103.07 102.97 102.94 102.79 102.89 102.85 102.85 102.88 102.96 102.92 103.00 103.03 102.95 103.08 103.17 103.15 103.24 103.26 103.18 103.33 103.32 103.35 103.33 103.36 103.41 103.43 103.44 103.48 103.29 103.51 103.47 103.56 103.54 103.53 103.43 103.41 103.53 103.51 103.40 103.52 103.51 103.32 103.45 103.35 103.49 103.47 103.42 103.44 103.44 103.53 103.40 103.42 103.61 103.28
103.70 103.69 103.75 103.72 103.69 103.82 103.76 103.70 103.74 103.69 103.51 103.56 103.61 103.47 103.51 103.43 103.42 103.37 103.34 103.33 103.14 103.21 103.07 103.00 103.00 102.86 102.99 102.95 102.85 102.82 102.80 102.69 102.71 102.61 102.91 102.51 102.51 102.50 102.47 102.50 102.54 102.59 102.71 102.75 102.83 102.95 103.08 103.23 103.34 103.47 103.64 103.83 103.98 104.17 104.36 104.53 104.72 104.84 104.97 105.08 105.12 105.09 104.99 104.94 104.95 104.94 104.90 104.95 105.01 104.97 105.01 105.01 104.97 105.04 105.04 104.99 104.97 104.86 105.04 104.99 104.97 104.90 104.74 104.68 104.67 104.52 104.50 104.53 104.48 104.51 104.42 104.34 104.33 104.22 104.18 104.09 104.05 104.00 103.96 103.85 103.78 103.85 103.81 103.69 103.72 103.72 103.73 103.67 103.62 103.52 103.59 103.75 103.81 103.74 103.69 103.71 103.58 103.66 103.64 103.62 103.57 103.44 103.48 103.40 103.31 103.24 103.22 103.05 102.96 102.93 102.85 102.77 102.77 102.77 102.68 102.84 102.85 102.88 102.57 102.93 102.99 103.08 103.10 103.04 103.07 103.09 102.91 103.18 103.17 103.21 103.18 103.32 103.30 103.35 103.38 103.37 103.38 103.41 103.42 103.48 103.32 103.34 103.35 103.42 103.40 103.40 103.52 103.52 103.54 103.47 103.54 103.47 103.57 103.55 103.42 103.48 103.50 103.65 103.62 103.67
103.58 103.80 103.82 103.77 103.80 103.82 103.79 103.84 103.70 103.89 103.77 103.75 103.72 103.75 103.58 103.50 103.49 103.61 103.65 103.54 103.55 103.54 103.50 103.46 103.33 103.30 102.94 103.24 103.23 103.05 103.19 102.99 103.02 102.90 102.79 102.72 102.75 102.75 102.77 102.78 102.80 102.93 103.01 103.11 103.20 103.33 103.54 103.73 103.92 104.06 104.15 104.25 104.31 104.44 104.53 104.67 104.76 104.80 104.91 104.95 104.95 104.97 104.95 104.94 104.89 104.93 104.95 104.97 104.92 104.99 105.00 104.97 105.05 105.02 104.89 104.97 104.96 104.88 104.90 104.86 104.80 104.76 104.80 104.71 104.58 104.60 104.45 104.40 104.38 104.32 104.33 104.25 104.16 104.15 104.15 103.95 104.00 103.99 103.94 103.91 103.89 103.88 103.84 103.73 103.75 103.84 103.79 103.74 103.72 103.77 103.53 103.57 103.70 103.68 103.73 103.68 103.62 103.65 103.63 103.52 103.45 103.49 103.45 103.43 103.28 103.25 103.23 103.19 103.13 103.06 102.99 102.88 102.87 102.79 102.71 102.64 102.69 102.80 102.87 102.83 102.87 102.86 102.91 102.90 102.91 102.92 102.96 103.02 103.02 103.00 103.09 103.03 103.10 103.19 103.27 103.31 103.27 103.34 103.51 103.44 103.39 103.38 103.38 103.47 103.47 103.53 103.54 103.61 103.57 103.53 103.51 103.61 103.64 103.68 103.81 103.74 103.70 103.73 103.68 103.63
103.82 103.91 103.98 103.88 103.83 103.92 104.21 103.79 103.91 103.93 103.78 103.85 103.88 103.82 103.93 103.96 103.94 103.86 104.01 103.74 103.63 103.78 103.78 103.71 103.61 103.56 103.47 103.38 103.44 103.29 103.33 103.36 103.37 103.20 103.31 103.33 103.20 103.20 103.23 103.26 103.21 103.39 103.45 103.51 103.63 103.71 103.83 104.01 104.10 104.24 104.34 104.41 104.42 104.39 104.48 104.51 104.54 104.59 104.65 104.65 104.61 104.69 104.70 104.74 104.89 104.81 104.84 104.88 104.99 104.91 104.95 104.92 104.90 104.96 104.88 104.82 104.83 104.87 104.82 104.75 104.70 104.69 104.65 104.58 104.50 104.48 104.42 104.41 104.36 104.24 104.12 104.05 104.10 104.12 104.02 104.01 103.96 103.94 103.91 103.86 103.79 103.73 103.70 103.68 103.75 103.78 103.76 103.69 103.72 103.70 103.76 103.68 103.65 103.66 103.59 103.64 103.56 103.54 103.43 103.52 103.37 103.46 103.42 103.29 103.29 103.28 103.25 103.24 103.17 103.09 103.03 103.04 102.97 102.93 102.83 102.84 102.77 102.72 102.68 102.65 102.58 102.57 102.61 102.65 102.71 102.76 102.84 102.87 102.96 102.94 103.02 103.01 103.01 103.04 103.14 103.11 103.25 103.33 103.38 103.42 103.44 103.36 103.49 103.51 103.53 103.61 103.57 103.61 103.47 103.65 103.64 103.62 103.54 103.68 103.72 103.76 103.86 103.70 103.80 103.77
103.99 104.07 104.08 104.03 103.96 104.13 104.16 104.11 104.11 104.17 104.25 104.14 104.16 104.04 104.29 104.12 104.08 104.05 103.98 103.98 104.03 103.75 103.76 103.85 103.74 103.87 103.74 104.16 103.93 103.82 103.91 103.74 103.66 103.60 103.50 103.59 103.50 103.54 103.58 103.70 103.75 103.83 103.87 103.91 104.01 104.07 104.11 104.16 104.22 104.30 104.39 104.54 104.48 104.49 104.49 104.47 104.43 104.42 104.36 104.43 104.48 104.53 104.58 104.57 104.62 104.70 104.74 104.71 104.71 104.75 104.84 104.90 104.89 104.78 104.85 104.86 104.87 104.78 104.71 104.61 104.62 104.56 104.50 104.45 104.48 104.46 104.40 104.34 104.27 104.27 104.18 103.99 104.00 104.00 103.98 103.85 103.87 103.86 103.82 103.85 103.79 103.79 103.74 103.60 103.71 103.72 103.64 103.61 103.60 103.55 103.61 103.63 103.67 103.66 103.60 103.65 103.66 103.58 103.46 103.39 103.44 103.51 103.47 103.35 103.32 103.28 103.22 103.26 103.14 103.12 103.07 103.02 103.04 102.96 102.98 102.93 102.88 102.82 102.80 102.81 102.83 102.85 102.87 102.88 102.90 102.93 102.94 102.96 103.01 103.03 103.00 103.07 103.07 103.12 103.12 103.12 103.25 103.31 103.35 103.32 103.46 103.45 103.40 103.51 103.60 103.66 103.58 103.66 103.75 103.79 103.28 104.66 103.49 102.45 103.75 103.83 103.98 103.94 103.77 103.89
104.00 104.14 104.07 104.13 104.14 104.29 104.11 104.22 104.25 104.24 104.31 104.21 104.23 104.34 104.23 104.30 104.29 104.08 104.19 104.24 104.17 104.29 104.35 104.44 104.25 104.04 104.08 104.08 103.80 103.90 103.93 103.87 104.02 104.08 104.16 103.96 103.90 103.92 103.81 103.96 103.95 104.00 104.12 104.11 104.10 104.04 104.14 104.20 104.25 104.36 104.43 104.45 104.44 104.46 104.47 104.60 104.44 104.43 104.46 104.49 104.58 104.64 104.68 104.69 104.69 104.66 104.62 104.65 104.70 104.62 104.74 104.75 104.75 104.76 104.73 104.77 104.70 104.69 104.58 104.61 104.52 104.51 104.42 104.58 104.38 104.30 104.24 104.18 104.16 104.17 104.09 104.06 104.02 103.95 103.95 103.92 104.01 103.81 103.77 103.74 103.72 103.71 103.70 103.65 103.67 103.69 103.69 103.65 103.58 103.65 103.61 103.57 103.63 103.62 103.61 103.58 103.54 103.57 103.47 103.47 103.45 103.42 103.34 103.46 103.44 103.40 103.28 103.25 103.24 103.14 103.21 103.17 103.17 103.12 103.03 103.05 103.01 103.00 102.98 102.97 102.95 103.01 103.02 102.89 102.96 103.00 103.05 103.07 103.01 103.02 103.05 103.11 103.13 103.15 103.19 103.19 103.23 103.32 103.36 103.42 103.42 103.51 103.52 103.60 103.63 103.62 103.63 103.67 103.72 103.78 103.79 103.85 103.79 104.05 104.07 104.10 104.11 104.10 104.05 103.96
104.26 104.13 103.86 103.73 103.91 104.23 104.12 103.69 103.72 104.19 104.31 104.32 104.35 104.31 104.29 104.10 103.77 103.82 103.71 104.09 103.86 103.99 104.46 104.78 104.30 104.10 104.09 104.23 104.15 104.14 104.13 104.13 104.19 104.09 103.73 104.07 103.96 104.06 104.02 103.98 104.17 104.14 104.05 104.05 104.15 104.24 104.28 104.32 104.36 104.40 104.42 104.47 104.32 104.54 104.57 104.62 104.65 104.65 104.65 104.66 104.70 103.96 104.00 104.44 104.59 104.56 104.56 104.59 104.51 104.51 104.58 104.60 104.60 104.61 104.56 104.57 104.54 104.55 104.59 104.57 104.51 104.39 104.37 104.33 104.32 104.26 104.12 104.10 104.18 104.12 104.13 104.08 103.99 103.89 103.87 103.91 103.91 103.88 103.84 103.79 103.78 103.77 103.72 103.81 103.72 103.70 103.70 103.68 103.67 103.66 103.66 103.63 103.59 103.52 103.52 103.51 103.56 103.47 103.47 103.37 103.41 103.44 103.45 103.46 103.44 103.45 103.41 103.38 103.33 103.27 103.30 103.23 103.19 103.11 102.81 103.03 103.13 103.14 103.16 103.13 103.08 103.08 103.08 103.07 103.08 103.05 103.11 103.07 103.10 103.04 103.11 103.17 103.16 103.20 103.25 103.28 103.31 103.34 103.30 103.38 103.41 103.48 103.58 103.65 103.67 103.67 103.72 103.81 103.81 103.77 103.86 103.79 103.85 103.93 103.91 104.13 104.24 104.22 104.13 104.20
103.97 103.83 103.84 103.95 103.98 103.93 103.89 103.89 103.93 103.91 103.94 103.76 104.04 103.99 104.03 104.12 104.12 104.17 104.17 104.10 104.08 104.21 104.20 104.23 104.29 104.33 104.24 103.99 104.06 103.93 103.99 104.04 104.08 104.10 104.06 104.13 104.08 104.18 104.17 104.16 104.18 104.21 104.21 104.16 104.10 104.12 104.16 104.21 104.24 104.33 104.42 104.39 104.43 104.47 104.52 104.53 104.49 104.56 104.63 104.63 104.68 104.72 104.71 104.74 104.68 104.69 104.76 104.70 104.60 104.54 104.47 104.43 104.35 104.38 104.39 104.21 104.17 104.21 104.33 104.34 104.22 104.28 104.10 103.57 103.88 104.23 102.99 103.21 103.92 102.54 102.99 103.56 103.22 102.79 103.40 102.61 102.77 103.49 103.20 102.84 102.96 103.06 103.19 103.61 103.65 103.58 103.63 103.64 103.66 103.63 103.62 103.61 103.59 103.58 103.52 103.54 103.52 103.51 103.48 103.26 103.84 103.23 103.42 103.39 103.36 103.39 103.36 103.32 103.33 103.33 103.33 103.33 103.30 103.30 103.29 103.29 103.31 103.31 103.25 103.27 103.24 103.19 103.12 103.14 103.15 103.06 102.97 102.98 103.04 103.10 103.13 103.09 103.19 103.25 103.25 103.33 103.30 103.38 103.36 103.38 103.42 103.50 103.54 103.62 103.64 103.71 103.67 103.67 103.71 103.84 103.83 103.86 103.88 103.93 103.95 103.89 103.88 104.03 104.03 104.00
103.00 103.02 103.05 103.11 103.05 103.06 103.09 103.08 103.10 103.13 103.16 103.19 103.22 103.24 103.29 103.31 103.32 103.36 103.36 103.38 103.40 103.43 103.46 103.51 103.54 103.61 103.70 103.81 103.81 103.88 103.96 103.85 103.87 104.06 103.53 103.53 103.32 103.61 102.98 103.12 103.35 103.46 103.93 103.94 103.96 104.04 104.13 104.08 103.89 103.86 103.35 103.34 103.13 103.33 103.84 103.45 103.37 103.34 103.35 103.47 104.13 103.96 104.06 104.08 104.16 104.23 104.33 103.94 103.76 103.45 103.45 103.46 102.94 103.20 102.98 102.66 102.44 102.64 102.40 102.17 102.13 101.83 101.87 101.71 101.71 101.78 101.54 101.52 101.53 101.44 101.51 101.63 101.36 101.36 101.63 101.42 101.46 101.27 101.27 101.31 101.63 101.72 101.70 101.70 101.75 101.83 101.50 102.33 102.41 103.12 103.06 102.44 102.70 103.36 103.01 103.11 102.81 102.95 103.22 102.62 102.67 102.57 102.65 102.69 102.95 103.31 102.78 102.88 102.88 102.86 102.93 102.89 102.90 102.93 102.95 102.97 103.07 103.17 103.28 103.29 103.29 103.29 103.29 103.26 103.29 103.24 103.25 103.28 103.29 103.35 103.35 103.39 103.40 103.42 103.42 103.40 103.40 103.44 103.45 103.41 103.42 103.45 103.48 103.48 103.48 103.47 103.44 103.41 103.39 103.31 103.21 103.23 103.22 103.20 103.19 103.13 103.07 103.02 103.01 103.00
102.59 102.60 102.60 102.60 102.61 102.60 102.62 102.63 102.64 102.67 102.70 102.74 102.75 102.78 102.80 102.85 102.90 102.91 102.99 102.99 103.03 103.04 103.04 103.04 103.03 102.97 103.12 103.09 103.04 102.43 102.29 102.07 102.34 102.46 102.09 102.29 102.03 102.05 102.07 101.97 101.83 101.97 101.75 101.62 101.64 101.81 101.78 101.74 101.82 101.92 102.10 102.29 102.52 102.59 102.16 102.26 102.06 101.92 101.91 102.06 101.95 102.68 102.63 103.48 103.66 103.86 104.02 104.12 104.08 103.72 103.42 103.05 102.74 102.51 102.40 102.19 102.08 101.95 101.86 101.81 101.75 101.68 101.63 101.59 101.52 101.46 101.43 101.39 101.36 101.36 101.35 101.34 101.33 101.31 101.28 101.25 101.23 101.20 101.19 101.18 101.17 101.15 101.14 101.13 101.12 101.11 101.11 101.11 101.11 101.19 101.31 101.49 101.45 101.52 101.36 101.50 101.70 101.76 101.65 101.54 101.47 101.50 101.74 101.56 101.63 101.51 101.61 101.65 101.56 101.62 101.47 101.50 101.62 101.80 101.73 101.70 101.76 101.60 101.69 101.72 101.86 102.19 102.26 102.40 102.84 102.81 103.12 103.31 103.35 103.31 103.27 103.25 103.25 103.25 103.31 103.33 103.31 103.30 103.22 103.19 103.16 103.15 103.12 103.08 103.05 103.01 102.97 102.93 102.91 102.88 102.85 102.84 102.79 102.77 102.75 102.73 102.69 102.65 102.62 102.60
102.77 102.64 102.77 102.92 103.01 103.25 102.03 101.90 102.14 102.31 101.75 102.06 101.88 101.78 101.92 102.11 101.46 101.29 101.26 101.27 101.28 101.47 101.94 101.66 101.69 101.82 102.15 101.90 101.85 102.06 102.00 101.17 101.23 101.51 101.27 101.18 101.14 101.14 101.15 101.16 101.16 101.24 101.19 101.14 101.17 101.13 101.12 101.13 101.12 101.21 101.20 101.18 101.25 101.40 101.38 101.29 101.30 101.33 101.39 101.47 101.51 101.42 101.54 101.46 101.43 101.43 101.68 101.69 102.05 102.25 102.39 102.67 102.43 102.41 102.38 102.53 102.70 102.90 102.97 102.98 103.04 103.06 102.67 102.31 101.94 101.88 101.94 102.01 102.13 102.37 102.80 102.79 101.54 101.35 101.34 101.42 101.36 101.31 101.22 101.17 101.15 101.20 101.15 101.13 101.11 101.10 101.10 101.09 101.09 101.08 101.08 101.08 101.08 101.08 101.09 101.09 101.10 101.10 101.10 101.10 101.11 101.12 101.12 101.11 101.11 101.11 101.11 101.11 101.11 101.11 101.11 101.11 101.10 101.11 101.12 101.12 101.17 101.17 101.16 101.30 101.13 101.13 101.13 101.41 101.43 101.44 101.55 101.84 101.57 101.38 101.49 101.37 101.65 101.73 101.95 102.16 101.73 101.93 102.09 102.18 102.14 101.92 102.04 102.43 102.29 102.35 102.55 102.95 102.71 103.03 102.78 102.57 102.43 102.28 102.44 102.68 102.83 102.52 102.51 102.54
101.03 101.06 101.04 101.05 101.07 101.07 101.07 101.07 101.02 101.01 101.01 101.02 101.02 101.03 101.02 101.01 101.01 101.01 101.00 101.00 101.01 101.03 101.03 100.99 100.99 100.99 101.00 101.00 101.00 101.01 101.01 101.00 100.99 101.00 100.99 100.98 100.97 100.97 100.97 100.97 100.98 100.98 100.99 100.98 100.98 100.97 100.97 100.97 100.97 100.97 100.97 100.97 100.97 100.98 100.99 101.00 101.01 101.02 101.03 101.03 101.01 101.00 101.00 101.00 101.00 101.00 100.99 101.00 101.00 101.01 101.05 101.24 101.29 101.20 101.14 101.13 101.14 101.11 101.09 101.14 101.07 101.06 101.05 101.05 101.06 101.05 101.06 101.10 101.07 101.09 101.05 101.04 101.05 101.03 101.01 101.01 101.02 101.01 101.03 101.02 101.01 101.00 101.00 101.01 101.01 100.99 100.99 100.99 100.99 100.98 100.98 100.99 100.98 100.98 100.98 100.99 100.99 100.99 100.99 101.01 100.99 100.99 100.99 101.00 101.02 101.03 101.00 101.00 101.01 101.00 101.02 101.00 100.99 100.99 100.99 100.99 100.99 101.00 101.01 101.01 101.01 101.01 101.02 101.01 101.02 101.02 101.02 101.01 101.00 100.99 101.00 100.99 101.00 100.99 100.98 100.98 100.99 101.03 101.01 101.02 101.01 101.04 101.04 101.07 101.06 101.07 101.06 101.06 101.07 101.07 101.06 101.09 101.11 101.09 101.09 101.09 101.08 101.13 101.16 101.06
100.95 100.95 100.95 100.95 100.95 100.94 100.94 100.94 100.94 100.94 100.94 100.94 100.94 100.94 100.94 100.94 100.94 100.94 100.94 100.94 100.93 100.93 100.94 100.94 100.94 100.94 100.93 100.93 100.93 100.93 100.93 100.92 100.92 100.92 100.92 100.92 100.92 100.92 100.92 100.92 100.92 100.92 100.92 100.92 100.92 100.92 100.92 100.92 100.92 100.92 100.92 100.92 100.92 100.93 100.93 100.93 100.93 100.93 100.94 100.94 100.93 100.94 100.94 100.94 100.94 100.94 100.94 100.94 100.94 100.94 100.94 100.94 100.94 100.95 100.95 100.95 100.95 100.95 100.95 100.95 100.95 100.95 100.95 100.95 100.95 100.95 100.95 100.95 100.95 100.95 100.95 100.95 100.96 100.96 100.95 100.95 100.95 100.95 100.96 100.96 100.96 100.95 100.95 100.95 100.95 100.95 100.95 100.95 100.94 100.94 100.94 100.94 100.94 100.94 100.94 100.94 100.94 100.94 100.94 100.94 100.94 100.94 100.94 100.94 100.94 100.94 100.94 100.94 100.93 100.93 100.93 100.93 100.93 100.93 100.93 100.93 100.93 100.93 100.92 100.92 100.92 100.92 100.92 100.92 100.92 100.92 100.92 100.92 100.92 100.93 100.93 100.93 100.93 100.93 100.93 100.93 100.94 100.94 100.94 100.93 100.93 100.93 100.94 100.94 100.94 100.94 100.94 100.94 100.94 100.94 100.94 100.94 100.94 100.94 100.94 100.95 100.95 100.95 100.95 100.95
