East longitude (degrees): -179:2:179
North latitude (degrees): -89:2:89

Absorbed dose on Martian Surface (1E-6 Gy/day), 2D array where Absorbed dose(i,j)= value at latitude(i) and longitude(j).
203.78 203.81 203.85 203.86 203.86 203.85 203.85 203.86 203.87 203.89 203.95 203.97 203.97 203.99 204.04 204.05 204.09 204.12 204.13 204.11 204.09 204.10 204.10 204.09 204.08 204.06 204.05 204.06 204.06 204.06 204.07 204.06 204.07 204.07 204.08 204.08 204.08 204.08 204.06 204.04 204.02 203.99 203.97 203.96 203.96 203.96 203.96 203.96 203.96 203.96 203.95 203.95 203.94 203.93 203.94 203.94 203.90 203.89 203.89 203.89 203.88 203.88 203.89 203.87 203.88 203.90 203.90 203.84 203.81 203.82 203.80 203.80 203.80 203.80 203.78 203.76 203.76 203.75 203.75 203.75 203.74 203.75 203.76 203.75 203.76 203.76 203.76 203.76 203.75 203.76 203.76 203.77 203.77 203.77 203.77 203.78 203.78 203.78 203.78 203.77 203.75 203.75 203.75 203.75 203.76 203.76 203.76 203.77 203.77 203.77 203.77 203.77 203.75 203.76 203.79 203.81 203.80 203.80 203.80 203.81 203.82 203.83 203.83 203.85 203.86 203.88 203.88 203.89 203.90 203.91 203.91 203.92 203.92 203.93 203.93 203.94 203.94 203.94 203.94 203.94 203.92 203.92 203.91 203.90 203.91 203.91 203.91 203.89 203.87 203.85 203.85 203.85 203.84 203.82 203.81 203.80 203.79 203.78 203.77 203.77 203.76 203.75 203.74 203.73 203.72 203.71 203.72 203.73 203.74 203.75 203.77 203.78 203.79 203.79 203.79 203.79 203.78 203.77 203.77 203.78
204.20 204.18 204.11 204.07 204.08 204.10 204.16 204.17 204.18 204.20 204.21 204.21 204.22 204.23 204.23 204.23 204.23 204.22 204.23 204.23 204.23 204.23 204.22 204.22 204.22 204.23 204.23 204.24 204.23 204.23 204.23 204.23 204.23 204.23 204.22 204.23 204.23 204.23 204.23 204.23 204.23 204.24 204.23 204.23 204.23 204.23 204.23 204.23 204.23 204.22 204.20 204.22 204.19 204.14 204.15 204.13 204.10 204.06 204.04 204.03 204.10 203.92 203.97 203.86 203.83 203.82 203.80 203.77 203.76 203.75 203.74 203.75 203.78 203.77 203.62 203.59 203.55 203.50 203.48 203.59 203.41 203.29 203.29 203.23 203.21 203.22 203.24 203.26 203.28 203.29 203.31 203.30 203.28 203.26 203.25 203.53 203.47 203.58 203.46 203.57 203.56 203.57 203.63 203.64 203.66 203.71 203.75 203.82 203.86 203.87 203.80 203.80 203.82 203.84 203.85 203.84 203.87 203.89 203.92 203.93 203.96 203.99 203.99 204.01 204.04 204.03 204.03 204.06 204.08 204.07 204.09 204.10 204.10 204.12 204.16 204.18 204.20 204.22 204.21 204.18 204.14 204.13 204.13 204.12 204.12 204.13 204.09 204.00 203.98 203.97 203.98 203.98 204.00 204.00 203.99 203.99 204.00 204.04 204.07 204.07 204.09 204.10 204.12 204.12 204.15 204.16 204.19 204.20 204.22 204.22 204.22 204.22 204.22 204.23 204.17 204.18 204.20 204.22 204.20 204.18
204.19 204.20 204.21 204.22 204.22 204.21 204.22 204.22 204.22 204.22 204.22 204.21 204.22 204.23 204.22 204.22 204.22 204.22 204.22 204.22 204.23 204.23 204.23 204.23 204.23 204.23 204.23 204.23 204.24 204.23 204.14 204.15 204.15 204.16 204.13 204.18 204.06 204.13 204.16 204.20 204.13 204.00 204.00 204.00 204.12 204.13 204.15 204.19 204.20 204.22 204.21 204.22 204.23 204.23 204.20 204.17 204.18 204.22 204.22 204.11 204.21 204.15 204.12 204.14 204.17 204.18 204.13 204.16 204.16 204.05 204.11 204.09 203.98 203.95 203.97 203.87 204.00 204.10 204.18 204.08 204.00 203.99 204.01 204.01 204.02 204.00 203.98 203.95 203.96 204.01 203.96 203.96 204.00 203.98 203.97 203.99 204.00 204.01 204.00 204.02 204.00 204.06 204.16 204.19 204.19 204.19 204.19 204.19 204.18 204.19 204.20 204.21 204.22 204.22 204.19 204.17 204.17 204.17 204.18 204.20 204.20 204.21 204.21 204.23 204.23 204.23 204.23 204.23 204.23 204.23 204.23 204.22 204.22 204.22 204.22 204.23 204.20 203.42 202.89 203.23 203.91 204.05 204.06 204.08 204.20 204.23 204.23 204.23 204.23 204.24 204.23 204.23 204.23 204.22 204.19 204.21 204.21 204.22 204.22 204.23 204.23 204.23 204.23 204.22 204.22 204.22 204.22 204.22 204.22 204.18 204.24 204.23 204.23 204.24 204.23 204.23 204.22 204.22 204.20 204.19
204.22 204.22 204.22 204.23 204.23 204.23 204.23 204.23 204.23 204.23 204.23 204.23 204.23 204.23 204.23 204.23 204.24 204.24 204.24 204.24 204.23 204.23 204.23 204.23 204.23 204.22 204.21 204.20 204.18 204.13 204.16 204.21 204.21 204.23 204.21 204.19 204.19 204.19 204.17 204.16 204.22 204.22 204.21 204.21 204.20 204.19 204.20 203.95 203.90 203.88 203.96 203.95 203.99 203.98 203.94 203.98 204.00 203.78 203.74 203.73 204.09 203.91 203.97 204.05 203.81 204.06 204.05 204.06 203.72 204.00 203.70 203.43 203.16 203.10 203.29 203.53 203.50 203.54 203.51 203.33 203.34 203.39 203.57 203.53 203.50 203.60 203.67 203.67 203.60 203.60 203.85 203.87 203.78 203.25 203.85 203.90 203.96 204.00 203.99 204.07 203.92 204.19 204.13 204.21 204.09 203.97 203.93 204.07 204.13 204.12 204.09 204.02 203.87 203.83 203.74 203.66 204.06 204.06 204.08 204.08 204.11 204.04 204.21 204.22 204.21 204.19 204.19 204.22 204.22 204.18 204.20 204.21 204.17 204.15 204.07 203.64 202.64 202.83 202.80 202.86 202.79 204.05 204.08 204.04 204.05 203.96 203.99 204.03 204.04 204.04 204.07 204.12 204.16 204.17 204.19 204.22 204.23 204.22 204.15 204.00 203.65 203.22 203.30 203.79 204.23 204.24 204.20 204.19 204.18 204.15 204.14 204.18 204.11 204.14 204.23 204.23 204.21 204.21 204.21 204.21
204.23 204.23 204.23 204.20 204.23 204.24 204.24 204.23 204.23 204.22 204.22 204.20 204.15 204.15 204.21 204.22 204.22 204.22 204.20 204.18 204.16 204.14 204.14 204.12 204.11 204.09 204.05 204.05 204.04 204.02 204.00 203.89 203.94 203.93 203.85 203.87 204.03 204.00 204.02 204.01 203.88 203.97 204.13 204.09 204.12 204.19 204.16 204.11 204.07 204.14 204.08 204.13 204.02 203.12 203.22 203.04 202.76 203.50 202.89 203.13 203.57 203.44 203.32 203.38 203.42 203.53 203.47 203.44 203.52 203.61 203.45 203.63 203.80 203.75 203.71 203.71 203.77 203.78 203.77 203.71 203.00 203.77 203.92 203.95 203.96 203.94 203.94 203.92 203.93 203.93 203.93 203.90 203.96 204.07 204.15 204.21 204.15 203.94 204.21 204.15 204.20 204.11 204.13 204.09 203.91 203.76 203.61 203.31 203.36 203.49 203.70 203.36 203.25 203.09 203.13 203.01 202.97 202.82 202.85 202.83 202.87 202.79 202.90 203.04 203.04 202.83 203.56 203.51 203.41 203.30 203.22 202.83 202.75 202.59 202.53 202.62 202.72 203.59 204.20 204.23 204.23 204.23 204.23 204.19 204.15 204.16 204.17 204.10 204.04 204.00 203.92 203.82 203.67 203.92 203.83 203.62 203.49 203.80 203.97 203.89 203.24 203.24 203.76 203.83 203.67 203.60 203.27 203.85 204.17 204.21 204.20 204.22 204.22 204.14 203.94 204.24 204.23 204.23 204.23 204.23
204.20 204.20 204.21 204.19 204.19 204.20 204.21 204.20 204.19 204.13 204.18 204.15 204.13 204.13 204.09 204.05 204.14 203.96 204.17 203.94 204.06 204.04 204.06 203.61 203.07 204.12 203.77 203.16 203.62 203.53 203.61 203.61 203.65 203.63 203.58 203.55 203.55 203.57 203.68 203.72 203.70 203.86 203.14 202.98 204.02 203.89 203.89 203.99 204.02 203.47 203.03 203.83 202.87 203.37 203.31 202.94 202.38 203.98 203.33 203.83 203.14 203.42 204.00 203.62 203.64 203.30 203.26 203.35 203.38 203.42 203.46 203.41 203.43 203.41 203.45 203.49 203.45 203.38 203.40 203.63 203.49 203.27 203.64 203.67 203.63 203.31 203.71 203.53 203.71 203.67 203.59 203.69 203.71 203.92 204.19 204.20 204.21 204.20 204.04 203.85 203.93 203.70 203.65 203.60 203.54 203.27 203.49 203.32 203.60 203.27 203.80 203.49 203.69 203.68 203.99 204.05 203.38 203.13 202.71 202.64 202.55 202.59 202.56 202.60 202.51 202.59 202.67 202.55 202.59 202.51 202.65 202.69 202.52 202.56 202.57 202.59 202.47 202.45 202.60 202.60 202.61 202.50 203.03 203.52 203.21 203.75 204.13 204.12 204.10 204.15 204.13 204.09 203.71 201.82 202.26 203.72 203.87 203.35 204.20 204.19 203.82 204.15 204.23 204.24 204.23 204.23 204.23 204.14 204.23 204.23 204.23 204.23 204.18 204.23 204.23 204.24 204.23 204.22 204.22 204.22
203.88 204.01 204.13 204.15 204.18 204.03 204.07 203.86 203.91 203.90 203.94 203.96 203.62 203.78 203.84 203.85 203.78 203.84 203.69 203.74 203.79 203.75 203.81 203.66 203.78 203.65 203.40 203.33 203.55 203.44 203.48 203.44 203.42 203.41 203.40 203.40 203.47 203.45 203.47 203.47 203.49 203.45 203.54 203.68 203.74 203.91 204.17 203.56 204.18 204.05 203.22 203.58 203.75 204.07 204.12 204.01 203.85 203.78 203.74 203.84 203.56 203.28 203.44 203.40 203.17 203.16 203.23 203.17 203.17 203.21 203.22 203.20 203.25 203.20 203.23 203.25 203.31 203.46 203.65 203.59 203.66 203.80 203.84 203.96 203.74 203.50 203.66 203.62 203.82 203.69 203.63 203.66 203.92 204.00 204.06 204.15 204.18 204.19 204.05 202.67 202.03 201.59 201.52 203.70 203.46 203.63 203.59 203.36 203.64 203.26 203.57 203.55 203.67 202.97 202.40 202.82 203.65 203.80 204.10 204.19 204.22 204.23 204.19 204.18 203.49 203.21 202.95 203.03 203.22 203.49 204.00 202.96 202.61 203.89 203.38 203.01 202.48 202.62 202.93 202.95 203.56 203.62 203.69 203.10 202.29 202.30 202.58 202.76 203.42 203.48 203.52 204.08 203.63 203.40 203.32 204.00 204.20 204.14 204.21 204.20 204.13 204.19 204.20 204.12 204.19 204.21 204.18 204.14 204.11 204.13 204.17 204.15 204.05 204.19 204.19 204.17 204.08 204.01 203.95 204.08
203.81 203.74 203.93 203.84 203.89 203.97 203.86 202.79 203.72 203.79 202.66 202.02 203.61 203.57 203.52 203.36 203.63 203.50 203.48 203.68 203.69 203.39 203.45 203.24 203.44 203.34 203.27 203.24 203.29 203.34 203.33 203.36 203.26 203.27 203.69 203.36 203.39 203.44 203.48 203.48 203.54 203.60 203.58 203.58 203.54 203.49 203.58 203.65 203.81 203.88 203.65 204.08 204.16 203.98 203.58 203.53 203.66 203.25 203.06 203.05 203.01 203.02 203.10 203.17 203.23 203.25 203.31 203.58 203.31 203.41 203.58 203.68 203.67 203.79 203.80 203.76 203.88 203.73 203.87 203.81 203.72 203.61 203.46 203.72 203.29 203.57 203.57 203.36 203.59 203.56 203.60 203.85 203.93 203.67 203.53 203.53 203.56 203.57 203.48 203.60 203.77 203.66 203.63 203.71 203.43 203.42 203.41 203.53 203.62 203.71 203.77 203.88 204.10 203.66 203.86 204.11 203.98 204.08 204.18 204.14 204.20 204.22 203.99 203.66 203.73 202.83 201.80 204.07 204.01 204.01 203.92 203.32 203.51 203.77 203.79 203.83 203.52 204.16 204.21 204.20 204.15 204.22 202.23 202.47 202.13 203.80 202.98 203.47 202.63 202.11 202.50 202.69 202.86 202.85 202.48 203.85 204.23 204.23 204.23 204.23 204.23 204.22 203.89 203.99 203.79 204.21 204.20 204.15 204.13 204.15 204.14 204.15 204.16 204.07 204.08 204.03 203.94 203.97 203.94 203.91
202.16 203.89 203.19 203.22 203.43 203.78 202.65 203.28 203.29 203.34 203.85 204.11 202.13 203.85 203.45 203.20 203.29 203.32 203.45 203.63 203.80 204.02 202.78 204.12 204.02 203.01 203.47 203.51 203.49 203.42 203.37 203.36 203.14 203.67 203.64 203.98 203.84 203.46 203.60 203.52 203.52 203.49 203.60 203.55 203.50 203.51 203.48 203.73 202.70 200.54 200.59 200.08 200.34 203.58 203.09 203.15 202.91 202.86 202.85 202.84 202.83 202.85 202.94 203.10 203.06 203.61 203.44 203.21 203.18 203.15 203.15 203.47 203.63 203.40 203.56 203.72 203.79 203.66 203.33 203.71 203.68 203.70 203.67 203.28 203.49 203.12 202.84 202.90 203.11 203.00 203.51 203.53 203.86 203.48 203.50 203.37 203.12 203.09 203.12 203.18 203.12 203.08 202.91 203.05 203.22 203.36 203.12 203.65 203.70 203.87 204.05 204.21 204.08 203.90 203.48 203.81 203.66 203.79 203.72 203.98 203.93 204.16 204.20 204.21 204.10 204.10 203.93 203.95 203.82 203.81 203.84 203.68 203.59 203.46 203.29 203.21 203.19 202.89 203.38 203.74 203.16 204.19 204.23 204.05 203.98 203.87 203.82 203.34 201.59 202.91 203.41 203.76 203.16 202.92 202.29 201.81 202.72 203.83 204.23 204.18 204.23 204.18 203.91 203.60 204.21 204.13 203.83 203.77 203.88 203.53 202.30 202.89 203.49 203.68 203.67 203.73 203.54 203.74 203.66 202.24
202.70 202.73 202.60 202.53 202.42 202.05 201.72 201.95 201.95 201.90 201.87 203.25 203.83 203.98 204.22 204.22 204.00 203.91 202.25 203.80 203.67 203.85 204.01 203.94 200.21 203.06 203.37 203.37 203.54 203.77 203.67 203.73 203.76 203.57 203.69 203.74 203.81 203.46 203.65 203.60 203.45 203.64 203.49 203.61 203.54 203.47 203.75 203.90 203.83 202.09 200.64 201.04 200.04 204.01 203.05 202.84 202.80 202.73 202.88 202.86 202.69 203.23 203.38 203.20 203.06 202.99 202.74 203.26 203.24 204.09 203.87 203.63 203.77 203.55 203.83 203.38 203.60 204.00 204.08 204.11 204.07 203.20 203.54 203.60 203.35 203.35 203.13 203.44 202.99 203.29 202.28 202.54 203.27 203.11 203.09 203.27 203.32 203.82 203.37 203.07 202.79 203.26 203.16 203.18 203.26 203.22 203.59 204.08 203.96 203.77 203.81 203.73 203.73 203.55 203.53 203.66 203.37 203.61 203.50 203.42 203.54 203.30 203.29 203.55 202.78 203.74 204.12 204.10 202.85 202.73 203.93 203.68 203.71 203.80 203.77 203.68 203.60 203.64 204.14 203.92 202.89 203.82 203.10 203.32 202.92 202.89 202.92 203.32 203.27 202.93 202.57 202.79 202.34 202.72 200.81 200.15 200.48 201.59 202.28 202.89 202.38 202.77 203.05 202.52 202.15 202.33 202.33 202.67 202.93 201.76 202.92 202.33 202.54 202.45 203.38 203.37 203.30 203.10 203.62 202.46
203.65 203.64 203.24 202.85 203.49 200.26 200.80 202.05 201.66 201.77 201.92 202.40 203.39 203.07 203.42 202.79 204.21 204.17 203.70 203.61 203.17 203.49 203.51 203.27 203.95 203.02 203.63 203.40 203.83 202.66 204.04 203.98 204.03 203.89 203.87 203.81 203.57 203.56 203.42 203.39 203.20 203.39 203.44 203.36 203.33 201.59 203.53 203.13 203.10 203.15 203.13 202.96 202.97 202.79 202.78 202.94 202.92 202.91 203.26 203.27 203.53 202.94 203.01 202.67 202.95 203.24 203.97 203.99 204.02 204.02 203.99 203.63 203.80 203.63 203.48 203.02 202.97 203.81 204.12 203.97 203.86 203.21 202.96 203.72 203.83 204.01 203.97 203.99 203.80 203.52 203.47 203.31 203.58 203.22 203.07 203.15 202.88 202.88 202.93 202.84 202.93 202.95 202.79 202.96 203.31 203.63 204.15 203.18 202.91 203.12 203.41 203.64 203.51 203.63 203.50 203.93 203.93 203.51 203.06 202.76 202.43 202.77 202.74 202.61 202.66 202.85 203.43 203.94 204.12 204.05 203.42 203.61 203.59 203.18 201.86 203.17 204.23 204.17 203.89 204.08 204.00 204.02 204.17 204.14 203.88 203.48 203.31 203.56 202.83 202.78 202.79 202.67 203.41 204.09 202.89 201.13 201.66 203.96 201.17 201.48 201.67 202.22 202.36 202.55 203.01 203.42 203.65 203.38 204.11 204.20 203.67 202.68 202.93 203.21 203.43 203.65 203.79 203.87 203.62 203.57
201.35 203.75 203.91 203.30 203.32 203.21 203.18 201.77 202.10 201.86 201.81 201.88 202.29 202.52 203.24 203.58 203.84 204.09 204.10 204.19 204.19 204.17 204.19 204.19 204.08 204.10 204.13 204.13 203.53 204.19 204.19 203.96 203.48 201.88 204.04 203.93 203.94 202.68 203.63 203.56 203.43 203.45 203.49 203.47 203.45 203.38 203.43 203.29 203.28 203.37 203.32 203.20 203.15 203.15 203.26 203.06 202.82 203.09 202.95 203.08 203.78 203.36 203.06 203.04 203.29 203.28 198.38 198.83 201.34 204.10 203.91 203.75 203.72 203.53 203.35 203.70 203.93 204.16 204.10 204.22 204.13 204.10 203.59 203.85 203.57 203.71 203.61 203.58 203.58 203.58 203.53 203.33 203.42 203.22 203.28 203.09 203.23 203.27 203.14 203.44 203.28 203.99 204.08 204.06 204.18 203.97 202.38 201.31 201.70 202.59 202.80 203.38 203.33 203.71 203.53 203.70 203.30 203.03 202.72 202.71 202.81 202.88 202.82 202.89 203.05 202.70 202.78 202.56 202.57 203.22 203.80 204.11 203.76 203.57 204.07 204.16 204.19 204.23 204.06 204.23 204.23 204.13 204.13 203.47 203.88 203.91 204.12 203.96 203.64 203.28 202.83 202.31 203.06 202.77 202.54 202.47 202.41 202.17 202.99 202.75 202.90 202.78 203.08 203.39 203.05 203.15 203.18 203.21 203.29 203.75 202.98 203.31 203.37 203.59 203.99 203.35 204.05 204.10 204.05 203.67
203.83 204.03 204.14 203.96 203.94 203.13 202.75 201.97 202.37 202.27 202.35 202.13 202.14 202.16 202.40 202.75 202.97 203.05 203.23 203.62 204.00 204.07 204.03 204.14 203.97 204.05 204.15 203.36 203.65 204.13 204.18 204.08 204.16 204.08 204.00 203.94 203.93 203.89 203.85 203.65 203.63 203.53 203.49 203.48 203.37 203.33 203.36 203.38 203.36 203.37 203.50 203.60 203.68 203.54 203.43 203.27 203.28 203.29 203.44 204.08 202.44 203.07 202.81 202.30 203.48 202.75 202.26 202.15 203.84 203.91 203.62 203.72 203.65 203.51 203.25 203.35 203.81 203.94 204.11 204.19 204.19 204.08 203.31 203.86 203.74 203.71 203.71 203.76 203.93 203.64 203.63 203.59 203.63 203.44 203.56 203.36 203.04 203.26 203.53 203.45 203.68 203.62 203.72 203.80 204.03 203.85 203.98 203.80 203.73 203.81 203.86 203.92 203.88 203.17 202.95 201.96 202.09 202.59 202.93 203.12 203.14 202.89 202.63 202.76 202.55 202.72 202.83 202.76 202.81 202.48 203.73 203.75 203.79 203.87 201.86 204.09 204.10 204.02 203.63 204.22 204.22 204.22 204.13 204.11 204.09 204.19 204.18 203.60 203.71 204.03 203.19 203.50 203.56 203.04 203.09 204.14 203.90 203.78 203.24 203.60 203.96 203.91 203.20 203.67 203.39 203.17 203.35 203.25 203.30 203.33 203.64 203.76 203.86 204.14 203.60 203.43 203.86 203.96 204.11 204.12
203.94 203.95 203.51 204.06 204.14 203.93 203.55 203.32 203.01 203.15 202.73 203.01 202.10 202.72 202.71 202.98 202.92 202.91 203.09 203.65 204.05 204.06 204.16 204.14 204.16 204.12 204.12 204.17 204.18 204.16 204.17 204.13 204.04 204.03 204.05 204.12 204.17 204.03 203.81 203.97 203.65 203.90 203.99 203.75 203.70 203.66 203.87 203.62 203.69 203.66 203.87 203.73 203.09 202.73 203.22 204.05 203.68 203.11 203.33 203.28 203.37 203.41 203.25 202.91 202.20 202.72 203.73 202.55 203.84 203.26 203.58 203.79 203.71 203.82 203.69 203.17 202.98 203.18 203.26 203.63 203.78 204.01 203.93 203.95 203.94 203.87 203.80 203.80 203.78 203.81 203.81 203.78 203.69 203.74 203.69 203.82 203.72 203.67 203.76 203.57 203.53 203.76 203.71 203.53 203.65 203.79 203.94 204.06 204.03 204.12 203.82 203.78 203.50 202.71 201.84 201.69 201.62 202.24 202.67 202.83 202.93 203.02 202.96 202.91 202.55 202.44 202.70 202.80 202.78 202.73 203.06 203.70 203.79 203.59 203.89 204.10 204.17 204.13 204.16 204.15 203.72 204.20 204.04 204.06 204.09 204.16 204.19 204.22 204.23 204.09 203.96 203.65 203.92 203.90 203.66 203.34 203.01 202.99 203.36 203.52 203.93 203.86 203.77 203.80 203.81 204.20 204.20 204.12 203.91 203.70 203.58 203.53 203.68 203.45 203.49 204.08 203.86 203.79 203.82 203.22
203.37 203.82 204.18 203.99 203.78 203.60 203.60 204.04 203.95 203.79 204.09 203.99 203.47 203.99 201.37 203.98 203.73 203.78 203.01 203.64 203.74 203.80 203.75 204.10 204.11 204.21 203.39 204.00 204.12 204.15 203.97 203.76 203.73 203.81 203.70 203.87 204.14 204.07 204.10 204.10 203.87 204.17 204.00 203.69 203.97 204.21 203.59 203.41 203.35 203.40 203.44 203.28 203.32 203.71 203.96 203.07 203.07 203.38 203.06 203.09 203.17 203.45 203.24 203.18 202.78 201.96 202.63 203.55 202.53 202.48 202.90 203.34 204.02 203.21 202.90 203.51 203.79 203.72 203.82 203.98 204.22 204.20 204.01 203.82 203.99 204.01 204.06 203.86 203.82 203.83 203.78 203.82 203.80 203.67 203.74 203.68 203.72 203.84 203.75 203.65 203.55 203.70 203.76 203.75 204.05 203.72 203.77 203.74 203.72 203.60 203.47 203.38 203.26 203.00 202.54 202.36 203.21 203.30 203.27 203.54 201.09 202.40 203.48 203.20 202.91 202.79 202.46 202.31 202.89 202.35 201.69 202.32 204.15 202.76 203.03 203.35 204.10 204.05 204.07 203.78 204.18 204.19 204.21 204.19 204.18 204.19 204.19 204.22 204.12 204.17 204.11 204.11 204.09 204.06 204.04 203.27 202.20 202.52 202.59 202.88 203.20 203.51 203.72 203.90 203.93 204.09 204.19 204.05 204.11 204.23 204.16 203.85 203.76 203.93 204.21 204.08 204.10 203.56 203.51 203.52
203.29 203.77 203.85 203.62 203.71 203.84 204.21 204.11 204.03 204.05 203.80 204.11 204.03 204.22 203.94 203.23 203.87 203.77 203.98 203.75 203.73 203.73 203.95 204.03 204.23 204.16 204.12 204.08 203.83 204.15 204.06 203.69 203.62 203.85 203.52 203.85 204.10 204.22 204.23 204.21 204.16 203.90 203.64 203.65 203.69 203.91 203.51 203.33 203.07 203.09 203.09 203.10 203.04 203.02 203.39 203.63 203.48 203.67 203.32 203.15 203.53 203.81 201.99 202.76 203.24 202.00 202.92 203.14 202.70 204.00 203.90 202.90 201.87 203.51 202.80 203.60 203.54 203.84 204.01 204.01 204.18 204.14 204.05 204.12 204.10 203.91 203.99 203.98 203.76 204.21 203.94 203.79 203.73 203.80 203.21 203.91 203.94 203.93 202.96 203.94 203.98 203.74 203.84 203.81 203.75 203.70 203.70 203.74 203.74 203.42 203.30 203.01 202.90 202.89 203.13 203.54 203.48 203.40 203.74 204.02 203.99 203.98 203.47 202.94 202.19 201.90 201.69 201.93 201.67 201.12 201.89 201.99 202.58 202.92 202.71 203.22 203.63 204.19 204.18 204.18 203.12 203.29 204.22 204.23 203.74 204.21 204.15 204.22 204.21 204.13 204.21 204.18 204.06 203.69 203.44 203.21 202.95 203.07 202.93 202.98 203.05 203.19 203.38 203.58 203.91 204.07 204.17 204.18 204.13 204.18 203.71 204.23 204.11 204.08 204.14 203.88 203.68 203.84 203.60 203.46
203.54 203.51 203.26 202.88 203.53 204.12 204.05 204.14 204.22 204.21 204.20 203.02 204.20 204.18 204.23 204.23 204.07 203.77 204.08 204.13 203.31 204.12 204.13 204.13 204.24 204.16 204.08 204.08 204.07 204.22 204.21 203.71 203.89 203.83 203.86 203.84 203.72 204.16 204.20 204.17 204.22 204.05 203.94 203.84 203.77 203.95 204.13 204.14 203.68 203.13 203.09 203.01 203.24 203.30 203.57 203.88 204.10 204.09 204.16 204.18 203.85 201.68 203.34 203.62 201.71 201.24 201.57 202.16 198.12 203.59 200.57 202.66 203.84 203.44 203.74 202.79 202.21 202.87 203.25 202.00 201.93 203.51 204.02 203.98 203.80 203.99 203.95 204.07 204.08 203.91 203.87 203.81 203.97 204.08 204.09 204.11 204.11 204.07 203.86 204.07 204.15 204.11 204.11 204.08 204.08 203.73 203.68 203.50 203.30 203.09 202.87 202.63 202.35 202.08 202.42 202.88 202.69 202.67 202.40 202.92 203.03 202.73 201.80 200.79 199.91 199.98 199.87 199.92 199.91 198.94 201.03 201.46 202.00 201.41 201.86 202.10 202.25 203.21 204.11 203.83 203.02 202.33 204.17 204.18 204.00 204.05 204.18 204.21 204.19 204.12 203.96 203.86 203.78 203.95 203.45 203.80 203.35 203.85 204.18 204.11 203.32 203.22 203.34 203.68 203.98 204.11 204.18 204.17 204.15 204.18 204.22 204.23 204.16 204.14 203.55 204.14 204.13 204.09 203.97 203.54
203.50 203.47 203.32 203.18 203.84 203.88 203.94 204.12 204.13 203.99 204.02 204.07 204.12 204.07 204.18 204.12 203.78 203.94 203.96 204.01 204.19 204.23 204.23 203.41 204.19 204.14 204.05 204.04 204.01 204.10 204.19 203.84 203.87 203.95 203.70 204.04 204.14 204.13 204.24 204.24 204.24 204.23 204.24 204.23 204.06 204.13 204.18 204.07 203.76 203.49 203.20 203.17 203.16 203.72 203.66 204.23 204.17 204.23 204.09 202.67 203.74 201.32 200.62 201.85 203.33 197.55 197.29 197.01 197.35 197.28 197.25 199.68 202.67 203.35 201.80 202.62 203.59 202.62 202.95 203.10 203.63 203.92 203.83 203.84 203.90 203.98 203.96 204.09 204.02 204.14 204.04 203.94 203.78 203.97 203.92 203.38 202.54 203.91 203.93 203.85 203.88 203.93 204.16 204.03 204.15 204.04 203.55 203.42 203.12 202.78 202.44 202.15 201.61 201.06 201.07 200.46 200.00 199.48 199.24 198.14 197.33 196.97 196.74 196.60 196.50 196.74 197.22 197.25 196.44 198.30 199.54 200.07 200.70 201.64 201.14 201.47 203.50 202.98 203.19 203.59 203.75 203.88 203.88 203.86 204.05 204.14 204.13 204.06 203.97 203.74 203.46 203.46 201.75 203.09 203.79 203.73 203.53 204.19 204.10 203.21 203.55 203.77 203.92 203.89 204.11 204.15 204.09 204.01 203.86 204.00 204.01 204.20 203.84 204.05 204.17 204.14 204.00 203.72 203.79 203.57
203.47 203.84 203.78 202.93 202.71 204.16 203.80 203.69 203.70 203.86 203.70 204.07 204.10 203.99 203.99 203.99 204.13 203.90 204.03 203.99 204.06 204.22 204.21 204.02 204.17 204.08 203.11 204.10 204.02 204.09 203.91 204.01 204.02 203.46 203.99 204.00 203.98 204.23 204.23 204.23 204.22 204.23 204.15 204.10 204.07 204.01 203.91 203.93 202.78 201.47 204.09 204.05 203.90 204.03 203.89 203.52 203.68 204.12 204.17 203.63 203.44 201.04 200.60 199.99 196.50 196.70 197.15 197.13 197.06 197.00 197.03 197.40 198.96 200.67 203.00 203.26 202.91 202.24 203.53 203.25 202.98 203.23 203.42 203.59 203.82 202.63 203.40 203.95 203.88 203.82 204.02 204.04 204.09 203.84 204.11 204.16 204.05 204.00 203.94 204.01 203.91 203.84 204.08 204.23 203.76 203.83 203.76 203.42 203.25 203.10 202.22 201.72 200.79 199.90 199.39 198.38 197.19 196.68 196.29 196.26 196.39 196.58 196.68 196.71 196.73 196.51 196.45 196.48 196.48 196.43 196.22 198.10 198.04 197.24 201.22 200.49 200.45 201.56 203.49 203.56 203.46 203.89 203.83 204.06 203.93 203.29 203.97 204.00 203.96 204.03 203.98 203.67 203.33 203.07 201.83 203.51 203.65 204.23 203.14 203.54 203.48 203.45 203.49 203.83 203.96 204.03 204.13 204.02 204.20 204.00 203.90 204.18 204.23 204.23 204.15 203.88 203.83 203.74 203.52 203.45
203.61 203.77 203.98 203.96 203.43 203.55 203.56 204.09 203.45 203.94 204.12 203.95 204.06 203.94 204.02 204.08 204.01 204.22 204.10 204.08 204.15 204.22 204.23 204.20 204.15 204.18 204.21 204.16 204.06 204.06 204.06 204.02 204.13 203.93 204.11 204.11 204.18 204.21 204.21 204.16 204.16 204.13 204.20 204.16 204.09 203.99 203.93 204.09 202.62 201.98 204.07 204.15 204.23 204.23 203.75 203.01 202.67 202.73 203.87 204.15 203.82 203.71 200.40 197.41 196.70 197.25 196.95 197.03 197.04 197.06 197.04 197.15 198.93 198.70 197.97 196.93 202.91 202.81 203.39 203.35 203.11 203.26 203.72 203.87 204.01 203.28 204.00 204.04 203.90 203.92 203.94 203.89 203.80 203.74 203.94 204.08 204.06 204.03 203.98 204.14 203.76 204.02 204.11 203.92 203.99 203.81 203.56 203.23 202.85 202.76 201.29 200.78 200.47 198.85 197.72 196.60 196.27 196.26 196.49 196.90 197.05 197.28 197.36 197.41 197.46 197.47 197.38 197.39 197.32 197.21 197.39 197.06 196.39 196.32 198.00 199.69 201.92 203.92 203.74 203.04 203.44 203.95 202.83 203.70 204.16 204.11 204.02 203.64 203.86 203.75 203.43 203.41 203.57 203.68 204.08 203.67 203.57 203.38 203.55 203.56 203.64 203.92 203.89 203.61 203.66 203.85 204.13 203.66 203.98 203.73 204.00 204.16 203.92 204.19 204.17 204.06 203.94 203.83 203.76 203.63
204.16 204.08 204.13 203.94 203.12 202.75 202.46 203.68 203.74 204.13 204.00 204.19 204.14 204.19 204.17 204.21 204.20 204.22 204.20 204.23 204.23 204.20 204.21 204.14 204.23 204.23 204.22 204.07 204.08 204.09 204.14 204.06 204.18 204.13 204.15 204.08 204.22 204.22 204.23 204.15 204.10 204.13 204.17 204.22 204.15 204.08 204.06 204.07 204.10 204.13 204.19 204.23 204.22 204.19 204.23 204.21 203.73 203.66 204.09 204.14 202.07 201.29 200.66 199.49 197.17 196.51 196.89 196.86 196.98 196.70 196.66 197.27 198.19 202.33 200.67 203.17 202.96 202.53 203.48 203.25 203.17 203.34 203.68 203.96 203.82 204.14 204.08 202.47 203.30 203.92 203.88 203.92 203.41 203.31 203.90 203.80 204.21 203.64 204.13 204.09 204.14 204.14 204.01 203.76 203.64 203.94 203.94 203.18 202.88 202.01 202.88 201.37 199.21 197.30 196.32 196.27 196.52 196.73 197.08 197.30 197.60 197.73 197.61 197.59 197.15 197.44 197.48 197.54 197.48 197.46 197.47 197.47 197.35 197.05 196.47 196.48 200.07 202.00 201.55 202.78 202.28 203.37 204.14 203.91 203.78 204.19 203.98 204.08 203.79 203.67 204.09 203.85 203.86 203.90 203.98 203.60 203.85 203.98 204.13 204.08 204.19 204.12 203.94 203.89 204.15 203.89 203.55 203.02 203.78 203.22 203.37 203.71 203.75 204.07 204.20 204.24 204.23 204.19 204.08 204.01
204.15 204.02 204.16 204.17 203.76 203.18 203.86 204.14 203.93 204.12 204.20 204.16 204.15 204.07 204.21 204.23 204.09 204.15 204.19 204.22 204.21 204.22 204.23 204.20 204.21 203.91 204.20 204.17 204.12 204.13 204.13 204.13 204.09 204.23 204.22 204.22 204.23 204.23 204.23 204.23 204.16 204.16 204.22 204.23 204.21 204.21 204.21 204.19 204.22 204.21 204.23 204.23 204.18 204.18 204.11 204.18 204.23 204.16 204.15 203.89 204.23 202.85 203.41 200.81 200.99 196.83 196.50 196.54 196.63 196.53 196.59 196.97 197.60 201.65 201.17 201.36 203.34 203.42 203.67 204.05 203.51 203.77 203.84 203.88 204.07 204.04 204.14 204.03 203.83 203.91 203.84 203.82 203.21 203.85 204.00 204.22 204.15 204.19 203.97 203.68 204.05 204.20 204.16 204.02 203.19 203.14 203.67 203.28 202.46 202.65 202.93 202.09 199.98 198.55 196.55 197.14 197.38 197.69 197.77 197.59 197.39 197.51 197.67 197.63 197.46 197.31 197.20 197.40 197.50 197.44 197.45 197.35 197.36 197.31 196.99 196.44 196.35 198.44 200.69 201.56 201.95 202.33 203.25 203.84 203.28 203.34 203.84 203.60 203.68 203.70 203.69 204.10 204.12 204.00 204.17 204.07 204.01 204.21 204.23 204.13 203.66 203.53 204.17 204.18 203.94 203.53 203.69 203.48 203.21 203.37 203.44 203.49 204.13 204.05 204.20 203.94 204.16 204.19 204.05 204.13
204.06 204.03 204.08 204.07 203.92 203.96 203.89 203.86 203.76 204.19 204.18 204.11 204.20 204.24 204.23 204.23 203.82 204.23 204.19 204.17 204.22 204.11 203.57 204.23 204.15 203.99 204.15 204.18 204.18 204.19 204.21 204.20 204.21 204.22 204.23 204.24 204.24 204.23 204.23 204.22 204.23 204.23 204.24 204.23 204.18 204.24 204.23 204.23 204.22 204.19 204.18 204.18 204.16 204.04 203.98 204.23 204.21 204.18 204.02 203.84 203.42 203.52 202.76 202.39 201.59 198.46 197.24 196.23 196.33 196.38 196.48 196.68 199.23 200.48 201.52 200.86 203.58 203.65 203.64 201.98 203.96 203.81 204.02 204.04 204.07 204.11 204.11 203.80 203.82 203.90 203.98 203.92 203.61 203.93 204.04 203.94 204.15 204.14 204.14 203.69 204.20 204.17 204.12 204.07 203.62 204.07 203.63 203.31 202.94 202.87 202.64 202.79 199.96 197.14 197.18 197.42 197.77 197.78 197.61 197.75 197.68 197.76 197.69 197.69 197.61 197.75 197.75 197.43 197.39 197.60 197.45 197.39 197.39 197.32 196.98 196.78 196.25 197.13 199.89 200.95 201.94 201.55 203.51 203.24 203.26 203.56 203.52 203.84 203.83 203.67 203.94 204.00 203.76 204.09 204.03 204.18 204.22 204.21 204.19 204.08 204.00 204.21 204.13 203.51 203.32 203.51 203.96 203.31 203.90 203.82 203.54 203.66 204.15 204.13 203.73 204.22 204.22 204.17 204.10 204.14
203.65 204.16 203.52 203.82 203.67 203.98 203.90 203.93 204.02 204.11 204.22 204.14 204.23 204.21 204.23 204.22 204.15 204.10 204.17 204.18 204.24 204.22 204.19 204.19 204.22 204.14 204.15 204.15 204.22 204.22 204.22 204.21 204.20 204.05 204.24 204.24 204.24 204.23 204.22 204.20 204.18 204.19 203.87 203.88 204.12 204.23 204.21 204.18 204.19 204.12 204.09 204.10 204.07 204.10 204.12 204.23 204.23 204.03 204.20 204.08 204.08 204.02 203.54 203.99 201.50 201.81 199.71 199.05 198.44 197.99 198.65 198.81 201.33 200.44 201.12 203.44 203.58 203.34 203.51 203.34 203.66 200.64 203.98 203.88 204.00 204.01 204.08 203.78 203.82 204.01 204.05 203.89 203.88 203.97 203.99 204.11 203.80 204.11 203.83 204.15 204.18 204.14 204.18 204.23 204.23 204.05 203.75 202.22 203.49 202.99 202.95 202.49 199.01 196.38 197.35 197.72 197.71 197.62 197.70 197.78 197.73 197.74 197.65 197.75 197.74 197.46 197.55 197.52 197.64 197.53 197.43 197.41 197.30 197.11 196.55 196.49 196.26 196.48 199.55 199.99 200.97 200.75 202.00 202.26 202.80 203.07 203.54 203.77 203.71 202.79 203.51 203.70 203.75 204.05 204.08 204.17 204.23 204.23 204.22 204.21 204.23 204.23 204.06 203.29 203.00 202.96 203.40 203.56 203.92 203.74 203.76 203.60 204.22 204.06 204.03 203.34 204.14 204.07 203.89 203.93
203.42 203.57 203.53 202.96 203.32 204.03 203.97 204.00 203.49 202.65 200.97 201.71 203.67 204.21 204.18 204.12 204.23 204.22 204.17 204.21 204.23 204.17 204.19 204.19 204.21 204.14 204.23 204.22 204.22 204.22 204.18 204.22 204.22 204.22 204.19 204.23 204.23 204.24 204.23 203.62 203.45 203.35 202.13 201.94 202.00 203.56 203.55 203.56 203.92 204.07 203.97 204.05 204.02 204.07 204.08 204.10 204.13 204.22 204.00 204.17 204.23 204.20 203.91 203.00 203.20 201.85 202.08 201.05 199.60 199.33 199.62 201.29 200.46 202.54 202.48 202.54 202.97 200.06 203.11 203.61 203.48 203.64 203.92 203.94 204.05 204.03 203.71 203.66 203.73 203.87 204.04 203.81 204.07 204.04 203.94 204.18 204.18 204.00 204.08 204.13 204.20 204.11 204.24 204.22 203.66 204.05 203.94 203.24 203.27 203.28 202.81 202.25 199.21 196.40 197.16 197.73 197.69 197.46 197.75 197.76 197.75 197.71 197.77 197.79 197.71 197.47 197.62 197.67 197.58 197.64 197.54 197.40 197.00 196.65 196.49 196.37 196.22 196.75 197.95 199.84 198.90 202.42 202.89 202.56 203.59 203.90 203.52 203.41 203.34 203.42 203.55 203.43 203.50 204.09 204.14 204.17 204.22 203.98 204.13 204.19 204.15 204.22 203.98 203.66 203.49 203.64 203.51 203.60 204.11 203.89 203.88 204.22 204.22 203.98 204.00 203.71 203.93 203.75 203.54 203.86
203.52 203.46 203.75 204.04 203.18 203.83 203.76 203.87 204.20 203.97 202.40 202.36 204.11 204.17 204.04 204.16 204.05 204.15 204.10 204.12 204.03 204.23 204.01 204.04 204.14 204.16 204.17 204.24 204.23 204.24 204.23 203.56 204.08 204.19 204.19 204.22 204.23 204.23 204.02 204.02 203.78 203.06 202.83 202.90 203.14 203.23 203.18 203.33 202.97 203.62 203.96 203.98 203.99 204.04 204.09 204.10 204.16 204.21 204.23 204.21 204.20 204.15 204.23 204.19 203.64 203.70 203.03 200.18 200.75 200.72 200.78 200.86 202.16 202.70 202.35 202.62 202.83 203.23 203.46 203.42 203.51 203.37 203.43 203.86 203.90 204.05 203.80 203.35 203.85 203.87 203.70 203.65 203.74 204.05 203.67 204.13 204.13 204.10 204.13 203.74 204.21 204.02 204.21 204.21 204.22 204.22 203.88 203.59 203.24 203.18 203.15 201.51 198.87 196.23 197.06 197.75 197.77 197.74 197.65 197.73 197.79 197.77 197.79 197.79 197.74 197.62 197.75 197.67 197.72 197.58 197.45 197.15 196.74 196.54 196.31 196.23 196.25 196.47 198.22 201.09 201.67 202.58 203.24 203.25 203.41 203.16 202.21 203.27 203.96 203.50 203.43 203.23 203.63 203.83 204.08 203.91 204.07 204.18 203.86 204.02 204.15 204.19 204.19 204.06 203.93 203.83 203.31 203.55 203.79 203.77 203.77 203.93 203.60 203.71 203.68 203.94 203.83 203.58 203.38 203.18
203.14 203.38 203.45 203.82 202.05 202.78 203.54 204.13 204.24 204.13 204.07 204.12 204.21 204.06 203.76 203.79 203.78 203.78 203.91 203.99 203.99 204.00 204.10 204.08 204.19 204.20 204.23 204.20 204.18 204.21 204.21 204.04 204.09 203.85 204.13 203.76 204.02 203.01 203.09 203.99 202.99 202.43 203.33 203.36 203.30 203.28 203.40 203.78 203.47 203.46 203.34 203.67 203.96 204.09 204.09 204.16 204.14 204.23 204.24 204.20 204.21 204.13 204.13 203.95 203.31 202.86 202.62 202.37 204.11 201.61 202.74 202.51 202.44 202.00 202.39 202.88 203.09 203.13 203.06 203.44 203.73 203.86 204.05 202.10 203.83 203.98 203.94 204.04 203.37 203.90 203.78 203.64 203.69 203.89 204.14 203.99 204.16 204.18 203.91 203.90 204.21 204.22 204.23 204.21 204.16 204.12 202.60 203.93 203.39 202.94 202.72 202.48 201.23 197.27 196.48 197.59 197.80 197.77 197.65 197.75 197.77 197.77 197.64 197.79 197.66 197.70 197.65 197.69 197.67 197.63 197.53 196.98 196.49 196.33 196.22 196.25 196.53 198.05 199.63 201.05 202.67 202.80 203.59 203.61 203.78 203.62 203.26 203.23 203.30 203.47 203.24 203.49 203.61 203.68 203.84 203.82 203.53 203.82 203.84 204.21 204.12 204.04 204.23 204.23 204.04 203.85 203.27 203.84 203.81 203.65 203.45 203.47 203.50 203.53 203.75 203.83 203.11 202.85 203.09 202.27
203.08 201.97 203.34 203.98 203.56 204.09 203.88 204.03 204.18 204.16 204.12 204.23 204.05 203.96 203.83 203.88 203.77 204.16 203.96 204.00 204.04 204.10 204.02 204.19 204.22 204.23 204.23 204.23 204.12 204.16 204.07 204.02 204.05 203.95 204.00 204.06 203.76 202.93 202.99 202.97 202.59 203.31 203.71 203.64 203.49 203.64 203.54 203.59 203.73 203.76 203.64 203.18 203.63 204.09 204.18 204.22 204.21 204.22 204.22 204.23 204.24 204.22 204.22 203.68 203.73 204.11 204.00 203.63 203.70 202.44 202.53 201.74 202.97 203.44 203.28 202.99 202.98 203.02 202.43 203.17 203.66 203.93 203.76 203.92 203.84 204.07 204.03 204.05 203.97 203.88 203.90 203.72 203.81 204.08 204.09 204.10 203.96 203.48 204.16 204.19 204.15 204.23 204.23 204.11 204.12 204.15 204.06 203.89 202.95 203.44 203.48 202.86 202.29 201.73 196.82 196.54 197.75 197.79 197.74 197.71 197.76 197.76 197.58 197.71 197.66 197.69 197.69 197.64 197.67 197.60 197.18 196.31 196.39 196.24 196.35 196.69 196.71 198.13 198.40 198.70 201.74 203.14 203.87 203.65 203.87 203.76 203.61 203.51 203.33 203.19 203.44 203.67 204.10 204.01 204.08 203.91 204.09 204.16 204.03 203.87 204.05 204.16 203.83 203.77 203.98 203.98 204.07 203.90 203.88 204.13 203.17 203.24 203.63 203.69 203.50 203.35 202.35 202.73 203.38 203.97
202.97 202.78 204.00 204.12 204.04 204.23 204.21 204.14 204.17 204.21 204.23 204.20 204.02 203.92 203.49 203.96 203.75 203.69 203.99 203.99 204.16 204.12 204.15 204.16 204.23 204.23 204.24 204.22 204.19 204.12 204.06 203.69 203.89 203.79 203.61 203.71 203.34 202.69 202.59 202.08 202.29 203.33 203.81 203.57 203.96 203.63 204.05 204.08 203.99 204.01 203.75 203.22 202.69 203.71 204.08 204.21 204.21 204.22 204.23 204.22 204.23 204.14 203.96 203.73 203.63 203.56 203.59 203.61 203.70 203.84 203.64 202.53 202.55 203.41 202.54 203.42 202.53 203.10 203.17 202.99 203.35 203.59 203.16 203.74 203.81 203.92 203.96 204.04 204.03 203.96 203.95 204.10 204.03 203.92 204.07 203.99 204.11 203.97 204.12 204.22 204.21 204.23 204.21 204.19 204.20 204.17 204.12 204.17 203.82 203.50 203.66 203.73 203.91 203.43 202.42 197.76 196.82 197.52 197.77 197.78 197.78 197.68 197.65 197.64 197.72 197.72 197.63 197.62 197.16 196.61 196.37 196.46 197.31 197.60 197.80 197.88 197.47 197.73 199.23 199.65 201.25 203.11 203.62 203.76 203.91 203.95 203.81 203.85 203.75 203.60 203.64 203.87 204.00 204.07 204.19 204.20 204.16 204.21 203.99 204.19 204.09 203.95 204.17 204.07 204.11 204.15 203.93 203.83 203.56 203.97 203.66 203.03 203.98 203.55 203.53 203.30 203.07 203.37 203.74 203.64
203.06 203.87 203.99 204.05 204.23 204.23 204.20 204.23 204.22 204.23 204.22 204.22 204.10 203.93 203.73 203.73 203.72 203.92 204.11 203.97 204.15 204.14 204.17 204.19 204.22 204.23 204.24 204.22 204.16 204.07 203.96 203.89 203.84 203.54 203.45 203.75 203.27 202.55 202.65 202.06 202.79 203.35 203.57 203.88 203.98 204.06 204.07 204.13 204.13 204.16 203.80 203.23 203.47 203.53 203.62 203.60 204.13 204.15 204.23 204.22 204.11 203.94 203.74 203.68 203.49 203.55 203.45 203.27 203.39 203.47 203.33 201.54 203.40 203.67 203.19 203.48 203.35 203.17 202.84 202.85 202.49 202.66 203.22 203.29 203.43 203.88 204.06 204.12 204.04 204.02 204.03 203.99 204.12 204.02 203.98 204.04 204.00 204.06 204.08 204.21 204.21 204.06 204.18 204.22 204.15 204.07 204.01 204.14 203.73 203.48 203.15 203.70 203.27 203.40 201.57 201.60 197.85 196.52 196.36 197.33 197.64 197.79 197.55 197.66 197.60 197.65 197.47 197.20 196.22 197.22 196.27 196.57 198.25 198.38 198.72 200.22 200.42 199.30 199.54 200.80 201.15 203.54 203.56 203.85 203.55 204.05 203.97 203.99 203.98 203.92 203.82 203.98 204.09 204.09 204.20 204.21 203.94 204.24 204.23 204.21 204.05 203.82 203.21 203.99 203.85 203.64 203.48 203.62 203.59 203.65 203.84 203.51 203.89 203.64 203.65 203.71 203.64 203.46 203.50 203.54
203.03 203.90 204.19 204.04 204.23 204.20 204.08 204.09 204.20 204.22 204.22 204.14 203.97 203.78 203.70 203.74 203.77 204.12 203.90 203.92 203.97 204.16 204.16 204.20 204.21 204.23 204.24 204.21 204.14 204.05 203.94 203.79 203.68 203.65 203.62 203.15 203.18 202.83 201.81 201.08 202.72 203.44 203.68 203.84 203.98 204.09 204.14 204.17 204.20 204.20 204.19 204.16 203.94 203.95 203.91 203.54 203.68 203.94 204.23 204.23 204.10 203.66 203.52 203.56 202.26 203.49 203.65 203.52 203.22 203.27 202.93 202.24 202.98 203.51 203.19 202.67 203.08 203.11 202.30 202.53 202.63 202.59 203.05 202.83 203.70 203.71 203.83 204.03 204.10 203.98 203.76 203.96 203.88 203.93 203.97 204.02 204.00 204.19 204.05 204.19 203.98 203.94 204.10 204.04 203.96 203.87 203.80 203.88 204.17 203.64 203.87 203.28 202.98 202.82 203.79 203.31 200.70 200.96 198.42 198.37 196.86 196.59 196.35 197.07 196.60 196.68 196.26 196.39 197.33 198.89 200.06 201.17 199.84 199.25 200.05 201.41 200.89 200.95 201.28 202.70 202.82 203.35 203.68 203.81 203.85 203.97 203.99 203.94 203.95 203.91 203.88 204.02 204.04 204.20 204.14 204.23 204.21 204.22 203.97 204.20 204.12 203.90 203.76 204.08 203.71 204.14 203.75 203.51 203.78 203.88 203.69 203.81 203.96 203.87 203.60 203.57 203.77 203.61 203.44 203.18
203.50 203.90 203.85 203.81 204.18 204.23 204.09 204.20 204.22 204.14 204.17 203.90 204.02 203.94 203.65 203.85 203.61 204.13 203.88 204.17 204.16 204.16 204.19 204.20 204.23 204.24 204.23 204.22 204.13 204.03 203.88 203.72 203.45 203.50 203.40 203.50 203.61 202.72 202.52 201.27 202.89 203.46 203.67 203.88 204.02 204.12 204.17 204.20 204.22 204.23 204.23 204.24 204.21 204.08 204.08 204.11 204.18 204.18 204.16 204.16 204.09 204.08 203.44 203.40 203.45 203.40 203.26 202.78 203.29 203.43 203.38 201.82 201.42 201.00 202.45 203.19 202.62 202.56 202.03 202.02 202.08 202.12 202.40 202.94 203.16 203.46 203.47 203.45 203.87 203.97 204.00 203.88 203.88 204.09 204.05 203.97 203.95 204.08 204.09 204.10 203.97 203.67 204.12 203.82 203.81 203.90 203.51 204.11 204.22 204.10 203.69 203.74 203.41 203.59 203.71 203.59 203.39 201.03 201.27 200.46 199.78 199.55 198.57 198.20 197.89 196.98 197.13 197.23 197.25 199.09 201.10 199.91 200.01 200.55 202.11 201.57 204.18 201.33 201.43 203.92 203.57 203.89 203.95 203.96 203.93 203.93 203.92 203.92 203.98 204.00 204.02 204.13 204.21 204.23 204.23 204.22 204.01 204.23 204.22 204.17 204.22 204.08 203.87 203.88 203.43 204.11 203.65 203.75 203.65 203.44 203.53 203.71 204.02 204.07 204.10 203.86 203.87 203.79 203.36 203.30
203.18 204.00 203.74 203.97 203.94 204.06 203.97 203.70 204.08 203.90 203.98 203.45 203.46 203.61 203.45 203.72 203.64 203.99 204.14 203.93 204.02 204.18 204.19 204.22 204.23 204.23 204.22 204.20 204.10 203.93 203.76 203.60 203.44 203.32 203.28 202.81 203.09 203.29 202.52 202.77 203.08 203.43 203.71 203.89 203.98 204.08 204.14 204.19 204.22 204.22 204.24 204.24 204.22 204.14 203.84 204.11 204.19 204.22 204.21 204.19 203.92 204.17 203.71 203.64 203.47 203.43 203.42 203.94 203.75 203.59 203.51 203.46 202.30 200.34 199.53 202.07 201.66 201.41 200.51 201.63 201.60 201.81 200.63 202.19 201.32 203.09 202.97 202.96 203.05 203.84 203.56 203.72 203.40 204.13 203.90 203.91 203.93 204.15 204.22 203.99 203.93 204.04 203.99 203.95 204.04 204.16 203.85 204.15 204.19 204.20 204.06 204.07 203.82 203.92 203.25 202.36 203.19 202.02 201.32 200.69 200.09 200.60 200.92 198.73 200.25 197.70 198.45 200.75 201.23 201.96 201.26 202.24 202.31 201.62 202.29 203.54 203.73 203.35 204.04 203.85 203.95 204.06 204.13 204.11 204.06 203.99 203.63 203.99 204.02 204.08 204.11 204.17 204.23 204.20 204.22 204.23 204.02 204.23 204.18 204.23 204.21 204.20 204.06 203.84 204.07 204.04 203.69 203.99 203.81 203.48 203.60 203.95 204.12 203.47 203.63 203.80 203.71 203.24 202.78 203.37
203.11 203.36 203.89 203.91 203.97 203.87 203.74 203.53 203.29 203.28 203.31 203.38 202.99 202.89 203.38 203.16 204.17 203.90 203.81 204.09 204.10 204.19 204.20 204.22 204.24 204.23 204.19 204.10 203.96 203.79 203.60 203.36 203.23 203.15 203.18 203.14 202.54 202.82 202.48 202.69 203.05 203.42 203.63 203.77 203.89 203.99 204.08 204.15 204.21 204.23 204.18 204.23 204.23 204.21 204.05 204.11 204.19 204.19 204.18 204.09 203.81 204.15 203.82 203.76 203.97 203.81 203.55 203.87 203.53 203.56 203.74 203.14 202.86 201.40 200.68 200.02 201.84 201.33 201.58 201.04 201.04 201.36 201.27 200.21 201.65 202.59 202.35 202.12 202.50 203.93 203.39 203.67 203.33 203.14 203.29 203.84 203.92 202.27 203.52 204.14 204.11 204.18 204.18 204.23 204.16 204.04 204.24 204.23 204.21 204.21 204.15 203.91 204.00 204.15 204.17 204.05 203.61 203.29 202.65 202.36 201.00 201.69 200.90 200.16 200.11 198.69 200.31 201.64 201.92 202.31 203.05 202.89 202.54 202.36 203.73 204.06 204.24 204.20 204.07 203.98 204.09 204.16 204.22 204.20 204.10 204.05 204.01 203.95 204.10 204.12 204.15 204.16 204.10 204.15 204.11 204.24 204.11 204.21 204.21 204.23 204.19 204.18 204.10 203.96 203.94 203.82 203.89 203.64 203.81 202.92 203.63 202.24 203.65 203.61 203.58 203.65 203.82 202.98 202.29 203.33
203.59 203.47 203.89 203.90 203.92 203.91 203.56 202.51 202.96 203.24 203.39 203.38 203.22 203.41 203.27 203.12 203.63 203.96 203.94 204.06 204.13 204.20 204.21 204.23 204.24 204.22 204.14 203.97 203.73 203.49 203.29 203.05 202.90 202.87 202.97 202.62 202.75 202.22 202.34 202.73 203.00 203.28 203.45 203.61 203.77 203.87 204.01 204.09 204.17 204.21 204.23 204.24 204.24 204.21 204.12 204.14 204.09 204.16 204.07 203.94 203.97 204.09 203.90 203.91 203.79 203.91 203.60 203.44 203.51 203.45 203.08 203.23 202.85 202.27 200.39 199.24 200.56 201.12 200.55 200.30 200.67 200.86 201.04 200.27 200.73 200.20 201.97 201.91 202.45 203.20 203.37 203.26 203.02 202.81 203.47 203.72 203.87 204.09 204.11 204.04 203.97 203.91 204.22 204.19 204.11 204.15 204.06 204.23 204.19 204.22 203.95 204.20 203.99 204.06 204.05 203.86 203.70 203.03 203.17 202.31 201.88 201.35 201.78 200.54 201.70 201.77 201.38 203.67 202.98 203.00 203.28 203.51 202.82 203.67 204.02 204.03 204.18 204.20 204.14 204.20 204.15 204.16 204.22 204.22 204.08 204.02 204.00 203.98 203.94 204.10 204.18 204.23 204.15 204.21 203.96 204.20 204.20 204.18 204.23 204.16 204.19 204.13 204.18 204.18 203.91 203.80 203.54 203.72 203.90 203.04 202.74 203.21 203.16 202.70 202.85 203.62 203.90 203.46 203.43 203.67
204.11 203.96 203.96 204.07 203.75 203.52 202.98 201.35 201.49 202.56 202.72 203.28 203.12 203.15 202.87 203.15 203.21 203.66 203.98 204.07 204.14 204.21 204.23 204.23 204.22 204.17 204.06 203.76 203.26 202.95 202.74 202.63 202.53 202.62 202.78 201.57 202.53 202.15 202.26 202.49 202.64 202.91 203.12 203.31 203.53 203.72 203.90 204.01 204.12 204.18 204.20 204.22 204.23 204.23 204.17 204.06 204.04 204.04 204.08 204.04 203.89 204.21 204.03 204.06 203.92 203.77 203.35 203.23 203.13 203.47 203.22 202.92 202.28 200.92 198.39 198.27 198.53 200.90 200.02 200.00 199.00 200.23 200.57 200.70 199.76 199.43 201.25 202.11 202.02 201.92 202.46 202.84 202.76 202.98 203.58 203.27 203.76 203.94 203.74 204.17 204.01 203.97 204.21 204.08 204.22 204.15 204.19 204.21 204.23 204.22 204.22 204.18 204.20 204.15 204.09 203.90 203.98 204.02 203.98 202.90 202.49 202.37 202.19 202.20 202.52 202.71 203.41 203.43 203.30 203.45 203.54 203.95 204.08 203.75 204.10 204.20 204.23 204.22 204.22 204.18 204.10 204.08 203.96 203.97 204.05 204.02 204.00 203.99 204.06 204.11 203.86 203.96 204.23 204.22 204.16 204.10 204.17 204.06 204.22 204.13 204.08 204.16 204.19 204.21 203.94 203.95 204.06 204.08 203.51 202.87 202.25 201.81 201.56 200.79 201.84 201.66 202.11 202.78 202.46 203.98
204.06 204.08 203.96 203.76 203.75 203.47 202.22 201.61 201.82 202.07 202.46 203.03 202.85 203.76 202.97 202.04 203.38 203.40 203.82 204.07 204.15 204.20 204.24 204.21 204.17 204.08 203.88 203.27 202.61 202.17 202.10 202.16 202.31 202.43 202.18 201.68 202.00 202.17 202.07 201.98 202.08 202.41 202.72 202.93 203.27 203.52 203.73 203.88 204.02 204.12 204.16 204.20 204.21 204.22 204.16 204.04 203.83 203.84 204.06 204.01 203.91 204.22 204.00 204.21 204.08 199.02 196.33 199.57 203.24 202.92 203.62 202.74 202.37 201.16 198.25 198.44 198.24 200.80 199.63 200.50 199.70 200.03 199.95 199.99 199.82 200.04 200.77 200.80 200.96 201.78 202.71 202.62 202.63 202.82 203.30 203.19 203.78 203.74 203.99 203.41 203.88 204.07 204.21 204.21 204.19 204.18 204.21 204.22 204.21 204.14 204.12 204.21 204.18 204.21 204.20 204.18 204.12 203.75 203.67 204.03 203.62 203.74 203.43 203.47 203.58 202.95 203.11 203.14 203.21 203.49 203.94 203.70 204.23 204.21 204.19 204.22 204.21 204.22 204.20 204.16 204.04 204.02 203.94 203.86 204.00 204.02 204.04 204.07 204.09 204.18 204.13 204.16 204.23 204.19 204.23 204.13 204.16 204.08 204.16 203.83 204.08 204.10 204.16 204.20 203.72 204.21 204.12 203.92 203.38 202.04 201.84 201.20 201.14 200.52 199.95 201.31 201.31 202.12 201.28 203.01
202.46 203.98 203.23 203.58 203.14 202.79 200.06 200.76 202.17 201.97 201.98 202.92 203.25 203.16 202.86 202.11 203.91 203.29 202.75 203.98 204.12 204.21 204.24 204.21 204.12 203.93 203.49 202.50 201.30 200.91 201.32 201.81 201.96 202.18 202.29 202.24 202.39 202.42 201.88 201.61 201.59 202.07 202.36 202.62 203.00 203.38 203.62 203.78 203.88 203.96 203.97 204.12 204.17 204.17 204.09 204.05 203.90 204.01 204.01 204.10 203.84 200.00 198.33 197.46 196.30 196.27 196.60 196.23 196.23 202.67 202.91 201.71 201.94 201.56 199.23 199.30 198.58 199.34 199.90 200.12 199.91 199.84 200.05 199.36 200.08 200.29 200.25 200.84 201.19 201.49 201.21 201.95 202.23 202.99 203.26 203.25 203.41 203.67 204.04 203.64 204.13 204.08 204.14 204.20 204.20 204.24 204.23 204.23 204.24 204.23 204.11 204.23 204.23 204.23 204.23 204.16 204.17 203.74 203.69 203.70 204.01 203.69 203.72 203.81 203.45 203.27 203.07 202.93 203.72 203.96 204.07 204.23 204.20 204.23 204.19 204.23 204.20 204.23 204.24 204.18 204.10 203.97 203.99 203.98 203.90 203.97 204.08 204.04 204.16 203.89 204.17 204.00 204.22 204.22 204.07 203.95 204.21 203.87 203.91 204.09 204.05 204.09 204.21 204.15 203.93 203.83 203.92 203.89 203.65 201.70 200.76 198.41 199.50 199.90 201.12 199.33 200.53 198.43 202.97 202.69
201.92 202.27 202.89 203.36 203.06 202.19 201.09 199.94 200.53 200.04 200.96 202.25 202.58 202.23 202.31 202.13 203.12 203.23 203.45 203.83 204.05 204.19 204.24 204.21 204.09 203.82 203.25 201.74 199.73 199.30 200.44 201.43 201.73 201.81 201.88 202.44 202.26 202.23 201.75 201.53 201.57 202.51 201.99 202.40 202.81 203.18 203.50 203.68 203.80 203.89 203.92 204.17 204.00 203.35 197.90 199.82 199.14 201.95 197.71 196.56 199.12 204.21 204.23 204.18 198.51 197.22 199.32 199.36 203.60 196.66 201.62 202.16 201.47 200.81 200.49 199.26 199.59 198.54 197.88 199.53 199.71 199.67 199.80 199.79 200.49 200.29 199.82 200.55 201.23 200.37 200.99 201.34 201.93 202.57 201.72 202.88 203.22 203.55 203.74 203.73 203.77 203.98 204.17 204.21 204.23 203.99 204.23 204.23 204.24 204.23 204.19 204.22 204.21 204.21 204.22 204.17 204.22 203.94 203.80 203.87 203.88 203.59 203.81 203.80 204.01 203.64 203.56 203.52 203.74 203.91 204.24 204.20 204.18 204.12 204.23 204.23 204.21 204.23 204.13 204.12 203.90 203.97 203.86 203.93 203.89 203.94 204.12 204.18 204.19 204.14 204.19 204.22 204.03 204.23 203.93 203.94 204.16 204.11 204.01 203.95 204.10 204.01 204.19 204.21 204.11 203.37 203.30 202.99 202.26 200.58 199.75 198.93 198.67 198.97 199.14 198.63 198.20 198.98 198.25 199.06
198.38 199.54 198.15 198.04 201.37 201.57 200.81 199.64 200.41 200.36 200.93 201.13 201.02 201.99 201.56 201.80 202.09 202.88 203.21 203.66 203.98 204.13 204.23 204.21 204.04 203.76 203.22 201.92 199.80 198.11 199.01 201.41 201.64 201.65 201.58 202.13 202.07 201.84 201.44 201.25 201.65 201.95 201.92 202.35 202.70 203.02 203.49 203.61 203.73 203.85 203.79 204.08 200.98 198.66 196.44 196.36 200.40 203.43 203.41 203.97 204.18 204.22 204.21 204.21 204.08 204.13 204.03 201.47 202.99 203.04 196.30 200.46 196.22 198.87 199.97 198.43 197.96 198.76 198.15 197.97 199.39 199.37 199.19 199.59 199.44 199.72 198.98 200.07 199.82 200.61 200.61 200.01 201.76 202.16 202.62 202.70 202.53 203.05 204.17 204.03 203.72 203.66 204.04 204.15 204.17 204.21 204.23 204.23 204.24 204.23 204.07 204.23 204.21 204.23 204.23 204.21 204.18 204.18 204.05 204.14 204.08 203.94 203.97 204.03 204.16 203.53 203.72 203.39 203.72 203.75 203.92 204.18 204.20 204.23 204.21 204.13 204.23 204.19 204.07 204.05 203.76 203.83 203.94 203.87 203.85 203.88 203.97 203.93 204.08 204.10 204.04 204.22 204.22 204.21 204.22 204.15 204.00 203.92 204.03 203.61 203.95 203.53 203.12 203.54 203.35 200.72 203.09 202.26 201.62 200.00 199.36 199.17 198.12 198.40 197.91 197.58 197.56 199.57 198.96 200.09
200.92 200.08 200.25 198.93 198.03 200.89 199.49 200.36 199.47 199.10 200.38 200.03 200.85 201.15 201.13 201.80 201.79 202.49 202.88 203.49 203.79 204.09 204.20 204.23 204.12 203.84 203.37 202.81 200.15 197.11 197.10 200.46 201.53 201.54 201.60 201.51 201.87 201.69 201.73 201.47 201.59 202.09 203.25 204.07 203.59 203.07 203.46 203.79 203.77 203.94 199.73 196.96 197.12 196.27 199.23 203.79 203.27 203.08 203.65 204.17 204.22 204.20 203.87 204.17 203.96 203.76 200.10 202.59 197.98 201.92 196.30 196.23 196.27 196.43 197.11 197.98 199.33 198.48 198.36 196.78 197.92 199.46 198.95 198.85 199.07 198.98 198.32 199.83 199.68 199.72 199.08 201.11 201.14 201.39 202.19 202.80 202.66 203.09 203.84 203.91 203.67 203.64 204.09 204.02 204.05 204.15 204.22 204.18 203.21 202.72 204.22 203.87 204.20 204.15 204.20 204.22 204.21 204.18 204.13 204.12 204.02 204.18 204.12 204.14 204.15 204.15 204.03 203.77 203.70 203.71 203.98 204.11 204.21 204.17 204.13 204.23 204.08 203.93 204.18 203.99 203.75 203.70 203.54 203.74 203.74 203.90 203.97 203.65 203.75 204.03 204.23 204.19 204.22 204.12 203.89 204.01 203.86 203.41 203.85 203.43 203.01 200.71 199.60 201.35 201.51 199.59 199.75 200.32 199.49 199.30 198.78 198.27 197.79 197.04 197.07 197.18 199.44 203.41 199.07 199.61
199.31 199.52 199.93 199.93 196.91 197.55 198.91 198.68 197.54 198.26 198.69 199.60 200.24 200.37 200.46 200.24 200.58 201.78 202.52 203.12 203.61 203.97 204.15 204.23 204.16 203.99 203.66 203.30 200.74 198.05 198.67 199.97 201.26 201.47 201.62 201.81 201.44 201.47 201.83 201.47 203.64 203.97 202.32 203.88 203.57 202.33 203.41 200.96 200.13 201.85 203.42 203.62 203.35 196.83 200.46 200.06 199.17 203.48 204.12 204.24 204.23 204.23 204.19 204.13 202.16 199.08 198.33 199.11 203.70 203.48 199.01 196.23 196.23 196.31 196.27 196.34 197.19 198.93 199.06 198.36 198.11 198.53 198.33 199.15 198.87 199.25 199.75 200.16 200.34 200.03 200.32 199.90 201.14 201.40 201.49 201.31 201.31 202.69 203.53 203.31 204.08 204.09 203.95 204.01 204.20 204.12 204.05 204.16 204.18 204.16 204.08 204.09 204.00 204.18 204.22 204.22 204.22 204.07 204.05 204.14 204.17 204.23 204.16 204.23 204.19 204.01 204.11 204.04 203.70 203.70 203.81 203.87 204.23 204.23 204.18 204.01 204.08 204.02 204.05 203.92 203.68 203.71 203.38 203.44 203.51 203.44 203.20 203.29 203.35 202.93 204.23 204.18 204.23 204.11 204.23 203.50 200.75 202.23 202.20 202.32 200.66 199.62 199.94 200.44 198.64 197.79 198.48 197.89 197.80 197.93 197.82 197.86 197.43 196.89 196.64 196.57 197.52 198.32 198.55 199.27
199.02 198.62 198.24 198.41 199.18 196.75 196.92 196.98 196.73 197.97 198.72 200.34 199.74 199.28 198.63 198.24 198.28 199.53 202.15 202.24 203.12 203.64 204.00 204.21 204.23 204.12 203.92 203.44 202.62 201.31 200.18 200.38 201.27 201.39 201.70 201.92 201.91 202.70 202.16 201.64 201.96 202.22 202.54 203.65 203.97 202.94 203.02 203.28 203.89 203.72 203.52 203.60 200.46 200.51 201.47 203.83 204.00 204.01 200.42 200.20 204.20 204.17 204.08 204.09 203.49 203.90 203.03 203.58 203.57 203.16 201.98 199.82 197.28 200.59 200.69 197.06 196.31 196.46 199.85 199.22 197.14 197.64 197.85 198.33 198.62 199.27 199.90 199.85 199.33 199.78 200.21 200.48 200.11 201.43 201.44 201.05 201.29 201.41 202.31 202.08 203.46 204.16 204.11 204.02 203.80 204.02 204.07 204.10 204.05 204.13 203.76 203.68 203.83 204.19 204.23 204.20 204.24 204.22 204.23 204.16 204.22 204.09 204.21 204.19 204.11 204.19 203.70 204.13 203.76 203.72 203.87 204.14 204.10 204.22 204.04 204.06 203.71 203.89 203.83 203.71 203.80 203.54 202.75 202.63 202.88 203.10 201.64 202.36 203.22 203.55 203.97 204.18 203.64 203.85 203.92 203.31 198.36 200.51 196.47 198.41 199.12 200.01 199.98 198.36 198.34 197.18 197.15 197.39 197.41 197.15 197.11 197.10 196.66 196.70 196.70 196.61 196.58 197.01 197.70 198.40
198.31 198.48 197.75 197.63 198.11 196.40 196.40 196.53 197.35 197.09 199.46 201.37 198.60 196.83 197.01 196.64 199.88 202.00 199.60 200.96 201.94 203.17 203.39 203.96 204.21 204.22 204.10 203.71 203.30 202.37 201.56 201.40 201.14 201.11 201.79 202.16 202.43 202.57 202.61 202.29 202.14 202.61 202.90 203.49 203.67 203.70 204.00 204.02 203.94 203.77 203.68 203.55 203.83 202.36 203.01 204.06 204.20 204.23 204.15 197.59 204.18 203.87 203.90 203.44 203.56 203.41 200.76 202.87 202.58 201.74 201.05 200.43 196.23 199.00 199.38 197.16 197.84 197.39 198.59 198.35 197.78 197.79 197.02 197.64 198.45 198.90 198.57 199.21 199.29 199.51 199.77 200.23 200.56 200.72 201.15 201.29 202.45 201.34 201.38 201.25 203.16 203.74 204.01 203.90 203.62 203.98 203.94 203.80 203.85 203.85 203.61 203.59 203.82 204.02 204.15 204.23 204.23 203.82 203.82 204.14 204.17 204.08 204.14 203.81 204.21 204.12 204.17 203.83 203.80 203.57 203.91 203.81 203.89 203.93 203.68 202.44 203.88 203.29 203.50 203.77 203.50 203.40 202.00 202.00 202.88 201.15 201.70 202.77 203.31 203.65 203.97 203.95 204.00 203.88 203.60 202.16 198.41 198.23 198.12 199.30 197.88 198.21 198.33 198.58 197.96 197.06 197.51 198.28 196.71 196.60 196.67 196.53 196.49 196.45 196.46 196.45 196.52 196.64 197.36 197.53
197.28 197.49 197.33 196.87 196.73 196.38 196.36 196.67 196.77 198.31 199.94 201.78 198.10 196.92 196.44 197.73 199.48 198.44 198.85 200.79 201.31 202.09 202.75 203.52 204.02 204.23 204.16 203.92 203.57 203.10 202.34 201.87 200.67 199.33 201.98 202.34 202.56 202.77 202.90 202.94 202.98 203.54 203.74 203.90 204.01 204.18 204.23 204.23 204.19 203.99 203.18 203.52 197.67 204.07 204.11 204.18 204.20 204.10 204.05 202.17 203.79 203.53 203.41 203.49 203.20 203.05 203.07 200.84 200.44 200.74 198.80 200.13 196.48 196.53 197.93 197.89 198.41 198.25 198.07 197.55 196.76 196.82 197.20 198.16 198.00 198.15 198.62 199.20 199.58 199.73 199.58 199.23 200.12 200.33 200.99 201.25 202.66 201.39 201.45 201.31 203.11 203.41 203.64 203.84 203.59 203.71 203.76 203.57 203.51 203.42 203.24 203.28 203.97 204.10 204.11 204.19 204.23 203.87 204.00 204.03 204.02 204.18 204.14 204.20 204.09 204.06 203.95 203.82 203.05 203.33 203.69 203.75 203.72 203.54 202.46 202.70 203.13 201.02 203.38 203.59 203.30 203.07 201.71 201.58 201.44 200.94 201.30 203.21 202.94 203.61 203.70 203.64 202.57 202.43 201.47 198.37 197.33 196.89 197.48 197.58 196.66 197.04 197.80 197.89 196.98 197.34 198.39 197.36 196.70 196.55 196.52 196.50 196.49 196.44 196.42 196.44 196.57 196.56 196.81 197.13
197.01 197.47 196.86 196.47 196.57 196.47 196.35 196.48 196.70 197.73 199.56 199.49 197.31 196.46 196.42 196.85 197.37 197.87 200.85 199.41 200.64 200.66 202.62 203.75 204.11 204.17 204.23 204.01 203.63 203.46 203.19 202.80 201.01 198.70 199.54 202.59 202.71 202.81 203.05 203.29 203.55 203.74 203.86 204.01 204.14 204.23 204.23 204.15 203.83 203.12 204.14 204.04 203.98 204.12 204.19 204.23 204.12 203.86 203.79 203.18 203.49 203.30 202.01 203.31 203.11 202.86 203.10 199.20 201.89 200.97 199.61 196.86 196.38 196.38 198.98 198.36 198.28 198.02 198.95 196.50 198.87 196.47 197.54 198.36 197.82 197.75 198.50 199.26 198.96 199.59 199.69 199.37 199.95 200.00 200.21 201.05 201.32 202.27 202.19 202.65 202.72 202.61 203.06 202.27 203.53 203.77 203.68 203.01 203.26 203.31 203.25 203.80 203.54 203.80 204.08 204.15 204.01 204.00 204.14 203.94 204.04 204.12 204.08 204.07 204.07 204.00 203.86 203.58 203.47 203.23 202.26 202.72 201.57 201.66 201.21 201.63 202.34 202.51 201.98 202.69 201.58 201.40 200.50 200.59 200.32 201.40 202.81 202.95 202.84 203.35 202.91 201.88 199.49 198.78 198.56 198.22 197.26 196.82 197.03 196.68 196.96 196.96 197.28 196.78 196.87 197.24 197.76 196.80 196.61 196.56 196.51 196.47 196.47 196.44 196.43 196.43 196.42 196.48 196.54 196.70
196.40 196.48 196.44 196.37 196.31 196.28 196.30 196.35 196.42 197.66 198.22 197.99 196.38 196.31 196.33 196.47 196.64 199.20 199.67 198.45 199.18 201.60 203.04 203.90 204.20 203.83 204.20 203.72 203.64 203.68 203.62 203.70 203.39 200.77 202.06 202.82 202.64 202.73 203.10 203.42 203.67 203.80 203.90 203.90 204.22 204.22 204.08 203.87 203.54 202.03 201.95 204.09 204.22 204.18 204.08 203.87 203.66 203.53 203.43 202.94 202.96 203.27 203.57 201.79 201.32 202.47 202.12 200.78 200.55 199.62 199.16 198.51 196.26 196.25 196.55 196.83 196.39 196.57 197.01 196.85 198.16 198.51 197.47 197.99 198.33 197.63 198.69 199.50 199.16 199.22 198.92 199.31 199.54 199.92 200.28 200.92 201.04 201.77 201.39 201.92 201.93 201.94 201.99 202.54 202.52 203.52 203.13 202.33 201.36 203.30 203.16 203.54 203.91 203.94 204.03 203.70 203.88 203.89 204.08 203.90 204.01 204.09 204.10 204.02 204.01 203.95 203.74 203.56 203.19 202.96 200.68 199.22 198.37 198.03 197.00 198.07 201.04 201.42 201.89 201.04 200.92 200.27 199.86 200.36 200.59 201.97 202.15 202.54 202.82 203.32 201.29 198.27 198.59 199.13 198.85 197.36 197.01 196.75 196.67 196.58 197.07 196.60 196.72 196.63 196.68 197.06 196.89 196.64 196.59 196.56 196.55 196.48 196.46 196.45 196.45 196.43 196.41 196.40 196.38 196.38
196.41 196.34 196.37 196.35 196.26 196.26 196.28 196.29 196.34 196.65 197.01 197.25 196.29 196.25 196.26 196.31 197.36 199.80 197.49 197.93 199.74 202.67 203.64 204.00 203.77 203.68 203.90 204.21 203.71 203.66 203.77 203.97 204.06 203.94 203.48 203.07 202.51 202.36 203.19 203.58 203.81 203.92 203.98 203.88 204.23 204.05 203.77 203.46 202.84 201.30 200.52 203.78 203.80 203.47 203.18 202.76 202.93 202.85 202.74 202.38 201.52 202.69 203.34 203.02 202.53 201.37 200.61 200.24 200.04 198.87 197.58 196.58 197.53 197.01 196.28 196.26 196.64 197.74 198.15 198.10 198.62 197.85 198.36 198.02 197.49 198.12 198.28 199.26 199.01 199.26 199.44 199.38 200.25 200.40 200.53 200.62 200.75 200.71 201.14 201.82 201.78 201.90 202.14 201.96 202.19 202.28 202.13 202.38 202.17 203.53 203.33 204.05 203.93 204.00 203.82 203.98 203.96 203.85 203.91 203.92 204.00 204.07 204.11 204.08 203.65 203.88 203.74 203.39 202.82 201.74 199.32 196.23 196.25 196.25 196.24 196.21 196.79 198.70 199.58 199.86 200.03 199.19 199.67 200.52 200.38 201.67 202.16 202.04 203.12 202.96 198.33 198.62 198.11 197.98 197.63 197.48 196.87 196.68 196.59 196.58 196.62 196.67 196.60 196.61 196.61 196.62 196.62 196.64 196.58 196.58 196.58 196.52 196.49 196.47 196.45 196.42 196.40 196.39 196.37 196.35
196.36 196.32 196.30 196.29 196.26 196.25 196.26 196.26 196.29 196.41 196.67 196.41 196.24 196.23 196.23 196.30 197.65 196.69 196.82 197.80 200.71 202.38 202.15 202.77 203.09 203.19 203.63 204.17 203.48 203.58 203.77 204.11 204.19 204.13 203.88 203.37 201.75 201.73 203.50 203.79 203.93 204.01 204.07 204.15 204.15 203.95 203.66 203.18 202.51 201.52 200.40 200.18 202.94 202.99 202.99 202.92 202.61 202.26 201.91 201.59 201.39 202.02 203.03 202.05 200.88 200.42 199.67 199.32 199.07 198.26 197.17 196.56 196.28 196.49 196.24 197.37 197.64 197.93 196.67 196.81 196.93 198.00 197.81 197.71 198.06 198.76 198.73 199.29 198.93 199.55 199.27 199.52 199.65 199.32 200.55 200.83 201.11 200.57 201.39 202.13 202.13 201.99 201.74 202.04 202.25 201.72 202.79 201.08 202.13 201.89 202.76 203.46 203.72 203.96 203.94 203.89 203.93 203.90 203.90 203.87 204.01 203.97 204.09 203.69 203.08 203.94 203.71 203.25 201.70 198.49 196.23 196.28 196.27 196.26 196.25 196.24 196.23 196.26 198.47 198.61 198.37 198.94 199.99 199.78 201.60 202.37 202.15 201.19 201.96 202.02 198.69 197.71 197.50 197.20 197.20 197.14 196.63 196.57 196.63 196.56 196.55 196.63 196.60 196.62 196.58 196.59 196.62 196.63 196.64 196.63 196.61 196.78 196.52 196.47 196.49 196.41 196.38 196.36 196.35 196.33
196.31 196.34 196.37 196.33 196.24 196.25 196.25 196.26 196.23 196.34 196.52 196.26 196.22 196.22 196.22 196.39 196.63 196.38 196.90 198.98 199.51 200.43 200.83 201.42 202.05 202.77 203.33 204.11 203.79 203.74 204.00 204.23 204.23 204.17 204.19 203.64 201.21 199.62 203.00 203.93 204.01 204.10 204.17 204.23 204.17 203.93 203.57 203.01 202.43 201.39 200.34 200.10 200.71 202.49 202.62 202.60 202.31 201.90 201.56 201.07 200.57 200.93 201.41 201.16 200.73 199.42 198.15 198.00 197.78 197.10 196.52 196.43 196.36 196.26 196.68 196.77 196.66 196.95 196.71 197.63 197.62 197.86 198.06 197.77 197.63 198.12 198.41 197.94 198.43 198.39 199.11 199.37 199.83 199.58 200.11 199.22 200.53 201.04 201.24 200.96 200.96 202.37 202.85 203.00 201.84 201.46 201.23 202.45 202.63 202.94 203.05 202.97 203.33 203.07 203.53 203.79 203.93 203.90 203.90 204.00 203.95 204.00 204.13 202.70 203.84 203.93 203.55 202.77 200.68 196.63 196.25 196.30 196.30 196.29 196.27 196.25 196.24 196.22 196.31 196.90 197.61 198.02 200.00 200.84 200.91 201.20 199.93 199.19 199.72 199.67 197.99 197.13 197.06 197.18 196.64 196.51 196.60 196.62 196.75 196.72 196.72 196.89 196.97 196.82 196.65 196.59 196.76 196.69 196.88 196.92 196.90 196.54 196.52 196.46 196.52 196.41 196.37 196.34 196.32 196.33
196.27 196.28 196.33 196.30 196.23 196.23 196.23 196.23 196.21 196.22 196.25 196.21 196.21 196.21 196.21 196.22 196.35 196.34 196.90 198.24 198.91 199.46 200.46 201.34 202.16 202.72 203.48 204.12 204.23 204.23 204.24 204.24 204.23 204.23 204.22 204.23 201.69 196.95 198.19 203.94 204.08 204.15 204.21 204.23 204.17 203.88 203.36 202.84 202.06 201.39 200.53 199.98 200.10 202.00 202.26 202.29 201.96 201.52 201.25 200.81 200.39 201.20 201.49 200.14 199.25 198.41 197.17 196.70 196.49 196.59 196.28 196.29 196.72 196.28 196.78 196.89 196.22 197.24 197.62 197.26 197.73 197.96 198.35 198.56 198.08 197.91 197.71 197.92 198.17 198.52 199.05 199.25 199.19 199.20 198.86 200.10 199.43 201.03 200.79 200.59 201.00 201.12 201.89 202.91 201.48 201.72 199.25 201.70 200.62 203.06 202.63 202.73 202.83 202.45 203.00 203.53 203.93 203.71 203.48 203.97 203.83 203.91 204.04 204.10 204.00 203.63 203.11 202.05 199.13 196.34 196.31 196.32 196.33 196.30 196.26 196.26 196.23 196.22 196.24 196.56 196.96 199.72 198.95 199.51 200.25 198.82 197.85 197.41 197.42 197.28 196.87 196.56 196.40 196.38 196.51 196.44 196.52 196.52 196.82 197.07 197.41 197.84 197.69 197.55 197.31 197.14 197.10 197.11 197.04 196.87 198.16 196.73 196.55 196.54 196.54 196.36 196.34 196.35 196.82 196.33
196.31 196.25 196.46 196.63 196.23 196.23 196.22 196.21 196.21 196.21 196.22 196.22 196.22 196.22 196.21 196.22 196.24 196.38 198.38 198.13 198.61 199.85 200.64 201.24 202.27 202.98 203.46 203.84 204.20 204.21 204.22 204.22 204.22 204.20 204.15 204.08 204.05 198.52 199.63 203.48 204.01 204.20 204.24 204.21 202.93 203.62 203.11 202.56 201.86 201.38 200.37 200.03 199.92 201.76 201.97 201.80 201.46 201.11 200.87 200.57 200.44 200.21 199.62 200.13 198.59 196.95 196.50 196.33 196.28 196.27 196.27 196.33 196.37 196.45 196.56 196.23 196.48 196.62 197.64 198.46 198.51 197.95 198.29 198.04 198.10 198.11 196.23 198.04 196.75 198.43 199.17 199.01 198.99 198.43 198.69 200.19 200.14 199.92 199.61 199.52 199.74 201.32 201.74 201.51 201.20 200.79 201.19 200.44 199.11 201.88 202.04 201.28 202.33 202.53 202.81 203.15 203.48 203.33 203.12 203.22 203.30 203.79 203.86 203.83 203.74 203.48 202.77 201.13 198.08 196.31 196.32 196.32 196.31 196.29 196.27 196.26 196.24 196.23 196.22 196.39 196.59 198.00 197.68 197.46 197.50 197.25 197.29 196.54 196.73 196.45 196.39 196.34 196.26 196.24 196.23 196.32 196.35 196.55 197.15 198.20 199.40 199.99 199.18 199.10 198.43 197.99 197.81 197.37 197.45 197.34 197.24 197.71 196.63 196.57 196.48 196.48 196.35 196.52 197.88 197.03
196.36 196.24 196.24 196.22 196.22 196.23 196.21 196.22 196.22 196.23 196.23 196.25 196.24 196.23 196.23 196.21 196.35 196.74 197.96 197.97 200.30 203.90 201.28 200.80 202.80 203.20 203.62 203.72 203.91 204.16 204.18 204.21 204.20 204.18 204.15 204.10 204.08 204.13 203.17 203.44 204.09 204.23 204.22 204.15 203.92 203.25 202.86 202.31 201.82 201.41 200.57 200.03 199.74 201.51 201.51 201.55 201.25 200.82 200.54 200.47 200.23 200.23 200.41 199.21 196.79 196.40 196.29 196.24 196.24 196.24 196.29 196.32 196.27 196.32 196.25 196.37 196.88 196.61 196.90 197.14 197.32 197.81 199.50 196.33 197.75 198.02 197.85 198.11 198.06 198.06 196.91 197.87 198.73 199.00 199.15 199.54 199.39 199.17 198.97 198.60 199.15 199.25 200.79 201.03 200.75 200.67 201.08 198.90 199.83 202.44 201.82 201.69 201.45 201.42 202.59 202.74 203.06 203.33 203.22 203.20 203.47 203.30 203.55 203.47 203.10 203.01 202.29 200.00 197.00 196.30 196.31 196.28 196.31 196.28 196.26 196.25 196.24 196.23 196.21 196.30 196.44 196.55 196.74 196.82 196.90 196.80 196.65 196.50 196.32 196.28 196.25 196.23 196.23 196.22 196.22 196.22 196.31 196.60 197.79 199.27 200.43 201.08 201.72 201.11 200.50 199.00 198.35 197.93 197.87 197.62 197.45 197.35 196.90 196.59 196.59 196.64 196.43 196.30 196.91 196.23
196.25 196.22 196.22 196.21 196.33 196.21 196.21 196.22 196.24 196.24 196.25 196.27 196.27 196.26 196.27 196.26 196.50 196.65 197.31 197.23 201.41 200.48 197.20 196.53 198.60 203.08 203.67 203.68 203.38 203.87 204.08 204.18 204.19 204.17 204.14 204.09 204.07 204.15 204.16 204.13 204.23 204.23 204.20 204.12 203.86 203.19 202.62 202.07 201.62 201.19 200.81 199.76 199.94 201.98 201.88 201.02 200.99 200.67 200.51 200.33 200.09 199.69 198.95 197.22 196.59 196.28 196.22 196.22 196.25 196.26 196.27 196.25 196.25 196.24 196.22 196.34 196.43 196.40 196.51 197.15 197.56 198.56 197.65 197.27 198.08 197.88 197.82 196.27 198.00 197.57 197.87 198.06 198.91 199.06 198.67 198.31 198.61 198.54 198.57 198.10 198.17 198.65 199.84 200.20 199.30 199.44 199.42 199.58 201.39 202.00 201.52 201.42 201.83 202.20 202.34 202.53 202.97 203.76 203.33 203.17 203.09 203.11 203.19 203.08 202.95 202.62 200.70 199.50 196.73 196.25 196.29 196.30 196.29 196.27 196.26 196.26 196.25 196.22 196.21 196.22 196.29 196.26 196.33 196.32 196.34 196.27 196.25 196.23 196.22 196.21 196.21 196.21 196.21 196.22 196.21 196.21 196.23 196.63 197.78 200.09 201.39 202.38 202.93 202.92 202.16 199.84 198.78 198.53 198.54 198.13 197.68 197.21 196.82 196.60 196.69 196.49 196.28 196.29 196.33 196.38
196.26 196.22 196.21 196.21 196.22 196.22 196.21 196.23 196.25 196.26 196.28 196.30 196.30 196.30 196.30 196.24 196.44 196.94 198.78 197.81 200.71 200.55 197.24 196.69 198.20 203.97 203.28 203.03 202.94 203.16 203.85 204.13 204.20 204.21 204.21 204.13 204.05 204.06 204.21 204.23 204.22 204.21 204.19 204.13 203.96 203.45 202.45 201.91 201.36 201.14 200.81 199.63 200.46 200.15 202.02 201.49 200.97 200.74 200.39 200.32 199.72 199.67 198.19 196.60 196.31 196.23 196.24 196.25 196.31 196.31 196.34 196.30 196.28 196.25 196.23 196.24 196.29 196.27 196.23 196.81 197.33 197.77 197.74 197.31 196.24 198.26 197.95 198.58 197.98 197.76 197.69 197.66 197.02 198.21 198.32 198.01 198.23 198.23 198.31 198.12 198.04 199.10 196.67 199.12 198.54 200.07 200.71 199.64 200.77 201.01 201.43 201.74 202.27 202.38 202.33 201.72 203.19 202.73 203.24 202.65 202.30 201.81 203.03 202.95 202.79 202.36 201.04 201.45 197.91 196.35 196.23 196.28 196.26 196.26 196.25 196.24 196.24 196.23 196.22 196.22 196.21 196.21 196.23 196.21 196.22 196.21 196.22 196.23 196.23 196.24 196.25 196.24 196.27 196.25 196.24 196.22 196.22 196.64 198.61 200.88 202.69 203.41 203.57 203.21 203.08 203.79 199.87 199.26 198.86 198.42 197.84 197.25 196.81 196.59 196.53 196.34 196.77 196.24 196.26 196.23
196.24 196.21 196.22 196.23 196.25 196.25 196.24 196.26 196.29 196.30 196.32 196.32 196.33 196.33 196.32 196.23 196.50 198.05 198.68 197.47 198.52 202.33 200.27 199.43 201.13 203.67 202.32 202.32 202.52 203.02 203.61 204.04 204.21 204.23 204.23 204.22 204.08 204.06 204.13 204.18 204.19 204.18 204.16 204.11 203.97 203.49 202.00 201.96 201.63 201.22 201.20 200.28 199.48 198.97 201.68 201.50 201.34 200.90 200.73 200.15 199.72 199.51 197.35 196.54 196.27 196.27 196.29 196.31 196.35 196.35 196.35 196.34 196.28 196.30 196.26 196.21 196.22 196.22 196.35 196.77 197.20 196.97 197.00 197.33 198.26 197.96 197.42 197.86 197.70 197.46 197.75 197.76 198.08 198.19 197.63 197.88 198.15 198.03 198.08 198.08 197.89 198.88 199.54 198.41 199.96 199.45 198.64 201.79 200.69 199.49 201.87 202.24 202.38 202.14 202.00 201.65 202.70 202.67 203.89 202.08 201.91 202.02 203.33 202.98 202.41 202.38 201.22 201.65 200.25 198.36 196.42 196.34 196.22 196.22 196.22 196.24 196.24 196.24 196.24 196.23 196.24 196.26 196.26 196.27 196.27 196.27 196.29 196.30 196.30 196.28 196.30 196.28 196.29 196.26 196.27 196.27 196.23 196.51 198.95 201.95 203.56 203.79 203.87 203.89 203.38 202.26 200.79 200.01 199.34 198.55 197.74 197.25 196.84 196.63 196.41 196.37 196.94 196.23 196.23 196.22
196.22 196.23 196.23 196.25 196.26 196.29 196.30 196.32 196.34 196.34 196.35 196.35 196.35 196.34 196.34 196.22 196.62 198.43 197.55 196.88 196.83 200.15 201.51 203.05 202.99 200.47 201.57 201.83 202.26 203.17 203.72 204.03 204.19 204.24 204.22 204.21 204.17 204.06 204.09 204.18 204.18 204.21 204.16 204.09 204.08 203.24 202.82 202.30 202.06 201.65 201.36 201.00 200.30 199.25 200.13 201.00 198.60 196.47 197.00 198.88 199.45 200.18 197.21 196.50 196.24 196.26 196.33 196.35 196.39 196.40 196.37 196.40 196.29 196.45 196.32 196.26 196.24 196.24 196.25 196.37 196.76 197.57 198.25 197.51 197.95 197.87 197.68 197.49 197.55 198.06 197.39 197.32 197.50 197.81 197.26 197.14 196.78 198.63 197.46 197.58 198.04 198.70 199.43 198.70 198.64 198.90 198.91 199.74 200.81 200.19 201.14 201.93 201.91 202.35 202.37 202.25 201.85 202.71 203.72 202.26 201.97 202.43 199.77 200.92 202.58 202.67 202.02 201.41 201.12 199.60 198.24 197.21 196.55 196.32 196.23 196.22 196.24 196.25 196.27 196.28 196.29 196.34 196.31 196.35 196.38 196.40 196.42 196.40 196.45 196.41 196.42 196.39 196.38 196.37 196.38 196.34 196.31 196.37 199.15 202.23 203.38 203.86 203.99 204.03 204.21 203.30 201.63 200.34 199.21 198.51 197.71 197.16 196.67 196.48 196.31 196.46 196.25 196.23 196.37 196.22
196.23 196.24 196.24 196.28 196.32 196.32 196.34 196.35 196.35 196.36 196.37 196.37 196.36 196.36 196.35 196.22 196.97 197.83 197.57 198.11 196.76 197.16 197.20 197.25 198.47 199.94 202.02 201.54 202.61 203.41 203.91 204.09 204.22 204.23 204.20 204.08 204.09 204.11 204.06 204.18 204.15 204.16 204.14 204.13 203.90 203.19 202.62 202.38 202.21 202.00 202.34 201.51 201.36 198.79 201.45 201.28 201.04 201.19 198.20 196.51 196.58 198.40 196.97 196.23 196.27 196.35 196.39 196.40 196.42 196.44 196.43 196.42 196.39 196.36 196.28 196.30 196.29 196.31 196.36 196.24 196.29 197.01 197.33 196.90 197.21 197.27 197.07 197.26 197.19 197.81 197.41 196.81 197.30 197.25 197.21 197.14 196.99 197.40 197.72 197.44 198.83 198.68 198.19 198.65 199.06 197.81 198.24 199.93 199.12 199.56 200.95 200.27 200.53 200.49 199.42 202.11 201.50 203.19 202.65 203.56 203.01 203.14 203.00 202.61 202.55 202.30 202.47 202.35 200.85 201.54 198.72 197.30 197.32 196.48 196.22 196.24 196.26 196.31 196.33 196.35 196.39 196.41 196.44 196.49 196.55 196.60 196.64 196.65 196.64 196.60 196.56 196.54 196.54 196.50 196.46 196.42 196.35 196.28 197.54 201.00 203.49 203.89 204.08 199.25 204.01 203.46 201.53 200.08 199.26 198.35 197.32 197.25 196.60 196.40 196.25 196.24 196.22 196.25 196.22 196.22
196.27 196.29 196.30 196.30 196.35 196.34 196.39 196.39 196.39 196.39 196.39 196.38 196.37 196.36 196.36 196.23 196.73 197.76 197.54 197.69 197.87 197.57 199.55 198.85 198.74 199.55 200.44 202.32 203.09 203.59 204.00 204.16 204.23 204.23 204.08 204.06 204.15 204.03 203.88 204.12 204.05 204.06 204.04 204.17 204.09 203.25 202.77 202.54 202.39 202.68 203.08 202.88 201.16 200.24 199.01 198.15 198.48 197.36 196.98 196.27 197.18 199.12 196.28 196.30 196.34 196.37 196.37 196.41 196.46 196.47 196.39 196.44 196.44 196.41 196.32 196.41 196.34 196.36 196.40 196.38 196.23 196.33 196.45 196.51 196.47 196.80 197.21 197.42 197.18 197.15 197.11 196.94 197.16 197.31 197.10 197.48 197.01 197.17 198.06 198.78 197.22 199.09 198.25 198.19 200.17 197.24 201.18 199.48 199.10 199.99 200.08 199.76 199.95 200.20 200.60 200.12 200.47 198.61 201.55 202.46 201.83 199.89 202.66 202.04 201.58 203.04 203.39 201.74 199.96 201.34 198.46 197.62 196.65 196.25 196.23 196.28 196.35 196.36 196.39 196.44 196.48 196.55 196.60 196.70 196.79 196.81 196.84 196.81 196.80 196.75 196.71 196.71 196.64 196.58 196.50 196.45 196.38 196.31 196.27 200.42 202.90 203.75 204.19 204.19 204.17 202.27 200.43 199.43 198.83 198.03 197.79 196.60 196.43 196.31 196.23 196.21 196.21 196.21 196.23 196.25
196.33 196.34 196.37 196.39 196.41 196.41 196.42 196.43 196.43 196.42 196.42 196.42 196.40 196.34 196.38 196.36 196.21 197.08 198.13 198.00 197.94 197.84 199.67 200.04 198.13 199.11 201.58 202.59 203.26 203.77 204.05 204.19 204.23 204.22 203.84 204.01 204.23 204.03 203.94 204.06 203.86 203.82 203.85 203.75 203.53 203.22 202.73 202.44 202.47 203.22 203.07 202.59 202.53 200.15 199.81 199.34 199.25 197.59 197.19 196.57 196.71 196.29 196.24 196.23 196.29 196.32 196.34 196.40 196.46 196.49 196.46 196.51 196.49 196.51 196.49 196.46 196.42 196.44 196.46 196.48 196.46 196.22 196.25 196.33 196.30 196.61 196.94 196.66 196.87 197.11 196.79 196.49 196.87 197.08 197.58 197.28 196.91 197.04 197.89 197.94 198.49 198.17 198.30 198.11 199.12 199.69 200.73 200.07 199.84 200.78 199.90 200.08 199.12 198.00 198.25 198.32 199.86 201.57 201.83 201.99 201.30 202.08 202.42 202.07 202.49 201.27 198.89 197.79 197.95 197.38 196.89 196.59 196.28 196.22 196.27 196.36 196.39 196.45 196.52 196.60 196.68 196.75 196.86 196.93 196.98 197.05 197.03 196.93 196.98 196.90 196.87 196.79 196.71 196.62 196.57 196.52 196.45 196.39 196.24 197.49 200.52 202.34 203.38 203.45 202.52 200.12 199.23 198.77 198.35 197.83 196.94 196.48 196.30 196.23 196.21 196.23 196.23 196.24 196.28 196.31
196.42 196.40 196.44 196.44 196.45 196.45 196.46 196.48 196.48 196.46 196.45 196.45 196.44 196.43 196.41 196.39 196.27 196.26 196.42 196.47 196.78 197.11 198.18 198.28 197.50 201.17 202.05 202.76 203.52 203.85 204.09 204.06 204.24 204.23 204.13 204.14 204.23 204.00 203.97 203.97 203.80 203.68 203.50 203.50 203.32 203.09 202.78 202.37 202.60 203.54 202.61 202.36 202.21 201.52 201.18 200.68 199.80 199.52 198.76 196.66 197.53 196.33 196.24 196.22 196.25 196.26 196.33 196.38 196.40 196.50 196.52 196.51 196.55 196.59 196.56 196.62 196.49 196.52 196.55 196.51 196.49 196.44 196.27 196.43 196.25 196.33 196.56 197.07 196.77 196.53 196.49 196.65 196.88 197.25 196.37 196.77 197.21 197.82 198.08 197.29 198.54 198.37 197.83 197.91 198.81 198.98 200.34 200.24 199.75 200.32 200.55 200.67 199.13 198.40 198.67 198.70 200.35 201.49 200.91 200.71 201.05 198.98 201.91 202.24 200.90 201.56 199.90 197.31 197.64 196.98 196.46 196.22 196.23 196.26 196.32 196.39 196.47 196.56 196.70 196.79 196.86 196.96 197.15 197.08 197.16 197.20 197.17 197.13 197.09 197.02 196.92 196.86 196.91 196.71 196.70 196.63 196.56 196.49 196.33 196.26 197.23 198.62 199.49 199.66 199.92 201.07 198.14 198.12 197.82 197.39 198.48 196.31 196.22 196.82 196.25 196.25 196.30 196.31 196.32 196.39
196.50 196.30 196.46 196.46 196.49 196.48 196.49 196.50 196.49 196.49 196.49 196.49 196.48 196.46 196.48 196.46 196.43 196.30 196.27 197.24 196.84 196.89 196.70 197.02 199.93 201.72 202.35 203.02 203.30 204.00 204.15 204.22 204.23 204.17 204.08 204.11 204.23 204.08 203.88 203.80 203.64 203.45 203.35 203.24 203.41 203.13 203.15 203.34 203.41 203.21 202.65 202.09 201.98 202.15 201.39 200.26 199.65 199.33 199.47 199.17 199.30 199.20 197.39 196.23 196.22 196.33 196.38 196.40 196.42 196.50 196.56 196.66 196.66 196.66 196.64 196.71 196.67 196.68 196.67 196.56 196.63 196.61 196.48 196.33 196.30 196.26 196.38 196.62 196.34 196.63 196.68 197.37 196.74 196.80 196.92 197.22 197.09 197.89 197.31 197.28 198.86 199.06 198.27 199.46 197.16 199.99 199.68 200.61 199.80 201.33 201.84 201.22 199.81 199.22 199.67 200.60 200.68 200.08 200.87 199.08 199.44 199.02 199.29 201.21 200.15 198.47 198.29 197.10 196.61 196.30 196.24 196.22 196.25 196.31 196.38 196.47 196.58 196.74 196.85 196.92 197.04 197.11 197.19 197.24 197.35 197.24 197.21 197.19 197.15 196.97 197.03 196.98 196.90 196.80 196.69 196.77 196.73 196.64 196.56 196.47 196.35 196.26 196.25 196.31 197.35 198.80 196.56 197.04 197.30 196.77 196.65 196.22 196.24 196.26 196.31 196.35 196.37 196.42 196.45 196.49
196.57 196.53 196.53 196.51 196.52 196.51 196.52 196.52 196.51 196.52 196.53 196.52 196.51 196.49 196.51 196.47 196.49 196.44 196.37 199.87 197.62 197.12 197.47 199.35 202.21 201.75 202.42 203.08 203.69 204.09 204.23 204.19 204.02 203.90 203.81 203.77 203.98 204.18 204.10 203.65 203.40 203.28 203.17 203.21 203.88 203.78 202.96 202.63 203.14 203.32 202.68 202.84 203.16 202.86 201.85 200.32 199.52 199.01 198.92 198.73 198.64 198.85 197.45 196.27 196.30 196.35 196.40 196.40 196.46 196.51 196.54 196.69 196.65 196.73 196.74 196.81 196.79 196.85 196.78 196.72 196.69 196.65 196.66 196.33 196.26 196.22 196.23 196.26 196.38 196.36 197.02 196.87 196.79 196.72 196.31 197.33 197.38 197.55 197.13 197.58 197.72 197.87 198.02 198.30 198.46 199.57 200.24 198.20 200.36 201.78 199.62 201.48 201.28 201.58 201.87 202.04 201.34 200.75 200.33 198.39 198.20 198.52 196.74 197.25 197.72 197.04 196.79 196.63 196.35 196.25 196.21 196.25 196.28 196.36 196.43 196.56 196.68 196.84 196.97 197.08 197.13 197.19 197.31 197.38 197.42 197.40 197.33 197.32 197.21 197.19 197.10 196.90 196.99 196.89 196.86 196.84 196.78 196.71 196.70 196.62 196.57 196.46 196.43 196.39 196.31 196.26 196.22 196.34 196.51 196.45 196.48 196.24 196.32 196.30 196.34 196.37 196.43 196.51 196.56 196.59
196.65 196.56 196.57 196.52 196.56 196.54 196.56 196.55 196.53 196.54 196.55 196.55 196.54 196.51 196.49 196.48 196.46 196.42 196.39 197.39 197.45 197.82 198.83 200.11 201.54 201.61 202.36 203.03 203.61 204.19 204.13 203.82 203.37 203.04 203.04 203.31 203.57 203.64 204.10 204.15 203.53 203.02 202.92 202.97 203.15 203.39 203.18 202.95 202.72 201.96 203.19 203.41 203.60 203.79 202.96 201.45 199.70 199.19 199.02 199.10 198.75 199.02 196.75 196.22 196.30 196.35 196.40 196.43 196.47 196.56 196.59 196.67 196.70 196.80 196.83 196.91 196.97 196.95 196.94 196.85 196.88 196.83 196.76 196.72 196.57 196.48 196.44 196.35 196.26 196.39 196.37 196.50 196.83 196.93 196.63 196.88 197.06 196.79 197.32 197.10 197.11 196.63 197.51 196.85 197.14 197.43 198.71 199.38 199.96 201.04 201.50 201.79 201.81 202.32 202.30 202.29 201.85 200.02 196.64 197.31 197.87 198.54 197.84 198.30 196.84 196.64 196.49 196.44 196.23 196.21 196.24 196.30 196.35 196.40 196.55 196.68 196.76 196.93 197.04 197.19 197.26 197.36 197.45 197.46 197.49 197.51 197.48 197.40 197.38 197.28 197.23 197.18 197.13 197.02 197.10 197.06 196.93 196.80 196.80 196.69 196.59 196.54 196.42 196.38 196.29 196.27 196.22 196.23 196.28 196.28 196.37 196.22 196.32 196.35 196.37 196.42 196.52 196.54 196.59 196.61
196.62 196.60 196.60 196.57 196.41 196.57 196.58 196.47 196.57 196.56 196.54 196.55 196.51 196.50 196.48 196.46 196.46 196.47 196.38 196.25 198.64 199.13 198.39 199.82 199.91 201.39 202.01 202.69 203.79 204.21 203.74 202.99 202.40 202.32 202.02 202.25 203.23 203.39 203.67 204.18 203.89 202.95 202.66 202.75 203.17 203.09 203.36 204.06 203.10 203.00 203.04 203.25 203.77 203.99 203.72 202.63 200.84 199.96 199.42 199.50 197.99 197.83 197.67 196.30 196.31 196.39 196.41 196.43 196.51 196.58 196.67 196.75 196.77 196.89 196.96 197.00 197.03 197.06 197.06 197.12 196.94 196.94 196.91 196.87 196.77 196.52 196.59 196.46 196.29 196.28 196.26 196.28 196.28 196.34 196.36 196.61 196.91 197.06 196.50 196.79 196.99 196.28 196.93 197.58 196.31 197.94 198.39 198.62 199.22 199.11 200.23 201.52 198.19 202.06 201.95 200.79 201.45 200.65 197.01 196.76 196.72 196.74 196.68 196.50 196.46 196.39 196.31 196.23 196.22 196.23 196.28 196.35 196.38 196.51 196.61 196.76 196.86 196.96 197.14 197.18 197.41 197.50 197.53 197.53 197.54 197.55 197.50 197.49 197.43 197.48 197.35 197.32 197.22 197.20 197.16 197.12 197.05 196.88 196.70 196.74 196.62 196.56 196.47 196.38 196.29 196.29 196.24 196.22 196.21 196.23 196.23 196.40 198.13 196.38 196.40 196.42 196.52 196.59 196.62 196.60
196.61 196.62 196.63 196.62 196.60 196.59 196.56 196.58 196.57 196.56 196.55 196.56 196.53 196.54 196.48 196.49 196.46 196.35 196.31 196.23 196.28 196.60 197.51 198.31 199.45 200.52 201.23 202.56 203.88 204.16 203.48 202.83 202.57 202.50 201.84 202.20 203.07 203.48 203.81 204.23 203.74 202.80 202.62 202.71 203.46 202.97 203.28 203.76 203.41 203.56 203.55 203.73 203.74 203.58 203.26 202.92 201.65 200.11 200.02 200.23 198.98 197.78 197.72 196.44 196.26 196.43 196.46 196.43 196.54 196.63 196.70 196.81 196.87 196.95 197.04 197.10 197.14 197.15 197.16 197.15 197.12 197.10 197.03 197.15 197.13 196.86 196.70 196.66 196.49 196.50 196.26 196.44 196.30 196.22 196.27 196.28 196.43 196.31 196.74 196.73 196.33 196.33 196.30 197.26 196.52 198.78 199.42 197.82 197.62 198.28 199.12 198.40 197.13 196.83 199.57 198.65 196.65 199.38 196.59 196.79 196.65 196.70 196.33 196.30 196.25 196.30 196.23 196.22 196.23 196.29 196.33 196.36 196.44 196.53 196.72 196.84 196.98 197.05 197.27 197.36 197.43 197.54 197.56 197.56 197.56 197.53 197.55 197.53 197.51 197.45 197.41 197.42 197.41 197.33 197.25 197.15 197.07 197.01 196.90 196.79 196.66 196.54 196.48 196.40 196.31 196.31 196.29 196.25 196.25 196.22 196.64 196.32 196.77 196.32 196.39 196.47 196.49 196.58 196.58 196.63
196.61 196.65 196.65 196.62 196.61 196.60 196.59 196.58 196.57 196.58 196.56 196.60 196.57 196.57 196.51 196.49 196.43 196.35 196.25 196.22 196.36 196.62 197.28 198.02 198.85 199.63 200.68 201.61 203.23 204.17 204.02 203.41 203.04 202.92 202.83 202.94 203.39 203.64 204.22 203.50 202.41 201.96 202.35 202.46 202.42 203.32 202.93 203.85 203.50 203.47 203.63 203.45 204.03 203.57 202.54 202.84 202.42 200.86 199.90 198.58 198.72 198.52 197.74 196.46 196.25 196.45 196.54 196.57 196.62 196.70 196.83 196.89 197.03 197.07 197.25 197.14 197.21 197.17 197.22 197.23 197.20 197.18 197.08 197.10 197.13 196.95 196.89 196.71 196.65 196.67 196.58 196.52 196.51 196.42 196.31 196.22 196.23 196.31 196.31 196.28 196.36 196.32 196.45 196.29 196.43 196.25 196.26 196.25 198.75 199.07 199.74 196.51 199.14 200.07 196.40 196.34 196.52 196.76 196.77 196.41 196.37 196.36 196.21 196.38 196.22 196.22 196.22 196.25 196.30 196.32 196.30 196.43 196.44 196.58 196.73 196.92 197.04 197.07 197.26 197.39 197.49 197.54 197.52 197.44 197.56 197.53 197.51 197.46 197.47 197.38 197.41 197.39 197.34 197.31 197.32 197.22 197.12 197.07 196.85 196.79 196.66 196.54 196.42 196.39 196.35 196.32 196.28 196.30 196.29 196.23 196.23 196.35 197.10 196.29 196.45 196.46 196.56 196.58 196.62 196.66
196.68 196.68 196.65 196.65 196.64 196.62 196.61 196.58 196.57 196.59 196.59 196.56 196.55 196.53 196.51 196.44 196.36 196.28 196.22 196.24 196.40 196.66 197.19 197.67 198.08 198.63 199.38 200.39 201.86 203.38 203.97 204.18 204.19 203.76 203.35 203.23 203.66 204.21 203.88 202.88 201.96 201.48 201.51 201.22 200.78 200.28 200.09 200.92 202.88 203.69 204.04 203.66 202.60 202.74 202.70 201.98 199.90 200.60 199.95 198.35 197.78 196.84 196.47 196.25 196.25 196.49 196.52 196.63 196.71 196.80 196.86 197.02 197.08 197.16 197.15 197.27 197.26 197.26 197.33 197.33 197.22 197.26 197.21 197.19 197.13 197.08 196.92 196.96 196.88 196.72 196.69 196.76 196.59 196.51 196.49 196.44 196.31 196.24 196.35 196.38 196.32 196.33 196.42 196.30 196.24 196.27 196.27 196.28 196.85 196.90 198.09 196.39 196.79 197.02 196.35 196.62 196.95 196.39 196.34 196.28 196.31 196.22 196.21 196.23 196.23 196.24 196.25 196.26 196.32 196.35 196.40 196.41 196.56 196.63 196.86 196.98 197.11 197.23 197.29 197.40 197.47 197.55 197.55 197.56 197.54 197.48 197.51 197.52 197.50 197.49 197.43 197.47 197.43 197.27 197.32 197.29 197.18 197.03 196.80 196.70 196.64 196.48 196.41 196.38 196.37 196.35 196.34 196.34 196.33 196.30 196.26 196.23 196.55 196.34 196.36 196.39 196.51 196.64 196.64 196.68
196.68 196.67 196.67 196.63 196.62 196.62 196.60 196.61 196.56 196.62 196.60 196.57 196.57 196.52 196.44 196.42 196.30 196.25 196.21 196.24 196.41 196.55 196.79 197.04 197.41 197.82 198.44 198.81 199.61 200.68 201.62 201.94 201.91 201.99 203.65 203.86 203.11 202.51 202.33 202.18 201.70 201.41 201.49 201.28 200.67 200.06 200.06 200.26 202.76 203.69 202.91 201.90 199.88 201.14 200.74 198.75 199.77 197.48 199.86 198.67 197.52 196.62 196.25 196.26 196.41 196.53 196.61 196.66 196.83 196.87 197.00 197.08 197.12 197.18 197.21 197.19 197.12 197.01 197.31 197.32 197.29 197.32 197.26 197.24 197.18 197.14 197.12 197.07 196.99 196.92 196.84 196.81 196.77 196.71 196.55 196.58 196.47 196.41 196.41 196.43 196.37 196.36 196.43 196.31 196.30 196.29 196.37 196.24 196.26 196.39 196.41 196.25 196.31 196.22 196.21 196.92 196.34 196.28 196.24 196.21 196.21 196.22 196.25 196.22 196.27 196.28 196.28 196.30 196.34 196.37 196.47 196.51 196.61 196.71 197.15 197.18 197.11 197.20 197.30 197.38 197.46 197.54 197.54 197.51 197.52 197.50 197.49 197.49 197.43 197.50 197.48 197.46 197.38 197.37 197.37 197.24 197.11 196.96 196.84 196.41 196.46 196.58 196.46 196.45 196.41 196.39 196.39 196.36 196.37 196.36 196.33 196.27 196.29 196.33 196.37 196.48 196.50 196.60 196.63 196.68
196.69 196.67 196.66 196.63 196.65 196.64 196.63 196.63 196.60 196.60 196.61 196.57 196.55 196.47 196.41 196.35 196.27 196.23 196.21 196.23 196.31 196.38 196.51 196.68 197.15 197.47 197.69 198.01 198.27 198.66 199.04 199.42 199.73 200.01 200.41 200.22 200.04 200.12 200.93 201.40 201.48 201.04 201.13 201.87 201.42 200.84 200.75 200.75 198.81 202.75 196.64 196.27 196.22 196.72 196.72 198.71 198.50 198.42 197.41 198.22 196.66 196.29 196.24 196.36 196.42 196.60 196.71 196.83 196.85 197.02 197.02 197.09 197.17 197.18 197.20 197.21 197.25 197.31 197.35 197.34 197.35 197.30 197.29 197.26 197.24 197.19 197.19 197.08 197.04 197.00 196.95 196.87 196.75 196.69 196.64 196.65 196.55 196.57 196.56 196.53 196.39 196.46 196.32 196.41 197.73 196.63 196.22 196.31 196.27 196.21 196.23 196.21 196.22 196.25 196.32 196.22 196.21 196.22 196.23 196.22 196.22 196.23 196.27 196.26 196.26 196.29 196.28 196.32 196.35 196.41 196.50 196.58 196.68 196.80 197.06 197.13 197.09 197.22 197.23 197.35 197.42 197.46 197.50 197.50 197.48 197.49 197.48 197.48 197.44 197.37 197.48 197.41 197.33 197.27 197.27 197.12 197.03 196.89 196.83 196.47 196.36 196.60 196.51 196.48 196.48 196.45 196.46 196.43 196.39 196.41 196.38 196.39 196.23 196.35 196.52 196.50 196.49 196.64 196.73 196.65
196.67 196.68 196.65 196.65 196.66 196.67 196.61 196.60 196.61 196.60 196.57 196.52 196.48 196.43 196.37 196.31 196.25 196.22 196.21 196.24 196.39 196.35 196.45 196.66 196.77 197.03 197.30 197.53 197.79 197.96 198.27 198.63 199.02 199.22 199.17 199.07 199.44 199.62 200.27 200.82 201.05 200.98 200.82 200.63 200.96 200.28 199.36 198.21 196.60 196.37 196.26 196.22 196.22 196.23 196.25 196.42 197.67 198.08 197.32 196.36 196.25 196.26 196.34 196.54 196.56 196.66 196.75 196.87 196.97 197.03 197.13 197.20 197.24 197.24 197.28 197.30 197.30 197.24 197.43 197.48 197.33 197.32 197.35 197.15 197.28 197.22 197.13 197.10 197.14 197.05 197.03 196.97 196.89 196.82 196.76 196.71 196.66 196.53 196.66 196.56 196.54 196.53 196.32 197.36 196.87 196.45 196.25 196.31 196.28 196.24 196.25 196.24 196.24 196.25 196.28 196.24 196.25 196.24 196.26 196.27 196.26 196.28 196.26 196.27 196.29 196.29 196.28 196.32 196.36 196.40 196.46 196.57 196.70 196.80 196.93 196.95 197.11 197.17 197.28 197.33 197.38 197.43 197.49 197.47 197.49 197.48 197.43 197.47 197.46 197.42 197.40 197.33 197.32 197.18 197.02 197.06 196.98 196.88 196.81 196.76 196.67 196.63 196.58 196.52 196.51 196.51 196.46 196.48 196.44 196.43 196.41 196.43 196.38 196.50 196.50 196.45 196.51 196.63 196.71 196.70
196.65 196.63 196.67 196.68 196.67 196.65 196.62 196.59 196.57 196.52 196.53 196.50 196.44 196.38 196.32 196.26 196.23 196.21 196.21 196.23 196.26 196.29 196.38 196.46 196.57 196.69 196.93 197.21 197.34 197.63 197.86 197.98 198.29 198.41 198.34 198.39 198.42 198.86 199.52 200.04 200.39 200.44 200.23 199.98 199.33 198.46 197.91 197.13 196.56 196.30 196.22 196.21 196.22 196.24 196.27 196.29 196.43 196.52 196.62 196.26 196.44 196.51 196.59 196.63 196.69 196.78 196.93 197.00 197.07 197.10 197.22 197.26 197.27 197.29 197.32 197.36 197.37 197.34 197.39 197.36 197.31 197.36 197.32 197.35 197.28 197.37 197.33 197.19 197.17 197.06 197.08 197.02 196.93 196.90 196.80 196.73 196.76 196.90 196.66 196.64 196.53 196.53 196.46 196.39 196.27 196.27 196.26 196.35 196.30 196.33 196.29 196.30 196.27 196.30 196.29 196.28 196.31 196.34 196.30 196.32 196.30 196.28 196.26 196.27 196.29 196.27 196.27 196.32 196.34 196.37 196.47 196.57 196.66 196.75 196.74 196.88 196.97 197.09 197.11 197.18 197.20 197.27 197.28 197.35 197.38 197.39 197.35 197.36 197.27 197.28 197.29 197.28 197.15 197.04 196.99 196.90 196.94 196.85 196.80 196.74 196.68 196.62 196.58 196.55 196.54 196.51 196.53 196.51 196.39 196.43 196.40 196.46 196.44 196.44 196.47 196.55 196.64 196.64 196.69 196.70
196.70 196.69 196.64 196.59 196.61 196.53 196.56 196.58 196.55 196.52 196.51 196.45 196.43 196.36 196.34 196.26 197.15 196.28 196.21 196.21 196.22 196.26 196.29 196.31 196.41 196.52 196.63 196.87 197.11 197.25 197.43 197.46 197.64 197.57 197.66 197.59 197.84 198.02 198.28 198.71 199.20 199.22 199.50 199.31 198.82 198.00 197.19 196.77 196.25 196.21 196.22 196.22 196.47 196.25 196.29 196.34 196.39 196.41 196.52 196.59 196.65 196.71 196.82 196.87 196.95 197.03 197.05 197.11 197.15 197.20 197.28 197.30 197.31 197.35 197.37 197.34 197.36 197.36 197.39 197.44 197.31 197.33 197.36 197.32 197.38 197.30 197.21 197.20 197.11 197.12 197.09 197.07 196.99 196.92 196.80 196.79 196.78 196.76 196.71 196.65 196.62 196.57 196.50 196.50 196.47 196.41 196.37 196.37 196.38 196.35 196.35 196.35 196.32 196.36 196.33 196.37 196.41 196.39 196.39 196.37 196.31 196.30 196.28 196.27 196.25 196.26 196.31 196.34 196.35 196.37 196.45 196.53 196.60 196.62 196.71 196.81 196.88 196.95 196.96 197.01 197.05 197.10 197.12 197.18 197.21 197.17 197.19 197.19 197.03 197.06 197.12 197.05 197.03 196.93 196.87 196.92 196.78 196.84 196.80 196.66 196.61 196.60 196.58 196.58 196.52 196.53 196.50 196.46 196.43 196.47 196.47 196.39 196.41 196.41 196.49 196.66 196.62 196.68 196.72 196.74
196.68 196.67 196.65 196.62 196.64 196.58 196.54 196.52 196.52 196.52 196.46 196.42 196.42 196.36 196.32 196.31 196.24 196.22 196.21 196.21 196.21 196.22 196.24 196.27 196.30 196.35 196.44 196.56 196.55 196.71 196.78 196.90 196.98 196.93 197.01 196.99 197.06 197.18 197.31 197.84 198.02 198.30 198.42 198.34 197.93 197.19 196.60 196.39 196.23 196.21 196.22 196.23 196.24 196.27 196.32 196.37 196.44 196.53 196.61 196.68 196.84 196.89 196.93 196.97 197.03 197.05 197.11 197.16 197.19 197.26 197.27 197.40 197.36 197.36 197.36 197.39 197.38 197.35 197.36 197.35 197.33 197.41 197.28 197.30 196.94 197.44 197.20 197.16 197.15 197.09 197.11 197.02 196.97 196.94 196.91 196.83 196.82 196.75 196.72 196.61 196.62 196.59 196.51 196.44 196.41 196.42 196.41 196.37 196.43 196.40 196.38 196.41 196.45 196.44 196.44 196.46 196.49 196.46 196.42 196.35 196.33 196.33 196.31 196.29 196.29 196.30 196.28 196.31 196.34 196.36 196.43 196.46 196.53 196.53 196.58 196.65 196.76 196.80 196.82 196.79 196.91 196.88 196.96 197.03 197.04 197.01 196.99 197.02 196.99 196.94 196.98 196.94 196.96 196.94 196.84 196.87 196.80 196.82 196.79 196.69 196.64 196.65 196.58 196.56 196.54 196.49 196.49 196.47 196.41 196.46 196.45 196.41 196.51 196.46 196.48 196.55 196.63 196.62 196.65 196.67
196.62 196.64 196.63 196.56 196.61 196.60 196.48 196.55 196.55 196.55 196.51 196.47 196.43 196.40 196.34 196.29 196.30 196.26 196.24 196.23 196.22 196.21 196.22 196.23 196.23 196.25 196.26 196.29 196.32 196.36 196.39 196.46 196.52 196.48 196.41 196.48 196.49 196.48 196.63 196.89 197.04 197.17 197.16 196.78 196.64 196.38 196.29 196.24 196.21 196.22 196.23 196.26 196.27 196.31 196.37 196.41 196.49 196.57 196.65 196.78 196.93 196.85 197.04 197.07 197.09 197.12 197.18 197.22 197.23 197.23 197.29 197.28 197.30 197.35 197.35 197.35 197.32 197.37 197.40 197.38 197.32 197.30 197.31 197.27 197.26 197.24 197.22 197.20 197.16 197.07 197.00 197.04 196.95 196.96 196.81 196.86 196.84 196.79 196.68 196.65 196.60 196.58 196.56 196.53 196.53 196.50 196.42 196.43 196.44 196.46 196.50 196.51 196.51 196.51 196.47 196.51 196.50 196.50 196.42 196.39 196.37 196.35 196.30 196.31 196.28 196.29 196.28 196.30 196.32 196.33 196.38 196.37 196.47 196.55 196.52 196.46 196.58 196.61 196.60 196.70 196.76 196.67 196.77 196.84 196.83 196.78 196.83 196.82 196.82 196.82 196.82 196.84 196.83 196.79 196.79 196.82 196.79 196.73 196.73 196.67 196.69 196.62 196.59 196.54 196.52 196.48 196.40 196.41 196.40 196.43 196.45 196.46 196.49 196.48 196.50 196.53 196.58 196.65 196.55 196.61
196.58 196.58 196.58 196.59 196.57 196.60 196.55 196.52 196.55 196.48 196.46 196.47 196.44 196.39 196.35 196.33 196.30 196.28 196.26 196.24 196.22 196.22 196.22 196.21 196.21 196.21 196.22 196.23 196.24 196.24 196.24 196.25 196.24 196.24 196.26 196.27 196.27 196.26 196.28 196.40 196.31 196.32 196.31 196.29 196.28 196.25 196.23 196.21 196.22 196.23 196.25 196.30 196.36 196.40 196.45 196.52 196.59 196.66 196.74 196.79 196.91 197.02 197.07 197.10 197.16 197.31 197.10 197.24 197.26 197.26 197.31 197.23 197.29 197.37 197.40 197.38 197.36 197.37 197.31 197.33 197.30 197.30 197.27 197.29 197.24 197.22 197.17 197.14 197.09 197.05 197.00 196.97 196.96 196.90 196.90 196.89 196.79 196.74 196.72 196.65 196.63 196.59 196.54 196.53 196.52 196.53 196.47 196.51 196.50 196.53 196.53 196.54 196.55 196.55 196.50 196.54 196.51 196.50 196.48 196.40 196.43 196.41 196.29 196.33 196.31 196.30 196.28 196.26 196.28 196.31 196.31 196.33 196.36 196.25 196.37 196.45 196.46 196.45 196.53 196.57 196.60 196.51 196.64 196.67 196.68 196.60 196.66 196.64 196.68 196.71 196.68 196.71 196.68 196.65 196.69 196.70 196.66 196.65 196.66 196.61 196.59 196.60 196.55 196.54 196.51 196.42 196.47 196.45 196.41 196.43 196.42 196.46 196.48 196.47 196.52 196.52 196.50 196.56 196.55 196.52
196.59 196.53 196.52 196.99 196.54 196.57 196.57 196.56 196.54 196.53 196.51 196.45 196.45 196.40 196.39 196.37 196.34 196.33 196.28 196.25 196.23 196.24 196.23 196.23 196.22 196.22 196.22 196.22 196.22 196.21 196.21 196.21 196.21 196.22 196.22 196.22 196.23 196.22 196.22 196.23 196.23 196.22 196.22 196.22 196.21 196.21 196.22 196.22 196.25 196.28 196.34 196.38 196.44 196.51 196.60 196.64 196.70 196.77 196.85 196.86 196.93 197.01 197.09 197.16 197.15 197.17 197.26 197.24 197.23 197.22 197.26 197.23 197.27 197.27 197.29 197.32 197.29 197.25 197.24 197.26 197.26 197.25 197.19 197.16 197.13 196.99 197.02 197.00 197.00 196.98 196.97 196.91 196.85 196.82 196.86 196.70 196.68 196.69 196.67 196.63 196.62 196.58 196.55 196.55 196.55 196.54 196.54 196.54 196.54 196.53 196.56 196.55 196.58 196.55 196.54 196.52 196.52 196.48 196.51 196.47 196.43 196.42 196.41 196.37 196.34 196.32 196.29 196.28 196.28 196.28 196.28 196.30 196.32 196.32 196.35 196.39 196.41 196.40 196.45 196.39 196.49 196.41 196.50 196.54 196.48 196.55 196.55 196.55 196.57 196.58 196.56 196.56 196.61 196.61 196.61 196.59 196.59 196.56 196.58 196.59 196.57 196.54 196.55 196.53 196.46 196.49 196.49 196.49 196.40 196.43 196.44 196.45 196.41 196.48 196.52 196.54 196.52 196.54 196.55 196.56
196.54 196.61 196.55 196.60 196.60 196.57 196.56 196.57 196.46 196.51 196.48 196.49 196.49 196.47 196.59 196.40 196.39 196.36 196.32 196.35 196.33 196.29 196.29 196.28 196.27 196.26 196.24 196.25 196.24 196.24 196.23 196.22 196.22 196.22 196.21 196.21 196.21 196.21 196.21 196.21 196.21 196.21 196.21 196.22 196.23 196.24 196.26 196.29 196.31 196.35 196.39 196.40 196.50 196.61 196.69 196.79 196.87 196.97 197.00 197.01 197.02 197.10 197.13 197.11 197.19 197.20 197.21 197.16 197.19 197.22 197.15 197.16 197.22 197.22 197.22 197.23 197.23 197.19 197.20 197.19 197.21 197.16 197.13 196.95 197.13 196.75 196.63 196.89 196.95 196.89 196.92 196.83 196.85 196.76 196.75 196.71 196.67 196.66 196.66 196.63 196.59 196.59 196.57 196.51 196.56 196.51 196.50 196.52 196.52 196.51 196.55 196.55 196.58 196.54 196.47 196.49 196.55 196.49 196.47 196.51 196.49 196.45 196.44 196.37 196.36 196.30 196.32 196.29 196.29 196.25 196.28 196.27 196.27 196.28 196.30 196.30 196.32 196.33 196.31 196.35 196.38 196.37 196.41 196.42 196.39 196.45 196.44 196.46 196.44 196.45 196.48 196.48 196.49 196.50 196.43 196.51 196.50 196.54 196.53 196.52 196.48 196.47 196.52 196.52 196.47 196.52 196.51 196.43 196.48 196.44 196.50 196.49 196.48 196.48 196.48 196.52 196.47 196.48 196.58 196.42
196.58 196.57 196.61 196.59 196.57 196.63 196.61 196.57 196.59 196.57 196.49 196.51 196.54 196.48 196.49 196.46 196.46 196.44 196.43 196.43 196.36 196.38 196.34 196.32 196.32 196.28 196.31 196.30 196.28 196.27 196.26 196.24 196.25 196.23 196.37 196.22 196.22 196.22 196.22 196.22 196.22 196.23 196.24 196.25 196.26 196.29 196.32 196.37 196.41 196.46 196.53 196.61 196.68 196.77 196.87 196.96 197.06 197.12 197.19 197.25 197.27 197.25 197.19 197.16 197.16 197.16 197.13 197.15 197.18 197.15 197.17 197.16 197.14 197.18 197.17 197.14 197.12 197.06 197.16 197.13 197.12 197.08 196.99 196.96 196.95 196.87 196.86 196.88 196.85 196.87 196.82 196.78 196.78 196.72 196.70 196.66 196.64 196.62 196.60 196.55 196.52 196.55 196.53 196.48 196.50 196.50 196.51 196.48 196.46 196.42 196.45 196.52 196.55 196.52 196.50 196.51 196.46 196.49 196.49 196.48 196.46 196.42 196.43 196.41 196.38 196.36 196.35 196.31 196.28 196.28 196.26 196.25 196.25 196.25 196.23 196.27 196.27 196.28 196.24 196.29 196.31 196.34 196.34 196.33 196.34 196.34 196.30 196.38 196.37 196.38 196.37 196.42 196.41 196.43 196.44 196.44 196.44 196.45 196.46 196.48 196.42 196.43 196.43 196.46 196.45 196.45 196.50 196.50 196.50 196.48 196.50 196.48 196.52 196.51 196.46 196.48 196.49 196.56 196.54 196.57
196.50 196.60 196.60 196.58 196.59 196.60 196.59 196.61 196.54 196.63 196.58 196.57 196.56 196.57 196.49 196.46 196.46 196.51 196.53 196.48 196.49 196.48 196.46 196.45 196.40 196.39 196.29 196.37 196.37 196.31 196.35 196.29 196.30 196.27 196.25 196.23 196.24 196.24 196.24 196.24 196.24 196.27 196.29 196.31 196.34 196.38 196.46 196.53 196.62 196.69 196.73 196.77 196.80 196.87 196.91 196.99 197.03 197.05 197.11 197.13 197.12 197.13 197.12 197.10 197.07 197.09 197.10 197.10 197.07 197.10 197.11 197.08 197.13 197.11 197.03 197.08 197.07 197.02 197.03 197.01 196.97 196.95 196.97 196.93 196.85 196.87 196.79 196.76 196.75 196.73 196.73 196.70 196.65 196.65 196.65 196.56 196.58 196.58 196.56 196.55 196.54 196.53 196.52 196.47 196.48 196.52 196.50 196.48 196.48 196.50 196.41 196.43 196.48 196.47 196.50 196.48 196.45 196.47 196.46 196.42 196.40 196.42 196.40 196.40 196.35 196.34 196.34 196.33 196.31 196.30 196.28 196.26 196.26 196.24 196.23 196.22 196.23 196.25 196.26 196.26 196.27 196.26 196.27 196.27 196.28 196.28 196.29 196.30 196.30 196.30 196.32 196.31 196.32 196.35 196.38 196.39 196.38 196.40 196.47 196.44 196.42 196.41 196.41 196.45 196.45 196.47 196.48 196.50 196.49 196.47 196.46 196.51 196.52 196.54 196.60 196.57 196.55 196.56 196.54 196.52
196.57 196.62 196.65 196.60 196.57 196.61 196.71 196.55 196.60 196.61 196.55 196.58 196.59 196.56 196.62 196.63 196.62 196.58 196.66 196.53 196.48 196.55 196.55 196.52 196.48 196.46 196.42 196.39 196.41 196.36 196.37 196.38 196.38 196.33 196.36 196.37 196.32 196.32 196.33 196.34 196.32 196.37 196.40 196.41 196.46 196.49 196.54 196.62 196.66 196.73 196.78 196.81 196.81 196.79 196.84 196.85 196.86 196.88 196.91 196.90 196.88 196.92 196.91 196.93 197.02 196.97 196.97 196.99 197.05 197.00 197.02 197.00 196.99 197.02 196.97 196.93 196.94 196.96 196.94 196.90 196.87 196.87 196.84 196.81 196.77 196.76 196.73 196.72 196.70 196.64 196.59 196.56 196.59 196.60 196.55 196.55 196.53 196.52 196.51 196.49 196.46 196.44 196.43 196.43 196.46 196.47 196.46 196.44 196.45 196.45 196.48 196.45 196.44 196.44 196.42 196.44 196.41 196.41 196.37 196.40 196.35 196.39 196.38 196.34 196.34 196.33 196.33 196.33 196.31 196.29 196.28 196.28 196.27 196.26 196.24 196.24 196.23 196.23 196.22 196.22 196.22 196.22 196.22 196.22 196.23 196.23 196.25 196.25 196.27 196.27 196.29 196.28 196.28 196.29 196.31 196.30 196.35 196.37 196.39 196.40 196.41 196.38 196.42 196.43 196.44 196.47 196.46 196.48 196.42 196.49 196.49 196.48 196.45 196.51 196.52 196.54 196.59 196.52 196.56 196.55
196.61 196.65 196.65 196.62 196.59 196.67 196.68 196.66 196.66 196.69 196.73 196.67 196.69 196.63 196.76 196.67 196.65 196.63 196.60 196.60 196.62 196.49 196.50 196.54 196.49 196.55 196.49 196.69 196.58 196.53 196.56 196.49 196.45 196.43 196.39 196.42 196.39 196.40 196.41 196.45 196.48 196.50 196.52 196.54 196.58 196.61 196.62 196.65 196.67 196.70 196.75 196.82 196.79 196.79 196.78 196.77 196.74 196.73 196.70 196.73 196.75 196.77 196.79 196.78 196.81 196.85 196.86 196.84 196.83 196.85 196.90 196.93 196.93 196.86 196.90 196.91 196.92 196.87 196.83 196.77 196.78 196.75 196.73 196.70 196.72 196.71 196.68 196.65 196.62 196.62 196.59 196.50 196.51 196.51 196.51 196.45 196.46 196.46 196.45 196.46 196.44 196.44 196.42 196.37 196.41 196.42 196.39 196.38 196.38 196.37 196.39 196.40 196.42 196.42 196.40 196.42 196.43 196.40 196.36 196.34 196.36 196.38 196.37 196.33 196.33 196.32 196.30 196.31 196.28 196.28 196.27 196.26 196.26 196.25 196.26 196.25 196.24 196.23 196.23 196.23 196.23 196.24 196.24 196.24 196.24 196.25 196.25 196.25 196.26 196.27 196.26 196.28 196.28 196.29 196.29 196.28 196.32 196.34 196.35 196.34 196.39 196.38 196.36 196.40 196.43 196.46 196.42 196.46 196.50 196.52 196.33 197.02 196.39 196.33 196.50 196.53 196.60 196.59 196.51 196.57
196.58 196.64 196.60 196.63 196.63 196.70 196.62 196.67 196.68 196.68 196.71 196.66 196.68 196.74 196.68 196.71 196.71 196.61 196.66 196.68 196.65 196.70 196.73 196.78 196.68 196.58 196.60 196.60 196.47 196.51 196.53 196.50 196.56 196.59 196.63 196.53 196.50 196.51 196.46 196.52 196.51 196.54 196.59 196.58 196.58 196.54 196.59 196.61 196.63 196.69 196.71 196.72 196.71 196.72 196.72 196.79 196.70 196.69 196.70 196.71 196.75 196.77 196.79 196.79 196.79 196.77 196.75 196.76 196.78 196.73 196.80 196.80 196.80 196.80 196.79 196.81 196.77 196.77 196.71 196.73 196.69 196.69 196.65 196.74 196.63 196.59 196.57 196.54 196.54 196.54 196.51 196.50 196.49 196.46 196.47 196.45 196.50 196.42 196.40 196.39 196.39 196.39 196.38 196.37 196.38 196.39 196.39 196.38 196.36 196.38 196.37 196.36 196.38 196.38 196.38 196.37 196.36 196.37 196.34 196.34 196.34 196.33 196.31 196.35 196.35 196.33 196.30 196.29 196.29 196.27 196.29 196.28 196.28 196.27 196.25 196.26 196.25 196.25 196.24 196.24 196.24 196.25 196.25 196.23 196.24 196.25 196.26 196.26 196.25 196.25 196.25 196.27 196.27 196.27 196.28 196.28 196.29 196.31 196.33 196.34 196.34 196.37 196.37 196.40 196.41 196.40 196.41 196.42 196.45 196.47 196.47 196.50 196.47 196.59 196.60 196.62 196.62 196.62 196.59 196.55
196.66 196.59 196.47 196.42 196.49 196.64 196.58 196.40 196.41 196.62 196.67 196.67 196.69 196.67 196.67 196.57 196.52 196.55 196.43 196.57 196.46 196.52 196.76 196.92 196.67 196.57 196.56 196.63 196.59 196.58 196.57 196.57 196.60 196.55 196.40 196.54 196.49 196.53 196.51 196.50 196.57 196.56 196.51 196.51 196.55 196.59 196.61 196.63 196.65 196.66 196.67 196.68 196.61 196.71 196.72 196.75 196.76 196.75 196.75 196.75 196.76 196.46 196.45 196.62 196.69 196.67 196.67 196.68 196.64 196.64 196.67 196.69 196.69 196.69 196.67 196.67 196.66 196.67 196.69 196.68 196.65 196.60 196.59 196.58 196.58 196.55 196.49 196.48 196.52 196.50 196.51 196.49 196.45 196.41 196.41 196.43 196.43 196.42 196.40 196.39 196.39 196.39 196.37 196.40 196.37 196.37 196.37 196.37 196.37 196.36 196.37 196.36 196.35 196.33 196.33 196.33 196.35 196.32 196.32 196.30 196.31 196.32 196.32 196.33 196.32 196.33 196.32 196.31 196.30 196.28 196.29 196.28 196.27 196.25 196.22 196.24 196.26 196.26 196.26 196.26 196.25 196.25 196.25 196.24 196.25 196.24 196.25 196.24 196.25 196.24 196.25 196.26 196.26 196.27 196.28 196.28 196.29 196.29 196.29 196.30 196.31 196.33 196.36 196.38 196.39 196.39 196.41 196.44 196.45 196.43 196.47 196.44 196.46 196.51 196.49 196.59 196.65 196.63 196.59 196.63
196.49 196.44 196.43 196.48 196.49 196.47 196.45 196.45 196.47 196.46 196.47 196.39 196.51 196.49 196.50 196.54 196.54 196.57 196.56 196.53 196.52 196.58 196.57 196.59 196.61 196.63 196.59 196.47 196.51 196.45 196.48 196.50 196.51 196.52 196.50 196.53 196.50 196.55 196.54 196.54 196.54 196.56 196.55 196.53 196.50 196.51 196.52 196.54 196.55 196.59 196.63 196.60 196.62 196.64 196.66 196.66 196.64 196.66 196.70 196.69 196.72 196.73 196.72 196.73 196.70 196.70 196.74 196.71 196.65 196.63 196.59 196.58 196.54 196.56 196.56 196.49 196.47 196.49 196.54 196.55 196.50 196.53 196.46 196.33 196.38 196.52 196.34 196.36 196.41 196.34 196.22 196.30 196.30 196.31 196.27 196.28 196.33 196.31 196.31 196.38 196.39 196.32 196.29 196.32 196.34 196.32 196.33 196.34 196.35 196.34 196.34 196.34 196.34 196.33 196.32 196.32 196.32 196.32 196.31 196.26 196.46 196.27 196.30 196.29 196.29 196.30 196.29 196.28 196.28 196.28 196.28 196.28 196.28 196.28 196.28 196.28 196.28 196.28 196.27 196.27 196.26 196.25 196.24 196.24 196.24 196.23 196.22 196.22 196.23 196.23 196.24 196.23 196.25 196.26 196.26 196.27 196.27 196.28 196.28 196.28 196.29 196.31 196.32 196.34 196.35 196.37 196.36 196.36 196.37 196.42 196.42 196.43 196.44 196.46 196.47 196.45 196.44 196.51 196.51 196.50
196.22 196.22 196.22 196.23 196.22 196.22 196.22 196.22 196.22 196.23 196.23 196.23 196.24 196.24 196.25 196.25 196.25 196.26 196.26 196.27 196.27 196.27 196.28 196.29 196.30 196.32 196.35 196.39 196.39 196.42 196.46 196.41 196.42 196.49 196.32 196.33 196.27 196.33 196.22 196.25 196.32 196.32 196.43 196.43 196.44 196.47 196.50 196.49 196.40 196.39 196.24 196.24 196.23 196.25 196.38 196.35 196.53 196.50 196.43 196.40 196.47 196.38 196.41 196.41 196.44 196.47 196.52 196.37 196.31 196.25 196.24 196.32 196.23 196.25 196.27 196.30 196.33 196.27 196.41 196.47 196.57 196.81 196.76 197.01 197.02 196.99 197.34 197.40 197.35 197.58 197.39 197.16 197.77 197.77 197.25 197.57 197.55 198.00 197.99 197.87 197.19 196.88 196.96 196.90 197.14 197.08 197.34 196.89 196.53 196.24 196.22 196.32 196.23 196.27 196.22 196.23 196.26 196.24 196.26 196.23 196.24 196.25 196.24 196.23 196.22 196.27 196.22 196.22 196.24 196.24 196.22 196.22 196.22 196.22 196.22 196.23 196.23 196.25 196.26 196.26 196.26 196.26 196.26 196.25 196.26 196.24 196.25 196.25 196.25 196.26 196.26 196.27 196.27 196.28 196.27 196.27 196.27 196.28 196.28 196.27 196.27 196.28 196.29 196.29 196.29 196.28 196.28 196.27 196.27 196.25 196.24 196.24 196.24 196.24 196.24 196.23 196.22 196.22 196.22 196.22
196.24 196.24 196.24 196.24 196.24 196.24 196.24 196.24 196.24 196.23 196.23 196.23 196.22 196.22 196.22 196.22 196.21 196.21 196.21 196.21 196.22 196.22 196.22 196.22 196.21 196.21 196.23 196.22 196.30 196.31 196.45 196.48 196.33 196.29 196.61 196.53 196.54 196.50 196.60 196.74 196.78 196.74 196.94 197.13 197.11 196.79 196.83 196.94 196.84 196.75 196.53 196.43 196.32 196.30 196.47 196.40 196.54 196.67 196.71 196.63 196.70 196.33 196.31 196.25 196.32 196.34 196.39 196.44 196.43 196.32 196.28 196.22 196.26 196.31 196.36 196.45 196.53 196.63 196.74 196.82 196.91 197.05 197.14 197.23 197.38 197.52 197.60 197.71 197.78 197.78 197.78 197.80 197.83 197.89 197.98 198.05 198.14 198.21 198.25 198.30 198.34 198.43 198.50 198.57 198.63 198.68 198.70 198.73 198.67 198.32 197.90 197.46 197.49 197.33 197.66 197.36 197.08 197.00 197.05 197.23 197.38 197.30 196.85 197.11 196.96 197.25 197.07 196.96 197.12 197.00 197.34 197.25 196.99 196.69 196.85 196.99 196.94 197.08 196.95 196.91 196.71 196.58 196.51 196.40 196.23 196.22 196.22 196.25 196.25 196.25 196.24 196.24 196.24 196.24 196.24 196.25 196.24 196.24 196.23 196.23 196.22 196.22 196.22 196.22 196.21 196.21 196.21 196.21 196.21 196.21 196.22 196.22 196.22 196.22 196.22 196.22 196.23 196.24 196.24 196.24
196.24 196.23 196.23 196.23 196.24 196.29 196.98 197.04 196.98 196.86 196.92 196.57 196.82 196.77 197.16 196.78 197.46 197.93 198.03 198.00 198.00 197.42 196.78 197.04 197.28 197.07 196.48 196.95 197.17 196.75 197.17 198.44 198.26 197.59 198.24 198.49 198.52 198.55 198.49 198.39 198.44 198.10 198.33 198.55 198.44 198.64 198.83 198.80 198.80 198.42 198.39 198.49 198.32 197.74 197.82 198.10 198.05 197.96 197.83 197.71 197.67 197.73 197.40 197.61 197.71 197.71 197.20 197.17 196.96 196.91 196.84 196.45 196.43 196.44 196.59 196.68 196.68 196.73 196.73 196.63 196.51 196.31 196.26 196.44 197.02 197.07 196.95 196.86 196.78 196.63 196.75 197.00 197.33 197.79 197.84 197.68 197.82 197.94 198.21 198.39 198.47 198.25 198.51 198.65 198.73 198.80 198.88 198.92 198.95 199.01 199.04 199.03 199.00 198.97 198.94 198.88 198.83 198.78 198.76 198.78 198.72 198.64 198.62 198.68 198.70 198.70 198.72 198.71 198.69 198.73 198.72 198.74 198.76 198.72 198.63 198.64 198.43 198.46 198.51 198.07 198.59 198.58 198.60 197.80 197.70 197.57 197.30 196.69 197.27 197.73 197.40 197.77 197.04 196.97 196.80 196.58 196.90 196.68 196.52 196.45 196.45 196.92 196.74 196.34 196.47 196.54 196.36 196.29 196.23 196.28 196.25 196.25 196.31 196.43 196.31 196.23 196.22 196.30 196.31 196.30
199.56 199.23 199.37 199.29 199.09 199.29 199.26 199.34 199.76 199.87 199.85 199.82 199.68 199.59 199.75 199.96 199.98 199.95 200.01 200.02 199.96 199.73 199.74 200.29 200.26 200.28 200.14 200.09 200.00 199.98 199.93 200.16 200.36 200.22 200.36 200.61 200.75 200.77 200.80 200.78 200.62 200.68 200.45 200.52 200.65 200.92 200.96 201.01 200.92 200.81 200.81 200.82 200.76 200.71 200.48 200.18 200.15 200.00 199.90 199.89 200.04 200.16 200.19 200.24 200.28 200.29 200.33 200.28 200.21 200.10 199.56 198.83 198.73 198.90 198.92 199.10 198.82 199.05 199.12 198.91 199.20 199.36 199.42 199.42 199.26 199.44 199.30 198.96 199.25 199.02 199.47 199.63 199.51 199.72 199.92 199.95 199.85 199.88 199.73 199.79 199.94 200.16 200.14 199.96 199.94 200.25 200.30 200.37 200.45 200.49 200.52 200.41 200.52 200.49 200.45 200.39 200.36 200.26 200.34 199.93 200.45 200.38 200.29 200.17 199.86 199.68 200.14 200.18 200.00 200.00 199.80 200.07 200.44 200.43 200.43 200.45 200.45 200.34 200.12 200.09 200.08 200.04 199.99 200.07 199.93 199.93 199.89 200.02 200.20 200.42 200.24 200.42 200.13 200.26 200.55 200.53 200.45 199.71 200.01 199.77 200.07 199.49 199.49 199.21 199.24 199.16 199.38 199.50 199.43 199.38 199.45 199.22 199.07 199.09 199.05 198.98 199.21 199.10 198.90 199.25
201.33 201.36 201.32 201.23 201.22 201.51 201.52 201.64 201.66 201.65 201.65 201.69 201.68 201.69 201.69 201.71 201.73 201.76 201.74 201.75 201.78 201.76 201.71 201.75 201.76 201.74 201.79 201.86 201.91 201.96 201.99 202.03 202.04 202.07 202.09 202.11 202.12 202.14 202.15 202.17 202.17 202.17 202.19 202.19 202.20 202.20 202.20 202.20 202.20 202.18 202.15 202.13 202.09 202.05 202.00 201.94 201.90 201.87 201.83 201.83 201.85 201.80 201.79 201.77 201.74 201.71 201.68 201.66 201.67 201.64 201.63 201.62 201.58 201.54 201.51 201.48 201.45 201.42 201.36 201.33 201.36 201.37 201.37 201.32 201.37 201.30 201.30 201.33 201.32 201.32 201.33 201.26 201.18 201.21 201.29 201.37 201.41 201.34 201.16 201.12 201.22 201.38 201.39 201.42 201.45 201.49 201.51 201.55 201.58 201.61 201.61 201.63 201.65 201.67 201.68 201.71 201.71 201.73 201.75 201.75 201.75 201.75 201.76 201.74 201.72 201.74 201.75 201.78 201.82 201.83 201.84 201.85 201.87 201.89 201.92 201.96 201.99 202.03 202.06 202.08 202.10 202.11 202.12 202.12 202.12 202.13 202.12 202.10 202.10 202.09 202.06 202.03 202.01 201.97 201.92 201.88 201.83 201.78 201.83 201.88 201.88 201.86 201.84 201.84 201.86 201.84 201.82 201.81 201.78 201.76 201.70 201.66 201.63 201.60 201.56 201.52 201.47 201.44 201.43 201.38
