East longitude (degrees): -179:2:179
North latitude (degrees): -89:2:89

Absorbed dose on Martian Surface (1E-6 Gy/day), 2D array where Absorbed dose(i,j)= value at latitude(i) and longitude(j).
200.02 200.04 200.07 200.08 200.08 200.07 200.07 200.08 200.09 200.10 200.15 200.17 200.16 200.18 200.21 200.21 200.24 200.26 200.27 200.27 200.25 200.25 200.24 200.24 200.23 200.22 200.22 200.22 200.22 200.22 200.21 200.19 200.21 200.22 200.21 200.22 200.23 200.23 200.22 200.21 200.19 200.17 200.15 200.15 200.14 200.14 200.14 200.15 200.15 200.14 200.13 200.13 200.13 200.12 200.13 200.13 200.10 200.09 200.08 200.09 200.08 200.08 200.09 200.08 200.08 200.10 200.10 200.05 200.02 200.03 200.01 200.01 200.02 200.02 200.00 199.99 199.98 199.98 199.97 199.98 199.97 199.98 199.99 199.98 199.99 199.99 199.99 199.99 199.99 199.99 200.00 200.01 200.01 200.00 200.00 200.01 200.01 200.01 200.01 200.00 199.99 199.99 199.99 199.99 199.99 200.00 200.00 200.00 200.00 200.00 200.00 199.99 199.98 199.99 200.01 200.03 200.02 200.02 200.03 200.04 200.04 200.05 200.05 200.06 200.08 200.09 200.09 200.10 200.11 200.12 200.12 200.13 200.13 200.14 200.14 200.15 200.15 200.15 200.15 200.15 200.13 200.14 200.13 200.11 200.12 200.12 200.12 200.10 200.08 200.07 200.07 200.06 200.06 200.05 200.04 200.03 200.02 200.02 200.01 200.02 200.01 200.00 199.99 199.98 199.98 199.97 199.97 199.98 199.99 199.99 200.01 200.02 200.02 200.03 200.03 200.02 200.02 200.02 200.01 200.02
200.27 200.25 200.18 200.13 200.14 200.16 200.22 200.23 200.24 200.27 200.27 200.27 200.29 200.30 200.31 200.31 200.31 200.31 200.31 200.31 200.32 200.31 200.29 200.28 200.29 200.31 200.31 200.32 200.31 200.33 200.30 200.30 200.31 200.31 200.31 200.31 200.31 200.31 200.32 200.32 200.33 200.33 200.33 200.33 200.33 200.33 200.33 200.33 200.33 200.33 200.32 200.32 200.31 200.28 200.29 200.28 200.26 200.23 200.21 200.20 200.26 200.11 200.15 200.06 200.03 200.03 200.00 199.98 199.97 199.96 199.96 199.97 200.00 199.99 199.86 199.83 199.79 199.74 199.73 199.84 199.67 199.56 199.56 199.51 199.49 199.50 199.52 199.54 199.56 199.57 199.59 199.58 199.56 199.53 199.53 199.78 199.73 199.84 199.72 199.82 199.80 199.82 199.88 199.88 199.90 199.95 199.97 200.04 200.07 200.08 200.02 200.01 200.03 200.04 200.06 200.05 200.08 200.09 200.12 200.13 200.15 200.17 200.18 200.19 200.21 200.20 200.21 200.23 200.25 200.24 200.25 200.26 200.26 200.27 200.30 200.31 200.32 200.33 200.32 200.31 200.29 200.28 200.28 200.28 200.27 200.27 200.25 200.18 200.17 200.16 200.16 200.17 200.18 200.18 200.18 200.17 200.19 200.22 200.24 200.24 200.25 200.26 200.28 200.28 200.29 200.30 200.31 200.32 200.32 200.32 200.30 200.30 200.30 200.30 200.25 200.27 200.32 200.33 200.28 200.24
200.32 200.32 200.33 200.33 200.33 200.33 200.33 200.33 200.33 200.33 200.33 200.33 200.33 200.33 200.33 200.33 200.33 200.33 200.33 200.33 200.33 200.33 200.33 200.33 200.33 200.33 200.33 200.33 200.33 200.31 200.19 200.19 200.20 200.21 200.17 200.24 200.09 200.16 200.21 200.25 200.16 199.99 200.00 199.99 200.14 200.15 200.18 200.23 200.26 200.28 200.27 200.30 200.30 200.31 200.24 200.20 200.25 200.30 200.30 200.15 200.27 200.29 200.27 200.28 200.30 200.31 200.27 200.29 200.30 200.21 200.26 200.25 200.16 200.13 200.15 200.06 200.17 200.25 200.31 200.23 200.17 200.16 200.17 200.17 200.17 200.17 200.16 200.14 200.15 200.19 200.15 200.15 200.18 200.16 200.16 200.17 200.18 200.19 200.18 200.19 200.17 200.23 200.30 200.30 200.31 200.32 200.32 200.32 200.32 200.32 200.32 200.33 200.33 200.32 200.32 200.30 200.28 200.28 200.30 200.32 200.32 200.32 200.33 200.33 200.33 200.32 200.32 200.33 200.33 200.33 200.33 200.33 200.33 200.33 200.33 200.33 200.27 199.59 199.15 199.43 200.01 200.14 200.15 200.16 200.29 200.32 200.32 200.33 200.33 200.33 200.33 200.33 200.33 200.32 200.28 200.29 200.30 200.30 200.31 200.31 200.32 200.32 200.33 200.33 200.33 200.33 200.32 200.31 200.31 200.27 200.33 200.32 200.32 200.33 200.33 200.33 200.33 200.33 200.32 200.31
200.33 200.33 200.33 200.33 200.33 200.33 200.33 200.33 200.33 200.33 200.33 200.33 200.33 200.33 200.33 200.33 200.33 200.33 200.33 200.32 200.32 200.32 200.31 200.31 200.30 200.29 200.28 200.26 200.23 200.18 200.21 200.27 200.28 200.30 200.27 200.24 200.23 200.24 200.22 200.21 200.29 200.28 200.27 200.26 200.25 200.24 200.25 199.93 199.88 199.85 199.94 199.93 199.98 199.97 199.92 199.96 199.99 199.73 199.69 199.70 200.12 199.89 199.96 200.06 199.80 200.08 200.08 200.08 199.69 200.01 199.67 199.36 199.06 199.00 199.20 199.46 199.44 199.48 199.44 199.23 199.24 199.30 199.49 199.45 199.42 199.53 199.60 199.60 199.53 199.53 199.81 199.83 199.73 199.17 199.81 199.88 199.95 199.99 199.98 200.09 199.92 200.24 200.17 200.27 200.12 199.99 199.95 200.10 200.18 200.15 200.11 200.04 199.88 199.84 199.76 199.71 200.11 200.10 200.12 200.12 200.15 200.10 200.27 200.29 200.28 200.26 200.26 200.29 200.29 200.25 200.28 200.28 200.24 200.22 200.15 199.76 198.91 199.07 199.05 199.10 199.05 200.13 200.16 200.12 200.13 200.05 200.07 200.12 200.13 200.13 200.16 200.21 200.24 200.25 200.27 200.31 200.32 200.31 200.24 200.10 199.81 199.48 199.58 199.97 200.33 200.33 200.32 200.31 200.31 200.29 200.29 200.31 200.22 200.25 200.33 200.33 200.32 200.32 200.32 200.33
200.33 200.32 200.32 200.29 200.33 200.33 200.33 200.32 200.32 200.31 200.30 200.28 200.23 200.22 200.29 200.29 200.29 200.29 200.27 200.24 200.22 200.20 200.20 200.18 200.16 200.13 200.10 200.08 200.07 200.05 200.03 199.92 199.96 199.95 199.86 199.88 200.05 200.01 200.03 200.02 199.86 199.97 200.16 200.11 200.16 200.24 200.20 200.13 200.09 200.17 200.10 200.16 200.02 199.02 199.17 198.95 198.63 199.41 198.77 199.04 199.52 199.36 199.23 199.30 199.35 199.48 199.42 199.38 199.47 199.56 199.39 199.58 199.77 199.71 199.67 199.66 199.74 199.75 199.74 199.66 198.90 199.73 199.90 199.94 199.95 199.93 199.93 199.91 199.92 199.92 199.93 199.89 199.96 200.09 200.19 200.28 200.26 200.09 200.32 200.25 200.27 200.15 200.18 200.13 199.94 199.79 199.64 199.36 199.42 199.54 199.74 199.42 199.33 199.20 199.24 199.14 199.10 198.97 199.00 199.00 199.03 198.96 199.06 199.17 199.17 199.00 199.63 199.59 199.50 199.42 199.36 199.05 198.98 198.86 198.82 198.89 198.96 199.70 200.26 200.31 200.32 200.32 200.31 200.26 200.23 200.23 200.25 200.19 200.13 200.10 200.02 199.95 199.83 200.03 199.96 199.79 199.68 199.93 200.07 200.01 199.52 199.54 199.93 199.99 199.86 199.82 199.57 200.02 200.28 200.33 200.32 200.33 200.32 200.25 200.10 200.33 200.32 200.32 200.33 200.33
200.30 200.29 200.30 200.27 200.28 200.28 200.29 200.28 200.27 200.21 200.25 200.22 200.20 200.20 200.16 200.12 200.20 200.03 200.23 200.02 200.12 200.10 200.11 199.70 199.22 200.17 199.83 199.29 199.67 199.58 199.65 199.65 199.68 199.66 199.61 199.58 199.57 199.59 199.69 199.72 199.70 199.88 199.14 198.96 200.03 199.88 199.88 199.99 200.02 199.45 199.01 199.80 198.79 199.29 199.24 198.85 198.26 199.96 199.25 199.81 199.03 199.33 199.98 199.54 199.57 199.21 199.17 199.26 199.29 199.33 199.37 199.32 199.34 199.32 199.36 199.41 199.37 199.30 199.32 199.56 199.42 199.19 199.59 199.63 199.58 199.24 199.68 199.48 199.68 199.64 199.56 199.66 199.68 199.91 200.26 200.27 200.32 200.27 200.06 199.86 199.95 199.71 199.67 199.62 199.57 199.34 199.54 199.38 199.64 199.35 199.83 199.56 199.74 199.74 200.02 200.09 199.47 199.26 198.92 198.86 198.79 198.82 198.79 198.83 198.76 198.82 198.89 198.80 198.84 198.77 198.89 198.92 198.79 198.83 198.83 198.84 198.75 198.73 198.86 198.87 198.87 198.80 199.24 199.65 199.40 199.87 200.21 200.20 200.19 200.23 200.21 200.17 199.86 198.41 198.74 199.87 199.99 199.58 200.28 200.27 199.97 200.24 200.32 200.33 200.33 200.33 200.33 200.25 200.32 200.32 200.32 200.32 200.28 200.33 200.33 200.33 200.32 200.31 200.31 200.31
200.04 200.13 200.22 200.23 200.25 200.13 200.16 199.98 200.01 200.00 200.03 200.04 199.75 199.89 199.93 199.93 199.86 199.90 199.77 199.82 199.87 199.83 199.88 199.75 199.84 199.72 199.51 199.44 199.63 199.53 199.56 199.52 199.51 199.50 199.49 199.48 199.53 199.51 199.53 199.51 199.52 199.48 199.56 199.70 199.75 199.92 200.21 199.57 200.23 200.07 199.21 199.55 199.73 200.11 200.15 200.01 199.81 199.75 199.69 199.79 199.48 199.18 199.35 199.30 199.06 199.06 199.13 199.07 199.07 199.10 199.11 199.08 199.13 199.08 199.11 199.14 199.21 199.38 199.59 199.53 199.60 199.76 199.82 199.95 199.71 199.45 199.62 199.59 199.81 199.67 199.62 199.65 199.93 200.01 200.09 200.19 200.26 200.31 200.07 198.73 198.15 197.79 197.75 199.73 199.51 199.68 199.64 199.42 199.68 199.34 199.63 199.62 199.72 199.12 198.63 198.98 199.70 199.84 200.14 200.24 200.28 200.33 200.31 200.24 199.65 199.39 199.16 199.22 199.37 199.60 200.04 199.22 198.94 199.95 199.50 199.21 198.79 198.91 199.17 199.20 199.69 199.73 199.81 199.33 198.69 198.72 198.94 199.09 199.63 199.68 199.70 200.17 199.80 199.60 199.55 200.11 200.28 200.23 200.30 200.28 200.23 200.29 200.30 200.23 200.28 200.30 200.27 200.24 200.22 200.23 200.26 200.24 200.17 200.28 200.28 200.26 200.20 200.14 200.09 200.19
199.97 199.90 200.05 199.97 200.02 200.07 199.98 199.19 199.85 199.90 198.99 198.48 199.74 199.69 199.65 199.52 199.74 199.62 199.61 199.78 199.78 199.53 199.58 199.40 199.57 199.48 199.43 199.40 199.44 199.47 199.47 199.49 199.42 199.43 199.78 199.50 199.51 199.55 199.57 199.57 199.62 199.67 199.65 199.64 199.60 199.54 199.62 199.68 199.83 199.90 199.68 200.11 200.20 200.00 199.57 199.51 199.62 199.22 199.03 199.01 198.96 198.97 199.03 199.10 199.16 199.17 199.23 199.51 199.24 199.34 199.50 199.61 199.59 199.72 199.73 199.69 199.83 199.67 199.83 199.77 199.67 199.56 199.42 199.68 199.24 199.53 199.54 199.34 199.57 199.55 199.60 199.86 199.95 199.68 199.55 199.56 199.59 199.60 199.52 199.65 199.80 199.70 199.68 199.75 199.49 199.48 199.47 199.59 199.66 199.75 199.80 199.91 200.14 199.75 199.89 200.17 200.02 200.12 200.23 200.19 200.27 200.29 200.03 199.74 199.83 199.20 198.35 200.12 200.06 200.06 199.98 199.49 199.64 199.83 199.86 199.92 199.66 200.23 200.30 200.32 200.29 200.31 198.63 198.84 198.61 199.91 199.28 199.69 199.05 198.66 198.93 199.07 199.19 199.18 198.92 199.97 200.32 200.33 200.33 200.33 200.33 200.31 200.08 200.14 200.02 200.30 200.30 200.26 200.24 200.25 200.24 200.24 200.24 200.17 200.17 200.14 200.07 200.09 200.07 200.04
198.80 200.01 199.48 199.49 199.64 199.89 199.05 199.50 199.49 199.52 199.93 200.16 198.61 199.93 199.62 199.42 199.50 199.54 199.62 199.75 199.89 200.09 199.10 200.18 200.08 199.28 199.63 199.65 199.63 199.58 199.55 199.54 199.38 199.78 199.77 200.04 199.91 199.59 199.70 199.64 199.64 199.60 199.69 199.64 199.60 199.60 199.57 199.79 198.95 197.16 197.13 196.64 196.85 199.62 199.14 199.19 198.96 198.91 198.89 198.87 198.85 198.87 198.95 199.09 199.05 199.56 199.39 199.16 199.13 199.09 199.08 199.39 199.57 199.33 199.49 199.65 199.74 199.60 199.28 199.68 199.66 199.67 199.65 199.26 199.47 199.12 198.89 198.95 199.15 199.06 199.52 199.54 199.87 199.51 199.54 199.44 199.24 199.22 199.25 199.29 199.24 199.21 199.07 199.18 199.32 199.44 199.23 199.71 199.76 199.90 200.10 200.27 200.13 199.93 199.54 199.84 199.70 199.82 199.76 200.00 199.95 200.19 200.25 200.26 200.13 200.14 199.97 199.98 199.84 199.85 199.88 199.77 199.71 199.63 199.50 199.46 199.45 199.23 199.59 199.88 199.43 200.29 200.30 200.11 200.05 199.97 199.92 199.58 198.30 199.25 199.61 199.93 199.44 199.23 198.77 198.42 199.11 199.97 200.33 200.26 200.31 200.26 200.05 199.84 200.29 200.22 200.00 199.95 200.03 199.78 198.92 199.31 199.72 199.86 199.85 199.89 199.76 199.91 199.86 198.87
199.16 199.15 199.03 198.96 198.87 198.58 198.33 198.49 198.48 198.42 198.40 199.44 199.93 200.07 200.31 200.30 200.09 200.03 198.83 199.91 199.82 199.96 200.09 200.04 197.31 199.39 199.59 199.58 199.71 199.89 199.81 199.87 199.88 199.73 199.82 199.85 199.90 199.63 199.78 199.74 199.62 199.76 199.63 199.72 199.66 199.61 199.84 199.97 199.91 198.56 197.39 197.64 196.85 200.02 199.17 198.99 198.94 198.87 198.99 198.96 198.82 199.27 199.41 199.25 199.12 199.04 198.83 199.25 199.23 200.08 199.84 199.61 199.74 199.52 199.80 199.38 199.57 199.99 200.09 200.14 200.11 199.28 199.56 199.62 199.40 199.41 199.22 199.48 199.12 199.36 198.56 198.77 199.37 199.24 199.24 199.40 199.46 199.90 199.49 199.23 199.01 199.38 199.31 199.31 199.37 199.32 199.66 200.15 200.01 199.83 199.86 199.79 199.79 199.64 199.63 199.73 199.50 199.68 199.59 199.52 199.61 199.42 199.40 199.62 199.08 199.78 200.14 200.10 198.99 198.94 199.95 199.76 199.83 200.00 199.94 199.86 199.80 199.86 200.22 200.04 199.31 199.98 199.40 199.52 199.22 199.19 199.22 199.53 199.50 199.25 198.98 199.13 198.80 199.07 197.68 197.19 197.42 198.23 198.74 199.20 198.84 199.13 199.35 198.96 198.70 198.83 198.84 199.10 199.29 198.46 199.27 198.85 199.01 198.96 199.62 199.62 199.57 199.43 199.81 199.00
199.83 199.81 199.50 199.20 199.68 197.24 197.63 198.55 198.25 198.32 198.42 198.77 199.56 199.32 199.61 199.17 200.28 200.24 199.90 199.80 199.46 199.69 199.72 199.56 200.05 199.35 199.79 199.62 199.95 199.10 200.13 200.09 200.12 200.00 199.97 199.92 199.72 199.70 199.59 199.57 199.43 199.56 199.59 199.53 199.50 198.20 199.67 199.34 199.32 199.34 199.30 199.14 199.15 199.00 198.98 199.09 199.06 199.05 199.33 199.34 199.56 199.06 199.11 198.84 199.07 199.32 199.96 199.96 199.97 199.96 199.95 199.66 199.78 199.60 199.46 199.05 199.04 199.80 200.13 199.96 199.85 199.30 199.14 199.77 199.85 200.02 199.97 200.00 199.82 199.57 199.53 199.39 199.71 199.33 199.22 199.30 199.10 199.10 199.14 199.08 199.15 199.17 199.06 199.18 199.45 199.72 200.19 199.30 199.06 199.25 199.51 199.71 199.61 199.72 199.60 199.97 199.98 199.60 199.22 198.97 198.71 198.97 198.93 198.82 198.86 199.00 199.47 199.90 200.08 200.04 199.53 199.71 199.72 199.46 198.47 199.47 200.32 200.25 200.04 200.17 200.09 200.10 200.24 200.21 199.97 199.63 199.50 199.72 199.15 199.12 199.12 199.02 199.59 200.22 199.18 197.85 198.25 200.08 197.87 198.10 198.25 198.68 198.80 198.94 199.29 199.60 199.79 199.60 200.18 200.26 199.81 199.07 199.26 199.48 199.64 199.80 199.89 199.96 199.78 199.76
198.03 199.90 200.04 199.55 199.54 199.44 199.41 198.32 198.56 198.37 198.32 198.37 198.69 198.87 199.43 199.72 199.95 200.17 200.19 200.27 200.28 200.27 200.27 200.26 200.15 200.17 200.20 200.21 199.73 200.28 200.28 200.10 199.71 198.43 200.12 200.01 200.01 198.97 199.73 199.68 199.59 199.59 199.62 199.60 199.58 199.53 199.56 199.45 199.43 199.49 199.45 199.34 199.29 199.29 199.38 199.21 199.01 199.21 199.11 199.22 199.80 199.43 199.17 199.16 199.40 199.45 195.67 195.91 197.71 200.04 199.87 199.75 199.71 199.53 199.35 199.69 199.92 200.18 200.12 200.26 200.14 200.12 199.70 199.90 199.64 199.75 199.65 199.62 199.62 199.62 199.58 199.40 199.49 199.32 199.38 199.23 199.36 199.40 199.31 199.56 199.46 200.05 200.14 200.12 200.24 200.03 198.75 197.87 198.11 198.82 199.00 199.49 199.46 199.77 199.62 199.75 199.40 199.18 198.90 198.87 198.94 198.99 198.92 198.96 199.08 198.77 198.81 198.61 198.61 199.25 199.83 200.16 199.84 199.67 200.13 200.22 200.25 200.31 200.14 200.33 200.30 200.20 200.20 199.61 199.95 199.98 200.19 200.04 199.76 199.47 199.11 198.71 199.29 199.06 198.88 198.83 198.78 198.60 199.22 199.01 199.13 199.05 199.30 199.55 199.27 199.35 199.37 199.40 199.46 199.85 199.24 199.51 199.57 199.75 200.07 199.54 200.11 200.15 200.11 199.80
199.94 200.13 200.23 200.06 200.04 199.35 199.04 198.41 198.73 198.65 198.70 198.52 198.53 198.55 198.74 199.04 199.23 199.30 199.44 199.76 200.09 200.15 200.11 200.21 200.05 200.11 200.21 199.53 199.78 200.20 200.26 200.16 200.23 200.15 200.07 200.01 200.00 199.95 199.92 199.75 199.73 199.64 199.60 199.59 199.50 199.46 199.49 199.50 199.47 199.48 199.59 199.68 199.74 199.61 199.50 199.36 199.37 199.36 199.50 200.11 198.70 199.17 198.94 198.52 199.52 198.94 198.55 198.44 199.80 199.87 199.61 199.71 199.65 199.52 199.27 199.37 199.80 199.92 200.12 200.23 200.23 200.10 199.39 199.89 199.76 199.73 199.73 199.78 199.94 199.66 199.65 199.61 199.65 199.48 199.61 199.42 199.14 199.35 199.59 199.53 199.74 199.71 199.80 199.87 200.09 199.92 200.02 199.85 199.77 199.85 199.90 199.96 199.91 199.30 199.09 198.26 198.35 198.75 199.02 199.18 199.18 198.95 198.72 198.80 198.61 198.73 198.82 198.74 198.77 198.53 199.73 199.76 199.80 199.89 198.06 200.14 200.14 200.07 199.70 200.29 200.30 200.30 200.19 200.17 200.15 200.26 200.26 199.70 199.81 200.10 199.36 199.63 199.68 199.23 199.27 200.22 199.98 199.87 199.38 199.68 200.03 199.98 199.35 199.76 199.51 199.31 199.48 199.39 199.44 199.47 199.75 199.86 199.96 200.22 199.72 199.56 199.93 200.03 200.18 200.21
200.01 200.02 199.61 200.14 200.22 200.02 199.67 199.47 199.20 199.33 198.97 199.20 198.44 198.94 198.93 199.15 199.08 199.06 199.20 199.71 200.09 200.11 200.21 200.19 200.21 200.16 200.16 200.22 200.23 200.21 200.23 200.18 200.08 200.07 200.08 200.17 200.23 200.08 199.85 200.01 199.70 199.95 200.04 199.80 199.76 199.72 199.92 199.68 199.74 199.72 199.92 199.79 199.22 198.86 199.29 200.07 199.71 199.17 199.37 199.32 199.40 199.43 199.27 198.95 198.30 198.75 199.69 198.60 199.80 199.24 199.54 199.74 199.67 199.78 199.66 199.14 198.94 199.11 199.20 199.59 199.74 200.00 199.92 199.93 199.92 199.86 199.78 199.77 199.76 199.78 199.79 199.76 199.67 199.72 199.67 199.81 199.71 199.65 199.75 199.56 199.53 199.76 199.71 199.55 199.67 199.82 199.97 200.09 200.07 200.16 199.86 199.80 199.52 198.79 198.04 197.90 197.84 198.36 198.74 198.87 198.96 199.03 198.95 198.90 198.54 198.43 198.65 198.73 198.70 198.65 198.98 199.64 199.74 199.52 199.86 200.11 200.21 200.16 200.20 200.24 199.69 200.26 200.06 200.10 200.12 200.22 200.26 200.29 200.32 200.17 200.02 199.72 199.98 199.96 199.73 199.41 199.10 199.07 199.42 199.56 199.97 199.90 199.79 199.83 199.85 200.27 200.28 200.18 199.96 199.75 199.63 199.58 199.74 199.52 199.56 200.14 199.92 199.85 199.89 199.35
199.45 199.91 200.26 200.05 199.85 199.68 199.69 200.12 200.03 199.88 200.17 200.06 199.58 200.06 197.71 200.05 199.79 199.84 199.11 199.68 199.77 199.82 199.77 200.14 200.16 200.28 199.42 200.02 200.17 200.20 199.99 199.76 199.73 199.81 199.72 199.90 200.19 200.11 200.14 200.14 199.90 200.23 200.04 199.74 200.01 200.29 199.63 199.46 199.40 199.45 199.49 199.34 199.37 199.73 199.99 199.11 199.10 199.40 199.09 199.12 199.19 199.44 199.23 199.15 198.75 197.98 198.59 199.49 198.47 198.42 198.82 199.26 200.00 199.17 198.86 199.46 199.72 199.63 199.75 199.95 200.27 200.25 199.99 199.78 199.96 200.00 200.06 199.83 199.78 199.80 199.74 199.80 199.78 199.63 199.71 199.65 199.69 199.82 199.72 199.62 199.53 199.68 199.74 199.74 200.08 199.71 199.78 199.75 199.72 199.61 199.48 199.39 199.27 199.01 198.58 198.41 199.20 199.27 199.24 199.51 197.21 198.40 199.42 199.13 198.84 198.70 198.38 198.23 198.79 198.27 197.62 198.23 200.19 198.66 198.95 199.28 200.12 200.06 200.08 199.76 200.23 200.24 200.27 200.25 200.23 200.26 200.25 200.29 200.18 200.24 200.17 200.17 200.15 200.12 200.09 199.32 198.30 198.59 198.65 198.91 199.21 199.52 199.73 199.92 199.95 200.14 200.26 200.11 200.17 200.33 200.23 199.89 199.79 199.97 200.29 200.15 200.16 199.62 199.57 199.59
199.34 199.82 199.91 199.68 199.77 199.89 200.30 200.17 200.10 200.12 199.87 200.18 200.10 200.31 200.00 199.33 199.92 199.81 200.02 199.78 199.74 199.73 199.95 200.04 200.30 200.20 200.15 200.11 199.82 200.19 200.08 199.68 199.60 199.85 199.51 199.84 200.13 200.28 200.31 200.28 200.21 199.92 199.64 199.65 199.71 199.94 199.53 199.36 199.10 199.13 199.12 199.12 199.07 199.04 199.40 199.63 199.48 199.67 199.32 199.14 199.50 199.78 198.02 198.71 199.22 197.92 198.90 199.01 198.54 199.98 199.84 198.78 197.71 199.40 198.65 199.51 199.45 199.78 199.98 199.98 200.21 200.15 200.03 200.13 200.10 199.86 199.96 199.96 199.70 200.27 199.91 199.74 199.67 199.75 199.14 199.88 199.92 199.91 198.87 199.92 199.97 199.70 199.81 199.78 199.71 199.66 199.67 199.71 199.72 199.39 199.26 198.98 198.87 198.85 199.08 199.50 199.43 199.34 199.69 200.00 199.97 199.95 199.38 198.83 198.08 197.79 197.58 197.81 197.55 197.02 197.77 197.88 198.48 198.82 198.62 199.14 199.60 200.25 200.27 200.26 199.06 199.25 200.32 200.33 199.75 200.29 200.22 200.32 200.28 200.18 200.29 200.25 200.11 199.72 199.47 199.23 198.98 199.08 198.94 198.97 199.04 199.18 199.36 199.56 199.92 200.11 200.22 200.25 200.18 200.25 199.72 200.33 200.17 200.13 200.21 199.92 199.72 199.88 199.65 199.51
199.57 199.55 199.30 198.93 199.56 200.20 200.11 200.20 200.30 200.29 200.27 199.09 200.28 200.25 200.31 200.31 200.13 199.81 200.13 200.19 199.31 200.17 200.16 200.17 200.32 200.20 200.10 200.11 200.09 200.31 200.32 199.69 199.89 199.82 199.85 199.86 199.73 200.21 200.26 200.23 200.29 200.08 199.96 199.85 199.78 199.97 200.18 200.19 199.70 199.15 199.10 199.02 199.24 199.30 199.57 199.91 200.13 200.12 200.21 200.23 199.85 197.66 199.30 199.62 197.66 197.14 197.47 198.11 194.22 199.64 196.45 198.57 199.79 199.32 199.67 198.64 198.05 198.72 199.14 197.84 197.77 199.41 200.00 199.95 199.75 199.97 199.92 200.06 200.08 199.88 199.83 199.76 199.95 200.09 200.11 200.13 200.12 200.08 199.83 200.08 200.18 200.12 200.13 200.09 200.10 199.70 199.64 199.45 199.25 199.04 198.82 198.58 198.30 198.04 198.35 198.80 198.60 198.57 198.30 198.80 198.92 198.60 197.68 196.71 195.88 195.94 195.83 195.88 195.86 194.99 196.93 197.36 197.90 197.34 197.77 198.01 198.18 199.15 200.18 199.82 198.97 198.28 200.23 200.23 200.02 200.08 200.24 200.28 200.26 200.18 200.00 199.89 199.80 199.98 199.48 199.82 199.35 199.87 200.24 200.16 199.30 199.19 199.32 199.66 200.00 200.15 200.23 200.23 200.20 200.24 200.30 200.31 200.23 200.20 199.57 200.20 200.20 200.15 200.02 199.58
199.52 199.49 199.34 199.20 199.87 199.92 199.97 200.18 200.20 200.03 200.06 200.12 200.18 200.12 200.25 200.18 199.81 199.98 199.99 200.04 200.25 200.33 200.33 199.37 200.29 200.18 200.06 200.05 200.03 200.14 200.25 199.83 199.86 199.95 199.69 200.06 200.18 200.19 200.32 200.33 200.32 200.33 200.33 200.31 200.09 200.18 200.24 200.11 199.77 199.50 199.19 199.16 199.14 199.72 199.69 200.31 200.23 200.32 200.14 198.62 199.74 197.28 196.58 197.78 199.31 193.79 193.50 193.30 193.53 193.47 193.45 195.66 198.68 199.29 197.68 198.54 199.51 198.47 198.82 198.97 199.56 199.88 199.77 199.79 199.86 199.96 199.94 200.10 200.01 200.16 200.04 199.92 199.73 199.95 199.90 199.33 198.43 199.89 199.91 199.82 199.86 199.91 200.20 200.05 200.18 200.05 199.50 199.37 199.06 198.71 198.38 198.09 197.56 197.01 197.01 196.42 195.97 195.48 195.25 194.27 193.62 193.32 193.12 193.04 192.99 193.12 193.48 193.50 192.95 194.40 195.53 196.03 196.64 197.55 197.07 197.39 199.49 198.91 199.13 199.55 199.73 199.88 199.88 199.86 200.12 200.19 200.17 200.10 200.00 199.76 199.45 199.46 197.81 199.07 199.81 199.73 199.52 200.26 200.16 199.19 199.54 199.76 199.93 199.89 200.14 200.20 200.13 200.03 199.87 200.02 200.04 200.27 199.86 200.10 200.23 200.20 200.05 199.76 199.82 199.59
199.47 199.87 199.79 198.94 198.71 200.22 199.81 199.69 199.71 199.88 199.72 200.12 200.15 200.03 200.03 200.03 200.18 199.93 200.06 200.01 200.09 200.30 200.31 200.03 200.22 200.10 199.04 200.13 200.03 200.12 199.91 200.02 200.03 199.46 199.99 200.00 199.99 200.31 200.33 200.33 200.33 200.32 200.21 200.14 200.10 200.03 199.92 199.95 198.78 197.50 200.12 200.08 199.91 200.06 199.91 199.49 199.66 200.15 200.21 199.59 199.45 197.00 196.57 195.98 192.99 193.12 193.39 193.36 193.31 193.25 193.29 193.59 194.98 196.58 198.88 199.16 198.79 198.11 199.44 199.14 198.86 199.13 199.33 199.52 199.77 198.53 199.35 199.93 199.85 199.79 200.02 200.05 200.10 199.81 200.13 200.20 200.05 199.99 199.93 200.00 199.90 199.81 200.09 200.30 199.72 199.82 199.73 199.37 199.19 199.03 198.15 197.66 196.75 195.90 195.42 194.48 193.47 193.09 192.87 192.95 193.15 193.37 193.47 193.52 193.54 193.30 193.22 193.26 193.26 193.20 192.88 194.22 194.16 193.47 197.14 196.45 196.41 197.48 199.45 199.52 199.41 199.89 199.83 200.09 199.94 199.26 200.00 200.03 199.99 200.07 200.01 199.67 199.31 199.05 197.82 199.49 199.64 200.32 199.12 199.53 199.46 199.43 199.46 199.82 199.98 200.06 200.18 200.04 200.27 200.02 199.91 200.24 200.32 200.33 200.21 199.90 199.85 199.76 199.53 199.46
199.61 199.78 200.01 199.98 199.42 199.55 199.56 200.15 199.44 199.96 200.16 199.98 200.10 199.96 200.05 200.12 200.04 200.30 200.14 200.11 200.20 200.30 200.33 200.31 200.28 200.23 200.29 200.21 200.08 200.07 200.09 200.03 200.17 199.97 200.14 200.17 200.24 200.27 200.29 200.29 200.29 200.26 200.32 200.21 200.12 200.01 199.94 200.13 198.62 197.97 200.12 200.20 200.31 200.33 199.76 198.95 198.60 198.66 199.85 200.20 199.85 199.73 196.38 193.66 193.12 193.49 193.27 193.32 193.29 193.31 193.30 193.43 194.96 194.77 194.12 193.27 198.80 198.70 199.31 199.26 199.01 199.17 199.66 199.84 200.01 199.23 200.01 200.04 199.88 199.90 199.92 199.87 199.77 199.69 199.92 200.10 200.07 200.03 199.98 200.17 199.73 200.02 200.14 199.91 199.99 199.80 199.52 199.17 198.78 198.68 197.24 196.74 196.43 194.91 193.89 193.04 192.86 192.97 193.27 193.72 193.88 194.11 194.19 194.23 194.29 194.30 194.22 194.22 194.16 194.05 194.22 193.90 192.96 192.90 194.25 195.68 197.84 199.91 199.79 198.97 199.40 199.96 198.78 199.72 200.23 200.16 200.05 199.62 199.86 199.75 199.41 199.38 199.55 199.67 200.12 199.66 199.56 199.36 199.53 199.54 199.62 199.94 199.90 199.59 199.64 199.85 200.17 199.64 199.99 199.72 200.02 200.22 199.94 200.26 200.23 200.10 199.97 199.84 199.78 199.64
200.22 200.12 200.18 199.96 199.09 198.71 198.42 199.67 199.73 200.20 200.03 200.26 200.21 200.27 200.23 200.29 200.28 200.29 200.31 200.33 200.31 200.26 200.32 200.26 200.31 200.33 200.29 200.09 200.11 200.11 200.18 200.09 200.23 200.26 200.28 200.20 200.33 200.33 200.33 200.28 200.24 200.26 200.30 200.29 200.20 200.11 200.09 200.10 200.14 200.18 200.25 200.31 200.33 200.31 200.33 200.28 199.70 199.62 200.12 200.19 198.00 197.24 196.63 195.54 193.47 193.00 193.22 193.20 193.26 193.11 193.09 193.52 194.32 198.23 196.65 199.09 198.91 198.45 199.41 199.17 199.09 199.27 199.63 199.94 199.81 200.16 200.10 198.37 199.26 199.90 199.89 199.91 199.35 199.25 199.89 199.81 200.28 199.61 200.17 200.13 200.18 200.17 200.02 199.73 199.60 199.94 199.94 199.12 198.81 197.95 198.81 197.31 195.24 193.52 192.89 192.98 193.30 193.55 193.92 194.14 194.43 194.54 194.43 194.42 193.99 194.27 194.32 194.37 194.31 194.29 194.31 194.31 194.19 193.89 193.18 192.98 196.03 197.94 197.46 198.70 198.19 199.32 200.19 199.90 199.77 200.26 199.99 200.11 199.78 199.65 200.13 199.85 199.86 199.91 199.99 199.59 199.85 200.00 200.17 200.12 200.31 200.19 199.95 199.92 200.20 199.89 199.52 198.98 199.78 199.17 199.33 199.69 199.75 200.10 200.26 200.33 200.31 200.26 200.13 200.03
200.22 200.05 200.21 200.22 199.75 199.14 199.86 200.18 199.93 200.16 200.27 200.21 200.27 200.10 200.32 200.33 200.23 200.28 200.27 200.32 200.27 200.33 200.32 200.26 200.27 199.93 200.27 200.22 200.15 200.17 200.16 200.17 200.12 200.33 200.33 200.32 200.31 200.31 200.31 200.33 200.28 200.29 200.33 200.33 200.32 200.28 200.27 200.25 200.29 200.28 200.33 200.33 200.30 200.31 200.24 200.29 200.32 200.24 200.19 199.88 200.31 198.77 199.36 196.78 196.94 193.21 193.00 193.02 193.07 193.01 193.05 193.28 193.81 197.59 197.10 197.28 199.27 199.35 199.62 200.06 199.45 199.73 199.81 199.86 200.08 200.05 200.17 200.04 199.80 199.89 199.81 199.80 199.14 199.83 200.00 200.29 200.19 200.24 200.00 199.64 200.09 200.27 200.21 200.04 199.13 199.08 199.64 199.23 198.39 198.58 198.86 198.01 195.96 194.68 193.32 193.99 194.22 194.51 194.57 194.42 194.22 194.34 194.49 194.45 194.30 194.15 194.04 194.24 194.33 194.28 194.29 194.19 194.20 194.15 193.83 193.22 192.94 194.50 196.61 197.46 197.85 198.23 199.19 199.83 199.22 199.28 199.84 199.57 199.66 199.68 199.67 200.14 200.16 200.02 200.23 200.10 200.03 200.28 200.33 200.18 199.64 199.50 200.22 200.24 199.95 199.49 199.67 199.44 199.16 199.33 199.40 199.47 200.18 200.09 200.27 199.96 200.21 200.26 200.09 200.17
200.09 200.05 200.11 200.10 199.92 199.96 199.88 199.85 199.74 200.25 200.25 200.14 200.28 200.33 200.31 200.32 199.82 200.32 200.25 200.22 200.28 200.15 199.55 200.31 200.19 200.01 200.18 200.23 200.23 200.25 200.28 200.26 200.28 200.30 200.31 200.32 200.32 200.32 200.30 200.30 200.33 200.33 200.33 200.32 200.27 200.32 200.32 200.33 200.33 200.31 200.30 200.30 200.29 200.19 200.14 200.33 200.28 200.23 200.03 199.82 199.37 199.47 198.70 198.33 197.59 194.59 193.50 192.88 192.93 192.91 192.97 193.11 195.28 196.44 197.44 196.80 199.53 199.60 199.60 197.88 199.95 199.78 200.02 200.05 200.09 200.14 200.14 199.77 199.80 199.88 199.98 199.91 199.58 199.92 200.06 199.95 200.19 200.18 200.18 199.67 200.30 200.23 200.15 200.09 199.59 200.10 199.60 199.27 198.88 198.80 198.57 198.72 195.94 193.57 194.02 194.26 194.57 194.57 194.43 194.55 194.49 194.57 194.50 194.51 194.43 194.56 194.55 194.26 194.23 194.43 194.29 194.23 194.23 194.16 193.82 193.62 192.97 193.41 195.83 196.85 197.83 197.44 199.54 199.17 199.19 199.52 199.47 199.82 199.83 199.64 199.94 200.03 199.76 200.12 200.06 200.24 200.30 200.28 200.29 200.21 200.06 200.29 200.18 199.48 199.28 199.47 199.98 199.26 199.90 199.81 199.50 199.64 200.19 200.17 199.76 200.32 200.32 200.23 200.13 200.19
199.62 200.20 199.47 199.81 199.63 199.98 199.89 199.92 200.04 200.15 200.30 200.21 200.32 200.31 200.31 200.30 200.19 200.13 200.22 200.23 200.33 200.29 200.24 200.24 200.30 200.19 200.19 200.19 200.32 200.30 200.31 200.28 200.27 200.13 200.33 200.33 200.33 200.32 200.29 200.27 200.28 200.31 200.03 200.03 200.24 200.33 200.32 200.30 200.31 200.26 200.23 200.24 200.22 200.25 200.26 200.32 200.31 200.08 200.26 200.10 200.10 200.03 199.50 200.01 197.45 197.76 195.73 195.12 194.56 194.15 194.74 194.89 197.28 196.40 197.05 199.37 199.52 199.26 199.44 199.27 199.61 196.56 199.98 199.86 200.00 200.01 200.10 199.74 199.79 200.01 200.06 199.89 199.87 199.97 199.99 200.14 199.81 200.15 199.83 200.20 200.23 200.18 200.23 200.31 200.31 200.10 199.74 198.19 199.45 198.95 198.89 198.44 195.07 193.15 194.20 194.54 194.53 194.45 194.51 194.58 194.54 194.55 194.48 194.56 194.55 194.30 194.38 194.35 194.46 194.36 194.27 194.25 194.15 193.96 193.35 193.28 192.99 192.96 195.55 195.92 196.86 196.65 197.87 198.14 198.70 199.00 199.48 199.74 199.68 198.71 199.46 199.67 199.73 200.08 200.11 200.23 200.31 200.31 200.30 200.29 200.32 200.32 200.08 199.25 198.95 198.91 199.36 199.52 199.93 199.72 199.74 199.57 200.31 200.08 200.05 199.28 200.19 200.10 199.88 199.93
199.36 199.52 199.47 198.86 199.23 200.04 199.96 200.00 199.43 198.56 196.87 197.59 199.65 200.29 200.23 200.17 200.33 200.30 200.26 200.28 200.33 200.22 200.24 200.24 200.28 200.27 200.33 200.31 200.28 200.32 200.28 200.32 200.32 200.33 200.31 200.33 200.33 200.32 200.31 199.79 199.63 199.53 198.31 198.11 198.19 199.73 199.72 199.74 200.08 200.21 200.12 200.18 200.17 200.21 200.22 200.24 200.27 200.33 200.03 200.22 200.31 200.32 199.92 198.96 199.16 197.80 198.02 197.02 195.63 195.37 195.64 197.23 196.41 198.46 198.38 198.43 198.87 196.00 199.01 199.56 199.40 199.57 199.89 199.91 200.05 200.03 199.70 199.62 199.69 199.84 200.05 199.80 200.10 200.06 199.95 200.24 200.25 200.03 200.11 200.17 200.27 200.17 200.33 200.33 199.63 200.09 199.94 199.20 199.22 199.24 198.75 198.18 195.25 193.17 194.00 194.55 194.50 194.30 194.56 194.57 194.55 194.52 194.57 194.59 194.52 194.30 194.45 194.49 194.42 194.47 194.38 194.24 193.84 193.47 193.29 193.14 192.88 193.11 194.04 195.77 194.90 198.31 198.79 198.44 199.58 199.88 199.46 199.34 199.27 199.35 199.50 199.38 199.45 200.11 200.18 200.21 200.29 200.01 200.17 200.25 200.22 200.29 200.00 199.64 199.46 199.62 199.47 199.58 200.15 199.89 199.87 200.28 200.30 199.98 200.01 199.72 199.93 199.72 199.48 199.84
199.46 199.38 199.71 200.04 199.08 199.83 199.71 199.84 200.26 199.98 198.28 198.25 200.15 200.24 200.05 200.20 200.06 200.21 200.13 200.15 200.03 200.31 200.01 200.04 200.18 200.19 200.23 200.32 200.31 200.32 200.33 199.73 200.22 200.31 200.31 200.33 200.33 200.33 200.15 200.16 199.94 199.24 199.01 199.08 199.33 199.41 199.36 199.52 199.16 199.79 200.12 200.13 200.15 200.19 200.23 200.25 200.29 200.32 200.33 200.27 200.26 200.20 200.32 200.25 199.64 199.74 198.98 196.17 196.71 196.69 196.73 196.80 198.07 198.59 198.24 198.50 198.71 199.12 199.37 199.32 199.42 199.28 199.37 199.81 199.86 200.05 199.75 199.27 199.82 199.85 199.65 199.60 199.71 200.06 199.67 200.17 200.17 200.15 200.17 199.75 200.28 200.06 200.29 200.28 200.29 200.30 199.90 199.56 199.19 199.13 199.11 197.46 194.93 192.85 193.91 194.57 194.56 194.54 194.48 194.54 194.59 194.58 194.58 194.58 194.54 194.44 194.56 194.49 194.53 194.41 194.29 194.00 193.57 193.34 193.06 192.93 192.89 193.00 194.27 196.97 197.53 198.49 199.13 199.17 199.33 199.06 198.14 199.18 199.97 199.43 199.35 199.15 199.58 199.80 200.10 199.90 200.09 200.24 199.85 200.04 200.20 200.26 200.25 200.10 199.94 199.82 199.26 199.51 199.78 199.76 199.74 199.92 199.55 199.66 199.63 199.93 199.80 199.52 199.30 199.08
199.02 199.28 199.35 199.78 197.88 198.64 199.45 200.16 200.32 200.26 200.22 200.19 200.31 200.07 199.71 199.75 199.74 199.73 199.88 199.97 199.98 199.99 200.13 200.08 200.23 200.28 200.31 200.32 200.31 200.29 200.30 200.19 200.23 200.01 200.26 199.91 200.16 199.18 199.27 200.13 199.17 198.61 199.51 199.54 199.48 199.47 199.58 199.95 199.65 199.64 199.52 199.85 200.12 200.22 200.22 200.29 200.28 200.33 200.33 200.30 200.31 200.18 200.18 199.96 199.27 198.84 198.55 198.29 200.15 197.54 198.64 198.41 198.32 197.89 198.28 198.75 198.97 199.01 198.94 199.33 199.65 199.81 200.04 197.91 199.77 199.96 199.91 200.04 199.30 199.87 199.74 199.58 199.65 199.88 200.18 200.00 200.21 200.23 199.93 199.92 200.29 200.30 200.32 200.28 200.21 200.17 198.53 199.93 199.34 198.89 198.67 198.43 197.18 193.74 193.23 194.42 194.58 194.53 194.38 194.56 194.57 194.58 194.47 194.58 194.48 194.51 194.47 194.51 194.49 194.46 194.37 193.82 193.29 193.09 192.90 192.86 192.99 194.11 195.57 196.92 198.56 198.66 199.51 199.53 199.72 199.55 199.16 199.13 199.21 199.39 199.14 199.41 199.55 199.63 199.80 199.79 199.47 199.78 199.83 200.27 200.15 200.08 200.31 200.31 200.06 199.85 199.21 199.83 199.79 199.60 199.37 199.40 199.43 199.45 199.70 199.80 199.00 198.72 198.97 198.11
198.94 197.78 199.22 199.97 199.46 200.09 199.88 200.02 200.25 200.29 200.26 200.31 200.06 199.95 199.79 199.85 199.73 200.26 199.94 199.99 200.03 200.12 200.04 200.23 200.32 200.31 200.33 200.33 200.26 200.29 200.22 200.17 200.19 200.11 200.15 200.20 199.92 199.10 199.16 199.14 198.77 199.48 199.87 199.81 199.67 199.81 199.72 199.77 199.91 199.93 199.81 199.37 199.81 200.24 200.31 200.33 200.33 200.33 200.33 200.33 200.32 200.29 200.29 199.65 199.70 200.14 200.00 199.59 199.66 198.33 198.43 197.66 198.85 199.35 199.16 198.86 198.83 198.87 198.26 199.02 199.56 199.88 199.67 199.86 199.77 200.05 200.03 200.04 199.94 199.84 199.86 199.66 199.77 200.10 200.10 200.12 199.96 199.46 200.21 200.25 200.20 200.33 200.32 200.16 200.16 200.19 200.09 199.89 198.90 199.40 199.44 198.82 198.23 197.67 193.22 193.28 194.56 194.58 194.49 194.45 194.56 194.57 194.33 194.47 194.48 194.51 194.50 194.46 194.49 194.43 194.03 193.05 192.98 192.85 192.89 193.08 193.10 194.18 194.40 194.67 197.63 199.02 199.86 199.57 199.83 199.70 199.53 199.42 199.23 199.08 199.35 199.60 200.12 200.03 200.10 199.88 200.11 200.21 200.04 199.85 200.06 200.21 199.84 199.75 199.98 199.98 200.09 199.89 199.87 200.17 199.08 199.13 199.55 199.62 199.40 199.24 198.18 198.58 199.26 199.95
198.80 198.59 199.98 200.13 200.02 200.32 200.26 200.27 200.30 200.30 200.33 200.27 200.02 199.90 199.42 199.95 199.69 199.63 199.97 199.96 200.22 200.14 200.17 200.19 200.29 200.32 200.33 200.33 200.31 200.26 200.21 199.87 200.06 199.96 199.78 199.88 199.52 198.86 198.76 198.25 198.45 199.50 199.97 199.74 200.11 199.80 200.20 200.22 200.15 200.16 199.93 199.42 198.88 199.89 200.23 200.33 200.32 200.33 200.33 200.33 200.31 200.19 200.00 199.69 199.58 199.50 199.53 199.54 199.63 199.80 199.56 198.40 198.43 199.29 198.38 199.29 198.34 198.93 199.00 198.79 199.18 199.45 198.99 199.63 199.71 199.85 199.90 200.01 200.00 199.92 199.92 200.11 200.02 199.89 200.07 199.98 200.13 199.97 200.16 200.30 200.28 200.31 200.31 200.27 200.25 200.21 200.17 200.22 199.80 199.45 199.63 199.71 199.92 199.41 198.36 193.99 193.64 194.35 194.57 194.55 194.55 194.43 194.46 194.46 194.53 194.53 194.45 194.44 193.98 193.42 193.13 192.98 193.50 193.73 193.89 193.95 193.68 193.86 195.15 195.54 197.09 198.98 199.53 199.69 199.86 199.91 199.75 199.80 199.68 199.50 199.55 199.82 199.98 200.07 200.26 200.28 200.23 200.29 199.99 200.25 200.11 199.94 200.22 200.08 200.14 200.19 199.92 199.79 199.49 199.95 199.61 198.91 199.96 199.45 199.42 199.17 198.91 199.24 199.66 199.56
198.87 199.80 199.95 200.02 200.30 200.29 200.32 200.31 200.29 200.31 200.28 200.28 200.12 199.91 199.67 199.67 199.65 199.91 200.12 199.93 200.17 200.16 200.19 200.22 200.28 200.30 200.33 200.33 200.30 200.22 200.12 200.06 200.01 199.72 199.63 199.92 199.45 198.72 198.82 198.22 198.96 199.52 199.74 200.03 200.13 200.20 200.21 200.27 200.27 200.30 199.97 199.43 199.66 199.73 199.81 199.79 200.26 200.24 200.33 200.30 200.14 199.93 199.71 199.63 199.41 199.47 199.35 199.15 199.27 199.35 199.20 197.33 199.26 199.56 199.06 199.34 199.18 198.98 198.61 198.62 198.25 198.44 199.02 199.08 199.26 199.78 200.02 200.11 200.00 199.98 200.00 199.95 200.12 199.99 199.95 200.03 199.98 200.06 200.09 200.27 200.27 200.07 200.22 200.28 200.19 200.09 200.02 200.18 199.70 199.43 199.09 199.68 199.22 199.36 197.52 197.56 194.09 193.01 192.98 194.18 194.46 194.58 194.38 194.48 194.42 194.46 194.30 194.02 192.88 193.49 192.86 193.01 194.30 194.40 194.70 196.10 196.28 195.21 195.42 196.63 196.97 199.44 199.45 199.78 199.47 200.04 199.94 199.96 199.95 199.87 199.76 199.94 200.08 200.08 200.25 200.27 199.91 200.32 200.33 200.33 200.05 199.78 199.13 199.98 199.82 199.58 199.39 199.54 199.49 199.57 199.78 199.40 199.84 199.53 199.54 199.64 199.53 199.32 199.36 199.41
198.82 199.82 200.30 200.00 200.30 200.28 200.10 200.15 200.25 200.29 200.29 200.18 199.95 199.73 199.63 199.67 199.70 200.18 199.84 199.86 199.94 200.18 200.18 200.23 200.26 200.30 200.33 200.33 200.28 200.21 200.11 199.97 199.86 199.83 199.80 199.34 199.36 199.00 197.97 197.21 198.89 199.60 199.84 199.99 200.13 200.23 200.27 200.30 200.32 200.32 200.31 200.29 200.11 200.12 200.09 199.73 199.86 200.10 200.33 200.31 200.13 199.61 199.44 199.49 198.17 199.39 199.56 199.41 199.07 199.11 198.74 198.02 198.77 199.35 198.98 198.41 198.85 198.89 198.02 198.24 198.35 198.30 198.79 198.55 199.55 199.56 199.72 199.97 200.07 199.92 199.69 199.89 199.79 199.86 199.92 199.99 199.97 200.23 200.04 200.23 199.96 199.91 200.11 200.05 199.94 199.83 199.75 199.85 200.21 199.58 199.86 199.22 198.92 198.75 199.78 199.28 196.66 196.93 194.55 194.52 193.27 193.05 193.05 193.87 193.34 193.45 192.92 193.10 193.55 194.92 196.01 197.06 195.77 195.19 195.92 197.24 196.72 196.78 197.10 198.54 198.66 199.22 199.58 199.74 199.78 199.92 199.95 199.89 199.89 199.85 199.82 199.99 200.01 200.24 200.15 200.30 200.33 200.31 199.96 200.32 200.14 199.85 199.69 200.08 199.63 200.17 199.67 199.40 199.70 199.81 199.58 199.72 199.91 199.79 199.50 199.44 199.67 199.48 199.28 198.99
199.33 199.82 199.77 199.73 200.22 200.29 200.07 200.30 200.27 200.15 200.21 199.87 200.01 199.90 199.56 199.79 199.50 200.15 199.82 200.20 200.18 200.17 200.22 200.23 200.29 200.31 200.33 200.33 200.28 200.19 200.06 199.91 199.64 199.69 199.59 199.68 199.79 198.90 198.69 197.40 199.06 199.63 199.83 200.03 200.16 200.25 200.30 200.32 200.33 200.33 200.33 200.33 200.33 200.23 200.23 200.26 200.31 200.31 200.29 200.29 200.24 200.08 199.35 199.29 199.33 199.28 199.11 198.60 199.13 199.28 199.21 197.58 197.19 196.72 198.18 198.97 198.33 198.26 197.69 197.68 197.74 197.77 198.06 198.65 198.90 199.26 199.25 199.23 199.75 199.88 199.93 199.77 199.77 200.07 200.00 199.91 199.89 200.08 200.09 200.11 199.94 199.60 200.14 199.79 199.75 199.86 199.42 200.12 200.28 200.13 199.65 199.70 199.35 199.56 199.69 199.56 199.37 196.97 197.23 196.45 195.81 195.62 194.68 194.33 194.05 193.31 193.52 193.54 193.46 195.10 196.98 195.86 195.90 196.43 197.94 197.39 200.23 197.13 197.22 199.89 199.46 199.83 199.90 199.91 199.88 199.86 199.86 199.85 199.93 199.96 199.98 200.13 200.28 200.31 200.33 200.29 199.98 200.33 200.32 200.19 200.29 200.09 199.81 199.82 199.30 200.12 199.54 199.68 199.53 199.28 199.38 199.58 199.98 200.06 200.09 199.77 199.78 199.69 199.18 199.11
198.97 199.94 199.60 199.89 199.87 200.01 199.90 199.57 200.07 199.84 199.95 199.32 199.33 199.49 199.31 199.61 199.52 199.94 200.15 199.86 200.01 200.20 200.22 200.27 200.30 200.33 200.33 200.32 200.26 200.11 199.96 199.80 199.64 199.53 199.48 199.00 199.28 199.47 198.69 198.94 199.25 199.59 199.87 200.04 200.13 200.22 200.27 200.32 200.33 200.33 200.33 200.32 200.33 200.28 200.03 200.26 200.32 200.33 200.33 200.31 200.08 200.24 199.62 199.54 199.34 199.29 199.28 199.88 199.64 199.44 199.34 199.28 198.03 196.02 195.21 197.74 197.31 197.03 196.15 197.26 197.22 197.45 196.29 197.82 196.94 198.81 198.67 198.66 198.76 199.71 199.35 199.55 199.18 200.11 199.80 199.83 199.85 200.15 200.28 199.94 199.88 200.01 199.95 199.90 200.02 200.20 199.81 200.21 200.28 200.25 200.08 200.08 199.78 199.91 199.19 198.28 199.14 197.94 197.26 196.65 196.08 196.58 196.89 194.81 196.23 193.89 194.52 196.69 197.13 197.83 197.14 198.09 198.15 197.45 198.11 199.45 199.65 199.21 200.03 199.78 199.90 200.05 200.14 200.10 200.04 199.95 199.53 199.94 199.98 200.07 200.10 200.20 200.30 200.31 200.32 200.30 200.02 200.31 200.31 200.31 200.31 200.25 200.05 199.75 200.05 200.01 199.57 199.95 199.71 199.33 199.45 199.87 200.11 199.33 199.49 199.70 199.58 199.03 198.52 199.17
198.90 199.15 199.80 199.81 199.90 199.77 199.61 199.37 199.10 199.09 199.13 199.21 198.79 198.67 199.21 198.96 200.21 199.87 199.72 200.07 200.08 200.22 200.23 200.26 200.31 200.33 200.32 200.26 200.15 199.99 199.81 199.58 199.44 199.36 199.39 199.34 198.73 199.01 198.66 198.87 199.22 199.59 199.80 199.93 200.05 200.14 200.23 200.28 200.32 200.33 200.25 200.31 200.31 200.32 200.21 200.26 200.32 200.32 200.31 200.24 200.00 200.19 199.74 199.66 199.91 199.71 199.40 199.78 199.36 199.39 199.60 198.91 198.59 197.04 196.31 195.66 197.47 196.94 197.21 196.65 196.64 196.96 196.87 195.81 197.26 198.25 197.98 197.73 198.13 199.83 199.14 199.48 199.08 198.89 199.04 199.71 199.83 197.95 199.42 200.14 200.09 200.20 200.23 200.30 200.19 200.01 200.31 200.32 200.33 200.27 200.17 199.88 199.98 200.19 200.21 200.06 199.56 199.22 198.58 198.27 196.94 197.62 196.84 196.11 196.05 194.72 196.23 197.53 197.78 198.17 198.93 198.76 198.39 198.18 199.65 200.06 200.32 200.26 200.07 199.94 200.09 200.18 200.28 200.24 200.09 200.02 199.96 199.88 200.08 200.11 200.15 200.18 200.08 200.16 200.10 200.31 200.11 200.27 200.33 200.31 200.31 200.20 200.08 199.90 199.87 199.71 199.80 199.52 199.70 198.69 199.50 197.93 199.52 199.45 199.41 199.49 199.70 198.73 197.98 199.12
199.41 199.27 199.78 199.79 199.82 199.81 199.39 198.22 198.72 199.02 199.21 199.19 199.02 199.23 199.07 198.90 199.48 199.88 199.85 200.03 200.13 200.23 200.25 200.29 200.32 200.33 200.29 200.16 199.94 199.71 199.51 199.27 199.12 199.09 199.18 198.82 198.95 198.41 198.52 198.91 199.18 199.46 199.62 199.77 199.93 200.03 200.16 200.24 200.30 200.33 200.33 200.32 200.31 200.33 200.27 200.27 200.25 200.30 200.24 200.12 200.15 200.25 199.81 199.82 199.68 199.83 199.44 199.25 199.33 199.26 198.87 199.01 198.57 197.94 196.04 194.91 196.17 196.72 196.15 195.90 196.27 196.45 196.63 195.86 196.31 195.77 197.57 197.51 198.08 198.92 199.13 198.98 198.71 198.50 199.26 199.55 199.75 200.05 200.08 199.98 199.90 199.82 200.30 200.22 200.10 200.16 200.03 200.33 200.30 200.28 199.95 200.26 199.99 200.07 200.05 199.83 199.66 198.95 199.08 198.20 197.77 197.24 197.71 196.45 197.57 197.65 197.29 199.60 198.86 198.87 199.16 199.41 198.65 199.58 200.00 200.03 200.31 200.32 200.17 200.24 200.17 200.17 200.29 200.31 200.06 199.97 199.95 199.92 199.88 200.09 200.21 200.29 200.23 200.27 199.89 200.25 200.22 200.21 200.33 200.17 200.21 200.13 200.21 200.20 199.82 199.68 199.36 199.59 199.82 198.79 198.45 198.98 198.91 198.40 198.57 199.45 199.82 199.26 199.23 199.52
200.09 199.88 199.87 200.02 199.61 199.33 198.72 196.99 197.14 198.26 198.46 199.07 198.89 198.92 198.61 198.93 199.03 199.50 199.92 200.02 200.13 200.24 200.29 200.33 200.33 200.31 200.23 199.97 199.49 199.18 198.97 198.86 198.75 198.84 199.00 197.75 198.74 198.34 198.45 198.68 198.82 199.10 199.30 199.49 199.71 199.90 200.06 200.17 200.26 200.31 200.33 200.33 200.33 200.33 200.31 200.22 200.21 200.21 200.25 200.22 200.09 200.28 199.98 200.01 199.83 199.64 199.14 199.01 198.89 199.27 198.99 198.64 197.95 196.55 194.12 194.03 194.24 196.50 195.69 195.60 194.74 195.83 196.17 196.30 195.36 195.10 196.83 197.71 197.63 197.50 198.08 198.50 198.42 198.67 199.37 199.04 199.62 199.84 199.58 200.17 199.94 199.88 200.25 200.05 200.27 200.16 200.28 200.33 200.29 200.28 200.31 200.22 200.24 200.17 200.10 199.88 199.97 200.02 199.97 198.77 198.35 198.23 198.05 198.05 198.39 198.57 199.31 199.32 199.18 199.34 199.44 199.92 200.08 199.70 200.10 200.24 200.33 200.32 200.28 200.21 200.09 200.06 199.90 199.90 200.01 199.97 199.95 199.93 200.03 200.10 199.80 199.97 200.31 200.29 200.17 200.08 200.17 200.03 200.28 200.12 200.05 200.17 200.21 200.24 199.87 199.88 200.01 200.04 199.33 198.60 197.92 197.45 197.19 196.40 197.47 197.29 197.75 198.48 198.16 199.93
200.01 200.04 199.88 199.61 199.59 199.26 197.87 197.25 197.45 197.71 198.14 198.76 198.57 199.61 198.69 197.69 199.16 199.18 199.68 200.03 200.14 200.23 200.32 200.33 200.31 200.25 200.08 199.50 198.85 198.40 198.32 198.38 198.53 198.66 198.40 197.87 198.21 198.38 198.26 198.17 198.27 198.60 198.91 199.13 199.47 199.72 199.92 200.06 200.19 200.27 200.30 200.33 200.33 200.33 200.30 200.22 200.03 200.04 200.23 200.19 200.10 200.27 199.93 200.25 200.04 195.14 192.86 195.41 199.01 198.66 199.44 198.47 198.03 196.80 193.99 194.16 193.98 196.40 195.28 196.10 195.31 195.63 195.55 195.58 195.42 195.63 196.34 196.36 196.55 197.36 198.36 198.26 198.26 198.50 199.03 198.93 199.61 199.56 199.90 199.17 199.77 200.02 200.24 200.25 200.23 200.22 200.24 200.32 200.25 200.17 200.13 200.26 200.25 200.29 200.24 200.22 200.13 199.67 199.59 200.03 199.53 199.67 199.33 199.37 199.48 198.79 198.96 198.99 199.08 199.37 199.91 199.65 200.32 200.27 200.22 200.27 200.33 200.33 200.25 200.17 200.00 199.97 199.86 199.76 199.94 199.97 199.99 200.03 200.06 200.19 200.13 200.17 200.29 200.23 200.29 200.16 200.17 200.05 200.16 199.73 200.04 200.07 200.17 200.24 199.57 200.24 200.09 199.84 199.18 197.72 197.48 196.81 196.75 196.12 195.57 196.93 196.90 197.75 196.90 198.73
198.11 199.91 198.97 199.38 198.87 198.47 195.72 196.35 197.81 197.60 197.61 198.63 199.00 198.90 198.57 197.75 199.84 199.04 198.46 199.90 200.10 200.24 200.32 200.33 200.28 200.13 199.71 198.73 197.50 197.09 197.51 198.03 198.18 198.40 198.51 198.46 198.61 198.64 198.08 197.79 197.77 198.26 198.56 198.83 199.20 199.58 199.82 199.97 200.07 200.14 200.15 200.27 200.31 200.30 200.26 200.23 200.10 200.10 200.19 200.19 199.86 196.01 194.50 193.89 192.97 192.87 192.94 192.92 192.92 198.37 198.63 197.32 197.56 197.17 194.88 194.93 194.28 194.98 195.51 195.72 195.51 195.46 195.65 195.05 195.67 195.88 195.83 196.41 196.76 197.06 196.78 197.53 197.85 198.67 198.98 198.97 199.16 199.47 199.98 199.46 200.11 200.03 200.12 200.24 200.22 200.31 200.28 200.29 200.32 200.30 200.11 200.31 200.32 200.33 200.33 200.28 200.20 199.65 199.60 199.60 199.99 199.60 199.63 199.74 199.34 199.13 198.94 198.75 199.62 199.93 200.06 200.33 200.31 200.33 200.26 200.32 200.31 200.32 200.32 200.22 200.08 199.91 199.93 199.92 199.81 199.91 200.05 199.99 200.17 199.85 200.18 199.96 200.29 200.32 200.03 199.87 200.25 199.79 199.82 200.05 200.00 200.06 200.24 200.15 199.83 199.70 199.83 199.78 199.49 197.33 196.37 194.22 195.12 195.51 196.78 194.96 196.16 194.13 198.70 198.38
197.55 197.91 198.59 199.12 198.77 197.82 196.67 195.53 196.12 195.64 196.55 197.90 198.25 197.87 197.95 197.76 198.85 198.97 199.23 199.70 199.99 200.21 200.31 200.33 200.26 200.03 199.48 197.94 195.84 195.37 196.58 197.63 197.94 198.03 198.10 198.67 198.48 198.45 197.95 197.72 197.76 198.71 198.19 198.61 199.03 199.39 199.71 199.88 200.00 200.08 200.11 200.31 200.18 199.36 193.90 195.84 195.11 197.90 194.19 193.22 195.39 200.24 200.28 200.19 194.82 193.36 195.08 195.19 199.44 193.10 197.57 197.79 197.06 196.39 196.07 194.93 195.20 194.24 193.67 195.16 195.33 195.29 195.41 195.41 196.09 195.88 195.42 196.13 196.80 195.96 196.55 196.90 197.52 198.20 197.31 198.55 198.93 199.33 199.56 199.55 199.60 199.88 200.16 200.25 200.29 199.96 200.29 200.30 200.32 200.33 200.27 200.28 200.33 200.28 200.31 200.22 200.29 199.88 199.71 199.81 199.81 199.48 199.72 199.72 199.98 199.53 199.43 199.39 199.64 199.85 200.32 200.30 200.31 200.19 200.33 200.31 200.33 200.32 200.13 200.12 199.80 199.89 199.76 199.85 199.79 199.86 200.11 200.19 200.22 200.15 200.21 200.28 200.01 200.29 199.83 199.85 200.17 200.11 199.94 199.86 200.07 199.95 200.20 200.25 200.09 199.14 199.06 198.72 197.91 196.17 195.36 194.59 194.35 194.62 194.78 194.31 193.95 194.63 193.98 194.71
194.10 195.17 193.90 193.78 196.98 197.16 196.38 195.24 195.99 195.95 196.51 196.73 196.61 197.62 197.16 197.42 197.72 198.58 198.95 199.47 199.89 200.11 200.29 200.33 200.22 199.97 199.45 198.13 195.91 194.08 195.05 197.61 197.85 197.87 197.79 198.36 198.29 198.05 197.64 197.43 197.85 198.15 198.13 198.57 198.93 199.25 199.71 199.83 199.93 200.05 200.00 200.24 196.65 194.44 193.28 193.25 196.68 199.64 199.64 200.16 200.32 200.33 200.29 200.25 200.04 200.10 199.96 197.15 198.76 198.76 193.00 196.35 192.96 194.52 195.55 194.48 193.85 194.43 193.91 193.74 195.03 195.01 194.84 195.21 195.09 195.34 194.64 195.67 195.42 196.18 196.18 195.58 197.34 197.77 198.27 198.35 198.18 198.79 200.18 199.95 199.54 199.46 199.96 200.14 200.17 200.27 200.30 200.29 200.32 200.31 200.07 200.30 200.27 200.33 200.30 200.26 200.24 200.21 200.02 200.15 200.07 199.88 199.92 199.99 200.17 199.41 199.62 199.24 199.61 199.64 199.87 200.24 200.32 200.33 200.32 200.16 200.32 200.22 200.04 200.01 199.63 199.72 199.86 199.77 199.75 199.78 199.90 199.85 200.05 200.08 200.03 200.27 200.33 200.25 200.27 200.15 199.93 199.82 199.98 199.47 199.87 199.33 198.86 199.36 199.12 196.32 198.83 197.91 197.23 195.61 194.99 194.81 193.86 194.10 193.69 193.41 193.42 195.19 194.62 195.69
196.51 195.67 195.84 194.65 193.78 196.48 195.10 195.94 195.08 194.73 195.98 195.62 196.44 196.74 196.72 197.40 197.40 198.14 198.58 199.27 199.64 200.05 200.23 200.33 200.28 200.04 199.60 199.04 196.28 192.97 192.96 196.61 197.74 197.75 197.82 197.72 198.09 197.90 197.94 197.66 197.78 198.29 199.45 200.21 199.79 199.31 199.69 199.99 199.98 200.12 195.91 193.11 193.20 193.09 195.31 200.00 199.51 199.06 199.87 200.31 200.33 200.29 199.84 200.17 199.87 199.62 195.97 198.39 194.07 197.70 193.04 193.00 193.13 192.93 193.41 193.89 194.95 194.18 194.09 193.03 193.70 195.10 194.62 194.54 194.74 194.68 194.05 195.45 195.32 195.37 194.74 196.69 196.72 196.97 197.80 198.47 198.31 198.79 199.69 199.78 199.47 199.50 200.04 199.94 199.97 200.15 200.28 200.18 198.96 198.40 200.27 199.83 200.24 200.16 200.22 200.27 200.26 200.21 200.13 200.11 200.01 200.21 200.11 200.16 200.18 200.16 199.99 199.66 199.58 199.59 199.93 200.12 200.33 200.19 200.14 200.32 200.04 199.84 200.20 199.93 199.62 199.56 199.37 199.61 199.61 199.81 199.90 199.49 199.62 199.97 200.31 200.23 200.32 200.10 199.79 199.95 199.74 199.19 199.72 199.26 198.73 196.30 195.20 196.94 197.10 195.19 195.35 195.90 195.10 194.93 194.44 193.98 193.57 193.25 193.12 193.16 195.24 199.23 194.71 195.22
194.94 195.13 195.53 195.53 193.05 193.43 194.56 194.37 193.47 194.00 194.38 195.23 195.83 195.97 196.04 195.83 196.17 197.39 198.18 198.85 199.42 199.88 200.14 200.32 200.31 200.17 199.88 199.53 196.90 194.01 194.69 196.09 197.46 197.69 197.84 198.03 197.65 197.67 198.05 197.67 199.81 200.14 198.54 199.88 199.61 198.24 199.38 196.65 196.47 197.72 199.43 199.84 199.23 193.42 196.14 195.96 195.15 199.43 200.28 200.32 200.30 200.29 200.20 200.11 197.93 195.14 194.59 194.92 199.53 199.25 195.02 193.03 193.00 192.87 192.98 192.86 193.37 194.59 194.71 194.12 193.90 194.24 194.07 194.81 194.56 194.92 195.38 195.77 195.95 195.64 195.91 195.51 196.72 196.99 197.07 196.89 196.88 198.34 199.30 199.04 200.02 200.04 199.86 199.92 200.25 200.08 199.98 200.15 200.18 200.15 200.02 200.05 199.92 200.23 200.27 200.27 200.27 200.03 200.01 200.13 200.21 200.31 200.21 200.33 200.23 199.96 200.10 200.00 199.58 199.58 199.70 199.79 200.31 200.32 200.21 199.99 200.06 199.97 200.03 199.83 199.52 199.57 199.17 199.24 199.32 199.24 198.99 199.07 199.13 198.66 200.32 200.29 200.32 200.09 200.28 199.30 196.33 197.90 197.83 197.95 196.23 195.24 195.52 196.02 194.31 193.61 194.16 193.66 193.57 193.69 193.60 193.63 193.30 193.04 192.95 192.92 193.38 194.15 194.24 194.90
194.67 194.30 193.96 194.11 194.81 192.99 193.05 193.08 192.98 193.77 194.39 195.93 195.38 194.91 194.31 193.96 194.02 195.15 197.79 197.88 198.85 199.45 199.91 200.24 200.33 200.28 200.11 199.67 198.86 197.51 196.31 196.53 197.47 197.60 197.92 198.16 198.14 198.94 198.40 197.85 198.18 198.45 198.76 199.55 200.11 198.74 199.08 199.22 200.02 199.92 199.74 199.46 196.28 196.32 197.22 200.04 200.18 200.04 196.04 196.36 200.22 200.16 200.04 200.05 199.28 199.78 198.73 199.40 199.36 198.89 197.59 195.52 193.66 196.15 196.26 193.33 192.89 192.88 195.45 194.86 193.30 193.48 193.65 194.07 194.34 194.93 195.53 195.47 195.00 195.40 195.81 196.07 195.72 197.04 197.03 196.63 196.86 196.98 197.93 197.68 199.23 200.15 200.07 199.93 199.63 199.92 200.01 200.06 199.98 200.09 199.59 199.50 199.69 200.21 200.28 200.24 200.32 200.27 200.31 200.17 200.27 200.09 200.26 200.22 200.11 200.23 199.61 200.13 199.65 199.59 199.78 200.14 200.09 200.29 200.01 200.01 199.59 199.79 199.71 199.55 199.67 199.35 198.46 198.33 198.63 198.85 197.27 198.04 198.98 199.36 199.90 200.20 199.49 199.71 199.81 199.06 194.09 196.07 193.05 194.31 194.87 195.58 195.61 194.06 194.04 193.15 193.14 193.25 193.32 193.14 193.14 193.12 192.96 192.97 192.97 192.94 192.93 193.09 193.51 194.11
194.03 194.18 193.55 193.46 193.84 192.86 192.86 192.90 193.30 193.19 195.07 196.97 194.49 193.04 193.15 192.96 195.49 197.63 195.23 196.56 197.57 198.91 199.16 199.87 200.25 200.33 200.26 199.93 199.54 198.60 197.77 197.61 197.34 197.31 198.02 198.40 198.67 198.82 198.86 198.53 198.37 198.85 199.14 199.73 199.89 199.92 200.18 200.20 200.14 199.97 199.90 199.78 200.04 198.25 199.03 200.23 200.32 200.27 200.13 193.47 200.20 199.73 199.76 199.25 199.34 199.16 196.40 198.54 198.22 197.31 196.60 195.97 193.05 194.61 194.97 193.36 193.82 193.39 194.27 194.08 193.58 193.60 193.16 193.55 194.17 194.59 194.28 194.87 194.94 195.15 195.38 195.83 196.15 196.31 196.74 196.88 198.09 196.93 196.96 196.82 198.87 199.59 199.91 199.76 199.41 199.89 199.82 199.63 199.70 199.70 199.41 199.39 199.69 199.97 200.14 200.30 200.33 199.71 199.76 200.13 200.18 200.06 200.15 199.74 200.26 200.11 200.19 199.73 199.68 199.40 199.83 199.69 199.80 199.86 199.52 198.13 199.79 199.05 199.29 199.63 199.30 199.18 197.63 197.64 198.60 196.76 197.33 198.48 199.08 199.48 199.91 199.85 199.93 199.75 199.42 197.79 194.33 193.93 193.94 194.92 193.68 193.94 194.03 194.25 193.71 193.10 193.34 193.99 192.97 192.93 192.96 192.90 192.89 192.87 192.88 192.88 192.90 192.95 193.27 193.39
193.22 193.35 193.25 193.04 192.98 192.87 192.85 192.97 193.00 194.03 195.54 197.39 193.91 193.06 192.87 193.59 195.12 194.15 194.52 196.39 196.92 197.72 198.44 199.31 199.94 200.30 200.31 200.12 199.80 199.35 198.58 198.10 196.84 195.41 198.21 198.59 198.81 199.02 199.15 199.19 199.22 199.77 199.96 200.10 200.20 200.32 200.33 200.29 200.21 199.95 199.20 199.33 193.70 200.24 200.27 200.32 200.22 200.04 199.97 197.82 199.62 199.30 199.17 199.26 198.91 198.74 198.76 196.63 196.05 196.27 194.73 195.66 193.09 193.16 193.66 193.64 194.09 193.96 193.81 193.50 193.10 193.03 193.26 193.92 193.78 193.91 194.33 194.86 195.21 195.36 195.20 194.87 195.72 195.92 196.58 196.84 198.33 196.98 197.03 196.88 198.81 199.16 199.43 199.68 199.38 199.51 199.57 199.34 199.27 199.17 198.96 199.01 199.87 200.06 200.08 200.22 200.31 199.74 199.93 199.97 199.95 200.19 200.13 200.24 200.06 200.01 199.86 199.70 198.80 199.11 199.54 199.69 199.57 199.36 198.15 198.38 198.86 196.64 199.15 199.39 199.06 198.79 197.33 197.19 197.05 196.54 196.91 198.99 198.66 199.43 199.54 199.45 198.22 198.07 197.05 194.05 193.22 193.03 193.42 193.45 192.95 193.12 193.56 193.65 193.07 193.25 194.08 193.25 192.97 192.91 192.90 192.89 192.89 192.87 192.87 192.87 192.92 192.92 193.01 193.14
193.09 193.40 193.03 192.88 192.92 192.89 192.85 193.02 192.97 193.55 195.17 195.11 193.38 192.89 192.87 193.03 193.27 193.66 196.46 195.05 196.24 196.26 198.30 199.58 200.07 200.16 200.33 200.19 199.86 199.70 199.43 199.05 197.20 194.72 195.63 198.84 198.96 199.06 199.30 199.53 199.79 199.96 200.08 200.20 200.30 200.33 200.27 200.12 199.67 198.86 200.18 200.22 200.17 200.28 200.32 200.27 200.07 199.70 199.62 198.89 199.27 199.02 197.58 199.03 198.80 198.51 198.79 195.09 197.45 196.49 195.16 193.38 193.37 193.31 194.58 194.04 193.97 193.75 194.62 192.92 194.54 192.89 193.40 194.08 193.76 193.57 194.23 194.91 194.65 195.21 195.31 195.00 195.55 195.60 195.80 196.63 196.91 197.90 197.82 198.30 198.38 198.24 198.74 197.95 199.29 199.59 199.48 198.68 198.97 199.03 198.99 199.64 199.34 199.64 200.03 200.14 199.92 199.92 200.12 199.83 199.98 200.10 200.04 200.02 200.02 199.92 199.74 199.40 199.27 198.98 197.91 198.40 197.17 197.26 196.82 197.21 197.99 198.16 197.59 198.36 197.17 196.98 196.07 196.17 195.91 197.01 198.51 198.66 198.53 199.11 198.60 197.50 195.14 194.41 194.22 193.93 193.19 193.00 193.09 192.96 193.06 193.06 193.22 193.00 193.02 193.21 193.54 193.00 192.93 192.91 192.89 192.88 192.88 192.87 192.87 192.87 192.87 192.88 192.91 192.97
192.86 192.89 192.88 192.86 192.85 192.85 192.85 192.85 192.86 193.47 193.94 193.75 192.86 192.85 192.85 192.88 192.96 194.86 195.35 194.17 194.83 197.21 198.75 199.77 200.22 199.69 200.22 199.94 199.86 199.91 199.86 199.93 199.64 196.94 198.30 199.08 198.89 198.98 199.35 199.66 199.90 200.02 200.11 200.10 200.33 200.26 200.01 199.72 199.29 197.64 197.54 200.04 200.28 200.20 200.02 199.71 199.44 199.28 199.15 198.59 198.63 198.97 199.35 197.34 196.86 198.07 197.69 196.28 196.05 195.16 194.72 194.12 193.06 193.11 193.11 193.21 192.89 192.92 193.15 193.03 193.98 194.21 193.35 193.76 194.05 193.65 194.39 195.13 194.82 194.86 194.60 194.94 195.16 195.52 195.86 196.50 196.62 197.36 196.96 197.52 197.52 197.53 197.57 198.16 198.14 199.28 198.82 197.93 196.91 199.04 198.86 199.31 199.78 199.82 199.95 199.52 199.75 199.76 200.02 199.78 199.94 200.04 200.06 199.95 199.93 199.85 199.58 199.36 198.92 198.66 196.25 194.84 194.18 194.01 193.16 193.94 196.60 196.99 197.49 196.60 196.48 195.84 195.44 195.93 196.17 197.60 197.78 198.19 198.50 199.08 196.87 193.94 194.23 194.72 194.46 193.22 193.07 192.98 192.96 192.91 193.10 192.92 192.97 192.94 192.96 193.13 193.04 192.94 192.92 192.91 192.91 192.88 192.88 192.87 192.87 192.87 192.86 192.86 192.86 192.86
192.87 192.85 192.97 192.86 192.86 192.86 192.85 192.85 192.85 192.95 193.09 193.19 192.85 192.86 192.86 192.85 193.34 195.42 193.36 193.72 195.36 198.34 199.44 199.91 199.61 199.49 199.76 200.32 199.94 199.89 200.00 200.17 200.24 200.15 199.73 199.33 198.76 198.61 199.45 199.82 200.03 200.13 200.18 200.09 200.30 199.96 199.58 199.19 198.47 196.82 196.02 199.59 199.62 199.20 198.86 198.40 198.57 198.47 198.36 197.96 197.05 198.30 199.06 198.69 198.14 196.87 196.11 195.73 195.54 194.42 193.33 193.19 193.32 193.31 193.11 192.92 192.94 193.59 193.92 193.95 194.31 193.63 194.07 193.78 193.52 193.87 194.01 194.89 194.66 194.88 195.06 195.00 195.83 195.98 196.11 196.19 196.32 196.28 196.71 197.40 197.37 197.48 197.73 197.54 197.78 197.87 197.71 197.99 197.76 199.30 199.06 199.97 199.81 199.91 199.68 199.88 199.85 199.71 199.79 199.80 199.92 200.01 200.08 200.04 199.46 199.76 199.58 199.15 198.50 197.32 195.03 193.04 193.11 193.11 193.08 192.97 193.17 194.35 195.16 195.44 195.59 194.78 195.24 196.08 195.95 197.26 197.78 197.65 198.83 198.65 193.98 194.24 193.79 193.68 193.42 193.29 193.02 192.96 192.92 192.91 192.93 192.95 192.92 192.93 192.93 192.93 192.93 192.94 192.92 192.92 192.92 192.90 192.88 192.88 192.87 192.87 192.86 192.86 192.85 192.85
192.86 192.85 192.85 192.85 192.86 192.86 192.86 192.86 192.85 192.87 192.96 192.88 192.87 192.88 192.89 192.86 193.48 192.97 193.03 193.62 196.31 198.03 197.77 198.43 198.79 198.90 199.42 200.16 199.72 199.82 200.00 200.28 200.32 200.29 200.10 199.62 197.97 197.96 199.75 200.01 200.14 200.21 200.25 200.30 200.12 199.81 199.43 198.86 198.10 197.04 195.89 195.68 198.58 198.64 198.64 198.56 198.21 197.83 197.44 197.10 196.90 197.56 198.69 197.60 196.37 195.94 195.16 194.83 194.60 193.88 193.11 193.20 193.20 193.13 193.08 193.22 193.44 193.67 192.95 193.05 193.06 193.74 193.59 193.61 193.80 194.42 194.41 194.91 194.58 195.15 194.89 195.12 195.25 194.96 196.12 196.39 196.68 196.15 196.96 197.73 197.73 197.58 197.30 197.64 197.85 197.28 198.44 196.64 197.71 197.48 198.46 199.24 199.53 199.89 199.85 199.77 199.84 199.78 199.77 199.73 199.93 199.87 200.05 199.51 198.80 199.83 199.54 198.98 197.28 194.13 193.02 193.19 193.15 193.14 193.13 193.08 193.05 192.88 194.14 194.26 194.04 194.55 195.55 195.34 197.18 198.01 197.76 196.74 197.54 197.62 194.30 193.45 193.29 193.15 193.28 193.19 192.93 192.91 192.93 192.91 192.91 192.94 192.92 192.93 192.91 192.92 192.93 192.94 192.95 192.94 192.93 193.01 192.90 192.88 192.89 192.86 192.85 192.85 192.85 192.85
192.85 192.92 192.86 192.86 192.87 192.87 192.87 192.86 192.88 192.85 192.90 192.87 192.90 192.91 192.90 192.87 192.95 192.86 193.06 194.64 195.13 196.01 196.40 196.99 197.64 198.42 199.05 200.06 200.01 199.97 200.20 200.33 200.33 200.23 200.32 199.88 197.41 195.71 199.25 200.14 200.20 200.27 200.31 200.33 200.15 199.79 199.31 198.65 198.01 196.89 195.83 195.59 196.21 198.08 198.22 198.20 197.87 197.43 197.07 196.56 196.05 196.41 196.94 196.69 196.21 194.93 193.77 193.65 193.49 193.16 193.18 193.16 193.05 193.16 192.94 192.98 192.94 193.07 193.03 193.42 193.42 193.61 193.80 193.55 193.53 193.85 194.10 193.69 194.11 194.09 194.73 194.97 195.41 195.17 195.68 194.85 196.11 196.60 196.80 196.55 196.58 197.99 198.51 198.68 197.43 197.01 196.79 198.07 198.27 198.61 198.73 198.66 199.06 198.76 199.30 199.64 199.82 199.77 199.77 199.94 199.85 199.91 200.11 198.36 199.70 199.81 199.34 198.43 196.21 192.93 193.10 193.22 193.22 193.20 193.15 193.12 193.09 192.99 192.85 193.05 193.41 193.90 195.54 196.38 196.45 196.75 195.47 194.76 195.26 195.23 193.68 193.10 193.16 193.15 192.93 192.88 192.92 192.93 192.98 192.97 193.09 193.02 193.06 193.01 192.94 192.92 192.99 192.96 193.03 193.05 193.09 192.90 192.90 192.87 192.90 192.86 192.85 192.85 192.85 192.85
192.86 192.85 192.90 192.86 192.89 192.89 192.90 192.89 192.93 192.90 192.88 192.95 192.95 192.94 192.92 192.90 192.85 192.85 193.05 193.99 194.57 195.06 196.01 196.90 197.75 198.35 199.22 200.08 200.33 200.29 200.30 200.30 200.29 200.29 200.25 200.28 197.89 192.78 194.16 200.14 200.26 200.31 200.33 200.30 200.14 199.72 199.06 198.46 197.60 196.89 196.02 195.47 195.59 197.54 197.82 197.86 197.50 197.03 196.75 196.30 195.86 196.69 197.00 195.68 194.76 194.00 193.10 192.94 192.90 192.90 193.21 193.12 192.95 193.20 193.36 193.03 192.96 193.19 193.41 193.32 193.50 193.70 194.04 194.22 193.79 193.65 193.61 193.66 193.96 194.32 194.66 194.85 194.79 194.80 194.56 195.65 195.13 196.58 196.34 196.13 196.54 196.67 197.49 198.58 197.03 197.28 194.84 197.29 196.16 198.74 198.26 198.38 198.50 198.08 198.70 199.35 199.81 199.53 199.24 199.87 199.69 199.79 199.97 200.05 199.91 199.42 198.81 197.64 194.70 192.86 193.24 193.26 193.27 193.21 193.14 193.13 193.07 193.03 192.89 192.91 193.05 195.28 194.55 195.08 195.80 194.44 193.57 193.23 193.24 193.18 193.01 192.90 192.85 192.86 192.89 192.87 192.89 192.89 193.00 193.09 193.26 193.58 193.45 193.35 193.19 193.12 193.10 193.11 193.08 193.10 193.91 192.98 192.90 192.90 192.90 192.85 192.85 192.85 193.03 192.85
192.85 192.87 192.88 192.98 192.89 192.88 192.91 192.94 192.95 192.96 192.98 193.01 192.99 192.98 192.96 192.91 192.87 192.86 194.12 193.89 194.30 195.44 196.20 196.78 197.84 198.62 199.18 199.66 200.22 200.22 200.26 200.26 200.26 200.22 200.12 200.01 200.08 194.51 195.71 199.72 200.20 200.33 200.31 200.23 199.14 199.38 198.76 198.14 197.38 196.87 195.85 195.53 195.42 197.30 197.51 197.33 196.97 196.61 196.36 196.05 195.92 195.69 195.15 195.61 194.15 193.08 192.88 192.85 192.86 193.14 193.18 193.16 192.90 192.91 192.90 192.96 192.88 192.93 193.43 194.13 194.17 193.77 193.98 193.76 193.80 193.81 193.03 193.75 193.04 194.11 194.76 194.61 194.59 194.18 194.46 195.74 195.68 195.47 195.17 195.08 195.29 196.87 197.30 197.06 196.74 196.33 196.74 195.99 194.71 197.48 197.64 196.83 197.95 198.16 198.47 198.86 199.25 199.07 198.82 198.94 199.06 199.63 199.73 199.68 199.56 199.24 198.43 196.66 193.78 192.88 193.25 193.26 193.23 193.19 193.14 193.13 193.09 193.05 192.94 192.86 192.92 193.79 193.45 193.28 193.28 193.19 193.18 192.89 192.96 192.86 192.85 192.85 192.87 192.89 192.89 192.86 192.85 192.90 193.12 193.88 194.96 195.53 194.75 194.68 194.08 193.70 193.54 193.24 193.26 193.21 193.17 193.51 192.95 192.91 192.88 192.89 192.85 192.95 193.84 193.33
192.91 192.88 192.88 192.94 192.92 192.89 192.95 193.00 193.01 193.03 193.05 193.09 193.07 193.04 193.03 192.95 192.86 192.99 193.78 193.75 195.90 199.96 197.47 196.97 199.04 198.86 199.36 199.49 199.76 200.13 200.17 200.22 200.21 200.17 200.11 200.03 200.00 200.26 199.42 199.69 200.27 200.33 200.24 200.12 199.77 198.92 198.47 197.86 197.33 196.90 196.05 195.53 195.25 197.04 197.03 197.07 196.75 196.31 196.02 195.95 195.71 195.71 195.89 194.73 192.97 192.85 192.86 192.89 192.90 193.10 193.24 193.18 192.99 192.91 193.00 192.90 193.22 192.92 193.03 193.12 193.44 193.55 195.08 192.90 193.50 193.73 193.59 193.80 193.76 193.80 193.10 193.71 194.37 194.59 194.91 195.10 194.95 194.75 194.56 194.23 194.77 194.82 196.32 196.56 196.28 196.20 196.64 194.52 195.39 198.07 197.40 197.26 197.02 196.98 198.23 198.39 198.76 199.07 198.93 198.92 199.23 199.03 199.33 199.22 198.83 198.69 197.89 195.53 193.06 193.23 193.24 193.18 193.24 193.19 193.14 193.12 193.08 193.06 192.96 192.85 192.86 192.90 192.97 192.99 193.02 192.99 192.93 192.88 192.85 192.86 192.88 192.91 192.91 192.93 192.93 192.91 192.85 192.92 193.52 194.84 195.95 196.61 197.27 196.63 196.02 194.57 194.00 193.64 193.60 193.39 193.28 193.25 193.04 192.92 192.92 192.98 192.87 192.85 193.12 193.05
192.87 192.90 192.92 192.96 192.86 192.95 192.96 193.00 193.06 193.07 193.10 193.13 193.14 193.12 193.13 192.87 192.90 192.96 193.24 193.21 197.11 196.64 193.08 192.30 194.62 199.06 199.42 199.44 199.07 199.70 199.99 200.16 200.19 200.15 200.10 200.02 199.99 200.12 200.30 200.29 200.33 200.30 200.21 200.06 199.68 198.85 198.20 197.60 197.12 196.67 196.29 195.26 195.44 197.53 197.42 196.55 196.48 196.16 196.00 195.81 195.58 195.18 194.49 193.14 192.90 192.87 192.92 193.01 193.14 193.17 193.09 193.16 193.11 193.00 193.03 192.96 192.86 192.85 192.89 193.12 193.34 194.19 193.64 193.49 193.78 193.61 193.55 192.99 193.81 193.49 193.59 193.81 194.62 194.64 194.28 193.97 194.23 194.17 194.20 193.78 193.85 194.27 195.38 195.73 194.86 194.99 194.98 195.13 196.94 197.59 197.08 196.97 197.39 197.79 197.94 198.15 198.64 199.58 199.07 198.87 198.79 198.81 198.90 198.77 198.62 198.24 196.22 195.03 192.96 193.13 193.22 193.23 193.20 193.16 193.14 193.14 193.10 193.03 192.98 192.91 192.87 192.87 192.86 192.85 192.85 192.87 192.88 192.90 192.93 192.96 192.98 192.98 192.98 193.02 192.99 192.98 192.90 192.93 193.54 195.62 196.92 197.97 198.58 198.57 197.74 195.36 194.36 194.15 194.17 193.81 193.44 193.15 193.00 192.92 192.96 192.90 192.86 192.85 192.85 193.00
192.89 192.92 192.96 192.98 193.00 192.96 192.98 193.03 193.10 193.12 193.15 193.19 193.20 193.19 193.20 192.90 192.88 193.14 194.46 193.61 196.30 196.72 193.13 192.50 194.18 200.10 198.96 198.67 198.56 198.82 199.66 200.08 200.21 200.23 200.22 200.08 199.96 199.97 200.23 200.28 200.25 200.22 200.18 200.07 199.83 199.16 198.00 197.42 196.84 196.62 196.29 195.13 195.95 195.65 197.57 197.01 196.46 196.23 195.88 195.81 195.25 195.16 193.81 192.90 192.87 192.96 193.11 193.16 193.28 193.28 193.34 193.26 193.22 193.15 193.09 192.89 192.86 192.87 192.98 192.99 193.19 193.50 193.68 193.19 192.94 193.93 193.67 194.21 193.74 193.51 193.44 193.42 193.14 193.87 193.97 193.70 193.89 193.90 193.97 193.80 193.73 194.68 192.98 194.68 194.16 195.61 196.24 195.18 196.30 196.54 196.97 197.31 197.87 197.99 197.93 197.28 198.90 198.39 198.95 198.28 197.89 197.36 198.70 198.61 198.43 197.96 196.55 197.00 193.63 192.87 193.03 193.19 193.15 193.14 193.13 193.09 193.09 193.07 193.02 192.99 192.98 192.98 193.04 192.99 193.00 192.99 193.05 193.06 193.07 193.10 193.13 193.09 193.16 193.12 193.10 193.02 192.93 192.93 194.23 196.40 198.31 199.13 199.33 198.90 198.76 199.68 195.38 194.81 194.44 194.06 193.57 193.17 193.00 192.92 192.90 192.85 193.00 192.87 192.86 192.89
193.03 192.97 192.97 193.05 193.10 193.10 193.08 193.12 193.19 193.20 193.24 193.24 193.26 193.25 193.24 192.90 192.91 193.79 194.34 193.40 194.21 198.56 196.41 195.52 197.33 199.48 197.90 197.89 198.10 198.66 199.36 199.94 200.22 200.29 200.32 200.32 200.00 199.98 200.09 200.16 200.18 200.17 200.14 200.05 199.84 199.21 197.56 197.47 197.12 196.70 196.69 195.76 194.99 194.57 197.22 197.02 196.85 196.40 196.23 195.65 195.23 195.04 193.18 192.89 192.87 193.19 193.24 193.28 193.35 193.37 193.36 193.33 193.23 193.24 193.16 192.98 192.94 192.95 192.86 192.97 193.28 193.31 193.08 193.19 193.92 193.86 193.42 193.59 193.45 193.29 193.49 193.49 193.76 193.85 193.39 193.59 193.82 193.71 193.77 193.76 193.70 194.47 195.09 194.04 195.50 195.00 194.34 197.36 196.21 195.04 197.43 197.84 197.98 197.73 197.59 197.20 198.33 198.29 199.75 197.65 197.46 197.57 199.06 198.66 198.02 197.97 196.73 197.20 195.76 193.99 192.86 192.89 192.97 193.01 193.01 193.09 193.08 193.08 193.09 193.07 193.09 193.15 193.16 193.17 193.19 193.17 193.22 193.24 193.25 193.21 193.24 193.21 193.23 193.16 193.18 193.17 193.05 192.89 194.53 197.51 199.32 199.60 199.71 199.74 199.10 197.83 196.28 195.52 194.89 194.17 193.48 193.16 193.01 192.93 192.86 192.85 193.15 192.89 192.89 192.93
193.02 193.04 193.07 193.11 193.14 193.18 193.21 193.25 193.27 193.28 193.30 193.29 193.29 193.28 193.27 192.91 192.94 194.12 193.38 193.04 193.02 196.04 197.41 199.10 198.70 196.00 197.12 197.37 197.82 198.83 199.49 199.93 200.18 200.31 200.33 200.33 200.16 199.97 200.02 200.17 200.17 200.24 200.13 200.02 200.00 198.90 198.42 197.85 197.58 197.15 196.86 196.50 195.79 194.79 195.62 196.53 194.20 192.89 193.12 194.55 195.01 195.68 193.12 192.87 192.89 193.18 193.32 193.37 193.43 193.45 193.40 193.45 193.25 193.42 193.31 193.15 193.10 193.12 193.07 192.90 192.98 193.36 193.92 193.29 193.65 193.73 193.54 193.29 193.32 193.75 193.24 193.23 193.29 193.53 193.16 193.11 192.98 194.24 193.26 193.35 193.74 194.29 194.97 194.30 194.25 194.48 194.49 195.30 196.33 195.71 196.67 197.50 197.48 197.96 197.98 197.85 197.42 198.34 199.53 197.84 197.51 198.02 195.27 196.43 198.19 198.30 197.58 196.94 196.64 195.13 193.90 193.16 192.90 192.85 192.92 193.03 193.09 193.12 193.17 193.19 193.20 193.30 193.25 193.34 193.38 193.41 193.45 193.41 193.51 193.44 193.45 193.41 193.38 193.38 193.39 193.31 193.25 192.86 194.72 197.81 199.11 199.70 199.87 200.18 200.27 199.02 197.17 195.85 194.77 194.14 193.46 193.12 192.95 192.88 192.85 192.90 192.88 192.90 192.90 192.99
193.07 193.09 193.08 193.19 193.25 193.25 193.29 193.29 193.30 193.32 193.33 193.32 193.31 193.30 193.29 192.94 193.07 193.60 193.41 193.83 192.99 193.25 193.19 193.19 194.18 195.51 197.61 197.08 198.22 199.13 199.75 200.02 200.24 200.32 200.32 200.26 200.26 200.04 199.98 200.17 200.12 200.14 200.11 200.22 199.74 198.85 198.19 197.93 197.75 197.53 197.92 197.03 196.88 194.37 196.97 196.79 196.54 196.70 193.91 193.04 193.15 194.18 193.11 192.99 193.18 193.37 193.43 193.44 193.48 193.52 193.51 193.48 193.44 193.38 193.22 193.27 193.25 193.29 193.37 192.97 192.86 193.06 193.20 193.02 193.33 193.18 193.09 193.16 193.13 193.53 193.24 192.99 193.18 193.16 193.14 193.33 193.05 193.26 193.46 193.25 194.42 194.28 193.85 194.25 194.68 193.52 193.89 195.48 194.68 195.10 196.48 195.79 196.06 196.07 194.99 197.69 197.05 198.90 198.29 199.32 198.67 198.82 198.67 198.22 198.15 197.88 198.07 197.99 196.37 197.09 194.32 193.26 193.31 192.88 192.95 193.08 193.14 193.25 193.29 193.32 193.39 193.43 193.48 193.56 193.64 193.71 193.76 193.77 193.76 193.71 193.66 193.63 193.63 193.58 193.52 193.45 193.34 193.20 193.38 196.55 199.24 199.75 200.23 195.28 200.19 199.22 197.07 195.60 194.82 194.00 193.24 193.16 192.92 192.86 192.87 192.88 192.91 192.92 193.00 193.03
193.17 193.20 193.21 193.21 193.31 193.27 193.36 193.37 193.37 193.36 193.36 193.35 193.33 193.32 193.31 193.03 192.98 193.57 193.39 193.49 193.64 193.39 195.15 194.50 194.39 195.13 195.98 197.91 198.77 199.35 199.89 200.13 200.27 200.33 200.26 200.24 200.31 199.92 199.72 200.07 199.96 199.97 199.94 200.26 200.03 198.92 198.37 198.12 197.96 198.29 198.75 198.53 196.68 195.72 194.53 193.80 194.13 193.25 193.03 192.90 193.35 194.84 193.17 193.26 193.35 193.40 193.40 193.46 193.54 193.56 193.42 193.52 193.52 193.46 193.30 193.47 193.34 193.39 193.44 193.41 192.95 192.90 192.89 192.88 192.87 192.98 193.13 193.25 193.12 193.12 193.12 193.04 193.12 193.18 193.13 193.36 193.07 193.18 193.74 194.37 193.32 194.66 193.90 193.85 195.69 193.18 196.72 195.05 194.65 195.50 195.59 195.29 195.48 195.75 196.13 195.65 196.03 194.21 197.10 198.06 197.38 195.40 198.28 197.60 197.15 198.72 199.14 197.33 195.55 196.89 194.10 193.38 192.93 192.90 193.07 193.20 193.33 193.34 193.40 193.48 193.54 193.64 193.71 193.83 193.93 193.96 194.00 193.96 193.96 193.90 193.86 193.86 193.77 193.68 193.58 193.51 193.39 193.26 192.91 195.95 198.56 199.56 200.20 200.31 200.18 197.88 195.96 194.99 194.43 193.73 193.57 192.92 192.87 192.85 192.89 192.95 192.95 192.98 193.04 193.12
193.28 193.30 193.34 193.37 193.41 193.40 193.43 193.44 193.43 193.41 193.41 193.40 193.38 193.27 193.35 193.32 192.95 193.21 193.85 193.75 193.68 193.71 195.27 195.62 193.86 194.74 197.15 198.21 198.97 199.58 199.97 200.19 200.27 200.33 200.06 200.20 200.31 199.92 199.80 199.97 199.70 199.64 199.68 199.55 199.27 198.90 198.33 198.01 198.05 198.91 198.74 198.19 198.13 195.63 195.30 194.85 194.77 193.34 193.11 192.91 192.95 192.88 193.09 192.97 192.86 193.29 193.35 193.44 193.54 193.59 193.55 193.62 193.58 193.62 193.59 193.55 193.48 193.51 193.55 193.57 193.53 193.02 192.92 192.87 192.88 192.92 193.03 193.79 193.01 193.10 192.98 192.88 193.01 193.13 193.45 193.21 193.03 193.08 193.59 193.69 194.11 193.97 193.94 193.77 194.68 195.22 196.24 195.59 195.37 196.29 195.41 195.59 194.70 193.69 193.90 193.96 195.39 197.11 197.38 197.55 196.83 197.65 198.02 197.65 198.14 196.85 194.58 193.55 193.67 193.32 193.02 192.95 192.99 193.04 193.16 193.34 193.40 193.49 193.59 193.70 193.80 193.89 194.02 194.10 194.15 194.22 194.20 194.10 194.15 194.07 194.04 193.95 193.86 193.75 193.68 193.62 193.51 193.41 193.10 193.35 196.05 197.95 199.13 199.21 198.16 195.67 194.81 194.39 194.01 193.57 193.07 192.88 192.85 192.90 192.98 193.06 193.07 193.09 193.19 193.24
193.43 193.39 193.45 193.46 193.46 193.46 193.47 193.50 193.50 193.47 193.45 193.46 193.45 193.42 193.40 193.37 193.13 192.89 192.88 192.89 192.99 193.17 193.98 193.99 193.34 196.73 197.64 198.40 199.28 199.69 200.02 200.01 200.30 200.33 200.29 200.29 200.31 199.89 199.85 199.85 199.62 199.47 199.25 199.24 199.03 198.75 198.40 197.94 198.20 199.30 198.22 197.94 197.78 197.04 196.68 196.17 195.29 195.02 194.38 192.92 193.66 192.85 192.90 192.98 193.15 193.18 193.33 193.41 193.44 193.60 193.63 193.62 193.67 193.72 193.69 193.77 193.58 193.62 193.67 193.60 193.58 193.49 193.17 193.38 193.02 192.94 192.90 193.08 193.00 192.89 192.88 192.93 193.01 193.23 192.85 192.98 193.14 193.55 193.76 193.19 194.16 194.01 193.55 193.64 194.46 194.56 195.85 195.77 195.27 195.84 196.05 196.18 194.68 194.03 194.27 194.29 195.86 197.03 196.43 196.25 196.58 194.67 197.47 197.84 196.46 197.12 195.55 193.22 193.42 193.09 192.88 192.92 192.99 193.15 193.27 193.39 193.51 193.65 193.82 193.94 194.02 194.12 194.26 194.24 194.32 194.36 194.34 194.30 194.27 194.20 194.10 194.04 194.07 193.87 193.85 193.77 193.67 193.57 193.31 193.04 193.21 194.26 195.07 195.23 195.58 196.75 193.83 193.81 193.56 193.25 194.18 193.25 192.94 193.04 193.13 192.96 193.22 193.24 193.27 193.39
193.55 193.19 193.48 193.48 193.53 193.51 193.52 193.54 193.52 193.53 193.51 193.52 193.51 193.48 193.50 193.47 193.43 193.19 192.87 193.22 193.02 193.04 192.97 193.08 195.51 197.30 197.97 198.71 199.03 199.90 200.12 200.25 200.33 200.31 200.25 200.28 200.32 200.01 199.72 199.62 199.42 199.19 199.07 198.95 199.14 198.82 198.83 199.07 199.14 198.90 198.26 197.64 197.52 197.71 196.89 195.73 195.14 194.82 194.96 194.68 194.81 194.73 193.30 192.98 192.98 193.32 193.41 193.44 193.49 193.59 193.68 193.81 193.81 193.81 193.79 193.88 193.83 193.84 193.82 193.67 193.77 193.74 193.56 193.31 193.14 192.94 192.85 192.92 192.86 192.95 192.98 193.25 192.97 192.99 193.07 193.16 193.16 193.66 193.27 193.30 194.46 194.64 194.01 195.01 193.16 195.52 195.24 196.12 195.33 196.85 197.40 196.74 195.32 194.77 195.20 196.12 196.20 195.62 196.39 194.67 195.03 194.67 194.90 196.76 195.72 194.18 194.06 193.10 192.92 192.86 192.89 193.02 193.12 193.25 193.38 193.51 193.67 193.87 194.00 194.08 194.21 194.27 194.34 194.39 194.47 194.40 194.37 194.36 194.33 194.16 194.22 194.17 194.09 193.97 193.85 193.94 193.89 193.78 193.66 193.54 193.35 193.13 193.04 192.90 193.69 194.71 192.91 193.08 193.27 192.99 192.94 192.93 193.08 193.14 193.25 193.31 193.34 193.42 193.47 193.52
193.64 193.58 193.58 193.55 193.57 193.55 193.57 193.56 193.55 193.56 193.57 193.56 193.55 193.52 193.55 193.50 193.52 193.45 193.21 195.49 193.42 193.15 193.37 194.95 197.84 197.34 198.04 198.77 199.49 200.04 200.28 200.32 200.20 200.10 200.02 199.99 200.17 200.31 200.05 199.44 199.14 199.00 198.87 198.91 199.77 199.61 198.63 198.24 198.83 199.04 198.29 198.48 198.85 198.50 197.38 195.79 195.01 194.53 194.44 194.27 194.19 194.40 193.24 193.00 193.26 193.36 193.43 193.44 193.53 193.61 193.65 193.85 193.79 193.88 193.91 193.98 193.96 194.03 193.95 193.87 193.84 193.78 193.80 193.30 193.16 192.96 192.92 192.87 192.86 192.90 193.08 193.01 192.99 193.07 192.88 193.21 193.39 193.42 193.12 193.35 193.59 193.62 193.74 193.96 194.11 195.12 195.76 193.90 195.88 197.34 195.16 197.01 196.81 197.12 197.43 197.61 196.87 196.28 195.87 194.04 193.88 194.17 192.97 193.20 193.54 193.13 192.99 192.93 192.86 192.89 192.99 193.13 193.20 193.35 193.46 193.65 193.80 194.00 194.14 194.24 194.29 194.34 194.44 194.49 194.52 194.51 194.47 194.46 194.37 194.36 194.29 194.07 194.18 194.07 194.04 194.02 193.95 193.86 193.85 193.75 193.68 193.52 193.46 193.41 193.25 193.16 192.98 192.85 192.89 192.87 192.89 192.89 192.98 193.22 193.29 193.35 193.43 193.56 193.63 193.66
193.73 193.62 193.63 193.56 193.62 193.59 193.62 193.61 193.58 193.59 193.60 193.60 193.59 193.56 193.53 193.50 193.47 193.41 193.38 193.28 193.29 193.58 194.48 195.70 197.17 197.20 197.99 198.73 199.40 200.20 200.28 200.03 199.60 199.28 199.27 199.54 199.79 199.86 200.26 200.14 199.29 198.69 198.58 198.64 198.85 199.14 198.88 198.61 198.34 197.50 198.89 199.14 199.38 199.62 198.63 196.97 195.18 194.70 194.55 194.62 194.31 194.56 192.96 193.03 193.25 193.36 193.43 193.48 193.53 193.67 193.71 193.81 193.85 193.97 193.99 194.08 194.15 194.13 194.11 194.02 194.05 194.00 193.92 193.87 193.68 193.54 193.49 193.34 193.11 193.36 192.86 192.88 193.00 193.03 192.95 193.02 193.21 193.10 193.22 193.31 193.11 192.93 193.33 193.16 193.12 193.44 194.43 194.96 195.52 196.59 197.05 197.35 197.37 197.91 197.90 197.89 197.41 195.54 192.93 193.25 193.71 194.20 193.59 194.00 193.01 192.93 192.88 192.86 192.90 192.97 193.09 193.24 193.33 193.43 193.64 193.81 193.90 194.09 194.20 194.35 194.40 194.48 194.53 194.54 194.55 194.56 194.55 194.51 194.50 194.43 194.40 194.36 194.32 194.22 194.29 194.25 194.12 193.97 193.97 193.84 193.71 193.64 193.46 193.39 193.23 193.18 193.02 192.91 192.86 192.86 192.89 192.92 192.95 193.31 193.35 193.42 193.57 193.59 193.67 193.68
193.69 193.66 193.67 193.63 193.38 193.64 193.64 193.49 193.63 193.62 193.60 193.60 193.56 193.55 193.52 193.49 193.48 193.49 193.35 193.07 194.40 194.80 194.29 195.43 195.49 196.98 197.62 198.36 199.64 200.32 199.95 199.22 198.62 198.54 198.23 198.46 199.46 199.61 199.88 200.31 199.76 198.62 198.30 198.39 198.89 198.78 199.10 200.02 198.79 198.67 198.71 198.97 199.61 199.90 199.54 198.25 196.34 195.45 194.93 195.01 193.63 193.51 193.39 192.86 193.27 193.40 193.44 193.47 193.59 193.68 193.80 193.90 193.91 194.05 194.13 194.17 194.20 194.23 194.23 194.26 194.11 194.11 194.08 194.04 193.92 193.58 193.69 193.51 193.22 193.18 193.07 192.87 192.87 192.87 192.85 192.92 193.03 193.09 192.95 193.02 193.26 193.19 193.19 193.36 192.86 193.65 194.04 194.26 194.81 194.71 195.77 197.09 193.86 197.64 197.53 196.32 197.00 196.18 193.08 192.97 192.96 192.97 192.95 192.89 192.87 192.86 192.85 192.90 192.95 193.07 193.19 193.34 193.38 193.59 193.72 193.91 194.02 194.13 194.30 194.34 194.51 194.56 194.57 194.57 194.57 194.58 194.56 194.56 194.53 194.55 194.48 194.47 194.39 194.37 194.34 194.30 194.24 194.06 193.86 193.90 193.75 193.67 193.53 193.39 193.23 193.22 193.11 193.03 192.98 192.93 192.89 192.86 194.00 193.35 193.39 193.42 193.56 193.66 193.70 193.66
193.68 193.69 193.71 193.69 193.67 193.65 193.62 193.65 193.63 193.61 193.61 193.62 193.58 193.60 193.52 193.54 193.48 193.32 193.24 193.05 192.86 192.93 193.35 194.02 195.07 196.11 196.82 198.23 199.77 200.30 199.69 199.05 198.78 198.72 198.04 198.40 199.29 199.69 200.00 200.32 199.58 198.46 198.26 198.36 199.28 198.64 199.01 199.59 199.15 199.33 199.31 199.54 199.57 199.37 198.98 198.60 197.21 195.61 195.53 195.75 194.53 193.48 193.44 192.88 193.15 193.46 193.51 193.45 193.62 193.74 193.82 193.96 194.02 194.11 194.19 194.26 194.29 194.31 194.31 194.30 194.28 194.26 194.20 194.31 194.27 194.02 193.84 193.78 193.55 193.58 193.17 193.49 193.24 193.04 193.11 192.86 192.86 193.01 192.97 193.16 193.29 193.29 193.23 193.28 192.93 194.50 195.20 193.62 193.40 193.95 194.72 194.13 193.53 193.00 195.15 194.32 192.97 194.99 192.91 192.99 192.94 192.95 192.85 192.85 192.88 192.87 192.92 192.93 193.07 193.23 193.30 193.35 193.49 193.63 193.87 194.00 194.15 194.22 194.42 194.48 194.52 194.57 194.58 194.58 194.58 194.57 194.58 194.57 194.56 194.54 194.52 194.53 194.52 194.47 194.41 194.34 194.26 194.20 194.08 193.96 193.81 193.65 193.55 193.42 193.27 193.26 193.21 193.14 193.13 193.01 192.94 192.85 193.04 193.25 193.38 193.49 193.52 193.65 193.65 193.71
193.68 193.73 193.73 193.70 193.68 193.67 193.65 193.64 193.63 193.64 193.62 193.67 193.63 193.63 193.55 193.52 193.43 193.32 193.12 192.91 192.86 192.94 193.20 193.77 194.53 195.25 196.29 197.24 199.00 200.18 200.19 199.62 199.25 199.13 199.04 199.15 199.60 199.84 200.28 199.30 198.05 197.56 197.97 198.09 198.03 199.08 198.61 199.72 199.27 199.24 199.42 199.19 199.97 199.36 198.18 198.52 198.06 196.40 195.43 194.18 194.32 194.15 193.51 192.91 193.12 193.49 193.62 193.65 193.72 193.81 193.96 194.04 194.18 194.22 194.28 194.29 194.35 194.31 194.36 194.36 194.34 194.33 194.23 194.25 194.29 194.10 194.04 193.83 193.77 193.80 193.68 193.60 193.59 193.46 193.26 193.00 192.91 192.89 193.15 193.20 193.36 193.27 193.05 193.19 193.03 193.14 193.04 193.12 194.42 194.71 195.39 192.89 194.88 195.68 192.88 192.85 192.89 192.98 193.04 192.86 192.85 192.85 192.95 193.19 192.93 192.93 192.95 193.12 193.25 193.30 193.26 193.47 193.50 193.69 193.89 194.10 194.22 194.24 194.41 194.50 194.55 194.57 194.56 194.52 194.58 194.57 194.56 194.54 194.41 194.50 194.52 194.51 194.48 194.46 194.46 194.38 194.30 194.26 194.02 193.96 193.80 193.64 193.46 193.40 193.33 193.28 193.19 193.23 193.21 193.06 192.90 192.85 193.17 193.19 193.47 193.47 193.62 193.64 193.69 193.74
193.77 193.77 193.73 193.73 193.72 193.69 193.67 193.64 193.63 193.66 193.66 193.62 193.61 193.57 193.56 193.46 193.33 193.18 193.00 192.88 192.86 192.96 193.17 193.49 193.84 194.34 195.03 196.02 197.53 199.19 199.91 200.21 200.24 199.94 199.54 199.42 199.84 200.30 199.80 198.60 197.59 197.06 197.07 196.75 196.29 195.78 195.58 196.46 198.59 199.53 199.99 199.48 198.24 198.42 198.39 197.62 195.45 196.16 195.51 194.01 193.52 193.00 192.87 192.89 193.13 193.54 193.58 193.73 193.82 193.93 193.99 194.16 194.22 194.29 194.29 194.39 194.38 194.38 194.44 194.44 194.35 194.39 194.35 194.33 194.28 194.23 194.06 194.12 194.03 193.85 193.82 193.91 193.70 193.59 193.56 193.49 193.22 193.06 193.34 193.34 193.10 192.96 192.91 193.22 192.91 193.15 193.18 193.19 193.39 193.10 194.13 192.86 193.01 193.13 192.86 192.93 193.05 192.87 192.86 192.86 192.86 192.91 192.96 193.06 193.06 193.12 193.15 193.17 193.29 193.35 193.43 193.46 193.66 193.76 194.03 194.16 194.28 194.39 194.43 194.50 194.54 194.57 194.57 194.58 194.57 194.55 194.56 194.57 194.56 194.56 194.52 194.54 194.52 194.42 194.46 194.44 194.35 194.21 193.96 193.84 193.76 193.55 193.44 193.38 193.36 193.33 193.32 193.31 193.30 193.23 193.13 192.94 192.92 193.30 193.31 193.37 193.55 193.72 193.72 193.77
193.77 193.76 193.75 193.70 193.70 193.69 193.66 193.68 193.62 193.70 193.67 193.63 193.63 193.56 193.46 193.42 193.23 193.11 192.97 192.88 192.87 192.91 193.01 193.11 193.29 193.62 194.17 194.52 195.28 196.34 197.29 197.62 197.58 197.67 199.55 199.80 198.89 198.22 198.02 197.85 197.33 197.01 197.07 196.85 196.21 195.59 195.59 195.79 198.53 199.55 198.63 197.53 195.45 196.73 196.33 194.37 195.37 193.77 195.46 194.33 193.33 192.93 192.89 193.14 193.42 193.60 193.70 193.77 193.96 194.00 194.14 194.22 194.25 194.31 194.34 194.32 194.26 194.15 194.42 194.43 194.40 194.44 194.38 194.37 194.32 194.29 194.27 194.23 194.15 194.07 193.99 193.96 193.92 193.85 193.64 193.68 193.53 193.44 193.44 193.47 193.37 193.31 193.46 193.25 193.11 193.22 193.10 193.02 193.15 193.02 192.87 192.88 192.95 192.95 192.96 193.06 192.85 192.88 192.89 192.96 192.97 193.01 193.13 193.05 193.19 193.21 193.21 193.25 193.34 193.39 193.54 193.60 193.74 193.85 194.32 194.34 194.29 194.36 194.44 194.49 194.54 194.57 194.57 194.56 194.57 194.56 194.55 194.55 194.52 194.56 194.55 194.54 194.50 194.49 194.49 194.40 194.28 194.14 194.01 193.38 193.49 193.68 193.52 193.49 193.44 193.40 193.41 193.35 193.37 193.34 193.30 193.16 193.21 193.26 193.34 193.51 193.54 193.67 193.71 193.78
193.78 193.76 193.75 193.71 193.74 193.73 193.71 193.70 193.67 193.67 193.69 193.62 193.61 193.50 193.40 193.30 193.15 193.06 192.97 192.88 192.85 192.85 192.89 192.97 193.15 193.35 193.52 193.80 194.03 194.38 194.73 195.09 195.39 195.65 196.05 195.85 195.67 195.74 196.56 197.04 197.11 196.64 196.73 197.51 197.03 196.42 196.34 196.35 194.44 198.50 192.96 192.87 192.93 193.03 192.99 194.38 194.18 194.10 193.67 193.96 192.95 192.87 193.08 193.34 193.42 193.68 193.82 193.95 193.98 194.15 194.16 194.22 194.29 194.31 194.33 194.33 194.36 194.42 194.44 194.44 194.45 194.42 194.41 194.38 194.37 194.33 194.33 194.23 194.20 194.16 194.11 194.02 193.89 193.83 193.76 193.77 193.65 193.67 193.67 193.61 193.40 193.52 193.27 193.36 194.36 193.60 193.04 193.28 193.19 193.00 192.94 193.00 192.97 192.97 192.93 193.02 192.98 193.02 193.07 193.04 193.05 193.09 193.18 193.17 193.17 193.24 193.21 193.29 193.35 193.45 193.59 193.70 193.83 193.97 194.24 194.30 194.26 194.38 194.38 194.47 194.51 194.54 194.56 194.56 194.55 194.55 194.54 194.55 194.53 194.48 194.55 194.51 194.46 194.42 194.42 194.29 194.21 194.06 193.99 193.42 193.31 193.71 193.59 193.55 193.54 193.49 193.51 193.47 193.40 193.44 193.37 193.38 193.03 193.23 193.58 193.54 193.53 193.72 193.84 193.73
193.77 193.77 193.74 193.74 193.75 193.76 193.68 193.66 193.69 193.67 193.63 193.56 193.50 193.43 193.33 193.22 193.10 192.99 192.93 192.88 192.87 192.85 192.88 192.96 193.01 193.11 193.23 193.41 193.63 193.77 194.04 194.36 194.72 194.91 194.86 194.75 195.10 195.27 195.91 196.46 196.70 196.61 196.45 196.24 196.60 195.90 194.98 193.92 192.92 192.85 192.87 192.92 193.02 193.09 193.11 193.00 193.53 193.80 193.23 192.86 192.91 193.12 193.30 193.61 193.62 193.76 193.87 194.00 194.11 194.17 194.26 194.32 194.36 194.36 194.39 194.40 194.41 194.36 194.49 194.53 194.43 194.43 194.45 194.29 194.40 194.35 194.27 194.25 194.29 194.21 194.19 194.13 194.05 193.97 193.91 193.85 193.79 193.62 193.77 193.66 193.64 193.63 193.28 194.22 192.64 193.52 192.92 193.28 193.22 193.12 193.13 193.11 193.10 193.13 193.21 193.11 193.14 193.12 193.18 193.20 193.17 193.22 193.18 193.20 193.24 193.25 193.22 193.31 193.37 193.44 193.53 193.68 193.84 193.96 194.11 194.12 194.28 194.33 194.42 194.46 194.49 194.52 194.55 194.54 194.55 194.55 194.52 194.54 194.54 194.51 194.50 194.45 194.45 194.34 194.19 194.23 194.15 194.04 193.97 193.90 193.80 193.74 193.68 193.60 193.58 193.58 193.52 193.54 193.48 193.46 193.43 193.45 193.36 193.55 193.55 193.47 193.55 193.72 193.82 193.81
193.74 193.72 193.77 193.77 193.76 193.74 193.70 193.66 193.64 193.55 193.58 193.53 193.44 193.36 193.25 193.11 192.97 192.97 192.94 192.89 192.86 192.85 192.86 192.88 192.92 192.98 193.07 193.19 193.27 193.50 193.70 193.79 194.07 194.17 194.10 194.14 194.16 194.56 195.20 195.70 196.05 196.10 195.88 195.62 194.99 194.16 193.68 193.13 192.91 192.85 192.91 192.97 193.03 193.11 193.17 193.24 192.92 193.11 192.95 193.09 193.47 193.57 193.66 193.71 193.80 193.90 194.06 194.13 194.20 194.23 194.34 194.37 194.38 194.40 194.42 194.45 194.46 194.44 194.48 194.45 194.42 194.46 194.43 194.45 194.41 194.46 194.44 194.33 194.31 194.21 194.23 194.18 194.10 194.06 193.96 193.88 193.91 193.99 193.79 193.77 193.63 193.63 193.53 193.43 193.18 193.21 193.18 193.37 193.27 193.32 193.26 193.26 193.20 193.26 193.25 193.23 193.29 193.34 193.25 193.31 193.26 193.23 193.17 193.21 193.24 193.20 193.20 193.29 193.34 193.39 193.55 193.68 193.79 193.90 193.89 194.04 194.14 194.25 194.27 194.33 194.35 194.41 194.41 194.47 194.48 194.49 194.46 194.47 194.41 194.41 194.42 194.42 194.31 194.21 194.16 194.07 194.11 194.01 193.95 193.88 193.81 193.73 193.68 193.65 193.62 193.59 193.61 193.58 193.39 193.46 193.42 193.51 193.48 193.47 193.51 193.62 193.73 193.73 193.79 193.80
193.81 193.79 193.73 193.66 193.69 193.58 193.62 193.64 193.60 193.56 193.55 193.46 193.42 193.32 193.29 193.13 194.20 192.97 192.96 192.93 192.89 192.86 192.85 192.85 192.86 192.90 192.95 193.05 193.15 193.22 193.33 193.36 193.51 193.44 193.51 193.44 193.66 193.81 194.04 194.43 194.90 194.91 195.18 194.99 194.52 193.77 193.16 193.28 192.88 192.96 193.01 193.02 193.29 193.12 193.20 193.31 193.39 193.43 193.59 193.67 193.74 193.81 193.95 194.00 194.09 194.16 194.18 194.25 194.28 194.32 194.38 194.41 194.41 194.44 194.46 194.43 194.45 194.45 194.47 194.51 194.42 194.44 194.46 194.43 194.47 194.41 194.34 194.34 194.26 194.27 194.24 194.23 194.16 194.09 193.95 193.94 193.93 193.92 193.86 193.79 193.75 193.69 193.58 193.59 193.55 193.46 193.39 193.40 193.41 193.35 193.36 193.36 193.32 193.38 193.32 193.39 193.47 193.44 193.43 193.40 193.29 193.27 193.23 193.20 193.16 193.17 193.28 193.35 193.35 193.39 193.51 193.63 193.71 193.73 193.85 193.96 194.04 194.12 194.13 194.17 194.21 194.26 194.27 194.33 194.35 194.32 194.34 194.34 194.19 194.21 194.28 194.20 194.19 194.09 194.03 194.08 193.92 193.99 193.95 193.77 193.71 193.70 193.67 193.68 193.60 193.61 193.57 193.50 193.47 193.51 193.53 193.39 193.43 193.41 193.54 193.61 193.71 193.78 193.83 193.85
193.78 193.78 193.75 193.71 193.74 193.66 193.60 193.57 193.56 193.57 193.48 193.41 193.42 193.32 193.25 193.23 193.01 193.03 192.97 192.96 192.93 192.90 192.87 192.86 192.85 192.85 192.87 192.92 192.92 192.98 193.01 193.05 193.09 193.07 193.09 193.09 193.11 193.17 193.24 193.65 193.80 194.05 194.15 194.07 193.72 193.16 192.93 192.87 192.90 192.95 193.01 193.05 193.09 193.17 193.26 193.36 193.47 193.59 193.70 193.79 193.98 194.03 194.07 194.11 194.17 194.19 194.25 194.29 194.32 194.38 194.38 194.29 194.45 194.45 194.45 194.48 194.47 194.45 194.46 194.45 194.44 194.49 194.41 194.42 194.09 194.08 194.34 194.31 194.30 194.25 194.27 194.18 194.14 194.10 194.08 193.99 193.99 193.91 193.87 193.74 193.75 193.71 193.60 193.50 193.46 193.47 193.46 193.40 193.49 193.45 193.42 193.47 193.53 193.52 193.52 193.55 193.59 193.54 193.48 193.36 193.32 193.33 193.29 193.24 193.24 193.26 193.23 193.28 193.34 193.36 193.48 193.52 193.63 193.62 193.68 193.77 193.90 193.95 193.97 193.94 194.06 194.03 194.12 194.19 194.20 194.17 194.15 194.17 194.15 194.09 194.14 194.10 194.11 194.10 193.99 194.02 193.94 193.97 193.93 193.81 193.74 193.76 193.67 193.64 193.61 193.55 193.55 193.52 193.42 193.50 193.48 193.43 193.58 193.50 193.52 193.62 193.72 193.72 193.76 193.77
193.71 193.74 193.72 193.63 193.69 193.68 193.52 193.61 193.61 193.61 193.56 193.50 193.43 193.38 193.29 193.19 193.21 193.13 193.08 193.04 193.00 192.96 192.91 192.88 192.88 192.87 192.86 192.85 192.85 192.85 192.86 192.88 192.91 192.89 192.87 192.88 192.89 192.88 192.95 193.05 193.11 193.16 193.16 193.00 192.94 192.86 192.85 192.88 192.95 193.00 193.05 193.14 193.18 193.25 193.35 193.42 193.53 193.65 193.75 193.90 194.07 193.97 194.18 194.21 194.22 194.26 194.31 194.34 194.35 194.35 194.40 194.39 194.41 194.45 194.45 194.45 194.43 194.47 194.49 194.48 194.44 194.43 194.43 194.40 194.39 194.38 194.36 194.35 194.31 194.23 194.17 194.21 194.13 194.13 193.98 194.03 194.02 193.96 193.83 193.80 193.73 193.70 193.68 193.64 193.64 193.60 193.49 193.49 193.51 193.54 193.60 193.62 193.62 193.62 193.55 193.61 193.61 193.61 193.48 193.43 193.41 193.36 193.27 193.29 193.24 193.24 193.21 193.26 193.31 193.32 193.40 193.39 193.53 193.64 193.60 193.51 193.68 193.72 193.70 193.82 193.90 193.79 193.91 193.98 193.97 193.92 193.97 193.96 193.97 193.97 193.96 193.99 193.98 193.93 193.92 193.96 193.93 193.86 193.85 193.78 193.81 193.72 193.68 193.62 193.58 193.53 193.42 193.43 193.41 193.46 193.49 193.50 193.55 193.53 193.56 193.60 193.66 193.74 193.63 193.70
193.66 193.67 193.66 193.67 193.65 193.69 193.62 193.58 193.62 193.52 193.48 193.49 193.45 193.38 193.31 193.27 193.22 193.18 193.14 193.08 193.03 193.02 192.99 192.97 192.94 192.93 192.90 192.89 192.88 192.88 192.88 192.87 192.87 192.87 192.87 192.86 192.86 192.86 192.86 193.08 192.85 192.85 192.85 192.85 192.86 192.87 192.89 192.94 193.02 193.08 193.11 193.24 193.34 193.41 193.48 193.59 193.68 193.77 193.86 193.93 194.06 194.17 194.21 194.25 194.30 194.28 194.25 194.37 194.38 194.38 194.43 194.37 194.41 194.47 194.49 194.48 194.46 194.47 194.43 194.45 194.43 194.43 194.41 194.42 194.38 194.37 194.33 194.30 194.26 194.22 194.18 194.16 194.14 194.08 194.08 194.08 193.97 193.91 193.90 193.81 193.78 193.73 193.66 193.66 193.64 193.65 193.56 193.62 193.61 193.66 193.65 193.66 193.69 193.68 193.61 193.67 193.62 193.62 193.58 193.45 193.50 193.48 193.24 193.33 193.30 193.27 193.22 193.19 193.23 193.29 193.29 193.32 193.36 193.11 193.37 193.50 193.52 193.50 193.61 193.67 193.71 193.58 193.76 193.79 193.80 193.70 193.77 193.76 193.81 193.83 193.80 193.84 193.80 193.76 193.81 193.82 193.78 193.76 193.77 193.72 193.68 193.70 193.63 193.61 193.58 193.44 193.52 193.49 193.42 193.47 193.44 193.50 193.53 193.52 193.58 193.59 193.56 193.65 193.63 193.58
193.69 193.60 193.59 193.96 193.62 193.65 193.65 193.64 193.61 193.59 193.56 193.48 193.47 193.40 193.38 193.36 193.30 193.27 193.19 193.11 193.01 193.10 193.07 193.05 193.03 193.02 192.99 193.00 192.99 192.97 192.96 192.94 192.94 192.92 192.91 192.90 192.90 192.90 192.90 192.90 192.89 192.90 192.91 192.93 192.96 192.98 193.02 193.04 193.13 193.20 193.31 193.39 193.48 193.59 193.71 193.76 193.83 193.91 194.00 194.02 194.09 194.17 194.25 194.31 194.30 194.32 194.39 194.38 194.37 194.37 194.40 194.38 194.41 194.41 194.42 194.45 194.43 194.40 194.40 194.41 194.41 194.41 194.36 194.33 194.31 194.17 194.21 194.19 194.19 194.17 194.16 194.11 194.04 194.01 194.05 193.87 193.85 193.87 193.84 193.79 193.78 193.73 193.68 193.68 193.69 193.67 193.67 193.68 193.67 193.65 193.70 193.68 193.73 193.69 193.67 193.65 193.64 193.58 193.63 193.57 193.52 193.49 193.48 193.41 193.36 193.32 193.26 193.24 193.22 193.22 193.23 193.27 193.30 193.30 193.35 193.41 193.44 193.44 193.51 193.41 193.56 193.44 193.58 193.63 193.55 193.65 193.64 193.64 193.67 193.67 193.65 193.66 193.72 193.72 193.71 193.68 193.69 193.65 193.68 193.69 193.65 193.61 193.63 193.60 193.51 193.54 193.54 193.55 193.41 193.46 193.47 193.50 193.44 193.53 193.59 193.62 193.59 193.62 193.64 193.65
193.63 193.72 193.64 193.70 193.70 193.67 193.65 193.67 193.51 193.58 193.54 193.54 193.54 193.52 193.62 193.41 193.38 193.35 193.27 193.32 193.29 193.22 193.21 193.19 193.17 193.16 193.09 193.12 193.10 193.09 193.06 193.04 193.03 193.01 192.99 192.96 192.96 192.97 192.95 192.95 192.95 192.97 193.00 193.03 193.08 193.12 193.16 193.22 193.27 193.34 193.41 193.43 193.59 193.74 193.84 193.95 194.04 194.14 194.17 194.18 194.20 194.27 194.30 194.28 194.35 194.36 194.37 194.32 194.35 194.38 194.33 194.34 194.38 194.39 194.39 194.40 194.40 194.37 194.38 194.37 194.39 194.35 194.32 194.16 193.63 191.69 193.75 194.09 194.15 194.10 194.13 194.04 194.06 193.96 193.95 193.90 193.85 193.84 193.84 193.81 193.76 193.75 193.72 193.64 193.71 193.64 193.63 193.66 193.66 193.65 193.69 193.70 193.73 193.68 193.59 193.61 193.69 193.61 193.59 193.63 193.60 193.55 193.53 193.41 193.40 193.29 193.32 193.26 193.25 193.18 193.23 193.22 193.21 193.23 193.28 193.26 193.31 193.32 193.28 193.35 193.41 193.39 193.45 193.46 193.41 193.50 193.49 193.52 193.50 193.51 193.55 193.56 193.56 193.58 193.47 193.59 193.57 193.63 193.61 193.60 193.54 193.53 193.60 193.59 193.52 193.59 193.59 193.47 193.55 193.49 193.57 193.56 193.54 193.55 193.55 193.60 193.53 193.54 193.65 193.46
193.69 193.68 193.72 193.69 193.68 193.75 193.71 193.68 193.70 193.67 193.56 193.59 193.62 193.54 193.56 193.51 193.51 193.48 193.47 193.46 193.35 193.39 193.31 193.28 193.27 193.20 193.27 193.25 193.20 193.18 193.17 193.12 193.13 193.08 193.26 193.03 193.03 193.03 193.02 193.03 193.04 193.07 193.12 193.14 193.18 193.24 193.31 193.40 193.46 193.53 193.63 193.74 193.83 193.94 194.05 194.14 194.24 194.30 194.36 194.41 194.42 194.41 194.37 194.34 194.34 194.34 194.32 194.34 194.37 194.34 194.36 194.36 194.34 194.37 194.37 194.35 194.33 194.28 194.36 194.34 194.33 194.30 194.22 194.19 194.18 194.10 194.09 194.10 194.07 194.10 194.04 194.00 193.99 193.93 193.91 193.86 193.83 193.81 193.78 193.71 193.68 193.72 193.69 193.62 193.64 193.64 193.65 193.62 193.59 193.52 193.57 193.66 193.70 193.66 193.64 193.65 193.58 193.63 193.61 193.61 193.58 193.50 193.53 193.49 193.44 193.40 193.39 193.30 193.25 193.24 193.20 193.16 193.16 193.16 193.12 193.21 193.21 193.23 193.09 193.26 193.29 193.34 193.35 193.32 193.34 193.35 193.25 193.40 193.39 193.41 193.39 193.47 193.46 193.48 193.50 193.49 193.50 193.51 193.52 193.55 193.46 193.47 193.47 193.52 193.51 193.50 193.57 193.58 193.58 193.54 193.58 193.55 193.61 193.60 193.52 193.56 193.57 193.66 193.64 193.67
193.59 193.72 193.73 193.70 193.72 193.73 193.71 193.74 193.65 193.76 193.69 193.68 193.66 193.68 193.57 193.53 193.53 193.60 193.62 193.55 193.56 193.55 193.53 193.51 193.43 193.42 193.22 193.38 193.38 193.28 193.36 193.24 193.26 193.20 193.14 193.11 193.13 193.12 193.13 193.14 193.14 193.21 193.25 193.31 193.35 193.42 193.55 193.66 193.77 193.85 193.91 193.96 193.99 194.07 194.12 194.19 194.24 194.25 194.31 194.32 194.32 194.33 194.32 194.31 194.29 194.31 194.31 194.32 194.29 194.32 194.33 194.31 194.35 194.34 194.27 194.31 194.30 194.26 194.27 194.26 194.22 194.20 194.22 194.17 194.10 194.11 194.03 194.00 193.99 193.96 193.97 193.92 193.87 193.86 193.86 193.75 193.77 193.77 193.74 193.73 193.71 193.71 193.69 193.62 193.64 193.69 193.66 193.63 193.63 193.65 193.51 193.54 193.62 193.61 193.64 193.61 193.58 193.60 193.59 193.53 193.49 193.51 193.49 193.49 193.40 193.39 193.38 193.36 193.33 193.29 193.26 193.20 193.19 193.16 193.12 193.09 193.12 193.17 193.21 193.19 193.20 193.20 193.23 193.22 193.23 193.23 193.25 193.28 193.28 193.27 193.32 193.28 193.32 193.37 193.41 193.44 193.41 193.45 193.55 193.50 193.47 193.47 193.46 193.52 193.52 193.55 193.56 193.60 193.58 193.55 193.54 193.60 193.62 193.65 193.73 193.69 193.66 193.68 193.65 193.62
193.71 193.76 193.80 193.74 193.71 193.76 193.55 193.67 193.75 193.76 193.67 193.71 193.73 193.69 193.76 193.77 193.76 193.72 193.81 193.65 193.58 193.67 193.67 193.63 193.57 193.54 193.49 193.43 193.47 193.38 193.40 193.42 193.43 193.33 193.40 193.41 193.33 193.33 193.35 193.37 193.33 193.43 193.47 193.50 193.57 193.62 193.69 193.79 193.85 193.93 193.99 194.02 194.03 194.01 194.06 194.07 194.09 194.11 194.14 194.14 194.12 194.16 194.16 194.18 194.26 194.22 194.23 194.25 194.30 194.26 194.28 194.26 194.25 194.28 194.24 194.20 194.21 194.23 194.21 194.17 194.14 194.14 194.11 194.07 194.03 194.02 193.99 193.98 193.95 193.88 193.82 193.77 193.81 193.82 193.76 193.76 193.73 193.72 193.70 193.67 193.63 193.60 193.58 193.57 193.61 193.63 193.62 193.58 193.60 193.59 193.63 193.59 193.57 193.58 193.54 193.57 193.53 193.52 193.45 193.51 193.42 193.48 193.46 193.39 193.39 193.38 193.37 193.37 193.33 193.29 193.26 193.27 193.23 193.21 193.16 193.17 193.13 193.11 193.09 193.08 193.05 193.04 193.06 193.08 193.10 193.13 193.17 193.18 193.23 193.22 193.26 193.25 193.25 193.26 193.32 193.30 193.38 193.42 193.45 193.47 193.48 193.42 193.50 193.51 193.52 193.57 193.55 193.57 193.49 193.60 193.59 193.58 193.53 193.62 193.64 193.67 193.73 193.63 193.69 193.68
193.77 193.82 193.83 193.79 193.75 193.85 193.87 193.84 193.83 193.87 193.92 193.85 193.87 193.79 193.95 193.84 193.82 193.80 193.76 193.75 193.78 193.61 193.62 193.68 193.61 193.69 193.61 193.87 193.73 193.66 193.71 193.61 193.57 193.53 193.47 193.52 193.47 193.49 193.52 193.58 193.62 193.66 193.69 193.71 193.77 193.80 193.82 193.85 193.89 193.93 193.98 194.06 194.03 194.03 194.03 194.02 193.99 193.98 193.95 193.98 194.01 194.03 194.06 194.05 194.08 194.12 194.14 194.12 194.12 194.14 194.19 194.22 194.21 194.15 194.19 194.20 194.21 194.16 194.12 194.06 194.07 194.04 194.00 193.97 193.99 193.98 193.95 193.91 193.87 193.87 193.82 193.71 193.72 193.72 193.71 193.63 193.65 193.65 193.62 193.64 193.61 193.61 193.58 193.50 193.56 193.57 193.53 193.51 193.51 193.48 193.52 193.53 193.56 193.55 193.52 193.56 193.56 193.52 193.45 193.41 193.44 193.49 193.46 193.40 193.38 193.36 193.33 193.36 193.29 193.28 193.26 193.23 193.24 193.21 193.22 193.19 193.17 193.14 193.13 193.13 193.14 193.15 193.16 193.16 193.18 193.19 193.20 193.20 193.23 193.24 193.22 193.26 193.25 193.28 193.27 193.27 193.34 193.38 193.39 193.38 193.46 193.45 193.42 193.48 193.53 193.57 193.52 193.57 193.62 193.65 193.35 193.87 193.47 193.02 193.63 193.67 193.76 193.74 193.64 193.72
193.75 193.83 193.79 193.82 193.83 193.91 193.80 193.87 193.89 193.88 193.92 193.86 193.88 193.95 193.88 193.92 193.91 193.78 193.85 193.88 193.84 193.91 193.94 194.00 193.89 193.76 193.78 193.79 193.62 193.67 193.69 193.65 193.75 193.78 193.83 193.71 193.67 193.68 193.62 193.71 193.70 193.73 193.80 193.79 193.79 193.75 193.81 193.84 193.87 193.93 193.97 193.98 193.97 193.98 193.98 194.06 193.96 193.95 193.97 193.98 194.03 194.06 194.09 194.09 194.09 194.07 194.05 194.06 194.09 194.03 194.11 194.11 194.11 194.11 194.10 194.12 194.08 194.08 194.01 194.03 193.98 193.98 193.93 194.02 193.91 193.86 193.83 193.79 193.78 193.79 193.74 193.73 193.70 193.66 193.67 193.65 193.71 193.59 193.56 193.55 193.54 193.54 193.53 193.50 193.51 193.53 193.53 193.51 193.47 193.52 193.49 193.47 193.51 193.51 193.50 193.49 193.47 193.49 193.43 193.44 193.43 193.41 193.37 193.44 193.43 193.41 193.34 193.33 193.32 193.27 193.31 193.29 193.29 193.27 193.22 193.23 193.21 193.20 193.19 193.19 193.18 193.21 193.21 193.15 193.18 193.20 193.22 193.23 193.20 193.20 193.22 193.25 193.26 193.27 193.29 193.29 193.30 193.35 193.37 193.40 193.40 193.45 193.45 193.50 193.52 193.51 193.51 193.54 193.57 193.61 193.61 193.65 193.61 193.77 193.78 193.80 193.81 193.81 193.77 193.72
193.88 193.79 193.63 193.55 193.65 193.85 193.78 193.52 193.54 193.82 193.89 193.90 193.92 193.89 193.88 193.77 193.60 193.61 193.53 193.76 193.62 193.70 193.97 194.16 193.88 193.76 193.75 193.85 193.80 193.79 193.78 193.78 193.82 193.76 193.54 193.74 193.68 193.73 193.71 193.69 193.80 193.78 193.72 193.72 193.78 193.83 193.86 193.88 193.91 193.92 193.93 193.96 193.86 193.99 194.01 194.04 194.05 194.05 194.05 194.05 194.07 193.63 193.64 193.91 194.00 193.98 193.97 193.99 193.94 193.94 193.98 194.00 194.00 194.00 193.98 193.98 193.97 193.98 194.00 193.99 193.95 193.88 193.87 193.85 193.85 193.81 193.73 193.72 193.77 193.74 193.75 193.72 193.67 193.60 193.60 193.62 193.62 193.61 193.58 193.56 193.55 193.55 193.52 193.57 193.52 193.51 193.51 193.50 193.50 193.50 193.50 193.49 193.46 193.43 193.43 193.42 193.46 193.41 193.41 193.36 193.38 193.40 193.41 193.41 193.41 193.41 193.39 193.37 193.35 193.32 193.33 193.30 193.27 193.23 193.09 193.19 193.24 193.25 193.26 193.24 193.22 193.22 193.22 193.21 193.21 193.20 193.23 193.21 193.22 193.19 193.22 193.25 193.24 193.27 193.29 193.30 193.32 193.33 193.31 193.35 193.36 193.40 193.46 193.49 193.50 193.51 193.54 193.59 193.59 193.57 193.62 193.58 193.62 193.67 193.65 193.79 193.86 193.84 193.79 193.84
193.67 193.59 193.59 193.66 193.67 193.64 193.62 193.61 193.64 193.63 193.64 193.54 193.71 193.67 193.69 193.75 193.75 193.78 193.78 193.74 193.73 193.81 193.79 193.81 193.85 193.88 193.82 193.67 193.71 193.64 193.68 193.70 193.73 193.73 193.71 193.75 193.72 193.79 193.77 193.77 193.78 193.80 193.80 193.77 193.72 193.74 193.76 193.79 193.81 193.86 193.91 193.88 193.91 193.93 193.96 193.96 193.93 193.97 194.01 194.01 194.04 194.05 194.05 194.06 194.03 194.03 194.07 194.04 193.98 193.94 193.90 193.88 193.83 193.85 193.86 193.75 193.73 193.76 193.83 193.84 193.77 193.80 193.70 193.40 193.57 193.78 193.16 193.26 193.60 192.96 193.10 193.40 193.25 193.06 193.32 192.97 193.07 193.37 193.25 193.13 193.19 193.19 193.24 193.44 193.47 193.43 193.46 193.47 193.48 193.47 193.46 193.46 193.45 193.45 193.42 193.43 193.42 193.41 193.40 193.28 193.62 193.27 193.37 193.35 193.34 193.36 193.34 193.32 193.33 193.33 193.33 193.33 193.31 193.32 193.31 193.31 193.32 193.31 193.28 193.29 193.27 193.25 193.21 193.22 193.22 193.18 193.13 193.14 193.16 193.19 193.21 193.19 193.23 193.26 193.26 193.30 193.29 193.32 193.31 193.32 193.34 193.38 193.40 193.45 193.46 193.50 193.48 193.47 193.50 193.58 193.58 193.60 193.60 193.64 193.65 193.62 193.61 193.70 193.71 193.69
193.12 193.12 193.14 193.17 193.14 193.14 193.16 193.15 193.16 193.17 193.19 193.20 193.22 193.23 193.25 193.27 193.27 193.29 193.29 193.30 193.31 193.32 193.34 193.37 193.39 193.43 193.48 193.55 193.55 193.59 193.65 193.58 193.59 193.71 193.40 193.40 193.29 193.44 193.11 193.18 193.32 193.37 193.63 193.63 193.65 193.70 193.75 193.72 193.60 193.57 193.26 193.24 193.15 193.25 193.55 193.36 193.40 193.38 193.35 193.38 193.71 193.60 193.64 193.65 193.70 193.74 193.80 193.57 193.47 193.30 193.30 193.34 193.07 193.19 193.10 192.98 192.90 192.95 192.93 192.85 192.89 192.88 192.87 192.92 192.92 192.93 193.00 193.02 193.00 193.07 193.01 192.98 193.15 193.15 193.02 193.07 193.12 193.26 193.25 193.20 193.00 192.91 192.92 192.91 193.04 193.04 193.03 193.17 193.03 193.20 193.16 192.94 193.00 193.32 193.14 193.19 193.07 193.12 193.26 192.98 193.00 192.96 193.00 193.01 193.12 193.31 193.05 193.09 193.10 193.09 193.11 193.10 193.10 193.11 193.12 193.13 193.18 193.23 193.28 193.28 193.28 193.28 193.28 193.26 193.27 193.24 193.24 193.26 193.27 193.30 193.30 193.31 193.32 193.33 193.32 193.31 193.31 193.33 193.34 193.31 193.32 193.33 193.35 193.35 193.35 193.34 193.33 193.31 193.31 193.26 193.21 193.22 193.22 193.21 193.20 193.18 193.15 193.12 193.12 193.12
192.95 192.95 192.95 192.95 192.95 192.95 192.96 192.96 192.96 192.97 192.98 193.00 193.00 193.01 193.02 193.04 193.06 193.06 193.10 193.10 193.12 193.12 193.13 193.12 193.12 193.09 193.17 193.15 193.17 192.90 192.93 192.85 192.88 192.91 192.91 192.97 192.87 192.86 192.90 192.92 192.89 192.91 192.92 192.95 192.94 192.88 192.89 192.91 192.89 192.88 192.85 192.86 192.92 192.95 192.85 192.86 192.85 192.86 192.86 192.88 192.87 193.00 192.96 193.31 193.42 193.52 193.62 193.69 193.67 193.46 193.31 193.11 192.99 192.92 192.90 192.86 192.85 192.85 192.87 192.88 192.90 192.92 192.94 192.96 193.00 193.05 193.07 193.11 193.14 193.14 193.15 193.16 193.17 193.20 193.24 193.28 193.33 193.38 193.41 193.45 193.48 193.56 193.61 193.67 193.72 193.76 193.77 193.80 193.75 193.50 193.30 193.13 193.10 193.05 193.12 193.04 192.99 192.98 192.96 192.98 193.03 193.01 192.91 192.95 192.92 193.00 192.96 192.93 192.96 192.93 193.02 193.00 192.93 192.87 192.91 192.95 192.95 192.96 192.93 192.92 192.88 192.95 192.95 192.95 193.05 193.03 193.16 193.26 193.28 193.26 193.24 193.23 193.22 193.23 193.26 193.27 193.25 193.25 193.21 193.19 193.18 193.17 193.15 193.14 193.12 193.10 193.09 193.07 193.06 193.05 193.04 193.03 193.02 193.01 193.00 192.99 192.98 192.96 192.96 192.95
193.04 192.98 193.03 193.10 193.14 193.27 193.07 193.05 193.12 193.14 192.92 192.90 192.93 192.88 193.14 193.01 193.05 193.23 193.31 193.31 193.32 193.05 192.93 192.95 193.10 193.02 192.88 193.00 193.10 192.97 193.18 193.58 193.49 193.26 193.54 193.63 193.63 193.65 193.60 193.52 193.56 193.30 193.47 193.63 193.55 193.70 193.86 193.84 193.83 193.55 193.50 193.56 193.50 193.14 193.24 193.35 193.32 193.27 193.23 193.25 193.26 193.13 193.01 193.07 193.10 193.10 192.99 192.98 193.03 193.10 193.13 193.09 192.97 192.97 193.01 193.13 193.20 193.31 193.34 193.32 193.29 193.18 192.99 192.92 193.02 193.03 192.99 192.98 192.99 193.04 193.29 193.40 193.02 193.17 193.22 193.20 193.25 193.29 193.40 193.51 193.57 193.41 193.61 193.71 193.79 193.85 193.91 193.95 193.97 194.03 194.05 194.04 194.02 194.00 193.97 193.93 193.88 193.84 193.82 193.84 193.80 193.74 193.72 193.77 193.79 193.79 193.80 193.80 193.78 193.82 193.80 193.82 193.84 193.81 193.74 193.74 193.59 193.62 193.65 193.46 193.70 193.70 193.70 193.35 193.26 193.14 193.02 192.87 193.00 193.15 193.03 193.22 192.93 192.94 192.94 192.93 192.91 192.88 192.88 192.88 192.86 192.98 192.94 192.93 192.93 192.99 192.99 193.13 192.99 193.17 193.03 192.94 192.91 192.92 192.92 192.97 193.03 192.94 192.95 192.97
194.52 194.24 194.36 194.29 194.11 194.30 194.26 194.35 194.70 194.80 194.78 194.75 194.62 194.54 194.69 194.88 194.90 194.87 194.92 194.94 194.89 194.69 194.70 195.19 195.16 195.17 195.05 195.00 194.92 194.90 194.85 195.07 195.26 195.14 195.26 195.50 195.64 195.65 195.68 195.66 195.49 195.55 195.33 195.39 195.52 195.79 195.83 195.88 195.78 195.67 195.68 195.68 195.62 195.57 195.34 195.05 195.02 194.89 194.80 194.79 194.91 195.02 195.04 195.09 195.12 195.13 195.17 195.12 195.06 194.96 194.48 194.05 194.03 194.03 193.95 194.11 193.85 194.04 194.09 193.93 194.16 194.29 194.34 194.34 194.20 194.36 194.24 193.95 194.20 194.00 194.40 194.55 194.45 194.63 194.81 194.83 194.74 194.77 194.64 194.69 194.83 195.04 195.02 194.85 194.84 195.12 195.17 195.24 195.32 195.37 195.39 195.29 195.40 195.37 195.34 195.28 195.25 195.16 195.23 194.85 195.35 195.29 195.20 195.09 194.81 194.65 195.05 195.08 194.92 194.92 194.74 194.98 195.34 195.34 195.35 195.36 195.36 195.25 195.05 195.03 195.01 194.97 194.93 195.00 194.87 194.86 194.82 194.93 195.09 195.30 195.13 195.31 195.03 195.15 195.43 195.41 195.33 194.64 194.91 194.69 194.97 194.44 194.43 194.19 194.21 194.15 194.35 194.48 194.42 194.38 194.42 194.23 194.11 194.12 194.08 194.00 194.20 194.14 194.01 194.26
196.26 196.29 196.26 196.17 196.16 196.44 196.46 196.58 196.61 196.59 196.59 196.63 196.63 196.64 196.64 196.66 196.68 196.70 196.69 196.71 196.73 196.72 196.66 196.70 196.71 196.69 196.74 196.82 196.87 196.93 196.96 197.00 197.02 197.05 197.07 197.09 197.10 197.12 197.13 197.15 197.15 197.15 197.17 197.18 197.18 197.18 197.18 197.18 197.17 197.16 197.12 197.10 197.05 197.00 196.95 196.88 196.84 196.80 196.75 196.76 196.77 196.72 196.71 196.69 196.66 196.62 196.59 196.57 196.57 196.55 196.53 196.52 196.48 196.44 196.41 196.38 196.34 196.32 196.25 196.22 196.25 196.26 196.26 196.22 196.26 196.19 196.19 196.22 196.21 196.21 196.22 196.15 196.07 196.11 196.18 196.26 196.30 196.24 196.05 196.00 196.11 196.27 196.28 196.31 196.35 196.39 196.41 196.45 196.48 196.52 196.52 196.54 196.57 196.59 196.61 196.63 196.64 196.66 196.68 196.68 196.68 196.68 196.69 196.68 196.65 196.68 196.69 196.72 196.76 196.78 196.79 196.80 196.82 196.83 196.88 196.91 196.95 197.00 197.03 197.05 197.07 197.08 197.09 197.09 197.09 197.10 197.09 197.07 197.07 197.05 197.02 196.99 196.96 196.92 196.86 196.82 196.77 196.71 196.76 196.82 196.81 196.80 196.77 196.77 196.79 196.77 196.75 196.74 196.71 196.69 196.62 196.59 196.56 196.52 196.49 196.45 196.39 196.36 196.35 196.31
