Mars Surface Radiation Result (absorbed dose in thin silicon slab) (1E-6 Gy/day).
Column 1 is East longitude (°)
Line 1 is North latitude (°)

-179  -177  -175  -173  -171  -169  -167  -165  -163  -161  -159  -157  -155  -153  -151  -149  -147  -145  -143  -141  -139  -137  -135  -133  -131  -129  -127  -125  -123  -121  -119  -117  -115  -113  -111  -109  -107  -105  -103  -101  -99  -97  -95  -93  -91  -89  -87  -85  -83  -81  -79  -77  -75  -73  -71  -69  -67  -65  -63  -61  -59  -57  -55  -53  -51  -49  -47  -45  -43  -41  -39  -37  -35  -33  -31  -29  -27  -25  -23  -21  -19  -17  -15  -13  -11  -9  -7  -5  -3  -1  1  3  5  7  9  11  13  15  17  19  21  23  25  27  29  31  33  35  37  39  41  43  45  47  49  51  53  55  57  59  61  63  65  67  69  71  73  75  77  79  81  83  85  87  89  91  93  95  97  99  101  103  105  107  109  111  113  115  117  119  121  123  125  127  129  131  133  135  137  139  141  143  145  147  149  151  153  155  157  159  161  163  165  167  169  171  173  175  177  179  
--------------------------------------------------------------------------------------------------
-89°N ||     94.11 94.17 94.24 94.26 94.25 94.24 94.24 94.25 94.28 94.32 94.46 94.52 94.50 94.55 94.73 94.82 94.87 94.94 94.96 94.87 94.80 94.92 94.93 94.89 94.83 94.80 94.74 94.75 94.82 94.79 94.87 94.95 94.91 94.85 94.93 94.88 94.82 94.78 94.69 94.61 94.56 94.49 94.43 94.42 94.40 94.41 94.40 94.42 94.42 94.40 94.38 94.38 94.36 94.35 94.36 94.36 94.29 94.27 94.26 94.27 94.26 94.25 94.27 94.24 94.26 94.29 94.30 94.18 94.13 94.15 94.10 94.11 94.11 94.11 94.07 94.05 94.04 94.04 94.02 94.03 94.02 94.04 94.05 94.04 94.06 94.06 94.06 94.05 94.05 94.06 94.07 94.09 94.09 94.09 94.09 94.10 94.09 94.10 94.09 94.07 94.05 94.05 94.05 94.04 94.06 94.06 94.07 94.07 94.08 94.07 94.08 94.06 94.03 94.06 94.11 94.14 94.12 94.12 94.13 94.15 94.17 94.18 94.19 94.22 94.25 94.28 94.28 94.30 94.33 94.34 94.35 94.36 94.37 94.39 94.39 94.42 94.42 94.42 94.42 94.43 94.38 94.39 94.36 94.33 94.35 94.35 94.33 94.30 94.26 94.23 94.23 94.21 94.21 94.18 94.15 94.14 94.13 94.11 94.10 94.11 94.10 94.08 94.07 94.04 94.02 94.01 94.02 94.03 94.04 94.06 94.09 94.11 94.12 94.13 94.13 94.13 94.12 94.11 94.11 94.11
-87°N ||     95.57 95.67 95.70 95.81 95.78 95.84 95.77 95.76 95.73 95.66 95.66 95.65 95.58 95.51 95.48 95.47 95.49 95.50 95.49 95.45 95.45 95.48 95.57 95.59 95.57 95.52 95.51 95.42 95.48 95.34 95.54 95.56 95.43 95.42 95.42 95.45 95.46 95.45 95.43 95.38 95.32 95.37 95.35 95.34 95.32 95.31 95.32 95.27 95.25 95.21 95.09 95.23 95.07 94.84 94.88 94.84 94.74 94.64 94.59 94.57 94.75 94.32 94.43 94.21 94.15 94.14 94.08 94.04 94.01 94.01 94.00 94.01 94.07 94.06 93.79 93.75 93.68 93.59 93.57 93.76 93.46 93.29 93.29 93.20 93.18 93.19 93.22 93.25 93.28 93.30 93.33 93.31 93.29 93.25 93.24 93.68 93.58 93.75 93.55 93.72 93.70 93.72 93.83 93.84 93.88 93.97 94.02 94.17 94.25 94.29 94.13 94.11 94.15 94.18 94.20 94.20 94.24 94.28 94.35 94.36 94.43 94.48 94.49 94.53 94.59 94.57 94.58 94.64 94.70 94.68 94.74 94.74 94.76 94.81 94.92 95.02 95.08 95.20 95.15 95.01 94.89 94.86 94.84 94.83 94.80 94.82 94.75 94.51 94.46 94.45 94.46 94.47 94.51 94.51 94.50 94.49 94.54 94.63 94.70 94.69 94.74 94.79 94.85 94.86 94.95 95.01 95.11 95.17 95.31 95.36 95.52 95.52 95.54 95.53 95.55 95.41 95.17 95.25 95.55 95.71
-85°N ||     95.03 95.07 95.12 95.14 95.14 95.13 95.14 95.17 95.16 95.15 95.15 95.15 95.18 95.25 95.21 95.16 95.17 95.26 95.25 95.25 95.24 95.25 95.27 95.27 95.25 95.24 95.27 95.35 95.39 95.50 95.75 95.77 95.75 95.75 95.78 95.70 95.86 95.82 95.75 95.67 95.83 96.04 96.01 96.04 95.91 95.89 95.81 95.74 95.67 95.59 95.62 95.52 95.52 95.51 95.72 95.79 95.56 95.44 95.47 95.71 95.61 94.87 94.79 94.84 94.94 95.00 94.85 94.94 94.92 94.58 94.76 94.72 94.46 94.39 94.46 94.21 94.51 94.75 95.03 94.74 94.60 94.55 94.62 94.63 94.72 94.60 94.54 94.43 94.43 94.54 94.43 94.43 94.51 94.46 94.45 94.48 94.52 94.54 94.53 94.57 94.52 94.66 94.95 95.21 95.14 95.10 95.07 95.08 95.04 95.09 95.17 95.22 95.26 95.30 95.10 95.13 95.20 95.22 95.18 95.13 95.12 95.14 95.17 95.24 95.32 95.38 95.38 95.32 95.32 95.27 95.23 95.19 95.15 95.16 95.17 95.23 95.63 96.30 96.48 96.36 96.05 95.88 95.81 95.87 95.57 95.41 95.32 95.22 95.26 95.32 95.23 95.25 95.30 95.41 95.52 95.55 95.55 95.55 95.50 95.49 95.47 95.35 95.25 95.18 95.14 95.21 95.27 95.35 95.46 95.58 95.40 95.44 95.43 95.40 95.33 95.25 95.17 95.14 95.05 95.01
-83°N ||     95.13 95.15 95.18 95.19 95.20 95.20 95.21 95.22 95.23 95.24 95.26 95.28 95.31 95.32 95.31 95.32 95.34 95.37 95.40 95.42 95.43 95.46 95.48 95.51 95.54 95.59 95.62 95.67 95.75 95.84 95.77 95.65 95.61 95.55 95.62 95.73 95.74 95.73 95.76 95.79 95.59 95.62 95.66 95.68 95.70 95.73 95.71 96.05 96.12 96.17 96.11 96.11 96.07 96.08 96.11 96.09 96.05 96.23 96.25 96.20 95.89 96.14 96.08 95.99 96.19 95.97 95.98 95.97 96.23 96.04 96.24 96.40 96.51 96.53 96.46 96.38 96.38 96.37 96.38 96.45 96.45 96.44 96.35 96.37 96.38 96.34 96.31 96.30 96.34 96.34 96.19 96.18 96.24 96.40 96.20 96.16 96.10 96.07 96.07 95.96 96.08 95.70 95.82 95.60 95.90 96.07 96.10 95.92 95.84 95.88 95.93 96.02 96.15 96.18 96.21 96.16 95.92 95.94 95.92 95.93 95.89 95.85 95.64 95.58 95.63 95.67 95.67 95.57 95.56 95.66 95.61 95.62 95.73 95.72 95.84 96.17 96.55 96.51 96.51 96.50 96.51 95.92 95.87 95.92 95.91 96.00 95.98 95.93 95.92 95.92 95.88 95.80 95.73 95.70 95.65 95.52 95.45 95.46 95.65 95.87 96.18 96.36 96.09 95.77 95.30 95.30 95.05 94.99 94.97 94.88 94.89 95.05 95.48 95.54 95.36 95.19 95.11 95.07 95.09 95.11
-81°N ||     95.34 95.39 95.39 95.49 95.30 95.36 95.39 95.43 95.47 95.52 95.56 95.61 95.73 95.75 95.60 95.57 95.58 95.60 95.67 95.73 95.77 95.80 95.82 95.84 95.87 95.91 95.95 95.97 95.98 96.00 96.02 96.12 96.09 96.10 96.16 96.14 96.01 96.05 96.02 96.04 96.16 96.08 95.88 95.93 95.80 95.72 95.77 95.89 95.92 95.83 95.95 95.87 96.03 96.51 96.26 96.40 96.59 96.38 96.58 96.51 96.32 96.41 96.46 96.44 96.42 96.37 96.39 96.41 96.37 96.33 96.40 96.32 96.23 96.25 96.28 96.28 96.24 96.23 96.24 96.28 96.49 96.24 96.14 96.11 96.10 96.12 96.11 96.13 96.12 96.11 96.11 96.13 96.07 95.96 95.83 95.60 95.03 94.35 95.13 95.21 95.63 95.89 95.84 95.91 96.10 96.22 96.29 96.41 96.39 96.33 96.21 96.38 96.42 96.47 96.46 96.49 96.50 96.53 96.53 96.53 96.52 96.53 96.50 96.47 96.46 96.47 96.30 96.32 96.36 96.39 96.41 96.50 96.53 96.56 96.57 96.55 96.53 96.20 95.67 95.50 95.48 95.47 95.48 95.63 95.71 95.74 95.71 95.83 95.90 95.96 96.04 96.08 96.14 96.02 96.09 96.20 96.27 96.06 95.98 95.99 96.24 96.12 96.03 96.04 96.11 96.04 96.32 95.94 95.43 95.12 95.06 95.17 95.34 95.56 95.77 95.32 95.40 95.40 95.24 95.28
-79°N ||     95.53 95.56 95.57 95.64 95.63 95.60 95.60 95.63 95.65 95.79 95.69 95.76 95.80 95.82 95.87 95.91 95.79 95.86 95.74 95.96 95.93 95.95 95.94 96.20 96.43 95.86 96.12 96.36 96.27 96.32 96.29 96.29 96.28 96.29 96.31 96.33 96.33 96.32 96.26 96.25 96.26 96.11 96.45 96.52 96.00 96.15 96.15 96.07 96.03 96.13 96.23 96.17 96.50 96.41 96.42 96.55 96.67 96.06 96.41 96.06 96.52 96.41 96.06 96.34 96.32 96.47 96.47 96.45 96.44 96.42 96.41 96.43 96.42 96.43 96.41 96.39 96.41 96.43 96.43 96.33 96.39 96.47 96.32 96.30 96.32 96.44 96.25 96.37 96.27 96.29 96.33 96.28 96.28 96.12 95.53 95.55 95.20 95.60 95.99 96.16 96.10 96.26 96.28 96.30 96.33 96.42 96.33 96.41 96.28 96.41 96.18 96.33 96.24 96.24 96.03 95.95 96.36 96.43 96.55 96.56 96.58 96.57 96.58 96.57 96.58 96.57 96.55 96.57 96.57 96.58 96.55 96.55 96.58 96.57 96.57 96.56 96.59 96.59 96.56 96.56 96.56 96.58 96.43 96.24 96.37 96.07 95.79 95.81 95.83 95.75 95.78 95.85 96.08 96.61 96.56 96.12 95.98 96.31 95.61 95.65 96.06 95.69 95.47 95.35 95.28 95.36 95.28 95.60 95.45 95.41 95.40 95.44 95.54 95.33 95.26 95.35 95.42 95.49 95.48 95.49
-77°N ||     96.00 95.81 95.77 95.75 95.69 95.87 95.85 96.07 96.04 96.06 96.02 96.02 96.22 96.12 96.10 96.11 96.14 96.11 96.22 96.17 96.16 96.18 96.15 96.20 96.18 96.25 96.35 96.38 96.29 96.35 96.33 96.35 96.36 96.36 96.36 96.37 96.35 96.36 96.35 96.35 96.35 96.37 96.33 96.26 96.24 96.12 95.77 96.20 95.72 95.91 96.37 96.31 96.17 95.76 95.86 96.04 96.18 96.16 96.24 96.20 96.37 96.47 96.39 96.44 96.51 96.51 96.49 96.51 96.51 96.50 96.50 96.51 96.49 96.50 96.49 96.49 96.46 96.41 96.30 96.34 96.31 96.23 96.19 96.10 96.26 96.37 96.30 96.32 96.20 96.28 96.30 96.29 96.10 96.02 95.94 95.82 95.41 95.09 95.98 96.54 96.68 96.73 96.72 96.23 96.36 96.27 96.29 96.39 96.25 96.42 96.28 96.25 96.25 96.45 96.61 96.53 96.26 96.18 95.90 95.73 95.64 95.33 95.21 95.65 96.00 96.32 96.48 96.46 96.41 96.30 95.98 96.25 96.32 96.03 96.35 96.44 96.58 96.54 96.43 96.37 96.22 96.20 95.99 96.26 96.60 96.59 96.54 96.50 96.13 96.15 96.19 95.70 96.12 96.31 96.30 95.83 95.63 95.70 95.56 95.61 95.66 95.53 95.51 95.68 95.58 95.54 95.64 95.73 95.77 95.74 95.66 95.72 95.85 95.62 95.63 95.67 95.80 95.90 95.95 95.83
-75°N ||     96.08 96.13 95.99 96.07 95.96 95.98 96.04 96.36 96.17 96.09 96.53 96.61 96.13 96.26 96.29 96.35 96.24 96.30 96.31 96.22 96.22 96.32 96.33 96.40 96.33 96.37 96.39 96.40 96.39 96.37 96.37 96.36 96.39 96.39 96.16 96.36 96.36 96.34 96.33 96.33 96.30 96.28 96.29 96.29 96.31 96.34 96.30 96.27 96.18 96.14 96.21 95.94 95.80 96.00 96.28 96.33 96.30 96.46 96.52 96.52 96.54 96.53 96.52 96.50 96.48 96.48 96.46 96.34 96.43 96.38 96.36 96.31 96.32 96.25 96.24 96.26 96.18 96.26 96.19 96.22 96.28 96.30 96.35 96.27 96.45 96.34 96.34 96.41 96.33 96.34 96.31 96.16 96.08 96.27 96.34 96.33 96.32 96.31 96.35 96.28 96.20 96.26 96.27 96.22 96.35 96.37 96.37 96.28 96.28 96.24 96.20 96.13 95.87 95.97 96.14 95.75 95.99 95.88 95.72 95.82 95.62 95.54 96.01 96.24 96.19 96.03 96.61 95.92 96.00 96.00 96.06 96.29 96.23 96.17 96.13 96.03 96.23 95.67 95.46 95.18 95.08 95.46 96.61 96.56 96.61 96.07 96.41 96.07 96.48 96.60 96.54 96.50 96.47 96.47 96.53 96.05 95.41 95.40 95.38 95.39 95.36 95.48 95.90 95.82 95.91 95.53 95.57 95.68 95.72 95.70 95.73 95.71 95.71 95.85 95.85 95.90 95.99 95.96 95.99 96.02
-73°N ||     96.56 96.03 96.35 96.34 96.30 96.14 96.47 96.35 96.36 96.34 96.08 95.85 96.32 96.11 96.30 96.39 96.36 96.34 96.31 96.24 96.15 95.93 96.47 95.80 95.97 96.41 96.30 96.29 96.30 96.33 96.34 96.34 96.38 96.22 96.18 96.00 96.12 96.31 96.26 96.29 96.30 96.31 96.27 96.30 96.32 96.32 96.33 96.21 96.47 96.79 96.80 96.84 96.82 96.20 96.47 96.47 96.54 96.55 96.55 96.56 96.56 96.56 96.54 96.50 96.51 96.32 96.39 96.48 96.49 96.50 96.50 96.40 96.30 96.38 96.34 96.29 96.24 96.31 96.44 96.27 96.28 96.28 96.29 96.45 96.37 96.48 96.53 96.51 96.46 96.48 96.35 96.34 96.15 96.35 96.34 96.38 96.46 96.46 96.45 96.44 96.46 96.46 96.51 96.47 96.42 96.38 96.46 96.24 96.22 96.13 95.82 95.59 95.78 96.11 96.34 96.17 96.27 96.19 96.23 96.00 96.08 95.82 95.66 95.64 95.90 95.90 96.07 96.05 96.18 96.16 96.15 96.21 96.24 96.30 96.36 96.38 96.38 96.44 96.32 96.15 96.32 95.45 95.51 95.93 96.01 96.04 96.10 96.21 96.45 96.39 96.30 95.75 96.20 96.45 96.58 96.65 96.42 95.90 95.33 95.63 95.45 95.67 95.98 95.97 95.57 95.75 96.01 96.10 96.00 96.19 96.53 96.43 96.24 96.16 96.16 96.14 96.23 96.13 96.15 96.51
-71°N ||     96.47 96.48 96.52 96.53 96.56 96.62 96.66 96.63 96.64 96.65 96.65 96.37 96.05 95.90 95.51 95.52 95.96 96.02 96.51 96.12 96.14 96.07 95.96 96.02 96.77 96.29 96.32 96.32 96.26 96.15 96.20 96.15 96.14 96.24 96.19 96.17 96.13 96.29 96.22 96.24 96.31 96.22 96.29 96.25 96.28 96.31 96.17 96.08 96.13 96.50 96.76 96.70 96.80 96.04 96.48 96.53 96.54 96.56 96.53 96.54 96.57 96.44 96.39 96.45 96.49 96.51 96.52 96.45 96.46 95.97 96.18 96.31 96.24 96.35 96.20 96.32 96.28 96.06 95.96 95.90 95.81 96.34 96.33 96.30 96.39 96.40 96.46 96.37 96.47 96.41 96.60 96.57 96.41 96.45 96.46 96.39 96.36 96.02 96.34 96.46 96.51 96.41 96.43 96.43 96.41 96.43 96.28 95.77 96.02 96.18 96.17 96.21 96.21 96.30 96.30 96.24 96.36 96.26 96.32 96.35 96.30 96.39 96.40 96.30 96.33 96.21 95.83 95.94 96.53 96.54 96.10 96.23 96.15 95.42 96.02 96.14 96.20 95.90 95.77 95.96 96.06 95.80 96.23 96.35 96.46 96.47 96.46 96.34 96.34 96.41 96.53 96.49 96.57 96.48 96.75 96.80 96.78 96.67 96.52 96.43 96.54 96.48 96.38 96.53 96.60 96.57 96.56 96.50 96.44 96.60 96.44 96.56 96.52 96.54 96.31 96.30 96.33 96.37 96.20 96.42
-69°N ||     96.15 96.19 96.35 96.46 96.26 96.79 96.73 96.62 96.68 96.66 96.65 96.57 96.32 96.38 96.17 96.20 95.61 95.72 95.91 96.20 96.37 96.27 96.09 95.98 96.00 96.30 96.21 96.28 96.10 96.34 95.91 95.96 95.90 96.06 96.07 96.12 96.25 96.26 96.32 96.33 96.36 96.33 96.32 96.35 96.36 96.56 96.28 96.42 96.43 96.42 96.43 96.48 96.48 96.53 96.53 96.50 96.51 96.51 96.42 96.42 96.33 96.51 96.49 96.56 96.51 96.40 96.09 96.07 96.08 96.09 96.10 96.18 96.20 96.31 96.37 96.50 96.43 96.21 95.91 96.09 96.18 96.38 96.33 96.16 96.16 96.04 96.08 96.05 96.20 96.33 96.34 96.40 95.85 96.42 96.46 96.43 96.50 96.50 96.49 96.50 96.48 96.47 96.51 96.47 96.37 96.20 95.81 96.42 96.51 96.45 96.35 96.26 96.30 96.24 96.31 96.05 96.00 96.28 96.46 96.53 96.59 96.53 96.54 96.57 96.56 96.52 96.35 96.14 95.97 96.02 96.26 96.25 96.25 96.21 96.60 96.07 95.46 95.69 95.73 95.85 95.96 95.95 95.73 95.80 96.08 96.30 96.36 96.24 96.45 96.49 96.49 96.52 96.31 95.29 96.47 96.73 96.68 95.64 96.73 96.70 96.67 96.60 96.57 96.54 96.43 96.31 96.18 96.20 95.82 95.65 96.20 96.46 96.45 96.37 96.29 96.20 96.14 96.09 96.22 96.23
-67°N ||     96.69 96.08 95.96 96.33 96.34 96.38 96.39 96.61 96.62 96.66 96.66 96.66 96.60 96.54 96.39 96.25 96.10 95.84 95.80 95.63 95.63 95.43 95.66 95.67 95.88 95.85 95.79 95.75 95.99 95.62 95.64 95.63 95.91 96.64 95.92 96.04 96.05 96.36 96.24 96.27 96.32 96.32 96.30 96.31 96.32 96.35 96.33 96.38 96.39 96.36 96.38 96.42 96.44 96.44 96.40 96.47 96.52 96.47 96.50 96.46 96.20 96.38 96.48 96.48 96.38 96.27 96.90 96.88 96.74 96.02 96.16 96.23 96.26 96.35 96.42 96.26 96.12 95.83 95.86 95.66 95.88 95.93 96.13 96.14 96.29 96.24 96.29 96.30 96.30 96.30 96.32 96.40 96.37 96.43 96.41 96.46 96.41 96.40 96.40 96.33 96.33 96.01 95.90 95.92 95.71 96.03 96.58 96.73 96.70 96.55 96.52 96.35 96.38 96.22 96.29 96.24 96.40 96.44 96.55 96.56 96.54 96.53 96.55 96.54 96.50 96.58 96.57 96.61 96.61 96.45 96.14 95.84 96.14 96.23 95.85 95.77 95.70 95.47 95.78 95.37 95.53 95.75 95.76 96.20 96.10 96.07 95.83 96.01 96.23 96.37 96.49 96.53 96.44 96.51 96.55 96.57 96.58 96.54 96.44 96.50 96.48 96.51 96.43 96.34 96.44 96.41 96.41 96.40 96.37 96.17 96.45 96.35 96.32 96.23 95.98 96.23 95.87 95.86 95.93 96.20
-65°N ||     96.11 95.91 95.75 95.99 96.01 96.41 96.44 96.60 96.58 96.61 96.59 96.63 96.63 96.63 96.59 96.51 96.46 96.43 96.38 96.23 95.97 95.89 95.91 95.79 95.98 95.94 95.76 96.11 96.07 95.80 95.69 95.86 95.74 95.88 95.98 96.05 96.06 96.09 96.11 96.23 96.25 96.30 96.31 96.32 96.36 96.37 96.36 96.36 96.37 96.37 96.32 96.28 96.24 96.29 96.36 96.41 96.41 96.41 96.36 95.91 96.37 96.48 96.54 96.61 96.35 96.48 96.44 96.41 96.19 96.15 96.28 96.26 96.29 96.35 96.45 96.40 96.19 96.12 95.91 95.72 95.75 95.95 96.36 96.14 96.23 96.25 96.25 96.22 96.10 96.28 96.29 96.31 96.29 96.37 96.27 96.38 96.48 96.42 96.31 96.34 96.24 96.26 96.21 96.16 95.96 96.12 96.03 96.14 96.17 96.13 96.13 96.07 96.13 96.37 96.50 96.66 96.64 96.58 96.52 96.47 96.47 96.54 96.59 96.57 96.61 96.59 96.57 96.59 96.58 96.62 96.25 96.23 96.20 96.15 96.69 95.90 95.86 95.92 96.13 95.58 95.56 95.57 95.83 95.85 95.88 95.66 95.58 96.19 96.04 95.94 96.33 96.30 96.25 96.46 96.45 95.75 96.07 96.16 96.41 96.27 95.97 96.05 96.39 96.22 96.31 96.43 96.37 96.40 96.38 96.36 96.20 96.17 96.07 95.74 96.23 96.33 96.12 96.03 95.84 95.79
-63°N ||     96.05 96.03 96.20 95.90 95.76 96.00 96.28 96.33 96.45 96.42 96.53 96.47 96.59 96.54 96.54 96.48 96.50 96.51 96.47 96.23 95.96 95.93 95.78 95.83 95.78 95.86 95.87 95.77 95.74 95.79 95.76 95.84 95.97 95.99 95.97 95.85 95.76 95.94 96.15 96.02 96.24 96.10 96.00 96.20 96.23 96.21 96.12 96.27 96.24 96.22 96.12 96.14 96.24 96.43 96.30 95.99 96.20 96.47 96.41 96.43 96.40 96.39 96.45 96.53 96.67 96.57 96.27 96.59 96.20 96.44 96.33 96.24 96.26 96.21 96.26 96.48 96.54 96.49 96.47 96.30 96.22 96.04 96.10 96.10 96.12 96.15 96.22 96.22 96.23 96.22 96.21 96.23 96.28 96.25 96.28 96.19 96.26 96.29 96.21 96.33 96.34 96.21 96.25 96.34 96.28 96.16 96.08 95.96 95.99 95.87 96.12 96.19 96.35 96.57 96.71 96.72 96.73 96.66 96.59 96.56 96.54 96.52 96.54 96.55 96.63 96.65 96.61 96.59 96.60 96.61 96.53 96.29 96.24 96.35 96.17 95.94 95.79 95.88 95.80 95.35 96.27 95.68 95.98 95.93 95.92 95.76 95.68 95.58 95.43 95.69 95.94 96.14 96.06 96.09 96.24 96.39 96.49 96.50 96.37 96.31 96.08 96.11 96.21 96.19 96.11 95.65 95.62 95.83 96.09 96.23 96.29 96.32 96.23 96.35 96.33 95.89 96.12 96.17 96.14 96.22
-61°N ||     96.38 95.87 95.67 96.00 96.17 96.28 96.27 95.93 95.99 96.10 95.86 95.99 96.27 95.96 96.72 96.01 96.21 96.18 96.42 96.27 96.22 96.19 96.19 95.85 95.74 95.63 96.17 96.03 95.73 95.81 96.06 96.23 96.25 96.19 96.17 96.02 95.83 95.94 95.90 95.89 96.12 95.76 96.01 96.17 96.04 95.49 96.30 96.38 96.40 96.37 96.35 96.42 96.41 96.24 96.03 96.49 96.50 96.40 96.50 96.49 96.46 96.38 96.43 96.47 96.58 96.70 96.61 96.35 96.64 96.65 96.57 96.45 96.03 96.39 96.49 96.26 96.25 96.30 96.24 96.10 95.64 95.66 96.05 96.19 96.09 96.05 96.00 96.14 96.22 96.21 96.24 96.20 96.22 96.30 96.26 96.29 96.27 96.19 96.25 96.30 96.33 96.27 96.24 96.24 95.98 96.26 96.22 96.24 96.25 96.31 96.37 96.40 96.45 96.52 96.62 96.63 96.47 96.44 96.46 96.36 96.79 96.62 96.39 96.49 96.56 96.59 96.66 96.68 96.57 96.65 96.76 96.68 95.69 96.60 96.54 96.44 95.89 95.98 95.97 96.16 95.76 95.70 95.64 95.70 95.74 95.69 95.69 95.56 95.69 95.68 95.85 95.85 95.88 95.93 95.95 96.43 96.64 96.62 96.61 96.55 96.47 96.35 96.25 96.13 96.08 95.88 95.66 95.79 95.86 95.29 95.74 96.13 96.20 96.07 95.52 95.72 95.86 96.30 96.32 96.30
-59°N ||     96.42 96.17 96.05 96.20 96.23 96.14 95.43 95.84 95.95 95.81 96.09 95.83 95.96 95.46 96.04 96.24 96.12 96.19 96.03 96.17 96.24 96.25 96.09 96.01 95.54 95.78 95.89 95.93 96.14 95.80 95.92 96.28 96.32 96.16 96.29 96.18 95.90 95.61 95.52 95.61 95.79 96.13 96.29 96.29 96.26 96.09 96.35 96.42 96.50 96.49 96.49 96.49 96.51 96.52 96.39 96.30 96.36 96.28 96.43 96.49 96.35 96.21 96.52 96.49 96.16 96.68 96.16 96.51 96.63 95.95 96.12 96.47 96.73 96.36 96.59 96.30 96.31 96.17 96.06 96.07 95.77 95.84 96.02 95.91 95.95 96.16 96.09 96.07 96.27 95.66 96.13 96.24 96.28 96.23 96.42 96.15 96.12 96.13 96.56 96.10 96.06 96.27 96.20 96.22 96.26 96.29 96.28 96.26 96.25 96.40 96.45 96.53 96.56 96.56 96.50 96.36 96.38 96.42 96.27 96.05 96.07 96.10 96.41 96.57 96.70 96.74 96.76 96.73 96.76 96.81 96.74 96.73 96.63 96.57 96.58 96.47 96.22 95.65 95.32 95.50 96.50 96.42 95.32 95.34 96.08 95.53 95.60 95.22 95.61 95.84 95.58 95.63 95.92 96.24 96.37 96.46 96.53 96.50 96.54 96.53 96.52 96.48 96.41 96.33 96.12 95.94 95.75 95.71 95.82 95.70 96.22 95.32 95.78 95.91 95.75 96.11 96.23 96.15 96.28 96.36
-57°N ||     96.32 96.34 96.41 96.53 96.33 95.65 95.89 95.80 95.55 95.59 95.65 96.50 95.62 95.70 95.47 95.51 95.91 96.16 95.91 95.82 96.43 95.84 95.86 95.85 95.41 95.80 95.95 95.94 95.91 95.45 95.13 96.27 96.15 96.19 96.17 96.02 96.09 95.78 95.67 95.71 95.60 95.95 96.09 96.17 96.22 96.08 95.83 95.80 96.26 96.48 96.50 96.52 96.45 96.43 96.32 95.98 95.90 95.92 95.79 95.72 96.08 96.71 96.29 95.97 96.62 96.78 96.72 96.22 97.02 95.14 96.84 96.27 96.08 96.40 96.20 96.61 96.70 96.59 96.44 96.73 96.74 96.38 96.05 96.10 96.21 96.08 96.11 95.99 95.96 96.13 96.18 96.23 96.09 95.92 95.94 95.91 95.92 95.97 96.19 95.98 95.84 95.92 95.91 95.96 95.96 96.27 96.29 96.38 96.45 96.51 96.57 96.62 96.67 96.69 96.66 96.57 96.62 96.62 96.67 96.57 96.53 96.61 96.75 96.83 96.88 96.88 96.89 96.88 96.88 96.96 96.82 96.78 96.71 96.76 96.73 96.70 96.66 96.47 95.52 96.11 96.53 96.65 95.62 95.74 96.04 95.93 95.72 95.59 95.56 95.79 96.06 96.15 96.21 96.07 96.28 96.18 96.41 96.15 95.71 95.84 96.43 96.47 96.43 96.28 96.06 95.89 95.74 95.73 95.80 95.74 95.54 95.45 95.75 95.81 96.31 95.79 95.81 95.88 96.04 96.29
-55°N ||     96.35 96.36 96.42 96.45 96.15 96.12 96.07 95.84 95.73 96.02 95.99 95.93 95.84 95.91 95.71 95.84 96.13 96.08 96.06 96.02 95.70 95.26 95.26 96.41 95.23 95.80 96.00 96.00 95.99 95.82 95.69 96.19 96.17 96.09 96.17 95.98 95.83 95.66 95.42 95.36 95.43 95.37 95.35 95.49 95.96 95.78 95.68 95.91 96.22 96.35 96.47 96.48 96.49 96.25 96.01 95.49 95.72 95.45 95.65 96.57 95.97 96.78 96.84 96.63 96.09 97.18 97.12 97.21 97.12 97.12 97.12 96.90 95.83 96.20 96.69 96.36 96.30 96.63 96.57 96.53 96.29 96.15 96.22 96.21 96.16 96.09 96.09 95.96 96.02 95.86 96.02 96.12 96.25 96.08 96.13 96.33 96.65 96.15 96.13 96.18 96.17 96.13 95.81 95.90 95.83 95.98 96.36 96.41 96.51 96.59 96.65 96.70 96.76 96.81 96.81 96.85 96.88 96.91 96.92 97.03 97.20 97.29 97.32 97.40 97.53 97.30 97.18 97.15 97.51 97.02 96.91 96.87 96.83 96.75 96.81 96.78 96.16 96.54 96.47 96.30 96.20 96.10 96.16 96.17 95.48 95.77 95.85 95.83 96.04 96.20 96.38 96.38 96.63 96.51 96.13 96.24 96.34 95.62 95.73 96.47 96.33 96.21 96.11 96.12 95.90 95.80 95.90 96.02 96.16 96.03 96.01 95.64 96.07 95.86 95.74 95.80 95.95 96.17 96.20 96.32
-53°N ||     96.37 96.16 96.20 96.49 96.59 95.75 96.20 96.27 96.26 96.15 96.22 95.93 95.79 96.03 96.02 96.01 95.84 96.06 96.00 96.05 95.96 95.53 95.29 96.03 95.75 95.93 96.50 95.91 96.02 95.91 96.10 96.03 96.03 96.13 96.06 96.05 96.02 95.51 95.30 95.28 95.21 95.32 95.65 95.79 95.94 96.03 96.12 96.10 96.50 96.76 95.90 95.94 96.12 95.98 96.05 96.34 96.25 95.83 95.77 96.30 95.95 96.81 96.84 96.88 97.44 97.28 97.14 97.15 97.17 97.18 97.17 97.10 96.94 96.84 96.53 96.45 96.57 96.69 96.38 96.48 96.56 96.49 96.43 96.33 96.22 96.61 96.28 96.09 96.17 96.19 96.04 96.00 95.94 96.20 95.89 95.81 96.00 96.06 96.12 96.05 96.14 96.20 95.96 95.51 96.25 96.12 96.25 96.41 96.47 96.52 96.69 96.75 96.83 96.88 96.91 96.98 97.21 97.35 97.82 98.43 98.94 99.35 99.54 99.62 99.66 99.22 99.07 99.14 99.16 99.04 98.18 97.02 97.02 97.13 96.80 96.85 96.85 96.77 96.32 96.32 96.39 96.14 96.18 95.97 96.05 96.41 95.98 95.97 96.02 95.87 96.05 96.25 96.43 96.51 96.73 96.36 96.30 95.43 96.47 96.29 96.37 96.38 96.38 96.19 96.03 96.00 95.80 96.02 95.64 96.00 96.13 95.73 95.36 95.36 95.76 96.13 96.17 96.23 96.35 96.37
-51°N ||     96.31 96.22 96.02 96.07 96.39 96.30 96.23 95.76 96.35 96.08 95.87 96.03 95.94 96.09 95.99 95.93 95.99 95.54 95.89 95.94 95.80 95.56 95.23 95.10 94.86 95.75 95.52 95.79 95.98 95.98 95.90 96.03 95.84 95.74 95.90 95.70 95.74 95.64 95.45 94.90 94.89 94.77 95.06 95.80 95.92 96.04 96.11 95.88 96.53 96.71 95.81 95.81 95.50 95.31 95.95 96.53 96.62 96.60 96.13 95.76 95.69 95.85 96.85 97.09 97.28 97.12 97.24 97.17 97.16 97.16 97.17 97.24 96.94 96.96 97.02 97.20 96.57 96.59 96.43 96.45 96.52 96.48 96.28 96.18 96.05 96.33 95.93 96.01 96.15 96.14 96.12 96.16 96.22 96.27 96.11 95.88 95.97 96.03 96.08 95.85 96.18 96.03 95.85 96.12 96.06 96.15 96.34 96.48 96.58 96.60 96.78 96.83 96.85 96.95 97.05 97.38 97.86 98.51 99.18 99.96 100.23 100.63 100.78 100.97 100.97 101.00 100.83 100.84 100.72 100.52 100.83 100.26 97.88 97.79 97.23 96.90 96.68 96.11 95.51 96.53 96.36 96.00 96.49 95.90 95.58 95.75 95.98 96.31 96.16 96.20 96.40 96.41 96.34 96.27 95.91 96.27 96.29 96.37 96.32 96.34 96.30 96.02 96.10 96.32 96.29 96.17 95.85 96.27 96.04 96.24 96.02 95.77 96.04 95.67 95.75 95.95 96.03 96.18 96.22 96.30
-49°N ||     95.75 95.92 95.83 96.09 96.50 96.59 96.65 96.23 96.25 95.62 95.92 95.63 95.61 95.51 95.73 95.60 95.54 95.58 95.05 95.24 95.48 95.67 95.12 94.99 95.48 95.32 95.59 95.96 95.94 95.94 95.81 95.96 95.73 94.84 94.83 94.94 95.20 95.19 95.23 94.86 94.72 94.79 94.93 95.56 95.81 95.93 95.96 95.95 95.90 95.83 95.71 95.48 95.16 95.02 95.23 95.55 96.24 96.28 95.89 95.75 96.70 96.79 96.84 96.91 97.14 97.43 97.20 97.22 97.18 97.30 97.31 97.13 97.01 96.67 96.79 96.43 96.42 96.58 96.39 96.46 96.46 96.43 96.30 96.11 96.11 95.86 95.95 96.66 96.33 96.13 95.99 96.11 96.42 96.42 96.14 95.95 95.61 96.24 95.85 95.85 95.84 95.85 96.04 96.24 96.29 96.11 96.08 96.48 96.57 96.69 96.57 96.78 96.92 97.11 97.81 98.52 99.22 99.67 100.29 100.69 101.28 101.64 101.29 101.27 100.41 100.93 101.02 101.13 101.01 100.97 101.00 101.02 100.77 100.24 98.74 97.70 96.87 96.63 96.77 96.59 96.69 96.38 95.79 96.13 96.22 95.62 96.06 95.91 96.21 96.29 95.88 96.17 96.16 96.13 96.05 96.29 96.18 96.05 95.83 95.84 94.98 95.55 96.07 95.96 95.77 96.12 96.34 96.47 96.14 96.48 96.42 96.27 96.24 95.94 95.66 95.37 95.51 95.67 95.92 96.02
-47°N ||     95.58 95.93 95.77 95.74 96.17 96.49 96.10 95.77 96.11 95.84 95.63 95.71 94.97 95.95 95.12 95.30 94.67 94.86 95.44 95.28 95.64 95.19 95.45 95.68 95.65 95.92 95.51 95.76 95.89 95.86 95.87 95.86 95.90 95.32 95.17 95.27 95.49 95.53 95.52 95.30 94.98 94.89 95.17 95.26 95.16 95.63 95.64 95.70 95.55 95.58 95.34 95.22 94.96 94.97 94.92 95.19 95.45 95.42 95.82 96.12 95.48 96.56 96.36 96.81 96.81 97.26 97.42 97.39 97.33 97.40 97.35 97.19 97.08 96.69 96.80 96.79 96.44 96.41 96.30 95.99 96.38 96.25 96.19 96.17 95.97 96.00 95.85 96.01 96.21 96.14 96.20 96.21 96.49 96.19 96.05 95.59 95.82 95.73 95.93 96.29 95.83 95.60 95.78 96.00 96.49 96.50 96.29 96.46 96.65 96.62 96.55 96.69 96.88 97.01 99.16 100.41 100.83 101.52 101.88 101.26 100.85 101.10 101.44 101.35 100.98 100.70 100.50 100.87 101.05 100.95 100.97 100.78 100.80 100.71 100.15 99.07 97.96 96.98 96.83 96.77 96.73 96.68 96.39 96.13 96.46 96.44 96.10 96.32 96.28 96.27 96.28 95.90 95.77 96.03 95.76 95.95 95.98 95.58 95.31 95.82 96.29 96.36 95.76 95.70 96.03 96.36 96.28 96.38 96.48 96.43 96.39 96.35 95.83 95.83 95.64 96.00 95.79 95.68 95.94 95.85
-45°N ||     95.95 96.00 95.90 95.94 96.11 96.08 96.16 96.17 96.24 95.70 95.50 95.90 95.53 95.38 95.44 95.45 96.11 95.40 95.69 95.77 95.61 95.81 96.18 95.53 95.79 95.95 95.84 95.74 95.74 95.71 95.60 95.67 95.61 95.45 95.45 95.42 95.44 95.46 95.54 95.55 95.30 95.22 95.37 95.30 95.27 95.43 95.44 95.28 95.14 95.00 94.94 94.94 94.91 94.55 94.41 95.30 95.63 95.73 96.00 96.19 96.38 96.36 96.56 96.63 96.57 96.98 97.12 98.13 97.96 97.58 97.46 97.29 96.93 96.85 96.77 96.83 96.34 96.31 96.28 96.71 96.08 96.21 96.04 96.01 95.97 95.90 95.90 96.22 96.21 96.15 96.07 96.13 96.25 96.12 95.99 96.05 95.82 95.84 95.81 96.28 95.23 95.73 95.88 95.93 96.32 95.94 96.31 96.44 96.56 96.57 96.62 96.59 96.88 97.79 100.48 100.94 101.81 101.91 101.36 101.70 101.52 101.74 101.59 101.58 101.37 101.72 101.83 100.98 100.86 101.30 100.96 100.86 100.85 100.72 100.14 99.78 98.52 97.21 96.89 96.82 96.73 96.77 95.55 96.46 96.47 96.30 96.37 96.19 96.05 96.29 96.08 95.92 96.09 95.91 95.96 95.72 95.55 95.61 95.20 94.61 95.54 95.42 95.82 96.37 96.42 96.37 96.04 96.45 96.13 96.18 96.36 96.30 95.82 95.85 95.85 95.27 95.31 95.76 95.89 95.82
-43°N ||     96.30 95.77 96.37 96.11 96.29 96.07 96.14 96.12 95.95 95.78 95.50 95.54 95.40 95.24 95.50 95.53 95.81 95.87 95.78 95.76 95.37 95.55 95.70 95.71 95.49 95.75 95.82 95.82 95.30 95.53 95.41 95.62 95.64 95.25 95.36 95.35 95.37 95.45 95.59 95.66 95.19 95.01 94.16 94.22 94.91 95.25 95.13 94.94 94.97 94.76 94.67 94.69 94.62 94.71 94.76 95.36 95.45 95.55 95.67 95.95 95.95 96.02 96.30 95.99 96.75 96.69 96.89 96.93 96.99 97.02 96.96 96.95 96.75 96.85 96.80 96.41 96.35 96.45 96.37 96.44 96.30 96.84 96.01 96.15 96.05 96.05 95.96 96.23 96.21 96.05 95.99 96.09 96.14 96.08 96.06 95.90 96.02 95.89 96.10 95.78 95.74 95.84 95.74 95.44 95.50 95.75 96.24 96.59 96.38 96.48 96.55 96.59 96.95 98.94 100.80 101.61 101.58 101.33 101.54 101.86 101.66 101.65 101.41 101.72 101.66 101.03 101.19 101.12 101.38 101.12 100.94 100.90 100.70 100.36 99.34 99.21 98.57 97.49 96.89 96.88 96.82 96.83 96.73 96.69 96.58 96.48 96.35 96.23 96.23 96.57 96.37 96.28 96.23 95.98 95.94 95.71 95.49 95.48 95.53 95.55 95.37 95.45 95.96 96.45 96.54 96.51 96.41 96.35 96.12 96.25 96.24 96.33 95.39 95.97 96.01 96.44 95.77 95.94 96.15 96.11
-41°N ||     96.40 96.35 96.37 96.56 96.46 96.02 96.09 96.01 96.39 96.56 96.82 96.76 96.10 95.56 95.76 95.65 95.32 95.54 95.28 95.58 95.30 95.74 95.70 95.69 95.54 94.85 95.29 95.43 95.61 95.23 95.12 95.33 95.18 95.19 94.99 95.23 95.29 95.43 95.45 93.68 93.40 93.24 91.56 91.31 91.40 93.58 93.58 93.59 94.28 94.59 94.36 94.68 94.48 94.64 94.63 94.69 94.78 95.21 95.86 95.77 95.51 95.08 96.09 96.44 96.43 96.69 96.69 96.79 96.90 96.91 96.90 96.76 96.85 96.61 96.64 96.64 96.55 96.88 96.51 96.27 96.40 96.33 96.12 96.13 96.01 96.01 96.07 96.27 96.27 96.18 96.01 96.13 95.96 95.99 96.06 95.72 95.60 95.96 95.93 95.85 95.61 95.67 95.33 95.15 96.30 95.82 96.10 96.42 96.44 96.46 96.56 96.68 96.93 98.99 100.47 101.64 101.62 101.00 101.73 101.76 101.74 101.58 101.81 101.93 101.56 101.03 101.36 101.45 101.24 101.39 101.16 100.88 100.16 99.53 99.22 98.92 98.20 97.34 97.03 96.89 96.96 96.61 96.51 96.65 96.02 96.14 96.37 96.42 96.45 96.42 96.36 96.33 96.34 95.93 95.82 95.78 95.59 95.88 95.86 95.69 95.63 95.58 96.04 96.29 96.37 96.30 96.35 96.30 95.80 96.12 96.13 95.61 95.54 96.08 96.02 96.05 96.12 96.25 96.37 96.15
-39°N ||     96.31 96.40 96.22 95.97 96.50 95.91 96.25 96.16 95.64 95.94 96.66 96.65 95.80 95.55 96.00 95.79 95.99 95.63 95.82 95.89 96.00 95.45 96.02 96.02 95.81 95.81 95.63 95.41 95.52 95.42 95.31 93.66 94.64 94.99 94.99 95.13 95.25 95.21 94.59 94.47 93.95 92.79 92.48 92.58 92.94 93.07 92.98 93.23 92.68 93.70 94.35 94.38 94.42 94.52 94.67 94.71 94.91 95.19 95.26 95.66 95.67 95.79 95.45 95.62 96.13 95.71 96.48 96.87 96.83 96.81 96.83 96.82 96.68 96.62 96.68 96.63 96.59 96.49 96.41 96.42 96.39 96.38 96.29 96.19 96.17 96.01 96.24 96.38 96.19 96.14 96.29 96.31 96.26 95.96 96.07 95.85 95.86 95.83 95.81 96.07 95.63 95.76 95.51 95.62 95.56 95.53 96.05 96.33 96.47 96.49 96.48 96.74 96.95 97.99 100.27 101.74 101.95 101.83 101.42 101.68 101.94 101.81 101.91 101.95 101.67 101.36 101.70 101.46 101.59 101.23 100.98 100.43 99.70 99.31 98.74 98.39 98.12 97.74 97.01 96.79 96.75 96.44 96.48 96.40 96.40 96.51 96.51 96.47 96.00 96.38 96.41 96.46 96.31 96.20 95.95 96.12 95.94 95.73 96.13 96.02 95.80 95.69 95.70 95.86 96.11 96.19 96.45 96.35 96.15 96.13 96.24 96.12 96.34 96.28 96.30 96.12 96.21 96.35 96.43 96.50
-37°N ||     96.52 96.41 96.42 96.18 96.73 96.60 96.38 95.83 95.43 94.90 94.64 95.40 95.32 95.99 96.26 96.24 96.24 96.25 96.14 96.08 96.07 96.06 95.81 95.97 95.71 95.42 95.49 95.10 94.99 95.42 95.31 94.54 94.67 94.13 94.75 93.94 94.47 92.72 92.84 94.42 92.69 91.95 93.21 93.25 93.17 93.14 93.33 93.99 93.44 93.42 93.23 93.80 94.35 94.77 94.79 94.90 94.82 95.30 95.40 95.26 95.25 95.84 95.84 96.09 96.35 96.29 96.57 96.65 95.83 96.73 96.60 96.64 96.66 96.70 96.65 96.58 96.53 96.52 96.53 96.42 96.29 96.20 96.01 96.72 96.23 96.09 96.09 96.02 96.32 96.16 96.24 96.32 96.29 96.15 95.84 96.05 95.79 95.73 96.01 95.98 95.57 95.56 95.45 95.60 95.75 95.73 96.62 96.10 96.41 96.52 96.53 96.58 96.78 97.78 98.98 101.34 102.00 102.24 102.47 101.72 101.78 101.81 101.38 101.92 101.47 101.55 101.39 101.49 101.45 101.34 101.16 100.13 99.20 98.81 98.28 97.97 97.44 97.02 96.90 96.82 96.54 96.60 96.33 96.35 96.25 96.32 96.48 96.49 96.47 96.38 96.48 96.40 96.34 96.30 96.19 96.21 96.34 96.22 96.13 95.63 95.88 95.82 95.49 95.46 95.99 96.11 96.43 96.19 96.21 96.31 96.41 96.40 96.39 96.38 96.26 96.14 96.53 96.59 96.53 96.70
-35°N ||     96.52 96.74 96.43 95.98 96.37 95.96 95.83 96.00 95.51 94.91 94.77 95.45 95.98 96.10 96.21 96.16 96.25 95.18 96.10 96.07 96.03 95.87 95.85 95.73 95.32 95.52 95.36 95.24 94.78 94.90 94.62 94.49 94.57 94.31 94.42 94.56 93.94 92.61 92.71 92.67 92.15 93.16 93.83 93.74 93.46 93.71 93.55 93.64 93.89 93.94 93.77 93.00 93.73 94.67 94.97 95.14 95.14 95.15 95.17 95.26 95.41 95.56 95.54 96.29 96.26 95.87 96.05 96.30 96.24 96.64 96.59 96.63 96.56 96.41 96.48 96.56 96.57 96.56 96.64 96.52 96.33 96.15 96.27 96.17 96.22 96.00 95.92 96.02 96.11 96.15 96.17 96.28 96.22 95.93 95.95 95.93 96.09 96.22 95.79 95.69 95.72 95.28 95.40 95.69 95.85 95.82 95.87 96.14 96.45 96.40 96.38 96.46 96.63 96.74 97.37 98.97 101.71 102.03 102.33 102.39 101.75 101.73 102.24 102.25 101.42 101.52 101.48 101.36 101.45 101.28 100.49 98.69 97.99 97.96 97.68 97.32 97.45 97.01 96.99 96.96 96.63 96.51 96.00 96.33 96.18 96.26 96.35 96.39 96.46 96.50 96.42 96.30 95.87 95.87 95.94 96.14 95.94 95.78 96.02 96.16 95.99 95.74 96.02 96.18 96.07 96.07 95.96 96.14 96.12 95.81 96.43 96.49 96.33 96.30 96.40 96.44 96.69 96.62 96.44 96.08
-33°N ||     96.57 96.62 96.01 95.90 96.03 95.38 95.69 94.94 94.96 95.41 95.36 95.54 96.03 96.14 96.32 96.10 96.27 96.29 96.08 96.09 95.54 95.91 95.85 95.83 95.59 95.37 95.37 95.20 95.01 94.76 94.60 93.85 94.19 93.99 93.67 93.84 93.22 92.28 92.14 91.48 91.74 93.19 94.01 93.65 94.32 93.75 94.56 94.63 94.42 94.46 93.93 93.07 92.31 93.86 94.66 95.13 95.11 95.17 95.20 95.19 95.50 95.83 95.70 96.27 96.32 96.36 96.35 96.34 96.30 96.20 96.33 96.56 96.53 96.42 96.59 96.44 96.64 96.54 96.53 96.58 96.47 96.36 96.46 96.30 96.26 96.17 96.13 96.04 96.04 96.08 96.11 95.88 96.03 96.15 95.98 96.07 95.91 96.09 95.88 95.48 95.62 95.49 95.29 95.47 95.69 95.78 95.79 95.74 96.20 96.38 96.29 96.26 96.12 96.32 96.65 97.19 99.84 101.20 101.81 102.16 102.13 102.39 101.53 101.36 101.57 101.56 101.32 101.30 100.43 99.44 98.89 97.76 97.13 97.08 97.05 97.04 97.27 97.11 96.93 96.90 96.79 96.53 96.33 96.27 96.17 96.13 96.23 96.20 96.27 96.35 96.33 96.17 96.08 95.93 95.52 95.43 95.52 95.48 95.97 95.67 95.92 96.11 95.77 95.97 95.88 95.83 96.10 96.21 96.34 96.10 96.22 96.48 96.07 96.38 96.39 96.48 96.55 96.45 96.28 96.26
-31°N ||     96.56 96.17 96.09 96.03 95.55 95.60 95.17 95.51 95.60 95.47 95.60 95.62 95.91 96.10 96.28 96.28 96.29 95.97 95.90 96.11 95.83 95.88 95.82 95.76 95.60 95.55 95.37 95.20 94.92 94.63 94.36 94.20 94.13 93.58 93.42 93.92 93.12 92.09 92.23 91.45 92.42 93.22 93.59 94.14 94.36 94.57 94.59 94.79 94.80 94.91 94.11 93.08 93.46 93.56 93.71 93.67 94.85 95.30 95.30 95.56 95.85 96.11 96.26 96.30 96.39 96.37 96.41 96.48 96.44 96.42 96.47 96.78 96.44 96.32 96.40 96.42 96.47 96.53 96.61 96.61 96.62 96.58 96.48 96.50 96.41 96.21 96.03 95.92 96.05 96.07 96.06 96.10 95.91 96.06 96.10 96.03 96.07 95.99 95.96 95.65 95.62 95.98 95.76 95.62 95.83 95.96 96.02 95.81 96.21 96.35 96.47 96.25 96.46 96.41 96.73 96.73 97.16 97.60 98.09 100.76 101.46 101.95 101.16 101.42 101.26 101.37 101.00 100.48 98.18 97.15 97.83 97.48 97.00 96.99 96.96 96.87 96.86 96.93 96.91 96.84 96.81 96.35 96.38 96.22 96.26 96.02 96.11 96.09 96.10 96.16 96.23 96.10 95.96 95.96 95.70 95.63 96.07 95.46 95.31 95.14 96.01 96.22 96.41 96.07 96.19 96.29 96.37 96.33 96.36 96.28 96.22 96.36 96.18 96.35 96.34 96.22 96.35 96.43 96.41 96.38
-29°N ||     96.57 96.19 95.22 96.05 95.57 95.41 95.80 95.44 95.70 95.55 95.53 95.69 96.10 96.23 96.30 96.27 96.26 95.50 96.18 96.17 96.02 95.85 95.84 95.74 95.67 95.53 95.39 95.13 94.84 94.58 94.32 94.01 93.80 93.74 93.70 92.95 92.98 92.50 91.13 90.21 92.32 93.36 93.77 94.06 94.38 94.64 94.81 94.94 95.04 95.05 95.04 94.93 94.33 94.35 94.26 93.60 93.86 94.32 95.29 95.52 95.91 96.31 96.38 96.36 96.48 96.40 96.32 96.39 96.51 96.50 96.56 96.68 96.58 96.41 96.53 96.65 96.56 96.55 96.69 96.68 96.66 96.67 96.57 96.62 96.34 96.32 96.22 96.07 95.99 96.09 96.10 96.14 96.21 96.15 96.12 96.06 96.08 95.75 96.00 95.74 96.09 96.13 95.93 95.92 96.11 96.18 96.23 96.17 95.78 96.32 96.14 96.45 96.51 96.56 96.21 96.35 96.83 96.79 97.00 97.01 97.51 97.48 98.55 100.20 99.18 99.42 98.21 98.66 97.11 96.95 96.88 96.80 96.89 96.93 96.88 96.79 96.83 96.82 96.80 96.63 96.60 96.46 96.32 96.24 96.21 96.12 96.10 96.14 96.14 96.17 96.19 96.05 96.04 95.72 95.88 95.56 95.16 95.35 95.89 95.11 95.87 96.17 96.27 95.96 96.30 95.75 96.28 96.39 96.26 96.20 96.32 96.25 96.13 96.21 96.23 96.37 96.28 96.37 96.44 96.53
-27°N ||     96.42 96.18 96.14 96.08 95.68 95.57 95.98 95.29 95.63 95.88 95.79 96.04 96.02 96.13 96.33 96.20 96.35 95.81 96.20 95.81 95.84 95.86 95.77 95.74 95.58 95.49 95.36 95.24 94.84 94.54 94.21 93.89 93.49 93.50 93.33 93.48 93.67 92.32 92.05 90.45 92.56 93.40 93.75 94.14 94.46 94.73 94.92 95.06 95.16 95.30 95.31 95.39 95.19 94.67 94.68 94.77 95.01 94.99 94.91 94.89 94.71 95.96 96.42 96.44 96.42 96.44 96.50 96.58 96.49 96.44 96.46 96.69 96.73 96.82 96.67 96.53 96.66 96.67 96.75 96.75 96.74 96.74 96.70 96.60 96.55 96.41 96.45 96.45 96.24 96.15 96.11 96.22 96.22 95.95 96.05 96.13 96.13 95.93 95.92 95.91 96.11 96.23 95.90 96.09 96.23 96.15 96.31 95.92 95.62 95.81 96.23 96.26 96.42 96.30 96.27 96.32 96.29 96.81 96.79 96.85 96.89 96.90 96.97 97.00 97.03 97.20 97.64 97.28 97.12 96.94 96.81 96.88 96.88 96.84 96.71 96.78 95.69 96.80 96.79 96.03 96.38 96.18 96.13 96.13 96.15 96.16 96.17 96.17 96.11 96.09 96.07 95.90 95.53 95.45 95.34 95.56 96.00 95.26 95.32 95.82 95.54 95.87 96.20 96.19 96.44 95.89 96.34 96.20 96.34 96.43 96.40 96.32 96.07 95.91 95.96 96.21 96.22 96.25 96.46 96.49
-25°N ||     96.49 96.10 96.32 96.14 96.08 96.04 96.13 96.33 95.97 96.18 96.05 96.40 96.40 96.36 96.42 96.31 96.34 96.10 95.85 96.17 95.91 95.81 95.77 95.66 95.55 95.38 95.25 95.09 94.75 94.32 93.99 93.69 93.42 93.23 93.16 92.48 92.87 93.21 92.05 92.38 92.82 93.34 93.82 94.16 94.37 94.63 94.80 95.03 95.17 95.21 95.38 95.44 95.22 94.90 94.13 94.77 95.04 95.18 95.17 95.04 94.40 95.47 96.30 96.34 96.42 96.44 96.44 96.15 96.30 96.38 96.42 96.44 96.66 96.88 96.93 96.73 96.78 96.81 96.86 96.79 96.79 96.76 96.86 96.73 96.79 96.57 96.60 96.60 96.58 96.23 96.42 96.34 96.45 95.94 96.20 96.17 96.17 95.86 95.61 96.11 96.12 96.04 96.10 96.12 96.02 95.74 96.04 95.55 95.39 95.68 95.89 95.97 96.22 96.11 96.39 96.61 96.45 96.72 96.79 96.84 96.87 96.84 96.81 96.96 96.86 97.08 96.98 96.82 96.78 96.73 96.78 96.70 96.69 96.77 96.69 96.33 96.28 96.46 95.90 96.22 96.13 96.01 95.90 95.95 96.02 96.07 96.24 96.11 96.08 95.99 95.95 95.80 95.51 95.19 95.32 95.54 95.81 95.49 95.04 95.40 95.31 95.63 95.94 96.23 96.01 96.04 96.33 96.04 96.26 96.37 96.38 96.15 95.94 96.29 96.34 96.22 96.30 96.51 96.62 96.48
-23°N ||     96.48 96.48 96.19 96.19 96.12 96.18 96.31 96.39 96.46 96.50 96.49 96.46 96.55 96.59 96.46 96.54 95.69 95.90 96.23 95.97 95.96 95.76 95.76 95.67 95.52 95.28 95.08 94.77 94.41 94.05 93.70 93.32 93.10 92.98 93.02 92.95 92.12 92.49 92.01 92.28 92.78 93.34 93.68 93.94 94.18 94.40 94.64 94.87 95.11 95.26 95.50 95.51 95.51 95.23 94.61 94.76 95.04 95.06 95.01 94.70 94.09 95.66 96.24 96.29 96.12 96.25 96.40 96.20 96.41 96.40 96.31 96.54 96.62 96.81 96.86 96.90 96.77 96.82 96.78 96.84 96.84 96.81 96.82 96.89 96.79 96.68 96.71 96.74 96.69 96.14 96.49 96.37 96.50 96.50 96.52 96.25 96.19 96.71 96.05 95.84 95.96 95.81 95.63 95.52 95.73 96.04 95.48 95.43 95.17 95.65 95.84 96.15 96.07 95.81 95.78 95.97 96.33 96.46 96.57 96.67 96.81 96.72 96.81 96.87 96.87 96.96 96.86 96.73 96.74 96.68 96.52 96.54 96.62 96.67 96.28 95.93 95.46 95.60 95.88 96.11 95.96 95.83 95.60 95.72 95.96 96.04 96.09 96.15 95.97 95.93 95.88 95.83 95.97 95.87 95.92 95.51 95.87 95.52 95.21 95.48 95.15 95.81 95.96 96.14 96.14 96.25 96.21 96.29 96.26 96.56 96.29 96.72 96.29 96.35 96.40 96.36 96.26 96.58 96.70 96.49
-21°N ||     96.40 96.44 96.22 96.22 96.19 96.19 96.37 96.68 96.54 96.51 96.44 96.47 96.52 96.43 96.50 96.55 96.36 96.15 96.17 96.02 95.89 95.75 95.71 95.58 95.42 95.23 94.88 94.45 93.95 93.53 93.21 92.84 92.62 92.58 92.72 92.22 92.40 91.68 91.83 92.34 92.72 93.13 93.38 93.64 93.94 94.15 94.45 94.68 94.92 95.13 95.27 95.45 95.50 95.20 94.80 95.04 94.71 94.96 94.68 94.37 94.44 94.76 96.20 96.19 96.24 96.17 96.38 96.45 96.43 96.45 96.49 96.50 96.61 96.72 96.88 96.95 96.87 96.83 96.87 96.88 96.86 96.85 96.84 96.89 96.86 96.89 96.76 96.77 96.70 96.54 96.45 96.53 96.59 96.60 96.41 96.34 96.24 96.01 95.97 96.08 96.14 96.19 95.49 95.77 95.95 95.88 96.03 95.29 95.20 95.56 95.87 95.61 95.95 95.94 96.00 96.17 96.23 96.45 96.50 96.68 96.74 96.79 96.59 96.83 96.76 96.71 96.72 96.31 96.52 96.53 96.48 96.40 96.61 96.31 96.05 95.85 95.00 95.12 95.78 95.69 95.86 95.85 95.59 95.33 96.00 96.09 96.10 96.12 96.12 95.97 95.78 95.59 95.35 95.61 96.15 95.62 95.76 95.70 95.31 95.86 95.75 95.88 95.78 95.78 96.19 96.28 96.41 96.30 96.14 96.57 96.64 96.50 96.53 96.65 96.61 96.37 96.15 96.45 96.45 96.31
-19°N ||     95.96 96.16 96.16 96.04 96.25 96.40 96.56 96.80 96.79 96.68 96.61 96.49 96.54 96.53 96.61 96.52 96.36 96.36 96.07 96.04 95.91 95.73 95.61 95.39 95.24 95.00 94.65 94.01 93.18 92.72 92.42 92.27 92.12 92.24 92.46 90.86 92.11 91.59 91.74 92.03 92.22 92.60 92.89 93.17 93.53 93.87 94.21 94.47 94.78 94.98 95.12 95.23 95.37 95.33 94.99 94.64 94.61 94.60 94.71 94.61 94.29 95.47 96.08 96.05 96.18 96.29 96.49 96.50 96.53 96.44 96.51 96.61 96.72 96.83 97.02 97.05 97.01 96.85 96.92 96.90 97.02 96.89 96.87 96.86 96.92 96.96 96.82 96.74 96.74 96.77 96.70 96.63 96.65 96.60 96.41 96.43 96.23 96.18 96.31 95.84 96.10 96.15 95.67 95.93 95.61 95.87 95.32 95.16 95.58 95.59 95.43 95.72 95.71 95.85 95.94 96.03 96.07 96.03 96.07 96.58 96.66 96.66 96.70 96.70 96.61 96.62 96.42 96.43 96.47 96.42 96.38 96.08 95.97 96.12 95.95 95.73 95.37 95.25 95.59 95.75 95.97 96.00 96.14 96.14 96.05 96.08 96.10 96.11 96.03 95.95 96.06 95.66 95.43 95.51 95.83 95.93 95.85 95.98 95.62 95.92 95.99 95.85 95.77 95.70 96.08 96.10 96.04 96.00 96.41 96.61 96.72 96.77 96.80 96.85 96.77 96.78 96.73 96.63 96.64 95.98
-17°N ||     96.01 95.99 96.07 96.30 96.32 96.45 96.73 96.76 96.77 96.74 96.69 96.58 96.60 96.31 96.60 96.75 96.48 96.47 96.27 96.02 95.90 95.75 95.43 95.17 94.99 94.71 94.26 93.19 92.25 91.66 91.57 91.65 91.83 92.00 91.67 91.01 91.42 91.64 91.49 91.37 91.50 91.92 92.33 92.64 93.14 93.54 93.91 94.20 94.52 94.80 94.92 95.13 95.16 95.24 94.94 94.61 94.14 94.17 94.65 94.54 94.32 95.61 96.07 95.69 96.01 97.32 97.91 97.04 96.50 96.57 96.38 96.57 96.71 96.79 97.03 97.01 97.04 96.85 96.94 96.87 96.92 96.90 96.90 96.90 96.91 96.90 96.86 96.85 96.84 96.78 96.66 96.67 96.67 96.60 96.52 96.48 96.30 96.33 96.12 96.48 96.19 96.03 95.72 95.72 95.69 95.62 95.72 95.31 95.71 95.66 95.78 95.66 95.48 95.47 95.72 95.76 95.89 96.28 96.32 96.03 96.34 96.28 96.38 96.40 96.36 96.58 96.53 96.53 96.47 96.41 96.07 96.09 95.38 95.66 95.77 95.64 95.19 95.21 95.65 95.84 96.05 96.08 96.17 96.23 96.11 96.08 96.06 96.02 95.99 95.82 95.92 95.85 95.59 95.68 95.59 95.63 95.85 96.01 95.86 96.20 96.01 95.98 95.82 95.68 96.33 95.72 95.96 96.12 96.44 96.69 96.77 96.82 96.83 96.87 96.90 96.81 96.82 96.74 96.81 96.58
-15°N ||     96.69 96.00 96.52 96.39 96.56 96.64 96.89 96.85 96.73 96.76 96.75 96.61 96.52 96.55 96.62 96.74 96.00 96.51 96.60 96.10 95.96 95.72 95.47 95.20 94.84 94.36 93.54 92.10 90.56 90.07 90.57 91.20 91.39 91.66 91.81 91.75 91.94 91.97 91.26 90.91 90.88 91.49 91.87 92.22 92.75 93.32 93.72 94.02 94.23 94.39 94.43 94.81 95.00 95.02 94.75 94.64 94.29 95.10 94.52 95.25 95.51 97.15 97.65 98.01 98.34 98.09 97.56 98.36 98.34 96.64 96.60 96.78 96.76 96.80 96.95 96.94 97.00 96.94 96.91 96.89 96.91 96.91 96.90 96.98 96.90 96.88 96.89 96.85 96.83 96.81 96.82 96.76 96.72 96.60 96.53 96.53 96.48 96.37 96.06 96.34 95.95 96.01 95.91 95.64 95.73 95.51 95.62 95.59 95.47 95.53 95.82 95.46 95.31 95.29 95.36 95.06 95.79 96.29 96.30 96.31 96.03 96.31 96.30 96.24 96.38 96.48 96.43 96.56 96.29 96.07 95.94 95.30 95.22 95.27 95.49 95.39 95.19 95.35 95.40 95.74 95.97 96.13 96.11 96.13 96.20 96.13 96.00 96.06 95.85 95.91 95.84 95.97 95.55 95.31 96.02 96.14 95.69 96.11 96.16 96.01 96.05 95.96 95.71 95.88 96.18 96.26 96.19 96.21 96.36 96.78 96.85 97.08 96.93 96.91 96.82 96.95 96.87 97.02 96.56 96.62
-13°N ||     96.74 96.72 96.60 96.47 96.58 96.73 96.83 96.90 96.87 96.90 96.84 96.71 96.67 96.73 96.72 96.74 96.55 96.53 96.46 96.27 96.06 95.78 95.51 95.21 94.75 94.13 93.16 91.10 88.61 88.06 89.48 90.71 91.10 91.20 91.29 92.02 91.77 91.73 91.11 90.82 90.87 92.14 91.41 91.94 92.50 93.03 93.54 93.84 94.08 94.25 94.32 95.00 94.50 95.42 97.28 97.13 97.00 95.64 98.29 98.62 97.27 95.70 95.63 95.83 97.44 97.39 97.01 97.10 96.31 97.97 96.82 96.74 96.81 96.85 96.87 96.97 96.93 97.01 97.09 96.93 96.92 96.92 96.91 96.91 96.87 96.88 96.91 96.87 96.82 96.88 96.84 96.82 96.77 96.68 96.77 96.63 96.54 96.42 96.34 96.33 96.30 96.13 95.87 95.71 95.55 95.86 95.58 95.56 95.45 95.39 95.40 95.53 95.20 95.50 95.41 95.57 95.59 96.14 96.25 96.15 96.20 96.31 96.25 96.24 96.07 96.35 96.39 96.40 96.29 96.17 95.45 95.24 95.00 95.39 95.33 95.51 95.18 95.33 95.84 95.87 96.21 96.14 96.21 96.17 96.21 96.17 95.93 95.81 95.77 95.80 95.79 95.62 95.88 95.58 96.18 96.18 95.84 95.84 96.09 96.17 95.99 96.05 95.80 95.70 95.94 96.49 96.51 96.58 96.72 96.87 96.92 96.98 96.99 96.97 96.96 97.00 97.05 96.97 97.04 96.97
-11°N ||     97.04 96.93 97.06 97.07 96.80 96.80 96.85 96.92 96.88 96.88 96.85 96.83 96.84 96.73 96.80 96.76 96.73 96.62 96.54 96.37 96.15 95.94 95.57 95.21 94.62 94.02 93.12 91.34 88.70 86.48 87.67 90.69 90.99 91.00 90.91 91.61 91.53 91.23 90.73 90.48 90.99 91.37 91.32 91.88 92.36 92.81 93.53 93.74 93.94 94.17 94.07 94.72 96.80 97.04 99.02 99.10 96.13 93.58 93.41 94.45 95.06 95.24 95.48 95.67 96.02 95.95 96.09 96.69 96.42 96.56 98.42 97.10 98.49 96.98 96.90 97.40 97.21 96.99 97.07 97.07 96.94 96.94 96.95 96.92 96.94 96.92 96.97 96.90 96.91 96.87 96.86 96.90 96.78 96.73 96.65 96.66 96.66 96.49 95.79 96.06 96.34 96.37 96.07 95.90 95.81 95.56 95.53 95.59 95.41 95.44 95.75 95.54 95.60 95.36 95.56 95.66 95.59 95.78 96.03 95.89 95.98 96.15 96.12 96.06 95.85 96.31 96.30 96.43 96.31 96.29 96.11 95.54 95.10 95.29 95.24 95.66 95.41 95.77 96.02 96.04 96.30 96.26 96.16 96.22 96.24 96.22 96.14 96.17 95.99 95.98 95.83 95.60 95.29 95.68 95.63 95.83 96.12 96.18 96.01 96.26 96.13 96.42 96.54 96.37 96.48 96.85 96.56 96.72 96.79 96.90 96.94 96.96 97.05 97.02 97.08 97.14 97.15 96.93 96.97 96.90
-9°N ||     96.85 96.90 96.89 97.01 97.08 96.85 96.93 96.88 96.94 96.96 96.88 96.90 96.85 96.83 96.83 96.78 96.77 96.69 96.62 96.45 96.29 96.01 95.74 95.32 94.82 94.17 93.35 92.52 89.12 84.99 84.97 89.52 90.86 90.86 90.95 90.82 91.28 91.05 91.10 90.76 90.91 91.58 93.31 94.90 93.84 92.90 93.50 94.08 94.03 94.42 96.98 97.37 97.29 98.82 97.20 94.09 93.20 94.74 93.84 95.02 95.25 95.37 95.83 95.83 96.15 96.26 96.86 96.46 97.44 96.64 98.54 98.58 98.90 97.93 97.69 97.29 96.95 97.02 97.04 97.50 97.08 96.93 96.97 96.98 96.96 96.99 97.03 96.91 96.93 96.94 96.97 96.83 96.83 96.81 96.73 96.64 96.67 96.57 96.26 96.20 96.37 96.19 96.00 96.11 96.08 95.77 95.56 95.84 96.49 96.65 95.64 95.79 95.73 95.79 95.76 95.64 95.65 95.71 95.90 95.94 95.90 95.78 95.93 95.78 95.76 95.86 96.06 96.28 96.32 96.32 96.11 95.82 95.14 95.80 95.80 95.36 96.01 96.18 95.79 96.10 96.31 96.33 96.41 96.31 96.31 96.19 96.13 96.36 96.31 96.05 95.50 95.67 95.32 95.90 96.18 96.10 96.24 96.46 96.24 96.32 96.58 96.86 96.93 96.81 96.80 96.93 96.92 96.88 96.93 96.95 96.99 97.04 97.10 97.66 97.29 97.24 97.00 96.30 96.96 96.92
-7°N ||     96.94 96.93 96.91 96.91 97.36 97.18 96.98 97.01 97.23 97.05 97.00 96.93 96.89 96.88 96.87 96.89 96.87 96.78 96.69 96.56 96.39 96.16 95.90 95.45 94.97 94.48 93.84 93.24 89.85 86.40 87.26 88.91 90.51 90.79 90.97 91.21 90.74 90.77 91.24 90.78 94.14 94.53 91.88 95.57 94.87 94.66 95.21 96.70 96.55 95.83 94.92 93.77 95.99 98.54 96.87 97.25 97.44 95.45 94.89 95.44 95.55 95.57 95.81 95.94 96.53 97.34 97.34 96.97 96.35 96.45 97.34 98.68 98.58 98.02 98.43 97.93 97.58 96.98 96.96 97.05 97.07 97.01 97.03 96.95 96.97 96.95 96.91 96.89 96.88 96.90 96.88 96.91 96.83 96.81 96.81 96.82 96.82 96.66 96.44 96.51 96.01 95.97 96.05 96.12 95.61 95.97 96.07 95.85 95.85 95.88 96.02 96.00 96.09 95.57 95.65 95.66 95.65 96.02 96.05 95.91 95.61 95.49 95.54 95.39 95.72 96.09 95.94 96.05 96.32 96.33 96.26 96.18 95.47 95.40 95.73 95.88 95.93 96.00 95.90 96.18 96.35 96.32 96.48 96.46 96.43 96.46 96.49 96.51 96.49 96.60 95.35 95.21 95.37 95.91 95.60 96.42 96.86 96.67 96.73 96.72 96.86 96.94 96.91 96.88 97.01 97.13 97.02 97.09 97.10 97.08 97.10 97.09 97.17 97.36 97.55 97.55 97.15 97.10 97.01 96.95
-5°N ||     96.96 97.00 97.04 97.02 96.95 97.43 97.35 97.33 97.47 97.10 96.99 96.88 96.92 96.95 97.00 97.04 97.05 96.93 96.73 96.73 96.56 96.38 96.13 95.72 95.33 94.84 94.33 93.47 92.27 90.57 89.16 89.42 90.53 90.68 91.07 91.36 91.34 92.40 91.66 90.99 91.39 91.73 92.19 96.08 94.72 96.28 94.48 95.29 94.68 94.01 93.60 96.14 96.49 96.92 96.47 94.16 94.52 95.45 96.90 97.04 95.77 95.88 95.95 95.99 96.40 96.20 96.59 96.34 96.41 96.55 96.76 96.96 97.94 96.87 96.86 97.83 98.07 97.71 96.91 96.95 97.50 97.12 97.09 97.02 97.01 96.94 96.90 96.91 96.96 96.91 96.89 96.87 96.89 96.80 96.81 96.84 96.82 96.81 96.72 96.75 96.42 95.85 95.99 96.10 96.30 96.12 96.05 96.00 96.08 95.96 96.32 96.36 96.26 95.76 95.62 95.66 95.47 95.64 95.43 95.86 95.63 95.86 95.68 95.69 95.87 95.74 96.09 95.90 96.25 96.30 96.21 95.85 95.94 95.55 95.89 96.03 96.22 96.19 96.26 96.34 96.28 96.41 96.63 96.65 96.55 96.56 96.79 96.70 96.52 96.41 96.06 95.77 96.28 96.26 96.20 96.49 97.06 96.87 98.26 97.20 97.05 96.90 96.91 97.04 97.04 97.25 97.26 97.18 97.20 97.26 97.33 97.28 97.49 97.47 97.46 97.52 97.56 97.31 97.11 97.02
-3°N ||     97.03 97.01 97.11 97.13 97.06 97.78 97.79 97.61 97.22 97.39 96.93 96.81 97.11 97.43 97.37 97.49 96.91 96.75 96.92 96.84 96.76 96.55 96.48 96.15 95.70 95.24 94.78 93.93 93.25 91.93 90.89 90.69 90.37 90.34 91.19 91.66 92.02 92.21 92.27 91.84 91.63 92.25 92.66 93.56 93.86 93.92 94.53 94.57 94.41 94.10 93.87 93.66 94.15 95.62 95.38 94.67 95.21 95.65 95.91 97.21 95.77 96.25 96.22 96.30 96.42 96.48 96.81 96.62 96.68 96.78 96.84 96.88 98.72 96.97 96.94 97.60 97.33 97.39 97.01 97.04 97.10 97.10 97.45 97.16 97.01 96.97 97.00 96.95 96.94 96.93 96.91 96.89 96.87 96.86 96.83 96.82 96.69 96.82 96.81 96.82 96.54 96.22 96.12 96.23 96.38 96.10 96.19 96.30 96.26 96.26 96.39 96.39 96.21 96.02 95.90 95.56 95.31 96.19 96.01 95.91 95.84 95.91 95.78 96.00 95.68 95.94 95.76 96.23 96.27 96.40 96.13 96.23 96.17 96.08 96.34 96.63 96.10 96.50 96.44 96.29 96.43 96.47 96.75 96.75 96.61 96.83 96.78 96.64 96.50 96.36 96.01 96.17 96.11 96.23 96.35 96.73 97.16 97.05 97.13 96.96 97.13 97.07 97.04 97.01 97.09 97.30 97.16 97.04 97.50 97.54 97.49 97.61 97.65 97.69 97.68 97.69 97.61 97.49 97.19 97.15
-1°N ||     97.21 97.15 97.20 97.37 97.47 97.83 97.84 97.58 97.42 97.03 96.90 96.78 97.10 97.38 97.71 97.14 96.94 97.02 96.98 96.85 96.82 96.74 96.64 96.43 96.10 95.53 95.00 94.35 93.69 92.96 91.90 91.29 89.78 88.10 91.44 91.91 92.20 92.49 92.67 92.72 92.78 93.64 94.00 94.31 94.56 95.07 95.34 95.52 95.73 95.83 95.13 96.30 97.46 94.69 94.81 95.07 95.76 96.02 96.08 96.62 96.28 96.42 96.41 96.42 96.54 96.59 96.58 96.95 96.88 96.86 97.59 96.90 98.36 98.50 97.10 97.09 97.02 97.04 97.07 97.27 97.73 97.46 97.36 97.05 97.06 97.05 97.00 96.95 96.92 96.92 96.93 96.95 96.89 96.88 96.84 96.82 96.65 96.81 96.81 96.82 96.57 96.48 96.39 96.27 96.39 96.35 96.32 96.42 96.44 96.47 96.54 96.52 96.15 96.00 95.97 95.73 95.49 96.24 96.10 96.08 96.10 95.81 95.86 95.72 95.99 96.04 96.17 96.26 96.55 96.49 96.31 95.90 96.30 96.36 96.63 96.64 96.55 96.82 96.48 96.40 96.50 96.57 96.78 96.79 96.81 96.84 96.82 96.45 96.60 96.39 96.31 96.38 96.67 96.70 96.80 97.04 97.21 97.38 97.23 97.19 97.50 97.34 97.10 97.09 97.33 97.21 97.02 97.19 97.47 97.58 97.61 97.64 97.65 97.71 97.73 97.71 97.55 97.57 97.40 97.26
1°N ||     97.31 97.22 97.38 97.68 97.56 97.70 97.86 98.09 97.48 97.12 96.93 96.93 97.35 97.74 97.74 97.41 97.18 97.08 96.84 96.94 96.86 96.86 96.67 96.32 95.98 95.86 95.35 94.55 93.79 93.51 93.09 92.54 90.22 87.27 88.37 92.24 92.40 92.54 92.89 93.24 93.67 94.00 94.24 94.55 94.93 95.37 95.65 95.92 96.28 96.43 95.52 94.64 94.48 94.85 95.13 95.64 95.98 96.26 96.30 96.51 96.38 96.51 96.76 96.51 96.57 96.63 96.57 97.18 96.77 96.85 96.93 98.31 99.35 99.23 96.97 97.04 97.04 97.07 96.99 97.80 96.98 97.70 97.14 97.02 97.27 97.11 97.01 96.95 96.98 96.92 96.92 96.94 96.90 96.90 96.89 96.84 96.82 96.72 96.73 96.67 96.66 96.68 96.59 96.59 96.44 96.32 96.34 96.60 96.53 96.51 96.49 96.29 96.34 96.28 96.03 95.89 96.12 96.10 95.90 96.19 96.05 95.95 96.02 96.04 96.04 96.12 96.24 96.39 96.41 96.53 96.69 96.63 96.79 96.78 96.77 96.79 96.69 96.69 96.75 96.65 96.79 96.81 96.87 96.87 96.88 96.81 96.62 96.60 96.63 96.50 96.61 96.74 96.97 97.00 97.02 97.06 97.23 97.41 97.32 97.49 97.35 97.35 97.24 97.43 97.38 97.25 97.11 97.41 97.53 97.58 97.63 97.68 97.67 97.71 97.72 97.72 97.74 97.66 97.59 97.48
3°N ||     97.78 97.67 97.73 97.84 97.96 98.02 97.97 97.87 97.75 97.12 97.04 97.07 97.81 97.94 97.90 97.67 97.49 96.95 96.93 97.01 96.95 96.79 96.58 96.22 95.76 96.26 95.75 94.01 93.82 93.92 93.80 93.93 93.45 89.91 91.54 92.57 92.32 92.43 92.97 93.45 93.88 94.12 94.32 94.31 95.30 95.67 96.04 96.25 96.44 96.68 96.71 96.01 95.55 95.73 96.02 96.25 96.38 96.44 96.48 96.62 96.57 96.53 96.39 96.78 96.81 96.70 96.75 96.86 96.87 96.94 96.96 97.02 98.69 98.87 98.32 97.88 97.92 97.65 97.46 97.40 97.11 97.01 97.17 97.07 97.03 97.27 96.99 96.93 96.96 96.95 96.98 96.94 96.93 96.91 96.88 96.85 96.84 96.78 96.81 96.77 96.76 96.77 96.76 96.69 96.68 96.43 96.56 96.71 96.82 96.48 96.56 96.43 96.21 96.19 96.10 96.35 96.23 96.23 96.03 96.22 96.11 96.02 96.00 96.09 96.11 96.17 96.32 96.41 96.55 96.60 96.86 96.97 97.15 97.30 97.56 97.19 96.84 96.81 96.77 96.84 96.85 96.89 96.91 96.88 96.87 96.75 96.73 96.68 96.63 96.50 96.81 97.05 97.01 96.96 96.99 97.20 97.33 97.45 97.49 97.57 97.30 97.55 97.46 97.52 97.48 97.33 97.38 97.51 97.55 97.58 97.59 97.66 97.69 97.70 97.69 97.73 97.75 97.78 97.80 97.81
5°N ||     97.78 97.89 98.19 97.90 98.08 98.10 98.02 97.99 97.88 97.50 97.31 97.22 97.99 98.11 98.10 97.95 97.23 96.91 97.15 97.07 96.92 96.66 96.38 96.13 96.30 96.36 96.22 95.29 93.95 93.85 94.07 94.48 94.72 94.43 93.57 92.93 92.13 91.94 93.11 93.73 94.15 94.37 94.49 94.27 95.49 96.09 96.32 96.47 96.64 96.82 96.88 96.31 96.30 96.47 96.56 96.62 96.62 96.64 96.66 96.72 96.80 96.67 96.50 96.57 96.68 96.82 96.87 96.89 96.90 96.99 97.16 98.49 97.17 97.98 98.80 98.28 97.63 97.17 97.09 97.14 97.01 97.09 97.03 97.07 97.30 97.06 97.03 96.95 96.97 96.95 96.94 96.94 96.89 96.88 96.87 96.87 96.86 96.86 96.83 96.78 96.77 96.77 96.74 96.76 96.74 96.73 96.74 96.71 96.74 96.42 96.51 96.08 96.20 96.12 96.23 96.15 96.17 96.26 96.21 96.20 96.12 96.05 95.98 96.02 96.37 96.23 96.33 96.48 96.63 96.78 97.03 98.69 98.87 98.86 98.79 98.53 98.00 97.01 96.93 96.92 96.90 96.96 96.92 96.87 96.88 96.79 96.74 96.74 96.57 96.60 97.04 97.01 97.07 97.08 97.15 97.16 97.39 97.48 97.56 97.57 97.53 97.49 97.55 97.54 97.54 97.53 97.53 97.51 97.56 97.56 97.56 97.62 97.66 97.68 97.70 97.74 97.77 97.79 97.82 97.86
7°N ||     97.86 97.93 97.99 98.01 98.10 98.12 98.11 98.09 98.01 97.76 97.47 97.81 98.16 98.23 98.25 98.00 97.12 97.47 97.38 97.10 96.86 96.70 96.74 96.65 96.58 96.55 96.37 95.86 93.56 93.72 94.08 94.85 95.11 94.89 94.30 93.39 91.13 91.12 93.61 94.10 94.40 94.58 94.71 94.97 95.93 96.20 96.39 96.56 96.70 96.81 96.88 96.90 96.62 96.61 96.61 96.62 96.68 96.73 96.77 96.80 96.82 96.76 96.60 96.75 96.85 96.89 96.93 96.95 96.97 97.05 97.29 98.58 99.05 98.49 98.80 97.20 97.15 97.09 97.52 97.67 97.44 97.07 97.10 97.21 97.06 96.99 97.00 96.95 96.97 96.93 96.95 96.93 96.92 96.96 96.87 96.85 96.83 96.87 96.81 96.74 96.74 96.76 96.79 96.74 96.73 96.79 96.64 96.82 96.75 96.75 96.56 96.38 96.35 96.01 96.09 96.17 96.10 96.22 96.22 96.24 96.11 96.15 96.01 96.34 96.53 96.19 96.34 96.53 96.79 97.03 98.62 99.04 98.96 98.92 98.90 98.79 98.73 98.18 97.03 97.01 97.03 96.97 96.90 96.92 96.79 96.69 96.74 96.83 96.76 96.75 97.00 97.13 97.17 97.27 97.45 97.33 97.53 97.59 97.53 97.59 97.63 97.52 97.55 97.54 97.57 97.56 97.53 97.52 97.51 97.51 97.53 97.48 97.62 97.67 97.65 97.76 97.82 97.85 97.87 97.90
9°N ||     97.96 98.10 97.86 97.93 98.16 98.14 98.15 98.11 98.21 97.88 97.62 98.12 98.31 98.35 98.29 97.80 97.50 97.78 97.34 96.97 96.93 96.88 96.85 96.81 96.75 96.65 96.51 95.95 94.11 94.02 94.59 95.36 95.35 95.50 95.15 93.86 90.46 88.46 92.89 94.40 94.57 94.80 95.03 95.37 95.88 96.21 96.43 96.61 96.71 96.82 96.89 96.90 96.86 96.70 96.68 96.68 96.73 96.77 96.81 96.84 96.87 96.85 96.81 96.83 96.86 96.95 97.07 97.09 97.13 97.56 98.59 98.65 98.45 98.97 97.52 97.45 97.53 97.40 97.73 97.13 97.13 97.09 97.07 97.11 97.21 97.06 97.02 97.08 97.02 97.04 96.96 96.94 96.91 96.93 96.90 96.97 96.87 96.84 96.82 96.83 96.81 96.71 96.63 96.60 96.76 96.81 96.82 96.69 96.67 96.61 96.59 96.57 96.51 96.58 96.43 96.27 96.20 96.22 96.22 96.02 96.17 96.13 95.94 96.65 96.26 96.20 96.42 96.64 96.86 97.61 98.83 99.10 99.09 99.05 98.96 98.89 98.81 98.58 97.97 97.39 97.15 97.31 96.90 96.85 96.85 96.83 96.91 96.96 96.92 96.93 97.08 97.30 97.57 97.29 97.54 97.66 97.56 97.53 97.45 97.47 97.95 97.38 97.34 97.41 97.51 97.56 97.44 97.48 97.38 97.42 97.44 97.60 97.62 97.70 97.63 97.77 97.83 97.88 97.92 97.92
11°N ||     98.05 98.04 98.04 98.02 98.25 98.25 98.30 98.26 98.41 98.31 98.16 98.46 98.48 98.43 98.36 98.28 97.85 97.86 97.35 97.04 96.97 96.93 96.88 96.82 96.74 96.66 96.46 95.94 95.34 95.60 95.56 95.55 95.58 95.60 95.69 95.59 91.13 84.68 86.56 94.41 94.74 94.98 95.25 95.57 95.89 96.25 96.51 96.64 96.76 96.82 96.88 96.91 96.90 96.76 96.73 96.73 96.77 96.81 96.83 96.86 96.88 96.83 96.81 96.92 96.96 97.04 97.30 97.55 97.79 97.60 99.07 98.79 97.52 99.05 98.54 97.42 98.48 97.26 97.14 97.37 97.11 97.08 97.04 97.01 97.06 97.09 97.26 97.08 97.10 97.13 96.97 96.95 96.95 96.95 97.03 96.90 97.01 96.84 96.86 96.87 96.84 96.83 96.74 96.62 96.81 96.79 96.95 96.76 96.87 96.59 96.67 96.66 96.63 96.70 96.57 96.29 96.20 96.34 96.45 96.16 96.27 96.21 96.08 96.01 96.13 96.39 96.57 96.75 96.97 97.96 99.12 99.17 99.19 99.07 98.93 98.91 98.77 98.68 98.25 97.61 97.36 96.92 96.98 96.94 96.89 97.01 97.10 97.19 97.19 97.25 97.41 97.61 97.83 97.86 97.68 97.76 97.65 97.64 97.42 97.31 97.19 97.11 97.13 97.16 97.22 97.28 97.29 97.29 97.32 97.68 97.08 97.45 97.60 97.60 97.61 97.85 97.89 97.87 97.48 97.93
13°N ||     97.96 98.13 97.71 97.73 98.26 98.23 98.35 98.43 98.47 98.51 98.57 98.62 98.60 98.55 98.49 98.33 98.16 97.81 97.02 97.05 97.00 96.91 96.86 96.83 96.73 96.61 96.47 96.27 95.77 95.78 95.69 95.68 95.69 95.78 95.93 96.05 95.43 87.01 88.46 93.56 94.57 95.20 95.52 95.74 92.84 96.41 96.58 96.69 96.78 96.82 96.89 96.90 96.91 96.78 96.77 96.78 96.81 96.84 96.85 96.87 96.88 96.90 96.95 96.90 97.02 97.46 97.73 97.99 98.11 98.89 99.01 98.83 98.02 97.88 97.62 98.45 97.73 97.54 97.14 97.03 97.02 97.14 97.04 97.07 97.06 97.06 98.68 97.07 97.73 97.03 96.96 96.97 96.97 97.08 97.09 96.89 96.90 96.91 96.93 96.93 96.92 96.82 96.79 96.80 96.83 96.86 96.82 96.88 96.96 96.74 96.75 96.82 96.72 96.69 96.64 96.56 96.45 96.51 96.57 96.54 96.45 96.30 96.25 96.27 96.33 96.46 96.65 96.83 97.09 98.08 99.15 99.16 99.12 99.03 98.93 98.90 98.83 98.74 98.42 97.83 97.57 97.14 97.14 97.18 97.16 97.27 97.24 97.64 97.48 97.75 97.85 97.94 98.13 98.25 98.27 97.99 97.89 97.62 97.28 97.05 96.94 96.90 96.96 96.96 97.03 97.08 97.11 97.21 97.17 97.20 97.24 97.13 97.61 97.58 97.68 97.71 97.87 97.86 97.22 97.72
15°N ||     98.03 98.19 98.20 98.42 98.36 98.26 98.46 98.60 98.63 98.67 98.73 98.81 98.77 98.72 98.69 98.48 97.87 97.43 97.10 97.07 96.88 95.13 90.59 89.95 92.59 96.56 96.41 96.36 96.22 95.91 95.85 95.77 95.80 95.86 95.94 96.03 96.05 95.06 93.08 93.50 94.79 95.37 95.73 95.92 96.22 96.55 96.64 96.73 96.78 96.82 96.87 96.90 96.92 96.80 96.81 96.81 96.83 96.86 96.88 96.88 96.89 96.89 96.88 96.96 97.50 97.85 98.09 98.26 98.30 98.83 99.12 98.93 98.48 98.14 98.55 98.01 97.95 97.58 97.39 97.28 97.56 97.11 96.94 98.07 97.11 97.07 97.10 97.06 97.07 97.09 97.55 97.16 97.01 96.97 97.10 96.93 96.94 96.96 96.97 97.01 96.98 96.95 96.86 96.84 96.86 96.86 96.83 96.99 96.92 96.69 96.77 96.79 96.80 96.81 96.68 96.65 96.56 96.50 96.54 96.55 96.46 96.51 96.43 96.46 96.49 96.60 96.72 96.91 97.38 99.11 99.13 99.02 99.12 99.02 98.94 98.89 98.81 98.75 98.50 98.02 97.74 97.62 97.47 97.42 97.39 97.44 97.54 97.69 98.00 98.08 98.21 98.32 98.33 98.41 98.42 98.35 98.00 97.57 97.11 96.95 96.88 96.84 96.79 96.84 96.88 96.97 97.03 97.09 97.10 97.14 97.17 97.21 97.38 97.56 97.61 97.71 97.75 97.98 97.48 98.72
17°N ||     98.16 98.32 98.36 98.49 97.95 98.47 98.51 98.60 98.75 98.79 98.85 98.91 98.92 98.89 98.92 98.11 97.65 97.56 97.20 97.23 96.69 89.55 85.13 83.73 87.16 94.50 96.39 96.38 96.51 96.24 96.06 95.88 95.83 95.89 95.96 96.04 96.06 95.92 95.01 94.91 95.36 95.56 95.79 95.99 96.27 96.56 96.68 96.76 96.80 96.83 96.86 96.92 96.91 96.76 96.78 96.84 96.85 96.87 96.88 96.89 96.90 96.93 96.99 97.30 97.61 98.14 98.38 98.64 98.93 98.98 98.76 98.96 98.84 98.57 98.67 98.24 97.78 97.83 97.69 97.29 97.15 97.01 97.32 97.81 97.07 97.09 97.11 98.46 97.17 97.32 97.10 97.11 97.05 96.97 97.00 97.04 97.01 97.01 97.01 97.06 97.06 97.00 96.91 96.89 96.95 96.94 96.94 96.93 96.82 96.76 96.81 96.81 96.78 96.74 96.72 96.69 96.61 96.31 96.50 96.56 96.58 96.57 96.55 96.58 96.61 96.68 96.86 96.94 97.51 98.91 99.08 99.10 99.05 98.97 98.94 98.93 98.85 98.69 98.54 98.32 98.07 98.16 97.97 97.97 97.95 98.14 98.18 98.28 98.40 98.49 98.56 98.55 98.55 98.65 98.58 98.55 98.28 97.55 97.13 96.90 96.82 96.71 96.62 96.62 96.74 96.92 96.99 97.02 97.01 97.06 97.13 97.25 97.41 97.55 97.53 97.70 98.05 98.03 97.91 98.25
19°N ||     98.19 98.37 98.51 98.56 98.62 98.51 98.54 98.69 98.84 98.90 98.96 99.03 99.05 99.04 99.05 98.26 97.72 97.43 96.99 97.11 96.85 89.64 85.20 84.17 86.60 94.89 96.54 96.60 96.62 96.57 96.28 95.97 95.78 95.74 95.77 95.98 96.09 96.08 95.75 95.62 95.70 95.76 95.84 95.98 96.19 96.48 96.71 96.78 96.82 96.84 96.86 96.93 96.88 96.90 96.76 96.81 96.85 96.86 96.88 96.89 96.94 96.93 97.07 97.60 98.08 98.45 98.86 98.97 99.20 99.20 99.32 99.16 99.10 98.95 98.83 98.25 98.08 98.12 98.52 97.44 97.22 97.12 97.33 97.22 98.40 97.05 97.09 97.01 97.12 97.13 97.13 97.13 97.46 97.05 97.04 97.08 97.05 97.05 97.05 97.06 97.07 96.97 97.71 96.96 97.01 96.90 96.86 96.93 96.86 96.84 96.81 96.78 96.72 96.71 96.72 96.79 96.54 96.60 96.54 96.67 96.72 96.78 96.59 96.61 96.65 96.71 96.84 96.80 97.11 97.96 98.68 99.03 98.95 98.93 98.90 98.83 98.82 98.77 98.66 98.58 98.56 98.56 98.71 98.59 98.62 98.59 98.73 98.75 98.77 98.85 98.91 98.83 98.96 98.88 98.85 98.65 98.40 97.56 97.01 96.85 96.66 96.49 96.42 96.55 96.56 96.02 96.91 96.95 96.98 97.03 97.10 97.24 97.42 97.57 97.63 97.90 97.55 98.18 98.12 98.27
21°N ||     98.67 98.54 98.50 98.73 98.85 98.84 98.80 98.89 99.02 99.04 99.12 99.13 99.16 99.15 99.13 98.26 97.74 97.07 97.00 97.20 97.02 91.88 89.29 88.24 90.36 96.29 96.72 96.73 96.70 96.60 96.42 96.11 95.77 95.58 95.44 95.36 96.06 96.08 95.97 95.87 95.84 95.86 95.91 96.01 96.18 96.46 96.72 96.77 96.80 96.83 96.83 96.89 96.94 97.02 96.78 96.81 96.82 96.85 96.86 96.90 96.93 96.95 97.23 97.67 98.16 99.03 99.14 99.21 99.33 99.36 99.35 99.30 99.10 99.12 98.98 98.55 98.42 98.46 97.96 97.46 97.50 97.84 97.38 97.21 97.04 97.37 97.49 97.10 97.13 97.19 97.12 97.12 97.07 97.05 97.14 97.10 97.07 97.08 97.08 97.07 97.16 96.98 96.93 97.03 96.91 96.94 97.06 96.78 96.86 96.94 96.77 96.71 96.71 96.73 96.73 96.79 96.66 96.67 96.23 96.75 96.77 96.76 96.50 96.57 96.68 96.71 96.83 96.79 96.89 97.04 97.80 98.03 98.51 98.64 98.63 98.82 98.80 98.81 98.81 98.79 98.83 98.96 98.96 98.98 99.02 99.00 99.09 99.13 99.14 99.07 99.13 99.07 99.10 98.97 99.01 98.99 98.73 97.69 96.98 96.77 96.43 96.31 96.26 96.24 96.49 96.73 96.86 96.91 96.95 97.01 97.12 97.24 97.41 97.54 97.78 97.85 97.59 98.28 98.28 98.40
23°N ||     98.65 98.71 98.76 98.87 98.93 99.02 99.07 99.15 99.19 99.20 99.23 99.22 99.22 99.20 99.18 98.34 97.52 97.02 97.15 97.37 97.39 96.07 94.36 94.04 96.50 96.88 96.80 96.78 96.73 96.57 96.36 96.12 95.84 95.49 95.27 95.20 95.86 96.08 96.04 95.86 95.86 95.69 95.91 96.04 96.06 96.55 96.65 96.73 96.76 96.80 96.82 96.85 96.89 96.97 96.90 96.84 97.03 97.82 97.54 97.05 96.97 96.90 97.28 97.71 98.26 99.01 99.28 99.36 99.47 99.51 99.43 99.50 99.14 99.40 99.26 98.94 98.85 98.88 98.74 98.02 97.53 97.17 97.05 97.16 97.09 97.24 97.22 97.18 97.16 97.08 97.21 97.26 97.17 97.11 97.24 97.29 97.47 97.01 97.17 97.15 97.08 97.00 96.94 97.00 97.01 96.98 96.98 96.93 96.86 96.89 96.84 96.77 96.77 96.72 96.71 96.73 96.76 96.66 96.34 96.73 96.77 96.70 96.92 96.84 96.68 96.66 96.75 96.81 96.84 96.93 97.05 97.28 97.63 97.97 98.37 98.68 98.81 98.89 98.98 99.02 99.04 99.25 99.15 99.31 99.38 99.45 99.50 99.44 99.60 99.50 99.51 99.44 99.39 99.38 99.40 99.26 99.15 97.91 96.97 96.73 96.49 96.27 96.15 94.79 95.56 96.51 96.80 96.89 96.96 97.02 97.12 97.28 97.51 97.70 97.97 97.80 98.17 98.29 97.99 98.59
25°N ||     98.78 98.82 98.80 99.02 99.15 99.14 99.22 99.22 99.24 99.27 99.29 99.27 99.25 99.24 99.23 98.44 97.34 97.10 97.15 97.06 97.43 97.32 97.25 97.23 97.04 96.91 96.75 96.80 96.68 96.49 96.23 96.04 95.72 95.41 95.21 94.76 94.81 96.01 96.07 95.84 95.92 95.86 95.95 95.29 96.24 96.56 96.68 96.72 96.74 96.76 96.72 96.81 96.81 97.02 96.81 96.83 96.84 96.83 97.12 98.16 98.39 97.15 97.56 98.56 99.00 99.36 99.47 99.49 99.56 99.62 99.60 99.55 99.48 99.38 99.07 99.18 99.14 99.22 99.36 98.49 98.09 97.35 97.23 97.44 97.57 97.25 97.33 97.25 97.27 97.11 97.20 97.44 97.23 97.25 97.26 97.74 97.35 97.21 97.13 97.18 96.99 97.00 97.06 97.01 97.00 97.11 97.05 96.92 96.96 96.93 96.85 96.89 96.87 96.86 96.95 96.75 96.80 96.54 96.63 96.42 96.60 96.57 96.56 96.68 96.69 96.73 96.70 96.66 96.85 96.80 97.00 97.36 97.35 97.70 98.45 98.81 98.93 99.15 99.22 99.28 99.41 99.48 99.56 99.69 99.82 99.94 100.02 100.05 100.04 99.95 99.87 99.81 99.81 99.72 99.62 99.51 99.31 99.05 97.19 96.83 96.45 96.24 94.86 87.94 94.56 96.44 96.80 96.90 96.95 97.03 97.27 97.24 97.58 97.80 98.15 98.20 98.35 98.32 98.59 98.68
27°N ||     98.98 99.05 99.08 99.04 99.27 99.16 99.35 99.37 99.36 99.35 99.34 99.33 99.30 99.27 99.26 98.68 97.50 97.12 97.16 97.13 97.09 97.14 96.93 96.99 97.00 96.93 96.88 96.72 96.58 96.42 96.15 95.91 95.65 95.34 94.77 94.69 94.99 96.12 96.24 95.98 96.09 96.08 96.10 95.28 96.00 96.54 96.66 96.70 96.72 96.66 96.58 96.63 96.82 96.89 96.98 97.09 97.07 97.27 97.38 98.23 97.73 97.10 98.97 99.16 99.33 99.42 99.42 99.53 99.66 99.69 99.45 99.63 99.63 99.52 99.24 99.55 99.31 99.39 99.48 99.43 98.46 98.11 97.84 97.68 97.74 97.45 97.27 97.19 97.28 97.29 97.35 97.37 97.29 97.23 97.35 97.22 97.42 97.34 97.08 96.99 97.52 96.97 97.05 97.06 96.90 97.27 96.82 96.94 96.97 96.91 96.90 96.92 96.91 96.90 96.87 96.90 96.87 97.01 96.78 96.70 96.77 96.92 96.67 96.76 96.75 96.59 96.46 96.74 96.89 96.82 97.03 97.14 97.55 98.25 98.77 99.05 99.30 99.31 99.42 99.55 99.65 99.83 99.94 100.15 100.32 100.36 100.43 100.37 100.37 100.26 100.19 100.19 100.04 99.90 99.73 99.60 99.41 99.16 98.25 96.88 96.62 96.33 95.78 95.18 95.78 96.72 96.88 96.94 96.99 97.07 97.14 97.56 97.77 97.99 98.27 98.47 98.47 98.55 98.71 98.89
29°N ||     99.19 99.24 99.31 99.37 99.44 99.42 99.46 99.48 99.48 99.44 99.43 99.42 99.39 99.18 99.33 99.27 98.47 97.39 97.06 97.08 97.08 97.16 96.93 96.90 97.07 96.97 96.80 96.68 96.53 96.32 96.09 95.83 95.64 95.30 94.21 94.57 95.46 96.12 96.20 96.08 96.26 96.30 96.27 96.34 96.45 96.55 96.66 96.71 96.70 96.55 96.59 96.68 96.69 96.90 96.92 96.95 96.96 97.17 97.29 97.69 97.61 98.13 98.80 98.49 98.11 99.21 99.33 99.50 99.67 99.75 99.68 99.79 99.74 99.79 99.74 99.68 99.56 99.60 99.67 99.70 99.65 98.66 98.31 98.01 98.12 97.57 97.38 100.07 97.41 97.31 97.45 97.71 97.41 97.49 97.25 97.26 97.39 97.37 97.10 97.12 97.02 97.19 97.04 97.07 96.97 96.93 96.86 96.90 96.92 96.86 96.91 96.90 96.97 97.08 97.05 97.04 96.91 96.80 96.78 96.76 96.82 96.75 96.70 96.74 96.63 96.77 97.04 97.12 97.09 97.27 97.39 97.74 98.45 98.71 98.98 99.32 99.41 99.57 99.75 99.92 100.09 100.24 100.46 100.60 100.69 100.83 100.78 100.61 100.71 100.56 100.50 100.35 100.20 100.01 99.89 99.79 99.61 99.44 98.83 97.22 96.87 96.71 96.48 96.46 96.67 96.90 96.95 96.99 97.03 97.10 97.50 97.70 98.02 98.29 98.55 98.75 98.77 98.81 99.03 99.13
31°N ||     99.47 99.39 99.51 99.52 99.53 99.53 99.55 99.60 99.60 99.55 99.51 99.52 99.50 99.46 99.42 99.37 98.89 98.18 97.80 97.72 97.44 97.32 97.11 97.04 97.17 96.83 96.75 96.65 96.44 96.27 96.03 95.94 95.56 95.33 94.90 94.94 95.47 96.15 96.17 96.17 96.30 96.37 96.45 96.46 96.52 96.59 96.65 96.72 96.68 96.43 96.68 96.72 96.74 96.80 96.83 96.87 96.92 96.94 97.04 97.55 97.47 98.00 98.28 98.56 98.96 99.01 99.30 99.43 99.50 99.76 99.81 99.80 99.88 99.97 99.91 100.04 99.73 99.80 99.88 99.76 99.73 99.57 98.99 99.32 98.61 98.19 97.63 97.32 97.57 97.66 97.72 97.54 97.40 97.34 97.87 97.50 97.26 97.11 97.07 97.24 97.02 97.03 97.11 97.11 97.03 96.98 96.89 96.89 96.92 96.89 96.87 96.87 96.96 97.03 97.00 97.00 96.88 96.81 96.85 96.86 96.84 97.04 96.77 96.73 96.84 96.80 96.93 97.24 97.14 97.40 97.74 98.37 98.56 98.95 99.19 99.40 99.61 99.84 100.13 100.32 100.46 100.64 101.01 100.88 101.02 101.10 101.06 100.98 100.92 100.79 100.60 100.50 100.58 100.21 100.18 100.04 99.87 99.71 99.26 98.63 97.30 97.02 96.94 96.92 96.85 96.71 97.06 97.06 97.10 97.19 97.04 99.14 98.43 97.52 98.90 98.43 99.09 99.13 99.18 99.39
33°N ||     99.67 99.00 99.55 99.55 99.64 99.62 99.62 99.67 99.63 99.64 99.62 99.63 99.60 99.56 99.59 99.54 99.47 99.00 98.13 97.25 97.40 97.38 97.47 97.32 96.91 96.79 96.72 96.59 96.47 96.14 95.92 95.71 95.36 95.03 94.74 94.84 95.37 96.04 96.25 96.31 96.39 96.47 96.51 96.54 96.48 96.57 96.56 96.49 96.48 96.55 96.68 96.75 96.77 96.75 96.82 96.89 96.93 96.95 96.94 96.96 96.95 96.96 97.29 98.53 98.54 99.28 99.43 99.50 99.57 99.75 99.90 100.12 100.12 100.12 100.07 100.22 100.14 100.16 100.13 99.88 100.05 100.00 99.70 99.26 98.85 98.34 97.87 97.58 97.97 97.71 97.66 97.23 97.52 97.50 97.54 97.27 97.39 97.13 97.30 97.41 96.98 96.97 97.10 96.94 97.32 96.91 96.94 96.87 96.92 96.82 96.77 96.83 96.92 96.96 96.93 96.87 96.86 96.91 96.85 96.98 96.96 97.01 96.97 96.83 96.89 97.05 97.10 97.30 97.55 98.05 98.25 98.66 98.89 99.15 99.38 99.62 99.89 100.22 100.44 100.58 100.81 100.92 101.07 101.18 101.37 101.19 101.13 101.10 101.04 100.72 100.82 100.73 100.59 100.38 100.18 100.33 100.25 100.06 99.87 99.67 99.33 98.90 98.67 98.14 97.87 97.24 97.62 97.32 97.26 97.43 97.52 98.38 98.79 98.92 99.14 99.26 99.32 99.46 99.54 99.63
35°N ||     99.83 99.73 99.73 99.67 99.71 99.68 99.70 99.70 99.68 99.70 99.72 99.70 99.68 99.63 99.68 99.58 99.63 99.51 98.93 96.91 97.14 97.35 97.20 96.94 96.73 96.78 96.71 96.58 96.36 96.01 95.62 95.12 94.58 94.31 94.12 94.05 94.48 95.10 96.00 96.38 96.49 96.53 96.56 96.55 96.16 96.31 96.61 96.68 96.57 96.51 96.67 96.62 96.56 96.63 96.78 96.89 96.94 96.98 96.98 97.00 97.01 96.99 97.21 98.50 99.16 99.36 99.48 99.48 99.64 99.78 99.85 100.17 100.08 100.24 100.27 100.40 100.37 100.48 100.35 100.22 100.16 100.07 100.09 99.24 98.97 98.51 98.34 98.16 97.90 98.03 97.35 97.41 97.47 97.86 98.08 97.22 97.42 97.20 97.33 97.15 97.23 97.12 97.09 97.04 97.03 96.93 96.89 97.08 96.88 96.78 96.93 96.81 96.82 96.80 96.77 96.76 96.82 96.86 96.89 97.04 97.06 97.03 97.50 97.27 97.16 97.50 97.43 97.57 97.93 98.23 98.57 98.90 99.06 99.33 99.52 99.84 100.10 100.43 100.67 100.87 100.96 101.08 101.31 101.44 101.52 101.49 101.37 101.34 101.15 101.11 100.96 100.56 100.76 100.56 100.51 100.47 100.35 100.20 100.18 100.01 99.89 99.62 99.52 99.44 99.15 98.98 98.54 97.92 97.65 97.72 97.74 98.23 98.32 99.09 99.22 99.34 99.48 99.69 99.81 99.86
37°N ||     99.98 99.80 99.81 99.69 99.79 99.75 99.79 99.78 99.73 99.75 99.76 99.77 99.75 99.69 99.64 99.60 99.55 99.44 99.38 97.20 97.17 97.10 96.98 96.89 96.77 96.80 96.71 96.59 96.39 95.79 94.88 94.14 93.36 92.86 92.86 93.26 93.67 93.79 94.78 95.89 96.43 96.60 96.62 96.61 96.56 96.49 96.55 96.61 96.66 96.77 96.55 96.49 96.41 96.30 96.60 96.81 96.93 96.96 96.98 96.97 97.01 96.98 97.55 98.67 99.15 99.34 99.47 99.57 99.65 99.88 99.94 100.11 100.18 100.38 100.42 100.57 100.70 100.65 100.63 100.47 100.52 100.43 100.30 100.22 99.89 99.66 99.57 99.31 98.83 99.32 97.90 97.68 97.42 97.37 97.64 97.40 97.62 97.89 97.22 97.75 97.30 97.57 97.17 97.87 97.29 97.34 97.07 96.95 96.91 96.84 96.81 96.78 96.78 96.72 96.72 96.72 96.77 96.90 97.55 97.27 97.18 97.03 97.10 97.05 97.43 97.59 97.68 97.75 98.30 98.51 98.82 99.13 99.30 99.47 99.83 100.11 100.27 100.60 100.80 101.08 101.21 101.40 101.57 101.61 101.66 101.70 101.64 101.50 101.47 101.29 101.20 101.10 101.02 100.82 100.97 100.89 100.64 100.39 100.38 100.15 99.94 99.83 99.52 99.40 99.10 99.00 98.67 98.32 98.07 98.05 97.97 98.37 98.24 99.27 99.32 99.45 99.71 99.75 99.87 99.90
39°N ||     99.92 99.87 99.89 99.80 99.38 99.82 99.83 99.56 99.81 99.80 99.76 99.77 99.69 99.67 99.63 99.57 99.55 99.58 99.34 98.74 97.05 96.97 97.21 96.91 96.91 96.81 96.76 96.66 96.28 95.25 93.97 92.77 91.95 91.85 91.45 91.74 93.13 93.37 93.84 95.09 96.21 96.61 96.67 96.65 96.52 96.58 96.49 95.94 96.58 96.60 96.58 96.49 96.30 96.10 96.34 96.67 96.85 96.91 96.95 96.94 97.09 97.11 97.14 98.06 99.18 99.43 99.48 99.55 99.74 99.90 100.10 100.26 100.29 100.53 100.65 100.73 100.79 100.84 100.85 100.96 100.63 100.63 100.57 100.49 100.30 99.73 99.92 99.61 99.09 99.00 98.73 98.12 98.09 98.00 97.90 97.56 97.37 97.31 97.89 97.64 97.87 99.02 97.83 97.15 98.03 97.09 97.03 97.02 96.96 96.97 96.89 96.79 97.07 96.75 96.76 96.86 96.81 96.87 97.44 97.46 97.49 97.46 97.50 97.68 97.72 97.85 98.00 98.30 98.46 98.78 99.04 99.31 99.39 99.75 99.97 100.27 100.47 100.66 100.99 101.06 101.50 101.67 101.73 101.75 101.75 101.79 101.70 101.68 101.57 101.65 101.42 101.37 101.19 101.14 101.07 101.00 100.88 100.54 100.19 100.26 100.02 99.87 99.64 99.40 99.10 99.09 98.86 98.67 98.55 98.39 98.26 97.80 97.11 99.34 99.41 99.45 99.70 99.86 99.93 99.87
41°N ||     99.90 99.92 99.95 99.92 99.88 99.85 99.80 99.84 99.80 99.78 99.78 99.80 99.73 99.76 99.63 99.65 99.56 99.27 99.12 98.73 98.05 97.55 97.15 97.03 96.93 96.87 96.82 96.68 96.22 94.99 93.50 92.52 92.17 92.08 91.21 91.67 92.88 93.50 94.12 95.37 96.32 96.64 96.68 96.66 96.26 96.61 96.52 96.31 96.48 96.42 96.43 96.34 96.33 96.41 96.53 96.61 96.79 96.90 96.90 96.89 96.98 97.12 97.13 97.86 98.93 99.53 99.61 99.51 99.80 99.99 100.13 100.36 100.47 100.62 100.78 100.91 100.96 101.00 101.01 100.98 100.94 100.90 100.78 101.00 100.95 100.46 100.16 100.06 99.68 99.73 98.98 99.57 99.12 98.70 98.82 98.09 97.77 98.45 97.48 98.05 99.22 99.22 99.11 97.48 97.83 97.06 97.10 97.14 97.14 97.04 96.96 97.08 98.34 97.44 96.94 97.04 97.74 96.95 97.61 97.45 97.54 97.52 97.94 98.02 98.20 98.08 98.35 98.41 98.78 99.10 99.24 99.34 99.57 99.81 100.21 100.44 100.70 100.84 101.24 101.41 101.54 101.76 101.80 101.80 101.80 101.76 101.79 101.76 101.72 101.60 101.52 101.56 101.53 101.38 101.23 101.06 100.91 100.79 100.57 100.36 100.11 99.84 99.68 99.46 99.17 99.17 99.07 98.93 98.91 98.62 97.54 97.93 97.57 99.15 99.38 99.57 99.63 99.84 99.84 99.94
43°N ||     99.90 99.98 99.97 99.92 99.89 99.88 99.85 99.82 99.81 99.83 99.79 99.88 99.81 99.82 99.68 99.63 99.48 99.27 98.88 98.32 97.87 97.53 97.21 97.07 96.98 96.92 96.86 96.79 96.52 95.81 94.54 93.39 92.82 92.64 92.52 92.68 93.34 93.77 95.59 96.43 96.70 96.76 96.71 96.70 96.71 96.45 96.61 96.20 96.43 96.44 96.39 96.47 96.04 96.41 96.68 96.63 96.70 96.85 96.91 97.01 97.00 97.02 97.14 97.87 98.89 99.58 99.79 99.85 99.96 100.12 100.37 100.49 100.75 100.83 101.21 100.96 101.09 101.01 101.11 101.12 101.07 101.04 100.86 100.89 100.96 100.61 100.51 100.15 100.05 100.09 99.90 99.77 99.74 99.51 99.17 98.59 98.33 98.10 98.86 99.05 99.34 99.17 98.31 99.00 98.29 98.92 98.64 98.88 97.00 96.96 96.94 97.68 97.03 96.90 97.87 97.95 97.72 97.54 97.63 97.81 97.87 97.88 98.47 98.88 98.40 98.39 98.48 98.89 99.14 99.24 99.17 99.55 99.59 99.92 100.24 100.60 100.82 100.88 101.23 101.47 101.66 101.76 101.72 101.56 101.80 101.74 101.70 101.61 101.73 101.47 101.53 101.49 101.40 101.34 101.35 101.17 100.99 100.90 100.47 100.36 100.09 99.83 99.53 99.43 99.30 99.20 99.03 99.11 99.07 98.74 98.26 97.89 97.29 99.03 99.54 99.54 99.79 99.83 99.92 100.00
45°N ||     100.05 100.04 99.97 99.97 99.95 99.92 99.89 99.83 99.81 99.86 99.86 99.79 99.78 99.72 99.69 99.52 99.30 99.01 98.61 98.22 97.79 97.48 97.24 97.12 97.06 97.00 96.94 96.88 96.76 96.46 96.09 95.73 95.58 94.01 93.27 93.07 93.81 95.32 96.16 96.61 96.76 96.81 96.81 96.83 96.86 96.89 96.90 96.83 96.55 96.34 96.01 96.32 96.67 96.64 96.63 96.71 96.91 96.87 96.91 97.03 97.11 97.42 97.73 98.24 98.91 99.66 99.73 99.98 100.14 100.32 100.42 100.72 100.83 100.97 100.96 101.18 101.16 101.17 101.30 101.30 101.10 101.17 101.09 101.05 100.94 100.85 100.55 100.64 100.49 100.18 100.13 100.27 99.93 99.75 99.70 99.58 99.04 98.73 99.30 99.27 98.68 98.26 97.93 99.07 98.30 98.93 99.00 99.04 98.30 97.60 97.29 97.86 97.56 97.39 97.94 97.62 97.37 97.87 97.94 98.09 98.02 98.35 98.50 98.75 98.76 98.89 98.94 98.99 99.23 99.34 99.48 99.52 99.87 100.03 100.49 100.72 100.95 101.18 101.28 101.48 101.63 101.78 101.78 101.79 101.77 101.65 101.71 101.73 101.70 101.67 101.55 101.63 101.55 101.26 101.36 101.30 101.10 100.81 100.36 100.17 100.03 99.68 99.48 99.39 99.35 99.29 99.27 99.26 99.24 99.11 98.91 98.42 97.64 99.24 99.25 99.37 99.67 99.96 99.95 100.05
47°N ||     100.05 100.02 100.02 99.93 99.92 99.91 99.87 99.89 99.79 99.92 99.88 99.82 99.81 99.70 99.52 99.45 99.10 98.86 98.53 98.20 97.78 97.59 97.41 97.29 97.17 97.09 97.01 96.98 96.92 96.86 96.79 96.75 96.76 96.74 96.27 96.14 96.53 96.67 96.71 96.73 96.78 96.81 96.81 96.82 96.86 96.90 96.90 96.89 96.43 96.33 96.59 96.74 96.92 96.83 96.86 96.99 96.92 97.70 96.91 97.00 97.15 97.58 98.20 98.92 99.45 99.76 99.93 100.04 100.36 100.43 100.67 100.82 100.89 101.02 101.06 101.03 100.90 100.69 101.26 101.28 101.21 101.29 101.17 101.14 101.02 100.96 100.92 100.84 100.70 100.55 100.41 100.36 100.30 100.17 99.83 99.90 99.64 99.48 99.48 99.54 99.36 99.23 99.53 99.15 98.74 99.08 98.56 98.60 98.95 98.33 97.84 98.20 98.25 98.45 98.50 97.50 97.95 98.13 98.25 98.50 98.52 98.65 98.91 98.73 99.04 99.06 99.08 99.14 99.32 99.40 99.67 99.76 99.99 100.19 101.02 101.07 100.96 101.11 101.29 101.44 101.60 101.75 101.75 101.70 101.72 101.69 101.66 101.66 101.54 101.69 101.64 101.61 101.45 101.44 101.44 101.20 100.96 100.67 100.45 99.35 99.58 99.89 99.63 99.58 99.49 99.42 99.43 99.33 99.36 99.31 99.23 98.98 99.07 99.17 99.30 99.61 99.67 99.87 99.94 100.06
49°N ||     100.07 100.02 100.01 99.94 99.99 99.97 99.94 99.93 99.88 99.88 99.91 99.80 99.77 99.59 99.41 99.24 98.95 98.76 98.53 98.23 97.96 97.82 97.63 97.46 97.25 97.15 97.11 97.06 97.03 96.99 96.96 96.93 96.91 96.90 96.87 96.89 96.90 96.89 96.84 96.81 96.80 96.84 96.83 96.77 96.81 96.85 96.86 96.85 97.00 96.58 97.73 98.14 98.40 97.77 97.66 97.00 97.01 97.02 97.85 97.04 97.53 98.05 98.80 99.31 99.44 99.90 100.13 100.35 100.39 100.70 100.71 100.84 100.97 101.00 101.04 101.06 101.13 101.25 101.32 101.31 101.32 101.24 101.23 101.17 101.14 101.05 101.04 100.84 100.78 100.71 100.62 100.48 100.25 100.14 100.03 100.05 99.84 99.89 99.87 99.78 99.41 99.63 99.18 99.31 102.37 99.83 98.69 99.19 99.03 98.60 98.43 98.61 98.50 98.45 98.17 98.65 98.56 98.67 98.78 98.70 98.73 98.82 99.02 99.00 99.00 99.12 99.07 99.23 99.34 99.50 99.74 99.93 100.14 100.38 100.87 100.99 100.91 101.15 101.16 101.39 101.51 101.60 101.68 101.68 101.63 101.65 101.63 101.63 101.56 101.42 101.63 101.50 101.35 101.24 101.25 100.96 100.81 100.53 100.42 99.41 99.22 99.95 99.74 99.68 99.65 99.58 99.61 99.54 99.41 99.48 99.37 99.39 98.67 99.03 99.73 99.66 99.64 99.97 100.15 99.98
51°N ||     100.05 100.05 99.99 99.99 100.01 100.03 99.89 99.87 99.91 99.88 99.81 99.69 99.59 99.47 99.30 99.10 98.85 98.59 98.41 98.21 97.80 97.86 97.69 97.48 97.41 97.29 97.19 97.14 97.09 97.07 97.03 96.99 96.96 96.95 96.95 96.96 96.93 96.92 96.88 96.85 96.83 96.84 96.85 96.86 96.84 96.88 96.94 97.05 97.56 97.86 98.13 98.36 98.66 98.81 98.85 98.20 97.16 97.06 97.21 97.90 98.28 98.86 99.23 99.78 99.80 100.03 100.21 100.44 100.62 100.73 100.90 101.03 101.10 101.10 101.17 101.21 101.23 101.11 101.47 101.57 101.29 101.27 101.33 100.96 101.20 101.10 100.93 100.88 100.96 100.80 100.77 100.66 100.51 100.38 100.27 100.18 100.07 99.80 100.05 99.85 99.83 99.81 99.19 101.55 101.82 99.63 98.31 99.20 99.09 98.89 98.90 98.86 98.85 98.91 99.07 98.87 98.94 98.89 99.01 99.04 99.00 99.09 99.02 99.04 99.13 99.14 99.08 99.26 99.36 99.49 99.64 99.90 100.17 100.36 100.62 100.65 100.95 101.04 101.24 101.34 101.44 101.52 101.64 101.61 101.64 101.63 101.53 101.61 101.59 101.51 101.48 101.34 101.33 101.07 100.77 100.85 100.70 100.51 100.38 100.27 100.09 100.00 99.90 99.77 99.73 99.74 99.62 99.67 99.56 99.52 99.48 99.51 99.36 99.68 99.69 99.54 99.68 99.96 100.13 100.11
53°N ||     100.00 99.96 100.04 100.05 100.03 99.99 99.94 99.86 99.82 99.68 99.73 99.65 99.49 99.34 99.14 98.87 98.49 98.54 98.45 98.26 98.11 98.00 97.81 97.69 97.55 97.45 97.33 97.21 97.17 97.11 97.08 97.06 97.03 97.01 97.02 97.02 97.01 96.97 96.93 96.89 96.87 96.87 96.88 96.90 96.94 97.01 97.08 97.27 97.59 97.99 98.33 98.53 98.69 98.86 98.99 99.12 97.92 98.30 97.61 98.78 99.55 99.71 99.87 99.95 100.09 100.27 100.54 100.66 100.79 100.86 101.08 101.14 101.16 101.20 101.26 101.34 101.34 101.29 101.40 101.34 101.25 101.34 101.27 101.33 101.21 101.38 101.30 101.05 101.02 100.82 100.86 100.76 100.60 100.55 100.36 100.23 100.28 100.54 100.08 100.05 99.81 99.82 99.64 99.47 99.01 99.06 99.02 99.36 99.17 99.27 99.16 99.16 99.05 99.16 99.14 99.10 99.22 99.32 99.15 99.26 99.17 99.12 98.98 99.07 99.13 99.06 99.05 99.23 99.32 99.40 99.67 99.90 100.09 100.27 100.24 100.51 100.68 100.89 100.93 101.05 101.09 101.22 101.24 101.37 101.41 101.44 101.36 101.38 101.22 101.24 101.26 101.25 101.01 100.80 100.71 100.55 100.62 100.45 100.35 100.22 100.11 99.98 99.89 99.84 99.80 99.74 99.78 99.74 99.40 99.53 99.45 99.60 99.55 99.54 99.60 99.80 99.99 99.98 100.09 100.10
55°N ||     100.11 100.08 99.98 99.87 99.92 99.73 99.79 99.83 99.76 99.70 99.67 99.53 99.46 99.28 99.21 98.90 100.98 98.38 98.51 98.41 98.27 98.11 98.01 97.94 97.75 97.60 97.49 97.35 97.25 97.20 97.15 97.15 97.11 97.13 97.11 97.13 97.09 97.06 97.03 96.99 96.95 96.95 96.93 96.94 96.98 97.07 97.25 98.32 98.19 98.51 98.63 98.65 99.05 98.89 99.05 99.25 99.41 99.48 99.74 99.88 100.00 100.12 100.35 100.44 100.59 100.72 100.76 100.88 100.94 101.03 101.17 101.22 101.23 101.31 101.35 101.29 101.32 101.33 101.39 101.49 101.25 101.29 101.35 101.27 101.39 101.24 101.08 101.06 100.91 100.92 100.87 100.84 100.71 100.58 100.35 100.33 100.32 100.29 100.20 100.08 100.00 99.91 99.74 99.74 99.68 99.51 99.41 99.42 99.43 99.34 99.34 99.35 99.27 99.39 99.28 99.41 99.54 99.49 99.47 99.41 99.23 99.18 99.10 99.06 98.97 99.00 99.21 99.33 99.33 99.40 99.60 99.81 99.95 99.99 100.17 100.37 100.50 100.64 100.65 100.74 100.81 100.90 100.93 101.05 101.09 101.03 101.06 101.07 100.78 100.82 100.94 100.80 100.77 100.58 100.48 100.57 100.29 100.42 100.34 100.05 99.95 99.92 99.88 99.89 99.75 99.77 99.71 99.59 99.53 99.61 99.64 99.40 99.47 99.44 99.67 99.81 99.95 100.07 100.15 100.18
57°N ||     100.06 100.06 100.01 99.95 99.99 99.85 99.75 99.71 99.69 99.71 99.55 99.44 99.45 99.27 99.16 99.11 98.59 98.68 98.52 98.51 98.40 98.32 98.18 98.06 97.97 97.86 97.70 97.56 97.57 97.44 97.40 97.35 97.31 97.33 97.30 97.31 97.29 97.24 97.20 97.09 97.06 97.03 97.02 97.02 97.08 97.25 97.56 97.85 98.29 98.47 98.63 98.73 98.83 98.98 99.17 99.35 99.54 99.75 99.93 100.08 100.39 100.48 100.56 100.62 100.74 100.77 100.88 100.97 101.03 101.15 101.16 101.59 101.33 101.33 101.34 101.39 101.38 101.32 101.34 101.33 101.30 101.45 101.22 101.25 100.59 101.89 101.07 101.01 100.98 100.88 100.92 100.75 100.68 100.61 100.57 100.42 100.42 100.28 100.21 100.00 100.01 99.95 99.76 99.60 99.53 99.55 99.53 99.41 99.58 99.50 99.45 99.54 99.64 99.62 99.62 99.67 99.74 99.66 99.56 99.35 99.27 99.29 99.23 99.13 99.13 99.16 99.10 99.21 99.31 99.36 99.56 99.62 99.80 99.80 99.89 100.04 100.26 100.34 100.39 100.32 100.54 100.48 100.64 100.77 100.79 100.73 100.70 100.74 100.70 100.59 100.67 100.60 100.63 100.60 100.41 100.47 100.32 100.38 100.31 100.11 100.00 100.02 99.88 99.83 99.78 99.68 99.68 99.62 99.46 99.59 99.57 99.47 99.72 99.60 99.62 99.79 99.97 99.96 100.02 100.04
59°N ||     99.95 99.99 99.96 99.80 99.92 99.89 99.62 99.78 99.78 99.78 99.69 99.59 99.47 99.38 99.22 99.03 99.07 98.91 98.81 98.70 98.61 98.49 98.33 98.22 98.21 98.15 98.10 97.99 97.92 97.83 97.78 97.67 97.63 97.66 97.76 97.66 97.65 97.66 97.51 97.36 97.29 97.24 97.25 97.43 97.53 97.83 98.03 98.23 98.48 98.62 98.73 98.94 99.01 99.15 99.33 99.46 99.65 99.84 100.02 100.27 100.56 100.39 100.75 100.81 100.83 100.90 101.00 101.07 101.10 101.09 101.20 101.18 101.23 101.31 101.33 101.33 101.28 101.38 101.43 101.40 101.29 101.26 101.28 101.21 101.18 101.15 101.11 101.09 101.01 100.85 100.74 100.80 100.66 100.66 100.39 100.48 100.46 100.36 100.15 100.10 99.98 99.93 99.90 99.83 99.83 99.76 99.57 99.58 99.62 99.67 99.77 99.80 99.79 99.80 99.69 99.78 99.78 99.78 99.56 99.47 99.43 99.36 99.19 99.22 99.12 99.14 99.08 99.17 99.25 99.28 99.42 99.39 99.64 99.83 99.76 99.61 99.89 99.96 99.93 100.13 100.26 100.08 100.28 100.40 100.39 100.30 100.39 100.37 100.38 100.38 100.37 100.41 100.39 100.31 100.30 100.36 100.32 100.19 100.19 100.07 100.11 99.96 99.90 99.79 99.73 99.65 99.45 99.47 99.44 99.52 99.58 99.59 99.67 99.65 99.70 99.76 99.87 100.00 99.81 99.93
61°N ||     99.87 99.88 99.86 99.88 99.85 99.92 99.80 99.73 99.79 99.63 99.57 99.58 99.50 99.38 99.27 99.19 99.09 99.01 98.93 98.80 98.69 98.66 98.59 98.52 98.43 98.40 98.32 98.26 98.21 98.20 98.19 98.13 98.17 98.17 98.13 98.09 98.06 98.09 98.05 98.48 97.98 97.96 97.97 98.02 98.07 98.17 98.27 98.43 98.66 98.81 98.86 99.14 99.31 99.44 99.56 99.75 99.90 100.05 100.20 100.31 100.53 100.74 100.82 100.88 100.98 101.38 100.88 101.13 101.16 101.17 101.27 101.12 101.22 101.37 101.43 101.40 101.36 101.39 101.28 101.34 101.28 101.28 101.23 101.25 101.17 101.13 101.04 100.99 100.90 100.83 100.75 100.71 100.68 100.58 100.58 100.57 100.38 100.28 100.25 100.11 100.07 99.99 99.87 99.85 99.82 99.85 99.69 99.79 99.77 99.86 99.84 99.87 99.90 99.90 99.78 99.87 99.79 99.79 99.73 99.51 99.60 99.56 99.13 99.29 99.24 99.18 99.08 99.04 99.10 99.22 99.22 99.27 99.35 98.85 99.37 99.59 99.63 99.59 99.78 99.88 99.94 99.73 100.03 100.09 100.10 99.93 100.05 100.02 100.10 100.15 100.10 100.16 100.10 100.03 100.12 100.14 100.06 100.02 100.04 99.95 99.89 99.93 99.82 99.78 99.73 99.48 99.62 99.58 99.46 99.54 99.49 99.60 99.64 99.62 99.74 99.75 99.69 99.84 99.82 99.72
63°N ||     99.91 99.75 99.75 100.64 99.79 99.84 99.85 99.82 99.78 99.75 99.69 99.56 99.54 99.42 99.38 99.34 99.25 99.19 99.03 98.87 98.62 98.85 98.79 98.73 98.68 98.66 98.58 98.60 98.59 98.52 98.50 98.45 98.43 98.38 98.33 98.30 98.28 98.31 98.30 98.28 98.27 98.32 98.32 98.39 98.49 98.55 98.66 98.71 98.90 99.04 99.26 99.40 99.56 99.74 99.94 100.03 100.15 100.27 100.43 100.46 100.58 100.74 100.88 101.00 100.99 101.02 101.18 101.15 101.14 101.13 101.20 101.15 101.23 101.22 101.26 101.32 101.27 101.20 101.19 101.24 101.23 101.22 101.12 101.06 101.01 100.74 100.81 100.77 100.77 100.73 100.72 100.62 100.50 100.45 100.52 100.22 100.18 100.21 100.16 100.08 100.06 99.97 99.90 99.90 99.91 99.88 99.87 99.89 99.88 99.85 99.93 99.90 99.97 99.91 99.88 99.85 99.83 99.73 99.82 99.72 99.62 99.58 99.56 99.43 99.35 99.28 99.17 99.13 99.09 99.09 99.10 99.18 99.24 99.24 99.33 99.44 99.50 99.49 99.60 99.43 99.69 99.48 99.72 99.81 99.68 99.84 99.82 99.83 99.88 99.88 99.84 99.86 99.96 99.96 99.95 99.90 99.91 99.84 99.89 99.90 99.85 99.78 99.81 99.76 99.60 99.66 99.66 99.68 99.43 99.52 99.55 99.59 99.48 99.65 99.75 99.79 99.75 99.80 99.82 99.84
65°N ||     99.81 99.96 99.83 99.94 99.92 99.88 99.84 99.87 99.61 99.72 99.66 99.66 99.67 99.63 99.81 99.44 99.39 99.33 99.19 99.27 99.21 99.09 99.07 99.03 98.99 98.96 98.83 98.88 98.85 98.82 98.76 98.70 98.68 98.64 98.58 98.51 98.51 98.52 98.48 98.47 98.47 98.54 98.61 98.69 98.80 98.90 98.97 99.10 99.18 99.32 99.44 99.47 99.75 99.99 100.16 100.34 100.50 100.68 100.73 100.76 100.79 100.92 100.98 100.95 101.08 101.11 101.13 101.04 101.09 101.15 101.04 101.06 101.17 101.18 101.18 101.20 101.20 101.14 101.16 101.14 101.17 101.09 101.03 100.72 101.59 102.89 100.03 100.60 100.70 100.61 100.66 100.50 100.53 100.36 100.35 100.27 100.18 100.16 100.15 100.11 100.02 100.02 99.97 99.83 99.95 99.82 99.81 99.86 99.86 99.84 99.92 99.93 99.98 99.89 99.74 99.77 99.91 99.77 99.74 99.82 99.77 99.68 99.65 99.44 99.42 99.23 99.27 99.17 99.15 99.00 99.11 99.08 99.08 99.11 99.20 99.17 99.26 99.28 99.21 99.34 99.43 99.41 99.50 99.53 99.44 99.60 99.58 99.62 99.59 99.62 99.67 99.69 99.69 99.73 99.54 99.75 99.72 99.81 99.78 99.77 99.66 99.65 99.77 99.75 99.63 99.75 99.74 99.54 99.68 99.58 99.72 99.70 99.66 99.67 99.68 99.76 99.64 99.66 99.84 99.52
67°N ||     99.91 99.90 99.96 99.92 99.89 100.01 99.95 99.89 99.93 99.88 99.70 99.75 99.80 99.66 99.69 99.62 99.61 99.56 99.54 99.52 99.33 99.40 99.26 99.19 99.19 99.05 99.18 99.14 99.04 99.01 98.98 98.88 98.90 98.80 99.10 98.69 98.70 98.68 98.66 98.68 98.72 98.77 98.89 98.94 99.01 99.13 99.26 99.41 99.52 99.65 99.81 100.00 100.15 100.34 100.52 100.69 100.87 100.99 101.11 101.22 101.25 101.22 101.12 101.07 101.07 101.07 101.02 101.06 101.12 101.08 101.11 101.11 101.07 101.13 101.13 101.08 101.05 100.94 101.12 101.08 101.05 100.99 100.82 100.76 100.75 100.61 100.58 100.61 100.56 100.60 100.51 100.43 100.42 100.31 100.28 100.19 100.15 100.10 100.06 99.95 99.89 99.95 99.91 99.79 99.82 99.83 99.84 99.79 99.74 99.63 99.70 99.87 99.93 99.87 99.83 99.84 99.72 99.80 99.79 99.77 99.72 99.60 99.64 99.57 99.48 99.42 99.40 99.24 99.15 99.13 99.05 98.97 98.98 98.98 98.88 99.06 99.07 99.10 98.79 99.16 99.22 99.31 99.33 99.27 99.31 99.32 99.14 99.42 99.40 99.44 99.41 99.54 99.52 99.57 99.59 99.58 99.60 99.62 99.63 99.69 99.52 99.54 99.55 99.62 99.60 99.60 99.72 99.72 99.73 99.67 99.73 99.67 99.78 99.76 99.63 99.69 99.71 99.86 99.83 99.88
69°N ||     99.74 99.96 99.98 99.92 99.96 99.98 99.94 99.99 99.85 100.04 99.92 99.90 99.87 99.90 99.72 99.64 99.64 99.76 99.80 99.68 99.70 99.68 99.65 99.61 99.47 99.45 99.08 99.39 99.38 99.19 99.34 99.13 99.17 99.04 98.94 98.87 98.90 98.89 98.91 98.92 98.94 99.07 99.15 99.25 99.34 99.46 99.68 99.86 100.05 100.19 100.27 100.37 100.42 100.55 100.64 100.78 100.86 100.90 101.00 101.03 101.03 101.05 101.03 101.01 100.96 101.00 101.01 101.03 100.97 101.04 101.05 101.01 101.09 101.06 100.93 101.01 100.99 100.91 100.93 100.90 100.83 100.79 100.83 100.74 100.61 100.63 100.48 100.44 100.41 100.36 100.37 100.30 100.21 100.20 100.20 100.01 100.05 100.05 100.00 99.97 99.95 99.94 99.90 99.80 99.82 99.91 99.86 99.81 99.80 99.85 99.61 99.66 99.79 99.78 99.83 99.79 99.73 99.76 99.75 99.64 99.57 99.62 99.58 99.57 99.43 99.40 99.38 99.34 99.29 99.23 99.16 99.05 99.04 98.96 98.89 98.82 98.88 98.99 99.06 99.03 99.06 99.06 99.10 99.10 99.11 99.11 99.15 99.21 99.21 99.18 99.27 99.21 99.28 99.37 99.44 99.48 99.44 99.50 99.68 99.60 99.54 99.54 99.53 99.62 99.62 99.68 99.69 99.76 99.73 99.68 99.67 99.76 99.80 99.84 99.97 99.90 99.86 99.90 99.84 99.80
71°N ||     99.94 100.03 100.10 99.99 99.94 100.03 100.31 99.89 100.01 100.02 99.88 99.94 99.98 99.92 100.03 100.05 100.04 99.95 100.11 99.84 99.73 99.88 99.88 99.81 99.71 99.66 99.58 99.48 99.54 99.39 99.43 99.46 99.47 99.30 99.42 99.43 99.30 99.30 99.33 99.36 99.29 99.48 99.54 99.60 99.72 99.79 99.92 100.09 100.18 100.31 100.41 100.48 100.48 100.45 100.53 100.56 100.59 100.63 100.68 100.68 100.64 100.71 100.71 100.76 100.90 100.82 100.84 100.88 100.98 100.90 100.94 100.90 100.89 100.94 100.86 100.80 100.81 100.85 100.80 100.73 100.68 100.67 100.63 100.56 100.48 100.46 100.41 100.39 100.34 100.23 100.12 100.05 100.11 100.13 100.03 100.02 99.97 99.96 99.93 99.88 99.81 99.76 99.73 99.70 99.78 99.81 99.79 99.73 99.76 99.74 99.81 99.74 99.72 99.72 99.65 99.72 99.64 99.62 99.51 99.61 99.46 99.55 99.52 99.40 99.41 99.39 99.36 99.36 99.30 99.22 99.17 99.17 99.11 99.07 98.97 98.99 98.92 98.87 98.83 98.79 98.73 98.71 98.75 98.80 98.85 98.91 98.99 99.01 99.11 99.08 99.16 99.15 99.14 99.17 99.27 99.23 99.38 99.45 99.50 99.53 99.56 99.46 99.59 99.61 99.63 99.71 99.68 99.72 99.57 99.76 99.75 99.73 99.65 99.79 99.83 99.87 99.98 99.82 99.92 99.89
73°N ||     100.05 100.13 100.14 100.08 100.01 100.18 100.21 100.15 100.15 100.22 100.30 100.18 100.21 100.08 100.34 100.16 100.13 100.09 100.02 100.02 100.07 99.79 99.80 99.89 99.78 99.91 99.78 100.21 99.98 99.87 99.95 99.78 99.70 99.64 99.54 99.63 99.54 99.58 99.62 99.73 99.79 99.86 99.90 99.94 100.04 100.10 100.14 100.19 100.24 100.31 100.40 100.54 100.49 100.49 100.48 100.46 100.41 100.40 100.34 100.40 100.44 100.49 100.53 100.52 100.57 100.65 100.68 100.64 100.64 100.68 100.77 100.83 100.82 100.71 100.78 100.79 100.80 100.71 100.64 100.53 100.55 100.49 100.44 100.39 100.42 100.40 100.34 100.28 100.22 100.22 100.13 99.94 99.96 99.96 99.95 99.82 99.84 99.84 99.79 99.82 99.77 99.77 99.73 99.59 99.70 99.71 99.64 99.61 99.61 99.55 99.63 99.64 99.70 99.68 99.63 99.69 99.70 99.62 99.51 99.44 99.50 99.57 99.53 99.42 99.39 99.36 99.30 99.34 99.23 99.21 99.16 99.11 99.13 99.06 99.08 99.03 98.98 98.93 98.90 98.91 98.94 98.96 98.98 98.98 99.00 99.02 99.04 99.05 99.10 99.12 99.09 99.16 99.15 99.20 99.19 99.19 99.32 99.38 99.41 99.38 99.52 99.51 99.45 99.56 99.65 99.71 99.62 99.71 99.80 99.84 99.33 100.73 99.53 98.47 99.81 99.89 100.04 100.00 99.83 99.95
75°N ||     100.01 100.14 100.07 100.13 100.14 100.28 100.10 100.21 100.24 100.23 100.30 100.20 100.22 100.34 100.22 100.29 100.29 100.07 100.17 100.23 100.16 100.28 100.34 100.43 100.24 100.03 100.07 100.07 99.79 99.89 99.92 99.85 100.01 100.06 100.14 99.94 99.88 99.90 99.79 99.94 99.92 99.98 100.09 100.08 100.07 100.00 100.11 100.16 100.20 100.32 100.38 100.39 100.39 100.40 100.41 100.54 100.37 100.35 100.38 100.40 100.49 100.54 100.58 100.58 100.58 100.55 100.51 100.54 100.58 100.49 100.62 100.62 100.63 100.63 100.60 100.65 100.57 100.57 100.46 100.49 100.41 100.39 100.32 100.48 100.28 100.20 100.14 100.08 100.07 100.07 100.00 99.97 99.93 99.87 99.88 99.85 99.95 99.74 99.70 99.68 99.66 99.65 99.64 99.60 99.62 99.64 99.65 99.61 99.55 99.62 99.58 99.55 99.61 99.61 99.60 99.57 99.54 99.58 99.48 99.48 99.47 99.44 99.37 99.48 99.48 99.43 99.31 99.29 99.28 99.19 99.26 99.22 99.22 99.18 99.08 99.11 99.06 99.06 99.03 99.03 99.00 99.06 99.07 98.94 99.01 99.05 99.10 99.11 99.05 99.06 99.09 99.14 99.16 99.18 99.21 99.21 99.24 99.33 99.37 99.42 99.42 99.50 99.51 99.59 99.62 99.61 99.62 99.66 99.71 99.78 99.78 99.84 99.78 100.05 100.07 100.10 100.11 100.11 100.05 99.96
77°N ||     100.22 100.08 99.81 99.67 99.85 100.18 100.07 99.63 99.66 100.13 100.25 100.26 100.30 100.25 100.24 100.04 99.71 99.75 99.64 100.03 99.79 99.92 100.40 100.73 100.24 100.03 100.02 100.17 100.09 100.08 100.06 100.07 100.13 100.02 99.65 100.00 99.89 99.98 99.95 99.91 100.10 100.06 99.97 99.97 100.06 100.15 100.19 100.23 100.27 100.30 100.32 100.36 100.20 100.42 100.45 100.50 100.52 100.52 100.52 100.52 100.56 99.79 99.83 100.28 100.42 100.40 100.39 100.42 100.34 100.34 100.41 100.43 100.43 100.44 100.39 100.40 100.38 100.39 100.43 100.41 100.35 100.24 100.22 100.19 100.18 100.11 99.97 99.96 100.04 99.99 100.01 99.96 99.87 99.77 99.75 99.80 99.80 99.78 99.73 99.69 99.68 99.68 99.63 99.71 99.63 99.61 99.62 99.60 99.60 99.59 99.59 99.57 99.53 99.47 99.47 99.46 99.52 99.43 99.44 99.34 99.39 99.42 99.43 99.44 99.43 99.44 99.40 99.37 99.33 99.27 99.30 99.24 99.19 99.11 98.81 99.04 99.13 99.14 99.17 99.14 99.08 99.08 99.08 99.07 99.08 99.05 99.11 99.06 99.09 99.03 99.10 99.15 99.13 99.18 99.22 99.24 99.28 99.29 99.25 99.33 99.36 99.43 99.52 99.58 99.60 99.61 99.66 99.75 99.75 99.71 99.80 99.73 99.79 99.88 99.85 100.08 100.20 100.17 100.08 100.16
79°N ||     99.88 99.74 99.74 99.86 99.89 99.84 99.79 99.79 99.83 99.81 99.83 99.65 99.94 99.88 99.92 100.02 100.01 100.06 100.06 100.00 99.98 100.11 100.08 100.12 100.18 100.22 100.13 99.87 99.95 99.82 99.89 99.93 99.97 99.99 99.94 100.01 99.96 100.07 100.05 100.04 100.06 100.09 100.09 100.04 99.97 100.00 100.04 100.08 100.11 100.20 100.28 100.24 100.27 100.31 100.36 100.37 100.32 100.38 100.46 100.45 100.50 100.53 100.51 100.53 100.48 100.48 100.56 100.50 100.39 100.33 100.27 100.23 100.15 100.18 100.19 100.02 99.97 100.02 100.14 100.16 100.04 100.10 99.92 99.40 99.71 100.06 98.82 99.05 99.76 98.38 98.84 99.41 99.08 98.65 99.26 98.48 98.64 99.36 99.07 98.71 98.84 98.93 99.07 99.49 99.54 99.46 99.52 99.54 99.56 99.54 99.53 99.52 99.51 99.50 99.45 99.47 99.45 99.44 99.42 99.20 99.78 99.18 99.37 99.34 99.31 99.35 99.31 99.28 99.29 99.29 99.29 99.29 99.26 99.27 99.26 99.26 99.27 99.27 99.21 99.23 99.19 99.14 99.07 99.09 99.09 99.00 98.91 98.92 98.98 99.03 99.06 99.02 99.11 99.17 99.17 99.25 99.21 99.28 99.26 99.27 99.32 99.39 99.42 99.51 99.52 99.59 99.56 99.55 99.60 99.73 99.73 99.76 99.77 99.82 99.85 99.79 99.78 99.93 99.94 99.91
81°N ||     98.88 98.89 98.93 98.99 98.93 98.94 98.97 98.95 98.97 98.99 99.03 99.05 99.08 99.11 99.15 99.18 99.18 99.22 99.22 99.24 99.26 99.29 99.31 99.36 99.40 99.47 99.56 99.67 99.67 99.75 99.84 99.73 99.75 99.95 99.41 99.40 99.20 99.49 98.85 98.99 99.23 99.34 99.81 99.82 99.84 99.92 100.01 99.96 99.76 99.71 99.17 99.13 98.93 99.14 99.67 99.28 99.20 99.18 99.18 99.29 99.95 99.75 99.83 99.84 99.93 99.99 100.10 99.71 99.53 99.23 99.24 99.26 98.75 99.01 98.80 98.48 98.27 98.46 98.23 98.01 97.97 97.68 97.73 97.58 97.58 97.65 97.42 97.40 97.42 97.33 97.40 97.52 97.26 97.26 97.53 97.32 97.37 97.19 97.19 97.22 97.54 97.63 97.61 97.61 97.66 97.74 97.41 98.24 98.32 99.03 98.98 98.35 98.62 99.28 98.93 99.03 98.73 98.87 99.15 98.54 98.59 98.49 98.59 98.63 98.90 99.26 98.72 98.82 98.82 98.80 98.87 98.84 98.84 98.87 98.89 98.91 99.00 99.11 99.21 99.21 99.21 99.20 99.20 99.16 99.19 99.13 99.14 99.16 99.18 99.24 99.23 99.26 99.27 99.29 99.28 99.27 99.27 99.30 99.31 99.27 99.28 99.30 99.33 99.33 99.33 99.32 99.29 99.26 99.25 99.16 99.07 99.09 99.08 99.07 99.05 99.00 98.95 98.89 98.89 98.88
83°N ||     98.47 98.47 98.48 98.48 98.48 98.47 98.49 98.50 98.51 98.53 98.56 98.60 98.61 98.64 98.66 98.71 98.75 98.76 98.84 98.84 98.88 98.89 98.90 98.89 98.88 98.82 98.98 98.94 98.89 98.28 98.16 97.95 98.22 98.33 97.97 98.17 97.90 97.93 97.95 97.85 97.71 97.85 97.63 97.51 97.52 97.68 97.66 97.61 97.69 97.78 97.93 98.09 98.32 98.41 98.00 98.11 97.91 97.77 97.76 97.90 97.79 98.49 98.42 99.25 99.43 99.63 99.80 99.91 99.88 99.53 99.23 98.87 98.56 98.35 98.25 98.04 97.93 97.81 97.73 97.68 97.63 97.56 97.51 97.47 97.41 97.36 97.32 97.28 97.26 97.26 97.26 97.25 97.24 97.22 97.20 97.18 97.16 97.14 97.13 97.13 97.12 97.10 97.09 97.08 97.08 97.07 97.07 97.06 97.07 97.13 97.25 97.42 97.37 97.44 97.28 97.41 97.62 97.68 97.56 97.45 97.39 97.42 97.67 97.49 97.56 97.44 97.54 97.57 97.48 97.54 97.39 97.43 97.54 97.72 97.65 97.62 97.68 97.51 97.60 97.62 97.76 98.08 98.15 98.28 98.71 98.67 98.97 99.17 99.20 99.16 99.12 99.10 99.10 99.10 99.16 99.18 99.16 99.14 99.06 99.03 99.00 98.99 98.96 98.92 98.89 98.85 98.81 98.77 98.75 98.73 98.70 98.69 98.65 98.63 98.61 98.59 98.54 98.51 98.49 98.48
85°N ||     98.68 98.55 98.67 98.82 98.90 99.15 97.93 97.80 98.04 98.22 97.64 97.96 97.77 97.68 97.83 98.00 97.36 97.20 97.18 97.20 97.21 97.38 97.83 97.56 97.60 97.71 98.03 97.79 97.75 97.96 97.91 97.10 97.16 97.43 97.19 97.11 97.09 97.09 97.10 97.11 97.10 97.16 97.13 97.09 97.11 97.08 97.06 97.07 97.07 97.13 97.12 97.11 97.16 97.29 97.29 97.20 97.22 97.24 97.30 97.37 97.41 97.30 97.41 97.33 97.30 97.30 97.54 97.55 97.91 98.12 98.26 98.53 98.30 98.28 98.25 98.40 98.57 98.77 98.85 98.86 98.93 98.94 98.55 98.19 97.82 97.77 97.82 97.90 98.01 98.25 98.70 98.70 97.44 97.27 97.26 97.34 97.29 97.24 97.15 97.11 97.10 97.14 97.09 97.08 97.07 97.06 97.05 97.04 97.04 97.03 97.03 97.03 97.03 97.03 97.04 97.04 97.05 97.06 97.06 97.06 97.06 97.07 97.08 97.07 97.06 97.06 97.06 97.06 97.07 97.06 97.06 97.06 97.06 97.06 97.07 97.07 97.11 97.11 97.10 97.24 97.08 97.08 97.08 97.34 97.35 97.35 97.44 97.72 97.45 97.27 97.38 97.28 97.53 97.62 97.83 98.04 97.61 97.81 97.97 98.06 98.01 97.79 97.91 98.30 98.16 98.22 98.43 98.83 98.59 98.91 98.65 98.44 98.30 98.16 98.32 98.54 98.68 98.37 98.39 98.44
87°N ||     96.98 97.01 96.99 97.00 97.02 97.01 97.01 97.01 96.96 96.95 96.96 96.96 96.97 96.98 96.96 96.95 96.95 96.95 96.94 96.94 96.95 96.97 96.97 96.93 96.93 96.93 96.94 96.94 96.94 96.95 96.95 96.93 96.92 96.93 96.92 96.91 96.90 96.90 96.90 96.90 96.91 96.90 96.92 96.91 96.91 96.89 96.89 96.88 96.89 96.90 96.90 96.90 96.90 96.90 96.92 96.94 96.94 96.96 96.97 96.96 96.95 96.94 96.94 96.93 96.93 96.93 96.93 96.93 96.94 96.94 96.99 97.16 97.21 97.12 97.07 97.05 97.07 97.05 97.04 97.06 97.02 97.00 97.00 96.99 97.01 96.99 97.01 97.04 97.02 97.03 96.99 96.98 96.99 96.97 96.95 96.95 96.96 96.96 96.97 96.96 96.95 96.94 96.94 96.95 96.95 96.93 96.93 96.92 96.92 96.91 96.91 96.92 96.91 96.91 96.92 96.92 96.92 96.93 96.92 96.95 96.92 96.92 96.93 96.94 96.96 96.98 96.94 96.93 96.95 96.95 96.96 96.94 96.92 96.92 96.92 96.92 96.92 96.93 96.94 96.94 96.94 96.95 96.95 96.94 96.96 96.96 96.96 96.95 96.93 96.92 96.93 96.92 96.94 96.93 96.91 96.91 96.92 96.97 96.95 96.96 96.94 96.99 96.99 97.01 97.01 97.02 97.00 97.00 97.01 97.01 97.00 97.03 97.04 97.03 97.04 97.04 97.02 97.05 97.08 97.01
89°N ||     96.86 96.86 96.86 96.87 96.87 96.85 96.85 96.84 96.84 96.84 96.84 96.84 96.84 96.84 96.84 96.83 96.83 96.83 96.83 96.83 96.83 96.83 96.83 96.83 96.83 96.83 96.83 96.82 96.82 96.82 96.81 96.81 96.81 96.81 96.81 96.80 96.80 96.80 96.80 96.80 96.80 96.80 96.80 96.80 96.80 96.80 96.80 96.80 96.80 96.80 96.80 96.80 96.81 96.81 96.81 96.82 96.82 96.83 96.83 96.83 96.83 96.83 96.83 96.83 96.84 96.84 96.84 96.84 96.84 96.84 96.84 96.84 96.85 96.85 96.85 96.85 96.86 96.86 96.86 96.86 96.86 96.86 96.86 96.86 96.86 96.86 96.86 96.86 96.86 96.86 96.86 96.87 96.87 96.87 96.87 96.86 96.86 96.86 96.87 96.88 96.87 96.86 96.86 96.86 96.86 96.85 96.85 96.85 96.85 96.84 96.84 96.84 96.84 96.84 96.84 96.84 96.84 96.84 96.83 96.83 96.83 96.83 96.83 96.83 96.84 96.83 96.83 96.83 96.83 96.83 96.83 96.83 96.82 96.82 96.82 96.82 96.82 96.81 96.81 96.81 96.81 96.80 96.80 96.80 96.80 96.80 96.80 96.81 96.81 96.81 96.81 96.81 96.81 96.82 96.82 96.82 96.83 96.83 96.83 96.82 96.82 96.83 96.83 96.83 96.83 96.83 96.83 96.83 96.83 96.83 96.84 96.84 96.84 96.84 96.85 96.85 96.85 96.85 96.85 96.86
