Mars Surface Radiation Result (absorbed dose in thin silicon slab) (1E-6 Gy/day).

The first row gives the longitude
The first column for each row (starting from the 2nd row) gives the latitude
The rest values of each row gives the dose rate at different longitudes (given in the first row)

179°W  177°W  175°W  173°W  171°W  169°W  167°W  165°W  163°W  161°W  159°W  157°W  155°W  153°W  151°W  149°W  147°W  145°W  143°W  141°W  139°W  137°W  135°W  133°W  131°W  129°W  127°W  125°W  123°W  121°W  119°W  117°W  115°W  113°W  111°W  109°W  107°W  105°W  103°W  101°W  99°W  97°W  95°W  93°W  91°W  89°W  87°W  85°W  83°W  81°W  79°W  77°W  75°W  73°W  71°W  69°W  67°W  65°W  63°W  61°W  59°W  57°W  55°W  53°W  51°W  49°W  47°W  45°W  43°W  41°W  39°W  37°W  35°W  33°W  31°W  29°W  27°W  25°W  23°W  21°W  19°W  17°W  15°W  13°W  11°W  9°W  7°W  5°W  3°W  1°W  1°E  3°E  5°E  7°E  9°E  11°E  13°E  15°E  17°E  19°E  21°E  23°E  25°E  27°E  29°E  31°E  33°E  35°E  37°E  39°E  41°E  43°E  45°E  47°E  49°E  51°E  53°E  55°E  57°E  59°E  61°E  63°E  65°E  67°E  69°E  71°E  73°E  75°E  77°E  79°E  81°E  83°E  85°E  87°E  89°E  91°E  93°E  95°E  97°E  99°E  101°E  103°E  105°E  107°E  109°E  111°E  113°E  115°E  117°E  119°E  121°E  123°E  125°E  127°E  129°E  131°E  133°E  135°E  137°E  139°E  141°E  143°E  145°E  147°E  149°E  151°E  153°E  155°E  157°E  159°E  161°E  163°E  165°E  167°E  169°E  171°E  173°E  175°E  177°E  179°E  
--------------------------------------------------------------------------------------------------------------
89°S ||     102.57 102.62 102.67 102.69 102.69 102.68 102.68 102.70 102.74 102.78 102.94 103.00 102.97 103.03 103.24 103.35 103.40 103.48 103.50 103.38 103.31 103.47 103.49 103.44 103.38 103.36 103.29 103.31 103.40 103.37 103.46 103.58 103.52 103.45 103.56 103.47 103.38 103.31 103.22 103.16 103.11 103.03 102.97 102.94 102.92 102.92 102.91 102.92 102.91 102.89 102.86 102.86 102.82 102.81 102.81 102.80 102.72 102.69 102.67 102.67 102.64 102.62 102.62 102.58 102.60 102.63 102.65 102.52 102.47 102.48 102.41 102.39 102.39 102.39 102.35 102.32 102.30 102.29 102.27 102.28 102.26 102.28 102.28 102.26 102.28 102.29 102.28 102.27 102.26 102.27 102.29 102.32 102.34 102.35 102.36 102.37 102.36 102.37 102.39 102.39 102.37 102.36 102.35 102.35 102.36 102.37 102.38 102.39 102.40 102.40 102.41 102.40 102.36 102.38 102.43 102.47 102.45 102.45 102.46 102.48 102.50 102.51 102.52 102.55 102.59 102.62 102.63 102.66 102.69 102.70 102.72 102.73 102.74 102.76 102.77 102.80 102.81 102.81 102.80 102.81 102.76 102.77 102.74 102.70 102.72 102.72 102.71 102.68 102.65 102.62 102.61 102.60 102.59 102.55 102.53 102.51 102.50 102.48 102.48 102.49 102.48 102.48 102.47 102.45 102.45 102.45 102.45 102.46 102.47 102.48 102.49 102.50 102.50 102.51 102.51 102.53 102.55 102.55 102.56 102.57
87°S ||     104.69 104.77 104.79 104.93 104.90 104.97 104.87 104.86 104.84 104.74 104.74 104.73 104.62 104.48 104.42 104.40 104.42 104.43 104.43 104.38 104.38 104.43 104.58 104.62 104.60 104.54 104.55 104.44 104.52 104.35 104.61 104.63 104.46 104.44 104.43 104.43 104.38 104.33 104.37 104.37 104.32 104.37 104.32 104.30 104.26 104.23 104.22 104.15 104.10 104.04 103.89 104.05 103.84 103.56 103.58 103.51 103.38 103.24 103.17 103.14 103.31 102.78 102.85 102.57 102.50 102.48 102.42 102.39 102.37 102.33 102.25 102.19 102.25 102.23 101.95 101.89 101.81 101.71 101.67 101.84 101.52 101.32 101.30 101.20 101.17 101.18 101.20 101.23 101.26 101.29 101.33 101.34 101.37 101.37 101.38 101.82 101.71 101.90 101.77 102.01 102.01 102.01 102.10 102.11 102.15 102.25 102.32 102.49 102.59 102.65 102.50 102.49 102.52 102.55 102.57 102.57 102.62 102.66 102.74 102.74 102.82 102.88 102.90 102.95 103.04 103.03 103.04 103.12 103.21 103.19 103.27 103.28 103.30 103.37 103.51 103.67 103.77 103.94 103.85 103.66 103.49 103.44 103.41 103.37 103.32 103.32 103.27 102.99 102.96 102.94 102.93 102.95 103.00 102.99 102.99 103.00 103.07 103.20 103.30 103.29 103.38 103.46 103.57 103.61 103.74 103.85 103.96 104.01 104.17 104.21 104.40 104.40 104.42 104.41 104.50 104.38 104.11 104.26 104.67 104.91
85°S ||     104.08 104.09 104.11 104.11 104.13 104.12 104.15 104.20 104.20 104.20 104.20 104.20 104.22 104.30 104.22 104.15 104.16 104.28 104.27 104.27 104.28 104.30 104.33 104.35 104.33 104.34 104.38 104.50 104.57 104.73 105.09 105.12 105.10 105.10 105.14 104.96 105.17 105.04 104.99 104.94 105.18 105.47 105.41 105.43 105.20 105.15 105.03 104.92 104.83 104.73 104.76 104.63 104.61 104.57 104.83 104.92 104.60 104.41 104.47 104.86 104.68 103.70 103.55 103.59 103.72 103.81 103.64 103.74 103.73 103.29 103.42 103.28 102.97 102.88 102.94 102.66 103.01 103.29 103.58 103.19 103.00 102.91 102.98 102.98 103.08 102.92 102.84 102.70 102.69 102.81 102.69 102.72 102.85 102.83 102.83 102.84 102.86 102.91 102.97 103.09 103.06 103.19 103.51 103.83 103.74 103.70 103.67 103.69 103.65 103.72 103.82 103.89 103.95 104.03 103.78 103.84 103.97 103.99 103.91 103.81 103.80 103.84 103.88 103.99 104.11 104.21 104.21 104.14 104.15 104.09 104.04 104.01 103.96 103.98 104.02 104.14 104.76 105.96 106.37 106.10 105.44 105.12 104.99 105.03 104.52 104.26 104.15 104.02 104.08 104.16 104.02 104.05 104.11 104.28 104.46 104.53 104.57 104.60 104.57 104.57 104.56 104.38 104.22 104.14 104.12 104.23 104.30 104.38 104.53 104.73 104.46 104.52 104.48 104.42 104.34 104.30 104.27 104.26 104.13 104.08
83°S ||     104.19 104.22 104.24 104.26 104.27 104.27 104.29 104.31 104.34 104.36 104.38 104.42 104.45 104.48 104.46 104.47 104.49 104.53 104.57 104.59 104.63 104.67 104.70 104.75 104.80 104.86 104.91 104.98 105.10 105.23 105.16 104.99 104.96 104.90 105.02 105.14 105.12 105.07 105.14 105.21 104.94 104.93 104.95 104.96 104.98 105.01 104.98 105.52 105.64 105.72 105.63 105.64 105.56 105.55 105.57 105.53 105.46 105.77 105.87 105.87 105.39 105.75 105.64 105.52 105.87 105.57 105.59 105.55 105.97 105.61 105.91 106.17 106.35 106.37 106.19 106.04 106.07 106.06 106.04 106.13 106.09 106.05 105.87 105.91 105.92 105.83 105.75 105.72 105.78 105.76 105.47 105.47 105.58 105.97 105.51 105.41 105.30 105.25 105.28 105.13 105.36 104.79 104.97 104.68 105.13 105.40 105.47 105.20 105.08 105.11 105.15 105.30 105.59 105.69 105.78 105.74 105.31 105.32 105.24 105.22 105.14 105.12 104.77 104.69 104.76 104.82 104.82 104.66 104.66 104.82 104.75 104.76 104.96 104.98 105.20 105.83 106.66 106.58 106.61 106.59 106.61 105.36 105.23 105.28 105.24 105.38 105.34 105.25 105.22 105.22 105.16 105.03 104.91 104.85 104.80 104.64 104.58 104.64 104.98 105.38 105.91 106.20 105.69 105.11 104.31 104.31 103.97 103.89 103.86 103.86 104.00 104.24 104.79 104.78 104.46 104.23 104.13 104.10 104.13 104.16
81°S ||     104.57 104.65 104.65 104.81 104.53 104.61 104.66 104.72 104.78 104.84 104.91 104.99 105.18 105.22 104.98 104.97 105.01 105.07 105.13 105.18 105.23 105.28 105.30 105.35 105.39 105.44 105.51 105.55 105.58 105.61 105.66 105.83 105.80 105.83 105.95 105.89 105.66 105.70 105.67 105.70 105.90 105.73 105.38 105.44 105.25 105.11 105.18 105.37 105.42 105.31 105.47 105.37 105.62 106.50 106.13 106.35 106.65 106.16 106.63 106.54 106.21 106.34 106.41 106.38 106.39 106.34 106.40 106.41 106.32 106.23 106.34 106.16 105.97 105.99 106.02 106.04 105.98 105.99 105.95 105.98 106.40 105.87 105.70 105.64 105.61 105.63 105.62 105.62 105.59 105.58 105.56 105.58 105.46 105.27 105.05 104.72 104.00 103.24 104.15 104.30 104.83 105.20 105.14 105.27 105.61 105.83 105.98 106.23 106.19 106.06 105.81 106.14 106.28 106.42 106.41 106.49 106.52 106.61 106.58 106.57 106.55 106.59 106.52 106.45 106.43 106.46 106.05 106.09 106.17 106.25 106.32 106.55 106.62 106.72 106.77 106.75 106.72 106.06 105.15 104.92 104.87 104.81 104.78 104.98 105.07 105.10 105.03 105.20 105.30 105.41 105.56 105.65 105.77 105.53 105.66 105.92 106.09 105.73 105.59 105.63 106.13 105.90 105.60 105.61 105.76 105.69 106.17 105.46 104.61 104.25 104.28 104.45 104.62 104.89 105.22 104.48 104.62 104.62 104.40 104.47
79°S ||     104.98 105.03 105.05 105.17 105.15 105.10 105.11 105.15 105.17 105.39 105.24 105.34 105.40 105.43 105.52 105.66 105.55 105.76 105.46 105.72 105.60 105.64 105.61 106.10 106.54 105.47 105.94 106.44 106.25 106.36 106.29 106.29 106.26 106.28 106.33 106.35 106.35 106.34 106.23 106.19 106.20 105.95 106.56 106.68 105.69 105.89 105.87 105.73 105.67 105.94 106.16 105.91 106.62 106.45 106.52 106.72 106.96 105.70 106.38 105.84 106.62 106.37 105.71 106.19 106.21 106.53 106.57 106.50 106.48 106.44 106.39 106.42 106.40 106.41 106.39 106.35 106.38 106.43 106.38 106.16 106.26 106.43 106.15 106.11 106.13 106.34 105.98 106.18 106.01 106.04 106.09 105.96 105.89 105.57 104.69 104.69 104.23 104.75 105.35 105.67 105.59 105.88 105.93 106.01 106.10 106.33 106.14 106.26 105.99 106.28 105.82 106.14 105.96 105.96 105.58 105.47 106.25 106.43 106.71 106.76 106.81 106.79 106.82 106.80 106.84 106.81 106.77 106.82 106.80 106.84 106.79 106.77 106.85 106.83 106.84 106.85 106.91 106.93 106.87 106.87 106.87 106.91 106.58 106.17 106.39 105.78 105.25 105.25 105.25 105.14 105.22 105.34 105.79 106.94 106.81 105.89 105.68 106.28 105.01 105.05 105.74 105.13 104.81 104.66 104.59 104.72 104.56 105.02 104.74 104.70 104.72 104.79 104.93 104.60 104.50 104.64 104.76 104.88 104.88 104.90
77°S ||     105.88 105.57 105.50 105.47 105.37 105.66 105.62 105.99 105.94 105.98 105.94 105.97 106.32 106.12 106.07 106.13 106.22 106.22 106.35 106.20 106.14 106.19 106.14 106.24 106.17 106.31 106.50 106.58 106.42 106.53 106.50 106.53 106.53 106.52 106.52 106.53 106.50 106.52 106.50 106.50 106.48 106.50 106.43 106.28 106.21 105.99 105.44 106.14 105.33 105.61 106.40 106.22 106.05 105.49 105.67 105.90 106.08 106.03 106.18 106.15 106.44 106.62 106.43 106.51 106.69 106.72 106.70 106.74 106.74 106.70 106.67 106.65 106.60 106.61 106.58 106.58 106.55 106.46 106.24 106.27 106.20 106.05 105.99 105.83 106.08 106.27 106.13 106.16 105.96 106.08 106.09 106.03 105.65 105.48 105.33 105.15 104.61 104.19 105.44 106.58 106.94 107.08 107.06 105.96 106.24 106.10 106.14 106.32 106.03 106.37 106.09 106.04 105.98 106.41 106.77 106.60 106.04 105.90 105.45 105.20 105.09 104.66 104.51 105.11 105.75 106.27 106.59 106.58 106.48 106.28 105.68 106.29 106.45 105.82 106.42 106.62 106.91 106.82 106.56 106.44 106.13 106.15 105.90 106.36 106.98 106.93 106.78 106.66 105.93 105.98 106.07 105.23 105.98 106.32 106.32 105.44 105.06 105.16 104.92 104.98 105.08 104.91 104.91 105.20 105.07 105.01 105.16 105.28 105.33 105.30 105.19 105.30 105.54 105.18 105.21 105.27 105.49 105.67 105.77 105.57
75°S ||     106.14 106.24 105.99 106.13 105.93 105.94 106.05 106.68 106.27 106.18 107.05 107.25 106.35 106.53 106.55 106.65 106.45 106.56 106.56 106.38 106.39 106.60 106.62 106.76 106.62 106.69 106.73 106.75 106.72 106.69 106.69 106.67 106.71 106.67 106.24 106.60 106.61 106.59 106.56 106.55 106.50 106.45 106.46 106.46 106.50 106.56 106.48 106.39 106.20 106.08 106.17 105.65 105.49 105.87 106.39 106.48 106.42 106.73 106.87 106.90 106.93 106.91 106.87 106.83 106.80 106.80 106.77 106.58 106.74 106.64 106.53 106.38 106.35 106.18 106.12 106.20 106.12 106.30 106.13 106.15 106.22 106.25 106.34 106.16 106.49 106.26 106.25 106.40 106.24 106.24 106.14 105.83 105.69 106.01 106.15 106.18 106.19 106.20 106.26 106.13 105.96 106.07 106.07 106.02 106.32 106.39 106.39 106.22 106.20 106.08 105.99 105.81 105.32 105.52 105.70 105.12 105.55 105.40 105.16 105.34 105.07 105.00 105.77 106.11 105.93 105.77 106.90 105.50 105.71 105.72 105.85 106.34 106.24 106.12 106.05 105.85 106.17 105.14 104.75 104.29 104.21 104.91 107.13 106.99 107.09 105.92 106.58 105.94 106.72 107.01 106.89 106.83 106.76 106.79 106.88 105.81 104.69 104.65 104.64 104.65 104.63 104.82 105.54 105.42 105.62 104.97 105.05 105.26 105.34 105.33 105.42 105.42 105.46 105.72 105.73 105.81 105.95 105.89 105.95 106.00
73°S ||     107.14 106.13 106.75 106.73 106.63 106.33 106.97 106.73 106.76 106.73 106.32 105.99 106.76 106.30 106.59 106.76 106.72 106.71 106.65 106.53 106.38 106.03 106.97 105.83 106.08 106.86 106.66 106.63 106.66 106.71 106.73 106.72 106.79 106.47 106.40 106.08 106.30 106.65 106.54 106.59 106.59 106.62 106.53 106.57 106.61 106.60 106.61 106.37 106.85 107.50 107.50 107.57 107.55 106.34 106.84 106.86 107.01 107.04 107.06 107.08 107.09 107.07 107.02 106.94 106.98 106.63 106.77 106.94 106.96 106.96 106.92 106.68 106.47 106.58 106.46 106.35 106.28 106.40 106.60 106.24 106.24 106.26 106.30 106.60 106.44 106.67 106.79 106.74 106.64 106.69 106.37 106.33 105.96 106.34 106.32 106.42 106.59 106.61 106.61 106.58 106.62 106.62 106.70 106.66 106.58 106.51 106.65 106.19 106.11 105.96 105.47 105.09 105.36 105.84 106.28 105.98 106.19 106.07 106.17 105.79 105.95 105.54 105.31 105.22 105.58 105.54 105.90 105.94 106.23 106.19 106.15 106.27 106.31 106.42 106.52 106.54 106.53 106.65 106.33 105.95 106.35 104.92 105.11 105.79 105.89 105.94 106.03 106.26 106.76 106.63 106.44 105.53 106.34 106.81 107.08 107.18 106.65 105.64 104.72 105.19 104.93 105.27 105.82 105.88 105.18 105.50 105.96 106.12 105.96 106.34 107.06 106.86 106.50 106.37 106.38 106.33 106.49 106.30 106.35 107.04
71°S ||     107.02 107.06 107.14 107.18 107.23 107.34 107.42 107.37 107.38 107.40 107.40 106.90 106.30 106.01 105.36 105.37 106.07 106.23 107.13 106.45 106.50 106.35 106.15 106.23 107.57 106.73 106.78 106.80 106.69 106.49 106.57 106.47 106.46 106.64 106.56 106.52 106.44 106.73 106.58 106.59 106.71 106.55 106.68 106.60 106.64 106.67 106.40 106.21 106.27 106.99 107.49 107.38 107.56 106.18 106.98 107.10 107.14 107.18 107.13 107.15 107.20 106.94 106.84 106.94 107.04 107.10 107.12 107.00 107.02 106.20 106.49 106.68 106.54 106.70 106.42 106.59 106.45 105.99 105.78 105.63 105.51 106.48 106.47 106.46 106.63 106.65 106.78 106.60 106.83 106.69 107.10 107.02 106.67 106.75 106.74 106.58 106.50 105.87 106.48 106.75 106.88 106.63 106.67 106.68 106.66 106.70 106.36 105.45 105.76 106.11 106.15 106.25 106.26 106.43 106.45 106.35 106.60 106.42 106.54 106.62 106.54 106.74 106.77 106.58 106.65 106.40 105.76 106.00 107.14 107.14 106.23 106.43 106.22 104.99 105.90 106.12 106.23 105.75 105.45 105.81 106.12 105.60 106.44 106.63 106.88 106.90 106.86 106.58 106.58 106.73 107.01 106.92 107.11 106.93 107.49 107.59 107.55 107.35 107.04 106.86 107.08 106.95 106.76 107.07 107.22 107.17 107.17 107.04 106.92 107.26 106.97 107.22 107.13 107.17 106.72 106.71 106.77 106.84 106.51 106.92
69°S ||     106.51 106.58 106.89 107.08 106.71 107.63 107.54 107.39 107.48 107.46 107.44 107.30 106.83 106.91 106.53 106.64 105.66 105.86 106.21 106.68 106.99 106.79 106.50 106.35 106.33 106.87 106.71 106.84 106.50 106.92 106.16 106.24 106.14 106.40 106.44 106.52 106.76 106.78 106.86 106.86 106.91 106.85 106.83 106.88 106.88 107.21 106.69 106.96 106.96 106.94 106.97 107.08 107.08 107.16 107.18 107.13 107.15 107.17 107.01 107.01 106.85 107.16 107.13 107.24 107.14 106.96 106.43 106.46 106.52 106.52 106.48 106.59 106.59 106.78 106.88 107.05 106.88 106.40 105.88 106.15 106.29 106.70 106.66 106.32 106.31 106.09 106.16 106.11 106.37 106.63 106.65 106.77 105.85 106.80 106.87 106.80 106.92 106.92 106.90 106.94 106.90 106.86 106.92 106.85 106.63 106.33 105.62 106.73 106.91 106.79 106.63 106.44 106.54 106.41 106.55 106.07 106.00 106.55 106.91 107.08 107.23 107.12 107.15 107.21 107.20 107.13 106.81 106.44 106.16 106.19 106.63 106.54 106.51 106.45 107.24 106.21 105.03 105.43 105.54 105.71 105.92 105.91 105.52 105.65 106.18 106.62 106.73 106.48 106.90 106.99 106.99 107.06 106.63 104.87 106.97 107.51 107.41 105.49 107.51 107.46 107.42 107.28 107.23 107.18 106.97 106.74 106.52 106.57 105.89 105.63 106.59 107.08 107.07 106.91 106.79 106.64 106.54 106.45 106.66 106.66
67°S ||     107.55 106.47 106.24 106.90 106.92 106.99 107.01 107.36 107.42 107.48 107.50 107.50 107.42 107.33 107.10 106.87 106.60 106.19 106.11 105.84 105.83 105.54 105.89 105.92 106.28 106.24 106.12 106.03 106.45 105.79 105.80 105.80 106.28 107.50 106.27 106.48 106.49 107.00 106.83 106.85 106.94 106.93 106.89 106.91 106.92 106.96 106.92 107.01 107.01 106.96 106.99 107.06 107.09 107.09 107.02 107.15 107.26 107.17 107.22 107.15 106.70 107.02 107.20 107.20 107.00 106.79 107.68 107.68 107.63 106.56 106.71 106.77 106.82 106.99 107.12 106.80 106.50 105.98 106.04 105.74 106.05 106.08 106.41 106.38 106.68 106.58 106.69 106.71 106.69 106.69 106.73 106.87 106.80 106.93 106.88 106.98 106.88 106.84 106.83 106.69 106.69 106.03 105.82 105.86 105.50 106.05 107.20 107.51 107.48 107.18 107.11 106.74 106.77 106.44 106.58 106.49 106.83 106.94 107.18 107.21 107.19 107.18 107.23 107.22 107.16 107.33 107.32 107.42 107.43 107.10 106.44 105.82 106.41 106.60 105.88 105.71 105.60 105.20 105.76 104.98 105.26 105.67 105.69 106.56 106.32 106.26 105.79 106.11 106.55 106.84 107.09 107.13 106.97 107.11 107.21 107.24 107.27 107.18 107.00 107.14 107.11 107.17 107.03 106.85 107.06 107.02 107.04 107.03 106.97 106.61 107.15 106.97 106.92 106.75 106.32 106.80 106.21 106.19 106.27 106.72
65°S ||     106.64 106.27 105.96 106.38 106.41 107.14 107.15 107.41 107.41 107.45 107.44 107.50 107.51 107.51 107.46 107.36 107.28 107.24 107.18 106.94 106.50 106.38 106.44 106.24 106.57 106.50 106.18 106.76 106.68 106.22 106.00 106.29 106.07 106.31 106.49 106.60 106.62 106.68 106.70 106.88 106.91 106.99 107.02 107.02 107.08 107.11 107.08 107.07 107.08 107.07 106.98 106.90 106.83 106.92 107.04 107.14 107.14 107.15 107.06 106.27 107.01 107.27 107.38 107.47 107.04 107.23 107.12 107.08 106.85 106.79 106.97 106.89 106.96 107.07 107.23 107.13 106.74 106.58 106.22 105.89 105.92 106.22 106.97 106.53 106.70 106.73 106.73 106.65 106.42 106.77 106.77 106.81 106.76 106.91 106.73 106.93 107.13 107.01 106.77 106.84 106.62 106.65 106.53 106.42 106.03 106.34 106.18 106.42 106.51 106.39 106.36 106.23 106.33 106.81 107.09 107.42 107.39 107.29 107.17 107.08 107.09 107.23 107.34 107.32 107.41 107.37 107.35 107.39 107.39 107.45 106.70 106.65 106.61 106.51 107.57 106.04 105.99 106.11 106.52 105.45 105.41 105.44 105.94 105.99 106.04 105.62 105.46 106.64 106.36 106.10 106.86 106.79 106.68 107.12 107.10 105.73 106.34 106.53 107.05 106.78 106.22 106.39 107.05 106.76 106.95 107.20 107.08 107.15 107.11 107.08 106.79 106.72 106.56 105.97 106.87 107.06 106.70 106.55 106.19 106.09
63°S ||     106.66 106.63 106.89 106.36 106.08 106.50 106.99 107.04 107.25 107.21 107.40 107.29 107.44 107.43 107.45 107.36 107.42 107.44 107.40 107.06 106.62 106.59 106.34 106.44 106.35 106.49 106.50 106.32 106.26 106.33 106.26 106.40 106.62 106.63 106.60 106.38 106.20 106.52 106.87 106.64 107.01 106.75 106.56 106.92 106.96 106.91 106.76 107.02 106.95 106.91 106.74 106.76 106.89 107.20 107.00 106.48 106.86 107.33 107.23 107.27 107.22 107.21 107.30 107.43 107.61 107.48 107.02 107.49 106.90 107.30 107.12 106.97 107.00 106.90 106.98 107.36 107.45 107.39 107.34 107.05 106.88 106.54 106.62 106.61 106.64 106.67 106.80 106.80 106.81 106.77 106.75 106.77 106.87 106.81 106.85 106.68 106.81 106.88 106.72 106.95 106.98 106.71 106.78 106.95 106.81 106.56 106.37 106.13 106.16 105.92 106.40 106.53 106.85 107.31 107.55 107.58 107.59 107.47 107.35 107.29 107.26 107.23 107.27 107.30 107.45 107.49 107.43 107.41 107.43 107.45 107.33 106.87 106.77 107.02 106.65 106.21 105.94 106.12 105.97 105.13 106.93 105.76 106.38 106.28 106.27 105.96 105.80 105.62 105.35 105.78 106.20 106.58 106.42 106.50 106.82 107.11 107.29 107.31 107.09 107.00 106.57 106.65 106.85 106.84 106.72 105.90 105.85 106.22 106.70 106.95 107.06 107.12 106.96 107.19 107.16 106.35 106.79 106.88 106.83 106.90
61°S ||     107.28 106.38 106.05 106.64 106.92 107.09 107.07 106.46 106.57 106.76 106.35 106.58 107.05 106.57 107.64 106.67 107.02 106.98 107.32 107.18 107.11 107.08 107.08 106.53 106.34 106.17 106.97 106.84 106.31 106.43 106.86 107.12 107.14 107.04 106.98 106.72 106.42 106.61 106.53 106.51 106.90 106.24 106.66 106.92 106.69 105.72 107.13 107.26 107.29 107.23 107.20 107.31 107.29 107.03 106.64 107.43 107.43 107.28 107.43 107.42 107.36 107.25 107.31 107.37 107.53 107.63 107.55 107.18 107.60 107.60 107.53 107.36 106.65 107.23 107.36 107.02 107.04 107.13 107.01 106.77 105.92 105.94 106.63 106.87 106.66 106.59 106.47 106.74 106.87 106.84 106.90 106.82 106.84 107.00 106.91 106.96 106.92 106.77 106.88 106.98 107.03 106.92 106.84 106.83 106.28 106.83 106.73 106.75 106.77 106.87 106.96 107.02 107.11 107.26 107.43 107.44 107.13 107.08 107.12 106.92 107.66 107.41 106.98 107.19 107.34 107.40 107.51 107.55 107.37 107.49 107.65 107.56 105.67 107.47 107.38 107.22 106.18 106.38 106.37 106.75 105.99 105.90 105.82 105.94 106.01 105.92 105.93 105.69 105.93 105.85 106.13 106.11 106.18 106.29 106.33 107.23 107.54 107.54 107.53 107.46 107.35 107.17 107.01 106.81 106.76 106.44 106.04 106.27 106.40 105.40 106.20 106.89 107.01 106.78 105.80 106.15 106.37 107.16 107.19 107.15
59°S ||     107.37 106.98 106.79 107.03 107.10 106.95 105.73 106.44 106.64 106.40 106.86 106.43 106.65 105.86 106.82 107.06 106.95 107.06 106.81 107.04 107.19 107.21 106.98 106.86 106.08 106.48 106.67 106.72 107.05 106.47 106.67 107.23 107.29 107.05 107.22 107.09 106.63 106.15 106.00 106.16 106.45 106.98 107.23 107.20 107.15 106.86 107.27 107.37 107.47 107.46 107.47 107.47 107.49 107.50 107.33 107.20 107.29 107.16 107.38 107.46 107.25 107.01 107.30 107.36 106.81 107.60 106.73 107.45 107.60 106.51 106.84 107.34 107.66 107.25 107.56 107.14 107.16 106.95 106.76 106.78 106.23 106.35 106.66 106.44 106.50 106.89 106.74 106.70 107.05 105.91 106.77 106.98 107.05 106.96 107.24 106.79 106.72 106.74 107.49 106.68 106.60 106.97 106.83 106.86 106.92 106.96 106.93 106.86 106.83 107.11 107.17 107.32 107.36 107.36 107.25 106.95 106.98 107.07 106.75 106.31 106.35 106.40 107.04 107.36 107.57 107.62 107.64 107.62 107.64 107.67 107.63 107.63 107.50 107.41 107.43 107.28 106.84 105.81 105.26 105.59 107.41 107.27 105.35 105.38 106.71 105.74 105.86 105.20 105.86 106.25 105.76 105.84 106.37 106.96 107.19 107.33 107.45 107.41 107.48 107.47 107.46 107.42 107.35 107.24 106.91 106.63 106.31 106.25 106.44 106.25 107.12 105.62 106.39 106.60 106.30 106.91 107.09 106.94 107.16 107.28
57°S ||     107.27 107.29 107.38 107.52 107.30 106.19 106.60 106.46 106.06 106.12 106.23 107.51 106.19 106.32 105.94 106.02 106.66 107.05 106.69 106.57 107.48 106.62 106.67 106.65 105.93 106.56 106.80 106.78 106.72 105.96 105.43 107.26 107.09 107.16 107.14 106.86 106.97 106.54 106.36 106.41 106.22 106.77 106.97 107.08 107.15 106.93 106.52 106.45 107.18 107.49 107.50 107.53 107.44 107.43 107.28 106.73 106.60 106.62 106.39 106.25 106.83 107.60 107.08 106.55 107.45 107.65 107.59 106.81 108.06 105.19 107.67 106.93 106.76 107.31 107.00 107.60 107.66 107.58 107.37 107.67 107.68 107.32 106.76 106.83 107.02 106.79 106.85 106.62 106.57 106.86 106.93 107.01 106.75 106.45 106.47 106.41 106.43 106.52 106.90 106.50 106.24 106.38 106.36 106.42 106.39 106.96 106.98 107.13 107.24 107.33 107.41 107.48 107.55 107.56 107.53 107.36 107.44 107.44 107.52 107.35 107.27 107.41 107.62 107.67 107.67 107.67 107.67 107.67 107.67 107.73 107.68 107.67 107.59 107.62 107.63 107.60 107.55 107.33 105.67 106.72 107.46 107.58 105.95 106.16 106.69 106.51 106.16 105.93 105.89 106.26 106.71 106.87 106.99 106.76 107.09 106.95 107.33 106.91 106.15 106.39 107.37 107.45 107.41 107.22 106.88 106.62 106.38 106.36 106.46 106.38 106.07 105.93 106.42 106.50 107.27 106.43 106.43 106.53 106.81 107.20
55°S ||     107.34 107.36 107.43 107.46 107.07 107.03 106.97 106.60 106.42 106.90 106.86 106.76 106.61 106.71 106.39 106.61 107.03 106.99 106.99 106.94 106.47 105.78 105.78 107.47 105.73 106.60 106.92 106.92 106.89 106.63 106.42 107.19 107.17 107.07 107.15 106.91 106.69 106.41 106.05 105.94 106.06 105.94 105.88 106.09 106.83 106.53 106.37 106.71 107.17 107.35 107.50 107.51 107.52 107.22 106.81 106.03 106.38 105.93 106.22 107.54 106.69 107.67 107.67 107.48 106.73 108.59 108.47 108.72 108.41 108.43 108.46 107.82 106.20 106.93 107.57 107.12 107.18 107.62 107.56 107.52 107.18 106.97 107.09 107.07 106.98 106.85 106.86 106.63 106.73 106.45 106.71 106.88 107.08 106.80 106.88 107.16 107.62 106.89 106.85 106.93 106.91 106.83 106.25 106.38 106.23 106.48 107.14 107.21 107.36 107.48 107.55 107.60 107.65 107.68 107.67 107.68 107.67 107.66 107.66 107.77 108.08 108.19 108.27 108.42 108.64 108.25 107.98 107.94 108.62 107.78 107.66 107.67 107.66 107.64 107.68 107.67 106.74 107.43 107.34 107.09 106.94 106.79 106.91 106.94 105.82 106.30 106.44 106.43 106.77 107.03 107.31 107.31 107.51 107.50 106.95 107.13 107.28 106.13 106.30 107.45 107.27 107.12 106.98 107.01 106.69 106.56 106.72 106.90 107.11 106.93 106.91 106.32 106.97 106.64 106.44 106.52 106.72 107.06 107.11 107.29
53°S ||     107.39 107.12 107.18 107.50 107.62 106.54 107.21 107.30 107.28 107.13 107.22 106.82 106.61 106.96 106.95 106.94 106.69 107.00 106.94 107.02 106.91 106.27 105.91 107.00 106.60 106.85 107.55 106.81 106.98 106.81 107.09 106.99 107.00 107.05 107.06 107.05 107.00 106.26 105.94 105.91 105.79 105.94 106.42 106.62 106.84 106.96 107.09 107.04 107.48 107.67 106.74 106.81 107.07 106.87 106.95 107.35 107.21 106.58 106.48 107.26 106.66 107.67 107.67 107.67 109.28 108.92 108.52 108.53 108.58 108.63 108.61 108.34 107.71 107.67 107.50 107.41 107.57 107.65 107.34 107.48 107.57 107.49 107.41 107.28 107.11 107.59 107.14 106.89 107.02 107.05 106.80 106.73 106.62 107.04 106.53 106.38 106.71 106.80 106.88 106.76 106.90 106.98 106.55 105.77 107.02 106.78 106.98 107.23 107.32 107.37 107.60 107.64 107.68 107.67 107.66 107.68 108.08 108.33 109.12 110.12 110.92 111.52 111.77 111.87 111.94 111.31 111.08 111.20 111.24 111.10 109.77 107.75 107.72 108.02 107.67 107.67 107.67 107.67 107.12 107.14 107.29 106.91 106.99 106.66 106.80 107.33 106.70 106.71 106.80 106.56 106.86 107.16 107.43 107.53 107.67 107.36 107.27 105.93 107.47 107.22 107.36 107.39 107.40 107.16 106.94 106.91 106.60 106.94 106.37 106.92 107.12 106.52 105.94 105.93 106.53 107.07 107.12 107.20 107.36 107.38
51°S ||     107.34 107.23 106.96 107.06 107.46 107.34 107.24 106.62 107.40 107.08 106.78 107.00 106.89 107.10 106.96 106.87 106.95 106.32 106.83 106.90 106.71 106.36 105.88 105.69 105.33 106.63 106.29 106.68 106.96 106.96 106.84 107.03 106.76 106.58 106.86 106.58 106.64 106.51 106.22 105.42 105.40 105.21 105.63 106.69 106.87 107.03 107.11 106.77 107.52 107.67 106.67 106.69 106.21 105.91 106.83 107.56 107.63 107.62 107.05 106.49 106.35 106.54 107.66 108.30 108.87 108.39 108.71 108.57 108.56 108.56 108.57 108.65 107.73 107.75 108.00 108.71 107.57 107.60 107.43 107.45 107.53 107.49 107.23 107.08 106.88 107.22 106.67 106.82 107.03 107.01 106.98 107.03 107.13 107.19 106.95 106.57 106.71 106.79 106.86 106.48 106.99 106.75 106.42 106.85 106.72 106.86 107.15 107.36 107.49 107.51 107.65 107.68 107.68 107.66 107.76 108.40 109.17 110.22 111.23 112.25 112.54 112.90 113.00 112.87 113.09 113.13 113.03 113.04 112.95 112.80 113.04 112.59 109.25 109.16 108.24 107.67 107.55 106.81 105.91 107.48 107.24 106.72 107.41 106.58 106.13 106.40 106.77 107.27 107.07 107.13 107.41 107.43 107.35 107.27 106.76 107.27 107.29 107.37 107.33 107.36 107.32 106.91 107.06 107.35 107.32 107.16 106.72 107.31 107.02 107.28 106.99 106.63 107.00 106.46 106.57 106.85 106.96 107.17 107.23 107.33
49°S ||     106.63 106.87 106.74 107.10 107.57 107.64 107.66 107.28 107.32 106.46 106.89 106.50 106.46 106.33 106.64 106.45 106.37 106.43 105.67 105.94 106.28 106.56 105.77 105.59 106.29 106.06 106.44 106.96 106.94 106.93 106.75 106.97 106.66 105.39 105.39 105.54 105.91 105.91 105.97 105.43 105.24 105.32 105.51 106.41 106.75 106.92 106.95 106.94 106.87 106.77 106.60 106.28 105.78 105.56 105.85 106.31 107.25 107.30 106.74 106.52 107.65 107.67 107.67 107.69 108.44 109.13 108.63 108.68 108.58 108.86 108.90 108.39 107.99 107.64 107.67 107.40 107.34 107.54 107.40 107.46 107.45 107.43 107.28 107.02 106.99 106.64 106.78 107.65 107.26 107.04 106.80 106.99 107.42 107.41 107.05 106.72 106.21 107.13 106.56 106.53 106.50 106.51 106.77 107.08 107.14 106.83 106.77 107.38 107.50 107.58 107.47 107.66 107.66 107.92 109.13 110.25 111.26 111.86 112.56 112.89 113.20 113.15 113.20 113.19 112.65 113.08 113.13 113.17 113.12 113.10 113.12 113.10 113.00 112.53 110.58 109.03 107.66 107.49 107.67 107.55 107.64 107.31 106.51 107.02 107.16 106.28 106.95 106.74 107.19 107.30 106.73 107.16 107.15 107.12 107.00 107.32 107.19 107.03 106.72 106.72 105.48 106.31 107.06 106.88 106.64 107.12 107.40 107.50 107.13 107.55 107.50 107.33 107.29 106.90 106.49 106.07 106.27 106.50 106.85 106.99
47°S ||     106.43 106.90 106.69 106.65 107.20 107.56 107.12 106.70 107.17 106.81 106.54 106.65 105.62 106.97 105.84 106.09 105.20 105.46 106.26 106.05 106.55 105.92 106.30 106.61 106.56 106.89 106.36 106.72 106.88 106.86 106.87 106.87 106.92 106.13 105.93 106.08 106.38 106.43 106.43 106.13 105.67 105.55 105.93 106.05 105.90 106.56 106.57 106.66 106.45 106.49 106.14 105.97 105.57 105.56 105.47 105.84 106.19 106.12 106.68 107.07 106.16 107.57 107.35 107.67 107.67 108.71 109.09 109.03 108.91 109.07 108.97 108.59 108.21 107.59 107.68 107.68 107.46 107.43 107.30 106.88 107.40 107.24 107.17 107.14 106.85 106.90 106.67 106.91 107.18 107.09 107.17 107.18 107.52 107.15 106.96 106.26 106.59 106.44 106.72 107.24 106.55 106.18 106.42 106.74 107.44 107.44 107.14 107.37 107.58 107.56 107.46 107.59 107.67 107.83 111.16 112.71 113.01 113.19 113.00 113.19 112.97 113.10 113.22 113.21 113.09 112.90 112.73 113.02 113.13 113.07 113.08 112.96 112.98 112.92 112.44 111.13 109.47 107.71 107.67 107.68 107.67 107.64 107.34 107.05 107.47 107.46 107.03 107.35 107.30 107.31 107.32 106.83 106.66 107.02 106.65 106.93 106.97 106.42 106.05 106.74 107.36 107.43 106.68 106.58 107.02 107.44 107.34 107.46 107.55 107.50 107.47 107.42 106.78 106.76 106.50 106.99 106.72 106.57 106.91 106.80
45°S ||     106.96 107.03 106.89 106.94 107.16 107.13 107.22 107.25 107.33 106.65 106.39 106.94 106.44 106.24 106.33 106.34 107.16 106.25 106.65 106.76 106.54 106.79 107.22 106.43 106.78 106.97 106.84 106.71 106.72 106.68 106.54 106.64 106.56 106.35 106.37 106.33 106.36 106.40 106.51 106.53 106.19 106.08 106.27 106.17 106.12 106.36 106.36 106.14 105.94 105.73 105.64 105.63 105.57 105.03 104.81 106.05 106.48 106.62 106.97 107.19 107.40 107.38 107.56 107.60 107.43 107.82 108.36 110.44 110.12 109.43 109.18 108.82 107.74 107.66 107.67 107.67 107.36 107.33 107.29 107.66 107.05 107.22 106.99 106.95 106.89 106.79 106.79 107.22 107.21 107.13 107.03 107.11 107.23 107.09 106.90 106.97 106.64 106.67 106.61 107.25 105.72 106.43 106.63 106.69 107.24 106.67 107.20 107.37 107.50 107.51 107.56 107.51 107.67 109.06 112.74 113.02 113.08 113.00 113.12 113.16 113.16 113.15 113.11 113.13 113.09 113.17 113.03 112.93 112.99 113.16 113.07 113.01 113.01 112.93 112.41 112.04 110.36 108.18 107.66 107.68 107.67 107.68 106.18 107.46 107.49 107.29 107.41 107.21 107.02 107.35 107.09 106.88 107.08 106.90 106.96 106.65 106.42 106.51 105.95 105.14 106.38 106.25 106.78 107.45 107.50 107.45 107.07 107.53 107.19 107.24 107.44 107.38 106.78 106.82 106.75 106.02 106.08 106.69 106.87 106.79
43°S ||     107.38 106.74 107.46 107.16 107.37 107.13 107.22 107.19 106.99 106.76 106.41 106.46 106.29 106.07 106.44 106.47 106.84 106.90 106.78 106.76 106.25 106.48 106.68 106.69 106.39 106.73 106.84 106.84 106.16 106.47 106.32 106.60 106.64 106.11 106.28 106.27 106.30 106.42 106.61 106.71 106.09 105.85 104.71 104.78 105.71 106.15 105.98 105.72 105.76 105.45 105.32 105.33 105.21 105.32 105.36 106.17 106.27 106.37 106.55 106.91 106.89 106.98 107.30 106.91 107.65 107.62 107.67 107.69 107.87 107.97 107.77 107.78 107.65 107.66 107.67 107.45 107.38 107.50 107.42 107.48 107.34 107.66 106.97 107.16 107.03 107.02 106.90 107.26 107.23 107.02 106.94 107.08 107.13 107.07 107.04 106.81 106.94 106.78 107.04 106.61 106.54 106.64 106.48 106.03 106.10 106.43 107.12 107.48 107.29 107.39 107.49 107.48 107.69 110.91 112.97 113.20 113.20 113.21 113.20 113.10 113.15 113.20 113.21 113.16 113.19 113.01 113.12 113.09 113.20 113.14 113.01 113.02 112.89 112.60 111.44 111.30 110.41 108.71 107.69 107.66 107.68 107.67 107.67 107.66 107.58 107.49 107.40 107.27 107.26 107.59 107.45 107.35 107.29 107.01 106.97 106.68 106.38 106.37 106.44 106.47 106.23 106.33 107.00 107.54 107.61 107.56 107.50 107.44 107.19 107.34 107.33 107.42 106.22 107.00 107.03 107.51 106.71 106.95 107.21 107.17
41°S ||     107.47 107.44 107.45 107.61 107.53 107.07 107.15 107.06 107.48 107.58 107.67 107.68 107.13 106.52 106.79 106.64 106.21 106.49 106.15 106.54 106.17 106.73 106.69 106.67 106.47 105.56 106.15 106.35 106.59 106.10 105.96 106.25 106.06 106.07 105.82 106.15 106.23 106.42 106.47 104.13 103.76 103.56 101.42 101.10 101.20 103.95 103.94 103.95 104.85 105.26 104.93 105.35 105.07 105.27 105.23 105.29 105.40 105.97 106.81 106.70 106.33 105.72 107.07 107.43 107.44 107.62 107.65 107.66 107.66 107.67 107.69 107.66 107.66 107.60 107.64 107.64 107.58 107.66 107.55 107.28 107.45 107.38 107.12 107.14 106.98 106.99 107.01 107.30 107.32 107.21 107.00 107.13 106.93 106.97 107.06 106.61 106.43 106.91 106.87 106.75 106.41 106.46 105.97 105.69 107.25 106.58 106.96 107.35 107.38 107.40 107.50 107.62 107.68 110.98 112.64 113.20 113.09 113.09 113.16 113.17 113.13 113.19 113.11 113.06 113.21 113.03 113.17 113.22 113.18 113.21 113.14 113.01 112.38 111.69 111.30 110.91 109.84 108.47 107.80 107.66 107.74 107.56 107.48 107.64 106.92 107.15 107.41 107.48 107.51 107.49 107.43 107.38 107.41 106.96 106.84 106.78 106.54 106.89 106.89 106.67 106.59 106.54 107.11 107.39 107.47 107.40 107.45 107.39 106.81 107.20 107.20 106.54 106.44 107.12 107.04 107.04 107.16 107.32 107.44 107.21
39°S ||     107.35 107.47 107.27 106.99 107.56 106.89 107.33 107.24 106.61 106.97 107.66 107.65 106.83 106.52 107.09 106.83 107.06 106.60 106.84 106.92 107.06 106.36 107.07 107.07 106.82 106.83 106.60 106.33 106.48 106.36 106.23 104.11 105.38 105.85 105.85 106.05 106.21 106.18 105.37 105.22 104.55 103.04 102.63 102.74 103.18 103.33 103.21 103.52 102.81 104.11 104.95 104.98 105.01 105.13 105.30 105.34 105.60 105.96 106.05 106.56 106.57 106.71 106.25 106.47 107.09 106.51 107.48 107.66 107.67 107.65 107.67 107.67 107.65 107.63 107.66 107.63 107.61 107.54 107.46 107.47 107.44 107.41 107.28 107.21 107.18 106.99 107.27 107.40 107.23 107.16 107.35 107.38 107.32 106.96 107.04 106.81 106.82 106.76 106.73 107.04 106.48 106.61 106.27 106.39 106.28 106.23 106.91 107.28 107.43 107.45 107.44 107.63 107.68 109.45 112.53 113.17 112.99 113.04 113.22 113.15 113.06 113.14 113.08 113.05 113.18 113.15 113.19 113.20 113.23 113.18 113.06 112.64 111.88 111.40 110.63 110.12 109.72 109.11 107.75 107.66 107.66 107.34 107.49 107.39 107.42 107.54 107.44 107.53 107.00 107.45 107.48 107.51 107.39 107.28 107.00 107.20 107.00 106.73 107.21 107.10 106.83 106.70 106.72 106.90 107.21 107.30 107.54 107.45 107.23 107.19 107.32 107.18 107.41 107.35 107.37 107.16 107.26 107.41 107.50 107.56
37°S ||     107.56 107.45 107.48 107.22 107.68 107.62 107.46 106.84 106.35 105.67 105.34 106.33 106.24 107.07 107.37 107.34 107.34 107.34 107.22 107.14 107.13 107.11 106.79 107.00 106.69 106.32 106.42 105.93 105.80 106.36 106.24 105.27 105.45 104.76 105.57 104.56 105.24 103.03 103.18 105.19 102.97 102.04 103.59 103.63 103.51 103.46 103.69 104.52 103.81 103.77 103.52 104.24 104.94 105.47 105.47 105.62 105.51 106.13 106.25 106.05 106.03 106.80 106.78 107.09 107.36 107.19 107.55 107.63 106.73 107.64 107.61 107.63 107.65 107.65 107.63 107.61 107.57 107.56 107.56 107.46 107.32 107.21 106.98 107.67 107.25 107.08 107.07 107.00 107.32 107.18 107.29 107.38 107.35 107.20 106.82 107.07 106.75 106.67 107.01 106.95 106.43 106.39 106.23 106.41 106.59 106.55 107.59 107.01 107.37 107.47 107.47 107.51 107.66 109.12 110.87 113.10 113.03 112.70 112.13 113.19 113.16 113.15 113.21 113.08 113.16 113.19 113.21 113.23 113.23 113.21 113.11 112.34 111.21 110.70 109.93 109.45 108.62 107.75 107.68 107.68 107.49 107.60 107.34 107.37 107.28 107.36 107.53 107.54 107.52 107.44 107.53 107.47 107.42 107.38 107.27 107.30 107.42 107.31 107.21 106.63 106.94 106.85 106.46 106.44 107.08 107.21 107.51 107.29 107.31 107.40 107.48 107.47 107.45 107.44 107.32 107.16 107.57 107.62 107.57 107.67
35°S ||     107.54 107.68 107.46 106.96 107.42 106.96 106.78 107.04 106.45 105.69 105.54 106.41 107.05 107.20 107.31 107.25 107.34 106.03 107.16 107.11 107.05 106.86 106.82 106.68 106.18 106.43 106.24 106.10 105.53 105.70 105.36 105.22 105.33 105.02 105.17 105.36 104.59 102.93 103.06 103.00 102.35 103.57 104.39 104.26 103.90 104.20 103.99 104.08 104.39 104.44 104.22 103.23 104.14 105.34 105.71 105.93 105.92 105.94 105.96 106.06 106.25 106.43 106.40 107.32 107.28 106.79 107.02 107.31 107.25 107.62 107.56 107.52 107.58 107.44 107.51 107.58 107.59 107.58 107.61 107.54 107.35 107.13 107.27 107.14 107.22 106.94 106.83 106.98 107.10 107.15 107.19 107.33 107.27 106.93 106.96 106.93 107.13 107.22 106.75 106.62 106.64 106.06 106.19 106.55 106.74 106.69 106.73 107.08 107.39 107.38 107.36 107.39 107.57 107.66 108.42 110.82 113.20 112.99 112.54 112.40 113.16 113.19 112.19 112.54 113.22 113.20 113.23 113.21 113.23 113.18 112.68 110.47 109.41 109.41 108.97 108.40 108.61 107.74 107.71 107.69 107.52 107.52 106.94 107.36 107.19 107.30 107.40 107.44 107.51 107.55 107.48 107.36 106.87 106.86 106.97 107.21 106.98 106.80 107.09 107.25 107.07 106.78 107.08 107.27 107.16 107.17 107.04 107.23 107.19 106.81 107.45 107.54 107.38 107.34 107.45 107.48 107.66 107.63 107.49 107.08
33°S ||     107.58 107.61 106.97 106.84 107.01 106.22 106.63 105.70 105.74 106.34 106.29 106.53 107.12 107.23 107.38 107.17 107.34 107.36 107.11 107.11 106.42 106.88 106.81 106.78 106.49 106.22 106.23 106.03 105.80 105.50 105.33 104.42 104.87 104.62 104.25 104.47 103.71 102.58 102.39 101.58 101.88 103.62 104.62 104.15 104.98 104.26 105.26 105.35 105.05 105.10 104.41 103.34 102.40 104.30 105.31 105.91 105.88 105.96 106.00 105.98 106.37 106.78 106.58 107.30 107.35 107.38 107.36 107.36 107.31 107.19 107.34 107.52 107.48 107.44 107.56 107.46 107.61 107.55 107.53 107.57 107.47 107.34 107.43 107.26 107.22 107.12 107.07 106.98 106.99 107.05 107.10 106.83 107.04 107.18 106.99 107.09 106.90 107.11 106.86 106.36 106.53 106.34 106.08 106.29 106.56 106.67 106.66 106.59 107.16 107.37 107.26 107.22 107.06 107.28 107.61 108.10 111.94 113.04 113.15 112.82 112.83 112.31 113.07 113.21 113.22 113.22 113.20 113.20 112.58 111.52 110.78 109.06 108.01 107.91 107.82 107.80 108.23 107.94 107.66 107.66 107.66 107.54 107.35 107.29 107.18 107.14 107.27 107.24 107.32 107.40 107.38 107.21 107.11 106.93 106.44 106.34 106.45 106.42 107.01 106.67 106.98 107.19 106.80 107.05 106.94 106.88 107.18 107.28 107.41 107.14 107.23 107.48 107.06 107.41 107.42 107.50 107.57 107.47 107.30 107.25
31°S ||     107.55 107.12 107.03 106.97 106.39 106.48 105.95 106.40 106.54 106.39 106.57 106.60 106.95 107.16 107.35 107.34 107.34 106.95 106.86 107.10 106.76 106.81 106.73 106.66 106.47 106.41 106.20 105.99 105.66 105.32 105.01 104.83 104.77 104.11 103.93 104.57 103.61 102.36 102.53 101.58 102.73 103.68 104.11 104.78 105.04 105.29 105.31 105.54 105.53 105.66 104.62 103.34 103.80 103.92 104.10 104.05 105.54 106.11 106.11 106.44 106.80 107.11 107.28 107.32 107.41 107.38 107.42 107.49 107.45 107.42 107.47 107.67 107.44 107.30 107.35 107.42 107.47 107.52 107.59 107.57 107.56 107.51 107.43 107.45 107.36 107.13 106.91 106.78 106.96 107.01 107.01 107.08 106.86 107.05 107.10 107.02 107.07 106.98 106.94 106.56 106.52 106.95 106.66 106.48 106.73 106.88 106.95 106.70 107.17 107.33 107.45 107.22 107.46 107.41 107.64 107.63 108.09 108.84 109.61 112.91 113.13 113.05 113.17 113.22 113.20 113.21 113.06 112.70 109.76 108.04 109.17 108.61 107.73 107.72 107.68 107.67 107.67 107.66 107.66 107.67 107.68 107.35 107.40 107.22 107.25 107.00 107.11 107.09 107.11 107.17 107.26 107.11 106.94 106.95 106.63 106.56 107.09 106.37 106.19 106.00 107.06 107.30 107.45 107.14 107.27 107.36 107.43 107.39 107.41 107.30 107.22 107.36 107.16 107.35 107.34 107.19 107.35 107.43 107.42 107.37
29°S ||     107.54 107.13 105.89 106.96 106.38 106.21 106.71 106.28 106.64 106.47 106.46 106.66 107.14 107.27 107.34 107.31 107.28 106.34 107.16 107.13 106.94 106.73 106.72 106.60 106.52 106.35 106.18 105.87 105.52 105.22 104.94 104.58 104.35 104.30 104.26 103.38 103.43 102.87 101.26 100.20 102.63 103.86 104.34 104.69 105.06 105.38 105.57 105.71 105.82 105.81 105.77 105.61 104.85 104.87 104.77 103.95 104.28 104.85 106.08 106.38 106.86 107.33 107.40 107.37 107.37 107.40 107.30 107.38 107.50 107.48 107.54 107.61 107.55 107.37 107.50 107.61 107.53 107.51 107.61 107.62 107.60 107.60 107.51 107.55 107.24 107.21 107.10 106.93 106.83 106.98 107.00 107.09 107.18 107.12 107.10 107.03 107.06 106.66 106.97 106.66 107.07 107.11 106.86 106.84 107.07 107.16 107.21 107.14 106.67 107.31 107.10 107.44 107.49 107.54 107.20 107.32 107.67 107.65 107.82 107.82 108.70 108.70 110.40 112.37 111.18 111.51 109.84 110.46 107.99 107.67 107.66 107.67 107.67 107.66 107.66 107.68 107.68 107.67 107.68 107.61 107.60 107.47 107.33 107.24 107.21 107.11 107.08 107.13 107.13 107.16 107.19 107.02 107.01 106.61 106.82 106.43 105.95 106.20 106.86 105.93 106.88 107.23 107.34 106.99 107.36 106.72 107.32 107.42 107.28 107.19 107.31 107.22 107.07 107.16 107.15 107.34 107.24 107.34 107.42 107.50
27°S ||     107.36 107.07 107.02 106.95 106.47 106.36 106.91 106.06 106.51 106.83 106.73 107.02 107.00 107.13 107.34 107.18 107.34 106.69 107.15 106.67 106.69 106.71 106.59 106.57 106.37 106.25 106.10 105.96 105.48 105.14 104.76 104.42 103.96 103.99 103.81 104.01 104.25 102.65 102.32 100.49 102.93 103.91 104.32 104.78 105.16 105.48 105.70 105.85 105.95 106.11 106.09 106.16 105.90 105.26 105.26 105.37 105.68 105.66 105.56 105.56 105.32 106.89 107.42 107.44 107.41 107.42 107.48 107.53 107.46 107.41 107.43 107.57 107.60 107.67 107.60 107.48 107.60 107.60 107.66 107.65 107.65 107.65 107.61 107.52 107.46 107.29 107.35 107.36 107.10 107.01 106.98 107.14 107.16 106.82 106.96 107.07 107.08 106.84 106.83 106.82 107.06 107.19 106.81 107.01 107.20 107.10 107.27 106.83 106.47 106.70 107.20 107.24 107.41 107.28 107.26 107.31 107.25 107.68 107.68 107.67 107.67 107.73 107.70 107.72 107.79 108.18 108.82 108.28 108.00 107.68 107.68 107.68 107.66 107.66 107.65 107.68 106.52 107.68 107.68 106.96 107.38 107.16 107.10 107.10 107.12 107.13 107.13 107.14 107.06 107.03 107.00 106.79 106.34 106.24 106.12 106.40 106.94 106.04 106.13 106.76 106.43 106.84 107.23 107.22 107.47 106.86 107.36 107.17 107.34 107.41 107.37 107.26 106.94 106.73 106.79 107.11 107.12 107.16 107.40 107.43
25°S ||     107.40 106.92 107.21 107.00 106.93 106.92 107.04 107.30 106.88 107.15 106.99 107.39 107.39 107.34 107.40 107.27 107.30 107.00 106.68 107.07 106.74 106.62 106.56 106.43 106.30 106.08 105.92 105.75 105.34 104.85 104.47 104.15 103.86 103.65 103.59 102.81 103.27 103.69 102.32 102.72 103.23 103.84 104.41 104.80 105.05 105.35 105.54 105.80 105.95 105.97 106.16 106.21 105.92 105.52 104.55 105.35 105.68 105.86 105.87 105.71 104.92 106.24 107.28 107.32 107.39 107.40 107.40 107.04 107.22 107.32 107.36 107.38 107.56 107.67 107.66 107.62 107.66 107.68 107.66 107.67 107.67 107.64 107.65 107.63 107.63 107.46 107.50 107.50 107.48 107.07 107.32 107.24 107.38 106.76 107.11 107.07 107.08 106.71 106.40 107.03 107.04 106.94 107.01 107.04 106.92 106.58 106.94 106.37 106.17 106.53 106.79 106.90 107.19 107.06 107.37 107.56 107.44 107.66 107.68 107.67 107.66 107.67 107.67 107.72 107.67 107.88 107.69 107.66 107.66 107.66 107.66 107.65 107.64 107.67 107.64 107.29 107.25 107.46 106.80 107.20 107.10 106.94 106.81 106.85 106.94 106.99 107.18 107.03 106.98 106.87 106.82 106.63 106.28 105.89 106.05 106.33 106.66 106.28 105.75 106.20 106.10 106.51 106.89 107.23 106.96 106.99 107.31 106.96 107.21 107.30 107.30 107.01 106.73 107.15 107.23 107.08 107.18 107.44 107.55 107.39
23°S ||     107.35 107.39 107.01 107.03 106.96 107.05 107.23 107.33 107.40 107.46 107.45 107.43 107.50 107.55 107.40 107.49 106.46 106.71 107.11 106.79 106.78 106.53 106.51 106.41 106.22 105.93 105.69 105.33 104.91 104.50 104.12 103.70 103.47 103.34 103.41 103.34 102.39 102.83 102.27 102.58 103.17 103.82 104.22 104.52 104.80 105.05 105.32 105.57 105.85 106.01 106.28 106.27 106.26 105.90 105.11 105.31 105.65 105.67 105.63 105.25 104.50 106.45 107.17 107.22 106.99 107.15 107.32 107.07 107.33 107.31 107.19 107.47 107.54 107.68 107.67 107.67 107.66 107.68 107.64 107.68 107.68 107.67 107.67 107.67 107.65 107.56 107.59 107.63 107.58 106.90 107.37 107.24 107.41 107.40 107.44 107.14 107.06 107.63 106.88 106.65 106.81 106.62 106.40 106.26 106.54 106.93 106.24 106.19 105.89 106.48 106.71 107.09 106.99 106.68 106.65 106.88 107.32 107.45 107.54 107.64 107.67 107.63 107.67 107.67 107.67 107.67 107.67 107.62 107.66 107.62 107.48 107.50 107.56 107.61 107.23 106.80 106.23 106.41 106.77 107.05 106.87 106.70 106.40 106.54 106.83 106.92 106.98 107.04 106.82 106.77 106.70 106.64 106.82 106.69 106.76 106.26 106.71 106.27 105.90 106.24 105.85 106.67 106.87 107.08 107.07 107.20 107.14 107.22 107.18 107.49 107.14 107.62 107.12 107.19 107.26 107.22 107.09 107.48 107.61 107.39
21°S ||     107.25 107.32 107.03 107.04 107.02 107.03 107.26 107.60 107.46 107.43 107.35 107.39 107.45 107.34 107.42 107.48 107.25 106.98 107.01 106.82 106.66 106.48 106.43 106.27 106.08 105.85 105.43 104.93 104.35 103.88 103.54 103.14 102.91 102.88 103.05 102.49 102.69 101.88 102.05 102.64 103.08 103.55 103.84 104.14 104.48 104.72 105.07 105.32 105.60 105.82 105.97 106.17 106.22 105.82 105.32 105.62 105.21 105.52 105.19 104.81 104.90 105.27 107.08 107.06 107.11 107.02 107.27 107.35 107.32 107.34 107.37 107.39 107.51 107.62 107.67 107.66 107.68 107.68 107.68 107.68 107.68 107.68 107.67 107.68 107.68 107.68 107.63 107.64 107.58 107.40 107.30 107.41 107.49 107.49 107.27 107.21 107.08 106.80 106.75 106.90 106.98 107.06 106.19 106.54 106.78 106.69 106.88 105.99 105.90 106.34 106.72 106.40 106.82 106.82 106.89 107.10 107.17 107.39 107.49 107.64 107.67 107.67 107.45 107.66 107.67 107.60 107.59 107.25 107.47 107.48 107.43 107.34 107.56 107.24 106.93 106.69 105.64 105.80 106.62 106.51 106.72 106.70 106.35 106.02 106.85 106.94 106.95 106.98 106.96 106.77 106.54 106.31 106.02 106.34 107.01 106.35 106.53 106.46 105.99 106.67 106.54 106.71 106.60 106.58 107.09 107.19 107.35 107.20 106.99 107.49 107.54 107.36 107.40 107.53 107.48 107.18 106.89 107.29 107.30 107.12
19°S ||     106.63 106.91 106.93 106.78 107.07 107.27 107.45 107.66 107.66 107.58 107.50 107.38 107.44 107.43 107.53 107.41 107.20 107.23 106.86 106.82 106.66 106.44 106.29 106.03 105.84 105.57 105.16 104.41 103.48 102.97 102.65 102.50 102.35 102.49 102.76 100.96 102.36 101.78 101.94 102.27 102.48 102.90 103.23 103.55 103.96 104.35 104.74 105.04 105.38 105.61 105.76 105.87 106.02 105.96 105.52 105.09 105.07 105.05 105.19 105.07 104.68 106.12 106.88 106.83 107.00 107.13 107.37 107.38 107.41 107.31 107.39 107.50 107.61 107.66 107.66 107.68 107.66 107.68 107.68 107.68 107.69 107.68 107.67 107.67 107.67 107.67 107.67 107.61 107.60 107.64 107.57 107.51 107.53 107.49 107.26 107.27 107.04 106.99 107.16 106.56 106.90 106.97 106.38 106.71 106.32 106.65 105.98 105.80 106.31 106.34 106.14 106.50 106.48 106.67 106.77 106.89 106.95 106.90 106.96 107.55 107.62 107.60 107.64 107.63 107.54 107.57 107.35 107.36 107.41 107.34 107.31 106.93 106.80 106.98 106.78 106.52 106.08 105.94 106.36 106.56 106.82 106.84 107.01 106.99 106.87 106.90 106.92 106.94 106.82 106.73 106.87 106.37 106.09 106.19 106.59 106.71 106.62 106.78 106.32 106.71 106.80 106.63 106.52 106.44 106.92 106.93 106.85 106.79 107.29 107.51 107.61 107.64 107.66 107.68 107.64 107.64 107.60 107.50 107.49 106.65
17°S ||     106.67 106.67 106.79 107.11 107.13 107.31 107.62 107.62 107.65 107.63 107.58 107.46 107.49 107.13 107.49 107.64 107.36 107.35 107.09 106.78 106.63 106.44 106.06 105.76 105.54 105.22 104.69 103.49 102.45 101.81 101.71 101.81 102.03 102.22 101.86 101.12 101.59 101.83 101.66 101.52 101.65 102.11 102.57 102.91 103.48 103.93 104.35 104.67 105.04 105.35 105.48 105.70 105.72 105.80 105.43 105.02 104.47 104.50 105.08 104.95 104.69 106.26 106.84 106.33 106.73 108.02 108.44 107.76 107.35 107.42 107.20 107.42 107.59 107.61 107.66 107.66 107.66 107.67 107.67 107.68 107.67 107.68 107.68 107.68 107.68 107.68 107.68 107.68 107.65 107.64 107.52 107.54 107.55 107.46 107.37 107.32 107.10 107.15 106.87 107.34 106.98 106.78 106.41 106.41 106.39 106.32 106.44 105.94 106.44 106.38 106.53 106.37 106.17 106.16 106.47 106.52 106.68 107.18 107.24 106.87 107.26 107.19 107.30 107.34 107.29 107.52 107.47 107.46 107.37 107.32 106.89 106.91 106.03 106.39 106.53 106.39 105.84 105.87 106.40 106.64 106.89 106.91 107.01 107.08 106.92 106.88 106.85 106.79 106.75 106.54 106.67 106.59 106.27 106.39 106.27 106.32 106.59 106.79 106.59 107.02 106.78 106.75 106.54 106.36 107.19 106.41 106.70 106.90 107.29 107.54 107.64 107.67 107.66 107.68 107.67 107.65 107.66 107.60 107.64 107.43
15°S ||     107.56 106.66 107.36 107.20 107.42 107.52 107.65 107.68 107.61 107.63 107.62 107.48 107.38 107.41 107.50 107.63 106.72 107.38 107.47 106.87 106.69 106.40 106.11 105.79 105.37 104.82 103.89 102.30 100.64 100.13 100.66 101.33 101.54 101.86 102.03 101.95 102.17 102.21 101.39 100.99 100.95 101.62 102.02 102.41 102.99 103.63 104.08 104.42 104.65 104.83 104.85 105.28 105.49 105.48 105.13 105.00 104.58 105.59 104.88 105.79 106.12 107.91 108.39 108.70 108.95 108.62 108.04 108.85 108.78 107.50 107.45 107.64 107.63 107.65 107.67 107.67 107.66 107.67 107.68 107.68 107.68 107.68 107.68 107.68 107.68 107.68 107.68 107.68 107.67 107.66 107.65 107.63 107.57 107.46 107.37 107.38 107.32 107.18 106.77 107.15 106.64 106.74 106.61 106.29 106.41 106.14 106.28 106.25 106.10 106.18 106.55 106.09 105.91 105.89 105.98 105.62 106.52 107.17 107.18 107.21 106.85 107.21 107.20 107.12 107.27 107.40 107.30 107.47 107.15 106.87 106.70 105.90 105.81 105.88 106.16 106.05 105.80 106.00 106.06 106.47 106.76 106.94 106.90 106.92 107.01 106.92 106.75 106.82 106.55 106.65 106.55 106.73 106.19 105.91 106.79 106.94 106.36 106.89 106.95 106.75 106.79 106.69 106.37 106.57 106.96 107.06 106.96 106.98 107.17 107.65 107.67 107.69 107.67 107.67 107.62 107.67 107.65 107.66 107.37 107.46
13°S ||     107.58 107.57 107.45 107.28 107.43 107.60 107.68 107.67 107.68 107.68 107.67 107.58 107.54 107.60 107.59 107.62 107.41 107.40 107.31 107.07 106.82 106.47 106.16 105.80 105.27 104.56 103.47 101.22 98.61 98.06 99.51 100.82 101.23 101.35 101.45 102.26 101.97 101.92 101.21 100.89 100.93 102.34 101.49 102.06 102.68 103.26 103.83 104.18 104.44 104.63 104.68 105.48 104.84 105.93 107.85 107.78 107.59 106.16 108.94 109.25 107.90 106.32 106.24 106.48 108.03 107.93 107.71 107.80 107.06 108.38 107.50 107.59 107.66 107.68 107.68 107.67 107.67 107.66 107.66 107.67 107.68 107.67 107.68 107.68 107.68 107.68 107.68 107.68 107.66 107.67 107.67 107.66 107.63 107.54 107.62 107.48 107.38 107.23 107.12 107.12 107.09 106.87 106.54 106.35 106.15 106.55 106.20 106.17 106.05 105.97 105.98 106.14 105.73 106.11 106.00 106.21 106.24 106.95 107.09 106.97 107.03 107.18 107.11 107.10 106.87 107.22 107.27 107.28 107.13 106.97 106.06 105.81 105.51 106.02 105.94 106.16 105.76 105.94 106.57 106.61 107.02 106.92 107.01 106.95 107.00 106.94 106.63 106.48 106.43 106.49 106.48 106.27 106.60 106.21 106.98 106.96 106.53 106.51 106.83 106.92 106.69 106.76 106.43 106.30 106.61 107.32 107.34 107.43 107.59 107.68 107.67 107.66 107.66 107.66 107.67 107.66 107.66 107.66 107.66 107.67
11°S ||     107.67 107.66 107.67 107.66 107.63 107.65 107.68 107.67 107.68 107.68 107.68 107.67 107.67 107.59 107.66 107.62 107.60 107.49 107.40 107.20 106.92 106.67 106.22 105.79 105.11 104.43 103.43 101.48 98.70 96.52 97.68 100.81 101.13 101.14 101.03 101.80 101.70 101.35 100.79 100.50 101.04 101.45 101.37 101.98 102.49 102.98 103.79 104.02 104.25 104.51 104.37 105.11 107.61 107.68 109.47 109.55 106.51 103.75 103.55 104.76 105.51 105.73 106.03 106.26 106.71 106.60 106.78 107.47 107.19 107.38 108.70 107.78 108.68 107.66 107.68 107.92 107.75 107.66 107.67 107.66 107.67 107.67 107.67 107.67 107.67 107.68 107.66 107.68 107.68 107.68 107.68 107.68 107.64 107.59 107.50 107.52 107.52 107.29 106.39 106.75 107.13 107.18 106.78 106.56 106.46 106.14 106.11 106.19 105.97 106.00 106.38 106.11 106.19 105.91 106.15 106.29 106.21 106.45 106.79 106.60 106.73 106.96 106.92 106.85 106.56 107.16 107.14 107.29 107.13 107.10 106.87 106.15 105.61 105.84 105.79 106.31 106.00 106.45 106.76 106.78 107.12 107.05 106.92 107.00 107.01 106.98 106.88 106.93 106.70 106.69 106.52 106.23 105.85 106.32 106.25 106.49 106.85 106.93 106.69 107.01 106.84 107.22 107.36 107.14 107.29 107.66 107.39 107.57 107.64 107.68 107.67 107.67 107.66 107.66 107.66 107.67 107.68 107.67 107.66 107.68
9°S ||     107.67 107.68 107.68 107.67 107.67 107.67 107.67 107.68 107.67 107.66 107.67 107.68 107.68 107.67 107.67 107.64 107.63 107.57 107.49 107.29 107.10 106.74 106.42 105.92 105.34 104.59 103.68 102.79 99.14 95.13 95.12 99.55 100.99 100.99 101.06 100.92 101.42 101.15 101.18 100.79 100.95 101.68 103.61 105.42 104.16 103.05 103.72 104.39 104.33 104.78 107.55 107.85 107.78 109.24 107.76 104.30 103.30 105.19 104.04 105.43 105.72 105.87 106.46 106.45 106.86 107.00 107.50 107.19 107.97 107.36 108.78 108.75 109.04 108.14 108.00 107.81 107.67 107.66 107.67 107.83 107.66 107.67 107.66 107.67 107.67 107.67 107.66 107.68 107.67 107.68 107.67 107.67 107.67 107.66 107.59 107.48 107.53 107.41 107.01 106.93 107.17 106.92 106.67 106.83 106.79 106.40 106.13 106.48 107.32 107.52 106.21 106.43 106.33 106.41 106.38 106.24 106.26 106.33 106.58 106.64 106.60 106.46 106.65 106.47 106.43 106.56 106.80 107.09 107.12 107.13 106.85 106.48 105.63 106.45 106.45 105.90 106.73 106.94 106.43 106.83 107.10 107.12 107.22 107.08 107.09 106.92 106.85 107.17 107.10 106.77 106.08 106.30 105.85 106.57 106.93 106.80 106.98 107.26 106.97 107.06 107.41 107.67 107.67 107.66 107.65 107.67 107.68 107.68 107.67 107.67 107.66 107.66 107.66 108.03 107.71 107.70 107.65 107.01 107.67 107.67
7°S ||     107.67 107.67 107.68 107.67 107.73 107.69 107.66 107.67 107.74 107.66 107.67 107.67 107.68 107.67 107.68 107.67 107.68 107.64 107.56 107.42 107.22 106.92 106.60 106.06 105.49 104.93 104.21 103.57 99.87 96.41 97.22 98.89 100.59 100.88 101.08 101.33 100.80 100.82 101.32 100.80 104.59 104.99 101.96 106.20 105.38 105.15 105.77 107.44 106.99 106.42 105.42 103.98 106.66 109.03 107.64 107.97 108.10 106.00 105.24 105.91 106.05 106.08 106.39 106.56 107.26 107.95 107.80 107.58 107.09 107.22 107.90 108.84 108.72 108.18 108.53 108.10 107.94 107.67 107.67 107.67 107.67 107.66 107.66 107.67 107.66 107.67 107.68 107.68 107.67 107.68 107.68 107.68 107.67 107.66 107.66 107.67 107.67 107.51 107.23 107.33 106.68 106.63 106.74 106.83 106.18 106.63 106.77 106.49 106.47 106.50 106.69 106.66 106.78 106.12 106.22 106.24 106.23 106.71 106.75 106.59 106.21 106.06 106.14 105.94 106.36 106.83 106.62 106.76 107.11 107.12 107.03 106.92 106.00 105.91 106.33 106.52 106.59 106.68 106.55 106.91 107.13 107.08 107.29 107.26 107.23 107.26 107.30 107.34 107.32 107.46 105.87 105.71 105.90 106.57 106.16 107.21 107.67 107.48 107.58 107.56 107.68 107.67 107.68 107.68 107.66 107.67 107.66 107.66 107.66 107.66 107.66 107.66 107.67 107.72 107.84 107.82 107.67 107.69 107.66 107.67
5°S ||     107.67 107.66 107.66 107.66 107.67 107.75 107.73 107.73 107.80 107.67 107.66 107.68 107.67 107.67 107.66 107.66 107.67 107.67 107.60 107.60 107.42 107.20 106.87 106.37 105.89 105.33 104.75 103.79 102.46 100.61 99.13 99.41 100.59 100.75 101.18 101.48 101.44 102.61 101.76 101.01 101.42 101.78 102.28 106.80 105.13 107.01 104.86 105.84 105.07 104.27 103.79 106.86 107.10 107.66 107.18 104.37 104.79 105.94 107.66 107.51 106.29 106.44 106.54 106.60 107.15 106.89 107.41 107.06 107.16 107.34 107.60 107.66 108.24 107.68 107.68 108.14 108.20 107.91 107.68 107.67 107.88 107.67 107.66 107.66 107.66 107.67 107.68 107.68 107.67 107.68 107.68 107.68 107.67 107.63 107.66 107.67 107.67 107.66 107.58 107.61 107.21 106.46 106.64 106.80 107.06 106.82 106.72 106.65 106.76 106.60 107.07 107.13 107.00 106.34 106.17 106.22 105.99 106.20 105.95 106.50 106.21 106.50 106.28 106.29 106.52 106.34 106.81 106.53 106.99 107.05 106.94 106.45 106.57 106.07 106.50 106.68 106.93 106.89 106.98 107.09 107.00 107.19 107.47 107.49 107.36 107.39 107.64 107.56 107.34 107.21 106.75 106.37 107.03 106.99 106.91 107.29 107.67 107.68 108.38 107.74 107.69 107.68 107.66 107.66 107.66 107.68 107.69 107.67 107.68 107.69 107.74 107.69 107.77 107.76 107.75 107.79 107.82 107.71 107.66 107.66
3°S ||     107.66 107.66 107.66 107.67 107.66 108.01 108.02 107.89 107.69 107.80 107.67 107.65 107.69 107.80 107.77 107.82 107.68 107.61 107.67 107.67 107.63 107.40 107.32 106.90 106.33 105.78 105.24 104.28 103.51 102.05 100.93 100.72 100.39 100.36 101.29 101.80 102.17 102.36 102.40 101.90 101.67 102.33 102.76 103.77 104.10 104.15 104.84 104.89 104.69 104.34 104.08 103.83 104.38 106.16 105.82 104.96 105.61 106.14 106.46 107.70 106.27 106.91 106.88 106.99 107.16 107.24 107.56 107.43 107.51 107.62 107.67 107.68 108.72 107.67 107.67 107.93 107.80 107.82 107.66 107.66 107.66 107.66 107.83 107.68 107.66 107.66 107.66 107.67 107.67 107.67 107.68 107.68 107.68 107.68 107.67 107.66 107.54 107.66 107.66 107.67 107.37 106.94 106.82 106.95 107.16 106.79 106.91 107.06 107.00 107.00 107.17 107.16 106.92 106.67 106.52 106.08 105.79 106.91 106.67 106.55 106.46 106.55 106.39 106.68 106.25 106.58 106.34 106.94 106.99 107.16 106.79 106.92 106.83 106.70 107.06 107.44 106.75 107.28 107.20 107.00 107.20 107.24 107.60 107.60 107.44 107.67 107.63 107.48 107.31 107.12 106.66 106.86 106.77 106.94 107.09 107.57 107.67 107.66 107.68 107.67 107.67 107.67 107.66 107.66 107.66 107.69 107.67 107.66 107.78 107.78 107.76 107.83 107.87 107.91 107.90 107.91 107.86 107.77 107.68 107.67
1°S ||     107.68 107.67 107.68 107.72 107.77 108.04 108.05 107.88 107.75 107.66 107.68 107.63 107.68 107.77 107.98 107.68 107.67 107.66 107.66 107.68 107.67 107.61 107.51 107.25 106.82 106.11 105.48 104.73 103.98 103.17 101.99 101.33 99.75 98.05 101.53 102.04 102.34 102.65 102.83 102.86 102.90 103.86 104.25 104.59 104.87 105.46 105.78 106.00 106.24 106.39 105.54 107.00 107.93 104.99 105.12 105.43 106.27 106.58 106.67 107.37 106.93 107.13 107.12 107.13 107.30 107.37 107.36 107.62 107.62 107.67 108.11 107.68 108.42 108.55 107.66 107.66 107.66 107.66 107.66 107.75 107.99 107.79 107.78 107.66 107.66 107.66 107.66 107.67 107.67 107.68 107.67 107.67 107.68 107.68 107.67 107.67 107.50 107.66 107.66 107.67 107.40 107.28 107.16 107.01 107.16 107.12 107.08 107.21 107.24 107.27 107.36 107.34 106.84 106.63 106.60 106.29 106.00 106.96 106.78 106.75 106.77 106.41 106.47 106.28 106.62 106.68 106.84 106.95 107.34 107.26 107.00 106.48 106.98 107.05 107.41 107.45 107.33 107.61 107.24 107.12 107.26 107.36 107.62 107.63 107.64 107.67 107.65 107.21 107.43 107.14 107.04 107.12 107.51 107.54 107.64 107.66 107.67 107.70 107.68 107.67 107.73 107.70 107.66 107.66 107.69 107.67 107.66 107.67 107.74 107.80 107.82 107.85 107.86 107.92 107.94 107.92 107.80 107.82 107.73 107.69
1°N ||     107.70 107.70 107.72 107.89 107.81 107.92 108.05 108.29 107.78 107.67 107.67 107.67 107.78 107.99 107.99 107.78 107.68 107.66 107.66 107.67 107.68 107.68 107.53 107.10 106.65 106.51 105.87 104.94 104.07 103.76 103.28 102.67 100.19 97.25 98.30 102.36 102.54 102.69 103.05 103.42 103.87 104.24 104.50 104.85 105.28 105.80 106.13 106.47 106.94 107.14 105.96 104.91 104.71 105.13 105.47 106.08 106.51 106.90 106.95 107.24 107.06 107.25 107.58 107.25 107.34 107.42 107.34 107.70 107.60 107.66 107.67 108.37 109.15 109.05 107.67 107.66 107.66 107.66 107.67 107.98 107.67 107.90 107.67 107.66 107.78 107.67 107.66 107.67 107.67 107.67 107.68 107.67 107.68 107.68 107.68 107.67 107.66 107.58 107.59 107.52 107.50 107.53 107.42 107.37 107.22 107.06 107.09 107.43 107.34 107.32 107.28 107.02 107.09 107.01 106.67 106.50 106.79 106.77 106.51 106.88 106.70 106.57 106.65 106.67 106.66 106.76 106.91 107.10 107.13 107.29 107.49 107.41 107.61 107.59 107.54 107.61 107.49 107.49 107.57 107.46 107.61 107.64 107.68 107.68 107.68 107.64 107.44 107.42 107.45 107.27 107.42 107.56 107.66 107.67 107.66 107.66 107.68 107.71 107.69 107.73 107.69 107.69 107.68 107.72 107.70 107.68 107.66 107.72 107.76 107.79 107.83 107.87 107.87 107.90 107.92 107.92 107.93 107.88 107.82 107.76
3°N ||     107.95 107.87 107.92 108.00 108.11 108.16 108.12 108.05 107.95 107.66 107.66 107.66 108.02 108.14 108.11 107.93 107.80 107.67 107.65 107.66 107.67 107.64 107.42 106.95 106.36 107.00 106.36 104.30 104.09 104.20 104.06 104.21 103.66 99.86 101.56 102.68 102.41 102.55 103.12 103.64 104.10 104.36 104.57 104.54 105.69 106.14 106.61 106.89 107.15 107.44 107.49 106.54 105.95 106.18 106.55 106.86 107.04 107.13 107.19 107.39 107.31 107.26 107.06 107.60 107.61 107.50 107.56 107.66 107.67 107.68 107.67 107.66 108.52 108.67 108.33 108.03 107.99 107.83 107.79 107.72 107.67 107.66 107.67 107.66 107.66 107.73 107.66 107.67 107.67 107.67 107.67 107.67 107.67 107.68 107.68 107.67 107.67 107.63 107.66 107.62 107.61 107.62 107.62 107.53 107.52 107.20 107.38 107.56 107.66 107.27 107.38 107.21 106.91 106.88 106.76 107.10 106.93 106.93 106.66 106.91 106.76 106.64 106.61 106.73 106.74 106.81 107.01 107.12 107.30 107.36 107.65 107.67 107.68 107.72 107.79 107.69 107.66 107.63 107.58 107.65 107.66 107.67 107.68 107.68 107.67 107.57 107.57 107.51 107.44 107.27 107.62 107.66 107.66 107.67 107.67 107.67 107.69 107.71 107.73 107.75 107.68 107.74 107.72 107.74 107.73 107.70 107.71 107.74 107.76 107.78 107.80 107.85 107.88 107.89 107.88 107.91 107.93 107.95 107.96 107.98
5°N ||     107.94 108.02 108.30 108.04 108.19 108.21 108.15 108.12 108.03 107.76 107.70 107.68 108.15 108.26 108.26 108.14 107.70 107.68 107.67 107.66 107.67 107.51 107.15 106.82 107.05 107.14 106.95 105.78 104.22 104.11 104.35 104.82 105.10 104.74 103.75 103.06 102.20 102.00 103.27 103.94 104.39 104.63 104.74 104.48 105.90 106.66 106.98 107.19 107.42 107.63 107.68 106.94 106.92 107.16 107.29 107.37 107.38 107.40 107.43 107.51 107.60 107.44 107.21 107.30 107.47 107.64 107.67 107.68 107.68 107.67 107.66 108.39 107.66 108.14 108.61 108.22 107.81 107.67 107.67 107.69 107.66 107.66 107.66 107.66 107.74 107.66 107.66 107.67 107.67 107.67 107.67 107.67 107.68 107.68 107.68 107.68 107.68 107.68 107.66 107.63 107.61 107.62 107.60 107.62 107.59 107.58 107.60 107.56 107.59 107.18 107.30 106.71 106.88 106.78 106.93 106.82 106.84 106.96 106.89 106.88 106.77 106.66 106.56 106.61 107.08 106.87 106.99 107.20 107.40 107.60 107.68 108.41 108.55 108.56 108.51 108.32 108.12 107.67 107.68 107.67 107.68 107.67 107.68 107.68 107.68 107.62 107.57 107.56 107.34 107.39 107.66 107.67 107.66 107.66 107.66 107.66 107.70 107.72 107.74 107.75 107.73 107.72 107.74 107.74 107.74 107.74 107.74 107.74 107.76 107.77 107.77 107.81 107.84 107.86 107.87 107.90 107.93 107.94 107.97 108.00
7°N ||     107.98 108.03 108.08 108.11 108.18 108.21 108.20 108.18 108.12 107.93 107.74 107.98 108.27 108.35 108.38 108.18 107.67 107.78 107.73 107.67 107.67 107.55 107.59 107.49 107.41 107.38 107.14 106.47 103.77 103.95 104.34 105.23 105.52 105.25 104.56 103.56 101.11 101.09 103.81 104.34 104.65 104.85 104.97 105.26 106.43 106.79 107.06 107.31 107.50 107.63 107.68 107.68 107.37 107.36 107.35 107.38 107.46 107.53 107.58 107.62 107.63 107.57 107.34 107.56 107.66 107.65 107.68 107.68 107.67 107.66 107.67 108.42 108.72 108.38 108.57 107.66 107.66 107.66 107.74 107.93 107.77 107.66 107.66 107.71 107.66 107.66 107.67 107.67 107.67 107.68 107.67 107.67 107.68 107.67 107.68 107.67 107.67 107.67 107.65 107.59 107.59 107.61 107.63 107.57 107.57 107.63 107.47 107.63 107.59 107.59 107.34 107.11 107.07 106.62 106.73 106.83 106.73 106.89 106.90 106.92 106.73 106.78 106.58 107.03 107.28 106.79 107.00 107.26 107.60 107.67 108.34 108.66 108.61 108.59 108.58 108.50 108.47 108.06 107.67 107.67 107.66 107.67 107.68 107.68 107.61 107.49 107.56 107.65 107.59 107.57 107.67 107.66 107.66 107.68 107.78 107.69 107.73 107.75 107.73 107.75 107.79 107.73 107.74 107.74 107.75 107.75 107.74 107.74 107.74 107.74 107.75 107.75 107.80 107.84 107.82 107.90 107.94 107.97 107.98 108.01
9°N ||     108.04 108.16 107.97 108.03 108.21 108.20 108.21 108.18 108.26 108.00 107.82 108.21 108.38 108.44 108.41 108.00 107.79 107.99 107.72 107.67 107.67 107.68 107.68 107.66 107.61 107.49 107.32 106.59 104.39 104.28 104.92 105.82 105.80 105.98 105.53 104.05 100.39 98.36 102.99 104.66 104.84 105.08 105.32 105.72 106.35 106.80 107.11 107.36 107.51 107.64 107.68 107.68 107.65 107.49 107.45 107.46 107.52 107.58 107.62 107.65 107.67 107.66 107.60 107.60 107.67 107.68 107.66 107.66 107.66 107.81 108.37 108.41 108.27 108.66 107.71 107.70 107.73 107.71 107.91 107.66 107.66 107.66 107.66 107.66 107.69 107.66 107.66 107.66 107.66 107.66 107.67 107.67 107.68 107.67 107.68 107.67 107.66 107.67 107.66 107.63 107.58 107.55 107.45 107.41 107.59 107.65 107.65 107.52 107.50 107.42 107.39 107.36 107.28 107.38 107.17 106.95 106.84 106.88 106.87 106.60 106.80 106.74 106.47 107.45 106.89 106.79 107.10 107.41 107.66 107.73 108.48 108.70 108.71 108.68 108.62 108.58 108.52 108.35 107.91 107.69 107.66 107.78 107.68 107.66 107.66 107.65 107.68 107.67 107.68 107.67 107.66 107.67 107.85 107.68 107.72 107.76 107.73 107.73 107.71 107.71 108.11 107.69 107.69 107.70 107.73 107.74 107.71 107.72 107.70 107.74 107.73 107.78 107.79 107.84 107.80 107.89 107.94 107.97 108.00 108.00
11°N ||     108.08 108.08 108.09 108.08 108.25 108.26 108.31 108.28 108.40 108.33 108.22 108.47 108.51 108.48 108.44 108.38 108.03 108.04 107.71 107.66 107.66 107.67 107.68 107.66 107.60 107.51 107.26 106.57 105.82 106.13 106.06 106.05 106.07 106.07 106.17 106.05 101.12 94.93 96.61 104.63 105.00 105.26 105.56 105.94 106.35 106.84 107.21 107.41 107.57 107.64 107.67 107.68 107.68 107.57 107.53 107.52 107.57 107.62 107.64 107.66 107.68 107.64 107.62 107.66 107.68 107.67 107.66 107.69 107.78 107.70 108.62 108.44 107.70 108.68 108.47 107.70 108.32 107.67 107.66 107.72 107.66 107.66 107.66 107.66 107.66 107.66 107.73 107.66 107.68 107.71 107.67 107.67 107.67 107.67 107.68 107.68 107.69 107.67 107.67 107.68 107.67 107.65 107.55 107.43 107.64 107.62 107.67 107.57 107.67 107.38 107.49 107.47 107.44 107.52 107.35 106.97 106.83 107.03 107.18 106.76 106.92 106.83 106.65 106.53 106.69 107.05 107.30 107.55 107.67 107.86 108.69 108.74 108.78 108.69 108.59 108.58 108.48 108.41 108.09 107.72 107.68 107.68 107.67 107.67 107.67 107.67 107.66 107.66 107.66 107.66 107.68 107.73 107.83 107.85 107.77 107.81 107.76 107.75 107.70 107.68 107.66 107.66 107.66 107.66 107.67 107.68 107.68 107.68 107.68 107.93 107.67 107.71 107.76 107.77 107.77 107.93 107.96 107.95 107.76 107.99
13°N ||     107.99 108.12 107.83 107.90 108.24 108.22 108.33 108.39 108.42 108.47 108.53 108.59 108.58 108.57 108.53 108.40 108.27 107.99 107.66 107.66 107.66 107.68 107.68 107.67 107.59 107.46 107.28 107.01 106.35 106.34 106.22 106.20 106.19 106.28 106.46 106.60 105.83 97.04 98.41 103.63 104.77 105.49 105.87 106.14 102.93 107.05 107.31 107.47 107.59 107.64 107.68 107.68 107.68 107.59 107.57 107.59 107.62 107.65 107.66 107.67 107.67 107.68 107.67 107.68 107.67 107.69 107.73 107.82 107.90 108.44 108.55 108.46 107.92 107.87 107.72 108.25 107.79 107.72 107.66 107.66 107.66 107.67 107.66 107.66 107.66 107.66 108.57 107.66 107.94 107.66 107.67 107.67 107.67 107.68 107.69 107.68 107.68 107.68 107.68 107.68 107.68 107.65 107.62 107.64 107.66 107.67 107.64 107.67 107.67 107.56 107.58 107.65 107.54 107.50 107.43 107.32 107.16 107.24 107.33 107.29 107.15 106.93 106.86 106.88 106.96 107.13 107.41 107.64 107.66 107.92 108.70 108.72 108.70 108.65 108.58 108.56 108.51 108.44 108.20 107.81 107.71 107.67 107.66 107.66 107.66 107.67 107.66 107.72 107.69 107.75 107.81 107.87 108.00 108.09 108.12 107.94 107.89 107.74 107.67 107.66 107.68 107.68 107.67 107.67 107.66 107.66 107.66 107.67 107.66 107.67 107.67 107.66 107.81 107.74 107.80 107.84 107.93 107.97 107.69 107.93
15°N ||     108.04 108.14 108.16 108.34 108.29 108.22 108.38 108.50 108.53 108.57 108.63 108.72 108.71 108.68 108.68 108.50 108.01 107.73 107.67 107.66 107.67 105.60 100.59 99.91 102.70 107.40 107.20 107.12 106.92 106.50 106.42 106.31 106.32 106.39 106.47 106.56 106.57 105.32 103.12 103.56 105.00 105.69 106.11 106.36 106.78 107.25 107.39 107.52 107.59 107.63 107.67 107.68 107.68 107.61 107.61 107.61 107.64 107.66 107.67 107.67 107.68 107.68 107.67 107.68 107.68 107.75 107.86 107.97 108.00 108.37 108.61 108.50 108.19 107.98 108.27 107.93 108.04 107.72 107.69 107.67 107.86 107.66 107.68 108.05 107.66 107.66 107.66 107.66 107.66 107.66 107.81 107.68 107.67 107.67 107.71 107.68 107.67 107.67 107.67 107.66 107.67 107.67 107.67 107.66 107.67 107.67 107.63 107.67 107.68 107.50 107.60 107.61 107.61 107.64 107.48 107.44 107.31 107.22 107.28 107.28 107.15 107.22 107.10 107.14 107.18 107.33 107.51 107.68 107.68 108.63 108.67 108.59 108.69 108.62 108.56 108.53 108.47 108.43 108.23 107.90 107.74 107.71 107.68 107.68 107.67 107.68 107.70 107.73 107.86 107.92 108.01 108.10 108.11 108.18 108.20 108.17 107.94 107.73 107.66 107.67 107.68 107.66 107.62 107.66 107.68 107.67 107.66 107.66 107.66 107.66 107.66 107.67 107.70 107.73 107.77 107.88 107.84 107.99 107.74 108.55
17°N ||     108.10 108.22 108.25 108.36 107.97 108.35 108.39 108.47 108.60 108.64 108.71 108.78 108.81 108.80 108.84 108.17 107.83 107.81 107.67 107.67 107.43 99.54 95.31 94.14 97.16 104.96 107.16 107.13 107.29 106.92 106.68 106.43 106.36 106.42 106.49 106.58 106.59 106.38 105.27 105.13 105.65 105.90 106.18 106.45 106.84 107.27 107.45 107.56 107.61 107.65 107.67 107.68 107.68 107.56 107.58 107.62 107.65 107.67 107.67 107.68 107.68 107.68 107.67 107.66 107.69 107.89 108.03 108.20 108.41 108.47 108.34 108.49 108.41 108.24 108.32 108.07 107.77 107.81 107.75 107.67 107.66 107.66 107.71 108.03 107.66 107.66 107.66 108.34 107.68 107.75 107.66 107.67 107.68 107.67 107.66 107.66 107.66 107.66 107.66 107.66 107.66 107.66 107.68 107.68 107.67 107.68 107.68 107.68 107.64 107.58 107.63 107.64 107.60 107.55 107.53 107.48 107.37 106.95 107.20 107.29 107.31 107.30 107.27 107.31 107.35 107.44 107.66 107.68 107.69 108.47 108.61 108.64 108.60 108.56 108.53 108.53 108.48 108.35 108.24 108.07 107.91 107.96 107.84 107.83 107.82 107.93 107.96 108.02 108.10 108.17 108.23 108.23 108.25 108.33 108.29 108.29 108.11 107.72 107.66 107.68 107.64 107.53 107.41 107.42 107.57 107.68 107.67 107.66 107.66 107.66 107.66 107.67 107.70 107.73 107.72 107.80 108.02 108.00 107.92 108.20
19°N ||     108.10 108.23 108.34 108.39 108.43 108.36 108.39 108.51 108.64 108.70 108.77 108.85 108.88 108.89 108.93 108.26 107.87 107.74 107.67 107.66 107.65 99.67 95.40 94.51 96.69 105.30 107.33 107.40 107.43 107.35 106.96 106.55 106.30 106.22 106.24 106.49 106.62 106.59 106.15 105.98 106.07 106.14 106.24 106.43 106.71 107.14 107.49 107.58 107.63 107.65 107.67 107.68 107.67 107.67 107.56 107.62 107.65 107.66 107.67 107.68 107.67 107.68 107.66 107.69 107.85 108.07 108.33 108.42 108.59 108.60 108.70 108.61 108.57 108.48 108.40 108.02 107.93 107.96 108.24 107.69 107.66 107.66 107.75 107.67 108.24 107.66 107.66 107.66 107.67 107.66 107.66 107.66 107.74 107.66 107.66 107.66 107.66 107.66 107.66 107.66 107.66 107.67 107.84 107.67 107.66 107.67 107.67 107.68 107.67 107.66 107.64 107.60 107.53 107.51 107.52 107.60 107.27 107.35 107.26 107.44 107.51 107.59 107.32 107.35 107.40 107.50 107.65 107.60 107.66 107.84 108.30 108.56 108.51 108.50 108.48 108.43 108.42 108.38 108.30 108.23 108.21 108.20 108.29 108.21 108.23 108.20 108.30 108.31 108.33 108.39 108.45 108.41 108.52 108.48 108.47 108.34 108.17 107.72 107.67 107.67 107.47 107.23 107.15 107.33 107.34 106.67 107.68 107.67 107.67 107.66 107.66 107.67 107.69 107.73 107.74 107.90 107.76 108.09 108.04 108.15
21°N ||     108.42 108.33 108.31 108.49 108.58 108.58 108.56 108.64 108.76 108.79 108.88 108.91 108.95 108.96 108.97 108.25 107.89 107.66 107.66 107.67 107.66 102.01 99.27 98.22 100.38 106.97 107.55 107.55 107.51 107.39 107.13 106.72 106.27 106.03 105.84 105.73 106.57 106.58 106.42 106.28 106.24 106.26 106.32 106.46 106.70 107.12 107.47 107.57 107.61 107.64 107.64 107.68 107.68 107.67 107.58 107.62 107.63 107.66 107.66 107.67 107.68 107.67 107.66 107.70 107.89 108.43 108.51 108.57 108.66 108.69 108.70 108.68 108.54 108.56 108.47 108.18 108.11 108.15 107.86 107.69 107.77 107.91 107.68 107.66 107.66 107.80 107.84 107.66 107.66 107.66 107.66 107.66 107.66 107.66 107.66 107.66 107.66 107.66 107.66 107.66 107.67 107.67 107.68 107.66 107.68 107.68 107.67 107.60 107.67 107.68 107.59 107.51 107.52 107.54 107.52 107.60 107.44 107.44 106.82 107.55 107.57 107.56 107.19 107.29 107.45 107.49 107.64 107.58 107.67 107.67 107.75 107.88 108.17 108.26 108.25 108.39 108.38 108.38 108.38 108.35 108.38 108.46 108.45 108.47 108.49 108.47 108.53 108.56 108.57 108.53 108.59 108.56 108.60 108.52 108.57 108.57 108.38 107.76 107.67 107.59 107.14 107.00 106.93 106.91 107.25 107.56 107.67 107.68 107.67 107.66 107.66 107.67 107.69 107.71 107.81 107.85 107.80 108.13 108.13 108.22
23°N ||     108.38 108.43 108.48 108.56 108.62 108.69 108.74 108.82 108.86 108.89 108.94 108.95 108.97 108.97 108.98 108.29 107.73 107.66 107.66 107.69 107.69 106.61 104.85 104.44 107.26 107.68 107.63 107.61 107.55 107.33 107.05 106.72 106.35 105.90 105.63 105.54 106.30 106.58 106.51 106.27 106.26 106.06 106.33 106.50 106.53 107.24 107.39 107.52 107.56 107.61 107.64 107.66 107.68 107.68 107.67 107.63 107.67 107.77 107.71 107.67 107.67 107.68 107.66 107.71 107.93 108.41 108.59 108.65 108.74 108.78 108.72 108.79 108.53 108.77 108.63 108.42 108.36 108.39 108.32 107.89 107.70 107.66 107.66 107.66 107.66 107.70 107.68 107.66 107.66 107.66 107.66 107.68 107.66 107.66 107.67 107.67 107.70 107.66 107.66 107.66 107.66 107.67 107.68 107.67 107.67 107.67 107.67 107.67 107.67 107.68 107.65 107.58 107.58 107.52 107.50 107.53 107.55 107.43 106.98 107.52 107.57 107.48 107.68 107.64 107.45 107.43 107.55 107.61 107.64 107.68 107.66 107.66 107.70 107.83 108.06 108.27 108.37 108.42 108.48 108.50 108.51 108.65 108.57 108.68 108.73 108.77 108.81 108.77 108.89 108.82 108.84 108.81 108.79 108.80 108.83 108.73 108.66 107.84 107.67 107.55 107.23 106.93 106.79 105.20 106.08 107.28 107.63 107.68 107.67 107.66 107.66 107.67 107.70 107.76 107.91 107.84 108.04 108.12 107.95 108.33
25°N ||     108.45 108.49 108.47 108.64 108.75 108.75 108.82 108.84 108.87 108.91 108.95 108.96 108.96 108.97 108.98 108.35 107.69 107.66 107.66 107.66 107.70 107.69 107.67 107.67 107.67 107.68 107.57 107.63 107.48 107.23 106.87 106.61 106.19 105.80 105.55 105.03 105.08 106.49 106.56 106.25 106.35 106.26 106.37 105.60 106.79 107.25 107.45 107.50 107.54 107.57 107.51 107.62 107.61 107.67 107.62 107.64 107.65 107.64 107.67 108.00 108.13 107.67 107.71 108.11 108.39 108.63 108.71 108.72 108.78 108.83 108.81 108.78 108.74 108.67 108.46 108.55 108.53 108.59 108.71 108.13 107.89 107.67 107.66 107.69 107.79 107.66 107.67 107.66 107.67 107.66 107.66 107.69 107.67 107.67 107.67 107.92 107.68 107.67 107.66 107.66 107.67 107.67 107.66 107.67 107.67 107.66 107.66 107.67 107.67 107.68 107.65 107.68 107.67 107.62 107.67 107.55 107.61 107.26 107.37 107.08 107.33 107.29 107.29 107.45 107.47 107.52 107.48 107.41 107.64 107.61 107.67 107.70 107.69 107.72 108.10 108.34 108.43 108.58 108.63 108.67 108.75 108.79 108.85 108.94 109.03 109.12 109.19 109.21 109.20 109.15 109.09 109.06 109.08 109.03 108.97 108.89 108.75 108.57 107.66 107.63 107.19 106.90 105.25 98.25 104.97 107.19 107.63 107.68 107.67 107.66 107.68 107.67 107.72 107.80 108.01 108.04 108.14 108.12 108.31 108.37
27°N ||     108.57 108.63 108.65 108.64 108.81 108.74 108.89 108.92 108.93 108.93 108.95 108.96 108.95 108.95 108.96 108.50 107.73 107.66 107.66 107.66 107.66 107.66 107.68 107.67 107.67 107.68 107.68 107.54 107.35 107.12 106.75 106.43 106.10 105.71 105.05 104.95 105.28 106.64 106.80 106.44 106.58 106.56 106.59 105.60 106.47 107.24 107.41 107.47 107.50 107.44 107.34 107.40 107.62 107.68 107.67 107.66 107.66 107.66 107.67 107.92 107.83 107.68 108.36 108.48 108.59 108.65 108.65 108.73 108.82 108.85 108.68 108.80 108.81 108.74 108.55 108.77 108.61 108.68 108.76 108.73 108.09 107.91 107.80 107.72 107.73 107.68 107.66 107.66 107.67 107.67 107.68 107.68 107.67 107.66 107.68 107.67 107.72 107.68 107.66 107.67 107.78 107.67 107.66 107.66 107.68 107.67 107.64 107.66 107.67 107.68 107.68 107.68 107.68 107.66 107.67 107.68 107.64 107.67 107.57 107.48 107.57 107.68 107.44 107.56 107.53 107.33 107.16 107.52 107.62 107.63 107.67 107.66 107.69 107.97 108.30 108.50 108.67 108.68 108.75 108.84 108.91 109.03 109.11 109.27 109.40 109.43 109.48 109.44 109.43 109.36 109.31 109.32 109.22 109.13 109.01 108.92 108.78 108.62 108.02 107.67 107.41 107.03 106.33 105.66 106.37 107.53 107.68 107.68 107.67 107.66 107.66 107.71 107.78 107.90 108.07 108.20 108.20 108.26 108.37 108.50
29°N ||     108.70 108.74 108.80 108.85 108.92 108.90 108.94 108.97 108.98 108.96 108.97 108.99 108.98 108.84 108.98 108.94 108.31 107.71 107.66 107.66 107.66 107.67 107.68 107.68 107.66 107.67 107.63 107.49 107.29 106.99 106.66 106.32 106.08 105.67 104.44 104.83 105.83 106.65 106.76 106.59 106.83 106.87 106.83 106.92 107.09 107.25 107.42 107.49 107.49 107.28 107.34 107.48 107.49 107.68 107.68 107.68 107.68 107.66 107.66 107.72 107.71 107.85 108.24 108.05 107.83 108.49 108.57 108.68 108.80 108.86 108.81 108.89 108.85 108.89 108.86 108.82 108.75 108.79 108.85 108.88 108.85 108.20 108.00 107.85 107.90 107.70 107.67 109.27 107.68 107.67 107.69 107.74 107.68 107.77 107.68 107.67 107.68 107.68 107.66 107.66 107.66 107.69 107.66 107.66 107.67 107.68 107.67 107.68 107.68 107.67 107.68 107.68 107.67 107.66 107.66 107.66 107.68 107.62 107.59 107.57 107.63 107.55 107.49 107.54 107.38 107.54 107.67 107.66 107.66 107.67 107.67 107.79 108.12 108.25 108.43 108.67 108.73 108.84 108.97 109.10 109.22 109.33 109.49 109.60 109.67 109.78 109.74 109.59 109.67 109.56 109.52 109.41 109.31 109.17 109.09 109.02 108.90 108.79 108.37 107.66 107.67 107.53 107.23 107.20 107.48 107.68 107.68 107.67 107.66 107.66 107.75 107.75 107.91 108.07 108.24 108.37 108.39 108.42 108.58 108.66
31°N ||     108.89 108.84 108.93 108.95 108.96 108.96 108.98 109.02 109.03 109.01 108.99 109.01 109.02 109.01 109.00 108.97 108.61 108.09 107.85 107.81 107.70 107.68 107.67 107.66 107.66 107.66 107.58 107.45 107.17 106.92 106.59 106.47 105.99 105.71 105.22 105.27 105.87 106.71 106.74 106.73 106.91 107.00 107.10 107.11 107.21 107.31 107.41 107.50 107.46 107.14 107.47 107.52 107.55 107.62 107.65 107.67 107.68 107.68 107.67 107.68 107.69 107.78 107.92 108.08 108.31 108.35 108.53 108.62 108.67 108.85 108.88 108.88 108.94 109.00 108.96 109.07 108.85 108.90 108.97 108.90 108.88 108.78 108.39 108.64 108.17 107.96 107.71 107.67 107.73 107.72 107.74 107.70 107.68 107.69 107.81 107.70 107.66 107.66 107.66 107.67 107.66 107.66 107.66 107.66 107.67 107.67 107.68 107.67 107.68 107.67 107.68 107.67 107.67 107.66 107.67 107.67 107.68 107.62 107.66 107.64 107.65 107.67 107.58 107.53 107.63 107.62 107.63 107.66 107.66 107.68 107.73 108.05 108.16 108.42 108.57 108.72 108.87 109.03 109.25 109.39 109.49 109.62 109.94 109.80 109.91 109.98 109.94 109.87 109.81 109.71 109.56 109.49 109.57 109.28 109.27 109.18 109.06 108.95 108.63 108.22 107.67 107.67 107.68 107.68 107.56 107.47 107.66 107.66 107.66 107.66 107.66 108.65 108.16 107.72 108.47 108.16 108.60 108.64 108.67 108.83
33°N ||     109.02 108.55 108.94 108.95 109.02 109.00 109.01 109.04 109.02 109.04 109.03 109.05 109.05 109.04 109.09 109.06 109.01 108.66 108.04 107.67 107.69 107.69 107.70 107.68 107.67 107.62 107.54 107.38 107.21 106.75 106.45 106.17 105.77 105.39 105.07 105.18 105.79 106.61 106.87 106.94 107.05 107.16 107.20 107.24 107.17 107.30 107.30 107.21 107.21 107.30 107.47 107.57 107.58 107.56 107.64 107.68 107.68 107.68 107.68 107.68 107.68 107.68 107.67 108.05 108.06 108.51 108.61 108.65 108.70 108.83 108.93 109.09 109.09 109.09 109.06 109.17 109.12 109.14 109.12 108.95 109.08 109.05 108.84 108.55 108.31 108.01 107.77 107.70 107.82 107.77 107.77 107.66 107.71 107.70 107.77 107.67 107.69 107.66 107.68 107.74 107.67 107.67 107.67 107.68 107.67 107.68 107.67 107.68 107.68 107.65 107.60 107.65 107.68 107.67 107.68 107.67 107.67 107.67 107.66 107.67 107.67 107.67 107.67 107.65 107.66 107.66 107.67 107.66 107.69 107.87 107.98 108.23 108.37 108.54 108.70 108.87 109.05 109.30 109.46 109.57 109.74 109.83 109.94 110.03 110.19 110.02 109.96 109.93 109.87 109.61 109.70 109.63 109.53 109.37 109.23 109.35 109.31 109.17 109.03 108.88 108.64 108.35 108.20 107.90 107.89 107.70 107.70 107.67 107.67 107.68 107.70 108.12 108.39 108.48 108.63 108.71 108.75 108.86 108.92 108.99
35°N ||     109.13 109.06 109.06 109.02 109.05 109.03 109.05 109.05 109.03 109.05 109.07 109.07 109.07 109.05 109.11 109.05 109.10 109.01 108.60 107.67 107.66 107.70 107.67 107.67 107.57 107.62 107.53 107.37 107.07 106.60 106.10 105.51 104.93 104.64 104.45 104.39 104.86 105.55 106.59 107.08 107.21 107.26 107.29 107.27 106.77 106.97 107.37 107.46 107.33 107.27 107.46 107.41 107.34 107.43 107.60 107.68 107.68 107.67 107.67 107.67 107.67 107.67 107.66 108.04 108.43 108.55 108.64 108.64 108.75 108.85 108.90 109.13 109.06 109.18 109.21 109.30 109.28 109.37 109.28 109.18 109.15 109.09 109.11 108.54 108.37 108.09 108.01 107.91 107.79 107.87 107.67 107.68 107.69 107.89 107.91 107.66 107.75 107.67 107.68 107.66 107.68 107.66 107.66 107.66 107.66 107.68 107.68 107.66 107.68 107.62 107.67 107.64 107.65 107.63 107.61 107.59 107.65 107.66 107.67 107.67 107.66 107.67 107.69 107.67 107.66 107.76 107.68 107.70 107.83 107.98 108.18 108.39 108.49 108.67 108.79 109.02 109.21 109.45 109.64 109.79 109.85 109.94 110.12 110.23 110.30 110.26 110.14 110.11 109.93 109.91 109.78 109.48 109.63 109.48 109.45 109.43 109.35 109.24 109.23 109.11 109.02 108.83 108.75 108.69 108.50 108.38 108.13 107.80 107.72 107.74 107.78 108.03 108.11 108.59 108.68 108.76 108.86 109.02 109.11 109.15
37°N ||     109.23 109.10 109.11 109.03 109.10 109.07 109.10 109.09 109.05 109.06 109.08 109.09 109.09 109.06 109.03 109.02 108.99 108.93 108.89 107.66 107.66 107.66 107.67 107.68 107.58 107.63 107.54 107.38 107.11 106.34 105.31 104.50 103.71 103.21 103.21 103.63 104.06 104.21 105.26 106.49 107.17 107.37 107.38 107.36 107.31 107.21 107.30 107.39 107.46 107.58 107.33 107.26 107.17 107.05 107.40 107.63 107.68 107.68 107.67 107.67 107.67 107.67 107.69 108.12 108.41 108.54 108.63 108.70 108.76 108.92 108.96 109.08 109.14 109.29 109.32 109.43 109.54 109.50 109.49 109.36 109.40 109.34 109.25 109.20 108.97 108.82 108.76 108.59 108.30 108.63 107.80 107.72 107.68 107.67 107.75 107.68 107.83 107.93 107.66 107.88 107.67 107.71 107.66 107.93 107.67 107.69 107.68 107.67 107.67 107.66 107.64 107.62 107.62 107.56 107.57 107.56 107.61 107.68 107.70 107.67 107.67 107.67 107.66 107.66 107.68 107.71 107.73 107.74 108.01 108.14 108.33 108.53 108.65 108.75 109.01 109.21 109.32 109.57 109.72 109.95 110.04 110.20 110.33 110.35 110.39 110.42 110.36 110.22 110.18 110.03 109.95 109.87 109.81 109.65 109.78 109.73 109.54 109.35 109.36 109.19 109.04 108.96 108.74 108.66 108.47 108.41 108.21 108.02 107.90 107.90 107.90 108.12 108.06 108.71 108.75 108.84 109.02 109.05 109.14 109.16
39°N ||     109.18 109.15 109.17 109.11 108.81 109.12 109.12 108.93 109.10 109.09 109.06 109.07 109.02 109.02 108.99 108.96 108.96 109.00 108.83 108.40 107.67 107.67 107.71 107.67 107.68 107.65 107.59 107.47 106.99 105.78 104.42 103.18 102.38 102.27 101.89 102.18 103.58 103.85 104.33 105.63 106.90 107.39 107.45 107.43 107.27 107.34 107.24 106.62 107.37 107.40 107.38 107.27 107.06 106.85 107.12 107.50 107.66 107.68 107.68 107.68 107.66 107.66 107.66 107.81 108.44 108.60 108.65 108.69 108.83 108.95 109.09 109.21 109.24 109.42 109.52 109.58 109.62 109.67 109.67 109.77 109.51 109.51 109.46 109.41 109.27 108.88 109.00 108.80 108.47 108.42 108.27 107.91 107.90 107.86 107.81 107.71 107.68 107.67 107.87 107.78 107.94 108.48 107.92 107.66 107.88 107.66 107.66 107.67 107.67 107.67 107.68 107.63 107.66 107.60 107.61 107.67 107.65 107.68 107.71 107.68 107.69 107.69 107.69 107.73 107.74 107.79 107.86 108.02 108.11 108.31 108.47 108.65 108.70 108.95 109.10 109.32 109.47 109.60 109.86 109.91 110.28 110.42 110.47 110.47 110.46 110.49 110.39 110.36 110.26 110.33 110.13 110.08 109.93 109.90 109.84 109.79 109.71 109.46 109.20 109.25 109.08 108.98 108.83 108.67 108.48 108.48 108.34 108.24 108.18 108.11 108.05 107.81 107.67 108.76 108.81 108.84 109.02 109.13 109.18 109.14
41°N ||     109.17 109.19 109.21 109.19 109.16 109.14 109.10 109.12 109.09 109.07 109.07 109.07 109.03 109.06 108.97 109.00 108.94 108.75 108.64 108.37 107.94 107.71 107.66 107.66 107.68 107.68 107.65 107.50 106.94 105.58 104.04 103.04 102.68 102.59 101.75 102.21 103.42 104.07 104.69 105.99 107.04 107.43 107.47 107.45 106.99 107.39 107.29 107.07 107.27 107.21 107.23 107.13 107.13 107.22 107.36 107.46 107.62 107.68 107.68 107.68 107.67 107.66 107.66 107.76 108.29 108.68 108.74 108.69 108.89 109.03 109.13 109.31 109.40 109.51 109.64 109.74 109.79 109.82 109.83 109.81 109.77 109.74 109.65 109.82 109.78 109.41 109.19 109.12 108.86 108.89 108.42 108.80 108.51 108.25 108.33 107.92 107.76 108.13 107.70 108.00 108.60 108.61 108.54 107.78 107.82 107.68 107.70 107.66 107.66 107.66 107.67 107.67 108.24 107.68 107.67 107.66 107.78 107.66 107.71 107.69 107.70 107.70 107.84 107.88 107.98 107.91 108.06 108.09 108.31 108.51 108.60 108.67 108.82 108.98 109.26 109.44 109.63 109.73 110.06 110.20 110.30 110.49 110.51 110.50 110.49 110.44 110.47 110.43 110.39 110.28 110.20 110.23 110.21 110.08 109.96 109.83 109.72 109.63 109.47 109.32 109.14 108.96 108.86 108.72 108.54 108.55 108.49 108.40 108.40 108.25 107.73 107.89 107.77 108.65 108.81 108.94 108.97 109.13 109.13 109.20
43°N ||     109.19 109.24 109.24 109.20 109.18 109.16 109.14 109.11 109.10 109.10 109.07 109.13 109.08 109.09 109.00 108.97 108.86 108.73 108.46 108.10 107.83 107.71 107.66 107.66 107.67 107.68 107.67 107.63 107.34 106.52 105.20 104.02 103.46 103.28 103.16 103.33 103.99 104.43 106.28 107.21 107.52 107.58 107.52 107.50 107.51 107.24 107.41 106.99 107.24 107.26 107.21 107.30 106.87 107.26 107.54 107.50 107.57 107.67 107.68 107.67 107.67 107.66 107.66 107.79 108.28 108.73 108.88 108.93 109.02 109.14 109.34 109.44 109.64 109.71 110.07 109.83 109.93 109.87 109.95 109.96 109.91 109.89 109.74 109.77 109.82 109.55 109.47 109.22 109.14 109.18 109.05 108.96 108.94 108.79 108.57 108.21 108.06 107.95 108.40 108.51 108.70 108.59 108.12 108.48 108.10 108.42 108.25 108.40 107.67 107.67 107.67 107.74 107.67 107.67 107.82 107.83 107.75 107.71 107.74 107.78 107.80 107.81 108.14 108.42 108.10 108.10 108.14 108.39 108.54 108.61 108.56 108.81 108.84 109.06 109.29 109.56 109.72 109.76 110.04 110.24 110.40 110.49 110.44 110.29 110.50 110.43 110.39 110.30 110.45 110.17 110.21 110.18 110.10 110.06 110.06 109.92 109.78 109.72 109.40 109.32 109.14 108.96 108.77 108.71 108.64 108.58 108.49 108.53 108.52 108.34 108.08 107.88 107.69 108.58 108.92 108.93 109.10 109.13 109.20 109.26
45°N ||     109.31 109.30 109.25 109.25 109.23 109.20 109.17 109.13 109.11 109.14 109.13 109.07 109.06 109.02 108.99 108.88 108.73 108.54 108.27 108.03 107.79 107.70 107.67 107.66 107.66 107.67 107.68 107.68 107.61 107.31 106.90 106.51 106.36 104.79 104.06 103.88 104.60 106.07 106.94 107.44 107.59 107.63 107.63 107.64 107.66 107.68 107.68 107.64 107.40 107.20 106.89 107.19 107.54 107.52 107.51 107.57 107.68 107.68 107.68 107.66 107.66 107.68 107.72 107.94 108.32 108.80 108.87 109.05 109.17 109.32 109.41 109.65 109.75 109.87 109.87 110.05 110.04 110.05 110.16 110.16 109.99 110.04 109.98 109.94 109.85 109.78 109.55 109.62 109.50 109.28 109.24 109.34 109.10 108.97 108.94 108.86 108.52 108.33 108.68 108.67 108.32 108.07 107.90 108.54 108.07 108.44 108.48 108.50 108.15 107.80 107.70 107.82 107.74 107.69 107.85 107.73 107.68 107.82 107.85 107.92 107.89 108.07 108.17 108.32 108.32 108.40 108.44 108.46 108.61 108.68 108.77 108.80 109.04 109.15 109.48 109.65 109.83 110.01 110.09 110.25 110.38 110.50 110.49 110.50 110.47 110.36 110.41 110.42 110.38 110.36 110.24 110.31 110.24 110.00 110.08 110.03 109.87 109.66 109.34 109.22 109.12 108.89 108.76 108.71 108.69 108.66 108.65 108.65 108.64 108.59 108.48 108.21 107.80 108.73 108.75 108.83 109.04 109.23 109.24 109.30
47°N ||     109.32 109.31 109.30 109.24 109.22 109.21 109.18 109.18 109.11 109.19 109.15 109.10 109.09 109.00 108.88 108.83 108.60 108.44 108.23 108.02 107.80 107.72 107.69 107.67 107.66 107.66 107.66 107.67 107.68 107.67 107.64 107.61 107.61 107.60 107.13 106.99 107.38 107.52 107.55 107.57 107.62 107.64 107.64 107.65 107.67 107.68 107.68 107.68 107.32 107.25 107.48 107.60 107.67 107.67 107.68 107.67 107.67 107.80 107.68 107.66 107.66 107.71 107.95 108.35 108.69 108.90 109.03 109.13 109.37 109.44 109.65 109.78 109.85 109.96 110.01 109.99 109.90 109.74 110.19 110.20 110.15 110.20 110.10 110.08 109.97 109.92 109.89 109.82 109.71 109.60 109.49 109.45 109.40 109.31 109.07 109.11 108.94 108.83 108.83 108.86 108.75 108.67 108.85 108.60 108.36 108.55 108.26 108.25 108.45 108.12 107.83 108.00 108.05 108.14 108.16 107.75 107.86 107.96 108.02 108.17 108.18 108.26 108.42 108.32 108.51 108.52 108.54 108.57 108.69 108.74 108.92 108.98 109.14 109.28 109.90 109.94 109.85 109.97 110.11 110.23 110.37 110.49 110.49 110.44 110.45 110.41 110.38 110.38 110.27 110.39 110.35 110.31 110.18 110.17 110.17 109.97 109.78 109.58 109.43 108.74 108.87 109.06 108.88 108.85 108.81 108.77 108.78 108.72 108.75 108.74 108.71 108.57 108.64 108.71 108.81 109.01 109.05 109.20 109.25 109.33
49°N ||     109.36 109.33 109.32 109.27 109.29 109.28 109.25 109.23 109.19 109.18 109.19 109.11 109.08 108.95 108.82 108.70 108.51 108.39 108.23 108.05 107.89 107.81 107.73 107.70 107.67 107.66 107.66 107.66 107.66 107.66 107.67 107.67 107.68 107.68 107.68 107.68 107.68 107.68 107.67 107.65 107.65 107.66 107.66 107.62 107.65 107.67 107.67 107.67 107.67 107.51 107.78 107.92 108.06 107.84 107.78 107.66 107.66 107.66 107.94 107.66 107.71 107.91 108.32 108.64 108.74 109.05 109.22 109.40 109.45 109.70 109.73 109.85 109.98 110.01 110.06 110.08 110.15 110.25 110.31 110.30 110.31 110.24 110.22 110.17 110.14 110.06 110.05 109.89 109.84 109.78 109.70 109.59 109.42 109.34 109.25 109.26 109.11 109.14 109.12 109.06 108.81 108.94 108.65 108.74 111.15 109.10 108.32 108.63 108.52 108.26 108.15 108.25 108.19 108.16 108.02 108.27 108.21 108.28 108.35 108.30 108.32 108.39 108.51 108.50 108.50 108.58 108.55 108.65 108.72 108.83 108.98 109.11 109.27 109.44 109.80 109.90 109.84 110.03 110.04 110.22 110.32 110.40 110.46 110.45 110.41 110.42 110.39 110.39 110.32 110.21 110.37 110.26 110.13 110.04 110.04 109.82 109.71 109.51 109.44 108.82 108.69 109.12 108.98 108.95 108.94 108.90 108.92 108.89 108.81 108.88 108.82 108.85 108.42 108.66 109.11 109.07 109.07 109.29 109.42 109.31
51°N ||     109.38 109.38 109.34 109.34 109.34 109.34 109.25 109.22 109.24 109.21 109.15 109.06 108.98 108.89 108.77 108.63 108.47 108.30 108.18 108.06 107.84 107.85 107.76 107.71 107.69 107.68 107.67 107.66 107.66 107.66 107.66 107.66 107.67 107.67 107.67 107.67 107.68 107.68 107.68 107.67 107.67 107.67 107.68 107.68 107.67 107.68 107.67 107.66 107.70 107.78 107.93 108.06 108.23 108.32 108.34 108.02 107.67 107.66 107.67 107.85 108.07 108.40 108.64 109.00 109.03 109.20 109.34 109.53 109.68 109.79 109.95 110.07 110.15 110.17 110.24 110.28 110.31 110.22 110.53 110.61 110.37 110.35 110.40 110.09 110.27 110.19 110.05 110.00 110.05 109.92 109.88 109.79 109.67 109.56 109.48 109.40 109.32 109.12 109.29 109.14 109.11 109.09 108.68 110.44 111.08 108.91 108.13 108.64 108.58 108.46 108.46 108.43 108.42 108.45 108.54 108.42 108.46 108.44 108.51 108.53 108.51 108.56 108.52 108.54 108.59 108.61 108.57 108.69 108.75 108.84 108.95 109.12 109.31 109.46 109.64 109.67 109.90 109.98 110.14 110.22 110.31 110.37 110.47 110.44 110.46 110.45 110.36 110.42 110.39 110.32 110.29 110.17 110.16 109.95 109.73 109.78 109.66 109.53 109.44 109.37 109.25 109.19 109.13 109.04 109.03 109.04 108.97 109.00 108.94 108.93 108.92 108.96 108.87 109.09 109.11 109.02 109.13 109.32 109.44 109.43
53°N ||     109.40 109.37 109.42 109.42 109.40 109.37 109.32 109.26 109.22 109.12 109.13 109.07 108.95 108.84 108.70 108.52 108.28 108.29 108.23 108.11 108.02 107.95 107.84 107.77 107.73 107.71 107.69 107.67 107.67 107.66 107.66 107.66 107.66 107.66 107.66 107.66 107.66 107.67 107.68 107.68 107.68 107.68 107.68 107.68 107.67 107.66 107.66 107.67 107.72 107.89 108.07 108.20 108.30 108.40 108.47 108.55 107.90 108.12 107.78 108.40 108.89 109.01 109.13 109.20 109.31 109.45 109.66 109.77 109.89 109.97 110.17 110.24 110.28 110.33 110.40 110.47 110.49 110.46 110.55 110.51 110.43 110.50 110.44 110.48 110.38 110.51 110.43 110.22 110.18 110.02 110.03 109.94 109.81 109.75 109.60 109.49 109.52 109.72 109.35 109.32 109.14 109.13 109.00 108.87 108.58 108.59 108.57 108.78 108.66 108.72 108.64 108.64 108.57 108.63 108.62 108.59 108.66 108.72 108.63 108.69 108.64 108.61 108.53 108.58 108.62 108.58 108.58 108.69 108.75 108.82 109.00 109.15 109.29 109.42 109.42 109.61 109.74 109.91 109.94 110.04 110.07 110.18 110.20 110.30 110.33 110.35 110.28 110.29 110.16 110.17 110.18 110.16 109.97 109.81 109.74 109.62 109.67 109.55 109.48 109.39 109.31 109.23 109.17 109.14 109.12 109.09 109.12 109.10 108.89 108.98 108.95 109.06 109.04 109.04 109.10 109.24 109.37 109.38 109.45 109.47
55°N ||     109.52 109.50 109.43 109.34 109.37 109.24 109.27 109.29 109.23 109.18 109.14 109.03 108.97 108.84 108.78 108.56 109.97 108.23 108.29 108.22 108.14 108.04 107.97 107.93 107.82 107.75 107.72 107.69 107.68 107.67 107.67 107.66 107.66 107.66 107.66 107.66 107.66 107.66 107.66 107.66 107.67 107.67 107.67 107.67 107.66 107.66 107.67 108.17 108.02 108.20 108.28 108.31 108.60 108.46 108.57 108.70 108.81 108.86 109.05 109.17 109.27 109.37 109.55 109.62 109.75 109.86 109.91 110.03 110.10 110.20 110.34 110.41 110.44 110.52 110.57 110.54 110.58 110.59 110.64 110.73 110.53 110.56 110.60 110.53 110.62 110.49 110.35 110.32 110.19 110.19 110.13 110.08 109.96 109.85 109.67 109.63 109.61 109.57 109.49 109.39 109.32 109.24 109.11 109.10 109.05 108.93 108.86 108.86 108.87 108.80 108.80 108.80 108.74 108.81 108.75 108.82 108.90 108.87 108.86 108.82 108.70 108.67 108.62 108.60 108.55 108.57 108.70 108.78 108.79 108.85 108.99 109.13 109.24 109.27 109.41 109.55 109.66 109.77 109.79 109.86 109.92 109.99 110.02 110.11 110.14 110.09 110.11 110.11 109.89 109.92 110.01 109.89 109.87 109.73 109.65 109.71 109.51 109.59 109.54 109.35 109.28 109.26 109.23 109.24 109.15 109.17 109.13 109.06 109.03 109.09 109.12 108.98 109.04 109.03 109.19 109.34 109.40 109.49 109.55 109.58
57°N ||     109.56 109.55 109.51 109.46 109.49 109.39 109.31 109.27 109.24 109.24 109.12 109.03 109.02 108.88 108.79 108.74 108.40 108.44 108.34 108.32 108.25 108.19 108.10 108.02 107.97 107.90 107.81 107.75 107.75 107.72 107.71 107.70 107.69 107.69 107.69 107.69 107.68 107.67 107.67 107.66 107.66 107.66 107.66 107.66 107.66 107.68 107.74 107.87 108.11 108.23 108.34 108.41 108.48 108.59 108.72 108.85 108.98 109.14 109.28 109.41 109.65 109.73 109.81 109.87 109.98 110.02 110.12 110.22 110.29 110.41 110.45 110.90 110.64 110.65 110.68 110.74 110.74 110.70 110.72 110.71 110.68 110.80 110.60 110.62 110.09 111.30 110.45 110.38 110.35 110.25 110.26 110.11 110.03 109.96 109.91 109.77 109.75 109.64 109.57 109.40 109.39 109.33 109.19 109.07 109.01 109.02 109.00 108.92 109.02 108.96 108.92 108.98 109.04 109.02 109.02 109.05 109.09 109.03 108.96 108.83 108.77 108.78 108.74 108.68 108.69 108.71 108.68 108.75 108.82 108.86 109.00 109.05 109.18 109.19 109.27 109.38 109.55 109.61 109.66 109.62 109.79 109.75 109.87 109.97 109.99 109.94 109.92 109.95 109.92 109.84 109.89 109.84 109.85 109.83 109.69 109.73 109.62 109.65 109.60 109.47 109.39 109.40 109.31 109.28 109.25 109.18 109.19 109.15 109.05 109.15 109.15 109.10 109.27 109.20 109.22 109.35 109.49 109.48 109.53 109.55
59°N ||     109.56 109.58 109.56 109.44 109.51 109.48 109.28 109.39 109.37 109.36 109.27 109.19 109.09 109.01 108.89 108.75 108.77 108.65 108.57 108.49 108.41 108.33 108.22 108.15 108.14 108.09 108.06 107.99 107.95 107.90 107.87 107.81 107.79 107.79 107.84 107.78 107.78 107.78 107.73 107.70 107.69 107.68 107.68 107.71 107.75 107.88 107.99 108.12 108.27 108.37 108.46 108.60 108.66 108.77 108.91 109.01 109.16 109.31 109.46 109.67 109.91 109.80 110.09 110.16 110.19 110.26 110.37 110.44 110.49 110.50 110.63 110.64 110.69 110.78 110.81 110.83 110.79 110.88 110.94 110.90 110.81 110.78 110.79 110.72 110.69 110.66 110.62 110.58 110.50 110.34 110.22 110.25 110.11 110.09 109.86 109.91 109.87 109.78 109.61 109.56 109.46 109.41 109.37 109.31 109.30 109.25 109.11 109.11 109.13 109.16 109.22 109.24 109.23 109.23 109.14 109.20 109.19 109.19 109.04 108.97 108.94 108.89 108.78 108.80 108.73 108.74 108.71 108.77 108.83 108.86 108.96 108.95 109.13 109.27 109.23 109.14 109.35 109.41 109.40 109.55 109.66 109.53 109.68 109.78 109.77 109.71 109.78 109.76 109.77 109.77 109.76 109.80 109.78 109.72 109.71 109.74 109.71 109.62 109.61 109.53 109.56 109.45 109.41 109.34 109.30 109.25 109.12 109.14 109.12 109.19 109.24 109.26 109.32 109.32 109.36 109.41 109.49 109.59 109.46 109.54
61°N ||     109.59 109.59 109.57 109.58 109.55 109.59 109.49 109.43 109.45 109.33 109.26 109.26 109.18 109.09 108.99 108.92 108.84 108.77 108.71 108.61 108.52 108.49 108.43 108.38 108.31 108.29 108.23 108.19 108.16 108.14 108.13 108.09 108.11 108.11 108.08 108.05 108.03 108.04 108.01 108.27 107.97 107.96 107.97 108.01 108.04 108.11 108.18 108.29 108.45 108.56 108.61 108.81 108.95 109.06 109.16 109.31 109.44 109.58 109.71 109.82 110.02 110.20 110.29 110.36 110.46 110.87 110.41 110.64 110.69 110.72 110.82 110.73 110.83 110.97 111.05 111.03 111.00 111.03 110.93 110.98 110.92 110.92 110.87 110.89 110.81 110.77 110.67 110.61 110.52 110.43 110.33 110.27 110.23 110.12 110.10 110.08 109.90 109.81 109.78 109.66 109.61 109.54 109.44 109.42 109.39 109.40 109.27 109.34 109.32 109.37 109.35 109.36 109.38 109.37 109.28 109.34 109.28 109.27 109.22 109.06 109.12 109.08 108.79 108.90 108.86 108.82 108.76 108.74 108.78 108.87 108.87 108.92 108.98 108.66 109.01 109.18 109.22 109.21 109.35 109.43 109.49 109.35 109.58 109.62 109.63 109.52 109.61 109.60 109.66 109.70 109.66 109.71 109.66 109.61 109.68 109.69 109.63 109.61 109.62 109.55 109.51 109.54 109.46 109.44 109.40 109.23 109.34 109.31 109.23 109.30 109.27 109.36 109.40 109.39 109.48 109.49 109.46 109.57 109.55 109.48
63°N ||     109.72 109.59 109.58 110.31 109.60 109.63 109.62 109.58 109.54 109.50 109.44 109.33 109.30 109.20 109.16 109.12 109.04 108.98 108.85 108.73 108.55 108.69 108.63 108.59 108.55 108.52 108.47 108.47 108.46 108.41 108.39 108.35 108.33 108.30 108.27 108.24 108.22 108.24 108.23 108.22 108.21 108.24 108.25 108.29 108.36 108.41 108.49 108.54 108.68 108.80 108.97 109.10 109.23 109.39 109.56 109.65 109.77 109.89 110.04 110.09 110.22 110.37 110.51 110.64 110.65 110.69 110.85 110.85 110.85 110.86 110.95 110.92 111.01 111.01 111.06 111.12 111.08 111.02 111.01 111.05 111.03 111.01 110.91 110.85 110.80 110.56 110.60 110.55 110.53 110.48 110.43 110.33 110.21 110.16 110.19 109.92 109.87 109.88 109.82 109.74 109.71 109.63 109.56 109.55 109.55 109.52 109.50 109.50 109.49 109.45 109.50 109.47 109.52 109.46 109.43 109.40 109.38 109.30 109.36 109.28 109.21 109.17 109.15 109.06 109.01 108.96 108.88 108.85 108.83 108.83 108.85 108.91 108.96 108.97 109.04 109.14 109.19 109.19 109.29 109.18 109.38 109.24 109.43 109.50 109.41 109.54 109.53 109.54 109.59 109.59 109.57 109.59 109.67 109.67 109.66 109.63 109.64 109.59 109.63 109.64 109.61 109.56 109.59 109.56 109.44 109.49 109.50 109.51 109.33 109.41 109.43 109.47 109.39 109.52 109.60 109.63 109.60 109.64 109.66 109.67
65°N ||     109.75 109.86 109.75 109.83 109.80 109.75 109.72 109.73 109.51 109.58 109.51 109.50 109.49 109.45 109.59 109.28 109.23 109.18 109.06 109.11 109.05 108.95 108.92 108.88 108.84 108.81 108.71 108.74 108.71 108.68 108.63 108.59 108.57 108.54 108.49 108.45 108.44 108.44 108.41 108.40 108.41 108.45 108.51 108.57 108.65 108.72 108.79 108.89 108.97 109.09 109.21 109.25 109.48 109.69 109.85 110.01 110.17 110.35 110.42 110.48 110.52 110.66 110.73 110.73 110.87 110.92 110.95 110.88 110.95 111.02 110.93 110.97 111.08 111.10 111.11 111.14 111.14 111.08 111.09 111.07 111.09 111.01 110.95 110.65 111.60 113.18 110.02 110.50 110.59 110.48 110.50 110.34 110.35 110.18 110.16 110.07 109.98 109.95 109.93 109.87 109.78 109.77 109.71 109.59 109.67 109.56 109.54 109.57 109.56 109.53 109.58 109.58 109.61 109.53 109.41 109.43 109.53 109.41 109.38 109.44 109.40 109.33 109.30 109.14 109.13 108.98 109.02 108.95 108.94 108.83 108.92 108.90 108.91 108.94 109.02 109.01 109.08 109.12 109.07 109.19 109.27 109.26 109.34 109.37 109.31 109.45 109.44 109.48 109.46 109.49 109.54 109.56 109.57 109.61 109.46 109.63 109.61 109.68 109.67 109.66 109.58 109.58 109.68 109.67 109.59 109.69 109.69 109.53 109.64 109.56 109.68 109.67 109.64 109.65 109.66 109.73 109.62 109.64 109.79 109.52
67°N ||     109.97 109.95 110.00 109.95 109.91 110.00 109.94 109.87 109.90 109.84 109.68 109.70 109.74 109.61 109.63 109.55 109.54 109.49 109.45 109.43 109.27 109.31 109.18 109.12 109.11 108.99 109.08 109.05 108.97 108.93 108.91 108.83 108.84 108.76 109.00 108.68 108.67 108.66 108.64 108.66 108.68 108.73 108.82 108.85 108.92 109.01 109.12 109.26 109.35 109.48 109.63 109.80 109.95 110.12 110.30 110.46 110.64 110.77 110.90 111.03 111.09 111.09 111.03 111.00 111.02 111.03 111.01 111.06 111.13 111.10 111.15 111.16 111.13 111.20 111.19 111.15 111.12 111.01 111.18 111.13 111.10 111.04 110.88 110.83 110.81 110.67 110.64 110.65 110.59 110.61 110.51 110.41 110.39 110.28 110.23 110.14 110.09 110.03 109.98 109.87 109.79 109.84 109.78 109.67 109.68 109.68 109.68 109.63 109.58 109.47 109.51 109.64 109.69 109.62 109.58 109.59 109.48 109.55 109.53 109.51 109.47 109.37 109.40 109.35 109.28 109.24 109.23 109.10 109.04 109.02 108.97 108.91 108.93 108.93 108.86 109.02 109.04 109.08 108.84 109.15 109.21 109.29 109.31 109.27 109.32 109.34 109.20 109.43 109.43 109.47 109.45 109.57 109.56 109.61 109.63 109.63 109.65 109.68 109.70 109.75 109.62 109.65 109.66 109.73 109.72 109.72 109.83 109.83 109.84 109.79 109.85 109.80 109.89 109.88 109.77 109.81 109.82 109.94 109.91 109.95
69°N ||     109.95 110.14 110.14 110.08 110.10 110.11 110.07 110.10 109.96 110.11 109.99 109.97 109.93 109.94 109.77 109.69 109.68 109.78 109.80 109.69 109.69 109.66 109.62 109.58 109.46 109.42 109.11 109.36 109.35 109.19 109.30 109.13 109.15 109.05 108.96 108.90 108.92 108.92 108.93 108.94 108.95 109.05 109.12 109.20 109.28 109.39 109.58 109.74 109.92 110.05 110.14 110.24 110.31 110.44 110.53 110.67 110.76 110.81 110.93 110.98 111.00 111.04 111.04 111.04 111.02 111.07 111.10 111.12 111.08 111.16 111.18 111.16 111.24 111.22 111.10 111.18 111.16 111.08 111.10 111.06 110.99 110.96 110.99 110.90 110.77 110.79 110.63 110.58 110.55 110.49 110.48 110.40 110.30 110.28 110.27 110.07 110.10 110.08 110.02 109.98 109.95 109.93 109.88 109.77 109.78 109.85 109.80 109.74 109.72 109.75 109.53 109.56 109.67 109.65 109.69 109.64 109.59 109.61 109.60 109.50 109.44 109.48 109.45 109.45 109.33 109.31 109.30 109.28 109.24 109.19 109.15 109.06 109.06 109.00 108.95 108.90 108.97 109.07 109.15 109.13 109.16 109.17 109.22 109.23 109.25 109.26 109.31 109.36 109.37 109.36 109.44 109.40 109.47 109.55 109.62 109.67 109.64 109.71 109.87 109.80 109.76 109.77 109.77 109.86 109.86 109.92 109.94 110.00 109.98 109.94 109.92 110.01 110.04 110.08 110.19 110.13 110.08 110.11 110.05 110.00
71°N ||     110.28 110.35 110.40 110.30 110.24 110.31 110.60 110.16 110.26 110.26 110.12 110.17 110.18 110.12 110.21 110.22 110.19 110.11 110.24 109.98 109.87 110.00 109.98 109.91 109.82 109.77 109.68 109.59 109.63 109.49 109.52 109.54 109.56 109.40 109.50 109.51 109.39 109.39 109.41 109.43 109.37 109.53 109.59 109.64 109.76 109.83 109.94 110.10 110.19 110.32 110.42 110.49 110.51 110.49 110.58 110.62 110.65 110.71 110.77 110.78 110.76 110.84 110.85 110.91 111.06 110.99 111.02 111.07 111.18 111.11 111.17 111.15 111.14 111.20 111.13 111.07 111.09 111.13 111.08 111.01 110.96 110.95 110.90 110.83 110.75 110.72 110.66 110.64 110.58 110.46 110.35 110.26 110.31 110.32 110.21 110.19 110.13 110.10 110.07 110.01 109.92 109.87 109.83 109.79 109.85 109.87 109.84 109.78 109.79 109.77 109.82 109.74 109.72 109.72 109.65 109.70 109.63 109.60 109.51 109.59 109.46 109.55 109.52 109.41 109.43 109.42 109.40 109.41 109.36 109.30 109.26 109.28 109.23 109.21 109.13 109.16 109.11 109.09 109.05 109.03 108.98 108.98 109.03 109.08 109.13 109.19 109.27 109.30 109.40 109.38 109.47 109.47 109.47 109.51 109.61 109.58 109.72 109.80 109.86 109.89 109.92 109.85 109.98 110.00 110.02 110.10 110.08 110.12 109.99 110.17 110.16 110.13 110.05 110.19 110.21 110.25 110.35 110.19 110.27 110.24
73°N ||     110.49 110.56 110.56 110.49 110.42 110.57 110.59 110.53 110.51 110.56 110.63 110.51 110.52 110.39 110.64 110.45 110.41 110.36 110.28 110.27 110.31 110.03 110.03 110.11 110.00 110.11 109.99 110.39 110.16 110.05 110.12 109.95 109.88 109.82 109.72 109.80 109.71 109.75 109.78 109.88 109.93 109.99 110.03 110.07 110.16 110.22 110.26 110.31 110.37 110.43 110.53 110.67 110.63 110.64 110.64 110.64 110.60 110.59 110.55 110.62 110.67 110.72 110.77 110.77 110.83 110.92 110.96 110.93 110.93 110.98 111.08 111.15 111.14 111.04 111.11 111.13 111.14 111.05 110.98 110.87 110.89 110.83 110.77 110.71 110.74 110.71 110.65 110.58 110.51 110.50 110.40 110.21 110.21 110.21 110.18 110.05 110.06 110.05 109.99 110.01 109.95 109.94 109.89 109.75 109.84 109.84 109.77 109.73 109.72 109.66 109.72 109.73 109.78 109.76 109.71 109.76 109.77 109.69 109.59 109.52 109.57 109.65 109.61 109.51 109.50 109.47 109.42 109.47 109.37 109.37 109.33 109.30 109.33 109.27 109.30 109.27 109.24 109.20 109.18 109.20 109.24 109.27 109.30 109.31 109.34 109.37 109.40 109.42 109.47 109.50 109.48 109.56 109.56 109.62 109.62 109.63 109.76 109.83 109.86 109.84 109.98 109.98 109.94 110.05 110.14 110.20 110.12 110.21 110.30 110.34 109.83 111.19 110.03 109.00 110.29 110.36 110.50 110.46 110.29 110.41
75°N ||     110.58 110.70 110.62 110.67 110.66 110.79 110.61 110.71 110.73 110.71 110.76 110.65 110.67 110.78 110.66 110.72 110.70 110.47 110.56 110.61 110.53 110.64 110.68 110.77 110.58 110.36 110.40 110.40 110.11 110.20 110.22 110.15 110.30 110.35 110.43 110.23 110.16 110.18 110.07 110.21 110.18 110.24 110.34 110.33 110.32 110.26 110.36 110.41 110.45 110.57 110.63 110.64 110.65 110.67 110.68 110.82 110.66 110.66 110.69 110.72 110.81 110.87 110.92 110.93 110.93 110.91 110.88 110.91 110.96 110.87 111.01 111.02 111.02 111.03 111.00 111.04 110.97 110.96 110.85 110.88 110.79 110.78 110.70 110.86 110.65 110.56 110.49 110.42 110.40 110.40 110.32 110.28 110.24 110.17 110.17 110.13 110.22 110.01 109.96 109.93 109.90 109.89 109.87 109.81 109.83 109.84 109.84 109.80 109.74 109.80 109.76 109.72 109.78 109.77 109.75 109.73 109.70 109.73 109.64 109.64 109.63 109.61 109.54 109.66 109.66 109.62 109.51 109.50 109.50 109.42 109.50 109.47 109.49 109.45 109.38 109.41 109.38 109.39 109.38 109.38 109.37 109.45 109.46 109.34 109.43 109.48 109.53 109.56 109.51 109.53 109.57 109.63 109.66 109.69 109.73 109.74 109.78 109.88 109.93 109.98 109.99 110.08 110.09 110.18 110.21 110.21 110.22 110.26 110.31 110.38 110.38 110.44 110.38 110.65 110.66 110.69 110.69 110.68 110.63 110.53
77°N ||     110.83 110.68 110.40 110.25 110.43 110.75 110.63 110.17 110.20 110.67 110.77 110.77 110.80 110.75 110.73 110.52 110.19 110.22 110.10 110.48 110.23 110.35 110.82 111.14 110.64 110.43 110.41 110.57 110.48 110.46 110.44 110.44 110.49 110.38 110.01 110.35 110.24 110.33 110.29 110.24 110.43 110.39 110.30 110.30 110.39 110.48 110.52 110.56 110.60 110.63 110.65 110.70 110.54 110.77 110.80 110.85 110.88 110.88 110.89 110.90 110.94 110.19 110.23 110.68 110.83 110.81 110.80 110.84 110.76 110.76 110.84 110.86 110.86 110.87 110.82 110.83 110.80 110.81 110.85 110.82 110.76 110.64 110.63 110.59 110.58 110.50 110.36 110.33 110.41 110.35 110.36 110.30 110.21 110.10 110.08 110.12 110.12 110.09 110.04 109.99 109.97 109.96 109.90 109.98 109.89 109.87 109.87 109.85 109.84 109.83 109.83 109.80 109.76 109.69 109.70 109.69 109.75 109.66 109.67 109.58 109.62 109.66 109.68 109.69 109.68 109.70 109.67 109.65 109.61 109.56 109.60 109.55 109.52 109.45 109.17 109.40 109.50 109.52 109.56 109.54 109.50 109.51 109.52 109.52 109.55 109.53 109.59 109.56 109.59 109.55 109.63 109.69 109.68 109.73 109.79 109.82 109.86 109.89 109.85 109.93 109.97 110.04 110.14 110.21 110.23 110.24 110.29 110.39 110.39 110.35 110.44 110.37 110.43 110.51 110.48 110.70 110.82 110.79 110.69 110.77
79°N ||     110.52 110.37 110.37 110.48 110.51 110.45 110.40 110.39 110.42 110.40 110.41 110.22 110.50 110.43 110.47 110.56 110.55 110.59 110.59 110.52 110.49 110.61 110.57 110.60 110.65 110.69 110.59 110.33 110.41 110.28 110.34 110.38 110.41 110.42 110.36 110.43 110.39 110.49 110.47 110.46 110.48 110.51 110.50 110.45 110.38 110.41 110.45 110.50 110.53 110.62 110.70 110.65 110.70 110.74 110.79 110.81 110.76 110.83 110.91 110.90 110.95 110.98 110.97 110.99 110.93 110.94 111.02 110.96 110.86 110.80 110.74 110.71 110.62 110.66 110.67 110.49 110.44 110.48 110.60 110.61 110.49 110.55 110.37 109.84 110.15 110.50 109.26 109.47 110.18 108.81 109.25 109.81 109.48 109.06 109.65 108.88 109.04 109.73 109.45 109.10 109.22 109.30 109.43 109.84 109.88 109.80 109.85 109.86 109.88 109.86 109.84 109.83 109.82 109.81 109.75 109.78 109.75 109.75 109.73 109.51 110.10 109.50 109.70 109.67 109.65 109.69 109.66 109.63 109.65 109.66 109.67 109.68 109.66 109.68 109.67 109.68 109.70 109.70 109.66 109.68 109.66 109.63 109.56 109.59 109.61 109.53 109.44 109.46 109.53 109.59 109.64 109.60 109.71 109.77 109.77 109.86 109.83 109.91 109.90 109.91 109.96 110.04 110.08 110.17 110.19 110.26 110.22 110.22 110.27 110.41 110.40 110.43 110.44 110.49 110.51 110.45 110.44 110.59 110.59 110.56
81°N ||     109.52 109.54 109.57 109.63 109.56 109.56 109.59 109.57 109.58 109.60 109.62 109.64 109.66 109.69 109.72 109.74 109.75 109.77 109.77 109.79 109.80 109.82 109.84 109.88 109.92 109.98 110.08 110.18 110.18 110.26 110.36 110.25 110.27 110.46 109.91 109.91 109.70 110.00 109.36 109.50 109.74 109.85 110.33 110.34 110.36 110.45 110.53 110.49 110.28 110.22 109.64 109.59 109.40 109.63 110.19 109.79 109.73 109.71 109.71 109.83 110.48 110.27 110.33 110.33 110.41 110.48 110.59 110.20 110.03 109.73 109.74 109.77 109.26 109.53 109.32 109.01 108.79 108.99 108.76 108.53 108.50 108.22 108.27 108.12 108.12 108.19 107.97 107.95 107.97 107.88 107.94 108.06 107.82 107.82 108.07 107.87 107.92 107.76 107.75 107.78 108.06 108.14 108.12 108.12 108.17 108.26 107.94 108.74 108.80 109.48 109.42 108.80 109.05 109.70 109.35 109.45 109.16 109.29 109.56 108.96 109.01 108.93 109.03 109.07 109.34 109.71 109.18 109.28 109.28 109.27 109.35 109.33 109.33 109.37 109.39 109.42 109.52 109.63 109.73 109.74 109.74 109.75 109.75 109.72 109.74 109.68 109.70 109.73 109.75 109.83 109.83 109.87 109.88 109.91 109.91 109.89 109.90 109.95 109.96 109.92 109.93 109.96 110.00 110.01 110.01 110.00 109.97 109.94 109.93 109.84 109.75 109.77 109.75 109.74 109.73 109.67 109.61 109.55 109.54 109.53
83°N ||     109.13 109.13 109.13 109.13 109.13 109.11 109.12 109.14 109.14 109.16 109.18 109.22 109.23 109.25 109.27 109.31 109.35 109.36 109.43 109.43 109.47 109.48 109.47 109.46 109.45 109.39 109.54 109.50 109.45 108.84 108.72 108.52 108.79 108.90 108.54 108.74 108.48 108.51 108.53 108.43 108.30 108.43 108.21 108.10 108.11 108.27 108.24 108.20 108.27 108.35 108.48 108.61 108.86 108.97 108.57 108.69 108.49 108.36 108.34 108.49 108.37 109.05 108.96 109.79 109.97 110.17 110.34 110.46 110.45 110.09 109.80 109.43 109.13 108.92 108.82 108.61 108.50 108.38 108.30 108.25 108.21 108.14 108.10 108.06 108.00 107.95 107.92 107.88 107.85 107.85 107.85 107.85 107.84 107.82 107.79 107.78 107.76 107.74 107.74 107.73 107.73 107.72 107.71 107.70 107.70 107.70 107.69 107.69 107.69 107.73 107.84 107.99 107.94 107.99 107.85 107.97 108.16 108.22 108.10 107.99 107.94 107.97 108.21 108.05 108.12 108.00 108.10 108.14 108.05 108.11 107.97 108.01 108.12 108.30 108.23 108.21 108.26 108.10 108.18 108.20 108.34 108.67 108.75 108.87 109.31 109.26 109.58 109.79 109.82 109.79 109.76 109.74 109.74 109.75 109.81 109.84 109.82 109.81 109.74 109.71 109.68 109.67 109.64 109.61 109.58 109.54 109.50 109.47 109.44 109.42 109.38 109.37 109.33 109.31 109.29 109.26 109.21 109.17 109.15 109.14
85°N ||     109.39 109.25 109.37 109.52 109.60 109.85 108.58 108.45 108.71 108.89 108.29 108.61 108.42 108.32 108.47 108.65 107.99 107.83 107.81 107.83 107.84 108.01 108.47 108.18 108.22 108.34 108.65 108.41 108.38 108.59 108.55 107.74 107.80 108.06 107.83 107.75 107.72 107.72 107.73 107.74 107.73 107.80 107.76 107.72 107.74 107.71 107.71 107.71 107.71 107.77 107.75 107.73 107.80 107.92 107.92 107.83 107.85 107.86 107.92 108.00 108.04 107.92 108.03 107.95 107.91 107.91 108.15 108.16 108.53 108.74 108.88 109.16 108.93 108.90 108.88 109.03 109.20 109.40 109.48 109.50 109.56 109.57 109.17 108.79 108.43 108.37 108.42 108.50 108.61 108.85 109.32 109.33 108.05 107.88 107.87 107.95 107.90 107.86 107.77 107.73 107.72 107.76 107.72 107.71 107.70 107.70 107.69 107.69 107.69 107.68 107.68 107.68 107.68 107.68 107.68 107.69 107.69 107.69 107.69 107.69 107.70 107.70 107.71 107.70 107.70 107.70 107.70 107.70 107.70 107.70 107.70 107.70 107.70 107.70 107.71 107.71 107.75 107.75 107.74 107.88 107.72 107.72 107.72 107.98 107.99 107.99 108.09 108.36 108.09 107.92 108.03 107.93 108.20 108.28 108.51 108.73 108.28 108.49 108.66 108.76 108.70 108.48 108.60 109.01 108.86 108.93 109.15 109.57 109.32 109.65 109.36 109.14 109.00 108.85 109.01 109.22 109.35 109.02 109.06 109.13
87°N ||     107.67 107.68 107.67 107.68 107.68 107.69 107.68 107.69 107.66 107.66 107.66 107.66 107.66 107.66 107.66 107.66 107.66 107.66 107.66 107.66 107.66 107.67 107.68 107.66 107.66 107.66 107.66 107.66 107.66 107.66 107.66 107.66 107.66 107.66 107.66 107.66 107.66 107.66 107.66 107.66 107.66 107.66 107.66 107.66 107.66 107.66 107.66 107.66 107.66 107.66 107.66 107.66 107.66 107.66 107.66 107.66 107.66 107.67 107.67 107.67 107.66 107.66 107.66 107.66 107.66 107.66 107.66 107.66 107.66 107.66 107.68 107.85 107.90 107.80 107.74 107.73 107.72 107.70 107.70 107.72 107.68 107.67 107.67 107.67 107.68 107.67 107.67 107.69 107.68 107.69 107.67 107.67 107.68 107.67 107.66 107.66 107.66 107.66 107.66 107.66 107.66 107.66 107.66 107.66 107.66 107.66 107.66 107.66 107.66 107.66 107.66 107.66 107.66 107.66 107.66 107.66 107.66 107.66 107.66 107.66 107.66 107.66 107.66 107.66 107.67 107.68 107.66 107.66 107.66 107.66 107.66 107.66 107.66 107.66 107.66 107.66 107.66 107.66 107.67 107.67 107.67 107.67 107.67 107.67 107.67 107.67 107.67 107.66 107.66 107.66 107.66 107.66 107.66 107.66 107.66 107.66 107.66 107.67 107.66 107.67 107.66 107.67 107.67 107.69 107.68 107.69 107.68 107.69 107.70 107.70 107.69 107.70 107.72 107.70 107.70 107.69 107.69 107.72 107.76 107.68
89°N ||     107.67 107.67 107.67 107.67 107.67 107.67 107.67 107.67 107.68 107.67 107.67 107.68 107.68 107.68 107.68 107.68 107.68 107.68 107.68 107.68 107.68 107.68 107.68 107.68 107.68 107.68 107.68 107.68 107.68 107.68 107.68 107.68 107.68 107.68 107.68 107.68 107.68 107.68 107.68 107.68 107.68 107.68 107.68 107.68 107.68 107.68 107.68 107.68 107.68 107.68 107.68 107.68 107.68 107.68 107.68 107.68 107.68 107.68 107.68 107.68 107.68 107.68 107.68 107.68 107.68 107.68 107.68 107.67 107.67 107.67 107.67 107.67 107.67 107.67 107.67 107.67 107.67 107.67 107.67 107.67 107.67 107.67 107.67 107.67 107.67 107.67 107.67 107.67 107.67 107.67 107.67 107.67 107.67 107.67 107.67 107.67 107.67 107.67 107.67 107.67 107.67 107.67 107.67 107.67 107.67 107.67 107.67 107.67 107.67 107.67 107.67 107.67 107.67 107.67 107.68 107.68 107.68 107.68 107.68 107.68 107.68 107.68 107.68 107.68 107.68 107.68 107.68 107.68 107.68 107.68 107.68 107.68 107.68 107.68 107.68 107.68 107.68 107.68 107.68 107.68 107.68 107.68 107.68 107.68 107.68 107.68 107.68 107.68 107.68 107.68 107.68 107.68 107.68 107.68 107.68 107.68 107.68 107.68 107.68 107.68 107.68 107.68 107.68 107.68 107.68 107.68 107.68 107.68 107.68 107.68 107.68 107.67 107.67 107.67 107.67 107.67 107.67 107.67 107.67 107.67
