Mars Surface Radiation Result (absorbed dose in thin silicon slab) (1E-6 Gy/day).
Column 1 is East longitude (°)
Line 1 is North latitude (°)

-179  -177  -175  -173  -171  -169  -167  -165  -163  -161  -159  -157  -155  -153  -151  -149  -147  -145  -143  -141  -139  -137  -135  -133  -131  -129  -127  -125  -123  -121  -119  -117  -115  -113  -111  -109  -107  -105  -103  -101  -99  -97  -95  -93  -91  -89  -87  -85  -83  -81  -79  -77  -75  -73  -71  -69  -67  -65  -63  -61  -59  -57  -55  -53  -51  -49  -47  -45  -43  -41  -39  -37  -35  -33  -31  -29  -27  -25  -23  -21  -19  -17  -15  -13  -11  -9  -7  -5  -3  -1  1  3  5  7  9  11  13  15  17  19  21  23  25  27  29  31  33  35  37  39  41  43  45  47  49  51  53  55  57  59  61  63  65  67  69  71  73  75  77  79  81  83  85  87  89  91  93  95  97  99  101  103  105  107  109  111  113  115  117  119  121  123  125  127  129  131  133  135  137  139  141  143  145  147  149  151  153  155  157  159  161  163  165  167  169  171  173  175  177  179  
--------------------------------------------------------------------------------------------------
-89°N ||     157.90 157.94 157.99 158.00 158.00 157.99 157.99 158.00 158.03 158.07 158.19 158.24 158.22 158.26 158.42 158.49 158.54 158.61 158.63 158.54 158.49 158.59 158.61 158.57 158.52 158.50 158.45 158.47 158.53 158.51 158.57 158.64 158.60 158.55 158.62 158.57 158.51 158.46 158.39 158.34 158.29 158.23 158.18 158.15 158.13 158.12 158.11 158.11 158.10 158.08 158.05 158.05 158.02 158.01 158.01 158.01 157.95 157.92 157.91 157.92 157.90 157.89 157.89 157.86 157.87 157.90 157.91 157.79 157.74 157.76 157.71 157.72 157.72 157.73 157.69 157.67 157.66 157.65 157.63 157.64 157.63 157.65 157.66 157.64 157.66 157.67 157.66 157.66 157.66 157.66 157.67 157.70 157.71 157.71 157.72 157.74 157.74 157.75 157.77 157.78 157.76 157.76 157.75 157.74 157.75 157.76 157.77 157.78 157.78 157.79 157.80 157.78 157.76 157.78 157.83 157.86 157.85 157.85 157.85 157.87 157.89 157.90 157.90 157.93 157.96 157.99 157.99 158.01 158.03 158.05 158.06 158.07 158.08 158.09 158.10 158.12 158.12 158.12 158.12 158.13 158.09 158.09 158.07 158.04 158.06 158.05 158.04 158.02 157.99 157.96 157.95 157.94 157.94 157.90 157.88 157.87 157.86 157.85 157.85 157.86 157.85 157.84 157.83 157.81 157.81 157.80 157.81 157.81 157.82 157.83 157.84 157.86 157.87 157.88 157.88 157.90 157.91 157.91 157.90 157.91
-87°N ||     159.20 159.25 159.26 159.33 159.32 159.36 159.32 159.31 159.30 159.24 159.24 159.24 159.17 159.10 159.06 159.05 159.07 159.07 159.07 159.05 159.05 159.08 159.16 159.18 159.17 159.14 159.14 159.08 159.13 159.02 159.18 159.19 159.09 159.07 159.07 159.07 159.05 159.03 159.04 159.03 158.99 159.03 159.00 158.99 158.96 158.95 158.95 158.90 158.87 158.83 158.72 158.83 158.69 158.49 158.51 158.47 158.38 158.28 158.23 158.22 158.37 157.96 158.05 157.83 157.76 157.74 157.68 157.64 157.61 157.60 157.59 157.59 157.65 157.64 157.39 157.34 157.28 157.19 157.17 157.34 157.05 156.88 156.88 156.79 156.76 156.77 156.79 156.82 156.86 156.89 156.92 156.93 156.93 156.92 156.93 157.32 157.24 157.42 157.30 157.49 157.49 157.49 157.56 157.57 157.61 157.68 157.73 157.85 157.93 157.97 157.85 157.85 157.88 157.90 157.92 157.92 157.96 157.99 158.05 158.05 158.11 158.15 158.16 158.20 158.25 158.24 158.25 158.31 158.36 158.34 158.40 158.40 158.41 158.46 158.55 158.65 158.71 158.81 158.76 158.64 158.54 158.51 158.48 158.46 158.43 158.43 158.38 158.19 158.17 158.15 158.15 158.16 158.19 158.19 158.18 158.19 158.23 158.32 158.38 158.38 158.44 158.48 158.55 158.57 158.65 158.71 158.78 158.82 158.92 158.94 159.06 159.06 159.08 159.07 159.11 159.04 158.88 158.97 159.20 159.33
-85°N ||     158.71 158.71 158.73 158.74 158.74 158.74 158.75 158.78 158.78 158.78 158.78 158.78 158.80 158.84 158.80 158.76 158.77 158.84 158.83 158.84 158.84 158.85 158.87 158.88 158.87 158.87 158.90 158.97 159.01 159.10 159.29 159.31 159.30 159.30 159.32 159.24 159.35 159.30 159.27 159.23 159.36 159.51 159.48 159.50 159.39 159.38 159.32 159.27 159.22 159.17 159.19 159.12 159.12 159.10 159.27 159.32 159.14 159.03 159.07 159.28 159.22 158.61 158.54 158.59 158.70 158.78 158.65 158.72 158.69 158.38 158.52 158.46 158.20 158.12 158.15 157.95 158.22 158.44 158.67 158.41 158.27 158.23 158.29 158.31 158.41 158.33 158.29 158.18 158.18 158.26 158.14 158.12 158.18 158.12 158.09 158.09 158.09 158.11 158.13 158.19 158.17 158.26 158.47 158.67 158.62 158.59 158.58 158.59 158.56 158.60 158.66 158.70 158.74 158.78 158.63 158.66 158.73 158.74 158.70 158.65 158.64 158.67 158.69 158.76 158.83 158.88 158.88 158.84 158.84 158.80 158.77 158.74 158.72 158.72 158.74 158.81 159.15 159.70 159.85 159.75 159.49 159.34 159.26 159.30 159.03 158.88 158.82 158.74 158.78 158.82 158.74 158.75 158.79 158.88 158.97 159.01 159.03 159.05 159.02 159.02 159.01 158.91 158.81 158.76 158.74 158.80 158.85 158.89 158.98 159.09 158.95 158.98 158.95 158.92 158.87 158.84 158.82 158.81 158.73 158.71
-83°N ||     158.75 158.77 158.78 158.79 158.79 158.80 158.81 158.82 158.83 158.85 158.86 158.88 158.90 158.91 158.91 158.91 158.93 158.95 158.97 158.99 159.00 159.03 159.05 159.07 159.10 159.14 159.16 159.20 159.26 159.33 159.29 159.21 159.20 159.17 159.23 159.29 159.29 159.26 159.30 159.33 159.19 159.20 159.21 159.22 159.23 159.25 159.24 159.51 159.58 159.62 159.58 159.59 159.55 159.56 159.57 159.55 159.52 159.66 159.70 159.68 159.48 159.65 159.61 159.56 159.72 159.60 159.61 159.59 159.75 159.62 159.73 159.83 159.89 159.89 159.84 159.79 159.80 159.80 159.79 159.83 159.82 159.82 159.76 159.77 159.79 159.76 159.74 159.73 159.75 159.74 159.62 159.60 159.64 159.74 159.59 159.54 159.48 159.45 159.46 159.38 159.48 159.19 159.28 159.13 159.36 159.49 159.52 159.39 159.33 159.35 159.38 159.45 159.57 159.61 159.64 159.60 159.43 159.45 159.41 159.40 159.37 159.34 159.18 159.13 159.17 159.20 159.20 159.12 159.11 159.19 159.15 159.16 159.26 159.26 159.37 159.63 159.91 159.90 159.90 159.90 159.90 159.44 159.38 159.41 159.39 159.45 159.43 159.39 159.37 159.37 159.34 159.27 159.21 159.17 159.15 159.06 159.02 159.05 159.22 159.41 159.64 159.75 159.49 159.23 158.84 158.84 158.64 158.59 158.57 158.57 158.65 158.79 159.07 159.07 158.91 158.77 158.72 158.70 158.71 158.73
-81°N ||     158.94 158.98 158.99 159.07 158.92 158.97 159.00 159.02 159.06 159.09 159.13 159.17 159.26 159.28 159.17 159.16 159.19 159.22 159.25 159.27 159.30 159.32 159.33 159.35 159.37 159.40 159.44 159.46 159.47 159.49 159.51 159.59 159.57 159.59 159.64 159.61 159.52 159.54 159.52 159.54 159.62 159.55 159.40 159.42 159.33 159.27 159.30 159.40 159.43 159.37 159.46 159.41 159.53 159.87 159.67 159.77 159.90 159.76 159.90 159.88 159.77 159.82 159.85 159.84 159.84 159.82 159.84 159.84 159.82 159.79 159.83 159.77 159.70 159.71 159.72 159.73 159.70 159.71 159.70 159.71 159.83 159.67 159.60 159.58 159.57 159.58 159.57 159.58 159.56 159.56 159.55 159.56 159.51 159.42 159.31 159.14 158.72 158.24 158.82 158.89 159.19 159.38 159.35 159.42 159.57 159.66 159.72 159.80 159.79 159.74 159.65 159.77 159.82 159.86 159.86 159.88 159.89 159.91 159.90 159.90 159.89 159.90 159.88 159.87 159.85 159.83 159.74 159.75 159.78 159.80 159.82 159.88 159.90 159.92 159.93 159.93 159.92 159.71 159.33 159.22 159.20 159.17 159.16 159.25 159.30 159.31 159.27 159.36 159.40 159.45 159.51 159.55 159.59 159.50 159.55 159.65 159.71 159.56 159.50 159.51 159.68 159.56 159.48 159.49 159.54 159.49 159.71 159.39 158.96 158.77 158.79 158.88 158.97 159.10 159.26 158.89 158.97 158.97 158.85 158.88
-79°N ||     159.14 159.17 159.18 159.24 159.23 159.21 159.21 159.23 159.24 159.35 159.28 159.33 159.36 159.37 159.42 159.48 159.44 159.52 159.40 159.50 159.45 159.47 159.46 159.65 159.81 159.40 159.60 159.77 159.73 159.78 159.75 159.75 159.74 159.75 159.77 159.78 159.78 159.77 159.73 159.72 159.72 159.61 159.84 159.87 159.51 159.60 159.59 159.53 159.51 159.58 159.63 159.62 159.84 159.83 159.84 159.90 159.95 159.55 159.80 159.59 159.89 159.81 159.56 159.76 159.76 159.87 159.88 159.86 159.86 159.84 159.83 159.84 159.83 159.84 159.83 159.82 159.83 159.84 159.83 159.76 159.79 159.85 159.76 159.74 159.75 159.82 159.70 159.78 159.71 159.73 159.75 159.70 159.68 159.54 159.10 159.11 158.85 159.15 159.45 159.59 159.55 159.67 159.69 159.72 159.75 159.82 159.76 159.80 159.71 159.81 159.64 159.77 159.70 159.70 159.55 159.50 159.80 159.85 159.92 159.93 159.94 159.94 159.94 159.94 159.95 159.94 159.93 159.94 159.94 159.94 159.93 159.93 159.94 159.94 159.94 159.94 159.95 159.95 159.94 159.94 159.94 159.95 159.87 159.75 159.82 159.59 159.38 159.38 159.38 159.32 159.36 159.41 159.59 159.91 159.90 159.63 159.53 159.77 159.22 159.23 159.54 159.26 159.10 159.01 158.97 159.03 158.94 159.16 159.02 159.00 159.00 159.04 159.11 158.93 158.88 158.96 159.02 159.08 159.09 159.10
-77°N ||     159.55 159.41 159.39 159.37 159.33 159.46 159.44 159.61 159.59 159.61 159.60 159.61 159.74 159.66 159.64 159.67 159.71 159.71 159.75 159.69 159.67 159.69 159.67 159.70 159.68 159.73 159.80 159.83 159.78 159.82 159.80 159.81 159.81 159.81 159.81 159.82 159.80 159.81 159.81 159.81 159.80 159.81 159.78 159.73 159.71 159.62 159.37 159.66 159.32 159.45 159.76 159.72 159.65 159.41 159.51 159.61 159.69 159.65 159.72 159.71 159.82 159.88 159.81 159.84 159.90 159.90 159.90 159.91 159.91 159.90 159.89 159.89 159.87 159.88 159.87 159.87 159.86 159.83 159.76 159.77 159.75 159.70 159.67 159.61 159.71 159.78 159.73 159.75 159.67 159.72 159.73 159.70 159.55 159.47 159.41 159.32 159.04 158.81 159.46 159.85 159.94 159.94 159.92 159.68 159.78 159.73 159.74 159.81 159.70 159.82 159.72 159.70 159.69 159.82 159.92 159.89 159.72 159.66 159.48 159.36 159.31 159.09 159.01 159.31 159.53 159.77 159.89 159.88 159.86 159.79 159.57 159.71 159.72 159.61 159.83 159.88 159.94 159.92 159.85 159.79 159.72 159.73 159.61 159.75 159.95 159.95 159.92 159.90 159.62 159.65 159.69 159.34 159.65 159.79 159.78 159.42 159.24 159.27 159.15 159.17 159.21 159.12 159.11 159.25 159.18 159.15 159.22 159.28 159.30 159.28 159.23 159.28 159.40 159.23 159.24 159.27 159.37 159.46 159.50 159.41
-75°N ||     159.65 159.69 159.59 159.66 159.56 159.57 159.62 159.80 159.71 159.68 159.95 159.92 159.73 159.81 159.81 159.84 159.78 159.81 159.81 159.74 159.75 159.82 159.83 159.87 159.83 159.85 159.86 159.87 159.86 159.85 159.85 159.84 159.85 159.84 159.67 159.82 159.82 159.82 159.81 159.81 159.79 159.77 159.78 159.78 159.80 159.81 159.79 159.76 159.69 159.64 159.66 159.45 159.39 159.56 159.77 159.81 159.79 159.89 159.92 159.93 159.94 159.93 159.92 159.92 159.91 159.91 159.90 159.85 159.88 159.85 159.83 159.78 159.77 159.71 159.68 159.72 159.69 159.75 159.69 159.70 159.73 159.74 159.77 159.72 159.83 159.75 159.75 159.81 159.75 159.75 159.72 159.60 159.54 159.67 159.73 159.74 159.75 159.75 159.77 159.72 159.66 159.70 159.70 159.68 159.79 159.81 159.81 159.74 159.75 159.71 159.67 159.60 159.39 159.44 159.56 159.29 159.49 159.43 159.32 159.41 159.28 159.25 159.59 159.72 159.65 159.46 159.89 159.48 159.57 159.57 159.62 159.77 159.75 159.72 159.69 159.59 159.71 159.28 159.09 158.84 158.80 159.19 159.96 159.94 159.96 159.64 159.85 159.61 159.88 159.95 159.94 159.93 159.91 159.92 159.92 159.57 159.02 158.98 158.97 158.97 158.95 159.04 159.38 159.32 159.40 159.10 159.14 159.24 159.28 159.28 159.32 159.32 159.35 159.47 159.48 159.51 159.57 159.54 159.57 159.59
-73°N ||     159.93 159.64 159.86 159.85 159.83 159.73 159.90 159.86 159.87 159.86 159.73 159.60 159.69 159.70 159.80 159.85 159.84 159.84 159.82 159.78 159.72 159.57 159.89 159.48 159.59 159.87 159.82 159.81 159.82 159.83 159.84 159.83 159.84 159.75 159.71 159.59 159.69 159.82 159.78 159.80 159.80 159.81 159.78 159.80 159.81 159.81 159.82 159.73 159.85 159.88 159.89 159.84 159.85 159.71 159.89 159.91 159.94 159.95 159.95 159.95 159.95 159.95 159.94 159.93 159.93 159.84 159.88 159.93 159.93 159.93 159.92 159.85 159.78 159.81 159.77 159.74 159.71 159.76 159.83 159.70 159.70 159.71 159.73 159.84 159.79 159.86 159.88 159.87 159.85 159.86 159.78 159.76 159.63 159.77 159.77 159.80 159.85 159.86 159.86 159.85 159.86 159.87 159.89 159.87 159.85 159.83 159.87 159.72 159.69 159.64 159.42 159.25 159.37 159.60 159.77 159.66 159.74 159.70 159.74 159.59 159.65 159.49 159.39 159.34 159.50 159.48 159.63 159.65 159.75 159.74 159.72 159.76 159.77 159.80 159.83 159.83 159.83 159.85 159.76 159.61 159.74 159.16 159.27 159.57 159.62 159.63 159.67 159.72 159.68 159.84 159.82 159.42 159.72 159.92 159.96 159.96 159.83 159.46 159.03 159.26 159.12 159.28 159.52 159.51 159.21 159.36 159.56 159.63 159.56 159.71 159.93 159.89 159.77 159.73 159.73 159.71 159.77 159.70 159.71 159.89
-71°N ||     159.91 159.93 159.95 159.95 159.96 159.95 159.94 159.94 159.95 159.95 159.95 159.89 159.67 159.53 159.21 159.22 159.55 159.62 159.89 159.72 159.73 159.67 159.58 159.62 159.84 159.77 159.83 159.84 159.80 159.73 159.76 159.71 159.71 159.78 159.76 159.75 159.72 159.82 159.78 159.78 159.83 159.77 159.82 159.79 159.81 159.82 159.72 159.65 159.68 159.82 159.84 159.82 159.73 159.67 159.93 159.95 159.95 159.96 159.95 159.95 159.96 159.92 159.89 159.91 159.94 159.95 159.91 159.93 159.93 159.67 159.77 159.83 159.78 159.84 159.73 159.77 159.73 159.55 159.45 159.39 159.33 159.73 159.76 159.76 159.82 159.84 159.87 159.82 159.88 159.86 159.93 159.93 159.86 159.88 159.88 159.83 159.80 159.55 159.79 159.88 159.91 159.85 159.86 159.86 159.86 159.87 159.76 159.38 159.53 159.67 159.69 159.74 159.74 159.80 159.81 159.78 159.86 159.81 159.85 159.87 159.85 159.90 159.91 159.86 159.77 159.80 159.56 159.66 159.96 159.96 159.74 159.80 159.71 159.09 159.56 159.66 159.70 159.46 159.37 159.52 159.54 159.41 159.72 159.85 159.92 159.93 159.92 159.85 159.84 159.87 159.95 159.94 159.95 159.92 159.86 159.78 159.82 159.93 159.88 159.89 159.92 159.92 159.86 159.94 159.96 159.96 159.96 159.94 159.91 159.90 159.92 159.96 159.94 159.95 159.83 159.83 159.85 159.87 159.76 159.83
-69°N ||     159.73 159.77 159.88 159.92 159.83 159.76 159.79 159.95 159.92 159.93 159.94 159.95 159.86 159.86 159.70 159.67 159.33 159.42 159.54 159.77 159.88 159.81 159.66 159.55 159.62 159.79 159.78 159.82 159.69 159.77 159.54 159.57 159.53 159.66 159.68 159.72 159.82 159.83 159.86 159.86 159.86 159.86 159.85 159.87 159.87 159.78 159.81 159.90 159.90 159.90 159.91 159.94 159.94 159.95 159.95 159.95 159.95 159.95 159.93 159.93 159.89 159.95 159.95 159.95 159.95 159.90 159.74 159.75 159.78 159.77 159.75 159.76 159.78 159.85 159.87 159.91 159.83 159.69 159.47 159.59 159.65 159.80 159.75 159.67 159.68 159.59 159.63 159.61 159.72 159.82 159.82 159.87 159.44 159.88 159.90 159.88 159.91 159.91 159.90 159.91 159.90 159.89 159.91 159.89 159.83 159.72 159.44 159.86 159.91 159.89 159.85 159.79 159.82 159.78 159.83 159.66 159.64 159.83 159.93 159.95 159.96 159.96 159.96 159.96 159.96 159.96 159.90 159.81 159.72 159.72 159.82 159.82 159.80 159.71 159.91 159.58 159.14 159.33 159.34 159.45 159.55 159.55 159.38 159.45 159.68 159.84 159.87 159.79 159.89 159.93 159.93 159.95 159.85 159.07 159.93 159.88 159.93 159.36 159.88 159.91 159.93 159.96 159.96 159.96 159.92 159.85 159.77 159.75 159.51 159.38 159.78 159.89 159.92 159.88 159.84 159.79 159.76 159.73 159.80 159.79
-67°N ||     159.88 159.69 159.59 159.86 159.88 159.91 159.91 159.83 159.94 159.93 159.92 159.92 159.95 159.93 159.92 159.85 159.74 159.54 159.49 159.35 159.34 159.18 159.37 159.38 159.56 159.55 159.49 159.44 159.58 159.31 159.31 159.28 159.49 159.93 159.57 159.68 159.70 159.75 159.83 159.84 159.87 159.87 159.86 159.86 159.87 159.88 159.87 159.90 159.90 159.89 159.90 159.92 159.93 159.93 159.92 159.94 159.96 159.95 159.95 159.94 159.82 159.91 159.95 159.95 159.90 159.80 159.35 159.37 159.79 159.78 159.82 159.83 159.85 159.90 159.93 159.83 159.72 159.48 159.51 159.37 159.52 159.53 159.65 159.67 159.79 159.76 159.81 159.81 159.81 159.81 159.83 159.88 159.86 159.90 159.88 159.91 159.88 159.87 159.85 159.83 159.81 159.57 159.48 159.50 159.34 159.59 159.95 159.90 159.92 159.93 159.95 159.87 159.88 159.79 159.83 159.81 159.91 159.91 159.96 159.96 159.96 159.96 159.96 159.96 159.95 159.95 159.94 159.92 159.92 159.95 159.77 159.53 159.74 159.80 159.52 159.45 159.39 159.19 159.44 159.06 159.20 159.40 159.42 159.75 159.70 159.68 159.47 159.62 159.79 159.89 159.94 159.85 159.92 159.95 159.96 159.96 159.96 159.85 159.92 159.93 159.94 159.95 159.93 159.88 159.93 159.92 159.92 159.92 159.89 159.78 159.93 159.88 159.86 159.80 159.63 159.79 159.60 159.60 159.63 159.80
-65°N ||     159.74 159.58 159.43 159.63 159.66 159.92 159.86 159.85 159.94 159.94 159.95 159.93 159.93 159.93 159.95 159.96 159.95 159.93 159.92 159.83 159.64 159.59 159.61 159.51 159.67 159.64 159.49 159.67 159.67 159.50 159.39 159.54 159.44 159.56 159.65 159.70 159.72 159.75 159.75 159.83 159.84 159.87 159.88 159.88 159.90 159.91 159.90 159.90 159.91 159.91 159.88 159.86 159.84 159.87 159.91 159.94 159.94 159.94 159.92 159.63 159.68 159.96 159.96 159.90 159.91 159.88 159.68 159.63 159.85 159.83 159.88 159.86 159.88 159.91 159.95 159.92 159.79 159.73 159.57 159.42 159.43 159.57 159.85 159.71 159.78 159.80 159.80 159.77 159.68 159.82 159.82 159.84 159.83 159.88 159.80 159.88 159.93 159.91 159.83 159.86 159.78 159.79 159.75 159.71 159.55 159.69 159.63 159.73 159.76 159.73 159.73 159.68 159.74 159.84 159.95 159.89 159.90 159.95 159.96 159.95 159.95 159.96 159.94 159.95 159.92 159.94 159.94 159.93 159.93 159.90 159.87 159.85 159.83 159.79 159.82 159.59 159.55 159.58 159.71 159.28 159.26 159.26 159.50 159.52 159.54 159.34 159.25 159.76 159.63 159.58 159.83 159.86 159.82 159.94 159.94 159.43 159.70 159.77 159.93 159.86 159.63 159.70 159.90 159.83 159.86 159.94 159.91 159.93 159.92 159.90 159.80 159.78 159.71 159.44 159.82 159.89 159.77 159.71 159.55 159.49
-63°N ||     159.72 159.71 159.77 159.59 159.47 159.67 159.88 159.87 159.93 159.94 159.96 159.95 159.81 159.96 159.95 159.95 159.96 159.96 159.96 159.86 159.68 159.67 159.54 159.59 159.54 159.61 159.61 159.52 159.49 159.53 159.50 159.57 159.68 159.69 159.68 159.57 159.49 159.64 159.79 159.70 159.85 159.76 159.67 159.83 159.84 159.81 159.77 159.87 159.85 159.82 159.77 159.76 159.70 159.78 159.79 159.70 159.82 159.96 159.95 159.95 159.94 159.94 159.96 159.94 159.86 159.91 159.90 159.88 159.85 159.94 159.91 159.87 159.87 159.85 159.86 159.95 159.95 159.96 159.96 159.88 159.82 159.69 159.72 159.72 159.74 159.75 159.81 159.81 159.81 159.80 159.80 159.80 159.84 159.82 159.84 159.77 159.83 159.85 159.79 159.88 159.89 159.80 159.82 159.88 159.84 159.74 159.68 159.59 159.61 159.52 159.72 159.79 159.90 159.95 159.85 159.82 159.80 159.90 159.94 159.95 159.96 159.96 159.96 159.95 159.91 159.88 159.92 159.93 159.92 159.91 159.95 159.91 159.88 159.93 159.83 159.65 159.52 159.60 159.52 159.07 159.89 159.39 159.66 159.62 159.61 159.46 159.38 159.27 159.12 159.36 159.59 159.72 159.70 159.73 159.85 159.93 159.95 159.94 159.91 159.89 159.75 159.77 159.84 159.83 159.75 159.37 159.34 159.54 159.76 159.85 159.89 159.91 159.85 159.92 159.92 159.59 159.78 159.81 159.79 159.70
-61°N ||     159.94 159.52 159.40 159.69 159.82 159.89 159.88 159.63 159.67 159.75 159.57 159.69 159.84 159.67 159.67 159.71 159.86 159.85 159.86 159.90 159.88 159.86 159.85 159.61 159.51 159.42 159.69 159.76 159.49 159.57 159.77 159.88 159.89 159.85 159.80 159.69 159.57 159.66 159.62 159.61 159.79 159.48 159.69 159.78 159.71 159.22 159.89 159.93 159.94 159.92 159.91 159.94 159.94 159.87 159.72 159.96 159.96 159.95 159.96 159.96 159.94 159.94 159.92 159.94 159.92 159.73 159.88 159.92 159.87 159.86 159.93 159.95 159.74 159.85 159.84 159.81 159.88 159.91 159.87 159.77 159.36 159.37 159.71 159.80 159.73 159.70 159.65 159.75 159.82 159.81 159.83 159.81 159.81 159.87 159.84 159.86 159.85 159.80 159.84 159.88 159.88 159.86 159.84 159.83 159.62 159.84 159.81 159.83 159.84 159.88 159.91 159.93 159.95 159.96 159.93 159.87 159.95 159.95 159.95 159.93 159.55 159.83 159.94 159.96 159.94 159.92 159.86 159.82 159.92 159.79 159.63 159.81 159.43 159.91 159.94 159.95 159.60 159.68 159.67 159.79 159.48 159.42 159.37 159.42 159.46 159.40 159.40 159.27 159.38 159.38 159.54 159.54 159.57 159.62 159.64 159.95 159.81 159.91 159.91 159.95 159.96 159.93 159.88 159.80 159.76 159.60 159.41 159.50 159.58 159.04 159.47 159.80 159.85 159.75 159.26 159.44 159.57 159.91 159.91 159.89
-59°N ||     159.95 159.82 159.72 159.81 159.87 159.81 159.20 159.58 159.67 159.53 159.75 159.56 159.67 159.24 159.74 159.72 159.81 159.86 159.75 159.82 159.90 159.90 159.81 159.75 159.35 159.56 159.66 159.68 159.82 159.57 159.67 159.91 159.93 159.84 159.87 159.86 159.65 159.40 159.31 159.38 159.54 159.81 159.91 159.90 159.88 159.77 159.93 159.95 159.96 159.96 159.96 159.96 159.96 159.95 159.93 159.91 159.93 159.90 159.96 159.96 159.94 159.87 159.45 159.76 159.61 159.63 159.46 159.92 159.86 159.66 159.80 159.75 159.60 159.90 159.87 159.86 159.86 159.82 159.75 159.76 159.49 159.55 159.71 159.61 159.63 159.81 159.75 159.72 159.87 159.35 159.77 159.85 159.88 159.84 159.86 159.78 159.75 159.77 159.95 159.74 159.71 159.87 159.82 159.83 159.86 159.88 159.87 159.86 159.85 159.94 159.95 159.96 159.95 159.95 159.96 159.93 159.93 159.95 159.88 159.74 159.76 159.78 159.95 159.93 159.78 159.69 159.61 159.69 159.59 159.39 159.67 159.71 159.86 159.93 159.86 159.94 159.81 159.39 159.06 159.24 159.95 159.91 159.06 159.08 159.70 159.26 159.31 158.96 159.33 159.55 159.31 159.35 159.62 159.87 159.93 159.96 159.95 159.96 159.94 159.95 159.95 159.96 159.96 159.93 159.81 159.68 159.51 159.47 159.57 159.46 159.85 159.09 159.52 159.64 159.49 159.79 159.86 159.82 159.90 159.94
-57°N ||     159.93 159.94 159.92 159.91 159.93 159.41 159.63 159.56 159.34 159.37 159.43 159.96 159.40 159.48 159.27 159.31 159.66 159.83 159.67 159.59 159.96 159.61 159.64 159.63 159.24 159.59 159.71 159.70 159.67 159.27 158.96 159.91 159.84 159.87 159.86 159.69 159.72 159.56 159.46 159.48 159.38 159.68 159.78 159.84 159.87 159.77 159.57 159.54 159.89 159.96 159.96 159.95 159.95 159.95 159.92 159.66 159.64 159.66 159.55 159.49 159.76 159.55 159.76 159.57 159.38 159.36 159.42 159.19 157.89 158.82 159.07 159.46 159.73 159.92 159.82 159.89 159.73 159.91 159.89 159.68 159.67 159.93 159.74 159.77 159.84 159.76 159.78 159.68 159.65 159.78 159.82 159.85 159.74 159.60 159.61 159.59 159.60 159.65 159.82 159.65 159.52 159.60 159.59 159.63 159.63 159.87 159.88 159.93 159.95 159.96 159.95 159.92 159.87 159.77 159.87 159.93 159.91 159.89 159.83 159.92 159.92 159.89 159.64 159.26 158.89 158.91 158.86 158.88 158.87 158.38 159.36 159.53 159.70 159.48 159.66 159.73 159.75 159.95 159.25 159.76 159.94 159.78 159.37 159.48 159.73 159.64 159.46 159.33 159.31 159.52 159.75 159.82 159.86 159.77 159.82 159.84 159.95 159.83 159.48 159.60 159.95 159.96 159.96 159.92 159.78 159.65 159.52 159.51 159.56 159.51 159.33 159.24 159.52 159.56 159.91 159.55 159.56 159.62 159.75 159.89
-55°N ||     159.94 159.95 159.96 159.93 159.85 159.83 159.79 159.61 159.51 159.76 159.74 159.68 159.61 159.66 159.50 159.62 159.80 159.80 159.79 159.76 159.50 159.10 159.10 159.96 159.07 159.59 159.75 159.76 159.73 159.60 159.50 159.88 159.86 159.82 159.81 159.73 159.61 159.45 159.24 159.17 159.24 159.18 159.15 159.28 159.69 159.53 159.45 159.65 159.87 159.93 159.96 159.96 159.96 159.89 159.63 159.28 159.49 159.25 159.40 159.83 159.63 159.45 159.16 159.48 159.55 157.59 157.46 157.29 157.47 157.44 157.43 158.62 159.02 159.66 159.51 159.51 159.87 159.85 159.92 159.94 159.88 159.82 159.87 159.86 159.83 159.77 159.77 159.66 159.71 159.57 159.70 159.79 159.87 159.75 159.79 159.83 159.88 159.80 159.78 159.81 159.81 159.78 159.51 159.57 159.52 159.65 159.92 159.94 159.96 159.93 159.88 159.81 159.65 159.44 159.43 159.17 158.95 158.69 158.56 157.99 157.54 157.32 157.20 157.12 157.09 157.22 157.49 157.51 157.00 158.07 158.70 158.95 159.21 159.59 159.42 159.54 159.70 159.93 159.93 159.89 159.84 159.78 159.83 159.84 159.21 159.51 159.59 159.56 159.74 159.85 159.95 159.95 159.49 159.95 159.79 159.89 159.93 159.41 159.50 159.95 159.93 159.88 159.83 159.82 159.67 159.59 159.67 159.76 159.86 159.77 159.75 159.44 159.76 159.61 159.52 159.57 159.68 159.83 159.87 159.93
-53°N ||     159.95 159.86 159.88 159.87 159.88 159.56 159.89 159.92 159.92 159.85 159.87 159.69 159.57 159.77 159.77 159.76 159.63 159.77 159.75 159.79 159.73 159.36 159.14 159.78 159.56 159.70 159.92 159.69 159.78 159.69 159.82 159.78 159.78 159.68 159.80 159.79 159.76 159.34 159.14 159.12 159.04 159.14 159.43 159.55 159.68 159.75 159.82 159.80 159.81 159.54 159.65 159.68 159.81 159.71 159.74 159.92 159.87 159.59 159.55 159.91 159.48 159.36 159.16 158.87 157.02 157.17 157.40 157.38 157.33 157.30 157.32 157.52 158.34 159.14 159.90 159.92 159.91 159.74 159.94 159.95 159.93 159.96 159.96 159.91 159.87 159.85 159.78 159.77 159.84 159.84 159.73 159.71 159.65 159.85 159.61 159.53 159.70 159.74 159.79 159.73 159.80 159.84 159.65 159.24 159.87 159.76 159.87 159.94 159.96 159.96 159.82 159.67 159.33 158.94 158.68 158.16 157.48 157.17 156.97 157.18 157.48 157.79 157.94 158.00 158.03 157.68 157.57 157.62 157.62 157.54 157.05 157.98 157.95 157.52 159.44 159.13 159.13 159.57 159.87 159.90 159.95 159.83 159.85 159.70 159.75 159.90 159.69 159.69 159.73 159.61 159.77 159.88 159.96 159.95 159.64 159.95 159.93 159.26 159.92 159.88 159.95 159.94 159.96 159.88 159.77 159.76 159.60 159.77 159.47 159.75 159.84 159.54 159.20 159.20 159.55 159.83 159.86 159.89 159.94 159.95
-51°N ||     159.94 159.90 159.77 159.82 159.95 159.90 159.83 159.57 159.91 159.82 159.66 159.77 159.72 159.82 159.75 159.71 159.74 159.38 159.68 159.72 159.61 159.40 159.10 158.97 158.74 159.57 159.36 159.60 159.75 159.75 159.68 159.78 159.64 159.48 159.69 159.51 159.55 159.47 159.28 158.76 158.74 158.62 158.90 159.58 159.68 159.77 159.82 159.64 159.77 159.70 159.57 159.58 159.31 159.13 159.62 159.92 159.89 159.90 159.81 159.53 159.39 159.48 159.08 157.60 157.19 157.48 157.29 157.35 157.34 157.35 157.34 157.39 158.33 158.22 157.84 157.29 159.91 159.90 159.96 159.96 159.95 159.96 159.91 159.85 159.77 159.78 159.64 159.73 159.83 159.82 159.81 159.83 159.88 159.90 159.80 159.60 159.68 159.73 159.76 159.57 159.81 159.73 159.57 159.79 159.74 159.78 159.91 159.96 159.94 159.92 159.50 159.33 159.18 158.41 157.80 157.13 156.97 157.21 157.66 158.31 158.55 158.91 159.05 159.21 159.22 159.24 159.07 159.08 158.96 158.77 159.06 158.53 157.10 157.00 157.87 158.77 159.60 159.80 159.18 159.94 159.90 159.71 159.80 159.53 159.37 159.52 159.72 159.93 159.85 159.86 159.96 159.96 159.95 159.92 159.69 159.91 159.90 159.90 159.92 159.95 159.94 159.75 159.83 159.94 159.93 159.87 159.66 159.91 159.79 159.91 159.78 159.59 159.77 159.49 159.56 159.72 159.76 159.87 159.90 159.93
-49°N ||     159.58 159.72 159.65 159.83 159.94 159.87 159.80 159.88 159.92 159.45 159.69 159.48 159.44 159.36 159.56 159.45 159.39 159.43 158.94 159.12 159.34 159.51 159.00 158.87 159.34 159.20 159.44 159.74 159.73 159.73 159.62 159.74 159.56 158.73 158.72 158.80 159.07 159.07 159.10 158.73 158.59 158.65 158.78 159.39 159.60 159.70 159.72 159.71 159.68 159.62 159.51 159.31 158.99 158.85 159.06 159.36 159.88 159.90 159.64 159.53 159.71 159.46 159.21 158.67 157.48 157.05 157.30 157.27 157.32 157.16 157.13 157.47 157.95 159.76 159.05 159.86 159.73 159.73 159.95 159.93 159.89 159.93 159.92 159.82 159.77 159.62 159.70 159.83 159.79 159.83 159.67 159.80 159.96 159.91 159.83 159.61 159.39 159.84 159.60 159.58 159.58 159.59 159.74 159.88 159.89 159.78 159.75 159.94 159.94 159.70 159.94 159.52 158.59 157.58 157.00 157.21 157.69 158.04 158.60 158.97 159.51 159.82 159.52 159.49 158.71 159.18 159.26 159.36 159.24 159.20 159.22 159.23 159.00 158.52 157.46 157.09 158.93 159.56 159.55 159.90 159.78 159.89 159.58 159.84 159.89 159.44 159.80 159.69 159.89 159.93 159.67 159.88 159.87 159.86 159.80 159.91 159.88 159.81 159.65 159.64 158.89 159.40 159.82 159.70 159.61 159.85 159.94 159.85 159.82 159.95 159.96 159.93 159.92 159.73 159.50 159.24 159.37 159.51 159.71 159.78
-47°N ||     159.44 159.71 159.61 159.58 159.85 159.94 159.82 159.60 159.86 159.66 159.49 159.55 158.87 159.74 159.03 159.19 158.58 158.77 159.30 159.17 159.49 159.08 159.33 159.53 159.50 159.66 159.37 159.60 159.69 159.68 159.68 159.68 159.70 159.20 159.06 159.16 159.35 159.39 159.38 159.17 158.86 158.77 159.04 159.12 159.02 159.46 159.46 159.52 159.38 159.41 159.19 159.07 158.81 158.81 158.75 159.02 159.26 159.22 159.59 159.80 159.30 159.90 159.90 159.24 159.33 157.27 157.04 157.07 157.13 157.05 157.09 157.32 157.65 159.44 159.38 159.45 159.95 159.95 159.92 159.74 159.95 159.91 159.87 159.86 159.72 159.75 159.62 159.75 159.88 159.84 159.88 159.88 159.96 159.87 159.78 159.39 159.59 159.51 159.65 159.91 159.57 159.38 159.54 159.71 159.96 159.95 159.90 159.96 159.85 159.90 159.93 159.73 158.94 158.15 157.68 158.68 159.08 159.71 160.01 159.49 159.11 159.35 159.65 159.57 159.23 158.97 158.77 159.12 159.28 159.18 159.19 159.01 159.03 158.94 158.44 157.56 157.10 158.13 159.19 159.55 159.67 159.78 159.86 159.82 159.95 159.95 159.80 159.94 159.93 159.93 159.93 159.71 159.59 159.80 159.60 159.75 159.76 159.45 159.22 159.65 159.94 159.96 159.61 159.56 159.79 159.96 159.93 159.96 159.95 159.96 159.95 159.93 159.66 159.63 159.49 159.75 159.62 159.53 159.73 159.67
-45°N ||     159.75 159.79 159.71 159.74 159.85 159.84 159.88 159.89 159.92 159.56 159.38 159.72 159.41 159.28 159.34 159.34 159.81 159.29 159.54 159.61 159.47 159.62 159.78 159.40 159.62 159.72 159.66 159.58 159.59 159.56 159.47 159.53 159.47 159.33 159.34 159.31 159.33 159.34 159.41 159.42 159.18 159.11 159.24 159.17 159.13 159.30 159.30 159.15 159.02 158.87 158.81 158.81 158.77 158.40 158.25 159.14 159.43 159.52 159.73 159.86 159.91 159.93 159.86 159.77 159.29 158.17 157.51 157.05 157.08 156.95 157.00 157.16 158.49 159.08 159.50 159.24 159.93 159.93 159.90 159.65 159.81 159.89 159.78 159.76 159.73 159.68 159.68 159.89 159.89 159.85 159.81 159.84 159.85 159.84 159.74 159.77 159.60 159.62 159.59 159.91 159.05 159.51 159.64 159.67 159.93 159.68 159.92 159.95 159.94 159.93 159.89 159.91 158.93 157.58 158.73 159.16 159.94 160.02 159.56 159.87 159.71 159.91 159.77 159.76 159.57 159.88 159.95 159.21 159.09 159.49 159.18 159.08 159.08 158.96 158.42 158.12 157.20 157.42 158.84 159.30 159.67 159.52 159.17 159.93 159.95 159.89 159.96 159.89 159.76 159.94 159.82 159.70 159.77 159.72 159.75 159.58 159.43 159.49 159.12 158.56 159.37 159.33 159.66 159.96 159.93 159.96 159.82 159.95 159.87 159.88 159.96 159.94 159.65 159.68 159.54 159.17 159.21 159.60 159.70 159.66
-43°N ||     159.94 159.62 159.96 159.82 159.93 159.83 159.88 159.86 159.74 159.61 159.39 159.40 159.30 159.15 159.40 159.42 159.65 159.68 159.62 159.60 159.27 159.43 159.55 159.56 159.37 159.58 159.65 159.65 159.20 159.41 159.31 159.49 159.51 159.11 159.26 159.25 159.27 159.34 159.46 159.52 159.08 158.91 158.07 158.11 158.80 159.13 159.01 158.83 158.86 158.64 158.55 158.56 158.49 158.57 158.62 159.20 159.27 159.31 159.47 159.70 159.70 159.75 159.87 159.72 159.49 159.57 158.77 158.45 158.12 157.89 158.22 158.29 159.38 159.06 159.33 159.96 159.94 159.96 159.94 159.95 159.93 159.13 159.75 159.85 159.79 159.79 159.73 159.90 159.89 159.80 159.75 159.80 159.84 159.82 159.80 159.68 159.70 159.68 159.79 159.58 159.55 159.62 159.53 159.27 159.32 159.50 159.88 159.65 159.94 159.86 159.94 159.77 158.46 157.44 159.02 159.76 159.74 159.53 159.72 160.00 159.83 159.83 159.62 159.88 159.83 159.26 159.41 159.34 159.56 159.33 159.15 159.12 158.93 158.63 157.75 157.65 157.23 157.01 158.59 158.87 159.30 159.20 159.67 159.75 159.86 159.86 159.94 159.91 159.88 159.84 159.96 159.93 159.90 159.78 159.75 159.58 159.39 159.38 159.43 159.45 159.30 159.38 159.78 159.95 159.91 159.85 159.95 159.96 159.87 159.93 159.93 159.95 159.29 159.77 159.79 159.96 159.60 159.75 159.88 159.85
-41°N ||     159.94 159.95 159.95 159.90 159.95 159.80 159.84 159.78 159.96 159.75 159.21 159.51 159.74 159.45 159.62 159.51 159.24 159.43 159.18 159.46 159.21 159.58 159.55 159.54 159.41 158.77 159.19 159.32 159.48 159.14 159.03 159.24 159.10 159.11 158.92 159.15 159.20 159.32 159.34 157.59 157.29 157.13 155.37 155.11 155.20 157.45 157.45 157.46 158.16 158.48 158.24 158.54 158.35 158.51 158.49 158.55 158.64 159.05 159.60 159.56 159.34 158.93 159.79 159.81 159.88 159.58 159.69 159.32 158.71 158.57 158.69 159.37 159.08 159.79 159.80 159.83 159.91 158.88 159.92 159.86 159.96 159.94 159.83 159.84 159.76 159.76 159.70 159.89 159.92 159.88 159.77 159.82 159.74 159.76 159.80 159.55 159.44 159.72 159.72 159.65 159.45 159.48 159.19 159.01 159.93 159.58 159.81 159.89 159.93 159.96 159.88 159.79 158.55 157.48 158.71 159.78 159.76 159.22 159.88 159.91 159.89 159.76 159.95 160.05 159.74 159.26 159.55 159.63 159.43 159.56 159.34 159.08 158.44 157.90 157.65 157.45 157.05 157.18 157.86 158.80 158.31 159.73 159.82 159.83 159.63 159.86 159.94 159.96 159.96 159.96 159.95 159.87 159.91 159.74 159.67 159.63 159.48 159.67 159.70 159.57 159.51 159.49 159.83 159.94 159.95 159.94 159.93 159.92 159.65 159.86 159.86 159.49 159.43 159.83 159.79 159.70 159.86 159.92 159.96 159.87
-39°N ||     159.88 159.95 159.88 159.75 159.93 159.63 159.92 159.87 159.51 159.71 159.75 159.71 159.64 159.43 159.80 159.65 159.78 159.49 159.64 159.70 159.78 159.33 159.78 159.79 159.63 159.64 159.48 159.30 159.40 159.31 159.21 157.58 158.58 158.92 158.92 159.06 159.16 159.13 158.51 158.40 157.87 156.67 156.34 156.43 156.80 156.92 156.83 157.08 156.52 157.57 158.23 158.26 158.30 158.39 158.53 158.57 158.77 159.03 159.11 159.47 159.48 159.58 159.29 159.44 159.75 159.37 159.87 158.99 159.23 159.15 159.22 159.24 159.70 159.87 159.78 159.84 159.89 159.95 159.95 159.95 159.96 159.88 159.80 159.87 159.87 159.76 159.91 159.87 159.88 159.85 159.93 159.94 159.92 159.74 159.71 159.67 159.68 159.64 159.63 159.75 159.49 159.54 159.36 159.45 159.39 159.37 159.75 159.94 159.96 159.96 159.93 159.50 158.38 156.98 158.53 159.85 160.03 159.93 159.60 159.83 160.05 159.95 160.03 160.05 159.83 159.55 159.84 159.62 159.73 159.41 159.16 158.66 158.03 157.72 157.32 157.13 157.04 157.11 158.00 159.31 159.55 159.61 159.94 159.86 159.93 159.94 159.47 159.95 159.76 159.96 159.96 159.91 159.94 159.90 159.76 159.86 159.75 159.59 159.85 159.81 159.66 159.58 159.60 159.69 159.87 159.91 159.95 159.95 159.85 159.82 159.92 159.86 159.95 159.93 159.94 159.85 159.90 159.95 159.96 159.94
-37°N ||     159.94 159.92 159.96 159.86 159.66 159.86 159.96 159.65 159.33 158.83 158.59 159.28 159.24 159.79 159.93 159.92 159.93 159.93 159.87 159.83 159.83 159.81 159.61 159.75 159.55 159.29 159.36 159.01 158.91 159.30 159.21 158.48 158.61 158.07 158.69 157.88 158.41 156.62 156.74 158.35 156.57 155.80 157.09 157.13 157.04 157.00 157.20 157.87 157.30 157.28 157.08 157.67 158.22 158.64 158.65 158.77 158.69 159.15 159.25 159.11 159.11 159.63 159.63 159.82 159.85 159.58 159.78 159.78 159.62 159.50 159.87 159.81 159.81 159.64 159.76 159.91 159.94 159.94 159.92 159.95 159.92 159.88 159.76 159.70 159.89 159.81 159.80 159.77 159.82 159.87 159.91 159.94 159.94 159.87 159.66 159.81 159.62 159.58 159.76 159.72 159.44 159.42 159.33 159.45 159.57 159.54 159.85 159.82 159.94 159.88 159.80 159.75 159.41 157.53 157.55 159.49 160.06 160.24 160.36 159.87 159.92 159.94 159.59 160.03 159.65 159.72 159.57 159.65 159.60 159.50 159.32 158.39 157.63 157.36 157.08 156.99 157.06 157.92 158.68 159.34 159.76 159.89 159.92 159.95 159.91 159.92 159.95 159.95 159.95 159.94 159.94 159.96 159.95 159.94 159.90 159.91 159.92 159.91 159.85 159.53 159.72 159.65 159.42 159.40 159.81 159.85 159.90 159.91 159.92 159.95 159.96 159.96 159.96 159.96 159.92 159.83 159.93 159.89 159.93 159.74
-35°N ||     159.90 159.65 159.92 159.72 159.95 159.73 159.55 159.76 159.38 158.84 158.72 159.36 159.77 159.86 159.91 159.88 159.93 159.09 159.84 159.82 159.79 159.66 159.62 159.55 159.20 159.38 159.24 159.13 158.70 158.82 158.55 158.42 158.50 158.25 158.36 158.50 157.88 156.50 156.61 156.56 156.02 157.05 157.73 157.63 157.34 157.59 157.42 157.51 157.76 157.81 157.64 156.84 157.59 158.54 158.83 159.00 159.00 159.02 159.04 159.12 159.26 159.39 159.38 159.92 159.91 159.65 159.79 159.91 159.88 159.78 159.75 159.41 159.92 159.94 159.96 159.93 159.92 159.93 159.75 159.95 159.94 159.84 159.90 159.85 159.89 159.74 159.66 159.76 159.83 159.84 159.87 159.93 159.90 159.72 159.74 159.73 159.84 159.78 159.63 159.54 159.56 159.18 159.28 159.51 159.65 159.63 159.64 159.85 159.80 159.96 159.95 159.76 159.71 159.60 157.25 157.60 159.83 160.09 160.29 160.33 159.89 159.88 160.17 160.24 159.61 159.69 159.65 159.53 159.59 159.43 158.69 157.29 157.12 156.97 156.96 157.20 157.21 157.96 158.10 158.25 159.39 159.94 159.70 159.94 159.87 159.92 159.95 159.96 159.96 159.94 159.96 159.92 159.68 159.64 159.74 159.87 159.74 159.63 159.80 159.88 159.79 159.62 159.75 159.87 159.85 159.85 159.78 159.88 159.85 159.65 159.85 159.95 159.94 159.93 159.96 159.94 159.76 159.87 159.96 159.81
-33°N ||     159.92 159.88 159.74 159.67 159.77 159.24 159.51 158.84 158.87 159.29 159.26 159.43 159.81 159.88 159.88 159.85 159.93 159.93 159.82 159.82 159.38 159.69 159.65 159.63 159.43 159.23 159.24 159.09 158.90 158.67 158.52 157.77 158.13 157.92 157.60 157.77 157.13 156.17 156.02 155.34 155.60 157.08 157.90 157.53 158.21 157.62 158.44 158.51 158.29 158.33 157.80 156.92 156.13 157.72 158.53 158.99 158.97 159.03 159.07 159.06 159.34 159.62 159.46 159.92 159.94 159.95 159.94 159.94 159.93 159.88 159.93 159.71 159.68 159.94 159.75 159.96 159.80 159.94 159.95 159.93 159.96 159.92 159.86 159.91 159.90 159.85 159.82 159.77 159.77 159.79 159.82 159.66 159.79 159.86 159.76 159.82 159.71 159.83 159.69 159.36 159.48 159.37 159.18 159.34 159.53 159.60 159.59 159.56 159.89 159.95 159.92 159.92 159.85 159.87 159.80 157.75 158.18 159.38 159.92 160.19 160.18 160.33 159.70 159.57 159.75 159.74 159.51 159.48 158.68 157.81 157.41 157.10 157.55 157.70 157.80 157.84 157.62 157.75 158.52 158.72 159.39 159.94 159.93 159.91 159.86 159.84 159.90 159.89 159.92 159.95 159.94 159.87 159.82 159.71 159.38 159.31 159.38 159.36 159.74 159.54 159.74 159.86 159.64 159.78 159.72 159.69 159.85 159.91 159.93 159.85 159.83 159.84 159.80 159.95 159.96 159.96 159.93 159.95 159.92 159.85
-31°N ||     159.94 159.83 159.79 159.75 159.37 159.42 159.03 159.36 159.44 159.34 159.46 159.49 159.71 159.83 159.93 159.93 159.93 159.70 159.69 159.83 159.62 159.66 159.61 159.56 159.42 159.38 159.22 159.06 158.80 158.53 158.26 158.11 158.04 157.48 157.33 157.84 157.03 155.97 156.11 155.31 156.30 157.11 157.49 158.04 158.25 158.45 158.47 158.67 158.67 158.77 157.96 156.92 157.31 157.42 157.56 157.53 158.72 159.13 159.16 159.39 159.63 159.83 159.91 159.93 159.95 159.95 159.95 159.96 159.96 159.96 159.96 159.51 159.95 159.92 159.80 159.96 159.96 159.95 159.91 159.90 159.74 159.77 159.90 159.95 159.91 159.86 159.74 159.66 159.77 159.79 159.78 159.82 159.68 159.80 159.83 159.78 159.81 159.76 159.74 159.50 159.48 159.75 159.58 159.47 159.63 159.73 159.77 159.62 159.86 159.91 159.91 159.90 159.96 159.95 159.48 159.49 157.77 157.08 157.14 159.01 159.64 160.06 159.40 159.63 159.49 159.58 159.23 158.73 157.05 157.51 156.95 157.10 158.05 158.12 158.29 159.00 159.08 158.56 158.67 159.24 159.38 159.91 159.95 159.88 159.83 159.76 159.83 159.82 159.83 159.86 159.90 159.82 159.72 159.73 159.53 159.47 159.80 159.34 159.21 159.07 159.79 159.91 159.85 159.84 159.90 159.91 159.92 159.94 159.95 159.89 159.90 159.91 159.86 159.94 159.94 159.84 159.94 159.96 159.96 159.93
-29°N ||     159.94 159.85 159.03 159.75 159.37 159.23 159.56 159.24 159.52 159.40 159.39 159.52 159.84 159.90 159.93 159.92 159.92 159.32 159.87 159.86 159.73 159.62 159.61 159.53 159.47 159.35 159.23 158.99 158.71 158.46 158.21 157.90 157.70 157.64 157.60 156.84 156.87 156.38 155.00 154.07 156.20 157.26 157.67 157.96 158.27 158.53 158.68 158.80 158.89 158.90 158.88 158.77 158.18 158.20 158.12 157.45 157.72 158.19 159.14 159.35 159.68 159.93 159.95 159.95 159.48 159.95 159.92 159.95 159.95 159.96 159.89 159.71 159.92 159.94 159.95 159.87 159.94 159.94 159.75 159.85 159.87 159.86 159.94 159.90 159.92 159.90 159.85 159.76 159.70 159.77 159.71 159.83 159.87 159.84 159.83 159.79 159.81 159.56 159.76 159.57 159.82 159.84 159.70 159.68 159.83 159.87 159.90 159.87 159.59 159.93 159.84 159.94 159.88 159.86 159.90 159.84 159.18 159.24 158.09 158.05 157.29 157.11 157.32 158.58 157.77 157.92 157.10 157.37 157.56 158.38 158.94 159.40 158.81 158.56 158.93 159.49 159.29 159.30 159.44 159.88 159.90 159.96 159.93 159.90 159.88 159.83 159.81 159.84 159.84 159.86 159.87 159.78 159.77 159.52 159.66 159.39 159.03 159.22 159.64 159.02 159.68 159.88 159.93 159.75 159.94 159.58 159.93 159.95 159.92 159.88 159.93 159.90 159.83 159.88 159.79 159.93 159.91 159.94 159.96 159.95
-27°N ||     159.95 159.83 159.78 159.71 159.44 159.36 159.71 159.12 159.45 159.66 159.60 159.75 159.77 159.84 159.94 159.88 159.93 159.59 159.87 159.59 159.61 159.62 159.54 159.52 159.38 159.29 159.18 159.07 158.69 158.40 158.08 157.77 157.37 157.38 157.21 157.37 157.56 156.19 155.92 154.30 156.44 157.30 157.65 158.03 158.35 158.61 158.79 158.92 159.00 159.13 159.13 159.19 159.01 158.51 158.51 158.60 158.85 158.83 158.76 158.76 158.58 159.71 159.96 159.96 159.96 159.96 159.96 159.84 159.96 159.96 159.96 159.51 159.35 159.27 159.79 159.95 159.86 159.85 159.71 159.71 159.73 159.74 159.82 159.93 159.95 159.91 159.95 159.95 159.86 159.81 159.78 159.87 159.87 159.67 159.76 159.82 159.82 159.68 159.68 159.68 159.82 159.84 159.68 159.75 159.89 159.84 159.86 159.69 159.45 159.60 159.87 159.91 159.96 159.90 159.92 159.93 159.82 159.33 159.42 159.07 158.75 158.58 158.17 157.99 157.84 157.35 157.52 157.49 157.53 158.47 159.39 158.81 158.93 159.11 159.73 159.56 159.48 159.47 159.50 159.72 159.95 159.86 159.83 159.83 159.84 159.85 159.85 159.85 159.82 159.80 159.78 159.65 159.34 159.27 159.18 159.38 159.72 159.11 159.17 159.62 159.39 159.65 159.89 159.89 159.96 159.69 159.95 159.84 159.94 159.95 159.95 159.92 159.77 159.64 159.68 159.85 159.86 159.87 159.94 159.95
-25°N ||     159.90 159.76 159.91 159.80 159.73 159.74 159.80 159.93 159.70 159.86 159.76 159.92 159.93 159.95 159.95 159.93 159.93 159.80 159.60 159.84 159.62 159.57 159.53 159.44 159.34 159.18 159.06 158.92 158.59 158.18 157.84 157.55 157.28 157.10 157.02 156.34 156.73 157.08 155.91 156.25 156.70 157.24 157.72 158.06 158.27 158.51 158.67 158.88 159.01 159.04 159.19 159.24 159.03 158.72 157.95 158.59 158.86 158.99 159.00 158.88 158.25 159.27 159.92 159.94 159.96 159.96 159.96 159.83 159.91 159.94 159.95 159.96 159.70 159.03 158.69 159.70 159.58 159.51 159.13 159.60 159.58 159.64 159.13 159.77 159.43 159.95 159.93 159.93 159.94 159.84 159.95 159.92 159.93 159.65 159.85 159.82 159.83 159.61 159.40 159.81 159.80 159.76 159.80 159.81 159.75 159.52 159.71 159.36 159.22 159.49 159.65 159.73 159.89 159.82 159.86 159.72 159.90 159.69 159.44 159.18 158.92 159.14 159.28 158.26 159.00 157.75 158.15 159.20 159.41 159.70 159.42 159.78 159.80 159.58 159.79 159.88 159.90 159.96 159.63 159.88 159.83 159.73 159.66 159.69 159.74 159.77 159.81 159.81 159.78 159.72 159.69 159.57 159.32 159.02 159.14 159.34 159.53 159.30 158.90 159.24 159.16 159.45 159.70 159.90 159.76 159.78 159.94 159.76 159.90 159.88 159.94 159.82 159.66 159.78 159.91 159.84 159.89 159.95 159.90 159.96
-23°N ||     159.84 159.96 159.82 159.83 159.78 159.81 159.91 159.93 159.90 159.96 159.96 159.96 159.90 159.90 159.95 159.95 159.46 159.58 159.86 159.69 159.68 159.52 159.51 159.43 159.30 159.08 158.89 158.59 158.25 157.89 157.54 157.16 156.95 156.82 156.87 156.80 155.96 156.34 155.85 156.14 156.65 157.22 157.57 157.83 158.07 158.28 158.51 158.72 158.94 159.07 159.27 159.29 159.28 159.02 158.41 158.57 158.84 158.86 158.83 158.53 157.93 159.43 159.88 159.91 159.80 159.88 159.95 159.84 159.95 159.95 159.90 159.94 159.91 159.50 159.21 158.93 159.67 159.49 159.55 159.38 159.38 159.51 159.48 159.03 159.60 159.88 159.81 159.76 159.85 159.76 159.96 159.92 159.96 159.87 159.96 159.87 159.83 159.77 159.58 159.58 159.68 159.56 159.41 159.31 159.50 159.75 159.29 159.25 159.02 159.45 159.61 159.84 159.79 159.60 159.58 159.73 159.94 159.95 159.80 159.79 159.30 159.54 159.25 158.97 158.95 158.28 159.05 159.53 159.69 159.79 159.92 159.87 159.81 159.79 159.90 159.65 159.26 159.39 159.61 159.80 159.70 159.59 159.39 159.50 159.69 159.75 159.78 159.83 159.70 159.67 159.62 159.58 159.69 159.61 159.64 159.30 159.61 159.31 159.03 159.29 158.99 159.59 159.71 159.83 159.83 159.90 159.87 159.86 159.89 159.87 159.85 159.78 159.85 159.90 159.94 159.93 159.87 159.92 159.79 159.96
-21°N ||     159.94 159.95 159.84 159.84 159.83 159.82 159.90 159.85 159.86 159.94 159.92 159.96 159.95 159.92 159.95 159.95 159.93 159.81 159.83 159.72 159.61 159.50 159.46 159.35 159.20 159.02 158.69 158.27 157.77 157.36 157.04 156.67 156.45 156.41 156.55 156.05 156.23 155.50 155.66 156.18 156.57 157.00 157.26 157.52 157.81 158.02 158.32 158.53 158.76 158.94 159.07 159.23 159.27 158.97 158.58 158.81 158.50 158.75 158.49 158.18 158.26 158.57 159.85 159.84 159.86 159.82 159.94 159.95 159.95 159.95 159.85 159.93 159.90 159.79 159.08 158.58 159.19 159.42 159.19 159.09 159.25 159.33 159.40 159.09 159.28 159.06 159.72 159.71 159.85 159.95 159.91 159.96 159.94 159.86 159.89 159.91 159.85 159.69 159.66 159.75 159.80 159.84 159.26 159.52 159.67 159.61 159.73 159.10 159.02 159.36 159.58 159.40 159.67 159.69 159.74 159.84 159.86 159.81 159.95 159.79 159.66 159.46 159.43 159.09 159.60 159.56 159.34 159.92 159.89 159.90 159.96 159.95 159.92 159.90 159.75 159.56 158.82 158.94 159.53 159.46 159.60 159.60 159.37 159.13 159.71 159.78 159.78 159.80 159.79 159.68 159.53 159.37 159.13 159.38 159.81 159.38 159.51 159.45 159.12 159.60 159.52 159.62 159.55 159.55 159.85 159.90 159.95 159.90 159.80 159.94 159.90 159.92 159.94 159.90 159.90 159.91 159.77 159.95 159.94 159.87
-19°N ||     159.63 159.79 159.79 159.70 159.83 159.91 159.89 159.47 159.52 159.86 159.84 159.94 159.93 159.93 159.92 159.92 159.76 159.93 159.73 159.72 159.62 159.47 159.36 159.16 159.02 158.80 158.46 157.82 157.00 156.53 156.23 156.08 155.94 156.06 156.28 154.67 155.92 155.40 155.55 155.86 156.05 156.44 156.73 157.02 157.38 157.72 158.06 158.31 158.60 158.79 158.91 159.01 159.13 159.09 158.76 158.41 158.39 158.38 158.50 158.40 158.09 159.22 159.75 159.73 159.82 159.89 159.96 159.93 159.92 159.95 159.93 159.93 159.80 159.31 158.18 158.12 158.26 159.35 158.93 158.97 158.47 159.08 159.20 159.27 158.87 158.67 159.49 159.76 159.72 159.71 159.84 159.92 159.91 159.94 159.94 159.84 159.80 159.81 159.89 159.55 159.76 159.80 159.41 159.63 159.37 159.59 159.10 158.96 159.35 159.37 159.23 159.48 159.48 159.61 159.67 159.71 159.78 159.75 159.78 159.92 159.84 159.78 159.76 159.76 159.78 159.89 159.94 159.95 159.96 159.94 159.94 159.76 159.69 159.73 159.67 159.49 159.17 159.05 159.36 159.50 159.68 159.70 159.81 159.81 159.74 159.77 159.78 159.79 159.73 159.67 159.70 159.35 159.21 159.28 159.56 159.63 159.58 159.68 159.38 159.64 159.70 159.59 159.52 159.47 159.75 159.77 159.74 159.71 159.93 159.92 159.79 159.66 159.59 159.30 159.68 159.61 159.74 159.91 159.77 159.62
-17°N ||     159.67 159.66 159.71 159.89 159.90 159.95 159.78 159.54 159.67 159.74 159.84 159.94 159.89 159.90 159.93 159.72 159.96 159.96 159.88 159.70 159.61 159.48 159.20 158.96 158.78 158.52 158.07 157.00 156.06 155.47 155.37 155.45 155.63 155.80 155.47 154.81 155.22 155.44 155.30 155.18 155.31 155.73 156.15 156.46 156.97 157.37 157.74 158.02 158.33 158.59 158.70 158.89 158.91 158.98 158.70 158.37 157.91 157.93 158.42 158.32 158.10 159.34 159.72 159.41 159.68 158.25 156.98 158.65 159.93 159.87 159.93 159.80 159.83 159.37 158.13 158.23 158.13 159.30 158.78 159.20 158.85 159.00 158.97 158.99 158.91 159.01 159.31 159.33 159.34 159.67 159.90 159.89 159.89 159.86 159.96 159.87 159.88 159.90 159.75 159.96 159.80 159.70 159.45 159.44 159.42 159.36 159.45 159.08 159.45 159.39 159.50 159.41 159.25 159.25 159.48 159.52 159.62 159.90 159.92 159.74 159.92 159.90 159.89 159.95 159.93 159.94 159.95 159.95 159.90 159.95 159.74 159.70 159.17 159.42 159.51 159.40 158.99 159.01 159.41 159.57 159.74 159.76 159.82 159.86 159.78 159.76 159.75 159.72 159.69 159.55 159.63 159.58 159.35 159.43 159.34 159.36 159.57 159.70 159.58 159.81 159.70 159.68 159.55 159.43 159.92 159.47 159.67 159.77 159.91 159.64 159.67 159.45 159.43 159.19 158.94 159.49 159.51 159.77 159.45 159.94
-15°N ||     159.85 159.64 159.94 159.92 159.95 159.91 158.91 159.28 159.77 159.72 159.71 159.93 159.96 159.95 159.92 159.75 159.63 159.96 159.83 159.75 159.65 159.45 159.23 158.98 158.64 158.18 157.35 155.91 154.37 153.90 154.38 154.99 155.18 155.46 155.61 155.54 155.74 155.77 155.05 154.70 154.68 155.29 155.67 156.02 156.55 157.13 157.52 157.82 158.02 158.17 158.20 158.57 158.75 158.75 158.48 158.38 158.03 158.81 158.27 158.97 159.15 158.67 158.09 157.64 157.08 156.96 157.18 157.00 156.99 159.87 159.91 159.65 159.72 159.60 158.62 158.67 158.32 158.69 158.95 159.05 158.96 158.93 159.02 158.68 159.03 159.12 159.10 159.35 159.48 159.59 159.45 159.73 159.78 159.95 159.96 159.96 159.95 159.91 159.70 159.88 159.62 159.67 159.59 159.36 159.44 159.25 159.35 159.33 159.22 159.28 159.53 159.22 159.09 159.07 159.14 158.86 159.53 159.90 159.90 159.91 159.73 159.92 159.91 159.87 159.89 159.95 159.80 159.90 159.89 159.74 159.64 159.09 159.00 159.05 159.25 159.17 158.98 159.13 159.18 159.48 159.67 159.79 159.78 159.79 159.84 159.79 159.69 159.74 159.57 159.57 159.56 159.64 159.30 159.08 159.71 159.79 159.43 159.73 159.80 159.69 159.72 159.65 159.45 159.59 159.82 159.87 159.83 159.84 159.92 159.63 159.27 158.17 158.74 158.92 159.35 158.67 159.16 158.23 159.89 159.85
-13°N ||     159.67 159.80 159.91 159.93 159.95 159.78 159.43 158.94 159.20 158.98 159.36 159.78 159.86 159.79 159.81 159.76 159.94 159.96 159.95 159.87 159.73 159.50 159.27 158.99 158.55 157.95 156.97 154.91 152.50 152.00 153.32 154.51 154.88 154.98 155.07 155.80 155.55 155.51 154.89 154.60 154.66 155.93 155.19 155.72 156.28 156.81 157.31 157.62 157.85 158.02 158.07 158.74 158.23 158.85 157.92 158.59 158.26 158.50 157.87 157.37 158.02 159.40 159.35 159.52 157.84 157.53 158.62 158.58 159.83 157.23 159.21 159.79 159.58 159.34 159.21 158.63 158.81 158.31 157.97 158.80 158.88 158.86 158.92 158.91 159.22 159.13 158.93 159.24 159.50 159.14 159.41 159.54 159.73 159.88 159.62 159.93 159.96 159.93 159.90 159.90 159.88 159.76 159.55 159.42 159.27 159.51 159.30 159.28 159.19 159.13 159.13 159.26 158.96 159.24 159.16 159.30 159.34 159.80 159.87 159.79 159.84 159.86 159.87 159.86 159.75 159.92 159.94 159.94 159.89 159.82 159.22 159.02 158.79 159.14 159.11 159.27 158.96 159.10 159.55 159.58 159.84 159.79 159.84 159.81 159.84 159.81 159.62 159.53 159.50 159.51 159.51 159.37 159.56 159.32 159.82 159.81 159.55 159.53 159.75 159.81 159.67 159.71 159.51 159.42 159.63 159.96 159.96 159.93 159.80 159.22 158.86 158.47 158.35 158.49 158.58 158.33 158.11 158.50 158.14 158.54
-11°N ||     158.20 158.75 158.08 158.03 159.50 159.60 159.32 158.81 159.16 159.12 159.36 159.44 159.39 159.68 159.58 159.63 159.73 159.93 159.96 159.92 159.79 159.64 159.32 158.99 158.42 157.83 156.93 155.14 152.58 150.62 151.66 154.48 154.76 154.78 154.69 155.38 155.30 155.00 154.50 154.26 154.76 155.14 155.09 155.65 156.12 156.57 157.29 157.49 157.70 157.92 157.82 158.46 159.31 158.35 157.34 157.28 157.72 157.29 157.14 158.18 158.79 158.97 159.20 159.37 159.67 159.61 159.73 159.38 159.72 159.92 157.09 158.97 157.00 158.48 158.99 158.13 157.97 158.43 158.12 158.03 158.74 158.73 158.64 158.83 158.76 158.89 158.54 159.04 158.93 159.27 159.26 159.01 159.68 159.78 159.86 159.91 159.84 159.82 159.47 159.70 159.90 159.92 159.71 159.57 159.49 159.27 159.25 159.31 159.14 159.17 159.42 159.26 159.31 159.11 159.29 159.39 159.32 159.49 159.71 159.59 159.67 159.80 159.78 159.74 159.56 159.85 159.89 159.92 159.90 159.88 159.76 159.28 158.88 159.05 159.01 159.38 159.17 159.49 159.70 159.71 159.89 159.87 159.80 159.84 159.85 159.84 159.79 159.81 159.67 159.66 159.51 159.33 159.05 159.41 159.36 159.53 159.77 159.81 159.67 159.79 159.77 159.94 159.92 159.88 159.95 159.26 159.94 159.79 159.60 158.97 158.69 158.59 158.07 158.21 157.96 157.78 157.77 158.78 158.50 159.02
-9°N ||     159.37 159.02 159.09 158.45 158.03 159.35 158.75 159.14 158.74 158.56 159.12 158.99 159.33 159.44 159.43 159.67 159.65 159.85 159.93 159.95 159.89 159.69 159.47 159.09 158.62 157.98 157.16 156.32 152.99 149.42 149.42 153.34 154.62 154.63 154.71 154.59 155.05 154.82 154.86 154.53 154.68 155.35 157.08 158.65 157.59 156.64 157.24 157.82 157.77 158.16 158.25 157.44 157.55 157.13 158.28 157.80 156.91 158.27 157.56 158.74 158.97 159.07 159.43 159.51 159.77 159.82 158.70 159.53 157.88 159.41 157.10 157.03 157.13 157.11 157.45 157.99 158.71 158.30 158.24 157.34 158.01 158.78 158.54 158.48 158.60 158.53 158.22 158.94 158.86 158.85 158.58 159.46 159.47 159.56 159.80 159.92 159.90 159.95 159.85 159.80 159.92 159.70 159.65 159.74 159.72 159.45 159.27 159.52 159.90 159.91 159.34 159.42 159.43 159.48 159.46 159.36 159.37 159.42 159.59 159.63 159.57 159.50 159.62 159.49 159.47 159.56 159.73 159.88 159.90 159.90 159.77 159.52 158.91 159.51 159.50 159.11 159.69 159.81 159.49 159.75 159.89 159.90 159.94 159.89 159.89 159.81 159.77 159.92 159.89 159.71 159.24 159.39 159.07 159.58 159.80 159.74 159.84 159.94 159.84 159.79 159.94 159.28 158.80 159.53 159.58 158.79 158.87 159.12 158.75 158.66 158.41 158.15 157.90 157.44 157.51 157.57 158.60 159.76 158.55 158.81
-7°N ||     158.68 158.77 158.96 158.95 157.42 157.77 158.48 158.35 157.75 158.15 158.36 158.79 159.09 159.13 159.17 159.07 159.22 159.66 159.86 159.95 159.93 159.79 159.59 159.20 158.75 158.28 157.64 157.04 153.67 150.53 151.25 152.75 154.28 154.55 154.73 154.97 154.51 154.53 155.00 154.54 157.90 158.29 155.63 159.20 158.52 157.99 158.78 159.13 157.84 158.68 158.53 157.49 159.43 157.48 159.13 158.91 158.55 158.99 158.59 159.13 159.23 159.25 159.47 159.59 159.43 158.34 157.84 158.39 159.90 159.94 158.37 157.05 157.02 156.98 157.04 157.00 157.57 158.53 158.59 158.23 158.12 158.34 158.24 158.64 158.51 158.67 158.92 159.10 159.15 159.04 159.16 158.96 159.47 159.57 159.59 159.53 159.53 159.90 159.94 159.95 159.66 159.62 159.66 159.75 159.30 159.62 159.71 159.52 159.52 159.54 159.67 159.65 159.72 159.26 159.35 159.36 159.35 159.68 159.70 159.60 159.32 159.22 159.26 159.13 159.44 159.74 159.62 159.72 159.90 159.90 159.86 159.80 159.21 159.14 159.44 159.54 159.60 159.66 159.57 159.80 159.91 159.88 159.95 159.95 159.94 159.95 159.89 159.96 159.96 159.92 159.09 158.96 159.11 159.59 159.31 159.92 159.30 159.71 159.79 159.83 159.27 158.81 158.97 159.19 158.35 157.91 158.27 157.96 157.91 157.98 157.92 157.94 157.71 157.41 157.21 157.19 157.76 158.16 158.30 158.65
-5°N ||     158.54 158.34 158.15 158.23 158.62 157.34 157.44 157.47 157.30 158.00 158.38 159.14 158.84 158.65 158.33 158.13 158.14 158.75 159.77 159.80 159.95 159.93 159.77 159.44 159.08 158.62 158.12 157.26 156.05 154.35 152.99 153.23 154.30 154.44 154.82 155.11 155.09 156.16 155.41 154.75 155.14 155.47 155.93 159.59 158.44 159.55 157.96 158.80 158.38 157.73 157.32 159.66 158.62 159.06 159.16 157.86 158.22 159.09 159.12 158.45 159.42 159.52 159.58 159.62 159.88 159.79 159.95 159.84 159.93 159.95 159.75 158.86 157.56 159.28 159.32 157.52 157.02 157.11 158.97 158.68 157.51 157.88 157.99 158.25 158.38 158.70 158.99 158.97 158.71 158.93 159.12 159.23 159.05 159.54 159.58 159.44 159.52 159.56 159.83 159.76 159.89 159.51 159.63 159.73 159.87 159.74 159.68 159.64 159.71 159.61 159.88 159.91 159.85 159.43 159.32 159.35 159.18 159.34 159.15 159.54 159.34 159.53 159.39 159.39 159.55 159.44 159.66 159.58 159.83 159.87 159.83 159.53 159.62 159.27 159.55 159.69 159.78 159.80 159.85 159.90 159.86 159.93 159.90 159.88 159.85 159.96 159.64 159.83 159.94 159.93 159.69 159.47 159.82 159.85 159.82 159.94 158.20 159.22 157.18 158.17 158.56 159.01 158.94 158.21 158.20 157.59 157.57 157.70 157.71 157.57 157.51 157.53 157.27 157.29 157.29 157.22 157.20 157.48 157.86 158.22
-3°N ||     158.19 158.28 157.89 157.83 158.09 157.02 157.02 157.15 157.68 157.49 158.75 159.54 158.24 157.36 157.46 157.25 158.93 159.73 158.80 159.37 159.72 159.95 159.95 159.79 159.41 159.00 158.55 157.71 157.02 155.69 154.66 154.46 154.14 154.10 154.94 155.41 155.77 155.96 156.01 155.58 155.37 155.99 156.39 157.30 157.59 157.65 158.25 158.28 158.12 157.81 157.58 157.37 157.86 158.71 158.64 158.37 158.90 159.31 159.54 157.85 159.41 159.82 159.80 159.74 159.93 159.95 159.18 159.93 159.90 159.69 159.46 159.22 157.04 158.58 158.76 157.57 157.92 157.70 158.37 158.25 157.96 157.97 157.50 157.89 158.31 158.54 158.37 158.68 158.72 158.82 158.93 159.13 159.26 159.33 159.49 159.53 159.85 159.55 159.56 159.51 159.94 159.77 159.74 159.82 159.90 159.71 159.79 159.87 159.84 159.85 159.92 159.91 159.78 159.64 159.56 159.25 159.03 159.77 159.58 159.58 159.52 159.57 159.46 159.60 159.38 159.61 159.45 159.82 159.86 159.93 159.75 159.82 159.78 159.69 159.89 159.76 159.71 159.94 159.94 159.87 159.94 159.94 159.75 159.76 159.93 159.48 159.66 159.92 159.96 159.91 159.64 159.79 159.74 159.83 159.87 159.78 158.15 158.17 158.08 158.68 157.97 158.14 158.20 158.33 158.01 157.53 157.77 158.18 157.29 157.23 157.28 157.16 157.11 157.07 157.08 157.07 157.14 157.26 157.68 157.77
-1°N ||     157.64 157.76 157.67 157.42 157.32 157.02 156.99 157.23 157.36 158.19 158.97 159.68 158.07 157.41 157.06 157.87 158.74 158.24 158.44 159.31 159.51 159.76 159.91 159.94 159.75 159.26 158.75 158.12 157.45 156.72 155.65 155.04 153.57 152.01 155.18 155.65 155.94 156.23 156.41 156.46 156.51 157.38 157.73 158.04 158.28 158.77 159.03 159.20 159.38 159.44 158.52 159.78 157.85 158.39 158.50 158.76 159.41 159.63 159.68 159.61 159.82 159.91 159.86 159.89 159.94 159.95 159.95 159.19 159.13 159.36 158.49 159.10 157.22 157.26 158.05 158.03 158.29 158.21 158.12 157.79 157.33 157.39 157.61 158.17 158.09 158.17 158.40 158.69 158.86 158.93 158.85 158.69 159.09 159.17 159.43 159.52 159.89 159.57 159.59 159.54 159.95 159.95 159.92 159.85 159.90 159.90 159.88 159.93 159.94 159.94 159.96 159.96 159.76 159.64 159.62 159.40 159.19 159.83 159.72 159.71 159.72 159.49 159.53 159.41 159.65 159.69 159.78 159.84 159.91 159.95 159.86 159.48 159.86 159.86 159.76 159.89 159.94 159.35 159.95 159.92 159.94 159.95 159.67 159.63 159.58 159.41 159.53 159.85 159.94 159.92 159.86 159.92 159.87 159.86 159.58 158.23 157.69 157.44 157.76 157.82 157.30 157.52 157.94 157.99 157.49 157.68 158.24 157.70 157.31 157.19 157.16 157.13 157.12 157.06 157.04 157.06 157.20 157.19 157.38 157.56
1°N ||     157.50 157.74 157.42 157.11 157.21 157.10 156.98 157.21 157.30 157.90 158.81 158.77 157.61 157.09 157.05 157.37 157.68 157.95 159.32 158.72 159.26 159.26 159.89 159.89 159.65 159.55 159.08 158.31 157.55 157.27 156.85 156.29 154.00 151.28 152.25 155.98 156.14 156.28 156.62 156.98 157.40 157.73 157.96 158.27 158.63 159.06 159.31 159.55 159.84 159.75 159.17 158.33 158.16 158.53 158.80 159.29 159.59 159.82 159.85 159.90 159.84 159.95 159.77 159.95 159.96 159.94 159.95 158.50 159.74 159.45 158.88 157.39 157.28 157.26 158.58 158.28 158.24 158.10 158.54 157.15 158.53 157.14 157.85 158.28 157.94 157.96 158.35 158.72 158.56 158.87 158.91 158.76 159.02 159.04 159.13 159.46 159.55 159.83 159.81 159.90 159.92 159.90 159.95 159.61 159.94 159.88 159.87 159.95 159.95 159.95 159.89 159.85 159.83 159.85 159.66 159.54 159.73 159.72 159.55 159.79 159.68 159.60 159.66 159.68 159.68 159.74 159.83 159.90 159.90 159.96 159.78 159.89 159.62 159.64 159.40 159.64 159.81 159.88 159.74 159.91 159.62 159.57 159.24 159.28 159.16 159.56 159.91 159.94 159.93 159.96 159.93 159.66 158.72 158.43 158.32 158.16 157.65 157.40 157.52 157.32 157.49 157.48 157.66 157.38 157.43 157.64 157.92 157.39 157.25 157.20 157.15 157.10 157.10 157.08 157.06 157.06 157.05 157.11 157.18 157.30
3°N ||     157.04 157.12 157.09 157.01 156.95 156.95 156.95 156.98 157.05 157.87 158.16 158.04 157.01 156.96 156.96 157.10 157.27 158.63 158.78 158.26 158.62 159.62 159.95 159.82 159.45 159.84 159.45 157.76 157.58 157.67 157.55 157.69 157.19 153.70 155.28 156.30 156.05 156.17 156.70 157.18 157.61 157.84 158.03 158.02 158.98 159.33 159.65 159.82 159.93 159.64 159.65 159.61 159.19 159.36 159.62 159.81 159.89 159.93 159.94 159.95 159.88 159.96 159.88 159.72 159.54 159.88 159.81 159.38 159.29 158.89 158.69 158.37 157.05 157.07 157.23 157.31 157.09 157.23 157.50 157.45 158.15 158.35 157.81 158.09 158.27 157.86 158.45 158.83 158.67 158.70 158.55 158.74 158.84 159.02 159.16 159.42 159.46 159.69 159.58 159.74 159.73 159.74 159.75 159.88 159.86 159.92 159.95 159.83 159.57 159.91 159.96 159.93 159.80 159.78 159.71 159.89 159.81 159.81 159.66 159.81 159.73 159.65 159.64 159.72 159.73 159.77 159.88 159.93 159.96 159.94 159.30 158.67 158.21 158.00 157.44 158.08 159.46 159.59 159.73 159.45 159.41 159.14 158.98 159.19 159.28 159.73 159.80 159.89 159.93 159.95 159.48 158.18 158.35 158.62 158.47 157.71 157.52 157.37 157.32 157.23 157.55 157.25 157.35 157.28 157.32 157.54 157.44 157.28 157.24 157.21 157.19 157.13 157.10 157.09 157.09 157.07 157.05 157.03 157.02 157.01
5°N ||     157.05 156.97 157.08 157.00 156.95 156.95 156.95 156.95 156.98 157.29 157.51 157.65 156.95 156.95 156.95 156.96 157.69 158.92 157.77 158.00 158.88 159.90 159.92 159.75 159.87 159.91 159.83 159.01 157.70 157.60 157.82 158.22 158.46 158.16 157.30 156.66 155.86 155.66 156.84 157.46 157.86 158.08 158.20 157.97 159.15 159.69 159.87 159.94 159.94 159.54 159.29 159.85 159.84 159.94 159.96 159.88 159.95 159.94 159.93 159.87 159.62 159.92 159.94 159.91 159.89 159.60 159.32 159.18 159.10 158.57 157.91 157.28 157.87 157.52 157.08 156.98 157.26 157.95 158.16 158.12 158.40 158.02 158.28 158.11 157.78 158.16 158.25 158.73 158.60 158.72 158.81 158.78 159.16 159.22 159.27 159.31 159.36 159.34 159.49 159.71 159.67 159.73 159.80 159.75 159.81 159.83 159.80 159.86 159.81 159.91 159.95 159.69 159.78 159.73 159.80 159.75 159.76 159.83 159.80 159.79 159.73 159.67 159.61 159.65 159.90 159.82 159.88 159.95 159.93 159.69 158.70 157.03 157.08 157.08 157.06 156.99 157.49 158.44 158.86 158.97 159.06 158.68 158.90 159.26 159.20 159.66 159.80 159.75 159.96 159.94 158.22 158.36 158.11 158.04 157.86 157.78 157.44 157.33 157.25 157.23 157.28 157.32 157.26 157.27 157.26 157.27 157.27 157.29 157.24 157.23 157.23 157.17 157.14 157.12 157.10 157.07 157.04 157.03 157.01 156.98
7°N ||     157.00 156.96 156.95 156.95 156.95 156.95 156.95 156.95 156.95 157.06 157.32 157.06 156.95 156.95 156.96 156.97 157.87 157.31 157.41 157.95 159.31 159.84 159.78 159.92 159.95 159.96 159.90 159.53 157.30 157.46 157.82 158.58 158.83 158.61 158.03 157.12 154.87 154.85 157.33 157.81 158.10 158.28 158.40 158.65 159.55 159.77 159.90 159.96 159.89 159.64 159.24 159.15 159.95 159.96 159.96 159.95 159.92 159.85 159.77 159.68 159.61 159.79 159.96 159.80 159.44 159.22 158.95 158.79 158.68 158.28 157.69 157.28 157.11 157.23 157.05 157.78 157.91 158.07 157.33 157.37 157.47 158.10 158.00 157.91 158.13 158.49 158.47 158.74 158.57 158.86 158.73 158.85 158.91 158.73 159.29 159.39 159.49 159.26 159.59 159.80 159.80 159.76 159.69 159.74 159.83 159.69 159.93 159.43 159.81 159.71 159.80 159.84 159.88 159.61 159.68 159.74 159.69 159.80 159.80 159.82 159.71 159.74 159.63 159.88 159.89 159.78 159.88 159.96 159.69 158.35 157.01 157.14 157.11 157.10 157.09 157.05 157.03 156.95 158.34 158.41 158.29 158.57 159.05 158.95 159.65 159.82 159.80 159.51 159.75 159.75 158.41 157.91 157.79 157.63 157.58 157.59 157.29 157.23 157.29 157.22 157.21 157.30 157.26 157.28 157.24 157.25 157.28 157.28 157.30 157.29 157.27 157.35 157.18 157.13 157.15 157.06 157.02 157.00 156.99 156.96
9°N ||     156.96 157.03 157.02 157.00 156.95 156.95 156.95 156.95 156.95 156.99 157.18 156.96 156.96 156.97 156.96 157.04 157.28 157.03 157.47 158.56 158.80 159.20 159.36 159.57 159.76 159.92 159.95 159.60 157.85 157.76 158.31 159.07 159.06 159.19 158.86 157.58 154.21 152.32 156.60 158.10 158.27 158.48 158.70 159.03 159.50 159.78 159.92 159.95 159.88 159.60 159.22 159.12 159.35 159.90 159.91 159.91 159.86 159.77 159.67 159.51 159.33 159.46 159.58 159.48 159.39 158.84 158.24 158.16 158.04 157.61 157.25 157.21 157.13 157.09 157.37 157.44 157.35 157.51 157.28 157.90 157.90 158.02 158.13 157.98 157.88 158.16 158.32 158.07 158.33 158.30 158.66 158.78 158.98 158.87 159.11 158.68 159.24 159.47 159.54 159.38 159.32 159.86 159.94 159.95 159.70 159.61 159.52 159.86 159.91 159.94 159.95 159.90 159.95 159.96 159.92 159.82 159.78 159.80 159.80 159.62 159.76 159.73 159.57 159.92 159.83 159.78 159.92 159.93 159.33 157.28 157.06 157.16 157.16 157.14 157.11 157.08 157.06 156.99 156.98 157.50 157.90 158.05 159.06 159.39 159.42 159.52 159.01 158.68 158.91 158.88 158.06 157.59 157.53 157.62 157.29 157.17 157.27 157.29 157.38 157.36 157.34 157.46 157.52 157.43 157.31 157.26 157.39 157.34 157.46 157.44 157.44 157.21 157.19 157.12 157.18 157.06 157.02 156.99 156.96 156.98
11°N ||     156.95 156.95 157.03 156.98 156.95 156.95 156.96 156.95 156.97 156.96 156.95 156.98 156.99 156.98 156.97 156.96 156.99 156.99 157.48 158.20 158.53 158.78 159.21 159.54 159.79 159.91 159.94 159.59 159.05 159.29 159.25 159.24 159.27 159.28 159.36 159.27 154.89 149.21 150.69 158.10 158.43 158.65 158.91 159.21 159.50 159.81 159.95 159.94 159.80 159.61 159.30 159.08 159.13 159.79 159.85 159.86 159.79 159.66 159.58 159.43 159.26 159.56 159.65 159.11 158.77 158.38 157.72 157.41 157.22 157.33 157.10 157.09 157.40 157.11 157.43 157.49 156.97 157.70 157.91 157.65 157.96 158.08 158.27 158.38 158.14 158.05 157.90 158.06 158.18 158.31 158.63 158.73 158.70 158.70 158.51 159.10 158.76 159.47 159.38 159.30 159.45 159.49 159.68 159.95 159.62 159.69 158.73 159.63 159.31 159.95 159.91 159.93 159.94 159.88 159.91 159.77 159.78 159.88 159.94 159.75 159.83 159.79 159.69 159.63 159.73 159.91 159.96 159.79 158.68 157.03 157.16 157.18 157.20 157.15 157.09 157.09 157.04 157.01 156.95 157.26 157.54 158.94 158.58 158.82 159.14 158.49 158.02 157.77 157.78 157.69 157.46 157.23 157.05 157.03 157.17 157.10 157.19 157.19 157.43 157.57 157.76 157.99 157.91 157.83 157.70 157.61 157.58 157.59 157.55 157.45 158.14 157.38 157.22 157.21 157.21 157.02 156.99 157.00 157.38 156.98
13°N ||     156.97 156.95 157.13 157.19 156.95 156.95 156.96 156.97 156.98 156.99 157.01 157.02 157.02 157.01 156.99 156.96 156.95 157.04 158.28 158.15 158.40 158.96 159.28 159.51 159.82 159.94 159.95 159.84 159.44 159.44 159.36 159.36 159.36 159.44 159.57 159.67 159.08 151.07 152.34 157.25 158.25 158.86 159.16 159.36 156.54 159.90 159.96 159.91 159.75 159.61 159.25 159.11 159.06 159.72 159.79 159.74 159.64 159.53 159.45 159.34 159.29 159.19 158.90 159.16 158.47 157.56 157.24 157.03 156.96 157.06 157.08 157.14 157.10 157.17 157.28 156.97 157.17 157.33 157.92 158.34 158.36 158.06 158.25 158.12 158.15 158.16 157.02 158.12 157.32 158.32 158.68 158.61 158.60 158.31 158.42 159.14 159.12 159.03 158.89 158.85 158.95 159.57 159.70 159.63 159.53 159.38 159.51 159.23 158.67 159.70 159.79 159.57 159.86 159.90 159.94 159.96 159.93 159.95 159.96 159.96 159.87 159.85 159.82 159.83 159.87 159.94 159.93 159.51 158.16 157.02 157.17 157.17 157.16 157.13 157.09 157.08 157.05 157.03 156.96 157.08 157.30 158.09 157.95 157.83 157.84 157.70 157.72 157.23 157.39 157.12 157.05 156.99 156.95 156.95 156.95 156.98 157.00 157.22 157.62 158.18 158.76 159.03 158.66 158.63 158.30 158.07 157.97 157.74 157.78 157.72 157.67 157.93 157.28 157.25 157.15 157.14 157.01 157.18 157.99 157.48
15°N ||     157.06 156.95 156.95 156.97 156.96 156.95 156.98 157.01 157.01 157.03 157.05 157.08 157.07 157.05 157.05 156.99 157.01 157.39 158.06 158.09 159.16 158.81 154.38 153.75 156.32 159.96 159.93 159.90 159.81 159.56 159.51 159.43 159.46 159.51 159.58 159.65 159.66 158.73 156.79 157.19 158.46 159.02 159.35 159.53 159.78 159.96 159.95 159.86 159.74 159.62 159.33 159.11 158.99 159.64 159.65 159.67 159.58 159.43 159.32 159.30 159.20 159.20 159.27 158.76 157.48 157.13 156.98 156.95 156.95 157.02 157.11 157.11 157.00 157.03 157.01 157.09 157.46 157.30 157.51 157.65 157.65 158.00 158.82 157.04 157.97 158.11 158.02 158.15 158.13 158.12 157.42 158.02 158.46 158.61 158.60 158.86 158.79 158.69 158.60 158.42 158.66 158.72 159.38 159.46 159.37 159.33 159.45 158.56 158.99 159.86 159.72 159.69 159.59 159.61 159.91 159.93 159.92 159.94 159.96 159.96 159.94 159.94 159.92 159.94 159.84 159.95 159.84 159.07 157.57 157.14 157.15 157.11 157.15 157.12 157.09 157.07 157.04 157.03 156.97 156.98 157.15 157.26 157.42 157.47 157.51 157.45 157.33 157.19 156.98 156.95 156.95 156.95 156.95 156.96 156.96 156.96 156.96 157.27 157.97 158.71 159.21 159.46 159.68 159.47 159.24 158.57 158.26 158.04 158.01 157.88 157.79 157.73 157.48 157.27 157.24 157.28 157.10 156.96 157.44 157.04
17°N ||     156.95 156.95 156.96 156.98 157.01 156.97 156.98 157.00 157.05 157.06 157.09 157.11 157.12 157.11 157.12 156.95 157.18 157.28 157.73 157.70 159.35 153.37 149.54 148.62 151.19 158.10 159.91 159.90 159.96 159.81 159.68 159.52 159.48 159.53 159.59 159.66 159.67 159.54 158.69 158.59 159.01 159.20 159.41 159.59 159.81 159.96 159.92 159.81 159.69 159.55 159.42 159.00 159.08 159.77 159.76 159.45 159.49 159.38 159.32 159.24 159.15 158.98 158.64 157.75 157.35 156.98 156.95 156.97 157.05 157.06 157.04 157.06 157.04 156.99 157.00 157.06 157.14 157.09 157.21 157.65 157.88 158.39 157.86 157.63 158.14 158.04 158.00 157.03 158.06 157.81 158.03 158.12 158.52 158.63 158.44 158.27 158.41 158.39 158.40 158.16 158.20 158.44 158.99 159.14 158.75 158.82 158.81 158.88 159.59 159.78 159.64 159.61 159.73 159.83 159.86 159.89 159.95 159.86 159.94 159.96 159.96 159.96 159.96 159.96 159.95 159.91 159.36 158.86 157.41 157.06 157.13 157.14 157.12 157.09 157.08 157.08 157.05 157.01 156.98 156.95 156.99 156.95 157.01 156.99 157.02 156.97 156.95 156.95 156.96 156.97 156.98 156.98 156.98 157.00 156.99 156.99 156.95 157.29 157.96 159.07 159.57 159.85 159.94 159.94 159.79 158.96 158.47 158.35 158.35 158.14 157.91 157.66 157.44 157.29 157.33 157.17 156.95 156.96 157.00 157.14
19°N ||     156.98 156.96 156.98 156.99 157.00 156.98 156.99 157.02 157.07 157.10 157.12 157.16 157.16 157.16 157.17 156.96 157.11 157.48 158.48 158.01 159.30 153.47 149.60 148.88 150.73 158.60 159.96 159.95 159.94 159.96 159.84 159.61 159.44 159.40 159.42 159.60 159.70 159.68 159.39 159.27 159.34 159.39 159.45 159.58 159.75 159.94 159.89 159.77 159.61 159.54 159.42 158.94 159.29 159.16 159.80 159.65 159.48 159.40 159.27 159.24 158.96 158.97 158.26 157.36 157.02 156.97 157.02 157.05 157.13 157.14 157.19 157.13 157.11 157.06 157.03 156.95 156.97 156.96 156.98 157.46 157.75 157.98 157.89 157.74 156.98 158.23 158.07 158.39 158.07 157.97 157.93 157.92 157.51 158.21 158.27 158.11 158.23 158.23 158.26 158.17 158.13 158.64 157.25 158.66 158.39 159.08 159.34 158.91 159.38 159.46 159.61 159.70 159.83 159.86 159.85 159.70 159.95 159.85 159.96 159.91 159.85 159.73 159.95 159.95 159.94 159.86 159.48 159.59 158.09 157.06 157.01 157.10 157.08 157.07 157.06 157.04 157.04 157.03 157.00 156.98 156.98 156.98 157.01 156.98 156.99 156.98 157.02 157.02 157.03 157.05 157.07 157.05 157.10 157.07 157.06 157.01 156.96 157.29 158.39 159.38 159.91 159.95 159.93 159.96 159.92 159.60 158.97 158.70 158.50 158.29 158.00 157.69 157.44 157.28 157.22 157.01 157.35 156.95 156.95 156.95
21°N ||     157.02 156.98 156.98 157.03 157.07 157.06 157.05 157.08 157.14 157.15 157.18 157.19 157.21 157.21 157.20 156.95 157.16 158.11 158.44 157.82 158.36 155.66 153.13 152.15 154.17 159.82 159.83 159.84 159.88 159.95 159.92 159.72 159.43 159.25 159.12 159.04 159.66 159.68 159.58 159.49 159.47 159.48 159.52 159.60 159.74 159.93 159.69 159.78 159.69 159.56 159.55 159.21 158.88 158.61 159.68 159.65 159.60 159.46 159.39 159.16 158.99 158.88 157.82 157.29 156.96 157.07 157.10 157.13 157.19 157.20 157.20 157.18 157.10 157.12 157.07 156.97 156.95 156.96 157.04 157.44 157.62 157.39 157.55 157.75 158.23 158.02 157.75 158.03 157.94 157.81 157.97 157.97 158.14 158.20 157.91 158.04 158.18 158.12 158.14 158.15 158.03 158.55 158.85 158.32 159.03 158.82 158.40 159.71 159.34 158.84 159.74 159.79 159.86 159.79 159.72 159.67 159.92 159.91 159.81 159.80 159.75 159.78 159.95 159.90 159.83 159.86 159.54 159.65 159.17 158.32 157.13 157.05 156.97 156.99 156.99 157.04 157.03 157.04 157.04 157.03 157.04 157.08 157.08 157.09 157.11 157.10 157.13 157.15 157.15 157.13 157.15 157.13 157.15 157.10 157.12 157.11 157.03 157.18 158.55 159.74 159.93 159.88 159.84 159.83 159.95 159.81 159.34 159.03 158.73 158.36 157.95 157.69 157.46 157.32 157.09 157.05 157.42 156.95 156.95 156.96
23°N ||     157.00 157.02 157.04 157.07 157.09 157.12 157.15 157.18 157.20 157.21 157.23 157.23 157.23 157.22 157.22 156.96 157.31 158.31 157.86 157.49 157.46 158.14 157.49 157.71 159.82 159.22 159.63 159.71 159.82 159.96 159.90 159.72 159.49 159.17 158.96 158.89 159.49 159.68 159.64 159.49 159.48 159.33 159.52 159.63 159.65 159.96 159.94 159.86 159.81 159.70 159.61 159.49 159.22 158.76 159.14 159.45 158.45 157.18 157.53 158.55 158.83 159.17 157.74 157.24 156.95 157.06 157.16 157.20 157.24 157.27 157.23 157.27 157.12 157.32 157.17 157.07 157.03 157.04 157.03 157.08 157.39 157.88 158.23 157.85 158.08 157.98 157.91 157.83 157.86 158.12 157.77 157.72 157.83 158.00 157.71 157.64 157.42 158.42 157.82 157.89 158.12 158.46 158.80 158.46 158.43 158.56 158.57 158.93 159.38 159.14 159.51 159.75 159.74 159.85 159.85 159.83 159.70 159.92 159.88 159.84 159.76 159.86 158.97 159.41 159.90 159.91 159.77 159.59 159.50 158.90 158.26 157.71 157.27 157.01 156.96 157.00 157.04 157.06 157.09 157.11 157.12 157.20 157.16 157.23 157.26 157.29 157.32 157.29 157.37 157.32 157.33 157.30 157.28 157.27 157.29 157.22 157.18 157.04 158.63 159.81 159.94 159.85 159.77 158.54 159.27 159.95 159.64 159.17 158.67 158.34 157.93 157.64 157.35 157.17 156.97 157.13 156.95 156.95 157.09 156.99
25°N ||     157.04 157.05 157.04 157.12 157.17 157.17 157.20 157.21 157.22 157.24 157.25 157.25 157.24 157.24 157.23 156.97 157.53 158.00 157.86 158.15 157.42 157.63 157.66 157.69 158.31 159.00 159.74 159.62 159.90 159.95 159.82 159.66 159.38 159.09 158.90 158.47 158.52 159.62 159.67 159.47 159.54 159.48 159.55 158.94 159.80 159.95 159.92 159.88 159.84 159.79 159.86 159.65 159.58 158.53 159.63 159.58 159.50 159.55 158.24 157.25 157.26 158.31 157.50 156.98 157.07 157.19 157.24 157.25 157.29 157.32 157.31 157.29 157.26 157.21 157.10 157.14 157.12 157.16 157.22 156.98 156.96 157.57 157.75 157.48 157.60 157.71 157.60 157.71 157.67 158.00 157.79 157.45 157.73 157.70 157.68 157.54 157.56 157.79 157.96 157.81 158.52 158.45 158.21 158.43 158.60 158.01 158.24 159.00 158.67 158.87 159.42 159.17 159.28 159.19 158.80 159.80 159.61 159.94 159.84 159.92 159.94 159.96 159.90 159.90 159.89 159.84 159.88 159.75 159.39 159.64 158.49 157.70 157.72 157.20 156.96 157.03 157.07 157.15 157.18 157.21 157.27 157.31 157.35 157.42 157.50 157.57 157.62 157.64 157.63 157.58 157.53 157.49 157.50 157.45 157.40 157.34 157.24 157.14 157.82 159.37 159.95 159.83 158.61 151.98 158.35 159.93 159.61 159.06 158.70 158.26 157.70 157.69 157.28 157.08 156.95 156.95 156.95 156.98 156.99 157.01
27°N ||     157.10 157.13 157.14 157.14 157.22 157.20 157.26 157.28 157.27 157.27 157.27 157.26 157.25 157.25 157.24 157.02 157.35 157.96 157.84 157.92 158.02 157.86 158.83 158.50 158.44 158.83 159.21 159.83 159.95 159.93 159.75 159.56 159.33 159.03 158.48 158.40 158.69 159.72 159.80 159.60 159.69 159.68 159.69 158.95 159.60 159.96 159.94 159.90 159.88 159.91 159.96 159.95 159.50 159.19 158.65 158.23 158.37 157.81 157.60 156.98 157.58 158.63 157.07 157.12 157.18 157.22 157.22 157.27 157.34 157.35 157.24 157.32 157.33 157.28 157.16 157.29 157.19 157.23 157.27 157.25 156.97 157.05 157.16 157.21 157.17 157.45 157.68 157.80 157.66 157.64 157.60 157.53 157.65 157.74 157.60 157.82 157.52 157.64 158.13 158.49 157.57 158.64 158.24 158.21 159.11 157.70 159.48 158.79 158.65 159.05 159.09 158.95 159.04 159.11 159.30 159.11 159.20 158.43 159.59 159.87 159.71 159.01 159.91 159.78 159.55 159.94 159.92 159.61 158.97 159.57 158.36 157.93 157.35 156.96 157.02 157.12 157.22 157.23 157.28 157.35 157.40 157.50 157.57 157.70 157.82 157.85 157.89 157.85 157.85 157.78 157.73 157.73 157.64 157.55 157.46 157.39 157.29 157.18 156.98 159.17 159.93 159.89 159.48 158.94 159.48 159.80 159.20 158.77 158.49 158.10 157.96 157.29 157.11 156.97 156.95 156.97 156.97 156.98 157.02 157.07
29°N ||     157.18 157.20 157.23 157.26 157.30 157.29 157.31 157.33 157.33 157.31 157.31 157.31 157.29 157.21 157.27 157.24 156.97 157.56 158.15 158.08 158.05 157.98 158.88 159.05 158.14 158.61 159.63 159.89 159.96 159.88 159.71 159.49 159.32 159.00 157.94 158.30 159.14 159.72 159.78 159.69 159.83 159.85 159.83 159.87 159.93 159.96 159.93 159.88 159.89 159.96 159.96 159.91 159.90 159.16 159.01 158.80 158.76 157.94 157.72 157.29 157.37 156.99 157.02 156.97 156.97 157.14 157.18 157.26 157.34 157.38 157.35 157.41 157.38 157.41 157.39 157.36 157.30 157.33 157.36 157.39 157.36 156.99 156.97 157.02 157.00 157.31 157.53 157.63 157.49 157.62 157.43 157.19 157.49 157.56 157.85 157.72 157.51 157.56 158.04 158.06 158.34 158.14 158.25 158.16 158.65 158.90 159.34 159.08 158.97 159.36 159.01 159.08 158.65 158.11 158.24 158.28 158.99 159.64 159.72 159.76 159.54 159.78 159.86 159.77 159.77 159.44 158.51 158.01 158.10 157.78 157.52 157.28 157.02 157.01 157.09 157.23 157.27 157.36 157.46 157.56 157.67 157.77 157.92 158.02 158.09 158.20 158.16 158.02 158.10 157.99 157.94 157.84 157.74 157.62 157.55 157.49 157.39 157.31 157.06 157.78 159.21 159.82 159.94 159.94 159.85 159.06 158.68 158.46 158.26 157.99 157.46 157.16 156.97 156.95 156.98 157.03 157.03 157.04 157.12 157.16
31°N ||     157.31 157.27 157.33 157.34 157.34 157.34 157.35 157.38 157.39 157.36 157.34 157.35 157.34 157.33 157.31 157.29 157.10 156.97 157.10 157.15 157.41 157.59 158.15 158.22 157.82 159.48 159.76 159.92 159.94 159.85 159.67 159.57 159.25 159.03 158.62 158.66 159.15 159.74 159.76 159.76 159.86 159.90 159.94 159.94 159.96 159.96 159.94 159.86 159.90 159.93 159.91 159.87 159.84 159.64 159.53 159.36 159.00 158.88 158.51 157.40 157.78 157.02 156.95 156.96 157.05 157.07 157.17 157.23 157.26 157.39 157.42 157.42 157.46 157.52 157.49 157.57 157.39 157.43 157.48 157.42 157.40 157.33 157.09 157.29 157.01 157.07 157.25 157.60 157.38 157.23 157.18 157.34 157.49 157.66 157.05 157.40 157.68 158.01 158.14 157.72 158.37 158.29 158.01 158.05 158.48 158.58 159.18 159.12 158.93 159.17 159.27 159.31 158.66 158.31 158.44 158.46 159.19 159.60 159.40 159.30 159.46 158.55 159.73 159.81 159.37 159.63 158.92 157.75 157.93 157.54 157.16 156.95 156.99 157.08 157.17 157.27 157.38 157.51 157.70 157.83 157.93 158.06 158.37 158.24 158.35 158.42 158.38 158.31 158.26 158.16 158.02 157.94 158.02 157.75 157.73 157.65 157.54 157.45 157.23 157.04 157.63 158.35 158.76 158.85 158.80 159.22 158.14 158.13 157.98 157.76 158.30 157.17 156.96 157.39 157.08 156.99 157.14 157.16 157.18 157.27
33°N ||     157.42 157.12 157.35 157.36 157.40 157.39 157.39 157.42 157.40 157.41 157.40 157.41 157.40 157.38 157.40 157.37 157.33 157.14 156.96 157.67 157.45 157.48 157.36 157.55 158.97 159.66 159.84 159.95 159.89 159.76 159.58 159.39 159.08 158.76 158.48 158.57 159.08 159.67 159.82 159.86 159.91 159.94 159.95 159.96 159.95 159.96 159.96 159.93 159.95 159.96 159.92 159.80 159.78 159.82 159.60 159.19 158.94 158.79 158.85 158.72 158.77 158.73 157.81 156.97 156.96 157.17 157.23 157.26 157.30 157.39 157.47 157.61 157.61 157.61 157.59 157.68 157.63 157.65 157.63 157.49 157.59 157.56 157.39 157.19 157.09 156.98 157.06 157.30 157.03 157.27 157.34 157.76 157.37 157.40 157.47 157.68 157.58 158.03 157.70 157.66 158.52 158.61 158.21 158.79 157.64 159.03 158.88 159.28 158.95 159.54 159.69 159.51 158.96 158.69 158.90 159.28 159.32 159.05 159.39 158.62 158.77 158.57 158.70 159.51 159.08 158.31 158.24 157.63 157.32 156.98 156.95 157.00 157.06 157.16 157.26 157.39 157.54 157.76 157.91 158.01 158.19 158.28 158.40 158.49 158.65 158.49 158.44 158.41 158.36 158.10 158.18 158.11 158.01 157.87 157.73 157.84 157.79 157.66 157.55 157.44 157.26 157.10 157.04 157.01 157.61 158.31 157.22 157.56 157.69 157.41 157.32 156.96 157.04 157.09 157.17 157.22 157.24 157.31 157.35 157.39
35°N ||     157.51 157.45 157.45 157.42 157.44 157.43 157.44 157.44 157.43 157.44 157.45 157.45 157.43 157.41 157.44 157.39 157.42 157.35 157.20 158.93 157.88 157.57 157.79 158.72 159.80 159.67 159.85 159.95 159.91 159.67 159.33 158.86 158.35 158.08 157.90 157.83 158.24 158.83 159.63 159.91 159.95 159.96 159.96 159.96 159.74 159.86 159.95 159.91 159.96 159.95 159.92 159.91 159.96 159.94 159.74 159.21 158.88 158.65 158.60 158.51 158.46 158.57 157.85 157.02 157.12 157.20 157.26 157.26 157.34 157.41 157.45 157.65 157.59 157.70 157.72 157.81 157.79 157.87 157.78 157.70 157.67 157.61 157.62 157.18 157.08 156.97 156.96 156.96 157.05 157.06 157.56 157.48 157.42 157.35 157.02 157.74 157.71 157.85 157.60 157.87 157.91 158.01 158.09 158.24 158.31 158.84 159.13 158.19 159.18 159.68 158.86 159.59 159.52 159.63 159.71 159.76 159.55 159.33 159.15 158.29 158.20 158.35 157.39 157.70 157.95 157.54 157.44 157.30 157.04 156.95 156.98 157.07 157.12 157.24 157.33 157.51 157.68 157.91 158.09 158.25 158.32 158.41 158.60 158.72 158.79 158.76 158.64 158.62 158.45 158.42 158.29 158.01 158.14 158.00 157.96 157.94 157.86 157.76 157.74 157.64 157.57 157.42 157.37 157.32 157.19 157.11 156.99 156.99 157.18 157.13 157.13 156.95 157.06 157.15 157.20 157.25 157.32 157.43 157.50 157.53
37°N ||     157.60 157.49 157.50 157.43 157.49 157.47 157.49 157.48 157.46 157.47 157.48 157.48 157.47 157.44 157.41 157.39 157.37 157.32 157.29 157.75 157.79 157.97 158.48 159.05 159.53 159.63 159.84 159.95 159.92 159.49 158.66 157.94 157.18 156.69 156.68 157.07 157.47 157.59 158.54 159.55 159.93 159.95 159.94 159.95 159.96 159.95 159.95 159.94 159.92 159.76 159.95 159.95 159.92 159.86 159.93 159.61 158.96 158.73 158.64 158.68 158.51 158.64 157.41 156.99 157.12 157.20 157.26 157.31 157.35 157.48 157.51 157.62 157.67 157.80 157.83 157.94 158.04 158.01 157.99 157.88 157.91 157.86 157.77 157.72 157.52 157.39 157.34 157.22 157.06 157.26 157.05 157.19 157.46 157.52 157.30 157.49 157.55 157.37 157.73 157.52 157.61 157.30 157.83 157.43 157.63 157.74 158.41 158.75 159.00 159.42 159.59 159.69 159.69 159.82 159.82 159.81 159.70 159.03 157.32 157.71 157.99 158.35 158.01 158.24 157.45 157.28 157.18 157.12 156.95 156.97 157.04 157.15 157.23 157.31 157.51 157.68 157.79 158.03 158.19 158.42 158.52 158.69 158.84 158.87 158.91 158.95 158.89 158.76 158.72 158.57 158.49 158.41 158.34 158.19 158.31 158.25 158.06 157.88 157.89 157.73 157.60 157.53 157.36 157.30 157.17 157.12 157.02 156.96 156.95 156.95 157.05 156.96 157.04 157.22 157.25 157.31 157.44 157.47 157.54 157.55
39°N ||     157.56 157.53 157.55 157.50 157.29 157.51 157.52 157.37 157.51 157.50 157.48 157.48 157.44 157.43 157.41 157.38 157.37 157.39 157.27 157.05 158.34 158.61 158.17 158.92 158.97 159.55 159.74 159.90 159.87 159.03 157.81 156.62 155.82 155.71 155.32 155.60 156.96 157.20 157.66 158.84 159.80 159.95 159.91 159.93 159.92 159.96 159.94 159.59 159.96 159.94 159.93 159.89 159.85 159.71 159.88 159.91 159.40 159.07 158.83 158.87 158.15 158.06 157.97 156.99 157.14 157.24 157.27 157.31 157.41 157.50 157.62 157.73 157.75 157.92 158.01 158.07 158.12 158.17 158.17 158.27 158.01 158.01 157.97 157.92 157.79 157.45 157.54 157.37 157.14 157.11 157.05 156.97 156.96 157.04 157.03 157.30 157.50 157.58 157.19 157.33 157.47 157.11 157.44 157.86 156.99 158.05 158.27 158.38 158.67 158.61 159.11 159.58 158.17 159.75 159.72 159.33 159.57 159.28 157.50 157.40 157.37 157.40 157.35 157.18 157.14 157.05 156.98 156.95 156.97 157.03 157.12 157.23 157.27 157.46 157.59 157.79 157.94 158.08 158.35 158.41 158.79 158.94 158.99 159.00 159.00 159.03 158.94 158.92 158.82 158.89 158.68 158.64 158.48 158.45 158.39 158.34 158.25 158.00 157.76 157.80 157.64 157.56 157.43 157.30 157.16 157.16 157.07 157.02 156.99 156.97 156.95 157.07 158.12 157.25 157.29 157.31 157.44 157.53 157.57 157.54
41°N ||     157.56 157.57 157.58 157.57 157.54 157.53 157.50 157.52 157.50 157.49 157.49 157.50 157.47 157.49 157.41 157.42 157.38 157.23 157.17 157.03 156.96 157.28 157.82 158.23 158.77 159.23 159.50 159.88 159.84 158.81 157.38 156.41 156.05 155.96 155.11 155.55 156.73 157.34 157.94 159.11 159.87 159.93 159.91 159.92 159.74 159.95 159.95 159.88 159.95 159.93 159.93 159.89 159.88 159.92 159.96 159.94 159.67 159.13 159.09 159.18 158.63 158.04 158.00 157.13 157.06 157.30 157.35 157.30 157.45 157.57 157.65 157.81 157.89 158.00 158.13 158.22 158.27 158.30 158.31 158.29 158.26 158.23 158.14 158.31 158.28 157.90 157.70 157.63 157.41 157.43 157.09 157.35 157.14 157.01 157.07 156.95 157.12 157.05 157.38 157.35 157.19 157.19 157.15 157.64 157.17 158.42 158.66 157.97 157.88 158.22 158.62 158.26 157.65 157.44 158.80 158.36 157.25 158.69 157.26 157.41 157.31 157.33 156.98 156.96 156.95 156.99 156.96 156.96 157.04 157.14 157.20 157.25 157.36 157.49 157.75 157.91 158.11 158.22 158.56 158.71 158.82 159.03 159.06 159.05 159.05 159.01 159.04 159.00 158.96 158.85 158.77 158.80 158.78 158.65 158.52 158.39 158.27 158.18 158.02 157.87 157.70 157.53 157.44 157.33 157.19 157.19 157.15 157.09 157.09 157.00 157.29 156.98 157.34 157.17 157.27 157.37 157.40 157.52 157.52 157.58
43°N ||     157.56 157.60 157.60 157.57 157.55 157.55 157.53 157.52 157.51 157.52 157.50 157.56 157.52 157.52 157.44 157.42 157.33 157.23 157.07 156.95 157.02 157.30 157.70 158.08 158.49 158.85 159.29 159.63 159.95 159.54 158.40 157.29 156.72 156.54 156.41 156.56 157.21 157.62 159.32 159.93 159.87 159.76 159.86 159.88 159.86 159.89 159.94 159.79 159.92 159.93 159.92 159.95 159.68 159.92 159.89 159.94 159.87 159.41 159.04 158.45 158.51 158.41 158.01 157.16 157.05 157.33 157.45 157.49 157.56 157.66 157.83 157.92 158.11 158.17 158.53 158.29 158.39 158.33 158.41 158.42 158.37 158.36 158.21 158.23 158.28 158.02 157.94 157.70 157.63 157.65 157.53 157.45 157.44 157.32 157.16 156.99 156.95 157.01 157.11 157.12 157.24 157.18 157.16 157.12 157.14 157.08 157.03 157.07 158.42 158.59 158.86 157.19 158.57 159.01 157.08 157.00 157.17 157.35 157.31 157.08 157.03 157.02 156.97 157.20 156.96 156.96 156.97 157.07 157.16 157.20 157.17 157.35 157.37 157.56 157.77 158.04 158.20 158.26 158.55 158.76 158.93 159.03 158.99 158.84 159.06 159.00 158.96 158.87 159.00 158.74 158.78 158.75 158.67 158.62 158.63 158.48 158.33 158.27 157.95 157.87 157.69 157.53 157.36 157.31 157.24 157.20 157.13 157.16 157.14 157.03 156.95 157.02 157.60 157.12 157.35 157.36 157.49 157.52 157.57 157.62
45°N ||     157.65 157.65 157.60 157.60 157.59 157.57 157.55 157.52 157.51 157.55 157.55 157.51 157.50 157.47 157.45 157.36 157.25 157.12 157.00 156.95 157.07 157.35 157.65 157.91 158.12 158.39 158.75 159.18 159.70 159.94 159.76 159.48 159.35 157.91 157.19 157.00 157.70 159.09 159.77 159.94 159.76 159.63 159.64 159.54 159.38 159.19 159.11 159.39 159.85 159.89 159.66 159.86 159.90 159.91 159.88 159.70 159.03 159.32 159.06 158.34 158.04 157.52 157.20 156.96 157.06 157.38 157.43 157.58 157.68 157.81 157.88 158.10 158.19 158.31 158.29 158.48 158.47 158.47 158.58 158.59 158.42 158.47 158.41 158.37 158.28 158.21 157.98 158.04 157.93 157.72 157.68 157.77 157.55 157.44 157.41 157.35 157.14 157.03 157.22 157.25 157.12 157.05 157.10 157.15 156.96 157.09 157.11 157.12 157.38 157.44 157.99 157.06 157.35 157.52 157.03 157.25 157.50 157.05 157.01 156.95 156.99 156.95 156.98 157.03 157.03 157.07 157.09 157.11 157.20 157.25 157.32 157.34 157.53 157.64 157.95 158.13 158.31 158.50 158.59 158.77 158.91 159.05 159.05 159.06 159.03 158.92 158.97 158.99 158.95 158.92 158.81 158.88 158.81 158.55 158.64 158.59 158.42 158.20 157.87 157.75 157.65 157.44 157.33 157.28 157.27 157.23 157.23 157.22 157.21 157.15 157.08 156.97 157.21 157.20 157.22 157.27 157.42 157.59 157.59 157.65
47°N ||     157.65 157.64 157.63 157.58 157.58 157.57 157.55 157.56 157.50 157.58 157.56 157.53 157.53 157.46 157.36 157.33 157.16 157.07 156.98 156.95 157.09 157.24 157.43 157.58 157.78 158.00 158.31 158.49 158.86 159.30 159.63 159.73 159.72 159.74 159.84 159.78 159.93 159.87 159.85 159.82 159.69 159.60 159.63 159.56 159.35 159.10 159.10 159.18 159.66 159.89 159.91 159.69 158.99 159.50 159.36 158.50 158.96 157.68 159.02 158.49 157.90 157.34 156.96 157.06 157.28 157.45 157.55 157.63 157.85 157.91 158.09 158.20 158.26 158.36 158.40 158.37 158.27 158.11 158.57 158.58 158.53 158.59 158.48 158.46 158.36 158.30 158.27 158.20 158.09 157.98 157.88 157.83 157.78 157.70 157.49 157.53 157.39 157.30 157.31 157.34 157.25 157.23 157.34 157.17 157.10 157.14 157.16 157.01 157.09 157.12 157.08 156.95 157.05 156.97 156.97 157.43 157.00 156.97 156.95 156.97 156.98 157.00 157.08 157.03 157.13 157.13 157.14 157.17 157.24 157.28 157.42 157.47 157.62 157.74 158.36 158.41 158.32 158.45 158.61 158.74 158.88 159.02 159.03 158.98 158.99 158.96 158.93 158.93 158.82 158.95 158.90 158.87 158.73 158.72 158.71 158.51 158.31 158.09 157.94 157.32 157.40 157.57 157.41 157.38 157.33 157.30 157.30 157.25 157.26 157.24 157.20 157.10 157.14 157.18 157.24 157.39 157.42 157.54 157.58 157.66
49°N ||     157.67 157.64 157.63 157.59 157.62 157.61 157.59 157.59 157.56 157.56 157.58 157.52 157.50 157.40 157.31 157.23 157.11 157.04 156.98 156.95 156.97 157.06 157.21 157.37 157.64 157.82 157.93 158.10 158.24 158.43 158.61 158.79 158.93 159.06 159.22 159.15 159.09 159.12 159.44 159.60 159.62 159.48 159.51 159.74 159.60 159.40 159.37 159.35 158.53 159.85 157.28 156.97 156.96 157.35 157.35 158.48 158.39 158.35 157.71 158.26 157.37 157.00 157.03 157.22 157.31 157.55 157.70 157.86 157.89 158.13 158.14 158.23 158.35 158.37 158.40 158.41 158.47 158.57 158.63 158.62 158.63 158.56 158.55 158.50 158.47 158.39 158.38 158.21 158.17 158.11 158.03 157.92 157.76 157.68 157.61 157.62 157.50 157.52 157.52 157.46 157.28 157.39 157.19 157.30 159.60 157.65 157.01 157.18 157.11 156.99 156.97 156.99 156.97 157.00 157.04 157.00 156.98 157.00 157.03 157.01 157.02 157.05 157.12 157.11 157.11 157.16 157.14 157.20 157.25 157.33 157.46 157.57 157.71 157.88 158.25 158.35 158.29 158.49 158.50 158.70 158.81 158.89 158.96 158.96 158.92 158.94 158.91 158.91 158.84 158.72 158.90 158.78 158.64 158.55 158.56 158.32 158.20 157.99 157.92 157.40 157.25 157.60 157.47 157.43 157.42 157.38 157.39 157.35 157.29 157.32 157.26 157.27 157.01 157.18 157.45 157.42 157.41 157.60 157.72 157.61
51°N ||     157.66 157.66 157.62 157.63 157.64 157.65 157.57 157.55 157.58 157.57 157.53 157.46 157.41 157.34 157.26 157.17 157.07 157.00 156.96 156.95 157.07 157.02 157.15 157.35 157.44 157.59 157.73 157.86 158.00 158.09 158.25 158.43 158.61 158.71 158.69 158.65 158.82 158.90 159.18 159.39 159.48 159.45 159.40 159.33 159.45 159.18 158.79 158.24 157.34 157.07 156.95 156.95 156.99 157.03 157.05 157.16 157.95 158.17 157.77 157.06 156.96 157.07 157.20 157.48 157.50 157.65 157.77 157.94 158.07 158.16 158.30 158.40 158.47 158.47 158.52 158.56 158.57 158.46 158.79 158.87 158.61 158.60 158.65 158.34 158.53 158.44 158.30 158.26 158.32 158.19 158.15 158.06 157.95 157.85 157.77 157.71 157.64 157.48 157.66 157.51 157.50 157.49 157.19 158.92 159.25 157.41 156.97 157.19 157.14 157.07 157.07 157.05 157.05 157.07 157.13 157.06 157.08 157.07 157.11 157.12 157.11 157.15 157.12 157.13 157.16 157.17 157.14 157.22 157.27 157.33 157.41 157.56 157.74 157.87 158.06 158.09 158.33 158.41 158.58 158.67 158.76 158.83 158.94 158.91 158.94 158.93 158.83 158.90 158.88 158.81 158.77 158.65 158.64 158.42 158.17 158.23 158.12 157.98 157.89 157.81 157.69 157.63 157.57 157.49 157.46 157.46 157.40 157.42 157.36 157.34 157.32 157.33 157.26 157.42 157.43 157.35 157.43 157.60 157.71 157.70
53°N ||     157.64 157.61 157.67 157.67 157.66 157.63 157.60 157.56 157.53 157.46 157.48 157.44 157.35 157.28 157.19 157.08 156.99 156.99 156.97 156.95 156.95 156.96 157.06 157.16 157.28 157.39 157.54 157.69 157.77 157.92 158.05 158.11 158.27 158.33 158.30 158.33 158.34 158.55 158.86 159.09 159.23 159.25 159.17 159.07 158.78 158.37 158.10 157.67 157.29 156.98 156.95 156.97 157.01 157.06 157.10 157.14 157.14 157.27 157.30 157.06 157.35 157.45 157.54 157.60 157.70 157.82 158.02 158.12 158.22 158.27 158.45 158.51 158.53 158.55 158.61 158.67 158.68 158.63 158.72 158.68 158.60 158.67 158.61 158.66 158.56 158.70 158.62 158.41 158.38 158.22 158.24 158.15 158.03 157.98 157.85 157.76 157.79 158.04 157.66 157.64 157.50 157.50 157.41 157.32 157.12 157.14 157.12 157.26 157.17 157.22 157.16 157.17 157.12 157.17 157.16 157.14 157.19 157.24 157.17 157.22 157.18 157.16 157.11 157.14 157.16 157.13 157.13 157.21 157.25 157.29 157.43 157.57 157.69 157.81 157.80 157.99 158.12 158.29 158.33 158.43 158.46 158.58 158.59 158.71 158.75 158.76 158.69 158.71 158.57 158.58 158.59 158.58 158.38 158.21 158.14 158.01 158.07 157.95 157.87 157.78 157.71 157.62 157.57 157.54 157.51 157.47 157.49 157.47 157.29 157.35 157.31 157.38 157.36 157.35 157.39 157.50 157.62 157.62 157.69 157.70
55°N ||     157.72 157.70 157.64 157.57 157.60 157.49 157.52 157.54 157.50 157.47 157.46 157.38 157.34 157.25 157.22 157.10 158.42 157.01 156.98 156.96 156.95 156.95 156.96 156.98 157.11 157.23 157.34 157.50 157.64 157.72 157.81 157.83 157.93 157.89 157.94 157.90 158.04 158.13 158.27 158.48 158.72 158.73 158.86 158.77 158.54 158.13 157.70 157.47 156.95 156.97 157.00 157.01 157.33 157.08 157.14 157.22 157.30 157.33 157.48 157.56 157.64 157.73 157.89 157.96 158.07 158.18 158.21 158.30 158.35 158.43 158.55 158.59 158.60 158.67 158.70 158.64 158.68 158.68 158.73 158.83 158.61 158.65 158.69 158.63 158.74 158.60 158.45 158.44 158.31 158.32 158.27 158.24 158.14 158.03 157.86 157.85 157.84 157.82 157.76 157.67 157.63 157.57 157.47 157.48 157.45 157.35 157.30 157.30 157.30 157.26 157.26 157.26 157.22 157.28 157.23 157.29 157.36 157.33 157.33 157.30 157.21 157.19 157.16 157.14 157.11 157.12 157.21 157.26 157.26 157.30 157.41 157.53 157.62 157.64 157.76 157.90 158.01 158.11 158.12 158.19 158.25 158.32 158.35 158.45 158.48 158.43 158.45 158.46 158.21 158.25 158.34 158.22 158.20 158.06 157.98 158.05 157.84 157.93 157.88 157.68 157.61 157.60 157.57 157.58 157.49 157.50 157.46 157.40 157.36 157.41 157.42 157.29 157.32 157.31 157.44 157.68 157.61 157.69 157.74 157.77
57°N ||     157.70 157.70 157.67 157.63 157.65 157.56 157.50 157.48 157.47 157.48 157.39 157.34 157.34 157.26 157.20 157.18 157.02 157.02 156.99 156.98 156.96 156.95 156.95 156.95 156.97 157.02 157.14 157.26 157.26 157.39 157.44 157.51 157.56 157.53 157.57 157.56 157.60 157.67 157.75 158.04 158.13 158.28 158.34 158.30 158.09 157.68 157.30 157.07 156.95 156.97 157.00 157.03 157.06 157.12 157.20 157.28 157.38 157.50 157.62 157.72 157.94 158.00 158.07 158.12 158.20 158.23 158.32 158.39 158.44 158.54 158.55 158.98 158.70 158.69 158.70 158.75 158.73 158.68 158.70 158.69 158.66 158.80 158.59 158.62 158.07 159.31 158.46 158.41 158.38 158.30 158.33 158.19 158.13 158.08 158.04 157.93 157.92 157.83 157.78 157.64 157.65 157.61 157.50 157.40 157.36 157.38 157.37 157.30 157.39 157.35 157.32 157.37 157.42 157.41 157.41 157.44 157.48 157.43 157.38 157.27 157.24 157.24 157.22 157.17 157.17 157.19 157.16 157.21 157.26 157.28 157.39 157.42 157.53 157.53 157.59 157.69 157.84 157.90 157.93 157.89 158.05 158.00 158.12 158.23 158.24 158.19 158.16 158.20 158.16 158.07 158.14 158.08 158.10 158.08 157.94 157.99 157.88 157.91 157.87 157.73 157.65 157.67 157.58 157.55 157.52 157.46 157.45 157.42 157.33 157.40 157.38 157.33 157.47 157.40 157.42 157.52 157.63 157.62 157.67 157.69
59°N ||     157.63 157.66 157.64 157.54 157.61 157.59 157.43 157.53 157.53 157.53 157.48 157.43 157.36 157.32 157.24 157.16 157.17 157.10 157.07 157.03 157.01 156.98 156.95 156.95 156.95 156.95 156.95 156.96 156.98 157.03 157.06 157.15 157.20 157.16 157.09 157.16 157.17 157.16 157.31 157.49 157.58 157.65 157.65 157.42 157.31 157.05 156.95 156.95 156.97 157.00 157.04 157.10 157.13 157.19 157.28 157.35 157.46 157.57 157.69 157.87 158.08 157.97 158.23 158.28 158.30 158.35 158.44 158.49 158.51 158.50 158.60 158.58 158.62 158.69 158.70 158.71 158.65 158.74 158.79 158.75 158.66 158.64 158.65 158.58 158.56 158.54 158.50 158.48 158.42 158.28 158.19 158.24 158.12 158.12 157.92 157.99 157.97 157.89 157.74 157.71 157.63 157.60 157.58 157.54 157.54 157.50 157.39 157.40 157.42 157.45 157.50 157.52 157.52 157.52 157.45 157.51 157.51 157.51 157.38 157.34 157.31 157.28 157.20 157.21 157.17 157.18 157.15 157.19 157.23 157.25 157.32 157.30 157.44 157.56 157.52 157.43 157.60 157.64 157.62 157.76 157.85 157.72 157.85 157.94 157.93 157.87 157.93 157.92 157.92 157.92 157.91 157.95 157.93 157.88 157.87 157.91 157.88 157.79 157.79 157.71 157.74 157.64 157.60 157.53 157.50 157.45 157.33 157.34 157.32 157.36 157.39 157.40 157.45 157.44 157.47 157.50 157.57 157.67 157.54 157.62
61°N ||     157.59 157.59 157.58 157.60 157.58 157.62 157.55 157.51 157.55 157.45 157.42 157.43 157.39 157.32 157.27 157.23 157.18 157.15 157.12 157.07 157.03 157.02 157.00 156.99 156.97 156.97 156.95 156.95 156.95 156.95 156.95 156.95 156.95 156.95 156.95 156.95 156.95 156.95 156.95 157.16 156.97 156.97 156.97 156.95 156.95 156.95 156.95 156.97 157.02 157.06 157.08 157.19 157.27 157.34 157.41 157.52 157.62 157.72 157.83 157.90 158.07 158.23 158.30 158.35 158.43 158.82 158.34 158.55 158.58 158.58 158.66 158.53 158.62 158.75 158.81 158.78 158.74 158.76 158.66 158.71 158.65 158.66 158.61 158.63 158.56 158.53 158.45 158.41 158.33 158.27 158.21 158.17 158.15 158.06 158.07 158.06 157.91 157.84 157.82 157.72 157.70 157.64 157.57 157.56 157.54 157.56 157.46 157.52 157.51 157.57 157.55 157.57 157.59 157.59 157.52 157.57 157.52 157.52 157.48 157.36 157.41 157.38 157.18 157.25 157.22 157.20 157.16 157.14 157.16 157.22 157.22 157.24 157.28 157.08 157.29 157.42 157.44 157.42 157.53 157.59 157.63 157.50 157.69 157.72 157.73 157.62 157.70 157.68 157.73 157.77 157.73 157.78 157.73 157.69 157.75 157.76 157.71 157.69 157.70 157.64 157.60 157.62 157.56 157.53 157.50 157.36 157.43 157.41 157.34 157.38 157.35 157.41 157.44 157.42 157.49 157.50 157.47 157.57 157.55 157.50
63°N ||     157.62 157.53 157.52 158.28 157.55 157.59 157.59 157.57 157.55 157.53 157.50 157.42 157.42 157.35 157.33 157.31 157.26 157.23 157.16 157.10 157.03 157.09 157.06 157.05 157.03 157.02 157.00 157.01 157.01 156.99 156.99 156.98 156.97 156.97 156.96 156.95 156.95 156.96 156.95 156.95 156.95 156.96 156.96 156.97 156.98 157.00 157.02 157.04 157.10 157.16 157.26 157.33 157.41 157.52 157.65 157.71 157.80 157.89 158.00 158.02 158.12 158.24 158.35 158.45 158.45 158.47 158.61 158.58 158.56 158.55 158.61 158.56 158.63 158.62 158.65 158.71 158.66 158.59 158.59 158.63 158.61 158.61 158.52 158.47 158.43 158.21 158.26 158.23 158.23 158.20 158.19 158.11 158.01 157.98 158.02 157.81 157.78 157.79 157.76 157.71 157.70 157.64 157.59 157.59 157.61 157.59 157.58 157.59 157.58 157.57 157.61 157.59 157.64 157.60 157.58 157.56 157.55 157.48 157.54 157.48 157.42 157.40 157.39 157.32 157.28 157.25 157.19 157.18 157.16 157.16 157.17 157.20 157.23 157.23 157.27 157.33 157.36 157.36 157.42 157.33 157.48 157.36 157.49 157.55 157.46 157.57 157.55 157.56 157.59 157.59 157.57 157.58 157.65 157.65 157.64 157.61 157.62 157.58 157.61 157.62 157.58 157.54 157.56 157.53 157.43 157.47 157.46 157.47 157.33 157.38 157.39 157.41 157.35 157.45 157.51 157.53 157.51 157.55 157.56 157.58
65°N ||     157.57 157.66 157.58 157.65 157.64 157.61 157.60 157.62 157.46 157.52 157.49 157.49 157.50 157.47 157.63 157.37 157.34 157.31 157.24 157.28 157.25 157.19 157.18 157.16 157.14 157.13 157.08 157.10 157.09 157.08 157.06 157.04 157.04 157.02 157.01 156.99 156.99 156.99 156.98 156.98 156.98 157.00 157.01 157.03 157.07 157.10 157.13 157.18 157.22 157.29 157.36 157.37 157.53 157.69 157.81 157.94 158.06 158.20 158.25 158.27 158.29 158.40 158.45 158.42 158.53 158.56 158.57 158.49 158.53 158.58 158.48 158.50 158.59 158.60 158.60 158.62 158.62 158.55 158.57 158.56 158.58 158.51 158.46 158.20 159.10 160.38 157.74 158.10 158.19 158.11 158.15 158.03 158.05 157.92 157.91 157.85 157.79 157.77 157.77 157.74 157.68 157.68 157.65 157.56 157.64 157.56 157.55 157.58 157.58 157.56 157.61 157.62 157.65 157.59 157.50 157.52 157.60 157.51 157.49 157.54 157.51 157.46 157.44 157.33 157.31 157.22 157.24 157.20 157.19 157.13 157.17 157.16 157.16 157.17 157.21 157.20 157.24 157.25 157.22 157.28 157.33 157.32 157.37 157.38 157.33 157.42 157.41 157.44 157.42 157.44 157.47 157.48 157.49 157.51 157.41 157.53 157.51 157.57 157.55 157.54 157.48 157.47 157.54 157.52 157.45 157.52 157.52 157.40 157.47 157.41 157.49 157.48 157.46 157.47 157.47 157.53 157.45 157.47 157.61 157.39
67°N ||     157.63 157.63 157.67 157.65 157.63 157.71 157.68 157.63 157.67 157.63 157.52 157.55 157.59 157.50 157.52 157.47 157.47 157.44 157.42 157.42 157.31 157.35 157.27 157.24 157.24 157.18 157.23 157.21 157.17 157.16 157.15 157.11 157.12 157.08 157.27 157.04 157.04 157.04 157.03 157.04 157.05 157.06 157.11 157.12 157.15 157.20 157.26 157.34 157.40 157.48 157.58 157.70 157.81 157.94 158.09 158.22 158.37 158.47 158.57 158.67 158.70 158.67 158.59 158.54 158.54 158.53 158.49 158.52 158.57 158.53 158.56 158.55 158.52 158.57 158.57 158.53 158.50 158.40 158.55 158.51 158.49 158.43 158.29 158.25 158.24 158.12 158.10 158.13 158.09 158.12 158.05 157.99 157.98 157.90 157.87 157.81 157.78 157.75 157.72 157.65 157.61 157.65 157.62 157.55 157.57 157.57 157.58 157.54 157.51 157.45 157.49 157.59 157.63 157.58 157.56 157.57 157.49 157.54 157.53 157.52 157.49 157.41 157.44 157.40 157.35 157.32 157.31 157.23 157.19 157.18 157.14 157.11 157.12 157.12 157.09 157.15 157.16 157.17 157.07 157.20 157.23 157.27 157.28 157.25 157.27 157.28 157.20 157.33 157.32 157.35 157.33 157.41 157.39 157.42 157.44 157.43 157.44 157.46 157.46 157.50 157.40 157.41 157.42 157.46 157.44 157.44 157.51 157.51 157.51 157.47 157.51 157.47 157.54 157.53 157.45 157.49 157.50 157.60 157.58 157.61
69°N ||     157.54 157.68 157.69 157.66 157.69 157.70 157.68 157.71 157.62 157.75 157.67 157.66 157.64 157.66 157.54 157.50 157.49 157.57 157.59 157.52 157.53 157.52 157.49 157.47 157.40 157.38 157.20 157.35 157.34 157.25 157.32 157.22 157.24 157.18 157.13 157.11 157.12 157.11 157.12 157.13 157.13 157.19 157.22 157.27 157.32 157.38 157.51 157.62 157.75 157.85 157.91 157.98 158.02 158.12 158.19 158.30 158.37 158.41 158.50 158.53 158.52 158.54 158.52 158.50 158.46 158.49 158.50 158.51 158.46 158.52 158.52 158.49 158.55 158.53 158.42 158.48 158.47 158.40 158.41 158.38 158.32 158.29 158.32 158.25 158.14 158.16 158.04 158.01 157.99 157.96 157.96 157.91 157.84 157.84 157.83 157.70 157.73 157.73 157.69 157.68 157.66 157.66 157.63 157.57 157.58 157.64 157.61 157.57 157.57 157.59 157.45 157.48 157.55 157.54 157.57 157.54 157.50 157.52 157.51 157.45 157.41 157.43 157.41 157.40 157.33 157.31 157.30 157.28 157.26 157.23 157.20 157.15 157.15 157.12 157.09 157.07 157.09 157.13 157.16 157.15 157.16 157.16 157.18 157.18 157.18 157.19 157.21 157.23 157.23 157.22 157.27 157.24 157.28 157.32 157.36 157.39 157.37 157.40 157.51 157.46 157.42 157.42 157.42 157.47 157.46 157.50 157.51 157.54 157.52 157.49 157.48 157.54 157.57 157.59 157.68 157.64 157.60 157.63 157.60 157.57
71°N ||     157.68 157.74 157.79 157.72 157.68 157.74 158.11 157.65 157.73 157.75 157.65 157.70 157.72 157.68 157.75 157.77 157.76 157.71 157.81 157.63 157.56 157.65 157.65 157.61 157.55 157.52 157.46 157.41 157.44 157.36 157.38 157.40 157.41 157.31 157.38 157.39 157.31 157.31 157.32 157.34 157.31 157.40 157.44 157.47 157.54 157.59 157.67 157.79 157.85 157.95 158.03 158.08 158.09 158.06 158.13 158.15 158.17 158.21 158.25 158.25 158.22 158.28 158.28 158.31 158.43 158.36 158.38 158.41 158.49 158.42 158.45 158.42 158.41 158.45 158.38 158.33 158.33 158.36 158.33 158.27 158.22 158.22 158.18 158.12 158.07 158.05 158.01 158.00 157.96 157.88 157.80 157.75 157.79 157.80 157.73 157.73 157.70 157.68 157.67 157.63 157.59 157.56 157.54 157.52 157.57 157.59 157.58 157.54 157.55 157.54 157.58 157.53 157.52 157.52 157.48 157.51 157.46 157.45 157.39 157.44 157.36 157.41 157.39 157.32 157.32 157.32 157.30 157.30 157.27 157.23 157.21 157.21 157.18 157.17 157.13 157.13 157.11 157.09 157.08 157.06 157.04 157.04 157.05 157.07 157.09 157.11 157.14 157.15 157.19 157.18 157.22 157.22 157.22 157.23 157.28 157.26 157.34 157.38 157.41 157.43 157.44 157.39 157.46 157.47 157.48 157.53 157.51 157.53 157.44 157.55 157.55 157.53 157.49 157.58 157.60 157.63 157.70 157.59 157.66 157.65
73°N ||     157.77 157.83 157.84 157.80 157.75 157.87 157.89 157.85 157.85 157.90 157.96 157.88 157.90 157.81 158.00 157.86 157.84 157.82 157.77 157.76 157.80 157.61 157.62 157.68 157.61 157.69 157.61 157.90 157.74 157.67 157.72 157.61 157.56 157.52 157.46 157.51 157.46 157.48 157.51 157.57 157.61 157.65 157.68 157.71 157.77 157.82 157.84 157.88 157.92 157.97 158.04 158.16 158.11 158.12 158.11 158.10 158.06 158.05 158.01 158.06 158.09 158.12 158.16 158.15 158.18 158.25 158.27 158.24 158.24 158.27 158.34 158.38 158.37 158.28 158.34 158.35 158.36 158.28 158.22 158.13 158.14 158.10 158.06 158.02 158.04 158.02 157.98 157.94 157.89 157.89 157.83 157.70 157.71 157.71 157.70 157.61 157.63 157.63 157.60 157.62 157.58 157.58 157.56 157.47 157.54 157.54 157.50 157.48 157.48 157.44 157.48 157.49 157.52 157.51 157.48 157.51 157.52 157.46 157.40 157.36 157.39 157.43 157.41 157.34 157.33 157.31 157.28 157.30 157.25 157.24 157.21 157.19 157.20 157.17 157.18 157.16 157.14 157.12 157.11 157.11 157.12 157.13 157.14 157.14 157.15 157.16 157.17 157.18 157.20 157.21 157.20 157.23 157.23 157.25 157.25 157.25 157.32 157.35 157.37 157.35 157.43 157.42 157.40 157.46 157.51 157.54 157.49 157.54 157.60 157.62 157.32 158.48 157.43 157.09 157.60 157.65 157.75 157.73 157.62 157.70
75°N ||     157.76 157.85 157.80 157.85 157.86 157.96 157.83 157.91 157.93 157.93 157.98 157.91 157.92 158.01 157.92 157.98 157.97 157.82 157.90 157.93 157.88 157.97 158.01 158.09 157.94 157.79 157.82 157.82 157.63 157.70 157.72 157.68 157.78 157.82 157.88 157.74 157.69 157.70 157.63 157.73 157.72 157.76 157.83 157.82 157.82 157.77 157.84 157.89 157.92 158.01 158.05 158.07 158.06 158.07 158.08 158.18 158.05 158.04 158.06 158.08 158.15 158.19 158.22 158.22 158.22 158.19 158.16 158.18 158.22 158.14 158.24 158.24 158.24 158.24 158.22 158.25 158.20 158.19 158.10 158.12 158.06 158.05 157.99 158.12 157.96 157.90 157.86 157.81 157.81 157.81 157.76 157.74 157.71 157.67 157.67 157.65 157.72 157.59 157.56 157.54 157.53 157.53 157.52 157.49 157.50 157.52 157.52 157.49 157.46 157.50 157.47 157.45 157.49 157.48 157.47 157.45 157.44 157.45 157.39 157.40 157.39 157.37 157.33 157.39 157.39 157.36 157.30 157.29 157.28 157.24 157.28 157.25 157.26 157.23 157.19 157.20 157.18 157.18 157.17 157.17 157.16 157.19 157.19 157.14 157.17 157.19 157.21 157.21 157.19 157.19 157.21 157.23 157.24 157.25 157.27 157.27 157.29 157.34 157.36 157.39 157.39 157.44 157.44 157.49 157.50 157.50 157.50 157.53 157.56 157.60 157.60 157.64 157.60 157.78 157.80 157.82 157.83 157.82 157.79 157.73
77°N ||     157.93 157.83 157.64 157.56 157.67 157.91 157.83 157.54 157.55 157.87 157.96 157.97 157.99 157.96 157.95 157.81 157.66 157.70 157.57 157.81 157.65 157.73 158.10 158.35 157.97 157.82 157.81 157.92 157.86 157.85 157.84 157.84 157.89 157.81 157.57 157.80 157.72 157.78 157.76 157.73 157.86 157.83 157.77 157.77 157.84 157.90 157.93 157.96 157.99 158.02 158.03 158.06 157.95 158.12 158.14 158.18 158.20 158.19 158.19 158.19 158.22 157.70 157.70 158.01 158.12 158.09 158.09 158.11 158.05 158.04 158.10 158.11 158.11 158.12 158.08 158.09 158.06 158.07 158.11 158.09 158.04 157.95 157.94 157.92 157.91 157.86 157.76 157.75 157.81 157.77 157.79 157.75 157.69 157.62 157.61 157.64 157.64 157.63 157.60 157.57 157.56 157.56 157.53 157.58 157.53 157.52 157.52 157.51 157.50 157.50 157.49 157.48 157.45 157.41 157.41 157.41 157.44 157.39 157.39 157.34 157.36 157.38 157.38 157.39 157.38 157.39 157.36 157.35 157.32 157.29 157.31 157.28 157.25 157.22 157.09 157.18 157.23 157.23 157.25 157.23 157.21 157.21 157.21 157.20 157.21 157.20 157.22 157.20 157.22 157.19 157.22 157.25 157.24 157.27 157.29 157.30 157.32 157.33 157.31 157.35 157.37 157.41 157.46 157.50 157.51 157.51 157.54 157.60 157.60 157.57 157.63 157.59 157.63 157.69 157.67 157.82 157.91 157.89 157.82 157.88
79°N ||     157.70 157.62 157.61 157.69 157.71 157.68 157.65 157.65 157.68 157.67 157.68 157.56 157.75 157.72 157.74 157.81 157.81 157.85 157.85 157.80 157.79 157.88 157.87 157.89 157.94 157.97 157.90 157.72 157.78 157.69 157.74 157.77 157.80 157.81 157.77 157.82 157.79 157.87 157.85 157.84 157.86 157.88 157.88 157.84 157.79 157.81 157.84 157.87 157.89 157.96 158.02 157.99 158.02 158.05 158.09 158.10 158.06 158.11 158.17 158.16 158.20 158.22 158.21 158.23 158.18 158.18 158.24 158.19 158.11 158.06 158.01 157.98 157.92 157.94 157.95 157.82 157.79 157.82 157.90 157.92 157.83 157.87 157.75 157.45 157.61 157.85 157.21 157.32 157.65 157.02 157.14 157.42 157.29 157.12 157.34 157.03 157.13 157.40 157.29 157.19 157.24 157.24 157.27 157.46 157.49 157.44 157.48 157.48 157.50 157.48 157.47 157.47 157.46 157.45 157.42 157.43 157.41 157.41 157.40 157.28 157.64 157.27 157.36 157.35 157.33 157.35 157.33 157.31 157.32 157.32 157.32 157.32 157.31 157.31 157.30 157.30 157.31 157.31 157.28 157.29 157.28 157.25 157.22 157.23 157.23 157.19 157.15 157.15 157.18 157.20 157.22 157.20 157.25 157.28 157.27 157.32 157.30 157.34 157.33 157.33 157.36 157.40 157.42 157.47 157.48 157.52 157.50 157.49 157.52 157.61 157.60 157.62 157.63 157.66 157.68 157.64 157.64 157.74 157.74 157.73
81°N ||     157.15 157.16 157.18 157.20 157.18 157.18 157.20 157.19 157.20 157.21 157.22 157.24 157.25 157.27 157.29 157.30 157.31 157.32 157.32 157.34 157.35 157.36 157.38 157.41 157.43 157.47 157.53 157.61 157.60 157.66 157.72 157.65 157.66 157.79 157.45 157.46 157.34 157.50 157.16 157.24 157.38 157.43 157.70 157.70 157.72 157.78 157.84 157.81 157.67 157.64 157.31 157.30 157.20 157.31 157.63 157.43 157.51 157.49 157.44 157.47 157.81 157.67 157.72 157.73 157.78 157.83 157.91 157.64 157.52 157.34 157.34 157.40 157.12 157.24 157.16 157.04 156.97 157.02 157.01 156.95 157.01 157.05 157.03 157.14 157.14 157.15 157.29 157.32 157.29 157.40 157.32 157.22 157.50 157.50 157.28 157.41 157.41 157.61 157.61 157.56 157.26 157.11 157.15 157.12 157.26 157.27 157.33 157.35 157.14 157.22 157.19 157.01 157.05 157.34 157.17 157.21 157.11 157.15 157.27 157.02 157.05 157.01 157.04 157.05 157.15 157.32 157.08 157.12 157.13 157.12 157.14 157.12 157.13 157.14 157.15 157.16 157.20 157.25 157.30 157.30 157.30 157.30 157.30 157.28 157.30 157.27 157.27 157.28 157.29 157.32 157.32 157.34 157.34 157.36 157.35 157.34 157.34 157.36 157.37 157.34 157.35 157.36 157.38 157.38 157.38 157.38 157.36 157.34 157.34 157.29 157.24 157.25 157.25 157.24 157.24 157.21 157.18 157.16 157.16 157.15
83°N ||     157.01 157.02 157.02 157.02 157.02 157.02 157.02 157.02 157.03 157.03 157.04 157.06 157.06 157.07 157.08 157.10 157.11 157.12 157.15 157.15 157.17 157.18 157.18 157.18 157.17 157.15 157.23 157.20 157.23 156.98 157.03 156.95 156.97 156.99 157.05 157.09 156.98 156.95 157.03 157.08 157.04 157.08 157.11 157.18 157.17 157.03 157.05 157.09 157.06 157.03 156.95 156.96 157.00 157.02 156.95 156.95 156.95 156.97 156.99 157.01 156.99 157.07 157.03 157.37 157.49 157.59 157.70 157.78 157.76 157.53 157.37 157.17 157.06 157.00 156.98 156.95 156.95 156.96 157.01 157.04 157.08 157.14 157.18 157.22 157.29 157.36 157.39 157.45 157.48 157.48 157.49 157.50 157.51 157.54 157.59 157.63 157.67 157.70 157.72 157.75 157.77 157.81 157.85 157.88 157.91 157.94 157.95 157.97 157.94 157.78 157.58 157.38 157.39 157.32 157.47 157.33 157.22 157.20 157.19 157.27 157.34 157.31 157.10 157.23 157.17 157.30 157.21 157.16 157.23 157.18 157.34 157.30 157.18 157.04 157.10 157.17 157.16 157.21 157.14 157.12 157.05 157.09 157.07 157.03 157.10 157.08 157.21 157.30 157.32 157.30 157.28 157.27 157.27 157.27 157.30 157.31 157.30 157.29 157.25 157.23 157.22 157.22 157.20 157.18 157.17 157.15 157.14 157.12 157.11 157.10 157.09 157.09 157.07 157.06 157.06 157.05 157.04 157.03 157.02 157.02
85°N ||     157.10 157.04 157.09 157.16 157.19 157.33 157.27 157.25 157.32 157.32 157.11 157.03 157.11 157.04 157.34 157.18 157.35 157.57 157.62 157.60 157.60 157.33 157.11 157.15 157.30 157.23 156.99 157.19 157.30 157.13 157.37 157.79 157.71 157.40 157.70 157.81 157.82 157.84 157.81 157.76 157.78 157.62 157.72 157.83 157.77 157.86 157.95 157.94 157.94 157.76 157.74 157.78 157.70 157.43 157.48 157.60 157.57 157.53 157.47 157.43 157.41 157.42 157.27 157.37 157.41 157.41 157.20 157.18 157.22 157.28 157.30 157.17 157.06 157.05 157.14 157.27 157.34 157.46 157.49 157.44 157.38 157.26 157.06 157.02 157.22 157.23 157.18 157.16 157.16 157.17 157.44 157.60 157.28 157.48 157.51 157.44 157.50 157.56 157.69 157.77 157.81 157.71 157.83 157.90 157.94 157.98 158.01 158.04 158.05 158.08 158.10 158.09 158.08 158.07 158.06 158.03 158.00 157.98 157.97 157.98 157.96 157.92 157.91 157.94 157.95 157.95 157.96 157.96 157.95 157.97 157.96 157.97 157.98 157.96 157.92 157.92 157.82 157.83 157.85 157.65 157.89 157.89 157.89 157.52 157.47 157.41 157.28 157.01 157.26 157.47 157.32 157.49 157.16 157.13 157.11 157.06 157.09 157.03 156.99 156.97 156.95 157.17 157.10 157.01 157.04 157.11 157.07 157.20 157.06 157.23 157.10 157.01 156.99 157.02 157.00 157.04 157.09 157.01 157.02 157.04
87°N ||     158.34 158.19 158.25 158.21 158.12 158.21 158.19 158.23 158.43 158.49 158.48 158.46 158.40 158.36 158.43 158.53 158.54 158.52 158.55 158.55 158.53 158.41 158.41 158.67 158.66 158.66 158.60 158.57 158.53 158.52 158.50 158.61 158.70 158.63 158.69 158.81 158.87 158.88 158.89 158.89 158.81 158.84 158.73 158.76 158.82 158.94 158.96 158.98 158.94 158.89 158.89 158.89 158.87 158.84 158.73 158.59 158.57 158.50 158.45 158.45 158.52 158.58 158.59 158.62 158.63 158.64 158.66 158.64 158.61 158.55 158.30 157.96 157.91 157.99 157.99 158.08 157.95 158.05 158.09 157.99 158.13 158.21 158.23 158.24 158.16 158.25 158.18 158.02 158.16 158.05 158.27 158.35 158.29 158.39 158.48 158.50 158.45 158.47 158.40 158.42 158.50 158.60 158.59 158.50 158.50 158.65 158.67 158.70 158.74 158.76 158.78 158.73 158.78 158.77 158.75 158.73 158.71 158.67 158.70 158.51 158.75 158.72 158.68 158.62 158.48 158.39 158.61 158.63 158.55 158.55 158.45 158.58 158.75 158.74 158.74 158.75 158.75 158.69 158.59 158.58 158.58 158.55 158.53 158.57 158.50 158.50 158.48 158.54 158.62 158.72 158.64 158.72 158.59 158.65 158.78 158.77 158.73 158.38 158.53 158.41 158.56 158.28 158.28 158.14 158.16 158.12 158.22 158.28 158.25 158.23 158.26 158.16 158.09 158.10 158.08 158.05 158.15 158.10 158.02 158.19
89°N ||     159.15 159.16 159.14 159.10 159.10 159.22 159.23 159.29 159.30 159.29 159.29 159.31 159.31 159.31 159.31 159.32 159.32 159.33 159.33 159.33 159.34 159.33 159.31 159.33 159.33 159.32 159.34 159.37 159.39 159.41 159.42 159.44 159.44 159.46 159.46 159.47 159.47 159.48 159.48 159.49 159.49 159.49 159.50 159.50 159.50 159.50 159.50 159.50 159.50 159.49 159.48 159.47 159.46 159.44 159.42 159.39 159.38 159.36 159.35 159.35 159.36 159.33 159.33 159.32 159.31 159.29 159.28 159.28 159.28 159.27 159.26 159.26 159.24 159.23 159.21 159.20 159.18 159.17 159.14 159.13 159.14 159.15 159.15 159.13 159.15 159.12 159.12 159.13 159.13 159.13 159.13 159.10 159.07 159.08 159.11 159.15 159.17 159.14 159.06 159.04 159.08 159.15 159.16 159.17 159.19 159.20 159.21 159.23 159.24 159.26 159.26 159.27 159.28 159.29 159.29 159.30 159.31 159.31 159.32 159.32 159.32 159.32 159.33 159.32 159.31 159.32 159.32 159.34 159.35 159.36 159.36 159.37 159.37 159.38 159.39 159.41 159.42 159.44 159.45 159.46 159.46 159.47 159.47 159.47 159.47 159.47 159.47 159.46 159.46 159.45 159.44 159.43 159.42 159.40 159.38 159.36 159.34 159.32 159.34 159.36 159.36 159.35 159.34 159.34 159.35 159.34 159.34 159.34 159.32 159.32 159.29 159.28 159.27 159.25 159.24 159.22 159.20 159.19 159.19 159.17
