East longitude (degrees): -179:2:179
North latitude (degrees): -89:2:89

Absorbed dose on Martian Surface (1E-6 Gy/day), 2D array where Absorbed dose(i,j)= value at latitude(i) and longitude(j).
125.78 125.83 125.88 125.90 125.90 125.89 125.88 125.90 125.93 125.97 126.12 126.18 126.15 126.21 126.40 126.49 126.55 126.62 126.64 126.54 126.47 126.61 126.62 126.58 126.53 126.50 126.44 126.46 126.54 126.51 126.59 126.69 126.63 126.57 126.67 126.60 126.52 126.46 126.38 126.31 126.26 126.19 126.13 126.11 126.08 126.09 126.08 126.09 126.08 126.06 126.04 126.04 126.01 126.00 126.00 126.00 125.92 125.90 125.88 125.88 125.87 125.85 125.85 125.81 125.83 125.86 125.86 125.73 125.68 125.70 125.64 125.64 125.65 125.65 125.62 125.59 125.58 125.57 125.55 125.55 125.54 125.56 125.57 125.55 125.57 125.58 125.58 125.57 125.57 125.58 125.59 125.62 125.63 125.64 125.64 125.65 125.64 125.65 125.66 125.66 125.64 125.63 125.62 125.62 125.63 125.64 125.64 125.66 125.66 125.67 125.68 125.66 125.63 125.66 125.71 125.74 125.73 125.73 125.74 125.76 125.78 125.79 125.79 125.82 125.85 125.88 125.89 125.91 125.94 125.95 125.97 125.98 125.99 126.00 126.01 126.03 126.04 126.04 126.03 126.04 125.99 126.00 125.98 125.95 125.96 125.96 125.95 125.92 125.89 125.86 125.85 125.83 125.83 125.79 125.77 125.75 125.74 125.72 125.72 125.72 125.72 125.71 125.70 125.68 125.67 125.66 125.67 125.68 125.69 125.69 125.71 125.73 125.74 125.75 125.75 125.77 125.77 125.77 125.77 125.78
127.48 127.56 127.57 127.68 127.65 127.72 127.64 127.63 127.61 127.53 127.53 127.52 127.43 127.33 127.28 127.27 127.29 127.30 127.29 127.25 127.25 127.29 127.41 127.44 127.42 127.37 127.37 127.28 127.35 127.21 127.42 127.43 127.29 127.28 127.27 127.28 127.25 127.22 127.24 127.22 127.17 127.22 127.19 127.17 127.14 127.12 127.12 127.06 127.02 126.98 126.85 126.99 126.82 126.57 126.60 126.55 126.44 126.32 126.27 126.24 126.41 125.94 126.02 125.77 125.70 125.68 125.61 125.57 125.54 125.52 125.49 125.47 125.54 125.52 125.26 125.21 125.14 125.04 125.01 125.18 124.88 124.69 124.68 124.59 124.56 124.57 124.59 124.63 124.66 124.69 124.73 124.74 124.76 124.76 124.77 125.17 125.08 125.26 125.12 125.32 125.32 125.32 125.41 125.42 125.46 125.55 125.61 125.76 125.85 125.90 125.76 125.75 125.79 125.81 125.84 125.83 125.89 125.92 125.99 126.00 126.06 126.12 126.13 126.17 126.24 126.23 126.24 126.31 126.38 126.35 126.42 126.43 126.44 126.50 126.62 126.74 126.82 126.95 126.88 126.72 126.59 126.55 126.53 126.50 126.46 126.47 126.41 126.18 126.14 126.13 126.12 126.14 126.17 126.17 126.16 126.16 126.22 126.32 126.41 126.40 126.47 126.53 126.61 126.64 126.74 126.82 126.92 126.96 127.10 127.14 127.30 127.30 127.32 127.31 127.37 127.27 127.04 127.15 127.47 127.65
126.91 126.92 126.95 126.96 126.96 126.96 126.97 127.01 127.01 127.00 127.00 127.01 127.02 127.09 127.03 126.97 126.98 127.08 127.07 127.07 127.07 127.08 127.11 127.12 127.10 127.10 127.14 127.22 127.28 127.40 127.67 127.69 127.68 127.68 127.71 127.59 127.75 127.67 127.62 127.57 127.75 127.97 127.93 127.95 127.79 127.76 127.67 127.59 127.52 127.44 127.47 127.36 127.35 127.33 127.55 127.62 127.37 127.23 127.27 127.57 127.45 126.66 126.56 126.62 126.75 126.84 126.68 126.76 126.74 126.35 126.50 126.39 126.10 126.01 126.05 125.82 126.13 126.38 126.65 126.33 126.18 126.12 126.20 126.22 126.34 126.22 126.17 126.04 126.03 126.14 125.99 125.99 126.08 126.04 126.02 126.04 126.06 126.10 126.14 126.22 126.19 126.31 126.59 126.85 126.78 126.74 126.72 126.73 126.70 126.75 126.83 126.88 126.93 126.99 126.79 126.84 126.93 126.95 126.90 126.83 126.82 126.85 126.88 126.97 127.06 127.13 127.13 127.07 127.07 127.02 126.98 126.95 126.91 126.92 126.95 127.03 127.50 128.33 128.59 128.42 127.99 127.77 127.67 127.72 127.35 127.15 127.06 126.96 127.01 127.06 126.96 126.98 127.03 127.15 127.28 127.33 127.36 127.37 127.34 127.34 127.32 127.18 127.06 126.99 126.96 127.04 127.10 127.17 127.28 127.44 127.24 127.29 127.26 127.21 127.15 127.10 127.06 127.05 126.95 126.91
126.99 127.01 127.03 127.04 127.05 127.05 127.06 127.08 127.10 127.11 127.13 127.15 127.18 127.20 127.19 127.19 127.21 127.24 127.26 127.28 127.31 127.33 127.36 127.39 127.43 127.48 127.52 127.56 127.65 127.75 127.69 127.57 127.55 127.50 127.59 127.68 127.67 127.64 127.68 127.73 127.53 127.54 127.55 127.56 127.58 127.61 127.59 127.99 128.07 128.14 128.07 128.08 128.02 128.02 128.04 128.01 127.96 128.18 128.24 128.22 127.89 128.15 128.09 128.00 128.25 128.04 128.06 128.03 128.32 128.07 128.28 128.46 128.57 128.58 128.46 128.36 128.39 128.38 128.37 128.45 128.43 128.42 128.31 128.34 128.36 128.31 128.26 128.25 128.29 128.27 128.06 128.04 128.11 128.34 128.05 127.99 127.91 127.87 127.89 127.78 127.94 127.53 127.66 127.44 127.77 127.97 128.01 127.82 127.73 127.76 127.79 127.90 128.09 128.15 128.21 128.17 127.88 127.90 127.85 127.84 127.79 127.77 127.53 127.46 127.51 127.56 127.56 127.44 127.43 127.55 127.49 127.50 127.64 127.64 127.80 128.21 128.72 128.68 128.69 128.68 128.69 127.91 127.82 127.86 127.83 127.93 127.90 127.84 127.82 127.82 127.77 127.68 127.59 127.55 127.50 127.38 127.33 127.37 127.61 127.88 128.23 128.42 128.06 127.66 127.10 127.10 126.84 126.78 126.76 126.75 126.85 127.03 127.43 127.43 127.20 127.03 126.95 126.93 126.94 126.97
127.26 127.31 127.31 127.43 127.23 127.29 127.32 127.36 127.40 127.45 127.50 127.55 127.68 127.71 127.55 127.54 127.57 127.61 127.65 127.69 127.72 127.75 127.77 127.80 127.83 127.86 127.92 127.94 127.96 127.99 128.02 128.13 128.11 128.13 128.21 128.17 128.02 128.05 128.03 128.05 128.19 128.07 127.84 127.88 127.74 127.65 127.70 127.83 127.87 127.79 127.92 127.84 128.02 128.60 128.33 128.48 128.69 128.40 128.68 128.62 128.41 128.50 128.54 128.52 128.52 128.49 128.53 128.53 128.48 128.42 128.49 128.38 128.26 128.27 128.29 128.31 128.26 128.27 128.25 128.27 128.54 128.21 128.09 128.05 128.04 128.05 128.04 128.06 128.03 128.03 128.02 128.04 127.95 127.82 127.66 127.42 126.87 126.25 126.99 127.09 127.51 127.78 127.74 127.83 128.06 128.21 128.31 128.47 128.44 128.36 128.21 128.42 128.50 128.58 128.58 128.62 128.64 128.69 128.68 128.68 128.66 128.68 128.64 128.61 128.59 128.59 128.37 128.39 128.44 128.49 128.53 128.66 128.69 128.75 128.77 128.75 128.74 128.33 127.73 127.57 127.54 127.50 127.49 127.63 127.70 127.71 127.66 127.78 127.86 127.92 128.02 128.08 128.15 128.00 128.08 128.24 128.35 128.11 128.01 128.02 128.33 128.16 127.99 128.00 128.10 128.04 128.35 127.88 127.28 127.02 127.03 127.16 127.28 127.48 127.71 127.19 127.29 127.29 127.13 127.18
127.52 127.56 127.57 127.66 127.65 127.61 127.62 127.65 127.66 127.81 127.71 127.78 127.82 127.84 127.90 128.00 127.93 128.06 127.87 128.03 127.95 127.98 127.95 128.27 128.54 127.86 128.17 128.48 128.38 128.45 128.41 128.41 128.39 128.40 128.43 128.45 128.45 128.44 128.37 128.35 128.35 128.18 128.57 128.64 128.01 128.15 128.14 128.04 128.01 128.16 128.29 128.18 128.61 128.53 128.57 128.70 128.83 128.05 128.48 128.13 128.64 128.49 128.06 128.38 128.39 128.59 128.61 128.57 128.56 128.53 128.50 128.52 128.51 128.51 128.50 128.47 128.49 128.52 128.50 128.36 128.42 128.53 128.35 128.33 128.34 128.48 128.25 128.38 128.27 128.30 128.34 128.25 128.21 128.00 127.36 127.37 127.03 127.43 127.86 128.09 128.03 128.22 128.25 128.31 128.36 128.50 128.38 128.46 128.29 128.47 128.19 128.39 128.28 128.28 128.03 127.96 128.47 128.57 128.73 128.76 128.78 128.78 128.79 128.78 128.80 128.79 128.77 128.79 128.78 128.80 128.77 128.76 128.80 128.79 128.79 128.79 128.82 128.83 128.80 128.80 128.80 128.82 128.64 128.39 128.52 128.15 127.80 127.81 127.81 127.73 127.78 127.86 128.14 128.80 128.74 128.20 128.05 128.43 127.60 127.62 128.07 127.66 127.44 127.33 127.27 127.36 127.24 127.55 127.35 127.32 127.33 127.38 127.48 127.24 127.17 127.27 127.36 127.44 127.45 127.46
128.11 127.90 127.86 127.84 127.78 127.97 127.94 128.19 128.16 128.19 128.17 128.19 128.41 128.28 128.25 128.29 128.35 128.34 128.42 128.32 128.28 128.31 128.28 128.34 128.30 128.38 128.50 128.55 128.46 128.53 128.51 128.52 128.52 128.52 128.51 128.52 128.50 128.52 128.51 128.51 128.50 128.51 128.46 128.37 128.33 128.18 127.81 128.27 127.74 127.93 128.44 128.34 128.23 127.86 128.00 128.16 128.28 128.24 128.34 128.32 128.51 128.61 128.50 128.55 128.65 128.67 128.66 128.68 128.68 128.66 128.63 128.62 128.59 128.60 128.57 128.57 128.56 128.50 128.36 128.38 128.34 128.24 128.20 128.10 128.27 128.39 128.30 128.33 128.19 128.28 128.29 128.25 128.00 127.89 127.80 127.67 127.28 126.97 127.88 128.60 128.81 128.87 128.86 128.23 128.40 128.32 128.34 128.46 128.28 128.49 128.32 128.28 128.25 128.51 128.73 128.63 128.30 128.21 127.92 127.75 127.68 127.38 127.27 127.70 128.09 128.44 128.64 128.63 128.58 128.45 128.08 128.41 128.49 128.15 128.53 128.63 128.79 128.74 128.59 128.50 128.34 128.36 128.19 128.46 128.83 128.81 128.73 128.67 128.21 128.25 128.31 127.77 128.24 128.46 128.45 127.88 127.62 127.67 127.50 127.53 127.59 127.47 127.46 127.65 127.56 127.52 127.62 127.70 127.73 127.71 127.63 127.71 127.87 127.63 127.65 127.69 127.84 127.96 128.03 127.90
128.25 128.32 128.16 128.26 128.12 128.13 128.20 128.58 128.35 128.30 128.82 128.91 128.41 128.52 128.52 128.58 128.46 128.52 128.52 128.41 128.41 128.54 128.55 128.64 128.55 128.59 128.62 128.63 128.61 128.59 128.59 128.58 128.60 128.57 128.30 128.53 128.54 128.53 128.52 128.51 128.48 128.45 128.45 128.46 128.48 128.52 128.47 128.41 128.29 128.21 128.27 127.92 127.83 128.09 128.43 128.50 128.46 128.65 128.73 128.75 128.77 128.76 128.73 128.70 128.69 128.68 128.67 128.55 128.64 128.58 128.51 128.41 128.39 128.28 128.24 128.29 128.23 128.35 128.24 128.26 128.30 128.33 128.38 128.27 128.48 128.34 128.34 128.44 128.33 128.33 128.27 128.07 127.98 128.20 128.30 128.31 128.32 128.33 128.37 128.28 128.18 128.25 128.25 128.21 128.41 128.45 128.45 128.34 128.33 128.26 128.20 128.09 127.77 127.89 128.03 127.65 127.94 127.84 127.69 127.82 127.64 127.60 128.11 128.32 128.20 128.04 128.75 127.93 128.07 128.07 128.15 128.44 128.39 128.32 128.27 128.13 128.33 127.66 127.39 127.07 127.02 127.53 128.89 128.82 128.87 128.20 128.60 128.20 128.67 128.83 128.77 128.74 128.70 128.71 128.75 128.09 127.32 127.28 127.26 127.27 127.25 127.36 127.83 127.75 127.87 127.44 127.50 127.64 127.70 127.70 127.75 127.76 127.79 127.97 127.98 128.03 128.12 128.08 128.12 128.16
128.82 128.23 128.61 128.61 128.55 128.38 128.75 128.62 128.64 128.62 128.38 128.17 128.56 128.33 128.50 128.60 128.57 128.57 128.53 128.46 128.37 128.14 128.72 128.00 128.17 128.66 128.53 128.52 128.53 128.56 128.57 128.57 128.60 128.41 128.36 128.16 128.31 128.53 128.47 128.50 128.50 128.52 128.47 128.50 128.52 128.52 128.52 128.37 128.66 129.00 129.00 129.02 129.02 128.37 128.68 128.70 128.79 128.81 128.82 128.83 128.83 128.82 128.79 128.74 128.76 128.55 128.63 128.73 128.74 128.74 128.71 128.55 128.41 128.48 128.40 128.33 128.28 128.36 128.49 128.25 128.26 128.27 128.30 128.50 128.40 128.55 128.62 128.59 128.54 128.56 128.37 128.35 128.12 128.37 128.35 128.42 128.52 128.54 128.54 128.52 128.55 128.55 128.59 128.56 128.52 128.48 128.56 128.27 128.23 128.14 127.82 127.57 127.76 128.08 128.37 128.19 128.32 128.25 128.32 128.09 128.19 127.93 127.79 127.73 127.96 127.93 128.17 128.19 128.37 128.34 128.31 128.38 128.40 128.45 128.51 128.51 128.50 128.57 128.38 128.14 128.39 127.49 127.64 128.09 128.16 128.19 128.25 128.37 128.60 128.60 128.50 127.91 128.42 128.72 128.85 128.89 128.58 127.95 127.34 127.65 127.46 127.69 128.03 128.05 127.60 127.81 128.10 128.21 128.10 128.34 128.77 128.66 128.44 128.36 128.37 128.33 128.43 128.31 128.34 128.75
128.74 128.77 128.82 128.85 128.88 128.94 128.98 128.96 128.96 128.97 128.96 128.68 128.29 128.08 127.62 127.63 128.10 128.21 128.77 128.37 128.39 128.29 128.15 128.20 128.99 128.52 128.56 128.58 128.51 128.38 128.43 128.36 128.36 128.48 128.43 128.41 128.36 128.55 128.46 128.47 128.55 128.45 128.53 128.48 128.51 128.53 128.36 128.24 128.28 128.70 128.97 128.92 128.98 128.26 128.75 128.82 128.84 128.87 128.84 128.85 128.87 128.72 128.65 128.71 128.77 128.80 128.80 128.74 128.74 128.23 128.40 128.51 128.42 128.52 128.33 128.42 128.33 128.02 127.87 127.77 127.69 128.35 128.36 128.35 128.47 128.49 128.57 128.46 128.61 128.53 128.78 128.74 128.52 128.57 128.57 128.46 128.42 128.00 128.40 128.58 128.65 128.50 128.53 128.53 128.52 128.55 128.34 127.74 127.95 128.19 128.22 128.30 128.31 128.42 128.44 128.39 128.55 128.45 128.53 128.58 128.53 128.65 128.66 128.55 128.56 128.44 128.05 128.21 128.86 128.85 128.33 128.44 128.30 127.46 128.07 128.21 128.28 127.96 127.78 128.01 128.18 127.88 128.42 128.56 128.71 128.73 128.71 128.55 128.55 128.64 128.80 128.76 128.86 128.76 129.01 129.03 129.02 128.96 128.79 128.71 128.82 128.74 128.62 128.80 128.88 128.85 128.84 128.77 128.69 128.87 128.72 128.86 128.80 128.81 128.54 128.54 128.58 128.62 128.42 128.66
128.38 128.43 128.63 128.76 128.55 129.02 128.98 128.96 128.99 128.99 128.97 128.90 128.62 128.64 128.38 128.43 127.79 127.92 128.14 128.45 128.65 128.52 128.32 128.21 128.21 128.57 128.47 128.55 128.33 128.59 128.09 128.14 128.08 128.27 128.31 128.37 128.54 128.56 128.61 128.61 128.64 128.61 128.60 128.63 128.63 128.79 128.52 128.69 128.69 128.68 128.71 128.78 128.78 128.83 128.84 128.81 128.83 128.84 128.75 128.74 128.64 128.82 128.81 128.86 128.81 128.69 128.36 128.38 128.42 128.41 128.37 128.42 128.42 128.54 128.60 128.70 128.58 128.25 127.89 128.08 128.18 128.45 128.43 128.21 128.20 128.06 128.11 128.09 128.27 128.44 128.46 128.54 127.90 128.56 128.61 128.56 128.64 128.63 128.62 128.65 128.62 128.60 128.64 128.59 128.46 128.28 127.82 128.54 128.66 128.60 128.50 128.39 128.46 128.39 128.48 128.19 128.16 128.50 128.72 128.82 128.90 128.84 128.86 128.89 128.88 128.85 128.67 128.46 128.30 128.30 128.53 128.48 128.45 128.38 128.85 128.21 127.46 127.73 127.78 127.91 128.05 128.05 127.81 127.90 128.25 128.53 128.60 128.45 128.69 128.76 128.76 128.80 128.56 127.41 128.76 129.01 128.98 127.82 129.01 128.99 128.97 128.90 128.87 128.84 128.72 128.58 128.43 128.45 128.02 127.83 128.45 128.74 128.73 128.63 128.55 128.46 128.41 128.36 128.48 128.48
128.98 128.31 128.15 128.60 128.63 128.70 128.72 128.89 128.96 128.99 129.00 129.00 128.95 128.89 128.75 128.58 128.39 128.09 128.02 127.82 127.81 127.60 127.85 127.87 128.13 128.11 128.02 127.95 128.23 127.76 127.77 127.76 128.11 128.95 128.14 128.31 128.33 128.65 128.57 128.58 128.63 128.63 128.61 128.62 128.63 128.65 128.63 128.69 128.70 128.68 128.70 128.75 128.77 128.77 128.73 128.80 128.87 128.82 128.85 128.80 128.52 128.72 128.83 128.83 128.70 128.55 128.92 128.93 129.02 128.42 128.49 128.51 128.54 128.65 128.73 128.51 128.29 127.92 127.96 127.75 127.97 127.99 128.21 128.20 128.41 128.35 128.42 128.44 128.43 128.43 128.46 128.56 128.51 128.60 128.57 128.64 128.57 128.54 128.54 128.44 128.44 128.00 127.87 127.90 127.67 128.05 128.80 128.98 128.97 128.81 128.77 128.56 128.58 128.39 128.48 128.44 128.65 128.72 128.86 128.88 128.87 128.87 128.89 128.89 128.86 128.94 128.93 128.98 128.98 128.81 128.40 128.00 128.36 128.47 128.00 127.89 127.81 127.53 127.90 127.37 127.56 127.84 127.87 128.42 128.29 128.25 127.94 128.16 128.44 128.63 128.78 128.78 128.72 128.81 128.86 128.87 128.89 128.81 128.74 128.82 128.81 128.83 128.73 128.62 128.74 128.72 128.72 128.71 128.67 128.43 128.76 128.63 128.60 128.48 128.20 128.53 128.17 128.17 128.20 128.48
128.38 128.13 127.92 128.22 128.26 128.76 128.76 128.91 128.94 128.96 128.96 128.99 128.98 128.98 128.95 128.89 128.83 128.79 128.74 128.56 128.25 128.16 128.20 128.06 128.29 128.24 128.02 128.42 128.36 128.03 127.88 128.09 127.95 128.12 128.26 128.34 128.37 128.42 128.43 128.56 128.58 128.63 128.65 128.65 128.70 128.72 128.70 128.70 128.71 128.71 128.65 128.60 128.57 128.63 128.72 128.78 128.78 128.79 128.72 128.21 128.64 128.86 128.92 128.95 128.71 128.81 128.68 128.66 128.57 128.53 128.64 128.57 128.61 128.68 128.79 128.71 128.44 128.32 128.06 127.83 127.84 128.05 128.58 128.27 128.39 128.41 128.41 128.36 128.20 128.45 128.45 128.48 128.45 128.55 128.42 128.57 128.71 128.62 128.46 128.51 128.36 128.39 128.31 128.24 127.99 128.20 128.11 128.28 128.35 128.29 128.29 128.21 128.30 128.59 128.78 128.95 128.94 128.91 128.85 128.80 128.81 128.89 128.94 128.93 128.97 128.96 128.95 128.96 128.96 128.98 128.57 128.52 128.49 128.42 129.00 128.10 128.05 128.12 128.37 127.67 127.64 127.65 127.98 128.01 128.04 127.75 127.64 128.43 128.24 128.09 128.60 128.57 128.50 128.78 128.76 127.88 128.29 128.41 128.74 128.57 128.20 128.30 128.71 128.52 128.63 128.78 128.70 128.75 128.73 128.70 128.50 128.45 128.33 127.92 128.53 128.67 128.44 128.33 128.08 128.00
128.34 128.33 128.52 128.16 127.98 128.28 128.63 128.67 128.82 128.80 128.92 128.85 128.90 128.93 128.94 128.88 128.91 128.92 128.89 128.64 128.31 128.28 128.10 128.16 128.10 128.20 128.20 128.07 128.03 128.08 128.04 128.15 128.31 128.32 128.30 128.15 128.02 128.25 128.50 128.34 128.61 128.43 128.30 128.55 128.58 128.55 128.45 128.63 128.59 128.57 128.45 128.47 128.54 128.76 128.66 128.33 128.58 128.88 128.82 128.84 128.80 128.80 128.86 128.94 129.02 128.96 128.67 128.95 128.57 128.83 128.71 128.60 128.62 128.54 128.59 128.86 128.92 128.88 128.83 128.61 128.49 128.24 128.30 128.29 128.31 128.34 128.43 128.43 128.43 128.41 128.40 128.41 128.48 128.44 128.47 128.35 128.45 128.50 128.39 128.56 128.58 128.40 128.45 128.57 128.48 128.31 128.20 128.05 128.08 127.94 128.28 128.39 128.61 128.89 129.01 129.02 129.02 128.99 128.93 128.91 128.89 128.88 128.91 128.92 128.99 129.00 128.98 128.97 128.98 128.98 128.92 128.66 128.59 128.73 128.50 128.20 128.00 128.11 128.01 127.41 128.63 127.83 128.23 128.16 128.14 127.93 127.80 127.66 127.46 127.80 128.13 128.39 128.28 128.33 128.54 128.74 128.86 128.87 128.73 128.66 128.37 128.42 128.55 128.53 128.42 127.82 127.79 128.06 128.40 128.58 128.66 128.70 128.58 128.74 128.71 128.14 128.44 128.50 128.47 128.51
128.78 128.14 127.89 128.32 128.53 128.66 128.65 128.22 128.29 128.43 128.14 128.31 128.63 128.29 128.98 128.35 128.61 128.58 128.81 128.70 128.64 128.61 128.61 128.21 128.07 127.93 128.53 128.43 128.04 128.14 128.45 128.65 128.67 128.60 128.57 128.37 128.15 128.28 128.22 128.20 128.49 128.02 128.33 128.53 128.36 127.67 128.69 128.78 128.80 128.77 128.75 128.83 128.82 128.64 128.38 128.92 128.92 128.82 128.92 128.91 128.88 128.81 128.85 128.89 128.99 129.01 128.99 128.77 129.02 129.01 128.97 128.86 128.36 128.75 128.84 128.60 128.62 128.67 128.58 128.38 127.76 127.77 128.28 128.45 128.30 128.25 128.16 128.36 128.46 128.44 128.48 128.42 128.43 128.55 128.48 128.53 128.50 128.39 128.48 128.55 128.59 128.52 128.47 128.47 128.10 128.48 128.43 128.45 128.47 128.56 128.64 128.69 128.76 128.86 128.96 128.96 128.81 128.79 128.81 128.70 129.00 128.94 128.75 128.87 128.95 128.97 129.01 129.02 128.96 128.98 129.01 129.02 127.88 128.98 128.93 128.83 128.13 128.25 128.24 128.49 127.95 127.87 127.79 127.87 127.92 127.85 127.85 127.67 127.83 127.81 128.04 128.04 128.08 128.15 128.18 128.80 128.97 128.99 128.99 128.95 128.87 128.75 128.63 128.48 128.42 128.17 127.89 128.05 128.14 127.41 127.98 128.48 128.57 128.41 127.70 127.96 128.13 128.69 128.72 128.69
128.84 128.55 128.40 128.57 128.63 128.52 127.63 128.15 128.28 128.10 128.45 128.13 128.29 127.69 128.40 128.58 128.51 128.61 128.42 128.58 128.69 128.70 128.52 128.42 127.84 128.13 128.27 128.31 128.57 128.14 128.30 128.73 128.77 128.59 128.72 128.61 128.27 127.91 127.78 127.89 128.10 128.52 128.72 128.70 128.67 128.46 128.77 128.84 128.92 128.92 128.92 128.92 128.94 128.94 128.82 128.73 128.79 128.70 128.87 128.92 128.79 128.63 128.70 128.84 128.48 128.95 128.41 128.93 129.01 128.29 128.50 128.80 128.98 128.77 128.98 128.68 128.69 128.52 128.37 128.37 127.96 128.04 128.28 128.11 128.15 128.45 128.33 128.30 128.57 127.72 128.36 128.51 128.56 128.49 128.72 128.38 128.32 128.35 128.91 128.31 128.25 128.53 128.44 128.47 128.52 128.56 128.55 128.51 128.51 128.71 128.77 128.87 128.91 128.91 128.86 128.69 128.72 128.78 128.60 128.33 128.36 128.40 128.79 128.96 129.02 129.02 129.01 129.02 129.00 128.96 129.02 129.03 128.99 128.96 128.94 128.86 128.56 127.82 127.40 127.63 128.90 128.80 127.39 127.41 128.37 127.66 127.75 127.26 127.75 128.06 127.72 127.79 128.17 128.59 128.75 128.85 128.93 128.91 128.95 128.95 128.94 128.90 128.85 128.76 128.50 128.28 128.04 127.99 128.13 127.97 128.62 127.48 128.06 128.23 128.02 128.48 128.62 128.52 128.69 128.78
128.76 128.78 128.84 128.94 128.77 127.94 128.24 128.13 127.82 127.86 127.94 128.93 127.91 128.01 127.73 127.79 128.28 128.58 128.29 128.18 128.89 128.21 128.25 128.24 127.69 128.17 128.35 128.34 128.30 127.73 127.34 128.73 128.59 128.65 128.62 128.41 128.49 128.15 128.00 128.03 127.89 128.32 128.48 128.57 128.63 128.46 128.15 128.11 128.68 128.92 128.93 128.96 128.89 128.88 128.75 128.34 128.25 128.27 128.11 128.03 128.47 128.92 128.66 128.30 128.77 128.91 128.88 128.36 128.37 127.30 128.82 128.50 128.43 128.82 128.57 129.00 129.01 128.99 128.82 129.01 129.02 128.77 128.34 128.39 128.54 128.36 128.40 128.23 128.18 128.41 128.46 128.52 128.32 128.10 128.11 128.07 128.08 128.16 128.45 128.16 127.97 128.07 128.07 128.13 128.12 128.54 128.58 128.69 128.78 128.86 128.92 128.97 129.01 128.99 129.00 128.94 128.98 128.98 129.01 128.95 128.91 128.98 129.01 128.92 128.79 128.80 128.78 128.79 128.78 128.59 128.95 129.00 129.00 128.95 129.01 129.00 128.97 128.87 127.68 128.43 128.94 128.98 127.82 127.96 128.34 128.20 127.93 127.76 127.73 128.02 128.37 128.49 128.57 128.40 128.63 128.55 128.82 128.52 127.97 128.15 128.86 128.91 128.87 128.72 128.45 128.24 128.06 128.05 128.13 128.05 127.80 127.69 128.06 128.12 128.73 128.10 128.12 128.21 128.42 128.71
128.81 128.82 128.88 128.89 128.59 128.55 128.50 128.21 128.07 128.43 128.40 128.31 128.20 128.29 128.05 128.22 128.55 128.50 128.49 128.43 128.05 127.51 127.52 128.88 127.49 128.18 128.43 128.43 128.41 128.21 128.05 128.65 128.63 128.54 128.61 128.41 128.22 128.01 127.72 127.62 127.71 127.62 127.58 127.76 128.34 128.11 127.99 128.27 128.65 128.80 128.92 128.93 128.93 128.69 128.37 127.76 128.04 127.70 127.95 128.95 128.34 128.94 128.85 128.83 128.40 128.35 128.23 128.22 128.24 128.23 128.23 128.64 127.93 128.52 128.90 128.59 128.70 129.01 128.98 128.94 128.68 128.50 128.59 128.57 128.50 128.40 128.40 128.21 128.29 128.07 128.27 128.41 128.57 128.35 128.41 128.64 129.00 128.42 128.39 128.46 128.44 128.39 127.96 128.08 127.97 128.17 128.68 128.74 128.86 128.95 129.00 129.02 129.02 128.98 128.98 128.89 128.81 128.72 128.67 128.45 128.31 128.27 128.22 128.23 128.30 128.21 128.28 128.28 128.23 128.48 128.72 128.81 128.89 128.99 128.97 129.00 128.47 128.94 128.87 128.69 128.57 128.44 128.52 128.53 127.65 128.02 128.12 128.10 128.37 128.57 128.79 128.79 128.82 128.93 128.50 128.64 128.77 127.89 128.03 128.91 128.77 128.65 128.53 128.54 128.27 128.16 128.29 128.43 128.60 128.45 128.42 127.96 128.47 128.22 128.07 128.14 128.32 128.59 128.62 128.77
128.84 128.62 128.66 128.91 129.01 128.14 128.67 128.74 128.73 128.61 128.67 128.34 128.17 128.46 128.45 128.44 128.23 128.49 128.42 128.49 128.39 127.87 127.58 128.47 128.14 128.35 128.94 128.33 128.47 128.33 128.56 128.49 128.48 128.53 128.53 128.51 128.47 127.86 127.60 127.56 127.46 127.58 127.98 128.14 128.33 128.43 128.55 128.52 128.88 128.97 128.28 128.33 128.55 128.38 128.45 128.79 128.68 128.18 128.11 128.74 128.26 128.93 128.85 128.74 128.27 128.19 128.22 128.21 128.21 128.20 128.20 128.25 128.54 128.85 128.94 128.87 128.99 129.01 128.80 128.91 128.97 128.91 128.85 128.73 128.60 128.98 128.62 128.42 128.52 128.54 128.33 128.28 128.19 128.53 128.12 128.01 128.26 128.33 128.41 128.31 128.43 128.50 128.18 127.59 128.56 128.38 128.54 128.75 128.82 128.88 129.02 129.02 128.95 128.82 128.72 128.51 128.31 128.22 128.43 128.94 129.43 129.85 130.05 130.13 130.16 129.69 129.54 129.61 129.62 129.50 128.69 128.44 128.43 128.27 128.97 128.87 128.87 129.00 128.70 128.71 128.81 128.51 128.56 128.30 128.40 128.81 128.31 128.31 128.37 128.19 128.42 128.66 128.87 128.94 129.01 128.81 128.74 127.69 128.91 128.72 128.83 128.84 128.85 128.65 128.46 128.43 128.19 128.45 128.00 128.43 128.58 128.10 127.64 127.64 128.12 128.56 128.61 128.68 128.81 128.83
128.79 128.70 128.47 128.54 128.87 128.77 128.69 128.18 128.82 128.55 128.29 128.47 128.37 128.55 128.44 128.36 128.42 127.90 128.31 128.37 128.21 127.91 127.52 127.36 127.08 128.15 127.87 128.20 128.43 128.44 128.34 128.50 128.27 128.13 128.35 128.11 128.16 128.04 127.80 127.13 127.10 126.95 127.29 128.18 128.33 128.47 128.55 128.28 128.89 129.01 128.20 128.20 127.82 127.58 128.34 128.96 129.01 129.01 128.54 128.09 128.00 128.16 128.83 128.27 128.19 128.24 128.24 128.21 128.21 128.21 128.21 128.30 128.54 128.49 128.35 128.20 128.98 129.00 128.87 128.89 128.95 128.91 128.69 128.56 128.40 128.68 128.23 128.35 128.52 128.49 128.47 128.51 128.59 128.64 128.45 128.14 128.25 128.32 128.38 128.07 128.50 128.31 128.07 128.41 128.32 128.43 128.67 128.84 128.94 128.96 128.97 128.95 128.90 128.61 128.38 128.21 128.44 129.00 129.67 130.51 130.81 131.23 131.39 131.56 131.58 131.61 131.41 131.42 131.28 131.06 131.40 130.78 128.53 128.41 128.50 128.74 128.92 128.46 127.72 128.95 128.76 128.35 128.85 128.21 127.85 128.06 128.35 128.74 128.57 128.62 128.85 128.86 128.79 128.73 128.30 128.73 128.74 128.81 128.78 128.81 128.78 128.45 128.56 128.80 128.77 128.64 128.27 128.75 128.50 128.72 128.48 128.18 128.49 128.04 128.14 128.37 128.46 128.64 128.69 128.78
128.18 128.38 128.27 128.57 128.97 129.02 129.03 128.72 128.75 128.02 128.37 128.03 128.00 127.88 128.14 127.98 127.92 127.96 127.33 127.55 127.84 128.07 127.40 127.26 127.85 127.66 127.98 128.42 128.41 128.40 128.25 128.44 128.17 127.11 127.10 127.22 127.53 127.52 127.57 127.11 126.94 127.01 127.16 127.92 128.22 128.36 128.39 128.39 128.33 128.25 128.10 127.83 127.42 127.25 127.49 127.88 128.68 128.73 128.26 128.09 129.00 128.96 128.88 128.67 128.24 128.24 128.20 128.20 128.20 128.20 128.20 128.24 128.40 129.01 128.76 128.84 128.76 128.90 128.84 128.89 128.87 128.86 128.73 128.50 128.48 128.18 128.30 129.02 128.69 128.51 128.31 128.47 128.84 128.82 128.51 128.26 127.83 128.60 128.12 128.11 128.09 128.10 128.33 128.58 128.64 128.40 128.36 128.85 128.94 128.96 128.95 128.99 128.68 128.30 128.41 128.99 129.69 130.17 130.86 131.29 131.92 132.27 131.92 131.89 130.98 131.53 131.62 131.73 131.60 131.55 131.58 131.59 131.33 130.77 129.27 128.42 128.80 128.85 128.99 128.99 129.03 128.79 128.12 128.54 128.65 127.94 128.48 128.30 128.66 128.75 128.27 128.63 128.62 128.59 128.49 128.76 128.64 128.51 128.25 128.26 127.24 127.93 128.54 128.40 128.20 128.60 128.83 128.90 128.61 128.95 128.91 128.76 128.73 128.40 128.06 127.71 127.88 128.07 128.36 128.48
128.00 128.40 128.22 128.18 128.66 128.96 128.59 128.22 128.61 128.30 128.05 128.14 127.26 128.41 127.44 127.65 126.90 127.12 127.81 127.63 128.05 127.51 127.83 128.10 128.06 128.36 127.90 128.20 128.35 128.33 128.34 128.33 128.38 127.70 127.52 127.65 127.90 127.95 127.93 127.67 127.28 127.17 127.49 127.59 127.47 128.03 128.04 128.11 127.94 127.97 127.68 127.53 127.21 127.21 127.13 127.45 127.75 127.70 128.18 128.53 127.77 128.97 128.79 128.87 128.92 128.22 128.23 128.22 128.20 128.23 128.21 128.20 128.30 128.86 128.94 128.96 128.89 128.86 128.75 128.38 128.83 128.69 128.62 128.59 128.34 128.38 128.19 128.39 128.62 128.54 128.61 128.62 128.92 128.59 128.43 127.85 128.13 128.01 128.25 128.68 128.11 127.82 128.03 128.30 128.88 128.89 128.65 128.84 128.99 128.99 128.93 128.99 128.82 128.50 129.63 130.94 131.41 132.13 132.48 131.88 131.45 131.72 132.06 131.97 131.59 131.28 131.05 131.45 131.64 131.52 131.54 131.34 131.35 131.26 130.66 129.54 128.58 128.49 128.88 129.00 129.02 129.02 128.79 128.55 128.90 128.89 128.53 128.79 128.75 128.75 128.76 128.34 128.19 128.49 128.17 128.41 128.44 127.97 127.66 128.25 128.79 128.86 128.21 128.14 128.51 128.87 128.79 128.89 128.96 128.92 128.89 128.85 128.29 128.28 128.06 128.47 128.23 128.11 128.40 128.31
128.43 128.49 128.37 128.42 128.61 128.58 128.67 128.68 128.76 128.14 127.92 128.38 127.94 127.77 127.84 127.85 128.59 127.78 128.12 128.22 128.02 128.25 128.63 127.93 128.24 128.42 128.30 128.19 128.20 128.16 128.04 128.13 128.06 127.88 127.88 127.85 127.87 127.90 127.99 127.99 127.69 127.60 127.76 127.67 127.63 127.82 127.83 127.64 127.47 127.30 127.22 127.22 127.17 126.72 126.54 127.60 127.97 128.09 128.41 128.62 128.81 128.80 128.95 128.97 128.68 128.47 128.25 128.77 128.66 128.34 128.26 128.18 128.60 128.83 128.97 128.90 128.79 128.76 128.73 128.99 128.50 128.66 128.45 128.41 128.36 128.28 128.27 128.65 128.64 128.57 128.48 128.55 128.66 128.54 128.37 128.44 128.16 128.18 128.14 128.69 127.41 128.01 128.19 128.24 128.71 128.24 128.69 128.83 128.94 128.95 128.99 128.97 128.81 128.71 130.99 131.50 132.39 132.49 131.95 132.31 132.13 132.35 132.19 132.18 131.97 132.32 132.40 131.55 131.42 131.88 131.52 131.41 131.41 131.27 130.64 130.27 129.00 128.26 128.76 128.93 129.02 128.99 127.82 128.89 128.92 128.75 128.85 128.66 128.50 128.78 128.55 128.37 128.55 128.37 128.43 128.15 127.95 128.03 127.55 126.87 127.94 127.83 128.29 128.88 128.91 128.88 128.55 128.94 128.65 128.69 128.87 128.81 128.28 128.31 128.27 127.64 127.69 128.21 128.36 128.29
128.80 128.23 128.87 128.60 128.79 128.57 128.65 128.62 128.44 128.23 127.91 127.96 127.80 127.61 127.93 127.96 128.28 128.34 128.23 128.20 127.76 127.97 128.14 128.15 127.89 128.20 128.29 128.29 127.70 127.97 127.84 128.08 128.11 127.65 127.79 127.78 127.80 127.90 128.06 128.14 127.59 127.37 126.37 126.43 127.24 127.62 127.48 127.25 127.28 127.02 126.91 126.93 126.83 126.93 126.97 127.68 127.77 127.88 128.02 128.35 128.35 128.43 128.73 128.40 128.94 128.93 128.71 128.58 128.46 128.37 128.49 128.52 128.89 128.83 128.91 128.87 128.81 128.91 128.83 128.89 128.76 128.86 128.42 128.58 128.47 128.47 128.35 128.68 128.66 128.47 128.40 128.52 128.57 128.51 128.48 128.29 128.41 128.27 128.51 128.14 128.08 128.18 128.05 127.68 127.74 128.04 128.62 128.86 128.77 128.85 128.95 128.91 128.63 129.34 131.32 132.17 132.15 131.91 132.13 132.45 132.25 132.25 132.02 132.31 132.25 131.61 131.77 131.69 131.95 131.68 131.49 131.45 131.23 130.88 129.79 129.66 129.04 128.22 128.63 128.78 128.93 128.89 129.02 129.03 128.98 128.89 128.83 128.71 128.70 128.97 128.87 128.77 128.72 128.46 128.41 128.16 127.90 127.89 127.96 127.98 127.78 127.89 128.47 128.95 129.00 128.94 128.92 128.87 128.64 128.78 128.76 128.84 127.79 128.46 128.49 128.93 128.22 128.42 128.65 128.61
128.89 128.85 128.86 129.00 128.94 128.50 128.58 128.49 128.88 128.93 128.88 128.98 128.56 128.00 128.23 128.10 127.72 127.96 127.66 128.01 127.68 128.18 128.14 128.13 127.96 127.16 127.67 127.85 128.06 127.63 127.50 127.76 127.59 127.60 127.37 127.66 127.73 127.89 127.91 125.84 125.51 125.33 123.41 123.13 123.22 125.68 125.67 125.68 126.47 126.84 126.55 126.92 126.68 126.86 126.83 126.90 127.00 127.50 128.25 128.15 127.85 127.33 128.52 128.83 128.85 128.94 128.99 128.89 128.68 128.63 128.67 128.90 128.83 128.98 129.00 129.02 128.97 128.76 128.95 128.70 128.86 128.79 128.55 128.56 128.42 128.43 128.45 128.72 128.73 128.63 128.44 128.57 128.38 128.42 128.50 128.10 127.96 128.38 128.35 128.25 127.96 128.01 127.60 127.37 128.72 128.15 128.48 128.81 128.84 128.87 128.94 129.02 128.66 129.39 130.95 132.19 132.17 131.55 132.31 132.34 132.32 132.17 132.39 132.50 132.15 131.60 131.93 132.02 131.80 131.95 131.70 131.41 130.65 129.99 129.66 129.37 128.71 128.23 128.39 128.75 128.56 128.94 128.89 129.02 128.41 128.60 128.84 128.90 128.92 128.90 128.85 128.79 128.82 128.41 128.29 128.24 128.03 128.35 128.34 128.15 128.09 128.05 128.56 128.82 128.89 128.83 128.87 128.82 128.29 128.64 128.64 128.05 127.97 128.57 128.50 128.49 128.61 128.75 128.86 128.65
128.77 128.88 128.70 128.43 128.96 128.35 128.74 128.65 128.07 128.41 129.01 128.99 128.28 127.99 128.50 128.27 128.48 128.06 128.28 128.35 128.48 127.84 128.49 128.49 128.26 128.27 128.06 127.82 127.96 127.85 127.72 125.83 126.96 127.38 127.38 127.55 127.68 127.65 126.92 126.78 126.17 124.83 124.47 124.57 124.96 125.10 124.99 125.27 124.64 125.80 126.55 126.58 126.62 126.72 126.89 126.93 127.16 127.48 127.57 128.03 128.04 128.18 127.79 128.00 128.55 128.05 128.89 128.79 128.88 128.82 128.88 128.89 128.99 129.02 129.03 129.01 129.00 128.94 128.87 128.87 128.85 128.81 128.68 128.62 128.60 128.42 128.68 128.80 128.64 128.59 128.76 128.79 128.73 128.40 128.49 128.28 128.29 128.25 128.22 128.51 128.01 128.14 127.84 127.95 127.87 127.83 128.43 128.76 128.89 128.91 128.90 128.95 128.59 128.51 130.73 132.26 132.47 132.36 131.98 132.24 132.50 132.38 132.47 132.50 132.24 131.92 132.26 132.01 132.13 131.77 131.49 130.91 130.15 129.75 129.19 128.87 128.65 128.43 128.44 128.91 128.98 128.74 128.91 128.81 128.84 128.95 128.74 128.94 128.46 128.87 128.90 128.91 128.81 128.70 128.43 128.62 128.43 128.19 128.63 128.53 128.29 128.18 128.20 128.37 128.65 128.73 128.95 128.87 128.67 128.63 128.75 128.62 128.84 128.77 128.79 128.60 128.70 128.84 128.91 128.96
128.96 128.86 128.89 128.64 129.02 129.00 128.86 128.27 127.82 127.22 126.93 127.82 127.73 128.49 128.77 128.75 128.75 128.75 128.63 128.56 128.55 128.53 128.24 128.43 128.15 127.81 127.89 127.46 127.34 127.84 127.73 126.85 127.00 126.38 127.10 126.18 126.78 124.79 124.92 126.73 124.74 123.90 125.30 125.33 125.23 125.18 125.40 126.14 125.51 125.48 125.26 125.90 126.53 127.02 127.03 127.17 127.07 127.63 127.75 127.58 127.58 128.26 128.26 128.55 128.78 128.61 128.92 129.00 128.25 128.93 129.00 129.00 129.02 128.98 128.99 129.00 128.97 128.96 128.95 128.87 128.73 128.63 128.41 129.02 128.66 128.50 128.50 128.43 128.73 128.61 128.70 128.80 128.77 128.63 128.28 128.51 128.22 128.16 128.47 128.42 127.96 127.93 127.80 127.96 128.13 128.09 128.99 128.52 128.84 128.91 128.89 128.91 128.94 128.65 129.42 131.84 132.50 132.71 132.87 132.28 132.34 132.37 131.97 132.47 132.03 132.11 131.94 132.03 131.98 131.86 131.66 130.58 129.61 129.23 128.76 128.52 128.20 128.41 128.70 128.94 128.89 129.00 128.77 128.80 128.70 128.78 128.94 128.95 128.93 128.85 128.94 128.88 128.83 128.79 128.68 128.71 128.82 128.72 128.63 128.10 128.38 128.31 127.96 127.94 128.53 128.65 128.91 128.72 128.74 128.82 128.90 128.89 128.87 128.86 128.74 128.60 128.97 129.01 128.97 129.03
128.94 129.02 128.87 128.40 128.83 128.38 128.23 128.45 127.91 127.22 127.09 127.88 128.47 128.60 128.72 128.66 128.75 127.54 128.58 128.53 128.48 128.30 128.27 128.14 127.68 127.91 127.73 127.60 127.08 127.23 126.92 126.78 126.87 126.59 126.72 126.89 126.18 124.67 124.78 124.73 124.15 125.26 126.01 125.89 125.57 125.84 125.65 125.74 126.02 126.07 125.88 124.99 125.82 126.89 127.24 127.44 127.44 127.47 127.49 127.59 127.77 127.94 127.93 128.76 128.73 128.30 128.50 128.76 128.70 128.99 128.93 128.79 128.98 128.86 128.93 128.98 128.98 128.98 128.97 128.94 128.76 128.55 128.68 128.56 128.63 128.38 128.28 128.42 128.52 128.58 128.62 128.75 128.69 128.37 128.40 128.38 128.57 128.65 128.23 128.11 128.13 127.62 127.75 128.07 128.25 128.21 128.26 128.57 128.82 128.85 128.83 128.81 128.95 129.00 128.28 129.45 132.23 132.54 132.78 132.82 132.31 132.30 132.66 132.72 131.99 132.08 132.03 131.89 131.97 131.78 130.94 129.11 128.58 128.50 128.31 128.20 128.30 128.42 128.48 128.53 128.79 128.94 128.39 128.77 128.61 128.72 128.81 128.86 128.92 128.95 128.89 128.77 128.31 128.30 128.39 128.62 128.40 128.23 128.50 128.66 128.49 128.23 128.52 128.70 128.60 128.60 128.48 128.66 128.62 128.28 128.85 128.95 128.80 128.77 128.87 128.90 129.03 129.02 128.90 128.52
128.98 129.00 128.40 128.28 128.43 127.69 128.06 127.22 127.26 127.79 127.75 127.98 128.53 128.64 128.79 128.59 128.76 128.77 128.54 128.53 127.90 128.32 128.26 128.23 127.96 127.71 127.72 127.54 127.32 127.04 126.88 126.04 126.44 126.21 125.86 126.05 125.35 124.31 124.15 123.42 123.69 125.30 126.21 125.79 126.54 125.88 126.80 126.88 126.62 126.66 126.05 125.08 124.23 125.96 126.87 127.43 127.40 127.48 127.53 127.53 127.88 128.26 128.10 128.74 128.79 128.83 128.81 128.80 128.76 128.65 128.78 128.88 128.84 128.86 128.92 128.88 128.99 128.96 128.94 128.97 128.88 128.76 128.83 128.69 128.64 128.55 128.51 128.42 128.42 128.49 128.53 128.28 128.47 128.60 128.43 128.53 128.35 128.55 128.32 127.87 128.02 127.86 127.63 127.83 128.07 128.18 128.18 128.12 128.65 128.83 128.74 128.71 128.57 128.75 129.01 128.43 130.29 131.73 132.35 132.66 132.64 132.83 132.09 131.94 132.14 132.13 131.87 131.83 130.90 129.84 129.29 128.43 128.29 128.34 128.37 128.38 128.41 128.36 128.64 128.72 128.94 128.95 128.77 128.70 128.59 128.55 128.68 128.65 128.73 128.82 128.80 128.62 128.52 128.35 127.89 127.80 127.90 127.87 128.43 128.11 128.40 128.61 128.25 128.48 128.38 128.33 128.61 128.71 128.83 128.58 128.66 128.88 128.50 128.83 128.84 128.92 128.97 128.89 128.72 128.67
128.96 128.56 128.46 128.40 127.85 127.92 127.44 127.85 127.97 127.84 128.01 128.04 128.37 128.58 128.77 128.76 128.76 128.39 128.31 128.54 128.21 128.26 128.19 128.13 127.95 127.89 127.69 127.50 127.19 126.87 126.58 126.40 126.34 125.72 125.55 126.12 125.23 124.09 124.25 123.39 124.45 125.33 125.74 126.35 126.59 126.82 126.84 127.06 127.05 127.17 126.24 125.07 125.49 125.61 125.77 125.74 127.10 127.62 127.64 127.94 128.28 128.57 128.73 128.77 128.85 128.83 128.86 128.92 128.89 128.86 128.90 128.98 128.87 128.74 128.76 128.84 128.89 128.93 128.99 128.97 128.92 128.89 128.85 128.88 128.78 128.57 128.36 128.24 128.41 128.45 128.44 128.51 128.30 128.48 128.53 128.46 128.51 128.42 128.39 128.04 128.01 128.41 128.15 127.99 128.22 128.37 128.43 128.20 128.64 128.79 128.90 128.70 128.91 128.87 128.93 128.94 128.41 128.36 128.69 131.31 132.03 132.51 131.76 132.02 131.85 131.95 131.54 130.97 128.68 128.28 128.39 128.25 128.46 128.49 128.55 128.83 128.86 128.66 128.70 128.91 128.95 128.77 128.81 128.63 128.66 128.41 128.52 128.51 128.52 128.59 128.67 128.52 128.36 128.36 128.06 128.00 128.50 127.82 127.66 127.49 128.48 128.71 128.85 128.57 128.69 128.77 128.84 128.81 128.83 128.73 128.66 128.79 128.60 128.78 128.77 128.62 128.77 128.86 128.84 128.80
128.96 128.56 127.41 128.39 127.84 127.68 128.14 127.74 128.07 127.91 127.91 128.10 128.56 128.69 128.76 128.73 128.71 127.83 128.60 128.57 128.40 128.20 128.18 128.08 128.00 127.85 127.69 127.40 127.07 126.78 126.51 126.16 125.94 125.89 125.84 125.01 125.06 124.54 123.05 122.08 124.35 125.49 125.94 126.27 126.62 126.91 127.09 127.22 127.32 127.32 127.28 127.14 126.45 126.47 126.38 125.64 125.95 126.48 127.60 127.89 128.33 128.78 128.85 128.82 128.70 128.84 128.75 128.83 128.93 128.92 128.95 128.97 128.97 128.81 128.93 129.01 128.95 128.93 128.98 129.01 129.00 129.01 128.94 128.97 128.69 128.66 128.55 128.39 128.29 128.43 128.44 128.52 128.61 128.56 128.53 128.47 128.50 128.13 128.42 128.13 128.52 128.56 128.33 128.32 128.53 128.62 128.67 128.60 128.16 128.77 128.58 128.89 128.92 128.96 128.68 128.77 128.88 128.87 128.48 128.46 128.42 128.30 129.10 130.77 129.71 129.94 128.74 129.15 128.29 128.59 128.81 128.95 128.75 128.66 128.80 128.98 128.93 128.92 128.97 129.00 128.99 128.88 128.74 128.65 128.62 128.51 128.49 128.55 128.55 128.58 128.61 128.44 128.42 128.05 128.24 127.87 127.42 127.66 128.29 127.42 128.30 128.64 128.76 128.42 128.78 128.18 128.75 128.84 128.71 128.62 128.75 128.66 128.51 128.60 128.59 128.77 128.67 128.77 128.84 128.92
128.80 128.52 128.46 128.40 127.94 127.83 128.33 127.54 127.96 128.26 128.18 128.46 128.44 128.56 128.77 128.62 128.77 128.16 128.59 128.14 128.16 128.18 128.07 128.05 127.87 127.76 127.62 127.49 127.03 126.70 126.34 126.00 125.57 125.59 125.40 125.58 125.80 124.32 124.03 122.32 124.61 125.53 125.92 126.35 126.71 127.00 127.21 127.35 127.44 127.59 127.58 127.65 127.41 126.82 126.82 126.93 127.22 127.21 127.13 127.14 126.93 128.37 128.87 128.88 128.86 128.87 128.92 128.93 128.90 128.85 128.87 128.89 128.84 128.89 128.99 128.91 129.00 129.01 129.03 129.02 129.03 129.03 129.02 128.95 128.90 128.74 128.80 128.81 128.56 128.47 128.43 128.58 128.59 128.27 128.40 128.51 128.52 128.29 128.29 128.28 128.51 128.64 128.28 128.47 128.65 128.56 128.71 128.30 127.96 128.18 128.66 128.71 128.87 128.74 128.74 128.78 128.72 128.93 128.96 128.85 128.72 128.64 128.51 128.44 128.38 128.24 128.59 128.34 128.28 128.62 128.96 128.73 128.80 128.84 129.02 129.00 127.99 128.98 128.99 128.39 128.79 128.57 128.51 128.51 128.54 128.55 128.55 128.56 128.49 128.46 128.44 128.23 127.81 127.70 127.58 127.85 128.36 127.51 127.60 128.19 127.89 128.28 128.65 128.64 128.89 128.30 128.79 128.61 128.77 128.85 128.81 128.70 128.40 128.21 128.26 128.56 128.57 128.61 128.83 128.86
128.83 128.39 128.65 128.45 128.38 128.36 128.47 128.73 128.32 128.58 128.43 128.82 128.82 128.78 128.84 128.72 128.74 128.46 128.15 128.52 128.21 128.10 128.05 127.93 127.80 127.60 127.45 127.29 126.90 126.43 126.06 125.74 125.46 125.26 125.18 124.45 124.88 125.27 124.01 124.39 124.88 125.46 125.99 126.37 126.61 126.88 127.06 127.30 127.45 127.47 127.64 127.69 127.43 127.06 126.17 126.91 127.22 127.39 127.40 127.27 126.55 127.77 128.73 128.77 128.84 128.85 128.85 128.52 128.68 128.77 128.81 128.83 128.93 128.85 128.74 128.99 129.00 129.00 128.88 129.02 129.02 129.00 128.86 129.02 128.94 128.91 128.94 128.94 128.92 128.53 128.77 128.68 128.82 128.22 128.55 128.51 128.52 128.17 127.88 128.48 128.49 128.40 128.47 128.50 128.38 128.06 128.40 127.86 127.67 128.02 128.27 128.37 128.65 128.54 128.81 128.94 128.88 129.02 128.97 128.89 128.79 128.87 128.91 128.54 128.83 128.36 128.50 128.88 128.94 129.02 128.94 129.03 129.02 129.00 129.02 128.71 128.67 128.87 128.24 128.61 128.51 128.35 128.23 128.28 128.36 128.41 128.60 128.46 128.42 128.32 128.27 128.09 127.75 127.37 127.52 127.78 128.10 127.74 127.24 127.67 127.58 127.96 128.33 128.66 128.40 128.43 128.75 128.41 128.65 128.73 128.75 128.48 128.22 128.59 128.69 128.54 128.64 128.88 128.97 128.84
128.78 128.83 128.48 128.49 128.42 128.50 128.67 128.77 128.83 128.90 128.89 128.87 128.93 128.97 128.85 128.93 127.96 128.19 128.57 128.26 128.25 128.01 128.00 127.90 127.73 127.46 127.23 126.88 126.49 126.09 125.72 125.30 125.08 124.95 125.01 124.93 124.04 124.45 123.94 124.25 124.81 125.43 125.81 126.10 126.37 126.60 126.86 127.10 127.36 127.50 127.76 127.75 127.74 127.41 126.68 126.87 127.19 127.21 127.18 126.84 126.15 127.96 128.64 128.68 128.47 128.62 128.78 128.54 128.79 128.77 128.66 128.91 128.97 129.00 128.91 128.83 129.02 129.00 128.98 128.98 128.98 129.00 129.00 128.87 129.01 128.99 129.01 129.03 129.00 128.39 128.82 128.69 128.85 128.82 128.88 128.58 128.51 129.01 128.33 128.12 128.27 128.09 127.89 127.76 128.02 128.38 127.73 127.68 127.39 127.95 128.18 128.55 128.46 128.18 128.15 128.37 128.78 128.90 128.94 129.02 128.91 128.95 128.89 128.82 128.82 128.55 128.85 128.94 129.02 129.01 128.91 128.91 128.96 128.99 128.67 128.25 127.70 127.86 128.19 128.46 128.29 128.13 127.85 127.99 128.27 128.36 128.42 128.49 128.28 128.23 128.17 128.10 128.27 128.14 128.20 127.72 128.15 127.74 127.39 127.71 127.35 128.12 128.31 128.51 128.51 128.64 128.58 128.66 128.63 128.91 128.61 129.02 128.60 128.67 128.73 128.69 128.56 128.92 129.00 128.84
128.72 128.78 128.50 128.50 128.48 128.49 128.70 129.01 128.88 128.88 128.80 128.85 128.90 128.79 128.87 128.92 128.71 128.46 128.48 128.30 128.14 127.98 127.92 127.78 127.59 127.38 126.98 126.50 125.95 125.50 125.15 124.76 124.53 124.49 124.64 124.12 124.31 123.54 123.72 124.28 124.71 125.16 125.45 125.74 126.06 126.30 126.63 126.86 127.12 127.33 127.47 127.67 127.71 127.34 126.87 127.15 126.78 127.07 126.77 126.42 126.50 126.86 128.55 128.53 128.59 128.50 128.74 128.81 128.78 128.80 128.81 128.84 128.95 129.02 128.87 128.71 128.92 128.99 128.93 128.90 128.95 128.97 128.98 128.90 128.96 128.89 129.02 129.03 129.00 128.86 128.75 128.86 128.93 128.91 128.71 128.65 128.53 128.26 128.22 128.36 128.44 128.52 127.68 128.01 128.24 128.15 128.34 127.48 127.39 127.82 128.18 127.89 128.29 128.30 128.37 128.57 128.64 128.81 128.93 129.02 129.02 128.97 128.78 128.83 129.01 128.94 128.83 128.71 128.89 128.90 128.87 128.79 128.98 128.68 128.38 128.14 127.14 127.28 128.05 127.94 128.14 128.13 127.81 127.51 128.30 128.40 128.41 128.44 128.43 128.25 128.03 127.80 127.52 127.81 128.45 127.82 127.98 127.92 127.48 128.12 128.01 128.17 128.06 128.05 128.54 128.64 128.79 128.65 128.45 128.93 128.98 128.82 128.87 128.98 128.93 128.67 128.40 128.77 128.77 128.60
128.15 128.41 128.41 128.27 128.54 128.72 128.88 128.97 128.99 129.00 128.92 128.84 128.90 128.88 128.97 128.86 128.65 128.69 128.34 128.30 128.14 127.93 127.79 127.54 127.36 127.10 126.71 125.99 125.10 124.60 124.29 124.13 123.98 124.11 124.34 122.66 123.97 123.43 123.59 123.92 124.13 124.54 124.87 125.18 125.57 125.94 126.32 126.59 126.92 127.13 127.27 127.38 127.53 127.47 127.06 126.66 126.64 126.63 126.76 126.65 126.29 127.65 128.37 128.32 128.48 128.61 128.84 128.84 128.87 128.78 128.85 128.95 129.02 128.94 128.56 128.54 128.60 128.97 128.83 128.87 128.68 128.90 128.92 128.95 128.83 128.74 129.01 129.02 129.00 129.03 129.00 128.95 128.97 128.93 128.71 128.71 128.49 128.45 128.61 128.04 128.36 128.43 127.86 128.18 127.80 128.11 127.47 127.30 127.78 127.81 127.63 127.98 127.97 128.15 128.25 128.37 128.43 128.39 128.44 128.97 129.02 128.99 129.02 129.02 128.93 128.99 128.81 128.82 128.86 128.80 128.76 128.41 128.27 128.43 128.24 127.98 127.56 127.41 127.81 128.00 128.25 128.28 128.45 128.45 128.33 128.37 128.40 128.41 128.31 128.22 128.34 127.86 127.58 127.67 128.05 128.17 128.08 128.23 127.80 128.17 128.26 128.10 128.00 127.93 128.38 128.40 128.33 128.27 128.75 128.95 129.02 129.02 129.02 128.97 129.02 129.01 129.00 128.95 128.91 128.18
128.20 128.19 128.29 128.59 128.61 128.77 129.02 128.96 129.03 129.02 129.00 128.92 128.93 128.62 128.94 129.03 128.82 128.81 128.57 128.26 128.12 127.93 127.57 127.27 127.06 126.76 126.25 125.09 124.10 123.48 123.38 123.46 123.65 123.82 123.48 122.79 123.22 123.45 123.31 123.19 123.33 123.78 124.23 124.56 125.11 125.54 125.94 126.24 126.59 126.89 127.01 127.22 127.25 127.33 126.98 126.60 126.08 126.11 126.66 126.54 126.30 127.78 128.33 127.86 128.23 128.57 128.25 128.71 128.82 128.87 128.69 128.85 129.01 128.91 128.55 128.59 128.55 128.95 128.78 128.94 128.83 128.88 128.87 128.88 128.85 128.89 128.97 128.97 128.94 129.03 128.96 128.98 128.98 128.89 128.83 128.77 128.57 128.61 128.34 128.80 128.44 128.25 127.89 127.88 127.86 127.79 127.90 127.43 127.90 127.86 128.01 127.86 127.67 127.66 127.96 128.02 128.17 128.64 128.70 128.35 128.72 128.65 128.75 128.79 128.74 128.95 128.91 128.91 128.82 128.78 128.38 128.40 127.56 127.89 128.01 127.86 127.33 127.35 127.85 128.08 128.33 128.36 128.47 128.54 128.39 128.36 128.34 128.29 128.25 128.04 128.16 128.07 127.76 127.86 127.75 127.80 128.05 128.25 128.06 128.48 128.26 128.22 128.03 127.86 128.65 127.91 128.19 128.39 128.76 128.92 129.02 129.00 128.99 128.93 128.86 128.99 129.01 129.02 128.96 128.90
129.00 128.19 128.83 128.69 128.88 128.96 128.79 128.95 129.02 129.03 129.02 128.94 128.86 128.88 128.95 129.02 128.22 128.85 128.90 128.35 128.18 127.89 127.61 127.30 126.90 126.37 125.47 123.93 122.35 121.85 122.35 122.98 123.17 123.46 123.61 123.55 123.75 123.79 123.04 122.68 122.66 123.30 123.70 124.08 124.63 125.25 125.68 126.00 126.22 126.39 126.41 126.83 127.03 127.04 126.72 126.60 126.20 127.15 126.48 127.34 127.65 128.67 128.71 128.63 128.50 128.31 128.22 128.43 128.41 128.94 128.91 129.02 129.03 129.02 128.74 128.76 128.63 128.77 128.86 128.90 128.87 128.86 128.89 128.76 128.89 128.92 128.91 128.98 129.00 129.02 128.97 129.02 128.98 128.91 128.83 128.84 128.78 128.64 128.25 128.61 128.12 128.21 128.09 127.77 127.88 127.63 127.76 127.73 127.59 127.66 128.02 127.59 127.43 127.41 127.50 127.17 128.02 128.63 128.65 128.67 128.33 128.67 128.66 128.58 128.73 128.85 128.74 128.91 128.63 128.36 128.21 127.45 127.36 127.41 127.67 127.55 127.31 127.49 127.55 127.94 128.22 128.41 128.38 128.40 128.49 128.41 128.25 128.32 128.06 128.15 128.05 128.21 127.69 127.41 128.26 128.40 127.85 128.35 128.42 128.23 128.28 128.18 127.88 128.08 128.45 128.55 128.45 128.48 128.67 129.02 128.95 128.57 128.79 128.85 128.91 128.77 128.89 128.61 128.85 128.92
128.97 129.00 128.91 128.77 128.90 129.01 128.99 128.86 128.94 128.87 128.97 128.99 128.98 129.02 129.01 129.02 128.88 128.86 128.78 128.55 128.30 127.96 127.65 127.30 126.79 126.12 125.06 122.90 120.41 119.88 121.25 122.47 122.85 122.96 123.05 123.81 123.55 123.51 122.86 122.57 122.63 123.97 123.18 123.74 124.33 124.89 125.43 125.76 126.02 126.20 126.26 127.02 126.43 127.44 128.49 128.60 128.42 127.53 128.85 128.80 128.32 127.84 127.76 127.99 128.36 128.34 128.71 128.71 128.56 128.39 128.63 129.02 129.02 128.98 128.94 128.74 128.82 128.63 128.51 128.81 128.85 128.84 128.86 128.86 128.95 128.93 128.86 128.96 129.01 128.91 128.99 129.02 129.03 128.98 128.99 128.93 128.85 128.69 128.59 128.59 128.56 128.33 128.02 127.83 127.64 128.02 127.68 127.66 127.54 127.47 127.48 127.64 127.26 127.62 127.52 127.72 127.75 128.43 128.56 128.44 128.51 128.64 128.58 128.57 128.36 128.69 128.74 128.75 128.62 128.47 127.62 127.38 127.09 127.55 127.47 127.67 127.28 127.45 128.05 128.09 128.49 128.40 128.50 128.44 128.49 128.44 128.14 128.00 127.95 128.00 127.97 127.78 128.09 127.71 128.44 128.43 128.02 128.01 128.32 128.41 128.19 128.26 127.96 127.84 128.13 128.80 128.83 128.90 129.01 128.95 128.84 128.70 128.65 128.71 128.74 128.65 128.56 128.71 128.57 128.72
128.59 128.78 128.55 128.53 128.97 129.02 128.97 128.81 128.93 128.91 128.98 128.99 128.99 128.98 129.02 128.99 129.00 128.95 128.87 128.67 128.40 128.15 127.72 127.30 126.64 125.99 125.02 123.13 120.49 118.42 119.52 122.43 122.73 122.74 122.64 123.37 123.29 122.97 122.46 122.20 122.73 123.12 123.07 123.65 124.15 124.62 125.39 125.61 125.84 126.08 125.96 126.68 128.88 128.63 128.90 128.89 127.34 125.40 125.21 126.37 127.07 127.28 127.57 127.79 128.21 128.12 128.29 128.79 128.65 128.86 128.46 128.78 128.42 128.70 128.88 128.59 128.52 128.68 128.56 128.53 128.80 128.80 128.76 128.83 128.80 128.85 128.73 128.89 128.87 128.96 128.96 128.89 129.03 129.00 128.94 128.96 128.94 128.73 127.89 128.23 128.60 128.64 128.25 128.04 127.93 127.63 127.60 127.68 127.46 127.50 127.88 127.62 127.70 127.43 127.67 127.80 127.73 127.96 128.28 128.10 128.23 128.44 128.40 128.33 128.07 128.63 128.62 128.76 128.63 128.60 128.39 127.70 127.19 127.40 127.34 127.83 127.53 127.95 128.25 128.27 128.59 128.54 128.42 128.49 128.51 128.49 128.39 128.43 128.21 128.19 128.02 127.73 127.37 127.82 127.76 127.99 128.34 128.42 128.20 128.51 128.35 128.71 128.84 128.64 128.79 128.94 128.87 129.00 129.01 128.87 128.78 128.74 128.55 128.61 128.51 128.44 128.44 128.81 128.71 128.89
128.99 128.89 128.91 128.68 128.53 128.97 128.80 128.93 128.79 128.73 128.91 128.88 128.98 129.00 128.99 129.03 129.01 129.00 128.95 128.76 128.58 128.23 127.91 127.42 126.86 126.14 125.26 124.37 120.91 117.11 117.10 121.25 122.58 122.58 122.66 122.54 123.01 122.77 122.82 122.48 122.64 123.34 125.18 126.92 125.73 124.68 125.33 125.97 125.91 126.35 128.26 128.30 128.34 128.68 128.48 125.92 124.96 126.75 125.67 127.00 127.27 127.41 127.97 127.97 128.36 128.49 128.55 128.58 128.49 128.68 128.51 128.46 128.64 128.29 128.36 128.54 128.78 128.63 128.61 128.29 128.53 128.81 128.73 128.71 128.75 128.72 128.61 128.87 128.83 128.82 128.74 129.00 129.01 129.02 129.01 128.93 128.97 128.87 128.48 128.40 128.63 128.38 128.15 128.29 128.26 127.88 127.62 127.96 128.77 128.96 127.72 127.93 127.84 127.92 127.89 127.76 127.78 127.85 128.09 128.15 128.11 127.97 128.15 127.98 127.95 128.07 128.31 128.59 128.62 128.63 128.38 128.02 127.22 127.99 127.98 127.46 128.23 128.44 127.95 128.33 128.59 128.62 128.72 128.58 128.59 128.43 128.37 128.66 128.59 128.27 127.61 127.81 127.38 128.07 128.42 128.30 128.47 128.74 128.48 128.56 128.89 128.96 128.82 129.02 129.02 128.82 128.85 128.92 128.80 128.77 128.68 128.58 128.49 128.40 128.34 128.36 128.68 128.53 128.73 128.82
128.78 128.81 128.87 128.87 128.31 128.44 128.70 128.65 128.43 128.58 128.66 128.80 128.91 128.91 128.93 128.89 128.94 129.02 129.00 128.89 128.69 128.40 128.08 127.56 127.02 126.47 125.77 125.12 121.61 118.33 119.09 120.65 122.22 122.49 122.68 122.93 122.45 122.47 122.96 122.49 126.09 126.48 123.63 127.68 126.90 126.66 127.29 128.69 127.65 127.78 126.96 125.59 128.15 128.78 128.85 128.87 128.82 127.53 126.82 127.46 127.59 127.62 127.91 128.08 128.61 128.61 128.32 128.54 128.60 128.72 128.65 128.50 128.45 128.22 128.40 128.22 128.42 128.72 128.75 128.61 128.57 128.65 128.62 128.77 128.72 128.77 128.86 128.92 128.92 128.90 128.93 128.87 129.01 129.02 129.02 129.01 129.02 128.96 128.70 128.79 128.16 128.11 128.21 128.30 127.67 128.10 128.24 127.97 127.95 127.99 128.18 128.16 128.27 127.64 127.75 127.76 127.75 128.21 128.26 128.10 127.74 127.60 127.68 127.49 127.88 128.33 128.14 128.28 128.62 128.63 128.55 128.44 127.58 127.49 127.88 128.06 128.12 128.20 128.08 128.41 128.62 128.58 128.78 128.76 128.72 128.76 128.78 128.82 128.80 128.91 127.41 127.25 127.44 128.08 127.69 128.70 128.97 128.90 129.01 129.00 128.96 128.82 128.88 128.94 128.66 128.50 128.63 128.52 128.50 128.52 128.50 128.51 128.42 128.31 128.25 128.24 128.43 128.58 128.64 128.77
128.73 128.65 128.58 128.61 128.76 128.28 128.32 128.33 128.27 128.52 128.67 128.93 128.82 128.76 128.64 128.56 128.57 128.79 129.01 129.02 128.88 128.67 128.36 127.87 127.41 126.86 126.29 125.34 124.07 122.30 120.89 121.14 122.23 122.38 122.77 123.07 123.05 124.16 123.38 122.70 123.10 123.45 123.93 128.25 126.67 128.45 126.40 127.36 126.62 125.86 125.40 128.34 128.27 128.79 128.50 125.99 126.39 127.49 128.86 128.32 127.83 127.97 128.07 128.12 128.64 128.40 128.88 128.56 128.67 128.84 129.02 128.79 128.50 128.96 128.98 128.48 128.27 128.22 128.88 128.78 128.37 128.48 128.52 128.62 128.67 128.79 128.88 128.88 128.78 128.86 128.92 128.95 128.89 128.98 129.02 129.00 129.01 129.02 129.00 129.02 128.67 127.95 128.12 128.27 128.52 128.29 128.20 128.13 128.24 128.09 128.55 128.61 128.49 127.85 127.70 127.75 127.53 127.73 127.49 128.02 127.74 128.03 127.82 127.83 128.05 127.89 128.32 128.08 128.51 128.57 128.47 128.02 128.13 127.66 128.06 128.23 128.45 128.41 128.50 128.60 128.52 128.69 128.93 128.95 128.83 128.87 129.02 128.99 128.82 128.70 128.26 127.90 128.52 128.49 128.42 128.78 128.60 128.95 128.43 128.59 128.73 128.89 128.84 128.61 128.61 128.38 128.37 128.42 128.42 128.37 128.35 128.36 128.26 128.27 128.27 128.25 128.24 128.33 128.47 128.61
128.60 128.63 128.49 128.46 128.56 128.20 128.20 128.23 128.40 128.34 128.80 129.01 128.58 128.29 128.32 128.25 128.85 129.01 128.81 128.98 129.03 128.87 128.79 128.38 127.83 127.30 126.77 125.83 125.09 123.68 122.61 122.40 122.07 122.03 122.89 123.37 123.74 123.95 124.00 123.55 123.34 123.98 124.41 125.37 125.69 125.75 126.41 126.46 126.27 125.93 125.68 125.45 125.98 127.60 127.29 126.55 127.17 127.68 127.99 128.47 127.82 128.43 128.40 128.48 128.67 128.74 128.81 128.90 128.97 129.03 129.00 128.95 128.47 128.74 128.81 128.42 128.52 128.45 128.67 128.62 128.51 128.52 128.36 128.48 128.65 128.73 128.66 128.78 128.79 128.83 128.86 128.93 128.96 128.98 129.01 129.01 128.97 129.02 129.02 129.01 128.83 128.41 128.29 128.42 128.62 128.26 128.38 128.52 128.47 128.48 128.65 128.64 128.41 128.17 128.03 127.62 127.33 128.40 128.18 128.07 127.99 128.08 127.93 128.20 127.80 128.11 127.90 128.47 128.52 128.68 128.35 128.47 128.39 128.27 128.60 128.88 128.30 128.79 128.72 128.53 128.71 128.75 129.02 129.02 128.92 129.00 129.02 128.95 128.81 128.63 128.18 128.38 128.29 128.45 128.60 129.00 128.55 128.60 128.56 128.78 128.52 128.59 128.61 128.66 128.54 128.36 128.45 128.60 128.28 128.25 128.27 128.23 128.22 128.21 128.21 128.21 128.22 128.26 128.41 128.44
128.39 128.44 128.40 128.31 128.28 128.20 128.19 128.26 128.29 128.60 128.88 129.02 128.55 128.31 128.20 128.47 128.79 128.61 128.68 128.97 129.01 129.02 128.96 128.73 128.31 127.62 127.00 126.27 125.54 124.76 123.63 122.99 121.48 119.87 123.14 123.62 123.92 124.23 124.42 124.47 124.53 125.45 125.84 126.17 126.44 127.01 127.32 127.54 127.77 127.91 127.06 128.49 128.52 126.57 126.71 127.00 127.81 128.12 128.20 128.77 128.46 128.65 128.63 128.64 128.80 128.86 128.85 128.82 128.85 128.99 128.86 128.92 128.47 128.54 128.55 128.54 128.64 128.61 128.57 128.46 128.34 128.31 128.39 128.59 128.56 128.59 128.68 128.78 128.84 128.86 128.84 128.78 128.91 128.94 129.00 129.01 128.94 129.02 129.02 129.02 128.86 128.75 128.63 128.48 128.63 128.59 128.55 128.67 128.70 128.74 128.83 128.81 128.33 128.14 128.11 127.81 127.53 128.46 128.29 128.26 128.29 127.94 128.01 127.83 128.16 128.22 128.38 128.49 128.84 128.79 128.55 128.06 128.54 128.60 128.87 128.93 128.84 128.91 128.76 128.65 128.78 128.87 129.01 129.02 129.02 128.99 129.01 128.70 128.91 128.65 128.55 128.63 128.97 128.99 129.01 128.62 128.42 128.33 128.44 128.47 128.28 128.36 128.51 128.53 128.34 128.41 128.62 128.42 128.28 128.24 128.23 128.22 128.22 128.21 128.20 128.21 128.24 128.24 128.30 128.36
128.34 128.43 128.31 128.22 128.24 128.22 128.19 128.42 128.27 128.49 128.82 128.80 128.39 128.22 128.20 128.29 128.40 128.50 128.96 128.78 128.95 128.96 128.97 128.58 128.15 128.01 127.39 126.48 125.64 125.34 124.88 124.29 121.92 119.11 120.12 123.96 124.13 124.28 124.64 125.01 125.46 125.82 126.08 126.43 126.84 127.35 127.67 128.00 128.46 128.61 127.52 126.50 126.31 126.73 127.05 127.65 128.06 128.43 128.48 128.75 128.57 128.76 129.01 128.76 128.84 128.90 128.84 128.64 129.02 129.00 128.85 128.50 128.80 128.75 128.75 128.64 128.62 128.57 128.72 128.26 128.73 128.23 128.47 128.64 128.52 128.51 128.66 128.79 128.73 128.84 128.86 128.81 128.89 128.90 128.92 129.00 129.02 129.00 129.01 128.96 128.95 128.97 128.88 128.76 128.69 128.54 128.57 128.89 128.81 128.79 128.74 128.51 128.56 128.50 128.17 128.01 128.30 128.28 128.03 128.39 128.22 128.10 128.18 128.21 128.20 128.30 128.46 128.64 128.67 128.82 128.95 128.91 129.00 129.00 128.89 129.02 128.96 128.97 129.00 128.95 129.00 129.02 128.96 128.97 128.93 129.01 128.92 128.90 128.93 128.78 128.90 128.96 128.77 128.70 128.66 128.60 128.40 128.31 128.36 128.28 128.34 128.34 128.41 128.30 128.32 128.40 128.50 128.31 128.26 128.25 128.23 128.22 128.22 128.21 128.21 128.21 128.20 128.22 128.24 128.28
128.20 128.22 128.21 128.19 128.19 128.19 128.19 128.19 128.20 128.48 128.59 128.54 128.19 128.20 128.19 128.21 128.26 128.75 128.77 128.62 128.75 129.02 128.89 128.44 127.88 128.49 127.87 125.88 125.67 125.77 125.63 125.77 125.25 121.62 123.23 124.30 124.03 124.16 124.72 125.23 125.69 125.95 126.16 126.14 127.26 127.69 128.14 128.41 128.66 128.85 128.89 128.09 127.52 127.75 128.10 128.40 128.57 128.66 128.71 128.89 128.80 128.78 128.59 129.01 128.98 128.97 129.01 128.99 128.97 128.85 128.79 128.68 128.43 128.50 128.44 128.33 128.25 128.26 128.36 128.33 128.58 128.67 128.46 128.57 128.63 128.48 128.70 128.83 128.77 128.79 128.73 128.80 128.83 128.89 128.93 129.00 129.00 129.02 129.02 129.02 129.01 129.02 129.02 128.97 128.96 128.68 128.85 128.99 129.02 128.74 128.85 128.69 128.40 128.37 128.25 128.58 128.43 128.43 128.18 128.42 128.28 128.17 128.15 128.26 128.28 128.35 128.55 128.67 128.83 128.89 128.96 128.77 128.61 128.53 128.34 128.56 129.00 129.02 129.02 129.00 128.99 128.92 128.88 128.94 128.96 129.00 129.01 128.98 128.93 128.78 128.97 128.61 128.67 128.77 128.71 128.43 128.35 128.30 128.28 128.26 128.37 128.26 128.29 128.27 128.28 128.36 128.33 128.27 128.26 128.25 128.24 128.22 128.22 128.21 128.21 128.21 128.20 128.20 128.20 128.19
128.20 128.19 128.35 128.20 128.21 128.22 128.19 128.19 128.19 128.27 128.35 128.39 128.19 128.24 128.24 128.20 128.41 128.85 128.43 128.52 128.84 128.96 128.64 128.32 128.54 128.63 128.44 127.31 125.80 125.69 125.92 126.37 126.64 126.30 125.36 124.68 123.84 123.64 124.86 125.53 125.97 126.21 126.34 126.09 127.46 128.19 128.50 128.70 128.91 129.00 128.97 128.47 128.46 128.68 128.81 128.86 128.88 128.90 128.93 128.98 128.99 128.93 128.74 128.81 128.95 129.02 128.97 128.95 128.93 128.75 128.51 128.50 128.49 128.50 128.48 128.27 128.27 128.52 128.60 128.58 128.68 128.54 128.64 128.58 128.46 128.59 128.63 128.80 128.75 128.80 128.82 128.82 128.93 128.95 128.96 128.97 128.98 128.98 129.00 129.03 128.99 129.02 129.02 129.02 129.01 129.00 129.01 129.00 129.01 128.66 128.77 128.21 128.37 128.28 128.43 128.32 128.34 128.46 128.40 128.40 128.29 128.19 128.11 128.16 128.61 128.42 128.54 128.74 128.92 129.02 128.78 128.42 128.52 128.52 128.49 128.36 128.54 128.69 128.84 128.87 128.91 128.78 128.86 128.96 128.94 129.02 129.01 128.99 128.86 128.90 128.62 128.67 128.58 128.55 128.48 128.45 128.33 128.29 128.26 128.26 128.27 128.29 128.26 128.27 128.27 128.27 128.27 128.28 128.26 128.26 128.26 128.24 128.23 128.22 128.22 128.21 128.20 128.20 128.19 128.19
128.20 128.19 128.18 128.19 128.21 128.22 128.22 128.21 128.19 128.21 128.28 128.22 128.25 128.28 128.29 128.23 128.47 128.27 128.30 128.50 128.97 128.99 129.01 128.95 128.88 128.85 128.63 127.98 125.37 125.54 125.92 126.78 127.07 126.81 126.15 125.17 122.81 122.79 125.39 125.91 126.23 126.43 126.57 126.85 127.98 128.33 128.58 128.81 128.97 129.02 128.96 128.94 128.88 128.87 128.86 128.88 128.95 128.99 129.02 129.03 129.02 129.01 128.85 129.01 129.01 128.93 128.88 128.83 128.79 128.65 128.43 128.52 128.55 128.48 128.45 128.45 128.50 128.56 128.29 128.34 128.34 128.57 128.53 128.51 128.58 128.72 128.71 128.81 128.75 128.84 128.80 128.84 128.86 128.79 128.97 128.99 129.01 128.94 129.02 129.01 129.01 129.02 129.03 128.98 129.01 129.03 128.93 128.96 129.02 128.99 128.79 128.59 128.57 128.14 128.25 128.34 128.25 128.41 128.41 128.44 128.26 128.31 128.13 128.56 128.78 128.36 128.55 128.80 129.02 128.67 128.38 128.60 128.56 128.54 128.54 128.48 128.45 128.23 128.66 128.68 128.64 128.74 128.90 128.87 129.02 128.95 129.01 129.01 129.02 129.00 128.69 128.50 128.46 128.40 128.40 128.39 128.28 128.26 128.28 128.25 128.25 128.28 128.27 128.27 128.26 128.26 128.27 128.27 128.28 128.28 128.27 128.30 128.24 128.23 128.23 128.21 128.20 128.19 128.19 128.19
128.18 128.28 128.20 128.20 128.23 128.22 128.22 128.21 128.25 128.19 128.24 128.24 128.31 128.33 128.31 128.21 128.26 128.19 128.32 128.73 128.82 128.94 128.98 129.02 129.02 128.95 128.79 128.09 125.97 125.86 126.48 127.35 127.34 127.53 127.10 125.67 122.14 120.20 124.62 126.23 126.41 126.66 126.91 127.30 127.91 128.34 128.63 128.86 128.98 129.02 128.96 128.93 128.97 128.97 128.94 128.95 128.99 129.02 129.03 129.02 128.98 129.01 128.98 128.95 128.99 128.85 128.64 128.61 128.56 128.44 128.49 128.50 128.40 128.52 128.31 128.33 128.30 128.36 128.30 128.50 128.50 128.55 128.59 128.53 128.49 128.60 128.65 128.56 128.66 128.64 128.78 128.82 128.88 128.84 128.92 128.77 128.93 129.00 129.01 128.93 128.87 128.99 128.92 128.88 128.99 129.02 129.00 128.97 128.96 128.90 128.87 128.84 128.77 128.86 128.67 128.46 128.37 128.40 128.40 128.15 128.34 128.29 128.04 128.94 128.45 128.36 128.65 128.93 128.98 128.28 128.47 128.62 128.63 128.61 128.56 128.53 128.49 128.37 128.19 128.35 128.49 128.57 128.91 128.99 129.00 129.02 128.89 128.79 128.86 128.85 128.56 128.39 128.42 128.40 128.28 128.24 128.27 128.28 128.31 128.30 128.42 128.34 128.35 128.32 128.28 128.27 128.31 128.29 128.33 128.33 128.33 128.25 128.24 128.22 128.24 128.21 128.20 128.19 128.19 128.19
128.19 128.18 128.25 128.21 128.25 128.25 128.28 128.26 128.32 128.29 128.24 128.36 128.38 128.36 128.33 128.30 128.19 128.19 128.32 128.60 128.72 128.81 128.95 129.02 129.02 128.96 128.73 128.06 127.34 127.64 127.58 127.58 127.61 127.63 127.74 127.61 122.85 116.87 118.49 126.23 126.59 126.85 127.15 127.52 127.92 128.38 128.73 128.90 129.01 129.03 128.98 128.92 128.93 129.01 128.99 128.99 129.02 129.03 129.02 129.00 128.97 129.02 129.03 128.89 128.82 128.69 128.44 128.33 128.27 128.30 128.53 128.45 128.32 128.55 128.61 128.35 128.31 128.42 128.50 128.41 128.52 128.57 128.64 128.68 128.59 128.56 128.50 128.56 128.60 128.65 128.77 128.80 128.79 128.79 128.72 128.92 128.79 129.01 128.99 128.97 129.00 129.00 128.95 128.91 129.02 129.02 128.79 128.96 128.96 128.87 128.96 128.94 128.92 128.98 128.83 128.49 128.37 128.56 128.71 128.32 128.46 128.39 128.22 128.12 128.27 128.61 128.84 129.01 128.79 128.20 128.62 128.66 128.68 128.62 128.54 128.53 128.46 128.41 128.23 128.27 128.36 128.87 128.75 128.82 128.92 128.71 128.54 128.45 128.45 128.42 128.34 128.26 128.21 128.21 128.24 128.22 128.24 128.25 128.32 128.37 128.44 128.53 128.50 128.47 128.42 128.39 128.38 128.38 128.37 128.41 128.59 128.31 128.25 128.25 128.25 128.20 128.19 128.20 128.31 128.19
128.19 128.21 128.23 128.26 128.25 128.24 128.29 128.32 128.34 128.37 128.40 128.44 128.43 128.41 128.39 128.32 128.25 128.20 128.63 128.58 128.67 128.87 128.96 129.01 129.01 128.91 128.74 128.48 127.84 127.85 127.74 127.73 127.74 127.84 128.02 128.16 127.43 118.89 120.22 125.30 126.39 127.09 127.46 127.72 124.59 128.59 128.83 128.95 129.02 129.03 128.96 128.93 128.92 129.02 129.02 129.02 129.03 129.02 129.01 128.98 128.97 128.95 128.85 128.94 128.72 128.39 128.27 128.21 128.19 128.44 128.49 128.50 128.26 128.27 128.28 128.29 128.24 128.29 128.51 128.66 128.67 128.56 128.63 128.58 128.59 128.60 128.42 128.58 128.32 128.65 128.79 128.76 128.76 128.65 128.68 128.93 128.92 128.90 128.85 128.84 128.87 129.02 129.02 129.02 129.01 128.99 128.99 128.93 128.77 128.97 129.01 129.02 128.99 128.97 128.93 128.83 128.69 128.77 128.85 128.81 128.68 128.50 128.43 128.45 128.53 128.69 128.92 129.01 128.60 128.23 128.63 128.64 128.62 128.59 128.53 128.52 128.48 128.43 128.29 128.21 128.28 128.56 128.52 128.47 128.48 128.42 128.43 128.26 128.31 128.23 128.21 128.20 128.19 128.23 128.24 128.19 128.20 128.25 128.39 128.60 128.81 128.90 128.78 128.77 128.65 128.56 128.53 128.44 128.45 128.43 128.41 128.51 128.28 128.26 128.23 128.23 128.20 128.30 128.53 128.40
128.27 128.22 128.23 128.31 128.29 128.25 128.33 128.40 128.41 128.44 128.48 128.53 128.52 128.50 128.49 128.38 128.20 128.30 128.54 128.55 128.92 127.16 122.31 121.66 124.34 128.84 128.66 128.59 128.40 128.01 127.93 127.83 127.86 127.94 128.03 128.13 128.15 126.97 124.81 125.24 126.63 127.29 127.71 127.95 128.34 128.77 128.90 128.99 129.02 129.03 128.98 128.93 128.89 129.01 129.02 129.03 129.02 129.00 128.98 128.98 128.95 128.95 128.97 128.82 128.35 128.24 128.19 128.19 128.20 128.40 128.54 128.51 128.32 128.26 128.34 128.26 128.46 128.28 128.36 128.40 128.44 128.54 128.83 128.25 128.52 128.58 128.54 128.59 128.58 128.58 128.33 128.54 128.70 128.76 128.74 128.84 128.82 128.79 128.75 128.69 128.77 128.79 128.99 129.00 128.99 128.97 128.97 128.73 128.87 128.96 129.01 129.02 128.99 129.02 128.96 128.94 128.82 128.75 128.81 128.82 128.70 128.76 128.66 128.70 128.71 128.87 128.99 128.91 128.38 128.58 128.61 128.55 128.62 128.57 128.53 128.50 128.46 128.43 128.32 128.19 128.23 128.27 128.32 128.34 128.36 128.33 128.29 128.25 128.19 128.19 128.20 128.25 128.25 128.28 128.29 128.27 128.19 128.27 128.52 128.79 128.95 129.01 129.03 129.01 128.96 128.75 128.63 128.55 128.54 128.49 128.46 128.44 128.34 128.27 128.26 128.31 128.22 128.19 128.33 128.45
128.21 128.26 128.28 128.33 128.20 128.33 128.35 128.39 128.47 128.49 128.54 128.58 128.60 128.58 128.61 128.23 128.23 128.27 128.42 128.41 128.75 121.27 117.22 116.13 119.01 126.50 128.62 128.60 128.77 128.42 128.19 127.96 127.90 127.97 128.05 128.14 128.17 127.98 126.91 126.78 127.28 127.51 127.79 128.04 128.40 128.79 128.94 129.01 129.03 129.02 129.00 128.90 128.92 129.00 129.02 128.97 129.01 128.99 128.98 128.96 128.94 128.89 128.77 128.45 128.30 128.20 128.21 128.30 128.44 128.47 128.39 128.47 128.42 128.33 128.35 128.30 128.23 128.22 128.25 128.41 128.49 128.68 128.49 128.50 128.59 128.55 128.53 128.36 128.56 128.47 128.54 128.58 128.71 128.77 128.70 128.63 128.69 128.68 128.68 128.59 128.61 128.70 128.88 128.93 128.80 128.82 128.82 128.84 129.02 129.02 129.03 129.02 129.02 129.01 129.00 128.97 128.89 128.52 128.75 128.83 128.85 128.85 128.82 128.85 128.89 128.95 128.99 128.85 128.32 128.47 128.57 128.59 128.57 128.53 128.52 128.52 128.48 128.39 128.33 128.24 128.20 128.20 128.20 128.19 128.20 128.21 128.20 128.22 128.26 128.30 128.33 128.33 128.34 128.38 128.36 128.35 128.24 128.28 128.52 128.91 129.02 129.00 128.91 128.91 129.01 128.88 128.71 128.67 128.67 128.59 128.50 128.41 128.33 128.28 128.29 128.24 128.19 128.19 128.19 128.38
128.25 128.28 128.34 128.36 128.39 128.34 128.36 128.43 128.51 128.55 128.59 128.65 128.66 128.67 128.68 128.28 128.22 128.33 128.70 128.52 128.94 121.38 117.30 116.47 118.53 126.86 128.81 128.88 128.91 128.84 128.47 128.08 127.84 127.78 127.81 128.07 128.20 128.19 127.77 127.61 127.69 127.76 127.85 128.03 128.29 128.68 128.97 129.02 129.03 129.02 129.00 128.88 128.97 128.93 129.01 129.03 129.01 129.00 128.97 128.96 128.86 128.88 128.64 128.31 128.20 128.26 128.39 128.45 128.57 128.57 128.64 128.57 128.54 128.47 128.42 128.20 128.19 128.19 128.31 128.34 128.44 128.53 128.51 128.44 128.29 128.62 128.56 128.68 128.56 128.52 128.51 128.50 128.36 128.61 128.63 128.58 128.62 128.62 128.63 128.59 128.58 128.76 128.27 128.77 128.67 128.90 128.97 128.85 128.99 129.00 129.02 129.02 128.99 128.99 129.00 129.03 128.82 128.86 128.81 128.95 129.00 129.02 128.86 128.89 128.92 128.98 129.01 129.00 128.58 128.22 128.37 128.54 128.51 128.50 128.49 128.46 128.45 128.43 128.38 128.34 128.33 128.33 128.39 128.33 128.35 128.34 128.40 128.41 128.42 128.46 128.49 128.46 128.53 128.50 128.48 128.39 128.28 128.28 128.68 128.99 128.96 128.76 128.68 128.83 128.83 128.19 128.88 128.79 128.73 128.65 128.54 128.42 128.33 128.27 128.25 128.20 128.31 128.21 128.19 128.24
128.41 128.34 128.33 128.44 128.50 128.49 128.48 128.53 128.61 128.63 128.69 128.70 128.73 128.73 128.73 128.27 128.24 128.56 128.68 128.45 128.66 123.66 121.03 120.02 122.10 128.51 129.00 129.00 128.98 128.88 128.65 128.25 127.83 127.60 127.42 127.33 128.15 128.18 128.03 127.90 127.87 127.89 127.94 128.06 128.28 128.66 128.90 129.02 129.03 129.02 129.02 128.95 128.85 128.75 129.00 129.03 129.02 129.01 129.00 128.93 128.89 128.85 128.47 128.28 128.19 128.47 128.53 128.57 128.64 128.66 128.66 128.64 128.53 128.55 128.48 128.29 128.25 128.27 128.21 128.33 128.41 128.36 128.37 128.44 128.62 128.57 128.50 128.54 128.51 128.46 128.52 128.52 128.59 128.61 128.50 128.55 128.60 128.58 128.59 128.59 128.54 128.73 128.84 128.65 128.89 128.83 128.66 129.02 128.98 128.83 129.02 128.96 128.99 128.99 128.96 129.02 128.95 128.95 128.42 129.02 129.02 129.02 128.76 128.83 128.94 128.98 129.02 129.00 128.94 128.66 128.23 128.23 128.30 128.35 128.35 128.44 128.44 128.44 128.44 128.43 128.45 128.51 128.51 128.52 128.55 128.53 128.58 128.61 128.61 128.58 128.61 128.58 128.61 128.54 128.57 128.56 128.43 128.24 128.74 129.02 128.68 128.54 128.47 128.44 128.76 129.00 128.98 128.90 128.81 128.67 128.52 128.42 128.34 128.29 128.22 128.21 128.34 128.24 128.24 128.28
128.39 128.42 128.45 128.50 128.54 128.59 128.62 128.67 128.71 128.72 128.75 128.75 128.76 128.75 128.75 128.30 128.27 128.63 128.46 128.33 128.32 127.77 126.32 126.04 128.76 128.95 129.02 129.03 129.01 128.84 128.58 128.26 127.92 127.49 127.24 127.15 127.91 128.18 128.12 127.90 127.89 127.69 127.95 128.10 128.13 128.78 128.91 128.99 129.01 129.03 129.03 129.01 128.96 128.81 128.93 128.98 128.70 128.25 128.37 128.72 128.83 128.94 128.44 128.27 128.19 128.47 128.61 128.65 128.72 128.75 128.70 128.75 128.55 128.77 128.62 128.47 128.42 128.44 128.39 128.25 128.32 128.49 128.62 128.48 128.56 128.53 128.50 128.47 128.48 128.58 128.45 128.43 128.47 128.53 128.42 128.40 128.32 128.69 128.47 128.49 128.58 128.70 128.82 128.70 128.69 128.74 128.74 128.85 128.99 128.93 129.01 129.02 129.02 129.00 128.98 129.00 128.99 128.95 128.57 129.00 129.02 128.97 128.88 128.98 128.96 128.94 129.00 129.01 129.01 128.86 128.63 128.43 128.27 128.20 128.25 128.38 128.44 128.48 128.53 128.55 128.56 128.67 128.61 128.71 128.75 128.79 128.82 128.79 128.89 128.83 128.84 128.80 128.78 128.77 128.80 128.71 128.65 128.21 128.76 129.01 128.76 128.48 128.34 126.77 127.64 128.79 129.02 128.94 128.79 128.67 128.51 128.40 128.30 128.24 128.19 128.23 128.21 128.24 128.26 128.36
128.45 128.47 128.46 128.58 128.65 128.65 128.70 128.71 128.73 128.76 128.78 128.78 128.78 128.78 128.78 128.34 128.34 128.51 128.47 128.57 128.31 128.39 128.39 128.40 128.64 128.88 129.00 129.02 128.97 128.75 128.42 128.17 127.77 127.40 127.16 126.66 126.72 128.10 128.17 127.88 127.98 127.89 128.00 127.24 128.38 128.80 128.95 128.98 129.00 129.01 128.97 129.02 129.00 128.72 129.02 129.02 129.01 129.02 128.62 128.38 128.43 128.65 128.36 128.29 128.47 128.65 128.72 128.73 128.77 128.81 128.80 128.77 128.73 128.68 128.52 128.58 128.56 128.61 128.69 128.29 128.19 128.38 128.45 128.35 128.42 128.43 128.39 128.43 128.41 128.53 128.45 128.33 128.43 128.42 128.42 128.43 128.37 128.45 128.52 128.46 128.72 128.70 128.61 128.69 128.73 128.53 128.62 128.87 128.78 128.84 128.99 128.94 128.96 128.89 128.82 129.01 129.01 128.81 128.88 128.67 128.88 128.85 128.83 128.96 128.97 129.00 128.98 128.88 128.98 129.02 128.72 128.43 128.44 128.25 128.28 128.43 128.50 128.62 128.66 128.69 128.77 128.81 128.86 128.95 129.04 129.12 129.18 129.20 129.19 129.14 129.08 129.04 129.05 129.00 128.93 128.86 128.74 128.60 128.47 128.95 128.73 128.45 126.84 119.88 126.54 128.71 129.02 128.91 128.80 128.64 128.43 128.42 128.28 128.22 128.19 128.21 128.26 128.28 128.36 128.39
128.55 128.59 128.60 128.60 128.72 128.67 128.78 128.80 128.80 128.80 128.80 128.80 128.79 128.79 128.79 128.45 128.29 128.50 128.46 128.49 128.53 128.47 128.82 128.71 128.69 128.83 128.94 129.00 128.87 128.67 128.31 128.02 127.70 127.33 126.68 126.59 126.92 128.24 128.39 128.06 128.19 128.18 128.21 127.24 128.08 128.78 128.92 128.96 128.98 128.93 128.84 128.90 128.98 128.95 128.78 128.62 128.66 128.47 128.39 128.22 128.42 128.75 128.47 128.56 128.64 128.69 128.69 128.75 128.83 128.85 128.71 128.81 128.82 128.76 128.60 128.78 128.65 128.70 128.76 128.73 128.27 128.25 128.25 128.25 128.24 128.33 128.41 128.46 128.41 128.40 128.39 128.36 128.40 128.44 128.39 128.47 128.36 128.40 128.58 128.71 128.39 128.77 128.62 128.61 128.92 128.42 128.98 128.79 128.77 128.90 128.91 128.87 128.90 128.90 128.97 128.92 128.91 128.69 128.97 128.98 129.01 128.89 128.96 129.01 128.92 128.87 128.71 128.93 128.82 129.02 128.67 128.51 128.30 128.23 128.42 128.56 128.70 128.71 128.78 128.86 128.93 129.04 129.12 129.27 129.40 129.44 129.49 129.44 129.44 129.36 129.31 129.31 129.21 129.11 129.00 128.92 128.80 128.66 128.26 128.93 128.92 128.58 127.91 127.23 127.93 128.99 128.95 128.82 128.72 128.58 128.52 128.28 128.22 128.19 128.23 128.30 128.30 128.34 128.41 128.50
128.67 128.69 128.74 128.78 128.82 128.81 128.84 128.86 128.86 128.85 128.85 128.85 128.84 128.73 128.83 128.79 128.34 128.36 128.57 128.55 128.54 128.51 128.84 128.89 128.57 128.75 129.02 128.98 128.82 128.55 128.24 127.92 127.69 127.29 126.08 126.47 127.45 128.24 128.35 128.19 128.42 128.47 128.43 128.52 128.66 128.80 128.93 128.98 128.97 128.80 128.85 128.96 128.97 128.94 128.90 128.83 128.81 128.52 128.43 128.28 128.31 128.21 128.39 128.27 128.19 128.58 128.64 128.73 128.83 128.88 128.84 128.91 128.88 128.92 128.89 128.86 128.79 128.82 128.87 128.89 128.86 128.35 128.24 128.21 128.22 128.29 128.36 129.19 128.34 128.39 128.33 128.25 128.34 128.39 128.48 128.43 128.35 128.37 128.55 128.56 128.66 128.59 128.63 128.59 128.77 128.85 128.98 128.91 128.87 128.98 128.89 128.91 128.77 128.58 128.62 128.64 128.88 129.03 129.03 129.02 129.01 129.01 128.98 129.00 128.86 128.90 128.71 128.54 128.57 128.45 128.35 128.30 128.33 128.39 128.53 128.72 128.78 128.88 129.00 129.11 129.23 129.35 129.52 129.63 129.70 129.81 129.77 129.63 129.71 129.59 129.54 129.43 129.32 129.18 129.10 129.04 128.93 128.82 128.48 128.45 128.94 129.00 128.78 128.75 128.96 128.91 128.79 128.71 128.64 128.54 128.35 128.24 128.19 128.24 128.33 128.42 128.44 128.46 128.57 128.63
128.84 128.79 128.86 128.87 128.88 128.88 128.89 128.93 128.94 128.91 128.89 128.91 128.90 128.89 128.87 128.84 128.56 128.25 128.22 128.23 128.31 128.37 128.57 128.60 128.45 129.01 129.02 128.95 128.72 128.49 128.19 128.07 127.61 127.34 126.85 126.89 127.48 128.29 128.32 128.32 128.49 128.58 128.68 128.68 128.77 128.85 128.92 128.98 128.95 128.66 128.95 128.99 129.00 129.02 129.01 128.99 128.89 128.85 128.72 128.32 128.45 128.20 128.19 128.28 128.45 128.47 128.62 128.70 128.73 128.89 128.92 128.92 128.98 129.04 129.01 129.10 128.90 128.95 129.00 128.93 128.91 128.82 128.50 128.73 128.35 128.29 128.27 128.38 128.31 128.26 128.24 128.29 128.35 128.41 128.21 128.32 128.41 128.53 128.58 128.43 128.67 128.64 128.53 128.55 128.70 128.74 128.93 128.91 128.86 128.93 128.96 128.97 128.77 128.65 128.70 128.70 128.94 129.02 128.99 128.94 129.00 128.72 129.02 129.00 128.95 129.02 128.80 128.44 128.50 128.36 128.24 128.26 128.34 128.52 128.65 128.77 128.91 129.06 129.27 129.42 129.52 129.66 130.00 129.86 129.98 130.05 130.01 129.94 129.88 129.78 129.62 129.54 129.62 129.32 129.31 129.21 129.10 128.99 128.71 128.41 128.39 128.66 128.81 128.84 128.70 128.76 128.59 128.59 128.53 128.45 128.64 128.63 128.29 128.32 128.50 128.31 128.60 128.63 128.66 128.79
128.97 128.57 128.89 128.89 128.95 128.93 128.94 128.97 128.95 128.96 128.95 128.97 128.96 128.94 128.97 128.94 128.90 128.62 128.23 128.40 128.32 128.33 128.29 128.35 128.86 129.03 129.01 128.90 128.74 128.34 128.06 127.80 127.39 127.01 126.69 126.79 127.39 128.17 128.43 128.50 128.61 128.71 128.76 128.80 128.73 128.84 128.83 128.74 128.73 128.81 128.95 129.01 129.02 129.01 129.02 128.95 128.87 128.83 128.85 128.80 128.82 128.80 128.47 128.28 128.27 128.62 128.70 128.74 128.78 128.89 128.99 129.14 129.15 129.15 129.12 129.23 129.18 129.19 129.17 129.01 129.12 129.09 128.90 128.64 128.47 128.26 128.21 128.28 128.20 128.28 128.31 128.44 128.31 128.32 128.36 128.41 128.38 128.54 128.42 128.41 128.72 128.75 128.61 128.81 128.39 128.89 128.84 128.96 128.87 129.01 129.01 129.01 128.87 128.78 128.85 128.96 128.97 128.89 128.99 128.75 128.80 128.73 128.77 129.01 128.89 128.64 128.62 128.39 128.28 128.20 128.22 128.38 128.49 128.63 128.76 128.92 129.10 129.34 129.51 129.62 129.80 129.90 130.03 130.12 130.30 130.12 130.07 130.04 129.98 129.71 129.80 129.72 129.61 129.45 129.30 129.42 129.37 129.23 129.10 128.97 128.76 128.53 128.43 128.26 128.47 128.63 128.26 128.37 128.42 128.32 128.29 128.27 128.45 128.52 128.63 128.70 128.74 128.83 128.88 128.94
129.08 129.01 129.01 128.97 128.99 128.98 128.99 128.99 128.98 129.00 129.02 129.01 129.00 128.98 129.02 128.96 128.99 128.91 128.63 128.84 128.48 128.37 128.44 128.79 129.01 129.03 129.00 128.89 128.63 128.19 127.72 127.15 126.55 126.25 126.04 125.97 126.42 127.09 128.12 128.61 128.74 128.79 128.83 128.82 128.33 128.52 128.89 128.96 128.84 128.77 128.95 128.88 128.83 128.91 129.02 128.95 128.86 128.78 128.76 128.73 128.71 128.75 128.48 128.31 128.55 128.66 128.73 128.74 128.83 128.92 128.97 129.19 129.13 129.25 129.28 129.37 129.35 129.44 129.34 129.25 129.21 129.15 129.16 128.64 128.50 128.30 128.24 128.20 128.21 128.24 128.37 128.34 128.32 128.38 128.23 128.43 128.44 128.47 128.38 128.48 128.50 128.53 128.56 128.61 128.64 128.83 128.92 128.60 128.94 129.02 128.83 129.02 129.01 129.02 129.02 129.02 129.02 128.97 128.92 128.64 128.60 128.66 128.31 128.42 128.51 128.38 128.32 128.28 128.21 128.23 128.35 128.50 128.58 128.74 128.85 129.07 129.25 129.50 129.70 129.86 129.94 130.04 130.24 130.36 130.44 130.41 130.28 130.26 130.07 130.04 129.91 129.60 129.74 129.59 129.56 129.53 129.44 129.33 129.32 129.20 129.13 128.95 128.89 128.83 128.66 128.55 128.34 128.19 128.25 128.23 128.23 128.22 128.33 128.61 128.68 128.75 128.84 128.98 129.06 129.10
129.19 129.06 129.06 128.99 129.06 129.03 129.05 129.05 129.02 129.03 129.04 129.05 129.04 129.01 128.98 128.96 128.93 128.86 128.82 128.43 128.44 128.51 128.70 128.89 128.95 129.02 129.01 128.90 128.67 127.94 126.92 126.11 125.28 124.76 124.74 125.16 125.58 125.71 126.77 128.01 128.68 128.88 128.90 128.89 128.84 128.75 128.82 128.89 128.95 129.02 128.82 128.74 128.65 128.52 128.87 129.02 128.88 128.80 128.77 128.79 128.72 128.77 128.32 128.33 128.55 128.66 128.74 128.80 128.85 129.00 129.04 129.16 129.21 129.36 129.40 129.52 129.62 129.59 129.57 129.44 129.48 129.42 129.32 129.27 129.04 128.90 128.84 128.69 128.46 128.73 128.21 128.24 128.33 128.35 128.28 128.34 128.42 128.39 128.43 128.42 128.38 128.28 128.46 128.43 128.39 128.43 128.67 128.79 128.87 128.98 129.02 129.03 129.03 129.00 129.01 129.00 129.02 128.89 128.29 128.42 128.53 128.66 128.53 128.61 128.33 128.27 128.24 128.22 128.24 128.32 128.46 128.62 128.72 128.82 129.06 129.25 129.37 129.63 129.80 130.05 130.16 130.34 130.49 130.52 130.57 130.60 130.54 130.40 130.36 130.20 130.12 130.03 129.96 129.80 129.92 129.87 129.66 129.47 129.47 129.31 129.16 129.08 128.88 128.80 128.63 128.57 128.40 128.26 128.19 128.19 128.22 128.27 128.31 128.71 128.74 128.82 128.99 129.02 129.11 129.13
129.14 129.11 129.12 129.07 128.80 129.08 129.08 128.91 129.07 129.06 129.04 129.05 129.00 128.99 128.96 128.93 128.92 128.94 128.79 128.46 128.63 128.74 128.59 128.85 128.87 129.02 129.02 128.97 128.55 127.36 125.97 124.70 123.86 123.74 123.34 123.63 125.04 125.30 125.79 127.11 128.41 128.89 128.95 128.94 128.78 128.86 128.76 128.10 128.86 128.88 128.86 128.73 128.52 128.28 128.57 128.96 128.99 128.91 128.84 128.85 128.59 128.56 128.53 128.19 128.57 128.72 128.76 128.80 128.92 129.03 129.17 129.29 129.31 129.50 129.60 129.67 129.72 129.76 129.77 129.87 129.59 129.59 129.54 129.49 129.35 128.96 129.08 128.88 128.58 128.54 128.42 128.20 128.20 128.22 128.20 128.28 128.34 128.37 128.29 128.30 128.44 128.56 128.41 128.47 128.21 128.54 128.63 128.66 128.77 128.75 128.91 129.00 128.59 129.02 129.02 128.97 129.02 128.96 128.36 128.31 128.30 128.31 128.29 128.24 128.23 128.21 128.19 128.24 128.30 128.44 128.57 128.72 128.77 129.00 129.15 129.37 129.53 129.68 129.96 130.02 130.43 130.59 130.65 130.66 130.66 130.70 130.60 130.57 130.46 130.54 130.32 130.27 130.10 130.07 130.00 129.95 129.85 129.58 129.32 129.37 129.20 129.10 128.95 128.80 128.63 128.61 128.49 128.40 128.34 128.28 128.23 128.21 128.57 128.75 128.79 128.82 128.98 129.10 129.14 129.11
129.13 129.14 129.16 129.14 129.11 129.09 129.06 129.09 129.06 129.05 129.05 129.06 129.02 129.05 128.96 128.98 128.92 128.74 128.65 128.44 128.19 128.27 128.45 128.61 128.81 128.95 129.01 128.98 128.49 127.11 125.51 124.49 124.11 124.01 123.13 123.59 124.82 125.46 126.11 127.45 128.54 128.93 128.96 128.94 128.48 128.89 128.79 128.55 128.76 128.68 128.68 128.57 128.56 128.66 128.81 128.90 129.01 128.93 128.92 128.94 128.77 128.55 128.53 128.24 128.45 128.79 128.85 128.79 128.98 129.11 129.21 129.38 129.48 129.60 129.73 129.84 129.89 129.92 129.92 129.90 129.86 129.83 129.73 129.92 129.88 129.48 129.25 129.18 128.93 128.96 128.53 128.86 128.60 128.39 128.46 128.19 128.22 128.36 128.30 128.42 128.67 128.67 128.61 128.43 128.26 128.67 128.75 128.51 128.48 128.60 128.75 128.62 128.68 128.33 128.80 128.65 128.27 128.75 128.27 128.31 128.28 128.29 128.19 128.18 128.22 128.22 128.26 128.29 128.44 128.60 128.68 128.74 128.88 129.03 129.32 129.50 129.71 129.82 130.18 130.34 130.46 130.68 130.72 130.71 130.70 130.66 130.69 130.65 130.61 130.49 130.41 130.44 130.41 130.27 130.14 129.99 129.87 129.77 129.61 129.44 129.26 129.07 128.97 128.83 128.66 128.66 128.60 128.52 128.51 128.37 128.28 128.19 128.30 128.64 128.77 128.90 128.93 129.08 129.08 129.16
129.13 129.18 129.18 129.14 129.12 129.11 129.09 129.07 129.07 129.08 129.06 129.12 129.08 129.08 128.99 128.96 128.86 128.73 128.51 128.26 128.20 128.27 128.41 128.56 128.71 128.84 128.97 129.02 128.84 128.03 126.65 125.43 124.83 124.63 124.50 124.66 125.34 125.78 127.72 128.70 128.99 129.02 128.99 128.98 128.98 128.72 128.90 128.43 128.69 128.71 128.65 128.74 128.24 128.67 128.97 128.93 128.99 128.99 128.90 128.70 128.72 128.68 128.53 128.24 128.44 128.83 128.98 129.02 129.11 129.22 129.41 129.52 129.72 129.79 130.18 129.91 130.02 129.95 130.04 130.04 129.99 129.97 129.81 129.84 129.89 129.61 129.52 129.26 129.18 129.21 129.08 128.99 128.97 128.83 128.62 128.35 128.25 128.24 128.51 128.57 128.74 128.65 128.39 128.57 128.37 128.52 128.41 128.50 128.67 128.73 128.81 128.24 128.71 128.86 128.22 128.20 128.24 128.30 128.29 128.21 128.20 128.20 128.31 128.58 128.29 128.28 128.31 128.50 128.62 128.68 128.64 128.86 128.89 129.11 129.34 129.63 129.80 129.86 130.17 130.39 130.58 130.68 130.64 130.48 130.71 130.65 130.60 130.51 130.67 130.36 130.41 130.38 130.29 130.24 130.25 130.08 129.93 129.86 129.52 129.44 129.24 129.06 128.86 128.80 128.73 128.66 128.57 128.61 128.59 128.42 128.23 128.20 128.38 128.57 128.86 128.87 129.04 129.07 129.13 129.19
129.22 129.22 129.17 129.17 129.16 129.13 129.11 129.08 129.06 129.10 129.10 129.06 129.05 129.01 128.99 128.89 128.75 128.58 128.38 128.23 128.21 128.29 128.40 128.49 128.57 128.67 128.80 128.94 129.02 128.79 128.37 127.96 127.80 126.13 125.35 125.14 125.89 127.46 128.40 128.92 129.02 129.03 129.03 129.02 129.00 128.95 128.93 128.96 128.82 128.61 128.23 128.58 128.97 128.94 128.92 128.94 128.89 128.97 128.90 128.66 128.55 128.35 128.25 128.22 128.46 128.90 128.96 129.13 129.25 129.39 129.48 129.72 129.82 129.94 129.93 130.13 130.11 130.12 130.24 130.23 130.05 130.11 130.03 129.99 129.90 129.81 129.58 129.64 129.52 129.29 129.25 129.34 129.09 128.97 128.94 128.86 128.58 128.42 128.71 128.71 128.47 128.32 128.25 128.61 128.27 128.53 128.57 128.58 128.49 128.36 128.50 128.21 128.30 128.35 128.20 128.26 128.34 128.21 128.20 128.19 128.20 128.26 128.32 128.43 128.43 128.49 128.52 128.55 128.67 128.74 128.82 128.85 129.08 129.19 129.54 129.73 129.92 130.12 130.21 130.40 130.55 130.70 130.70 130.71 130.68 130.56 130.61 130.63 130.59 130.56 130.44 130.51 130.43 130.16 130.25 130.19 130.02 129.78 129.44 129.30 129.20 128.95 128.83 128.77 128.75 128.71 128.69 128.68 128.67 128.60 128.49 128.29 128.25 128.67 128.69 128.76 128.95 129.14 129.15 129.22
129.21 129.20 129.19 129.13 129.13 129.12 129.09 129.11 129.04 129.13 129.11 129.07 129.07 128.99 128.88 128.84 128.63 128.50 128.34 128.22 128.22 128.26 128.32 128.37 128.44 128.53 128.64 128.71 128.84 128.96 129.02 129.02 129.02 129.01 128.58 128.43 128.85 128.97 129.00 129.01 129.03 129.02 129.03 129.02 128.98 128.93 128.92 128.94 128.66 128.62 128.90 128.97 128.87 129.00 128.98 128.72 128.86 128.43 128.89 128.70 128.49 128.29 128.21 128.48 128.78 128.98 129.11 129.20 129.45 129.51 129.71 129.84 129.90 130.01 130.05 130.02 129.92 129.74 130.22 130.24 130.18 130.24 130.12 130.09 129.98 129.92 129.89 129.81 129.69 129.57 129.46 129.41 129.36 129.26 129.03 129.07 128.90 128.81 128.81 128.85 128.74 128.70 128.86 128.64 128.48 128.60 128.46 128.38 128.52 128.36 128.21 128.22 128.30 128.29 128.31 128.32 128.19 128.21 128.22 128.32 128.32 128.38 128.50 128.42 128.57 128.58 128.59 128.63 128.73 128.77 128.94 129.00 129.17 129.32 129.98 130.03 129.93 130.06 130.23 130.37 130.52 130.67 130.68 130.63 130.64 130.60 130.57 130.57 130.45 130.58 130.53 130.49 130.35 130.33 130.32 130.11 129.89 129.67 129.50 128.80 128.92 129.10 128.91 128.88 128.82 128.78 128.78 128.72 128.73 128.70 128.65 128.52 128.57 128.63 128.71 128.90 128.94 129.08 129.13 129.22
129.22 129.19 129.18 129.13 129.17 129.16 129.14 129.13 129.10 129.10 129.13 129.06 129.04 128.93 128.82 128.71 128.55 128.45 128.34 128.23 128.19 128.21 128.25 128.30 128.39 128.46 128.50 128.57 128.61 128.68 128.75 128.81 128.86 128.90 128.95 128.93 128.91 128.92 129.00 129.02 129.02 129.01 129.01 129.02 129.02 128.99 128.98 128.96 128.73 128.89 128.29 128.20 128.24 128.35 128.31 128.70 128.67 128.66 128.51 128.61 128.30 128.20 128.43 128.71 128.81 129.11 129.29 129.46 129.50 129.76 129.77 129.88 130.00 130.03 130.07 130.08 130.14 130.25 130.31 130.30 130.31 130.22 130.21 130.15 130.11 130.02 130.01 129.84 129.78 129.71 129.63 129.51 129.33 129.25 129.16 129.17 129.04 129.06 129.06 129.00 128.78 128.91 128.65 128.76 131.31 129.15 128.40 128.65 128.56 128.36 128.29 128.35 128.31 128.32 128.27 128.37 128.33 128.38 128.43 128.40 128.41 128.46 128.56 128.55 128.55 128.61 128.59 128.67 128.74 128.84 128.99 129.13 129.29 129.47 129.86 129.97 129.91 130.11 130.12 130.34 130.45 130.54 130.61 130.61 130.56 130.58 130.55 130.55 130.48 130.34 130.53 130.40 130.25 130.16 130.15 129.90 129.77 129.56 129.48 128.87 128.71 129.13 128.98 128.93 128.92 128.87 128.88 128.84 128.76 128.79 128.72 128.74 128.38 128.59 128.96 128.92 128.92 129.14 129.27 129.16
129.21 129.21 129.17 129.17 129.18 129.19 129.10 129.09 129.12 129.10 129.06 128.98 128.92 128.85 128.75 128.63 128.49 128.37 128.29 128.22 128.21 128.20 128.23 128.29 128.32 128.37 128.43 128.47 128.52 128.56 128.62 128.68 128.75 128.78 128.78 128.77 128.83 128.85 128.94 128.99 129.00 129.00 128.99 128.97 129.00 128.93 128.82 128.62 128.30 128.22 128.19 128.24 128.35 128.42 128.45 128.34 128.50 128.58 128.43 128.21 128.25 128.49 128.69 129.04 129.07 129.24 129.38 129.57 129.72 129.82 129.97 130.09 130.16 130.16 130.22 130.26 130.27 130.16 130.50 130.59 130.31 130.29 130.34 130.00 130.20 130.10 129.95 129.90 129.95 129.81 129.77 129.66 129.54 129.43 129.34 129.27 129.19 129.01 129.20 129.05 129.03 129.02 128.66 130.51 131.15 128.88 128.26 128.64 128.59 128.48 128.48 128.46 128.45 128.48 128.56 128.46 128.50 128.48 128.54 128.56 128.54 128.59 128.55 128.57 128.61 128.62 128.59 128.69 128.76 128.84 128.94 129.12 129.32 129.47 129.67 129.70 129.95 130.03 130.21 130.31 130.40 130.47 130.60 130.56 130.59 130.58 130.48 130.55 130.52 130.44 130.40 130.26 130.25 130.01 129.75 129.81 129.68 129.53 129.43 129.35 129.22 129.15 129.08 128.99 128.96 128.96 128.89 128.91 128.84 128.81 128.78 128.80 128.72 128.91 128.92 128.84 128.94 129.13 129.25 129.25
129.18 129.15 129.21 129.22 129.20 129.18 129.14 129.09 129.06 128.98 129.01 128.96 128.86 128.77 128.66 128.51 128.34 128.34 128.31 128.23 128.19 128.19 128.21 128.23 128.27 128.31 128.35 128.41 128.44 128.49 128.54 128.56 128.62 128.65 128.63 128.65 128.65 128.73 128.84 128.91 128.95 128.95 128.93 128.90 128.81 128.67 128.56 128.41 128.27 128.19 128.24 128.32 128.39 128.47 128.53 128.60 128.26 128.44 128.28 128.46 128.89 129.01 129.13 129.20 129.31 129.45 129.67 129.78 129.90 129.96 130.16 130.22 130.24 130.27 130.34 130.40 130.41 130.36 130.46 130.40 130.31 130.39 130.31 130.36 130.25 130.40 130.31 130.07 130.03 129.85 129.86 129.77 129.63 129.57 129.42 129.32 129.36 129.61 129.22 129.19 129.03 129.03 128.92 128.80 128.55 128.56 128.54 128.73 128.63 128.68 128.61 128.61 128.55 128.61 128.60 128.58 128.64 128.70 128.61 128.68 128.63 128.60 128.53 128.58 128.61 128.58 128.58 128.68 128.74 128.79 128.97 129.13 129.27 129.41 129.40 129.61 129.74 129.92 129.96 130.06 130.10 130.22 130.23 130.36 130.39 130.41 130.34 130.35 130.20 130.20 130.22 130.20 129.98 129.80 129.72 129.58 129.64 129.50 129.42 129.32 129.24 129.14 129.08 129.04 129.01 128.97 128.99 128.96 128.75 128.82 128.77 128.86 128.84 128.83 128.88 129.01 129.15 129.15 129.23 129.25
129.28 129.26 129.19 129.11 129.14 129.01 129.05 129.08 129.03 128.99 128.98 128.89 128.84 128.73 128.70 128.52 129.96 128.31 128.33 128.29 128.24 128.19 128.19 128.19 128.22 128.25 128.29 128.34 128.39 128.42 128.45 128.46 128.50 128.49 128.50 128.49 128.54 128.58 128.63 128.70 128.78 128.79 128.83 128.80 128.72 128.57 128.41 128.56 128.21 128.32 128.38 128.40 128.74 128.52 128.61 128.72 128.82 128.87 129.05 129.16 129.26 129.36 129.55 129.62 129.75 129.87 129.90 130.01 130.07 130.16 130.29 130.34 130.35 130.42 130.46 130.40 130.44 130.44 130.49 130.59 130.35 130.39 130.44 130.36 130.48 130.32 130.16 130.14 129.99 130.00 129.94 129.90 129.78 129.66 129.47 129.45 129.44 129.42 129.35 129.26 129.21 129.14 129.02 129.03 128.99 128.87 128.80 128.81 128.81 128.75 128.75 128.75 128.70 128.77 128.71 128.78 128.86 128.83 128.83 128.79 128.68 128.65 128.61 128.59 128.54 128.56 128.69 128.76 128.76 128.81 128.95 129.09 129.20 129.23 129.37 129.52 129.63 129.74 129.76 129.83 129.89 129.96 129.99 130.09 130.13 130.06 130.09 130.09 129.83 129.86 129.96 129.83 129.81 129.65 129.56 129.64 129.41 129.51 129.45 129.23 129.15 129.13 129.10 129.11 129.01 129.02 128.97 128.89 128.85 128.90 128.91 128.76 128.81 128.80 128.94 129.17 129.15 129.24 129.30 129.33
129.26 129.26 129.22 129.18 129.20 129.11 129.04 129.01 129.00 129.01 128.91 128.84 128.85 128.74 128.67 128.63 128.38 128.40 128.34 128.33 128.29 128.26 128.21 128.18 128.19 128.20 128.23 128.27 128.26 128.31 128.32 128.35 128.36 128.36 128.37 128.37 128.38 128.41 128.43 128.54 128.57 128.63 128.65 128.63 128.55 128.40 128.27 128.21 128.25 128.32 128.39 128.45 128.50 128.59 128.70 128.82 128.95 129.10 129.24 129.36 129.61 129.69 129.76 129.82 129.92 129.95 130.05 130.13 130.18 130.30 130.31 130.82 130.48 130.48 130.49 130.54 130.52 130.46 130.48 130.46 130.44 130.58 130.35 130.38 129.77 131.21 130.20 130.13 130.10 130.00 130.03 129.87 129.80 129.73 129.69 129.56 129.56 129.45 129.39 129.23 129.24 129.20 129.07 128.95 128.91 128.92 128.91 128.83 128.93 128.87 128.84 128.89 128.96 128.94 128.94 128.97 129.02 128.96 128.90 128.77 128.72 128.73 128.70 128.64 128.64 128.67 128.63 128.70 128.76 128.80 128.93 128.98 129.11 129.11 129.18 129.29 129.47 129.53 129.56 129.51 129.69 129.63 129.75 129.86 129.87 129.82 129.79 129.82 129.78 129.68 129.75 129.69 129.71 129.69 129.53 129.58 129.46 129.50 129.45 129.30 129.21 129.23 129.13 129.09 129.06 128.98 128.97 128.93 128.82 128.90 128.88 128.82 128.99 128.91 128.93 129.04 129.18 129.17 129.22 129.24
129.19 129.22 129.20 129.09 129.17 129.15 128.96 129.08 129.08 129.08 129.02 128.96 128.88 128.83 128.73 128.61 128.64 128.54 128.49 128.43 128.39 128.33 128.27 128.23 128.23 128.21 128.20 128.19 128.19 128.20 128.21 128.23 128.24 128.23 128.21 128.23 128.23 128.23 128.28 128.33 128.36 128.39 128.39 128.31 128.27 128.20 128.19 128.24 128.34 128.40 128.46 128.58 128.62 128.71 128.84 128.93 129.07 129.21 129.35 129.56 129.81 129.67 129.98 130.03 130.05 130.11 130.21 130.27 130.30 130.28 130.40 130.38 130.42 130.51 130.52 130.52 130.46 130.56 130.61 130.57 130.45 130.43 130.44 130.36 130.33 130.31 130.26 130.24 130.16 130.00 129.89 129.95 129.81 129.81 129.57 129.65 129.62 129.54 129.37 129.33 129.24 129.21 129.18 129.13 129.13 129.08 128.95 128.95 128.98 129.01 129.08 129.10 129.09 129.09 129.01 129.07 129.07 129.07 128.92 128.86 128.83 128.79 128.69 128.71 128.65 128.66 128.63 128.69 128.74 128.76 128.86 128.84 129.02 129.16 129.10 128.99 129.20 129.25 129.22 129.38 129.47 129.32 129.46 129.56 129.54 129.47 129.54 129.52 129.52 129.52 129.51 129.55 129.53 129.47 129.46 129.51 129.48 129.37 129.37 129.28 129.32 129.20 129.16 129.08 129.04 128.98 128.84 128.85 128.82 128.87 128.90 128.91 128.96 128.95 128.99 129.03 129.11 129.22 129.08 129.17
129.14 129.15 129.14 129.16 129.14 129.19 129.11 129.06 129.11 129.00 128.96 128.97 128.92 128.84 128.77 128.72 128.66 128.61 128.57 128.50 128.44 128.42 128.39 128.36 128.32 128.31 128.27 128.25 128.24 128.24 128.23 128.22 128.23 128.23 128.22 128.20 128.20 128.21 128.20 128.48 128.19 128.19 128.19 128.19 128.20 128.22 128.26 128.33 128.43 128.51 128.55 128.71 128.83 128.92 129.02 129.16 129.28 129.40 129.53 129.62 129.81 130.00 130.07 130.13 130.22 130.68 130.12 130.36 130.39 130.39 130.49 130.35 130.44 130.59 130.66 130.62 130.58 130.60 130.49 130.53 130.47 130.47 130.41 130.43 130.34 130.31 130.21 130.16 130.07 130.00 129.92 129.88 129.85 129.75 129.75 129.74 129.57 129.49 129.47 129.35 129.32 129.26 129.17 129.16 129.14 129.17 129.04 129.11 129.10 129.16 129.14 129.16 129.18 129.18 129.09 129.15 129.09 129.09 129.04 128.89 128.95 128.93 128.65 128.76 128.73 128.69 128.64 128.61 128.65 128.73 128.73 128.77 128.82 128.52 128.83 128.99 129.01 128.98 129.12 129.19 129.23 129.06 129.28 129.32 129.32 129.20 129.28 129.26 129.32 129.36 129.32 129.37 129.32 129.27 129.34 129.35 129.29 129.27 129.29 129.22 129.17 129.20 129.12 129.09 129.05 128.88 128.97 128.93 128.85 128.89 128.85 128.92 128.96 128.94 129.02 129.03 129.00 129.11 129.10 129.04
129.19 129.08 129.08 129.94 129.12 129.16 129.17 129.15 129.13 129.11 129.07 128.98 128.97 128.89 128.87 128.84 128.78 128.74 128.64 128.54 128.42 128.53 128.50 128.47 128.44 128.43 128.40 128.41 128.41 128.38 128.37 128.35 128.34 128.32 128.30 128.28 128.28 128.29 128.29 128.28 128.27 128.29 128.29 128.32 128.37 128.40 128.45 128.48 128.58 128.67 128.81 128.91 129.02 129.16 129.32 129.40 129.50 129.61 129.74 129.77 129.88 130.02 130.15 130.26 130.25 130.28 130.44 130.41 130.39 130.38 130.45 130.39 130.47 130.47 130.50 130.56 130.51 130.43 130.42 130.46 130.44 130.43 130.32 130.26 130.21 129.96 130.02 129.98 129.97 129.93 129.91 129.82 129.70 129.66 129.71 129.46 129.42 129.44 129.40 129.34 129.33 129.26 129.20 129.21 129.22 129.19 129.19 129.20 129.19 129.16 129.22 129.19 129.25 129.19 129.17 129.14 129.13 129.05 129.11 129.04 128.97 128.94 128.93 128.85 128.80 128.76 128.69 128.67 128.65 128.65 128.66 128.71 128.75 128.75 128.81 128.88 128.92 128.91 128.99 128.87 129.05 128.90 129.06 129.12 129.02 129.14 129.13 129.13 129.17 129.17 129.15 129.16 129.24 129.24 129.23 129.20 129.21 129.16 129.19 129.21 129.17 129.11 129.13 129.10 128.98 129.02 129.01 129.02 128.84 128.90 128.91 128.94 128.87 128.98 129.05 129.08 129.06 129.10 129.12 129.14
129.14 129.26 129.16 129.25 129.24 129.21 129.19 129.21 129.02 129.11 129.06 129.07 129.08 129.05 129.22 128.91 128.88 128.84 128.75 128.80 128.76 128.69 128.67 128.65 128.62 128.61 128.53 128.56 128.55 128.53 128.50 128.48 128.47 128.45 128.42 128.38 128.38 128.39 128.37 128.36 128.37 128.40 128.44 128.48 128.53 128.59 128.64 128.71 128.77 128.86 128.95 128.97 129.18 129.37 129.52 129.67 129.82 129.98 130.04 130.06 130.09 130.22 130.27 130.24 130.37 130.40 130.41 130.32 130.38 130.43 130.32 130.34 130.44 130.45 130.45 130.48 130.47 130.40 130.42 130.39 130.41 130.33 130.27 129.97 131.08 132.88 129.40 129.84 129.93 129.84 129.88 129.73 129.75 129.60 129.59 129.52 129.45 129.43 129.42 129.39 129.32 129.31 129.28 129.17 129.26 129.17 129.15 129.19 129.18 129.17 129.22 129.23 129.26 129.19 129.08 129.10 129.20 129.09 129.06 129.12 129.09 129.02 129.00 128.86 128.85 128.72 128.75 128.69 128.68 128.60 128.66 128.65 128.65 128.67 128.73 128.71 128.76 128.78 128.73 128.82 128.88 128.86 128.92 128.93 128.87 128.98 128.97 129.00 128.98 129.00 129.04 129.05 129.06 129.09 128.96 129.11 129.09 129.16 129.13 129.13 129.05 129.04 129.12 129.11 129.02 129.10 129.09 128.94 129.03 128.96 129.05 129.03 129.00 129.01 129.02 129.08 129.00 129.01 129.17 128.92
129.23 129.22 129.28 129.25 129.23 129.33 129.29 129.24 129.28 129.24 129.11 129.14 129.19 129.08 129.11 129.05 129.05 129.01 128.99 128.98 128.85 128.89 128.80 128.75 128.75 128.67 128.75 128.72 128.67 128.65 128.64 128.58 128.60 128.54 128.77 128.48 128.48 128.48 128.46 128.48 128.50 128.53 128.60 128.62 128.67 128.74 128.83 128.94 129.01 129.11 129.24 129.39 129.52 129.68 129.85 130.00 130.17 130.29 130.41 130.53 130.56 130.53 130.44 130.39 130.39 130.38 130.34 130.38 130.44 130.39 130.42 130.42 130.38 130.44 130.44 130.39 130.36 130.25 130.41 130.36 130.32 130.26 130.10 130.04 130.02 129.89 129.86 129.88 129.83 129.86 129.77 129.70 129.69 129.59 129.56 129.48 129.45 129.41 129.37 129.28 129.23 129.29 129.25 129.16 129.18 129.19 129.19 129.15 129.11 129.03 129.08 129.20 129.24 129.19 129.15 129.16 129.07 129.13 129.11 129.09 129.06 128.97 129.00 128.95 128.89 128.85 128.84 128.74 128.69 128.67 128.63 128.58 128.59 128.59 128.54 128.65 128.65 128.67 128.50 128.71 128.75 128.80 128.81 128.77 128.80 128.81 128.69 128.87 128.86 128.89 128.87 128.97 128.95 128.99 129.01 129.01 129.02 129.04 129.05 129.09 128.97 128.98 128.99 129.04 129.02 129.01 129.09 129.09 129.09 129.04 129.08 129.03 129.11 129.10 129.00 129.05 129.06 129.18 129.16 129.20
129.13 129.30 129.32 129.28 129.31 129.33 129.31 129.34 129.24 129.38 129.29 129.28 129.25 129.28 129.14 129.08 129.08 129.17 129.20 129.11 129.12 129.11 129.08 129.06 128.96 128.94 128.70 128.91 128.90 128.78 128.88 128.75 128.77 128.70 128.63 128.59 128.61 128.61 128.62 128.63 128.64 128.72 128.77 128.84 128.90 128.99 129.15 129.29 129.45 129.57 129.65 129.73 129.78 129.90 129.99 130.12 130.20 130.24 130.35 130.38 130.38 130.40 130.38 130.37 130.32 130.35 130.37 130.38 130.33 130.39 130.40 130.37 130.44 130.41 130.28 130.36 130.34 130.26 130.27 130.22 130.15 130.11 130.14 130.06 129.93 129.94 129.81 129.76 129.74 129.69 129.69 129.63 129.54 129.53 129.53 129.37 129.40 129.40 129.36 129.33 129.31 129.31 129.28 129.19 129.21 129.27 129.24 129.20 129.19 129.22 129.04 129.07 129.16 129.14 129.18 129.14 129.09 129.11 129.10 129.02 128.97 129.00 128.97 128.96 128.87 128.85 128.84 128.82 128.78 128.75 128.71 128.65 128.64 128.60 128.55 128.52 128.55 128.62 128.66 128.64 128.66 128.66 128.68 128.68 128.69 128.69 128.72 128.75 128.75 128.74 128.80 128.77 128.82 128.88 128.93 128.96 128.94 128.98 129.11 129.05 129.01 129.00 129.00 129.06 129.05 129.10 129.10 129.15 129.12 129.08 129.06 129.13 129.16 129.19 129.29 129.24 129.20 129.24 129.20 129.17
129.31 129.39 129.44 129.36 129.32 129.39 129.83 129.29 129.38 129.40 129.28 129.34 129.36 129.31 129.40 129.42 129.41 129.34 129.47 129.25 129.16 129.28 129.28 129.23 129.15 129.12 129.06 128.99 129.03 128.93 128.96 128.98 129.00 128.88 128.97 128.98 128.89 128.89 128.91 128.93 128.89 129.02 129.06 129.11 129.20 129.26 129.36 129.50 129.58 129.70 129.79 129.86 129.87 129.85 129.93 129.96 129.99 130.03 130.09 130.09 130.05 130.12 130.13 130.17 130.31 130.23 130.24 130.28 130.38 130.30 130.34 130.30 130.29 130.34 130.26 130.19 130.20 130.23 130.18 130.11 130.06 130.04 130.00 129.93 129.85 129.83 129.78 129.76 129.72 129.61 129.52 129.45 129.50 129.51 129.43 129.42 129.38 129.36 129.34 129.29 129.24 129.20 129.17 129.15 129.21 129.23 129.21 129.16 129.18 129.16 129.21 129.15 129.12 129.12 129.07 129.11 129.05 129.03 128.95 129.02 128.91 128.97 128.95 128.86 128.87 128.86 128.84 128.84 128.80 128.75 128.72 128.73 128.69 128.67 128.62 128.62 128.59 128.56 128.54 128.52 128.48 128.48 128.50 128.52 128.55 128.59 128.63 128.65 128.71 128.70 128.76 128.75 128.75 128.77 128.84 128.81 128.91 128.97 129.00 129.03 129.04 128.98 129.07 129.08 129.09 129.15 129.12 129.14 129.03 129.17 129.16 129.14 129.08 129.19 129.21 129.25 129.33 129.21 129.29 129.27
129.44 129.50 129.52 129.47 129.41 129.55 129.58 129.53 129.53 129.59 129.65 129.56 129.58 129.47 129.69 129.54 129.51 129.49 129.42 129.42 129.46 129.24 129.25 129.32 129.24 129.34 129.24 129.59 129.40 129.32 129.39 129.26 129.20 129.16 129.08 129.15 129.09 129.12 129.15 129.24 129.29 129.34 129.38 129.41 129.49 129.55 129.58 129.63 129.68 129.74 129.83 129.97 129.92 129.93 129.93 129.92 129.87 129.87 129.82 129.88 129.92 129.96 130.00 129.99 130.04 130.11 130.14 130.10 130.10 130.14 130.22 130.27 130.26 130.15 130.22 130.23 130.23 130.14 130.07 129.97 129.98 129.92 129.87 129.82 129.84 129.82 129.76 129.71 129.65 129.64 129.57 129.41 129.41 129.42 129.40 129.29 129.31 129.30 129.27 129.29 129.24 129.24 129.21 129.10 129.18 129.18 129.12 129.10 129.09 129.05 129.10 129.10 129.14 129.12 129.08 129.12 129.12 129.06 128.98 128.93 128.96 129.01 128.98 128.90 128.89 128.86 128.83 128.85 128.78 128.77 128.74 128.72 128.73 128.69 128.70 128.67 128.64 128.61 128.60 128.61 128.62 128.63 128.65 128.65 128.66 128.68 128.69 128.70 128.73 128.75 128.73 128.78 128.78 128.81 128.81 128.81 128.90 128.94 128.96 128.94 129.04 129.03 129.00 129.07 129.14 129.18 129.11 129.17 129.24 129.27 128.89 130.24 129.03 128.45 129.23 129.30 129.42 129.39 129.25 129.36
129.44 129.55 129.49 129.55 129.55 129.67 129.53 129.62 129.64 129.63 129.69 129.61 129.62 129.72 129.63 129.69 129.68 129.50 129.59 129.63 129.57 129.68 129.72 129.81 129.65 129.47 129.51 129.51 129.29 129.37 129.40 129.35 129.48 129.53 129.60 129.44 129.38 129.40 129.32 129.44 129.43 129.48 129.57 129.56 129.56 129.51 129.60 129.65 129.69 129.80 129.86 129.88 129.88 129.89 129.90 130.03 129.88 129.87 129.90 129.92 130.00 130.05 130.09 130.09 130.09 130.06 130.02 130.04 130.09 130.00 130.12 130.12 130.12 130.12 130.09 130.13 130.06 130.05 129.94 129.97 129.89 129.87 129.80 129.95 129.76 129.68 129.63 129.57 129.56 129.56 129.49 129.47 129.43 129.38 129.38 129.35 129.44 129.27 129.23 129.21 129.19 129.18 129.17 129.13 129.15 129.16 129.16 129.13 129.08 129.13 129.09 129.06 129.11 129.10 129.08 129.06 129.04 129.06 128.98 128.98 128.97 128.95 128.90 128.98 128.97 128.94 128.86 128.84 128.84 128.78 128.83 128.81 128.81 128.78 128.72 128.74 128.71 128.71 128.70 128.70 128.68 128.72 128.73 128.65 128.69 128.72 128.75 128.76 128.73 128.73 128.76 128.79 128.81 128.82 128.85 128.85 128.87 128.94 128.97 129.00 129.00 129.06 129.07 129.13 129.15 129.14 129.14 129.17 129.21 129.25 129.25 129.30 129.25 129.47 129.48 129.51 129.52 129.51 129.47 129.40
129.66 129.54 129.32 129.21 129.35 129.63 129.53 129.18 129.20 129.59 129.69 129.69 129.73 129.69 129.68 129.51 129.29 129.34 129.21 129.51 129.31 129.42 129.84 130.13 129.70 129.52 129.51 129.64 129.58 129.57 129.56 129.57 129.62 129.54 129.24 129.52 129.43 129.51 129.49 129.46 129.62 129.59 129.51 129.52 129.60 129.68 129.72 129.76 129.80 129.83 129.85 129.89 129.76 129.96 129.99 130.03 130.06 130.06 130.06 130.06 130.10 129.45 129.47 129.84 129.97 129.95 129.94 129.97 129.89 129.89 129.95 129.97 129.97 129.98 129.93 129.94 129.91 129.92 129.95 129.93 129.87 129.76 129.75 129.71 129.70 129.64 129.52 129.50 129.58 129.53 129.54 129.49 129.42 129.33 129.32 129.35 129.35 129.33 129.29 129.25 129.24 129.23 129.19 129.26 129.19 129.17 129.17 129.15 129.15 129.14 129.13 129.11 129.08 129.02 129.02 129.01 129.05 128.99 128.99 128.92 128.95 128.97 128.98 128.98 128.97 128.98 128.95 128.94 128.91 128.87 128.89 128.85 128.82 128.77 128.58 128.72 128.79 128.79 128.81 128.80 128.76 128.77 128.76 128.76 128.77 128.75 128.79 128.76 128.78 128.74 128.79 128.83 128.82 128.85 128.88 128.90 128.92 128.94 128.91 128.96 128.98 129.03 129.11 129.15 129.16 129.17 129.20 129.27 129.27 129.24 129.31 129.25 129.30 129.37 129.34 129.53 129.63 129.61 129.53 129.60
129.41 129.30 129.30 129.39 129.42 129.38 129.34 129.34 129.37 129.36 129.37 129.23 129.46 129.41 129.45 129.53 129.53 129.57 129.57 129.52 129.50 129.62 129.60 129.63 129.68 129.72 129.64 129.43 129.50 129.40 129.46 129.50 129.53 129.55 129.51 129.57 129.54 129.63 129.62 129.61 129.63 129.66 129.66 129.62 129.56 129.59 129.63 129.67 129.70 129.78 129.85 129.82 129.86 129.90 129.94 129.95 129.91 129.97 130.04 130.03 130.08 130.10 130.09 130.11 130.05 130.06 130.12 130.07 129.97 129.91 129.85 129.82 129.74 129.77 129.78 129.62 129.58 129.62 129.72 129.73 129.62 129.68 129.52 129.12 129.34 129.63 128.73 128.89 129.38 128.44 128.69 129.09 128.87 128.60 128.98 128.47 128.59 129.04 128.86 128.65 128.74 128.77 128.84 129.12 129.15 129.09 129.13 129.14 129.15 129.13 129.12 129.11 129.10 129.08 129.04 129.05 129.03 129.03 129.01 128.85 129.30 128.84 128.97 128.94 128.93 128.95 128.93 128.91 128.91 128.92 128.92 128.92 128.90 128.91 128.90 128.90 128.91 128.91 128.87 128.89 128.87 128.84 128.79 128.80 128.81 128.75 128.69 128.70 128.73 128.77 128.79 128.77 128.83 128.87 128.87 128.93 128.91 128.96 128.94 128.95 128.98 129.04 129.06 129.13 129.14 129.18 129.16 129.15 129.19 129.29 129.28 129.31 129.32 129.36 129.38 129.33 129.32 129.45 129.45 129.43
128.70 128.71 128.73 128.77 128.73 128.74 128.76 128.75 128.76 128.78 128.80 128.82 128.84 128.86 128.88 128.91 128.91 128.94 128.94 128.96 128.97 128.99 129.02 129.05 129.09 129.14 129.22 129.31 129.31 129.38 129.46 129.38 129.39 129.56 129.13 129.13 128.98 129.20 128.73 128.84 129.03 129.11 129.47 129.48 129.50 129.57 129.64 129.61 129.44 129.40 128.97 128.94 128.80 128.96 129.39 129.10 129.13 129.10 129.07 129.14 129.62 129.44 129.50 129.51 129.58 129.64 129.73 129.40 129.25 129.01 129.02 129.07 128.68 128.86 128.72 128.52 128.39 128.49 128.39 128.26 128.29 128.19 128.20 128.21 128.21 128.25 128.25 128.26 128.25 128.28 128.26 128.24 128.32 128.32 128.28 128.29 128.29 128.36 128.36 128.34 128.27 128.21 128.23 128.21 128.31 128.35 128.27 128.59 128.48 128.80 128.76 128.40 128.53 128.96 128.71 128.78 128.61 128.68 128.86 128.47 128.51 128.45 128.50 128.52 128.69 128.93 128.58 128.64 128.65 128.64 128.67 128.66 128.66 128.68 128.69 128.71 128.77 128.84 128.91 128.91 128.92 128.91 128.91 128.89 128.91 128.86 128.87 128.89 128.90 128.94 128.94 128.97 128.97 128.99 128.98 128.97 128.97 129.00 129.01 128.97 128.98 129.00 129.02 129.02 129.02 129.01 128.99 128.97 128.96 128.89 128.83 128.84 128.83 128.82 128.82 128.78 128.74 128.71 128.70 128.70
128.47 128.47 128.48 128.48 128.48 128.47 128.48 128.49 128.50 128.51 128.53 128.55 128.56 128.58 128.59 128.62 128.65 128.65 128.71 128.71 128.74 128.75 128.75 128.75 128.74 128.70 128.82 128.79 128.79 128.39 128.37 128.24 128.36 128.43 128.32 128.42 128.24 128.24 128.30 128.29 128.21 128.29 128.22 128.22 128.21 128.19 128.19 128.20 128.21 128.23 128.24 128.31 128.44 128.49 128.28 128.33 128.24 128.19 128.20 128.27 128.21 128.56 128.50 129.05 129.20 129.35 129.48 129.58 129.56 129.26 129.04 128.77 128.57 128.44 128.39 128.29 128.24 128.19 128.18 128.19 128.19 128.21 128.22 128.22 128.24 128.26 128.27 128.29 128.30 128.30 128.31 128.31 128.32 128.33 128.34 128.36 128.37 128.38 128.39 128.40 128.41 128.43 128.44 128.45 128.47 128.48 128.48 128.49 128.48 128.42 128.35 128.29 128.29 128.27 128.31 128.27 128.27 128.28 128.23 128.25 128.27 128.26 128.22 128.24 128.22 128.26 128.24 128.22 128.24 128.22 128.27 128.25 128.22 128.20 128.21 128.24 128.26 128.23 128.22 128.21 128.22 128.37 128.39 128.41 128.62 128.59 128.79 128.93 128.95 128.92 128.89 128.88 128.88 128.88 128.92 128.94 128.92 128.91 128.86 128.83 128.81 128.80 128.78 128.76 128.73 128.71 128.68 128.66 128.64 128.63 128.61 128.60 128.58 128.56 128.55 128.54 128.51 128.49 128.48 128.48
128.63 128.54 128.62 128.72 128.78 128.96 128.44 128.38 128.51 128.58 128.22 128.29 128.28 128.19 128.44 128.41 128.27 128.34 128.36 128.35 128.35 128.26 128.30 128.22 128.32 128.33 128.31 128.34 128.39 128.37 128.50 128.41 128.38 128.31 128.39 128.42 128.42 128.43 128.42 128.40 128.40 128.35 128.38 128.42 128.40 128.43 128.47 128.46 128.46 128.40 128.39 128.41 128.38 128.28 128.30 128.34 128.33 128.32 128.30 128.30 128.31 128.28 128.24 128.26 128.28 128.28 128.24 128.24 128.41 128.53 128.60 128.64 128.47 128.45 128.50 128.64 128.75 128.91 128.96 128.94 128.93 128.86 128.57 128.39 128.37 128.36 128.34 128.36 128.41 128.51 128.87 128.97 128.25 128.31 128.32 128.30 128.32 128.34 128.38 128.41 128.42 128.39 128.43 128.46 128.47 128.49 128.50 128.51 128.52 128.53 128.54 128.53 128.53 128.53 128.52 128.51 128.50 128.49 128.49 128.49 128.48 128.47 128.47 128.48 128.48 128.48 128.48 128.48 128.48 128.49 128.48 128.49 128.49 128.48 128.47 128.47 128.43 128.44 128.44 128.38 128.46 128.45 128.46 128.34 128.32 128.29 128.25 128.19 128.24 128.31 128.26 128.32 128.21 128.23 128.30 128.35 128.20 128.24 128.28 128.30 128.27 128.32 128.33 128.42 128.38 128.45 128.51 128.76 128.57 128.81 128.61 128.48 128.41 128.37 128.42 128.53 128.62 128.44 128.46 128.50
128.62 128.56 128.59 128.57 128.54 128.57 128.57 128.58 128.66 128.68 128.68 128.67 128.64 128.63 128.66 128.69 128.70 128.69 128.70 128.70 128.69 128.65 128.65 128.75 128.74 128.74 128.72 128.71 128.69 128.69 128.68 128.72 128.75 128.72 128.75 128.79 128.82 128.82 128.82 128.82 128.79 128.80 128.76 128.77 128.79 128.83 128.84 128.85 128.83 128.82 128.82 128.82 128.81 128.80 128.76 128.71 128.70 128.67 128.66 128.66 128.68 128.71 128.71 128.72 128.73 128.73 128.74 128.73 128.72 128.70 128.60 128.48 128.47 128.49 128.49 128.52 128.47 128.51 128.52 128.49 128.54 128.57 128.58 128.58 128.55 128.58 128.56 128.50 128.55 128.51 128.59 128.62 128.60 128.64 128.68 128.68 128.66 128.67 128.64 128.65 128.68 128.72 128.72 128.69 128.68 128.74 128.75 128.76 128.77 128.78 128.79 128.77 128.79 128.78 128.78 128.77 128.76 128.75 128.76 128.69 128.78 128.76 128.75 128.73 128.67 128.64 128.73 128.73 128.70 128.70 128.67 128.71 128.77 128.77 128.77 128.77 128.77 128.75 128.71 128.71 128.71 128.70 128.69 128.71 128.68 128.68 128.67 128.70 128.73 128.77 128.74 128.77 128.72 128.74 128.79 128.78 128.77 128.64 128.69 128.65 128.71 128.60 128.60 128.55 128.55 128.54 128.58 128.60 128.59 128.58 128.60 128.56 128.53 128.53 128.53 128.51 128.56 128.54 128.50 128.57
128.91 128.91 128.90 128.89 128.88 128.93 128.93 128.95 128.95 128.95 128.95 128.95 128.95 128.95 128.95 128.96 128.96 128.96 128.96 128.96 128.96 128.96 128.95 128.96 128.96 128.95 128.96 128.97 128.97 128.98 128.98 128.99 128.99 128.99 128.99 128.99 128.99 129.00 129.00 129.00 129.00 129.00 129.00 129.00 129.00 129.00 129.00 129.00 129.00 129.00 129.00 128.99 128.99 128.99 128.98 128.97 128.97 128.97 128.96 128.96 128.97 128.96 128.96 128.96 128.95 128.95 128.95 128.94 128.95 128.94 128.94 128.94 128.94 128.93 128.93 128.92 128.92 128.91 128.91 128.90 128.91 128.91 128.91 128.90 128.91 128.90 128.90 128.90 128.90 128.90 128.90 128.89 128.88 128.88 128.90 128.91 128.91 128.90 128.88 128.87 128.89 128.91 128.91 128.92 128.92 128.93 128.93 128.93 128.94 128.94 128.94 128.94 128.95 128.95 128.95 128.95 128.95 128.96 128.96 128.96 128.96 128.96 128.96 128.96 128.96 128.96 128.96 128.96 128.97 128.97 128.97 128.97 128.97 128.97 128.98 128.98 128.98 128.99 128.99 128.99 128.99 128.99 128.99 128.99 128.99 128.99 128.99 128.99 128.99 128.99 128.99 128.98 128.98 128.98 128.97 128.97 128.96 128.96 128.96 128.97 128.97 128.97 128.96 128.96 128.97 128.97 128.96 128.96 128.96 128.96 128.95 128.95 128.94 128.94 128.93 128.93 128.92 128.92 128.92 128.91
