East longitude (degrees): -179:2:179
North latitude (degrees): -89:2:89

Absorbed dose on Martian Surface (1E-6 Gy/day), 2D array where Absorbed dose(i,j)= value at latitude(i) and longitude(j).
99.95 99.99 100.04 100.05 100.05 100.04 100.04 100.05 100.08 100.11 100.25 100.30 100.27 100.32 100.49 100.57 100.62 100.69 100.71 100.62 100.56 100.68 100.69 100.65 100.60 100.57 100.52 100.53 100.60 100.57 100.64 100.73 100.68 100.62 100.70 100.63 100.56 100.50 100.42 100.36 100.31 100.23 100.17 100.14 100.11 100.09 100.07 100.06 100.03 100.00 99.97 99.96 99.93 99.92 99.92 99.92 99.85 99.82 99.81 99.82 99.81 99.80 99.81 99.77 99.79 99.81 99.82 99.69 99.63 99.66 99.61 99.62 99.63 99.63 99.59 99.57 99.56 99.56 99.54 99.54 99.53 99.56 99.57 99.55 99.57 99.58 99.57 99.57 99.57 99.58 99.58 99.61 99.62 99.62 99.63 99.67 99.68 99.72 99.76 99.78 99.77 99.76 99.75 99.75 99.76 99.77 99.77 99.78 99.79 99.80 99.81 99.79 99.77 99.79 99.84 99.88 99.87 99.87 99.88 99.90 99.92 99.92 99.93 99.96 99.99 100.02 100.02 100.04 100.07 100.08 100.10 100.11 100.12 100.13 100.14 100.17 100.17 100.17 100.17 100.17 100.13 100.13 100.11 100.08 100.09 100.09 100.08 100.05 100.02 99.99 99.98 99.97 99.97 99.94 99.92 99.91 99.90 99.89 99.89 99.90 99.89 99.89 99.88 99.86 99.85 99.84 99.85 99.86 99.86 99.87 99.88 99.90 99.91 99.93 99.93 99.95 99.96 99.96 99.96 99.96
101.26 101.31 101.32 101.41 101.38 101.44 101.38 101.37 101.35 101.30 101.30 101.29 101.22 101.13 101.09 101.08 101.10 101.11 101.11 101.08 101.08 101.12 101.21 101.24 101.22 101.19 101.19 101.12 101.18 101.07 101.24 101.25 101.13 101.12 101.11 101.11 101.09 101.06 101.07 101.06 101.02 101.06 101.03 101.01 100.98 100.96 100.95 100.90 100.85 100.80 100.67 100.81 100.65 100.41 100.45 100.40 100.30 100.19 100.14 100.13 100.31 99.87 99.97 99.74 99.67 99.65 99.58 99.54 99.50 99.50 99.50 99.51 99.59 99.57 99.30 99.25 99.19 99.10 99.08 99.26 98.96 98.79 98.79 98.70 98.68 98.68 98.71 98.74 98.77 98.80 98.83 98.83 98.83 98.81 98.84 99.27 99.19 99.38 99.29 99.48 99.48 99.48 99.55 99.56 99.60 99.67 99.71 99.84 99.91 99.95 99.84 99.83 99.86 99.89 99.91 99.91 99.95 99.98 100.03 100.04 100.09 100.13 100.14 100.18 100.24 100.23 100.24 100.29 100.35 100.33 100.38 100.39 100.40 100.45 100.54 100.65 100.72 100.82 100.77 100.64 100.53 100.49 100.47 100.44 100.41 100.40 100.36 100.17 100.15 100.13 100.13 100.14 100.17 100.16 100.16 100.17 100.22 100.30 100.37 100.37 100.43 100.48 100.54 100.57 100.66 100.73 100.79 100.83 100.93 100.95 101.07 101.07 101.09 101.09 101.15 101.08 100.90 101.00 101.25 101.40
100.59 100.59 100.61 100.61 100.62 100.62 100.63 100.66 100.67 100.67 100.67 100.68 100.69 100.74 100.69 100.65 100.66 100.73 100.73 100.74 100.74 100.76 100.78 100.79 100.78 100.79 100.82 100.90 100.94 101.04 101.27 101.30 101.29 101.29 101.32 101.22 101.35 101.28 101.25 101.21 101.37 101.56 101.53 101.55 101.42 101.40 101.35 101.30 101.26 101.20 101.23 101.15 101.15 101.14 101.35 101.42 101.20 101.08 101.13 101.40 101.31 100.63 100.56 100.63 100.76 100.86 100.72 100.78 100.75 100.42 100.60 100.55 100.27 100.18 100.21 100.00 100.29 100.52 100.78 100.50 100.36 100.31 100.37 100.40 100.52 100.44 100.40 100.29 100.28 100.37 100.23 100.20 100.24 100.15 100.10 100.07 100.04 100.04 100.05 100.11 100.07 100.16 100.37 100.58 100.52 100.49 100.48 100.49 100.46 100.50 100.56 100.60 100.64 100.68 100.53 100.56 100.64 100.65 100.60 100.54 100.53 100.56 100.58 100.65 100.72 100.77 100.77 100.73 100.73 100.69 100.66 100.63 100.60 100.61 100.63 100.71 101.08 101.78 102.02 101.86 101.48 101.29 101.20 101.23 100.92 100.77 100.69 100.62 100.65 100.69 100.61 100.62 100.66 100.75 100.86 100.90 100.92 100.94 100.92 100.92 100.91 100.79 100.69 100.64 100.62 100.69 100.73 100.78 100.86 100.98 100.83 100.86 100.83 100.79 100.74 100.72 100.70 100.69 100.62 100.59
100.61 100.62 100.64 100.65 100.65 100.66 100.67 100.68 100.70 100.72 100.73 100.76 100.78 100.80 100.79 100.80 100.81 100.84 100.86 100.88 100.90 100.93 100.96 100.99 101.02 101.06 101.09 101.14 101.21 101.29 101.25 101.16 101.15 101.11 101.19 101.26 101.25 101.22 101.27 101.31 101.15 101.15 101.17 101.18 101.20 101.23 101.22 101.57 101.66 101.72 101.67 101.69 101.64 101.64 101.66 101.64 101.60 101.80 101.86 101.86 101.57 101.81 101.76 101.69 101.92 101.75 101.76 101.74 101.99 101.78 101.97 102.14 102.25 102.25 102.14 102.05 102.07 102.07 102.07 102.14 102.12 102.10 102.00 102.03 102.05 102.01 101.98 101.96 102.00 101.98 101.79 101.76 101.81 102.01 101.71 101.63 101.53 101.48 101.48 101.38 101.51 101.16 101.27 101.09 101.36 101.52 101.55 101.39 101.32 101.34 101.36 101.45 101.61 101.67 101.72 101.69 101.44 101.45 101.40 101.39 101.34 101.33 101.13 101.07 101.11 101.15 101.14 101.05 101.04 101.13 101.09 101.10 101.21 101.22 101.35 101.71 102.19 102.14 102.16 102.15 102.16 101.44 101.35 101.38 101.35 101.43 101.40 101.35 101.33 101.32 101.28 101.20 101.12 101.08 101.05 100.96 100.92 100.95 101.15 101.39 101.68 101.84 101.53 101.18 100.70 100.70 100.50 100.44 100.42 100.44 100.53 100.67 100.98 100.96 100.77 100.63 100.57 100.55 100.57 100.59
100.80 100.85 100.85 100.95 100.78 100.83 100.87 100.90 100.93 100.97 101.02 101.07 101.18 101.20 101.07 101.07 101.10 101.14 101.17 101.19 101.22 101.26 101.27 101.30 101.32 101.36 101.41 101.43 101.45 101.48 101.51 101.61 101.60 101.62 101.69 101.66 101.53 101.55 101.54 101.56 101.67 101.58 101.37 101.41 101.30 101.22 101.27 101.39 101.43 101.36 101.47 101.41 101.57 102.11 101.89 102.02 102.20 101.91 102.19 102.14 101.94 102.02 102.07 102.05 102.06 102.04 102.07 102.08 102.03 101.98 102.05 101.95 101.84 101.85 101.87 101.89 101.85 101.86 101.84 101.86 102.12 101.80 101.70 101.67 101.65 101.67 101.66 101.67 101.65 101.64 101.63 101.64 101.57 101.45 101.32 101.12 100.67 100.18 100.77 100.85 101.18 101.40 101.36 101.43 101.63 101.75 101.84 101.98 101.95 101.88 101.74 101.93 102.00 102.08 102.07 102.12 102.14 102.19 102.17 102.17 102.15 102.17 102.13 102.09 102.08 102.09 101.86 101.87 101.92 101.96 102.00 102.13 102.17 102.23 102.25 102.24 102.23 101.84 101.32 101.19 101.16 101.12 101.10 101.21 101.26 101.27 101.22 101.32 101.37 101.43 101.51 101.56 101.63 101.48 101.56 101.70 101.80 101.59 101.50 101.52 101.80 101.65 101.46 101.46 101.54 101.50 101.77 101.35 100.84 100.64 100.66 100.76 100.85 101.00 101.18 100.75 100.83 100.83 100.70 100.74
101.02 101.06 101.07 101.14 101.13 101.11 101.11 101.14 101.15 101.28 101.19 101.25 101.29 101.31 101.36 101.46 101.41 101.55 101.35 101.49 101.41 101.43 101.42 101.71 101.98 101.35 101.63 101.94 101.83 101.89 101.85 101.85 101.83 101.85 101.88 101.90 101.90 101.89 101.83 101.81 101.81 101.66 102.04 102.11 101.51 101.63 101.63 101.55 101.52 101.69 101.84 101.69 102.13 102.03 102.08 102.20 102.35 101.59 102.00 101.69 102.15 102.00 101.62 101.90 101.92 102.12 102.15 102.11 102.10 102.08 102.05 102.07 102.06 102.07 102.06 102.04 102.06 102.09 102.07 101.94 102.00 102.10 101.94 101.92 101.94 102.06 101.85 101.97 101.87 101.89 101.93 101.85 101.81 101.62 101.09 101.09 100.82 101.13 101.49 101.67 101.62 101.78 101.81 101.85 101.90 102.03 101.92 101.99 101.83 102.00 101.74 101.92 101.82 101.82 101.60 101.54 101.98 102.08 102.24 102.27 102.30 102.29 102.31 102.30 102.32 102.30 102.27 102.30 102.29 102.31 102.27 102.26 102.31 102.30 102.30 102.30 102.34 102.35 102.32 102.32 102.31 102.34 102.15 101.90 102.02 101.67 101.35 101.35 101.35 101.28 101.32 101.39 101.64 102.32 102.24 101.69 101.56 101.90 101.15 101.16 101.55 101.19 101.00 100.91 100.86 100.93 100.82 101.07 100.90 100.87 100.88 100.92 101.00 100.80 100.74 100.82 100.89 100.96 100.96 100.97
101.54 101.36 101.32 101.31 101.25 101.42 101.39 101.62 101.59 101.62 101.61 101.63 101.83 101.71 101.67 101.72 101.78 101.78 101.85 101.75 101.70 101.73 101.70 101.77 101.73 101.81 101.93 101.98 101.89 101.96 101.94 101.95 101.96 101.95 101.95 101.96 101.94 101.96 101.95 101.95 101.94 101.95 101.91 101.82 101.79 101.65 101.33 101.76 101.28 101.45 101.93 101.83 101.73 101.42 101.53 101.67 101.78 101.76 101.85 101.83 102.01 102.12 102.01 102.06 102.17 102.20 102.19 102.21 102.21 102.20 102.18 102.17 102.14 102.15 102.13 102.13 102.12 102.07 101.95 101.96 101.92 101.85 101.81 101.72 101.87 101.98 101.90 101.93 101.81 101.88 101.89 101.86 101.64 101.54 101.46 101.35 101.03 100.78 101.52 102.18 102.38 102.47 102.46 101.81 101.97 101.89 101.91 102.01 101.85 102.04 101.88 101.85 101.81 102.06 102.27 102.17 101.85 101.77 101.51 101.37 101.30 101.06 100.96 101.31 101.67 101.97 102.15 102.14 102.09 101.97 101.62 101.98 102.08 101.69 102.04 102.15 102.32 102.26 102.11 102.04 101.86 101.88 101.74 102.01 102.36 102.33 102.23 102.16 101.74 101.76 101.81 101.33 101.75 101.95 101.94 101.42 101.18 101.22 101.07 101.09 101.14 101.03 101.02 101.18 101.10 101.07 101.14 101.20 101.22 101.20 101.14 101.20 101.34 101.13 101.14 101.18 101.31 101.41 101.47 101.35
101.68 101.75 101.61 101.70 101.58 101.57 101.64 102.05 101.78 101.74 102.30 102.47 101.87 101.96 101.95 102.02 101.88 101.95 101.94 101.83 101.83 101.97 101.98 102.07 101.98 102.02 102.05 102.06 102.04 102.02 102.02 102.01 102.02 102.00 101.73 101.96 101.97 101.96 101.95 101.95 101.91 101.89 101.89 101.90 101.93 101.97 101.92 101.87 101.76 101.69 101.75 101.44 101.36 101.60 101.92 101.99 101.95 102.15 102.24 102.26 102.28 102.27 102.25 102.22 102.21 102.21 102.19 102.08 102.19 102.12 102.05 101.96 101.94 101.84 101.81 101.86 101.82 101.93 101.84 101.85 101.90 101.92 101.98 101.88 102.07 101.94 101.94 102.03 101.94 101.94 101.88 101.71 101.63 101.81 101.90 101.92 101.93 101.93 101.97 101.89 101.80 101.86 101.85 101.82 102.00 102.04 102.04 101.94 101.93 101.86 101.81 101.70 101.42 101.53 101.63 101.30 101.55 101.46 101.32 101.43 101.27 101.23 101.67 101.86 101.75 101.66 102.32 101.50 101.62 101.62 101.69 101.98 101.92 101.85 101.80 101.68 101.86 101.26 101.02 100.74 100.70 101.14 102.46 102.37 102.42 101.73 102.11 101.74 102.19 102.37 102.30 102.26 102.22 102.23 102.28 101.61 100.92 100.87 100.86 100.86 100.83 100.93 101.35 101.27 101.38 100.99 101.04 101.16 101.20 101.20 101.25 101.26 101.29 101.45 101.45 101.49 101.57 101.53 101.57 101.60
102.32 101.68 102.07 102.06 102.00 101.82 102.24 102.07 102.09 102.08 101.83 101.63 102.16 101.77 101.93 102.04 102.01 102.00 101.96 101.88 101.79 101.57 102.18 101.44 101.59 102.10 101.96 101.94 101.96 101.99 102.00 101.99 102.04 101.83 101.79 101.60 101.74 101.96 101.90 101.93 101.93 101.95 101.90 101.93 101.96 101.96 101.97 101.82 102.15 102.64 102.65 102.73 102.71 101.86 102.18 102.19 102.29 102.32 102.34 102.35 102.36 102.34 102.31 102.26 102.28 102.07 102.16 102.26 102.28 102.28 102.25 102.09 101.97 102.04 101.96 101.90 101.86 101.93 102.06 101.84 101.85 101.87 101.90 102.09 102.00 102.14 102.22 102.20 102.14 102.17 101.98 101.96 101.76 101.98 101.97 102.03 102.13 102.14 102.14 102.13 102.15 102.15 102.19 102.17 102.12 102.09 102.16 101.90 101.85 101.76 101.49 101.27 101.42 101.70 101.95 101.78 101.91 101.84 101.90 101.68 101.77 101.53 101.40 101.34 101.54 101.51 101.72 101.74 101.91 101.88 101.85 101.91 101.93 101.98 102.04 102.04 102.03 102.10 101.90 101.68 101.93 101.11 101.24 101.63 101.69 101.72 101.77 101.91 102.26 102.13 102.02 101.49 101.97 102.24 102.40 102.46 102.11 101.49 100.93 101.20 101.03 101.23 101.53 101.57 101.14 101.32 101.59 101.68 101.58 101.81 102.28 102.14 101.91 101.82 101.83 101.79 101.88 101.76 101.79 102.26
102.22 102.26 102.32 102.37 102.41 102.50 102.58 102.53 102.54 102.55 102.54 102.16 101.74 101.53 101.09 101.11 101.54 101.64 102.28 101.79 101.82 101.71 101.57 101.62 102.67 101.98 101.98 102.00 101.93 101.80 101.84 101.78 101.77 101.90 101.85 101.83 101.78 101.98 101.88 101.89 101.98 101.88 101.97 101.92 101.95 101.97 101.80 101.69 101.73 102.26 102.65 102.58 102.75 101.73 102.24 102.33 102.36 102.39 102.36 102.37 102.41 102.23 102.15 102.22 102.29 102.34 102.37 102.27 102.28 101.77 101.93 102.05 101.96 102.06 101.89 101.99 101.90 101.62 101.50 101.41 101.35 101.95 101.95 101.95 102.07 102.09 102.17 102.07 102.22 102.14 102.41 102.36 102.14 102.19 102.19 102.09 102.05 101.68 102.04 102.20 102.28 102.13 102.15 102.16 102.15 102.18 101.97 101.44 101.62 101.83 101.86 101.92 101.93 102.03 102.04 101.99 102.14 102.04 102.11 102.16 102.11 102.23 102.24 102.12 102.19 102.01 101.64 101.78 102.46 102.45 101.89 101.98 101.85 101.10 101.63 101.76 101.82 101.53 101.35 101.56 101.78 101.46 101.98 102.09 102.25 102.27 102.25 102.08 102.08 102.18 102.35 102.30 102.43 102.32 102.72 102.81 102.77 102.60 102.39 102.25 102.38 102.28 102.15 102.34 102.44 102.40 102.39 102.28 102.19 102.46 102.22 102.39 102.32 102.33 102.02 102.01 102.05 102.10 101.88 102.18
101.84 101.89 102.11 102.26 102.01 102.80 102.71 102.54 102.62 102.60 102.57 102.45 102.08 102.12 101.85 101.95 101.25 101.36 101.60 101.88 102.09 101.95 101.77 101.69 101.63 102.04 101.89 101.98 101.74 102.09 101.51 101.56 101.51 101.69 101.72 101.79 101.96 101.98 102.04 102.04 102.08 102.04 102.03 102.07 102.07 102.40 101.96 102.14 102.15 102.14 102.18 102.26 102.27 102.33 102.35 102.32 102.34 102.36 102.24 102.24 102.13 102.35 102.33 102.41 102.33 102.20 101.86 101.89 101.93 101.93 101.90 101.97 101.96 102.08 102.15 102.26 102.16 101.82 101.51 101.68 101.78 102.05 102.05 101.83 101.82 101.70 101.75 101.73 101.90 102.07 102.09 102.17 101.62 102.20 102.24 102.19 102.27 102.27 102.26 102.29 102.26 102.24 102.27 102.23 102.10 101.93 101.52 102.18 102.29 102.22 102.12 102.02 102.08 102.01 102.09 101.82 101.79 102.11 102.33 102.44 102.53 102.46 102.48 102.52 102.51 102.46 102.26 102.03 101.87 101.87 102.11 102.03 102.00 101.97 102.47 101.82 101.07 101.31 101.37 101.46 101.59 101.60 101.37 101.45 101.78 102.05 102.12 101.97 102.25 102.30 102.31 102.36 102.09 101.03 102.31 102.71 102.63 101.39 102.71 102.66 102.62 102.49 102.44 102.39 102.25 102.08 101.93 101.97 101.52 101.34 101.93 102.28 102.24 102.11 102.03 101.94 101.88 101.82 101.95 101.94
102.66 101.78 101.62 102.08 102.11 102.18 102.20 102.54 102.55 102.61 102.63 102.63 102.53 102.45 102.23 102.03 101.82 101.52 101.45 101.26 101.24 101.06 101.28 101.30 101.54 101.53 101.45 101.38 101.69 101.20 101.21 101.22 101.58 102.53 101.56 101.72 101.75 102.21 101.99 102.01 102.07 102.06 102.04 102.05 102.07 102.10 102.08 102.15 102.16 102.13 102.16 102.22 102.24 102.25 102.20 102.30 102.39 102.32 102.36 102.31 101.99 102.22 102.36 102.35 102.20 102.07 102.98 102.98 102.79 101.93 102.01 102.04 102.07 102.19 102.29 102.06 101.86 101.53 101.57 101.39 101.59 101.61 101.84 101.81 102.01 101.96 102.04 102.06 102.06 102.07 102.10 102.20 102.16 102.24 102.22 102.28 102.22 102.19 102.19 102.09 102.10 101.69 101.56 101.59 101.39 101.72 102.46 102.72 102.70 102.48 102.42 102.19 102.21 102.01 102.11 102.05 102.27 102.35 102.50 102.52 102.51 102.50 102.53 102.53 102.49 102.61 102.60 102.66 102.67 102.41 101.97 101.58 101.92 102.03 101.57 101.46 101.38 101.13 101.46 100.98 101.15 101.40 101.42 101.98 101.82 101.78 101.48 101.69 101.97 102.17 102.34 102.41 102.27 102.37 102.44 102.47 102.48 102.45 102.30 102.40 102.37 102.40 102.27 102.14 102.28 102.25 102.25 102.23 102.19 101.92 102.29 102.13 102.09 101.96 101.67 102.04 101.65 101.64 101.67 101.96
101.84 101.59 101.38 101.67 101.71 102.26 102.31 102.56 102.52 102.56 102.55 102.61 102.60 102.60 102.54 102.43 102.34 102.29 102.21 102.00 101.67 101.58 101.62 101.48 101.71 101.66 101.44 101.91 101.81 101.45 101.31 101.51 101.37 101.54 101.67 101.76 101.78 101.83 101.85 101.99 102.00 102.07 102.09 102.10 102.15 102.17 102.15 102.15 102.17 102.17 102.10 102.05 102.01 102.09 102.19 102.27 102.27 102.28 102.21 101.67 102.29 102.38 102.48 102.59 102.21 102.38 102.36 102.37 102.08 102.04 102.17 102.09 102.14 102.22 102.35 102.28 101.99 101.89 101.65 101.45 101.47 101.66 102.18 101.87 101.99 102.02 102.03 101.98 101.84 102.08 102.09 102.12 102.09 102.20 102.08 102.22 102.37 102.28 102.12 102.16 102.02 102.04 101.96 101.90 101.67 101.86 101.77 101.93 102.00 101.94 101.93 101.85 101.93 102.25 102.42 102.68 102.66 102.57 102.49 102.43 102.44 102.53 102.62 102.60 102.66 102.64 102.62 102.65 102.64 102.68 102.14 102.09 102.05 101.97 102.76 101.65 101.61 101.67 101.94 101.24 101.21 101.22 101.52 101.55 101.58 101.31 101.21 101.98 101.80 101.63 102.18 102.11 102.05 102.35 102.33 101.43 101.82 101.94 102.29 102.11 101.72 101.81 102.26 102.03 102.16 102.32 102.22 102.27 102.24 102.21 101.99 101.93 101.81 101.40 102.02 102.17 101.91 101.80 101.55 101.47
101.80 101.78 102.03 101.61 101.43 101.74 102.10 102.18 102.35 102.31 102.47 102.37 102.57 102.50 102.51 102.42 102.46 102.48 102.42 102.09 101.73 101.70 101.51 101.58 101.52 101.61 101.62 101.49 101.45 101.50 101.46 101.56 101.72 101.74 101.71 101.56 101.43 101.66 101.93 101.76 102.05 101.84 101.71 101.98 102.01 101.99 101.87 102.07 102.03 102.01 101.87 101.91 102.10 102.37 102.20 101.77 102.04 102.41 102.32 102.34 102.31 102.30 102.39 102.52 102.72 102.58 102.16 102.61 102.07 102.39 102.25 102.13 102.15 102.08 102.14 102.45 102.54 102.48 102.43 102.19 102.07 101.83 101.90 101.89 101.91 101.95 102.04 102.05 102.06 102.04 102.04 102.05 102.13 102.09 102.12 102.01 102.11 102.15 102.05 102.21 102.23 102.05 102.10 102.22 102.12 101.96 101.85 101.71 101.74 101.61 101.93 102.03 102.25 102.57 102.78 102.81 102.83 102.72 102.62 102.57 102.55 102.53 102.56 102.58 102.70 102.74 102.68 102.66 102.68 102.69 102.58 102.24 102.17 102.32 102.06 101.75 101.56 101.66 101.55 101.01 102.17 101.38 101.76 101.69 101.67 101.47 101.35 101.22 101.04 101.37 101.68 101.95 101.82 101.86 102.08 102.31 102.46 102.47 102.30 102.21 101.89 101.93 102.06 102.03 101.92 101.31 101.28 101.54 101.88 102.07 102.15 102.20 102.07 102.24 102.21 101.61 101.91 101.98 101.93 102.08
102.29 101.63 101.34 101.76 101.98 102.13 102.11 101.65 101.73 101.88 101.57 101.74 102.12 101.72 102.81 101.78 102.06 102.02 102.38 102.16 102.09 102.06 102.07 101.62 101.49 101.35 102.07 101.84 101.47 101.55 101.87 102.09 102.11 102.03 102.02 101.81 101.55 101.68 101.62 101.60 101.91 101.43 101.75 101.98 101.78 101.10 102.13 102.25 102.28 102.24 102.22 102.31 102.30 102.08 101.81 102.45 102.46 102.31 102.47 102.46 102.42 102.31 102.39 102.45 102.62 102.81 102.67 102.30 102.72 102.73 102.62 102.44 101.88 102.37 102.50 102.19 102.16 102.23 102.13 101.94 101.36 101.38 101.86 102.04 101.89 101.85 101.77 101.97 102.07 102.05 102.10 102.05 102.07 102.18 102.12 102.17 102.14 102.04 102.12 102.20 102.24 102.16 102.11 102.11 101.75 102.12 102.07 102.09 102.11 102.20 102.28 102.33 102.40 102.52 102.67 102.70 102.46 102.42 102.45 102.31 102.94 102.69 102.37 102.51 102.63 102.67 102.77 102.80 102.65 102.76 102.92 102.80 101.47 102.69 102.59 102.44 101.68 101.79 101.77 102.04 101.49 101.41 101.34 101.41 101.45 101.39 101.39 101.22 101.39 101.36 101.58 101.58 101.62 101.69 101.72 102.38 102.72 102.68 102.67 102.58 102.46 102.29 102.14 101.97 101.90 101.64 101.36 101.52 101.60 100.90 101.44 101.95 102.05 101.87 101.17 101.43 101.58 102.18 102.21 102.19
102.37 102.01 101.86 102.06 102.09 101.96 101.07 101.56 101.70 101.53 101.90 101.55 101.71 101.12 101.83 102.13 101.95 102.06 101.84 102.04 102.14 102.16 101.95 101.84 101.25 101.54 101.68 101.72 102.01 101.55 101.71 102.18 102.24 102.02 102.21 102.04 101.67 101.30 101.18 101.29 101.50 101.94 102.17 102.16 102.11 101.88 102.23 102.34 102.46 102.45 102.46 102.46 102.48 102.50 102.30 102.18 102.27 102.16 102.38 102.48 102.28 102.09 102.56 102.52 102.10 102.80 102.12 102.56 102.73 101.80 102.03 102.50 102.88 102.34 102.68 102.25 102.28 102.08 101.91 101.92 101.53 101.62 101.85 101.69 101.74 102.03 101.92 101.90 102.17 101.37 101.97 102.13 102.18 102.12 102.40 102.00 101.96 101.98 102.60 101.94 101.89 102.17 102.07 102.10 102.15 102.20 102.19 102.15 102.14 102.36 102.42 102.55 102.59 102.60 102.52 102.31 102.35 102.41 102.20 101.91 101.95 101.98 102.41 102.65 102.84 102.89 102.92 102.89 102.93 102.99 102.90 102.88 102.74 102.64 102.67 102.50 102.15 101.38 100.98 101.19 102.53 102.40 100.96 100.98 101.93 101.21 101.29 100.84 101.29 101.59 101.27 101.34 101.70 102.14 102.32 102.45 102.57 102.53 102.59 102.58 102.56 102.50 102.41 102.29 101.98 101.73 101.49 101.43 101.57 101.41 102.10 100.94 101.51 101.67 101.46 101.94 102.11 101.98 102.18 102.28
102.25 102.27 102.38 102.55 102.26 101.36 101.66 101.54 101.23 101.27 101.35 102.50 101.32 101.42 101.14 101.20 101.69 102.03 101.70 101.59 102.43 101.62 101.65 101.64 101.10 101.57 101.76 101.74 101.71 101.14 100.76 102.18 102.01 102.07 102.04 101.84 101.94 101.52 101.38 101.42 101.28 101.72 101.89 102.00 102.07 101.87 101.55 101.51 102.12 102.45 102.47 102.51 102.40 102.38 102.21 101.77 101.65 101.68 101.53 101.45 101.94 102.83 102.23 101.85 102.70 102.94 102.85 102.24 103.11 100.93 103.02 102.28 101.98 102.40 102.12 102.70 102.84 102.68 102.45 102.88 102.89 102.36 101.89 101.95 102.11 101.92 101.97 101.80 101.77 101.99 102.05 102.12 101.92 101.71 101.73 101.69 101.70 101.78 102.06 101.78 101.60 101.70 101.70 101.76 101.75 102.17 102.21 102.33 102.44 102.53 102.62 102.70 102.77 102.81 102.76 102.63 102.71 102.71 102.79 102.65 102.60 102.71 102.91 103.01 103.07 103.07 103.07 103.07 103.07 103.09 103.00 102.96 102.86 102.92 102.89 102.83 102.77 102.50 101.24 101.99 102.58 102.75 101.35 101.48 101.86 101.72 101.45 101.29 101.27 101.55 101.89 102.02 102.10 101.92 102.22 102.07 102.41 102.04 101.47 101.65 102.44 102.50 102.44 102.23 101.91 101.68 101.49 101.48 101.55 101.47 101.22 101.12 101.48 101.55 102.23 101.53 101.55 101.64 101.85 102.21
102.31 102.33 102.41 102.45 102.03 101.98 101.92 101.61 101.47 101.85 101.81 101.72 101.60 101.70 101.45 101.62 102.00 101.92 101.91 101.85 101.45 100.93 100.93 102.40 100.91 101.58 101.84 101.84 101.82 101.61 101.43 102.07 102.04 101.94 102.06 101.78 101.59 101.39 101.09 101.00 101.09 101.01 100.98 101.15 101.73 101.50 101.37 101.66 102.08 102.27 102.44 102.46 102.47 102.12 101.84 101.15 101.43 101.11 101.38 102.62 101.83 102.93 103.01 102.74 102.01 103.15 103.13 103.16 103.14 103.14 103.14 103.04 101.74 102.15 102.82 102.37 102.27 102.74 102.64 102.58 102.24 102.03 102.13 102.11 102.05 101.94 101.95 101.77 101.85 101.64 101.84 101.99 102.16 101.93 102.00 102.29 102.75 102.02 101.99 102.06 102.05 102.00 101.58 101.70 101.60 101.80 102.31 102.39 102.54 102.66 102.75 102.82 102.92 102.99 102.99 103.04 103.06 103.08 103.09 103.12 103.16 103.18 103.19 103.21 103.28 103.19 103.15 103.15 103.24 103.11 103.08 103.05 103.01 102.92 102.99 102.95 102.09 102.60 102.50 102.26 102.12 101.97 102.04 102.05 101.20 101.53 101.63 101.62 101.88 102.11 102.36 102.36 102.72 102.55 102.03 102.17 102.32 101.38 101.52 102.51 102.31 102.15 102.01 102.01 101.72 101.59 101.72 101.87 102.05 101.87 101.84 101.37 101.93 101.64 101.48 101.56 101.76 102.06 102.08 102.26
102.35 102.06 102.11 102.54 102.67 101.52 102.11 102.20 102.19 102.03 102.13 101.73 101.57 101.87 101.86 101.85 101.63 101.92 101.83 101.90 101.79 101.26 100.99 101.88 101.53 101.75 102.54 101.72 101.87 101.72 101.97 101.87 101.86 102.04 101.90 101.89 101.85 101.20 100.95 100.92 100.83 100.96 101.36 101.53 101.71 101.82 101.95 101.91 102.51 102.90 101.65 101.70 101.94 101.76 101.86 102.26 102.13 101.59 101.52 102.22 101.82 102.98 103.02 103.05 103.21 103.17 103.14 103.14 103.15 103.15 103.15 103.13 103.10 103.02 102.60 102.48 102.66 102.82 102.37 102.52 102.63 102.52 102.43 102.30 102.14 102.71 102.24 101.96 102.06 102.10 101.88 101.84 101.75 102.10 101.69 101.58 101.83 101.91 101.98 101.89 102.01 102.09 101.77 101.22 102.17 102.00 102.16 102.39 102.49 102.56 102.81 102.90 103.01 103.07 103.09 103.11 103.16 103.20 103.43 103.91 104.35 104.73 104.90 104.97 105.00 104.59 104.46 104.52 104.53 104.42 103.69 103.11 103.11 103.14 102.97 103.03 103.04 102.94 102.29 102.29 102.39 102.03 102.09 101.80 101.92 102.41 101.82 101.81 101.88 101.69 101.92 102.20 102.45 102.57 102.89 102.36 102.27 101.17 102.53 102.27 102.38 102.40 102.39 102.13 101.92 101.86 101.61 101.88 101.40 101.85 102.02 101.50 101.05 101.05 101.52 102.00 102.06 102.14 102.31 102.35
102.27 102.15 101.88 101.95 102.39 102.26 102.18 101.57 102.34 101.96 101.68 101.89 101.77 101.97 101.84 101.75 101.83 101.28 101.71 101.77 101.60 101.30 100.91 100.76 100.50 101.53 101.25 101.58 101.82 101.82 101.72 101.87 101.62 101.53 101.69 101.46 101.48 101.37 101.13 100.49 100.47 100.34 100.67 101.54 101.70 101.86 101.94 101.64 102.57 102.83 101.55 101.53 101.15 100.93 101.78 102.55 102.68 102.67 101.98 101.50 101.48 101.68 103.03 103.12 103.17 103.13 103.16 103.15 103.15 103.15 103.15 103.17 103.10 103.10 103.11 103.16 102.65 102.69 102.45 102.47 102.58 102.51 102.23 102.08 101.91 102.31 101.77 101.87 102.05 102.03 102.00 102.05 102.15 102.21 101.99 101.69 101.80 101.87 101.93 101.64 102.09 101.88 101.65 102.00 101.91 102.04 102.30 102.50 102.65 102.68 102.94 103.01 103.04 103.10 103.12 103.20 103.45 103.98 104.57 105.32 105.59 105.98 106.14 106.35 106.33 106.35 106.17 106.18 106.04 105.83 106.15 105.57 103.51 103.41 103.18 103.07 102.80 102.00 101.32 102.60 102.35 101.86 102.55 101.77 101.35 101.55 101.84 102.28 102.08 102.14 102.42 102.43 102.34 102.25 101.77 102.25 102.28 102.39 102.33 102.35 102.30 101.92 102.03 102.32 102.27 102.10 101.68 102.24 101.93 102.19 101.89 101.57 101.92 101.43 101.52 101.77 101.89 102.08 102.15 102.26
101.56 101.77 101.65 101.98 102.56 102.70 102.78 102.19 102.20 101.40 101.78 101.41 101.39 101.26 101.52 101.36 101.30 101.34 100.72 100.94 101.22 101.45 100.80 100.66 101.22 101.03 101.34 101.81 101.78 101.77 101.60 101.79 101.49 100.45 100.43 100.57 100.84 100.84 100.88 100.45 100.29 100.36 100.52 101.26 101.56 101.72 101.75 101.74 101.68 101.58 101.42 101.14 100.76 100.60 100.84 101.23 102.12 102.19 101.66 101.50 102.81 102.95 103.01 103.07 103.14 103.20 103.15 103.16 103.15 103.17 103.18 103.14 103.11 102.79 102.92 102.46 102.43 102.66 102.40 102.49 102.49 102.45 102.26 102.00 102.01 101.68 101.80 102.78 102.31 102.03 101.86 102.00 102.43 102.43 102.04 101.82 101.36 102.17 101.66 101.65 101.63 101.65 101.89 102.17 102.24 101.98 101.95 102.51 102.65 102.81 102.65 102.95 103.09 103.14 103.43 103.98 104.60 105.03 105.64 106.05 106.68 107.07 106.69 106.66 105.77 106.29 106.38 106.50 106.36 106.31 106.34 106.35 106.09 105.56 104.20 103.39 103.05 102.73 102.94 102.69 102.82 102.38 101.60 102.04 102.17 101.41 101.96 101.77 102.17 102.27 101.74 102.12 102.10 102.07 101.96 102.29 102.13 101.97 101.69 101.71 100.69 101.36 102.00 101.87 101.61 102.05 102.35 102.54 102.08 102.54 102.46 102.23 102.19 101.79 101.44 101.09 101.26 101.45 101.75 101.89
101.37 101.80 101.59 101.55 102.12 102.55 102.02 101.60 102.03 101.68 101.42 101.52 100.65 101.81 100.82 101.03 100.31 100.52 101.19 101.00 101.43 100.89 101.20 101.47 101.43 101.79 101.26 101.56 101.71 101.68 101.68 101.67 101.72 101.00 100.82 100.94 101.19 101.23 101.22 100.96 100.59 100.49 100.80 100.90 100.79 101.34 101.35 101.43 101.24 101.28 100.98 100.84 100.54 100.55 100.50 100.81 101.11 101.09 101.57 101.97 101.18 102.61 102.33 102.98 102.99 103.16 103.20 103.19 103.18 103.20 103.19 103.15 103.13 102.81 102.98 102.97 102.47 102.42 102.27 101.85 102.38 102.20 102.12 102.09 101.82 101.87 101.67 101.88 102.14 102.05 102.13 102.14 102.54 102.11 101.93 101.35 101.63 101.52 101.78 102.24 101.65 101.36 101.57 101.85 102.53 102.54 102.24 102.48 102.76 102.72 102.63 102.82 103.06 103.07 104.56 105.74 106.19 106.93 107.35 106.66 106.23 106.50 106.85 106.75 106.36 106.06 105.85 106.23 106.41 106.30 106.31 106.11 106.12 106.03 105.47 104.45 103.56 103.11 103.02 102.95 102.89 102.81 102.41 102.06 102.51 102.48 102.03 102.33 102.27 102.27 102.27 101.78 101.63 101.95 101.60 101.85 101.89 101.39 101.08 101.68 102.30 102.39 101.61 101.54 101.95 102.39 102.27 102.42 102.55 102.47 102.43 102.37 101.67 101.68 101.42 101.89 101.61 101.48 101.80 101.69
101.82 101.89 101.76 101.81 102.03 102.00 102.09 102.12 102.21 101.51 101.29 101.77 101.31 101.14 101.21 101.22 102.04 101.15 101.49 101.60 101.39 101.64 102.14 101.29 101.61 101.82 101.66 101.54 101.54 101.49 101.36 101.44 101.36 101.16 101.16 101.12 101.14 101.16 101.26 101.26 100.96 100.87 101.04 100.95 100.93 101.11 101.11 100.92 100.76 100.59 100.52 100.52 100.49 100.07 99.92 100.93 101.32 101.46 101.81 102.06 102.34 102.31 102.62 102.72 102.62 103.10 103.13 103.59 103.51 103.25 103.21 103.17 103.09 103.04 102.93 103.01 102.32 102.28 102.25 102.86 101.98 102.15 101.92 101.88 101.83 101.75 101.75 102.16 102.15 102.07 101.97 102.04 102.22 102.03 101.86 101.94 101.64 101.67 101.63 102.24 100.93 101.52 101.71 101.78 102.29 101.78 102.28 102.47 102.63 102.65 102.73 102.68 103.07 103.56 105.81 106.30 107.25 107.37 106.77 107.15 106.95 107.20 107.03 107.02 106.79 107.16 107.28 106.36 106.21 106.68 106.30 106.19 106.18 106.05 105.45 105.11 103.97 103.16 103.07 103.01 102.89 102.95 101.41 102.51 102.53 102.30 102.40 102.15 101.99 102.30 102.01 101.82 102.04 101.80 101.86 101.56 101.36 101.43 100.97 100.30 101.38 101.22 101.69 102.41 102.49 102.41 101.98 102.52 102.08 102.14 102.38 102.29 101.66 101.69 101.73 101.00 101.05 101.57 101.74 101.66
102.29 101.61 102.39 102.05 102.28 101.99 102.08 102.05 101.84 101.62 101.28 101.34 101.16 100.98 101.29 101.32 101.66 101.73 101.61 101.58 101.12 101.33 101.51 101.51 101.24 101.56 101.65 101.64 101.02 101.28 101.14 101.38 101.40 100.96 101.05 101.04 101.06 101.15 101.31 101.39 100.84 100.62 99.68 99.75 100.52 100.89 100.75 100.53 100.57 100.32 100.22 100.24 100.16 100.26 100.31 101.01 101.11 101.26 101.39 101.75 101.75 101.84 102.23 101.82 102.89 102.81 103.07 103.09 103.10 103.11 103.10 103.10 102.90 103.04 102.97 102.42 102.33 102.48 102.37 102.47 102.28 103.03 101.90 102.08 101.94 101.94 101.82 102.19 102.16 101.95 101.87 102.01 102.06 101.99 101.96 101.75 101.93 101.74 102.02 101.61 101.55 101.67 101.54 101.19 101.25 101.57 102.18 102.68 102.37 102.53 102.63 102.68 103.09 104.33 106.15 107.02 106.99 106.73 106.96 107.33 107.11 107.10 106.83 107.17 107.10 106.42 106.58 106.50 106.76 106.48 106.28 106.23 106.02 105.68 104.69 104.57 104.01 103.23 103.02 103.07 103.01 103.03 102.89 102.84 102.69 102.54 102.38 102.21 102.21 102.68 102.41 102.28 102.21 101.89 101.84 101.56 101.30 101.28 101.35 101.37 101.17 101.26 101.88 102.53 102.65 102.61 102.47 102.38 102.07 102.25 102.23 102.34 101.15 101.86 101.89 102.48 101.60 101.82 102.08 102.03
102.43 102.36 102.39 102.66 102.51 101.91 102.00 101.91 102.41 102.66 103.01 102.94 102.05 101.36 101.60 101.49 101.08 101.33 101.04 101.38 101.04 101.56 101.51 101.49 101.30 100.50 101.00 101.17 101.38 100.93 100.80 101.04 100.86 100.86 100.63 100.91 100.97 101.12 101.15 99.16 98.86 98.70 96.97 96.72 96.81 99.04 99.04 99.06 99.79 100.14 99.87 100.23 100.01 100.19 100.17 100.24 100.34 100.83 101.64 101.51 101.20 100.70 101.94 102.44 102.42 102.80 102.81 102.95 103.08 103.09 103.07 102.91 103.04 102.71 102.76 102.76 102.62 103.07 102.57 102.23 102.41 102.31 102.03 102.04 101.88 101.89 101.98 102.25 102.25 102.12 101.90 102.07 101.83 101.87 101.97 101.54 101.40 101.85 101.80 101.70 101.41 101.49 101.07 100.86 102.27 101.66 102.01 102.44 102.47 102.49 102.65 102.82 103.09 104.39 105.81 107.05 107.05 106.37 107.18 107.22 107.20 107.02 107.28 107.42 106.99 106.42 106.76 106.84 106.61 106.76 106.50 106.20 105.48 104.87 104.58 104.31 103.70 103.20 103.12 103.07 103.09 102.72 102.58 102.78 101.96 102.08 102.39 102.47 102.51 102.47 102.39 102.36 102.37 101.83 101.70 101.64 101.42 101.78 101.75 101.54 101.48 101.42 101.98 102.31 102.42 102.32 102.39 102.32 101.68 102.07 102.08 101.42 101.33 101.99 101.91 101.97 102.04 102.23 102.38 102.09
102.31 102.43 102.18 101.85 102.57 101.81 102.22 102.11 101.45 101.83 102.81 102.79 101.66 101.36 101.91 101.65 101.89 101.45 101.68 101.74 101.89 101.20 101.90 101.89 101.63 101.62 101.40 101.14 101.26 101.14 101.01 99.19 100.24 100.63 100.63 100.79 100.91 100.87 100.16 100.02 99.45 98.23 97.90 98.00 98.37 98.50 98.41 98.67 98.10 99.17 99.87 99.90 99.94 100.05 100.21 100.26 100.49 100.81 100.90 101.37 101.39 101.54 101.13 101.35 102.02 101.51 102.50 103.05 103.01 102.96 103.01 103.00 102.81 102.71 102.81 102.73 102.68 102.54 102.42 102.44 102.40 102.39 102.26 102.12 102.09 101.88 102.19 102.39 102.14 102.08 102.27 102.31 102.24 101.85 102.01 101.71 101.72 101.68 101.66 102.01 101.44 101.61 101.29 101.41 101.34 101.30 101.95 102.32 102.52 102.54 102.54 102.90 103.10 103.56 105.61 107.16 107.42 107.28 106.83 107.12 107.43 107.28 107.40 107.43 107.12 106.77 107.13 106.85 106.98 106.59 106.30 105.73 105.02 104.66 104.15 103.85 103.65 103.43 103.11 102.96 102.92 102.50 102.53 102.43 102.43 102.58 102.59 102.54 101.91 102.42 102.46 102.52 102.33 102.17 101.85 102.07 101.85 101.58 102.09 101.95 101.67 101.55 101.57 101.76 102.07 102.18 102.53 102.39 102.13 102.10 102.22 102.05 102.35 102.26 102.28 102.03 102.16 102.35 102.48 102.57
102.59 102.43 102.45 102.12 102.89 102.71 102.39 101.68 101.19 100.59 100.30 101.19 101.09 101.89 102.25 102.22 102.23 102.23 102.08 101.99 101.98 101.95 101.63 101.82 101.50 101.14 101.22 100.77 100.64 101.13 101.01 100.13 100.27 99.67 100.35 99.47 100.03 98.17 98.29 99.96 98.12 97.37 98.65 98.69 98.61 98.57 98.78 99.47 98.89 98.87 98.67 99.27 99.87 100.34 100.36 100.48 100.39 100.93 101.06 100.90 100.89 101.61 101.60 101.93 102.32 102.25 102.62 102.76 101.62 102.86 102.68 102.74 102.78 102.83 102.76 102.67 102.59 102.58 102.59 102.43 102.25 102.13 101.88 102.87 102.16 101.98 101.99 101.89 102.32 102.08 102.20 102.32 102.28 102.09 101.70 101.96 101.63 101.57 101.93 101.89 101.37 101.35 101.22 101.40 101.58 101.56 102.73 102.02 102.43 102.59 102.61 102.68 102.96 103.48 104.41 106.73 107.46 107.76 108.06 107.17 107.24 107.28 106.82 107.40 106.90 106.99 106.79 106.89 106.82 106.70 106.49 105.43 104.55 104.20 103.76 103.52 103.22 103.11 103.07 103.00 102.62 102.71 102.32 102.34 102.21 102.32 102.55 102.56 102.53 102.42 102.55 102.44 102.36 102.31 102.16 102.19 102.36 102.20 102.10 101.47 101.78 101.72 101.31 101.28 101.93 102.09 102.50 102.17 102.20 102.33 102.45 102.44 102.41 102.39 102.23 102.07 102.60 102.70 102.60 102.85
102.58 102.90 102.46 101.85 102.37 101.81 101.69 101.88 101.29 100.59 100.45 101.23 101.88 102.04 102.19 102.12 102.24 100.93 102.03 101.97 101.91 101.71 101.68 101.51 101.03 101.25 101.06 100.92 100.40 100.53 100.21 100.07 100.15 99.87 99.99 100.14 99.46 98.05 98.16 98.11 97.57 98.60 99.30 99.21 98.91 99.17 99.00 99.09 99.36 99.42 99.25 98.43 99.20 100.22 100.55 100.75 100.75 100.77 100.79 100.89 101.07 101.25 101.24 102.21 102.17 101.66 101.89 102.23 102.16 102.73 102.66 102.71 102.63 102.40 102.51 102.63 102.64 102.63 102.75 102.57 102.30 102.05 102.22 102.07 102.15 101.86 101.77 101.89 102.00 102.07 102.09 102.25 102.18 101.80 101.82 101.80 102.02 102.20 101.64 101.51 101.55 101.03 101.16 101.52 101.70 101.66 101.72 102.07 102.50 102.42 102.40 102.51 102.75 102.91 103.23 104.42 107.13 107.51 107.87 107.95 107.21 107.19 107.82 107.81 106.85 106.96 106.89 106.75 106.83 106.63 105.78 104.10 103.58 103.51 103.31 103.18 103.27 103.11 103.11 103.10 102.72 102.58 101.89 102.31 102.11 102.23 102.35 102.42 102.52 102.57 102.46 102.29 101.74 101.74 101.83 102.09 101.83 101.64 101.94 102.12 101.91 101.61 101.97 102.17 102.02 102.02 101.88 102.11 102.08 101.68 102.48 102.56 102.33 102.28 102.42 102.48 102.83 102.73 102.48 101.98
102.66 102.72 101.87 101.72 101.89 101.10 101.47 100.61 100.63 101.16 101.11 101.35 101.95 102.09 102.34 102.04 102.26 102.29 101.99 101.99 101.31 101.74 101.66 101.63 101.33 101.06 101.06 100.87 100.64 100.36 100.18 99.37 99.74 99.51 99.18 99.35 98.69 97.72 97.57 96.90 97.15 98.63 99.49 99.11 99.82 99.21 100.08 100.17 99.93 99.98 99.41 98.51 97.73 99.34 100.21 100.74 100.71 100.78 100.83 100.82 101.18 101.58 101.46 102.17 102.25 102.31 102.29 102.29 102.23 102.10 102.28 102.62 102.59 102.42 102.68 102.45 102.74 102.60 102.57 102.65 102.50 102.34 102.49 102.24 102.19 102.07 102.01 101.91 101.90 101.97 102.00 101.71 101.91 102.06 101.86 101.97 101.77 102.00 101.74 101.26 101.43 101.27 101.04 101.25 101.50 101.61 101.62 101.56 102.15 102.39 102.27 102.23 102.05 102.32 102.78 103.18 105.20 106.59 107.25 107.68 107.65 107.98 106.99 106.79 107.02 107.01 106.73 106.69 105.78 104.79 104.27 103.42 103.14 103.13 103.12 103.12 103.21 103.13 103.09 103.08 102.96 102.59 102.32 102.22 102.09 102.04 102.18 102.15 102.25 102.36 102.33 102.11 101.98 101.80 101.31 101.21 101.32 101.27 101.88 101.50 101.81 102.05 101.63 101.89 101.77 101.71 102.05 102.19 102.37 102.04 102.19 102.55 101.97 102.39 102.40 102.52 102.62 102.47 102.24 102.21
102.62 102.07 101.95 101.88 101.28 101.35 100.85 101.25 101.36 101.22 101.39 101.42 101.78 102.03 102.27 102.27 102.28 101.87 101.75 102.02 101.65 101.69 101.61 101.53 101.33 101.26 101.05 100.85 100.53 100.21 99.91 99.73 99.67 99.07 98.90 99.43 98.59 97.52 97.66 96.87 97.85 98.66 99.05 99.63 99.86 100.09 100.12 100.34 100.35 100.48 99.60 98.52 98.91 99.03 99.18 99.14 100.43 100.96 100.94 101.25 101.61 101.95 102.16 102.22 102.36 102.33 102.39 102.50 102.44 102.40 102.48 102.94 102.44 102.27 102.39 102.42 102.50 102.58 102.70 102.69 102.71 102.65 102.51 102.53 102.41 102.12 101.88 101.74 101.90 101.93 101.92 101.98 101.74 101.94 101.99 101.90 101.96 101.86 101.83 101.45 101.42 101.85 101.58 101.41 101.66 101.82 101.90 101.64 102.16 102.36 102.52 102.22 102.51 102.44 102.88 102.88 103.15 103.34 103.69 106.13 106.89 107.45 106.58 106.87 106.69 106.81 106.40 105.84 103.70 103.15 103.41 103.24 103.11 103.11 103.10 103.06 103.05 103.09 103.09 103.02 102.99 102.34 102.38 102.15 102.23 101.89 102.01 101.98 102.00 102.08 102.18 102.01 101.82 101.83 101.50 101.43 101.99 101.23 101.06 100.87 101.91 102.19 102.47 102.01 102.17 102.30 102.41 102.35 102.38 102.27 102.17 102.37 102.10 102.33 102.32 102.16 102.32 102.44 102.41 102.37
102.63 102.08 100.88 101.89 101.29 101.12 101.60 101.18 101.48 101.31 101.30 101.51 102.02 102.19 102.29 102.25 102.23 101.28 102.11 102.08 101.89 101.64 101.63 101.50 101.41 101.24 101.07 100.77 100.44 100.15 99.87 99.52 99.31 99.24 99.19 98.40 98.43 97.94 96.56 95.65 97.74 98.80 99.23 99.54 99.88 100.17 100.35 100.50 100.62 100.64 100.62 100.51 99.84 99.86 99.78 99.07 99.35 99.84 100.93 101.20 101.68 102.23 102.33 102.31 102.49 102.37 102.26 102.36 102.53 102.52 102.62 102.79 102.64 102.39 102.57 102.75 102.62 102.60 102.81 102.79 102.77 102.78 102.64 102.70 102.29 102.26 102.13 101.92 101.81 101.94 101.98 102.01 102.11 102.04 102.01 101.93 101.96 101.55 101.87 101.55 101.98 102.04 101.78 101.78 102.01 102.11 102.18 102.10 101.60 102.30 102.06 102.48 102.57 102.65 102.16 102.36 103.02 102.95 103.11 103.11 103.34 103.28 104.07 105.63 104.65 104.86 103.75 104.14 103.14 103.10 103.06 102.97 103.05 103.09 103.06 102.96 103.02 103.00 102.98 102.73 102.70 102.49 102.29 102.18 102.14 102.01 101.99 102.05 102.05 102.09 102.12 101.94 101.92 101.51 101.72 101.32 100.86 101.09 101.77 100.82 101.73 102.12 102.26 101.85 102.30 101.60 102.27 102.42 102.24 102.14 102.31 102.20 102.03 102.13 102.17 102.34 102.21 102.34 102.44 102.57
102.40 102.06 102.02 101.95 101.41 101.28 101.80 100.97 101.39 101.70 101.61 101.95 101.90 102.05 102.32 102.14 102.34 101.64 102.12 101.62 101.64 101.65 101.53 101.50 101.30 101.18 101.03 100.89 100.43 100.10 99.74 99.40 98.98 98.98 98.80 98.96 99.15 97.76 97.47 95.88 97.99 98.85 99.21 99.62 99.97 100.27 100.49 100.64 100.75 100.93 100.94 101.03 100.80 100.22 100.23 100.33 100.60 100.58 100.49 100.48 100.27 101.76 102.39 102.42 102.40 102.43 102.51 102.63 102.51 102.44 102.47 102.80 102.84 102.96 102.78 102.57 102.76 102.78 102.90 102.89 102.89 102.88 102.83 102.68 102.59 102.40 102.45 102.45 102.13 102.02 101.95 102.11 102.12 101.76 101.89 102.00 102.01 101.76 101.75 101.74 101.99 102.18 101.74 101.98 102.16 102.06 102.29 101.76 101.39 101.63 102.19 102.22 102.44 102.28 102.24 102.31 102.28 103.01 102.98 103.04 103.07 103.03 103.11 103.11 103.12 103.16 103.46 103.20 103.14 103.08 102.99 103.02 103.07 102.99 102.85 102.94 101.45 102.97 102.97 101.90 102.36 102.09 102.03 102.03 102.06 102.07 102.07 102.09 102.00 101.97 101.95 101.72 101.28 101.18 101.05 101.32 101.87 100.97 101.04 101.64 101.31 101.73 102.15 102.14 102.48 101.76 102.35 102.16 102.34 102.46 102.41 102.29 101.94 101.74 101.78 102.12 102.12 102.17 102.46 102.50
102.50 101.94 102.24 102.00 101.92 101.86 101.98 102.28 101.80 102.09 101.92 102.41 102.42 102.35 102.44 102.28 102.32 101.99 101.66 102.06 101.74 101.59 101.54 101.40 101.26 101.05 100.90 100.72 100.33 99.86 99.50 99.18 98.90 98.70 98.62 97.92 98.32 98.67 97.47 97.81 98.25 98.79 99.29 99.65 99.88 100.16 100.35 100.61 100.77 100.81 101.02 101.09 100.84 100.48 99.62 100.33 100.63 100.79 100.79 100.64 99.95 101.16 102.22 102.28 102.40 102.42 102.43 102.02 102.23 102.35 102.41 102.44 102.75 103.04 103.09 102.86 102.93 102.98 103.03 102.96 102.96 102.91 102.99 102.87 102.94 102.62 102.67 102.67 102.63 102.12 102.38 102.26 102.44 101.72 102.08 102.04 102.05 101.65 101.34 101.98 102.00 101.89 101.97 102.00 101.87 101.53 101.92 101.32 101.12 101.46 101.73 101.83 102.15 102.01 102.41 102.73 102.49 102.87 102.97 103.03 103.07 103.04 103.00 103.10 103.05 103.13 103.11 102.99 102.95 102.88 102.94 102.83 102.81 102.93 102.82 102.29 102.21 102.48 101.73 102.14 102.02 101.85 101.73 101.78 101.87 101.94 102.19 101.99 101.95 101.83 101.78 101.60 101.25 100.87 101.02 101.28 101.63 101.22 100.72 101.13 101.03 101.42 101.81 102.19 101.89 101.93 102.32 101.93 102.22 102.36 102.37 102.05 101.77 102.24 102.30 102.14 102.24 102.54 102.71 102.48
102.48 102.49 102.06 102.06 101.97 102.05 102.23 102.36 102.47 102.53 102.52 102.49 102.62 102.68 102.48 102.60 101.47 101.75 102.15 101.80 101.79 101.53 101.52 101.41 101.22 100.94 100.70 100.35 99.96 99.56 99.19 98.79 98.56 98.43 98.48 98.40 97.55 97.93 97.43 97.71 98.22 98.80 99.15 99.42 99.68 99.91 100.17 100.43 100.70 100.87 101.16 101.17 101.17 100.85 100.14 100.32 100.63 100.65 100.60 100.26 99.60 101.39 102.13 102.20 101.97 102.15 102.36 102.08 102.39 102.37 102.24 102.59 102.69 102.98 103.03 103.07 102.92 102.99 102.93 103.01 103.01 102.98 103.00 103.06 102.94 102.78 102.83 102.88 102.80 101.99 102.48 102.30 102.51 102.51 102.53 102.15 102.06 102.84 101.94 101.62 101.78 101.58 101.38 101.24 101.51 101.89 101.20 101.14 100.85 101.41 101.65 102.05 101.94 101.62 101.59 101.83 102.31 102.50 102.66 102.81 102.99 102.88 102.99 103.06 103.07 103.10 103.05 102.87 102.89 102.80 102.57 102.60 102.71 102.78 102.22 101.74 101.17 101.34 101.70 101.98 101.80 101.63 101.35 101.50 101.79 101.89 101.96 102.04 101.81 101.76 101.69 101.63 101.81 101.68 101.74 101.24 101.69 101.26 100.89 101.21 100.84 101.62 101.82 102.05 102.05 102.21 102.14 102.26 102.21 102.64 102.24 102.86 102.23 102.31 102.37 102.32 102.17 102.63 102.83 102.50
102.36 102.43 102.09 102.09 102.05 102.06 102.32 102.79 102.59 102.54 102.44 102.48 102.56 102.43 102.54 102.61 102.33 102.03 102.06 101.87 101.70 101.52 101.46 101.30 101.11 100.88 100.48 100.00 99.46 99.01 98.67 98.30 98.07 98.03 98.16 97.66 97.83 97.10 97.25 97.77 98.16 98.58 98.84 99.11 99.42 99.65 99.98 100.22 100.50 100.73 100.89 101.10 101.16 100.80 100.34 100.62 100.25 100.53 100.23 99.89 99.97 100.32 102.06 102.05 102.14 102.04 102.34 102.43 102.41 102.44 102.51 102.52 102.68 102.85 103.04 103.09 103.04 103.01 103.05 103.06 103.04 103.03 103.01 103.06 103.04 103.07 102.91 102.92 102.81 102.57 102.43 102.55 102.64 102.66 102.36 102.26 102.12 101.81 101.76 101.91 102.00 102.08 101.19 101.53 101.76 101.67 101.87 100.97 100.88 101.30 101.71 101.36 101.79 101.78 101.85 102.08 102.17 102.48 102.56 102.82 102.90 102.96 102.70 103.00 102.93 102.84 102.82 102.27 102.57 102.58 102.50 102.38 102.68 102.25 101.89 101.65 100.63 100.77 101.56 101.45 101.66 101.65 101.33 101.03 101.84 101.95 101.97 102.00 102.00 101.80 101.56 101.33 101.07 101.36 102.03 101.37 101.54 101.47 101.01 101.67 101.55 101.71 101.59 101.58 102.11 102.23 102.42 102.26 102.05 102.64 102.74 102.53 102.58 102.75 102.68 102.33 102.02 102.44 102.44 102.24
101.75 102.01 102.01 101.85 102.15 102.36 102.60 102.96 102.95 102.78 102.68 102.51 102.59 102.57 102.70 102.56 102.35 102.33 101.93 101.88 101.71 101.49 101.34 101.07 100.89 100.62 100.23 99.52 98.65 98.17 97.86 97.71 97.56 97.68 97.90 96.30 97.54 97.02 97.16 97.46 97.65 98.03 98.33 98.62 98.99 99.35 99.71 100.00 100.33 100.56 100.71 100.84 101.00 100.95 100.56 100.16 100.14 100.12 100.25 100.14 99.80 101.14 101.89 101.85 102.04 102.20 102.48 102.51 102.56 102.43 102.53 102.68 102.84 103.00 103.11 103.12 103.11 103.03 103.05 103.07 103.10 103.06 103.03 103.03 103.08 103.07 103.00 102.88 102.88 102.91 102.80 102.70 102.73 102.66 102.36 102.40 102.12 102.04 102.23 101.60 101.93 102.01 101.40 101.74 101.34 101.66 101.00 100.82 101.30 101.32 101.14 101.49 101.47 101.65 101.76 101.90 101.94 101.89 101.95 102.67 102.79 102.78 102.84 102.84 102.70 102.72 102.42 102.43 102.49 102.41 102.36 101.94 101.79 102.00 101.76 101.48 101.06 100.92 101.32 101.53 101.80 101.83 102.03 102.02 101.90 101.94 101.97 101.99 101.87 101.78 101.94 101.44 101.14 101.24 101.62 101.75 101.65 101.82 101.37 101.75 101.84 101.66 101.56 101.48 101.97 101.99 101.91 101.86 102.41 102.70 102.86 102.93 102.97 103.04 102.93 102.94 102.87 102.72 102.73 101.79
101.82 101.79 101.91 102.22 102.24 102.43 102.86 102.90 102.93 102.88 102.81 102.64 102.68 102.24 102.67 102.90 102.50 102.49 102.19 101.85 101.70 101.51 101.13 100.82 100.61 100.30 99.79 98.66 97.69 97.10 97.00 97.08 97.27 97.43 97.10 96.44 96.85 97.06 96.92 96.80 96.92 97.34 97.76 98.07 98.59 99.00 99.39 99.69 100.04 100.35 100.48 100.71 100.74 100.83 100.50 100.13 99.62 99.65 100.18 100.06 99.83 101.30 101.88 101.39 101.80 103.11 103.40 103.06 102.51 102.61 102.33 102.62 102.83 102.93 103.11 103.11 103.11 103.02 103.07 103.05 103.08 103.07 103.08 103.07 103.08 103.07 103.04 103.03 102.99 102.93 102.74 102.76 102.76 102.65 102.52 102.48 102.21 102.25 101.96 102.47 102.06 101.84 101.46 101.45 101.43 101.35 101.46 100.98 101.45 101.41 101.56 101.39 101.20 101.18 101.48 101.54 101.70 102.22 102.28 101.88 102.30 102.22 102.37 102.40 102.34 102.65 102.58 102.57 102.48 102.39 101.93 101.98 101.06 101.40 101.52 101.38 100.85 100.88 101.39 101.64 101.91 101.94 102.06 102.14 101.98 101.95 101.92 101.86 101.82 101.60 101.73 101.65 101.33 101.45 101.33 101.39 101.65 101.85 101.66 102.11 101.86 101.82 101.62 101.45 102.29 101.50 101.79 102.01 102.45 102.81 102.93 103.00 103.00 103.05 103.07 102.97 102.99 102.88 102.96 102.64
102.81 101.82 102.54 102.35 102.60 102.72 103.02 103.03 102.87 102.90 102.90 102.68 102.56 102.59 102.70 102.89 101.84 102.55 102.68 101.96 101.77 101.47 101.17 100.86 100.44 99.92 99.03 97.54 96.00 95.53 96.02 96.63 96.82 97.10 97.25 97.18 97.37 97.40 96.69 96.34 96.31 96.91 97.29 97.64 98.17 98.77 99.18 99.50 99.72 99.89 99.93 100.35 100.56 100.58 100.27 100.15 99.76 100.71 100.03 100.88 101.23 103.00 103.40 103.57 103.72 103.51 103.23 103.71 103.69 102.72 102.65 102.94 102.91 102.96 103.09 103.09 103.11 103.09 103.08 103.07 103.08 103.08 103.07 103.09 103.07 103.06 103.06 103.03 103.00 102.97 102.97 102.91 102.83 102.65 102.55 102.55 102.47 102.31 101.88 102.27 101.73 101.82 101.69 101.36 101.47 101.21 101.34 101.30 101.16 101.23 101.60 101.16 100.98 100.96 101.05 100.71 101.56 102.23 102.24 102.26 101.88 102.26 102.24 102.16 102.35 102.50 102.43 102.61 102.22 101.91 101.74 100.96 100.87 100.92 101.19 101.08 100.85 101.03 101.09 101.51 101.80 102.01 101.98 102.00 102.10 102.01 101.83 101.91 101.63 101.76 101.62 101.81 101.27 101.00 101.87 102.03 101.45 101.99 102.06 101.85 101.90 101.80 101.48 101.69 102.09 102.19 102.09 102.12 102.34 102.95 103.03 103.11 103.09 103.08 102.95 103.09 103.02 103.11 102.60 102.70
102.87 102.84 102.67 102.47 102.63 102.86 103.01 103.08 103.05 103.07 103.01 102.84 102.77 102.86 102.85 102.88 102.60 102.57 102.46 102.18 101.91 101.54 101.22 100.86 100.34 99.67 98.63 96.54 94.12 93.60 94.95 96.15 96.53 96.63 96.72 97.45 97.20 97.15 96.53 96.25 96.30 97.58 96.82 97.35 97.92 98.46 98.98 99.31 99.55 99.74 99.80 100.56 99.99 101.11 103.17 102.96 102.87 101.43 103.78 104.00 102.89 101.39 101.32 101.56 103.06 103.19 103.08 103.10 102.22 103.51 102.68 102.86 102.97 103.03 103.05 103.09 103.09 103.11 103.12 103.09 103.08 103.08 103.08 103.08 103.05 103.06 103.08 103.05 103.00 103.04 103.02 102.99 102.91 102.78 102.91 102.70 102.57 102.38 102.26 102.26 102.22 101.98 101.64 101.44 101.25 101.66 101.28 101.26 101.13 101.06 101.08 101.23 100.84 101.20 101.09 101.29 101.32 102.02 102.16 102.03 102.09 102.26 102.16 102.15 101.91 102.30 102.35 102.37 102.21 102.04 101.13 100.89 100.60 101.09 101.00 101.21 100.83 101.01 101.63 101.67 102.10 102.01 102.12 102.05 102.11 102.05 101.73 101.58 101.53 101.58 101.56 101.36 101.70 101.31 102.08 102.07 101.64 101.63 101.95 102.06 101.82 101.90 101.58 101.46 101.76 102.51 102.54 102.65 102.86 103.05 103.08 103.10 103.11 103.10 103.10 103.11 103.12 103.10 103.11 103.10
103.11 103.08 103.12 103.12 102.95 102.96 103.03 103.08 103.06 103.05 103.03 103.01 103.02 102.87 102.97 102.91 102.87 102.70 102.58 102.33 102.02 101.75 101.29 100.86 100.19 99.55 98.59 96.77 94.20 92.14 93.24 96.13 96.42 96.43 96.34 97.04 96.96 96.65 96.15 95.90 96.41 96.78 96.73 97.29 97.77 98.23 98.97 99.19 99.40 99.65 99.54 100.24 102.92 103.10 104.24 104.27 101.65 99.02 98.83 99.94 100.63 100.84 101.13 101.36 101.80 101.71 101.90 102.77 102.40 102.59 103.77 103.03 103.79 103.10 103.07 103.23 103.15 103.10 103.12 103.12 103.09 103.09 103.10 103.09 103.09 103.08 103.10 103.07 103.08 103.05 103.04 103.07 102.94 102.86 102.74 102.75 102.76 102.49 101.54 101.89 102.27 102.32 101.90 101.67 101.56 101.25 101.22 101.30 101.08 101.11 101.51 101.23 101.30 101.03 101.26 101.39 101.31 101.53 101.86 101.67 101.79 102.02 101.97 101.89 101.61 102.26 102.22 102.41 102.23 102.20 101.96 101.24 100.72 100.93 100.89 101.40 101.09 101.52 101.85 101.87 102.23 102.17 102.04 102.12 102.14 102.11 102.00 102.05 101.81 101.79 101.63 101.32 100.96 101.43 101.37 101.61 101.98 102.07 101.85 102.19 102.01 102.41 102.58 102.34 102.51 103.02 102.62 102.85 102.95 103.07 103.09 103.10 103.12 103.11 103.12 103.14 103.14 103.09 103.10 103.07
103.03 103.07 103.06 103.09 103.12 103.02 103.09 103.06 103.09 103.10 103.05 103.08 103.03 103.01 103.01 102.94 102.92 102.81 102.70 102.44 102.22 101.83 101.49 100.99 100.42 99.70 98.83 97.97 94.61 90.78 90.77 94.98 96.28 96.29 96.37 96.25 96.71 96.47 96.52 96.18 96.33 97.01 98.79 100.49 99.33 98.31 98.93 99.55 99.50 99.92 102.68 103.18 103.16 104.05 102.98 99.54 98.61 100.44 99.29 100.58 100.84 100.99 101.59 101.55 101.98 102.13 102.81 102.41 103.23 102.62 103.85 103.85 104.11 103.43 103.32 103.21 103.09 103.11 103.11 103.23 103.12 103.09 103.10 103.10 103.10 103.10 103.11 103.08 103.08 103.07 103.10 103.01 103.01 102.98 102.86 102.71 102.76 102.61 102.16 102.08 102.32 102.08 101.80 101.95 101.91 101.52 101.26 101.60 102.50 102.74 101.34 101.59 101.46 101.54 101.50 101.35 101.36 101.43 101.67 101.72 101.69 101.52 101.71 101.53 101.50 101.62 101.88 102.19 102.24 102.24 101.95 101.58 100.76 101.55 101.55 101.02 101.83 102.05 101.54 101.94 102.23 102.27 102.39 102.23 102.24 102.06 101.99 102.32 102.23 101.89 101.20 101.41 100.99 101.69 102.07 101.95 102.14 102.46 102.15 102.27 102.64 103.03 103.09 102.99 102.97 103.09 103.08 103.06 103.09 103.09 103.11 103.11 103.13 103.39 103.17 103.16 103.04 102.25 103.10 103.09
103.09 103.09 103.08 103.07 103.18 103.14 103.10 103.11 103.16 103.12 103.11 103.08 103.07 103.05 103.05 103.06 103.05 102.93 102.80 102.61 102.36 102.02 101.69 101.14 100.59 100.04 99.35 98.71 95.31 92.05 92.84 94.39 95.94 96.21 96.39 96.63 96.17 96.19 96.66 96.20 99.70 100.08 97.30 101.30 100.54 100.44 100.95 102.76 102.07 101.70 100.61 99.20 101.83 103.96 102.99 103.18 103.31 101.19 100.42 101.05 101.18 101.22 101.51 101.68 102.50 103.14 103.01 102.96 102.26 102.41 103.19 103.93 103.85 103.44 103.74 103.39 103.31 103.10 103.10 103.11 103.12 103.11 103.11 103.10 103.10 103.09 103.08 103.07 103.05 103.07 103.06 103.07 103.00 102.98 102.97 102.99 102.99 102.75 102.41 102.52 101.82 101.77 101.88 101.96 101.32 101.75 101.89 101.61 101.60 101.63 101.82 101.80 101.92 101.26 101.35 101.36 101.34 101.81 101.85 101.68 101.31 101.15 101.24 101.04 101.44 101.91 101.71 101.86 102.24 102.25 102.15 102.04 101.14 101.05 101.46 101.67 101.72 101.82 101.69 102.05 102.28 102.24 102.48 102.44 102.40 102.44 102.49 102.52 102.49 102.66 101.01 100.86 101.05 101.71 101.31 102.40 103.03 102.76 102.86 102.84 103.04 103.08 103.08 103.06 103.11 103.13 103.11 103.13 103.13 103.12 103.13 103.12 103.14 103.18 103.25 103.23 103.14 103.13 103.11 103.10
103.10 103.11 103.11 103.11 103.10 103.20 103.18 103.17 103.21 103.13 103.11 103.06 103.07 103.10 103.11 103.11 103.12 103.09 102.87 102.86 102.60 102.34 101.98 101.47 100.99 100.44 99.87 98.95 97.71 96.00 94.64 94.88 95.96 96.10 96.49 96.78 96.76 97.84 97.08 96.41 96.80 97.14 97.61 101.93 100.28 102.21 100.11 101.05 100.24 99.48 99.03 102.00 102.44 102.95 102.48 99.61 100.00 101.10 103.00 102.70 101.45 101.59 101.69 101.75 102.33 102.04 102.62 102.25 102.36 102.56 102.89 103.04 103.50 103.04 103.04 103.48 103.49 103.28 103.08 103.09 103.26 103.13 103.12 103.11 103.11 103.09 103.08 103.08 103.09 103.08 103.07 103.05 103.06 102.94 102.97 103.01 102.99 102.98 102.84 102.88 102.38 101.60 101.78 101.93 102.21 101.95 101.85 101.78 101.89 101.73 102.23 102.28 102.15 101.47 101.31 101.35 101.12 101.32 101.07 101.60 101.31 101.61 101.38 101.39 101.63 101.46 101.95 101.66 102.14 102.20 102.08 101.60 101.72 101.24 101.66 101.84 102.11 102.05 102.15 102.26 102.17 102.38 102.71 102.74 102.59 102.60 102.95 102.81 102.53 102.38 101.90 101.52 102.21 102.16 102.08 102.51 103.11 103.05 103.72 103.15 103.11 103.07 103.05 103.12 103.12 103.16 103.16 103.14 103.15 103.16 103.19 103.16 103.22 103.21 103.21 103.23 103.24 103.17 103.13 103.11
103.11 103.11 103.13 103.13 103.12 103.33 103.34 103.25 103.15 103.20 103.09 102.98 103.10 103.20 103.18 103.21 103.08 102.89 103.09 103.02 102.91 102.59 102.48 102.02 101.43 100.89 100.37 99.44 98.71 97.36 96.32 96.12 95.80 95.76 96.60 97.08 97.44 97.64 97.69 97.25 97.04 97.66 98.08 99.01 99.32 99.38 100.03 100.07 99.89 99.56 99.31 99.08 99.61 101.44 101.06 100.17 100.78 101.30 101.62 103.14 101.45 102.09 102.06 102.19 102.35 102.44 102.90 102.66 102.76 102.93 103.01 103.05 103.94 103.10 103.09 103.32 103.21 103.24 103.11 103.11 103.12 103.12 103.24 103.14 103.11 103.10 103.11 103.09 103.09 103.09 103.08 103.06 103.05 103.03 103.00 102.99 102.79 102.98 102.98 102.99 102.57 102.11 101.96 102.10 102.32 101.93 102.04 102.20 102.14 102.14 102.33 102.32 102.07 101.81 101.65 101.22 100.93 102.04 101.81 101.66 101.57 101.67 101.51 101.82 101.37 101.71 101.48 102.10 102.16 102.34 101.97 102.11 102.02 101.90 102.26 102.71 101.95 102.50 102.41 102.19 102.40 102.45 102.89 102.89 102.67 103.00 102.94 102.71 102.51 102.30 101.83 102.03 101.95 102.12 102.30 102.86 103.10 103.12 103.13 103.09 103.13 103.12 103.11 103.11 103.12 103.16 103.14 103.11 103.22 103.23 103.22 103.25 103.27 103.29 103.28 103.28 103.25 103.21 103.14 103.14
103.15 103.14 103.15 103.18 103.21 103.37 103.37 103.26 103.19 103.11 103.08 102.93 103.13 103.19 103.28 103.13 103.09 103.11 103.10 103.03 102.99 102.88 102.73 102.41 101.94 101.23 100.61 99.88 99.17 98.41 97.32 96.71 95.23 93.63 96.85 97.32 97.62 97.92 98.11 98.15 98.21 99.10 99.48 99.81 100.07 100.64 100.95 101.17 101.41 101.57 100.79 102.19 103.28 100.19 100.32 100.62 101.44 101.76 101.85 102.64 102.13 102.34 102.34 102.34 102.53 102.61 102.59 102.93 102.98 103.03 103.46 103.07 103.75 103.86 103.12 103.12 103.11 103.11 103.12 103.18 103.36 103.21 103.20 103.11 103.12 103.11 103.11 103.09 103.09 103.08 103.09 103.09 103.07 103.06 103.02 102.99 102.74 102.98 102.97 102.99 102.60 102.46 102.32 102.16 102.33 102.27 102.23 102.37 102.40 102.44 102.54 102.52 101.97 101.76 101.73 101.42 101.13 102.09 101.90 101.86 101.89 101.53 101.60 101.42 101.77 101.83 102.00 102.13 102.57 102.48 102.21 101.71 102.20 102.28 102.69 102.72 102.57 102.95 102.47 102.34 102.50 102.60 102.93 102.95 102.97 103.02 102.98 102.43 102.65 102.33 102.23 102.33 102.77 102.82 102.97 103.11 103.15 103.18 103.15 103.14 103.21 103.17 103.13 103.12 103.17 103.15 103.11 103.15 103.21 103.24 103.25 103.26 103.26 103.29 103.31 103.29 103.23 103.24 103.19 103.16
103.17 103.15 103.18 103.27 103.23 103.30 103.38 103.60 103.21 103.13 103.09 103.09 103.19 103.33 103.31 103.19 103.14 103.12 103.01 103.09 103.04 103.04 102.76 102.25 101.78 101.63 101.00 100.10 99.28 98.99 98.55 97.98 95.66 92.85 93.88 97.66 97.83 97.97 98.32 98.69 99.13 99.48 99.73 100.07 100.48 100.99 101.31 101.65 102.14 102.37 101.17 100.14 99.95 100.36 100.68 101.28 101.71 102.10 102.16 102.48 102.28 102.48 102.87 102.48 102.58 102.67 102.58 103.06 102.91 103.01 103.08 103.73 104.43 104.34 103.10 103.11 103.11 103.12 103.10 103.36 103.10 103.28 103.13 103.11 103.19 103.13 103.11 103.09 103.10 103.09 103.08 103.09 103.07 103.07 103.06 103.01 102.98 102.84 102.85 102.75 102.73 102.77 102.62 102.63 102.39 102.22 102.25 102.64 102.53 102.50 102.46 102.16 102.24 102.15 101.79 101.62 101.92 101.90 101.63 102.01 101.83 101.70 101.78 101.82 101.82 101.93 102.10 102.32 102.36 102.53 102.79 102.69 102.94 102.92 102.89 102.94 102.79 102.78 102.88 102.73 102.94 102.97 103.05 103.04 103.05 102.96 102.68 102.65 102.70 102.50 102.67 102.87 103.07 103.11 103.11 103.12 103.15 103.19 103.17 103.21 103.17 103.17 103.15 103.19 103.18 103.16 103.13 103.19 103.22 103.24 103.25 103.27 103.27 103.28 103.29 103.29 103.30 103.27 103.24 103.21
103.32 103.28 103.30 103.36 103.44 103.48 103.45 103.38 103.30 103.13 103.11 103.12 103.34 103.43 103.40 103.27 103.21 103.10 103.05 103.11 103.10 102.95 102.63 102.09 101.50 102.15 101.49 99.51 99.31 99.42 99.29 99.44 98.92 95.36 96.96 98.00 97.74 97.86 98.40 98.90 99.35 99.60 99.81 99.79 100.90 101.34 101.81 102.10 102.38 102.74 102.79 101.75 101.17 101.40 101.76 102.08 102.27 102.36 102.42 102.64 102.56 102.51 102.29 102.91 102.94 102.78 102.86 103.02 103.04 103.08 103.09 103.11 103.90 104.03 103.72 103.43 103.40 103.26 103.23 103.18 103.12 103.11 103.14 103.12 103.11 103.16 103.10 103.09 103.09 103.09 103.10 103.09 103.08 103.07 103.06 103.02 103.01 102.92 102.97 102.90 102.89 102.90 102.89 102.77 102.76 102.37 102.58 102.81 102.98 102.45 102.56 102.36 102.04 102.01 101.88 102.24 102.06 102.06 101.79 102.04 101.90 101.77 101.75 101.89 101.91 101.99 102.22 102.35 102.56 102.64 103.02 103.09 103.13 103.17 103.27 103.14 103.01 102.97 102.90 103.00 103.02 103.05 103.08 103.06 103.04 102.87 102.86 102.78 102.70 102.50 102.96 103.12 103.11 103.10 103.10 103.14 103.17 103.19 103.20 103.23 103.16 103.22 103.20 103.22 103.20 103.17 103.18 103.21 103.23 103.23 103.24 103.26 103.27 103.28 103.27 103.29 103.31 103.32 103.34 103.35
103.32 103.39 103.63 103.41 103.52 103.53 103.48 103.45 103.38 103.21 103.17 103.15 103.45 103.54 103.54 103.43 103.15 103.08 103.14 103.12 103.08 102.75 102.32 101.96 102.21 102.30 102.10 100.93 99.44 99.34 99.57 100.03 100.30 99.96 99.03 98.36 97.55 97.34 98.54 99.19 99.63 99.87 100.00 99.74 101.12 101.87 102.21 102.42 102.69 102.96 103.05 102.17 102.15 102.40 102.55 102.65 102.65 102.67 102.70 102.80 102.92 102.72 102.46 102.56 102.75 102.97 103.03 103.06 103.07 103.10 103.13 103.83 103.13 103.57 103.99 103.61 103.25 103.13 103.12 103.13 103.11 103.12 103.11 103.12 103.17 103.11 103.11 103.09 103.10 103.09 103.09 103.09 103.06 103.05 103.04 103.04 103.03 103.03 102.99 102.92 102.90 102.91 102.86 102.90 102.85 102.83 102.86 102.81 102.85 102.34 102.47 101.84 102.01 101.91 102.07 101.95 101.97 102.10 102.03 102.02 101.91 101.81 101.72 101.78 102.28 102.08 102.21 102.45 102.69 102.93 103.09 103.93 104.07 104.06 104.01 103.80 103.60 103.10 103.08 103.07 103.07 103.10 103.08 103.05 103.05 102.93 102.86 102.87 102.59 102.65 103.11 103.11 103.12 103.12 103.13 103.14 103.18 103.20 103.22 103.23 103.21 103.20 103.22 103.22 103.22 103.22 103.22 103.21 103.23 103.23 103.23 103.25 103.26 103.27 103.27 103.29 103.32 103.33 103.35 103.37
103.37 103.41 103.45 103.47 103.53 103.55 103.54 103.52 103.46 103.31 103.20 103.35 103.57 103.63 103.64 103.46 103.13 103.20 103.18 103.12 103.03 102.81 102.86 102.72 102.62 102.58 102.31 101.61 99.01 99.19 99.57 100.43 100.72 100.47 99.81 98.84 96.54 96.52 99.06 99.58 99.89 100.09 100.23 100.51 101.66 102.02 102.29 102.56 102.78 102.96 103.05 103.06 102.64 102.62 102.62 102.65 102.74 102.83 102.89 102.94 102.96 102.88 102.61 102.87 103.02 103.02 103.08 103.09 103.10 103.11 103.15 103.89 104.15 103.82 103.98 103.14 103.13 103.12 103.21 103.34 103.21 103.12 103.12 103.15 103.12 103.10 103.10 103.09 103.10 103.09 103.09 103.09 103.08 103.09 103.04 103.02 103.00 103.03 102.97 102.86 102.86 102.89 102.93 102.84 102.84 102.93 102.70 102.96 102.86 102.86 102.56 102.28 102.22 101.77 101.88 101.97 101.88 102.04 102.04 102.07 101.88 101.94 101.75 102.23 102.52 102.01 102.23 102.52 102.93 103.11 103.87 104.20 104.13 104.10 104.08 103.99 103.95 103.54 103.11 103.11 103.11 103.10 103.07 103.08 102.94 102.78 102.86 103.00 102.90 102.88 103.11 103.13 103.14 103.16 103.24 103.17 103.21 103.23 103.21 103.23 103.26 103.21 103.22 103.22 103.23 103.22 103.21 103.21 103.21 103.21 103.22 103.21 103.24 103.26 103.25 103.30 103.34 103.36 103.37 103.39
103.43 103.54 103.38 103.41 103.56 103.55 103.56 103.53 103.60 103.37 103.24 103.54 103.67 103.70 103.67 103.33 103.21 103.30 103.17 103.10 103.09 103.05 103.03 102.98 102.89 102.72 102.51 101.73 99.60 99.50 100.12 101.01 100.99 101.18 100.75 99.32 95.87 93.95 98.31 99.90 100.08 100.32 100.57 100.97 101.59 102.04 102.35 102.63 102.80 102.97 103.06 103.07 103.01 102.78 102.73 102.75 102.82 102.90 102.95 103.00 103.04 103.01 102.93 102.95 103.03 103.09 103.11 103.12 103.12 103.30 103.87 103.91 103.74 104.10 103.20 103.18 103.20 103.18 103.32 103.13 103.13 103.12 103.12 103.12 103.15 103.12 103.11 103.12 103.11 103.11 103.10 103.09 103.08 103.08 103.07 103.08 103.02 103.00 102.99 102.97 102.91 102.81 102.68 102.63 102.88 102.96 102.97 102.77 102.74 102.63 102.59 102.57 102.46 102.58 102.34 102.11 102.00 102.04 102.04 101.77 101.97 101.91 101.66 102.71 102.11 102.02 102.35 102.70 103.03 103.24 104.02 104.24 104.23 104.19 104.12 104.06 104.00 103.83 103.39 103.17 103.13 103.22 103.07 103.02 103.02 102.99 103.07 103.10 103.08 103.08 103.12 103.16 103.33 103.16 103.22 103.25 103.22 103.21 103.19 103.20 103.54 103.18 103.17 103.18 103.21 103.22 103.19 103.20 103.18 103.20 103.20 103.24 103.24 103.27 103.25 103.30 103.34 103.37 103.40 103.40
103.48 103.47 103.49 103.47 103.62 103.62 103.66 103.64 103.74 103.67 103.56 103.78 103.80 103.76 103.70 103.65 103.34 103.35 103.17 103.11 103.10 103.09 103.05 102.98 102.87 102.74 102.43 101.71 100.97 101.28 101.23 101.23 101.26 101.28 101.39 101.26 96.56 90.51 92.20 99.90 100.26 100.52 100.82 101.19 101.60 102.08 102.47 102.68 102.87 102.97 103.04 103.07 103.06 102.88 102.83 102.82 102.88 102.95 102.98 103.02 103.05 102.99 102.95 103.04 103.09 103.11 103.15 103.20 103.30 103.21 104.15 103.96 103.19 104.15 103.91 103.18 103.74 103.15 103.13 103.18 103.12 103.12 103.11 103.11 103.12 103.12 103.17 103.12 103.12 103.13 103.10 103.09 103.09 103.09 103.10 103.07 103.08 103.01 103.03 103.04 103.01 102.99 102.84 102.66 102.96 102.92 103.09 102.87 103.03 102.59 102.73 102.70 102.67 102.77 102.57 102.17 102.00 102.21 102.38 101.94 102.11 102.03 101.85 101.75 101.92 102.30 102.58 102.87 103.10 103.39 104.25 104.28 104.31 104.20 104.09 104.07 103.96 103.89 103.57 103.22 103.16 103.08 103.10 103.08 103.05 103.10 103.12 103.14 103.14 103.15 103.18 103.23 103.32 103.35 103.27 103.29 103.25 103.24 103.18 103.16 103.14 103.12 103.13 103.13 103.14 103.15 103.16 103.16 103.16 103.38 103.12 103.19 103.23 103.23 103.24 103.34 103.37 103.36 103.21 103.39
103.41 103.53 103.28 103.33 103.62 103.60 103.69 103.75 103.78 103.81 103.86 103.90 103.88 103.84 103.80 103.67 103.55 103.32 103.11 103.11 103.11 103.08 103.04 102.99 102.85 102.66 102.45 102.15 101.49 101.50 101.39 101.38 101.39 101.49 101.68 101.83 101.10 92.61 93.96 98.98 100.06 100.76 101.14 101.40 98.26 102.31 102.59 102.76 102.91 102.97 103.05 103.07 103.07 102.91 102.88 102.91 102.96 102.99 103.02 103.04 103.05 103.06 103.07 103.06 103.10 103.18 103.24 103.35 103.43 104.00 104.09 103.99 103.43 103.37 103.22 103.71 103.27 103.20 103.13 103.11 103.11 103.13 103.11 103.12 103.12 103.12 103.91 103.12 103.35 103.11 103.10 103.10 103.10 103.12 103.12 103.06 103.06 103.07 103.08 103.09 103.08 102.98 102.92 102.95 102.99 103.02 102.97 103.03 103.09 102.85 102.86 102.97 102.80 102.76 102.67 102.54 102.37 102.46 102.56 102.51 102.38 102.15 102.08 102.12 102.21 102.40 102.70 102.99 103.12 103.46 104.26 104.27 104.23 104.16 104.08 104.06 104.00 103.93 103.69 103.30 103.21 103.12 103.13 103.13 103.13 103.15 103.14 103.23 103.19 103.27 103.33 103.39 103.52 103.61 103.63 103.43 103.36 103.23 103.15 103.11 103.09 103.07 103.10 103.10 103.11 103.12 103.12 103.14 103.14 103.14 103.15 103.13 103.27 103.22 103.26 103.28 103.35 103.40 103.15 103.37
103.47 103.56 103.57 103.74 103.69 103.61 103.77 103.87 103.89 103.93 103.97 104.04 104.01 103.97 103.95 103.78 103.35 103.18 103.12 103.12 103.05 100.79 96.05 95.41 98.02 102.58 102.36 102.28 102.08 101.66 101.59 101.48 101.51 101.60 101.69 101.80 101.83 100.63 98.49 98.91 100.30 100.96 101.38 101.63 102.03 102.52 102.67 102.82 102.91 102.97 103.04 103.07 103.08 102.94 102.94 102.95 102.98 103.02 103.04 103.04 103.06 103.06 103.05 103.09 103.18 103.27 103.41 103.53 103.56 103.94 104.17 104.05 103.72 103.49 103.77 103.42 103.51 103.22 103.17 103.15 103.29 103.12 103.09 103.48 103.12 103.12 103.12 103.12 103.12 103.12 103.24 103.13 103.10 103.10 103.11 103.09 103.09 103.09 103.10 103.11 103.09 103.09 103.02 103.00 103.03 103.03 102.97 103.10 103.07 102.76 102.89 102.91 102.93 102.96 102.74 102.70 102.55 102.45 102.52 102.53 102.39 102.47 102.34 102.40 102.46 102.62 102.82 103.07 103.17 104.22 104.24 104.15 104.23 104.15 104.08 104.04 103.98 103.93 103.75 103.41 103.26 103.22 103.18 103.18 103.17 103.18 103.21 103.25 103.41 103.47 103.56 103.65 103.65 103.71 103.72 103.67 103.43 103.22 103.12 103.09 103.06 103.01 102.94 103.01 103.05 103.10 103.11 103.12 103.12 103.13 103.14 103.14 103.18 103.22 103.24 103.33 103.29 103.42 103.20 103.96
103.53 103.64 103.67 103.77 103.40 103.76 103.79 103.86 103.98 104.01 104.07 104.12 104.13 104.10 104.12 103.51 103.24 103.23 103.14 103.14 102.74 95.02 90.92 89.70 92.77 100.21 102.32 102.30 102.50 102.11 101.86 101.61 101.55 101.62 101.71 101.82 101.84 101.65 100.56 100.44 100.95 101.18 101.46 101.72 102.10 102.54 102.74 102.87 102.94 102.99 103.02 103.08 103.07 102.86 102.90 102.97 103.01 103.03 103.04 103.05 103.06 103.08 103.10 103.15 103.21 103.45 103.61 103.79 104.01 104.06 103.91 104.05 103.96 103.78 103.84 103.57 103.27 103.30 103.24 103.15 103.13 103.11 103.17 103.47 103.12 103.12 103.12 103.74 103.14 103.20 103.12 103.12 103.10 103.10 103.10 103.11 103.11 103.11 103.11 103.11 103.11 103.10 103.08 103.06 103.09 103.09 103.09 103.08 102.96 102.87 102.95 102.96 102.90 102.84 102.81 102.76 102.62 102.17 102.45 102.54 102.58 102.57 102.54 102.59 102.64 102.75 103.03 103.09 103.20 104.05 104.19 104.20 104.16 104.10 104.07 104.07 104.01 103.88 103.77 103.61 103.44 103.50 103.38 103.38 103.37 103.50 103.53 103.60 103.69 103.76 103.81 103.81 103.81 103.89 103.84 103.81 103.61 103.21 103.13 103.07 102.98 102.82 102.67 102.68 102.87 103.08 103.10 103.11 103.11 103.12 103.13 103.15 103.18 103.21 103.21 103.28 103.46 103.45 103.37 103.65
103.55 103.68 103.78 103.82 103.86 103.78 103.81 103.92 104.04 104.09 104.14 104.20 104.21 104.21 104.22 103.60 103.27 103.19 103.10 103.12 103.00 95.12 91.00 90.08 92.27 100.50 102.55 102.64 102.68 102.59 102.15 101.73 101.49 101.43 101.46 101.73 101.88 101.86 101.43 101.27 101.36 101.43 101.51 101.70 101.98 102.41 102.79 102.89 102.97 102.99 103.02 103.08 103.05 103.06 102.87 102.95 103.01 103.03 103.05 103.05 103.07 103.08 103.11 103.20 103.41 103.65 103.95 104.04 104.22 104.23 104.32 104.20 104.16 104.05 103.96 103.55 103.44 103.46 103.75 103.18 103.14 103.12 103.20 103.14 103.69 103.11 103.12 103.11 103.12 103.13 103.13 103.13 103.20 103.11 103.11 103.12 103.11 103.11 103.11 103.11 103.12 103.09 103.28 103.10 103.11 103.06 103.02 103.08 103.02 103.00 102.96 102.91 102.82 102.80 102.81 102.92 102.53 102.63 102.52 102.72 102.82 102.91 102.61 102.64 102.70 102.81 103.01 102.94 103.12 103.38 103.87 104.14 104.08 104.06 104.04 103.98 103.97 103.94 103.86 103.80 103.79 103.79 103.90 103.81 103.84 103.82 103.92 103.94 103.96 104.02 104.07 104.02 104.12 104.07 104.04 103.89 103.70 103.22 103.11 103.03 102.75 102.47 102.38 102.57 102.59 101.87 103.08 103.10 103.10 103.11 103.12 103.15 103.18 103.22 103.23 103.36 103.24 103.54 103.50 103.60
103.89 103.79 103.77 103.94 104.03 104.02 104.00 104.07 104.18 104.19 104.26 104.27 104.29 104.29 104.27 103.60 103.30 103.12 103.10 103.14 103.11 97.31 94.78 93.78 95.82 102.19 102.84 102.84 102.79 102.64 102.35 101.91 101.47 101.24 101.06 100.97 101.82 101.85 101.70 101.57 101.53 101.55 101.60 101.73 101.96 102.38 102.78 102.89 102.94 102.98 102.98 103.06 103.09 103.09 102.91 102.95 102.97 103.01 103.03 103.06 103.08 103.08 103.14 103.22 103.45 104.07 104.16 104.22 104.32 104.35 104.35 104.31 104.15 104.17 104.06 103.74 103.66 103.69 103.37 103.18 103.25 103.39 103.17 103.14 103.11 103.25 103.31 103.12 103.13 103.14 103.12 103.12 103.12 103.11 103.13 103.12 103.12 103.12 103.12 103.12 103.13 103.10 103.08 103.11 103.07 103.09 103.10 102.91 103.03 103.09 102.90 102.80 102.81 102.84 102.83 102.93 102.72 102.73 102.06 102.87 102.90 102.88 102.47 102.58 102.76 102.81 102.99 102.92 103.05 103.11 103.28 103.42 103.74 103.83 103.82 103.97 103.96 103.97 103.97 103.95 103.99 104.09 104.10 104.12 104.15 104.13 104.20 104.24 104.24 104.20 104.24 104.20 104.23 104.13 104.16 104.15 103.94 103.26 103.10 102.90 102.38 102.22 102.14 102.11 102.48 102.85 103.04 103.08 103.09 103.11 103.13 103.15 103.18 103.21 103.28 103.33 103.27 103.60 103.60 103.69
103.87 103.92 103.96 104.04 104.09 104.16 104.20 104.27 104.30 104.31 104.34 104.33 104.33 104.31 104.30 103.64 103.20 103.11 103.13 103.17 103.17 101.96 100.17 99.69 102.51 103.05 102.96 102.92 102.85 102.58 102.27 101.92 101.56 101.12 100.87 100.79 101.56 101.86 101.79 101.56 101.56 101.35 101.61 101.77 101.80 102.52 102.68 102.82 102.87 102.93 102.97 103.01 103.05 103.09 103.05 102.98 103.10 103.29 103.21 103.09 103.08 103.06 103.14 103.23 103.52 104.06 104.27 104.34 104.43 104.47 104.40 104.47 104.18 104.43 104.28 104.04 103.97 103.99 103.90 103.43 103.20 103.13 103.11 103.13 103.12 103.16 103.15 103.13 103.13 103.12 103.14 103.15 103.13 103.12 103.14 103.15 103.19 103.11 103.13 103.13 103.12 103.10 103.09 103.10 103.10 103.10 103.10 103.07 103.02 103.06 103.00 102.89 102.89 102.81 102.79 102.83 102.88 102.72 102.23 102.83 102.89 102.79 103.08 103.00 102.76 102.73 102.87 102.96 103.00 103.08 103.11 103.15 103.22 103.37 103.63 103.87 103.97 104.03 104.10 104.14 104.16 104.32 104.25 104.38 104.44 104.50 104.54 104.50 104.63 104.54 104.56 104.50 104.47 104.46 104.48 104.36 104.27 103.37 103.10 102.86 102.48 102.15 102.00 100.39 101.26 102.52 102.96 103.06 103.10 103.11 103.13 103.15 103.20 103.25 103.40 103.33 103.53 103.61 103.44 103.82
103.96 103.99 103.97 104.15 104.25 104.25 104.31 104.32 104.33 104.36 104.37 104.36 104.34 104.33 104.32 103.71 103.16 103.12 103.13 103.11 103.18 103.16 103.15 103.14 103.11 103.07 102.87 102.96 102.76 102.46 102.08 101.81 101.40 101.03 100.80 100.29 100.35 101.76 101.84 101.54 101.64 101.55 101.66 100.87 102.06 102.54 102.74 102.80 102.84 102.88 102.80 102.94 102.94 103.10 102.95 102.98 103.00 102.99 103.12 103.56 103.71 103.12 103.22 103.73 104.05 104.34 104.43 104.45 104.51 104.56 104.54 104.50 104.45 104.37 104.13 104.22 104.19 104.26 104.38 103.72 103.44 103.16 103.14 103.19 103.29 103.15 103.16 103.14 103.15 103.12 103.14 103.18 103.14 103.15 103.15 103.39 103.16 103.14 103.12 103.13 103.10 103.10 103.11 103.10 103.09 103.12 103.11 103.06 103.10 103.08 103.00 103.06 103.04 102.99 103.08 102.86 102.94 102.53 102.67 102.35 102.62 102.58 102.58 102.75 102.77 102.83 102.79 102.71 103.01 102.95 103.10 103.19 103.17 103.24 103.69 103.96 104.06 104.23 104.30 104.35 104.46 104.52 104.59 104.70 104.82 104.93 105.00 105.02 105.01 104.94 104.86 104.81 104.82 104.75 104.66 104.56 104.40 104.19 103.14 102.98 102.43 102.12 100.46 93.56 100.14 102.43 102.97 103.07 103.10 103.11 103.16 103.15 103.22 103.29 103.52 103.55 103.65 103.63 103.82 103.88
104.11 104.16 104.19 104.17 104.34 104.26 104.41 104.43 104.42 104.41 104.41 104.39 104.37 104.35 104.34 103.88 103.20 103.12 103.13 103.13 103.12 103.13 103.08 103.10 103.10 103.09 103.05 102.83 102.61 102.36 101.96 101.65 101.33 100.95 100.30 100.21 100.54 101.91 102.08 101.72 101.87 101.85 101.88 100.86 101.73 102.52 102.70 102.76 102.80 102.71 102.58 102.66 102.96 103.06 103.10 103.11 103.10 103.14 103.16 103.50 103.36 103.11 104.03 104.18 104.31 104.39 104.39 104.48 104.59 104.62 104.42 104.57 104.57 104.49 104.26 104.51 104.33 104.40 104.48 104.44 103.70 103.48 103.33 103.24 103.26 103.18 103.15 103.14 103.15 103.15 103.17 103.17 103.15 103.14 103.17 103.14 103.20 103.16 103.12 103.10 103.25 103.10 103.11 103.11 103.06 103.15 102.97 103.06 103.10 103.07 103.07 103.08 103.07 103.04 103.04 103.06 103.01 103.10 102.91 102.79 102.90 103.07 102.74 102.88 102.86 102.61 102.42 102.84 103.01 102.97 103.11 103.13 103.20 103.55 103.93 104.15 104.36 104.38 104.47 104.58 104.67 104.83 104.93 105.12 105.28 105.32 105.38 105.32 105.32 105.22 105.16 105.16 105.02 104.90 104.75 104.64 104.48 104.28 103.59 103.04 102.68 102.25 101.53 100.83 101.55 102.84 103.06 103.09 103.10 103.12 103.13 103.22 103.29 103.41 103.60 103.74 103.73 103.79 103.91 104.04
104.27 104.31 104.37 104.42 104.48 104.46 104.50 104.52 104.51 104.48 104.47 104.46 104.43 104.27 104.39 104.34 103.72 103.17 103.11 103.12 103.12 103.13 103.08 103.07 103.12 103.09 102.95 102.77 102.54 102.22 101.88 101.55 101.31 100.91 99.70 100.09 101.09 101.92 102.03 101.86 102.12 102.16 102.12 102.21 102.37 102.53 102.71 102.79 102.78 102.52 102.59 102.75 102.76 103.06 103.08 103.09 103.09 103.13 103.14 103.24 103.22 103.44 103.90 103.68 103.42 104.22 104.32 104.45 104.60 104.67 104.61 104.71 104.66 104.71 104.68 104.62 104.53 104.57 104.63 104.67 104.62 103.84 103.60 103.41 103.48 103.21 103.17 105.01 103.17 103.16 103.18 103.25 103.17 103.26 103.15 103.15 103.17 103.17 103.12 103.12 103.11 103.14 103.11 103.11 103.10 103.08 103.03 103.07 103.07 103.03 103.08 103.07 103.09 103.12 103.11 103.11 103.07 102.95 102.92 102.89 102.97 102.87 102.80 102.86 102.68 102.88 103.09 103.12 103.12 103.15 103.17 103.31 103.71 103.88 104.10 104.38 104.46 104.59 104.76 104.91 105.07 105.21 105.42 105.55 105.63 105.77 105.72 105.55 105.64 105.50 105.44 105.30 105.17 104.99 104.89 104.80 104.65 104.51 104.02 103.14 103.04 102.83 102.48 102.45 102.78 103.07 103.10 103.10 103.11 103.12 103.25 103.26 103.43 103.62 103.80 103.94 103.96 103.98 104.15 104.23
104.50 104.44 104.54 104.55 104.55 104.55 104.57 104.61 104.61 104.57 104.54 104.54 104.53 104.49 104.46 104.42 104.04 103.52 103.31 103.27 103.18 103.16 103.12 103.11 103.13 103.00 102.89 102.72 102.40 102.15 101.82 101.70 101.22 100.95 100.46 100.51 101.11 101.96 101.99 101.99 102.18 102.27 102.39 102.39 102.49 102.59 102.70 102.80 102.74 102.35 102.74 102.81 102.84 102.94 102.99 103.03 103.08 103.09 103.10 103.19 103.18 103.35 103.53 103.73 104.02 104.07 104.30 104.41 104.46 104.68 104.73 104.72 104.79 104.87 104.83 104.95 104.68 104.75 104.82 104.72 104.70 104.57 104.10 104.39 103.82 103.54 103.23 103.16 103.25 103.23 103.26 103.20 103.17 103.18 103.32 103.20 103.15 103.12 103.12 103.14 103.11 103.11 103.12 103.12 103.11 103.10 103.05 103.05 103.08 103.05 103.05 103.04 103.10 103.11 103.10 103.10 103.05 102.96 103.02 103.01 103.01 103.10 102.90 102.84 102.99 102.95 103.02 103.14 103.13 103.17 103.26 103.64 103.77 104.08 104.27 104.45 104.63 104.84 105.11 105.29 105.42 105.60 105.98 105.83 105.97 106.05 106.00 105.92 105.85 105.72 105.54 105.45 105.53 105.18 105.16 105.03 104.88 104.75 104.37 103.89 103.16 103.11 103.09 103.08 102.93 102.79 103.12 103.12 103.12 103.14 103.11 104.28 103.72 103.22 104.07 103.72 104.20 104.24 104.27 104.44
104.67 104.13 104.57 104.57 104.65 104.63 104.63 104.67 104.64 104.65 104.63 104.64 104.62 104.58 104.60 104.56 104.50 104.13 103.49 103.15 103.17 103.17 103.19 103.16 103.07 102.94 102.83 102.64 102.45 101.97 101.67 101.41 100.99 100.61 100.29 100.39 101.00 101.82 102.11 102.18 102.31 102.43 102.48 102.53 102.44 102.57 102.56 102.45 102.44 102.54 102.74 102.87 102.89 102.85 102.97 103.06 103.08 103.09 103.09 103.09 103.09 103.09 103.15 103.71 103.72 104.29 104.42 104.47 104.53 104.68 104.81 105.01 105.01 105.02 104.98 105.12 105.05 105.07 105.05 104.84 104.98 104.94 104.68 104.32 104.01 103.63 103.32 103.22 103.39 103.30 103.29 103.14 103.21 103.20 103.27 103.15 103.18 103.13 103.16 103.22 103.10 103.10 103.12 103.09 103.16 103.07 103.08 103.04 103.08 102.98 102.90 102.99 103.08 103.09 103.08 103.04 103.04 103.06 103.02 103.09 103.08 103.09 103.08 102.99 103.04 103.10 103.12 103.15 103.20 103.42 103.56 103.85 104.02 104.23 104.43 104.64 104.88 105.19 105.40 105.54 105.76 105.88 106.03 106.14 106.34 106.14 106.08 106.05 105.98 105.66 105.76 105.67 105.54 105.35 105.16 105.30 105.23 105.06 104.89 104.72 104.44 104.10 103.92 103.54 103.48 103.16 103.24 103.16 103.15 103.19 103.21 103.69 104.00 104.09 104.26 104.35 104.39 104.50 104.57 104.64
104.80 104.72 104.72 104.67 104.70 104.69 104.71 104.70 104.69 104.70 104.72 104.70 104.68 104.64 104.68 104.60 104.64 104.54 104.10 103.06 103.13 103.17 103.14 103.09 102.85 102.93 102.82 102.62 102.29 101.81 101.31 100.72 100.12 99.83 99.63 99.56 100.02 100.70 101.77 102.30 102.46 102.52 102.57 102.55 101.98 102.19 102.64 102.75 102.57 102.48 102.73 102.65 102.56 102.67 102.91 103.06 103.09 103.10 103.10 103.10 103.10 103.10 103.13 103.71 104.20 104.36 104.46 104.47 104.60 104.72 104.78 105.07 104.99 105.13 105.17 105.29 105.27 105.38 105.26 105.14 105.10 105.02 105.03 104.32 104.10 103.75 103.63 103.50 103.35 103.44 103.17 103.17 103.19 103.43 103.46 103.14 103.24 103.14 103.17 103.13 103.15 103.12 103.12 103.11 103.11 103.09 103.06 103.12 103.06 102.92 103.08 102.96 102.99 102.95 102.91 102.89 102.98 103.02 103.05 103.11 103.11 103.11 103.20 103.15 103.13 103.26 103.18 103.21 103.37 103.55 103.79 104.04 104.17 104.39 104.55 104.84 105.08 105.40 105.64 105.84 105.93 106.05 106.29 106.42 106.51 106.47 106.33 106.30 106.09 106.06 105.90 105.53 105.71 105.52 105.48 105.44 105.33 105.20 105.18 105.03 104.93 104.70 104.61 104.54 104.30 104.16 103.82 103.38 103.25 103.27 103.30 103.59 103.67 104.23 104.33 104.41 104.53 104.70 104.80 104.83
104.94 104.78 104.79 104.69 104.78 104.75 104.78 104.77 104.74 104.75 104.76 104.77 104.75 104.70 104.65 104.62 104.58 104.49 104.44 103.14 103.13 103.12 103.10 103.06 102.90 102.95 102.83 102.64 102.34 101.53 100.48 99.67 98.85 98.34 98.33 98.75 99.17 99.29 100.36 101.64 102.39 102.64 102.67 102.65 102.58 102.46 102.55 102.65 102.73 102.90 102.54 102.44 102.32 102.17 102.61 102.96 103.08 103.09 103.09 103.10 103.10 103.10 103.20 103.82 104.19 104.36 104.46 104.54 104.62 104.81 104.87 105.02 105.09 105.28 105.32 105.47 105.60 105.56 105.54 105.39 105.44 105.36 105.24 105.17 104.87 104.68 104.59 104.37 104.00 104.39 103.35 103.24 103.18 103.17 103.27 103.17 103.34 103.47 103.14 103.40 103.15 103.22 103.13 103.46 103.15 103.17 103.11 103.09 103.07 103.00 102.96 102.93 102.92 102.83 102.84 102.83 102.92 103.07 103.21 103.15 103.14 103.11 103.12 103.11 103.18 103.22 103.24 103.26 103.60 103.75 103.98 104.22 104.37 104.51 104.83 105.09 105.24 105.56 105.77 106.06 106.19 106.40 106.57 106.61 106.67 106.71 106.64 106.48 106.44 106.25 106.16 106.05 105.97 105.78 105.93 105.86 105.61 105.37 105.37 105.17 104.97 104.87 104.61 104.51 104.26 104.18 103.92 103.67 103.49 103.47 103.44 103.68 103.61 104.37 104.41 104.51 104.72 104.76 104.85 104.87
104.89 104.85 104.86 104.79 104.44 104.81 104.82 104.60 104.81 104.80 104.77 104.78 104.71 104.69 104.65 104.60 104.59 104.61 104.41 103.94 103.10 103.10 103.15 103.07 103.08 102.98 102.90 102.75 102.20 100.91 99.52 98.26 97.44 97.33 96.94 97.22 98.62 98.87 99.36 100.70 102.07 102.66 102.75 102.73 102.52 102.61 102.47 101.70 102.60 102.63 102.60 102.45 102.17 101.89 102.22 102.74 103.01 103.07 103.09 103.08 103.12 103.12 103.12 103.40 104.22 104.43 104.48 104.54 104.71 104.85 105.02 105.17 105.20 105.43 105.55 105.63 105.69 105.75 105.76 105.89 105.56 105.56 105.50 105.43 105.25 104.74 104.90 104.63 104.20 104.13 103.93 103.48 103.46 103.41 103.34 103.21 103.17 103.16 103.41 103.29 103.48 104.13 103.45 103.13 103.41 103.12 103.11 103.11 103.09 103.09 103.06 102.94 103.12 102.88 102.90 103.02 102.97 103.04 103.21 103.19 103.19 103.19 103.20 103.25 103.26 103.32 103.41 103.60 103.72 103.96 104.16 104.38 104.45 104.76 104.96 105.25 105.45 105.63 105.97 106.05 106.52 106.70 106.77 106.78 106.78 106.82 106.71 106.68 106.56 106.65 106.39 106.34 106.15 106.11 106.04 105.97 105.85 105.53 105.20 105.26 105.04 104.92 104.72 104.51 104.26 104.25 104.07 103.92 103.83 103.71 103.61 103.31 103.13 104.43 104.48 104.51 104.72 104.85 104.91 104.85
104.88 104.90 104.92 104.90 104.87 104.84 104.80 104.84 104.81 104.80 104.80 104.81 104.75 104.78 104.67 104.68 104.61 104.36 104.24 103.93 103.45 103.21 103.13 103.11 103.09 103.05 103.00 102.78 102.12 100.64 99.04 98.04 97.67 97.57 96.71 97.16 98.37 99.01 99.66 101.03 102.22 102.71 102.76 102.74 102.17 102.66 102.52 102.21 102.46 102.36 102.37 102.23 102.21 102.33 102.51 102.64 102.92 103.06 103.07 103.06 103.10 103.12 103.12 103.32 104.03 104.52 104.60 104.52 104.77 104.94 105.06 105.28 105.39 105.53 105.69 105.82 105.88 105.92 105.93 105.91 105.87 105.83 105.72 105.94 105.89 105.41 105.12 105.03 104.69 104.72 104.11 104.59 104.22 103.89 103.99 103.46 103.27 103.72 103.19 103.56 104.30 104.30 104.21 103.28 103.35 103.11 103.10 103.13 103.13 103.11 103.10 103.12 103.84 103.18 103.07 103.10 103.31 103.06 103.23 103.19 103.21 103.20 103.38 103.42 103.55 103.46 103.65 103.69 103.96 104.22 104.33 104.41 104.61 104.82 105.19 105.42 105.68 105.82 106.24 106.43 106.57 106.82 106.86 106.85 106.84 106.79 106.83 106.78 106.73 106.60 106.51 106.55 106.52 106.37 106.21 106.04 105.89 105.78 105.57 105.37 105.13 104.89 104.75 104.56 104.32 104.32 104.23 104.12 104.11 103.87 103.22 103.39 103.25 104.27 104.46 104.62 104.66 104.84 104.84 104.92
104.89 104.96 104.96 104.92 104.89 104.88 104.85 104.84 104.83 104.85 104.82 104.90 104.84 104.84 104.72 104.68 104.54 104.37 104.05 103.64 103.35 103.21 103.14 103.12 103.10 103.09 103.04 102.95 102.55 101.59 100.16 98.94 98.34 98.15 98.02 98.18 98.85 99.29 101.29 102.38 102.80 102.89 102.82 102.80 102.81 102.43 102.66 102.06 102.38 102.40 102.31 102.42 101.82 102.33 102.75 102.67 102.79 103.01 103.07 103.10 103.10 103.11 103.12 103.34 104.00 104.57 104.76 104.81 104.92 105.06 105.30 105.42 105.66 105.74 106.17 105.88 106.02 105.94 106.05 106.06 106.01 105.99 105.80 105.84 105.90 105.56 105.45 105.12 105.02 105.05 104.88 104.76 104.73 104.54 104.25 103.81 103.62 103.47 104.03 104.16 104.40 104.26 103.69 104.13 103.66 104.06 103.86 104.03 103.10 103.10 103.07 103.24 103.09 103.05 103.35 103.37 103.27 103.21 103.25 103.30 103.33 103.34 103.74 104.10 103.69 103.68 103.74 104.06 104.25 104.34 104.27 104.59 104.63 104.93 105.23 105.58 105.80 105.87 106.24 106.50 106.71 106.82 106.77 106.60 106.86 106.79 106.74 106.63 106.80 106.47 106.53 106.49 106.40 106.34 106.35 106.16 105.98 105.90 105.48 105.37 105.12 104.88 104.62 104.53 104.42 104.33 104.20 104.26 104.24 103.97 103.61 103.36 103.16 104.18 104.59 104.60 104.81 104.84 104.91 104.98
105.04 105.03 104.97 104.97 104.96 104.93 104.90 104.86 104.84 104.89 104.89 104.83 104.82 104.77 104.74 104.60 104.41 104.17 103.85 103.57 103.30 103.20 103.15 103.13 103.12 103.11 103.09 103.05 102.91 102.47 101.96 101.50 101.32 99.59 98.80 98.60 99.36 100.98 102.01 102.67 102.89 102.96 102.96 102.99 103.03 103.06 103.07 102.98 102.57 102.24 101.79 102.21 102.75 102.69 102.67 102.80 103.07 103.03 103.07 103.11 103.12 103.17 103.24 103.52 104.02 104.64 104.72 104.94 105.09 105.26 105.36 105.64 105.76 105.90 105.88 106.11 106.10 106.11 106.25 106.26 106.05 106.12 106.05 106.00 105.89 105.79 105.50 105.58 105.43 105.14 105.09 105.21 104.90 104.74 104.69 104.59 104.16 103.92 104.36 104.35 103.91 103.60 103.40 104.18 103.61 104.08 104.13 104.16 103.72 103.31 103.13 103.33 103.24 103.18 103.38 103.23 103.17 103.35 103.38 103.47 103.44 103.66 103.77 103.96 103.96 104.06 104.11 104.14 104.33 104.42 104.54 104.57 104.88 105.03 105.47 105.70 105.94 106.18 106.29 106.51 106.68 106.85 106.85 106.86 106.83 106.70 106.76 106.78 106.73 106.70 106.57 106.65 106.57 106.26 106.37 106.31 106.10 105.81 105.38 105.21 105.08 104.75 104.58 104.50 104.47 104.41 104.40 104.39 104.37 104.26 104.09 103.72 103.26 104.35 104.36 104.46 104.71 104.96 104.96 105.04
105.05 105.03 105.03 104.95 104.94 104.94 104.90 104.92 104.84 104.96 104.92 104.87 104.87 104.76 104.61 104.55 104.26 104.06 103.81 103.56 103.30 103.22 103.18 103.16 103.14 103.12 103.11 103.10 103.08 103.03 102.94 102.89 102.90 102.87 102.19 102.01 102.55 102.76 102.81 102.84 102.93 102.97 102.96 102.98 103.04 103.07 103.07 103.06 102.40 102.23 102.62 102.84 103.06 102.99 103.02 103.10 103.06 103.30 103.07 103.10 103.13 103.21 103.50 104.03 104.47 104.74 104.90 105.01 105.32 105.38 105.62 105.76 105.84 105.96 106.01 105.97 105.85 105.64 106.21 106.24 106.17 106.25 106.13 106.10 105.98 105.91 105.88 105.79 105.64 105.50 105.36 105.30 105.24 105.12 104.82 104.87 104.65 104.51 104.52 104.56 104.42 104.32 104.57 104.25 103.95 104.20 103.85 103.83 104.09 103.69 103.33 103.54 103.61 103.71 103.75 103.24 103.38 103.50 103.58 103.77 103.78 103.88 104.09 103.95 104.19 104.20 104.22 104.27 104.41 104.47 104.71 104.78 105.00 105.18 106.00 106.06 105.95 106.11 106.30 106.47 106.65 106.82 106.83 106.77 106.78 106.74 106.71 106.70 106.57 106.73 106.68 106.64 106.47 106.46 106.46 106.21 105.96 105.68 105.48 104.51 104.69 104.96 104.71 104.67 104.59 104.53 104.54 104.46 104.48 104.43 104.36 104.15 104.22 104.30 104.41 104.67 104.72 104.90 104.96 105.06
105.08 105.05 105.03 104.97 105.01 105.00 104.97 104.97 104.92 104.93 104.96 104.87 104.84 104.68 104.53 104.38 104.14 103.99 103.81 103.59 103.40 103.31 103.24 103.19 103.15 103.13 103.12 103.12 103.11 103.10 103.10 103.09 103.08 103.07 103.05 103.06 103.07 103.06 103.01 102.96 102.96 103.00 102.99 102.90 102.96 103.02 103.02 103.01 103.10 102.62 103.31 103.49 103.67 103.37 103.29 103.10 103.11 103.11 103.48 103.11 103.19 103.41 103.94 104.35 104.48 104.88 105.10 105.31 105.35 105.66 105.67 105.79 105.93 105.95 105.99 106.01 106.08 106.21 106.28 106.27 106.29 106.20 106.19 106.13 106.10 106.01 106.00 105.79 105.73 105.66 105.56 105.42 105.20 105.10 104.99 105.01 104.83 104.86 104.86 104.78 104.46 104.65 104.28 104.42 107.55 104.94 103.90 104.29 104.15 103.82 103.69 103.82 103.75 103.71 103.55 103.86 103.79 103.88 103.97 103.91 103.94 104.02 104.18 104.16 104.15 104.25 104.21 104.34 104.42 104.57 104.77 104.94 105.14 105.36 105.84 105.97 105.90 106.15 106.17 106.42 106.55 106.66 106.74 106.74 106.69 106.71 106.68 106.68 106.60 106.45 106.67 106.53 106.37 106.26 106.27 105.97 105.82 105.56 105.45 104.58 104.39 105.01 104.81 104.76 104.73 104.67 104.69 104.64 104.53 104.59 104.48 104.50 103.91 104.21 104.78 104.72 104.71 104.99 105.16 105.01
105.08 105.09 105.03 105.03 105.05 105.07 104.94 104.93 104.97 104.94 104.88 104.78 104.69 104.59 104.44 104.27 104.07 103.86 103.72 103.57 103.32 103.34 103.25 103.20 103.18 103.16 103.14 103.13 103.12 103.12 103.11 103.10 103.10 103.09 103.09 103.10 103.09 103.08 103.06 103.02 103.00 103.01 103.02 103.03 103.01 103.05 103.09 103.11 103.21 103.31 103.48 103.64 103.87 103.99 104.02 103.59 103.13 103.11 103.14 103.33 103.57 104.00 104.30 104.77 104.79 105.01 105.18 105.40 105.57 105.68 105.86 105.98 106.06 106.05 106.12 106.16 106.18 106.05 106.45 106.55 106.24 106.23 106.30 105.91 106.16 106.06 105.89 105.84 105.91 105.76 105.72 105.61 105.46 105.34 105.23 105.15 105.05 104.80 105.04 104.85 104.84 104.83 104.30 106.73 107.33 104.73 103.63 104.32 104.22 104.05 104.06 104.03 104.02 104.07 104.20 104.04 104.10 104.07 104.16 104.19 104.16 104.24 104.18 104.20 104.27 104.28 104.22 104.37 104.45 104.55 104.69 104.92 105.16 105.35 105.60 105.63 105.94 106.04 106.26 106.37 106.48 106.57 106.71 106.67 106.71 106.69 106.58 106.67 106.64 106.55 106.51 106.36 106.36 106.09 105.78 105.87 105.72 105.54 105.42 105.32 105.15 105.07 104.97 104.85 104.81 104.82 104.72 104.76 104.67 104.63 104.59 104.61 104.47 104.75 104.76 104.63 104.75 105.00 105.16 105.14
105.05 105.02 105.09 105.10 105.08 105.05 105.00 104.94 104.90 104.78 104.82 104.75 104.61 104.49 104.32 104.09 103.79 103.83 103.76 103.61 103.50 103.42 103.30 103.25 103.21 103.19 103.16 103.14 103.14 103.13 103.12 103.12 103.11 103.11 103.11 103.11 103.11 103.10 103.08 103.07 103.05 103.04 103.06 103.07 103.09 103.11 103.12 103.15 103.21 103.39 103.62 103.77 103.89 104.03 104.12 104.22 103.38 103.69 103.23 103.94 104.56 104.71 104.85 104.93 105.06 105.23 105.49 105.61 105.74 105.80 106.02 106.09 106.11 106.14 106.21 106.28 106.29 106.23 106.35 106.29 106.20 106.29 106.22 106.29 106.17 106.35 106.26 106.01 105.97 105.77 105.81 105.71 105.56 105.50 105.32 105.20 105.25 105.56 105.07 105.04 104.83 104.84 104.69 104.55 104.18 104.23 104.18 104.47 104.29 104.38 104.28 104.29 104.19 104.28 104.27 104.24 104.34 104.43 104.29 104.39 104.31 104.27 104.15 104.22 104.27 104.21 104.19 104.34 104.41 104.48 104.72 104.92 105.09 105.26 105.24 105.50 105.66 105.89 105.93 106.06 106.11 106.25 106.27 106.42 106.46 106.49 106.40 106.42 106.25 106.27 106.29 106.28 106.03 105.82 105.73 105.57 105.65 105.49 105.39 105.27 105.17 105.05 104.97 104.92 104.89 104.83 104.87 104.83 104.53 104.64 104.57 104.70 104.65 104.64 104.70 104.87 105.04 105.04 105.13 105.15
105.16 105.13 105.05 104.94 104.98 104.82 104.87 104.91 104.85 104.80 104.78 104.65 104.59 104.44 104.39 104.13 106.12 103.74 103.81 103.73 103.62 103.51 103.43 103.39 103.27 103.23 103.20 103.17 103.15 103.14 103.13 103.13 103.12 103.13 103.12 103.13 103.12 103.12 103.11 103.10 103.09 103.09 103.08 103.09 103.10 103.12 103.14 103.80 103.53 103.76 103.85 103.87 104.27 104.05 104.18 104.34 104.47 104.52 104.75 104.87 104.98 105.09 105.31 105.39 105.54 105.66 105.70 105.82 105.88 105.97 106.11 106.16 106.17 106.25 106.29 106.22 106.26 106.26 106.33 106.44 106.18 106.23 106.29 106.22 106.35 106.19 106.02 106.01 105.85 105.87 105.82 105.79 105.66 105.53 105.31 105.29 105.28 105.26 105.17 105.06 105.00 104.91 104.76 104.78 104.73 104.59 104.49 104.50 104.51 104.43 104.43 104.44 104.37 104.48 104.39 104.50 104.61 104.57 104.56 104.51 104.35 104.32 104.25 104.22 104.14 104.16 104.33 104.43 104.43 104.48 104.66 104.84 104.97 105.00 105.17 105.36 105.50 105.64 105.66 105.75 105.82 105.92 105.95 106.08 106.12 106.06 106.09 106.10 105.80 105.84 105.96 105.82 105.79 105.61 105.50 105.60 105.33 105.45 105.38 105.11 105.02 104.99 104.96 104.97 104.84 104.86 104.80 104.70 104.65 104.72 104.74 104.53 104.58 104.56 104.76 104.96 105.02 105.13 105.20 105.23
105.13 105.12 105.08 105.02 105.06 104.93 104.84 104.80 104.79 104.81 104.67 104.58 104.59 104.44 104.34 104.31 103.89 103.96 103.83 103.81 103.73 103.66 103.56 103.48 103.42 103.34 103.26 103.22 103.22 103.19 103.18 103.17 103.16 103.16 103.16 103.16 103.15 103.15 103.14 103.12 103.12 103.11 103.11 103.11 103.12 103.14 103.21 103.33 103.61 103.74 103.85 103.93 104.01 104.12 104.28 104.43 104.58 104.77 104.92 105.06 105.35 105.43 105.51 105.57 105.68 105.71 105.82 105.90 105.96 106.08 106.08 106.62 106.26 106.25 106.26 106.32 106.30 106.24 106.26 106.25 106.22 106.38 106.14 106.18 105.52 107.04 106.01 105.94 105.92 105.82 105.86 105.70 105.62 105.56 105.52 105.37 105.37 105.25 105.18 104.99 105.00 104.95 104.78 104.64 104.58 104.60 104.59 104.49 104.63 104.56 104.52 104.60 104.69 104.68 104.68 104.73 104.79 104.72 104.63 104.46 104.39 104.41 104.35 104.27 104.27 104.30 104.24 104.33 104.41 104.45 104.62 104.67 104.84 104.83 104.92 105.05 105.27 105.34 105.39 105.34 105.55 105.50 105.66 105.79 105.81 105.75 105.72 105.76 105.72 105.61 105.70 105.62 105.65 105.63 105.44 105.50 105.36 105.41 105.35 105.16 105.06 105.09 104.96 104.91 104.87 104.78 104.77 104.72 104.58 104.70 104.67 104.59 104.81 104.70 104.72 104.88 105.04 105.03 105.09 105.11
105.03 105.06 105.04 104.89 104.99 104.97 104.72 104.88 104.87 104.88 104.80 104.71 104.61 104.54 104.40 104.24 104.28 104.14 104.05 103.96 103.88 103.79 103.67 103.58 103.58 103.54 103.50 103.43 103.38 103.33 103.30 103.25 103.24 103.25 103.29 103.25 103.24 103.25 103.20 103.17 103.15 103.15 103.15 103.18 103.20 103.31 103.43 103.57 103.74 103.85 103.93 104.09 104.14 104.25 104.40 104.51 104.67 104.84 105.00 105.23 105.50 105.34 105.68 105.74 105.76 105.82 105.93 105.99 106.01 106.00 106.11 106.09 106.13 106.22 106.23 106.24 106.18 106.28 106.34 106.30 106.19 106.17 106.19 106.12 106.09 106.07 106.03 106.01 105.94 105.78 105.68 105.74 105.60 105.60 105.35 105.44 105.41 105.32 105.12 105.07 104.97 104.93 104.90 104.84 104.84 104.78 104.62 104.62 104.66 104.70 104.79 104.83 104.82 104.83 104.73 104.82 104.81 104.82 104.63 104.55 104.52 104.45 104.32 104.34 104.26 104.27 104.22 104.29 104.36 104.38 104.50 104.47 104.69 104.86 104.80 104.66 104.92 104.99 104.96 105.15 105.28 105.11 105.30 105.42 105.41 105.33 105.42 105.40 105.41 105.41 105.40 105.45 105.43 105.35 105.34 105.40 105.35 105.23 105.23 105.12 105.17 105.03 104.97 104.87 104.82 104.75 104.57 104.59 104.56 104.63 104.68 104.70 104.77 104.75 104.80 104.85 104.95 105.08 104.90 105.01
104.95 104.96 104.94 104.96 104.93 105.00 104.89 104.83 104.88 104.74 104.69 104.70 104.64 104.54 104.44 104.37 104.29 104.22 104.15 104.05 103.95 103.93 103.87 103.81 103.74 103.72 103.66 103.62 103.58 103.57 103.57 103.53 103.55 103.55 103.52 103.49 103.47 103.49 103.46 103.82 103.41 103.40 103.40 103.43 103.46 103.53 103.60 103.71 103.88 103.99 104.03 104.25 104.39 104.50 104.60 104.76 104.89 105.02 105.16 105.26 105.47 105.66 105.74 105.81 105.90 106.37 105.80 106.04 106.07 106.07 106.17 106.02 106.12 106.27 106.33 106.30 106.26 106.28 106.17 106.23 106.17 106.18 106.13 106.16 106.07 106.04 105.95 105.91 105.82 105.76 105.68 105.65 105.62 105.52 105.52 105.52 105.33 105.24 105.22 105.09 105.05 104.98 104.87 104.86 104.84 104.86 104.72 104.81 104.80 104.88 104.86 104.89 104.92 104.91 104.82 104.90 104.83 104.82 104.77 104.58 104.66 104.62 104.26 104.40 104.35 104.30 104.22 104.18 104.23 104.32 104.32 104.37 104.43 104.03 104.45 104.65 104.68 104.65 104.82 104.91 104.98 104.79 105.06 105.12 105.13 104.99 105.09 105.07 105.14 105.19 105.14 105.20 105.14 105.08 105.17 105.18 105.11 105.08 105.10 105.01 104.96 104.99 104.89 104.86 104.82 104.60 104.72 104.68 104.58 104.64 104.60 104.70 104.75 104.72 104.83 104.84 104.80 104.93 104.91 104.82
104.99 104.85 104.84 105.76 104.88 104.93 104.93 104.91 104.87 104.84 104.79 104.68 104.67 104.56 104.53 104.50 104.42 104.37 104.23 104.09 103.90 104.07 104.02 103.97 103.94 103.92 103.86 103.87 103.86 103.81 103.79 103.75 103.73 103.70 103.66 103.63 103.62 103.64 103.63 103.61 103.60 103.63 103.64 103.68 103.75 103.80 103.88 103.92 104.06 104.17 104.35 104.46 104.60 104.75 104.93 105.01 105.11 105.23 105.37 105.39 105.51 105.66 105.79 105.91 105.90 105.93 106.09 106.06 106.03 106.02 106.09 106.03 106.11 106.10 106.14 106.20 106.15 106.07 106.07 106.12 106.11 106.10 106.01 105.95 105.90 105.65 105.72 105.69 105.69 105.66 105.65 105.56 105.44 105.40 105.46 105.18 105.15 105.17 105.13 105.06 105.04 104.97 104.90 104.90 104.92 104.89 104.88 104.90 104.90 104.87 104.94 104.92 104.98 104.92 104.90 104.87 104.86 104.77 104.85 104.76 104.68 104.64 104.62 104.52 104.44 104.39 104.29 104.25 104.22 104.22 104.23 104.29 104.34 104.34 104.41 104.51 104.56 104.56 104.66 104.51 104.75 104.57 104.78 104.86 104.75 104.90 104.88 104.89 104.93 104.94 104.90 104.92 105.02 105.01 105.01 104.96 104.97 104.91 104.95 104.97 104.92 104.86 104.88 104.84 104.70 104.75 104.75 104.76 104.55 104.63 104.66 104.69 104.60 104.75 104.84 104.88 104.84 104.89 104.91 104.93
104.90 105.03 104.91 105.01 105.00 104.96 104.93 104.96 104.72 104.82 104.77 104.77 104.78 104.75 104.93 104.58 104.54 104.49 104.37 104.44 104.38 104.28 104.26 104.23 104.19 104.16 104.05 104.10 104.07 104.04 104.00 103.95 103.93 103.89 103.84 103.79 103.79 103.80 103.76 103.75 103.75 103.80 103.85 103.91 103.99 104.07 104.12 104.22 104.29 104.40 104.51 104.52 104.76 104.97 105.13 105.29 105.44 105.61 105.66 105.69 105.71 105.84 105.89 105.86 105.99 106.02 106.03 105.93 105.99 106.04 105.92 105.94 106.04 106.05 106.05 106.08 106.08 106.01 106.03 106.02 106.05 105.97 105.92 105.61 106.77 108.71 105.01 105.52 105.62 105.54 105.59 105.44 105.47 105.31 105.30 105.23 105.15 105.13 105.13 105.09 105.01 105.01 104.97 104.85 104.95 104.85 104.83 104.88 104.88 104.86 104.94 104.94 104.99 104.92 104.78 104.81 104.93 104.81 104.78 104.85 104.81 104.73 104.70 104.52 104.50 104.34 104.37 104.29 104.27 104.15 104.23 104.21 104.21 104.23 104.31 104.28 104.36 104.38 104.32 104.43 104.52 104.50 104.59 104.61 104.54 104.68 104.66 104.70 104.67 104.70 104.75 104.76 104.77 104.81 104.64 104.83 104.80 104.88 104.85 104.84 104.75 104.74 104.84 104.82 104.72 104.83 104.82 104.64 104.76 104.68 104.80 104.79 104.75 104.76 104.77 104.85 104.74 104.76 104.94 104.64
104.98 104.97 105.03 104.99 104.97 105.08 105.03 104.97 105.01 104.96 104.81 104.84 104.90 104.77 104.81 104.74 104.73 104.69 104.66 104.65 104.49 104.54 104.42 104.37 104.36 104.25 104.35 104.32 104.24 104.21 104.18 104.10 104.11 104.02 104.29 103.94 103.93 103.92 103.90 103.91 103.94 103.98 104.07 104.10 104.16 104.25 104.36 104.48 104.57 104.68 104.83 104.99 105.12 105.29 105.47 105.62 105.80 105.91 106.04 106.15 106.18 106.15 106.04 105.98 105.98 105.97 105.92 105.96 106.01 105.96 105.99 105.98 105.94 106.01 106.00 105.95 105.92 105.81 105.99 105.95 105.93 105.87 105.71 105.66 105.65 105.52 105.50 105.53 105.49 105.53 105.45 105.38 105.37 105.27 105.24 105.16 105.13 105.09 105.05 104.95 104.90 104.96 104.93 104.82 104.85 104.86 104.87 104.82 104.78 104.69 104.75 104.90 104.96 104.90 104.86 104.88 104.77 104.84 104.83 104.81 104.77 104.66 104.70 104.63 104.56 104.50 104.48 104.35 104.27 104.25 104.18 104.12 104.13 104.13 104.06 104.20 104.20 104.23 103.99 104.28 104.34 104.41 104.44 104.39 104.42 104.43 104.29 104.52 104.51 104.54 104.52 104.64 104.61 104.66 104.68 104.67 104.69 104.71 104.72 104.77 104.62 104.64 104.65 104.71 104.69 104.69 104.79 104.80 104.81 104.76 104.82 104.76 104.86 104.84 104.73 104.78 104.80 104.94 104.91 104.96
104.84 105.03 105.05 105.00 105.03 105.05 105.02 105.07 104.94 105.11 105.00 104.99 104.96 104.99 104.83 104.76 104.76 104.87 104.90 104.80 104.81 104.80 104.76 104.73 104.61 104.59 104.28 104.54 104.52 104.37 104.49 104.31 104.34 104.23 104.14 104.08 104.10 104.09 104.10 104.11 104.12 104.22 104.28 104.36 104.43 104.54 104.72 104.88 105.05 105.17 105.25 105.33 105.38 105.50 105.58 105.71 105.79 105.82 105.93 105.96 105.96 105.97 105.94 105.92 105.87 105.90 105.92 105.92 105.86 105.93 105.93 105.89 105.97 105.94 105.81 105.89 105.87 105.79 105.81 105.78 105.72 105.68 105.72 105.64 105.52 105.55 105.41 105.37 105.35 105.32 105.33 105.27 105.18 105.18 105.18 105.01 105.05 105.05 105.00 104.98 104.96 104.96 104.93 104.84 104.86 104.94 104.90 104.85 104.85 104.89 104.68 104.73 104.84 104.83 104.87 104.83 104.78 104.81 104.80 104.70 104.65 104.68 104.65 104.64 104.51 104.49 104.47 104.43 104.39 104.34 104.28 104.19 104.18 104.12 104.06 104.00 104.05 104.14 104.20 104.17 104.20 104.20 104.24 104.24 104.25 104.26 104.29 104.34 104.34 104.32 104.40 104.35 104.41 104.49 104.55 104.59 104.55 104.61 104.76 104.69 104.64 104.64 104.63 104.71 104.71 104.76 104.77 104.83 104.80 104.76 104.75 104.84 104.88 104.91 105.03 104.98 104.93 104.97 104.92 104.88
105.01 105.10 105.16 105.07 105.02 105.10 105.51 104.97 105.08 105.10 104.97 105.03 105.06 105.01 105.11 105.14 105.12 105.05 105.19 104.94 104.85 104.98 104.98 104.92 104.83 104.78 104.71 104.62 104.67 104.54 104.57 104.59 104.61 104.45 104.55 104.56 104.44 104.44 104.46 104.48 104.42 104.57 104.62 104.66 104.77 104.83 104.94 105.09 105.17 105.29 105.38 105.44 105.44 105.41 105.48 105.50 105.53 105.57 105.62 105.61 105.57 105.64 105.64 105.68 105.82 105.73 105.75 105.78 105.88 105.80 105.83 105.79 105.78 105.83 105.75 105.68 105.70 105.73 105.69 105.63 105.58 105.58 105.54 105.48 105.41 105.39 105.35 105.34 105.30 105.20 105.11 105.04 105.10 105.12 105.03 105.03 104.99 104.97 104.95 104.91 104.85 104.81 104.78 104.77 104.83 104.86 104.85 104.79 104.82 104.80 104.87 104.80 104.78 104.79 104.73 104.78 104.71 104.69 104.60 104.68 104.55 104.63 104.60 104.49 104.50 104.49 104.46 104.46 104.40 104.33 104.29 104.29 104.24 104.21 104.13 104.14 104.08 104.05 104.02 103.99 103.94 103.93 103.97 104.00 104.05 104.09 104.16 104.18 104.26 104.24 104.31 104.30 104.29 104.32 104.40 104.37 104.50 104.56 104.61 104.63 104.65 104.57 104.69 104.70 104.72 104.79 104.76 104.79 104.67 104.83 104.83 104.81 104.74 104.87 104.91 104.95 105.04 104.90 104.99 104.97
105.12 105.19 105.20 105.15 105.09 105.24 105.27 105.22 105.22 105.28 105.36 105.26 105.28 105.16 105.41 105.24 105.21 105.18 105.12 105.11 105.16 104.91 104.92 105.00 104.90 105.01 104.90 105.28 105.07 104.97 105.04 104.89 104.81 104.76 104.66 104.73 104.65 104.69 104.72 104.81 104.85 104.91 104.95 104.98 105.06 105.11 105.14 105.19 105.24 105.30 105.38 105.51 105.46 105.46 105.45 105.43 105.38 105.37 105.31 105.36 105.40 105.44 105.48 105.47 105.51 105.58 105.61 105.57 105.57 105.60 105.68 105.74 105.72 105.62 105.68 105.70 105.71 105.62 105.56 105.46 105.47 105.42 105.38 105.33 105.37 105.35 105.30 105.25 105.19 105.20 105.13 104.96 104.97 104.98 104.97 104.86 104.88 104.88 104.84 104.87 104.83 104.83 104.80 104.68 104.77 104.79 104.72 104.70 104.70 104.65 104.72 104.73 104.77 104.76 104.72 104.77 104.78 104.70 104.61 104.55 104.59 104.65 104.62 104.52 104.50 104.47 104.42 104.45 104.35 104.34 104.30 104.26 104.27 104.21 104.22 104.18 104.14 104.10 104.08 104.09 104.11 104.13 104.15 104.15 104.17 104.19 104.21 104.22 104.25 104.27 104.25 104.31 104.30 104.34 104.34 104.34 104.45 104.50 104.53 104.50 104.62 104.61 104.57 104.66 104.74 104.79 104.72 104.79 104.87 104.91 104.47 105.89 104.65 103.82 104.89 104.96 105.10 105.07 104.91 105.03
105.08 105.20 105.14 105.20 105.21 105.34 105.18 105.28 105.31 105.31 105.37 105.28 105.30 105.41 105.30 105.37 105.36 105.17 105.26 105.31 105.25 105.36 105.41 105.50 105.32 105.13 105.16 105.16 104.91 104.99 105.02 104.96 105.10 105.14 105.21 105.03 104.96 104.98 104.88 105.01 104.98 105.03 105.13 105.11 105.11 105.04 105.13 105.18 105.21 105.32 105.37 105.38 105.38 105.38 105.39 105.51 105.35 105.34 105.36 105.38 105.45 105.50 105.54 105.54 105.53 105.50 105.46 105.48 105.53 105.44 105.56 105.56 105.56 105.56 105.54 105.58 105.51 105.50 105.40 105.43 105.36 105.35 105.28 105.44 105.25 105.18 105.13 105.08 105.07 105.08 105.02 105.00 104.97 104.91 104.92 104.90 104.99 104.81 104.77 104.75 104.74 104.74 104.73 104.70 104.72 104.74 104.74 104.71 104.65 104.72 104.69 104.66 104.71 104.71 104.70 104.67 104.65 104.68 104.59 104.59 104.58 104.56 104.49 104.59 104.58 104.54 104.44 104.42 104.41 104.33 104.39 104.35 104.35 104.31 104.24 104.25 104.22 104.21 104.20 104.19 104.17 104.22 104.23 104.12 104.18 104.22 104.26 104.27 104.22 104.23 104.25 104.30 104.31 104.33 104.36 104.36 104.39 104.46 104.50 104.54 104.55 104.61 104.62 104.69 104.72 104.71 104.72 104.76 104.80 104.86 104.86 104.92 104.87 105.11 105.13 105.16 105.17 105.17 105.12 105.04
105.28 105.16 104.91 104.80 104.95 105.25 105.15 104.76 104.79 105.22 105.33 105.33 105.37 105.33 105.32 105.14 104.87 104.92 104.79 105.13 104.92 105.04 105.49 105.79 105.33 105.14 105.13 105.26 105.19 105.17 105.16 105.16 105.21 105.11 104.79 105.09 104.98 105.06 105.02 104.99 105.15 105.12 105.03 105.03 105.11 105.18 105.22 105.25 105.29 105.31 105.33 105.37 105.22 105.42 105.45 105.49 105.51 105.51 105.51 105.51 105.54 104.86 104.88 105.28 105.41 105.38 105.37 105.40 105.32 105.32 105.38 105.40 105.40 105.41 105.36 105.38 105.35 105.36 105.40 105.38 105.33 105.23 105.21 105.19 105.18 105.13 105.00 104.99 105.07 105.03 105.05 105.00 104.93 104.84 104.83 104.87 104.87 104.86 104.82 104.78 104.77 104.78 104.73 104.81 104.74 104.73 104.73 104.72 104.71 104.71 104.71 104.69 104.65 104.60 104.60 104.59 104.64 104.56 104.57 104.48 104.52 104.55 104.56 104.56 104.55 104.56 104.52 104.50 104.46 104.41 104.43 104.38 104.34 104.27 104.03 104.21 104.29 104.29 104.31 104.29 104.25 104.25 104.25 104.24 104.25 104.22 104.27 104.23 104.26 104.21 104.27 104.31 104.30 104.34 104.38 104.40 104.42 104.44 104.41 104.47 104.50 104.56 104.64 104.69 104.71 104.72 104.76 104.84 104.84 104.81 104.89 104.83 104.88 104.96 104.94 105.14 105.25 105.23 105.15 105.22
104.97 104.85 104.85 104.96 104.99 104.94 104.90 104.90 104.94 104.93 104.95 104.79 105.05 105.00 105.03 105.12 105.12 105.16 105.16 105.11 105.09 105.21 105.19 105.22 105.27 105.32 105.23 104.99 105.06 104.95 105.00 105.04 105.07 105.08 105.04 105.10 105.05 105.15 105.13 105.11 105.13 105.15 105.15 105.10 105.03 105.05 105.09 105.12 105.15 105.23 105.31 105.27 105.30 105.34 105.38 105.39 105.34 105.40 105.47 105.46 105.50 105.53 105.52 105.54 105.48 105.49 105.55 105.50 105.39 105.34 105.27 105.24 105.16 105.19 105.20 105.04 105.00 105.05 105.15 105.17 105.07 105.12 104.96 104.52 104.78 105.10 104.08 104.26 104.84 103.73 104.07 104.54 104.28 103.95 104.42 103.81 103.95 104.51 104.29 104.01 104.12 104.18 104.29 104.63 104.67 104.61 104.65 104.67 104.69 104.67 104.66 104.65 104.64 104.63 104.58 104.60 104.58 104.58 104.56 104.38 104.88 104.35 104.51 104.48 104.46 104.49 104.46 104.43 104.43 104.43 104.43 104.43 104.41 104.41 104.40 104.40 104.41 104.41 104.36 104.38 104.35 104.31 104.25 104.27 104.27 104.20 104.12 104.13 104.18 104.22 104.25 104.22 104.30 104.34 104.34 104.41 104.38 104.44 104.43 104.44 104.47 104.54 104.57 104.64 104.66 104.71 104.68 104.68 104.72 104.84 104.83 104.86 104.87 104.92 104.94 104.89 104.88 105.02 105.03 105.00
104.13 104.14 104.17 104.22 104.17 104.18 104.21 104.20 104.21 104.23 104.26 104.28 104.31 104.33 104.36 104.39 104.39 104.42 104.42 104.44 104.46 104.48 104.51 104.55 104.58 104.64 104.72 104.82 104.81 104.88 104.96 104.86 104.87 105.04 104.57 104.57 104.39 104.63 104.10 104.21 104.41 104.50 104.89 104.90 104.92 104.99 105.06 105.02 104.84 104.80 104.34 104.32 104.15 104.32 104.77 104.45 104.43 104.40 104.39 104.47 105.01 104.84 104.91 104.92 105.00 105.06 105.15 104.80 104.64 104.38 104.39 104.42 103.99 104.20 104.03 103.79 103.63 103.77 103.62 103.45 103.45 103.27 103.30 103.23 103.23 103.29 103.19 103.19 103.19 103.17 103.19 103.23 103.16 103.16 103.26 103.17 103.19 103.14 103.14 103.15 103.26 103.26 103.26 103.25 103.34 103.40 103.19 103.76 103.74 104.24 104.19 103.72 103.91 104.44 104.15 104.23 104.01 104.11 104.33 103.85 103.89 103.82 103.88 103.91 104.12 104.41 103.98 104.06 104.06 104.05 104.10 104.07 104.07 104.09 104.11 104.13 104.20 104.29 104.37 104.37 104.38 104.37 104.37 104.34 104.37 104.32 104.33 104.35 104.36 104.41 104.41 104.43 104.44 104.46 104.45 104.44 104.44 104.47 104.48 104.44 104.45 104.47 104.50 104.50 104.50 104.49 104.47 104.44 104.43 104.36 104.28 104.30 104.29 104.28 104.27 104.23 104.18 104.14 104.14 104.13
103.81 103.81 103.82 103.82 103.82 103.82 103.83 103.84 103.85 103.86 103.89 103.92 103.93 103.95 103.97 104.00 104.04 104.05 104.11 104.11 104.14 104.15 104.15 104.15 104.14 104.09 104.22 104.19 104.17 103.68 103.60 103.44 103.63 103.71 103.48 103.62 103.41 103.42 103.46 103.41 103.30 103.41 103.27 103.22 103.22 103.27 103.26 103.25 103.29 103.34 103.42 103.53 103.70 103.76 103.46 103.53 103.40 103.31 103.31 103.41 103.33 103.82 103.77 104.43 104.58 104.75 104.89 104.98 104.96 104.65 104.40 104.09 103.86 103.70 103.62 103.48 103.41 103.33 103.28 103.26 103.25 103.23 103.21 103.20 103.19 103.18 103.17 103.16 103.16 103.16 103.16 103.16 103.15 103.15 103.15 103.14 103.14 103.14 103.13 103.13 103.13 103.13 103.13 103.12 103.12 103.12 103.12 103.12 103.12 103.13 103.16 103.21 103.19 103.21 103.16 103.20 103.30 103.34 103.25 103.20 103.19 103.19 103.29 103.21 103.23 103.20 103.23 103.24 103.21 103.23 103.19 103.19 103.22 103.29 103.27 103.28 103.32 103.22 103.26 103.26 103.33 103.56 103.60 103.68 104.00 103.96 104.21 104.37 104.39 104.36 104.33 104.31 104.31 104.31 104.36 104.38 104.36 104.35 104.29 104.26 104.23 104.22 104.20 104.17 104.14 104.11 104.08 104.05 104.03 104.02 103.99 103.98 103.95 103.93 103.92 103.90 103.87 103.84 103.82 103.82
103.97 103.87 103.96 104.09 104.15 104.36 103.53 103.44 103.62 103.74 103.29 103.46 103.37 103.28 103.48 103.55 103.18 103.15 103.15 103.15 103.15 103.19 103.41 103.24 103.32 103.38 103.51 103.42 103.43 103.50 103.55 103.13 103.14 103.22 103.15 103.13 103.13 103.12 103.13 103.13 103.13 103.14 103.13 103.12 103.13 103.12 103.12 103.12 103.12 103.13 103.13 103.13 103.14 103.17 103.17 103.15 103.15 103.15 103.17 103.19 103.21 103.17 103.19 103.17 103.17 103.17 103.25 103.25 103.50 103.65 103.75 103.88 103.69 103.67 103.68 103.82 103.96 104.13 104.19 104.18 104.21 104.17 103.85 103.60 103.44 103.41 103.43 103.47 103.54 103.70 104.08 104.13 103.20 103.16 103.16 103.18 103.17 103.16 103.14 103.13 103.13 103.14 103.13 103.12 103.12 103.12 103.12 103.12 103.12 103.11 103.11 103.11 103.11 103.11 103.12 103.12 103.12 103.12 103.12 103.12 103.12 103.12 103.12 103.12 103.12 103.12 103.12 103.12 103.12 103.12 103.12 103.12 103.12 103.12 103.12 103.12 103.13 103.13 103.13 103.16 103.12 103.12 103.12 103.18 103.19 103.19 103.21 103.29 103.21 103.16 103.19 103.17 103.23 103.28 103.42 103.54 103.26 103.37 103.46 103.53 103.49 103.42 103.47 103.70 103.61 103.67 103.80 104.11 103.91 104.17 103.96 103.79 103.69 103.60 103.70 103.87 103.98 103.75 103.76 103.80
103.10 103.11 103.11 103.11 103.11 103.11 103.11 103.11 103.10 103.10 103.10 103.10 103.10 103.10 103.10 103.10 103.10 103.10 103.10 103.10 103.10 103.10 103.10 103.09 103.09 103.09 103.09 103.10 103.10 103.10 103.10 103.09 103.09 103.09 103.09 103.08 103.08 103.08 103.08 103.08 103.08 103.08 103.09 103.09 103.08 103.07 103.07 103.07 103.07 103.07 103.08 103.08 103.08 103.08 103.09 103.09 103.09 103.10 103.10 103.10 103.10 103.09 103.09 103.09 103.09 103.09 103.09 103.09 103.09 103.10 103.11 103.14 103.15 103.13 103.12 103.12 103.12 103.12 103.12 103.12 103.11 103.11 103.11 103.11 103.11 103.11 103.11 103.12 103.11 103.11 103.11 103.10 103.11 103.10 103.10 103.10 103.10 103.10 103.10 103.10 103.10 103.09 103.10 103.10 103.10 103.09 103.09 103.09 103.09 103.09 103.09 103.09 103.09 103.09 103.09 103.09 103.09 103.09 103.09 103.10 103.09 103.09 103.09 103.09 103.10 103.10 103.09 103.09 103.10 103.10 103.10 103.10 103.09 103.08 103.08 103.08 103.08 103.09 103.09 103.09 103.09 103.09 103.09 103.09 103.10 103.10 103.10 103.10 103.09 103.09 103.09 103.09 103.10 103.09 103.09 103.09 103.09 103.10 103.10 103.10 103.10 103.11 103.11 103.11 103.11 103.11 103.11 103.11 103.11 103.11 103.11 103.11 103.12 103.12 103.12 103.12 103.11 103.12 103.13 103.11
103.05 103.04 103.05 103.05 103.05 103.04 103.04 103.03 103.03 103.03 103.03 103.03 103.03 103.03 103.02 103.02 103.02 103.02 103.02 103.02 103.02 103.02 103.02 103.02 103.02 103.02 103.02 103.01 103.01 103.00 103.00 103.00 103.00 102.99 102.99 102.99 102.99 102.99 102.98 102.98 102.98 102.98 102.98 102.98 102.98 102.98 102.98 102.98 102.98 102.98 102.99 102.99 102.99 103.00 103.00 103.01 103.01 103.01 103.02 103.02 103.02 103.02 103.02 103.02 103.03 103.03 103.03 103.03 103.03 103.03 103.03 103.04 103.04 103.04 103.04 103.04 103.05 103.05 103.05 103.05 103.05 103.05 103.05 103.05 103.05 103.05 103.05 103.05 103.05 103.05 103.05 103.05 103.06 103.06 103.05 103.05 103.05 103.05 103.06 103.06 103.06 103.05 103.05 103.05 103.05 103.04 103.04 103.04 103.04 103.04 103.04 103.03 103.03 103.03 103.03 103.03 103.03 103.03 103.02 103.02 103.02 103.02 103.02 103.02 103.03 103.03 103.02 103.02 103.02 103.02 103.02 103.02 103.01 103.01 103.01 103.01 103.00 103.00 103.00 102.99 102.99 102.99 102.99 102.99 102.99 102.99 102.99 102.99 102.99 103.00 103.00 103.00 103.00 103.01 103.01 103.01 103.02 103.02 103.02 103.02 103.02 103.02 103.02 103.02 103.02 103.02 103.02 103.02 103.02 103.03 103.03 103.03 103.03 103.04 103.04 103.04 103.04 103.04 103.04 103.05
