Mars Surface Radiation Result (absorbed dose in thin silicon slab) (1E-6 Gy/day).

The first row gives the longitude
The first column for each row (starting from the 2nd row) gives the latitude
The rest values of each row gives the dose rate at different longitudes (given in the first row)

179°W  177°W  175°W  173°W  171°W  169°W  167°W  165°W  163°W  161°W  159°W  157°W  155°W  153°W  151°W  149°W  147°W  145°W  143°W  141°W  139°W  137°W  135°W  133°W  131°W  129°W  127°W  125°W  123°W  121°W  119°W  117°W  115°W  113°W  111°W  109°W  107°W  105°W  103°W  101°W  99°W  97°W  95°W  93°W  91°W  89°W  87°W  85°W  83°W  81°W  79°W  77°W  75°W  73°W  71°W  69°W  67°W  65°W  63°W  61°W  59°W  57°W  55°W  53°W  51°W  49°W  47°W  45°W  43°W  41°W  39°W  37°W  35°W  33°W  31°W  29°W  27°W  25°W  23°W  21°W  19°W  17°W  15°W  13°W  11°W  9°W  7°W  5°W  3°W  1°W  1°E  3°E  5°E  7°E  9°E  11°E  13°E  15°E  17°E  19°E  21°E  23°E  25°E  27°E  29°E  31°E  33°E  35°E  37°E  39°E  41°E  43°E  45°E  47°E  49°E  51°E  53°E  55°E  57°E  59°E  61°E  63°E  65°E  67°E  69°E  71°E  73°E  75°E  77°E  79°E  81°E  83°E  85°E  87°E  89°E  91°E  93°E  95°E  97°E  99°E  101°E  103°E  105°E  107°E  109°E  111°E  113°E  115°E  117°E  119°E  121°E  123°E  125°E  127°E  129°E  131°E  133°E  135°E  137°E  139°E  141°E  143°E  145°E  147°E  149°E  151°E  153°E  155°E  157°E  159°E  161°E  163°E  165°E  167°E  169°E  171°E  173°E  175°E  177°E  179°E  
--------------------------------------------------------------------------------------------------------------
89°S ||     91.48 91.53 91.58 91.60 91.60 91.59 91.59 91.60 91.64 91.68 91.84 91.90 91.87 91.93 92.14 92.24 92.29 92.36 92.38 92.26 92.20 92.35 92.37 92.33 92.27 92.24 92.18 92.20 92.29 92.25 92.35 92.46 92.40 92.33 92.44 92.36 92.27 92.20 92.11 92.06 92.01 91.93 91.87 91.84 91.82 91.82 91.81 91.82 91.81 91.79 91.77 91.76 91.73 91.71 91.71 91.71 91.63 91.60 91.58 91.57 91.55 91.53 91.53 91.49 91.51 91.54 91.56 91.43 91.38 91.39 91.32 91.31 91.30 91.31 91.27 91.24 91.22 91.21 91.19 91.20 91.18 91.20 91.20 91.18 91.20 91.21 91.20 91.19 91.18 91.19 91.21 91.24 91.26 91.27 91.27 91.28 91.27 91.29 91.30 91.30 91.28 91.28 91.27 91.27 91.28 91.29 91.29 91.31 91.31 91.32 91.33 91.31 91.28 91.30 91.35 91.38 91.37 91.36 91.37 91.39 91.41 91.42 91.44 91.46 91.50 91.53 91.54 91.57 91.59 91.61 91.63 91.64 91.65 91.66 91.68 91.70 91.71 91.71 91.71 91.72 91.67 91.67 91.65 91.61 91.63 91.62 91.62 91.59 91.55 91.53 91.52 91.51 91.50 91.46 91.44 91.42 91.41 91.40 91.39 91.40 91.39 91.39 91.39 91.37 91.37 91.36 91.37 91.38 91.38 91.39 91.40 91.42 91.42 91.42 91.42 91.44 91.46 91.47 91.47 91.48
87°S ||     93.54 93.63 93.65 93.78 93.75 93.83 93.73 93.72 93.69 93.60 93.60 93.59 93.47 93.34 93.28 93.26 93.28 93.29 93.29 93.24 93.24 93.29 93.44 93.48 93.45 93.40 93.41 93.30 93.38 93.21 93.47 93.49 93.32 93.30 93.30 93.29 93.25 93.20 93.23 93.23 93.18 93.23 93.19 93.16 93.12 93.10 93.09 93.02 92.97 92.91 92.76 92.92 92.72 92.44 92.46 92.40 92.27 92.13 92.07 92.04 92.20 91.68 91.75 91.48 91.41 91.39 91.34 91.31 91.29 91.25 91.17 91.11 91.17 91.15 90.88 90.82 90.74 90.65 90.61 90.77 90.46 90.27 90.25 90.16 90.13 90.13 90.16 90.18 90.22 90.24 90.28 90.29 90.32 90.32 90.33 90.75 90.65 90.84 90.71 90.94 90.93 90.93 91.02 91.03 91.08 91.17 91.24 91.40 91.50 91.56 91.41 91.40 91.44 91.46 91.48 91.48 91.53 91.57 91.65 91.65 91.72 91.78 91.80 91.85 91.94 91.92 91.94 92.02 92.10 92.08 92.16 92.17 92.19 92.26 92.40 92.55 92.65 92.81 92.73 92.53 92.38 92.33 92.30 92.26 92.21 92.21 92.16 91.89 91.85 91.84 91.83 91.85 91.90 91.89 91.88 91.90 91.97 92.09 92.19 92.18 92.27 92.35 92.45 92.49 92.62 92.73 92.83 92.88 93.03 93.07 93.26 93.26 93.28 93.27 93.36 93.24 92.98 93.13 93.53 93.76
85°S ||     92.95 92.96 92.98 92.98 93.00 92.99 93.01 93.07 93.07 93.06 93.07 93.07 93.09 93.16 93.09 93.02 93.03 93.15 93.14 93.14 93.14 93.16 93.20 93.21 93.19 93.20 93.24 93.36 93.43 93.58 93.94 93.97 93.95 93.95 93.99 93.81 94.02 93.90 93.85 93.79 94.03 94.32 94.26 94.28 94.05 94.00 93.89 93.78 93.68 93.58 93.61 93.49 93.47 93.43 93.69 93.77 93.46 93.28 93.33 93.71 93.54 92.58 92.43 92.47 92.60 92.69 92.52 92.62 92.60 92.18 92.31 92.17 91.87 91.78 91.84 91.57 91.90 92.18 92.46 92.09 91.90 91.82 91.87 91.88 91.98 91.82 91.75 91.61 91.59 91.72 91.60 91.63 91.75 91.74 91.74 91.75 91.76 91.82 91.87 91.99 91.96 92.08 92.39 92.70 92.62 92.57 92.55 92.57 92.53 92.60 92.70 92.76 92.82 92.90 92.65 92.72 92.84 92.86 92.78 92.69 92.67 92.72 92.76 92.86 92.98 93.08 93.08 93.01 93.02 92.96 92.91 92.88 92.84 92.85 92.89 93.01 93.62 94.81 95.22 94.95 94.29 93.97 93.84 93.88 93.38 93.13 93.01 92.89 92.95 93.02 92.89 92.92 92.98 93.14 93.32 93.39 93.43 93.46 93.43 93.43 93.42 93.24 93.09 93.01 92.98 93.09 93.16 93.25 93.39 93.59 93.32 93.38 93.34 93.28 93.20 93.16 93.13 93.12 93.00 92.95
83°S ||     93.06 93.08 93.10 93.12 93.13 93.14 93.16 93.17 93.20 93.22 93.25 93.28 93.31 93.34 93.32 93.33 93.35 93.39 93.43 93.45 93.48 93.52 93.56 93.60 93.65 93.72 93.77 93.83 93.95 94.08 94.01 93.84 93.81 93.75 93.87 93.99 93.97 93.92 93.99 94.05 93.79 93.79 93.80 93.81 93.83 93.86 93.83 94.37 94.49 94.57 94.47 94.49 94.40 94.40 94.42 94.38 94.31 94.61 94.72 94.72 94.24 94.59 94.49 94.36 94.72 94.41 94.43 94.40 94.81 94.45 94.76 95.02 95.21 95.22 95.04 94.88 94.92 94.90 94.88 94.98 94.94 94.90 94.72 94.75 94.77 94.67 94.60 94.57 94.62 94.61 94.32 94.31 94.43 94.82 94.35 94.26 94.15 94.09 94.13 93.98 94.21 93.65 93.82 93.54 93.98 94.25 94.31 94.05 93.93 93.96 94.00 94.15 94.43 94.53 94.63 94.59 94.15 94.17 94.09 94.07 93.99 93.97 93.63 93.54 93.61 93.68 93.68 93.52 93.51 93.67 93.60 93.62 93.81 93.83 94.05 94.67 95.52 95.44 95.47 95.45 95.47 94.21 94.08 94.13 94.09 94.23 94.19 94.10 94.07 94.07 94.01 93.88 93.76 93.70 93.65 93.50 93.44 93.49 93.83 94.23 94.76 95.05 94.55 93.97 93.17 93.18 92.84 92.76 92.74 92.74 92.87 93.11 93.65 93.63 93.32 93.09 93.00 92.97 92.99 93.03
81°S ||     93.43 93.51 93.51 93.67 93.39 93.47 93.52 93.57 93.63 93.70 93.76 93.84 94.03 94.07 93.84 93.82 93.86 93.92 93.98 94.03 94.08 94.13 94.15 94.19 94.23 94.29 94.36 94.39 94.42 94.46 94.51 94.68 94.64 94.67 94.80 94.74 94.51 94.55 94.52 94.55 94.74 94.57 94.23 94.28 94.10 93.96 94.03 94.21 94.27 94.15 94.32 94.22 94.46 95.35 94.99 95.21 95.51 95.01 95.49 95.40 95.06 95.19 95.26 95.23 95.24 95.19 95.25 95.26 95.18 95.08 95.19 95.01 94.82 94.84 94.86 94.89 94.83 94.84 94.80 94.82 95.26 94.72 94.54 94.49 94.46 94.48 94.46 94.47 94.44 94.42 94.40 94.43 94.31 94.11 93.90 93.57 92.88 92.14 93.02 93.16 93.68 94.05 93.99 94.12 94.45 94.68 94.83 95.08 95.04 94.91 94.66 94.99 95.13 95.27 95.26 95.34 95.38 95.47 95.44 95.43 95.40 95.45 95.38 95.31 95.28 95.32 94.90 94.94 95.02 95.10 95.17 95.41 95.48 95.58 95.63 95.61 95.58 94.91 94.00 93.78 93.72 93.67 93.64 93.83 93.93 93.95 93.88 94.05 94.15 94.25 94.40 94.50 94.62 94.38 94.51 94.76 94.94 94.58 94.43 94.48 94.99 94.75 94.45 94.46 94.61 94.54 95.02 94.31 93.47 93.12 93.14 93.31 93.48 93.74 94.08 93.34 93.48 93.48 93.26 93.33
79°S ||     93.83 93.88 93.90 94.02 94.00 93.95 93.96 94.00 94.02 94.23 94.09 94.18 94.25 94.28 94.37 94.51 94.39 94.61 94.30 94.57 94.45 94.49 94.46 94.95 95.40 94.32 94.79 95.30 95.10 95.21 95.14 95.14 95.11 95.13 95.18 95.20 95.21 95.19 95.08 95.04 95.05 94.79 95.42 95.54 94.53 94.73 94.72 94.57 94.52 94.80 95.03 94.76 95.49 95.31 95.38 95.59 95.84 94.54 95.23 94.69 95.48 95.22 94.56 95.04 95.06 95.39 95.43 95.36 95.33 95.29 95.25 95.27 95.25 95.26 95.24 95.20 95.23 95.28 95.23 95.01 95.11 95.28 94.99 94.95 94.98 95.20 94.83 95.03 94.85 94.88 94.94 94.81 94.73 94.41 93.54 93.54 93.10 93.61 94.20 94.52 94.43 94.72 94.77 94.86 94.94 95.18 94.98 95.11 94.83 95.13 94.67 94.99 94.81 94.81 94.43 94.32 95.10 95.28 95.57 95.62 95.68 95.66 95.69 95.67 95.71 95.68 95.64 95.69 95.67 95.71 95.65 95.63 95.72 95.70 95.71 95.72 95.79 95.81 95.74 95.74 95.74 95.78 95.44 95.02 95.24 94.63 94.09 94.10 94.10 93.99 94.07 94.19 94.64 95.83 95.68 94.74 94.52 95.13 93.86 93.90 94.59 93.98 93.67 93.52 93.45 93.58 93.42 93.87 93.60 93.56 93.57 93.64 93.78 93.46 93.36 93.50 93.61 93.73 93.73 93.75
77°S ||     94.72 94.42 94.34 94.31 94.22 94.51 94.46 94.84 94.78 94.82 94.79 94.81 95.17 94.97 94.92 94.98 95.07 95.07 95.20 95.05 94.99 95.04 94.98 95.09 95.02 95.16 95.36 95.44 95.28 95.39 95.35 95.38 95.39 95.38 95.37 95.39 95.35 95.37 95.35 95.35 95.33 95.36 95.28 95.13 95.06 94.83 94.29 95.00 94.18 94.46 95.26 95.07 94.90 94.34 94.52 94.75 94.93 94.88 95.03 94.99 95.29 95.48 95.29 95.36 95.55 95.59 95.56 95.60 95.60 95.56 95.53 95.51 95.46 95.47 95.44 95.44 95.41 95.31 95.09 95.12 95.05 94.90 94.84 94.68 94.93 95.12 94.97 95.01 94.80 94.93 94.94 94.87 94.50 94.32 94.18 94.00 93.47 93.06 94.28 95.44 95.81 95.97 95.96 94.81 95.09 94.95 94.99 95.17 94.88 95.22 94.94 94.89 94.83 95.26 95.64 95.46 94.89 94.74 94.30 94.05 93.94 93.52 93.37 93.96 94.61 95.13 95.45 95.43 95.34 95.13 94.53 95.17 95.33 94.66 95.27 95.48 95.78 95.68 95.43 95.30 94.98 95.00 94.75 95.22 95.85 95.80 95.65 95.52 94.79 94.83 94.92 94.08 94.83 95.17 95.17 94.29 93.91 94.01 93.78 93.83 93.94 93.76 93.76 94.05 93.92 93.87 94.01 94.13 94.18 94.15 94.04 94.15 94.39 94.03 94.06 94.12 94.34 94.52 94.62 94.41
75°S ||     94.98 95.08 94.84 94.98 94.78 94.78 94.90 95.55 95.12 95.03 95.94 96.17 95.21 95.39 95.40 95.51 95.30 95.41 95.41 95.23 95.24 95.46 95.47 95.62 95.48 95.55 95.59 95.61 95.58 95.55 95.55 95.53 95.57 95.53 95.09 95.46 95.47 95.45 95.42 95.41 95.35 95.30 95.31 95.32 95.36 95.41 95.33 95.24 95.05 94.93 95.02 94.49 94.34 94.71 95.25 95.34 95.27 95.59 95.74 95.77 95.80 95.79 95.74 95.69 95.67 95.66 95.64 95.43 95.61 95.51 95.38 95.23 95.20 95.03 94.97 95.05 94.96 95.15 94.98 95.00 95.07 95.10 95.19 95.01 95.34 95.11 95.10 95.26 95.09 95.08 94.98 94.67 94.54 94.85 95.00 95.03 95.04 95.04 95.11 94.97 94.81 94.92 94.92 94.87 95.18 95.24 95.24 95.07 95.05 94.93 94.83 94.66 94.17 94.38 94.54 93.97 94.39 94.24 94.01 94.19 93.92 93.85 94.62 94.95 94.77 94.65 95.79 94.34 94.55 94.56 94.69 95.19 95.09 94.97 94.90 94.70 95.03 93.99 93.60 93.16 93.08 93.76 96.02 95.87 95.97 94.77 95.44 94.80 95.58 95.89 95.76 95.69 95.63 95.66 95.76 94.66 93.55 93.51 93.49 93.51 93.49 93.67 94.38 94.27 94.47 93.82 93.90 94.11 94.19 94.18 94.26 94.27 94.31 94.56 94.58 94.66 94.79 94.74 94.80 94.85
73°S ||     96.04 94.98 95.61 95.59 95.49 95.18 95.86 95.59 95.62 95.60 95.18 94.84 95.68 95.15 95.45 95.62 95.58 95.57 95.51 95.38 95.23 94.88 95.86 94.67 94.93 95.74 95.52 95.49 95.52 95.57 95.59 95.58 95.66 95.33 95.25 94.93 95.15 95.51 95.40 95.45 95.45 95.47 95.38 95.43 95.46 95.46 95.47 95.22 95.74 96.47 96.46 96.56 96.53 95.20 95.72 95.73 95.88 95.93 95.95 95.97 95.97 95.95 95.90 95.82 95.85 95.49 95.63 95.82 95.84 95.84 95.79 95.54 95.32 95.44 95.31 95.21 95.13 95.25 95.46 95.08 95.09 95.10 95.15 95.46 95.30 95.54 95.66 95.61 95.51 95.55 95.22 95.18 94.81 95.20 95.17 95.28 95.45 95.47 95.47 95.44 95.48 95.48 95.57 95.52 95.43 95.37 95.51 95.03 94.96 94.80 94.32 93.94 94.21 94.68 95.13 94.83 95.04 94.91 95.02 94.64 94.79 94.38 94.16 94.07 94.43 94.38 94.75 94.78 95.07 95.04 95.00 95.12 95.16 95.27 95.38 95.40 95.38 95.51 95.18 94.80 95.21 93.78 93.96 94.63 94.74 94.79 94.87 95.12 95.69 95.49 95.29 94.39 95.20 95.68 95.96 96.08 95.52 94.49 93.57 94.04 93.78 94.12 94.66 94.73 94.02 94.34 94.81 94.97 94.81 95.19 95.95 95.73 95.35 95.22 95.24 95.18 95.35 95.15 95.20 95.94
71°S ||     95.91 95.95 96.03 96.07 96.13 96.26 96.36 96.30 96.31 96.33 96.33 95.78 95.15 94.86 94.21 94.22 94.92 95.08 96.03 95.30 95.35 95.20 95.00 95.08 96.57 95.61 95.64 95.66 95.55 95.34 95.43 95.33 95.31 95.50 95.42 95.37 95.29 95.59 95.44 95.45 95.58 95.41 95.54 95.45 95.50 95.53 95.25 95.06 95.12 95.91 96.47 96.35 96.58 95.03 95.86 95.98 96.03 96.08 96.02 96.04 96.10 95.82 95.70 95.81 95.92 95.99 96.02 95.88 95.90 95.05 95.34 95.54 95.39 95.56 95.27 95.45 95.30 94.83 94.62 94.47 94.36 95.34 95.32 95.31 95.49 95.51 95.64 95.46 95.70 95.55 96.00 95.91 95.53 95.62 95.60 95.44 95.36 94.72 95.34 95.62 95.75 95.49 95.53 95.54 95.52 95.57 95.21 94.30 94.61 94.95 94.99 95.10 95.11 95.28 95.30 95.21 95.46 95.27 95.40 95.48 95.40 95.60 95.63 95.43 95.54 95.25 94.61 94.85 96.04 96.03 95.08 95.28 95.07 93.85 94.75 94.97 95.08 94.61 94.30 94.65 95.00 94.45 95.31 95.49 95.75 95.77 95.73 95.44 95.44 95.61 95.89 95.79 96.00 95.81 96.45 96.58 96.54 96.28 95.94 95.74 95.98 95.83 95.63 95.96 96.12 96.07 96.07 95.92 95.79 96.18 95.85 96.12 96.03 96.06 95.58 95.58 95.63 95.72 95.37 95.82
69°S ||     95.36 95.44 95.76 95.97 95.57 96.66 96.54 96.32 96.43 96.41 96.38 96.22 95.70 95.80 95.40 95.54 94.51 94.71 95.07 95.54 95.87 95.66 95.37 95.23 95.18 95.76 95.57 95.71 95.35 95.83 95.01 95.09 94.99 95.26 95.29 95.38 95.62 95.64 95.73 95.73 95.78 95.72 95.69 95.75 95.75 96.17 95.55 95.83 95.84 95.81 95.85 95.96 95.97 96.06 96.07 96.02 96.05 96.07 95.89 95.89 95.72 96.05 96.02 96.14 96.04 95.84 95.29 95.31 95.38 95.38 95.34 95.45 95.45 95.65 95.75 95.94 95.77 95.25 94.72 95.00 95.14 95.57 95.55 95.17 95.16 94.93 95.01 94.96 95.22 95.49 95.51 95.64 94.72 95.67 95.74 95.66 95.80 95.79 95.77 95.82 95.77 95.73 95.80 95.72 95.49 95.19 94.47 95.59 95.78 95.66 95.48 95.30 95.39 95.26 95.40 94.91 94.85 95.41 95.79 95.97 96.13 96.01 96.04 96.11 96.10 96.02 95.68 95.29 95.01 95.04 95.50 95.40 95.37 95.32 96.16 95.09 93.88 94.28 94.40 94.56 94.77 94.76 94.37 94.50 95.02 95.48 95.59 95.34 95.78 95.87 95.87 95.95 95.49 93.73 95.85 96.47 96.35 94.35 96.48 96.41 96.36 96.19 96.13 96.07 95.85 95.60 95.38 95.44 94.74 94.48 95.44 95.98 95.95 95.79 95.65 95.50 95.39 95.30 95.52 95.52
67°S ||     96.54 95.33 95.09 95.77 95.79 95.87 95.89 96.32 96.35 96.44 96.46 96.46 96.36 96.25 95.99 95.74 95.46 95.04 94.96 94.69 94.68 94.39 94.74 94.76 95.13 95.09 94.97 94.88 95.33 94.63 94.64 94.66 95.16 96.47 95.12 95.34 95.34 95.94 95.70 95.72 95.81 95.80 95.77 95.78 95.79 95.83 95.79 95.89 95.89 95.84 95.87 95.95 95.98 95.98 95.91 96.04 96.17 96.06 96.12 96.04 95.56 95.90 96.10 96.10 95.88 95.67 96.85 96.85 96.65 95.42 95.57 95.63 95.69 95.87 96.01 95.67 95.35 94.83 94.89 94.58 94.90 94.92 95.28 95.23 95.54 95.44 95.55 95.57 95.55 95.55 95.59 95.74 95.67 95.80 95.75 95.86 95.75 95.71 95.71 95.55 95.55 94.88 94.67 94.70 94.34 94.89 96.10 96.48 96.43 96.08 96.00 95.60 95.64 95.29 95.44 95.34 95.70 95.83 96.08 96.11 96.09 96.08 96.13 96.12 96.06 96.25 96.24 96.35 96.37 95.98 95.29 94.67 95.27 95.46 94.73 94.56 94.45 94.05 94.61 93.83 94.11 94.52 94.54 95.43 95.18 95.11 94.63 94.96 95.40 95.71 95.98 96.05 95.85 96.00 96.11 96.15 96.18 96.11 95.89 96.04 96.00 96.07 95.91 95.72 95.95 95.91 95.92 95.91 95.85 95.47 96.04 95.84 95.79 95.62 95.17 95.68 95.06 95.04 95.12 95.59
65°S ||     95.50 95.12 94.80 95.23 95.26 96.03 96.07 96.38 96.35 96.39 96.38 96.46 96.47 96.47 96.41 96.29 96.19 96.14 96.08 95.81 95.36 95.23 95.30 95.09 95.43 95.35 95.03 95.66 95.56 95.06 94.84 95.14 94.92 95.16 95.34 95.46 95.48 95.54 95.56 95.76 95.78 95.87 95.90 95.90 95.97 96.00 95.97 95.95 95.97 95.95 95.86 95.77 95.70 95.79 95.92 96.03 96.03 96.04 95.94 95.12 95.97 96.18 96.31 96.43 95.93 96.16 96.09 96.07 95.72 95.66 95.86 95.76 95.83 95.95 96.13 96.03 95.60 95.44 95.07 94.74 94.77 95.07 95.86 95.39 95.56 95.60 95.59 95.51 95.27 95.64 95.64 95.67 95.62 95.78 95.60 95.81 96.03 95.89 95.64 95.71 95.48 95.51 95.38 95.27 94.88 95.19 95.03 95.27 95.37 95.25 95.22 95.08 95.18 95.69 95.98 96.37 96.33 96.20 96.06 95.97 95.98 96.13 96.27 96.24 96.34 96.30 96.27 96.32 96.32 96.40 95.56 95.51 95.47 95.36 96.57 94.89 94.84 94.96 95.39 94.29 94.26 94.29 94.79 94.83 94.89 94.46 94.31 95.51 95.22 94.95 95.75 95.66 95.55 96.01 95.99 94.58 95.19 95.38 95.93 95.65 95.07 95.24 95.95 95.63 95.84 96.09 95.97 96.04 96.00 95.96 95.66 95.58 95.41 94.82 95.74 95.94 95.56 95.40 95.04 94.94
63°S ||     95.52 95.48 95.79 95.21 94.93 95.36 95.86 95.94 96.16 96.11 96.33 96.21 96.43 96.37 96.39 96.29 96.35 96.38 96.33 95.95 95.48 95.45 95.19 95.29 95.20 95.34 95.35 95.17 95.11 95.18 95.11 95.25 95.48 95.49 95.45 95.23 95.05 95.38 95.75 95.50 95.90 95.61 95.42 95.79 95.84 95.79 95.62 95.90 95.83 95.79 95.60 95.64 95.82 96.16 95.92 95.34 95.74 96.25 96.14 96.18 96.12 96.11 96.22 96.38 96.61 96.45 95.90 96.48 95.77 96.22 96.02 95.85 95.88 95.78 95.86 96.29 96.40 96.33 96.26 95.93 95.75 95.39 95.48 95.47 95.49 95.54 95.67 95.67 95.68 95.63 95.62 95.63 95.74 95.67 95.72 95.54 95.68 95.75 95.58 95.83 95.86 95.58 95.65 95.83 95.68 95.42 95.23 94.98 95.01 94.77 95.26 95.39 95.72 96.22 96.53 96.57 96.58 96.42 96.27 96.21 96.16 96.13 96.18 96.22 96.40 96.45 96.37 96.34 96.37 96.40 96.25 95.74 95.64 95.90 95.51 95.06 94.78 94.97 94.81 93.99 95.80 94.61 95.23 95.13 95.12 94.81 94.65 94.46 94.19 94.63 95.06 95.45 95.27 95.35 95.68 96.00 96.21 96.23 95.99 95.88 95.42 95.51 95.72 95.71 95.59 94.75 94.69 95.07 95.56 95.83 95.95 96.01 95.84 96.09 96.06 95.20 95.65 95.75 95.70 95.83
61°S ||     96.20 95.26 94.90 95.50 95.80 95.98 95.95 95.32 95.43 95.63 95.20 95.44 95.95 95.43 96.73 95.53 95.90 95.86 96.28 96.07 96.00 95.96 95.97 95.39 95.20 95.01 95.91 95.71 95.17 95.29 95.73 96.01 96.03 95.93 95.88 95.60 95.27 95.47 95.39 95.36 95.78 95.09 95.52 95.81 95.55 94.57 96.02 96.16 96.20 96.14 96.11 96.23 96.21 95.91 95.51 96.37 96.37 96.19 96.37 96.35 96.29 96.16 96.24 96.31 96.50 96.69 96.54 96.09 96.61 96.62 96.50 96.29 95.51 96.17 96.33 95.93 95.92 96.02 95.90 95.63 94.76 94.79 95.49 95.74 95.52 95.45 95.32 95.61 95.74 95.71 95.77 95.69 95.71 95.88 95.78 95.84 95.79 95.63 95.75 95.86 95.92 95.79 95.71 95.70 95.13 95.70 95.60 95.62 95.63 95.74 95.84 95.90 96.00 96.16 96.37 96.40 96.03 95.97 96.01 95.79 96.74 96.38 95.86 96.09 96.27 96.33 96.47 96.53 96.30 96.48 96.70 96.55 94.52 96.43 96.31 96.13 95.03 95.23 95.22 95.63 94.84 94.75 94.67 94.78 94.86 94.77 94.77 94.53 94.78 94.70 94.98 94.96 95.03 95.14 95.18 96.14 96.54 96.51 96.51 96.41 96.27 96.07 95.89 95.68 95.62 95.29 94.89 95.12 95.25 94.24 95.05 95.77 95.89 95.65 94.64 95.00 95.23 96.06 96.09 96.05
59°S ||     96.30 95.86 95.67 95.93 95.99 95.82 94.58 95.30 95.50 95.26 95.74 95.28 95.51 94.70 95.69 96.00 95.82 95.95 95.68 95.94 96.09 96.11 95.86 95.73 94.92 95.34 95.53 95.58 95.94 95.32 95.53 96.13 96.20 95.94 96.15 95.97 95.49 94.99 94.85 95.00 95.30 95.86 96.13 96.10 96.04 95.73 96.18 96.29 96.42 96.41 96.42 96.42 96.45 96.47 96.25 96.10 96.20 96.05 96.31 96.40 96.16 95.90 96.38 96.36 95.76 96.67 95.71 96.40 96.60 95.38 95.72 96.33 96.77 96.17 96.57 96.05 96.08 95.83 95.62 95.65 95.08 95.20 95.52 95.30 95.35 95.76 95.60 95.56 95.93 94.76 95.64 95.86 95.93 95.83 96.18 95.66 95.58 95.61 96.44 95.54 95.45 95.85 95.70 95.72 95.79 95.83 95.80 95.73 95.70 96.00 96.07 96.24 96.29 96.29 96.16 95.83 95.86 95.96 95.61 95.16 95.21 95.25 95.92 96.28 96.57 96.64 96.68 96.64 96.69 96.78 96.66 96.65 96.47 96.35 96.39 96.20 95.73 94.66 94.11 94.44 96.35 96.20 94.20 94.23 95.59 94.58 94.71 94.05 94.71 95.10 94.61 94.68 95.22 95.84 96.09 96.26 96.39 96.35 96.43 96.42 96.41 96.36 96.27 96.15 95.79 95.49 95.16 95.10 95.30 95.10 96.02 94.47 95.24 95.46 95.15 95.78 95.98 95.82 96.06 96.19
57°S ||     96.17 96.21 96.32 96.51 96.21 95.05 95.46 95.32 94.90 94.97 95.08 96.48 95.03 95.17 94.78 94.86 95.52 95.95 95.56 95.43 96.43 95.48 95.53 95.51 94.78 95.42 95.67 95.64 95.59 94.81 94.27 96.17 95.97 96.06 96.04 95.76 95.88 95.39 95.21 95.26 95.07 95.63 95.85 95.97 96.05 95.80 95.37 95.30 96.08 96.44 96.46 96.50 96.39 96.37 96.19 95.61 95.46 95.48 95.24 95.10 95.71 96.71 96.02 95.46 96.56 96.81 96.72 95.87 97.51 94.09 96.90 95.95 95.64 96.24 95.89 96.60 96.73 96.57 96.32 96.77 96.79 96.24 95.62 95.70 95.90 95.66 95.72 95.48 95.43 95.73 95.81 95.89 95.61 95.31 95.33 95.26 95.28 95.37 95.77 95.36 95.09 95.23 95.21 95.27 95.24 95.83 95.86 96.02 96.15 96.25 96.35 96.44 96.53 96.56 96.49 96.29 96.38 96.38 96.48 96.27 96.19 96.35 96.64 96.79 96.88 96.87 96.88 96.88 96.88 97.04 96.79 96.74 96.62 96.71 96.68 96.62 96.57 96.25 94.52 95.60 96.41 96.60 94.79 95.01 95.55 95.37 95.01 94.77 94.74 95.12 95.58 95.74 95.87 95.63 96.00 95.83 96.25 95.78 95.00 95.24 96.30 96.39 96.34 96.12 95.76 95.48 95.23 95.22 95.32 95.23 94.92 94.78 95.27 95.35 96.18 95.28 95.28 95.39 95.67 96.11
55°S ||     96.26 96.28 96.37 96.42 95.96 95.92 95.85 95.46 95.28 95.77 95.73 95.63 95.47 95.57 95.24 95.47 95.93 95.87 95.87 95.82 95.32 94.62 94.62 96.42 94.58 95.46 95.79 95.79 95.76 95.49 95.27 96.08 96.06 95.96 96.07 95.79 95.55 95.27 94.90 94.79 94.91 94.78 94.72 94.94 95.69 95.39 95.22 95.58 96.07 96.28 96.46 96.47 96.49 96.12 95.72 94.87 95.23 94.77 95.08 96.56 95.58 96.82 96.90 96.58 95.67 98.04 97.95 98.20 97.88 97.91 97.94 97.13 95.21 95.87 96.69 96.14 96.09 96.64 96.55 96.49 96.09 95.85 95.97 95.95 95.86 95.72 95.73 95.49 95.60 95.31 95.57 95.75 95.97 95.67 95.75 96.09 96.64 95.76 95.72 95.80 95.78 95.69 95.10 95.24 95.08 95.33 96.03 96.12 96.29 96.43 96.53 96.60 96.71 96.78 96.78 96.83 96.87 96.91 96.93 97.13 97.50 97.64 97.74 97.89 98.12 97.72 97.42 97.38 98.10 97.13 96.91 96.87 96.81 96.70 96.79 96.76 95.65 96.38 96.27 95.99 95.82 95.66 95.78 95.82 94.68 95.15 95.30 95.29 95.64 95.92 96.22 96.22 96.61 96.46 95.84 96.02 96.20 94.98 95.16 96.40 96.18 96.01 95.86 95.90 95.55 95.42 95.58 95.77 96.00 95.80 95.78 95.17 95.86 95.51 95.29 95.37 95.59 95.96 96.00 96.20
53°S ||     96.32 96.01 96.08 96.50 96.65 95.40 96.11 96.21 96.19 96.02 96.13 95.69 95.47 95.83 95.82 95.81 95.55 95.89 95.81 95.90 95.78 95.12 94.76 95.88 95.46 95.72 96.54 95.68 95.86 95.68 95.98 95.87 95.88 96.00 95.95 95.93 95.89 95.10 94.79 94.76 94.64 94.79 95.28 95.48 95.71 95.84 95.98 95.92 96.50 96.83 95.60 95.68 95.96 95.74 95.84 96.28 96.12 95.44 95.33 96.18 95.59 96.86 96.90 96.96 98.78 98.41 98.00 98.01 98.07 98.11 98.09 97.81 97.10 96.89 96.48 96.36 96.56 96.72 96.26 96.43 96.55 96.44 96.35 96.19 96.00 96.61 96.08 95.76 95.91 95.94 95.66 95.60 95.47 95.92 95.39 95.23 95.57 95.66 95.76 95.62 95.77 95.86 95.40 94.61 95.90 95.65 95.85 96.14 96.24 96.30 96.60 96.69 96.82 96.89 96.92 97.03 97.52 97.80 98.61 99.61 100.41 101.02 101.26 101.37 101.44 100.81 100.58 100.70 100.74 100.59 99.26 97.13 97.12 97.47 96.77 96.85 96.87 96.76 96.03 96.05 96.20 95.78 95.87 95.52 95.68 96.27 95.57 95.58 95.67 95.43 95.73 96.06 96.37 96.50 96.78 96.28 96.18 94.77 96.44 96.14 96.29 96.32 96.33 96.05 95.81 95.78 95.46 95.82 95.22 95.80 96.01 95.38 94.78 94.78 95.39 95.95 96.01 96.10 96.28 96.32
51°S ||     96.27 96.14 95.85 95.94 96.41 96.27 96.17 95.49 96.34 95.96 95.65 95.89 95.76 95.99 95.84 95.74 95.83 95.17 95.70 95.77 95.57 95.21 94.73 94.53 94.18 95.49 95.14 95.54 95.83 95.84 95.71 95.91 95.62 95.47 95.73 95.44 95.50 95.36 95.07 94.27 94.24 94.06 94.47 95.55 95.74 95.91 95.99 95.64 96.55 96.78 95.54 95.55 95.06 94.76 95.73 96.56 96.66 96.64 95.94 95.35 95.24 95.45 96.92 97.77 98.36 97.87 98.19 98.05 98.05 98.04 98.05 98.13 97.12 97.16 97.45 98.19 96.56 96.60 96.37 96.40 96.51 96.44 96.14 95.97 95.76 96.17 95.54 95.69 95.92 95.89 95.86 95.91 96.02 96.09 95.83 95.43 95.57 95.66 95.73 95.34 95.89 95.61 95.28 95.72 95.59 95.74 96.05 96.29 96.45 96.47 96.75 96.82 96.85 96.98 97.18 97.87 98.67 99.72 100.73 101.76 102.06 102.45 102.57 102.51 102.69 102.73 102.61 102.62 102.52 102.34 102.62 102.12 98.74 98.65 97.62 96.92 96.60 95.68 94.80 96.43 96.16 95.60 96.39 95.48 94.98 95.25 95.64 96.18 95.96 96.03 96.34 96.36 96.27 96.18 95.63 96.19 96.21 96.31 96.26 96.28 96.23 95.80 95.95 96.28 96.24 96.06 95.58 96.23 95.90 96.20 95.87 95.48 95.89 95.31 95.43 95.72 95.84 96.06 96.13 96.24
49°S ||     95.49 95.74 95.61 95.99 96.56 96.67 96.73 96.20 96.23 95.32 95.77 95.36 95.32 95.18 95.50 95.31 95.23 95.28 94.51 94.79 95.13 95.41 94.62 94.44 95.14 94.91 95.29 95.83 95.81 95.80 95.62 95.85 95.52 94.24 94.23 94.39 94.76 94.76 94.82 94.28 94.09 94.17 94.35 95.26 95.62 95.80 95.83 95.82 95.75 95.64 95.46 95.13 94.63 94.41 94.70 95.16 96.16 96.22 95.60 95.38 96.74 96.84 96.89 97.02 97.91 98.63 98.12 98.17 98.06 98.35 98.40 97.86 97.42 96.69 96.89 96.36 96.33 96.57 96.33 96.42 96.42 96.38 96.19 95.90 95.89 95.50 95.65 96.69 96.21 95.93 95.69 95.88 96.36 96.35 95.93 95.62 95.06 96.04 95.42 95.39 95.36 95.36 95.64 95.97 96.03 95.70 95.64 96.31 96.46 96.62 96.42 96.75 96.95 97.36 98.62 99.75 100.76 101.36 102.09 102.45 102.85 102.90 102.85 102.83 102.18 102.67 102.73 102.79 102.72 102.69 102.71 102.71 102.57 102.06 100.08 98.52 96.89 96.54 96.77 96.53 96.68 96.24 95.36 95.91 96.05 95.13 95.83 95.61 96.09 96.21 95.60 96.06 96.04 96.01 95.89 96.24 96.09 95.91 95.58 95.59 94.32 95.17 95.94 95.77 95.50 96.01 96.33 96.50 96.04 96.53 96.46 96.25 96.20 95.77 95.35 94.91 95.12 95.36 95.72 95.87
47°S ||     95.29 95.78 95.56 95.51 96.12 96.54 96.03 95.57 96.06 95.68 95.39 95.51 94.47 95.85 94.68 94.94 94.05 94.31 95.12 94.90 95.41 94.77 95.15 95.47 95.42 95.79 95.21 95.58 95.76 95.73 95.74 95.74 95.80 94.98 94.78 94.93 95.23 95.29 95.28 94.98 94.52 94.39 94.78 94.90 94.75 95.41 95.43 95.52 95.30 95.34 94.99 94.81 94.42 94.41 94.32 94.69 95.04 94.98 95.54 95.96 95.01 96.57 96.29 96.88 96.86 98.20 98.59 98.52 98.40 98.57 98.47 98.07 97.67 96.71 96.86 96.84 96.41 96.37 96.21 95.75 96.33 96.15 96.07 96.03 95.72 95.78 95.53 95.79 96.08 95.98 96.07 96.08 96.48 96.04 95.83 95.11 95.45 95.30 95.60 96.14 95.41 95.03 95.28 95.61 96.38 96.39 96.03 96.30 96.59 96.54 96.41 96.61 96.89 97.16 100.66 102.24 102.59 102.90 102.82 102.83 102.55 102.72 102.90 102.86 102.68 102.46 102.27 102.59 102.72 102.65 102.67 102.52 102.54 102.47 101.95 100.62 98.96 97.09 96.85 96.79 96.74 96.69 96.29 95.94 96.42 96.40 95.93 96.27 96.22 96.22 96.23 95.70 95.52 95.90 95.51 95.80 95.85 95.27 94.89 95.61 96.28 96.37 95.54 95.44 95.91 96.38 96.26 96.41 96.53 96.46 96.43 96.37 95.64 95.64 95.36 95.88 95.58 95.42 95.79 95.67
45°S ||     95.84 95.91 95.76 95.82 96.05 96.02 96.13 96.16 96.25 95.51 95.25 95.82 95.29 95.09 95.18 95.19 96.07 95.10 95.51 95.63 95.39 95.67 96.16 95.28 95.64 95.86 95.71 95.58 95.58 95.54 95.40 95.50 95.42 95.21 95.22 95.18 95.21 95.25 95.36 95.38 95.04 94.93 95.12 95.02 94.98 95.21 95.21 94.98 94.79 94.58 94.49 94.48 94.42 93.88 93.67 94.90 95.34 95.48 95.84 96.09 96.34 96.31 96.57 96.65 96.56 97.23 97.83 99.94 99.61 98.92 98.68 98.32 97.09 96.91 96.82 96.89 96.28 96.25 96.21 96.77 95.93 96.12 95.87 95.83 95.76 95.66 95.66 96.12 96.11 96.02 95.91 95.99 96.16 95.98 95.78 95.86 95.50 95.53 95.47 96.16 94.57 95.29 95.49 95.55 96.14 95.53 96.10 96.30 96.46 96.47 96.54 96.48 96.89 98.50 102.29 102.62 102.88 102.83 102.80 102.91 102.86 102.91 102.84 102.85 102.77 102.92 102.83 102.55 102.56 102.81 102.65 102.58 102.58 102.48 101.93 101.55 99.85 97.64 96.92 96.85 96.74 96.80 95.10 96.42 96.45 96.22 96.35 96.11 95.92 96.27 95.98 95.76 96.00 95.77 95.84 95.51 95.28 95.37 94.80 93.99 95.26 95.10 95.65 96.40 96.47 96.40 95.96 96.50 96.09 96.15 96.39 96.31 95.65 95.69 95.67 94.87 94.93 95.55 95.74 95.66
43°S ||     96.31 95.60 96.40 96.07 96.30 96.02 96.12 96.09 95.87 95.63 95.26 95.32 95.14 94.92 95.29 95.32 95.71 95.77 95.65 95.62 95.09 95.34 95.54 95.55 95.24 95.60 95.71 95.71 95.01 95.33 95.17 95.46 95.50 94.97 95.12 95.12 95.15 95.27 95.47 95.57 94.94 94.69 93.56 93.64 94.56 95.00 94.83 94.56 94.60 94.30 94.17 94.18 94.06 94.16 94.21 95.02 95.12 95.25 95.40 95.78 95.77 95.85 96.23 95.79 96.79 96.73 96.98 97.06 97.28 97.41 97.17 97.17 96.81 96.92 96.85 96.39 96.31 96.45 96.36 96.44 96.26 96.91 95.85 96.05 95.91 95.91 95.77 96.16 96.14 95.91 95.82 95.97 96.03 95.95 95.92 95.68 95.84 95.65 95.94 95.47 95.39 95.50 95.33 94.88 94.94 95.30 96.01 96.51 96.20 96.35 96.45 96.48 97.01 100.41 102.55 102.92 102.91 102.86 102.90 102.89 102.89 102.92 102.88 102.90 102.92 102.62 102.75 102.71 102.85 102.74 102.60 102.59 102.45 102.13 100.94 100.80 99.91 98.20 96.97 96.92 96.85 96.87 96.76 96.72 96.59 96.47 96.33 96.18 96.18 96.61 96.39 96.27 96.21 95.89 95.84 95.54 95.23 95.22 95.30 95.32 95.08 95.18 95.88 96.51 96.61 96.57 96.47 96.39 96.09 96.27 96.25 96.35 95.07 95.87 95.91 96.48 95.58 95.83 96.11 96.06
41°S ||     96.43 96.38 96.40 96.62 96.51 95.95 96.05 95.94 96.43 96.62 96.89 96.83 96.06 95.38 95.65 95.51 95.06 95.34 95.00 95.40 95.02 95.60 95.55 95.53 95.33 94.41 95.00 95.20 95.44 94.95 94.81 95.10 94.91 94.92 94.67 95.00 95.08 95.27 95.32 93.00 92.64 92.44 90.36 90.06 90.15 92.83 92.82 92.83 93.71 94.11 93.78 94.20 93.92 94.12 94.08 94.14 94.25 94.81 95.69 95.56 95.18 94.56 95.96 96.42 96.40 96.72 96.73 96.84 96.99 97.02 97.01 96.82 96.91 96.65 96.69 96.69 96.58 96.95 96.54 96.21 96.40 96.30 96.02 96.03 95.86 95.87 95.93 96.23 96.23 96.11 95.88 96.04 95.81 95.85 95.95 95.47 95.29 95.79 95.74 95.62 95.26 95.32 94.81 94.54 96.16 95.44 95.84 96.29 96.31 96.34 96.48 96.65 96.98 100.47 102.19 102.93 102.83 102.67 102.91 102.92 102.89 102.90 102.89 102.87 102.91 102.63 102.82 102.89 102.80 102.87 102.75 102.58 101.90 101.19 100.79 100.40 99.34 97.94 97.22 96.93 97.09 96.60 96.48 96.67 95.84 96.05 96.35 96.43 96.47 96.44 96.37 96.33 96.35 95.84 95.71 95.65 95.40 95.78 95.76 95.53 95.45 95.40 96.00 96.32 96.42 96.34 96.40 96.33 95.68 96.10 96.11 95.40 95.30 96.01 95.93 95.95 96.06 96.24 96.39 96.11
39°S ||     96.30 96.42 96.19 95.87 96.55 95.79 96.25 96.14 95.47 95.86 96.74 96.73 95.71 95.38 95.98 95.70 95.95 95.47 95.72 95.80 95.94 95.21 95.95 95.96 95.69 95.69 95.46 95.18 95.33 95.21 95.08 92.98 94.23 94.69 94.70 94.90 95.05 95.02 94.22 94.07 93.41 91.94 91.54 91.65 92.08 92.22 92.10 92.40 91.71 92.98 93.80 93.83 93.86 93.98 94.15 94.19 94.45 94.81 94.89 95.42 95.42 95.57 95.09 95.33 96.01 95.41 96.47 96.93 96.89 96.87 96.88 96.88 96.73 96.66 96.73 96.67 96.63 96.51 96.41 96.42 96.38 96.36 96.22 96.11 96.08 95.86 96.18 96.36 96.13 96.06 96.27 96.30 96.23 95.84 95.96 95.68 95.69 95.63 95.60 95.95 95.33 95.49 95.12 95.24 95.13 95.08 95.79 96.19 96.37 96.40 96.38 96.73 97.01 98.94 102.06 102.92 102.82 102.83 102.88 102.89 102.87 102.91 102.88 102.87 102.90 102.81 102.92 102.87 102.92 102.80 102.64 102.17 101.38 100.89 100.12 99.61 99.21 98.60 97.16 96.82 96.77 96.36 96.45 96.35 96.37 96.52 96.51 96.50 95.89 96.40 96.44 96.49 96.33 96.19 95.88 96.10 95.88 95.59 96.11 95.99 95.70 95.56 95.58 95.78 96.11 96.22 96.52 96.39 96.15 96.10 96.24 96.08 96.35 96.27 96.29 96.05 96.17 96.35 96.46 96.54
37°S ||     96.55 96.41 96.43 96.13 96.78 96.65 96.40 95.71 95.20 94.51 94.19 95.20 95.09 95.96 96.29 96.26 96.27 96.26 96.12 96.03 96.02 96.00 95.67 95.88 95.56 95.17 95.27 94.78 94.65 95.21 95.09 94.12 94.29 93.62 94.41 93.42 94.09 91.93 92.07 94.04 91.87 90.97 92.47 92.51 92.40 92.34 92.57 93.38 92.68 92.65 92.40 93.11 93.79 94.32 94.32 94.47 94.35 94.97 95.10 94.90 94.88 95.66 95.64 95.98 96.31 96.19 96.57 96.69 95.60 96.77 96.63 96.67 96.71 96.74 96.69 96.62 96.55 96.54 96.55 96.41 96.24 96.11 95.85 96.77 96.15 95.96 95.96 95.88 96.28 96.08 96.20 96.31 96.28 96.10 95.69 95.96 95.61 95.53 95.90 95.85 95.28 95.24 95.08 95.26 95.45 95.41 96.60 95.89 96.30 96.45 96.47 96.52 96.78 98.54 100.37 102.76 102.85 102.64 102.24 102.93 102.91 102.91 102.86 102.88 102.84 102.88 102.86 102.90 102.88 102.84 102.72 101.85 100.71 100.19 99.42 98.95 98.10 97.17 96.97 96.84 96.50 96.61 96.27 96.30 96.19 96.28 96.50 96.51 96.49 96.39 96.51 96.42 96.36 96.31 96.18 96.21 96.36 96.22 96.12 95.49 95.82 95.74 95.32 95.29 95.97 96.12 96.49 96.20 96.23 96.33 96.44 96.42 96.40 96.38 96.23 96.07 96.56 96.63 96.56 96.75
35°S ||     96.53 96.78 96.42 95.85 96.36 95.84 95.68 95.92 95.31 94.54 94.39 95.27 95.94 96.10 96.23 96.15 96.26 94.88 96.05 96.00 95.93 95.73 95.70 95.55 95.03 95.28 95.09 94.95 94.38 94.54 94.21 94.07 94.18 93.87 94.02 94.21 93.45 91.83 91.96 91.90 91.27 92.45 93.26 93.13 92.77 93.07 92.86 92.95 93.25 93.30 93.09 92.13 93.01 94.18 94.56 94.77 94.77 94.79 94.80 94.91 95.10 95.28 95.26 96.24 96.20 95.66 95.90 96.23 96.17 96.66 96.60 96.63 96.58 96.38 96.48 96.58 96.58 96.57 96.66 96.51 96.27 96.02 96.18 96.04 96.12 95.82 95.71 95.86 95.99 96.05 96.09 96.25 96.18 95.81 95.83 95.80 96.02 96.16 95.62 95.48 95.50 94.90 95.04 95.41 95.60 95.55 95.60 95.97 96.36 96.31 96.28 96.37 96.60 96.75 97.89 100.32 102.92 102.83 102.53 102.43 102.91 102.93 102.24 102.52 102.88 102.89 102.90 102.85 102.88 102.80 102.21 99.97 98.91 98.90 98.46 97.87 98.09 97.15 97.10 97.06 96.62 96.50 95.83 96.28 96.09 96.21 96.33 96.39 96.48 96.53 96.43 96.28 95.75 95.74 95.85 96.11 95.86 95.66 95.98 96.16 95.95 95.64 95.99 96.19 96.06 96.07 95.92 96.13 96.09 95.68 96.43 96.51 96.31 96.26 96.39 96.44 96.73 96.65 96.44 95.97
33°S ||     96.58 96.63 95.85 95.71 95.90 95.07 95.49 94.55 94.59 95.19 95.14 95.39 96.01 96.14 96.33 96.07 96.27 96.28 96.00 95.99 95.28 95.75 95.68 95.65 95.34 95.07 95.08 94.88 94.64 94.35 94.18 93.29 93.72 93.48 93.11 93.33 92.59 91.49 91.31 90.53 90.81 92.51 93.47 93.02 93.84 93.12 94.11 94.19 93.90 93.95 93.28 92.23 91.32 93.17 94.15 94.76 94.72 94.80 94.84 94.82 95.22 95.64 95.46 96.21 96.27 96.31 96.29 96.28 96.22 96.09 96.26 96.55 96.51 96.38 96.59 96.40 96.65 96.53 96.50 96.56 96.42 96.27 96.39 96.17 96.12 96.01 95.96 95.86 95.86 95.94 95.99 95.70 95.92 96.08 95.87 95.98 95.78 96.00 95.73 95.21 95.38 95.19 94.93 95.15 95.42 95.53 95.52 95.45 96.06 96.29 96.17 96.13 95.94 96.21 96.64 97.51 101.45 102.68 102.91 102.72 102.73 102.36 102.79 102.86 102.92 102.91 102.84 102.83 102.12 101.02 100.27 98.55 97.46 97.35 97.24 97.22 97.67 97.37 96.99 96.95 96.82 96.51 96.28 96.20 96.07 96.03 96.17 96.14 96.24 96.34 96.31 96.11 96.00 95.81 95.30 95.19 95.31 95.27 95.90 95.53 95.86 96.09 95.67 95.93 95.81 95.75 96.08 96.20 96.35 96.03 96.16 96.47 95.94 96.34 96.35 96.47 96.55 96.43 96.21 96.17
31°S ||     96.53 96.02 95.92 95.85 95.24 95.33 94.80 95.25 95.39 95.24 95.42 95.46 95.82 96.06 96.28 96.27 96.26 95.84 95.74 95.99 95.62 95.67 95.60 95.52 95.32 95.26 95.04 94.83 94.50 94.16 93.86 93.69 93.63 92.98 92.81 93.43 92.49 91.28 91.44 90.53 91.64 92.56 92.98 93.63 93.89 94.13 94.16 94.39 94.38 94.50 93.49 92.23 92.68 92.80 92.97 92.92 94.39 94.96 94.96 95.29 95.67 96.00 96.19 96.23 96.35 96.31 96.36 96.45 96.40 96.36 96.42 96.80 96.39 96.22 96.32 96.35 96.42 96.49 96.59 96.57 96.58 96.52 96.39 96.40 96.29 96.02 95.78 95.65 95.84 95.89 95.89 95.96 95.73 95.93 95.99 95.90 95.96 95.86 95.81 95.42 95.38 95.82 95.52 95.34 95.60 95.75 95.83 95.56 96.08 96.26 96.41 96.13 96.41 96.34 96.74 96.73 97.49 98.32 99.10 102.47 102.82 102.86 102.79 102.89 102.84 102.87 102.65 102.23 99.25 97.49 98.67 98.09 97.12 97.10 97.04 96.90 96.89 96.98 96.96 96.86 96.84 96.28 96.33 96.12 96.18 95.88 96.00 95.98 96.00 96.07 96.16 95.99 95.81 95.82 95.49 95.42 95.98 95.22 95.04 94.85 95.95 96.21 96.43 96.03 96.18 96.29 96.38 96.32 96.34 96.23 96.13 96.30 96.05 96.27 96.26 96.10 96.27 96.37 96.35 96.30
29°S ||     96.52 96.02 94.74 95.84 95.23 95.06 95.58 95.14 95.50 95.32 95.31 95.53 96.04 96.19 96.26 96.22 96.19 95.20 96.06 96.02 95.82 95.59 95.58 95.46 95.37 95.20 95.03 94.72 94.37 94.07 93.79 93.44 93.22 93.17 93.13 92.26 92.32 91.78 90.21 89.19 91.54 92.74 93.20 93.54 93.91 94.23 94.42 94.56 94.66 94.66 94.61 94.46 93.71 93.73 93.62 92.82 93.15 93.71 94.92 95.23 95.73 96.25 96.33 96.30 96.41 96.33 96.22 96.31 96.46 96.44 96.52 96.66 96.54 96.30 96.47 96.62 96.50 96.48 96.65 96.63 96.60 96.61 96.48 96.54 96.14 96.12 95.99 95.80 95.70 95.86 95.90 95.98 96.08 96.02 95.99 95.92 95.94 95.52 95.85 95.52 95.95 96.00 95.73 95.72 95.96 96.05 96.11 96.03 95.53 96.22 95.99 96.38 96.46 96.53 96.10 96.26 96.86 96.81 97.19 97.20 98.17 98.18 99.89 101.92 100.69 101.02 99.34 99.95 97.43 97.01 96.91 96.81 96.93 96.97 96.91 96.81 96.85 96.84 96.82 96.62 96.60 96.42 96.25 96.15 96.11 95.99 95.97 96.03 96.02 96.06 96.08 95.90 95.89 95.47 95.69 95.28 94.79 95.05 95.75 94.78 95.75 96.13 96.26 95.87 96.28 95.59 96.24 96.36 96.19 96.09 96.23 96.12 95.95 96.06 96.07 96.26 96.14 96.26 96.35 96.46
27°S ||     96.29 95.96 95.91 95.84 95.33 95.22 95.78 94.91 95.36 95.69 95.60 95.92 95.88 96.02 96.27 96.08 96.26 95.55 96.04 95.53 95.55 95.57 95.45 95.42 95.22 95.10 94.95 94.81 94.33 93.99 93.62 93.28 92.84 92.86 92.68 92.88 93.11 91.56 91.24 89.47 91.83 92.79 93.19 93.63 94.01 94.33 94.55 94.70 94.79 94.95 94.94 95.01 94.75 94.10 94.11 94.22 94.53 94.51 94.41 94.40 94.16 95.77 96.36 96.38 96.35 96.36 96.43 96.53 96.41 96.35 96.37 96.66 96.71 96.82 96.62 96.43 96.60 96.61 96.71 96.70 96.69 96.69 96.63 96.49 96.41 96.21 96.27 96.29 95.99 95.89 95.86 96.04 96.05 95.69 95.84 95.95 95.96 95.71 95.70 95.69 95.94 96.10 95.67 95.91 96.10 95.99 96.20 95.70 95.32 95.56 96.11 96.15 96.35 96.20 96.17 96.23 96.19 96.84 96.82 96.88 96.94 97.01 97.07 97.12 97.21 97.65 98.27 97.72 97.45 97.00 96.83 96.93 96.91 96.86 96.71 96.79 95.37 96.82 96.81 95.85 96.31 96.06 95.99 95.99 96.01 96.03 96.02 96.03 95.95 95.91 95.88 95.66 95.20 95.09 94.96 95.25 95.82 94.89 94.98 95.63 95.29 95.71 96.13 96.12 96.42 95.73 96.29 96.08 96.26 96.35 96.29 96.17 95.82 95.60 95.65 96.00 96.01 96.06 96.34 96.38
25°S ||     96.35 95.79 96.11 95.88 95.81 95.79 95.92 96.21 95.75 96.04 95.87 96.33 96.33 96.26 96.34 96.18 96.22 95.88 95.54 95.95 95.61 95.47 95.42 95.28 95.15 94.93 94.77 94.59 94.19 93.70 93.33 93.02 92.73 92.53 92.47 91.71 92.16 92.57 91.24 91.63 92.12 92.72 93.27 93.66 93.90 94.20 94.39 94.64 94.80 94.82 95.00 95.05 94.77 94.37 93.41 94.19 94.53 94.71 94.71 94.56 93.77 95.09 96.18 96.23 96.32 96.34 96.33 95.92 96.12 96.23 96.28 96.31 96.59 96.87 96.93 96.67 96.74 96.78 96.84 96.74 96.74 96.70 96.81 96.65 96.72 96.40 96.46 96.47 96.44 95.95 96.24 96.14 96.32 95.63 96.00 95.96 95.97 95.57 95.25 95.91 95.93 95.82 95.89 95.93 95.80 95.44 95.83 95.23 95.03 95.39 95.67 95.77 96.09 95.95 96.32 96.59 96.40 96.73 96.81 96.86 96.91 96.87 96.84 97.07 96.89 97.31 97.07 96.84 96.79 96.73 96.79 96.69 96.68 96.77 96.68 96.22 96.16 96.40 95.68 96.10 95.98 95.81 95.67 95.72 95.82 95.87 96.09 95.91 95.86 95.74 95.68 95.49 95.13 94.74 94.90 95.18 95.53 95.13 94.60 95.05 94.95 95.37 95.76 96.13 95.84 95.86 96.23 95.84 96.11 96.22 96.22 95.89 95.59 96.07 96.14 95.97 96.09 96.38 96.54 96.33
23°S ||     96.30 96.32 95.90 95.92 95.84 95.94 96.13 96.25 96.35 96.41 96.40 96.36 96.48 96.53 96.34 96.44 95.32 95.59 96.01 95.65 95.64 95.38 95.37 95.26 95.07 94.78 94.54 94.17 93.76 93.36 92.99 92.58 92.35 92.23 92.30 92.23 91.31 91.73 91.19 91.49 92.06 92.70 93.09 93.38 93.65 93.90 94.17 94.42 94.70 94.85 95.13 95.11 95.11 94.75 93.96 94.15 94.50 94.52 94.48 94.10 93.36 95.30 96.07 96.12 95.87 96.04 96.24 95.95 96.25 96.23 96.09 96.43 96.52 96.78 96.83 96.88 96.71 96.77 96.71 96.79 96.79 96.76 96.77 96.85 96.71 96.54 96.60 96.65 96.58 95.78 96.30 96.15 96.35 96.35 96.38 96.03 95.95 96.66 95.79 95.51 95.67 95.47 95.26 95.11 95.40 95.80 95.09 95.04 94.73 95.33 95.57 95.98 95.87 95.55 95.51 95.76 96.23 96.40 96.54 96.67 96.83 96.72 96.83 96.90 96.90 97.03 96.88 96.71 96.73 96.66 96.45 96.48 96.58 96.64 96.14 95.67 95.08 95.27 95.64 95.93 95.74 95.56 95.25 95.40 95.70 95.79 95.85 95.93 95.69 95.63 95.56 95.50 95.69 95.56 95.63 95.11 95.57 95.13 94.75 95.09 94.69 95.53 95.74 95.96 95.96 96.10 96.03 96.13 96.07 96.46 96.05 96.64 96.02 96.10 96.17 96.12 95.97 96.44 96.62 96.32
21°S ||     96.15 96.23 95.91 95.92 95.90 95.92 96.17 96.61 96.42 96.38 96.28 96.32 96.39 96.27 96.36 96.43 96.16 95.86 95.89 95.69 95.52 95.34 95.28 95.12 94.93 94.69 94.28 93.78 93.21 92.76 92.42 92.04 91.81 91.78 91.94 91.40 91.60 90.81 90.98 91.55 91.97 92.43 92.72 93.01 93.34 93.57 93.92 94.17 94.44 94.67 94.82 95.02 95.07 94.67 94.16 94.46 94.06 94.37 94.04 93.67 93.75 94.12 95.96 95.94 96.01 95.90 96.18 96.27 96.23 96.26 96.32 96.33 96.48 96.63 96.85 96.93 96.83 96.78 96.83 96.84 96.82 96.80 96.78 96.84 96.80 96.85 96.66 96.67 96.57 96.34 96.22 96.35 96.45 96.47 96.19 96.11 95.97 95.66 95.62 95.77 95.86 95.95 95.04 95.40 95.64 95.55 95.76 94.84 94.74 95.19 95.60 95.26 95.70 95.69 95.77 95.99 96.08 96.36 96.45 96.67 96.74 96.79 96.53 96.85 96.76 96.68 96.70 96.16 96.44 96.44 96.37 96.26 96.54 96.15 95.81 95.56 94.49 94.65 95.48 95.37 95.58 95.56 95.20 94.87 95.71 95.82 95.83 95.86 95.84 95.64 95.40 95.16 94.87 95.19 95.89 95.20 95.38 95.31 94.83 95.53 95.40 95.57 95.46 95.44 95.98 96.09 96.27 96.10 95.87 96.44 96.52 96.30 96.34 96.51 96.44 96.08 95.76 96.21 96.21 96.01
19°S ||     95.49 95.79 95.80 95.65 95.96 96.18 96.41 96.76 96.74 96.58 96.48 96.32 96.39 96.37 96.50 96.36 96.14 96.13 95.73 95.69 95.52 95.29 95.14 94.87 94.69 94.41 94.01 93.27 92.36 91.87 91.56 91.41 91.27 91.41 91.66 89.93 91.28 90.71 90.87 91.19 91.40 91.81 92.12 92.44 92.83 93.21 93.60 93.89 94.23 94.45 94.60 94.71 94.87 94.81 94.37 93.94 93.92 93.90 94.04 93.92 93.53 94.97 95.75 95.70 95.88 96.02 96.30 96.31 96.35 96.22 96.32 96.46 96.62 96.78 96.99 97.01 96.97 96.79 96.86 96.86 96.95 96.84 96.80 96.79 96.87 96.90 96.75 96.62 96.62 96.67 96.57 96.48 96.51 96.44 96.17 96.20 95.93 95.86 96.05 95.42 95.77 95.85 95.23 95.58 95.17 95.51 94.83 94.64 95.17 95.19 94.99 95.36 95.34 95.53 95.64 95.78 95.83 95.78 95.83 96.52 96.63 96.63 96.68 96.67 96.54 96.56 96.28 96.29 96.35 96.27 96.22 95.81 95.67 95.88 95.65 95.37 94.93 94.79 95.21 95.42 95.69 95.71 95.89 95.87 95.74 95.78 95.80 95.81 95.69 95.59 95.75 95.24 94.93 95.04 95.45 95.58 95.48 95.65 95.17 95.57 95.66 95.49 95.38 95.30 95.80 95.81 95.72 95.65 96.21 96.47 96.62 96.68 96.72 96.80 96.67 96.69 96.61 96.46 96.48 95.52
17°S ||     95.53 95.53 95.66 96.00 96.03 96.22 96.64 96.69 96.70 96.65 96.58 96.41 96.45 96.02 96.45 96.67 96.28 96.27 95.98 95.64 95.49 95.30 94.91 94.60 94.38 94.07 93.55 92.37 91.37 90.75 90.65 90.75 90.95 91.14 90.79 90.08 90.53 90.76 90.60 90.46 90.59 91.04 91.48 91.81 92.36 92.80 93.22 93.53 93.89 94.20 94.33 94.55 94.57 94.65 94.27 93.88 93.33 93.36 93.93 93.80 93.54 95.11 95.71 95.18 95.59 97.28 97.92 96.98 96.28 96.38 96.09 96.38 96.58 96.70 96.99 96.97 96.98 96.78 96.88 96.81 96.87 96.85 96.85 96.85 96.86 96.84 96.79 96.79 96.75 96.68 96.49 96.52 96.52 96.42 96.30 96.26 95.99 96.04 95.74 96.27 95.86 95.65 95.26 95.26 95.24 95.17 95.29 94.79 95.29 95.24 95.39 95.23 95.02 95.00 95.32 95.38 95.54 96.08 96.14 95.74 96.17 96.09 96.23 96.26 96.20 96.48 96.42 96.41 96.31 96.23 95.77 95.81 94.88 95.25 95.39 95.24 94.68 94.71 95.25 95.50 95.77 95.79 95.89 95.96 95.79 95.75 95.72 95.66 95.62 95.39 95.53 95.45 95.12 95.24 95.12 95.17 95.44 95.65 95.45 95.91 95.65 95.61 95.40 95.21 96.09 95.26 95.56 95.77 96.21 96.57 96.67 96.75 96.75 96.81 96.84 96.71 96.73 96.61 96.71 96.37
15°S ||     96.54 95.53 96.29 96.10 96.36 96.48 96.83 96.81 96.62 96.66 96.65 96.43 96.31 96.35 96.46 96.65 95.60 96.31 96.44 95.74 95.56 95.25 94.96 94.64 94.22 93.68 92.76 91.22 89.61 89.12 89.63 90.28 90.49 90.79 90.96 90.88 91.10 91.13 90.34 89.95 89.91 90.56 90.95 91.32 91.89 92.51 92.95 93.28 93.51 93.68 93.70 94.13 94.33 94.33 93.98 93.86 93.44 94.45 93.73 94.64 95.00 97.10 97.72 98.10 98.43 98.11 97.49 98.34 98.27 96.47 96.40 96.69 96.65 96.70 96.90 96.90 96.94 96.89 96.85 96.84 96.85 96.85 96.84 96.90 96.84 96.82 96.82 96.78 96.74 96.71 96.73 96.65 96.58 96.40 96.30 96.31 96.23 96.07 95.64 96.05 95.50 95.60 95.47 95.14 95.26 94.99 95.13 95.10 94.95 95.03 95.41 94.94 94.76 94.74 94.83 94.47 95.38 96.06 96.08 96.10 95.72 96.11 96.10 96.01 96.19 96.34 96.26 96.43 96.05 95.74 95.57 94.74 94.66 94.72 95.01 94.89 94.65 94.84 94.90 95.33 95.62 95.82 95.78 95.79 95.89 95.79 95.61 95.69 95.41 95.53 95.41 95.60 95.04 94.75 95.66 95.82 95.21 95.77 95.83 95.61 95.66 95.55 95.22 95.43 95.84 95.95 95.83 95.86 96.07 96.69 96.78 96.98 96.88 96.85 96.69 96.89 96.78 96.95 96.32 96.42
13°S ||     96.60 96.57 96.40 96.20 96.36 96.61 96.77 96.86 96.82 96.85 96.77 96.58 96.51 96.61 96.59 96.64 96.35 96.33 96.23 95.96 95.69 95.33 95.00 94.64 94.11 93.42 92.36 90.18 87.65 87.11 88.52 89.79 90.19 90.30 90.40 91.18 90.90 90.85 90.17 89.85 89.90 91.26 90.43 90.99 91.59 92.15 92.71 93.05 93.30 93.49 93.54 94.32 93.69 94.84 97.20 96.98 96.85 95.18 98.32 98.73 97.16 95.17 95.09 95.33 97.34 97.33 96.94 97.03 95.96 97.82 96.55 96.59 96.71 96.78 96.81 96.90 96.87 96.94 97.00 96.87 96.86 96.86 96.85 96.85 96.80 96.82 96.85 96.80 96.73 96.81 96.77 96.73 96.65 96.52 96.66 96.44 96.31 96.13 96.01 96.02 95.98 95.74 95.40 95.20 95.00 95.42 95.05 95.02 94.90 94.82 94.83 94.99 94.58 94.96 94.84 95.06 95.09 95.83 95.98 95.85 95.91 96.08 96.00 95.99 95.74 96.13 96.17 96.19 96.02 95.85 94.91 94.66 94.36 94.87 94.78 95.01 94.60 94.79 95.43 95.47 95.90 95.80 95.89 95.83 95.88 95.81 95.49 95.34 95.29 95.35 95.33 95.12 95.47 95.06 95.86 95.84 95.38 95.37 95.70 95.80 95.55 95.63 95.28 95.15 95.47 96.23 96.26 96.37 96.58 96.80 96.86 96.91 96.93 96.91 96.89 96.93 96.97 96.91 96.96 96.91
11°S ||     96.96 96.87 96.98 96.99 96.70 96.70 96.79 96.87 96.82 96.82 96.78 96.75 96.77 96.61 96.71 96.66 96.62 96.45 96.33 96.10 95.79 95.53 95.07 94.64 93.96 93.29 92.32 90.43 87.73 85.60 86.74 89.78 90.09 90.10 89.99 90.74 90.64 90.30 89.76 89.48 90.00 90.39 90.32 90.91 91.40 91.88 92.66 92.89 93.12 93.37 93.23 93.96 96.71 96.97 98.96 99.05 95.66 92.63 92.43 93.62 94.35 94.58 94.88 95.11 95.57 95.46 95.64 96.54 96.13 96.32 98.18 96.91 98.17 96.91 96.84 97.21 97.07 96.92 96.97 96.98 96.88 96.88 96.89 96.86 96.87 96.86 96.90 96.83 96.85 96.80 96.80 96.85 96.67 96.60 96.47 96.48 96.50 96.23 95.25 95.62 96.02 96.08 95.65 95.42 95.31 94.99 94.96 95.04 94.81 94.85 95.24 94.95 95.04 94.75 95.00 95.14 95.06 95.30 95.65 95.46 95.59 95.83 95.80 95.71 95.42 96.07 96.03 96.21 96.02 95.99 95.75 95.00 94.45 94.69 94.64 95.17 94.85 95.30 95.63 95.65 96.01 95.93 95.79 95.87 95.89 95.86 95.75 95.80 95.57 95.55 95.39 95.08 94.69 95.17 95.10 95.34 95.72 95.80 95.56 95.91 95.71 96.12 96.29 96.04 96.21 96.77 96.32 96.56 96.68 96.84 96.88 96.89 96.96 96.94 96.98 97.02 97.03 96.87 96.91 96.83
9°S ||     96.77 96.84 96.82 96.92 96.99 96.77 96.88 96.82 96.88 96.90 96.81 96.84 96.78 96.75 96.75 96.68 96.67 96.55 96.45 96.20 95.99 95.61 95.27 94.76 94.19 93.45 92.56 91.70 88.17 84.23 84.22 88.56 89.95 89.95 90.02 89.88 90.37 90.10 90.14 89.76 89.91 90.62 92.49 94.27 93.03 91.95 92.60 93.25 93.19 93.64 96.76 97.27 97.18 98.73 97.01 93.17 92.19 94.11 92.91 94.28 94.56 94.72 95.34 95.30 95.73 95.88 96.68 96.16 97.30 96.39 98.26 98.24 98.54 97.59 97.40 97.13 96.88 96.93 96.95 97.24 96.98 96.87 96.90 96.91 96.89 96.91 96.95 96.85 96.86 96.86 96.90 96.75 96.75 96.72 96.60 96.44 96.49 96.35 95.89 95.81 96.06 95.81 95.54 95.69 95.66 95.26 94.98 95.34 96.25 96.49 95.06 95.30 95.18 95.27 95.23 95.09 95.11 95.19 95.44 95.50 95.47 95.31 95.51 95.32 95.29 95.41 95.67 95.98 96.01 96.02 95.72 95.34 94.48 95.31 95.31 94.75 95.59 95.82 95.28 95.70 95.98 96.01 96.13 95.97 95.97 95.79 95.72 96.06 95.98 95.64 94.93 95.15 94.70 95.43 95.81 95.67 95.85 96.17 95.85 95.97 96.35 96.78 96.86 96.71 96.69 96.86 96.85 96.81 96.87 96.88 96.91 96.95 96.99 97.43 97.09 97.07 96.85 95.91 96.90 96.86
7°S ||     96.88 96.87 96.84 96.84 97.14 97.04 96.91 96.93 97.09 96.96 96.93 96.87 96.83 96.82 96.81 96.83 96.81 96.68 96.54 96.36 96.12 95.79 95.45 94.90 94.34 93.78 93.08 92.45 88.87 85.50 86.29 87.92 89.57 89.85 90.04 90.29 89.77 89.79 90.27 89.77 93.46 93.85 90.89 95.08 94.27 94.12 94.67 96.55 96.16 95.45 94.32 92.85 95.58 98.48 96.78 97.15 97.35 94.90 94.09 94.76 94.89 94.93 95.24 95.42 96.27 97.20 97.11 96.82 95.97 96.12 97.15 98.33 98.20 97.65 98.01 97.55 97.32 96.90 96.89 96.95 96.97 96.93 96.94 96.89 96.91 96.88 96.85 96.83 96.81 96.84 96.82 96.85 96.75 96.72 96.71 96.74 96.74 96.48 96.14 96.25 95.54 95.49 95.61 95.70 95.03 95.49 95.63 95.34 95.32 95.36 95.55 95.52 95.64 94.97 95.07 95.09 95.08 95.57 95.62 95.44 95.07 94.91 95.00 94.78 95.21 95.69 95.48 95.63 96.00 96.01 95.91 95.79 94.85 94.76 95.18 95.39 95.45 95.55 95.41 95.78 96.02 95.97 96.20 96.17 96.13 96.17 96.22 96.26 96.24 96.41 94.72 94.56 94.74 95.43 95.00 96.11 96.78 96.48 96.57 96.55 96.78 96.86 96.84 96.80 96.92 97.00 96.93 96.98 96.99 96.97 96.99 96.98 97.03 97.12 97.27 97.25 97.02 96.97 96.93 96.88
5°S ||     96.90 96.92 96.96 96.94 96.89 97.17 97.13 97.13 97.23 96.99 96.92 96.82 96.85 96.89 96.93 96.97 96.97 96.88 96.61 96.60 96.35 96.10 95.74 95.22 94.74 94.18 93.60 92.66 91.37 89.58 88.15 88.42 89.56 89.72 90.14 90.43 90.39 91.52 90.70 89.98 90.37 90.71 91.20 95.70 93.99 95.96 93.78 94.76 93.93 93.14 92.67 95.76 96.25 96.80 96.24 93.23 93.64 94.80 96.79 96.68 95.14 95.29 95.40 95.46 96.05 95.76 96.34 95.96 96.06 96.27 96.61 96.83 97.63 96.78 96.77 97.54 97.66 97.35 96.84 96.88 97.26 97.00 96.98 96.94 96.92 96.88 96.84 96.85 96.88 96.85 96.83 96.81 96.83 96.69 96.72 96.76 96.74 96.73 96.58 96.62 96.11 95.32 95.50 95.67 95.95 95.69 95.58 95.51 95.62 95.45 95.96 96.02 95.88 95.19 95.02 95.07 94.84 95.05 94.80 95.35 95.06 95.36 95.13 95.14 95.38 95.20 95.69 95.39 95.87 95.93 95.81 95.31 95.43 94.92 95.36 95.54 95.82 95.76 95.86 95.98 95.88 96.09 96.42 96.46 96.31 96.32 96.69 96.55 96.27 96.11 95.62 95.23 95.92 95.87 95.78 96.20 96.95 96.79 97.84 97.01 96.91 96.83 96.81 96.94 96.94 97.05 97.06 97.03 97.03 97.06 97.12 97.07 97.18 97.18 97.17 97.22 97.25 97.10 97.00 96.94
3°S ||     96.94 96.93 97.00 97.01 96.96 97.46 97.48 97.32 97.06 97.19 96.87 96.71 96.96 97.21 97.17 97.25 96.85 96.63 96.88 96.77 96.66 96.33 96.23 95.77 95.18 94.63 94.09 93.14 92.40 90.98 89.90 89.70 89.37 89.34 90.24 90.73 91.10 91.28 91.32 90.83 90.61 91.25 91.67 92.64 92.97 93.02 93.70 93.74 93.55 93.21 92.95 92.71 93.25 95.14 94.75 93.81 94.45 94.98 95.31 97.05 95.12 95.79 95.76 95.89 96.06 96.15 96.66 96.37 96.47 96.65 96.74 96.80 98.21 96.89 96.87 97.31 97.12 97.18 96.92 96.94 96.98 96.99 97.22 97.01 96.93 96.90 96.93 96.89 96.88 96.87 96.86 96.83 96.80 96.79 96.75 96.73 96.52 96.73 96.73 96.74 96.30 95.83 95.68 95.83 96.05 95.66 95.78 95.94 95.88 95.88 96.07 96.06 95.80 95.53 95.37 94.93 94.63 95.79 95.55 95.40 95.31 95.41 95.25 95.56 95.10 95.43 95.19 95.81 95.87 96.05 95.66 95.80 95.71 95.57 95.94 96.41 95.62 96.19 96.10 95.88 96.09 96.15 96.61 96.61 96.38 96.74 96.67 96.43 96.23 96.01 95.52 95.73 95.64 95.81 95.98 96.56 96.95 96.94 96.97 96.87 96.98 96.95 96.94 96.92 96.97 97.07 97.01 96.94 97.19 97.20 97.18 97.26 97.31 97.35 97.35 97.35 97.29 97.19 97.04 97.02
1°S ||     97.05 97.02 97.04 97.12 97.19 97.49 97.50 97.30 97.16 96.95 96.84 96.65 96.99 97.17 97.43 97.02 96.88 96.95 96.92 96.79 96.74 96.63 96.48 96.16 95.69 94.96 94.32 93.58 92.85 92.06 90.92 90.28 88.75 87.10 90.48 90.96 91.26 91.56 91.73 91.76 91.80 92.73 93.12 93.45 93.72 94.31 94.63 94.84 95.09 95.25 94.46 95.89 97.28 93.84 93.97 94.27 95.11 95.44 95.53 96.36 95.81 96.03 96.03 96.03 96.22 96.30 96.29 96.71 96.74 96.76 97.37 96.81 97.87 98.00 96.96 96.96 96.93 96.94 96.96 97.09 97.41 97.19 97.16 96.95 96.96 96.95 96.92 96.88 96.86 96.85 96.87 96.89 96.83 96.82 96.76 96.74 96.46 96.72 96.72 96.74 96.33 96.20 96.06 95.89 96.06 96.01 95.96 96.11 96.14 96.18 96.28 96.26 95.71 95.49 95.46 95.14 94.84 95.84 95.64 95.61 95.64 95.26 95.33 95.13 95.48 95.54 95.71 95.83 96.27 96.17 95.88 95.36 95.86 95.94 96.38 96.40 96.25 96.68 96.14 96.01 96.18 96.29 96.64 96.67 96.69 96.76 96.71 96.13 96.37 96.03 95.92 96.01 96.47 96.51 96.68 96.93 97.02 97.09 97.02 97.01 97.14 97.08 96.97 96.97 97.08 97.03 96.93 97.02 97.15 97.22 97.25 97.28 97.30 97.36 97.38 97.36 97.23 97.25 97.13 97.07
1°N ||     97.09 97.05 97.12 97.33 97.24 97.36 97.51 97.74 97.20 97.00 96.86 96.87 97.15 97.43 97.44 97.19 97.05 96.99 96.76 96.88 96.80 96.80 96.50 95.99 95.51 95.36 94.72 93.79 92.94 92.64 92.17 91.58 89.18 86.32 87.35 91.28 91.45 91.59 91.94 92.31 92.75 93.10 93.36 93.70 94.12 94.64 94.97 95.32 95.82 96.06 94.82 93.76 93.57 93.98 94.31 94.93 95.37 95.77 95.83 96.16 95.95 96.16 96.58 96.16 96.26 96.35 96.26 96.91 96.60 96.73 96.84 97.79 98.64 98.54 96.89 96.93 96.93 96.95 96.90 97.42 96.90 97.34 97.01 96.93 97.11 96.99 96.93 96.88 96.91 96.86 96.86 96.88 96.84 96.84 96.83 96.76 96.73 96.57 96.59 96.48 96.47 96.50 96.35 96.37 96.12 95.95 95.98 96.37 96.26 96.24 96.21 95.91 95.99 95.90 95.53 95.35 95.66 95.64 95.36 95.75 95.56 95.43 95.51 95.53 95.52 95.62 95.79 95.99 96.02 96.20 96.47 96.35 96.63 96.61 96.59 96.63 96.46 96.45 96.57 96.41 96.64 96.68 96.79 96.78 96.80 96.69 96.38 96.35 96.40 96.18 96.35 96.57 96.85 96.91 96.92 96.94 97.03 97.10 97.06 97.13 97.07 97.07 97.03 97.11 97.09 97.04 96.98 97.11 97.17 97.21 97.26 97.31 97.31 97.34 97.36 97.36 97.38 97.31 97.25 97.18
3°N ||     97.39 97.31 97.36 97.45 97.57 97.62 97.58 97.50 97.40 97.00 96.95 96.97 97.47 97.60 97.57 97.37 97.22 96.89 96.84 96.94 96.90 96.69 96.36 95.82 95.21 95.89 95.21 93.17 92.96 93.07 92.93 93.08 92.54 88.86 90.50 91.59 91.33 91.47 92.02 92.52 92.97 93.22 93.43 93.40 94.54 94.99 95.46 95.76 96.04 96.44 96.49 95.40 94.80 95.03 95.41 95.73 95.93 96.02 96.09 96.32 96.24 96.17 95.95 96.61 96.65 96.46 96.55 96.74 96.77 96.84 96.87 96.91 98.00 98.16 97.77 97.44 97.43 97.25 97.18 97.11 96.96 96.92 97.02 96.96 96.94 97.07 96.91 96.86 96.89 96.88 96.91 96.88 96.87 96.84 96.82 96.77 96.76 96.66 96.72 96.64 96.63 96.64 96.63 96.51 96.50 96.11 96.31 96.55 96.72 96.19 96.31 96.11 95.78 95.75 95.62 95.98 95.81 95.80 95.52 95.78 95.63 95.49 95.47 95.59 95.60 95.67 95.89 96.01 96.21 96.29 96.73 96.85 96.94 97.00 97.17 96.96 96.71 96.66 96.58 96.71 96.73 96.79 96.83 96.80 96.78 96.58 96.56 96.47 96.39 96.17 96.67 96.94 96.91 96.88 96.90 97.01 97.06 97.11 97.13 97.17 97.05 97.16 97.12 97.15 97.13 97.07 97.09 97.15 97.18 97.21 97.22 97.28 97.31 97.32 97.32 97.35 97.37 97.39 97.41 97.42
5°N ||     97.38 97.48 97.76 97.49 97.65 97.67 97.61 97.58 97.49 97.18 97.09 97.05 97.61 97.73 97.73 97.60 97.06 96.85 97.03 96.98 96.86 96.47 96.04 95.68 95.93 96.03 95.83 94.63 93.09 92.98 93.21 93.67 93.95 93.60 92.63 91.96 91.12 90.92 92.16 92.82 93.25 93.48 93.60 93.34 94.75 95.52 95.86 96.08 96.36 96.67 96.77 95.82 95.80 96.05 96.20 96.31 96.31 96.34 96.37 96.48 96.62 96.39 96.11 96.22 96.42 96.67 96.75 96.79 96.81 96.88 96.97 97.83 96.98 97.53 98.09 97.68 97.22 96.99 96.95 96.98 96.92 96.97 96.93 96.96 97.09 96.95 96.94 96.88 96.89 96.88 96.87 96.87 96.82 96.81 96.80 96.79 96.78 96.78 96.74 96.65 96.64 96.64 96.60 96.63 96.59 96.57 96.60 96.54 96.59 96.08 96.21 95.58 95.75 95.65 95.81 95.68 95.71 95.83 95.77 95.75 95.63 95.52 95.42 95.47 95.97 95.74 95.87 96.10 96.34 96.60 96.86 97.89 98.04 98.04 98.00 97.79 97.52 96.89 96.84 96.81 96.81 96.87 96.84 96.78 96.79 96.64 96.55 96.56 96.26 96.33 96.93 96.91 96.94 96.95 96.98 97.00 97.08 97.12 97.16 97.16 97.14 97.13 97.15 97.15 97.15 97.15 97.15 97.15 97.18 97.19 97.19 97.24 97.27 97.29 97.31 97.34 97.37 97.39 97.41 97.45
7°N ||     97.42 97.49 97.54 97.56 97.65 97.67 97.67 97.65 97.58 97.38 97.16 97.43 97.74 97.83 97.85 97.64 97.00 97.20 97.14 96.99 96.78 96.54 96.59 96.45 96.34 96.30 96.04 95.33 92.65 92.82 93.21 94.08 94.37 94.10 93.41 92.44 90.07 90.05 92.69 93.21 93.51 93.70 93.83 94.11 95.28 95.66 95.94 96.22 96.46 96.65 96.78 96.80 96.30 96.28 96.27 96.30 96.41 96.50 96.58 96.63 96.65 96.55 96.26 96.54 96.73 96.75 96.83 96.85 96.87 96.91 97.01 97.87 98.20 97.83 98.06 97.00 96.98 96.96 97.15 97.33 97.16 96.96 96.97 97.03 96.95 96.90 96.91 96.87 96.90 96.86 96.88 96.86 96.86 96.88 96.79 96.77 96.74 96.78 96.71 96.59 96.59 96.62 96.66 96.58 96.56 96.66 96.42 96.71 96.59 96.60 96.30 96.01 95.96 95.49 95.60 95.70 95.60 95.76 95.77 95.79 95.59 95.64 95.44 95.91 96.20 95.66 95.88 96.16 96.60 96.90 97.81 98.15 98.09 98.07 98.07 97.98 97.94 97.52 96.90 96.90 96.91 96.88 96.81 96.83 96.64 96.46 96.54 96.70 96.58 96.56 96.90 96.97 96.99 97.03 97.14 97.05 97.13 97.16 97.14 97.17 97.21 97.14 97.15 97.14 97.16 97.16 97.15 97.15 97.15 97.15 97.16 97.16 97.23 97.27 97.25 97.34 97.39 97.42 97.43 97.46
9°N ||     97.49 97.61 97.42 97.48 97.67 97.66 97.68 97.65 97.73 97.45 97.25 97.67 97.86 97.91 97.88 97.45 97.21 97.44 97.12 96.90 96.87 96.81 96.78 96.71 96.62 96.45 96.24 95.45 93.26 93.15 93.77 94.67 94.64 94.83 94.37 92.92 89.37 87.41 91.89 93.52 93.69 93.93 94.17 94.56 95.20 95.67 96.00 96.29 96.47 96.67 96.79 96.80 96.73 96.44 96.39 96.40 96.48 96.57 96.63 96.70 96.76 96.72 96.62 96.65 96.74 96.84 96.92 96.93 96.94 97.17 97.82 97.87 97.72 98.14 97.10 97.08 97.13 97.08 97.32 96.98 96.99 96.97 96.95 96.97 97.02 96.95 96.93 96.96 96.93 96.94 96.89 96.87 96.84 96.86 96.82 96.88 96.78 96.74 96.72 96.71 96.66 96.53 96.39 96.34 96.61 96.69 96.71 96.50 96.46 96.36 96.32 96.30 96.19 96.31 96.06 95.83 95.71 95.75 95.74 95.47 95.67 95.60 95.33 96.40 95.76 95.65 95.99 96.35 96.73 97.12 97.96 98.18 98.20 98.17 98.11 98.06 98.00 97.83 97.36 97.05 96.97 97.07 96.81 96.73 96.73 96.69 96.81 96.86 96.83 96.83 96.94 97.02 97.22 97.03 97.13 97.18 97.14 97.13 97.10 97.11 97.52 97.07 97.06 97.09 97.13 97.15 97.10 97.12 97.08 97.13 97.12 97.20 97.21 97.27 97.23 97.33 97.38 97.42 97.45 97.45
11°N ||     97.54 97.53 97.55 97.53 97.72 97.73 97.78 97.75 97.88 97.80 97.68 97.95 97.99 97.96 97.92 97.86 97.48 97.50 97.11 96.94 96.90 96.87 96.81 96.73 96.60 96.48 96.17 95.43 94.67 94.98 94.91 94.90 94.91 94.92 95.02 94.90 90.08 84.03 85.70 93.49 93.85 94.11 94.41 94.78 95.20 95.71 96.11 96.34 96.55 96.67 96.77 96.81 96.80 96.56 96.49 96.49 96.56 96.63 96.67 96.73 96.77 96.68 96.64 96.77 96.85 96.90 96.99 97.07 97.19 97.09 98.10 97.92 97.08 98.17 97.90 97.07 97.79 97.02 96.98 97.08 96.97 96.96 96.93 96.91 96.95 96.96 97.06 96.96 96.96 96.97 96.89 96.88 96.88 96.88 96.92 96.82 96.88 96.74 96.76 96.78 96.74 96.72 96.56 96.36 96.68 96.65 96.88 96.60 96.77 96.31 96.45 96.42 96.38 96.49 96.28 95.87 95.70 95.91 96.08 95.63 95.79 95.70 95.51 95.39 95.55 95.93 96.22 96.53 96.85 97.29 98.18 98.23 98.27 98.18 98.07 98.06 97.96 97.89 97.55 97.12 97.03 96.82 96.87 96.83 96.77 96.88 96.94 96.98 96.98 97.00 97.05 97.13 97.26 97.29 97.19 97.24 97.18 97.17 97.08 97.04 97.00 96.96 96.97 96.99 97.01 97.04 97.04 97.04 97.06 97.33 96.95 97.11 97.18 97.19 97.19 97.37 97.40 97.39 97.15 97.43
13°N ||     97.44 97.58 97.26 97.32 97.70 97.69 97.80 97.86 97.90 97.95 98.01 98.07 98.07 98.05 98.02 97.88 97.74 97.43 96.93 96.95 96.92 96.85 96.79 96.74 96.59 96.41 96.20 95.89 95.20 95.19 95.07 95.05 95.04 95.13 95.31 95.46 94.69 86.12 87.45 92.51 93.62 94.34 94.72 94.98 91.84 95.93 96.23 96.42 96.59 96.67 96.78 96.81 96.81 96.59 96.56 96.59 96.64 96.69 96.72 96.75 96.76 96.78 96.81 96.79 96.89 97.04 97.13 97.25 97.34 97.92 98.03 97.93 97.35 97.29 97.12 97.71 97.21 97.12 96.97 96.92 96.91 96.97 96.93 96.95 96.94 96.94 98.05 96.95 97.35 96.93 96.88 96.89 96.89 96.94 96.94 96.81 96.82 96.83 96.85 96.86 96.84 96.70 96.64 96.67 96.71 96.76 96.70 96.78 96.88 96.57 96.58 96.70 96.51 96.46 96.37 96.24 96.06 96.15 96.25 96.20 96.06 95.81 95.73 95.75 95.83 96.02 96.34 96.68 96.92 97.36 98.18 98.21 98.19 98.13 98.06 98.04 97.99 97.92 97.66 97.23 97.10 96.94 96.95 96.97 96.97 97.00 96.99 97.12 97.06 97.17 97.24 97.30 97.45 97.55 97.58 97.38 97.33 97.15 97.03 96.93 96.86 96.82 96.87 96.88 96.92 96.95 96.96 97.01 97.00 97.01 97.02 96.97 97.22 97.16 97.23 97.26 97.37 97.40 97.00 97.32
15°N ||     97.48 97.60 97.62 97.81 97.77 97.68 97.86 97.98 98.01 98.06 98.12 98.21 98.20 98.17 98.16 97.98 97.46 97.13 96.97 96.96 96.80 94.47 89.57 88.90 91.61 96.33 96.10 96.01 95.79 95.36 95.27 95.16 95.17 95.24 95.32 95.42 95.43 94.17 92.01 92.44 93.85 94.53 94.96 95.22 95.64 96.16 96.32 96.49 96.59 96.66 96.76 96.81 96.82 96.63 96.63 96.63 96.67 96.72 96.75 96.76 96.78 96.78 96.76 96.85 97.05 97.16 97.30 97.42 97.45 97.85 98.09 97.98 97.65 97.42 97.74 97.37 97.44 97.12 97.06 97.03 97.21 96.96 96.85 97.51 96.97 96.95 96.96 96.94 96.95 96.95 97.21 96.98 96.91 96.89 96.93 96.85 96.86 96.88 96.89 96.91 96.88 96.87 96.76 96.73 96.76 96.77 96.70 96.89 96.83 96.47 96.61 96.63 96.64 96.67 96.43 96.39 96.23 96.12 96.19 96.19 96.04 96.12 95.98 96.03 96.09 96.25 96.47 96.79 97.02 98.12 98.15 98.08 98.17 98.10 98.04 98.01 97.95 97.90 97.70 97.34 97.16 97.11 97.05 97.04 97.03 97.04 97.08 97.13 97.30 97.36 97.46 97.56 97.57 97.64 97.67 97.63 97.39 97.13 96.96 96.86 96.79 96.72 96.64 96.72 96.78 96.88 96.92 96.95 96.96 96.98 97.00 97.01 97.07 97.14 97.18 97.29 97.27 97.43 97.12 98.03
17°N ||     97.56 97.68 97.72 97.83 97.41 97.83 97.87 97.95 98.09 98.12 98.20 98.27 98.30 98.29 98.33 97.63 97.26 97.22 97.02 97.02 96.47 88.55 84.40 83.22 86.24 93.87 96.06 96.02 96.20 95.80 95.54 95.28 95.21 95.27 95.34 95.43 95.44 95.23 94.12 93.98 94.50 94.74 95.03 95.30 95.70 96.18 96.39 96.54 96.63 96.69 96.73 96.82 96.81 96.54 96.57 96.67 96.70 96.74 96.75 96.77 96.79 96.82 96.86 96.98 97.07 97.33 97.48 97.67 97.89 97.94 97.81 97.97 97.89 97.71 97.79 97.51 97.19 97.24 97.17 97.02 96.98 96.91 97.03 97.40 96.94 96.95 96.96 97.81 96.98 97.08 96.96 96.96 96.91 96.88 96.90 96.93 96.91 96.91 96.91 96.94 96.93 96.90 96.83 96.80 96.86 96.86 96.86 96.85 96.68 96.58 96.66 96.67 96.61 96.53 96.49 96.44 96.29 95.82 96.10 96.20 96.22 96.22 96.18 96.22 96.28 96.39 96.73 96.83 97.06 97.95 98.10 98.12 98.09 98.04 98.02 98.02 97.96 97.82 97.70 97.53 97.35 97.40 97.27 97.26 97.25 97.38 97.40 97.47 97.55 97.63 97.69 97.70 97.72 97.80 97.77 97.76 97.57 97.11 96.96 96.81 96.68 96.50 96.35 96.35 96.56 96.83 96.90 96.91 96.91 96.94 96.97 97.02 97.08 97.13 97.12 97.22 97.47 97.45 97.36 97.65
19°N ||     97.55 97.70 97.81 97.86 97.91 97.83 97.87 97.99 98.12 98.19 98.26 98.34 98.37 98.39 98.42 97.73 97.30 97.12 96.90 96.96 96.74 88.68 84.50 83.61 85.77 94.16 96.25 96.34 96.37 96.27 95.83 95.41 95.14 95.07 95.09 95.34 95.48 95.45 94.99 94.83 94.92 94.99 95.08 95.28 95.58 96.03 96.44 96.57 96.66 96.70 96.73 96.83 96.77 96.79 96.55 96.64 96.71 96.73 96.76 96.77 96.80 96.82 96.91 97.07 97.28 97.52 97.80 97.89 98.07 98.09 98.19 98.09 98.05 97.96 97.88 97.47 97.37 97.40 97.71 97.06 96.99 96.96 97.06 97.00 97.70 96.93 96.95 96.91 96.96 96.97 96.97 96.97 97.11 96.93 96.92 96.94 96.93 96.93 96.93 96.94 96.94 96.88 97.25 96.87 96.91 96.81 96.75 96.84 96.75 96.72 96.67 96.61 96.50 96.48 96.49 96.61 96.19 96.29 96.16 96.38 96.48 96.58 96.24 96.28 96.33 96.46 96.70 96.62 96.93 97.27 97.77 98.04 97.99 97.98 97.96 97.91 97.90 97.86 97.77 97.70 97.68 97.67 97.77 97.67 97.69 97.67 97.77 97.78 97.80 97.87 97.93 97.89 98.00 97.96 97.95 97.82 97.64 97.11 96.90 96.74 96.42 96.14 96.04 96.24 96.26 95.55 96.83 96.87 96.89 96.92 96.96 97.01 97.07 97.13 97.15 97.34 97.15 97.54 97.49 97.61
21°N ||     97.90 97.80 97.78 97.97 98.07 98.06 98.04 98.13 98.25 98.28 98.37 98.40 98.44 98.46 98.46 97.71 97.32 96.95 96.90 97.00 96.91 90.93 88.29 87.27 89.37 95.85 96.52 96.52 96.47 96.32 96.03 95.58 95.12 94.87 94.68 94.58 95.42 95.44 95.27 95.13 95.09 95.11 95.17 95.31 95.56 96.01 96.45 96.56 96.62 96.69 96.69 96.78 96.84 96.87 96.59 96.64 96.66 96.71 96.73 96.78 96.81 96.82 96.97 97.09 97.32 97.91 97.99 98.05 98.15 98.18 98.19 98.16 98.02 98.05 97.95 97.65 97.57 97.61 97.29 97.06 97.12 97.30 97.04 96.99 96.92 97.10 97.18 96.95 96.96 96.99 96.96 96.96 96.94 96.93 96.97 96.95 96.93 96.94 96.94 96.94 96.97 96.89 96.85 96.91 96.82 96.85 96.91 96.61 96.76 96.85 96.60 96.48 96.48 96.52 96.51 96.61 96.38 96.38 95.69 96.53 96.56 96.54 96.09 96.21 96.40 96.45 96.67 96.59 96.77 96.90 97.17 97.31 97.64 97.73 97.72 97.87 97.86 97.86 97.86 97.83 97.85 97.94 97.93 97.94 97.97 97.95 98.01 98.05 98.05 98.01 98.07 98.04 98.08 98.00 98.05 98.05 97.86 97.17 96.88 96.59 96.04 95.88 95.80 95.78 96.16 96.54 96.76 96.82 96.86 96.91 96.96 97.01 97.06 97.11 97.23 97.28 97.18 97.59 97.59 97.69
23°N ||     97.86 97.91 97.96 98.05 98.10 98.18 98.23 98.31 98.35 98.38 98.43 98.44 98.46 98.46 98.47 97.76 97.14 96.92 96.99 97.07 97.08 95.74 93.86 93.34 96.20 96.78 96.66 96.62 96.53 96.25 95.94 95.58 95.20 94.75 94.48 94.38 95.15 95.44 95.36 95.12 95.11 94.90 95.18 95.35 95.39 96.15 96.33 96.48 96.54 96.62 96.67 96.71 96.78 96.85 96.78 96.68 96.89 97.17 97.07 96.86 96.83 96.78 96.98 97.10 97.38 97.88 98.07 98.14 98.23 98.27 98.21 98.28 98.01 98.25 98.12 97.89 97.84 97.87 97.79 97.32 97.08 96.97 96.92 96.97 96.94 97.00 96.98 96.98 96.97 96.94 96.99 97.01 96.98 96.96 97.01 97.02 97.09 96.90 96.99 96.98 96.94 96.90 96.85 96.90 96.90 96.88 96.88 96.82 96.74 96.80 96.70 96.58 96.58 96.49 96.46 96.50 96.55 96.37 95.85 96.49 96.55 96.43 96.81 96.69 96.40 96.37 96.53 96.64 96.69 96.83 96.91 96.99 97.09 97.26 97.52 97.74 97.84 97.90 97.96 97.98 97.99 98.13 98.05 98.17 98.22 98.26 98.30 98.26 98.38 98.31 98.33 98.30 98.28 98.29 98.32 98.22 98.15 97.27 96.86 96.53 96.13 95.81 95.66 94.05 94.93 96.19 96.65 96.79 96.87 96.91 96.96 97.02 97.09 97.17 97.35 97.26 97.49 97.58 97.38 97.80
25°N ||     97.93 97.97 97.95 98.13 98.24 98.24 98.31 98.33 98.36 98.41 98.44 98.45 98.46 98.47 98.47 97.82 97.07 96.97 96.99 96.94 97.09 97.04 97.02 97.01 96.92 96.82 96.56 96.66 96.44 96.13 95.74 95.46 95.03 94.64 94.40 93.88 93.93 95.34 95.41 95.10 95.20 95.11 95.22 94.45 95.65 96.16 96.39 96.46 96.51 96.56 96.48 96.64 96.64 96.88 96.65 96.67 96.70 96.68 96.91 97.41 97.55 96.91 97.06 97.57 97.86 98.11 98.20 98.21 98.27 98.32 98.30 98.27 98.23 98.16 97.94 98.03 98.01 98.08 98.19 97.59 97.33 97.02 96.98 97.05 97.14 96.99 97.02 97.00 97.00 96.95 96.99 97.06 97.00 97.01 97.01 97.30 97.04 96.99 96.96 96.99 96.89 96.90 96.93 96.90 96.87 96.95 96.92 96.81 96.87 96.84 96.72 96.79 96.76 96.72 96.84 96.53 96.63 96.17 96.32 95.97 96.25 96.20 96.21 96.39 96.42 96.48 96.44 96.37 96.71 96.63 96.88 97.03 97.01 97.12 97.56 97.81 97.90 98.06 98.11 98.15 98.24 98.28 98.34 98.43 98.53 98.62 98.68 98.70 98.70 98.64 98.58 98.55 98.58 98.53 98.46 98.38 98.23 98.05 96.97 96.69 96.08 95.77 94.10 87.29 93.82 96.09 96.66 96.81 96.86 96.92 97.01 97.00 97.12 97.22 97.46 97.49 97.60 97.58 97.78 97.84
27°N ||     98.05 98.11 98.14 98.12 98.30 98.23 98.38 98.41 98.42 98.43 98.44 98.45 98.45 98.45 98.46 97.98 97.13 96.97 96.99 96.97 96.95 96.98 96.85 96.89 96.89 96.85 96.78 96.52 96.28 96.01 95.61 95.29 94.95 94.56 93.90 93.80 94.13 95.50 95.66 95.29 95.43 95.41 95.45 94.45 95.33 96.14 96.34 96.42 96.47 96.38 96.26 96.33 96.66 96.78 96.86 96.92 96.89 96.97 97.01 97.36 97.18 96.87 97.84 97.96 98.08 98.14 98.14 98.22 98.31 98.34 98.16 98.29 98.30 98.23 98.03 98.26 98.10 98.17 98.24 98.22 97.55 97.35 97.21 97.12 97.14 97.05 97.00 96.98 97.00 97.01 97.03 97.04 97.01 96.99 97.03 96.99 97.08 97.03 96.94 96.89 97.14 96.87 96.92 96.92 96.80 97.01 96.69 96.83 96.87 96.81 96.80 96.83 96.81 96.77 96.75 96.79 96.73 96.89 96.59 96.44 96.57 96.80 96.39 96.54 96.54 96.25 96.06 96.52 96.75 96.66 96.89 96.95 97.07 97.42 97.77 97.98 98.16 98.17 98.24 98.33 98.40 98.53 98.60 98.76 98.90 98.92 98.98 98.93 98.93 98.86 98.81 98.82 98.72 98.62 98.50 98.41 98.27 98.10 97.47 96.77 96.34 95.91 95.19 94.51 95.23 96.51 96.78 96.85 96.89 96.93 96.96 97.11 97.20 97.34 97.53 97.67 97.67 97.72 97.85 97.98
29°N ||     98.19 98.23 98.29 98.34 98.41 98.39 98.44 98.46 98.47 98.45 98.47 98.48 98.47 98.33 98.47 98.43 97.78 97.07 96.94 96.95 96.95 96.97 96.84 96.82 96.94 96.87 96.65 96.45 96.20 95.87 95.52 95.18 94.92 94.52 93.30 93.69 94.68 95.51 95.62 95.44 95.70 95.74 95.70 95.80 95.98 96.16 96.35 96.45 96.44 96.19 96.26 96.43 96.45 96.79 96.82 96.85 96.85 96.95 96.98 97.10 97.08 97.29 97.71 97.50 97.26 97.97 98.05 98.17 98.29 98.35 98.30 98.38 98.34 98.39 98.35 98.31 98.24 98.28 98.34 98.38 98.34 97.66 97.44 97.27 97.34 97.08 97.02 98.77 97.04 97.01 97.06 97.15 97.04 97.12 96.99 97.00 97.04 97.04 96.95 96.95 96.91 96.96 96.92 96.93 96.87 96.83 96.76 96.81 96.82 96.75 96.82 96.80 96.86 96.93 96.91 96.90 96.81 96.63 96.59 96.55 96.66 96.53 96.45 96.52 96.34 96.58 96.87 96.94 96.93 96.98 97.02 97.18 97.57 97.72 97.91 98.16 98.22 98.33 98.47 98.59 98.71 98.82 98.99 99.10 99.16 99.28 99.24 99.09 99.17 99.06 99.02 98.91 98.80 98.66 98.58 98.52 98.39 98.28 97.84 96.97 96.76 96.50 96.13 96.10 96.44 96.79 96.86 96.88 96.91 96.95 97.12 97.16 97.35 97.53 97.71 97.85 97.87 97.90 98.06 98.14
31°N ||     98.38 98.33 98.43 98.44 98.45 98.45 98.47 98.52 98.53 98.50 98.49 98.51 98.51 98.50 98.49 98.46 98.09 97.55 97.28 97.23 97.09 97.04 96.95 96.93 96.98 96.71 96.58 96.40 96.06 95.79 95.45 95.32 94.83 94.56 94.06 94.12 94.72 95.57 95.61 95.60 95.78 95.87 95.99 96.00 96.11 96.22 96.34 96.46 96.41 96.03 96.42 96.49 96.53 96.64 96.69 96.75 96.81 96.83 96.88 97.05 97.00 97.20 97.36 97.53 97.79 97.82 98.02 98.11 98.15 98.34 98.37 98.37 98.43 98.49 98.45 98.56 98.34 98.40 98.46 98.39 98.37 98.27 97.87 98.12 97.63 97.39 97.10 97.01 97.11 97.11 97.15 97.08 97.04 97.03 97.24 97.08 97.00 96.95 96.93 97.00 96.90 96.91 96.95 96.95 96.89 96.88 96.79 96.79 96.83 96.79 96.77 96.76 96.86 96.90 96.89 96.88 96.77 96.64 96.72 96.72 96.70 96.87 96.58 96.50 96.69 96.64 96.77 96.98 96.95 97.03 97.14 97.51 97.63 97.90 98.06 98.21 98.36 98.52 98.74 98.89 98.99 99.12 99.44 99.30 99.41 99.48 99.44 99.36 99.31 99.21 99.06 98.98 99.07 98.78 98.77 98.67 98.55 98.44 98.12 97.68 97.00 96.89 96.84 96.83 96.69 96.53 96.92 96.92 96.94 96.98 96.91 98.13 97.62 97.10 97.95 97.62 98.09 98.12 98.16 98.32
33°N ||     98.52 98.03 98.43 98.44 98.51 98.49 98.50 98.54 98.51 98.53 98.52 98.55 98.55 98.54 98.58 98.55 98.50 98.14 97.49 97.02 97.07 97.06 97.09 97.04 96.82 96.64 96.52 96.31 96.12 95.62 95.30 95.02 94.61 94.23 93.92 94.03 94.64 95.47 95.74 95.82 95.94 96.05 96.10 96.15 96.07 96.21 96.21 96.11 96.11 96.22 96.42 96.55 96.57 96.54 96.67 96.78 96.83 96.85 96.84 96.85 96.85 96.85 96.97 97.51 97.51 97.99 98.10 98.14 98.19 98.32 98.42 98.58 98.59 98.59 98.55 98.67 98.61 98.63 98.62 98.45 98.57 98.54 98.33 98.03 97.78 97.45 97.18 97.08 97.25 97.16 97.16 96.99 97.08 97.08 97.14 97.00 97.04 96.95 97.01 97.08 96.89 96.87 96.93 96.85 97.02 96.82 96.83 96.77 96.83 96.69 96.61 96.70 96.82 96.86 96.83 96.75 96.75 96.79 96.73 96.86 96.83 96.86 96.84 96.69 96.77 96.90 96.92 97.00 97.07 97.31 97.43 97.70 97.85 98.03 98.19 98.36 98.55 98.80 98.96 99.06 99.24 99.33 99.44 99.52 99.69 99.51 99.46 99.43 99.37 99.11 99.20 99.12 99.02 98.87 98.72 98.85 98.80 98.66 98.52 98.37 98.12 97.82 97.66 97.33 97.24 96.92 97.09 97.01 96.99 97.05 97.09 97.58 97.87 97.96 98.11 98.20 98.24 98.35 98.41 98.48
35°N ||     98.62 98.55 98.56 98.51 98.54 98.53 98.54 98.54 98.53 98.55 98.57 98.56 98.56 98.55 98.60 98.54 98.59 98.51 98.08 96.83 96.97 97.06 96.99 96.86 96.56 96.64 96.50 96.29 95.95 95.45 94.95 94.36 93.78 93.50 93.31 93.25 93.71 94.39 95.44 95.97 96.12 96.16 96.20 96.18 95.64 95.84 96.29 96.41 96.25 96.18 96.41 96.35 96.26 96.37 96.60 96.78 96.84 96.86 96.87 96.88 96.88 96.87 96.96 97.49 97.90 98.04 98.12 98.13 98.24 98.34 98.39 98.63 98.55 98.67 98.70 98.80 98.78 98.87 98.77 98.68 98.64 98.58 98.60 98.02 97.84 97.55 97.46 97.35 97.21 97.30 97.02 97.04 97.06 97.29 97.35 96.99 97.09 96.98 97.03 96.97 96.98 96.95 96.94 96.92 96.91 96.85 96.80 96.93 96.79 96.64 96.84 96.68 96.70 96.66 96.62 96.59 96.69 96.74 96.78 96.91 96.92 96.90 97.06 96.99 96.95 97.11 97.04 97.09 97.25 97.43 97.65 97.86 97.97 98.15 98.28 98.51 98.70 98.95 99.14 99.29 99.35 99.43 99.62 99.73 99.79 99.75 99.63 99.61 99.43 99.40 99.28 98.98 99.13 98.98 98.95 98.93 98.85 98.74 98.73 98.60 98.52 98.32 98.24 98.18 97.98 97.86 97.59 97.22 97.12 97.15 97.19 97.48 97.56 98.07 98.17 98.25 98.35 98.51 98.60 98.64
37°N ||     98.73 98.59 98.60 98.52 98.60 98.56 98.59 98.58 98.55 98.56 98.57 98.58 98.58 98.55 98.53 98.51 98.49 98.42 98.38 97.00 96.99 96.96 96.89 96.81 96.62 96.66 96.51 96.31 96.00 95.19 94.16 93.36 92.59 92.11 92.10 92.51 92.93 93.07 94.10 95.34 96.06 96.29 96.31 96.29 96.22 96.12 96.21 96.32 96.40 96.58 96.25 96.16 96.06 95.93 96.34 96.67 96.83 96.86 96.86 96.86 96.88 96.87 97.05 97.58 97.89 98.03 98.11 98.18 98.25 98.41 98.46 98.58 98.63 98.78 98.82 98.93 99.03 99.00 98.99 98.86 98.90 98.84 98.75 98.69 98.46 98.31 98.25 98.08 97.77 98.11 97.22 97.12 97.04 97.03 97.14 97.04 97.19 97.33 96.99 97.25 97.01 97.10 96.97 97.32 97.01 97.02 96.91 96.86 96.82 96.73 96.68 96.64 96.64 96.54 96.55 96.55 96.63 96.81 97.08 96.99 96.96 96.90 96.94 96.92 97.05 97.10 97.13 97.15 97.47 97.60 97.81 98.01 98.13 98.24 98.50 98.70 98.81 99.06 99.22 99.44 99.54 99.69 99.83 99.85 99.89 99.92 99.85 99.72 99.68 99.53 99.45 99.37 99.31 99.15 99.27 99.23 99.04 98.85 98.85 98.69 98.53 98.45 98.23 98.15 97.95 97.88 97.68 97.48 97.34 97.34 97.33 97.58 97.51 98.20 98.24 98.33 98.51 98.55 98.64 98.66
39°N ||     98.68 98.64 98.66 98.60 98.30 98.61 98.62 98.42 98.60 98.58 98.56 98.56 98.51 98.51 98.49 98.46 98.46 98.49 98.32 97.88 96.91 96.88 96.97 96.83 96.82 96.69 96.59 96.42 95.87 94.63 93.28 92.07 91.30 91.19 90.82 91.10 92.47 92.73 93.20 94.47 95.77 96.32 96.40 96.37 96.18 96.26 96.14 95.48 96.29 96.33 96.31 96.19 95.95 95.72 96.01 96.47 96.74 96.81 96.84 96.84 96.92 96.93 96.95 97.23 97.91 98.09 98.13 98.18 98.32 98.44 98.58 98.71 98.73 98.91 99.01 99.08 99.12 99.17 99.17 99.27 99.00 99.00 98.96 98.91 98.77 98.37 98.50 98.29 97.95 97.89 97.73 97.35 97.34 97.29 97.24 97.09 97.04 97.02 97.29 97.16 97.33 97.96 97.30 96.97 97.31 96.94 96.91 96.90 96.87 96.87 96.81 96.68 96.93 96.61 96.62 96.76 96.69 96.77 97.07 97.05 97.07 97.06 97.07 97.13 97.15 97.21 97.29 97.48 97.57 97.78 97.95 98.13 98.19 98.44 98.59 98.81 98.96 99.10 99.36 99.41 99.78 99.92 99.96 99.96 99.96 99.98 99.89 99.86 99.76 99.83 99.62 99.58 99.43 99.39 99.34 99.29 99.20 98.95 98.70 98.75 98.58 98.48 98.32 98.16 97.96 97.96 97.82 97.70 97.64 97.56 97.50 97.24 96.96 98.25 98.30 98.33 98.51 98.63 98.68 98.64
41°N ||     98.67 98.68 98.71 98.69 98.66 98.63 98.59 98.61 98.58 98.57 98.56 98.57 98.53 98.56 98.47 98.49 98.44 98.24 98.13 97.85 97.38 97.10 96.98 96.92 96.85 96.78 96.71 96.47 95.82 94.43 92.91 91.93 91.59 91.51 90.69 91.13 92.31 92.94 93.55 94.83 95.93 96.37 96.42 96.39 95.89 96.32 96.20 95.95 96.18 96.11 96.13 96.03 96.02 96.12 96.28 96.40 96.65 96.81 96.81 96.80 96.87 96.94 96.95 97.16 97.76 98.16 98.23 98.17 98.38 98.52 98.63 98.80 98.90 99.01 99.14 99.24 99.29 99.32 99.32 99.30 99.27 99.24 99.14 99.32 99.28 98.90 98.68 98.61 98.35 98.39 97.90 98.29 97.99 97.72 97.80 97.36 97.18 97.58 97.08 97.41 98.09 98.09 98.02 97.13 97.23 96.91 96.90 96.96 96.97 96.92 96.88 96.92 97.63 97.05 96.84 96.90 97.18 96.85 97.10 97.06 97.09 97.08 97.27 97.31 97.42 97.35 97.52 97.55 97.78 97.99 98.09 98.15 98.31 98.47 98.76 98.93 99.13 99.23 99.56 99.69 99.80 99.99 100.01 100.00 99.99 99.94 99.97 99.93 99.88 99.78 99.70 99.73 99.71 99.58 99.46 99.33 99.22 99.13 98.97 98.82 98.64 98.45 98.35 98.21 98.03 98.03 97.97 97.88 97.88 97.72 97.13 97.33 97.17 98.13 98.30 98.43 98.47 98.62 98.62 98.70
43°N ||     98.68 98.74 98.74 98.70 98.67 98.66 98.63 98.61 98.59 98.60 98.57 98.62 98.58 98.59 98.49 98.46 98.36 98.21 97.93 97.55 97.26 97.10 97.00 96.94 96.89 96.84 96.76 96.66 96.26 95.38 94.05 92.90 92.35 92.17 92.05 92.22 92.87 93.29 95.13 96.11 96.49 96.57 96.49 96.47 96.48 96.15 96.35 95.87 96.14 96.17 96.11 96.22 95.75 96.16 96.52 96.45 96.55 96.75 96.83 96.90 96.89 96.90 96.95 97.20 97.75 98.21 98.37 98.42 98.51 98.64 98.83 98.94 99.14 99.21 99.57 99.33 99.43 99.37 99.45 99.46 99.41 99.39 99.24 99.27 99.31 99.05 98.97 98.71 98.64 98.67 98.54 98.45 98.43 98.28 98.05 97.68 97.52 97.39 97.87 97.99 98.18 98.07 97.56 97.96 97.54 97.90 97.72 97.87 96.91 96.89 96.85 97.14 96.89 96.82 97.24 97.26 97.15 97.09 97.13 97.20 97.23 97.24 97.60 97.89 97.56 97.55 97.61 97.87 98.02 98.09 98.05 98.30 98.33 98.56 98.79 99.05 99.22 99.26 99.54 99.74 99.90 99.98 99.93 99.79 99.99 99.93 99.89 99.80 99.95 99.66 99.71 99.68 99.60 99.55 99.56 99.42 99.28 99.22 98.90 98.82 98.63 98.46 98.26 98.20 98.13 98.07 97.97 98.02 98.00 97.81 97.54 97.32 97.06 98.07 98.42 98.42 98.60 98.63 98.69 98.75
45°N ||     98.80 98.80 98.75 98.75 98.73 98.70 98.67 98.62 98.60 98.63 98.62 98.56 98.55 98.51 98.49 98.37 98.22 98.02 97.74 97.48 97.21 97.08 97.01 96.96 96.93 96.90 96.86 96.79 96.63 96.22 95.78 95.37 95.21 93.65 92.93 92.76 93.46 94.92 95.82 96.38 96.59 96.65 96.65 96.68 96.73 96.77 96.79 96.70 96.35 96.10 95.76 96.10 96.52 96.49 96.48 96.59 96.83 96.79 96.83 96.91 96.95 97.04 97.13 97.38 97.79 98.29 98.36 98.54 98.67 98.81 98.91 99.15 99.25 99.37 99.36 99.55 99.54 99.55 99.66 99.66 99.49 99.54 99.48 99.44 99.35 99.27 99.05 99.11 99.00 98.78 98.74 98.84 98.59 98.47 98.43 98.35 98.00 97.80 98.17 98.16 97.78 97.52 97.33 98.02 97.52 97.92 97.96 97.98 97.57 97.19 96.99 97.25 97.13 97.06 97.28 97.13 97.05 97.24 97.28 97.36 97.33 97.53 97.63 97.79 97.79 97.88 97.91 97.94 98.10 98.17 98.26 98.29 98.53 98.65 98.98 99.15 99.33 99.51 99.59 99.75 99.87 100.00 99.99 100.00 99.97 99.86 99.90 99.92 99.88 99.85 99.74 99.80 99.74 99.50 99.58 99.53 99.37 99.16 98.84 98.71 98.62 98.38 98.25 98.20 98.18 98.15 98.14 98.14 98.13 98.07 97.96 97.67 97.22 98.22 98.24 98.32 98.53 98.73 98.73 98.80
47°N ||     98.82 98.80 98.80 98.73 98.72 98.71 98.67 98.68 98.60 98.68 98.65 98.59 98.58 98.50 98.37 98.32 98.08 97.92 97.70 97.47 97.22 97.13 97.06 97.02 96.99 96.95 96.91 96.89 96.85 96.77 96.68 96.63 96.63 96.61 96.03 95.88 96.32 96.49 96.53 96.56 96.64 96.68 96.67 96.69 96.76 96.80 96.81 96.80 96.28 96.15 96.45 96.63 96.83 96.75 96.78 96.90 96.84 97.14 96.84 96.90 96.98 97.10 97.39 97.83 98.18 98.39 98.53 98.62 98.87 98.94 99.14 99.28 99.35 99.46 99.51 99.49 99.40 99.24 99.68 99.70 99.64 99.70 99.60 99.57 99.47 99.42 99.39 99.32 99.21 99.10 98.99 98.94 98.90 98.81 98.56 98.61 98.43 98.32 98.32 98.35 98.23 98.15 98.34 98.09 97.82 98.03 97.72 97.72 97.93 97.57 97.26 97.45 97.50 97.60 97.63 97.13 97.30 97.40 97.47 97.63 97.65 97.73 97.90 97.80 97.99 98.01 98.02 98.06 98.17 98.23 98.41 98.47 98.64 98.78 99.39 99.44 99.35 99.47 99.61 99.73 99.86 99.99 99.99 99.94 99.95 99.91 99.88 99.87 99.77 99.89 99.84 99.81 99.68 99.67 99.66 99.47 99.28 99.08 98.93 98.22 98.36 98.55 98.37 98.35 98.30 98.26 98.27 98.21 98.24 98.23 98.20 98.05 98.12 98.20 98.30 98.50 98.55 98.69 98.74 98.83
49°N ||     98.86 98.83 98.82 98.76 98.79 98.78 98.74 98.73 98.68 98.67 98.68 98.60 98.57 98.44 98.31 98.19 97.99 97.86 97.70 97.51 97.33 97.24 97.14 97.08 97.02 96.98 96.96 96.94 96.92 96.90 96.88 96.86 96.84 96.82 96.80 96.81 96.81 96.80 96.74 96.69 96.69 96.73 96.73 96.65 96.71 96.76 96.77 96.77 96.89 96.49 97.17 97.36 97.52 97.23 97.17 96.91 96.92 96.92 97.30 96.94 97.10 97.35 97.79 98.13 98.23 98.55 98.72 98.90 98.95 99.20 99.23 99.35 99.47 99.51 99.56 99.58 99.64 99.75 99.81 99.80 99.81 99.74 99.72 99.67 99.64 99.56 99.55 99.39 99.34 99.28 99.20 99.09 98.92 98.83 98.75 98.75 98.61 98.63 98.62 98.55 98.30 98.43 98.13 98.22 100.65 98.59 97.80 98.11 98.00 97.73 97.61 97.72 97.65 97.62 97.47 97.74 97.68 97.75 97.82 97.78 97.80 97.86 97.99 97.98 97.98 98.06 98.03 98.13 98.20 98.32 98.48 98.61 98.76 98.94 99.30 99.40 99.34 99.53 99.54 99.72 99.82 99.89 99.95 99.95 99.90 99.92 99.89 99.88 99.82 99.70 99.87 99.75 99.63 99.54 99.54 99.32 99.21 99.01 98.94 98.31 98.17 98.62 98.48 98.44 98.43 98.39 98.41 98.38 98.30 98.37 98.31 98.34 97.90 98.14 98.61 98.57 98.56 98.79 98.92 98.80
51°N ||     98.88 98.88 98.83 98.83 98.84 98.84 98.74 98.71 98.73 98.70 98.64 98.55 98.48 98.39 98.26 98.12 97.95 97.77 97.65 97.51 97.27 97.29 97.18 97.10 97.07 97.04 97.01 96.98 96.96 96.95 96.93 96.91 96.89 96.87 96.87 96.88 96.86 96.85 96.81 96.77 96.75 96.76 96.77 96.79 96.77 96.81 96.87 96.93 97.09 97.21 97.37 97.52 97.70 97.80 97.82 97.45 96.99 96.95 97.01 97.29 97.52 97.88 98.13 98.50 98.53 98.70 98.84 99.02 99.17 99.28 99.44 99.57 99.65 99.67 99.74 99.78 99.81 99.71 100.02 100.10 99.86 99.84 99.89 99.59 99.77 99.68 99.54 99.50 99.55 99.42 99.38 99.29 99.17 99.06 98.97 98.90 98.81 98.62 98.79 98.64 98.61 98.58 98.17 99.93 100.59 98.40 97.59 98.13 98.07 97.94 97.94 97.91 97.89 97.93 98.03 97.90 97.94 97.91 97.99 98.01 97.99 98.05 98.01 98.02 98.08 98.09 98.06 98.17 98.24 98.33 98.44 98.62 98.81 98.95 99.14 99.17 99.40 99.48 99.64 99.72 99.80 99.86 99.97 99.94 99.96 99.94 99.86 99.92 99.89 99.82 99.79 99.67 99.66 99.45 99.22 99.28 99.16 99.03 98.94 98.86 98.75 98.69 98.62 98.54 98.52 98.53 98.46 98.50 98.44 98.43 98.41 98.45 98.36 98.58 98.60 98.51 98.62 98.81 98.94 98.92
53°N ||     98.90 98.86 98.91 98.91 98.89 98.86 98.81 98.76 98.72 98.61 98.63 98.56 98.44 98.33 98.19 98.00 97.75 97.76 97.70 97.57 97.47 97.39 97.27 97.20 97.13 97.10 97.06 97.02 97.01 96.98 96.96 96.95 96.93 96.92 96.93 96.92 96.92 96.89 96.86 96.83 96.81 96.81 96.82 96.84 96.87 96.92 96.95 97.02 97.13 97.33 97.53 97.66 97.77 97.87 97.95 98.03 97.33 97.56 97.19 97.87 98.38 98.50 98.62 98.69 98.80 98.94 99.15 99.27 99.39 99.46 99.66 99.74 99.78 99.83 99.90 99.97 99.99 99.96 100.04 100.00 99.93 99.99 99.93 99.98 99.87 100.00 99.92 99.72 99.68 99.52 99.52 99.44 99.31 99.25 99.10 98.99 99.01 99.22 98.85 98.81 98.64 98.62 98.49 98.36 98.06 98.08 98.05 98.27 98.15 98.20 98.13 98.13 98.05 98.12 98.10 98.08 98.15 98.21 98.11 98.18 98.12 98.09 98.01 98.06 98.10 98.06 98.06 98.18 98.24 98.31 98.49 98.65 98.78 98.92 98.91 99.11 99.24 99.40 99.44 99.54 99.57 99.68 99.69 99.80 99.83 99.84 99.78 99.79 99.66 99.66 99.67 99.66 99.47 99.31 99.24 99.12 99.17 99.05 98.97 98.89 98.81 98.72 98.67 98.64 98.62 98.58 98.61 98.59 98.38 98.48 98.44 98.55 98.53 98.54 98.59 98.73 98.87 98.88 98.95 98.97
55°N ||     99.02 98.99 98.92 98.84 98.87 98.74 98.77 98.78 98.73 98.67 98.64 98.52 98.46 98.33 98.27 98.05 99.47 97.69 97.76 97.69 97.60 97.49 97.42 97.37 97.25 97.17 97.12 97.07 97.04 97.02 97.01 97.00 96.98 96.99 96.98 96.98 96.96 96.95 96.93 96.91 96.89 96.89 96.87 96.88 96.91 96.96 97.03 97.59 97.47 97.67 97.75 97.78 98.07 97.94 98.06 98.19 98.30 98.35 98.55 98.67 98.77 98.87 99.04 99.12 99.25 99.36 99.41 99.52 99.59 99.70 99.83 99.90 99.94 100.02 100.07 100.03 100.07 100.09 100.14 100.23 100.03 100.06 100.09 100.03 100.12 99.98 99.84 99.82 99.69 99.69 99.62 99.58 99.46 99.35 99.17 99.13 99.10 99.07 98.99 98.88 98.82 98.73 98.60 98.60 98.54 98.42 98.35 98.35 98.36 98.29 98.29 98.29 98.23 98.30 98.24 98.31 98.39 98.36 98.35 98.31 98.19 98.16 98.11 98.09 98.03 98.06 98.19 98.27 98.28 98.34 98.48 98.63 98.73 98.77 98.90 99.05 99.16 99.27 99.29 99.36 99.42 99.49 99.52 99.61 99.64 99.59 99.61 99.61 99.39 99.42 99.50 99.39 99.37 99.23 99.15 99.21 99.01 99.09 99.04 98.84 98.78 98.75 98.72 98.73 98.65 98.66 98.62 98.55 98.52 98.59 98.61 98.47 98.53 98.53 98.69 98.83 98.90 98.99 99.05 99.07
57°N ||     99.06 99.05 99.01 98.96 98.98 98.88 98.81 98.76 98.74 98.74 98.61 98.52 98.51 98.38 98.28 98.23 97.88 97.92 97.81 97.80 97.72 97.65 97.56 97.48 97.42 97.34 97.24 97.16 97.16 97.11 97.10 97.08 97.06 97.07 97.06 97.06 97.05 97.03 97.02 96.97 96.96 96.94 96.94 96.94 96.97 97.04 97.15 97.30 97.57 97.70 97.81 97.88 97.96 98.07 98.20 98.34 98.47 98.63 98.78 98.91 99.15 99.23 99.31 99.37 99.47 99.52 99.62 99.72 99.78 99.91 99.94 100.40 100.13 100.15 100.18 100.24 100.23 100.19 100.21 100.20 100.18 100.30 100.10 100.12 99.58 100.80 99.94 99.88 99.85 99.75 99.76 99.60 99.53 99.46 99.41 99.27 99.25 99.14 99.06 98.90 98.89 98.83 98.68 98.56 98.50 98.51 98.49 98.41 98.51 98.45 98.41 98.47 98.53 98.52 98.51 98.54 98.59 98.53 98.46 98.32 98.26 98.27 98.23 98.17 98.17 98.20 98.16 98.24 98.31 98.35 98.49 98.55 98.68 98.69 98.76 98.87 99.04 99.11 99.16 99.12 99.29 99.25 99.37 99.47 99.48 99.44 99.42 99.45 99.41 99.33 99.39 99.33 99.35 99.33 99.19 99.22 99.12 99.15 99.10 98.97 98.89 98.90 98.80 98.77 98.74 98.68 98.68 98.65 98.55 98.65 98.64 98.59 98.77 98.70 98.72 98.85 98.98 98.98 99.03 99.05
59°N ||     99.06 99.08 99.06 98.94 99.01 98.98 98.78 98.88 98.86 98.85 98.77 98.68 98.58 98.51 98.38 98.24 98.25 98.13 98.05 97.97 97.89 97.80 97.69 97.61 97.60 97.55 97.51 97.44 97.39 97.34 97.30 97.23 97.21 97.22 97.27 97.21 97.20 97.20 97.13 97.08 97.06 97.05 97.05 97.11 97.16 97.31 97.44 97.58 97.74 97.85 97.94 98.09 98.15 98.26 98.40 98.50 98.66 98.81 98.96 99.17 99.41 99.30 99.59 99.66 99.69 99.76 99.87 99.94 99.99 100.00 100.12 100.13 100.19 100.28 100.31 100.33 100.29 100.38 100.43 100.40 100.30 100.28 100.29 100.22 100.19 100.16 100.11 100.07 100.00 99.84 99.72 99.74 99.61 99.59 99.36 99.41 99.37 99.28 99.11 99.05 98.96 98.91 98.87 98.81 98.80 98.74 98.60 98.60 98.62 98.65 98.72 98.74 98.72 98.72 98.64 98.70 98.69 98.69 98.53 98.46 98.43 98.38 98.27 98.29 98.22 98.23 98.20 98.26 98.32 98.35 98.45 98.44 98.62 98.76 98.73 98.64 98.84 98.91 98.89 99.05 99.15 99.03 99.18 99.27 99.27 99.20 99.27 99.26 99.27 99.27 99.26 99.29 99.28 99.21 99.20 99.24 99.21 99.11 99.11 99.03 99.06 98.95 98.91 98.83 98.80 98.74 98.61 98.64 98.62 98.68 98.73 98.76 98.82 98.81 98.86 98.91 98.99 99.09 98.95 99.04
61°N ||     99.08 99.09 99.07 99.07 99.04 99.08 98.99 98.92 98.95 98.82 98.76 98.75 98.68 98.58 98.48 98.41 98.33 98.26 98.19 98.09 98.00 97.97 97.91 97.85 97.78 97.76 97.70 97.66 97.62 97.61 97.59 97.55 97.57 97.56 97.53 97.50 97.48 97.50 97.46 97.72 97.41 97.41 97.42 97.46 97.50 97.57 97.65 97.76 97.93 98.04 98.09 98.30 98.44 98.55 98.66 98.81 98.94 99.07 99.21 99.32 99.52 99.70 99.78 99.85 99.95 100.37 99.91 100.14 100.18 100.21 100.32 100.22 100.32 100.47 100.54 100.52 100.49 100.52 100.43 100.47 100.42 100.42 100.37 100.38 100.30 100.26 100.17 100.11 100.01 99.93 99.83 99.77 99.73 99.62 99.60 99.58 99.40 99.31 99.28 99.15 99.11 99.03 98.93 98.91 98.88 98.90 98.77 98.83 98.81 98.87 98.85 98.86 98.88 98.87 98.78 98.84 98.77 98.76 98.71 98.56 98.61 98.58 98.28 98.39 98.35 98.31 98.25 98.22 98.27 98.36 98.36 98.41 98.48 98.15 98.51 98.68 98.72 98.70 98.85 98.93 98.99 98.85 99.07 99.12 99.13 99.02 99.11 99.09 99.16 99.20 99.16 99.21 99.16 99.11 99.17 99.18 99.13 99.10 99.12 99.05 99.01 99.03 98.96 98.93 98.90 98.73 98.83 98.81 98.73 98.79 98.77 98.85 98.90 98.88 98.97 98.99 98.95 99.07 99.05 98.98
63°N ||     99.22 99.09 99.08 99.81 99.10 99.13 99.12 99.08 99.04 99.00 98.94 98.82 98.80 98.69 98.65 98.61 98.53 98.48 98.34 98.22 98.03 98.17 98.12 98.07 98.03 98.01 97.95 97.95 97.94 97.89 97.87 97.82 97.81 97.77 97.74 97.71 97.69 97.71 97.70 97.68 97.67 97.71 97.72 97.76 97.84 97.89 97.97 98.03 98.17 98.29 98.46 98.59 98.73 98.88 99.06 99.15 99.26 99.39 99.54 99.59 99.72 99.87 100.01 100.13 100.14 100.19 100.35 100.34 100.34 100.35 100.44 100.41 100.50 100.51 100.55 100.62 100.58 100.51 100.50 100.54 100.52 100.50 100.41 100.34 100.29 100.05 100.10 100.05 100.02 99.97 99.93 99.83 99.71 99.65 99.69 99.42 99.37 99.38 99.32 99.24 99.21 99.13 99.05 99.05 99.05 99.01 99.00 99.00 98.98 98.95 99.00 98.97 99.02 98.96 98.93 98.90 98.88 98.80 98.86 98.78 98.70 98.67 98.65 98.56 98.50 98.45 98.37 98.34 98.32 98.32 98.34 98.40 98.45 98.47 98.53 98.63 98.68 98.69 98.79 98.67 98.88 98.74 98.92 99.00 98.90 99.03 99.03 99.04 99.08 99.09 99.07 99.08 99.17 99.17 99.16 99.13 99.14 99.09 99.13 99.14 99.10 99.06 99.08 99.05 98.94 98.99 98.99 99.01 98.83 98.90 98.93 98.97 98.89 99.02 99.09 99.13 99.10 99.14 99.16 99.17
65°N ||     99.25 99.36 99.25 99.32 99.30 99.25 99.21 99.22 99.00 99.08 99.01 99.00 98.99 98.95 99.08 98.78 98.73 98.67 98.55 98.60 98.54 98.44 98.41 98.37 98.33 98.30 98.19 98.23 98.20 98.17 98.12 98.07 98.06 98.02 97.97 97.92 97.92 97.92 97.89 97.88 97.89 97.93 97.99 98.05 98.13 98.21 98.28 98.39 98.47 98.58 98.70 98.74 98.98 99.19 99.34 99.51 99.67 99.84 99.92 99.97 100.02 100.16 100.23 100.22 100.36 100.41 100.44 100.37 100.44 100.51 100.43 100.47 100.57 100.59 100.60 100.63 100.63 100.58 100.59 100.57 100.59 100.50 100.44 100.15 101.13 102.81 99.52 100.00 100.08 99.97 100.00 99.83 99.85 99.68 99.66 99.57 99.48 99.45 99.43 99.37 99.28 99.26 99.21 99.08 99.17 99.05 99.03 99.07 99.05 99.03 99.08 99.07 99.11 99.03 98.91 98.92 99.03 98.91 98.88 98.94 98.89 98.82 98.80 98.64 98.62 98.48 98.51 98.44 98.43 98.32 98.41 98.40 98.40 98.43 98.51 98.50 98.58 98.61 98.57 98.68 98.76 98.76 98.84 98.87 98.81 98.94 98.94 98.97 98.96 98.99 99.04 99.06 99.06 99.10 98.95 99.13 99.11 99.18 99.16 99.16 99.08 99.08 99.18 99.17 99.08 99.19 99.18 99.03 99.14 99.06 99.18 99.17 99.14 99.15 99.16 99.22 99.12 99.14 99.29 99.02
67°N ||     99.47 99.45 99.49 99.45 99.41 99.50 99.44 99.37 99.40 99.34 99.18 99.20 99.24 99.11 99.12 99.05 99.03 98.99 98.95 98.93 98.76 98.80 98.68 98.62 98.60 98.49 98.58 98.54 98.46 98.43 98.40 98.32 98.33 98.25 98.49 98.16 98.16 98.15 98.12 98.14 98.17 98.21 98.31 98.34 98.41 98.51 98.62 98.75 98.85 98.98 99.13 99.30 99.44 99.62 99.80 99.96 100.14 100.26 100.40 100.53 100.59 100.58 100.52 100.49 100.51 100.53 100.50 100.55 100.63 100.60 100.64 100.65 100.62 100.69 100.69 100.64 100.61 100.51 100.67 100.62 100.59 100.53 100.38 100.32 100.31 100.16 100.13 100.15 100.09 100.11 100.00 99.91 99.89 99.78 99.73 99.63 99.58 99.53 99.48 99.36 99.29 99.33 99.28 99.16 99.18 99.17 99.18 99.12 99.07 98.97 99.01 99.14 99.19 99.12 99.08 99.09 98.98 99.05 99.03 99.01 98.97 98.86 98.90 98.85 98.78 98.73 98.72 98.60 98.53 98.52 98.47 98.41 98.42 98.42 98.35 98.51 98.53 98.57 98.33 98.64 98.70 98.78 98.81 98.77 98.81 98.83 98.70 98.93 98.93 98.97 98.95 99.07 99.05 99.10 99.13 99.13 99.15 99.18 99.19 99.25 99.12 99.14 99.16 99.23 99.22 99.22 99.33 99.33 99.34 99.29 99.35 99.30 99.39 99.38 99.27 99.31 99.32 99.44 99.41 99.45
69°N ||     99.45 99.63 99.63 99.58 99.60 99.60 99.56 99.59 99.45 99.61 99.49 99.46 99.42 99.44 99.27 99.19 99.18 99.27 99.29 99.18 99.19 99.16 99.12 99.08 98.95 98.92 98.61 98.86 98.84 98.68 98.80 98.62 98.65 98.54 98.45 98.39 98.42 98.41 98.42 98.43 98.44 98.55 98.62 98.70 98.78 98.89 99.08 99.24 99.42 99.55 99.64 99.74 99.80 99.93 100.03 100.16 100.25 100.30 100.42 100.48 100.50 100.54 100.54 100.54 100.51 100.56 100.59 100.61 100.57 100.65 100.68 100.66 100.74 100.72 100.59 100.67 100.66 100.58 100.59 100.56 100.49 100.45 100.48 100.40 100.26 100.28 100.13 100.08 100.04 99.99 99.98 99.90 99.79 99.78 99.76 99.57 99.60 99.58 99.52 99.48 99.45 99.42 99.38 99.27 99.28 99.34 99.29 99.24 99.22 99.25 99.02 99.06 99.16 99.15 99.19 99.14 99.08 99.11 99.10 99.00 98.94 98.98 98.95 98.95 98.83 98.81 98.80 98.77 98.73 98.69 98.64 98.56 98.55 98.49 98.44 98.40 98.46 98.57 98.64 98.62 98.66 98.67 98.72 98.72 98.74 98.76 98.80 98.86 98.86 98.85 98.94 98.89 98.97 99.05 99.12 99.17 99.14 99.20 99.36 99.30 99.26 99.26 99.27 99.36 99.36 99.42 99.44 99.50 99.47 99.43 99.42 99.51 99.54 99.58 99.69 99.63 99.58 99.60 99.55 99.50
71°N ||     99.77 99.85 99.90 99.79 99.73 99.81 100.12 99.66 99.75 99.76 99.61 99.66 99.68 99.61 99.70 99.72 99.69 99.60 99.74 99.48 99.37 99.49 99.48 99.41 99.31 99.26 99.18 99.08 99.13 98.99 99.02 99.04 99.05 98.90 99.00 99.01 98.89 98.89 98.91 98.92 98.87 99.03 99.09 99.14 99.25 99.32 99.44 99.60 99.69 99.82 99.92 99.99 100.01 99.99 100.08 100.11 100.15 100.20 100.26 100.27 100.25 100.33 100.35 100.40 100.55 100.48 100.51 100.56 100.68 100.61 100.66 100.64 100.64 100.70 100.63 100.57 100.58 100.62 100.58 100.51 100.46 100.44 100.40 100.32 100.24 100.21 100.16 100.14 100.08 99.96 99.84 99.76 99.80 99.81 99.70 99.69 99.63 99.60 99.56 99.50 99.42 99.36 99.32 99.29 99.35 99.37 99.34 99.27 99.29 99.26 99.32 99.24 99.21 99.21 99.15 99.20 99.12 99.10 99.01 99.09 98.96 99.05 99.02 98.91 98.92 98.92 98.90 98.90 98.86 98.79 98.76 98.78 98.73 98.71 98.63 98.65 98.61 98.58 98.55 98.53 98.48 98.47 98.52 98.57 98.63 98.68 98.76 98.80 98.90 98.88 98.97 98.97 98.96 99.00 99.10 99.08 99.22 99.30 99.35 99.39 99.42 99.34 99.48 99.50 99.52 99.60 99.57 99.62 99.49 99.66 99.65 99.63 99.55 99.68 99.71 99.75 99.84 99.68 99.77 99.74
73°N ||     99.99 100.06 100.06 99.99 99.91 100.07 100.08 100.02 100.01 100.06 100.13 100.01 100.02 99.89 100.13 99.94 99.90 99.86 99.78 99.76 99.80 99.52 99.53 99.60 99.49 99.61 99.49 99.89 99.66 99.55 99.62 99.45 99.37 99.32 99.22 99.30 99.21 99.24 99.28 99.37 99.42 99.49 99.53 99.57 99.66 99.72 99.75 99.80 99.86 99.93 100.02 100.17 100.12 100.14 100.14 100.13 100.09 100.09 100.04 100.11 100.17 100.22 100.27 100.27 100.33 100.41 100.45 100.43 100.43 100.48 100.57 100.64 100.64 100.53 100.60 100.62 100.63 100.54 100.47 100.37 100.38 100.32 100.27 100.21 100.23 100.20 100.14 100.08 100.00 99.99 99.90 99.71 99.71 99.70 99.68 99.54 99.56 99.54 99.49 99.51 99.45 99.44 99.39 99.24 99.34 99.34 99.26 99.23 99.22 99.16 99.22 99.23 99.27 99.25 99.20 99.25 99.26 99.18 99.08 99.02 99.07 99.14 99.11 99.01 98.99 98.96 98.92 98.97 98.87 98.86 98.83 98.80 98.82 98.77 98.80 98.77 98.73 98.69 98.68 98.70 98.73 98.76 98.79 98.81 98.84 98.87 98.89 98.91 98.97 99.00 98.98 99.06 99.06 99.11 99.12 99.12 99.26 99.32 99.36 99.34 99.48 99.48 99.43 99.55 99.64 99.70 99.62 99.71 99.80 99.84 99.33 100.71 99.53 98.49 99.79 99.86 100.00 99.96 99.78 99.90
75°N ||     100.07 100.19 100.11 100.16 100.16 100.29 100.10 100.20 100.22 100.20 100.26 100.15 100.16 100.27 100.16 100.21 100.20 99.97 100.06 100.10 100.02 100.13 100.18 100.26 100.07 99.86 99.90 99.90 99.61 99.70 99.72 99.65 99.80 99.85 99.92 99.73 99.66 99.68 99.57 99.71 99.68 99.73 99.84 99.82 99.82 99.75 99.85 99.91 99.95 100.06 100.12 100.14 100.14 100.16 100.18 100.31 100.16 100.15 100.19 100.22 100.31 100.37 100.41 100.42 100.43 100.40 100.38 100.40 100.46 100.37 100.50 100.51 100.52 100.52 100.49 100.54 100.46 100.45 100.34 100.37 100.29 100.28 100.20 100.35 100.14 100.05 99.99 99.92 99.90 99.90 99.81 99.78 99.73 99.66 99.66 99.63 99.72 99.51 99.46 99.42 99.39 99.38 99.37 99.31 99.33 99.34 99.34 99.30 99.23 99.30 99.25 99.21 99.27 99.27 99.25 99.22 99.20 99.23 99.13 99.14 99.13 99.11 99.04 99.15 99.15 99.12 99.01 99.00 99.00 98.92 99.00 98.97 98.99 98.95 98.87 98.91 98.88 98.88 98.88 98.88 98.87 98.94 98.96 98.84 98.92 98.98 99.03 99.05 99.01 99.02 99.07 99.13 99.16 99.19 99.23 99.24 99.28 99.38 99.42 99.48 99.49 99.57 99.59 99.68 99.71 99.70 99.71 99.76 99.81 99.87 99.88 99.94 99.87 100.14 100.16 100.18 100.19 100.18 100.12 100.03
77°N ||     100.33 100.18 99.89 99.75 99.92 100.25 100.12 99.67 99.70 100.16 100.27 100.26 100.29 100.24 100.22 100.02 99.68 99.72 99.60 99.97 99.73 99.85 100.32 100.63 100.14 99.93 99.91 100.06 99.98 99.96 99.94 99.94 99.99 99.88 99.51 99.85 99.73 99.83 99.79 99.74 99.92 99.89 99.79 99.79 99.89 99.97 100.01 100.05 100.10 100.13 100.15 100.19 100.04 100.26 100.30 100.35 100.38 100.38 100.38 100.39 100.43 99.69 99.72 100.17 100.32 100.30 100.30 100.33 100.26 100.26 100.33 100.36 100.36 100.37 100.32 100.33 100.30 100.31 100.35 100.32 100.26 100.14 100.12 100.09 100.07 100.00 99.85 99.83 99.91 99.85 99.86 99.80 99.71 99.60 99.58 99.62 99.62 99.59 99.53 99.49 99.46 99.46 99.40 99.48 99.39 99.37 99.37 99.35 99.34 99.33 99.32 99.30 99.26 99.19 99.19 99.19 99.24 99.16 99.17 99.07 99.12 99.16 99.17 99.19 99.18 99.20 99.16 99.14 99.11 99.06 99.10 99.05 99.01 98.95 98.67 98.90 99.00 99.02 99.05 99.04 99.00 99.01 99.02 99.02 99.04 99.03 99.09 99.05 99.09 99.05 99.13 99.19 99.18 99.23 99.29 99.32 99.36 99.38 99.35 99.43 99.46 99.54 99.64 99.71 99.73 99.74 99.79 99.88 99.89 99.85 99.94 99.86 99.92 100.01 99.97 100.20 100.32 100.28 100.19 100.27
79°N ||     100.02 99.87 99.87 99.98 100.00 99.95 99.89 99.88 99.92 99.89 99.90 99.71 99.99 99.93 99.96 100.05 100.04 100.08 100.08 100.01 99.98 100.10 100.07 100.09 100.14 100.18 100.08 99.83 99.90 99.78 99.84 99.88 99.91 99.92 99.86 99.93 99.88 99.99 99.97 99.96 99.97 100.00 100.00 99.95 99.88 99.91 99.95 100.00 100.03 100.12 100.19 100.15 100.19 100.24 100.29 100.30 100.26 100.32 100.40 100.40 100.45 100.48 100.46 100.48 100.43 100.43 100.51 100.46 100.35 100.30 100.23 100.20 100.12 100.15 100.16 99.98 99.93 99.98 100.09 100.11 99.98 100.04 99.86 99.34 99.64 99.99 98.75 98.97 99.68 98.30 98.75 99.31 98.98 98.55 99.15 98.37 98.53 99.23 98.95 98.58 98.71 98.80 98.93 99.34 99.38 99.30 99.35 99.36 99.38 99.35 99.34 99.33 99.32 99.31 99.25 99.27 99.25 99.25 99.23 99.01 99.59 99.00 99.19 99.17 99.14 99.19 99.16 99.13 99.14 99.16 99.17 99.18 99.16 99.17 99.17 99.18 99.20 99.20 99.15 99.18 99.16 99.12 99.06 99.09 99.11 99.03 98.94 98.96 99.02 99.09 99.13 99.10 99.20 99.27 99.27 99.36 99.33 99.41 99.39 99.41 99.46 99.54 99.58 99.67 99.69 99.75 99.72 99.72 99.76 99.90 99.90 99.93 99.94 99.99 100.01 99.95 99.93 100.09 100.09 100.05
81°N ||     99.02 99.03 99.06 99.12 99.06 99.06 99.09 99.07 99.08 99.10 99.12 99.14 99.16 99.18 99.22 99.24 99.24 99.27 99.26 99.29 99.29 99.32 99.34 99.38 99.41 99.48 99.57 99.68 99.67 99.75 99.85 99.75 99.76 99.96 99.41 99.40 99.20 99.50 98.85 99.00 99.23 99.35 99.82 99.83 99.86 99.94 100.03 99.98 99.78 99.72 99.14 99.08 98.90 99.13 99.68 99.29 99.22 99.20 99.20 99.32 99.98 99.77 99.83 99.82 99.91 99.98 100.08 99.70 99.53 99.22 99.24 99.27 98.76 99.02 98.81 98.50 98.28 98.48 98.24 98.02 97.98 97.69 97.74 97.58 97.58 97.65 97.42 97.40 97.41 97.32 97.39 97.51 97.25 97.25 97.52 97.31 97.35 97.17 97.17 97.20 97.51 97.60 97.58 97.58 97.63 97.71 97.38 98.20 98.28 98.98 98.92 98.29 98.54 99.20 98.84 98.94 98.65 98.79 99.06 98.45 98.51 98.42 98.52 98.57 98.84 99.21 98.67 98.77 98.78 98.77 98.85 98.83 98.83 98.87 98.89 98.92 99.01 99.12 99.23 99.23 99.24 99.24 99.25 99.22 99.24 99.18 99.20 99.23 99.25 99.32 99.33 99.37 99.38 99.41 99.40 99.39 99.40 99.44 99.46 99.42 99.43 99.46 99.50 99.50 99.50 99.50 99.47 99.44 99.43 99.34 99.25 99.27 99.25 99.24 99.22 99.16 99.10 99.05 99.04 99.03
83°N ||     98.62 98.63 98.63 98.62 98.62 98.61 98.62 98.63 98.64 98.66 98.68 98.71 98.72 98.75 98.77 98.81 98.85 98.85 98.93 98.93 98.97 98.97 98.97 98.96 98.95 98.88 99.04 99.00 98.95 98.33 98.21 98.00 98.28 98.39 98.02 98.23 97.96 97.99 98.00 97.91 97.77 97.91 97.68 97.56 97.57 97.74 97.71 97.66 97.74 97.82 97.96 98.10 98.35 98.46 98.06 98.17 97.97 97.84 97.82 97.97 97.84 98.54 98.45 99.29 99.47 99.67 99.84 99.96 99.94 99.59 99.29 98.93 98.62 98.41 98.31 98.10 97.98 97.86 97.78 97.72 97.67 97.60 97.55 97.51 97.45 97.39 97.36 97.31 97.29 97.29 97.29 97.28 97.27 97.25 97.22 97.20 97.17 97.16 97.15 97.14 97.13 97.12 97.10 97.09 97.08 97.08 97.07 97.07 97.08 97.13 97.26 97.43 97.38 97.44 97.28 97.41 97.62 97.68 97.55 97.44 97.38 97.42 97.68 97.50 97.58 97.45 97.56 97.60 97.51 97.57 97.42 97.46 97.58 97.77 97.69 97.67 97.72 97.56 97.65 97.67 97.81 98.15 98.23 98.36 98.81 98.76 99.08 99.28 99.32 99.29 99.26 99.24 99.24 99.25 99.31 99.34 99.32 99.31 99.24 99.20 99.18 99.17 99.14 99.11 99.07 99.04 99.00 98.96 98.94 98.92 98.88 98.87 98.83 98.80 98.79 98.76 98.70 98.67 98.64 98.64
85°N ||     98.89 98.74 98.87 99.02 99.10 99.35 98.05 97.92 98.17 98.36 97.76 98.09 97.89 97.79 97.93 98.13 97.44 97.26 97.24 97.25 97.26 97.46 97.94 97.65 97.67 97.80 98.14 97.88 97.84 98.06 98.01 97.14 97.21 97.50 97.24 97.15 97.12 97.12 97.13 97.15 97.14 97.22 97.17 97.13 97.15 97.11 97.09 97.10 97.10 97.18 97.16 97.14 97.21 97.36 97.36 97.26 97.27 97.30 97.36 97.44 97.48 97.36 97.49 97.39 97.35 97.35 97.61 97.62 98.00 98.21 98.36 98.65 98.41 98.39 98.36 98.51 98.68 98.88 98.96 98.98 99.05 99.06 98.66 98.28 97.89 97.84 97.89 97.97 98.08 98.33 98.80 98.80 97.50 97.31 97.30 97.39 97.33 97.28 97.19 97.14 97.13 97.17 97.12 97.10 97.09 97.08 97.07 97.06 97.06 97.05 97.04 97.04 97.05 97.05 97.05 97.06 97.07 97.07 97.07 97.07 97.08 97.09 97.10 97.09 97.09 97.09 97.08 97.09 97.09 97.08 97.09 97.08 97.08 97.09 97.10 97.10 97.15 97.15 97.14 97.30 97.12 97.12 97.12 97.41 97.42 97.44 97.54 97.84 97.54 97.36 97.49 97.37 97.66 97.75 97.98 98.21 97.75 97.97 98.14 98.24 98.19 97.95 98.08 98.50 98.35 98.41 98.64 99.07 98.82 99.14 98.86 98.63 98.49 98.34 98.50 98.71 98.84 98.52 98.55 98.63
87°N ||     97.01 97.04 97.02 97.03 97.05 97.04 97.04 97.04 96.99 96.98 96.98 96.98 96.99 97.00 96.99 96.97 96.97 96.97 96.97 96.97 96.97 97.00 97.00 96.95 96.95 96.95 96.95 96.96 96.97 96.97 96.97 96.96 96.94 96.96 96.95 96.93 96.92 96.92 96.91 96.92 96.93 96.92 96.94 96.93 96.92 96.91 96.91 96.90 96.91 96.92 96.92 96.92 96.92 96.92 96.94 96.96 96.96 96.98 96.99 96.99 96.97 96.96 96.96 96.95 96.95 96.95 96.94 96.95 96.95 96.96 97.02 97.22 97.27 97.17 97.12 97.09 97.11 97.07 97.06 97.10 97.04 97.02 97.02 97.02 97.03 97.01 97.03 97.07 97.04 97.06 97.01 97.00 97.01 96.99 96.97 96.97 96.98 96.97 96.99 96.98 96.97 96.95 96.95 96.97 96.97 96.95 96.94 96.94 96.93 96.93 96.93 96.94 96.93 96.93 96.93 96.94 96.94 96.95 96.94 96.97 96.93 96.94 96.95 96.96 96.99 97.00 96.95 96.95 96.97 96.97 96.98 96.96 96.94 96.94 96.94 96.94 96.94 96.95 96.97 96.97 96.97 96.98 96.98 96.97 96.99 96.99 96.98 96.97 96.96 96.94 96.96 96.94 96.96 96.95 96.93 96.94 96.94 97.00 96.98 97.00 96.97 97.02 97.02 97.05 97.05 97.06 97.04 97.04 97.05 97.05 97.03 97.06 97.09 97.07 97.08 97.07 97.05 97.09 97.14 97.04
89°N ||     96.88 96.88 96.88 96.89 96.89 96.87 96.87 96.86 96.86 96.86 96.86 96.86 96.86 96.86 96.86 96.86 96.85 96.85 96.85 96.85 96.85 96.85 96.86 96.85 96.85 96.85 96.85 96.85 96.84 96.84 96.84 96.84 96.83 96.83 96.83 96.83 96.83 96.83 96.83 96.83 96.83 96.83 96.82 96.82 96.82 96.82 96.82 96.82 96.82 96.83 96.83 96.83 96.83 96.84 96.84 96.84 96.85 96.85 96.85 96.85 96.85 96.85 96.85 96.86 96.86 96.86 96.86 96.86 96.86 96.86 96.86 96.87 96.87 96.87 96.87 96.87 96.88 96.88 96.88 96.88 96.88 96.88 96.88 96.88 96.88 96.88 96.88 96.88 96.88 96.88 96.88 96.89 96.89 96.89 96.89 96.88 96.88 96.88 96.89 96.90 96.89 96.88 96.88 96.88 96.88 96.87 96.87 96.87 96.87 96.87 96.87 96.86 96.86 96.86 96.86 96.86 96.86 96.86 96.86 96.86 96.86 96.86 96.86 96.86 96.86 96.86 96.86 96.85 96.85 96.85 96.85 96.85 96.85 96.85 96.84 96.84 96.84 96.84 96.84 96.83 96.83 96.83 96.83 96.83 96.83 96.83 96.83 96.83 96.83 96.83 96.84 96.84 96.84 96.84 96.85 96.85 96.85 96.86 96.85 96.85 96.85 96.85 96.85 96.85 96.85 96.85 96.85 96.85 96.86 96.86 96.86 96.86 96.86 96.87 96.87 96.87 96.87 96.87 96.87 96.88
