Mars Surface Radiation Result (absorbed dose in thin silicon slab) (1E-6 Gy/day).
Column 1 is East longitude (°)
Line 1 is North latitude (°)

-179  -177  -175  -173  -171  -169  -167  -165  -163  -161  -159  -157  -155  -153  -151  -149  -147  -145  -143  -141  -139  -137  -135  -133  -131  -129  -127  -125  -123  -121  -119  -117  -115  -113  -111  -109  -107  -105  -103  -101  -99  -97  -95  -93  -91  -89  -87  -85  -83  -81  -79  -77  -75  -73  -71  -69  -67  -65  -63  -61  -59  -57  -55  -53  -51  -49  -47  -45  -43  -41  -39  -37  -35  -33  -31  -29  -27  -25  -23  -21  -19  -17  -15  -13  -11  -9  -7  -5  -3  -1  1  3  5  7  9  11  13  15  17  19  21  23  25  27  29  31  33  35  37  39  41  43  45  47  49  51  53  55  57  59  61  63  65  67  69  71  73  75  77  79  81  83  85  87  89  91  93  95  97  99  101  103  105  107  109  111  113  115  117  119  121  123  125  127  129  131  133  135  137  139  141  143  145  147  149  151  153  155  157  159  161  163  165  167  169  171  173  175  177  179  
--------------------------------------------------------------------------------------------------
-89°N ||     161.74 161.78 161.83 161.85 161.85 161.84 161.84 161.86 161.89 161.93 162.08 162.14 162.11 162.17 162.36 162.46 162.51 162.58 162.60 162.49 162.43 162.57 162.59 162.55 162.49 162.47 162.41 162.43 162.51 162.48 162.56 162.67 162.61 162.55 162.65 162.57 162.49 162.43 162.35 162.29 162.25 162.17 162.11 162.09 162.07 162.07 162.06 162.06 162.06 162.04 162.01 162.01 161.98 161.96 161.96 161.96 161.88 161.85 161.83 161.83 161.80 161.78 161.78 161.74 161.76 161.79 161.81 161.69 161.64 161.64 161.58 161.56 161.56 161.56 161.52 161.49 161.48 161.47 161.45 161.45 161.44 161.46 161.46 161.44 161.46 161.46 161.46 161.45 161.44 161.45 161.46 161.50 161.51 161.52 161.53 161.54 161.53 161.54 161.56 161.56 161.54 161.54 161.52 161.52 161.54 161.54 161.55 161.56 161.57 161.57 161.58 161.57 161.54 161.56 161.60 161.63 161.62 161.62 161.63 161.65 161.67 161.68 161.69 161.72 161.75 161.79 161.79 161.82 161.84 161.86 161.88 161.89 161.90 161.91 161.92 161.95 161.96 161.96 161.96 161.96 161.91 161.92 161.90 161.86 161.88 161.87 161.87 161.84 161.81 161.78 161.77 161.76 161.76 161.72 161.69 161.68 161.66 161.65 161.64 161.65 161.65 161.64 161.64 161.62 161.62 161.62 161.62 161.63 161.64 161.64 161.66 161.67 161.67 161.67 161.68 161.70 161.71 161.72 161.72 161.74
-87°N ||     163.66 163.73 163.74 163.86 163.83 163.90 163.82 163.81 163.79 163.71 163.71 163.70 163.60 163.49 163.43 163.42 163.44 163.44 163.44 163.40 163.40 163.45 163.57 163.61 163.59 163.54 163.54 163.45 163.52 163.37 163.60 163.62 163.47 163.45 163.44 163.44 163.40 163.36 163.39 163.39 163.35 163.39 163.35 163.33 163.29 163.27 163.26 163.20 163.15 163.10 162.96 163.11 162.92 162.66 162.68 162.62 162.50 162.37 162.30 162.28 162.44 161.93 162.00 161.74 161.66 161.65 161.59 161.56 161.54 161.51 161.43 161.37 161.43 161.41 161.14 161.08 161.00 160.91 160.87 161.03 160.72 160.53 160.51 160.41 160.38 160.39 160.41 160.44 160.47 160.49 160.53 160.55 160.57 160.58 160.59 161.01 160.90 161.09 160.96 161.19 161.19 161.19 161.28 161.29 161.33 161.42 161.49 161.65 161.75 161.81 161.66 161.65 161.69 161.71 161.73 161.73 161.78 161.82 161.90 161.90 161.97 162.03 162.04 162.10 162.18 162.17 162.18 162.26 162.34 162.32 162.39 162.40 162.42 162.49 162.62 162.76 162.86 163.01 162.93 162.75 162.60 162.56 162.53 162.49 162.44 162.44 162.39 162.13 162.10 162.08 162.08 162.09 162.14 162.13 162.13 162.14 162.21 162.33 162.42 162.42 162.50 162.57 162.67 162.71 162.83 162.93 163.02 163.07 163.21 163.24 163.41 163.41 163.43 163.42 163.49 163.39 163.16 163.30 163.65 163.85
-85°N ||     163.13 163.14 163.16 163.17 163.18 163.17 163.19 163.24 163.24 163.24 163.24 163.25 163.26 163.33 163.26 163.20 163.20 163.31 163.30 163.31 163.31 163.33 163.36 163.37 163.36 163.36 163.40 163.50 163.56 163.70 163.99 164.02 164.00 164.00 164.03 163.89 164.05 163.96 163.92 163.87 164.07 164.30 164.25 164.26 164.08 164.05 163.95 163.86 163.78 163.70 163.72 163.61 163.60 163.56 163.79 163.85 163.59 163.43 163.48 163.79 163.66 162.79 162.65 162.69 162.81 162.89 162.73 162.83 162.81 162.41 162.53 162.41 162.11 162.03 162.08 161.82 162.15 162.41 162.68 162.32 162.14 162.06 162.11 162.11 162.21 162.06 161.99 161.85 161.84 161.96 161.85 161.88 162.00 161.98 161.98 161.99 162.01 162.06 162.11 162.22 162.20 162.32 162.62 162.90 162.83 162.79 162.76 162.78 162.75 162.81 162.90 162.96 163.01 163.09 162.86 162.92 163.02 163.05 162.98 162.89 162.88 162.92 162.96 163.06 163.16 163.25 163.25 163.19 163.20 163.14 163.10 163.07 163.03 163.04 163.08 163.19 163.73 164.64 164.90 164.73 164.28 164.02 163.90 163.95 163.52 163.29 163.19 163.08 163.14 163.20 163.08 163.11 163.17 163.31 163.47 163.53 163.57 163.59 163.56 163.57 163.56 163.40 163.26 163.19 163.17 163.26 163.33 163.40 163.53 163.69 163.47 163.52 163.48 163.43 163.36 163.33 163.30 163.29 163.18 163.14
-83°N ||     163.23 163.26 163.28 163.29 163.30 163.31 163.32 163.34 163.36 163.38 163.40 163.43 163.46 163.48 163.47 163.48 163.50 163.53 163.56 163.59 163.61 163.65 163.68 163.72 163.76 163.81 163.85 163.91 164.00 164.11 164.05 163.91 163.89 163.84 163.94 164.04 164.02 163.98 164.04 164.09 163.87 163.87 163.88 163.89 163.91 163.93 163.91 164.33 164.42 164.49 164.42 164.43 164.36 164.36 164.37 164.34 164.29 164.51 164.58 164.57 164.23 164.50 164.42 164.33 164.58 164.37 164.39 164.36 164.64 164.40 164.61 164.78 164.89 164.90 164.79 164.70 164.72 164.71 164.70 164.76 164.73 164.71 164.59 164.61 164.62 164.56 164.50 164.48 164.52 164.51 164.30 164.29 164.38 164.62 164.33 164.25 164.17 164.12 164.15 164.03 164.21 163.75 163.90 163.66 164.03 164.25 164.29 164.08 163.99 164.01 164.05 164.17 164.39 164.46 164.52 164.46 164.17 164.18 164.12 164.10 164.04 164.01 163.74 163.66 163.72 163.78 163.78 163.64 163.64 163.77 163.71 163.73 163.89 163.90 164.08 164.53 165.04 165.01 165.02 165.01 165.02 164.22 164.11 164.15 164.12 164.23 164.20 164.13 164.11 164.10 164.05 163.95 163.85 163.80 163.76 163.63 163.57 163.62 163.90 164.21 164.61 164.80 164.38 163.96 163.33 163.34 163.04 162.96 162.94 162.94 163.06 163.28 163.73 163.73 163.47 163.26 163.18 163.15 163.18 163.21
-81°N ||     163.56 163.63 163.63 163.77 163.53 163.60 163.64 163.69 163.74 163.80 163.85 163.92 164.07 164.10 163.91 163.90 163.93 163.98 164.03 164.07 164.11 164.15 164.17 164.20 164.23 164.28 164.33 164.36 164.38 164.40 164.44 164.56 164.54 164.56 164.64 164.60 164.44 164.47 164.45 164.47 164.61 164.48 164.23 164.27 164.12 164.01 164.06 164.22 164.26 164.17 164.30 164.22 164.40 164.96 164.65 164.80 165.02 164.78 165.03 164.98 164.79 164.88 164.92 164.90 164.91 164.89 164.92 164.92 164.88 164.82 164.88 164.78 164.66 164.67 164.68 164.70 164.66 164.67 164.64 164.66 164.87 164.59 164.46 164.43 164.40 164.42 164.41 164.41 164.39 164.38 164.36 164.38 164.29 164.14 163.96 163.69 163.06 162.37 163.20 163.31 163.78 164.08 164.04 164.15 164.40 164.56 164.66 164.82 164.80 164.71 164.54 164.76 164.85 164.93 164.92 164.96 164.98 165.02 165.01 165.00 164.99 165.00 164.97 164.94 164.92 164.89 164.71 164.73 164.78 164.83 164.87 164.98 165.02 165.07 165.08 165.07 165.06 164.69 164.04 163.86 163.82 163.77 163.75 163.91 163.98 164.00 163.95 164.08 164.17 164.25 164.36 164.43 164.51 164.34 164.44 164.61 164.73 164.48 164.38 164.41 164.70 164.51 164.38 164.40 164.50 164.42 164.78 164.27 163.59 163.29 163.31 163.46 163.60 163.82 164.08 163.49 163.61 163.61 163.41 163.47
-79°N ||     163.90 163.95 163.96 164.06 164.05 164.01 164.01 164.05 164.06 164.23 164.11 164.19 164.24 164.27 164.34 164.44 164.35 164.47 164.28 164.46 164.40 164.42 164.40 164.71 164.96 164.30 164.61 164.88 164.83 164.89 164.85 164.86 164.84 164.85 164.88 164.89 164.89 164.88 164.82 164.80 164.80 164.63 164.98 165.03 164.45 164.60 164.59 164.49 164.45 164.54 164.61 164.61 164.95 164.93 164.95 165.05 165.13 164.46 164.88 164.54 165.02 164.89 164.48 164.80 164.80 164.99 165.00 164.97 164.96 164.94 164.91 164.93 164.92 164.92 164.91 164.89 164.91 164.93 164.91 164.78 164.83 164.93 164.77 164.74 164.76 164.88 164.66 164.79 164.68 164.70 164.74 164.65 164.60 164.37 163.66 163.66 163.27 163.72 164.20 164.45 164.39 164.59 164.63 164.68 164.74 164.88 164.76 164.84 164.66 164.84 164.55 164.77 164.65 164.65 164.38 164.30 164.83 164.92 165.06 165.08 165.09 165.09 165.10 165.09 165.11 165.10 165.08 165.10 165.09 165.11 165.09 165.08 165.11 165.10 165.10 165.11 165.12 165.13 165.11 165.11 165.11 165.12 164.98 164.76 164.89 164.50 164.12 164.13 164.13 164.04 164.10 164.20 164.50 165.05 165.05 164.59 164.43 164.84 163.93 163.97 164.49 164.03 163.77 163.64 163.58 163.69 163.56 163.93 163.71 163.67 163.69 163.75 163.86 163.59 163.51 163.62 163.72 163.82 163.83 163.84
-77°N ||     164.59 164.35 164.32 164.29 164.22 164.43 164.40 164.67 164.63 164.66 164.63 164.65 164.86 164.74 164.72 164.76 164.80 164.80 164.89 164.79 164.76 164.79 164.76 164.81 164.78 164.87 164.96 165.00 164.92 164.98 164.97 164.98 164.98 164.98 164.98 164.98 164.97 164.98 164.97 164.97 164.96 164.97 164.93 164.85 164.81 164.66 164.27 164.71 164.18 164.39 164.86 164.80 164.68 164.29 164.44 164.61 164.72 164.67 164.78 164.76 164.94 165.02 164.92 164.97 165.05 165.07 165.06 165.07 165.07 165.06 165.04 165.04 165.01 165.02 165.01 165.01 164.99 164.95 164.82 164.84 164.80 164.71 164.67 164.56 164.73 164.84 164.76 164.78 164.65 164.73 164.73 164.69 164.43 164.30 164.19 164.04 163.59 163.23 164.27 164.95 165.11 165.11 165.07 164.64 164.83 164.74 164.76 164.87 164.69 164.90 164.73 164.68 164.66 164.89 165.08 165.01 164.70 164.61 164.28 164.09 164.00 163.64 163.51 164.01 164.40 164.80 165.01 165.01 164.96 164.84 164.45 164.70 164.72 164.53 164.92 165.00 165.12 165.09 164.96 164.85 164.73 164.75 164.54 164.78 165.14 165.13 165.09 165.04 164.57 164.61 164.69 164.09 164.63 164.87 164.85 164.26 163.98 164.05 163.86 163.91 163.99 163.85 163.85 164.08 163.98 163.94 164.06 164.15 164.19 164.17 164.08 164.17 164.35 164.07 164.09 164.15 164.31 164.45 164.52 164.37
-75°N ||     164.76 164.82 164.66 164.76 164.61 164.63 164.70 164.92 164.84 164.77 165.14 165.03 164.83 164.98 164.99 165.04 164.94 165.00 164.99 164.91 164.91 165.00 165.02 165.08 165.02 165.05 165.07 165.08 165.07 165.05 165.05 165.05 165.06 165.04 164.81 165.01 165.02 165.01 165.00 164.99 164.97 164.94 164.95 164.95 164.97 165.00 164.96 164.91 164.80 164.73 164.76 164.43 164.31 164.57 164.89 164.95 164.93 165.06 165.11 165.12 165.13 165.12 165.11 165.10 165.09 165.09 165.08 165.00 165.04 165.00 164.98 164.91 164.89 164.79 164.75 164.80 164.75 164.85 164.76 164.77 164.81 164.82 164.86 164.78 164.96 164.83 164.83 164.92 164.83 164.82 164.76 164.56 164.46 164.68 164.77 164.79 164.79 164.80 164.84 164.75 164.65 164.72 164.72 164.68 164.87 164.91 164.91 164.79 164.80 164.73 164.67 164.55 164.18 164.27 164.46 164.01 164.35 164.24 164.05 164.19 163.98 163.92 164.52 164.74 164.62 164.30 165.01 164.32 164.47 164.48 164.57 164.84 164.79 164.75 164.70 164.54 164.76 164.04 163.71 163.32 163.24 163.85 165.14 165.11 165.14 164.60 164.98 164.56 165.03 165.13 165.12 165.10 165.08 165.09 165.08 164.54 163.67 163.63 163.62 163.64 163.62 163.77 164.33 164.25 164.38 163.90 163.97 164.13 164.20 164.19 164.25 164.26 164.29 164.48 164.49 164.55 164.64 164.60 164.64 164.68
-73°N ||     165.10 164.76 165.06 165.04 165.03 164.88 165.06 165.05 165.07 165.05 164.86 164.67 164.61 164.86 165.01 165.08 165.06 165.06 165.04 164.98 164.91 164.69 165.09 164.55 164.73 165.07 165.04 165.03 165.04 165.06 165.07 165.06 165.05 164.95 164.89 164.72 164.86 165.03 164.99 165.01 165.01 165.02 164.98 165.00 165.02 165.02 165.02 164.90 165.01 164.83 164.85 164.72 164.76 164.82 165.08 165.11 165.14 165.14 165.14 165.14 165.14 165.14 165.14 165.13 165.14 165.02 165.07 165.13 165.13 165.13 165.12 165.05 164.93 164.97 164.93 164.89 164.85 164.92 165.02 164.82 164.83 164.83 164.86 165.02 164.94 165.04 165.06 165.03 165.01 165.02 164.90 164.88 164.65 164.89 164.87 164.93 165.01 165.02 165.02 165.01 165.02 165.03 165.06 165.04 165.00 164.97 165.04 164.79 164.74 164.65 164.28 163.99 164.19 164.56 164.85 164.66 164.80 164.72 164.79 164.52 164.63 164.35 164.17 164.10 164.38 164.35 164.61 164.63 164.82 164.79 164.77 164.84 164.86 164.93 164.98 164.99 164.98 165.02 164.87 164.64 164.83 163.85 164.02 164.53 164.60 164.62 164.68 164.75 164.59 164.95 164.93 164.26 164.75 165.09 165.14 165.13 164.96 164.37 163.69 164.07 163.86 164.14 164.54 164.52 164.07 164.31 164.63 164.75 164.64 164.87 165.11 165.11 164.96 164.90 164.90 164.87 164.96 164.86 164.88 165.03
-71°N ||     165.12 165.14 165.14 165.14 165.12 165.07 165.00 165.04 165.04 165.02 165.02 165.11 164.84 164.66 164.21 164.22 164.72 164.82 165.00 164.94 164.93 164.88 164.77 164.82 164.59 164.94 165.08 165.09 165.05 164.96 165.00 164.95 164.94 165.02 165.00 164.98 164.93 165.06 165.01 165.01 165.06 164.98 165.04 165.01 165.03 165.04 164.91 164.81 164.84 164.87 164.73 164.74 164.46 164.79 165.13 165.14 165.14 165.14 165.14 165.14 165.13 165.13 165.10 165.12 165.14 165.14 165.03 165.14 165.14 164.80 164.96 165.05 164.99 165.06 164.92 164.95 164.92 164.67 164.52 164.41 164.31 164.88 164.95 164.95 165.02 165.04 165.08 165.01 165.07 165.05 165.09 165.12 165.05 165.08 165.07 165.00 164.96 164.55 164.94 165.08 165.09 165.03 165.05 165.05 165.04 165.06 164.89 164.27 164.51 164.74 164.77 164.83 164.84 164.93 164.94 164.89 165.02 164.92 164.99 165.03 164.98 165.07 165.08 165.00 164.80 164.91 164.50 164.67 165.14 165.14 164.82 164.93 164.80 163.82 164.58 164.74 164.82 164.42 164.28 164.53 164.49 164.31 164.79 165.03 165.11 165.12 165.11 165.00 164.99 165.01 165.14 165.12 165.13 165.08 164.88 164.68 164.77 165.03 164.98 165.05 165.08 165.10 165.03 165.12 165.13 165.14 165.14 165.14 165.12 164.97 165.13 165.13 165.14 165.14 165.06 165.06 165.08 165.09 164.98 164.93
-69°N ||     164.95 165.00 165.11 165.12 165.04 164.44 164.59 165.03 164.93 164.95 164.99 165.06 165.08 165.05 164.86 164.72 164.44 164.58 164.69 165.04 165.13 165.09 164.85 164.63 164.87 164.95 165.06 165.08 164.97 164.85 164.78 164.83 164.76 164.92 164.93 164.98 165.08 165.09 165.11 165.11 165.08 165.11 165.10 165.11 165.12 164.67 165.05 165.13 165.13 165.13 165.13 165.14 165.14 165.14 165.14 165.14 165.14 165.14 165.14 165.14 165.11 165.13 165.14 165.10 165.14 165.10 164.93 164.94 164.98 164.98 164.96 164.93 165.00 165.09 165.10 165.12 165.01 164.91 164.59 164.77 164.85 165.00 164.88 164.84 164.86 164.73 164.78 164.74 164.90 165.03 165.03 165.08 164.43 165.09 165.11 165.09 165.13 165.12 165.12 165.12 165.12 165.11 165.12 165.11 165.02 164.85 164.41 165.05 165.12 165.08 165.02 164.94 164.98 164.91 164.99 164.71 164.65 164.96 165.11 165.13 165.12 165.14 165.14 165.13 165.13 165.13 165.07 164.93 164.78 164.80 164.94 164.98 164.97 164.78 164.99 164.57 163.95 164.27 164.28 164.47 164.62 164.62 164.33 164.43 164.79 165.02 165.07 164.95 165.06 165.13 165.13 165.14 165.02 163.78 165.12 164.87 165.01 164.24 164.87 164.95 165.00 165.11 165.12 165.14 165.12 165.06 164.96 164.90 164.60 164.41 165.01 165.03 165.14 165.12 165.09 165.03 164.98 164.94 165.04 165.04
-67°N ||     164.67 164.92 164.80 165.10 165.12 165.14 165.13 164.76 164.99 164.92 164.89 164.89 165.00 165.01 165.14 165.11 165.01 164.79 164.74 164.57 164.56 164.33 164.60 164.62 164.85 164.82 164.75 164.68 164.74 164.53 164.54 164.45 164.63 164.81 164.84 164.96 164.96 164.71 165.10 165.11 165.13 165.13 165.12 165.12 165.12 165.13 165.12 165.14 165.13 165.13 165.14 165.14 165.14 165.14 165.13 165.14 165.11 165.14 165.13 165.13 165.06 165.13 165.13 165.13 165.11 164.96 163.40 163.46 164.49 165.00 165.06 165.08 165.10 165.13 165.14 165.09 164.97 164.66 164.68 164.49 164.70 164.72 164.83 164.91 165.04 165.01 165.05 165.06 165.04 165.05 165.07 165.11 165.09 165.13 165.12 165.14 165.11 165.10 165.05 165.05 165.00 164.69 164.55 164.58 164.32 164.70 165.11 164.86 164.92 165.07 165.14 165.06 165.08 164.94 165.00 164.96 165.10 165.07 165.13 165.13 165.13 165.14 165.12 165.12 165.12 165.08 165.07 165.01 164.99 165.14 164.91 164.55 164.89 164.97 164.57 164.48 164.40 164.09 164.48 163.91 164.14 164.43 164.45 164.89 164.88 164.84 164.53 164.75 164.99 165.11 165.14 164.91 165.13 165.14 165.12 165.12 165.11 164.89 165.10 165.09 165.13 165.13 165.14 165.10 165.13 165.13 165.14 165.14 165.12 165.02 165.13 165.13 165.12 165.07 164.87 164.96 164.78 164.79 164.84 165.07
-65°N ||     165.03 164.84 164.65 164.90 164.92 165.12 164.94 164.75 164.99 164.97 164.98 164.89 164.88 164.87 164.94 165.05 165.10 165.10 165.13 165.13 164.97 164.91 164.93 164.83 164.98 164.97 164.78 164.77 164.89 164.81 164.67 164.86 164.72 164.87 164.96 165.01 165.02 165.05 165.05 165.10 165.12 165.14 165.14 165.14 165.14 165.14 165.14 165.14 165.14 165.14 165.14 165.12 165.10 165.10 165.14 165.14 165.14 165.14 165.14 164.84 164.52 165.10 165.04 164.83 165.14 164.94 164.53 164.39 165.09 165.08 165.10 165.12 165.13 165.14 165.12 165.12 165.05 165.01 164.81 164.60 164.62 164.82 165.05 164.98 165.06 165.07 165.07 165.04 164.93 165.08 165.08 165.09 165.08 165.12 165.03 165.11 165.12 165.14 165.07 165.10 165.02 165.03 164.98 164.93 164.69 164.88 164.79 164.91 164.93 164.89 164.89 164.81 164.88 164.97 165.13 164.92 164.94 165.10 165.14 165.14 165.14 165.12 165.07 165.08 165.02 165.05 165.06 165.03 165.03 164.93 165.06 165.04 165.02 164.97 164.64 164.70 164.66 164.71 164.85 164.28 164.25 164.27 164.64 164.66 164.70 164.40 164.28 164.96 164.78 164.74 164.97 165.09 165.02 165.14 165.14 164.48 164.88 164.98 165.14 165.08 164.79 164.90 165.08 165.07 165.05 165.13 165.14 165.14 165.14 165.12 165.06 165.06 164.98 164.65 165.08 165.12 165.06 164.99 164.79 164.73
-63°N ||     165.04 165.03 164.93 164.89 164.72 164.95 165.14 165.05 165.06 165.13 165.03 165.10 164.64 164.99 164.97 165.03 165.01 164.98 165.02 165.10 165.02 165.00 164.88 164.94 164.89 164.96 164.97 164.87 164.84 164.88 164.84 164.91 165.02 165.03 165.01 164.90 164.80 164.96 165.09 165.02 165.11 165.07 164.98 165.13 165.13 165.05 165.08 165.14 165.13 165.08 165.07 165.00 164.69 164.68 164.84 164.96 165.03 165.07 165.12 165.11 165.12 165.13 165.09 164.96 164.60 164.84 165.14 164.72 165.12 165.05 165.11 165.13 165.11 165.12 165.10 165.04 164.96 165.02 165.07 165.11 165.08 164.97 165.00 165.01 165.03 165.03 165.09 165.09 165.09 165.08 165.08 165.08 165.11 165.09 165.11 165.04 165.09 165.11 165.04 165.13 165.13 165.05 165.08 165.13 165.10 164.96 164.90 164.76 164.78 164.62 164.88 164.97 165.10 165.06 164.78 164.71 164.67 164.93 165.06 165.10 165.11 165.12 165.11 165.08 164.97 164.90 164.99 165.02 164.99 164.96 165.07 165.11 165.08 165.14 165.04 164.81 164.63 164.75 164.65 163.98 165.13 164.51 164.89 164.83 164.84 164.65 164.54 164.41 164.20 164.47 164.75 164.89 164.92 164.97 165.09 165.14 165.08 165.05 165.09 165.10 165.00 165.01 165.10 165.10 165.00 164.61 164.57 164.81 165.06 165.12 165.13 165.14 165.11 165.13 165.14 164.89 165.09 165.11 165.10 164.70
-61°N ||     165.10 164.69 164.70 165.03 165.13 165.14 165.14 164.95 164.98 165.03 164.88 165.01 165.03 164.99 164.02 165.04 165.14 165.13 164.80 165.13 165.13 165.14 165.08 164.96 164.83 164.78 164.66 165.10 164.82 164.93 165.11 165.14 165.14 165.13 164.99 164.94 164.93 165.02 164.98 164.97 165.10 164.83 165.04 165.01 165.05 164.47 165.13 165.12 165.10 165.09 165.10 165.07 165.08 165.14 165.00 164.99 164.99 165.10 164.99 165.00 165.01 165.11 165.00 165.00 164.82 164.28 164.71 165.10 164.63 164.57 164.83 165.04 165.02 164.86 164.72 164.91 165.14 165.14 165.14 165.08 164.62 164.62 165.02 165.08 165.04 165.01 164.95 165.02 165.11 165.11 165.12 165.10 165.10 165.14 165.12 165.12 165.12 165.08 165.11 165.14 165.11 165.12 165.11 165.10 164.85 165.10 165.06 165.07 165.08 165.11 165.13 165.14 165.14 165.11 164.98 164.86 165.13 165.13 165.14 165.12 164.14 164.80 165.13 165.13 165.06 165.01 164.87 164.78 165.02 164.71 164.33 164.71 164.41 164.92 165.03 165.11 164.77 164.90 164.90 164.99 164.67 164.60 164.55 164.63 164.68 164.62 164.63 164.46 164.58 164.56 164.76 164.74 164.79 164.85 164.88 165.12 164.59 164.81 164.82 164.95 165.07 165.13 165.14 165.10 165.06 164.92 164.70 164.77 164.91 164.24 164.80 165.11 165.13 165.08 164.52 164.70 164.90 165.14 165.12 165.10
-59°N ||     165.04 165.10 164.99 165.00 165.14 165.13 164.48 164.94 165.03 164.86 165.04 164.93 165.04 164.58 165.08 164.72 165.12 165.14 165.09 165.06 165.13 165.13 165.14 165.11 164.72 164.95 165.04 165.05 165.07 164.94 165.01 165.12 165.10 165.12 164.96 165.14 165.02 164.77 164.67 164.77 164.94 165.13 165.13 165.13 165.13 165.09 165.11 165.05 164.94 164.95 164.94 164.94 164.91 164.88 165.04 165.13 165.09 165.14 165.04 164.96 165.10 165.13 163.89 164.54 164.52 164.11 164.18 164.90 164.61 164.87 165.03 164.55 163.88 165.01 164.63 164.99 164.96 165.06 165.06 165.08 164.82 164.87 165.04 164.94 164.97 165.11 165.07 165.04 165.14 164.62 165.08 165.13 165.14 165.13 164.88 165.09 165.06 165.07 164.91 165.03 165.00 165.13 165.10 165.11 165.12 165.13 165.13 165.11 165.10 165.14 165.13 165.08 165.05 165.05 165.12 165.13 165.12 165.14 165.07 164.87 164.88 164.91 165.14 165.06 164.71 164.54 164.39 164.53 164.34 163.92 164.46 164.52 164.84 165.01 164.82 165.05 164.97 164.53 164.10 164.36 164.98 164.99 164.19 164.23 164.89 164.48 164.54 164.08 164.58 164.83 164.51 164.55 164.89 165.12 165.13 165.07 164.97 165.01 164.93 164.93 164.95 165.00 165.07 165.12 165.12 165.03 164.86 164.83 164.93 164.83 165.08 164.41 164.88 165.01 164.85 165.11 165.11 165.13 165.13 165.11
-57°N ||     165.11 165.10 164.94 164.73 165.10 164.74 164.99 164.95 164.71 164.75 164.82 164.87 164.79 164.87 164.63 164.69 165.04 165.09 165.05 164.99 164.92 165.01 165.04 165.03 164.63 165.00 165.09 165.08 165.03 164.64 164.26 165.11 165.14 165.14 165.14 164.92 164.89 164.98 164.89 164.90 164.82 165.06 165.13 165.14 165.14 165.12 164.97 164.93 165.12 164.91 164.89 164.83 164.94 164.97 165.08 164.92 165.01 165.02 164.91 164.82 165.00 163.84 164.78 164.62 163.76 163.49 163.73 163.64 161.79 163.66 162.95 164.09 164.93 164.99 165.00 164.63 164.17 164.69 164.86 163.97 163.91 165.05 165.08 165.10 165.09 165.09 165.10 165.02 164.99 165.09 165.12 165.13 165.06 164.92 164.95 164.92 164.93 164.97 165.12 164.97 164.82 164.90 164.89 164.93 164.91 165.13 165.13 165.14 165.12 165.07 165.01 164.92 164.79 164.61 164.84 165.03 164.97 164.96 164.84 165.05 165.06 164.97 164.50 163.82 163.17 163.22 163.13 163.16 163.14 162.49 163.90 164.18 164.49 164.04 164.36 164.47 164.52 165.05 164.37 164.98 164.94 164.46 164.61 164.78 165.05 164.95 164.77 164.62 164.58 164.82 165.06 165.11 165.14 165.08 164.95 165.12 165.06 165.11 164.76 164.90 165.02 164.97 165.01 165.13 165.12 165.03 164.90 164.89 164.94 164.90 164.72 164.63 164.92 164.97 165.06 164.92 164.93 164.98 165.09 165.06
-55°N ||     165.07 165.06 164.99 164.87 165.14 165.13 165.13 165.01 164.89 165.11 165.11 165.08 165.02 165.05 164.91 165.02 165.04 165.14 165.13 165.13 164.95 164.52 164.52 164.94 164.46 165.00 165.12 165.12 165.08 164.98 164.92 165.14 165.14 165.14 164.95 165.11 165.05 164.86 164.71 164.64 164.71 164.63 164.59 164.73 165.10 164.95 164.89 165.05 165.13 165.04 164.90 164.87 164.85 165.11 164.76 164.69 164.89 164.63 164.72 164.51 164.79 163.57 163.04 163.86 164.49 162.11 161.83 161.99 161.82 161.82 161.83 162.63 163.59 164.64 163.79 164.14 165.01 164.50 164.74 164.83 165.04 165.13 165.14 165.14 165.13 165.10 165.09 165.03 165.04 164.94 165.06 165.12 165.14 165.08 165.11 164.89 164.55 165.12 165.11 165.11 165.12 165.10 164.83 164.85 164.81 164.94 165.14 165.13 165.05 164.93 164.78 164.63 164.31 163.94 163.97 163.55 163.23 162.87 162.72 162.12 161.95 161.80 161.77 161.83 161.97 161.75 161.74 161.72 161.92 162.20 162.87 163.20 163.61 164.25 163.88 164.07 164.79 164.96 165.01 165.08 165.07 165.04 165.12 165.13 164.44 164.85 164.94 164.88 165.07 165.10 165.09 165.09 163.87 164.89 165.04 165.13 165.09 164.74 164.81 164.95 165.07 165.12 165.13 165.11 165.05 165.00 165.06 165.12 165.14 165.13 165.12 164.87 165.01 164.97 164.94 164.98 165.02 165.06 165.14 165.10
-53°N ||     165.03 165.14 165.12 164.62 164.49 164.98 165.13 165.10 165.10 165.14 165.06 165.10 164.98 165.13 165.13 165.12 165.05 165.07 165.13 165.14 165.12 164.84 164.60 165.14 165.01 165.09 164.69 165.09 165.14 165.08 165.10 165.13 165.14 164.67 165.14 165.14 165.09 164.84 164.64 164.62 164.53 164.63 164.88 164.97 165.10 165.13 165.14 165.14 164.49 163.54 165.06 165.07 165.13 165.10 165.03 165.00 165.05 164.98 164.95 165.08 164.51 163.31 163.00 162.56 162.37 162.10 161.86 161.87 161.90 161.92 161.91 161.77 161.88 163.04 164.77 164.91 164.72 164.20 165.05 164.91 164.75 164.91 165.01 165.06 165.14 164.50 164.82 165.09 165.14 165.11 165.09 165.06 165.01 165.14 164.97 164.91 165.06 165.09 165.12 165.08 165.12 165.14 164.99 164.51 165.14 165.01 165.13 165.12 165.08 165.05 164.63 164.34 163.72 163.10 162.76 162.10 161.78 161.79 162.25 163.03 163.69 164.17 164.34 164.42 164.47 164.00 163.82 163.91 163.95 163.84 162.74 161.98 161.86 161.68 163.93 163.36 163.27 164.04 165.02 165.07 165.09 165.11 165.13 165.04 165.05 164.94 164.99 165.02 165.05 164.93 165.11 165.08 164.98 164.82 163.89 165.06 165.11 164.63 164.84 164.99 165.03 165.01 165.03 165.14 165.09 165.12 164.99 165.13 164.90 165.09 165.14 164.98 164.63 164.63 164.97 165.13 165.14 165.13 165.06 165.02
-51°N ||     165.07 165.12 165.10 165.14 164.94 164.96 164.90 164.96 164.92 165.13 165.09 165.09 165.11 165.14 165.13 165.11 165.11 164.87 165.10 165.12 165.06 164.89 164.59 164.45 164.19 165.03 164.84 165.05 165.13 165.13 165.06 165.14 165.07 164.77 165.11 164.93 165.03 164.97 164.79 164.26 164.24 164.10 164.41 165.05 165.11 165.14 165.14 165.06 164.33 163.89 164.97 165.05 164.81 164.61 164.82 164.68 164.47 164.53 165.09 164.94 164.60 164.63 162.83 161.76 162.07 161.80 161.99 161.89 161.89 161.88 161.89 161.99 161.92 161.79 161.67 161.98 164.71 164.62 164.98 164.96 164.82 164.91 165.11 165.14 165.12 164.75 164.96 165.10 165.14 165.14 165.13 165.13 165.14 165.13 165.12 164.96 165.05 165.09 165.11 164.95 165.05 165.07 164.91 165.10 165.06 165.04 165.11 165.05 164.90 164.88 163.95 163.65 163.47 162.36 161.76 161.81 162.29 163.12 163.95 164.67 164.81 164.89 164.86 164.27 164.70 164.73 164.84 164.83 164.86 164.88 164.82 164.81 162.40 162.29 162.41 162.80 164.24 165.08 164.31 164.92 165.01 165.00 164.62 164.68 164.71 164.87 165.06 165.11 165.14 165.09 165.02 165.00 165.06 165.10 165.07 165.08 165.01 164.90 165.02 165.06 165.08 165.03 165.10 165.06 165.07 165.12 165.06 165.04 165.12 165.08 165.13 165.02 165.07 164.95 165.00 165.11 165.08 165.14 165.12 165.08
-49°N ||     165.02 165.11 165.07 165.14 164.74 164.45 164.22 165.01 165.08 164.88 165.03 164.95 164.89 164.85 165.02 164.94 164.89 164.93 164.44 164.63 164.85 164.99 164.51 164.35 164.85 164.71 164.94 165.13 165.13 165.13 165.06 165.13 165.03 164.22 164.23 164.28 164.61 164.61 164.66 164.27 164.11 164.18 164.33 164.92 165.08 165.12 165.13 165.13 165.11 165.08 165.02 164.85 164.52 164.36 164.57 164.85 165.07 165.06 165.05 164.95 164.06 163.49 163.03 162.27 161.84 162.26 161.92 161.96 161.89 162.07 162.10 161.81 161.82 164.29 163.11 164.78 164.57 164.36 165.02 164.87 164.79 164.92 165.09 165.14 165.01 165.03 165.09 164.36 164.78 165.14 164.94 165.11 165.00 164.91 165.14 164.84 164.81 165.01 164.99 164.95 164.97 164.97 165.08 165.14 165.10 165.10 165.06 165.00 164.90 164.36 164.93 164.03 162.56 161.68 162.27 163.14 163.95 164.42 164.80 164.82 164.47 163.76 164.45 164.45 164.81 164.81 164.76 164.65 164.77 164.79 164.78 164.71 164.87 164.75 163.40 162.24 163.02 164.21 163.97 164.76 164.40 164.95 164.96 165.14 165.13 164.84 165.13 165.06 165.13 165.09 165.05 165.14 165.13 165.14 165.12 165.02 165.13 165.14 165.05 165.02 164.30 164.79 165.12 164.96 165.02 165.11 165.00 164.60 165.01 164.79 164.89 165.08 165.10 165.12 164.96 164.72 164.85 164.97 165.10 165.13
-47°N ||     164.88 165.06 165.05 165.02 165.03 164.76 165.06 165.03 165.14 165.08 164.98 165.01 164.38 165.13 164.57 164.73 164.09 164.29 164.80 164.70 164.99 164.62 164.86 165.02 165.00 164.94 164.86 165.06 165.12 165.11 165.11 165.11 165.11 164.76 164.63 164.72 164.91 164.94 164.93 164.76 164.43 164.35 164.63 164.71 164.60 164.99 165.00 165.04 164.94 164.96 164.76 164.65 164.37 164.37 164.25 164.54 164.79 164.69 165.04 165.10 164.77 164.62 164.93 163.18 163.30 161.99 162.23 162.18 162.10 162.21 162.14 161.90 161.76 163.73 163.37 163.50 164.93 164.96 165.08 165.11 165.01 165.12 165.13 165.14 165.10 165.12 165.04 165.12 165.13 165.14 165.14 165.13 164.86 165.14 165.13 164.84 165.01 164.94 164.97 165.11 164.92 164.78 164.93 165.06 164.98 164.96 165.13 165.04 164.63 164.77 164.92 164.45 163.08 162.41 163.86 164.86 164.81 164.07 163.07 164.55 164.79 164.63 164.29 164.41 164.79 164.87 164.88 164.84 164.76 164.82 164.81 164.86 164.87 164.88 164.77 163.85 162.55 161.95 163.34 163.92 164.15 164.36 164.83 165.08 164.92 164.94 165.04 165.05 165.08 165.09 165.08 165.10 165.00 165.14 165.04 165.13 165.10 164.92 164.70 165.06 165.06 164.99 165.04 165.00 165.07 164.98 165.06 164.95 164.78 164.88 164.92 164.94 165.08 165.00 164.97 165.05 165.06 165.00 165.10 165.09
-45°N ||     165.12 165.14 165.09 165.12 165.12 165.14 165.13 165.12 165.08 165.03 164.87 165.13 164.92 164.83 164.87 164.88 165.02 164.83 165.03 165.08 164.99 165.05 164.83 164.93 165.07 165.05 165.10 165.06 165.06 165.05 164.98 165.03 164.99 164.88 164.89 164.88 164.90 164.91 164.97 164.98 164.79 164.73 164.84 164.78 164.71 164.89 164.89 164.76 164.64 164.49 164.43 164.42 164.37 163.95 163.77 164.71 164.96 165.02 165.11 165.12 164.93 165.00 164.55 164.30 163.64 161.79 161.79 163.30 163.05 162.47 162.29 162.04 162.14 162.87 163.63 163.11 165.03 165.06 165.03 163.92 165.13 165.12 165.14 165.13 165.12 165.09 165.09 165.11 165.13 165.14 165.14 165.14 164.97 165.14 165.12 165.08 165.03 165.04 165.01 165.10 164.46 164.93 165.03 165.04 165.12 165.04 165.13 165.04 164.89 164.86 164.75 164.85 163.03 162.58 164.83 164.65 163.38 163.06 164.24 163.74 164.06 163.67 163.83 163.89 164.16 163.75 163.29 164.51 164.83 164.45 164.82 164.85 164.86 164.89 164.76 164.53 163.23 161.76 162.78 163.47 164.13 163.81 164.27 164.88 164.90 164.98 165.01 165.13 164.99 165.06 165.11 165.04 164.96 165.11 165.10 165.04 164.93 164.97 164.61 164.04 164.72 164.81 165.08 164.96 164.83 164.95 165.11 164.83 165.12 165.08 164.97 165.04 165.09 165.10 164.73 164.68 164.72 165.05 165.10 165.09
-43°N ||     165.03 165.06 164.96 165.02 165.03 165.14 165.12 165.13 165.08 165.02 164.91 164.87 164.85 164.71 164.94 164.95 165.10 165.09 165.09 165.08 164.83 164.95 165.04 165.05 164.90 165.03 165.10 165.10 164.77 164.95 164.86 165.01 165.03 164.60 164.85 164.84 164.86 164.93 165.02 165.06 164.70 164.57 163.67 163.72 164.44 164.77 164.66 164.48 164.51 164.28 164.18 164.19 164.10 164.18 164.21 164.78 164.84 164.74 164.99 165.12 165.12 165.13 164.96 165.08 163.65 163.86 162.38 161.98 161.85 161.70 161.81 161.93 163.52 162.82 163.32 164.97 165.03 164.89 164.98 164.89 165.06 162.90 165.08 165.12 165.13 165.14 165.12 165.10 165.12 165.14 165.12 165.08 165.11 165.14 165.14 165.10 164.94 165.09 165.04 165.01 164.98 165.03 164.96 164.69 164.74 164.85 165.13 164.33 165.10 164.83 164.89 164.59 162.42 163.69 164.79 163.98 164.02 164.48 164.13 163.38 163.83 163.93 164.37 163.75 163.93 164.59 164.56 164.63 164.44 164.73 164.76 164.82 164.88 164.81 164.11 164.00 163.27 161.97 162.64 162.78 163.43 163.23 164.09 164.25 164.58 164.71 165.00 165.09 165.03 164.48 164.97 165.06 165.06 165.14 165.13 165.03 164.91 164.90 164.94 164.94 164.82 164.88 165.13 164.81 164.60 164.54 164.87 164.97 165.13 165.07 165.08 165.01 164.80 165.14 165.14 164.86 165.04 165.13 165.13 165.13
-41°N ||     164.89 164.98 164.96 164.57 164.82 165.14 165.14 165.10 164.92 164.30 163.03 163.57 164.86 164.97 165.09 164.95 164.81 164.96 164.72 164.98 164.78 165.06 165.04 165.04 164.94 164.36 164.77 164.88 165.01 164.73 164.62 164.82 164.71 164.72 164.55 164.77 164.82 164.93 164.95 163.18 162.85 162.66 160.62 160.31 160.41 163.02 163.00 163.02 163.80 164.14 163.87 164.17 163.98 164.13 164.11 164.16 164.24 164.65 164.98 165.06 164.88 164.48 165.10 164.63 164.80 163.90 164.08 163.33 162.32 162.14 162.35 163.48 162.84 164.36 164.32 164.36 164.64 162.52 164.73 164.97 164.97 165.04 165.12 165.14 165.14 165.12 164.88 165.02 165.09 165.13 165.14 165.03 165.13 165.13 165.10 165.01 164.91 165.07 165.11 165.08 164.92 164.89 164.65 164.46 165.12 164.94 165.13 164.93 164.98 165.02 164.77 164.50 162.51 163.74 164.69 163.95 163.77 164.79 163.74 163.72 163.68 164.07 163.53 163.21 164.14 164.63 164.40 164.38 164.64 164.47 164.70 164.86 164.71 164.30 164.00 163.68 162.80 161.85 161.71 162.68 162.15 164.35 164.62 164.44 164.76 165.13 164.98 164.92 164.87 164.91 164.98 164.85 164.91 165.13 165.10 165.09 164.99 164.99 165.12 165.04 164.96 164.99 165.13 165.02 164.92 165.00 164.91 164.96 165.05 165.10 165.10 164.99 164.93 165.14 165.12 164.88 165.14 165.08 164.97 165.09
-39°N ||     164.90 164.92 165.03 165.10 164.73 164.87 165.06 165.09 165.01 165.02 164.13 164.08 165.06 164.93 165.14 165.10 165.14 164.96 165.05 165.13 165.13 164.88 165.11 165.14 165.08 165.10 164.98 164.88 164.96 164.89 164.82 163.13 164.22 164.57 164.57 164.71 164.81 164.79 164.18 164.10 163.55 162.18 161.79 161.90 162.31 162.45 162.34 162.62 161.96 163.15 163.88 163.91 163.94 164.03 164.17 164.20 164.39 164.64 164.70 165.00 165.00 165.05 164.83 164.94 164.91 164.59 164.70 162.72 163.11 163.09 163.11 163.15 164.10 164.48 164.23 164.41 164.55 164.82 164.95 164.92 164.98 164.85 164.83 165.12 165.14 165.14 165.11 164.83 165.12 165.10 165.07 165.04 165.08 165.11 164.86 165.10 165.10 165.05 165.05 164.95 164.96 164.91 164.83 164.91 164.85 164.81 165.04 165.11 164.98 164.96 164.94 163.96 162.28 162.49 164.80 163.77 163.04 163.37 164.40 163.85 163.22 163.61 163.31 163.19 163.91 164.36 163.90 164.34 164.20 164.66 164.83 164.84 164.44 164.07 163.45 163.03 162.71 162.29 161.81 163.53 163.90 164.31 164.86 164.80 164.92 164.79 164.03 164.84 165.06 164.95 164.91 164.76 165.01 165.10 165.13 165.11 165.13 165.07 165.07 165.14 165.10 165.06 165.06 165.06 165.13 165.09 164.80 164.94 165.03 164.99 165.08 165.13 165.01 165.06 165.05 165.14 165.11 165.00 164.89 164.75
-37°N ||     164.74 164.86 164.92 165.06 163.94 164.46 164.96 165.08 164.89 164.42 164.20 164.78 164.81 165.14 165.05 165.07 165.07 165.07 165.12 165.14 165.14 165.14 165.04 165.14 165.05 164.84 164.93 164.63 164.54 164.87 164.81 164.14 164.28 163.72 164.37 163.54 164.11 162.17 162.31 164.07 162.12 161.22 162.69 162.72 162.62 162.57 162.78 163.52 162.89 162.86 162.62 163.27 163.87 164.27 164.27 164.41 164.32 164.76 164.83 164.69 164.68 165.09 165.08 165.14 164.83 164.40 164.44 164.29 165.04 163.71 164.52 164.35 164.30 163.97 164.24 164.60 164.73 164.76 164.71 164.94 165.08 165.13 165.13 164.04 165.12 165.14 165.10 165.14 164.80 165.13 165.09 165.04 165.06 165.13 165.10 165.14 165.07 165.04 165.05 165.01 164.93 164.91 164.82 164.92 165.00 164.95 164.60 165.13 165.02 164.79 164.64 164.51 163.77 162.76 163.61 164.29 163.09 162.01 160.45 163.87 163.69 163.63 164.42 163.31 164.21 164.13 164.47 164.34 164.43 164.56 164.66 164.70 163.93 163.51 162.87 162.50 161.92 161.71 162.59 163.49 164.49 164.62 165.02 165.05 165.10 165.02 164.84 164.81 164.85 164.92 164.79 164.94 165.01 165.04 165.09 165.10 164.92 165.09 165.06 165.03 165.13 165.01 164.95 164.93 165.14 165.06 164.75 165.10 165.09 165.02 164.92 164.94 164.96 164.98 165.08 165.05 164.73 164.55 164.71 164.13
-35°N ||     164.71 163.96 164.85 165.05 164.98 165.13 164.85 165.11 164.90 164.46 164.35 164.92 165.12 165.13 165.09 165.10 165.07 164.65 165.13 165.14 165.14 165.08 164.99 165.05 164.78 164.93 164.83 164.74 164.34 164.46 164.21 164.10 164.18 163.94 164.06 164.22 163.58 162.08 162.19 162.14 161.52 162.67 163.41 163.29 162.97 163.25 163.05 163.13 163.40 163.45 163.25 162.36 163.19 164.19 164.47 164.63 164.62 164.64 164.65 164.71 164.83 164.93 164.91 165.08 165.09 165.07 165.14 165.04 165.05 164.32 164.36 163.77 164.68 164.95 164.87 164.69 164.68 164.70 164.30 164.81 165.07 165.14 165.10 165.14 165.13 165.13 165.03 165.14 165.14 165.10 165.13 165.07 165.11 165.11 165.13 165.13 165.14 164.84 165.08 165.02 165.00 164.71 164.79 164.93 165.06 165.05 165.02 165.14 164.72 165.04 165.06 164.67 164.40 164.09 161.88 163.59 163.95 162.98 161.56 161.15 163.75 163.84 160.93 161.65 164.39 164.20 164.35 164.51 164.43 164.61 164.85 163.32 162.51 162.46 162.14 161.80 161.97 161.74 161.85 161.99 163.88 164.82 164.98 165.06 165.12 165.09 165.03 164.97 164.87 164.78 164.93 165.03 165.09 165.01 165.12 165.12 165.13 165.09 165.14 165.10 165.14 165.07 164.97 165.03 165.13 165.14 165.14 165.12 165.08 165.08 164.72 164.82 165.03 165.06 164.97 164.88 164.23 164.50 164.91 165.13
-33°N ||     164.69 164.56 165.09 165.10 165.13 164.81 165.03 164.45 164.50 164.86 164.85 164.96 165.14 165.12 164.87 165.14 165.07 165.05 165.14 165.14 164.88 165.11 165.10 165.09 164.96 164.81 164.82 164.70 164.54 164.32 164.19 163.43 163.82 163.61 163.28 163.48 162.80 161.74 161.56 160.78 161.07 162.72 163.60 163.18 163.91 163.27 164.14 164.20 163.97 164.00 163.43 162.46 161.57 163.33 164.17 164.62 164.59 164.65 164.67 164.66 164.90 165.09 164.83 165.10 165.06 165.04 165.05 165.06 165.09 165.13 165.06 164.35 164.34 164.94 164.37 164.96 164.39 164.77 164.82 164.72 164.94 165.03 164.79 165.10 165.13 165.14 165.14 165.14 165.12 165.11 165.12 165.07 165.14 165.14 165.14 165.14 165.12 165.14 165.11 164.88 164.98 164.88 164.71 164.83 165.00 165.04 165.01 165.01 165.14 165.05 165.10 165.13 165.14 164.96 164.49 162.03 164.37 164.42 163.67 162.41 162.45 160.93 163.87 164.45 164.15 164.16 164.53 164.59 164.69 164.16 163.57 162.26 161.70 161.73 161.69 161.70 161.92 161.77 162.30 162.54 163.59 164.80 165.04 165.10 165.14 165.14 165.11 165.12 165.08 165.01 165.04 165.11 165.14 165.09 164.91 164.85 164.89 164.91 165.07 165.03 165.13 165.13 165.09 165.14 165.12 165.12 165.11 165.10 164.97 165.14 164.97 164.66 165.12 165.01 165.01 164.88 164.74 164.91 165.09 164.99
-31°N ||     164.78 165.10 165.13 165.13 164.91 164.96 164.64 164.92 164.99 164.91 165.00 165.02 165.12 165.10 165.06 165.07 165.07 165.00 165.10 165.14 165.07 165.10 165.07 165.04 164.95 164.92 164.80 164.67 164.44 164.18 163.93 163.79 163.73 163.15 163.00 163.56 162.70 161.53 161.69 160.78 161.88 162.77 163.16 163.74 163.96 164.16 164.17 164.35 164.34 164.44 163.59 162.46 162.88 162.99 163.15 163.11 164.34 164.68 164.75 164.94 165.07 165.14 165.10 165.09 165.01 165.04 164.99 164.91 164.96 165.00 164.93 163.77 164.96 165.07 164.76 165.01 164.94 164.85 164.67 164.68 164.44 164.53 164.88 164.94 164.97 165.14 165.12 165.08 165.13 165.14 165.14 165.14 165.10 165.14 165.14 165.14 165.14 165.13 165.12 164.99 164.98 165.13 165.04 164.96 165.07 165.11 165.12 165.04 165.07 165.01 164.87 165.09 164.95 165.01 163.92 163.95 162.11 162.10 162.66 164.83 164.15 163.18 164.64 164.34 164.56 164.43 164.72 164.83 162.74 161.71 162.28 161.94 161.88 161.92 162.07 162.97 163.09 162.37 162.50 163.31 163.53 164.99 165.03 165.13 164.93 165.14 165.14 165.14 165.14 165.13 165.12 165.14 165.12 165.13 165.03 164.99 165.09 164.90 164.80 164.68 165.14 165.10 164.71 165.14 165.10 164.99 164.92 165.01 165.01 165.01 165.12 164.97 165.13 165.07 165.07 165.02 165.07 164.99 165.01 165.01
-29°N ||     164.80 165.14 164.59 165.13 164.91 164.78 164.99 164.74 165.03 164.95 164.94 164.99 165.14 165.07 165.06 165.08 165.10 164.80 165.14 165.14 165.06 165.07 165.06 165.02 164.98 164.89 164.79 164.59 164.34 164.10 163.87 163.57 163.38 163.33 163.30 162.49 162.54 162.01 160.46 159.43 161.79 162.94 163.36 163.66 163.98 164.23 164.37 164.48 164.55 164.55 164.51 164.40 163.80 163.82 163.73 163.01 163.30 163.80 164.72 164.90 165.10 165.08 165.02 165.05 164.14 165.02 165.07 165.03 164.89 164.92 164.71 164.27 164.75 165.02 164.88 164.59 164.83 164.85 164.37 164.55 164.62 164.61 164.86 164.75 165.12 165.10 165.11 165.12 165.10 165.11 164.95 165.14 165.13 165.13 165.14 165.14 165.14 165.04 165.13 165.04 165.14 165.14 165.11 165.05 165.14 165.14 165.13 165.14 165.04 165.09 165.12 164.94 164.77 164.69 165.13 164.88 163.33 163.50 162.10 162.08 162.08 162.00 163.27 164.53 163.80 164.07 162.81 163.30 161.68 162.20 162.93 163.65 162.79 162.39 162.88 163.77 163.41 163.44 163.65 164.58 164.64 164.93 165.08 165.12 165.13 165.14 165.14 165.14 165.14 165.14 165.14 165.13 165.14 165.02 165.10 164.93 164.64 164.80 164.98 164.63 165.10 165.12 165.07 165.13 165.06 165.03 165.08 164.98 165.10 165.13 165.09 165.13 165.14 165.14 164.94 165.04 165.12 165.07 165.00 164.88
-27°N ||     165.05 165.13 165.06 164.98 164.93 164.90 165.12 164.70 164.97 165.10 165.07 165.03 165.12 165.13 165.06 165.12 165.05 165.03 165.14 165.04 165.05 165.06 165.01 165.00 164.90 164.83 164.74 164.65 164.30 164.04 163.73 163.43 163.01 163.06 162.89 163.07 163.28 161.81 161.50 159.71 162.07 162.98 163.35 163.74 164.06 164.30 164.47 164.58 164.64 164.74 164.73 164.78 164.61 164.13 164.13 164.22 164.45 164.44 164.37 164.36 164.18 165.12 165.00 164.98 165.01 164.99 164.93 164.64 164.95 165.01 164.99 164.02 163.80 163.57 164.49 164.92 164.62 164.60 164.30 164.31 164.36 164.39 164.56 164.85 164.95 165.03 165.06 165.05 165.14 165.14 165.13 165.14 165.14 165.08 165.13 165.14 165.13 165.08 165.08 165.09 165.14 165.02 165.09 165.01 165.13 165.13 164.97 165.10 164.95 165.02 165.06 165.12 165.01 165.04 165.11 165.06 164.89 163.55 163.71 163.17 162.73 162.70 162.01 161.82 161.73 161.73 162.29 161.95 161.67 162.36 163.62 162.89 162.90 163.26 164.26 163.90 164.96 163.71 163.76 165.04 165.04 165.13 165.14 165.14 165.14 165.14 165.14 165.14 165.14 165.14 165.14 165.08 164.87 164.82 164.75 164.91 165.08 164.70 164.75 165.08 164.93 165.06 165.12 165.13 164.94 165.09 165.06 165.03 165.07 164.99 165.05 165.11 165.12 165.03 165.08 165.13 165.14 165.12 164.98 164.96
-25°N ||     164.90 165.12 165.13 165.14 165.06 165.12 165.13 165.10 165.10 165.14 165.10 164.97 164.98 165.07 165.00 165.11 165.08 165.13 165.03 165.14 165.00 165.02 165.00 164.93 164.86 164.73 164.62 164.50 164.20 163.80 163.48 163.20 162.93 162.75 162.69 161.96 162.39 162.76 161.50 161.88 162.36 162.92 163.42 163.76 163.97 164.20 164.35 164.54 164.64 164.66 164.78 164.81 164.62 164.32 163.55 164.20 164.46 164.58 164.58 164.47 163.83 164.78 165.11 165.09 165.03 165.02 165.02 165.14 165.13 165.09 165.06 165.04 164.39 163.21 162.72 164.34 164.11 163.98 163.43 164.15 164.14 164.27 163.58 164.51 163.97 164.95 164.89 164.88 164.91 165.12 165.08 165.12 164.99 165.08 165.14 165.12 165.14 165.06 164.91 165.14 165.11 165.13 165.14 165.13 165.11 164.99 165.00 164.85 164.76 164.98 165.05 165.12 165.13 165.12 164.87 164.39 164.87 164.20 163.74 163.31 162.90 163.25 163.47 162.14 163.05 161.76 161.96 163.41 163.71 164.20 163.74 164.38 164.42 163.98 164.39 165.01 165.10 164.96 165.03 165.13 165.14 165.12 165.09 165.11 165.13 165.11 164.98 165.14 165.14 165.11 165.10 165.03 164.85 164.59 164.70 164.88 164.94 164.85 164.50 164.80 164.73 164.96 165.08 165.12 165.13 165.13 165.09 165.09 165.13 164.98 165.09 165.14 165.07 164.93 165.09 165.10 165.11 164.97 164.74 165.03
-23°N ||     164.86 165.04 165.12 165.13 165.12 165.10 165.12 165.04 164.92 164.95 164.97 165.00 164.79 164.76 165.00 164.91 164.92 164.91 165.11 165.08 165.08 164.98 164.98 164.92 164.82 164.63 164.46 164.19 163.85 163.50 163.17 162.79 162.58 162.46 162.53 162.46 161.56 161.97 161.44 161.75 162.30 162.90 163.26 163.52 163.76 163.96 164.18 164.37 164.58 164.68 164.81 164.84 164.84 164.60 164.01 164.17 164.43 164.45 164.42 164.13 163.50 164.90 165.14 165.13 165.13 165.13 165.08 165.13 165.08 165.09 165.13 164.92 164.80 163.96 163.53 163.15 164.29 164.00 164.15 163.86 163.87 164.07 164.03 163.40 164.26 164.76 164.63 164.50 164.68 165.08 165.05 165.12 165.01 164.86 164.98 165.14 165.14 164.43 164.76 165.02 165.09 165.02 164.89 164.84 164.96 165.12 164.82 164.79 164.60 164.95 165.06 165.14 165.14 165.05 165.04 165.10 165.09 164.95 164.57 164.44 163.54 163.99 163.49 163.00 162.98 162.13 163.14 163.99 164.20 164.44 164.85 164.74 164.55 164.45 165.11 165.06 164.82 164.91 165.03 165.14 165.11 165.06 164.92 164.99 165.10 165.12 165.14 165.14 165.10 165.08 165.06 165.03 165.10 165.05 165.06 164.84 165.03 164.83 164.61 164.83 164.56 165.05 165.11 165.14 165.13 165.13 165.14 165.03 165.14 164.78 165.04 164.51 165.06 165.08 165.11 165.13 165.14 164.88 164.53 165.04
-21°N ||     165.12 165.09 165.14 165.14 165.14 165.13 165.05 164.60 164.79 164.96 165.00 165.02 164.96 165.01 164.98 164.93 165.10 165.13 165.14 165.10 165.03 164.96 164.93 164.85 164.73 164.57 164.27 163.86 163.37 162.96 162.64 162.28 162.06 162.03 162.19 161.65 161.85 161.07 161.23 161.80 162.21 162.65 162.92 163.19 163.48 163.69 163.98 164.18 164.39 164.56 164.66 164.79 164.81 164.55 164.18 164.38 164.09 164.33 164.08 163.76 163.84 164.14 165.14 165.14 165.11 165.13 165.11 165.06 165.09 165.07 164.86 164.97 164.82 164.54 163.44 162.76 163.59 163.95 163.62 163.48 163.72 163.84 163.96 163.50 163.78 163.47 164.48 164.44 164.70 165.01 165.02 165.01 164.90 164.76 165.02 165.13 165.14 165.09 165.08 165.12 165.13 165.14 164.79 164.99 165.08 165.05 165.11 164.67 164.59 164.88 164.94 164.91 165.03 165.08 165.12 165.12 165.07 164.76 164.91 164.43 164.16 163.81 163.97 163.30 164.06 164.08 163.85 165.12 164.81 164.82 164.98 165.07 164.76 165.10 165.12 164.97 164.42 164.54 165.00 164.97 165.06 165.06 164.89 164.68 165.11 165.13 165.13 165.14 165.10 165.08 164.99 164.87 164.64 164.88 165.14 164.87 164.98 164.92 164.66 165.04 164.98 165.05 165.01 165.00 165.14 165.13 165.07 165.11 165.09 164.91 164.80 164.98 164.99 164.82 164.87 165.12 165.08 165.10 165.08 165.08
-19°N ||     165.03 165.12 165.13 165.08 165.08 165.06 164.85 163.97 164.07 164.69 164.73 165.00 164.94 164.94 164.84 164.94 164.84 165.13 165.08 165.10 165.04 164.94 164.85 164.69 164.57 164.37 164.05 163.43 162.59 162.11 161.81 161.67 161.52 161.66 161.91 160.18 161.53 160.97 161.13 161.45 161.65 162.05 162.36 162.66 163.03 163.37 163.71 163.96 164.23 164.40 164.51 164.59 164.69 164.65 164.34 164.00 163.98 163.97 164.08 163.98 163.65 164.73 165.12 165.10 165.13 165.14 165.05 164.99 164.95 165.09 164.99 164.89 164.58 163.80 162.30 162.27 162.43 163.87 163.37 163.37 162.81 163.53 163.72 163.81 163.26 163.07 164.13 164.57 164.50 164.45 164.69 164.86 164.82 164.91 165.11 164.92 165.06 165.14 165.12 164.99 165.11 165.13 164.90 165.03 164.87 165.03 164.64 164.54 164.87 164.88 164.76 164.96 164.96 165.04 165.08 165.03 165.12 165.11 165.13 164.79 164.56 164.48 164.39 164.40 164.56 164.71 165.03 165.05 165.00 165.05 165.09 165.10 165.09 164.99 165.09 164.98 164.73 164.63 164.89 164.99 165.10 165.10 165.14 165.14 165.11 165.12 165.13 165.13 165.10 165.07 165.00 164.74 164.73 164.79 165.01 165.04 165.02 165.06 164.87 165.06 165.08 165.02 164.98 164.94 165.07 165.09 165.11 165.08 165.08 164.86 164.59 164.38 164.27 163.85 164.44 164.33 164.56 164.87 164.67 164.97
-17°N ||     165.03 165.03 165.04 165.14 165.14 165.09 164.54 164.17 164.34 164.48 164.69 164.94 164.84 165.14 164.91 164.44 165.06 165.07 165.14 165.08 165.03 164.94 164.72 164.51 164.35 164.10 163.67 162.60 161.62 161.01 160.91 161.00 161.21 161.40 161.05 160.33 160.78 161.02 160.85 160.72 160.84 161.29 161.73 162.05 162.59 163.00 163.38 163.65 163.96 164.21 164.30 164.47 164.48 164.54 164.26 163.95 163.48 163.50 163.99 163.89 163.66 164.83 165.08 164.88 165.06 163.03 161.83 163.15 165.01 164.87 165.13 164.76 164.67 163.98 162.30 162.43 162.33 163.86 163.19 163.72 163.26 163.46 163.42 163.45 163.35 163.48 163.89 163.90 163.96 164.41 164.84 164.79 164.79 164.83 165.05 164.94 165.14 165.14 165.10 165.07 165.10 165.08 164.92 164.92 164.90 164.84 164.94 164.63 164.94 164.86 164.95 164.90 164.75 164.76 164.95 164.98 165.04 165.14 165.12 165.11 165.10 165.13 165.00 165.06 165.10 164.86 164.93 164.95 164.94 165.09 165.08 164.95 164.69 164.91 164.98 164.91 164.56 164.58 164.91 165.03 165.12 165.12 165.14 165.14 165.12 165.12 165.11 165.09 165.08 164.99 165.05 165.01 164.84 164.90 164.84 164.81 165.01 165.09 165.01 165.09 165.09 165.07 164.98 164.89 165.13 164.92 165.06 165.08 165.03 164.43 164.42 164.09 164.08 163.75 163.43 164.20 164.21 164.62 164.14 164.98
-15°N ||     164.76 164.98 165.03 165.11 165.00 164.85 163.32 163.77 164.57 164.47 164.47 164.92 165.04 165.00 164.88 164.51 164.96 165.04 164.77 165.09 165.06 164.92 164.75 164.53 164.22 163.78 162.96 161.47 159.86 159.35 159.87 160.54 160.74 161.05 161.21 161.14 161.35 161.38 160.60 160.20 160.16 160.81 161.21 161.58 162.13 162.73 163.14 163.44 163.64 163.78 163.80 164.15 164.31 164.30 164.03 163.93 163.58 164.29 163.82 164.46 164.52 163.47 162.86 162.63 162.17 161.93 161.69 162.06 162.03 164.81 164.92 164.37 164.50 164.30 162.96 163.01 162.60 163.06 163.41 163.55 163.43 163.40 163.52 163.12 163.53 163.66 163.62 163.95 164.14 164.29 164.10 164.49 164.61 164.96 165.05 165.04 165.08 165.13 165.07 165.09 165.03 165.06 165.01 164.84 164.91 164.77 164.85 164.83 164.74 164.79 164.95 164.73 164.61 164.60 164.66 164.39 164.97 165.14 165.12 165.13 165.09 165.13 165.13 165.14 165.02 165.00 164.82 164.85 165.13 165.08 165.03 164.61 164.53 164.59 164.75 164.70 164.53 164.67 164.71 164.95 165.08 165.13 165.12 165.13 165.14 165.12 165.07 165.10 164.99 164.90 164.99 165.00 164.79 164.61 165.09 165.12 164.90 165.03 165.11 165.07 165.09 165.04 164.90 165.00 165.13 165.14 165.13 165.13 165.14 164.36 163.86 162.54 163.17 163.42 164.08 163.11 163.78 162.57 164.94 164.83
-13°N ||     164.49 164.68 164.93 165.07 164.99 164.61 164.02 163.35 163.71 163.43 163.95 164.63 164.78 164.62 164.65 164.55 164.98 165.03 165.09 165.14 165.10 164.95 164.77 164.54 164.14 163.56 162.58 160.43 157.88 157.35 158.75 160.03 160.44 160.55 160.65 161.44 161.16 161.11 160.42 160.10 160.15 161.49 160.69 161.25 161.84 162.39 162.91 163.22 163.45 163.62 163.66 164.30 163.79 164.13 162.32 163.36 162.82 163.48 162.94 162.48 163.02 164.87 164.83 164.96 162.77 161.93 162.98 163.11 165.05 161.99 164.24 164.65 164.30 163.95 163.77 163.06 163.25 162.64 162.27 163.25 163.36 163.34 163.41 163.40 163.80 163.68 163.41 163.82 164.19 163.69 164.03 164.20 164.51 164.80 164.36 164.92 165.04 165.11 165.14 165.14 165.13 165.10 164.99 164.89 164.77 164.89 164.80 164.79 164.71 164.66 164.64 164.76 164.49 164.73 164.66 164.77 164.83 165.13 165.13 165.09 165.14 165.05 165.14 165.13 165.11 165.12 165.11 165.10 165.14 165.13 164.72 164.53 164.33 164.62 164.63 164.78 164.51 164.63 164.98 165.00 165.14 165.12 165.13 165.13 165.14 165.13 165.02 164.96 164.94 164.94 164.96 164.84 164.95 164.81 165.14 165.13 164.98 164.94 165.09 165.13 165.05 165.05 164.93 164.86 165.01 165.08 165.07 164.96 164.67 163.79 163.33 162.87 162.73 162.92 163.03 162.72 162.48 162.92 162.48 162.94
-11°N ||     162.55 163.20 162.39 162.30 164.20 164.32 163.90 163.22 163.68 163.64 163.97 164.08 164.01 164.49 164.28 164.38 164.53 164.90 165.02 165.13 165.12 165.05 164.82 164.54 164.01 163.44 162.54 160.68 157.96 155.92 157.00 160.03 160.34 160.35 160.24 160.99 160.90 160.56 160.00 159.72 160.25 160.64 160.58 161.16 161.66 162.13 162.87 163.08 163.29 163.51 163.39 164.01 163.89 162.62 162.57 162.59 162.85 162.80 162.65 163.72 164.32 164.49 164.69 164.83 165.06 165.02 165.08 164.10 164.79 164.98 162.01 163.81 161.96 162.87 163.52 162.77 162.41 162.82 162.47 162.37 163.20 163.19 163.08 163.31 163.22 163.38 162.94 163.56 163.41 163.85 163.83 163.47 164.43 164.61 164.80 164.86 164.75 164.88 164.90 165.06 165.14 165.14 165.08 164.99 164.93 164.76 164.75 164.80 164.65 164.67 164.84 164.74 164.79 164.61 164.77 164.85 164.78 164.94 165.09 165.01 165.07 165.13 165.12 165.11 165.00 165.02 165.14 165.05 165.14 165.14 165.08 164.74 164.40 164.57 164.53 164.82 164.68 164.94 165.08 165.08 165.14 165.14 165.12 165.14 165.14 165.14 165.12 165.12 165.05 165.05 164.91 164.81 164.57 164.87 164.83 164.95 165.11 165.12 165.02 165.02 165.09 165.12 165.00 165.08 165.08 163.87 165.01 164.68 164.38 163.51 163.15 163.05 162.44 162.61 162.33 162.14 162.13 163.28 162.91 163.56
-9°N ||     164.04 163.56 163.64 162.87 162.35 163.99 163.19 163.69 163.16 162.94 163.68 163.48 163.94 164.10 164.07 164.42 164.40 164.74 164.91 165.10 165.14 165.07 164.93 164.62 164.20 163.58 162.78 161.95 158.40 154.74 154.73 158.80 160.20 160.20 160.28 160.13 160.62 160.36 160.39 160.01 160.16 160.86 162.66 164.22 163.17 162.19 162.81 163.41 163.36 163.73 163.17 161.77 161.82 162.33 163.03 163.33 162.43 163.55 163.10 164.27 164.48 164.57 164.78 164.94 165.10 165.09 163.34 164.56 162.48 164.33 162.06 162.00 162.19 161.77 162.09 162.49 163.19 162.69 162.63 161.80 162.37 163.26 162.96 162.90 163.02 162.96 162.57 163.44 163.35 163.35 162.97 164.11 164.12 164.24 164.64 164.90 164.84 165.00 165.13 165.12 165.14 164.95 165.04 165.10 165.09 164.89 164.75 164.96 164.98 164.85 164.81 164.77 164.88 164.90 164.90 164.82 164.83 164.87 165.00 165.03 164.95 164.94 165.04 164.93 164.91 164.99 165.09 165.14 165.13 165.14 165.11 164.92 164.42 164.94 164.91 164.60 165.07 165.13 164.93 165.09 165.14 165.14 165.13 165.14 165.14 165.12 165.10 165.14 165.14 165.07 164.73 164.84 164.57 164.99 165.11 165.09 165.13 165.09 165.13 164.97 164.99 163.92 163.31 164.28 164.36 163.31 163.41 163.72 163.25 163.15 162.85 162.55 162.28 162.06 161.89 161.94 163.19 164.95 162.99 163.30
-7°N ||     163.14 163.25 163.48 163.47 161.77 162.11 162.88 162.74 162.12 162.49 162.73 163.25 163.61 163.67 163.72 163.57 163.76 164.41 164.76 165.00 165.13 165.12 165.01 164.71 164.31 163.87 163.25 162.67 159.11 155.83 156.55 158.15 159.81 160.10 160.29 160.54 160.02 160.03 160.52 160.02 163.49 163.90 161.14 164.60 163.93 163.10 164.09 163.75 163.04 163.60 163.88 163.05 164.63 162.50 163.66 163.67 163.23 164.28 164.12 164.62 164.71 164.73 164.91 165.00 164.36 163.09 162.57 162.86 165.14 165.12 163.07 162.06 161.98 161.72 161.90 161.70 162.11 162.98 163.05 162.65 162.50 162.74 162.62 163.09 162.92 163.13 163.41 163.64 163.73 163.55 163.69 163.43 164.13 164.26 164.29 164.19 164.18 164.85 165.12 165.06 165.04 165.01 165.00 165.10 164.78 165.03 165.08 164.95 164.95 164.97 165.05 165.04 165.07 164.72 164.82 164.82 164.82 165.06 165.08 165.01 164.78 164.71 164.73 164.63 164.89 165.10 165.02 165.08 165.14 165.14 165.14 165.10 164.68 164.61 164.87 164.91 164.98 165.01 164.95 165.12 165.14 165.13 165.10 165.11 165.12 165.11 165.00 165.07 165.08 164.93 164.58 164.46 164.61 164.99 164.77 165.10 163.94 164.63 164.69 164.75 163.93 163.35 163.54 163.82 162.80 162.32 162.71 162.37 162.31 162.39 162.32 162.35 162.10 161.81 161.73 161.68 162.14 162.61 162.71 163.12
-5°N ||     162.99 162.75 162.52 162.61 163.06 161.71 161.79 161.82 161.71 162.35 162.76 163.70 163.34 163.07 162.68 162.44 162.45 163.15 164.59 164.63 164.99 165.13 165.11 164.90 164.60 164.19 163.72 162.87 161.63 159.83 158.38 158.65 159.81 159.97 160.39 160.68 160.65 161.77 160.95 160.22 160.63 160.97 161.44 164.86 163.98 164.62 163.29 164.07 163.90 163.29 162.87 164.90 163.27 163.71 163.92 163.39 163.75 164.52 163.69 163.43 164.86 164.94 164.96 165.01 165.07 165.11 165.01 165.06 165.14 165.06 164.61 163.45 162.33 163.93 164.00 162.17 161.75 161.68 163.52 163.15 162.06 162.24 162.35 162.63 162.78 163.15 163.51 163.47 163.16 163.41 163.64 163.78 163.55 164.26 164.28 164.06 164.18 164.24 164.69 164.57 165.06 164.94 165.03 165.09 165.14 165.10 165.07 165.04 165.08 165.01 165.14 165.14 165.13 164.87 164.78 164.81 164.67 164.80 164.64 164.97 164.80 164.94 164.85 164.84 164.96 164.88 164.93 164.98 165.09 165.12 165.12 164.93 164.99 164.72 164.91 165.04 165.03 165.10 165.14 165.14 165.13 165.13 164.90 164.85 164.89 165.03 164.39 164.72 165.04 165.12 165.03 164.89 165.05 165.14 165.12 165.07 162.64 163.87 161.94 162.73 163.11 163.61 163.57 162.67 162.66 162.01 161.99 162.11 162.13 161.98 161.97 161.94 161.71 161.73 161.72 161.69 161.69 161.87 162.24 162.63
-3°N ||     162.59 162.68 162.26 162.19 162.46 161.67 161.68 161.67 162.03 161.93 163.21 164.27 162.71 161.77 161.85 161.68 163.40 164.54 163.20 163.96 164.48 165.02 165.08 165.12 164.88 164.52 164.12 163.31 162.62 161.24 160.15 159.94 159.61 159.58 160.50 160.99 161.35 161.54 161.57 161.09 160.86 161.50 161.92 162.85 163.15 163.20 163.80 163.83 163.67 163.35 163.13 162.91 163.40 163.76 163.88 163.89 164.39 164.76 164.94 162.17 164.83 165.12 165.11 164.94 165.14 165.12 163.87 164.97 164.88 164.52 164.18 163.86 161.98 163.06 163.29 162.12 162.45 162.20 162.81 162.66 162.33 162.33 161.96 162.25 162.69 162.95 162.74 163.11 163.15 163.26 163.39 163.65 163.82 163.90 164.13 164.20 164.75 164.21 164.22 164.14 165.01 165.04 165.09 165.13 165.11 165.06 165.12 165.14 165.14 165.14 165.13 165.12 165.08 165.01 164.98 164.73 164.53 165.06 164.90 164.99 164.95 164.97 164.89 164.91 164.83 165.00 164.87 165.11 165.14 165.14 165.06 165.10 165.08 165.01 165.13 164.73 165.01 165.08 165.13 165.13 165.13 165.11 164.61 164.61 164.97 164.17 164.44 164.92 165.09 165.13 164.98 165.11 165.08 165.13 165.09 164.68 162.69 162.62 162.56 163.24 162.43 162.62 162.68 162.82 162.46 161.96 162.20 162.63 161.77 161.70 161.74 161.68 161.67 161.67 161.67 161.67 161.67 161.69 162.07 162.15
-1°N ||     162.03 162.14 162.05 161.80 161.74 161.69 161.68 161.76 161.74 162.57 163.51 164.49 162.45 161.81 161.67 162.20 163.19 162.57 162.78 163.89 164.17 164.57 164.87 165.12 165.10 164.74 164.30 163.70 163.04 162.30 161.18 160.54 158.98 157.34 160.73 161.22 161.52 161.81 161.98 162.01 162.05 162.93 163.29 163.58 163.82 164.29 164.53 164.67 164.82 164.82 163.82 165.00 162.35 163.91 164.02 164.26 164.84 165.01 165.04 164.55 165.10 165.12 165.05 165.10 165.07 165.04 165.04 164.00 163.82 164.05 163.18 163.73 161.98 162.08 162.48 162.45 162.74 162.63 162.52 162.25 161.91 161.84 162.06 162.55 162.44 162.52 162.78 163.11 163.32 163.40 163.29 163.08 163.58 163.69 164.05 164.19 164.85 164.25 164.27 164.19 165.01 165.10 165.14 165.14 165.11 165.14 165.14 165.13 165.12 165.10 165.06 165.07 165.10 165.03 165.02 164.85 164.67 165.13 165.08 165.07 165.08 164.92 164.94 164.85 165.03 165.05 165.10 165.13 165.00 165.11 165.11 164.78 165.11 165.07 164.78 164.93 165.06 164.12 165.12 165.14 165.09 165.04 164.50 164.43 164.35 164.09 164.26 164.98 164.98 165.14 165.11 165.14 164.85 164.81 164.37 162.69 162.12 161.89 162.22 162.28 161.76 161.97 162.40 162.45 161.93 162.12 162.71 162.13 161.76 161.68 161.68 161.67 161.67 161.67 161.67 161.67 161.68 161.68 161.78 161.95
1°N ||     161.90 162.16 161.81 161.67 161.68 161.68 161.68 161.89 161.73 162.27 163.31 163.26 162.06 161.69 161.67 161.78 162.01 162.27 163.95 163.12 163.82 163.82 164.82 165.14 165.04 164.97 164.59 163.87 163.13 162.85 162.41 161.83 159.42 156.60 157.59 161.53 161.70 161.84 162.19 162.53 162.95 163.27 163.50 163.80 164.15 164.54 164.76 164.95 165.13 164.90 164.61 163.85 163.68 164.03 164.29 164.73 164.97 165.12 165.13 165.03 165.05 165.10 164.67 165.11 165.07 164.99 165.06 163.17 164.63 164.20 163.47 162.18 162.27 162.22 163.11 162.75 162.69 162.52 163.04 161.75 162.98 161.69 162.20 162.66 162.41 162.30 162.73 163.16 162.97 163.33 163.37 163.17 163.50 163.52 163.63 164.09 164.23 164.69 164.65 164.85 164.88 164.83 165.00 164.52 165.13 165.14 165.11 164.98 165.06 165.07 165.01 165.14 165.03 165.13 165.05 164.96 165.09 165.07 164.97 165.12 165.05 165.00 165.04 165.05 165.04 165.08 165.12 165.12 165.10 165.10 164.76 164.95 164.51 164.55 164.26 164.53 164.80 164.89 164.66 164.94 164.46 164.38 163.91 163.95 163.78 164.34 164.95 165.00 164.96 165.11 164.99 164.54 163.31 162.93 162.82 162.64 162.09 161.86 161.98 161.78 161.94 161.94 162.12 161.84 161.88 162.08 162.37 161.83 161.71 161.69 161.67 161.67 161.67 161.67 161.67 161.67 161.67 161.67 161.68 161.75
3°N ||     161.67 161.67 161.67 161.67 161.69 161.70 161.69 161.68 161.67 162.24 162.55 162.42 161.68 161.70 161.69 161.67 161.68 163.06 163.29 162.60 163.00 164.35 164.99 165.13 164.90 165.13 164.89 163.32 163.14 163.24 163.12 163.25 162.75 159.10 160.76 161.84 161.59 161.72 162.26 162.74 163.15 163.38 163.56 163.54 164.46 164.76 165.02 165.12 165.14 164.57 164.57 164.98 164.64 164.78 164.99 165.11 165.14 165.14 165.13 165.04 164.98 165.11 165.11 164.60 164.35 164.88 164.75 164.12 164.01 163.51 163.27 162.90 161.89 161.95 161.98 162.00 161.71 161.75 161.99 161.85 162.58 162.77 162.17 162.46 162.65 162.27 162.85 163.31 163.10 163.13 162.94 163.16 163.28 163.49 163.69 164.03 164.09 164.46 164.27 164.53 164.52 164.54 164.56 164.81 164.79 165.11 165.02 164.71 164.24 165.04 165.04 165.13 165.12 165.11 165.08 165.14 165.12 165.13 165.04 165.12 165.08 165.03 165.02 165.07 165.07 165.09 165.14 165.14 165.10 165.04 164.11 163.35 162.85 162.65 162.07 162.67 164.29 164.45 164.66 164.25 164.18 163.82 163.59 163.85 163.96 164.63 164.71 164.87 164.97 165.10 164.29 162.67 162.86 163.17 163.01 162.16 161.97 161.83 161.79 161.71 162.01 161.72 161.82 161.75 161.78 161.99 161.89 161.74 161.70 161.69 161.68 161.67 161.67 161.67 161.67 161.67 161.67 161.67 161.67 161.67
5°N ||     161.67 161.67 161.84 161.69 161.71 161.72 161.70 161.69 161.67 161.71 161.90 162.02 161.70 161.74 161.74 161.70 162.05 163.42 162.09 162.33 163.36 164.87 165.14 165.09 165.13 165.14 165.13 164.52 163.26 163.16 163.37 163.77 164.00 163.71 162.84 162.20 161.38 161.18 162.40 163.01 163.41 163.61 163.71 163.48 164.61 165.04 165.14 165.13 165.00 164.35 163.99 165.12 165.12 165.14 165.10 164.95 165.04 165.02 164.99 164.87 164.48 164.97 165.12 165.02 164.91 164.44 164.07 163.89 163.79 163.15 162.41 162.04 162.36 162.20 161.94 161.74 161.79 162.40 162.62 162.57 162.85 162.40 162.69 162.49 162.21 162.54 162.63 163.18 163.03 163.17 163.26 163.21 163.70 163.78 163.85 163.89 163.96 163.93 164.15 164.50 164.46 164.53 164.65 164.56 164.67 164.71 164.64 164.76 164.66 165.11 165.09 165.06 165.11 165.08 165.09 165.10 165.10 165.13 165.12 165.12 165.08 165.04 165.00 165.02 165.14 165.11 165.14 165.13 165.01 164.62 163.41 161.81 161.88 161.88 161.86 161.76 162.12 163.06 163.54 163.67 163.75 163.27 163.52 163.97 163.88 164.52 164.74 164.67 165.07 165.02 162.74 162.91 162.61 162.54 162.34 162.25 161.91 161.80 161.73 161.72 161.76 161.79 161.74 161.74 161.73 161.74 161.74 161.75 161.70 161.70 161.69 161.68 161.67 161.67 161.67 161.67 161.67 161.67 161.67 161.67
7°N ||     161.67 161.67 161.68 161.69 161.71 161.72 161.72 161.71 161.69 161.67 161.73 161.70 161.74 161.78 161.79 161.72 162.22 161.72 161.77 162.28 163.93 164.75 164.64 164.90 165.02 165.04 165.11 164.95 162.85 163.02 163.37 164.11 164.34 164.13 163.55 162.66 160.32 160.30 162.89 163.37 163.64 163.80 163.90 164.13 164.93 165.09 165.14 165.09 164.90 164.49 163.94 163.84 165.04 165.06 165.06 165.05 164.96 164.83 164.69 164.56 164.46 164.74 165.07 164.75 164.23 163.98 163.62 163.43 163.30 162.84 162.21 162.05 161.97 161.98 161.90 162.24 162.37 162.52 161.78 161.94 161.94 162.51 162.39 162.34 162.53 162.92 162.91 163.22 163.01 163.35 163.18 163.32 163.39 163.19 163.88 164.02 164.17 163.86 164.31 164.66 164.66 164.60 164.47 164.60 164.71 164.47 164.93 164.11 164.66 164.53 164.82 165.03 165.14 164.96 165.02 165.06 165.02 165.12 165.12 165.12 165.07 165.08 165.01 165.13 165.01 165.09 165.14 165.11 164.62 162.99 161.78 161.94 161.91 161.90 161.90 161.85 161.83 161.69 162.94 163.01 162.86 163.16 163.73 163.60 164.52 164.81 164.75 164.32 164.67 164.68 162.98 162.42 162.29 162.12 162.15 162.08 161.78 161.72 161.77 161.71 161.74 161.77 161.74 161.75 161.72 161.72 161.75 161.74 161.75 161.74 161.72 161.82 161.68 161.67 161.68 161.67 161.67 161.67 161.67 161.67
9°N ||     161.68 161.75 161.68 161.68 161.72 161.72 161.72 161.71 161.74 161.67 161.68 161.73 161.79 161.82 161.80 161.68 161.71 161.67 161.82 162.98 163.27 163.77 163.98 164.28 164.59 164.90 165.08 165.00 163.41 163.31 163.86 164.56 164.54 164.63 164.34 163.10 159.61 157.64 162.11 163.64 163.79 163.99 164.18 164.48 164.89 165.09 165.14 165.06 164.87 164.44 163.92 163.80 164.11 164.92 164.96 164.96 164.86 164.70 164.56 164.34 164.09 164.27 164.46 164.33 164.18 163.51 162.81 162.73 162.60 162.22 162.00 161.97 161.85 161.94 161.87 161.91 161.82 161.97 161.87 162.33 162.31 162.44 162.56 162.38 162.30 162.57 162.74 162.46 162.74 162.71 163.11 163.25 163.50 163.36 163.66 163.14 163.86 164.15 164.25 164.07 164.03 164.78 164.97 165.01 164.53 164.36 164.24 164.81 164.89 164.99 165.03 164.97 165.10 165.04 165.13 165.11 165.11 165.11 165.11 164.98 165.09 165.07 164.95 164.95 165.11 165.09 165.14 165.01 164.17 161.89 161.84 161.96 161.97 161.95 161.92 161.89 161.86 161.78 161.67 162.04 162.45 162.68 163.76 164.19 164.22 164.36 163.72 163.32 163.60 163.56 162.62 162.12 162.12 162.14 161.81 161.70 161.77 161.78 161.86 161.84 162.00 161.93 161.98 161.89 161.78 161.73 161.85 161.80 161.90 161.93 161.89 161.69 161.69 161.67 161.69 161.67 161.67 161.67 161.67 161.67
11°N ||     161.68 161.68 161.72 161.69 161.74 161.74 161.76 161.75 161.80 161.77 161.73 161.84 161.86 161.84 161.82 161.79 161.67 161.68 161.84 162.58 162.95 163.24 163.77 164.24 164.63 164.87 165.11 164.99 164.56 164.76 164.72 164.71 164.72 164.72 164.78 164.71 160.31 154.59 156.02 163.62 163.93 164.14 164.36 164.63 164.89 165.10 165.13 165.02 164.74 164.45 164.03 163.75 163.83 164.74 164.84 164.86 164.73 164.55 164.43 164.23 164.02 164.41 164.54 163.86 163.44 162.99 162.28 161.96 161.82 161.89 161.92 161.86 161.93 161.95 162.20 161.99 161.77 162.16 162.36 162.13 162.40 162.52 162.73 162.85 162.57 162.47 162.38 162.47 162.62 162.81 163.09 163.21 163.17 163.17 162.97 163.67 163.29 164.17 164.05 163.94 164.15 164.21 164.54 165.00 164.39 164.51 163.20 164.46 163.95 165.04 164.90 164.94 164.98 164.84 165.00 165.00 165.10 165.14 165.14 165.08 165.12 165.10 165.04 164.99 165.05 165.14 165.09 164.77 163.39 161.69 161.96 161.99 162.01 161.96 161.90 161.89 161.84 161.81 161.69 161.81 162.09 163.65 163.22 163.52 163.90 163.14 162.60 162.34 162.35 162.25 162.01 161.78 161.68 161.68 161.74 161.69 161.72 161.71 161.91 162.05 162.24 162.48 162.39 162.31 162.17 162.07 162.04 162.04 162.00 162.00 162.63 161.83 161.70 161.70 161.70 161.67 161.67 161.67 161.88 161.67
13°N ||     161.67 161.69 161.69 161.82 161.73 161.72 161.77 161.79 161.81 161.83 161.86 161.90 161.90 161.89 161.87 161.80 161.74 161.68 162.69 162.55 162.81 163.47 163.87 164.17 164.66 164.95 165.10 165.13 164.89 164.88 164.81 164.80 164.80 164.85 164.95 165.02 164.48 156.41 157.69 162.73 163.73 164.31 164.59 164.76 162.04 165.14 165.09 164.94 164.67 164.46 163.96 163.79 163.74 164.64 164.73 164.67 164.53 164.38 164.27 164.12 164.06 163.95 163.62 163.92 163.10 162.14 161.83 161.68 161.67 161.84 161.88 161.89 161.74 161.79 161.80 161.75 161.73 161.81 162.40 162.84 162.86 162.53 162.72 162.58 162.60 162.61 161.89 162.56 161.91 162.77 163.18 163.09 163.07 162.76 162.90 163.74 163.72 163.60 163.43 163.38 163.51 164.34 164.54 164.43 164.28 164.07 164.26 163.88 163.16 164.57 164.68 164.34 164.81 164.89 164.99 165.08 165.13 165.12 165.08 165.10 165.04 165.13 165.11 165.12 165.13 165.14 165.01 164.39 162.81 161.69 161.96 161.98 161.96 161.93 161.89 161.88 161.85 161.82 161.72 161.70 161.86 162.71 162.54 162.41 162.44 162.29 162.31 161.82 161.97 161.72 161.68 161.67 161.67 161.69 161.69 161.67 161.67 161.74 162.11 162.70 163.37 163.69 163.23 163.19 162.81 162.56 162.45 162.20 162.24 162.18 162.12 162.40 161.81 161.73 161.68 161.72 161.67 161.80 162.50 162.08
15°N ||     161.72 161.70 161.71 161.78 161.75 161.72 161.79 161.85 161.86 161.89 161.92 161.98 161.97 161.95 161.95 161.85 161.68 161.79 162.48 162.51 163.78 164.26 159.81 159.14 161.84 165.03 165.13 165.14 165.12 164.97 164.93 164.87 164.87 164.91 164.95 165.00 165.00 164.16 162.25 162.66 163.92 164.46 164.75 164.90 165.08 165.12 165.03 164.85 164.66 164.47 164.07 163.79 163.65 164.52 164.54 164.57 164.44 164.25 164.11 164.08 163.97 163.97 164.06 163.44 162.06 161.72 161.67 161.67 161.67 161.79 161.91 161.90 161.75 161.71 161.77 161.73 162.11 161.82 162.00 162.12 162.24 162.48 163.41 161.71 162.43 162.57 162.47 162.61 162.58 162.58 161.96 162.46 162.94 163.10 163.17 163.40 163.32 163.20 163.09 162.89 163.20 163.26 164.09 164.21 164.07 164.02 164.21 163.06 163.58 164.84 164.60 164.54 164.42 164.43 164.92 164.97 165.04 165.11 165.10 165.10 165.14 165.11 165.14 165.14 164.99 165.08 164.86 163.85 162.17 161.92 161.94 161.90 161.96 161.92 161.88 161.87 161.83 161.81 161.73 161.67 161.73 161.84 162.01 162.06 162.11 162.05 161.93 161.79 161.67 161.67 161.67 161.69 161.69 161.71 161.72 161.71 161.67 161.80 162.49 163.31 163.92 164.25 164.54 164.25 163.94 163.13 162.76 162.52 162.49 162.35 162.26 162.20 161.96 161.76 161.76 161.86 161.69 161.67 161.95 161.88
17°N ||     161.69 161.72 161.74 161.78 161.68 161.78 161.80 161.83 161.91 161.93 161.97 162.01 162.03 162.02 162.05 161.71 161.69 161.77 162.14 162.13 164.21 158.78 154.88 154.05 156.51 163.42 165.14 165.13 165.10 165.11 165.05 164.93 164.90 164.93 164.96 165.01 165.01 164.90 164.14 164.03 164.43 164.61 164.79 164.94 165.10 165.11 164.97 164.77 164.58 164.38 164.19 163.66 163.76 164.72 164.70 164.30 164.32 164.18 164.11 164.02 163.91 163.70 163.31 162.34 161.94 161.67 161.67 161.72 161.81 161.83 161.80 161.84 161.82 161.75 161.77 161.76 161.70 161.68 161.75 162.15 162.37 162.92 162.38 162.29 162.63 162.51 162.47 161.81 162.55 162.34 162.48 162.58 163.05 163.15 162.93 162.73 162.90 162.87 162.89 162.62 162.67 162.95 163.61 163.79 163.31 163.39 163.38 163.47 164.40 164.68 164.48 164.44 164.63 164.78 164.84 164.91 165.05 165.12 165.11 165.10 165.09 165.10 165.11 165.09 165.06 164.98 164.19 163.59 162.01 161.84 161.91 161.93 161.91 161.88 161.87 161.87 161.84 161.78 161.73 161.68 161.67 161.67 161.68 161.68 161.68 161.67 161.67 161.67 161.69 161.71 161.73 161.73 161.73 161.77 161.75 161.75 161.69 161.83 162.50 163.76 164.40 164.82 165.01 165.00 164.72 163.58 163.01 162.87 162.88 162.65 162.40 162.14 161.93 161.79 161.83 161.74 161.67 161.67 161.67 161.83
19°N ||     161.70 161.73 161.77 161.79 161.82 161.78 161.80 161.86 161.93 161.97 162.01 162.06 162.08 162.09 162.11 161.75 161.68 161.93 162.99 162.48 164.03 158.91 154.96 154.29 156.08 164.09 165.08 165.01 164.99 165.06 165.13 164.99 164.86 164.82 164.82 164.96 165.02 165.01 164.77 164.66 164.72 164.77 164.82 164.93 165.06 165.14 164.91 164.71 164.46 164.36 164.19 163.59 164.04 163.89 164.75 164.54 164.31 164.21 164.05 164.02 163.70 163.70 162.91 161.95 161.69 161.69 161.77 161.81 161.90 161.91 161.97 161.91 161.89 161.84 161.80 161.67 161.67 161.67 161.74 161.98 162.27 162.50 162.48 162.23 161.75 162.75 162.57 162.91 162.57 162.44 162.40 162.38 162.01 162.69 162.75 162.58 162.71 162.71 162.75 162.65 162.61 163.20 161.85 163.22 162.90 163.73 164.07 163.52 164.12 164.24 164.45 164.59 164.80 164.85 164.84 164.61 165.09 164.93 165.11 164.97 164.86 164.68 165.08 165.06 165.02 164.89 164.35 164.51 162.73 161.71 161.76 161.88 161.85 161.85 161.84 161.81 161.81 161.79 161.76 161.73 161.72 161.72 161.76 161.72 161.73 161.72 161.75 161.76 161.77 161.80 161.82 161.80 161.87 161.84 161.83 161.77 161.71 161.85 162.98 164.17 164.94 165.12 165.14 165.08 165.02 164.91 163.60 163.27 163.06 162.82 162.50 162.18 161.94 161.78 161.74 161.67 161.91 161.69 161.68 161.70
21°N ||     161.82 161.77 161.77 161.84 161.90 161.89 161.88 161.93 162.00 162.02 162.08 162.10 162.13 162.14 162.14 161.74 161.74 162.55 162.94 162.30 162.88 161.19 158.52 157.50 159.61 165.06 164.79 164.80 164.87 165.03 165.14 165.06 164.85 164.69 164.56 164.49 165.00 165.01 164.93 164.85 164.83 164.84 164.87 164.95 165.06 165.14 164.67 164.73 164.58 164.39 164.38 163.93 163.53 163.25 164.60 164.54 164.48 164.29 164.22 163.93 163.73 163.61 162.44 161.90 161.67 161.82 161.85 161.89 161.94 161.96 161.97 161.95 161.87 161.89 161.83 161.71 161.69 161.71 161.70 161.98 162.22 162.07 162.08 162.27 162.77 162.62 162.33 162.54 162.44 162.30 162.46 162.45 162.63 162.70 162.38 162.53 162.68 162.61 162.64 162.64 162.53 163.10 163.46 162.84 163.68 163.42 162.96 164.59 164.08 163.46 164.65 164.77 164.86 164.76 164.68 164.58 164.98 164.97 165.10 164.79 164.72 164.77 165.12 165.03 164.87 164.89 164.43 164.59 163.97 162.97 161.74 161.72 161.71 161.74 161.74 161.80 161.79 161.79 161.79 161.78 161.79 161.83 161.83 161.83 161.84 161.83 161.87 161.89 161.89 161.87 161.90 161.88 161.90 161.86 161.89 161.89 161.79 161.78 163.18 164.66 165.14 165.14 165.13 165.12 165.10 164.75 164.07 163.68 163.33 162.90 162.46 162.19 161.97 161.83 161.68 161.68 162.02 161.70 161.70 161.72
23°N ||     161.79 161.82 161.84 161.88 161.91 161.96 161.99 162.04 162.07 162.08 162.12 162.13 162.14 162.14 162.15 161.75 161.76 162.77 162.31 161.96 161.93 163.00 162.61 163.12 164.92 163.94 164.49 164.60 164.78 165.07 165.14 165.06 164.89 164.61 164.42 164.35 164.86 165.01 164.97 164.84 164.84 164.71 164.88 164.97 164.99 165.12 165.03 164.86 164.76 164.59 164.45 164.29 163.95 163.42 163.88 164.29 163.10 161.81 162.15 163.25 163.57 163.95 162.36 161.86 161.67 161.80 161.90 161.94 161.99 162.01 161.98 162.02 161.87 162.06 161.92 161.82 161.79 161.80 161.78 161.73 161.96 162.44 162.80 162.39 162.63 162.56 162.45 162.35 162.38 162.66 162.28 162.23 162.33 162.50 162.20 162.13 161.91 162.96 162.31 162.37 162.63 163.00 163.40 163.01 162.98 163.12 163.13 163.58 164.14 163.84 164.32 164.67 164.68 164.85 164.86 164.83 164.65 164.99 165.13 164.85 164.74 164.90 163.73 164.28 164.95 164.98 164.75 164.50 164.38 163.63 162.91 162.32 161.88 161.69 161.68 161.75 161.78 161.81 161.84 161.85 161.86 161.93 161.89 161.95 161.98 162.01 162.03 162.01 162.09 162.04 162.05 162.03 162.02 162.03 162.05 161.99 161.94 161.70 163.30 164.78 165.11 165.13 165.09 164.05 164.72 165.09 164.49 163.86 163.27 162.90 162.46 162.15 161.88 161.72 161.67 161.75 161.68 161.69 161.74 161.77
25°N ||     161.82 161.84 161.83 161.93 162.00 162.00 162.04 162.05 162.07 162.10 162.13 162.13 162.14 162.14 162.15 161.78 161.97 162.44 162.32 162.63 161.90 162.12 162.15 162.18 162.88 163.69 164.67 164.48 164.92 165.12 165.11 165.02 164.79 164.54 164.35 163.95 163.98 164.96 164.99 164.83 164.89 164.83 164.90 164.36 165.09 165.11 164.97 164.89 164.82 164.73 164.85 164.51 164.43 163.16 164.50 164.44 164.33 164.41 162.90 161.93 161.97 163.00 162.14 161.70 161.80 161.92 161.97 161.98 162.01 162.04 162.04 162.02 161.99 161.95 161.84 161.88 161.86 161.90 161.97 161.71 161.67 162.15 162.33 162.06 162.22 162.27 162.16 162.25 162.21 162.54 162.31 161.97 162.24 162.21 162.19 162.18 162.06 162.29 162.47 162.31 163.08 163.00 162.74 162.99 163.20 162.52 162.77 163.68 163.27 163.51 164.22 163.91 164.05 163.99 163.49 164.78 164.53 165.09 164.92 165.14 165.07 165.10 165.02 164.96 164.94 164.86 164.91 164.79 164.23 164.55 163.17 162.35 162.35 161.82 161.69 161.77 161.81 161.89 161.92 161.94 162.00 162.02 162.06 162.12 162.18 162.25 162.29 162.31 162.30 162.26 162.22 162.20 162.22 162.18 162.14 162.08 161.99 161.89 162.43 164.21 165.13 165.12 164.11 157.54 163.90 165.11 164.46 163.75 163.32 162.82 162.24 162.22 161.83 161.68 161.67 161.68 161.70 161.71 161.76 161.78
27°N ||     161.89 161.92 161.94 161.94 162.03 162.00 162.09 162.11 162.11 162.12 162.12 162.13 162.13 162.13 162.14 161.85 161.84 162.42 162.31 162.40 162.51 162.35 163.44 163.07 163.02 163.48 163.94 164.81 165.06 165.14 165.07 164.93 164.74 164.48 163.96 163.89 164.15 165.03 165.08 164.93 165.00 165.00 165.01 164.38 164.95 165.12 165.02 164.94 164.88 164.96 165.07 165.02 164.34 163.93 163.30 162.85 163.03 162.43 162.22 161.68 162.27 163.34 161.80 161.84 161.90 161.94 161.94 161.98 162.04 162.06 161.96 162.03 162.03 161.99 161.88 162.01 161.91 161.95 162.00 161.98 161.70 161.72 161.79 161.81 161.77 162.03 162.25 162.36 162.22 162.20 162.14 162.07 162.18 162.26 162.13 162.35 162.07 162.16 162.67 163.06 162.18 163.23 162.78 162.75 163.80 162.22 164.29 163.43 163.25 163.73 163.79 163.64 163.75 163.87 164.09 163.87 164.03 163.11 164.52 164.91 164.68 163.79 164.98 164.76 164.50 165.06 165.10 164.57 163.75 164.45 163.02 162.56 161.97 161.68 161.76 161.85 161.95 161.95 162.00 162.05 162.10 162.18 162.24 162.35 162.45 162.48 162.52 162.48 162.48 162.42 162.39 162.40 162.32 162.25 162.17 162.11 162.02 161.92 161.69 163.96 165.00 165.14 164.88 164.43 164.89 164.78 163.96 163.44 163.10 162.66 162.52 161.85 161.71 161.67 161.68 161.72 161.72 161.74 161.79 161.85
29°N ||     161.97 161.99 162.03 162.06 162.10 162.09 162.12 162.14 162.15 162.13 162.14 162.15 162.15 162.06 162.15 162.12 161.76 162.05 162.63 162.57 162.55 162.50 163.49 163.70 162.69 163.23 164.49 164.90 165.10 165.14 165.04 164.87 164.73 164.45 163.45 163.79 164.56 165.04 165.08 165.01 165.10 165.11 165.10 165.13 165.14 165.12 165.01 164.91 164.91 165.10 165.07 164.93 164.91 163.89 163.72 163.48 163.44 162.57 162.34 161.93 162.01 161.69 161.74 161.69 161.68 161.85 161.89 161.95 162.03 162.07 162.03 162.08 162.06 162.09 162.07 162.04 161.99 162.02 162.06 162.08 162.06 161.72 161.68 161.71 161.68 161.92 162.12 162.36 162.07 162.19 162.00 161.76 162.04 162.15 162.40 162.26 162.05 162.10 162.58 162.61 162.91 162.72 162.81 162.71 163.26 163.55 164.08 163.76 163.64 164.12 163.69 163.80 163.31 162.72 162.87 162.93 163.75 164.57 164.67 164.74 164.45 164.77 164.88 164.75 164.82 164.35 163.21 162.63 162.73 162.40 162.14 161.93 161.74 161.74 161.82 161.95 161.99 162.06 162.14 162.23 162.32 162.40 162.52 162.61 162.66 162.75 162.72 162.60 162.67 162.58 162.55 162.46 162.38 162.28 162.22 162.18 162.09 162.02 161.79 162.43 164.02 164.82 165.11 165.12 164.87 163.85 163.38 163.11 162.86 162.56 162.06 161.75 161.67 161.68 161.73 161.79 161.80 161.81 161.89 161.94
31°N ||     162.09 162.05 162.12 162.12 162.13 162.13 162.15 162.18 162.18 162.16 162.16 162.17 162.17 162.17 162.16 162.14 161.92 161.70 161.70 161.73 161.91 162.10 162.68 162.75 162.34 164.28 164.69 164.96 165.14 165.13 165.01 164.92 164.67 164.48 164.10 164.14 164.59 165.06 165.07 165.07 165.12 165.14 165.14 165.14 165.13 165.09 165.02 164.88 164.94 165.14 164.94 164.85 164.79 164.51 164.36 164.14 163.72 163.58 163.18 162.03 162.45 161.69 161.67 161.69 161.76 161.78 161.87 161.92 161.94 162.06 162.08 162.08 162.12 162.16 162.13 162.21 162.06 162.10 162.14 162.09 162.08 162.02 161.80 161.98 161.73 161.74 161.87 162.20 162.01 161.83 161.79 161.91 162.05 162.22 161.69 161.96 162.22 162.55 162.69 162.27 162.94 162.85 162.56 162.61 163.08 163.19 163.88 163.83 163.59 163.89 164.01 164.08 163.31 162.94 163.10 163.12 163.98 164.50 164.26 164.14 164.33 163.28 164.69 164.80 164.22 164.52 163.69 162.36 162.54 162.15 161.79 161.68 161.71 161.81 161.89 161.98 162.07 162.18 162.34 162.45 162.52 162.63 162.89 162.77 162.86 162.92 162.88 162.82 162.78 162.70 162.58 162.52 162.59 162.36 162.36 162.29 162.20 162.12 161.93 161.75 162.29 163.07 163.52 163.62 163.64 164.14 162.81 162.77 162.58 162.33 162.88 161.93 161.71 161.96 161.84 161.73 161.91 161.93 161.95 162.05
33°N ||     162.18 161.89 162.12 162.13 162.17 162.16 162.16 162.19 162.17 162.19 162.18 162.20 162.20 162.19 162.22 162.20 162.17 161.95 161.68 162.17 161.95 161.99 161.88 162.07 163.64 164.53 164.81 165.04 165.06 165.08 164.94 164.79 164.51 164.23 163.98 164.07 164.53 165.02 165.11 165.13 165.14 165.14 165.13 165.12 165.14 165.10 165.09 165.11 165.13 165.09 164.94 164.74 164.70 164.76 164.45 163.93 163.64 163.48 163.55 163.40 163.45 163.40 162.44 161.69 161.68 161.86 161.91 161.94 161.97 162.05 162.11 162.22 162.23 162.23 162.20 162.28 162.25 162.26 162.25 162.13 162.21 162.19 162.05 161.88 161.80 161.69 161.71 161.92 161.70 161.91 161.96 162.33 161.96 161.97 162.06 162.23 162.14 162.59 162.26 162.25 163.11 163.21 162.79 163.42 162.20 163.70 163.54 164.01 163.62 164.36 164.58 164.32 163.65 163.36 163.60 164.06 164.12 163.82 164.21 163.33 163.51 163.28 163.42 164.36 163.84 162.97 162.88 162.23 161.93 161.68 161.67 161.73 161.79 161.87 161.96 162.07 162.20 162.38 162.50 162.58 162.72 162.79 162.88 162.95 163.09 162.95 162.90 162.88 162.83 162.62 162.69 162.63 162.55 162.43 162.32 162.42 162.38 162.28 162.18 162.08 161.93 161.78 161.73 161.72 162.33 163.08 161.90 162.20 162.31 162.00 161.89 161.70 161.80 161.84 161.92 161.97 162.00 162.06 162.11 162.15
35°N ||     162.25 162.20 162.20 162.18 162.20 162.18 162.19 162.19 162.18 162.20 162.21 162.21 162.21 162.20 162.24 162.19 162.23 162.17 161.97 163.55 162.39 162.11 162.31 163.33 164.72 164.55 164.83 165.05 165.14 165.01 164.74 164.33 163.86 163.62 163.46 163.41 163.81 164.35 165.00 165.14 165.13 165.12 165.10 165.11 165.05 165.13 165.05 164.95 165.08 165.11 164.94 164.97 165.07 164.99 164.62 163.95 163.56 163.31 163.27 163.17 163.12 163.21 162.48 161.72 161.81 161.88 161.93 161.93 161.99 162.06 162.09 162.25 162.20 162.29 162.31 162.38 162.37 162.43 162.36 162.29 162.27 162.22 162.24 161.87 161.79 161.69 161.68 161.67 161.72 161.74 162.15 162.06 162.00 161.97 161.69 162.29 162.31 162.40 162.17 162.43 162.48 162.58 162.66 162.81 162.90 163.47 163.81 162.77 163.88 164.53 163.52 164.41 164.33 164.47 164.60 164.67 164.38 164.11 163.91 162.93 162.84 163.00 162.00 162.30 162.56 162.17 162.04 161.91 161.71 161.67 161.71 161.79 161.84 161.94 162.02 162.17 162.31 162.49 162.64 162.76 162.81 162.88 163.03 163.12 163.18 163.14 163.05 163.02 162.88 162.86 162.75 162.52 162.63 162.52 162.49 162.48 162.42 162.34 162.33 162.24 162.18 162.05 162.00 161.96 161.85 161.79 161.70 161.68 161.81 161.74 161.76 161.68 161.76 161.90 161.95 162.00 162.07 162.17 162.24 162.27
37°N ||     162.33 162.23 162.24 162.18 162.23 162.21 162.23 162.22 162.20 162.21 162.22 162.22 162.22 162.20 162.18 162.17 162.16 162.11 162.09 162.26 162.31 162.51 163.06 163.73 164.39 164.48 164.81 165.04 165.13 164.88 164.17 163.50 162.80 162.34 162.33 162.73 163.12 163.25 164.13 164.96 165.13 165.05 165.04 165.06 165.09 165.13 165.08 165.03 164.96 164.69 165.07 165.11 165.14 165.14 164.99 164.44 163.63 163.39 163.30 163.34 163.16 163.29 162.05 161.70 161.81 161.87 161.92 161.96 162.00 162.10 162.14 162.22 162.26 162.37 162.39 162.48 162.56 162.53 162.52 162.43 162.46 162.41 162.34 162.30 162.14 162.04 162.00 161.90 161.77 161.95 161.71 161.80 162.04 162.09 161.91 162.05 162.15 162.01 162.28 162.16 162.17 161.89 162.39 162.06 162.20 162.32 163.02 163.37 163.66 164.18 164.40 164.53 164.54 164.74 164.74 164.74 164.56 163.72 161.92 162.31 162.61 162.97 162.61 162.84 162.05 161.89 161.79 161.74 161.67 161.70 161.77 161.87 161.93 162.00 162.17 162.31 162.39 162.58 162.70 162.89 162.96 163.09 163.21 163.22 163.26 163.28 163.23 163.11 163.08 162.96 162.89 162.83 162.78 162.65 162.75 162.71 162.56 162.42 162.42 162.30 162.19 162.13 161.99 161.94 161.84 161.80 161.72 161.68 161.67 161.67 161.73 161.69 161.73 161.97 161.99 162.05 162.18 162.20 162.26 162.28
39°N ||     162.29 162.27 162.28 162.24 162.04 162.24 162.25 162.11 162.23 162.22 162.20 162.21 162.17 162.17 162.16 162.14 162.14 162.16 162.05 161.81 162.91 163.19 162.79 163.58 163.65 164.38 164.67 164.93 165.13 164.52 163.44 162.31 161.55 161.45 161.08 161.36 162.68 162.93 163.35 164.41 165.11 165.03 164.96 164.99 165.06 165.07 165.11 165.00 165.05 165.02 165.01 165.03 165.13 165.09 165.14 164.88 164.14 163.74 163.48 163.52 162.77 162.67 162.58 161.69 161.82 161.91 161.93 161.96 162.05 162.12 162.22 162.31 162.33 162.47 162.54 162.59 162.63 162.66 162.67 162.75 162.54 162.54 162.50 162.46 162.36 162.08 162.16 162.03 161.84 161.81 161.76 161.67 161.67 161.70 161.69 161.87 162.05 162.13 161.83 161.96 162.11 161.84 162.08 162.41 161.68 162.61 162.84 162.96 163.26 163.21 163.77 164.36 162.76 164.61 164.57 164.05 164.35 163.99 162.13 162.00 161.97 161.99 161.94 161.79 161.75 161.71 161.67 161.67 161.69 161.76 161.84 161.93 161.97 162.12 162.23 162.39 162.50 162.61 162.82 162.86 163.16 163.28 163.32 163.32 163.32 163.34 163.26 163.23 163.15 163.21 163.04 163.00 162.87 162.85 162.80 162.76 162.69 162.50 162.31 162.34 162.22 162.15 162.05 161.95 161.84 161.84 161.77 161.73 161.71 161.70 161.68 161.70 162.58 162.00 162.04 162.06 162.17 162.26 162.29 162.26
41°N ||     162.29 162.30 162.31 162.30 162.27 162.26 162.23 162.25 162.22 162.21 162.21 162.21 162.18 162.20 162.14 162.16 162.12 161.99 161.93 161.79 161.67 161.85 162.37 162.81 163.42 163.96 164.32 164.88 165.12 164.38 163.09 162.17 161.84 161.76 160.94 161.39 162.53 163.12 163.66 164.66 165.14 164.99 164.94 164.97 164.99 165.03 165.09 165.14 165.11 165.13 165.12 165.14 165.14 165.12 165.06 164.95 164.46 163.77 163.73 163.83 163.23 162.62 162.58 161.79 161.76 161.95 161.99 161.96 162.08 162.18 162.25 162.38 162.45 162.54 162.64 162.72 162.76 162.79 162.79 162.77 162.75 162.72 162.65 162.79 162.76 162.46 162.30 162.25 162.07 162.09 161.81 162.03 161.86 161.74 161.79 161.67 161.71 161.75 161.93 161.97 161.91 161.91 161.87 162.22 161.80 162.98 163.27 162.52 162.43 162.76 163.19 162.83 162.30 162.03 163.42 162.96 161.90 163.31 161.87 162.00 161.90 161.92 161.67 161.67 161.67 161.68 161.68 161.69 161.76 161.86 161.91 161.94 162.04 162.15 162.35 162.48 162.64 162.71 162.98 163.10 163.18 163.34 163.36 163.35 163.34 163.30 163.32 163.29 163.25 163.16 163.10 163.12 163.11 163.00 162.90 162.79 162.70 162.63 162.51 162.39 162.26 162.13 162.06 161.98 161.87 161.87 161.84 161.80 161.80 161.74 161.83 161.67 161.88 161.93 162.03 162.12 162.14 162.25 162.25 162.30
43°N ||     162.29 162.33 162.33 162.31 162.29 162.28 162.26 162.24 162.23 162.23 162.21 162.25 162.22 162.22 162.16 162.14 162.07 161.98 161.83 161.69 161.68 161.87 162.25 162.65 163.10 163.51 164.04 164.48 165.06 164.97 164.09 163.08 162.57 162.41 162.29 162.45 163.06 163.44 164.85 165.12 164.85 164.70 164.85 164.88 164.86 165.06 165.00 165.11 165.10 165.10 165.13 165.09 165.10 165.11 164.79 164.90 164.74 164.08 163.63 163.00 163.06 162.95 162.56 161.82 161.75 161.98 162.08 162.11 162.17 162.26 162.41 162.49 162.64 162.70 162.99 162.79 162.88 162.83 162.89 162.90 162.86 162.84 162.73 162.74 162.78 162.57 162.51 162.32 162.26 162.29 162.19 162.13 162.12 162.02 161.89 161.73 161.68 161.69 161.83 161.86 161.96 161.90 161.84 161.85 161.82 161.81 161.76 161.80 162.93 163.10 163.41 161.78 163.13 163.59 161.73 161.68 161.79 161.93 161.91 161.72 161.68 161.68 161.70 161.89 161.69 161.69 161.70 161.80 161.87 161.91 161.88 162.03 162.05 162.20 162.37 162.58 162.71 162.74 162.97 163.13 163.26 163.33 163.29 163.17 163.34 163.29 163.26 163.18 163.30 163.07 163.11 163.08 163.02 162.98 162.99 162.87 162.75 162.71 162.46 162.40 162.26 162.14 162.01 161.97 161.93 161.89 161.84 161.87 161.86 161.77 161.69 161.67 162.02 161.90 162.11 162.11 162.23 162.26 162.30 162.34
45°N ||     162.38 162.38 162.34 162.34 162.33 162.30 162.29 162.25 162.24 162.26 162.25 162.21 162.20 162.17 162.16 162.08 161.98 161.87 161.74 161.68 161.69 161.90 162.20 162.46 162.68 162.98 163.37 163.88 164.55 165.07 165.10 164.96 164.87 163.74 163.11 162.96 163.58 164.71 165.10 164.98 164.67 164.49 164.51 164.39 164.20 163.99 163.88 164.19 164.89 165.12 165.10 165.09 164.79 164.83 164.80 164.49 163.59 163.91 163.60 162.84 162.55 162.07 161.80 161.67 161.77 162.03 162.07 162.19 162.28 162.39 162.46 162.65 162.73 162.83 162.82 162.97 162.97 162.98 163.06 163.06 162.93 162.97 162.92 162.88 162.81 162.75 162.57 162.62 162.53 162.36 162.34 162.41 162.23 162.14 162.12 162.06 161.88 161.78 161.96 161.97 161.81 161.73 161.74 161.88 161.69 161.83 161.84 161.85 162.04 162.00 162.54 161.70 161.92 162.05 161.68 161.82 162.04 161.71 161.68 161.67 161.68 161.68 161.71 161.76 161.76 161.80 161.82 161.83 161.91 161.95 162.01 162.03 162.19 162.27 162.52 162.65 162.79 162.94 163.00 163.14 163.24 163.35 163.34 163.35 163.33 163.23 163.27 163.28 163.25 163.23 163.13 163.19 163.13 162.93 163.00 162.96 162.83 162.66 162.41 162.32 162.25 162.08 162.00 161.97 161.96 161.94 161.94 161.93 161.93 161.90 161.84 161.73 161.74 161.98 162.00 162.05 162.19 162.33 162.33 162.38
47°N ||     162.40 162.38 162.38 162.33 162.32 162.31 162.29 162.29 162.24 162.29 162.27 162.23 162.22 162.16 162.08 162.05 161.91 161.82 161.73 161.67 161.71 161.80 161.97 162.12 162.32 162.54 162.86 163.06 163.47 163.98 164.41 164.55 164.55 164.59 165.08 165.10 165.00 164.83 164.77 164.72 164.54 164.42 164.45 164.36 164.09 163.81 163.79 163.85 164.74 165.11 164.87 164.45 163.54 164.12 163.93 162.99 163.47 162.29 163.50 162.93 162.37 161.88 161.67 161.78 161.96 162.09 162.18 162.25 162.43 162.49 162.65 162.75 162.81 162.90 162.94 162.92 162.85 162.73 163.09 163.10 163.05 163.10 163.02 163.00 162.91 162.87 162.84 162.79 162.70 162.61 162.53 162.49 162.45 162.38 162.21 162.24 162.12 162.05 162.05 162.07 161.99 161.96 162.06 161.91 161.82 161.88 161.83 161.75 161.83 161.80 161.71 161.67 161.73 161.70 161.71 161.97 161.67 161.67 161.67 161.71 161.71 161.74 161.81 161.77 161.85 161.86 161.87 161.89 161.96 161.99 162.10 162.14 162.26 162.36 162.85 162.88 162.81 162.91 163.03 163.13 163.24 163.34 163.34 163.30 163.31 163.28 163.25 163.25 163.16 163.26 163.22 163.19 163.08 163.07 163.07 162.91 162.76 162.59 162.48 162.00 162.08 162.20 162.08 162.06 162.03 162.01 162.02 161.98 162.00 161.99 161.97 161.89 161.93 161.97 162.04 162.17 162.20 162.30 162.34 162.40
49°N ||     162.43 162.40 162.39 162.35 162.37 162.36 162.34 162.33 162.29 162.29 162.30 162.23 162.21 162.13 162.04 161.97 161.86 161.79 161.73 161.68 161.67 161.68 161.76 161.91 162.15 162.32 162.44 162.61 162.75 162.94 163.14 163.33 163.50 163.65 163.85 163.79 163.74 163.80 164.16 164.36 164.39 164.20 164.24 164.52 164.32 164.06 164.00 163.97 163.06 164.75 161.90 161.67 161.68 161.94 161.92 162.91 162.81 162.77 162.27 162.65 161.87 161.67 161.77 161.93 162.00 162.20 162.32 162.46 162.49 162.69 162.72 162.81 162.91 162.94 162.98 163.00 163.05 163.14 163.19 163.18 163.19 163.13 163.12 163.07 163.05 162.98 162.97 162.84 162.80 162.75 162.69 162.60 162.47 162.41 162.34 162.35 162.24 162.26 162.25 162.20 162.04 162.12 161.94 162.02 163.88 162.29 161.77 161.92 161.86 161.74 161.71 161.74 161.72 161.72 161.72 161.74 161.72 161.75 161.77 161.76 161.77 161.79 161.85 161.85 161.85 161.89 161.88 161.93 161.97 162.04 162.15 162.24 162.35 162.49 162.77 162.85 162.81 162.96 162.96 163.12 163.20 163.26 163.31 163.31 163.27 163.28 163.26 163.25 163.20 163.10 163.24 163.14 163.04 162.97 162.97 162.79 162.70 162.54 162.49 162.08 161.97 162.25 162.15 162.13 162.12 162.09 162.11 162.08 162.04 162.08 162.04 162.06 161.81 161.97 162.24 162.21 162.21 162.37 162.47 162.38
51°N ||     162.44 162.44 162.41 162.40 162.41 162.41 162.34 162.32 162.33 162.31 162.27 162.20 162.15 162.09 162.01 161.92 161.83 161.76 161.71 161.68 161.69 161.67 161.70 161.86 161.93 162.07 162.21 162.33 162.46 162.55 162.71 162.89 163.10 163.21 163.21 163.18 163.38 163.48 163.79 164.03 164.13 164.09 164.01 163.91 164.04 163.71 163.27 162.71 161.89 161.69 161.67 161.68 161.73 161.77 161.78 161.79 162.35 162.53 162.17 161.68 161.69 161.81 161.93 162.16 162.18 162.30 162.41 162.55 162.67 162.76 162.89 162.99 163.06 163.07 163.13 163.17 163.19 163.11 163.37 163.44 163.23 163.22 163.26 163.01 163.16 163.09 162.97 162.94 162.98 162.87 162.84 162.76 162.67 162.58 162.51 162.46 162.39 162.25 162.38 162.26 162.24 162.22 161.96 163.31 163.72 162.10 161.70 161.93 161.90 161.83 161.83 161.81 161.81 161.83 161.87 161.81 161.83 161.82 161.85 161.87 161.85 161.89 161.86 161.87 161.90 161.91 161.89 161.96 162.00 162.05 162.12 162.25 162.39 162.50 162.64 162.67 162.85 162.91 163.05 163.12 163.18 163.24 163.32 163.30 163.32 163.30 163.23 163.28 163.26 163.20 163.17 163.07 163.06 162.89 162.71 162.75 162.66 162.56 162.49 162.43 162.34 162.30 162.25 162.19 162.18 162.19 162.14 162.16 162.12 162.12 162.11 162.13 162.07 162.22 162.24 162.18 162.25 162.39 162.48 162.48
53°N ||     162.45 162.43 162.47 162.47 162.45 162.43 162.39 162.35 162.32 162.24 162.26 162.21 162.12 162.06 161.97 161.86 161.75 161.75 161.73 161.69 161.67 161.67 161.67 161.69 161.77 161.87 161.99 162.13 162.20 162.34 162.46 162.53 162.69 162.76 162.74 162.78 162.82 163.04 163.35 163.59 163.74 163.76 163.66 163.53 163.21 162.79 162.51 162.13 161.80 161.67 161.68 161.72 161.75 161.80 161.84 161.88 161.73 161.85 161.79 161.81 162.08 162.17 162.25 162.30 162.38 162.49 162.65 162.75 162.84 162.91 163.07 163.13 163.17 163.21 163.27 163.33 163.34 163.31 163.39 163.35 163.29 163.35 163.29 163.33 163.24 163.35 163.29 163.11 163.08 162.95 162.96 162.88 162.78 162.73 162.61 162.53 162.54 162.72 162.42 162.39 162.26 162.25 162.16 162.07 161.89 161.90 161.89 162.01 161.94 161.98 161.93 161.93 161.89 161.92 161.92 161.90 161.94 161.98 161.92 161.96 161.93 161.91 161.86 161.89 161.91 161.89 161.89 161.96 162.00 162.04 162.16 162.27 162.37 162.47 162.47 162.62 162.72 162.86 162.88 162.97 162.99 163.08 163.09 163.18 163.21 163.22 163.16 163.17 163.07 163.07 163.08 163.07 162.91 162.78 162.72 162.63 162.67 162.57 162.51 162.45 162.39 162.32 162.28 162.26 162.25 162.22 162.24 162.23 162.09 162.15 162.12 162.20 162.19 162.19 162.23 162.33 162.43 162.44 162.49 162.51
55°N ||     162.55 162.53 162.47 162.41 162.43 162.34 162.36 162.37 162.33 162.29 162.26 162.18 162.14 162.05 162.02 161.89 162.93 161.75 161.75 161.73 161.70 161.68 161.67 161.67 161.68 161.71 161.80 161.93 162.05 162.12 162.21 162.24 162.33 162.31 162.36 162.34 162.46 162.56 162.69 162.89 163.11 163.11 163.23 163.13 162.89 162.49 162.11 162.01 161.67 161.72 161.75 161.76 162.00 161.83 161.89 161.97 162.03 162.07 162.20 162.28 162.36 162.43 162.57 162.63 162.73 162.82 162.86 162.95 163.01 163.10 163.21 163.27 163.30 163.37 163.41 163.38 163.41 163.42 163.47 163.54 163.37 163.40 163.43 163.37 163.45 163.34 163.22 163.20 163.09 163.09 163.04 163.00 162.90 162.81 162.66 162.64 162.61 162.59 162.52 162.44 162.39 162.33 162.24 162.23 162.20 162.11 162.06 162.07 162.07 162.03 162.03 162.03 161.99 162.04 161.99 162.04 162.09 162.07 162.07 162.04 161.97 161.95 161.92 161.91 161.88 161.89 161.97 162.02 162.02 162.06 162.15 162.25 162.33 162.36 162.46 162.57 162.66 162.74 162.76 162.82 162.87 162.93 162.95 163.02 163.05 163.01 163.03 163.03 162.85 162.87 162.94 162.85 162.82 162.71 162.65 162.70 162.54 162.60 162.56 162.41 162.36 162.35 162.32 162.33 162.27 162.28 162.25 162.20 162.18 162.23 162.25 162.15 162.19 162.18 162.30 162.45 162.46 162.52 162.57 162.59
57°N ||     162.58 162.57 162.54 162.50 162.52 162.44 162.38 162.35 162.34 162.33 162.24 162.18 162.17 162.08 162.02 161.99 161.81 161.82 161.77 161.76 161.73 161.71 161.69 161.67 161.67 161.67 161.68 161.72 161.73 161.82 161.87 161.92 161.97 161.96 161.99 161.99 162.03 162.09 162.16 162.40 162.48 162.60 162.64 162.59 162.40 162.06 161.77 161.68 161.69 161.73 161.77 161.80 161.84 161.90 161.97 162.06 162.15 162.26 162.37 162.46 162.65 162.72 162.78 162.83 162.91 162.95 163.04 163.11 163.17 163.27 163.30 163.66 163.46 163.47 163.50 163.55 163.54 163.51 163.53 163.52 163.50 163.60 163.43 163.45 163.00 163.96 163.30 163.25 163.22 163.14 163.15 163.02 162.96 162.90 162.86 162.75 162.73 162.64 162.58 162.46 162.45 162.40 162.30 162.21 162.17 162.17 162.16 162.10 162.17 162.13 162.11 162.15 162.19 162.18 162.17 162.19 162.23 162.18 162.14 162.05 162.01 162.02 161.99 161.95 161.96 161.97 161.95 162.00 162.04 162.07 162.16 162.20 162.29 162.30 162.35 162.44 162.57 162.62 162.66 162.63 162.76 162.73 162.83 162.91 162.92 162.89 162.87 162.89 162.86 162.80 162.85 162.80 162.81 162.79 162.68 162.71 162.62 162.65 162.61 162.51 162.45 162.46 162.38 162.36 162.34 162.29 162.29 162.27 162.20 162.27 162.26 162.23 162.36 162.30 162.32 162.42 162.52 162.52 162.56 162.57
59°N ||     162.58 162.60 162.58 162.49 162.54 162.52 162.37 162.44 162.43 162.42 162.36 162.29 162.22 162.17 162.09 162.00 162.00 161.93 161.89 161.84 161.80 161.77 161.72 161.70 161.70 161.69 161.68 161.67 161.67 161.67 161.67 161.68 161.71 161.69 161.68 161.69 161.70 161.70 161.78 161.91 161.98 162.03 162.02 161.84 161.76 161.67 161.67 161.69 161.74 161.79 161.83 161.91 161.94 162.01 162.10 162.17 162.28 162.39 162.50 162.67 162.86 162.78 163.01 163.07 163.09 163.15 163.24 163.30 163.34 163.35 163.45 163.46 163.51 163.58 163.61 163.62 163.59 163.66 163.71 163.68 163.60 163.58 163.59 163.53 163.50 163.48 163.44 163.41 163.35 163.22 163.12 163.14 163.02 163.01 162.82 162.86 162.83 162.75 162.62 162.57 162.50 162.46 162.43 162.39 162.38 162.34 162.24 162.24 162.25 162.27 162.32 162.33 162.32 162.32 162.26 162.31 162.30 162.30 162.19 162.14 162.12 162.09 162.01 162.03 161.99 161.99 161.97 162.01 162.05 162.07 162.13 162.13 162.25 162.36 162.33 162.26 162.41 162.46 162.45 162.57 162.65 162.56 162.68 162.75 162.74 162.69 162.75 162.74 162.75 162.75 162.74 162.77 162.75 162.70 162.69 162.72 162.70 162.62 162.62 162.56 162.58 162.50 162.46 162.41 162.38 162.34 162.24 162.26 162.25 162.30 162.33 162.35 162.39 162.39 162.43 162.46 162.53 162.61 162.50 162.57
61°N ||     162.60 162.60 162.59 162.59 162.57 162.60 162.52 162.47 162.50 162.40 162.35 162.35 162.29 162.22 162.15 162.11 162.06 162.01 161.97 161.91 161.86 161.85 161.81 161.79 161.76 161.75 161.73 161.71 161.70 161.70 161.70 161.69 161.69 161.69 161.68 161.68 161.67 161.68 161.67 161.82 161.67 161.67 161.67 161.67 161.68 161.69 161.71 161.75 161.82 161.88 161.91 162.03 162.13 162.20 162.28 162.39 162.49 162.59 162.70 162.79 162.95 163.10 163.17 163.23 163.31 163.63 163.27 163.47 163.50 163.53 163.62 163.53 163.62 163.74 163.80 163.78 163.76 163.78 163.71 163.74 163.70 163.70 163.66 163.67 163.60 163.57 163.49 163.44 163.36 163.29 163.21 163.16 163.12 163.03 163.02 163.00 162.85 162.78 162.75 162.65 162.62 162.56 162.48 162.47 162.44 162.45 162.36 162.41 162.39 162.43 162.42 162.43 162.44 162.43 162.37 162.41 162.36 162.35 162.32 162.20 162.24 162.22 162.02 162.09 162.07 162.04 162.01 161.99 162.02 162.07 162.08 162.11 162.15 161.94 162.17 162.29 162.32 162.31 162.42 162.48 162.53 162.42 162.59 162.63 162.64 162.55 162.62 162.61 162.66 162.69 162.66 162.70 162.66 162.62 162.67 162.68 162.63 162.61 162.62 162.57 162.54 162.56 162.50 162.48 162.46 162.33 162.41 162.39 162.33 162.37 162.36 162.42 162.45 162.44 162.51 162.52 162.50 162.59 162.57 162.52
63°N ||     162.70 162.61 162.60 163.20 162.61 162.63 162.63 162.60 162.56 162.53 162.48 162.40 162.38 162.30 162.27 162.24 162.19 162.15 162.06 161.98 161.88 161.96 161.93 161.90 161.88 161.86 161.83 161.83 161.83 161.81 161.80 161.78 161.77 161.76 161.74 161.73 161.73 161.73 161.73 161.72 161.72 161.73 161.73 161.75 161.78 161.81 161.85 161.87 161.95 162.03 162.14 162.23 162.33 162.44 162.58 162.65 162.74 162.84 162.97 163.01 163.11 163.24 163.35 163.46 163.47 163.51 163.64 163.63 163.63 163.64 163.72 163.69 163.76 163.77 163.81 163.86 163.83 163.78 163.77 163.80 163.78 163.77 163.69 163.63 163.59 163.39 163.43 163.39 163.37 163.33 163.29 163.21 163.11 163.06 163.09 162.87 162.83 162.83 162.79 162.72 162.70 162.64 162.58 162.57 162.57 162.54 162.53 162.53 162.52 162.50 162.53 162.51 162.55 162.50 162.48 162.46 162.44 162.38 162.42 162.37 162.31 162.28 162.27 162.21 162.16 162.13 162.08 162.06 162.05 162.05 162.06 162.10 162.13 162.14 162.19 162.26 162.30 162.30 162.37 162.29 162.44 162.33 162.48 162.53 162.46 162.56 162.56 162.57 162.60 162.61 162.59 162.60 162.66 162.66 162.66 162.63 162.64 162.60 162.63 162.64 162.61 162.58 162.60 162.58 162.48 162.53 162.53 162.54 162.40 162.46 162.48 162.51 162.45 162.55 162.61 162.63 162.61 162.64 162.66 162.67
65°N ||     162.73 162.82 162.73 162.79 162.77 162.73 162.70 162.71 162.54 162.59 162.54 162.53 162.53 162.49 162.61 162.36 162.33 162.29 162.20 162.24 162.19 162.13 162.10 162.08 162.05 162.03 161.97 161.99 161.97 161.95 161.92 161.90 161.89 161.87 161.85 161.82 161.82 161.82 161.81 161.80 161.80 161.83 161.85 161.89 161.93 161.98 162.02 162.09 162.14 162.22 162.31 162.34 162.51 162.68 162.81 162.94 163.07 163.22 163.28 163.33 163.37 163.48 163.54 163.54 163.65 163.69 163.72 163.66 163.72 163.78 163.71 163.74 163.82 163.84 163.85 163.87 163.87 163.83 163.84 163.82 163.83 163.77 163.72 163.47 164.02 164.63 162.96 163.35 163.42 163.33 163.35 163.21 163.22 163.08 163.06 162.99 162.92 162.89 162.87 162.83 162.76 162.74 162.70 162.60 162.67 162.58 162.56 162.59 162.58 162.55 162.60 162.59 162.62 162.56 162.46 162.47 162.55 162.46 162.44 162.48 162.45 162.40 162.38 162.26 162.25 162.15 162.17 162.13 162.12 162.05 162.10 162.10 162.10 162.12 162.17 162.16 162.22 162.25 162.21 162.29 162.35 162.35 162.41 162.43 162.39 162.49 162.48 162.51 162.50 162.52 162.56 162.58 162.58 162.61 162.50 162.63 162.62 162.68 162.66 162.66 162.60 162.59 162.67 162.67 162.60 162.68 162.68 162.55 162.64 162.58 162.67 162.66 162.64 162.65 162.66 162.71 162.63 162.64 162.77 162.55
67°N ||     162.91 162.89 162.93 162.89 162.86 162.94 162.88 162.83 162.85 162.80 162.67 162.69 162.72 162.62 162.63 162.57 162.56 162.52 162.50 162.48 162.35 162.38 162.29 162.25 162.24 162.16 162.22 162.19 162.14 162.12 162.10 162.04 162.05 162.00 162.19 161.95 161.95 161.94 161.93 161.94 161.95 161.98 162.04 162.06 162.10 162.17 162.25 162.35 162.42 162.52 162.64 162.77 162.89 163.03 163.18 163.32 163.46 163.57 163.68 163.79 163.84 163.83 163.78 163.76 163.78 163.79 163.77 163.81 163.87 163.84 163.88 163.89 163.86 163.92 163.92 163.88 163.86 163.77 163.90 163.86 163.84 163.79 163.66 163.62 163.61 163.49 163.46 163.47 163.43 163.44 163.35 163.28 163.26 163.17 163.13 163.04 163.00 162.96 162.92 162.82 162.76 162.80 162.76 162.66 162.68 162.67 162.67 162.63 162.59 162.51 162.54 162.64 162.68 162.63 162.60 162.60 162.52 162.57 162.55 162.54 162.51 162.43 162.46 162.42 162.37 162.33 162.32 162.24 162.19 162.18 162.14 162.10 162.11 162.11 162.07 162.17 162.19 162.22 162.06 162.27 162.31 162.37 162.39 162.36 162.39 162.41 162.31 162.48 162.48 162.51 162.49 162.59 162.58 162.61 162.64 162.64 162.65 162.67 162.69 162.73 162.62 162.65 162.66 162.71 162.71 162.71 162.79 162.80 162.80 162.76 162.81 162.77 162.85 162.83 162.74 162.78 162.79 162.89 162.86 162.89
69°N ||     162.89 163.04 163.05 163.00 163.02 163.02 162.99 163.01 162.90 163.02 162.93 162.90 162.87 162.88 162.75 162.68 162.67 162.75 162.77 162.68 162.68 162.66 162.63 162.59 162.50 162.47 162.24 162.43 162.41 162.30 162.38 162.25 162.27 162.20 162.13 162.09 162.11 162.10 162.11 162.12 162.12 162.20 162.25 162.31 162.37 162.45 162.59 162.72 162.87 162.97 163.05 163.13 163.19 163.29 163.37 163.49 163.56 163.60 163.70 163.75 163.76 163.79 163.79 163.80 163.77 163.81 163.84 163.86 163.83 163.89 163.91 163.89 163.96 163.94 163.84 163.90 163.89 163.83 163.84 163.81 163.75 163.72 163.75 163.68 163.57 163.58 163.46 163.42 163.39 163.34 163.33 163.26 163.18 163.16 163.15 162.99 163.01 163.00 162.95 162.92 162.89 162.87 162.83 162.74 162.75 162.81 162.77 162.72 162.71 162.73 162.55 162.58 162.66 162.65 162.68 162.65 162.60 162.62 162.61 162.53 162.49 162.52 162.50 162.49 162.40 162.39 162.38 162.36 162.33 162.30 162.26 162.21 162.20 162.16 162.13 162.10 162.14 162.21 162.26 162.25 162.28 162.28 162.32 162.32 162.34 162.35 162.38 162.42 162.43 162.42 162.49 162.45 162.51 162.57 162.63 162.67 162.64 162.69 162.82 162.77 162.74 162.74 162.75 162.82 162.82 162.87 162.88 162.93 162.91 162.88 162.87 162.94 162.97 163.00 163.09 163.04 163.00 163.02 162.98 162.94
71°N ||     163.16 163.22 163.26 163.18 163.13 163.19 163.30 163.06 163.14 163.15 163.03 163.07 163.08 163.03 163.10 163.11 163.09 163.02 163.13 162.92 162.83 162.93 162.92 162.86 162.78 162.74 162.67 162.60 162.64 162.53 162.55 162.56 162.58 162.45 162.53 162.54 162.45 162.45 162.46 162.48 162.43 162.56 162.60 162.64 162.73 162.79 162.88 163.01 163.09 163.20 163.28 163.34 163.36 163.34 163.42 163.44 163.47 163.52 163.57 163.58 163.56 163.63 163.64 163.68 163.81 163.75 163.78 163.82 163.91 163.85 163.90 163.88 163.87 163.92 163.87 163.82 163.83 163.86 163.83 163.77 163.73 163.72 163.68 163.62 163.55 163.53 163.48 163.46 163.42 163.32 163.22 163.15 163.19 163.20 163.10 163.09 163.04 163.02 162.99 162.94 162.87 162.82 162.79 162.76 162.81 162.83 162.80 162.75 162.76 162.74 162.79 162.72 162.70 162.70 162.65 162.69 162.63 162.61 162.54 162.60 162.50 162.57 162.55 162.46 162.48 162.47 162.46 162.46 162.42 162.38 162.35 162.36 162.33 162.31 162.26 162.27 162.24 162.22 162.20 162.18 162.15 162.15 162.18 162.21 162.25 162.30 162.35 162.38 162.45 162.44 162.51 162.51 162.51 162.54 162.61 162.59 162.71 162.77 162.82 162.84 162.87 162.81 162.92 162.94 162.95 163.01 163.00 163.03 162.93 163.07 163.06 163.04 162.97 163.09 163.11 163.14 163.22 163.09 163.16 163.13
73°N ||     163.34 163.40 163.40 163.34 163.28 163.41 163.42 163.37 163.36 163.40 163.46 163.36 163.37 163.26 163.46 163.30 163.27 163.23 163.16 163.15 163.18 162.95 162.96 163.02 162.93 163.03 162.92 163.26 163.07 162.98 163.03 162.89 162.83 162.78 162.71 162.77 162.70 162.73 162.75 162.83 162.87 162.92 162.96 162.99 163.06 163.11 163.15 163.19 163.23 163.29 163.37 163.49 163.45 163.46 163.47 163.46 163.43 163.42 163.39 163.45 163.49 163.53 163.57 163.57 163.62 163.69 163.73 163.70 163.71 163.75 163.82 163.88 163.88 163.79 163.85 163.86 163.87 163.80 163.74 163.66 163.67 163.62 163.57 163.53 163.55 163.52 163.47 163.41 163.35 163.34 163.27 163.10 163.11 163.10 163.08 162.97 162.98 162.97 162.93 162.94 162.89 162.88 162.84 162.73 162.80 162.80 162.74 162.71 162.71 162.66 162.71 162.71 162.75 162.73 162.69 162.73 162.74 162.68 162.60 162.55 162.59 162.65 162.62 162.54 162.53 162.51 162.47 162.51 162.43 162.43 162.40 162.38 162.40 162.36 162.38 162.35 162.33 162.30 162.29 162.31 162.33 162.35 162.38 162.39 162.41 162.43 162.45 162.47 162.51 162.53 162.52 162.58 162.58 162.62 162.63 162.63 162.74 162.79 162.82 162.80 162.92 162.92 162.88 162.97 163.05 163.10 163.03 163.11 163.18 163.22 162.80 163.77 162.96 162.19 163.17 163.23 163.35 163.32 163.17 163.27
75°N ||     163.41 163.51 163.44 163.49 163.48 163.59 163.43 163.52 163.54 163.52 163.56 163.47 163.49 163.58 163.48 163.53 163.51 163.32 163.40 163.44 163.37 163.46 163.50 163.57 163.41 163.23 163.26 163.26 163.03 163.10 163.12 163.06 163.18 163.22 163.29 163.12 163.07 163.08 162.99 163.11 163.08 163.13 163.22 163.20 163.20 163.14 163.23 163.27 163.31 163.40 163.45 163.47 163.47 163.48 163.50 163.61 163.48 163.48 163.51 163.53 163.61 163.66 163.69 163.70 163.71 163.69 163.66 163.69 163.73 163.65 163.77 163.77 163.78 163.78 163.76 163.79 163.73 163.73 163.64 163.66 163.59 163.58 163.51 163.64 163.47 163.39 163.34 163.28 163.27 163.26 163.19 163.17 163.13 163.07 163.07 163.04 163.12 162.94 162.90 162.87 162.85 162.84 162.83 162.78 162.79 162.80 162.80 162.77 162.72 162.77 162.73 162.70 162.75 162.74 162.73 162.71 162.69 162.71 162.64 162.64 162.63 162.62 162.56 162.65 162.65 162.62 162.54 162.53 162.53 162.47 162.54 162.51 162.52 162.50 162.44 162.46 162.44 162.44 162.44 162.44 162.43 162.49 162.50 162.41 162.47 162.52 162.56 162.58 162.54 162.55 162.59 162.64 162.66 162.68 162.71 162.72 162.75 162.83 162.87 162.92 162.92 163.00 163.01 163.08 163.11 163.10 163.11 163.15 163.19 163.24 163.25 163.30 163.25 163.47 163.48 163.50 163.51 163.50 163.45 163.37
77°N ||     163.62 163.50 163.26 163.14 163.29 163.55 163.45 163.08 163.10 163.49 163.57 163.57 163.60 163.55 163.54 163.37 163.10 163.13 163.02 163.33 163.12 163.23 163.61 163.87 163.46 163.29 163.28 163.40 163.33 163.32 163.30 163.30 163.34 163.25 162.94 163.22 163.13 163.21 163.17 163.14 163.29 163.26 163.18 163.18 163.26 163.33 163.36 163.40 163.43 163.46 163.48 163.51 163.38 163.57 163.60 163.64 163.66 163.67 163.67 163.68 163.71 163.10 163.12 163.49 163.62 163.60 163.60 163.63 163.56 163.57 163.62 163.65 163.65 163.66 163.61 163.62 163.60 163.61 163.64 163.62 163.57 163.47 163.45 163.42 163.41 163.35 163.23 163.21 163.28 163.22 163.23 163.18 163.11 163.02 163.00 163.03 163.03 163.01 162.96 162.92 162.90 162.90 162.85 162.92 162.84 162.83 162.83 162.81 162.80 162.80 162.79 162.77 162.74 162.69 162.69 162.68 162.73 162.66 162.67 162.59 162.63 162.66 162.67 162.68 162.67 162.69 162.66 162.65 162.62 162.58 162.61 162.57 162.54 162.49 162.28 162.45 162.53 162.55 162.58 162.56 162.53 162.54 162.55 162.55 162.57 162.55 162.61 162.58 162.60 162.57 162.63 162.68 162.68 162.72 162.76 162.78 162.82 162.84 162.81 162.88 162.90 162.97 163.05 163.10 163.12 163.13 163.17 163.25 163.26 163.22 163.30 163.24 163.29 163.35 163.33 163.52 163.61 163.59 163.51 163.57
79°N ||     163.36 163.24 163.24 163.33 163.35 163.31 163.26 163.25 163.28 163.26 163.27 163.11 163.34 163.29 163.32 163.39 163.39 163.42 163.42 163.36 163.34 163.44 163.41 163.43 163.47 163.50 163.42 163.20 163.27 163.16 163.21 163.25 163.28 163.28 163.23 163.29 163.25 163.34 163.32 163.31 163.33 163.35 163.35 163.31 163.25 163.27 163.31 163.35 163.37 163.45 163.51 163.47 163.51 163.55 163.59 163.60 163.56 163.62 163.68 163.68 163.72 163.75 163.73 163.75 163.71 163.71 163.78 163.73 163.64 163.60 163.55 163.52 163.45 163.48 163.49 163.34 163.30 163.33 163.43 163.44 163.34 163.39 163.24 162.81 163.05 163.34 162.38 162.55 163.08 162.05 162.34 162.78 162.54 162.23 162.65 162.09 162.22 162.72 162.52 162.28 162.37 162.41 162.50 162.80 162.84 162.77 162.81 162.82 162.84 162.81 162.80 162.80 162.79 162.78 162.73 162.75 162.73 162.73 162.71 162.54 163.02 162.53 162.69 162.66 162.65 162.68 162.66 162.64 162.65 162.66 162.66 162.68 162.66 162.67 162.67 162.67 162.69 162.69 162.65 162.68 162.66 162.63 162.58 162.60 162.62 162.55 162.49 162.50 162.55 162.61 162.64 162.61 162.69 162.74 162.75 162.82 162.80 162.86 162.85 162.86 162.90 162.97 163.00 163.07 163.09 163.14 163.12 163.11 163.15 163.27 163.26 163.29 163.30 163.34 163.36 163.31 163.29 163.42 163.42 163.39
81°N ||     162.55 162.56 162.58 162.63 162.58 162.58 162.60 162.59 162.59 162.61 162.63 162.64 162.66 162.68 162.71 162.72 162.73 162.75 162.74 162.76 162.77 162.78 162.80 162.84 162.86 162.92 163.00 163.08 163.08 163.14 163.23 163.14 163.15 163.31 162.86 162.86 162.70 162.93 162.42 162.54 162.73 162.82 163.20 163.21 163.23 163.30 163.37 163.34 163.16 163.12 162.64 162.60 162.46 162.64 163.09 162.79 162.78 162.76 162.74 162.82 163.33 163.15 163.21 163.20 163.27 163.33 163.42 163.10 162.96 162.71 162.72 162.76 162.35 162.56 162.41 162.18 162.02 162.15 162.02 161.87 161.87 161.73 161.75 161.70 161.70 161.74 161.67 161.67 161.67 161.67 161.67 161.71 161.68 161.68 161.73 161.67 161.72 161.72 161.72 161.70 161.72 161.71 161.71 161.70 161.80 161.84 161.68 162.14 162.09 162.52 162.47 162.04 162.20 162.69 162.41 162.49 162.29 162.38 162.58 162.13 162.18 162.11 162.18 162.21 162.41 162.70 162.29 162.36 162.37 162.36 162.42 162.40 162.40 162.43 162.45 162.47 162.55 162.63 162.71 162.72 162.72 162.73 162.73 162.70 162.72 162.68 162.69 162.72 162.73 162.79 162.79 162.83 162.84 162.86 162.86 162.85 162.85 162.89 162.90 162.87 162.88 162.90 162.93 162.94 162.94 162.93 162.91 162.89 162.88 162.80 162.73 162.74 162.73 162.72 162.71 162.66 162.62 162.57 162.57 162.55
83°N ||     162.25 162.25 162.26 162.25 162.25 162.24 162.25 162.26 162.26 162.28 162.29 162.32 162.32 162.34 162.36 162.39 162.42 162.42 162.48 162.48 162.51 162.51 162.51 162.50 162.49 162.44 162.57 162.54 162.52 162.06 162.01 161.86 162.02 162.10 161.90 162.04 161.85 161.86 161.89 161.85 161.76 161.85 161.74 161.69 161.69 161.74 161.73 161.72 161.75 161.79 161.84 161.91 162.07 162.15 161.89 161.96 161.85 161.78 161.78 161.86 161.79 162.22 162.15 162.76 162.91 163.07 163.22 163.32 163.30 163.01 162.77 162.48 162.26 162.11 162.05 161.91 161.85 161.79 161.76 161.74 161.72 161.70 161.69 161.68 161.67 161.67 161.67 161.67 161.67 161.67 161.68 161.68 161.68 161.68 161.69 161.70 161.72 161.74 161.75 161.77 161.79 161.82 161.85 161.88 161.90 161.92 161.93 161.95 161.93 161.82 161.76 161.75 161.70 161.71 161.67 161.69 161.76 161.78 161.71 161.67 161.67 161.67 161.74 161.68 161.70 161.68 161.71 161.71 161.68 161.70 161.67 161.67 161.70 161.76 161.74 161.75 161.78 161.70 161.73 161.73 161.78 162.00 162.04 162.11 162.39 162.35 162.60 162.76 162.79 162.76 162.74 162.72 162.72 162.73 162.78 162.80 162.79 162.78 162.72 162.69 162.68 162.67 162.64 162.62 162.59 162.57 162.53 162.50 162.49 162.47 162.44 162.43 162.40 162.38 162.37 162.35 162.31 162.28 162.27 162.26
85°N ||     162.46 162.34 162.44 162.56 162.61 162.82 162.01 161.93 162.10 162.21 161.77 161.93 161.85 161.76 161.98 162.01 161.67 161.68 161.70 161.70 161.71 161.68 161.88 161.73 161.82 161.85 161.95 161.88 161.91 161.96 162.04 161.79 161.78 161.81 161.83 161.83 161.80 161.81 161.78 161.74 161.76 161.68 161.74 161.79 161.77 161.83 161.91 161.91 161.90 161.80 161.76 161.78 161.79 161.67 161.71 161.72 161.72 161.70 161.72 161.77 161.80 161.68 161.68 161.67 161.67 161.67 161.73 161.73 161.96 162.11 162.20 162.33 162.15 162.13 162.14 162.28 162.41 162.58 162.63 162.63 162.65 162.60 162.28 162.05 161.91 161.88 161.88 161.92 161.98 162.14 162.52 162.58 161.69 161.68 161.70 161.73 161.73 161.73 161.74 161.77 161.80 161.74 161.82 161.87 161.90 161.93 161.96 161.98 161.99 162.03 162.04 162.04 162.03 162.02 162.00 161.98 161.96 161.94 161.93 161.95 161.92 161.88 161.87 161.89 161.90 161.90 161.91 161.90 161.89 161.91 161.90 161.91 161.91 161.89 161.86 161.86 161.81 161.83 161.83 161.81 161.83 161.82 161.82 161.80 161.76 161.70 161.70 161.78 161.70 161.67 161.68 161.69 161.72 161.77 161.90 162.02 161.75 161.86 161.95 162.01 161.97 161.90 161.95 162.18 162.09 162.16 162.29 162.60 162.39 162.66 162.43 162.26 162.16 162.08 162.17 162.32 162.41 162.19 162.22 162.27
87°N ||     162.20 162.05 162.12 162.09 162.00 162.11 162.09 162.14 162.31 162.36 162.35 162.34 162.27 162.22 162.30 162.41 162.42 162.41 162.43 162.43 162.41 162.30 162.32 162.58 162.57 162.58 162.51 162.47 162.43 162.41 162.38 162.50 162.61 162.55 162.62 162.74 162.82 162.83 162.84 162.82 162.73 162.76 162.64 162.67 162.75 162.90 162.93 162.95 162.90 162.83 162.83 162.84 162.80 162.77 162.65 162.50 162.48 162.43 162.38 162.37 162.43 162.49 162.50 162.53 162.55 162.56 162.58 162.56 162.52 162.47 162.22 162.10 162.12 162.07 161.99 162.07 161.92 162.01 162.04 161.97 162.06 162.13 162.15 162.16 162.09 162.17 162.11 161.96 162.10 161.99 162.19 162.27 162.22 162.31 162.40 162.42 162.37 162.38 162.31 162.33 162.41 162.53 162.52 162.42 162.41 162.56 162.59 162.63 162.67 162.70 162.72 162.66 162.72 162.70 162.68 162.65 162.63 162.58 162.62 162.42 162.69 162.65 162.60 162.54 162.39 162.30 162.51 162.53 162.44 162.43 162.34 162.47 162.67 162.66 162.67 162.68 162.68 162.62 162.50 162.48 162.46 162.44 162.41 162.45 162.38 162.37 162.35 162.42 162.51 162.62 162.51 162.60 162.45 162.52 162.67 162.66 162.62 162.24 162.39 162.27 162.42 162.13 162.13 162.01 162.02 161.99 162.10 162.18 162.15 162.13 162.16 162.07 162.02 162.00 161.99 161.96 162.08 162.08 162.02 162.08
89°N ||     163.14 163.17 163.15 163.10 163.09 163.26 163.27 163.34 163.35 163.34 163.34 163.36 163.36 163.37 163.37 163.38 163.39 163.41 163.40 163.40 163.42 163.41 163.38 163.40 163.41 163.40 163.42 163.47 163.49 163.53 163.55 163.57 163.58 163.59 163.60 163.61 163.62 163.63 163.63 163.64 163.64 163.64 163.65 163.65 163.66 163.66 163.66 163.66 163.65 163.65 163.63 163.61 163.59 163.56 163.53 163.49 163.47 163.46 163.43 163.43 163.44 163.41 163.40 163.39 163.38 163.35 163.34 163.33 163.33 163.32 163.31 163.30 163.28 163.26 163.24 163.22 163.20 163.19 163.15 163.13 163.15 163.16 163.16 163.13 163.16 163.13 163.12 163.15 163.14 163.14 163.14 163.10 163.05 163.07 163.11 163.16 163.18 163.14 163.03 163.00 163.06 163.16 163.16 163.18 163.19 163.21 163.23 163.25 163.27 163.29 163.29 163.31 163.32 163.34 163.35 163.36 163.37 163.37 163.39 163.39 163.39 163.39 163.39 163.38 163.37 163.38 163.39 163.40 163.42 163.43 163.44 163.44 163.45 163.46 163.48 163.50 163.53 163.55 163.57 163.58 163.58 163.59 163.60 163.59 163.59 163.60 163.60 163.58 163.58 163.57 163.55 163.53 163.52 163.49 163.46 163.44 163.41 163.38 163.40 163.44 163.44 163.43 163.41 163.41 163.43 163.42 163.41 163.40 163.38 163.38 163.34 163.33 163.31 163.29 163.27 163.26 163.24 163.22 163.21 163.18
