East longitude (degrees): -179:2:179
North latitude (degrees): -89:2:89

Absorbed dose on Martian Surface (1E-6 Gy/day), 2D array where Absorbed dose(i,j)= value at latitude(i) and longitude(j).
252.74 252.75 252.77 252.77 252.77 252.77 252.77 252.78 252.79 252.80 252.84 252.86 252.85 252.86 252.91 252.92 252.94 252.96 252.97 252.95 252.93 252.95 252.95 252.95 252.94 252.93 252.92 252.92 252.93 252.93 252.94 252.95 252.95 252.94 252.95 252.95 252.93 252.92 252.91 252.90 252.89 252.87 252.86 252.85 252.84 252.84 252.84 252.84 252.84 252.83 252.83 252.82 252.81 252.81 252.81 252.81 252.78 252.77 252.77 252.77 252.76 252.75 252.75 252.74 252.74 252.75 252.76 252.72 252.70 252.70 252.68 252.67 252.67 252.67 252.66 252.65 252.64 252.64 252.63 252.64 252.63 252.63 252.63 252.63 252.63 252.64 252.63 252.63 252.63 252.63 252.64 252.65 252.65 252.66 252.66 252.66 252.66 252.67 252.67 252.67 252.67 252.66 252.66 252.66 252.66 252.67 252.67 252.67 252.68 252.68 252.68 252.68 252.67 252.67 252.69 252.70 252.69 252.69 252.70 252.70 252.71 252.71 252.72 252.73 252.74 252.75 252.75 252.76 252.77 252.78 252.78 252.79 252.79 252.79 252.80 252.81 252.81 252.81 252.81 252.81 252.79 252.80 252.79 252.78 252.78 252.78 252.78 252.77 252.76 252.75 252.75 252.74 252.74 252.73 252.72 252.72 252.71 252.71 252.70 252.71 252.71 252.71 252.70 252.70 252.70 252.70 252.70 252.70 252.70 252.71 252.71 252.71 252.71 252.71 252.72 252.72 252.73 252.73 252.74 252.74
253.08 253.08 253.05 253.04 253.05 253.06 253.09 253.09 253.09 253.10 253.10 253.10 253.10 253.10 253.10 253.09 253.10 253.10 253.10 253.09 253.10 253.10 253.10 253.10 253.10 253.10 253.10 253.10 253.10 253.10 253.10 253.10 253.09 253.09 253.09 253.09 253.09 253.09 253.10 253.10 253.09 253.10 253.10 253.09 253.09 253.09 253.09 253.08 253.08 253.07 253.05 253.07 253.04 253.00 253.00 252.99 252.96 252.93 252.91 252.90 252.94 252.80 252.82 252.73 252.71 252.70 252.69 252.68 252.67 252.66 252.63 252.60 252.63 252.62 252.52 252.50 252.47 252.43 252.41 252.48 252.35 252.27 252.27 252.22 252.21 252.21 252.22 252.24 252.25 252.26 252.28 252.28 252.29 252.30 252.30 252.47 252.43 252.51 252.46 252.55 252.55 252.55 252.58 252.58 252.60 252.63 252.66 252.71 252.74 252.76 252.72 252.71 252.73 252.73 252.74 252.74 252.76 252.77 252.79 252.80 252.82 252.84 252.84 252.86 252.88 252.88 252.88 252.90 252.92 252.92 252.94 252.94 252.95 252.96 252.99 253.02 253.04 253.06 253.05 253.02 252.99 252.98 252.97 252.96 252.95 252.95 252.93 252.86 252.86 252.85 252.85 252.85 252.86 252.86 252.86 252.87 252.89 252.92 252.94 252.94 252.96 252.98 253.00 253.01 253.03 253.04 253.06 253.06 253.08 253.08 253.09 253.09 253.10 253.10 253.08 253.08 253.08 253.09 253.08 253.07
253.08 253.08 253.08 253.08 253.08 253.08 253.08 253.09 253.09 253.09 253.09 253.09 253.09 253.09 253.09 253.08 253.08 253.09 253.09 253.09 253.09 253.09 253.10 253.10 253.10 253.10 253.10 253.10 253.10 253.10 253.04 253.04 253.05 253.05 253.04 253.07 253.02 253.06 253.07 253.08 253.03 252.97 252.98 252.98 253.05 253.05 253.07 253.08 253.09 253.09 253.09 253.10 253.10 253.10 253.09 253.08 253.08 253.09 253.09 253.04 253.09 253.02 253.00 253.01 253.03 253.04 253.01 253.03 253.03 252.95 252.97 252.94 252.86 252.83 252.84 252.77 252.87 252.94 253.00 252.91 252.85 252.82 252.84 252.83 252.85 252.82 252.80 252.77 252.77 252.81 252.78 252.79 252.83 252.82 252.82 252.82 252.83 252.84 252.86 252.89 252.88 252.92 252.99 253.04 253.03 253.03 253.02 253.03 253.02 253.03 253.04 253.06 253.07 253.07 253.04 253.04 253.04 253.04 253.04 253.04 253.04 253.05 253.06 253.07 253.08 253.09 253.09 253.09 253.09 253.08 253.08 253.07 253.07 253.07 253.08 253.09 253.09 252.69 252.38 252.57 252.96 253.03 253.04 253.06 253.10 253.09 253.08 253.07 253.08 253.09 253.07 253.07 253.08 253.09 253.09 253.10 253.10 253.10 253.10 253.10 253.10 253.10 253.09 253.09 253.08 253.09 253.09 253.09 253.10 253.08 253.10 253.10 253.10 253.10 253.10 253.09 253.09 253.09 253.08 253.08
253.09 253.09 253.09 253.09 253.09 253.09 253.09 253.10 253.10 253.10 253.10 253.10 253.10 253.10 253.10 253.10 253.10 253.10 253.10 253.10 253.10 253.10 253.10 253.10 253.10 253.09 253.09 253.08 253.07 253.04 253.05 253.08 253.08 253.09 253.07 253.06 253.06 253.07 253.05 253.04 253.08 253.09 253.08 253.08 253.08 253.08 253.08 252.93 252.90 252.88 252.91 252.91 252.94 252.94 252.92 252.95 252.96 252.83 252.77 252.72 252.96 252.83 252.89 252.94 252.74 252.91 252.90 252.91 252.66 252.89 252.71 252.55 252.40 252.39 252.53 252.67 252.64 252.64 252.66 252.59 252.62 252.66 252.77 252.75 252.74 252.80 252.84 252.85 252.83 252.83 252.95 252.96 252.91 252.62 252.94 252.97 253.01 253.02 253.01 253.04 252.97 253.09 253.06 253.09 253.04 252.97 252.94 253.01 253.05 253.04 253.04 253.00 252.90 252.85 252.78 252.71 252.98 252.98 253.01 253.02 253.04 252.99 253.09 253.10 253.09 253.08 253.08 253.10 253.10 253.07 253.09 253.09 253.07 253.05 253.00 252.70 251.98 252.09 252.04 252.07 252.05 252.98 253.02 253.00 253.01 252.97 252.99 253.01 253.02 253.02 253.04 253.06 253.08 253.09 253.09 253.10 253.10 253.09 253.04 252.93 252.71 252.53 252.61 252.89 253.09 253.10 253.07 253.06 253.05 253.05 253.07 253.08 253.02 253.05 253.10 253.09 253.08 253.08 253.08 253.09
253.10 253.10 253.10 253.08 253.10 253.10 253.10 253.10 253.10 253.09 253.08 253.07 253.04 253.03 253.08 253.08 253.07 253.06 253.05 253.05 253.04 253.03 253.02 253.01 253.00 252.99 252.96 252.95 252.95 252.93 252.91 252.83 252.85 252.83 252.76 252.79 252.91 252.90 252.91 252.90 252.80 252.88 253.01 252.99 253.01 253.06 253.04 253.00 252.97 253.01 252.97 253.00 252.91 252.27 252.30 252.19 252.05 252.59 252.10 252.20 252.50 252.43 252.36 252.39 252.37 252.40 252.33 252.33 252.41 252.50 252.41 252.56 252.70 252.68 252.67 252.65 252.68 252.68 252.71 252.70 252.21 252.76 252.86 252.88 252.89 252.88 252.89 252.89 252.90 252.90 252.91 252.90 252.94 253.01 253.06 253.09 253.05 252.93 253.09 253.05 253.08 253.02 253.04 253.00 252.88 252.77 252.68 252.49 252.53 252.62 252.76 252.54 252.45 252.30 252.31 252.21 252.17 252.06 252.09 252.11 252.14 252.06 252.14 252.24 252.24 252.06 252.63 252.59 252.54 252.46 252.39 252.10 252.02 251.87 251.80 251.82 251.85 252.52 253.02 253.06 253.07 253.08 253.09 253.05 253.03 253.04 253.06 253.02 252.99 252.96 252.91 252.85 252.76 252.91 252.85 252.70 252.59 252.78 252.89 252.83 252.37 252.42 252.83 252.88 252.78 252.73 252.55 252.90 253.07 253.10 253.10 253.10 253.09 253.05 252.94 253.10 253.10 253.10 253.10 253.10
253.07 253.06 253.06 253.04 253.04 253.05 253.05 253.05 253.04 252.99 253.03 253.00 252.98 252.98 252.95 252.87 252.92 252.69 252.96 252.81 252.93 252.91 252.93 252.59 252.18 252.98 252.70 252.20 252.54 252.45 252.52 252.52 252.55 252.53 252.49 252.47 252.47 252.49 252.57 252.60 252.60 252.74 252.19 252.08 252.90 252.82 252.83 252.89 252.91 252.51 252.13 252.76 251.93 252.29 252.17 251.94 251.58 252.87 252.35 252.70 252.12 252.39 252.87 252.57 252.54 252.20 252.14 252.23 252.26 252.31 252.36 252.33 252.35 252.33 252.36 252.39 252.36 252.30 252.36 252.56 252.48 252.30 252.57 252.60 252.58 252.37 252.67 252.54 252.67 252.65 252.61 252.71 252.76 252.91 253.08 253.08 253.09 253.08 252.99 252.86 252.89 252.75 252.72 252.66 252.59 252.38 252.55 252.46 252.66 252.43 252.77 252.56 252.69 252.69 252.89 252.93 252.45 252.24 251.90 251.81 251.71 251.74 251.70 251.72 251.64 251.70 251.78 251.69 251.73 251.65 251.75 251.77 251.62 251.65 251.64 251.62 251.47 251.43 251.55 251.55 251.55 251.47 251.95 252.43 252.24 252.70 253.00 253.00 253.00 253.03 253.01 252.97 252.69 251.16 251.53 252.67 252.77 252.38 253.05 253.05 252.80 253.02 253.08 253.10 253.10 253.09 253.10 253.03 253.09 253.10 253.10 253.09 253.06 253.10 253.10 253.10 253.10 253.08 253.09 253.08
252.75 252.85 252.94 252.95 252.99 252.86 252.89 252.70 252.74 252.71 252.71 252.70 252.41 252.56 252.63 252.59 252.47 252.48 252.40 252.53 252.61 252.57 252.62 252.49 252.59 252.49 252.27 252.19 252.36 252.25 252.30 252.27 252.27 252.28 252.29 252.28 252.32 252.29 252.32 252.32 252.34 252.32 252.41 252.54 252.60 252.75 252.99 252.49 253.01 252.90 252.25 252.55 252.64 252.89 252.88 252.78 252.66 252.62 252.55 252.60 252.34 252.13 252.30 252.26 252.01 251.95 251.98 251.92 251.92 251.97 252.03 252.06 252.13 252.11 252.15 252.14 252.17 252.28 252.48 252.47 252.53 252.65 252.68 252.78 252.63 252.46 252.59 252.56 252.71 252.62 252.61 252.66 252.86 252.93 252.98 253.03 253.06 253.09 252.95 251.93 251.43 251.06 250.96 252.68 252.47 252.57 252.55 252.40 252.62 252.35 252.57 252.57 252.68 252.21 251.81 252.08 252.64 252.73 252.94 253.02 253.04 253.09 253.09 253.02 252.48 252.30 252.07 252.09 252.20 252.40 252.81 251.88 251.50 252.70 252.24 251.93 251.48 251.64 251.93 251.96 252.47 252.44 252.47 251.93 251.30 251.41 251.72 251.93 252.47 252.49 252.49 252.93 252.53 252.32 252.27 252.87 253.04 253.01 253.07 253.06 253.01 253.06 253.06 252.99 253.04 253.05 253.03 253.00 252.99 253.00 253.03 253.00 252.91 253.03 253.03 253.01 252.94 252.87 252.82 252.92
252.57 252.48 252.66 252.56 252.64 252.72 252.61 251.56 252.45 252.48 251.13 250.12 252.12 252.13 252.13 251.99 252.27 252.14 252.14 252.36 252.37 252.05 252.09 251.88 252.09 252.01 251.95 251.92 251.97 252.02 252.03 252.07 252.03 252.09 252.50 252.18 252.18 252.20 252.24 252.25 252.31 252.37 252.37 252.36 252.31 252.25 252.34 252.43 252.61 252.70 252.55 252.93 252.98 252.78 252.34 252.28 252.38 251.96 251.74 251.67 251.61 251.64 251.73 251.80 251.84 251.84 251.88 252.14 251.82 251.97 252.23 252.40 252.43 252.58 252.62 252.55 252.62 252.44 252.60 252.58 252.52 252.44 252.33 252.57 252.23 252.48 252.49 252.32 252.50 252.50 252.58 252.79 252.85 252.67 252.56 252.53 252.52 252.51 252.45 252.55 252.69 252.62 252.61 252.64 252.38 252.32 252.32 252.42 252.51 252.61 252.68 252.79 252.98 252.72 252.86 253.01 252.89 252.95 253.02 252.98 253.04 253.05 252.79 252.59 252.72 252.11 251.23 252.93 252.84 252.83 252.74 252.21 252.35 252.53 252.56 252.66 252.42 253.01 253.08 253.09 253.07 253.06 250.81 251.16 250.95 252.61 251.91 252.40 251.69 251.17 251.46 251.57 251.69 251.64 251.36 252.72 253.09 253.10 253.10 253.10 253.10 253.08 252.86 252.91 252.78 253.07 253.05 253.01 252.98 252.98 252.96 252.95 252.94 252.82 252.82 252.78 252.70 252.74 252.71 252.67
250.74 252.54 251.76 251.76 252.00 252.37 251.11 251.80 251.78 251.77 252.31 252.63 250.17 252.40 252.06 251.80 251.88 251.90 252.00 252.17 252.35 252.64 251.25 252.78 252.64 251.53 252.04 252.07 252.04 251.97 251.95 251.97 251.75 252.32 252.32 252.66 252.49 252.09 252.24 252.19 252.19 252.16 252.27 252.21 252.17 252.18 252.18 252.45 251.47 249.15 249.25 248.64 248.83 252.29 251.73 251.76 251.46 251.36 251.30 251.25 251.23 251.28 251.41 251.58 251.50 252.08 251.86 251.56 251.51 251.50 251.61 252.03 252.25 252.05 252.26 252.42 252.49 252.37 252.13 252.52 252.51 252.50 252.46 252.09 252.29 251.97 251.69 251.74 251.93 251.85 252.37 252.40 252.70 252.38 252.41 252.29 252.08 252.05 252.05 252.08 252.03 252.03 251.92 251.98 252.08 252.16 252.00 252.50 252.58 252.70 252.88 253.03 252.92 252.77 252.45 252.68 252.53 252.62 252.54 252.75 252.68 252.91 252.97 253.00 252.89 252.92 252.73 252.69 252.47 252.49 252.53 252.41 252.35 252.26 252.13 252.10 252.12 251.88 252.36 252.68 252.12 253.04 253.02 252.75 252.69 252.61 252.57 252.10 250.05 251.68 252.17 252.58 251.85 251.55 250.93 250.56 251.61 252.67 253.09 252.99 253.06 252.99 252.73 252.45 253.02 252.91 252.60 252.54 252.63 252.26 250.95 251.54 252.11 252.29 252.27 252.35 252.17 252.40 252.33 250.79
251.12 251.08 250.84 250.68 250.49 249.97 249.48 249.75 249.72 249.63 249.61 251.43 252.32 252.60 252.99 252.98 252.62 252.48 250.43 252.25 252.09 252.35 252.58 252.51 247.83 251.44 251.83 251.80 251.98 252.26 252.17 252.28 252.30 252.06 252.19 252.25 252.34 251.94 252.18 252.15 251.99 252.19 252.00 252.16 252.11 252.07 252.40 252.59 252.54 250.64 248.82 249.15 247.74 252.61 251.51 251.22 251.10 250.95 251.11 251.06 250.87 251.58 251.80 251.58 251.34 251.18 250.77 251.43 251.39 252.57 252.29 252.04 252.22 252.00 252.35 251.96 252.26 252.73 252.85 252.91 252.89 252.01 252.26 252.28 252.02 252.02 251.77 252.09 251.61 251.93 250.85 251.16 251.95 251.82 251.84 252.07 252.16 252.64 252.16 251.81 251.51 252.01 251.95 251.94 251.97 251.90 252.35 252.90 252.81 252.60 252.56 252.46 252.46 252.28 252.26 252.35 252.06 252.26 252.13 252.01 252.10 251.82 251.77 252.07 251.17 252.30 252.76 252.63 250.80 250.80 252.44 252.25 252.40 252.72 252.61 252.51 252.43 252.50 252.93 252.72 251.62 252.59 251.68 251.92 251.46 251.41 251.49 251.97 251.94 251.53 251.14 251.35 250.78 251.14 248.69 247.70 248.11 249.61 250.42 251.23 250.63 251.14 251.50 250.84 250.37 250.55 250.57 251.02 251.33 249.75 251.20 250.44 250.75 250.67 251.79 251.79 251.72 251.51 252.14 250.75
252.06 252.02 251.46 250.89 251.77 246.83 247.65 249.63 249.02 249.15 249.34 250.02 251.53 251.20 251.70 250.85 252.87 252.76 252.09 251.88 251.26 251.72 251.78 251.47 252.40 251.05 251.91 251.61 252.22 250.56 252.59 252.53 252.60 252.36 252.32 252.23 251.88 251.85 251.70 251.71 251.47 251.72 251.78 251.69 251.68 249.24 252.00 251.53 251.52 251.58 251.50 251.23 251.23 250.98 250.95 251.10 251.02 250.96 251.42 251.43 251.78 250.99 251.10 250.66 251.06 251.45 252.36 252.30 252.24 252.24 252.29 251.91 252.10 251.85 251.63 251.19 251.30 252.38 252.79 252.60 252.48 251.77 251.45 252.32 252.43 252.63 252.56 252.60 252.35 252.01 251.96 251.78 252.27 251.71 251.57 251.71 251.46 251.47 251.51 251.38 251.50 251.58 251.47 251.63 251.96 252.29 252.88 251.80 251.51 251.72 252.02 252.26 252.14 252.28 252.12 252.58 252.58 252.03 251.46 251.03 250.56 250.93 250.83 250.60 250.63 250.85 251.56 252.23 252.52 252.49 251.66 252.06 252.11 251.64 249.92 251.59 253.05 252.94 252.62 252.80 252.68 252.68 252.90 252.84 252.46 251.91 251.72 252.09 251.15 251.12 251.12 250.95 251.88 252.94 251.15 248.53 249.30 252.64 248.46 248.91 249.21 250.06 250.27 250.51 251.11 251.65 251.97 251.59 252.67 252.84 251.96 250.48 250.93 251.35 251.64 251.91 252.06 252.20 251.90 251.90
247.69 252.03 252.37 251.37 251.40 251.22 251.17 248.75 249.40 248.94 248.73 248.73 249.38 249.69 250.89 251.53 252.01 252.50 252.55 252.77 252.78 252.84 252.75 252.73 252.44 252.49 252.58 252.63 251.55 252.83 252.83 252.52 251.68 248.67 252.49 252.26 252.25 249.84 251.73 251.68 251.51 251.54 251.61 251.59 251.57 251.48 251.57 251.37 251.34 251.48 251.42 251.23 251.16 251.17 251.34 251.00 250.59 250.96 250.77 251.00 252.03 251.35 250.83 250.85 251.35 251.45 243.70 243.84 247.40 252.18 251.97 251.88 251.78 251.40 251.04 251.77 252.25 252.72 252.62 252.86 252.65 252.64 251.99 252.36 251.94 252.10 251.93 251.90 251.89 251.90 251.83 251.56 251.70 251.43 251.54 251.29 251.52 251.60 251.44 251.89 251.70 252.65 252.78 252.76 252.93 252.64 250.58 248.77 249.07 250.49 250.95 251.81 251.79 252.28 252.06 252.22 251.66 251.23 250.73 250.62 250.69 250.72 250.54 250.55 250.73 250.02 250.01 249.49 249.38 250.91 252.13 252.74 252.14 251.82 252.65 252.81 252.87 253.01 252.66 253.06 252.99 252.78 252.77 251.59 252.30 252.37 252.76 252.51 252.02 251.48 250.79 249.86 251.16 250.72 250.35 250.21 250.10 249.58 250.92 250.46 250.66 250.46 250.96 251.42 250.81 250.94 250.94 250.97 251.07 251.90 250.56 251.16 251.29 251.68 252.32 251.10 252.35 252.44 252.39 251.77
251.89 252.39 252.68 252.28 252.25 250.64 249.94 248.44 249.33 249.13 249.20 248.69 248.62 248.58 248.97 249.69 250.14 250.28 250.57 251.32 252.15 252.31 252.19 252.46 252.00 252.17 252.51 250.63 251.34 252.51 252.69 252.44 252.65 252.44 252.23 252.08 252.05 251.94 251.90 251.54 251.53 251.34 251.28 251.28 251.09 251.02 251.10 251.15 251.11 251.15 251.40 251.60 251.75 251.51 251.29 250.99 250.99 250.98 251.27 252.50 249.27 250.52 249.97 249.02 251.30 250.07 249.02 248.59 251.67 251.81 251.32 251.63 251.48 251.17 250.61 250.88 251.83 252.12 252.51 252.75 252.75 252.51 251.06 252.16 251.91 251.84 251.85 251.96 252.28 251.75 251.74 251.68 251.76 251.43 251.68 251.32 250.73 251.18 251.68 251.55 251.98 251.94 252.12 252.27 252.63 252.36 252.52 252.21 252.04 252.22 252.35 252.47 252.40 251.28 251.01 249.28 249.45 250.28 250.79 251.06 251.03 250.53 249.99 250.11 249.61 249.81 249.92 249.68 249.67 249.08 251.86 251.92 251.97 252.12 247.44 252.59 252.58 252.40 251.53 252.93 252.94 252.93 252.64 252.61 252.56 252.85 252.86 251.55 251.78 252.51 250.90 251.60 251.66 250.67 250.75 252.78 252.28 252.04 250.90 251.55 252.31 252.18 250.61 251.57 250.83 250.27 250.73 250.51 250.66 250.73 251.45 251.72 251.96 252.64 251.31 250.84 251.78 252.03 252.47 252.56
251.85 251.90 250.65 252.29 252.58 252.04 251.17 250.67 250.04 250.43 249.46 250.05 247.91 249.19 249.08 249.58 249.31 249.14 249.39 250.80 251.95 251.97 252.32 252.22 252.33 252.15 252.16 252.39 252.45 252.38 252.45 252.30 252.00 251.99 252.06 252.35 252.53 252.08 251.44 251.95 251.10 251.83 252.09 251.48 251.38 251.26 251.82 251.24 251.43 251.38 251.88 251.54 250.06 249.11 250.32 252.31 251.44 250.16 250.65 250.52 250.72 250.78 250.36 249.50 247.75 248.93 251.36 248.45 251.61 250.15 250.90 251.43 251.26 251.56 251.25 249.88 249.27 249.69 249.97 251.03 251.43 252.11 251.92 251.99 251.99 251.86 251.69 251.68 251.66 251.74 251.76 251.71 251.51 251.64 251.54 251.84 251.62 251.49 251.70 251.29 251.22 251.76 251.66 251.31 251.62 251.95 252.31 252.57 252.54 252.73 252.18 252.11 251.61 250.10 248.38 248.07 247.91 249.14 249.99 250.28 250.44 250.56 250.36 250.18 249.29 248.95 249.43 249.57 249.41 249.16 249.91 251.50 251.68 251.09 251.89 252.45 252.68 252.52 252.65 252.84 251.23 252.78 252.17 252.26 252.34 252.61 252.73 252.84 252.96 252.56 252.24 251.53 252.15 252.07 251.47 250.65 249.80 249.67 250.54 250.87 251.96 251.72 251.39 251.40 251.37 252.67 252.70 252.39 251.72 251.11 250.79 250.62 251.07 250.40 250.51 252.27 251.59 251.38 251.49 249.73
249.96 251.43 252.59 251.86 251.28 250.80 250.88 252.17 251.93 251.50 252.31 252.00 250.52 251.93 244.77 251.83 251.05 251.18 248.76 250.49 250.72 250.86 250.64 251.99 252.11 252.52 249.38 251.54 252.19 252.25 251.54 250.83 250.75 251.04 250.72 251.35 252.29 252.02 252.13 252.15 251.38 252.48 251.93 251.02 251.89 252.82 250.82 250.37 250.23 250.39 250.50 250.07 250.17 251.22 251.94 249.49 249.51 250.39 249.54 249.64 249.83 250.54 249.96 249.78 248.68 246.46 248.23 250.70 247.71 247.47 248.62 249.87 251.99 249.61 248.71 250.42 251.17 250.89 251.21 251.76 252.74 252.69 251.97 251.40 251.92 252.03 252.21 251.60 251.51 251.57 251.43 251.58 251.54 251.16 251.38 251.22 251.34 251.69 251.43 251.19 250.93 251.36 251.54 251.58 252.41 251.59 251.78 251.76 251.75 251.56 251.35 251.21 250.96 250.41 249.42 248.95 250.90 251.05 250.95 251.51 245.70 248.83 251.34 250.68 249.99 249.65 248.78 248.30 249.71 248.17 246.23 247.85 252.76 248.84 249.50 250.26 252.41 252.21 252.24 251.29 252.61 252.65 252.73 252.64 252.58 252.65 252.65 252.80 252.47 252.66 252.51 252.53 252.47 252.35 252.28 250.16 247.16 247.97 248.02 248.73 249.55 250.41 250.99 251.47 251.50 252.07 252.55 252.04 252.18 252.94 252.40 251.23 250.92 251.54 252.72 252.23 252.23 250.49 250.35 250.41
249.43 250.98 251.20 250.41 250.73 251.20 252.78 252.16 251.87 252.01 251.15 252.17 251.84 252.72 251.43 249.26 251.19 250.87 251.54 250.63 250.41 250.35 251.16 251.47 252.59 252.10 251.86 251.74 250.70 252.16 251.78 250.36 250.09 250.98 249.79 250.93 251.95 252.56 252.68 252.52 252.22 251.22 250.39 250.49 250.71 251.50 250.22 249.72 248.97 249.07 249.05 249.06 248.86 248.73 249.88 250.64 250.23 250.83 249.80 249.31 250.46 251.29 246.04 248.14 249.74 245.98 248.81 249.19 247.66 251.91 251.45 248.14 244.71 250.05 247.66 250.32 250.10 251.14 251.73 251.69 252.45 252.28 251.91 252.23 252.16 251.44 251.77 251.77 251.03 252.73 251.67 251.18 250.99 251.24 249.35 251.61 251.74 251.71 248.63 251.78 251.94 251.18 251.53 251.50 251.36 251.28 251.36 251.54 251.61 250.89 250.69 250.06 249.84 249.84 250.47 251.46 251.33 251.14 251.87 252.46 252.39 252.37 251.22 249.95 248.03 247.29 246.67 247.24 246.47 244.83 246.84 247.00 248.55 249.41 248.62 249.90 250.95 252.71 252.88 252.74 248.95 249.45 252.93 252.94 250.97 252.74 252.53 252.99 252.69 252.37 252.79 252.69 252.24 251.08 250.33 249.62 248.85 249.13 248.61 248.65 248.73 249.04 249.53 250.06 251.21 251.80 252.26 252.35 252.06 252.34 250.25 252.84 252.06 251.87 252.25 251.22 250.59 251.21 250.46 250.01
250.02 249.89 248.98 247.67 249.86 252.26 251.82 252.14 252.58 252.52 252.41 248.23 252.46 252.32 252.67 252.62 251.82 250.69 251.77 251.96 248.57 251.86 251.83 251.86 252.69 252.01 251.59 251.63 251.61 252.65 252.96 250.19 250.87 250.60 250.67 250.77 250.28 252.07 252.31 252.17 252.45 251.60 251.20 250.87 250.64 251.33 252.11 252.20 250.55 248.79 248.66 248.39 249.08 249.23 250.10 251.31 252.05 252.04 252.36 252.51 251.36 244.89 249.86 250.88 245.22 243.60 244.66 246.67 237.24 251.58 241.59 247.78 251.30 249.80 250.78 247.53 245.64 247.77 249.03 244.75 244.48 249.83 251.74 251.58 250.94 251.64 251.51 251.95 252.01 251.40 251.29 251.08 251.65 252.09 252.14 252.21 252.20 252.06 251.35 252.10 252.41 252.26 252.29 252.22 252.27 251.26 251.18 250.78 250.34 249.93 249.49 248.97 248.33 247.70 248.67 249.88 249.46 249.42 248.76 250.02 250.30 249.58 247.29 244.70 242.45 242.61 242.30 242.40 242.31 240.07 244.75 245.72 247.05 245.31 246.32 246.79 247.06 249.67 252.59 251.37 248.75 246.54 252.54 252.44 251.70 251.89 252.43 252.62 252.59 252.26 251.70 251.38 251.05 251.59 249.97 251.08 249.60 251.22 252.47 252.18 249.29 248.79 249.05 250.15 251.26 251.80 252.19 252.19 252.06 252.19 252.52 252.62 252.13 252.03 249.70 252.13 252.16 252.02 251.54 250.07
249.63 249.51 248.98 248.44 250.78 250.90 251.09 251.90 252.04 251.29 251.39 251.60 251.90 251.69 252.23 251.92 250.55 251.07 251.03 251.17 252.10 252.77 252.77 248.72 252.70 251.86 251.32 251.31 251.24 251.74 252.21 250.48 250.55 250.87 249.86 251.27 251.79 251.96 252.60 252.68 252.59 252.68 252.73 252.56 251.53 251.96 252.24 251.72 250.52 249.64 248.64 248.53 248.44 250.37 250.37 252.66 252.28 252.73 252.16 247.34 251.04 243.73 241.95 245.43 249.91 237.12 236.63 236.57 236.70 236.65 236.62 240.43 248.22 249.70 244.62 247.28 250.21 246.99 248.01 248.41 250.24 251.26 250.91 250.97 251.18 251.51 251.43 251.94 251.66 252.16 251.78 251.41 250.83 251.53 251.35 249.58 246.80 251.36 251.45 251.19 251.32 251.51 252.40 252.03 252.43 252.10 250.71 250.44 249.71 248.94 248.22 247.59 246.31 244.99 245.16 243.71 242.67 241.51 241.06 238.94 237.85 237.15 236.89 236.76 236.68 236.88 237.38 237.42 236.58 239.14 241.34 242.37 243.77 246.02 244.52 245.20 250.70 249.07 249.54 250.60 251.02 251.41 251.29 251.18 252.27 252.22 252.10 251.92 251.48 250.71 249.76 249.74 244.67 248.28 250.74 250.46 249.79 252.44 252.09 248.70 249.83 250.49 251.00 250.78 251.69 251.88 251.59 251.21 250.56 251.15 251.17 252.25 250.54 251.54 252.11 252.02 251.50 250.49 250.67 249.87
249.25 250.62 250.33 247.28 246.37 251.98 250.24 249.83 249.91 250.57 249.97 251.46 251.72 251.15 251.17 251.17 251.75 250.78 251.20 250.96 251.27 252.35 252.61 251.04 251.91 251.39 247.55 251.51 251.13 251.51 250.68 251.10 251.10 249.18 250.91 250.94 250.92 252.40 252.67 252.68 252.76 252.64 252.00 251.69 251.46 251.18 250.80 250.96 247.13 243.15 251.67 251.50 250.87 251.44 250.94 249.56 250.20 251.96 252.20 250.21 250.08 242.78 241.80 240.37 236.49 236.49 236.62 236.60 236.58 236.56 236.57 236.71 238.12 241.82 248.35 249.12 247.91 245.77 249.83 248.85 247.93 248.76 249.36 249.97 250.80 246.89 249.51 251.32 251.05 250.84 251.59 251.69 251.89 250.95 252.01 252.24 251.74 251.57 251.37 251.63 251.32 251.13 252.01 252.78 251.04 251.36 251.21 250.32 249.94 249.69 247.51 246.39 244.16 242.14 241.10 238.96 237.33 236.84 236.51 236.54 236.56 236.38 236.20 236.12 236.08 236.44 236.49 236.46 236.48 236.50 236.52 238.44 238.06 237.07 244.80 242.79 242.40 245.04 250.30 250.39 249.98 251.29 251.04 251.81 251.33 249.15 251.45 251.52 251.34 251.67 251.37 250.21 248.89 247.92 244.00 249.40 249.91 252.64 248.21 249.65 249.33 249.14 249.16 250.39 250.97 251.20 251.75 251.09 252.17 251.02 250.52 251.97 252.61 252.63 251.94 250.70 250.57 250.28 249.46 249.24
249.54 250.11 250.97 250.81 248.66 249.12 249.25 251.61 248.83 250.73 251.55 250.81 251.28 250.70 251.10 251.35 251.06 252.27 251.45 251.29 251.71 252.24 252.69 252.78 252.96 251.86 252.28 251.78 251.20 251.19 251.32 251.01 251.62 251.10 251.44 251.71 251.88 252.08 252.32 252.94 252.95 253.01 252.85 251.76 251.40 250.98 250.73 251.54 246.41 244.31 251.57 251.79 252.45 252.69 250.51 247.69 246.71 247.01 250.87 252.12 251.29 250.85 241.21 236.77 236.51 236.69 236.60 236.60 236.59 236.59 236.58 236.69 238.19 237.83 237.07 236.54 247.86 247.44 249.27 249.09 248.31 248.77 250.32 250.89 251.45 249.03 251.53 251.57 251.02 251.08 251.15 250.97 250.66 250.43 251.18 251.82 251.70 251.56 251.41 252.08 250.73 251.66 252.11 251.43 251.70 251.21 250.51 249.65 248.70 248.63 244.95 243.87 243.34 239.76 237.86 236.75 236.49 236.55 236.52 235.75 235.19 233.95 233.30 230.81 232.07 232.03 233.02 232.95 233.50 234.27 232.83 234.82 236.60 236.52 238.72 240.98 246.23 251.53 251.54 248.75 249.85 251.45 247.84 250.75 252.33 252.01 251.49 249.99 250.74 250.35 249.14 248.99 249.48 249.85 251.49 249.78 249.47 248.80 249.39 249.43 249.68 250.85 250.63 249.43 249.59 250.31 251.62 249.44 250.78 249.70 250.91 251.79 250.66 252.05 251.90 251.35 250.91 250.40 250.15 249.65
251.79 251.32 251.59 250.65 247.53 246.26 245.32 249.57 249.72 251.83 250.98 251.97 251.85 252.15 251.80 252.11 252.14 252.14 252.80 252.64 252.32 251.96 252.75 252.72 252.31 252.54 252.15 251.18 251.24 251.27 251.60 251.14 251.82 252.89 252.95 252.62 252.67 252.68 252.63 252.93 252.97 252.96 252.90 252.17 251.63 251.24 251.17 251.20 251.37 251.58 251.92 252.35 252.77 252.89 252.74 252.31 250.09 249.91 251.68 252.02 245.38 243.34 241.83 239.39 236.71 236.49 236.57 236.56 236.59 236.51 236.50 236.71 237.49 246.25 242.27 248.67 248.13 246.71 249.46 248.71 248.46 248.95 250.07 251.09 250.69 251.89 251.64 246.18 248.97 250.96 251.00 251.00 249.16 248.87 250.92 250.85 252.41 250.13 251.96 251.88 252.06 252.07 251.61 250.80 250.50 251.51 251.57 249.38 248.64 246.52 248.97 245.27 240.34 237.32 236.53 236.55 236.41 236.17 235.03 233.71 230.45 227.03 230.38 230.45 234.74 232.75 232.22 231.48 232.28 232.50 232.31 231.99 233.24 234.81 236.30 236.61 241.71 246.32 244.82 247.94 246.35 249.37 251.99 250.94 250.48 252.28 251.14 251.56 250.31 249.82 251.54 250.43 250.44 250.57 250.88 249.43 250.28 250.87 251.60 251.45 252.89 251.95 250.68 250.67 251.73 250.42 249.04 247.19 250.00 247.73 248.29 249.58 249.80 251.22 252.00 252.52 252.31 252.00 251.36 250.98
251.91 251.02 251.67 251.74 249.88 247.70 250.28 251.58 250.42 251.41 251.96 251.68 252.74 251.08 252.70 252.51 253.00 252.91 252.19 252.51 251.96 252.66 252.31 251.89 251.97 250.67 252.14 251.70 251.36 251.42 251.40 251.41 251.21 252.48 252.65 252.52 252.23 252.16 252.17 252.49 252.74 252.87 252.64 252.54 252.63 251.95 251.93 251.79 252.10 252.04 252.47 252.63 252.88 252.88 252.77 252.62 252.46 252.31 251.83 250.78 252.50 247.56 249.36 242.35 242.74 236.58 236.48 236.48 236.50 236.48 236.49 236.58 236.93 244.48 242.84 243.26 248.97 249.18 250.01 251.44 249.40 250.28 250.55 250.68 251.47 251.35 251.81 251.32 250.48 250.81 250.51 250.46 248.36 250.57 251.18 252.35 251.93 252.14 251.34 250.15 251.73 252.41 252.17 251.63 249.04 248.97 250.60 249.55 247.38 248.03 248.91 246.92 242.01 239.85 236.27 234.65 233.06 228.48 224.30 230.96 233.22 231.77 229.52 230.18 232.63 233.89 234.69 233.17 232.28 232.82 232.71 233.52 233.46 233.79 235.35 236.48 236.57 238.32 242.72 244.61 245.40 246.19 248.77 250.65 248.68 248.81 250.56 249.53 249.76 249.77 249.71 251.40 251.60 250.89 251.76 251.16 250.91 252.08 252.50 251.53 249.45 248.93 251.69 251.83 250.61 248.88 249.49 248.69 247.72 248.28 248.52 248.76 251.49 251.23 251.99 250.68 251.64 251.90 251.13 251.47
251.06 250.89 251.19 251.10 250.38 250.54 250.19 250.06 249.63 251.77 252.01 251.18 252.04 252.36 252.24 252.24 250.02 252.34 251.80 251.60 251.99 251.38 249.21 252.16 251.54 250.83 251.46 251.71 251.70 251.78 251.98 251.85 251.95 252.21 252.23 252.29 252.25 252.21 252.05 252.02 252.43 252.52 252.33 252.40 252.29 252.22 252.21 252.46 252.62 252.77 252.82 252.83 252.85 253.04 253.07 252.57 252.10 251.91 251.14 250.46 249.13 249.47 247.29 246.32 244.70 237.73 236.74 236.57 236.55 236.49 236.48 236.51 238.82 241.20 243.72 241.95 249.65 249.82 249.82 244.70 250.95 250.34 251.14 251.24 251.39 251.59 251.59 250.27 250.36 250.65 250.98 250.73 249.68 250.76 251.28 250.92 251.83 251.79 251.84 250.08 252.71 252.12 251.86 251.71 250.21 251.79 250.37 249.52 248.55 248.47 247.98 248.51 241.79 237.44 234.32 232.20 225.44 224.22 229.68 227.01 228.65 226.65 227.70 227.91 229.44 227.00 225.27 231.91 233.30 230.51 232.80 233.23 233.23 233.75 235.42 235.88 236.58 236.98 240.87 243.08 245.37 244.16 250.48 248.59 248.54 249.50 249.19 250.27 250.37 249.55 250.61 251.00 250.03 251.23 250.96 251.75 252.10 251.98 252.48 252.99 251.44 252.24 251.45 248.75 248.10 248.71 250.59 248.00 250.25 249.94 248.83 249.30 251.50 251.42 250.24 252.51 252.47 251.69 251.27 251.50
249.29 251.57 248.78 250.04 249.32 250.57 250.20 250.33 250.85 251.36 252.13 251.81 252.29 252.46 252.12 252.06 251.43 251.18 251.56 251.61 252.36 252.04 251.74 251.74 252.17 251.54 251.45 251.46 252.42 252.08 252.25 251.90 251.83 251.95 252.34 252.35 252.31 252.17 251.89 251.71 252.38 252.69 253.06 253.00 252.64 252.42 252.56 252.76 252.74 252.90 252.96 252.95 253.00 252.96 252.94 252.44 252.33 251.64 252.00 251.33 251.38 251.16 249.56 251.20 243.92 244.76 239.69 238.44 237.77 237.24 237.85 238.16 243.50 241.04 242.68 249.12 249.52 248.68 249.23 248.67 249.73 241.19 250.98 250.52 250.99 251.02 251.35 250.11 250.26 251.00 251.18 250.59 250.50 250.83 250.93 251.51 250.51 251.57 250.53 251.85 251.99 251.82 252.08 252.55 252.52 251.83 250.64 246.63 249.97 248.73 248.65 247.65 239.84 236.57 233.07 227.89 228.19 230.47 228.73 225.39 227.49 227.80 229.94 227.04 227.80 231.96 231.32 231.77 230.32 232.03 232.73 233.00 233.87 234.84 236.44 236.49 236.57 236.54 240.62 240.86 242.92 242.28 245.17 245.72 247.11 247.88 249.19 249.94 249.73 246.68 248.91 249.54 249.72 250.94 251.06 251.66 252.15 252.17 252.06 252.01 252.33 252.22 250.93 247.91 246.93 246.87 248.26 248.83 250.28 249.53 249.62 249.06 252.32 250.98 250.88 248.22 251.57 251.10 250.23 250.40
248.48 248.97 248.82 246.90 248.04 250.79 250.49 250.68 248.61 246.09 241.41 243.20 249.54 251.97 251.54 251.53 252.39 252.04 252.26 251.96 252.43 251.61 251.73 251.74 252.03 252.85 252.44 252.22 251.93 252.47 252.52 252.32 252.52 252.53 252.71 252.46 252.38 252.16 252.07 253.09 253.05 253.01 252.33 252.20 252.24 253.07 253.05 253.06 253.04 252.97 253.06 252.80 253.03 252.94 252.99 252.97 252.93 252.61 251.11 251.76 252.29 252.79 250.75 247.96 248.53 244.84 245.38 242.82 239.47 238.90 239.61 243.35 241.11 246.49 246.21 246.32 247.53 240.02 247.90 249.60 249.03 249.54 250.62 250.65 251.13 251.06 250.11 249.67 249.85 250.34 251.05 250.22 251.22 251.08 250.71 251.86 252.03 251.07 251.36 251.62 252.14 251.86 252.61 252.79 250.14 251.68 251.15 249.16 249.27 249.35 248.16 246.82 240.06 236.56 234.00 227.69 227.31 232.59 226.91 226.76 226.75 228.47 226.06 224.69 228.76 232.06 230.24 229.87 231.38 230.31 231.79 233.24 235.29 236.31 236.50 236.57 236.52 236.70 237.57 240.55 238.94 246.47 247.64 246.48 249.91 250.48 249.07 248.64 248.36 248.59 249.02 248.72 248.84 251.07 251.37 251.51 251.94 250.80 251.25 251.70 251.67 251.92 250.52 249.19 248.55 249.07 248.63 248.99 251.27 250.17 250.13 251.94 252.07 250.59 250.77 249.94 250.43 249.69 248.90 250.13
248.97 248.63 249.71 250.91 247.66 250.38 249.62 250.06 251.82 250.69 245.21 245.12 251.27 251.83 250.73 251.42 250.83 251.68 251.25 251.25 250.82 252.21 250.74 250.84 251.43 251.47 251.77 252.27 252.08 252.24 252.37 252.98 252.91 252.70 252.69 252.55 252.40 252.42 252.79 252.98 253.09 252.91 252.78 252.82 252.94 252.96 252.95 253.00 252.84 253.07 253.05 253.05 253.04 253.01 252.96 252.95 252.82 252.59 252.54 251.96 251.95 251.70 252.38 252.06 250.00 250.73 248.05 240.72 241.97 242.06 242.00 242.14 245.43 246.82 245.80 246.53 247.09 248.25 248.96 248.83 249.11 248.74 249.10 250.33 250.47 251.11 250.08 248.67 250.26 250.36 249.65 249.46 249.80 251.07 249.90 251.49 251.47 251.47 251.58 250.19 252.07 251.44 252.28 252.19 252.30 252.36 250.99 250.00 249.07 248.96 248.94 244.94 239.27 236.49 235.05 226.82 223.97 225.43 229.95 227.44 224.68 226.27 225.03 224.58 227.64 230.09 227.54 229.69 228.84 231.43 232.85 234.79 236.16 236.44 236.59 236.55 236.52 236.58 237.88 243.37 244.56 247.04 248.45 248.53 248.86 247.96 245.73 248.19 250.73 248.85 248.60 247.97 249.23 249.90 250.98 250.21 250.95 251.61 250.05 250.66 251.39 251.67 251.63 251.01 250.21 249.77 247.89 248.76 249.79 249.81 249.68 250.35 249.13 249.54 249.46 250.48 250.02 249.12 248.41 247.74
247.71 248.50 248.63 250.01 244.49 246.52 248.85 251.33 252.22 252.71 252.94 251.88 252.28 250.79 249.49 249.65 249.66 249.68 250.25 250.59 250.63 250.70 251.36 251.04 251.71 252.18 252.16 252.62 252.72 252.14 252.27 252.96 252.90 253.05 252.85 253.05 252.96 252.90 252.94 252.95 252.90 252.58 253.03 253.04 253.01 253.01 253.04 253.08 253.06 253.06 253.02 253.08 253.05 252.79 252.77 252.82 252.88 252.47 252.34 252.46 252.52 251.55 251.59 250.81 248.86 247.91 246.92 246.10 251.64 244.14 247.01 246.38 246.10 244.98 245.98 247.25 247.85 247.97 247.79 248.91 249.86 250.35 251.13 245.02 250.19 250.81 250.67 251.05 248.81 250.42 249.94 249.41 249.59 250.33 251.46 250.78 251.60 251.74 250.65 250.69 252.11 252.18 252.37 252.15 251.87 251.82 247.17 250.98 249.39 248.25 247.75 247.19 244.21 237.96 236.26 229.78 223.94 219.95 214.65 227.33 226.61 226.30 230.09 224.96 229.19 228.65 230.26 229.53 229.97 230.73 231.68 235.44 236.47 236.58 236.53 236.49 236.58 237.69 240.31 243.15 247.19 247.25 249.49 249.46 249.98 249.41 248.19 248.07 248.25 248.78 248.01 248.75 249.14 249.36 249.93 249.84 248.82 249.78 249.98 251.78 251.13 250.99 252.05 252.07 250.68 249.96 247.87 249.86 249.75 249.22 248.59 248.72 248.84 248.95 249.74 250.15 247.63 246.84 247.57 245.20
247.69 244.60 248.46 250.82 249.05 251.10 250.67 250.79 251.93 252.78 252.85 252.11 250.77 250.35 249.81 250.08 249.68 252.39 250.51 250.71 250.90 251.29 251.11 251.73 252.39 252.13 252.35 252.49 252.86 252.78 252.93 252.98 252.92 253.04 252.99 252.93 253.07 252.89 252.89 252.89 252.70 253.03 253.10 253.06 253.08 253.10 253.08 253.09 253.10 253.10 253.03 252.96 253.08 252.94 252.77 252.62 252.63 252.62 252.61 252.53 252.36 252.14 252.17 249.82 250.03 251.54 251.06 249.77 250.01 246.30 246.60 244.75 247.65 249.06 248.51 247.65 247.60 247.70 246.19 248.18 249.71 250.67 250.05 250.60 250.31 251.20 251.20 251.09 250.74 250.40 250.37 249.71 250.02 251.16 251.15 251.21 250.61 249.25 251.60 251.82 251.69 252.52 252.39 251.74 251.58 251.71 251.47 250.77 248.27 249.47 249.59 248.15 246.66 245.27 236.84 236.30 227.55 223.54 218.38 217.03 226.79 227.11 216.82 218.88 229.81 228.90 229.54 230.44 229.93 231.09 234.66 236.55 236.53 236.48 236.50 236.69 236.71 237.77 238.03 238.37 245.05 248.18 250.64 249.57 250.32 249.85 249.31 248.95 248.36 247.93 248.67 249.43 251.22 250.97 251.03 250.21 251.04 251.45 250.70 249.99 250.75 251.46 250.11 249.67 250.41 250.39 250.86 250.15 250.17 251.39 247.98 248.07 249.35 249.60 248.93 248.48 245.58 246.64 248.57 250.70
247.50 246.95 250.93 251.38 250.92 252.34 251.81 252.70 252.73 252.16 252.28 251.87 250.63 250.19 248.80 250.45 249.66 249.54 250.69 250.71 251.95 251.36 251.50 251.56 252.05 252.36 252.36 252.54 252.72 252.88 252.95 253.06 253.06 253.09 253.08 253.10 253.05 252.78 252.73 252.44 252.55 253.04 253.09 253.02 253.04 253.03 252.96 252.92 253.02 253.01 253.10 252.98 252.72 253.10 252.95 252.63 252.65 252.60 252.57 252.59 252.21 251.58 251.30 249.99 249.70 249.52 249.64 249.69 249.96 250.45 249.75 246.75 246.84 249.01 246.64 248.99 246.52 248.02 248.26 247.76 248.83 249.59 248.44 250.07 250.29 250.65 250.80 251.09 251.03 250.75 250.65 251.33 250.91 250.43 251.04 250.71 251.27 250.67 251.37 252.17 251.97 252.22 252.45 252.18 251.93 251.76 251.67 251.86 250.48 249.53 250.04 250.27 250.88 249.53 246.84 237.83 235.51 230.73 226.36 221.39 221.58 216.22 227.79 230.11 228.48 228.53 230.54 230.82 234.28 236.33 236.57 236.61 237.15 237.39 237.51 237.57 237.31 237.47 239.37 240.12 243.54 248.07 249.52 249.93 250.41 250.54 250.01 250.14 249.75 249.22 249.37 250.20 250.66 251.05 251.96 252.10 251.87 252.06 250.67 251.68 250.99 250.30 251.46 250.84 251.12 251.29 250.30 249.90 249.04 250.54 249.65 247.72 250.77 249.20 249.15 248.43 247.73 248.64 249.87 249.68
247.94 250.46 250.88 251.07 252.16 252.05 252.58 252.15 251.96 252.15 251.90 251.85 251.10 250.37 249.59 249.65 249.67 250.70 251.33 250.71 251.58 251.50 251.65 251.78 252.07 252.15 252.39 252.58 252.80 252.95 253.03 253.07 253.04 253.06 253.05 253.08 253.03 252.72 252.76 252.44 252.82 253.05 253.08 253.07 253.02 252.95 252.94 252.84 252.85 252.78 253.01 252.98 253.06 253.08 253.09 253.08 252.81 252.24 252.47 252.12 251.45 250.70 250.04 249.87 249.30 249.53 249.24 248.72 249.06 249.29 248.89 244.24 249.08 249.90 248.66 249.29 248.90 248.40 247.54 247.61 246.86 247.33 248.74 248.88 249.31 250.62 251.28 251.54 251.15 251.02 251.01 250.79 251.37 250.87 250.70 250.96 250.78 251.06 251.16 251.92 251.97 251.15 251.75 252.04 251.63 251.29 251.09 251.66 250.20 249.48 248.62 250.15 248.90 249.26 244.81 244.91 238.19 236.63 236.56 233.49 228.95 224.31 231.29 229.46 230.69 229.93 232.18 234.46 236.52 237.12 236.48 236.64 238.10 238.28 238.63 241.49 241.87 239.57 239.97 242.53 243.27 249.36 249.29 250.22 249.42 250.99 250.65 250.72 250.66 250.43 250.08 250.66 251.14 251.12 251.79 251.90 250.50 252.18 252.37 252.55 250.77 249.84 247.99 250.53 249.97 249.29 248.79 249.27 249.20 249.57 250.22 249.23 250.47 249.60 249.65 249.99 249.62 249.05 249.18 249.35
248.05 250.61 252.59 251.09 252.18 252.27 251.40 251.90 251.79 252.04 252.05 251.57 250.54 249.89 249.63 249.82 249.99 251.93 250.50 250.62 250.95 251.65 251.67 251.87 252.00 252.22 252.40 252.66 252.86 252.98 253.05 253.09 253.10 253.10 253.10 253.00 253.01 252.83 252.30 251.85 252.80 253.08 253.10 253.08 253.01 252.91 252.82 252.75 252.68 252.69 252.71 252.80 253.06 253.06 253.07 253.06 253.05 253.05 252.50 252.19 251.38 249.78 249.36 249.55 246.51 249.40 249.91 249.52 248.66 248.79 247.90 246.16 247.99 249.50 248.58 247.22 248.31 248.43 246.46 247.04 247.34 247.28 248.45 247.91 250.22 250.24 250.61 251.22 251.46 251.00 250.39 250.75 250.42 250.58 250.71 250.91 250.84 251.76 251.06 251.77 250.80 250.66 251.33 251.20 250.78 250.49 250.27 250.54 251.73 249.83 250.62 248.91 248.16 247.71 250.38 249.11 242.68 243.38 238.65 238.64 236.86 236.64 236.54 234.29 235.84 235.77 236.52 236.41 237.17 239.06 241.37 243.76 240.94 239.65 241.18 244.08 242.87 242.99 243.65 247.04 247.30 248.72 249.69 250.12 250.25 250.66 250.74 250.56 250.58 250.47 250.37 250.90 250.97 251.82 251.42 252.09 252.59 252.33 250.85 252.59 251.24 250.17 249.64 251.00 249.52 251.49 249.73 249.05 249.97 250.38 249.83 250.25 250.82 250.49 249.82 249.56 250.17 249.65 249.17 248.46
249.51 250.75 250.67 250.61 251.97 252.19 251.25 252.45 252.00 251.43 251.63 250.56 250.93 250.59 249.63 250.35 249.61 251.61 250.54 251.75 251.71 251.68 251.88 251.92 252.19 252.32 252.47 252.57 252.88 253.00 253.07 253.10 253.00 253.09 253.07 253.09 253.10 252.82 252.72 251.98 252.88 253.08 253.10 253.07 252.99 252.87 252.75 252.65 252.58 252.44 252.47 252.40 252.62 252.96 252.95 252.92 252.78 252.79 252.84 252.85 252.94 251.31 249.21 249.12 249.30 249.22 248.84 247.69 248.96 249.35 249.20 245.42 244.68 243.64 246.94 248.80 247.38 247.27 246.05 246.10 246.28 246.42 247.10 248.40 248.94 249.75 249.67 249.58 250.74 251.01 251.08 250.58 250.52 251.37 251.11 250.80 250.73 251.31 251.35 251.39 250.82 249.95 251.46 250.52 250.30 250.61 249.51 251.40 252.04 251.54 250.07 250.16 249.21 249.78 250.09 249.76 249.36 243.35 243.92 242.14 240.76 240.75 238.47 237.94 237.65 236.91 237.12 237.28 237.10 239.57 243.62 241.36 241.23 242.50 245.83 244.49 251.93 243.85 244.01 250.75 249.41 250.45 250.67 250.68 250.59 250.56 250.57 250.55 250.81 250.91 250.98 251.48 252.15 252.30 252.45 252.12 250.97 252.52 252.41 251.54 252.07 251.20 250.16 250.23 248.76 251.30 249.54 250.07 249.68 249.15 249.51 250.08 251.17 251.49 251.52 250.62 250.64 250.41 249.15 248.97
248.90 251.20 250.31 251.01 250.96 251.23 250.87 249.89 251.29 250.54 250.92 249.16 249.21 249.65 249.23 250.03 249.84 250.98 251.67 250.80 251.35 251.83 251.92 252.11 252.27 252.49 252.62 252.74 252.93 253.06 253.10 253.10 253.08 253.05 253.04 252.85 252.97 252.99 252.72 252.85 252.98 253.08 253.10 253.06 253.01 252.92 252.84 252.69 252.58 252.57 252.40 252.36 252.61 252.82 253.10 252.93 252.77 252.66 252.66 252.76 252.93 252.20 250.06 249.87 249.43 249.38 249.39 250.96 250.35 249.89 249.66 249.52 246.73 242.41 240.80 246.33 245.45 244.94 243.16 245.54 245.51 246.05 243.75 246.91 245.08 248.96 248.63 248.55 248.72 250.77 249.81 250.20 249.27 251.58 250.67 250.72 250.74 251.64 252.13 250.92 250.77 251.14 250.95 250.82 251.14 251.79 250.68 251.98 252.29 251.93 251.34 251.26 250.38 250.77 248.88 246.60 248.64 245.64 243.99 242.57 241.26 242.39 243.14 238.85 241.75 237.52 238.29 242.98 244.00 245.63 244.07 246.26 246.41 244.77 246.29 249.57 250.04 248.85 251.23 250.31 250.69 251.14 251.45 251.35 251.15 250.92 249.86 250.91 251.05 251.33 251.44 251.78 252.26 252.60 252.48 252.22 251.36 252.27 252.72 252.33 252.42 251.93 251.14 250.17 251.11 251.02 249.80 250.99 250.31 249.52 249.89 251.00 251.65 249.82 250.11 250.62 250.31 248.99 247.83 249.34
248.92 249.40 250.90 250.89 251.06 250.71 250.21 249.61 248.96 248.86 248.95 249.13 248.17 247.91 249.20 248.63 251.97 251.12 250.54 251.49 251.51 251.97 251.99 252.13 252.34 252.61 252.77 252.94 253.05 253.10 253.10 253.06 253.02 253.00 253.01 253.00 252.72 252.85 252.71 252.81 252.96 253.08 253.10 253.09 253.06 253.01 252.93 252.81 252.65 252.53 252.14 252.29 252.30 252.61 253.00 252.94 252.79 252.78 252.80 252.96 253.09 251.94 250.50 250.33 251.05 250.58 249.85 250.82 249.83 249.92 250.43 248.82 248.18 244.89 243.45 242.20 246.07 245.03 245.66 244.54 244.59 245.30 245.16 243.04 245.98 247.99 247.43 246.85 247.63 251.16 249.52 250.19 249.23 248.76 249.02 250.56 250.81 246.50 250.05 251.70 251.46 251.81 252.03 252.27 251.84 251.17 252.32 252.35 252.63 252.02 251.64 250.71 251.01 251.69 251.77 251.27 249.80 248.89 247.32 246.50 243.38 245.02 243.23 241.59 241.50 238.82 242.03 245.07 245.63 246.58 248.42 248.01 247.12 246.62 250.14 251.34 252.33 252.06 251.35 250.83 251.31 251.67 252.13 251.93 251.41 251.21 251.06 250.87 251.44 251.55 251.67 251.77 251.44 251.68 251.51 252.31 251.56 252.22 252.63 252.31 252.63 251.73 251.31 250.76 250.73 250.30 250.58 249.96 250.45 248.23 250.24 246.86 250.37 250.22 250.12 250.30 250.77 248.58 246.95 249.40
250.15 249.81 250.92 250.90 250.95 250.88 249.87 247.21 248.35 248.99 249.41 249.35 248.94 249.45 249.09 248.72 250.06 251.03 250.96 251.41 251.72 252.02 252.10 252.29 252.48 252.66 252.89 253.04 253.10 253.08 253.03 252.95 252.90 252.89 252.93 252.77 252.84 252.57 252.63 252.83 252.95 253.04 253.08 253.10 253.10 253.07 253.01 252.93 252.81 252.67 252.56 252.38 252.34 252.67 252.94 252.72 252.97 252.86 252.98 253.05 253.05 252.94 250.81 250.88 250.59 250.98 250.08 249.69 249.89 249.77 248.93 249.24 248.35 247.07 243.21 240.98 243.66 244.87 243.76 243.32 244.10 244.50 244.91 243.40 244.32 243.28 246.83 246.65 247.72 249.32 249.66 249.25 248.62 248.13 249.73 250.31 250.75 251.48 251.56 251.25 251.02 250.80 252.34 251.93 251.51 251.68 251.26 252.54 252.56 252.17 251.17 252.08 251.18 251.36 251.27 250.62 250.18 248.41 248.61 246.44 245.43 244.24 245.51 242.65 245.13 245.41 244.77 250.15 248.35 248.36 249.05 249.65 247.83 250.06 251.16 251.38 252.78 252.69 251.69 251.95 251.62 251.67 252.19 252.50 251.38 251.15 251.13 251.06 251.00 251.54 251.93 252.25 252.36 252.18 250.96 252.14 251.96 251.98 252.56 251.74 251.91 251.62 251.85 251.86 250.72 250.36 249.64 250.27 250.92 248.67 248.13 249.36 249.24 248.24 248.60 250.39 251.19 249.94 249.85 250.45
251.81 251.25 251.20 251.53 250.57 249.88 248.54 244.90 245.22 247.56 247.99 249.28 248.88 248.93 248.24 248.96 249.29 250.22 251.24 251.44 251.74 252.08 252.27 252.52 252.66 252.83 252.99 253.10 253.02 252.91 252.83 252.78 252.73 252.78 252.86 252.20 252.74 252.53 252.60 252.71 252.78 252.90 252.98 253.04 253.09 253.10 253.07 253.02 252.90 252.80 252.72 252.64 252.52 252.58 252.85 253.01 253.00 253.02 252.98 253.02 253.07 252.39 251.34 251.46 251.05 250.65 249.59 249.35 249.13 249.94 249.34 248.62 247.23 244.45 239.57 239.49 239.98 244.62 243.03 242.96 241.23 243.48 244.18 244.45 242.63 242.07 245.52 247.18 246.97 246.64 247.65 248.42 248.19 248.65 250.08 249.39 250.60 251.04 250.42 251.89 251.23 251.05 252.13 251.51 252.19 251.73 252.46 252.68 252.22 252.19 252.38 251.95 252.01 251.72 251.51 250.96 251.10 251.23 251.10 248.02 247.00 246.76 246.33 246.39 247.29 247.69 249.50 249.55 249.23 249.60 249.85 251.08 251.48 250.53 251.50 251.96 252.47 252.57 252.16 251.86 251.43 251.39 250.98 251.02 251.33 251.26 251.21 251.18 251.44 251.62 250.93 251.60 252.46 252.34 251.84 251.58 251.82 251.44 252.23 251.67 251.47 251.81 251.96 252.08 251.03 251.05 251.40 251.53 249.88 248.45 247.23 246.41 245.97 244.50 246.63 246.25 247.14 248.53 247.83 251.52
251.69 251.71 251.33 250.64 250.59 249.85 246.93 245.72 246.16 246.71 247.57 248.84 248.42 250.58 248.60 246.54 249.57 249.63 250.70 251.51 251.79 252.07 252.49 252.72 252.84 252.97 253.08 253.02 252.76 252.54 252.51 252.54 252.62 252.69 252.56 252.27 252.46 252.55 252.49 252.44 252.49 252.66 252.81 252.90 253.03 253.09 253.10 253.08 253.02 252.92 252.86 252.75 252.74 252.69 252.89 253.02 253.10 253.10 253.01 253.04 253.07 252.29 251.34 252.24 251.65 241.45 236.74 242.23 249.53 248.84 250.43 248.48 247.62 245.21 239.59 240.00 239.70 244.63 242.46 244.15 242.65 243.29 243.16 243.24 242.92 243.34 244.70 244.71 245.02 246.52 248.35 248.09 248.06 248.48 249.51 249.28 250.66 250.52 251.26 249.62 250.91 251.48 252.10 252.11 252.08 252.11 252.06 252.55 252.06 251.96 251.79 252.14 252.27 252.35 252.03 251.95 251.68 250.40 250.18 251.33 250.02 250.36 249.55 249.64 249.95 248.38 248.81 248.89 249.15 249.81 251.13 250.59 252.52 252.14 251.94 252.14 252.66 252.65 252.09 251.76 251.26 251.22 250.99 250.78 251.23 251.33 251.39 251.51 251.58 251.95 251.73 251.87 252.28 252.10 252.29 252.03 251.86 251.52 251.86 250.78 251.54 251.61 251.92 252.17 250.40 252.14 251.71 251.15 249.74 246.90 246.56 245.37 245.34 244.21 243.17 245.79 245.76 247.33 245.60 249.08
247.92 251.54 249.47 250.27 249.19 248.37 242.86 244.16 247.08 246.68 246.70 248.69 249.42 249.18 248.48 246.82 251.25 249.40 248.20 251.24 251.68 252.13 252.45 252.69 252.91 253.06 253.08 252.71 252.06 251.83 252.07 252.36 252.44 252.56 252.63 252.59 252.68 252.69 252.39 252.22 252.20 252.48 252.63 252.76 252.92 253.05 253.10 253.10 253.08 253.06 253.06 252.95 252.87 252.85 253.00 253.03 253.09 252.45 253.06 252.46 251.62 243.09 239.88 238.54 236.62 236.63 237.18 236.55 236.57 248.39 248.92 246.43 246.91 246.18 241.70 241.86 240.57 242.01 243.13 243.60 243.22 243.10 243.48 242.23 243.52 243.93 243.82 244.90 245.55 246.06 245.43 246.81 247.37 248.93 249.50 249.43 249.78 250.40 251.49 250.33 251.77 251.55 251.77 252.20 252.08 252.40 252.25 252.29 252.44 252.37 251.78 252.45 252.60 252.62 252.56 252.72 251.94 250.45 250.33 250.31 251.31 250.28 250.36 250.64 249.74 249.26 248.94 248.53 250.50 251.26 251.61 252.63 252.65 252.64 252.30 252.49 252.66 252.53 252.50 252.00 251.56 251.15 251.26 251.23 250.99 251.24 251.60 251.44 251.93 251.26 251.92 251.40 252.35 252.61 251.48 251.12 252.19 251.02 251.07 251.61 251.50 251.67 252.19 251.91 251.13 250.85 251.16 251.09 250.49 246.33 244.59 240.36 242.34 243.15 245.57 242.12 244.40 240.41 249.17 248.51
246.98 247.60 248.86 249.86 249.14 247.26 245.02 242.80 243.97 243.05 244.82 247.40 248.05 247.27 247.39 246.98 249.11 249.33 249.82 250.78 251.43 252.03 252.40 252.69 252.95 253.09 253.02 252.31 251.14 250.90 251.55 252.14 252.32 252.37 252.41 252.71 252.61 252.59 252.31 252.17 252.19 252.65 252.42 252.64 252.84 252.99 253.08 253.10 253.10 253.09 253.08 252.87 253.06 250.86 239.34 243.09 241.74 247.99 238.94 236.82 241.90 252.24 252.34 252.05 240.75 238.09 241.76 242.00 250.56 237.32 246.76 247.54 246.18 244.93 244.32 242.05 242.65 240.74 239.59 242.66 243.01 242.93 243.14 243.13 244.42 244.02 243.11 244.45 245.71 244.04 245.13 245.72 246.85 248.12 246.37 248.70 249.41 250.18 250.61 250.59 250.66 251.26 251.92 252.18 252.38 251.52 252.34 252.37 252.49 252.56 252.46 252.38 252.73 252.39 252.52 252.22 252.31 251.11 250.69 250.95 250.90 250.15 250.67 250.68 251.34 250.26 250.08 250.02 250.63 251.11 252.51 252.64 252.86 252.29 252.59 252.40 252.72 252.58 251.81 251.78 250.95 251.21 250.95 251.16 251.04 251.20 251.80 252.03 252.10 251.93 252.04 252.28 251.59 252.35 251.06 251.11 251.96 251.87 251.41 251.23 251.73 251.51 252.12 252.27 251.84 249.84 249.71 249.08 247.58 244.35 242.85 241.40 240.96 241.54 241.88 240.92 240.15 241.52 240.14 241.55
240.33 242.41 239.80 239.54 245.80 246.13 244.63 242.42 243.88 243.78 244.86 245.25 244.98 246.89 245.95 246.42 246.98 248.61 249.31 250.34 251.21 251.73 252.34 252.69 253.00 253.10 253.01 252.41 251.18 250.35 250.78 252.14 252.28 252.28 252.23 252.54 252.51 252.37 252.13 252.00 252.23 252.39 252.37 252.61 252.78 252.92 253.07 253.09 253.10 253.10 253.10 252.99 244.84 240.55 236.63 236.51 245.31 252.93 253.03 253.07 252.86 252.75 252.49 252.29 251.70 251.89 251.58 246.06 249.29 249.31 236.72 244.50 236.62 241.47 243.52 240.79 239.91 241.31 240.23 239.92 242.53 242.47 242.12 242.83 242.55 243.03 241.63 243.62 243.11 244.53 244.46 243.25 246.56 247.33 248.24 248.37 248.00 249.18 252.08 251.50 250.56 250.37 251.46 251.87 251.99 252.36 252.43 252.35 252.56 252.53 251.89 252.44 252.33 252.61 252.40 252.25 252.26 252.06 251.51 251.85 251.63 251.13 251.22 251.41 251.93 250.12 250.58 249.82 250.64 250.72 251.25 252.33 252.81 252.67 252.69 252.07 252.55 252.08 251.57 251.52 250.67 250.89 251.24 251.05 251.00 251.08 251.33 251.20 251.67 251.70 251.70 252.32 252.66 252.23 252.30 251.98 251.41 251.20 251.60 250.57 251.37 250.29 249.43 250.39 249.93 244.68 249.39 247.70 246.46 243.44 242.29 241.97 240.07 240.60 239.72 239.10 239.05 242.67 241.49 243.54
245.13 243.51 243.78 241.36 239.69 244.97 242.32 243.93 242.24 241.54 243.93 243.23 244.76 245.30 245.21 246.48 246.44 247.82 248.62 249.96 250.69 251.59 252.10 252.61 252.93 253.09 253.06 252.87 251.39 250.08 250.08 251.57 252.22 252.22 252.25 252.18 252.39 252.28 252.29 252.13 252.19 252.43 252.85 252.74 252.94 252.93 253.06 253.09 253.10 253.03 243.22 237.70 237.98 236.49 242.08 253.09 252.99 251.06 253.07 252.89 252.75 252.60 251.45 252.07 251.35 250.87 243.64 248.54 239.72 247.28 236.70 236.60 236.51 237.23 238.51 240.04 242.49 240.95 240.74 237.99 239.93 242.72 241.77 241.57 241.93 241.75 240.50 243.23 242.92 242.95 241.68 245.40 245.41 245.84 247.38 248.63 248.29 249.19 250.94 251.13 250.44 250.58 251.66 251.40 251.47 252.01 252.39 252.00 249.39 248.29 252.33 251.50 252.21 252.04 252.16 252.32 252.28 252.16 251.85 251.78 251.63 252.08 251.77 251.99 252.04 251.93 251.50 250.80 250.66 250.68 251.42 251.95 252.81 252.06 251.99 252.62 251.65 251.18 252.11 251.41 250.75 250.65 250.29 250.79 250.78 251.22 251.38 250.49 250.74 251.50 252.48 252.20 252.65 251.84 251.13 251.49 251.08 250.05 251.10 250.27 249.27 244.81 242.79 246.07 246.36 242.81 243.11 244.15 242.64 242.30 241.36 240.43 239.57 238.23 238.35 238.48 242.62 250.34 241.75 242.71
242.19 242.53 243.26 243.25 237.96 238.97 241.35 240.92 238.92 240.12 240.88 242.52 243.67 243.90 244.01 243.56 244.17 246.46 247.91 249.16 250.28 251.22 251.85 252.49 252.86 253.04 253.10 253.04 251.71 250.31 250.56 251.26 252.04 252.17 252.26 252.35 252.13 252.14 252.34 252.12 252.71 252.95 252.56 251.63 251.80 249.59 251.15 244.92 244.60 247.52 251.50 253.09 250.29 237.35 244.03 243.38 241.66 251.12 252.95 252.62 252.52 252.48 252.17 251.93 247.61 241.76 240.64 241.77 250.82 250.34 241.79 236.55 236.61 237.02 236.77 237.15 238.66 241.85 242.07 240.80 240.34 241.08 240.71 242.16 241.62 242.27 243.15 243.87 244.16 243.53 243.99 243.15 245.43 245.89 246.02 245.63 245.59 248.35 250.17 249.65 251.67 251.72 251.33 251.39 252.31 251.76 251.53 251.97 252.03 251.97 251.67 251.73 251.46 252.34 252.34 252.32 252.34 251.66 251.59 251.89 252.25 252.51 252.30 252.61 252.20 251.47 251.84 251.61 250.73 250.73 251.00 251.19 252.56 252.62 252.21 251.74 251.81 251.61 251.79 251.27 250.65 250.77 250.01 250.13 250.29 250.13 249.62 249.73 249.82 248.84 252.64 252.70 252.63 251.86 252.42 250.26 244.86 247.80 247.70 247.95 244.85 242.98 243.57 244.49 241.23 239.71 240.94 239.88 239.70 239.93 239.72 239.79 239.00 238.12 237.69 237.61 239.11 240.57 240.88 242.14
241.72 240.96 240.24 240.53 241.93 237.82 238.02 238.07 237.70 239.69 240.99 243.94 242.84 241.94 240.74 239.99 240.03 242.23 247.22 247.34 249.18 250.36 251.32 252.17 252.63 252.93 253.07 253.07 252.77 252.04 251.37 251.50 252.04 252.11 252.30 252.42 252.40 252.79 252.52 252.21 252.39 252.53 252.65 250.68 252.79 249.18 251.21 250.87 252.69 253.03 253.06 250.62 244.43 244.29 246.30 253.10 253.07 252.18 244.10 244.23 252.28 252.10 251.87 251.85 250.33 251.31 249.32 250.61 250.55 249.72 247.41 243.42 238.71 244.90 245.13 238.36 237.06 237.48 243.56 242.39 238.62 239.52 239.87 240.72 241.20 242.34 243.46 243.32 242.33 243.09 243.80 244.26 243.52 246.00 245.96 245.17 245.58 245.77 247.56 247.05 250.04 252.00 251.75 251.44 250.79 251.41 251.62 251.74 251.55 251.84 250.78 250.61 250.98 252.19 252.39 252.30 252.56 252.35 252.58 252.02 252.36 251.90 252.30 252.25 251.93 252.23 250.95 251.98 250.96 250.86 251.23 252.07 251.92 252.50 251.85 251.74 250.91 251.28 251.10 250.79 251.03 250.43 248.78 248.53 249.08 249.46 246.45 247.83 249.61 250.32 251.46 252.15 250.63 251.07 251.28 249.92 240.73 244.67 237.17 240.97 242.26 243.82 243.78 240.85 240.82 238.73 238.66 239.08 239.13 238.62 238.55 238.51 237.83 237.87 237.87 237.71 237.64 238.26 239.41 240.62
240.49 240.78 239.44 239.23 240.06 237.20 237.18 237.45 238.71 238.29 242.40 245.95 240.95 237.87 238.13 237.59 243.01 247.03 242.38 244.88 246.76 249.32 249.79 251.25 252.21 252.71 252.96 253.10 253.03 252.63 252.18 252.10 251.95 251.93 252.34 252.54 252.67 252.73 252.74 252.57 252.48 252.72 252.85 253.06 253.09 253.10 253.06 253.05 253.08 253.04 253.10 253.07 253.10 248.87 250.36 253.04 252.80 252.44 252.07 239.18 252.28 251.26 251.33 250.41 250.53 250.22 245.08 249.14 248.58 247.01 245.77 244.66 236.59 242.11 242.82 238.71 239.97 239.11 241.31 240.86 239.81 239.81 238.40 239.52 240.92 241.70 241.05 242.17 242.27 242.62 243.01 243.81 244.39 244.65 245.43 245.67 247.93 245.69 245.72 245.43 249.35 250.80 251.41 251.09 250.38 251.38 251.21 250.82 250.99 250.99 250.43 250.41 251.03 251.61 251.97 252.48 252.70 251.06 251.25 251.95 252.08 251.85 252.09 251.27 252.35 251.94 252.21 251.18 251.11 250.59 251.45 251.19 251.41 251.56 250.88 248.33 251.41 249.99 250.41 251.04 250.43 250.20 247.39 247.37 249.10 245.67 246.68 248.77 249.86 250.63 251.56 251.37 251.56 251.21 250.61 247.71 241.00 240.70 240.51 242.64 240.11 240.69 240.89 241.33 240.20 238.58 239.36 240.73 237.96 237.79 237.89 237.62 237.51 237.41 237.43 237.40 237.53 237.77 238.87 239.13
238.72 239.08 238.78 238.06 237.83 237.18 237.13 237.67 237.87 240.41 243.34 246.77 240.00 237.99 237.24 239.26 242.35 240.40 241.08 244.63 245.60 247.10 248.45 250.14 251.44 252.45 252.87 253.08 253.09 252.96 252.61 252.35 251.65 250.89 252.43 252.62 252.73 252.82 252.87 252.88 252.88 253.07 253.10 253.09 253.06 252.89 252.72 252.55 252.30 251.85 251.00 250.55 239.26 253.04 253.00 252.89 252.30 251.90 251.76 247.90 251.14 250.56 250.35 250.50 249.87 249.56 249.62 245.48 244.73 245.29 241.54 244.25 237.23 237.23 240.30 240.21 241.10 240.78 240.42 239.46 237.95 238.12 238.75 240.47 240.14 240.36 241.17 242.18 242.82 243.05 242.70 242.00 243.60 243.94 245.15 245.61 248.41 245.81 245.88 245.59 249.26 249.92 250.45 250.95 250.35 250.61 250.74 250.29 250.16 249.97 249.57 249.68 251.37 251.79 251.84 252.24 252.54 251.13 251.52 251.62 251.58 252.16 252.03 252.30 251.86 251.77 251.48 251.20 249.59 250.18 251.00 251.46 251.08 250.73 248.61 248.98 249.80 245.77 250.28 250.70 250.09 249.60 246.97 246.68 246.37 245.39 246.01 249.83 249.17 250.61 250.84 250.68 248.48 248.24 246.47 240.91 239.13 238.39 239.44 239.64 238.04 238.70 240.02 240.17 238.50 239.13 240.99 239.14 238.01 237.72 237.64 237.57 237.53 237.40 237.35 237.38 237.67 237.63 238.03 238.48
238.34 239.14 238.09 237.43 237.62 237.39 237.13 237.21 237.79 239.45 242.70 242.56 238.74 237.30 237.24 237.92 238.66 239.50 244.89 242.16 244.42 244.41 248.25 250.73 251.77 251.99 252.64 253.04 253.10 253.07 252.98 252.82 251.84 250.60 251.00 252.73 252.78 252.83 252.93 253.01 253.08 253.10 253.10 253.06 252.96 252.71 252.46 252.07 251.20 249.79 252.44 253.04 253.08 253.00 252.88 252.49 252.00 251.31 251.17 249.92 250.59 250.14 247.65 250.16 249.77 249.27 249.76 242.58 247.49 245.84 243.43 237.97 236.51 236.57 242.28 241.15 240.96 240.44 242.06 237.51 241.85 237.53 239.40 240.84 239.83 239.68 240.99 242.31 241.74 242.82 242.94 242.30 243.32 243.38 243.72 245.26 245.74 247.60 247.42 248.32 248.46 248.20 249.15 247.68 250.22 250.80 250.61 249.06 249.62 249.73 249.65 250.92 250.36 250.93 251.73 252.00 251.51 251.53 251.99 251.34 251.67 251.94 251.82 251.78 251.81 251.64 251.32 250.73 250.56 250.09 248.33 249.20 247.13 247.31 246.50 247.17 248.45 248.71 247.70 249.00 246.89 246.52 244.83 244.95 244.40 246.35 249.03 249.29 249.03 250.09 249.22 247.28 242.94 241.68 241.33 240.76 239.06 238.30 238.68 238.10 238.57 238.56 239.14 238.26 238.35 239.01 239.91 238.21 237.88 237.76 237.62 237.52 237.50 237.43 237.40 237.39 237.36 237.48 237.62 237.88
237.33 237.50 237.40 237.22 237.05 236.98 237.03 237.14 237.30 239.38 240.35 239.93 237.18 237.01 237.05 237.35 237.68 241.96 242.81 240.53 241.79 246.31 249.19 251.16 252.20 250.97 252.19 253.06 253.08 253.08 253.09 253.09 253.02 251.69 252.43 252.83 252.74 252.79 252.94 253.05 253.10 253.10 253.10 253.10 252.78 252.45 251.88 251.33 250.59 247.75 247.61 251.96 252.58 252.36 251.93 251.38 250.92 250.65 250.44 249.50 249.56 250.14 250.79 247.37 246.53 248.64 248.01 245.59 245.21 243.58 242.78 241.62 236.78 236.62 237.45 238.20 237.42 237.82 238.59 238.32 240.61 241.20 239.30 240.20 240.78 239.55 241.38 242.79 242.15 242.20 241.60 242.25 242.63 243.29 243.90 245.07 245.27 246.64 245.87 246.90 246.90 246.92 247.00 248.12 248.09 250.24 249.37 247.72 245.81 249.79 249.44 250.30 251.23 251.31 251.57 250.71 251.18 251.22 251.77 251.28 251.60 251.84 251.89 251.69 251.67 251.55 251.09 250.74 250.05 249.66 245.66 243.15 241.57 240.90 238.92 240.98 246.23 246.85 247.67 246.09 245.83 244.60 243.81 244.65 245.02 247.53 247.84 248.55 249.08 250.11 246.26 240.88 241.46 242.43 241.94 239.30 238.67 238.23 238.12 237.92 238.80 237.96 238.19 238.01 238.10 238.74 238.41 237.97 237.85 237.77 237.72 237.57 237.50 237.47 237.47 237.41 237.37 237.33 237.29 237.27
237.37 237.19 237.06 237.18 236.95 236.93 236.99 237.03 237.15 237.81 238.30 238.70 237.00 236.86 236.86 237.01 238.83 243.12 238.96 239.70 242.93 248.49 250.56 251.47 250.87 250.61 251.15 252.70 253.10 253.10 253.10 253.07 253.00 253.07 253.06 252.93 252.67 252.60 252.97 253.08 253.10 253.09 253.08 253.10 252.64 251.80 251.12 250.46 249.25 246.43 245.07 251.20 251.26 250.57 250.01 249.25 249.54 249.39 249.20 248.54 246.99 249.11 250.35 249.75 248.84 246.74 245.43 244.79 244.46 242.41 240.10 237.50 239.96 238.51 236.72 237.02 238.02 240.06 240.73 240.59 241.46 240.05 240.94 240.30 239.35 240.42 240.69 242.41 241.92 242.32 242.59 242.43 243.98 244.23 244.44 244.58 244.79 244.69 245.49 246.76 246.70 246.90 247.39 247.03 247.49 247.67 247.38 247.89 247.46 250.33 249.87 251.65 251.31 251.52 251.06 251.46 251.41 251.14 251.31 251.35 251.60 251.80 251.96 251.89 250.86 251.41 251.14 250.46 249.46 247.55 243.36 236.81 236.71 236.71 236.73 236.89 238.29 242.21 243.71 244.14 244.38 242.81 243.58 245.06 244.77 247.07 247.96 247.72 249.77 249.44 241.09 241.62 240.71 240.48 239.87 239.60 238.49 238.16 237.97 237.94 238.04 238.14 237.99 238.00 237.98 237.99 237.98 238.00 237.85 237.83 237.81 237.68 237.59 237.54 237.51 237.43 237.37 237.34 237.29 237.24
237.29 237.17 237.10 237.06 236.96 236.93 236.93 236.95 237.03 237.35 237.89 237.31 236.86 236.79 236.77 236.99 239.35 237.80 238.00 239.56 244.80 247.96 247.47 248.69 249.33 249.54 250.51 252.04 253.07 253.09 253.10 252.97 252.87 252.97 253.09 253.03 252.24 252.24 253.06 253.10 253.09 253.07 253.04 252.97 252.14 251.56 250.92 249.96 248.69 246.89 244.92 244.58 249.57 249.70 249.72 249.58 249.01 248.38 247.75 247.19 246.85 247.96 249.80 248.03 245.99 245.21 243.92 243.32 242.90 241.48 239.49 237.44 236.61 237.34 236.69 239.59 240.00 240.47 238.11 238.15 238.45 240.38 240.01 239.81 240.41 241.64 241.57 242.52 241.85 242.91 242.36 242.76 242.97 242.36 244.56 245.04 245.55 244.53 246.06 247.46 247.46 247.19 246.69 247.31 247.70 246.67 248.78 245.49 247.47 247.04 248.83 250.29 250.80 251.59 251.47 251.30 251.47 251.31 251.31 251.26 251.66 251.56 251.93 250.96 249.78 251.59 251.12 250.24 247.55 242.02 236.91 236.65 236.68 236.69 236.69 236.74 236.77 237.24 241.84 242.03 241.56 242.49 244.29 243.87 247.09 248.47 248.04 246.30 247.67 247.76 241.87 240.14 239.74 239.20 239.09 239.04 238.11 237.95 238.09 237.93 237.89 238.09 238.01 238.04 237.94 237.94 238.00 237.99 238.01 237.98 237.92 238.19 237.71 237.60 237.64 237.44 237.34 237.30 237.27 237.22
237.18 237.14 237.31 237.21 236.94 236.95 236.93 236.96 236.87 237.22 237.62 236.94 236.76 236.73 236.75 237.24 237.76 237.24 238.14 241.73 242.66 244.29 245.00 246.07 247.25 248.67 249.83 251.85 253.09 253.09 253.03 252.70 252.72 252.49 252.87 253.07 251.93 251.02 252.84 253.09 253.07 253.02 252.95 252.77 252.24 251.55 250.76 249.66 248.58 246.71 244.88 244.48 245.60 248.81 249.07 249.04 248.51 247.80 247.20 246.36 245.50 246.13 246.98 246.55 245.83 243.61 241.42 241.16 240.77 239.28 237.43 237.22 237.22 236.64 238.40 238.54 238.24 238.73 238.07 239.85 239.79 240.19 240.53 239.99 239.72 240.56 241.07 240.19 241.04 240.92 242.15 242.57 243.37 242.90 243.83 242.22 244.58 245.51 245.87 245.37 245.41 248.02 248.97 249.27 247.03 246.29 245.88 248.19 248.55 249.17 249.40 249.28 250.00 249.47 250.45 251.09 251.42 251.35 251.37 251.74 251.54 251.67 252.09 249.04 251.37 251.60 250.83 249.40 245.86 238.51 236.78 236.63 236.62 236.64 236.67 236.69 236.73 236.86 237.51 238.99 240.29 240.81 244.42 245.87 245.98 246.48 244.25 242.95 243.86 243.75 240.78 239.20 238.88 239.26 238.21 237.90 238.09 238.13 238.35 238.28 237.94 238.57 238.72 238.43 238.11 237.98 238.28 238.14 238.43 238.47 238.46 237.80 237.75 237.60 237.73 237.47 237.36 237.29 237.24 237.25
237.11 237.12 237.19 237.14 236.89 236.88 236.84 236.86 236.75 236.81 236.93 236.71 236.68 236.70 236.73 236.77 237.19 237.16 238.19 240.51 241.65 242.55 244.30 245.89 247.42 248.51 250.12 251.89 252.69 252.45 252.52 252.53 252.52 252.52 252.44 252.53 252.16 250.09 250.41 253.09 253.04 252.97 252.85 252.63 252.24 251.47 250.39 249.39 247.96 246.77 245.27 244.31 244.57 247.95 248.45 248.51 247.95 247.18 246.72 245.98 245.26 246.67 247.18 244.87 243.38 241.97 239.76 238.75 238.17 238.48 236.67 236.90 238.62 236.63 237.82 238.80 236.89 239.35 239.98 239.22 240.08 240.46 241.12 241.47 240.59 240.27 239.86 240.24 240.66 241.23 242.12 242.45 242.31 242.32 241.69 243.90 242.71 245.58 245.15 244.78 245.52 245.76 247.22 249.16 246.42 246.88 242.40 246.89 244.87 249.47 248.64 248.85 249.07 248.34 249.44 250.65 251.45 250.95 250.47 251.60 251.29 251.49 251.84 252.01 251.77 250.99 250.02 248.19 243.28 237.71 236.63 236.61 236.59 236.63 236.69 236.69 236.76 236.81 237.19 238.29 239.17 244.08 242.72 243.67 244.93 242.45 240.76 239.95 239.97 239.66 238.87 238.16 237.71 237.64 237.96 237.76 237.95 237.94 238.54 238.97 239.58 240.32 240.03 239.77 239.32 239.01 238.91 238.91 238.75 238.26 240.73 238.21 237.85 237.83 237.83 237.39 237.33 237.36 238.31 237.28
237.28 237.06 237.64 237.86 236.92 236.93 236.82 236.77 236.74 236.71 236.67 236.64 236.64 236.65 236.67 236.76 236.88 237.28 240.84 240.41 241.21 243.29 244.62 245.64 247.56 248.95 250.02 251.00 252.22 252.24 252.37 252.39 252.41 252.32 252.13 251.92 252.41 250.54 251.06 253.03 253.08 252.88 252.68 252.47 252.74 250.95 249.94 248.93 247.66 246.80 245.04 244.45 244.31 247.56 247.95 247.68 247.11 246.52 246.13 245.63 245.41 245.04 244.04 244.95 242.35 239.33 238.31 237.76 237.55 236.84 236.73 236.95 237.66 237.89 238.22 236.99 237.91 238.23 240.10 241.49 241.53 240.50 241.09 240.64 240.71 240.71 236.68 240.53 238.04 241.16 242.42 242.10 242.06 241.06 241.52 244.16 244.07 243.69 243.14 242.98 243.37 246.23 247.00 246.57 246.01 245.28 246.01 244.66 242.31 247.33 247.63 246.23 248.20 248.58 249.14 249.83 250.52 250.22 249.82 250.06 250.28 251.26 251.45 251.40 251.22 250.74 249.45 246.64 241.48 237.57 236.64 236.62 236.63 236.65 236.70 236.71 236.74 236.79 237.03 237.84 238.43 241.15 240.62 240.21 240.28 239.80 239.88 238.29 238.78 237.99 237.78 237.61 237.32 237.17 237.12 237.45 237.55 238.04 239.21 241.06 243.13 244.14 242.68 242.54 241.35 240.57 240.22 239.42 239.55 239.36 239.17 240.02 238.00 237.95 237.73 237.71 237.41 237.67 240.29 238.58
237.34 237.04 237.02 236.84 236.86 236.94 236.78 236.70 236.68 236.65 236.62 236.58 236.59 236.60 236.60 236.69 237.25 238.06 240.21 240.29 244.34 252.30 251.99 251.73 252.77 249.39 250.37 250.68 251.24 252.03 252.15 252.29 252.28 252.21 252.11 251.99 251.97 252.89 252.93 253.03 253.04 252.79 252.49 252.23 251.60 250.25 249.51 248.51 247.62 246.88 245.43 244.49 244.04 247.15 247.18 247.26 246.77 246.05 245.59 245.49 245.10 245.13 245.45 243.44 239.08 238.05 237.65 237.40 237.34 236.86 236.68 236.86 237.13 237.48 237.01 237.61 238.46 238.27 238.84 239.23 239.30 240.35 243.27 237.31 240.18 240.63 240.30 240.72 240.62 240.58 238.43 240.18 241.68 242.15 242.40 243.10 242.83 242.46 242.11 241.46 242.44 242.61 245.36 245.78 245.29 245.13 245.89 242.03 243.69 248.42 247.30 247.08 246.68 246.64 248.80 249.10 249.75 250.29 250.09 250.09 250.63 250.34 250.84 250.69 250.07 249.89 248.63 244.76 239.47 236.67 236.65 236.69 236.64 236.67 236.71 236.73 236.77 236.80 236.99 237.57 238.06 238.38 238.95 239.12 239.26 239.07 238.67 238.22 237.65 237.51 237.32 237.17 237.15 237.06 237.02 237.06 237.44 238.23 240.43 242.99 244.95 246.06 247.16 246.04 244.96 242.33 241.20 240.45 240.35 239.90 239.61 239.43 238.63 238.05 238.00 238.00 237.66 237.30 238.60 236.68
237.12 236.96 236.92 236.81 237.35 236.82 236.78 236.72 236.64 236.63 236.59 236.57 236.56 236.56 236.55 237.01 237.65 237.90 239.16 239.12 246.58 251.57 250.11 250.27 250.57 251.32 250.51 250.63 250.02 251.21 251.77 252.15 252.24 252.17 252.09 251.97 251.96 252.23 252.96 253.00 252.81 252.66 252.43 252.13 251.49 250.17 249.12 248.11 247.29 246.52 245.86 244.06 244.42 247.96 247.83 246.38 246.35 245.84 245.60 245.30 244.93 244.27 243.05 240.02 238.72 237.61 237.30 237.04 236.83 236.78 236.97 236.75 236.84 237.02 236.90 237.42 237.92 237.78 238.05 239.34 240.04 241.76 240.05 239.05 240.84 240.46 240.32 236.95 240.56 239.72 240.29 240.60 242.07 242.33 241.65 241.04 241.56 241.45 241.50 240.67 240.81 241.67 243.76 244.38 242.80 243.05 243.04 243.32 246.54 247.67 246.83 246.67 247.43 248.13 248.42 248.79 249.63 251.20 250.38 250.09 249.98 250.04 250.21 250.02 249.79 249.22 245.96 243.93 238.93 236.77 236.68 236.66 236.68 236.71 236.72 236.72 236.76 236.87 236.99 237.22 237.57 237.45 237.75 237.74 237.80 237.51 237.44 237.32 237.19 237.08 237.01 237.00 236.98 236.90 236.93 236.93 237.16 238.35 240.48 244.45 246.66 248.39 249.38 249.33 247.91 243.79 241.96 241.53 241.56 240.84 240.06 239.24 238.54 238.13 238.27 237.85 237.25 237.28 237.44 237.27
237.17 236.95 236.84 236.80 236.76 236.82 236.79 236.70 236.63 236.60 236.57 236.55 236.54 236.54 236.53 236.92 237.56 238.52 241.82 240.27 245.30 251.64 250.12 250.14 250.42 252.67 249.80 249.36 249.22 249.71 251.19 251.99 252.32 252.39 252.38 252.10 251.91 251.96 252.47 252.61 252.53 252.47 252.38 252.16 251.73 250.67 248.83 247.85 246.85 246.46 245.89 243.86 245.34 244.87 248.07 247.19 246.34 245.98 245.42 245.32 244.32 244.27 241.79 238.79 237.73 237.28 236.90 236.82 236.70 236.69 236.63 236.68 236.70 236.76 236.82 237.30 237.50 237.43 237.00 238.82 239.73 240.47 240.25 239.60 237.01 241.20 240.65 241.71 240.63 240.22 240.07 240.01 238.79 240.95 241.14 240.60 240.99 240.99 241.11 240.78 240.66 242.50 238.07 242.55 241.54 244.21 245.35 243.50 245.50 245.95 246.72 247.32 248.28 248.51 248.45 247.42 250.09 249.30 250.23 249.20 248.61 247.79 249.94 249.80 249.52 248.78 246.53 247.21 241.22 237.81 236.95 236.71 236.75 236.75 236.77 236.81 236.81 236.85 236.93 237.01 237.03 237.05 236.95 237.04 237.02 237.05 236.94 236.92 236.90 236.84 236.80 236.83 236.76 236.77 236.78 236.89 237.08 238.44 242.01 245.86 249.01 250.33 250.63 249.88 249.62 251.30 243.82 242.79 242.12 241.38 240.39 239.37 238.58 238.13 238.00 237.50 238.43 237.14 237.21 237.06
236.80 236.86 236.89 236.73 236.67 236.67 236.68 236.64 236.59 236.57 236.54 236.54 236.53 236.52 236.52 236.93 237.67 240.49 241.72 239.74 241.55 252.61 251.45 250.98 251.95 250.91 248.20 248.20 248.57 249.50 250.69 251.72 252.34 252.57 252.71 252.77 252.00 251.99 252.19 252.34 252.38 252.35 252.29 252.12 251.75 250.76 248.08 247.95 247.33 246.61 246.57 245.01 243.71 242.87 247.51 247.22 246.97 246.28 246.02 245.07 244.39 244.03 240.37 238.63 237.63 236.82 236.76 236.72 236.66 236.64 236.64 236.66 236.73 236.73 236.78 237.06 237.17 237.12 237.72 238.84 239.41 238.72 239.12 239.73 241.31 240.56 239.58 240.56 240.27 239.81 240.28 240.26 240.81 241.00 240.02 240.46 240.92 240.71 240.79 240.79 240.44 242.19 243.34 241.39 244.07 243.20 241.79 247.32 245.40 243.37 247.55 248.26 248.52 248.14 247.93 247.35 249.23 249.19 251.53 248.25 247.98 248.19 250.50 249.88 248.88 248.80 246.83 247.53 245.19 242.00 238.09 237.74 237.08 236.98 236.98 236.84 236.85 236.85 236.86 236.88 236.86 236.80 236.80 236.79 236.77 236.79 236.74 236.72 236.72 236.74 236.71 236.72 236.70 236.75 236.72 236.72 236.86 238.19 242.67 247.75 250.68 251.12 251.27 251.31 250.18 248.01 245.38 244.07 242.97 241.64 240.25 239.42 238.70 238.28 237.75 237.64 238.71 237.09 237.08 236.97
236.82 236.78 236.75 236.69 236.66 236.62 236.60 236.57 236.55 236.55 236.53 236.53 236.52 236.52 236.52 236.89 238.04 241.19 239.77 238.67 238.58 245.13 248.93 251.88 249.54 244.96 246.93 247.39 248.15 249.84 250.97 251.73 252.26 252.67 252.83 252.88 252.32 251.99 252.08 252.36 252.36 252.53 252.28 252.07 252.02 250.29 249.52 248.57 248.09 247.36 246.86 246.25 245.11 243.40 244.91 246.39 242.41 238.25 239.39 242.94 243.92 245.13 240.14 238.52 237.52 236.85 236.71 236.67 236.63 236.61 236.63 236.60 236.74 236.77 236.68 236.85 236.88 236.85 236.97 237.74 238.77 240.31 241.43 240.15 240.87 240.61 240.31 240.01 240.10 240.94 239.74 239.57 239.90 240.42 239.46 239.23 238.54 241.80 239.79 239.98 240.78 241.92 243.18 241.94 241.84 242.30 242.34 243.79 245.64 244.62 246.30 247.71 247.72 248.52 248.60 248.43 247.77 249.30 251.17 248.57 248.09 248.90 244.46 246.37 249.14 249.29 248.15 247.13 246.62 244.09 241.81 239.98 238.54 237.79 237.26 236.97 236.87 236.83 236.78 236.77 236.77 236.68 236.73 236.66 236.64 236.62 236.60 236.62 236.57 236.59 236.59 236.60 236.61 236.60 236.59 236.63 236.67 237.80 243.05 248.24 250.33 251.28 251.57 252.88 252.47 250.02 246.91 244.67 242.78 241.60 240.25 239.30 238.39 237.95 237.49 237.86 237.24 237.11 237.57 236.86
236.77 236.75 236.76 236.65 236.60 236.60 236.57 236.57 236.56 236.54 236.53 236.53 236.53 236.53 236.52 236.85 238.69 240.19 239.80 240.80 238.49 239.21 239.32 239.45 241.64 244.19 247.79 246.96 248.86 250.37 251.44 251.93 252.44 252.74 252.86 253.04 253.02 252.12 252.02 252.38 252.28 252.33 252.24 252.71 251.60 250.23 249.17 248.71 248.37 247.97 248.55 247.12 246.89 242.60 247.09 246.83 246.45 246.72 241.80 238.12 237.97 242.14 239.45 237.24 236.90 236.69 236.65 236.64 236.62 236.60 236.60 236.61 236.63 236.67 236.82 236.74 236.75 236.71 236.64 237.19 237.59 239.41 239.97 239.11 239.41 239.79 239.40 239.72 239.58 240.61 239.88 238.77 239.64 239.54 239.45 238.96 239.03 239.75 240.31 239.81 242.20 241.95 241.13 241.91 242.61 240.47 241.24 244.15 242.80 243.59 246.00 244.89 245.39 245.37 243.60 248.20 247.22 250.17 249.26 250.87 249.88 250.12 249.89 249.19 249.06 248.62 248.90 248.73 246.16 247.30 242.63 240.01 240.08 238.37 237.22 236.90 236.83 236.72 236.69 236.67 236.63 236.61 236.59 236.56 236.53 236.51 236.50 236.50 236.50 236.51 236.52 236.53 236.52 236.53 236.55 236.57 236.63 236.73 240.37 246.18 250.54 251.36 252.90 251.04 253.02 250.37 246.77 244.28 242.90 241.37 239.58 239.50 238.26 237.79 237.29 237.24 237.09 237.16 236.90 236.84
236.69 236.67 236.65 236.69 236.58 236.65 236.55 236.54 236.54 236.54 236.54 236.53 236.53 236.53 236.53 236.73 238.28 240.12 239.79 240.10 240.46 239.98 243.38 242.25 242.11 243.53 245.07 248.33 249.76 250.76 251.69 252.18 252.52 252.79 253.03 253.05 252.97 251.91 251.60 252.17 251.98 252.00 251.95 252.76 252.07 250.33 249.45 249.00 248.69 249.15 249.84 249.47 246.56 245.04 243.04 241.64 242.21 240.33 239.69 237.60 239.58 243.22 236.95 236.80 236.72 236.69 236.69 236.64 236.60 236.59 236.68 236.61 236.61 236.64 236.75 236.62 236.70 236.66 236.63 236.63 237.24 237.69 238.11 238.31 238.18 239.02 239.74 240.09 239.63 239.55 239.37 239.11 239.48 239.73 239.28 239.98 239.06 239.36 240.95 242.15 239.27 242.69 241.29 241.20 244.53 239.54 246.26 243.41 242.78 244.32 244.52 244.04 244.41 244.87 245.59 244.87 245.51 242.44 247.36 248.91 247.87 244.65 249.26 248.20 247.43 249.88 250.51 247.65 244.67 246.92 242.17 240.75 238.87 237.47 236.95 236.78 236.67 236.66 236.63 236.59 236.57 236.53 236.52 236.49 236.48 236.48 236.48 236.48 236.48 236.49 236.49 236.49 236.50 236.51 236.54 236.56 236.61 236.70 237.41 245.21 249.40 251.02 252.24 252.76 252.15 248.19 245.00 243.29 242.24 240.87 240.44 238.31 237.87 237.52 237.19 237.01 237.01 236.95 236.84 236.74
236.63 236.62 236.59 236.57 236.55 236.56 236.54 236.54 236.53 236.54 236.53 236.53 236.53 236.58 236.53 236.54 236.88 238.96 240.82 240.63 240.58 240.43 243.56 244.25 241.07 242.80 247.02 248.82 250.10 251.16 251.85 252.31 252.55 252.82 253.10 253.07 252.72 251.88 251.69 251.97 251.55 251.46 251.53 251.32 250.87 250.28 249.39 248.83 248.83 250.09 249.80 248.94 248.83 244.89 244.35 243.61 243.49 240.79 240.10 238.76 239.04 237.79 237.07 237.35 237.81 236.82 236.74 236.67 236.62 236.59 236.61 236.58 236.60 236.58 236.59 236.61 236.64 236.62 236.59 236.58 236.59 237.09 237.42 237.80 237.64 238.69 239.34 236.49 239.17 239.55 238.92 238.18 239.04 239.21 240.16 239.71 239.04 239.20 240.71 240.78 241.71 241.11 241.42 241.11 242.81 243.76 245.50 244.42 244.04 245.64 244.22 244.57 243.04 241.21 241.70 241.88 244.50 247.35 247.80 248.08 246.97 248.24 248.81 248.22 248.94 246.88 242.85 241.00 241.28 240.24 239.43 238.56 237.32 237.01 236.83 236.67 236.64 236.59 236.55 236.52 236.50 236.49 236.48 236.48 236.48 236.48 236.48 236.48 236.48 236.48 236.48 236.48 236.49 236.51 236.52 236.54 236.57 236.62 236.90 240.37 245.40 248.42 250.31 250.40 248.69 244.68 243.14 242.28 241.50 240.58 238.89 238.02 237.50 237.19 236.96 236.83 236.82 236.80 236.69 236.65
236.56 236.58 236.55 236.55 236.54 236.54 236.54 236.53 236.52 236.53 236.53 236.53 236.52 236.52 236.53 236.53 236.70 237.19 237.72 237.87 238.57 239.18 241.04 241.29 240.02 246.26 247.83 249.14 250.62 251.35 251.97 252.05 252.62 252.79 252.99 252.97 252.69 251.77 251.71 251.72 251.37 251.15 250.84 250.81 250.46 250.01 249.45 248.69 249.02 250.65 248.97 248.50 248.25 247.10 246.53 245.74 244.36 243.93 242.70 239.11 240.42 237.98 237.59 237.29 236.97 236.94 236.77 236.71 236.69 236.60 236.59 236.59 236.57 236.55 236.56 236.54 236.60 236.58 236.56 236.58 236.58 236.63 236.88 236.83 237.17 237.66 238.54 239.59 238.89 238.39 238.23 238.63 239.10 239.62 237.82 238.78 239.61 240.64 241.07 239.73 241.83 241.56 240.67 240.80 242.29 242.61 244.85 244.70 243.90 244.88 245.28 245.51 243.04 241.89 242.39 242.48 245.22 247.12 246.20 245.89 246.47 243.04 247.87 248.41 246.18 247.22 244.47 240.14 240.72 239.47 238.28 237.30 237.15 236.84 236.73 236.65 236.59 236.54 236.50 236.48 236.48 236.48 236.50 236.48 236.49 236.49 236.49 236.49 236.48 236.48 236.48 236.48 236.49 236.49 236.49 236.51 236.53 236.56 236.69 237.13 239.92 242.31 243.74 244.00 244.42 246.29 241.39 241.24 240.64 239.87 241.54 236.64 237.06 238.69 236.76 237.13 236.68 236.66 236.65 236.58
236.53 236.76 236.55 236.55 236.53 236.54 236.53 236.52 236.53 236.52 236.53 236.52 236.52 236.52 236.51 236.52 236.52 236.68 237.27 239.40 238.71 238.84 238.50 239.15 244.11 247.19 248.37 249.63 250.24 251.70 252.16 252.47 252.77 252.94 253.03 253.00 252.73 251.92 251.44 251.28 250.99 250.66 250.51 250.32 250.57 250.06 250.03 250.33 250.39 249.99 248.98 248.01 247.82 248.09 246.83 245.02 244.08 243.59 243.81 243.35 243.54 243.38 240.43 237.36 237.33 236.79 236.72 236.70 236.67 236.62 236.58 236.53 236.53 236.53 236.54 236.52 236.53 236.52 236.53 236.57 236.53 236.54 236.60 236.76 237.06 237.45 238.03 238.70 237.85 238.55 238.66 239.99 238.80 238.85 238.97 239.66 239.36 240.76 239.73 239.60 242.36 242.68 241.38 243.35 239.54 244.25 243.77 245.28 244.00 246.50 247.39 246.38 244.12 243.20 243.97 245.50 245.67 244.72 246.03 243.14 243.75 243.04 243.50 246.59 244.85 242.07 241.76 239.75 238.77 237.70 237.43 237.04 236.89 236.75 236.66 236.59 236.53 236.49 236.48 236.48 236.48 236.48 236.49 236.50 236.51 236.50 236.49 236.49 236.49 236.48 236.48 236.48 236.48 236.48 236.50 236.49 236.49 236.51 236.54 236.58 236.69 236.92 237.13 237.71 239.57 242.30 238.54 239.47 239.79 238.82 238.46 237.11 236.82 236.76 236.66 236.62 236.61 236.57 236.55 236.54
236.51 236.52 236.52 236.53 236.53 236.53 236.53 236.53 236.53 236.52 236.52 236.52 236.52 236.52 236.51 236.52 236.51 236.53 236.85 243.72 240.12 239.23 239.92 243.10 247.93 247.24 248.48 249.74 250.97 251.96 252.52 252.89 253.05 253.09 253.10 253.10 253.06 252.84 251.93 250.89 250.43 250.26 250.12 250.20 251.49 251.18 249.67 249.04 249.85 250.14 248.99 249.25 249.77 249.23 247.51 245.06 243.83 243.05 242.92 242.64 242.48 242.78 240.55 237.45 236.86 236.76 236.71 236.71 236.65 236.61 236.59 236.53 236.54 236.52 236.51 236.50 236.50 236.49 236.50 236.51 236.52 236.53 236.53 236.77 236.91 237.24 237.40 237.60 237.99 237.84 239.44 239.16 238.95 238.45 237.63 239.87 239.75 240.20 239.45 240.27 240.41 240.74 240.99 241.46 241.75 243.53 244.61 241.37 244.86 247.17 243.71 246.71 246.41 246.91 247.41 247.70 246.58 245.65 244.99 241.88 241.59 242.11 238.98 239.97 240.76 239.38 239.13 238.69 237.89 237.45 237.10 236.88 236.79 236.68 236.62 236.54 236.51 236.48 236.48 236.48 236.48 236.49 236.50 236.51 236.52 236.52 236.51 236.50 236.49 236.49 236.48 236.50 236.48 236.48 236.48 236.48 236.49 236.50 236.50 236.52 236.54 236.60 236.63 236.65 236.77 236.85 237.13 237.81 238.23 238.03 238.01 237.26 237.30 236.68 236.64 236.60 236.57 236.53 236.51 236.50
236.50 236.52 236.51 236.53 236.52 236.52 236.52 236.52 236.53 236.52 236.52 236.52 236.52 236.52 236.53 236.53 236.53 236.55 236.56 239.71 239.87 240.51 242.22 244.36 246.83 247.00 248.38 249.65 250.81 252.28 252.96 253.09 253.05 252.96 252.96 253.05 253.10 253.10 252.95 252.05 250.58 249.70 249.61 249.73 250.00 250.40 250.00 249.54 249.07 247.78 249.82 250.19 250.54 250.91 249.33 246.79 244.05 243.27 243.02 243.15 242.60 242.99 239.18 237.22 236.87 236.77 236.72 236.68 236.65 236.58 236.57 236.54 236.52 236.50 236.50 236.49 236.48 236.48 236.48 236.49 236.49 236.49 236.50 236.51 236.57 236.62 236.64 236.74 237.01 236.77 237.94 238.31 239.09 239.24 238.56 239.11 239.11 238.47 239.83 239.04 239.48 238.58 240.17 238.61 239.58 239.95 242.12 243.23 244.17 245.89 246.64 247.13 247.16 248.02 248.00 248.00 247.26 244.33 238.67 239.94 240.86 242.00 240.91 241.63 239.14 238.62 238.31 238.14 237.37 237.16 236.93 236.76 236.69 236.64 236.55 236.51 236.49 236.48 236.48 236.49 236.49 236.51 236.52 236.53 236.53 236.53 236.53 236.51 236.51 236.50 236.49 236.49 236.48 236.48 236.48 236.48 236.48 236.49 236.49 236.50 236.53 236.55 236.63 236.67 236.79 236.83 237.02 237.29 237.53 237.52 237.66 237.11 237.35 236.62 236.61 236.58 236.53 236.52 236.51 236.50
236.50 236.51 236.50 236.52 236.62 236.51 236.51 236.57 236.52 236.52 236.52 236.52 236.53 236.53 236.54 236.54 236.54 236.53 236.58 236.86 241.77 242.63 241.38 243.89 244.12 246.61 247.75 249.02 251.14 252.73 253.10 252.96 252.75 252.72 252.59 252.69 253.04 253.08 253.09 252.79 251.30 249.55 249.13 249.30 250.02 249.82 250.26 251.75 249.66 249.44 249.48 249.87 250.84 251.35 250.67 248.62 245.74 244.38 243.56 243.69 241.39 241.11 240.82 237.90 236.85 236.73 236.70 236.68 236.62 236.57 236.54 236.51 236.51 236.49 236.48 236.48 236.48 236.48 236.48 236.49 236.48 236.48 236.48 236.49 236.50 236.61 236.55 236.62 236.83 236.87 237.06 237.59 237.61 237.77 237.86 238.52 239.12 239.35 238.08 238.67 238.74 236.79 238.71 240.24 237.68 240.85 241.57 241.93 242.88 242.74 244.49 246.55 241.33 247.43 247.26 245.40 246.44 245.17 239.29 238.96 238.84 238.93 238.78 238.30 238.16 237.96 237.72 237.35 237.21 236.95 236.80 236.69 236.66 236.56 236.53 236.49 236.48 236.48 236.48 236.49 236.52 236.53 236.54 236.54 236.54 236.54 236.53 236.53 236.52 236.53 236.51 236.50 236.49 236.49 236.48 236.48 236.48 236.48 236.51 236.50 236.52 236.54 236.59 236.66 236.77 236.77 236.88 236.99 237.05 237.15 237.22 237.76 240.57 236.60 236.58 236.57 236.53 236.51 236.50 236.51
236.50 236.50 236.50 236.50 236.51 236.51 236.52 236.51 236.52 236.52 236.52 236.52 236.53 236.52 236.54 236.54 236.55 236.62 236.67 236.86 237.48 238.40 240.11 241.48 243.36 245.15 246.40 248.72 251.26 252.83 253.09 252.93 252.84 252.82 252.54 252.71 253.02 253.10 253.05 252.55 250.93 249.25 249.01 249.17 250.60 249.54 250.03 250.86 250.12 250.36 250.31 250.65 250.66 250.30 249.65 249.01 246.90 244.50 244.36 244.67 242.78 240.95 240.81 238.30 237.00 236.69 236.65 236.70 236.59 236.55 236.53 236.50 236.49 236.48 236.48 236.48 236.48 236.48 236.48 236.48 236.48 236.48 236.48 236.48 236.48 236.49 236.52 236.53 236.60 236.58 236.86 236.62 236.78 237.02 236.98 237.56 238.02 237.31 238.71 238.20 236.71 236.71 236.75 239.42 238.13 241.98 242.88 240.58 240.31 241.33 242.64 241.53 238.64 239.02 243.35 241.95 238.49 243.05 238.51 238.93 238.63 238.69 237.77 237.66 237.44 237.61 237.29 237.23 236.95 236.77 236.71 236.68 236.61 236.55 236.50 236.48 236.48 236.48 236.50 236.51 236.52 236.54 236.54 236.54 236.54 236.53 236.54 236.53 236.53 236.52 236.51 236.52 236.51 236.50 236.49 236.48 236.48 236.48 236.48 236.49 236.51 236.55 236.58 236.63 236.73 236.72 236.76 236.82 236.82 236.96 238.22 237.52 238.30 236.65 236.58 236.54 236.53 236.51 236.51 236.50
236.50 236.49 236.49 236.50 236.50 236.51 236.51 236.52 236.52 236.52 236.52 236.51 236.52 236.52 236.54 236.55 236.58 236.63 236.79 237.19 237.75 238.47 239.72 240.97 242.37 243.66 245.41 247.01 249.83 252.00 252.97 253.08 253.02 252.99 252.97 253.00 253.09 253.10 252.28 250.38 248.51 247.85 248.51 248.68 248.59 250.07 249.33 250.99 250.21 250.10 250.35 249.95 251.29 250.14 248.23 248.70 247.96 245.51 244.05 242.10 242.28 241.93 240.73 238.27 237.01 236.66 236.60 236.58 236.55 236.52 236.49 236.48 236.48 236.48 236.50 236.48 236.49 236.48 236.49 236.49 236.48 236.48 236.48 236.48 236.48 236.48 236.48 236.51 236.52 236.51 236.54 236.56 236.57 236.62 236.74 237.07 237.27 237.54 236.95 236.78 236.66 236.73 237.57 236.82 237.58 236.84 237.08 236.87 241.83 242.32 243.32 238.22 242.43 243.85 237.94 237.78 238.24 238.71 238.62 237.97 237.86 237.83 237.16 237.06 237.22 237.22 237.15 236.87 236.75 236.71 236.73 236.61 236.60 236.53 236.50 236.48 236.48 236.48 236.50 236.51 236.53 236.54 236.53 236.52 236.54 236.53 236.53 236.52 236.52 236.51 236.51 236.51 236.50 236.50 236.50 236.49 236.48 236.48 236.48 236.49 236.51 236.55 236.61 236.63 236.67 236.70 236.76 236.72 236.73 236.86 237.16 237.52 238.79 236.68 236.54 236.54 236.51 236.50 236.50 236.49
236.49 236.49 236.49 236.49 236.50 236.50 236.50 236.51 236.52 236.51 236.51 236.52 236.53 236.54 236.54 236.57 236.63 236.74 236.96 237.30 237.88 238.58 239.55 240.37 241.08 242.00 243.23 244.88 247.30 249.96 251.28 252.01 252.17 253.02 253.08 253.08 253.06 252.46 251.13 249.19 247.73 247.02 247.09 246.65 245.98 245.25 244.90 246.02 249.01 250.37 251.25 250.26 248.21 248.42 248.33 247.15 243.91 244.94 243.94 241.62 240.74 239.24 238.34 237.56 236.97 236.63 236.60 236.54 236.52 236.50 236.49 236.48 236.48 236.48 236.48 236.49 236.49 236.49 236.50 236.50 236.49 236.49 236.49 236.49 236.48 236.48 236.49 236.48 236.48 236.50 236.51 236.49 236.53 236.56 236.57 236.59 236.81 236.95 236.67 236.73 237.07 237.38 237.76 236.77 237.27 236.84 236.79 236.78 238.09 238.69 240.60 237.84 238.61 239.04 237.74 238.35 239.02 237.86 237.74 237.54 237.62 237.25 237.11 236.94 236.93 236.86 236.83 236.81 236.70 236.67 236.62 236.61 236.54 236.51 236.48 236.48 236.48 236.49 236.50 236.51 236.53 236.54 236.54 236.54 236.54 236.52 236.53 236.53 236.53 236.53 236.52 236.52 236.52 236.49 236.50 236.50 236.49 236.48 236.49 236.50 236.51 236.57 236.61 236.63 236.64 236.65 236.65 236.65 236.65 236.68 236.74 236.99 237.82 236.60 236.61 236.57 236.52 236.49 236.49 236.49
236.48 236.49 236.49 236.49 236.49 236.50 236.50 236.50 236.52 236.50 236.51 236.52 236.52 236.54 236.57 236.59 236.70 236.81 237.02 237.32 237.89 238.25 238.83 239.31 239.94 240.64 241.65 242.27 243.55 245.24 246.74 247.31 247.32 247.52 250.54 251.00 249.50 248.51 248.21 247.95 247.20 246.75 246.84 246.51 245.57 244.64 244.57 244.75 248.73 250.13 248.62 246.93 243.79 245.63 244.99 242.07 243.54 239.74 243.59 241.87 240.18 238.62 237.54 236.93 236.68 236.59 236.55 236.53 236.49 236.48 236.48 236.48 236.48 236.49 236.49 236.49 236.48 236.48 236.51 236.51 236.50 236.51 236.50 236.50 236.49 236.49 236.48 236.48 236.48 236.48 236.48 236.48 236.49 236.49 236.53 236.52 236.56 236.60 236.60 236.59 236.63 236.71 236.59 236.72 237.00 236.75 237.22 237.04 236.81 237.43 237.82 237.37 237.41 237.16 237.11 238.71 237.67 237.47 237.33 237.10 237.09 236.99 236.83 236.92 236.77 236.76 236.75 236.72 236.66 236.63 236.57 236.55 236.51 236.49 236.49 236.49 236.48 236.49 236.50 236.51 236.52 236.54 236.54 236.53 236.53 236.53 236.53 236.53 236.52 236.53 236.53 236.52 236.51 236.51 236.51 236.49 236.48 236.48 236.48 236.66 236.58 236.52 236.57 236.57 236.59 236.60 236.59 236.61 236.60 236.60 236.61 236.68 236.64 236.61 236.58 236.52 236.51 236.49 236.49 236.48
236.48 236.48 236.48 236.49 236.49 236.49 236.49 236.49 236.50 236.50 236.50 236.52 236.52 236.55 236.59 236.65 236.75 236.85 237.01 237.27 237.59 237.81 238.15 238.60 239.41 239.96 240.34 240.87 241.30 241.93 242.54 243.16 243.70 244.20 244.88 244.68 244.51 244.71 245.87 246.54 246.62 245.94 246.03 247.05 246.31 245.39 245.19 245.12 242.25 248.11 238.54 237.61 237.32 238.54 238.63 241.79 241.50 241.37 239.31 240.99 238.57 237.64 236.97 236.71 236.68 236.54 236.51 236.49 236.48 236.48 236.48 236.48 236.49 236.49 236.49 236.50 236.50 236.51 236.52 236.52 236.52 236.51 236.51 236.51 236.50 236.50 236.50 236.49 236.48 236.48 236.48 236.48 236.48 236.49 236.50 236.50 236.52 236.51 236.51 236.53 236.61 236.56 236.69 236.72 236.57 236.68 236.92 236.69 236.76 236.98 237.13 236.99 237.08 237.15 237.42 236.97 237.04 236.97 236.90 236.94 236.92 236.86 236.76 236.77 236.77 236.72 236.73 236.67 236.64 236.59 236.54 236.52 236.49 236.48 236.48 236.49 236.48 236.50 236.50 236.51 236.52 236.53 236.53 236.53 236.53 236.53 236.53 236.53 236.52 236.51 236.53 236.52 236.51 236.50 236.50 236.48 236.48 236.48 236.48 236.68 236.67 236.51 236.54 236.54 236.54 236.55 236.55 236.55 236.58 236.55 236.57 236.56 236.77 236.70 236.50 236.51 236.51 236.48 236.48 236.48
236.48 236.48 236.48 236.48 236.48 236.48 236.49 236.49 236.49 236.50 236.51 236.52 236.54 236.57 236.61 236.68 236.78 236.93 237.07 237.25 237.75 237.68 237.96 238.44 238.69 239.15 239.59 239.97 240.41 240.70 241.21 241.78 242.42 242.78 242.79 242.72 243.33 243.65 244.58 245.35 245.66 245.50 245.23 244.88 245.28 244.23 242.85 241.15 238.58 237.93 237.56 237.30 237.06 236.96 236.96 237.71 240.07 240.64 239.53 237.77 237.33 236.90 236.71 236.56 236.55 236.51 236.49 236.48 236.48 236.48 236.49 236.50 236.50 236.50 236.51 236.52 236.52 236.51 236.54 236.55 236.53 236.52 236.53 236.50 236.52 236.51 236.50 236.50 236.50 236.49 236.49 236.48 236.48 236.48 236.48 236.48 236.49 236.51 236.51 236.51 236.51 236.52 236.67 236.56 236.30 236.58 237.15 236.68 236.71 236.80 236.80 236.82 236.83 236.80 236.74 236.83 236.79 236.81 236.76 236.75 236.76 236.72 236.75 236.73 236.70 236.69 236.71 236.65 236.62 236.58 236.55 236.51 236.49 236.48 236.48 236.48 236.49 236.49 236.51 236.51 236.52 236.53 236.54 236.53 236.54 236.54 236.53 236.53 236.53 236.52 236.52 236.51 236.51 236.49 236.48 236.48 236.48 236.48 236.48 236.48 236.49 236.50 236.51 236.52 236.52 236.52 236.53 236.52 236.53 236.54 236.54 236.53 236.55 236.50 236.50 236.52 236.50 236.48 236.48 236.48
236.48 236.48 236.48 236.48 236.48 236.48 236.48 236.49 236.49 236.51 236.51 236.52 236.55 236.58 236.64 236.75 236.96 236.94 237.00 237.16 237.31 237.45 237.71 237.91 238.18 238.46 238.87 239.33 239.56 240.02 240.40 240.63 241.11 241.34 241.30 241.44 241.54 242.21 243.15 243.86 244.33 244.35 244.02 243.60 242.63 241.35 240.50 239.31 238.28 237.62 237.26 237.09 236.98 236.89 236.83 236.77 237.78 237.60 238.17 236.93 236.60 236.56 236.53 236.51 236.50 236.48 236.48 236.48 236.48 236.49 236.50 236.51 236.52 236.52 236.53 236.54 236.54 236.54 236.55 236.54 236.54 236.54 236.54 236.54 236.53 236.54 236.54 236.52 236.51 236.50 236.50 236.49 236.48 236.48 236.48 236.48 236.48 236.51 236.48 236.49 236.51 236.51 236.54 236.57 236.71 236.70 236.71 236.61 236.66 236.63 236.67 236.67 236.71 236.68 236.68 236.70 236.66 236.63 236.68 236.65 236.67 236.69 236.74 236.70 236.68 236.70 236.70 236.64 236.61 236.59 236.53 236.51 236.49 236.48 236.48 236.48 236.48 236.49 236.49 236.50 236.50 236.51 236.51 236.52 236.53 236.53 236.52 236.52 236.51 236.51 236.51 236.51 236.49 236.48 236.48 236.48 236.48 236.48 236.48 236.48 236.48 236.49 236.50 236.50 236.50 236.51 236.50 236.50 236.55 236.52 236.53 236.51 236.51 236.51 236.50 236.49 236.48 236.48 236.48 236.48
236.48 236.48 236.48 236.48 236.48 236.49 236.49 236.48 236.49 236.50 236.50 236.52 236.54 236.58 236.60 236.71 236.53 237.06 236.93 237.01 237.12 237.27 237.39 237.49 237.76 238.01 238.25 238.66 239.04 239.29 239.58 239.68 239.97 239.91 240.08 240.02 240.41 240.71 241.08 241.66 242.31 242.29 242.64 242.32 241.58 240.39 239.21 237.89 237.34 237.06 236.98 236.95 236.97 236.82 236.74 236.67 236.62 236.60 236.54 236.52 236.50 236.49 236.48 236.48 236.48 236.48 236.48 236.49 236.50 236.51 236.52 236.53 236.53 236.54 236.55 236.54 236.55 236.55 236.56 236.56 236.55 236.55 236.55 236.55 236.56 236.55 236.53 236.53 236.52 236.52 236.51 236.51 236.50 236.49 236.48 236.48 236.48 236.48 236.48 236.48 236.48 236.49 236.51 236.51 236.52 236.55 236.57 236.57 236.57 236.59 236.59 236.59 236.62 236.59 236.62 236.59 236.56 236.57 236.58 236.59 236.64 236.65 236.67 236.68 236.71 236.70 236.63 236.60 236.59 236.57 236.53 236.51 236.49 236.49 236.48 236.48 236.48 236.48 236.48 236.49 236.49 236.50 236.50 236.51 236.51 236.51 236.51 236.51 236.49 236.49 236.50 236.49 236.49 236.48 236.48 236.48 236.48 236.48 236.48 236.48 236.49 236.49 236.49 236.49 236.50 236.49 236.50 236.51 236.51 236.50 236.50 236.52 236.51 236.51 236.49 236.57 236.48 236.48 236.48 236.48
236.48 236.48 236.48 236.48 236.48 236.48 236.48 236.49 236.49 236.49 236.50 236.52 236.52 236.56 236.59 236.61 236.83 236.78 236.87 236.89 236.97 237.04 237.16 237.29 237.39 237.55 237.77 238.01 238.03 238.30 238.44 238.64 238.78 238.75 238.88 238.89 239.01 239.21 239.40 240.13 240.35 240.69 240.81 240.65 240.06 239.00 238.11 237.65 237.16 237.02 236.91 236.85 236.79 236.72 236.65 236.60 236.56 236.52 236.50 236.49 236.48 236.48 236.48 236.48 236.49 236.49 236.50 236.51 236.52 236.53 236.53 236.52 236.55 236.56 236.56 236.56 236.57 236.56 236.57 236.56 236.56 236.57 236.56 236.56 236.51 236.47 236.54 236.54 236.54 236.53 236.53 236.51 236.50 236.50 236.49 236.49 236.48 236.48 236.48 236.48 236.48 236.48 236.50 236.51 236.52 236.52 236.53 236.55 236.52 236.54 236.55 236.54 236.52 236.53 236.53 236.52 236.51 236.53 236.54 236.58 236.60 236.60 236.61 236.64 236.63 236.62 236.64 236.60 236.58 236.57 236.53 236.52 236.50 236.50 236.49 236.48 236.48 236.48 236.48 236.48 236.48 236.48 236.49 236.50 236.50 236.50 236.49 236.50 236.49 236.49 236.49 236.49 236.49 236.49 236.48 236.48 236.48 236.48 236.48 236.48 236.48 236.48 236.48 236.48 236.49 236.49 236.49 236.49 236.51 236.49 236.49 236.50 236.48 236.49 236.49 236.48 236.48 236.48 236.48 236.48
236.48 236.48 236.48 236.48 236.48 236.48 236.48 236.48 236.48 236.48 236.49 236.49 236.51 236.52 236.55 236.60 236.60 236.65 236.70 236.75 236.81 236.88 236.99 237.09 237.11 237.17 237.23 237.34 237.43 237.55 237.63 237.80 237.90 237.85 237.73 237.88 237.90 237.90 238.18 238.56 238.76 238.90 238.87 238.32 238.07 237.60 237.35 237.15 236.96 236.86 236.79 236.70 236.67 236.62 236.58 236.55 236.51 236.49 236.48 236.48 236.48 236.49 236.50 236.50 236.51 236.51 236.52 236.53 236.54 236.54 236.55 236.55 236.56 236.57 236.57 236.57 236.57 236.58 236.58 236.58 236.57 236.57 236.57 236.57 236.57 236.56 236.56 236.56 236.55 236.54 236.53 236.53 236.52 236.51 236.49 236.50 236.49 236.49 236.48 236.48 236.48 236.48 236.48 236.48 236.48 236.49 236.51 236.51 236.50 236.50 236.49 236.49 236.49 236.49 236.51 236.50 236.50 236.50 236.53 236.54 236.55 236.56 236.60 236.59 236.61 236.61 236.62 236.59 236.57 236.56 236.54 236.54 236.50 236.49 236.49 236.50 236.48 236.48 236.48 236.48 236.48 236.48 236.48 236.49 236.49 236.48 236.49 236.49 236.49 236.49 236.49 236.49 236.49 236.48 236.48 236.48 236.48 236.48 236.48 236.48 236.48 236.48 236.48 236.48 236.48 236.48 236.50 236.49 236.49 236.49 236.48 236.48 236.48 236.48 236.48 236.48 236.48 236.49 236.48 236.48
236.48 236.48 236.48 236.48 236.48 236.48 236.48 236.48 236.48 236.48 236.48 236.49 236.49 236.51 236.52 236.54 236.57 236.59 236.62 236.67 236.72 236.74 236.79 236.83 236.89 236.92 236.98 237.03 237.08 237.10 237.12 237.18 237.16 237.16 237.21 237.25 237.29 237.27 237.32 237.19 237.40 237.40 237.38 237.31 237.25 237.14 237.04 236.92 236.79 236.72 236.69 236.60 236.55 236.53 236.51 236.49 236.48 236.48 236.48 236.48 236.49 236.51 236.52 236.52 236.53 236.52 236.53 236.55 236.56 236.56 236.57 236.56 236.57 236.58 236.59 236.58 236.58 236.59 236.58 236.58 236.58 236.58 236.58 236.58 236.58 236.57 236.57 236.56 236.56 236.55 236.54 236.53 236.53 236.52 236.52 236.51 236.50 236.49 236.49 236.48 236.48 236.48 236.48 236.48 236.48 236.48 236.49 236.48 236.48 236.48 236.48 236.48 236.48 236.48 236.49 236.48 236.49 236.49 236.49 236.52 236.51 236.51 236.59 236.55 236.56 236.58 236.60 236.60 236.59 236.56 236.55 236.54 236.53 236.63 236.52 236.49 236.49 236.49 236.48 236.48 236.48 236.48 236.48 236.48 236.48 236.48 236.48 236.48 236.48 236.48 236.48 236.48 236.48 236.48 236.48 236.48 236.48 236.48 236.48 236.48 236.48 236.48 236.48 236.48 236.48 236.48 236.48 236.48 236.48 236.48 236.48 236.48 236.48 236.48 236.48 236.48 236.48 236.48 236.48 236.48
236.49 236.48 236.48 236.52 236.48 236.48 236.48 236.48 236.48 236.48 236.48 236.48 236.48 236.49 236.50 236.50 236.52 236.53 236.56 236.61 236.71 236.63 236.66 236.69 236.71 236.73 236.77 236.77 236.78 236.82 236.84 236.88 236.90 236.93 236.96 236.99 237.01 237.00 237.01 237.02 237.03 236.99 236.98 236.93 236.86 236.82 236.76 236.72 236.65 236.60 236.54 236.52 236.50 236.48 236.48 236.48 236.48 236.49 236.50 236.50 236.51 236.52 236.54 236.55 236.55 236.56 236.57 236.57 236.57 236.58 236.58 236.58 236.58 236.59 236.59 236.59 236.59 236.59 236.59 236.58 236.59 236.59 236.58 236.58 236.58 236.56 236.56 236.56 236.56 236.55 236.55 236.54 236.53 236.52 236.52 236.50 236.50 236.50 236.49 236.49 236.48 236.48 236.48 236.48 236.48 236.48 236.48 236.48 236.48 236.48 236.48 236.48 236.48 236.48 236.48 236.48 236.48 236.48 236.48 236.49 236.49 236.50 236.50 236.51 236.53 236.54 236.55 236.56 236.57 236.56 236.56 236.54 236.53 236.52 236.51 236.50 236.49 236.49 236.48 236.49 236.48 236.48 236.48 236.48 236.48 236.48 236.48 236.48 236.48 236.48 236.48 236.48 236.48 236.48 236.48 236.48 236.48 236.48 236.48 236.48 236.48 236.48 236.48 236.48 236.48 236.48 236.48 236.48 236.48 236.48 236.48 236.48 236.48 236.48 236.48 236.48 236.48 236.48 236.48 236.49
236.49 236.50 236.49 236.50 236.50 236.49 236.49 236.49 236.48 236.48 236.48 236.48 236.48 236.48 236.50 236.48 236.49 236.49 236.51 236.51 236.52 236.54 236.55 236.56 236.57 236.58 236.62 236.61 236.63 236.64 236.67 236.69 236.70 236.73 236.76 236.79 236.79 236.79 236.81 236.82 236.81 236.78 236.74 236.70 236.66 236.62 236.59 236.56 236.54 236.51 236.50 236.49 236.48 236.48 236.49 236.50 236.51 236.53 236.54 236.54 236.55 236.56 236.56 236.56 236.58 236.58 236.58 236.58 236.58 236.59 236.58 236.59 236.59 236.59 236.59 236.59 236.59 236.59 236.59 236.59 236.59 236.59 236.59 236.57 235.91 234.07 236.52 236.56 236.57 236.56 236.56 236.55 236.55 236.53 236.53 236.52 236.51 236.50 236.50 236.50 236.49 236.49 236.48 236.48 236.48 236.48 236.48 236.48 236.48 236.48 236.48 236.48 236.48 236.48 236.48 236.48 236.48 236.48 236.48 236.48 236.48 236.48 236.48 236.50 236.50 236.52 236.52 236.53 236.53 236.56 236.54 236.54 236.53 236.53 236.51 236.51 236.50 236.50 236.50 236.49 236.48 236.48 236.48 236.48 236.48 236.48 236.48 236.48 236.48 236.48 236.48 236.48 236.48 236.48 236.48 236.48 236.48 236.49 236.49 236.49 236.48 236.48 236.49 236.49 236.48 236.49 236.49 236.48 236.48 236.48 236.49 236.49 236.49 236.49 236.49 236.49 236.48 236.49 236.50 236.48
236.51 236.51 236.51 236.51 236.51 236.51 236.51 236.50 236.50 236.50 236.49 236.49 236.49 236.48 236.48 236.48 236.48 236.48 236.48 236.48 236.49 236.48 236.50 236.51 236.51 236.53 236.52 236.52 236.54 236.55 236.56 236.58 236.58 236.61 236.62 236.65 236.65 236.65 236.67 236.66 236.64 236.62 236.59 236.57 236.55 236.53 236.51 236.49 236.48 236.48 236.48 236.49 236.50 236.51 236.53 236.54 236.56 236.57 236.58 236.59 236.59 236.59 236.59 236.59 236.59 236.59 236.59 236.59 236.59 236.59 236.58 236.58 236.58 236.58 236.58 236.58 236.58 236.59 236.58 236.58 236.58 236.59 236.59 236.59 236.59 236.58 236.58 236.58 236.58 236.58 236.57 236.56 236.56 236.55 236.54 236.53 236.53 236.52 236.52 236.50 236.50 236.50 236.49 236.49 236.49 236.49 236.49 236.48 236.48 236.48 236.48 236.48 236.48 236.48 236.48 236.48 236.48 236.48 236.48 236.48 236.48 236.48 236.48 236.48 236.48 236.48 236.49 236.50 236.51 236.51 236.52 236.53 236.52 236.52 236.54 236.51 236.50 236.50 236.55 236.49 236.48 236.48 236.48 236.48 236.48 236.48 236.48 236.48 236.48 236.48 236.48 236.48 236.48 236.49 236.49 236.49 236.49 236.49 236.49 236.50 236.49 236.49 236.49 236.49 236.49 236.49 236.50 236.50 236.50 236.50 236.50 236.50 236.51 236.50 236.50 236.50 236.50 236.51 236.51 236.51
236.52 236.53 236.53 236.53 236.53 236.53 236.52 236.53 236.51 236.53 236.51 236.51 236.51 236.51 236.49 236.49 236.48 236.49 236.49 236.48 236.48 236.48 236.48 236.48 236.48 236.48 236.51 236.48 236.48 236.50 236.48 236.51 236.50 236.52 236.54 236.55 236.54 236.55 236.54 236.54 236.54 236.52 236.50 236.50 236.49 236.48 236.48 236.48 236.50 236.51 236.52 236.53 236.53 236.55 236.56 236.57 236.58 236.58 236.59 236.59 236.59 236.59 236.59 236.59 236.59 236.59 236.58 236.58 236.58 236.58 236.57 236.58 236.57 236.57 236.58 236.57 236.57 236.58 236.58 236.58 236.58 236.59 236.58 236.59 236.59 236.59 236.58 236.58 236.58 236.58 236.57 236.57 236.56 236.56 236.55 236.53 236.54 236.53 236.53 236.52 236.52 236.52 236.51 236.50 236.50 236.50 236.50 236.49 236.49 236.49 236.48 236.48 236.49 236.49 236.49 236.49 236.48 236.48 236.48 236.48 236.48 236.48 236.48 236.48 236.48 236.48 236.48 236.48 236.48 236.48 236.49 236.50 236.50 236.50 236.51 236.52 236.51 236.49 236.49 236.49 236.48 236.48 236.48 236.48 236.48 236.48 236.48 236.48 236.48 236.48 236.48 236.48 236.48 236.48 236.49 236.49 236.49 236.50 236.51 236.50 236.50 236.50 236.50 236.51 236.51 236.51 236.52 236.52 236.52 236.52 236.51 236.52 236.53 236.53 236.54 236.53 236.53 236.53 236.53 236.52
236.56 236.56 236.57 236.56 236.55 236.56 236.05 236.54 236.55 236.55 236.54 236.54 236.54 236.53 236.54 236.54 236.54 236.53 236.54 236.52 236.50 236.52 236.51 236.51 236.50 236.49 236.49 236.48 236.49 236.48 236.48 236.48 236.48 236.48 236.48 236.48 236.48 236.48 236.48 236.48 236.48 236.48 236.48 236.48 236.49 236.50 236.51 236.52 236.53 236.55 236.56 236.56 236.57 236.56 236.57 236.58 236.58 236.58 236.58 236.59 236.58 236.59 236.59 236.59 236.58 236.59 236.58 236.58 236.57 236.57 236.57 236.57 236.57 236.56 236.57 236.57 236.57 236.56 236.57 236.57 236.58 236.58 236.58 236.59 236.59 236.59 236.59 236.59 236.59 236.58 236.57 236.56 236.57 236.57 236.56 236.56 236.55 236.55 236.54 236.54 236.53 236.52 236.52 236.51 236.52 236.52 236.51 236.51 236.51 236.51 236.51 236.50 236.50 236.50 236.49 236.50 236.49 236.49 236.48 236.49 236.48 236.49 236.48 236.48 236.48 236.48 236.48 236.48 236.48 236.48 236.48 236.48 236.48 236.48 236.48 236.48 236.48 236.48 236.49 236.49 236.49 236.49 236.49 236.48 236.48 236.48 236.48 236.48 236.48 236.48 236.49 236.49 236.49 236.49 236.50 236.49 236.51 236.51 236.52 236.52 236.53 236.52 236.53 236.54 236.54 236.55 236.54 236.55 236.53 236.55 236.55 236.55 236.54 236.55 236.55 236.56 236.57 236.55 236.56 236.55
236.58 236.58 236.58 236.58 236.57 236.58 236.58 236.58 236.58 236.58 236.58 236.58 236.58 236.57 236.58 236.57 236.57 236.56 236.56 236.55 236.56 236.53 236.53 236.53 236.52 236.53 236.52 236.56 236.54 236.53 236.53 236.51 236.51 236.50 236.49 236.50 236.49 236.50 236.50 236.51 236.51 236.52 236.52 236.53 236.54 236.54 236.55 236.55 236.56 236.57 236.57 236.58 236.58 236.58 236.58 236.58 236.58 236.58 236.58 236.58 236.58 236.59 236.59 236.59 236.59 236.59 236.58 236.58 236.58 236.58 236.57 236.56 236.56 236.57 236.56 236.56 236.55 236.57 236.57 236.58 236.58 236.58 236.59 236.59 236.59 236.59 236.59 236.59 236.58 236.58 236.58 236.56 236.56 236.56 236.56 236.55 236.55 236.55 236.54 236.54 236.54 236.53 236.53 236.51 236.52 236.52 236.51 236.51 236.51 236.50 236.51 236.51 236.51 236.51 236.50 236.51 236.51 236.50 236.49 236.49 236.49 236.50 236.49 236.49 236.49 236.48 236.48 236.48 236.48 236.48 236.48 236.48 236.48 236.48 236.48 236.48 236.48 236.48 236.48 236.48 236.48 236.48 236.48 236.48 236.48 236.48 236.48 236.48 236.49 236.49 236.49 236.50 236.50 236.50 236.50 236.50 236.52 236.52 236.53 236.53 236.54 236.54 236.54 236.55 236.56 236.56 236.55 236.56 236.57 236.57 236.52 235.81 236.54 236.56 236.57 236.57 236.58 236.58 236.56 236.57
236.59 236.59 236.59 236.59 236.59 236.59 236.58 236.59 236.59 236.59 236.59 236.59 236.59 236.59 236.59 236.59 236.59 236.57 236.58 236.58 236.58 236.59 236.59 236.58 236.58 236.57 236.57 236.57 236.54 236.55 236.55 236.55 236.56 236.57 236.57 236.55 236.55 236.55 236.54 236.55 236.55 236.56 236.57 236.56 236.56 236.56 236.57 236.57 236.58 236.58 236.58 236.59 236.59 236.59 236.59 236.59 236.59 236.59 236.59 236.59 236.59 236.58 236.58 236.58 236.58 236.58 236.58 236.58 236.57 236.58 236.57 236.56 236.56 236.56 236.56 236.56 236.57 236.57 236.58 236.58 236.58 236.58 236.59 236.56 236.59 236.59 236.59 236.58 236.58 236.58 236.58 236.57 236.57 236.56 236.56 236.56 236.57 236.55 236.54 236.54 236.53 236.53 236.53 236.52 236.53 236.53 236.53 236.52 236.52 236.52 236.52 236.51 236.52 236.52 236.52 236.51 236.51 236.51 236.50 236.50 236.50 236.50 236.49 236.50 236.50 236.50 236.49 236.49 236.49 236.48 236.49 236.49 236.49 236.49 236.48 236.48 236.48 236.48 236.48 236.48 236.48 236.49 236.49 236.48 236.49 236.49 236.50 236.50 236.50 236.50 236.50 236.51 236.51 236.51 236.52 236.52 236.53 236.54 236.54 236.55 236.55 236.56 236.56 236.57 236.57 236.57 236.57 236.57 236.58 236.58 236.58 236.58 236.58 236.59 236.59 236.59 236.59 236.59 236.59 236.59
236.58 236.59 236.58 236.57 236.58 236.58 236.59 236.56 236.57 236.59 236.59 236.59 236.58 236.59 236.59 236.58 236.55 236.51 236.54 236.58 236.56 236.57 236.55 236.54 236.57 236.57 236.57 236.58 236.58 236.58 236.58 236.58 236.58 236.57 236.54 236.57 236.56 236.57 236.57 236.56 236.58 236.57 236.57 236.57 236.57 236.58 236.58 236.58 236.59 236.59 236.59 236.59 236.58 236.59 236.59 236.58 236.58 236.58 236.58 236.58 236.57 236.55 236.56 236.59 236.58 236.58 236.58 236.58 236.58 236.58 236.58 236.58 236.58 236.57 236.58 236.58 236.58 236.58 236.58 236.58 236.58 236.59 236.59 236.59 236.59 236.59 236.58 236.58 236.58 236.58 236.58 236.58 236.57 236.56 236.56 236.56 236.56 236.56 236.55 236.55 236.55 236.55 236.54 236.55 236.54 236.53 236.53 236.53 236.53 236.53 236.53 236.53 236.52 236.51 236.51 236.51 236.52 236.51 236.51 236.50 236.51 236.51 236.51 236.51 236.51 236.51 236.51 236.51 236.50 236.50 236.50 236.50 236.50 236.49 236.48 236.49 236.50 236.50 236.50 236.50 236.50 236.50 236.50 236.50 236.50 236.50 236.51 236.50 236.51 236.50 236.51 236.52 236.52 236.52 236.53 236.53 236.54 236.54 236.54 236.55 236.55 236.56 236.57 236.57 236.57 236.57 236.58 236.58 236.58 236.58 236.58 236.58 236.58 236.57 236.58 236.59 236.58 236.58 236.59 236.58
236.59 236.58 236.58 236.59 236.59 236.58 236.58 236.58 236.58 236.58 236.58 236.57 236.59 236.58 236.58 236.59 236.59 236.58 236.59 236.59 236.58 236.59 236.59 236.59 236.59 236.59 236.59 236.57 236.58 236.57 236.57 236.58 236.58 236.58 236.58 236.58 236.58 236.58 236.58 236.58 236.58 236.58 236.58 236.58 236.58 236.58 236.58 236.59 236.59 236.59 236.59 236.59 236.59 236.59 236.58 236.58 236.58 236.58 236.57 236.57 236.56 236.56 236.56 236.56 236.56 236.56 236.55 236.56 236.57 236.58 236.58 236.58 236.59 236.59 236.58 236.59 236.59 236.59 236.59 236.59 236.59 236.59 236.58 236.54 236.57 236.58 236.54 236.54 236.57 236.53 236.49 236.54 236.53 236.52 236.52 236.50 236.54 236.53 236.52 236.56 236.56 236.53 236.51 236.54 236.54 236.53 236.54 236.54 236.54 236.54 236.54 236.53 236.53 236.53 236.53 236.53 236.52 236.52 236.52 236.50 236.55 236.50 236.52 236.52 236.51 236.52 236.51 236.51 236.51 236.51 236.52 236.52 236.51 236.52 236.52 236.52 236.52 236.52 236.52 236.52 236.52 236.51 236.51 236.51 236.51 236.50 236.50 236.50 236.50 236.51 236.52 236.51 236.52 236.53 236.53 236.54 236.54 236.55 236.55 236.55 236.55 236.56 236.56 236.57 236.57 236.58 236.57 236.57 236.58 236.59 236.58 236.59 236.59 236.59 236.59 236.59 236.59 236.59 236.59 236.59
236.50 236.51 236.51 236.51 236.51 236.51 236.51 236.51 236.51 236.51 236.51 236.51 236.52 236.52 236.52 236.52 236.52 236.53 236.53 236.53 236.53 236.53 236.53 236.54 236.54 236.55 236.56 236.57 236.57 236.57 236.58 236.57 236.57 236.58 236.54 236.54 236.52 236.55 236.49 236.50 236.53 236.53 236.58 236.58 236.58 236.58 236.59 236.58 236.58 236.57 236.51 236.51 236.50 236.52 236.56 236.54 236.55 236.55 236.54 236.53 236.58 236.58 236.58 236.58 236.59 236.59 236.58 236.57 236.56 236.53 236.53 236.53 236.49 236.51 236.50 236.49 236.49 236.48 236.53 236.54 236.58 236.68 236.66 236.76 236.77 236.76 236.92 236.95 236.92 237.05 236.96 236.87 237.18 237.18 236.92 237.07 237.10 237.34 237.34 237.27 236.90 236.76 236.79 236.77 236.91 236.88 237.00 236.80 236.62 236.51 236.50 236.52 236.48 236.53 236.49 236.50 236.50 236.49 236.51 236.48 236.49 236.48 236.48 236.48 236.49 236.53 236.48 236.49 236.49 236.49 236.49 236.49 236.49 236.49 236.50 236.50 236.51 236.52 236.53 236.53 236.53 236.53 236.53 236.53 236.53 236.52 236.53 236.53 236.53 236.54 236.54 236.55 236.55 236.55 236.55 236.55 236.55 236.55 236.56 236.55 236.55 236.55 236.56 236.56 236.56 236.56 236.55 236.55 236.55 236.54 236.53 236.53 236.53 236.53 236.53 236.52 236.51 236.51 236.51 236.51
236.48 236.48 236.48 236.48 236.48 236.48 236.48 236.48 236.48 236.48 236.48 236.48 236.48 236.48 236.48 236.49 236.49 236.49 236.50 236.50 236.50 236.50 236.50 236.50 236.50 236.49 236.51 236.50 236.52 236.49 236.56 236.55 236.50 236.49 236.61 236.59 236.58 236.56 236.60 236.65 236.66 236.64 236.72 236.80 236.78 236.66 236.67 236.71 236.67 236.63 236.56 236.53 236.49 236.49 236.53 236.50 236.55 236.59 236.60 236.57 236.60 236.51 236.49 236.54 236.55 236.58 236.59 236.59 236.59 236.57 236.54 236.50 236.49 236.49 236.50 236.51 236.54 236.58 236.61 236.64 236.67 236.72 236.75 236.79 236.86 236.92 236.96 237.02 237.06 237.06 237.07 237.08 237.10 237.13 237.19 237.23 237.29 237.33 237.36 237.40 237.43 237.50 237.55 237.60 237.64 237.69 237.71 237.75 237.71 237.48 237.24 237.03 237.03 236.96 237.11 236.96 236.83 236.79 236.82 236.91 236.98 236.93 236.71 236.82 236.76 236.89 236.81 236.76 236.82 236.77 236.91 236.87 236.75 236.63 236.69 236.75 236.73 236.79 236.73 236.71 236.63 236.59 236.57 236.53 236.49 236.49 236.52 236.54 236.54 236.54 236.54 236.53 236.53 236.54 236.54 236.55 236.54 236.54 236.53 236.53 236.53 236.53 236.52 236.52 236.52 236.51 236.51 236.50 236.50 236.50 236.50 236.49 236.49 236.49 236.49 236.49 236.48 236.48 236.48 236.48
236.50 236.49 236.50 236.52 236.52 236.54 236.75 236.76 236.76 236.71 236.67 236.56 236.65 236.62 236.84 236.66 236.90 237.14 237.20 237.18 237.19 236.89 236.65 236.73 236.88 236.78 236.54 236.73 236.84 236.64 236.86 237.46 237.36 237.05 237.38 237.50 237.49 237.50 237.45 237.37 237.39 237.18 237.31 237.45 237.39 237.52 237.67 237.65 237.63 237.38 237.35 237.42 237.32 236.97 237.03 237.16 237.14 237.09 237.03 237.01 237.01 236.96 236.82 236.91 236.96 236.96 236.77 236.76 236.70 236.71 236.69 236.56 236.53 236.53 236.58 236.63 236.63 236.63 236.61 236.59 236.55 236.52 236.49 236.52 236.74 236.76 236.70 236.67 236.65 236.61 236.64 236.72 236.83 237.03 237.06 237.02 237.07 237.13 237.27 237.37 237.43 237.30 237.47 237.56 237.61 237.66 237.72 237.76 237.79 237.85 237.89 237.89 237.87 237.85 237.82 237.78 237.73 237.70 237.70 237.72 237.68 237.61 237.58 237.62 237.64 237.64 237.65 237.64 237.62 237.65 237.63 237.64 237.66 237.62 237.56 237.57 237.44 237.46 237.48 237.24 237.49 237.48 237.48 237.10 237.03 236.93 236.80 236.58 236.79 236.98 236.81 237.00 236.68 236.66 236.62 236.55 236.63 236.57 236.53 236.51 236.50 236.66 236.60 236.49 236.53 236.56 236.52 236.53 236.49 236.53 236.50 236.48 236.49 236.52 236.49 236.48 236.49 236.49 236.50 236.50
238.19 237.91 238.03 237.98 237.81 238.11 238.02 238.19 238.50 238.58 238.56 238.53 238.33 238.24 238.46 238.71 238.75 238.72 238.78 238.78 238.70 238.52 238.59 239.18 239.15 239.19 238.99 238.89 238.75 238.70 238.63 238.96 239.26 239.10 239.28 239.63 239.84 239.85 239.88 239.83 239.55 239.64 239.28 239.38 239.60 240.05 240.12 240.19 240.01 239.82 239.82 239.82 239.72 239.64 239.28 238.89 238.87 238.80 238.69 238.66 238.69 238.86 238.88 238.95 239.01 239.03 239.10 239.02 238.93 238.78 238.27 237.87 237.85 237.84 237.72 237.94 237.61 237.81 237.85 237.70 237.88 238.00 238.05 238.06 237.93 238.09 237.98 237.71 237.99 237.76 238.14 238.34 238.27 238.45 238.63 238.66 238.52 238.57 238.42 238.47 238.65 238.98 238.95 238.70 238.70 239.04 239.12 239.23 239.37 239.45 239.50 239.34 239.50 239.45 239.40 239.31 239.26 239.12 239.25 238.72 239.45 239.34 239.21 239.06 238.73 238.52 238.94 238.98 238.74 238.73 238.52 238.81 239.38 239.38 239.39 239.44 239.44 239.28 239.00 238.93 238.87 238.82 238.77 238.82 238.69 238.65 238.57 238.74 238.94 239.23 238.92 239.18 238.76 238.94 239.39 239.35 239.23 238.30 238.63 238.36 238.68 238.04 238.03 237.81 237.82 237.77 238.01 238.26 238.20 238.17 238.22 238.02 237.87 237.82 237.81 237.75 238.05 238.08 237.85 237.97
240.72 240.80 240.75 240.61 240.60 241.08 241.11 241.32 241.35 241.32 241.31 241.38 241.38 241.39 241.40 241.43 241.47 241.52 241.49 241.50 241.54 241.51 241.42 241.49 241.52 241.48 241.57 241.70 241.77 241.87 241.93 241.99 242.02 242.07 242.11 242.14 242.16 242.19 242.19 242.22 242.21 242.21 242.24 242.24 242.25 242.25 242.26 242.26 242.24 242.21 242.15 242.10 242.01 241.92 241.83 241.71 241.65 241.60 241.52 241.52 241.55 241.46 241.43 241.39 241.35 241.28 241.23 241.19 241.21 241.17 241.14 241.12 241.05 240.99 240.94 240.90 240.84 240.82 240.70 240.63 240.68 240.71 240.70 240.64 240.72 240.62 240.61 240.68 240.66 240.66 240.66 240.54 240.40 240.45 240.57 240.70 240.77 240.66 240.34 240.26 240.43 240.71 240.72 240.77 240.82 240.87 240.91 240.99 241.06 241.13 241.13 241.17 241.21 241.26 241.29 241.33 241.35 241.38 241.42 241.43 241.42 241.42 241.43 241.41 241.36 241.40 241.42 241.46 241.52 241.55 241.57 241.59 241.62 241.65 241.72 241.79 241.86 241.94 241.98 242.01 242.03 242.06 242.06 242.06 242.06 242.09 242.07 242.04 242.04 242.00 241.93 241.87 241.82 241.75 241.64 241.58 241.49 241.39 241.48 241.58 241.58 241.55 241.51 241.51 241.56 241.52 241.50 241.48 241.42 241.41 241.32 241.27 241.22 241.16 241.11 241.08 241.02 240.97 240.93 240.82
