East longitude (degrees): -179:2:179
North latitude (degrees): -89:2:89

Absorbed dose on Martian Surface (1E-6 Gy/day), 2D array where Absorbed dose(i,j)= value at latitude(i) and longitude(j).
110.37 110.41 110.46 110.48 110.48 110.47 110.47 110.49 110.53 110.57 110.74 110.80 110.77 110.83 111.04 111.15 111.20 111.27 111.29 111.17 111.10 111.26 111.28 111.24 111.18 111.15 111.09 111.11 111.20 111.16 111.26 111.38 111.32 111.24 111.35 111.27 111.17 111.10 111.02 110.96 110.91 110.83 110.76 110.74 110.71 110.71 110.70 110.71 110.70 110.68 110.66 110.65 110.61 110.60 110.60 110.59 110.51 110.48 110.45 110.45 110.43 110.40 110.40 110.36 110.38 110.41 110.43 110.30 110.25 110.26 110.19 110.17 110.16 110.17 110.12 110.09 110.08 110.06 110.05 110.05 110.03 110.05 110.05 110.03 110.05 110.05 110.05 110.04 110.03 110.04 110.05 110.09 110.11 110.12 110.12 110.13 110.12 110.14 110.16 110.16 110.14 110.13 110.12 110.12 110.13 110.14 110.15 110.16 110.17 110.18 110.19 110.17 110.14 110.16 110.21 110.24 110.23 110.23 110.24 110.26 110.28 110.29 110.30 110.33 110.37 110.41 110.41 110.44 110.47 110.49 110.50 110.52 110.53 110.54 110.55 110.59 110.60 110.60 110.59 110.60 110.55 110.55 110.53 110.49 110.50 110.50 110.49 110.46 110.43 110.40 110.39 110.37 110.37 110.33 110.30 110.29 110.28 110.26 110.26 110.27 110.26 110.26 110.26 110.24 110.24 110.24 110.24 110.25 110.26 110.26 110.27 110.29 110.29 110.29 110.30 110.32 110.34 110.35 110.35 110.37
112.52 112.59 112.61 112.74 112.71 112.79 112.69 112.68 112.66 112.56 112.56 112.55 112.43 112.30 112.23 112.21 112.23 112.23 112.23 112.18 112.18 112.24 112.38 112.43 112.40 112.35 112.36 112.25 112.34 112.17 112.43 112.45 112.27 112.25 112.24 112.23 112.18 112.12 112.17 112.17 112.13 112.18 112.13 112.10 112.06 112.03 112.02 111.95 111.90 111.84 111.69 111.85 111.64 111.36 111.38 111.31 111.18 111.04 110.97 110.94 111.11 110.56 110.63 110.35 110.27 110.26 110.20 110.17 110.15 110.12 110.03 109.96 110.02 110.00 109.72 109.66 109.58 109.48 109.44 109.60 109.28 109.08 109.06 108.95 108.92 108.93 108.95 108.98 109.02 109.04 109.09 109.10 109.13 109.14 109.15 109.59 109.48 109.68 109.55 109.80 109.80 109.80 109.89 109.90 109.94 110.04 110.11 110.29 110.39 110.45 110.30 110.29 110.33 110.36 110.38 110.37 110.43 110.47 110.55 110.55 110.63 110.70 110.71 110.77 110.86 110.84 110.86 110.95 111.03 111.01 111.09 111.10 111.12 111.19 111.34 111.50 111.61 111.78 111.69 111.49 111.33 111.27 111.24 111.20 111.14 111.13 111.08 110.80 110.77 110.74 110.74 110.76 110.80 110.80 110.79 110.81 110.89 111.01 111.11 111.11 111.20 111.29 111.39 111.44 111.58 111.69 111.79 111.84 111.99 112.02 112.21 112.21 112.23 112.21 112.31 112.21 111.95 112.10 112.51 112.75
111.91 111.91 111.93 111.93 111.94 111.94 111.96 112.02 112.02 112.01 112.02 112.02 112.04 112.11 112.03 111.95 111.96 112.08 112.07 112.07 112.08 112.10 112.13 112.15 112.13 112.14 112.18 112.30 112.37 112.53 112.89 112.93 112.91 112.90 112.94 112.76 112.96 112.83 112.79 112.74 112.99 113.27 113.21 113.22 112.99 112.95 112.83 112.72 112.63 112.53 112.57 112.44 112.42 112.38 112.65 112.73 112.42 112.23 112.29 112.69 112.51 111.52 111.37 111.41 111.55 111.64 111.47 111.58 111.56 111.12 111.25 111.10 110.78 110.69 110.75 110.47 110.82 111.11 111.40 111.00 110.81 110.72 110.78 110.78 110.88 110.72 110.65 110.50 110.49 110.61 110.49 110.52 110.66 110.64 110.65 110.66 110.67 110.73 110.79 110.92 110.89 111.02 111.34 111.67 111.58 111.54 111.51 111.54 111.50 111.57 111.67 111.74 111.80 111.88 111.64 111.70 111.83 111.85 111.77 111.67 111.65 111.69 111.74 111.85 111.97 112.07 112.07 112.00 112.01 111.95 111.90 111.87 111.83 111.84 111.89 112.01 112.64 113.83 114.23 113.97 113.32 112.99 112.85 112.89 112.38 112.11 111.99 111.87 111.93 112.00 111.87 111.90 111.96 112.11 112.30 112.38 112.42 112.46 112.43 112.43 112.42 112.23 112.07 111.99 111.97 112.08 112.15 112.22 112.36 112.57 112.30 112.36 112.30 112.24 112.16 112.13 112.10 112.10 111.97 111.92
112.01 112.03 112.05 112.07 112.08 112.08 112.10 112.12 112.14 112.17 112.19 112.22 112.26 112.28 112.27 112.27 112.29 112.33 112.36 112.39 112.42 112.46 112.50 112.54 112.59 112.65 112.70 112.76 112.88 113.02 112.94 112.78 112.75 112.70 112.82 112.93 112.91 112.85 112.93 113.00 112.73 112.72 112.73 112.74 112.77 112.80 112.77 113.32 113.44 113.53 113.44 113.46 113.38 113.37 113.39 113.35 113.29 113.59 113.71 113.72 113.26 113.61 113.50 113.38 113.74 113.45 113.48 113.44 113.84 113.49 113.79 114.03 114.21 114.22 114.05 113.90 113.94 113.93 113.90 113.99 113.95 113.91 113.73 113.76 113.78 113.68 113.61 113.58 113.63 113.61 113.33 113.32 113.44 113.82 113.37 113.28 113.16 113.11 113.15 113.00 113.23 112.67 112.85 112.57 113.02 113.29 113.35 113.09 112.97 113.00 113.04 113.19 113.48 113.58 113.68 113.64 113.21 113.23 113.14 113.12 113.03 113.01 112.67 112.58 112.65 112.72 112.71 112.56 112.55 112.71 112.64 112.66 112.86 112.88 113.11 113.73 114.54 114.47 114.50 114.48 114.49 113.27 113.12 113.18 113.13 113.27 113.22 113.14 113.11 113.10 113.04 112.91 112.78 112.72 112.67 112.52 112.47 112.53 112.88 113.28 113.80 114.07 113.54 112.96 112.15 112.16 111.81 111.73 111.70 111.72 111.88 112.12 112.64 112.61 112.28 112.05 111.95 111.92 111.94 111.98
112.39 112.47 112.47 112.64 112.35 112.43 112.48 112.54 112.59 112.66 112.73 112.81 112.99 113.04 112.80 112.79 112.84 112.90 112.95 112.99 113.03 113.08 113.10 113.14 113.17 113.23 113.30 113.33 113.36 113.40 113.45 113.62 113.59 113.62 113.74 113.68 113.45 113.49 113.46 113.49 113.68 113.51 113.16 113.21 113.03 112.88 112.96 113.15 113.22 113.11 113.28 113.19 113.43 114.31 113.95 114.16 114.45 113.98 114.45 114.37 114.06 114.19 114.25 114.22 114.24 114.21 114.27 114.28 114.20 114.10 114.21 114.04 113.85 113.87 113.89 113.92 113.86 113.87 113.83 113.85 114.26 113.75 113.57 113.52 113.49 113.51 113.50 113.50 113.47 113.45 113.44 113.46 113.34 113.14 112.92 112.59 111.88 111.12 112.04 112.19 112.72 113.09 113.04 113.18 113.51 113.73 113.88 114.12 114.08 113.95 113.71 114.03 114.16 114.30 114.30 114.38 114.41 114.49 114.46 114.45 114.43 114.47 114.41 114.34 114.32 114.34 113.95 113.99 114.07 114.14 114.21 114.44 114.51 114.60 114.65 114.63 114.61 113.98 113.09 112.87 112.82 112.75 112.71 112.90 112.99 113.01 112.94 113.11 113.21 113.31 113.46 113.56 113.67 113.44 113.57 113.82 114.00 113.65 113.51 113.55 114.03 113.78 113.48 113.49 113.64 113.56 114.03 113.32 112.46 112.11 112.15 112.33 112.48 112.73 113.05 112.31 112.44 112.44 112.22 112.29
112.82 112.87 112.89 113.01 112.99 112.94 112.95 112.99 113.01 113.22 113.07 113.17 113.23 113.26 113.36 113.51 113.41 113.63 113.31 113.54 113.41 113.44 113.41 113.89 114.33 113.26 113.73 114.23 114.05 114.16 114.08 114.08 114.05 114.07 114.12 114.14 114.14 114.12 114.02 113.98 113.98 113.73 114.34 114.45 113.46 113.65 113.64 113.50 113.45 113.72 113.94 113.71 114.41 114.27 114.34 114.54 114.76 113.51 114.19 113.68 114.44 114.20 113.54 114.02 114.05 114.38 114.42 114.36 114.33 114.30 114.25 114.28 114.26 114.27 114.25 114.22 114.25 114.30 114.25 114.03 114.13 114.29 114.02 113.99 114.01 114.22 113.87 114.06 113.89 113.92 113.97 113.84 113.76 113.44 112.56 112.56 112.11 112.63 113.23 113.56 113.49 113.77 113.82 113.91 114.00 114.23 114.03 114.15 113.88 114.16 113.73 114.04 113.86 113.86 113.49 113.39 114.15 114.32 114.59 114.64 114.69 114.68 114.70 114.69 114.72 114.70 114.66 114.70 114.68 114.72 114.67 114.66 114.74 114.72 114.73 114.74 114.80 114.82 114.76 114.77 114.77 114.80 114.50 114.10 114.30 113.71 113.18 113.18 113.18 113.07 113.15 113.28 113.72 114.82 114.70 113.83 113.62 114.21 112.94 112.98 113.66 113.05 112.73 112.58 112.50 112.63 112.46 112.90 112.61 112.57 112.58 112.65 112.79 112.44 112.34 112.48 112.60 112.71 112.72 112.74
113.74 113.43 113.37 113.33 113.23 113.52 113.47 113.85 113.80 113.84 113.82 113.85 114.19 113.98 113.93 114.00 114.10 114.10 114.21 114.04 113.97 114.02 113.96 114.06 113.99 114.12 114.31 114.39 114.23 114.34 114.30 114.33 114.33 114.32 114.31 114.32 114.29 114.31 114.29 114.28 114.27 114.29 114.21 114.06 113.99 113.76 113.21 113.91 113.10 113.38 114.17 114.00 113.83 113.30 113.49 113.72 113.89 113.84 113.99 113.97 114.27 114.44 114.25 114.33 114.52 114.56 114.54 114.58 114.58 114.54 114.51 114.49 114.44 114.46 114.42 114.43 114.41 114.32 114.11 114.13 114.06 113.93 113.87 113.71 113.95 114.14 114.00 114.04 113.84 113.96 113.97 113.90 113.53 113.35 113.21 113.03 112.50 112.08 113.33 114.45 114.79 114.91 114.90 113.86 114.14 114.01 114.04 114.21 113.93 114.26 113.99 113.93 113.87 114.28 114.63 114.47 113.93 113.80 113.36 113.12 113.01 112.60 112.44 113.04 113.65 114.17 114.48 114.47 114.38 114.19 113.61 114.19 114.33 113.75 114.33 114.52 114.80 114.71 114.47 114.34 114.05 114.09 113.84 114.28 114.87 114.82 114.68 114.57 113.86 113.91 114.00 113.19 113.92 114.27 114.26 113.39 113.00 113.10 112.85 112.90 113.00 112.83 112.83 113.12 112.98 112.93 113.07 113.18 113.22 113.19 113.07 113.18 113.42 113.06 113.08 113.15 113.36 113.54 113.63 113.43
114.02 114.12 113.88 114.02 113.82 113.82 113.93 114.53 114.15 114.07 114.92 115.10 114.26 114.43 114.43 114.53 114.33 114.43 114.42 114.24 114.24 114.45 114.47 114.60 114.46 114.52 114.56 114.58 114.55 114.51 114.51 114.48 114.51 114.47 114.03 114.39 114.40 114.39 114.36 114.35 114.29 114.24 114.24 114.25 114.29 114.35 114.26 114.17 113.98 113.85 113.94 113.40 113.25 113.65 114.19 114.28 114.23 114.54 114.68 114.71 114.74 114.73 114.68 114.64 114.62 114.62 114.60 114.41 114.58 114.48 114.36 114.21 114.18 114.01 113.95 114.04 113.97 114.15 113.99 114.01 114.08 114.11 114.20 114.03 114.35 114.12 114.12 114.27 114.11 114.11 114.01 113.70 113.57 113.88 114.03 114.06 114.08 114.09 114.15 114.02 113.86 113.96 113.96 113.91 114.22 114.28 114.28 114.12 114.10 113.98 113.88 113.70 113.21 113.39 113.57 113.00 113.43 113.29 113.05 113.24 112.98 112.91 113.68 114.00 113.81 113.63 114.75 113.40 113.62 113.63 113.76 114.24 114.15 114.05 113.98 113.77 114.09 113.06 112.66 112.19 112.12 112.86 115.02 114.89 114.98 113.88 114.51 113.88 114.63 114.91 114.81 114.75 114.70 114.73 114.80 113.76 112.61 112.56 112.54 112.56 112.54 112.73 113.45 113.33 113.53 112.88 112.95 113.16 113.24 113.24 113.32 113.33 113.37 113.64 113.65 113.72 113.85 113.79 113.84 113.89
115.00 114.04 114.64 114.62 114.53 114.24 114.83 114.62 114.65 114.63 114.25 113.93 114.59 114.21 114.48 114.64 114.60 114.59 114.52 114.41 114.25 113.90 114.82 113.68 113.94 114.70 114.50 114.47 114.50 114.54 114.56 114.54 114.60 114.28 114.20 113.88 114.11 114.46 114.35 114.40 114.39 114.42 114.33 114.37 114.41 114.40 114.40 114.16 114.64 115.25 115.25 115.31 115.29 114.13 114.64 114.66 114.81 114.85 114.87 114.89 114.89 114.88 114.83 114.75 114.79 114.45 114.59 114.76 114.79 114.79 114.74 114.50 114.29 114.40 114.28 114.19 114.11 114.24 114.44 114.08 114.09 114.11 114.15 114.46 114.31 114.53 114.64 114.60 114.51 114.55 114.24 114.21 113.85 114.23 114.21 114.31 114.47 114.50 114.49 114.47 114.51 114.51 114.58 114.54 114.46 114.40 114.53 114.08 114.00 113.85 113.36 112.98 113.24 113.72 114.16 113.87 114.08 113.96 114.07 113.69 113.85 113.45 113.23 113.13 113.48 113.43 113.80 113.85 114.14 114.11 114.07 114.18 114.23 114.34 114.44 114.46 114.44 114.56 114.25 113.88 114.27 112.86 113.07 113.75 113.86 113.90 113.98 114.19 114.61 114.55 114.39 113.49 114.28 114.75 114.99 115.07 114.57 113.59 112.66 113.14 112.87 113.22 113.76 113.81 113.11 113.44 113.90 114.06 113.90 114.27 114.95 114.77 114.42 114.30 114.31 114.25 114.40 114.21 114.25 114.89
114.90 114.94 115.01 115.05 115.09 115.18 115.25 115.21 115.22 115.23 115.23 114.80 114.21 113.90 113.22 113.23 113.96 114.12 114.97 114.34 114.38 114.23 114.02 114.10 115.31 114.57 114.63 114.65 114.54 114.34 114.41 114.30 114.29 114.47 114.39 114.34 114.26 114.55 114.40 114.41 114.53 114.37 114.50 114.41 114.45 114.48 114.20 114.00 114.06 114.77 115.23 115.13 115.27 113.97 114.78 114.90 114.94 114.98 114.93 114.95 115.00 114.75 114.64 114.74 114.85 114.91 114.92 114.82 114.83 114.03 114.31 114.50 114.37 114.53 114.25 114.41 114.27 113.81 113.59 113.44 113.33 114.31 114.32 114.32 114.49 114.52 114.64 114.47 114.69 114.57 114.95 114.88 114.56 114.64 114.62 114.47 114.39 113.76 114.37 114.64 114.75 114.52 114.56 114.57 114.55 114.59 114.25 113.33 113.64 113.99 114.04 114.14 114.15 114.32 114.34 114.25 114.49 114.31 114.44 114.52 114.44 114.63 114.66 114.48 114.52 114.30 113.68 113.93 115.02 115.02 114.16 114.35 114.14 112.88 113.82 114.05 114.17 113.67 113.38 113.75 114.02 113.53 114.36 114.57 114.80 114.82 114.79 114.53 114.52 114.66 114.92 114.85 115.02 114.85 115.30 115.35 115.34 115.21 114.93 114.80 114.99 114.88 114.70 114.99 115.12 115.08 115.08 114.96 114.85 115.11 114.89 115.10 115.03 115.05 114.65 114.64 114.69 114.75 114.43 114.78
114.42 114.50 114.80 114.97 114.62 115.35 115.29 115.23 115.29 115.28 115.26 115.15 114.73 114.80 114.41 114.48 113.54 113.75 114.09 114.58 114.88 114.69 114.37 114.19 114.20 114.71 114.58 114.70 114.36 114.74 114.00 114.08 113.97 114.24 114.28 114.36 114.60 114.62 114.70 114.69 114.73 114.69 114.66 114.71 114.71 114.97 114.51 114.78 114.78 114.75 114.79 114.89 114.89 114.97 114.98 114.94 114.96 114.98 114.82 114.82 114.66 114.96 114.94 115.04 114.95 114.76 114.24 114.28 114.35 114.35 114.31 114.41 114.42 114.62 114.71 114.88 114.70 114.23 113.70 113.99 114.13 114.55 114.50 114.18 114.17 113.96 114.03 113.99 114.25 114.52 114.54 114.66 113.72 114.69 114.76 114.69 114.81 114.80 114.79 114.82 114.78 114.75 114.80 114.73 114.52 114.22 113.51 114.61 114.77 114.67 114.51 114.33 114.42 114.30 114.43 113.95 113.89 114.43 114.79 114.94 115.08 114.98 115.01 115.07 115.06 115.00 114.71 114.35 114.09 114.12 114.53 114.46 114.44 114.34 115.10 114.11 112.94 113.37 113.47 113.66 113.88 113.88 113.47 113.61 114.14 114.58 114.68 114.44 114.83 114.92 114.92 114.98 114.59 112.81 114.90 115.32 115.26 113.45 115.32 115.29 115.27 115.17 115.13 115.09 114.92 114.70 114.49 114.52 113.87 113.59 114.55 114.97 114.99 114.85 114.72 114.58 114.48 114.39 114.59 114.58
115.32 114.40 114.16 114.81 114.83 114.90 114.91 115.16 115.25 115.29 115.31 115.31 115.25 115.17 114.99 114.78 114.52 114.10 114.01 113.73 113.72 113.40 113.77 113.80 114.17 114.12 113.99 113.89 114.28 113.62 113.63 113.61 114.10 115.28 114.11 114.33 114.34 114.79 114.68 114.70 114.78 114.77 114.74 114.75 114.76 114.79 114.76 114.84 114.84 114.80 114.82 114.89 114.92 114.91 114.84 114.97 115.07 114.98 115.03 114.96 114.51 114.83 115.01 115.01 114.81 114.58 115.27 115.27 115.35 114.40 114.54 114.60 114.66 114.83 114.95 114.65 114.34 113.81 113.87 113.57 113.90 113.93 114.26 114.25 114.55 114.46 114.57 114.59 114.57 114.58 114.62 114.76 114.70 114.82 114.77 114.87 114.78 114.74 114.72 114.60 114.58 113.93 113.71 113.75 113.38 113.94 115.05 115.30 115.28 115.03 114.97 114.62 114.65 114.32 114.46 114.37 114.71 114.81 115.04 115.06 115.05 115.04 115.08 115.08 115.03 115.18 115.17 115.25 115.26 114.98 114.35 113.73 114.33 114.52 113.81 113.65 113.54 113.13 113.71 112.91 113.21 113.63 113.66 114.51 114.30 114.24 113.75 114.09 114.52 114.80 115.02 115.01 114.91 115.03 115.11 115.14 115.16 115.04 114.94 115.05 115.04 115.09 114.97 114.81 115.01 114.97 114.98 114.97 114.92 114.59 115.07 114.91 114.86 114.70 114.28 114.71 114.15 114.13 114.21 114.66
114.59 114.21 113.88 114.31 114.34 115.04 115.01 115.21 115.25 115.28 115.27 115.31 115.31 115.32 115.29 115.22 115.16 115.12 115.07 114.85 114.43 114.30 114.36 114.15 114.48 114.41 114.07 114.59 114.54 114.09 113.85 114.16 113.93 114.17 114.36 114.47 114.49 114.56 114.57 114.75 114.77 114.85 114.88 114.88 114.94 114.96 114.93 114.92 114.93 114.92 114.83 114.75 114.67 114.75 114.87 114.97 114.97 114.97 114.88 114.06 114.75 115.08 115.18 115.24 114.86 115.02 114.86 114.81 114.68 114.63 114.81 114.73 114.80 114.91 115.07 114.97 114.59 114.43 114.07 113.73 113.77 114.09 114.83 114.42 114.58 114.62 114.62 114.55 114.31 114.67 114.67 114.71 114.67 114.81 114.63 114.83 115.02 114.91 114.68 114.75 114.54 114.56 114.44 114.33 113.93 114.24 114.08 114.32 114.40 114.28 114.25 114.10 114.21 114.66 114.95 115.22 115.20 115.13 115.02 114.95 114.95 115.08 115.18 115.16 115.23 115.21 115.19 115.22 115.22 115.27 114.61 114.57 114.54 114.44 115.33 113.99 113.94 114.06 114.46 113.39 113.35 113.39 113.92 113.97 114.02 113.58 113.42 114.61 114.32 114.07 114.78 114.75 114.64 115.06 115.03 113.68 114.31 114.50 114.99 114.75 114.19 114.37 114.99 114.74 114.90 115.13 115.04 115.09 115.06 115.01 114.74 114.68 114.52 113.92 114.81 114.99 114.66 114.50 114.14 114.03
114.62 114.58 114.79 114.30 114.00 114.43 114.91 114.94 115.13 115.10 115.25 115.17 115.22 115.27 115.28 115.22 115.26 115.28 115.25 114.97 114.55 114.52 114.26 114.37 114.27 114.41 114.41 114.22 114.16 114.23 114.16 114.29 114.52 114.53 114.49 114.26 114.07 114.40 114.76 114.52 114.89 114.63 114.43 114.80 114.84 114.77 114.63 114.89 114.82 114.77 114.60 114.61 114.67 114.96 114.79 114.30 114.68 115.15 115.06 115.09 115.04 115.03 115.12 115.23 115.35 115.26 114.85 115.26 114.74 115.12 114.96 114.82 114.84 114.75 114.83 115.19 115.26 115.22 115.18 114.92 114.76 114.42 114.51 114.50 114.53 114.57 114.70 114.70 114.71 114.68 114.66 114.68 114.79 114.73 114.77 114.60 114.73 114.79 114.63 114.87 114.89 114.63 114.70 114.86 114.73 114.47 114.28 114.03 114.05 113.79 114.28 114.41 114.73 115.14 115.33 115.34 115.34 115.27 115.18 115.13 115.10 115.08 115.12 115.14 115.26 115.29 115.25 115.24 115.25 115.28 115.19 114.78 114.69 114.93 114.59 114.15 113.89 114.09 113.93 113.02 114.89 113.73 114.37 114.28 114.27 113.95 113.79 113.60 113.32 113.73 114.15 114.51 114.39 114.48 114.79 115.05 115.19 115.20 115.03 114.95 114.55 114.63 114.83 114.83 114.70 113.90 113.83 114.21 114.69 114.91 115.00 115.06 114.91 115.11 115.09 114.31 114.75 114.84 114.79 114.75
115.18 114.28 113.99 114.60 114.87 115.02 115.00 114.41 114.51 114.69 114.29 114.53 114.95 114.52 115.29 114.62 114.95 114.91 115.15 115.09 115.03 115.00 114.99 114.46 114.26 114.08 114.79 114.77 114.21 114.34 114.77 115.01 115.03 114.93 114.85 114.59 114.31 114.51 114.44 114.41 114.80 114.13 114.56 114.79 114.58 113.55 115.01 115.12 115.14 115.09 115.06 115.15 115.13 114.89 114.49 115.24 115.24 115.11 115.24 115.23 115.17 115.07 115.12 115.18 115.31 115.33 115.31 115.01 115.35 115.34 115.31 115.19 114.49 115.03 115.13 114.84 114.91 115.00 114.90 114.66 113.78 113.80 114.53 114.77 114.57 114.50 114.38 114.64 114.78 114.76 114.82 114.75 114.77 114.92 114.84 114.88 114.85 114.70 114.81 114.91 114.95 114.84 114.77 114.75 114.20 114.75 114.65 114.66 114.67 114.76 114.85 114.90 114.97 115.11 115.25 115.24 114.98 114.93 114.98 114.78 115.33 115.20 114.84 115.05 115.18 115.22 115.30 115.33 115.20 115.27 115.35 115.33 113.51 115.29 115.24 115.12 114.13 114.35 114.35 114.71 113.97 113.89 113.81 113.93 114.01 113.92 113.93 113.67 113.91 113.82 114.09 114.06 114.14 114.26 114.30 115.15 115.30 115.34 115.34 115.31 115.24 115.11 114.97 114.80 114.75 114.44 114.04 114.24 114.40 113.34 114.19 114.88 114.98 114.77 113.74 114.09 114.34 115.09 115.11 115.06
115.24 114.92 114.73 114.95 115.04 114.90 113.64 114.40 114.61 114.35 114.80 114.39 114.62 113.80 114.79 114.91 114.89 114.99 114.76 114.96 115.11 115.12 114.92 114.80 113.99 114.42 114.61 114.65 114.95 114.38 114.57 115.12 115.17 114.95 115.07 114.98 114.54 114.04 113.89 114.06 114.37 114.90 115.11 115.09 115.04 114.76 115.14 115.22 115.29 115.28 115.29 115.28 115.30 115.31 115.17 115.06 115.13 115.01 115.20 115.26 115.09 114.85 114.96 115.10 114.54 115.27 114.41 115.24 115.34 114.31 114.68 115.09 115.29 115.08 115.32 114.98 114.99 114.82 114.65 114.69 114.13 114.25 114.58 114.35 114.41 114.81 114.66 114.61 114.96 113.81 114.70 114.91 114.97 114.89 115.09 114.74 114.66 114.69 115.31 114.62 114.54 114.91 114.77 114.79 114.84 114.88 114.84 114.77 114.74 115.00 115.04 115.17 115.20 115.20 115.10 114.81 114.83 114.92 114.60 114.14 114.19 114.23 114.89 115.19 115.34 115.35 115.35 115.35 115.34 115.31 115.35 115.36 115.30 115.25 115.24 115.16 114.76 113.75 113.17 113.54 115.28 115.17 113.31 113.35 114.66 113.73 113.84 113.15 113.85 114.24 113.70 113.77 114.33 114.91 115.11 115.22 115.30 115.28 115.31 115.31 115.31 115.29 115.24 115.17 114.90 114.64 114.31 114.25 114.45 114.26 115.07 113.60 114.38 114.60 114.29 114.88 115.03 114.90 115.09 115.18
115.17 115.19 115.23 115.31 115.20 114.13 114.56 114.43 114.01 114.08 114.20 115.33 114.15 114.28 113.88 113.96 114.63 114.98 114.66 114.53 115.32 114.58 114.63 114.60 113.86 114.52 114.75 114.72 114.66 113.86 113.27 115.15 115.00 115.07 115.05 114.75 114.84 114.47 114.29 114.34 114.16 114.70 114.90 115.00 115.06 114.85 114.44 114.36 115.07 115.30 115.31 115.33 115.27 115.26 115.14 114.59 114.48 114.50 114.23 114.07 114.66 115.24 114.86 114.30 115.10 115.24 115.23 114.44 115.73 112.84 115.20 114.62 114.58 115.14 114.84 115.35 115.33 115.34 115.18 115.31 115.30 115.18 114.68 114.75 114.92 114.72 114.77 114.55 114.50 114.79 114.86 114.93 114.69 114.40 114.42 114.36 114.38 114.47 114.85 114.46 114.19 114.33 114.31 114.36 114.33 114.88 114.90 115.03 115.12 115.19 115.24 115.29 115.33 115.31 115.31 115.18 115.25 115.24 115.30 115.16 115.09 115.21 115.34 115.30 115.22 115.22 115.21 115.21 115.21 115.29 115.31 115.34 115.32 115.29 115.34 115.32 115.30 115.20 113.58 114.66 115.30 115.31 113.92 114.16 114.69 114.52 114.17 113.93 113.88 114.25 114.69 114.84 114.95 114.75 115.00 114.92 115.22 114.88 114.11 114.36 115.25 115.30 115.28 115.16 114.88 114.64 114.39 114.37 114.47 114.39 114.08 113.93 114.43 114.51 115.18 114.41 114.41 114.50 114.77 115.10
115.23 115.24 115.29 115.29 115.02 114.98 114.93 114.58 114.39 114.86 114.83 114.74 114.59 114.68 114.35 114.58 114.95 114.95 114.95 114.91 114.45 113.72 113.72 115.30 113.65 114.56 114.86 114.87 114.82 114.56 114.36 115.09 115.08 115.00 115.03 114.86 114.64 114.35 113.99 113.88 114.00 113.87 113.81 114.03 114.78 114.47 114.31 114.65 115.08 115.21 115.31 115.32 115.32 115.10 114.65 113.91 114.27 113.79 114.06 115.28 114.50 115.26 115.21 115.12 114.46 116.35 116.25 116.55 116.17 116.20 116.25 115.46 113.83 114.71 115.21 114.82 115.02 115.34 115.34 115.31 115.05 114.87 114.99 114.97 114.90 114.78 114.78 114.57 114.66 114.40 114.65 114.83 115.01 114.75 114.83 115.02 115.36 114.85 114.81 114.88 114.86 114.78 114.21 114.32 114.16 114.41 115.05 115.10 115.22 115.29 115.33 115.35 115.35 115.32 115.32 115.27 115.23 115.18 115.17 115.29 115.69 115.83 115.93 116.11 116.38 115.92 115.58 115.54 116.37 115.33 115.18 115.21 115.26 115.33 115.30 115.32 114.60 115.27 115.20 115.00 114.87 114.74 114.87 114.91 113.78 114.31 114.46 114.42 114.77 114.99 115.21 115.21 115.19 115.33 114.91 115.08 115.20 114.12 114.28 115.30 115.18 115.07 114.96 114.98 114.70 114.59 114.73 114.90 115.08 114.92 114.91 114.34 114.92 114.63 114.45 114.51 114.69 114.99 115.05 115.20
115.27 115.06 115.11 115.27 115.35 114.53 115.14 115.20 115.19 115.07 115.12 114.80 114.58 114.92 114.91 114.90 114.67 114.94 114.90 114.98 114.88 114.25 113.88 114.95 114.57 114.81 115.33 114.77 114.93 114.76 115.00 114.93 114.94 114.88 114.99 114.99 114.93 114.21 113.89 113.87 113.74 113.90 114.37 114.57 114.79 114.91 115.02 114.97 115.23 115.25 114.67 114.73 114.98 114.79 114.84 115.20 115.08 114.48 114.37 115.12 114.44 115.23 115.20 115.16 117.20 116.77 116.29 116.30 116.37 116.44 116.42 116.10 115.24 115.20 115.28 115.22 115.34 115.33 115.19 115.29 115.34 115.30 115.26 115.15 115.02 115.33 114.98 114.81 114.95 114.97 114.74 114.69 114.57 114.98 114.49 114.35 114.67 114.76 114.84 114.72 114.86 114.93 114.51 113.70 114.96 114.70 114.90 115.12 115.19 115.22 115.35 115.35 115.29 115.20 115.17 115.14 115.69 115.99 116.90 118.02 118.87 119.45 119.67 119.77 119.83 119.26 119.03 119.16 119.22 119.09 117.71 115.28 115.25 115.71 115.30 115.23 115.21 115.32 115.01 115.05 115.18 114.86 114.94 114.64 114.77 115.20 114.68 114.70 114.78 114.55 114.84 115.09 115.29 115.34 115.28 115.25 115.19 113.92 115.30 115.12 115.25 115.26 115.28 115.11 114.91 114.90 114.61 114.94 114.39 114.91 115.09 114.54 113.95 113.94 114.54 115.03 115.08 115.13 115.25 115.26
115.24 115.16 114.93 115.02 115.31 115.21 115.11 114.59 115.25 115.03 114.77 114.95 114.86 115.05 114.93 114.85 114.91 114.32 114.81 114.87 114.69 114.35 113.86 113.65 113.28 114.61 114.26 114.65 114.90 114.91 114.78 114.96 114.71 114.49 114.81 114.52 114.60 114.47 114.19 113.37 113.35 113.15 113.59 114.66 114.83 114.98 115.04 114.73 115.23 115.29 114.61 114.64 114.16 113.84 114.69 115.33 115.35 115.36 114.94 114.39 114.19 114.37 115.18 116.02 116.70 116.12 116.50 116.34 116.34 116.34 116.36 116.46 115.25 115.32 115.69 116.59 115.34 115.35 115.26 115.28 115.33 115.30 115.12 114.99 114.81 115.04 114.59 114.76 114.96 114.94 114.92 114.96 115.05 115.10 114.90 114.53 114.67 114.76 114.83 114.46 114.92 114.71 114.39 114.81 114.68 114.79 115.06 115.23 115.31 115.31 115.29 115.28 115.25 115.13 115.30 116.08 116.96 118.12 119.16 120.05 120.24 120.40 120.40 119.87 120.29 120.32 120.39 120.38 120.39 120.37 120.37 120.28 117.10 117.03 115.91 115.17 115.25 114.74 113.80 115.30 115.12 114.68 115.19 114.49 114.11 114.37 114.75 115.18 115.03 115.06 115.28 115.29 115.25 115.19 114.77 115.19 115.19 115.23 115.22 115.25 115.22 114.87 115.01 115.25 115.23 115.11 114.73 115.21 114.99 115.20 114.97 114.64 114.96 114.48 114.59 114.85 114.92 115.11 115.16 115.23
114.63 114.86 114.74 115.05 115.35 115.35 115.33 115.17 115.22 114.44 114.84 114.50 114.44 114.32 114.63 114.45 114.37 114.43 113.65 113.93 114.28 114.55 113.75 113.56 114.28 114.04 114.42 114.91 114.89 114.88 114.71 114.92 114.62 113.33 113.33 113.48 113.88 113.88 113.95 113.39 113.19 113.28 113.48 114.40 114.73 114.89 114.91 114.90 114.84 114.74 114.58 114.25 113.73 113.50 113.79 114.25 115.13 115.16 114.66 114.44 115.31 115.25 115.19 115.19 116.17 117.00 116.41 116.47 116.36 116.70 116.76 116.15 115.63 115.33 115.30 115.20 115.12 115.27 115.24 115.27 115.25 115.26 115.16 114.94 114.89 114.59 114.73 115.35 115.09 114.97 114.72 114.93 115.28 115.24 114.99 114.64 114.19 115.03 114.54 114.51 114.49 114.48 114.74 115.01 115.05 114.79 114.71 115.23 115.31 115.29 115.29 115.31 115.15 115.53 116.93 118.17 119.17 119.73 120.24 120.34 120.13 119.54 120.12 120.12 120.27 120.38 120.35 120.26 120.35 120.37 120.35 120.29 120.40 120.21 118.49 116.88 115.19 115.21 115.31 115.33 115.35 115.17 114.50 114.98 115.09 114.28 114.92 114.73 115.12 115.20 114.73 115.10 115.10 115.08 114.98 115.21 115.13 115.00 114.72 114.71 113.49 114.32 115.02 114.83 114.64 115.07 115.27 115.27 115.06 115.35 115.33 115.23 115.21 114.90 114.52 114.09 114.29 114.52 114.84 114.96
114.43 114.87 114.69 114.65 115.11 115.35 115.05 114.69 115.11 114.80 114.54 114.64 113.61 114.94 113.84 114.10 113.17 113.45 114.26 114.05 114.55 113.91 114.29 114.60 114.55 114.81 114.34 114.69 114.85 114.82 114.83 114.83 114.87 114.11 113.91 114.06 114.36 114.41 114.41 114.12 113.65 113.53 113.93 114.05 113.90 114.56 114.57 114.65 114.45 114.48 114.13 113.95 113.53 113.52 113.40 113.79 114.15 114.06 114.62 114.97 114.08 115.33 115.18 115.22 115.23 116.50 116.96 116.88 116.75 116.95 116.84 116.39 115.93 115.23 115.23 115.25 115.28 115.26 115.17 114.80 115.24 115.13 115.07 115.05 114.79 114.85 114.63 114.86 115.09 115.02 115.09 115.10 115.33 115.08 114.91 114.25 114.57 114.43 114.68 115.15 114.51 114.16 114.41 114.71 115.29 115.28 115.06 115.23 115.34 115.34 115.28 115.31 115.20 115.46 119.05 120.33 120.36 119.81 118.97 120.20 120.34 120.24 120.00 120.09 120.37 120.38 120.34 120.39 120.35 120.38 120.38 120.39 120.41 120.40 120.20 119.10 117.36 115.24 115.23 115.31 115.33 115.34 115.18 114.98 115.30 115.30 114.96 115.23 115.20 115.21 115.22 114.83 114.65 114.99 114.67 114.92 114.94 114.45 114.09 114.75 115.25 115.29 114.69 114.60 114.98 115.30 115.24 115.31 115.35 115.33 115.31 115.28 114.78 114.75 114.53 114.94 114.72 114.58 114.90 114.80
114.94 115.00 114.87 114.92 115.09 115.08 115.15 115.17 115.23 114.65 114.39 114.91 114.44 114.25 114.33 114.34 115.07 114.26 114.64 114.74 114.53 114.76 115.07 114.42 114.75 114.90 114.80 114.69 114.69 114.65 114.52 114.62 114.54 114.34 114.35 114.31 114.35 114.38 114.49 114.52 114.19 114.08 114.28 114.18 114.12 114.37 114.38 114.15 113.96 113.74 113.64 113.62 113.55 112.98 112.75 114.03 114.45 114.58 114.90 115.09 115.23 115.22 115.31 115.31 115.10 115.38 116.08 118.45 118.09 117.36 117.08 116.67 115.25 115.17 115.27 115.19 115.21 115.19 115.16 115.29 114.96 115.12 114.92 114.89 114.83 114.75 114.75 115.12 115.12 115.06 114.97 115.04 115.11 115.03 114.87 114.92 114.63 114.65 114.59 115.16 113.70 114.42 114.61 114.66 115.15 114.64 115.11 115.24 115.32 115.32 115.34 115.31 115.19 116.81 120.32 120.23 119.23 118.96 119.94 119.55 119.81 119.49 119.61 119.66 119.86 119.56 119.15 120.10 120.37 120.10 120.38 120.39 120.40 120.40 120.19 119.91 118.34 115.88 115.16 115.24 115.33 115.29 114.06 115.28 115.32 115.17 115.27 115.13 114.94 115.24 115.03 114.85 115.00 114.88 114.94 114.67 114.46 114.54 113.98 113.17 114.37 114.28 114.79 115.31 115.32 115.31 115.03 115.34 115.13 115.16 115.30 115.26 114.79 114.82 114.67 114.05 114.10 114.70 114.86 114.79
115.26 114.73 115.30 115.07 115.25 115.08 115.14 115.12 114.94 114.74 114.41 114.44 114.29 114.08 114.44 114.47 114.82 114.86 114.77 114.74 114.25 114.47 114.66 114.67 114.38 114.70 114.81 114.81 114.15 114.46 114.31 114.58 114.62 114.06 114.26 114.26 114.29 114.41 114.59 114.69 114.09 113.86 112.69 112.76 113.72 114.17 114.01 113.75 113.78 113.46 113.32 113.33 113.20 113.30 113.34 114.16 114.25 114.31 114.52 114.86 114.84 114.91 115.15 114.83 115.26 115.26 115.14 115.18 115.44 115.62 115.32 115.33 115.25 115.16 115.22 115.28 115.23 115.31 115.26 115.30 115.21 115.17 114.89 115.07 114.96 114.96 114.85 115.15 115.14 114.97 114.90 115.00 115.06 115.01 114.98 114.79 114.86 114.76 114.97 114.60 114.53 114.63 114.47 114.03 114.09 114.40 115.05 115.21 115.18 115.22 115.31 115.25 115.22 118.90 120.34 119.73 119.77 120.14 119.86 119.24 119.62 119.71 120.06 119.55 119.71 120.18 120.19 120.23 120.11 120.32 120.32 120.36 120.39 120.27 119.40 119.27 118.39 116.51 115.27 115.16 115.24 115.21 115.32 115.34 115.33 115.28 115.26 115.18 115.16 115.32 115.30 115.23 115.19 114.98 114.95 114.69 114.42 114.40 114.48 114.50 114.27 114.37 114.98 115.34 115.36 115.31 115.33 115.30 115.13 115.24 115.23 115.28 114.25 114.97 115.00 115.33 114.71 114.93 115.14 115.10
115.30 115.29 115.30 115.35 115.34 115.02 115.09 115.00 115.31 115.29 115.18 115.25 115.01 114.52 114.77 114.61 114.22 114.49 114.14 114.53 114.18 114.71 114.67 114.65 114.46 113.56 114.15 114.34 114.57 114.10 113.95 114.25 114.06 114.07 113.82 114.15 114.23 114.42 114.46 112.09 111.71 111.50 109.24 108.91 109.01 111.93 111.91 111.92 112.86 113.28 112.93 113.35 113.06 113.26 113.22 113.28 113.39 113.96 114.75 114.67 114.31 113.69 114.99 115.21 115.24 115.26 115.31 115.22 115.14 115.15 115.22 115.25 115.16 115.32 115.33 115.35 115.34 115.14 115.33 115.14 115.29 115.24 115.04 115.06 114.93 114.93 114.90 115.18 115.20 115.12 114.95 115.04 114.90 114.93 115.00 114.60 114.43 114.86 114.85 114.74 114.41 114.44 113.97 113.69 115.16 114.55 114.92 115.20 115.24 115.26 115.30 115.35 115.18 118.98 120.18 119.69 119.53 120.36 119.53 119.51 119.48 119.81 119.35 119.09 119.87 120.22 120.07 120.06 120.26 120.12 120.30 120.40 120.13 119.62 119.26 118.89 117.77 116.21 115.40 115.15 115.30 115.28 115.26 115.35 114.81 115.08 115.27 115.31 115.33 115.31 115.28 115.22 115.25 114.94 114.83 114.79 114.56 114.85 114.89 114.69 114.60 114.57 115.07 115.27 115.31 115.27 115.29 115.26 114.80 115.13 115.13 114.56 114.46 115.07 115.00 114.95 115.10 115.22 115.30 115.13
115.21 115.31 115.17 114.95 115.34 114.80 115.22 115.15 114.61 114.91 115.32 115.30 114.80 114.51 115.03 114.81 115.01 114.58 114.80 114.89 115.00 114.35 115.00 115.01 114.79 114.80 114.58 114.33 114.47 114.36 114.23 112.06 113.38 113.85 113.86 114.06 114.21 114.19 113.38 113.25 112.55 110.97 110.55 110.66 111.13 111.29 111.16 111.48 110.73 112.09 112.97 112.99 113.02 113.14 113.31 113.35 113.61 113.97 114.05 114.55 114.55 114.68 114.23 114.44 114.97 114.39 115.27 115.15 115.20 115.20 115.20 115.21 115.31 115.35 115.34 115.34 115.35 115.33 115.29 115.29 115.28 115.23 115.12 115.12 115.10 114.93 115.17 115.23 115.13 115.08 115.23 115.25 115.21 114.92 114.93 114.79 114.80 114.74 114.72 114.95 114.48 114.58 114.27 114.39 114.29 114.23 114.85 115.18 115.28 115.29 115.27 115.28 115.16 117.36 120.25 119.52 118.89 119.18 120.07 119.61 119.08 119.41 119.15 119.06 119.66 120.03 119.66 120.02 119.90 120.27 120.39 120.30 119.79 119.36 118.61 118.07 117.63 116.95 115.32 115.25 115.29 115.08 115.31 115.21 115.26 115.34 115.15 115.33 114.95 115.30 115.31 115.31 115.26 115.19 114.97 115.13 114.97 114.74 115.13 115.06 114.83 114.71 114.73 114.88 115.14 115.21 115.34 115.29 115.14 115.09 115.22 115.11 115.28 115.23 115.25 115.10 115.18 115.28 115.32 115.35
115.34 115.28 115.31 115.13 115.30 115.34 115.30 114.82 114.37 113.68 113.36 114.33 114.25 115.02 115.24 115.23 115.23 115.22 115.13 115.07 115.06 115.04 114.76 114.95 114.67 114.31 114.42 113.94 113.82 114.36 114.25 113.29 113.46 112.76 113.58 112.55 113.25 110.97 111.13 113.22 110.92 109.94 111.57 111.61 111.49 111.43 111.68 112.55 111.80 111.76 111.49 112.24 112.96 113.49 113.49 113.64 113.52 114.14 114.26 114.06 114.03 114.77 114.74 115.02 115.18 114.97 115.28 115.33 114.67 115.26 115.34 115.33 115.35 115.29 115.32 115.35 115.34 115.34 115.33 115.29 115.20 115.12 114.92 115.32 115.15 115.01 115.00 114.95 115.16 115.10 115.18 115.25 115.23 115.12 114.80 115.02 114.73 114.66 114.95 114.89 114.44 114.40 114.24 114.42 114.59 114.54 115.34 114.96 115.24 115.28 115.25 115.26 115.27 116.95 118.80 119.93 118.92 117.97 116.61 119.63 119.48 119.42 120.08 119.14 119.89 119.83 120.12 120.01 120.08 120.19 120.25 120.12 119.18 118.68 117.86 117.35 116.39 115.34 115.19 115.25 115.25 115.35 115.22 115.25 115.18 115.23 115.33 115.34 115.33 115.28 115.33 115.31 115.28 115.26 115.18 115.20 115.26 115.21 115.13 114.65 114.93 114.83 114.49 114.46 115.04 115.13 115.31 115.20 115.21 115.27 115.32 115.31 115.30 115.29 115.21 115.08 115.35 115.35 115.34 115.33
115.32 115.30 115.29 114.91 115.28 114.93 114.72 114.99 114.45 113.72 113.57 114.43 115.01 115.12 115.21 115.15 115.22 114.03 115.08 115.04 115.00 114.82 114.77 114.67 114.19 114.44 114.25 114.12 113.55 113.72 113.38 113.24 113.35 113.03 113.19 113.39 112.61 110.89 111.02 110.97 110.28 111.57 112.42 112.28 111.91 112.23 112.00 112.09 112.41 112.47 112.23 111.20 112.15 113.37 113.75 113.96 113.95 113.97 113.98 114.07 114.25 114.42 114.39 115.20 115.17 114.74 114.95 115.18 115.13 115.32 115.28 115.17 115.35 115.27 115.32 115.35 115.35 115.35 115.31 115.33 115.22 115.05 115.16 115.07 115.13 114.90 114.79 114.94 115.04 115.07 115.11 115.22 115.18 114.89 114.92 114.90 115.07 115.09 114.74 114.62 114.63 114.08 114.21 114.54 114.72 114.69 114.71 115.03 115.20 115.25 115.23 115.20 115.30 115.32 116.16 118.73 119.67 118.82 117.58 117.23 119.51 119.58 117.01 117.66 120.05 119.89 120.02 120.14 120.08 120.22 120.33 118.44 117.27 117.29 116.79 116.13 116.37 115.31 115.23 115.16 115.20 115.33 114.88 115.24 115.11 115.20 115.26 115.29 115.33 115.34 115.31 115.23 114.85 114.82 114.94 115.14 114.95 114.80 115.05 115.17 115.03 114.78 115.00 115.17 115.10 115.11 115.01 115.15 115.11 114.80 115.26 115.34 115.25 115.23 115.29 115.31 115.34 115.35 115.31 115.03
115.35 115.35 114.92 114.82 114.97 114.24 114.64 113.73 113.78 114.35 114.31 114.54 115.06 115.15 115.22 115.10 115.23 115.23 115.05 115.04 114.41 114.85 114.79 114.76 114.50 114.24 114.25 114.06 113.83 113.53 113.36 112.43 112.90 112.64 112.26 112.49 111.71 110.53 110.34 109.49 109.80 111.64 112.66 112.18 113.04 112.29 113.33 113.41 113.11 113.15 112.44 111.32 110.33 112.32 113.35 113.95 113.91 113.99 114.02 114.00 114.37 114.75 114.52 115.18 115.22 115.24 115.22 115.22 115.18 115.09 115.21 115.24 115.21 115.27 115.28 115.29 115.33 115.34 115.33 115.35 115.30 115.21 115.24 115.16 115.13 115.05 115.01 114.94 114.94 114.99 115.04 114.80 114.99 115.11 114.95 115.04 114.88 115.05 114.84 114.38 114.54 114.36 114.10 114.31 114.57 114.67 114.65 114.60 115.09 115.24 115.16 115.13 115.00 115.14 115.34 115.72 119.75 120.03 119.42 118.32 118.36 117.01 119.58 120.09 119.84 119.84 120.15 120.20 120.17 119.48 118.77 116.90 115.67 115.53 115.43 115.40 115.89 115.56 115.13 115.14 115.26 115.33 115.23 115.19 115.11 115.08 115.18 115.16 115.21 115.27 115.26 115.13 115.06 114.90 114.46 114.37 114.46 114.45 114.96 114.68 114.96 115.13 114.80 115.01 114.92 114.87 115.11 115.19 115.26 115.08 115.12 115.27 115.01 115.27 115.28 115.32 115.35 115.30 115.20 115.14
115.34 115.05 114.99 114.94 114.41 114.49 113.98 114.42 114.55 114.41 114.58 114.61 114.92 115.09 115.23 115.23 115.22 114.89 114.84 115.04 114.74 114.79 114.72 114.66 114.48 114.42 114.22 114.02 113.69 113.35 113.04 112.87 112.81 112.12 111.94 112.61 111.62 110.31 110.49 109.51 110.71 111.70 112.15 112.83 113.10 113.35 113.37 113.61 113.59 113.72 112.66 111.33 111.80 111.93 112.11 112.06 113.58 114.12 114.14 114.45 114.77 115.05 115.17 115.20 115.26 115.24 115.26 115.31 115.28 115.26 115.30 115.29 115.28 115.18 115.17 115.26 115.30 115.32 115.35 115.34 115.29 115.27 115.26 115.29 115.21 115.06 114.88 114.76 114.92 114.96 114.96 115.02 114.83 115.00 115.05 114.98 115.02 114.94 114.91 114.57 114.54 114.92 114.67 114.50 114.73 114.86 114.92 114.69 115.09 115.20 115.28 115.13 115.29 115.26 115.29 115.28 115.74 116.64 117.49 120.35 119.83 119.00 120.24 120.00 120.18 120.07 120.28 120.31 117.69 115.71 117.03 116.38 115.27 115.26 115.15 115.18 115.19 115.14 115.14 115.22 115.25 115.22 115.26 115.14 115.13 114.97 115.06 115.04 115.05 115.10 115.17 115.05 114.91 114.92 114.65 114.58 115.03 114.40 114.24 114.05 115.03 115.20 115.25 115.08 115.18 115.23 115.27 115.25 115.27 115.19 115.14 115.23 115.09 115.23 115.23 115.09 115.23 115.29 115.27 115.24
115.34 115.07 113.92 114.93 114.40 114.23 114.69 114.28 114.65 114.49 114.48 114.65 115.08 115.17 115.22 115.20 115.18 114.34 115.09 115.07 114.89 114.72 114.71 114.61 114.53 114.37 114.21 113.91 113.57 113.26 112.98 112.61 112.39 112.34 112.30 111.38 111.45 110.87 109.17 108.07 110.62 111.91 112.40 112.75 113.13 113.45 113.64 113.78 113.88 113.87 113.82 113.67 112.90 112.92 112.81 111.96 112.30 112.88 114.11 114.39 114.83 115.21 115.26 115.24 115.10 115.25 115.18 115.24 115.31 115.30 115.31 115.31 115.33 115.23 115.31 115.35 115.33 115.32 115.33 115.36 115.35 115.35 115.32 115.33 115.14 115.12 115.03 114.89 114.81 114.93 114.92 115.03 115.11 115.06 115.04 114.99 115.01 114.67 114.94 114.66 115.02 115.06 114.85 114.82 115.03 115.09 115.14 115.08 114.68 115.20 115.03 115.28 115.29 115.32 115.11 115.17 115.23 115.24 115.38 115.42 116.47 116.49 118.36 119.97 119.03 119.36 117.78 118.39 115.64 115.14 115.18 115.27 115.19 115.14 115.17 115.28 115.23 115.24 115.27 115.35 115.35 115.31 115.22 115.16 115.14 115.06 115.04 115.08 115.08 115.10 115.12 114.98 114.97 114.63 114.82 114.46 114.00 114.25 114.83 113.98 114.87 115.15 115.23 114.96 115.24 114.71 115.21 115.28 115.18 115.12 115.20 115.14 115.02 115.09 115.05 115.22 115.15 115.22 115.27 115.32
115.24 115.02 114.96 114.89 114.48 114.39 114.88 114.09 114.52 114.81 114.73 114.96 114.96 115.06 115.23 115.11 115.22 114.68 115.08 114.67 114.69 114.71 114.60 114.58 114.40 114.28 114.14 114.00 113.53 113.18 112.81 112.46 111.99 112.02 111.83 112.05 112.31 110.65 110.31 108.38 110.94 111.97 112.39 112.85 113.24 113.56 113.78 113.92 114.01 114.16 114.14 114.21 113.96 113.31 113.31 113.42 113.73 113.71 113.60 113.59 113.34 114.86 115.27 115.28 115.26 115.27 115.30 115.30 115.29 115.26 115.27 115.25 115.26 115.27 115.33 115.30 115.35 115.35 115.35 115.34 115.35 115.35 115.35 115.32 115.29 115.17 115.22 115.23 115.03 114.96 114.93 115.07 115.09 114.80 114.93 115.02 115.02 114.82 114.82 114.81 115.01 115.09 114.80 114.95 115.12 115.05 115.16 114.83 114.49 114.69 115.11 115.15 115.27 115.17 115.17 115.20 115.12 115.25 115.28 115.21 115.18 115.32 115.20 115.26 115.38 115.88 116.57 115.96 115.66 115.18 115.27 115.24 115.17 115.23 115.34 115.30 114.53 115.27 115.28 114.91 115.25 115.10 115.05 115.05 115.07 115.08 115.08 115.08 115.02 114.99 114.97 114.79 114.37 114.28 114.16 114.43 114.91 114.09 114.18 114.77 114.46 114.82 115.15 115.14 115.31 114.84 115.24 115.08 115.22 115.27 115.24 115.16 114.91 114.72 114.77 115.05 115.06 115.09 115.26 115.28
115.24 114.89 115.13 114.96 114.89 114.89 114.99 115.20 114.85 115.08 114.94 115.25 115.25 115.23 115.26 115.17 115.19 114.96 114.68 115.02 114.72 114.63 114.58 114.46 114.33 114.12 113.97 113.80 113.39 112.90 112.52 112.19 111.89 111.68 111.62 110.81 111.30 111.74 110.32 110.73 111.27 111.90 112.48 112.88 113.13 113.43 113.62 113.87 114.02 114.03 114.21 114.25 113.98 113.57 112.60 113.40 113.73 113.91 113.91 113.75 112.94 114.25 115.17 115.20 115.25 115.26 115.25 114.98 115.12 115.19 115.23 115.24 115.28 115.22 115.16 115.33 115.32 115.32 115.24 115.33 115.33 115.33 115.27 115.36 115.28 115.29 115.31 115.32 115.30 115.00 115.21 115.15 115.24 114.75 115.05 115.02 115.03 114.71 114.43 114.99 114.99 114.92 114.98 115.00 114.91 114.60 114.89 114.40 114.22 114.56 114.78 114.88 115.11 115.01 115.21 115.29 115.27 115.33 115.28 115.22 115.17 115.21 115.24 115.23 115.19 115.49 115.17 115.24 115.27 115.34 115.27 115.35 115.35 115.31 115.35 115.18 115.16 115.30 114.79 115.13 115.05 114.92 114.81 114.85 114.92 114.95 115.08 114.99 114.95 114.86 114.81 114.65 114.32 113.94 114.10 114.37 114.65 114.32 113.80 114.25 114.14 114.53 114.86 115.15 114.93 114.95 115.21 114.91 115.13 115.17 115.19 114.96 114.72 115.04 115.14 115.01 115.10 115.29 115.34 115.26
115.19 115.25 114.97 114.99 114.93 115.00 115.14 115.21 115.25 115.30 115.29 115.28 115.30 115.33 115.26 115.31 114.48 114.68 115.05 114.78 114.77 114.55 114.54 114.44 114.26 113.98 113.75 113.39 112.97 112.55 112.16 111.73 111.50 111.37 111.45 111.37 110.38 110.85 110.26 110.60 111.21 111.89 112.30 112.60 112.88 113.13 113.40 113.65 113.92 114.07 114.32 114.31 114.30 113.95 113.16 113.36 113.71 113.73 113.68 113.30 112.53 114.45 115.09 115.13 114.94 115.06 115.20 115.00 115.20 115.19 115.10 115.30 115.33 115.31 115.26 115.21 115.35 115.32 115.32 115.30 115.30 115.33 115.32 115.25 115.34 115.34 115.35 115.36 115.35 114.86 115.24 115.15 115.27 115.23 115.29 115.08 115.02 115.35 114.79 114.66 114.80 114.64 114.43 114.31 114.56 114.91 114.29 114.24 113.95 114.51 114.72 115.04 114.96 114.69 114.66 114.86 115.21 115.29 115.30 115.35 115.25 115.28 115.25 115.18 115.18 115.15 115.20 115.28 115.34 115.34 115.30 115.29 115.31 115.33 115.15 114.79 114.27 114.45 114.76 115.02 114.86 114.71 114.44 114.57 114.82 114.90 114.95 115.01 114.81 114.77 114.71 114.65 114.82 114.71 114.76 114.30 114.71 114.31 113.95 114.28 113.89 114.68 114.86 115.03 115.02 115.13 115.07 115.12 115.10 115.29 115.05 115.35 115.04 115.10 115.16 115.13 115.03 115.30 115.34 115.25
115.16 115.21 114.99 115.00 114.98 114.99 115.15 115.35 115.27 115.28 115.22 115.26 115.29 115.21 115.27 115.31 115.16 114.95 114.98 114.82 114.67 114.51 114.46 114.32 114.13 113.91 113.50 112.99 112.40 111.93 111.57 111.16 110.92 110.89 111.07 110.49 110.71 109.86 110.04 110.66 111.12 111.61 111.91 112.22 112.56 112.80 113.16 113.41 113.68 113.90 114.04 114.23 114.27 113.88 113.38 113.67 113.27 113.58 113.24 112.86 112.94 113.31 115.02 115.00 115.04 114.96 115.17 115.22 115.20 115.21 115.20 115.24 115.31 115.35 115.26 115.17 115.27 115.31 115.27 115.25 115.29 115.30 115.31 115.26 115.29 115.25 115.35 115.35 115.35 115.26 115.18 115.27 115.31 115.29 115.16 115.13 115.03 114.80 114.76 114.89 114.96 115.02 114.24 114.57 114.79 114.71 114.88 114.06 113.96 114.39 114.70 114.44 114.80 114.81 114.88 115.04 115.09 115.21 115.31 115.35 115.33 115.29 115.13 115.23 115.32 115.27 115.26 115.16 115.28 115.29 115.28 115.23 115.35 115.15 114.91 114.68 113.71 113.87 114.64 114.54 114.73 114.71 114.39 114.07 114.84 114.92 114.93 114.95 114.93 114.77 114.56 114.35 114.06 114.38 114.98 114.38 114.55 114.48 114.03 114.68 114.56 114.71 114.61 114.60 115.04 115.12 115.23 115.11 114.94 115.31 115.33 115.22 115.25 115.33 115.29 115.10 114.85 115.19 115.19 115.04
114.63 114.89 114.90 114.77 115.01 115.17 115.27 115.31 115.32 115.35 115.29 115.24 115.28 115.27 115.33 115.26 115.07 115.14 114.84 114.82 114.68 114.47 114.33 114.08 113.91 113.63 113.23 112.47 111.51 110.99 110.66 110.50 110.34 110.50 110.77 108.89 110.37 109.76 109.93 110.29 110.51 110.95 111.28 111.62 112.03 112.43 112.83 113.12 113.47 113.69 113.83 113.93 114.08 114.02 113.59 113.15 113.12 113.11 113.25 113.12 112.72 114.15 114.85 114.81 114.95 115.06 115.23 115.23 115.25 115.19 115.24 115.31 115.35 115.29 115.13 115.17 115.14 115.31 115.27 115.24 115.24 115.26 115.28 115.29 115.22 115.23 115.33 115.35 115.34 115.35 115.34 115.32 115.33 115.31 115.17 115.14 114.98 114.96 115.09 114.59 114.88 114.95 114.42 114.72 114.37 114.68 114.04 113.87 114.37 114.39 114.20 114.53 114.52 114.69 114.78 114.86 114.93 114.88 114.93 115.34 115.36 115.33 115.35 115.34 115.30 115.35 115.22 115.24 115.27 115.22 115.20 114.90 114.80 114.93 114.79 114.55 114.14 114.00 114.40 114.59 114.82 114.83 114.97 114.96 114.86 114.88 114.90 114.91 114.81 114.73 114.83 114.36 114.13 114.23 114.61 114.71 114.63 114.77 114.35 114.71 114.79 114.64 114.54 114.46 114.88 114.90 114.83 114.77 115.18 115.32 115.35 115.35 115.34 115.30 115.35 115.34 115.34 115.31 115.28 114.64
114.67 114.67 114.77 115.05 115.07 115.20 115.35 115.30 115.35 115.35 115.35 115.30 115.30 115.07 115.31 115.35 115.24 115.23 115.04 114.78 114.65 114.48 114.12 113.82 113.61 113.29 112.76 111.53 110.45 109.79 109.69 109.79 110.01 110.22 109.84 109.07 109.56 109.82 109.64 109.49 109.63 110.12 110.60 110.95 111.54 112.00 112.43 112.75 113.12 113.43 113.56 113.77 113.79 113.87 113.49 113.09 112.52 112.55 113.14 113.00 112.73 114.29 114.81 114.35 114.71 115.70 116.09 115.37 115.21 115.25 115.10 115.23 115.35 115.27 115.13 115.14 115.13 115.30 115.23 115.29 115.22 115.25 115.25 115.25 115.24 115.25 115.31 115.31 115.30 115.35 115.32 115.33 115.34 115.27 115.24 115.19 115.05 115.09 114.86 115.23 114.95 114.79 114.45 114.46 114.43 114.37 114.48 114.01 114.48 114.42 114.56 114.42 114.21 114.21 114.50 114.55 114.69 115.11 115.15 114.85 115.16 115.11 115.18 115.22 115.18 115.33 115.30 115.30 115.23 115.21 114.86 114.85 114.08 114.43 114.56 114.43 113.90 113.93 114.44 114.66 114.88 114.89 114.97 115.03 114.89 114.86 114.84 114.79 114.75 114.56 114.68 114.61 114.31 114.42 114.31 114.34 114.60 114.78 114.60 114.97 114.77 114.74 114.55 114.38 115.11 114.43 114.69 114.86 115.17 115.28 115.35 115.33 115.32 115.29 115.24 115.33 115.34 115.35 115.31 115.28
115.34 114.65 115.23 115.12 115.27 115.32 115.23 115.29 115.35 115.35 115.35 115.31 115.25 115.27 115.32 115.35 114.70 115.25 115.28 114.85 114.71 114.44 114.17 113.86 113.44 112.89 111.94 110.29 108.56 108.02 108.58 109.29 109.52 109.84 110.02 109.95 110.18 110.22 109.36 108.94 108.90 109.60 110.03 110.42 111.03 111.70 112.16 112.50 112.73 112.90 112.92 113.35 113.55 113.54 113.19 113.06 112.64 113.62 112.93 113.82 114.10 115.63 116.04 116.40 116.65 116.29 115.63 116.53 116.45 115.30 115.27 115.35 115.36 115.34 115.19 115.19 115.15 115.20 115.24 115.26 115.25 115.24 115.26 115.24 115.26 115.28 115.27 115.32 115.33 115.35 115.32 115.35 115.33 115.29 115.24 115.25 115.21 115.11 114.78 115.08 114.66 114.75 114.64 114.34 114.46 114.21 114.34 114.31 114.17 114.24 114.57 114.16 113.98 113.96 114.04 113.68 114.55 115.10 115.11 115.13 114.83 115.13 115.12 115.06 115.16 115.26 115.15 115.29 115.08 114.84 114.69 113.94 113.86 113.93 114.21 114.10 113.86 114.05 114.11 114.50 114.76 114.92 114.88 114.89 114.97 114.89 114.74 114.81 114.57 114.63 114.57 114.72 114.24 113.96 114.79 114.91 114.39 114.85 114.92 114.74 114.78 114.68 114.39 114.58 114.93 115.01 114.92 114.93 115.09 115.35 115.30 115.21 115.21 115.25 115.30 115.20 115.28 115.14 115.22 115.28
115.32 115.34 115.28 115.17 115.28 115.35 115.32 115.23 115.28 115.24 115.31 115.33 115.33 115.35 115.35 115.36 115.27 115.26 115.20 115.03 114.82 114.51 114.21 113.86 113.34 112.63 111.52 109.17 106.44 105.86 107.38 108.76 109.19 109.31 109.42 110.27 109.97 109.92 109.17 108.83 108.88 110.36 109.46 110.06 110.71 111.31 111.89 112.25 112.51 112.70 112.75 113.54 112.90 113.88 115.41 115.50 115.24 113.98 116.67 116.99 115.66 114.34 114.27 114.49 115.75 115.49 115.28 115.40 114.98 115.97 115.31 115.35 115.35 115.32 115.29 115.22 115.22 115.15 115.14 115.23 115.24 115.24 115.25 115.25 115.30 115.28 115.24 115.30 115.34 115.28 115.32 115.34 115.36 115.34 115.33 115.31 115.25 115.14 115.07 115.07 115.04 114.86 114.58 114.40 114.22 114.57 114.26 114.24 114.12 114.04 114.04 114.20 113.81 114.16 114.06 114.25 114.29 114.93 115.04 114.93 114.99 115.09 115.05 115.04 114.85 115.14 115.17 115.17 115.06 114.93 114.09 113.85 113.56 114.05 113.99 114.21 113.81 113.99 114.59 114.62 114.98 114.90 114.97 114.92 114.96 114.90 114.63 114.50 114.46 114.51 114.50 114.31 114.60 114.25 114.95 114.93 114.54 114.52 114.81 114.89 114.68 114.74 114.44 114.32 114.61 115.20 115.22 115.27 115.35 115.29 115.23 115.18 115.16 115.18 115.19 115.16 115.15 115.18 115.14 115.18
115.16 115.21 115.15 115.14 115.32 115.35 115.31 115.22 115.28 115.27 115.31 115.32 115.32 115.32 115.34 115.33 115.34 115.31 115.26 115.12 114.90 114.68 114.27 113.86 113.18 112.50 111.47 109.44 106.53 104.27 105.47 108.76 109.09 109.09 108.98 109.79 109.69 109.32 108.72 108.42 108.99 109.41 109.33 109.97 110.50 111.01 111.84 112.08 112.32 112.57 112.43 113.18 115.26 115.21 117.20 117.30 114.34 111.78 111.58 112.82 113.56 113.78 114.07 114.29 114.70 114.60 114.75 115.18 115.04 115.23 116.34 115.48 116.31 115.18 115.26 115.51 115.27 115.17 115.15 115.14 115.22 115.22 115.20 115.23 115.22 115.24 115.18 115.26 115.24 115.30 115.30 115.25 115.35 115.34 115.31 115.33 115.31 115.15 114.43 114.76 115.08 115.12 114.79 114.60 114.50 114.21 114.18 114.25 114.04 114.07 114.41 114.17 114.24 113.97 114.21 114.34 114.25 114.48 114.78 114.61 114.73 114.92 114.89 114.83 114.57 115.06 115.07 115.17 115.06 115.04 114.83 114.17 113.65 113.89 113.84 114.33 114.05 114.47 114.76 114.78 115.05 115.00 114.89 114.95 114.97 114.94 114.86 114.90 114.70 114.70 114.53 114.27 113.90 114.35 114.29 114.50 114.83 114.89 114.68 114.94 114.81 115.12 115.22 115.06 115.18 115.29 115.24 115.34 115.35 115.26 115.21 115.20 115.14 115.15 115.14 115.14 115.14 115.23 115.18 115.26
115.32 115.26 115.27 115.20 115.14 115.31 115.21 115.28 115.21 115.18 115.27 115.25 115.31 115.33 115.32 115.35 115.34 115.35 115.31 115.19 115.05 114.75 114.45 113.98 113.41 112.66 111.73 110.82 106.99 102.87 102.85 107.43 108.94 108.93 109.01 108.86 109.38 109.10 109.13 108.72 108.88 109.65 111.65 113.49 112.21 111.08 111.77 112.45 112.39 112.84 115.31 115.40 115.31 116.96 115.44 112.36 111.33 113.13 112.09 113.49 113.77 113.91 114.44 114.47 114.84 114.94 115.18 115.02 115.55 115.15 116.42 116.39 116.70 115.71 115.56 115.34 115.22 115.16 115.17 115.34 115.14 115.23 115.19 115.19 115.19 115.20 115.15 115.25 115.24 115.26 115.19 115.33 115.33 115.34 115.35 115.31 115.33 115.27 114.98 114.91 115.10 114.87 114.69 114.83 114.80 114.44 114.20 114.52 115.20 115.33 114.27 114.42 114.37 114.44 114.42 114.28 114.30 114.37 114.60 114.65 114.60 114.47 114.65 114.48 114.44 114.56 114.78 115.02 115.05 115.05 114.82 114.48 113.67 114.47 114.46 113.94 114.72 114.91 114.44 114.81 115.04 115.05 115.13 115.02 115.03 114.89 114.83 115.09 115.04 114.76 114.13 114.33 113.91 114.58 114.90 114.79 114.93 115.15 114.93 114.97 115.26 115.31 115.23 115.35 115.35 115.23 115.24 115.29 115.22 115.21 115.17 115.15 115.13 115.57 115.19 115.17 115.25 114.92 115.19 115.23
115.21 115.22 115.25 115.25 115.25 115.17 115.17 115.17 115.24 115.15 115.17 115.22 115.27 115.28 115.28 115.26 115.29 115.35 115.34 115.27 115.13 114.90 114.61 114.11 113.56 113.00 112.27 111.61 107.75 104.16 104.98 106.72 108.51 108.82 109.03 109.29 108.73 108.75 109.27 108.72 112.65 113.07 109.93 114.21 113.37 113.00 113.72 115.11 114.85 114.21 113.39 112.03 114.58 116.72 115.27 115.66 115.74 113.95 113.30 113.96 114.09 114.12 114.41 114.57 115.06 115.61 115.47 115.16 115.02 115.12 115.53 116.48 116.34 115.76 116.13 115.65 115.47 115.19 115.20 115.17 115.15 115.16 115.15 115.20 115.18 115.21 115.25 115.28 115.28 115.26 115.28 115.25 115.33 115.34 115.35 115.34 115.34 115.32 115.15 115.22 114.70 114.65 114.74 114.84 114.24 114.66 114.78 114.52 114.51 114.54 114.70 114.68 114.78 114.16 114.27 114.28 114.27 114.71 114.75 114.60 114.24 114.10 114.16 113.97 114.37 114.80 114.61 114.74 115.03 115.04 114.97 114.87 114.03 113.94 114.35 114.51 114.58 114.66 114.54 114.87 115.05 115.01 115.18 115.16 115.13 115.16 115.17 115.22 115.20 115.29 113.92 113.76 113.95 114.58 114.19 115.11 115.31 115.26 115.34 115.34 115.31 115.24 115.26 115.30 115.17 115.15 115.16 115.14 115.13 115.14 115.14 115.13 115.14 115.21 115.38 115.37 115.14 115.21 115.16 115.20
115.19 115.16 115.14 115.15 115.19 115.30 115.24 115.23 115.36 115.16 115.16 115.28 115.23 115.19 115.15 115.14 115.15 115.21 115.35 115.35 115.27 115.12 114.86 114.41 113.95 113.40 112.82 111.84 110.46 108.52 106.97 107.26 108.51 108.67 109.13 109.44 109.40 110.62 109.73 108.94 109.37 109.74 110.26 114.75 113.18 114.88 112.81 113.78 113.11 112.32 111.83 114.80 114.78 115.34 114.90 112.42 112.85 113.96 115.29 115.30 114.32 114.46 114.54 114.60 115.06 114.85 115.26 114.98 115.08 115.21 115.35 115.27 115.84 115.32 115.32 115.68 115.76 115.44 115.26 115.21 115.39 115.14 115.13 115.15 115.17 115.21 115.26 115.25 115.22 115.24 115.27 115.29 115.26 115.32 115.34 115.32 115.34 115.34 115.35 115.35 115.12 114.50 114.67 114.80 115.02 114.83 114.74 114.68 114.77 114.62 115.03 115.07 114.97 114.38 114.22 114.27 114.04 114.24 114.00 114.51 114.24 114.50 114.30 114.30 114.52 114.36 114.74 114.53 114.93 114.98 114.89 114.45 114.56 114.09 114.49 114.67 114.87 114.85 114.94 115.02 114.95 115.10 115.29 115.30 115.20 115.25 115.35 115.34 115.22 115.12 114.73 114.40 114.96 114.95 114.88 115.17 115.17 115.31 115.95 115.29 115.26 115.27 115.26 115.16 115.16 115.15 115.15 115.14 115.16 115.15 115.23 115.16 115.29 115.29 115.28 115.34 115.37 115.18 115.13 115.15
115.15 115.15 115.13 115.14 115.14 115.59 115.61 115.46 115.18 115.32 115.21 115.34 115.25 115.34 115.30 115.38 115.24 115.35 115.21 115.31 115.35 115.26 115.20 114.88 114.37 113.84 113.31 112.34 111.56 110.04 108.86 108.64 108.29 108.26 109.24 109.77 110.16 110.35 110.39 109.86 109.61 110.31 110.76 111.80 112.14 112.19 112.90 112.94 112.75 112.39 112.12 111.87 112.43 114.00 113.75 113.02 113.66 114.18 114.48 115.19 114.29 114.88 114.85 114.91 115.08 115.14 115.22 115.27 115.31 115.35 115.34 115.31 116.34 115.20 115.23 115.45 115.33 115.32 115.17 115.16 115.14 115.14 115.33 115.16 115.16 115.19 115.16 115.20 115.21 115.22 115.24 115.27 115.30 115.31 115.33 115.34 115.33 115.34 115.34 115.33 115.24 114.91 114.82 114.94 115.09 114.79 114.89 115.02 114.97 114.97 115.10 115.09 114.89 114.67 114.54 114.13 113.85 114.87 114.64 114.55 114.47 114.55 114.39 114.63 114.26 114.57 114.34 114.88 114.93 115.07 114.75 114.86 114.79 114.67 114.99 115.24 114.71 115.16 115.11 114.94 115.10 115.14 115.35 115.35 115.28 115.34 115.35 115.30 115.20 115.05 114.64 114.84 114.75 114.90 115.02 115.34 115.22 115.15 115.18 115.23 115.15 115.16 115.16 115.17 115.14 115.15 115.13 115.15 115.28 115.31 115.28 115.37 115.42 115.47 115.46 115.47 115.41 115.31 115.14 115.14
115.15 115.14 115.15 115.23 115.30 115.62 115.64 115.43 115.28 115.15 115.25 115.35 115.17 115.28 115.56 115.16 115.22 115.14 115.16 115.31 115.34 115.35 115.32 115.16 114.81 114.16 113.54 112.79 112.03 111.19 109.97 109.27 107.61 105.83 109.49 110.01 110.33 110.64 110.82 110.85 110.89 111.88 112.28 112.63 112.91 113.51 113.82 114.03 114.27 114.38 113.49 114.92 115.48 113.04 113.18 113.48 114.30 114.59 114.66 115.16 114.89 115.06 115.03 115.05 115.18 115.23 115.22 115.34 115.27 115.33 115.70 115.29 115.98 116.12 115.15 115.14 115.16 115.15 115.15 115.25 115.53 115.29 115.27 115.15 115.14 115.14 115.17 115.20 115.23 115.24 115.23 115.20 115.27 115.28 115.32 115.34 115.31 115.34 115.34 115.34 115.26 115.19 115.10 114.98 115.09 115.07 115.03 115.13 115.15 115.17 115.24 115.22 114.83 114.65 114.62 114.33 114.05 114.93 114.76 114.73 114.75 114.41 114.47 114.29 114.61 114.66 114.80 114.90 115.19 115.15 114.93 114.43 114.91 114.97 115.22 115.27 115.19 115.29 115.13 115.04 115.15 115.23 115.35 115.35 115.35 115.33 115.34 115.10 115.27 115.06 114.97 115.05 115.31 115.33 115.35 115.16 115.14 115.17 115.16 115.15 115.23 115.18 115.14 115.14 115.15 115.14 115.16 115.14 115.24 115.33 115.36 115.39 115.41 115.47 115.50 115.48 115.35 115.37 115.24 115.16
115.18 115.20 115.22 115.46 115.37 115.49 115.64 115.90 115.32 115.14 115.23 115.22 115.30 115.57 115.57 115.30 115.15 115.13 115.30 115.20 115.30 115.30 115.33 115.04 114.66 114.53 113.93 113.00 112.12 111.80 111.31 110.66 108.06 105.01 106.10 110.33 110.52 110.67 111.04 111.42 111.89 112.26 112.53 112.88 113.32 113.83 114.15 114.48 114.90 115.02 113.99 112.96 112.76 113.18 113.52 114.12 114.52 114.86 114.91 115.13 114.98 115.15 115.34 115.15 115.21 115.26 115.21 115.31 115.35 115.34 115.26 115.94 116.77 116.67 115.21 115.17 115.16 115.14 115.21 115.51 115.19 115.44 115.14 115.16 115.30 115.14 115.16 115.21 115.20 115.23 115.24 115.21 115.25 115.26 115.27 115.33 115.34 115.35 115.35 115.33 115.32 115.33 115.28 115.17 115.14 115.02 115.04 115.28 115.22 115.21 115.17 114.99 115.01 114.97 114.68 114.52 114.78 114.76 114.52 114.85 114.69 114.56 114.63 114.65 114.64 114.73 114.86 115.02 115.03 115.16 115.28 115.24 115.34 115.33 115.25 115.35 115.29 115.30 115.33 115.28 115.34 115.35 115.31 115.32 115.29 115.34 115.27 115.26 115.29 115.17 115.26 115.31 115.24 115.19 115.18 115.16 115.14 115.17 115.15 115.22 115.15 115.15 115.14 115.20 115.16 115.15 115.14 115.20 115.28 115.32 115.37 115.41 115.42 115.45 115.47 115.48 115.49 115.43 115.37 115.29
115.52 115.43 115.48 115.58 115.70 115.76 115.72 115.64 115.53 115.13 115.14 115.14 115.61 115.74 115.70 115.50 115.35 115.20 115.22 115.15 115.19 115.35 115.27 114.91 114.39 114.96 114.39 112.35 112.14 112.25 112.10 112.25 111.68 107.72 109.48 110.66 110.38 110.52 111.11 111.65 112.12 112.38 112.59 112.57 113.73 114.16 114.60 114.86 115.07 115.22 115.26 114.54 113.99 114.20 114.55 114.83 114.99 115.06 115.10 115.24 115.17 115.16 114.99 115.35 115.32 115.31 115.34 115.33 115.32 115.26 115.23 115.18 116.09 116.26 115.88 115.57 115.53 115.34 115.29 115.20 115.18 115.17 115.14 115.14 115.15 115.25 115.17 115.23 115.21 115.21 115.19 115.21 115.22 115.25 115.28 115.32 115.33 115.35 115.34 115.36 115.35 115.36 115.36 115.33 115.32 115.12 115.25 115.34 115.34 115.17 115.25 115.13 114.89 114.86 114.76 115.04 114.90 114.90 114.66 114.88 114.75 114.62 114.60 114.70 114.71 114.77 114.94 115.04 115.17 115.22 115.32 115.24 115.22 115.25 115.29 115.20 115.35 115.35 115.34 115.34 115.34 115.30 115.27 115.31 115.32 115.33 115.34 115.32 115.28 115.16 115.32 115.16 115.18 115.21 115.20 115.13 115.15 115.18 115.21 115.27 115.14 115.25 115.19 115.24 115.21 115.17 115.18 115.25 115.29 115.31 115.33 115.39 115.42 115.44 115.43 115.46 115.49 115.51 115.53 115.55
115.50 115.60 115.90 115.62 115.79 115.81 115.75 115.72 115.62 115.30 115.17 115.15 115.75 115.87 115.88 115.74 115.19 115.24 115.14 115.13 115.24 115.32 115.08 114.80 114.99 115.07 114.92 113.83 112.26 112.15 112.39 112.86 113.13 112.77 111.76 111.04 110.15 109.94 111.26 111.95 112.41 112.65 112.77 112.50 113.92 114.64 114.93 115.10 115.27 115.33 115.32 114.89 114.88 115.07 115.18 115.22 115.24 115.25 115.27 115.32 115.33 115.28 115.11 115.17 115.29 115.35 115.33 115.31 115.30 115.21 115.14 115.94 115.14 115.67 116.19 115.77 115.32 115.16 115.17 115.20 115.18 115.14 115.16 115.14 115.25 115.15 115.15 115.21 115.20 115.21 115.22 115.21 115.28 115.29 115.30 115.30 115.31 115.31 115.33 115.35 115.33 115.36 115.35 115.36 115.35 115.35 115.35 115.34 115.35 115.10 115.19 114.72 114.86 114.78 114.90 114.80 114.82 114.92 114.86 114.85 114.75 114.64 114.55 114.59 115.00 114.83 114.93 115.10 115.24 115.35 115.27 115.94 116.09 116.10 116.05 115.85 115.60 115.21 115.27 115.28 115.30 115.23 115.26 115.32 115.31 115.35 115.34 115.33 115.21 115.25 115.17 115.19 115.15 115.15 115.14 115.13 115.16 115.20 115.25 115.26 115.23 115.20 115.24 115.24 115.25 115.24 115.25 115.24 115.29 115.29 115.30 115.35 115.38 115.40 115.42 115.46 115.49 115.50 115.53 115.57
115.54 115.61 115.66 115.69 115.78 115.81 115.80 115.78 115.72 115.50 115.27 115.56 115.88 115.97 116.00 115.77 115.13 115.31 115.24 115.14 115.31 115.33 115.35 115.31 115.26 115.24 115.06 114.49 111.80 111.98 112.38 113.27 113.56 113.28 112.57 111.54 109.01 108.99 111.81 112.36 112.67 112.87 113.00 113.29 114.43 114.76 114.99 115.19 115.31 115.35 115.32 115.30 115.23 115.22 115.22 115.23 115.29 115.33 115.35 115.35 115.35 115.34 115.21 115.33 115.35 115.31 115.28 115.25 115.24 115.18 115.13 115.97 116.29 115.92 116.14 115.13 115.14 115.15 115.24 115.44 115.25 115.14 115.14 115.21 115.14 115.18 115.19 115.22 115.19 115.24 115.21 115.23 115.24 115.22 115.30 115.32 115.33 115.30 115.35 115.35 115.35 115.35 115.35 115.33 115.35 115.35 115.30 115.30 115.35 115.33 115.18 115.03 115.02 114.62 114.72 114.80 114.72 114.87 114.86 114.88 114.71 114.75 114.57 114.96 115.15 114.75 114.93 115.14 115.35 115.20 115.86 116.20 116.15 116.12 116.12 116.04 116.00 115.58 115.19 115.20 115.18 115.22 115.29 115.28 115.35 115.29 115.33 115.35 115.35 115.33 115.19 115.14 115.13 115.14 115.27 115.15 115.21 115.25 115.22 115.26 115.29 115.22 115.24 115.23 115.26 115.26 115.24 115.24 115.24 115.25 115.27 115.27 115.34 115.38 115.36 115.45 115.50 115.53 115.55 115.58
115.60 115.74 115.54 115.60 115.80 115.79 115.81 115.78 115.87 115.58 115.37 115.81 116.00 116.06 116.03 115.58 115.32 115.56 115.21 115.19 115.22 115.29 115.32 115.35 115.35 115.31 115.20 114.59 112.43 112.31 112.96 113.85 113.82 113.98 113.54 112.05 108.26 106.15 110.96 112.68 112.86 113.10 113.34 113.74 114.35 114.77 115.03 115.23 115.32 115.35 115.31 115.30 115.32 115.30 115.28 115.29 115.32 115.35 115.35 115.35 115.33 115.35 115.33 115.31 115.34 115.26 115.17 115.17 115.15 115.30 115.90 115.95 115.80 116.22 115.17 115.16 115.20 115.18 115.42 115.14 115.13 115.14 115.15 115.14 115.18 115.15 115.16 115.14 115.16 115.17 115.20 115.22 115.26 115.24 115.27 115.21 115.29 115.33 115.34 115.30 115.26 115.34 115.29 115.26 115.33 115.35 115.33 115.32 115.32 115.27 115.25 115.22 115.18 115.25 115.09 114.91 114.82 114.85 114.84 114.59 114.77 114.71 114.46 115.28 114.84 114.74 115.01 115.25 115.34 115.20 116.01 116.24 116.25 116.23 116.16 116.11 116.06 115.88 115.42 115.15 115.14 115.31 115.30 115.34 115.34 115.35 115.29 115.24 115.27 115.27 115.15 115.14 115.34 115.14 115.20 115.27 115.22 115.21 115.16 115.18 115.62 115.15 115.14 115.17 115.21 115.25 115.18 115.20 115.16 115.23 115.24 115.30 115.32 115.38 115.33 115.44 115.49 115.53 115.56 115.56
115.65 115.64 115.66 115.65 115.84 115.85 115.91 115.88 116.02 115.94 115.81 116.09 116.14 116.11 116.06 116.00 115.60 115.62 115.19 115.15 115.18 115.22 115.29 115.34 115.35 115.32 115.16 114.57 113.86 114.16 114.09 114.07 114.08 114.08 114.17 114.06 109.02 102.68 104.37 112.65 113.03 113.29 113.58 113.95 114.35 114.80 115.11 115.25 115.34 115.35 115.33 115.29 115.30 115.34 115.32 115.32 115.34 115.35 115.35 115.35 115.33 115.35 115.36 115.30 115.26 115.20 115.13 115.15 115.26 115.16 116.16 115.99 115.16 116.24 116.02 115.17 115.87 115.14 115.14 115.23 115.14 115.15 115.17 115.18 115.15 115.14 115.24 115.14 115.18 115.25 115.20 115.22 115.21 115.21 115.21 115.28 115.26 115.34 115.32 115.31 115.33 115.33 115.30 115.28 115.35 115.35 115.21 115.31 115.31 115.24 115.31 115.30 115.28 115.33 115.21 114.90 114.81 114.97 115.10 114.74 114.87 114.79 114.62 114.52 114.66 114.97 115.17 115.33 115.25 115.35 116.23 116.28 116.32 116.23 116.13 116.12 116.01 115.94 115.60 115.19 115.14 115.28 115.23 115.26 115.31 115.22 115.15 115.14 115.14 115.14 115.14 115.20 115.34 115.37 115.26 115.32 115.26 115.26 115.15 115.14 115.13 115.14 115.14 115.13 115.13 115.14 115.14 115.14 115.14 115.43 115.17 115.19 115.29 115.29 115.30 115.48 115.51 115.50 115.26 115.54
115.54 115.69 115.37 115.44 115.82 115.80 115.92 115.99 116.03 116.08 116.15 116.22 116.21 116.19 116.16 116.01 115.86 115.55 115.16 115.15 115.17 115.25 115.30 115.34 115.35 115.29 115.18 114.96 114.36 114.36 114.24 114.22 114.20 114.28 114.44 114.57 113.82 104.81 106.21 111.63 112.79 113.52 113.89 114.14 110.91 114.98 115.19 115.29 115.35 115.36 115.32 115.30 115.29 115.35 115.34 115.35 115.36 115.35 115.35 115.34 115.33 115.32 115.27 115.32 115.21 115.16 115.19 115.32 115.40 115.97 116.08 116.00 115.42 115.36 115.19 115.78 115.28 115.18 115.14 115.18 115.18 115.17 115.17 115.15 115.15 115.15 116.15 115.15 115.45 115.17 115.21 115.20 115.20 115.19 115.24 115.29 115.28 115.27 115.25 115.24 115.26 115.35 115.35 115.35 115.34 115.33 115.33 115.30 115.21 115.31 115.35 115.35 115.33 115.32 115.28 115.20 115.08 115.14 115.20 115.17 115.05 114.88 114.81 114.83 114.89 115.04 115.25 115.35 115.18 115.42 116.24 116.26 116.24 116.19 116.11 116.09 116.04 115.97 115.71 115.30 115.16 115.18 115.15 115.14 115.14 115.14 115.14 115.18 115.14 115.24 115.31 115.38 115.52 115.61 115.64 115.45 115.40 115.23 115.14 115.16 115.24 115.29 115.23 115.22 115.17 115.15 115.14 115.14 115.13 115.13 115.13 115.14 115.30 115.26 115.33 115.36 115.47 115.50 115.21 115.48
115.59 115.71 115.73 115.92 115.88 115.79 115.98 116.11 116.13 116.19 116.25 116.35 116.34 116.31 116.31 116.11 115.57 115.23 115.16 115.14 115.29 113.62 108.53 107.81 110.70 115.25 115.12 115.05 114.88 114.50 114.42 114.31 114.32 114.38 114.45 114.54 114.54 113.33 111.09 111.55 113.02 113.70 114.12 114.36 114.74 115.14 115.24 115.32 115.35 115.36 115.33 115.30 115.28 115.34 115.35 115.35 115.36 115.35 115.34 115.33 115.32 115.32 115.33 115.26 115.14 115.23 115.36 115.47 115.51 115.90 116.14 116.04 115.72 115.49 115.80 115.44 115.55 115.20 115.15 115.14 115.38 115.14 115.25 115.58 115.14 115.15 115.14 115.15 115.15 115.16 115.32 115.17 115.19 115.20 115.30 115.24 115.23 115.22 115.20 115.18 115.22 115.22 115.33 115.34 115.33 115.32 115.32 115.21 115.27 115.31 115.35 115.35 115.33 115.35 115.30 115.28 115.18 115.12 115.17 115.17 115.06 115.11 115.01 115.05 115.05 115.19 115.31 115.31 115.14 116.16 116.20 116.12 116.23 116.16 116.09 116.06 115.99 115.95 115.75 115.40 115.22 115.16 115.14 115.14 115.13 115.14 115.15 115.19 115.36 115.42 115.52 115.61 115.62 115.69 115.72 115.69 115.45 115.20 115.14 115.24 115.32 115.35 115.35 115.35 115.32 115.21 115.17 115.14 115.14 115.14 115.13 115.14 115.16 115.23 115.27 115.38 115.36 115.53 115.24 116.14
115.65 115.78 115.82 115.93 115.52 115.93 115.98 116.06 116.21 116.25 116.33 116.40 116.43 116.43 116.47 115.74 115.37 115.32 115.14 115.14 115.16 107.43 103.09 101.93 104.97 112.91 115.09 115.06 115.18 114.88 114.66 114.43 114.36 114.41 114.47 114.55 114.55 114.36 113.28 113.15 113.66 113.91 114.18 114.44 114.79 115.15 115.28 115.34 115.35 115.35 115.34 115.28 115.30 115.33 115.35 115.32 115.35 115.34 115.34 115.33 115.32 115.29 115.24 115.14 115.15 115.38 115.53 115.71 115.93 115.99 115.86 116.02 115.94 115.77 115.85 115.58 115.27 115.31 115.24 115.13 115.14 115.19 115.22 115.56 115.16 115.15 115.14 115.89 115.19 115.26 115.14 115.16 115.23 115.21 115.18 115.16 115.18 115.18 115.18 115.15 115.15 115.18 115.27 115.30 115.23 115.24 115.24 115.25 115.35 115.35 115.36 115.35 115.35 115.33 115.32 115.30 115.23 114.89 115.10 115.16 115.18 115.17 115.15 115.18 115.21 115.27 115.34 115.28 115.14 115.99 116.14 116.17 116.13 116.09 116.06 116.06 116.00 115.87 115.75 115.58 115.40 115.45 115.33 115.32 115.31 115.43 115.45 115.52 115.60 115.67 115.74 115.74 115.76 115.84 115.81 115.81 115.62 115.18 115.15 115.30 115.35 115.32 115.25 115.26 115.34 115.27 115.20 115.18 115.18 115.16 115.14 115.13 115.15 115.21 115.22 115.31 115.56 115.54 115.46 115.75
115.64 115.79 115.91 115.96 116.01 115.93 115.97 116.10 116.24 116.30 116.38 116.47 116.50 116.52 116.56 115.84 115.40 115.24 115.19 115.15 115.31 107.58 103.19 102.30 104.49 113.33 115.21 115.26 115.27 115.22 114.90 114.53 114.29 114.22 114.23 114.46 114.58 114.55 114.14 113.98 114.07 114.14 114.23 114.42 114.68 115.05 115.30 115.34 115.36 115.35 115.34 115.28 115.33 115.31 115.34 115.36 115.35 115.35 115.33 115.33 115.29 115.29 115.19 115.14 115.34 115.56 115.83 115.92 116.11 116.12 116.23 116.14 116.10 116.00 115.93 115.53 115.43 115.46 115.76 115.14 115.13 115.15 115.26 115.13 115.77 115.17 115.15 115.19 115.16 115.14 115.14 115.14 115.24 115.16 115.17 115.15 115.16 115.16 115.17 115.15 115.15 115.22 115.37 115.22 115.18 115.28 115.33 115.26 115.33 115.34 115.35 115.35 115.32 115.32 115.32 115.35 115.16 115.19 115.14 115.27 115.31 115.35 115.18 115.21 115.24 115.30 115.35 115.33 115.17 115.32 115.81 116.08 116.03 116.02 116.00 115.94 115.94 115.89 115.81 115.73 115.71 115.70 115.79 115.70 115.72 115.70 115.80 115.81 115.83 115.90 115.96 115.92 116.03 115.99 115.98 115.85 115.68 115.18 115.20 115.34 115.29 115.12 115.06 115.20 115.20 114.63 115.27 115.23 115.20 115.17 115.14 115.13 115.15 115.21 115.24 115.42 115.25 115.63 115.58 115.70
115.98 115.88 115.87 116.05 116.16 116.15 116.13 116.22 116.35 116.39 116.48 116.52 116.56 116.58 116.58 115.81 115.41 115.15 115.19 115.15 115.18 110.00 107.16 106.07 108.30 114.90 115.33 115.33 115.32 115.24 115.05 114.68 114.26 114.02 113.83 113.73 114.53 114.54 114.39 114.26 114.23 114.26 114.31 114.44 114.67 115.03 115.25 115.34 115.35 115.35 115.35 115.32 115.27 115.24 115.33 115.35 115.36 115.35 115.35 115.32 115.30 115.28 115.14 115.15 115.37 115.93 116.01 116.07 116.18 116.21 116.22 116.20 116.06 116.09 115.99 115.69 115.62 115.65 115.35 115.14 115.26 115.43 115.15 115.13 115.17 115.33 115.34 115.15 115.14 115.14 115.14 115.14 115.15 115.16 115.14 115.15 115.16 115.15 115.16 115.16 115.17 115.20 115.25 115.17 115.28 115.25 115.21 115.35 115.33 115.26 115.35 115.30 115.32 115.32 115.29 115.35 115.27 115.27 114.77 115.33 115.34 115.33 115.08 115.15 115.26 115.30 115.36 115.33 115.32 115.20 115.23 115.37 115.68 115.77 115.76 115.90 115.89 115.89 115.88 115.85 115.88 115.96 115.95 115.96 115.99 115.97 116.03 116.07 116.07 116.03 116.09 116.06 116.10 116.02 116.07 116.07 115.89 115.23 115.23 115.34 115.05 114.93 114.88 114.86 115.14 115.34 115.33 115.28 115.24 115.18 115.14 115.13 115.15 115.18 115.32 115.37 115.30 115.67 115.67 115.77
115.93 115.98 116.03 116.12 116.18 116.26 116.31 116.40 116.45 116.48 116.53 116.55 116.57 116.57 116.58 115.85 115.23 115.17 115.14 115.15 115.15 114.29 112.67 112.40 115.12 115.32 115.36 115.35 115.34 115.20 114.98 114.68 114.33 113.90 113.63 113.53 114.27 114.54 114.47 114.25 114.25 114.05 114.32 114.48 114.52 115.13 115.24 115.32 115.34 115.35 115.36 115.35 115.32 115.26 115.31 115.33 115.22 115.24 115.20 115.24 115.28 115.32 115.14 115.15 115.41 115.89 116.08 116.15 116.24 116.29 116.23 116.30 116.04 116.28 116.14 115.92 115.87 115.90 115.83 115.38 115.16 115.14 115.18 115.14 115.16 115.22 115.17 115.14 115.14 115.16 115.14 115.15 115.14 115.15 115.13 115.14 115.17 115.19 115.13 115.14 115.16 115.19 115.25 115.19 115.19 115.21 115.21 115.27 115.34 115.30 115.35 115.34 115.34 115.32 115.30 115.32 115.32 115.26 114.91 115.32 115.34 115.29 115.30 115.33 115.27 115.26 115.32 115.34 115.35 115.28 115.19 115.14 115.16 115.31 115.56 115.77 115.87 115.92 115.98 116.00 116.00 116.15 116.06 116.18 116.23 116.27 116.31 116.27 116.39 116.32 116.35 116.31 116.29 116.30 116.34 116.24 116.16 115.32 115.24 115.33 115.11 114.88 114.76 113.24 114.11 115.16 115.35 115.31 115.23 115.18 115.14 115.13 115.16 115.26 115.43 115.34 115.57 115.65 115.46 115.88
115.99 116.03 116.01 116.20 116.31 116.31 116.39 116.41 116.44 116.49 116.53 116.55 116.55 116.56 116.57 115.90 115.16 115.14 115.14 115.15 115.15 115.16 115.14 115.13 115.19 115.29 115.33 115.36 115.30 115.12 114.81 114.57 114.17 113.79 113.54 113.02 113.07 114.44 114.51 114.23 114.32 114.25 114.35 113.61 114.75 115.14 115.28 115.31 115.33 115.34 115.31 115.35 115.33 115.23 115.35 115.36 115.35 115.35 115.20 115.47 115.61 115.22 115.19 115.58 115.87 116.11 116.20 116.21 116.27 116.32 116.32 116.28 116.24 116.17 115.95 116.04 116.02 116.09 116.21 115.62 115.38 115.13 115.14 115.16 115.29 115.14 115.14 115.13 115.13 115.15 115.14 115.14 115.13 115.13 115.13 115.44 115.14 115.14 115.14 115.13 115.21 115.20 115.16 115.19 115.23 115.15 115.17 115.28 115.23 115.26 115.34 115.31 115.33 115.29 115.26 115.33 115.34 115.13 115.20 114.99 115.19 115.16 115.14 115.27 115.28 115.31 115.29 115.22 115.33 115.35 115.22 115.20 115.18 115.17 115.59 115.83 115.92 116.07 116.12 116.16 116.25 116.29 116.34 116.43 116.53 116.62 116.69 116.71 116.70 116.65 116.59 116.56 116.59 116.53 116.47 116.39 116.24 116.06 115.15 115.32 115.08 114.85 113.30 106.14 113.03 115.10 115.35 115.29 115.24 115.17 115.16 115.13 115.19 115.31 115.53 115.56 115.67 115.65 115.84 115.91
116.11 116.17 116.19 116.18 116.36 116.29 116.45 116.48 116.49 116.50 116.52 116.53 116.53 116.53 116.54 116.06 115.22 115.14 115.14 115.14 115.15 115.14 115.26 115.21 115.20 115.26 115.32 115.33 115.21 115.03 114.70 114.40 114.08 113.70 113.04 112.95 113.27 114.59 114.73 114.40 114.54 114.53 114.56 113.62 114.46 115.12 115.25 115.29 115.31 115.27 115.20 115.25 115.33 115.32 115.24 115.19 115.21 115.15 115.14 115.40 115.33 115.27 115.84 115.96 116.07 116.13 116.13 116.21 116.31 116.33 116.16 116.29 116.30 116.22 116.03 116.25 116.10 116.17 116.25 116.23 115.58 115.39 115.26 115.17 115.20 115.14 115.13 115.14 115.13 115.13 115.16 115.14 115.14 115.13 115.15 115.15 115.19 115.16 115.16 115.20 115.29 115.23 115.17 115.17 115.30 115.14 115.33 115.24 115.23 115.29 115.30 115.28 115.30 115.30 115.33 115.31 115.30 115.22 115.31 115.29 115.33 115.30 115.27 115.33 115.27 115.19 115.06 115.28 115.26 115.35 115.20 115.15 115.14 115.45 115.79 115.98 116.16 116.17 116.24 116.33 116.40 116.52 116.60 116.76 116.90 116.92 116.98 116.93 116.93 116.86 116.81 116.82 116.72 116.63 116.51 116.41 116.27 116.11 115.50 115.32 115.25 114.96 114.34 113.71 114.39 115.32 115.32 115.25 115.21 115.16 115.15 115.17 115.29 115.41 115.60 115.73 115.73 115.79 115.91 116.04
116.24 116.28 116.34 116.39 116.45 116.44 116.49 116.52 116.53 116.52 116.53 116.55 116.55 116.40 116.55 116.51 115.86 115.19 115.16 115.15 115.15 115.17 115.26 115.29 115.17 115.23 115.35 115.30 115.16 114.92 114.62 114.29 114.05 113.66 112.43 112.83 113.82 114.60 114.70 114.55 114.77 114.81 114.78 114.86 115.00 115.13 115.26 115.30 115.30 115.16 115.21 115.29 115.30 115.32 115.30 115.27 115.26 115.16 115.14 115.17 115.17 115.32 115.70 115.51 115.30 115.96 116.03 116.15 116.27 116.33 116.28 116.36 116.32 116.37 116.33 116.30 116.22 116.26 116.33 116.37 116.34 115.68 115.48 115.32 115.38 115.15 115.13 116.80 115.14 115.14 115.14 115.22 115.14 115.25 115.17 115.14 115.14 115.15 115.15 115.16 115.19 115.22 115.17 115.16 115.23 115.27 115.33 115.30 115.28 115.34 115.29 115.30 115.24 115.17 115.19 115.19 115.30 115.35 115.35 115.34 115.35 115.33 115.29 115.32 115.20 115.26 115.23 115.16 115.17 115.15 115.13 115.25 115.60 115.74 115.92 116.16 116.22 116.33 116.46 116.58 116.70 116.81 116.98 117.09 117.15 117.27 117.23 117.08 117.17 117.06 117.01 116.90 116.80 116.66 116.58 116.51 116.39 116.27 115.85 115.15 115.33 115.32 115.12 115.10 115.29 115.31 115.25 115.21 115.18 115.15 115.23 115.24 115.43 115.60 115.77 115.91 115.93 115.95 116.12 116.19
116.43 116.37 116.46 116.47 116.49 116.49 116.51 116.56 116.57 116.55 116.54 116.56 116.57 116.57 116.56 116.53 116.16 115.62 115.35 115.30 115.16 115.15 115.18 115.17 115.14 115.35 115.35 115.28 115.07 114.85 114.55 114.41 113.96 113.70 113.21 113.27 113.86 114.66 114.69 114.69 114.84 114.92 115.01 115.02 115.10 115.18 115.25 115.31 115.28 115.06 115.29 115.32 115.33 115.35 115.35 115.34 115.30 115.28 115.23 115.14 115.19 115.25 115.38 115.54 115.77 115.81 115.99 116.08 116.13 116.31 116.34 116.34 116.39 116.46 116.42 116.52 116.30 116.36 116.43 116.37 116.36 116.26 115.87 116.13 115.66 115.43 115.16 115.13 115.20 115.17 115.21 115.15 115.14 115.18 115.30 115.17 115.13 115.15 115.16 115.14 115.19 115.18 115.15 115.16 115.22 115.22 115.31 115.30 115.28 115.31 115.33 115.33 115.24 115.19 115.21 115.22 115.32 115.35 115.35 115.32 115.35 115.25 115.34 115.32 115.32 115.35 115.26 115.14 115.15 115.14 115.19 115.53 115.64 115.90 116.05 116.20 116.34 116.50 116.72 116.86 116.96 117.10 117.41 117.27 117.39 117.46 117.42 117.35 117.30 117.20 117.05 116.98 117.06 116.77 116.76 116.67 116.55 116.44 116.12 115.70 115.15 115.21 115.27 115.28 115.19 115.19 115.17 115.17 115.15 115.13 115.19 116.21 115.69 115.21 116.01 115.68 116.14 116.17 116.20 116.37
116.55 116.06 116.46 116.47 116.54 116.52 116.53 116.57 116.54 116.57 116.56 116.59 116.60 116.59 116.64 116.61 116.57 116.20 115.56 115.14 115.15 115.14 115.16 115.13 115.28 115.35 115.33 115.23 115.08 114.70 114.41 114.14 113.75 113.38 113.07 113.19 113.79 114.57 114.81 114.87 114.97 115.06 115.09 115.13 115.07 115.17 115.17 115.11 115.11 115.18 115.29 115.34 115.35 115.34 115.35 115.32 115.29 115.26 115.27 115.25 115.26 115.26 115.16 115.52 115.51 115.97 116.06 116.10 116.15 116.28 116.38 116.54 116.54 116.54 116.50 116.62 116.56 116.58 116.57 116.41 116.54 116.51 116.31 116.02 115.79 115.48 115.24 115.15 115.30 115.24 115.24 115.14 115.17 115.17 115.24 115.14 115.16 115.16 115.16 115.22 115.21 115.23 115.19 115.25 115.14 115.29 115.27 115.33 115.28 115.35 115.34 115.35 115.29 115.25 115.28 115.33 115.34 115.30 115.35 115.24 115.26 115.24 115.26 115.35 115.29 115.20 115.20 115.13 115.14 115.35 115.46 115.71 115.85 116.02 116.18 116.34 116.53 116.77 116.93 117.03 117.20 117.29 117.40 117.49 117.65 117.49 117.43 117.41 117.36 117.10 117.18 117.12 117.02 116.87 116.72 116.85 116.80 116.66 116.52 116.37 116.12 115.83 115.68 115.37 115.41 115.28 115.16 115.13 115.14 115.14 115.17 115.65 115.93 116.02 116.17 116.26 116.29 116.39 116.46 116.52
116.65 116.58 116.58 116.53 116.56 116.54 116.56 116.56 116.55 116.57 116.60 116.60 116.60 116.59 116.65 116.59 116.65 116.56 116.14 115.26 115.14 115.18 115.14 115.24 115.34 115.35 115.32 115.22 114.98 114.55 114.08 113.49 112.93 112.65 112.46 112.41 112.89 113.58 114.56 115.00 115.11 115.14 115.16 115.15 114.73 114.91 115.22 115.28 115.20 115.15 115.29 115.25 115.21 115.27 115.35 115.32 115.27 115.24 115.24 115.22 115.22 115.23 115.15 115.50 115.88 116.01 116.08 116.09 116.19 116.29 116.34 116.57 116.50 116.61 116.64 116.73 116.71 116.80 116.71 116.62 116.59 116.54 116.56 116.00 115.83 115.56 115.48 115.38 115.26 115.34 115.14 115.14 115.14 115.37 115.39 115.14 115.24 115.15 115.15 115.14 115.18 115.16 115.16 115.18 115.19 115.26 115.31 115.18 115.31 115.35 115.27 115.35 115.35 115.36 115.35 115.35 115.35 115.33 115.31 115.20 115.18 115.20 115.14 115.14 115.16 115.23 115.14 115.15 115.29 115.45 115.66 115.86 115.96 116.14 116.27 116.49 116.67 116.91 117.09 117.24 117.30 117.39 117.57 117.68 117.75 117.72 117.60 117.58 117.41 117.38 117.26 116.96 117.12 116.97 116.94 116.92 116.84 116.74 116.72 116.60 116.51 116.32 116.24 116.19 116.00 115.89 115.64 115.30 115.19 115.23 115.28 115.56 115.63 116.14 116.23 116.30 116.40 116.55 116.64 116.68
116.75 116.61 116.62 116.53 116.61 116.58 116.60 116.59 116.56 116.57 116.59 116.60 116.61 116.58 116.56 116.55 116.53 116.46 116.43 115.14 115.14 115.15 115.21 115.29 115.31 115.36 115.33 115.23 115.01 114.31 113.31 112.51 111.72 111.23 111.23 111.67 112.11 112.27 113.31 114.49 115.07 115.22 115.23 115.22 115.18 115.11 115.17 115.24 115.28 115.35 115.20 115.15 115.08 114.99 115.25 115.35 115.28 115.25 115.24 115.25 115.22 115.24 115.14 115.58 115.87 115.99 116.08 116.14 116.20 116.36 116.40 116.51 116.57 116.71 116.74 116.85 116.95 116.92 116.91 116.79 116.83 116.78 116.69 116.64 116.42 116.28 116.22 116.06 115.77 116.10 115.27 115.17 115.14 115.13 115.21 115.14 115.30 115.41 115.14 115.38 115.14 115.18 115.14 115.42 115.14 115.18 115.22 115.25 115.28 115.34 115.35 115.35 115.35 115.34 115.34 115.34 115.35 115.29 115.15 115.15 115.18 115.20 115.16 115.19 115.14 115.17 115.18 115.20 115.49 115.62 115.81 116.01 116.12 116.23 116.48 116.67 116.78 117.02 117.17 117.39 117.48 117.63 117.76 117.79 117.83 117.86 117.81 117.68 117.65 117.50 117.43 117.35 117.29 117.14 117.27 117.22 117.03 116.85 116.85 116.69 116.54 116.46 116.24 116.17 115.98 115.92 115.73 115.54 115.41 115.42 115.40 115.65 115.59 116.26 116.30 116.38 116.56 116.59 116.68 116.69
116.70 116.66 116.68 116.61 116.31 116.62 116.62 116.43 116.60 116.59 116.57 116.57 116.53 116.53 116.52 116.49 116.49 116.53 116.36 115.92 115.20 115.23 115.25 115.27 115.29 115.35 115.35 115.29 114.91 113.79 112.45 111.20 110.40 110.30 109.91 110.22 111.65 111.93 112.41 113.68 114.85 115.24 115.28 115.26 115.14 115.21 115.13 114.62 115.23 115.24 115.23 115.15 115.00 114.83 115.05 115.31 115.34 115.30 115.26 115.27 115.17 115.16 115.15 115.27 115.89 116.05 116.09 116.14 116.27 116.38 116.52 116.64 116.66 116.83 116.93 116.99 117.03 117.07 117.08 117.18 116.92 116.93 116.89 116.84 116.71 116.33 116.45 116.26 115.93 115.88 115.74 115.39 115.38 115.33 115.29 115.15 115.14 115.13 115.34 115.26 115.43 115.97 115.40 115.14 115.36 115.16 115.18 115.20 115.23 115.23 115.30 115.34 115.18 115.35 115.35 115.33 115.35 115.32 115.19 115.14 115.14 115.14 115.14 115.19 115.20 115.26 115.34 115.50 115.59 115.79 115.95 116.13 116.18 116.42 116.57 116.78 116.92 117.05 117.30 117.35 117.71 117.84 117.89 117.89 117.89 117.92 117.83 117.81 117.72 117.79 117.59 117.55 117.41 117.38 117.33 117.28 117.20 116.95 116.70 116.75 116.59 116.49 116.33 116.18 115.99 115.99 115.86 115.76 115.70 115.63 115.58 115.32 115.17 116.32 116.37 116.39 116.56 116.68 116.72 116.67
116.70 116.71 116.72 116.70 116.67 116.64 116.60 116.62 116.59 116.57 116.57 116.58 116.54 116.57 116.49 116.52 116.46 116.27 116.16 115.88 115.43 115.16 115.14 115.18 115.26 115.32 115.35 115.31 114.88 113.61 112.08 111.08 110.72 110.64 109.79 110.27 111.50 112.15 112.78 114.03 114.98 115.27 115.29 115.28 114.91 115.24 115.17 115.00 115.16 115.12 115.13 115.06 115.06 115.12 115.22 115.29 115.35 115.30 115.30 115.31 115.23 115.16 115.15 115.22 115.75 116.12 116.19 116.13 116.33 116.46 116.56 116.73 116.82 116.93 117.05 117.14 117.19 117.22 117.23 117.21 117.18 117.15 117.06 117.23 117.20 116.84 116.63 116.57 116.32 116.35 115.89 116.27 115.98 115.73 115.81 115.40 115.24 115.62 115.15 115.48 116.10 116.10 116.03 115.27 115.29 115.21 115.28 115.16 115.14 115.17 115.22 115.19 115.73 115.14 115.25 115.20 115.26 115.23 115.17 115.14 115.15 115.15 115.31 115.35 115.45 115.39 115.54 115.57 115.79 115.99 116.08 116.14 116.29 116.45 116.73 116.89 117.08 117.18 117.49 117.62 117.72 117.91 117.93 117.92 117.91 117.87 117.90 117.87 117.83 117.73 117.66 117.70 117.68 117.56 117.44 117.32 117.21 117.13 116.98 116.83 116.65 116.47 116.37 116.23 116.06 116.07 116.01 115.93 115.93 115.78 115.21 115.42 115.27 116.20 116.36 116.49 116.52 116.67 116.66 116.73
116.71 116.77 116.76 116.72 116.68 116.67 116.64 116.61 116.60 116.60 116.57 116.63 116.59 116.60 116.50 116.48 116.38 116.24 115.96 115.60 115.32 115.16 115.13 115.16 115.21 115.27 115.33 115.35 115.20 114.51 113.25 112.08 111.52 111.35 111.23 111.41 112.08 112.52 114.30 115.11 115.32 115.34 115.32 115.31 115.31 115.12 115.26 114.93 115.13 115.15 115.12 115.19 114.85 115.15 115.33 115.31 115.34 115.33 115.28 115.20 115.21 115.19 115.15 115.25 115.74 116.17 116.32 116.37 116.46 116.57 116.76 116.86 117.05 117.12 117.46 117.23 117.33 117.27 117.35 117.36 117.31 117.30 117.16 117.18 117.23 116.98 116.91 116.66 116.59 116.63 116.50 116.42 116.41 116.26 116.04 115.69 115.55 115.43 115.88 116.00 116.19 116.08 115.60 115.96 115.57 115.90 115.73 115.88 115.19 115.21 115.26 115.20 115.23 115.27 115.29 115.32 115.22 115.17 115.22 115.25 115.28 115.29 115.62 115.90 115.58 115.58 115.63 115.87 116.02 116.09 116.05 116.29 116.31 116.53 116.75 117.01 117.17 117.21 117.47 117.66 117.81 117.90 117.85 117.71 117.91 117.86 117.82 117.74 117.88 117.62 117.67 117.64 117.57 117.53 117.55 117.41 117.27 117.22 116.91 116.83 116.65 116.48 116.28 116.23 116.16 116.11 116.01 116.07 116.06 115.88 115.62 115.41 115.16 116.14 116.49 116.49 116.66 116.68 116.74 116.79
116.84 116.83 116.78 116.77 116.75 116.71 116.68 116.63 116.61 116.64 116.63 116.57 116.56 116.52 116.50 116.39 116.24 116.05 115.78 115.53 115.28 115.15 115.13 115.14 115.16 115.20 115.25 115.31 115.35 115.17 114.85 114.50 114.35 112.86 112.14 111.98 112.69 114.11 114.89 115.27 115.35 115.36 115.36 115.35 115.34 115.33 115.31 115.32 115.23 115.11 114.86 115.10 115.33 115.32 115.31 115.31 115.28 115.32 115.28 115.18 115.15 115.14 115.17 115.41 115.78 116.25 116.31 116.49 116.61 116.75 116.84 117.07 117.16 117.28 117.27 117.45 117.44 117.45 117.56 117.56 117.40 117.45 117.39 117.35 117.27 117.20 116.99 117.05 116.94 116.73 116.70 116.80 116.56 116.44 116.41 116.34 116.01 115.82 116.17 116.16 115.81 115.56 115.38 116.02 115.55 115.92 115.96 115.98 115.64 115.27 115.22 115.30 115.22 115.15 115.34 115.20 115.14 115.30 115.33 115.41 115.38 115.56 115.65 115.80 115.80 115.88 115.92 115.95 116.10 116.17 116.26 116.28 116.52 116.62 116.94 117.11 117.27 117.45 117.52 117.67 117.79 117.91 117.90 117.92 117.89 117.78 117.83 117.85 117.82 117.80 117.70 117.76 117.71 117.47 117.56 117.52 117.37 117.16 116.85 116.73 116.64 116.41 116.28 116.23 116.22 116.19 116.19 116.19 116.19 116.14 116.05 115.76 115.32 116.31 116.32 116.40 116.60 116.80 116.79 116.85
116.87 116.85 116.84 116.77 116.75 116.74 116.69 116.69 116.62 116.69 116.65 116.60 116.59 116.51 116.38 116.34 116.10 115.94 115.73 115.52 115.28 115.18 115.14 115.13 115.14 115.15 115.18 115.21 115.26 115.32 115.35 115.35 115.35 115.34 115.03 114.92 115.22 115.31 115.33 115.34 115.35 115.35 115.36 115.35 115.34 115.31 115.30 115.31 115.15 115.15 115.30 115.33 115.27 115.34 115.32 115.20 115.26 115.30 115.26 115.19 115.14 115.16 115.41 115.81 116.14 116.35 116.47 116.57 116.81 116.87 117.07 117.20 117.26 117.37 117.42 117.40 117.31 117.17 117.59 117.61 117.56 117.61 117.52 117.49 117.40 117.35 117.32 117.26 117.15 117.05 116.95 116.91 116.87 116.78 116.55 116.59 116.43 116.32 116.32 116.36 116.24 116.16 116.34 116.09 115.84 116.03 115.74 115.74 115.94 115.60 115.31 115.49 115.53 115.62 115.65 115.22 115.35 115.45 115.51 115.66 115.67 115.75 115.91 115.81 116.00 116.01 116.03 116.07 116.18 116.23 116.41 116.47 116.62 116.76 117.35 117.39 117.30 117.41 117.55 117.66 117.79 117.91 117.91 117.86 117.87 117.84 117.81 117.81 117.71 117.83 117.80 117.77 117.65 117.64 117.64 117.46 117.28 117.09 116.94 116.26 116.39 116.58 116.41 116.39 116.34 116.31 116.33 116.28 116.31 116.31 116.29 116.14 116.21 116.29 116.39 116.59 116.63 116.77 116.81 116.89
116.92 116.89 116.87 116.81 116.83 116.81 116.78 116.76 116.71 116.69 116.70 116.61 116.58 116.46 116.33 116.21 116.02 115.89 115.73 115.55 115.38 115.30 115.20 115.15 115.13 115.14 115.14 115.16 115.17 115.19 115.22 115.25 115.27 115.29 115.31 115.31 115.30 115.31 115.34 115.35 115.35 115.34 115.35 115.36 115.35 115.33 115.32 115.31 115.21 115.30 115.24 115.38 115.52 115.30 115.24 115.19 115.18 115.17 115.42 115.16 115.16 115.37 115.78 116.09 116.19 116.49 116.66 116.83 116.88 117.13 117.16 117.27 117.39 117.43 117.48 117.50 117.56 117.67 117.73 117.72 117.73 117.66 117.65 117.60 117.58 117.51 117.50 117.34 117.30 117.24 117.17 117.06 116.90 116.82 116.74 116.75 116.61 116.63 116.62 116.56 116.31 116.44 116.15 116.23 118.57 116.58 115.82 116.12 116.01 115.76 115.65 115.75 115.68 115.66 115.51 115.76 115.71 115.77 115.84 115.80 115.82 115.88 116.00 116.00 116.00 116.08 116.05 116.15 116.22 116.33 116.48 116.61 116.76 116.92 117.27 117.36 117.31 117.48 117.49 117.66 117.76 117.83 117.88 117.88 117.84 117.85 117.83 117.82 117.77 117.66 117.82 117.72 117.60 117.52 117.53 117.32 117.21 117.02 116.96 116.35 116.22 116.66 116.52 116.49 116.49 116.45 116.48 116.45 116.38 116.45 116.41 116.44 116.00 116.24 116.70 116.66 116.65 116.87 116.99 116.87
116.96 116.95 116.90 116.89 116.89 116.89 116.79 116.75 116.77 116.73 116.67 116.57 116.50 116.41 116.28 116.14 115.98 115.81 115.69 115.55 115.33 115.35 115.25 115.16 115.15 115.14 115.13 115.14 115.14 115.15 115.17 115.19 115.21 115.23 115.23 115.23 115.25 115.27 115.30 115.33 115.34 115.33 115.33 115.31 115.33 115.29 115.23 115.17 115.15 115.26 115.40 115.53 115.69 115.77 115.79 115.47 115.14 115.15 115.13 115.32 115.53 115.86 116.09 116.44 116.47 116.64 116.78 116.96 117.11 117.21 117.37 117.49 117.57 117.59 117.66 117.70 117.73 117.65 117.94 118.03 117.80 117.79 117.84 117.55 117.72 117.65 117.51 117.48 117.52 117.40 117.37 117.28 117.16 117.06 116.98 116.91 116.82 116.63 116.80 116.65 116.62 116.59 116.19 117.89 118.48 116.41 115.63 116.15 116.09 115.96 115.96 115.93 115.92 115.95 116.05 115.92 115.96 115.94 116.01 116.03 116.01 116.07 116.03 116.05 116.10 116.12 116.09 116.20 116.27 116.35 116.46 116.63 116.81 116.95 117.13 117.16 117.38 117.45 117.60 117.68 117.75 117.81 117.91 117.88 117.90 117.89 117.81 117.87 117.84 117.78 117.75 117.64 117.63 117.44 117.22 117.28 117.17 117.05 116.96 116.89 116.78 116.73 116.67 116.59 116.58 116.60 116.54 116.58 116.52 116.52 116.52 116.56 116.47 116.69 116.71 116.62 116.72 116.91 117.02 117.01
116.99 116.95 116.99 116.99 116.96 116.93 116.87 116.81 116.77 116.66 116.67 116.60 116.47 116.37 116.22 116.03 115.79 115.80 115.74 115.61 115.52 115.45 115.34 115.27 115.19 115.16 115.14 115.13 115.13 115.14 115.14 115.15 115.16 115.17 115.17 115.18 115.18 115.21 115.25 115.28 115.29 115.30 115.28 115.27 115.22 115.17 115.15 115.13 115.18 115.37 115.55 115.66 115.76 115.85 115.92 115.99 115.37 115.58 115.24 115.85 116.32 116.44 116.56 116.63 116.74 116.88 117.08 117.20 117.32 117.39 117.59 117.67 117.71 117.76 117.83 117.90 117.92 117.90 117.99 117.95 117.89 117.95 117.90 117.95 117.85 117.98 117.90 117.71 117.68 117.52 117.53 117.44 117.32 117.26 117.12 117.02 117.04 117.23 116.88 116.84 116.67 116.65 116.52 116.39 116.10 116.11 116.09 116.30 116.18 116.23 116.16 116.16 116.08 116.15 116.13 116.11 116.17 116.23 116.14 116.20 116.15 116.12 116.04 116.10 116.14 116.10 116.10 116.22 116.28 116.34 116.52 116.68 116.81 116.93 116.93 117.12 117.24 117.40 117.43 117.52 117.55 117.65 117.67 117.77 117.80 117.81 117.75 117.76 117.64 117.64 117.66 117.64 117.47 117.32 117.25 117.14 117.19 117.08 117.01 116.93 116.86 116.78 116.73 116.71 116.69 116.66 116.70 116.68 116.48 116.58 116.55 116.67 116.65 116.66 116.71 116.85 116.98 116.98 117.05 117.06
117.13 117.09 117.02 116.93 116.95 116.82 116.85 116.86 116.79 116.73 116.69 116.58 116.51 116.37 116.32 116.09 117.48 115.75 115.80 115.73 115.65 115.54 115.47 115.43 115.32 115.24 115.18 115.15 115.14 115.13 115.13 115.13 115.14 115.14 115.14 115.14 115.14 115.15 115.16 115.18 115.21 115.21 115.22 115.21 115.18 115.14 115.13 115.64 115.50 115.69 115.76 115.79 116.06 115.93 116.03 116.15 116.26 116.31 116.49 116.60 116.70 116.79 116.96 117.04 117.17 117.28 117.33 117.45 117.52 117.62 117.76 117.83 117.87 117.95 118.00 117.97 118.02 118.04 118.09 118.19 118.00 118.04 118.08 118.02 118.11 117.99 117.85 117.84 117.71 117.71 117.65 117.61 117.50 117.39 117.21 117.18 117.15 117.12 117.03 116.93 116.86 116.78 116.65 116.64 116.59 116.47 116.40 116.40 116.40 116.34 116.33 116.33 116.27 116.34 116.27 116.35 116.42 116.39 116.38 116.34 116.23 116.20 116.15 116.13 116.09 116.11 116.24 116.32 116.33 116.39 116.53 116.67 116.77 116.80 116.93 117.08 117.18 117.28 117.30 117.37 117.43 117.50 117.53 117.61 117.64 117.59 117.62 117.62 117.41 117.43 117.51 117.41 117.39 117.25 117.18 117.24 117.05 117.13 117.08 116.90 116.84 116.82 116.80 116.81 116.73 116.75 116.72 116.66 116.63 116.70 116.74 116.60 116.66 116.66 116.81 116.95 117.02 117.11 117.16 117.18
117.18 117.17 117.12 117.07 117.09 116.99 116.90 116.85 116.83 116.82 116.69 116.59 116.57 116.44 116.34 116.29 115.94 115.97 115.87 115.85 115.77 115.70 115.61 115.53 115.47 115.40 115.31 115.24 115.23 115.17 115.16 115.15 115.14 115.14 115.14 115.14 115.14 115.13 115.13 115.14 115.14 115.15 115.15 115.15 115.14 115.14 115.22 115.37 115.61 115.73 115.83 115.89 115.96 116.06 116.19 116.31 116.44 116.59 116.72 116.85 117.07 117.15 117.22 117.29 117.39 117.44 117.54 117.64 117.71 117.83 117.87 118.30 118.06 118.09 118.12 118.18 118.19 118.16 118.19 118.19 118.17 118.28 118.11 118.13 117.63 118.74 117.98 117.92 117.89 117.80 117.81 117.66 117.59 117.52 117.47 117.34 117.32 117.21 117.13 116.97 116.96 116.89 116.75 116.63 116.57 116.57 116.55 116.47 116.57 116.51 116.47 116.52 116.58 116.56 116.55 116.58 116.62 116.56 116.49 116.36 116.31 116.32 116.28 116.23 116.23 116.25 116.23 116.30 116.37 116.41 116.55 116.60 116.73 116.74 116.81 116.92 117.08 117.15 117.19 117.16 117.32 117.29 117.41 117.51 117.52 117.48 117.46 117.49 117.46 117.38 117.44 117.39 117.40 117.38 117.24 117.28 117.18 117.21 117.17 117.05 116.97 116.99 116.89 116.87 116.85 116.79 116.79 116.77 116.67 116.78 116.78 116.73 116.91 116.84 116.86 116.99 117.12 117.11 117.16 117.17
117.20 117.22 117.19 117.07 117.13 117.10 116.90 116.99 116.97 116.95 116.86 116.77 116.66 116.58 116.46 116.31 116.32 116.19 116.11 116.02 115.94 115.86 115.75 115.67 115.65 115.61 115.57 115.50 115.46 115.40 115.37 115.31 115.28 115.29 115.33 115.28 115.27 115.27 115.20 115.15 115.14 115.14 115.14 115.18 115.23 115.38 115.50 115.63 115.78 115.88 115.96 116.10 116.16 116.25 116.38 116.48 116.62 116.76 116.90 117.10 117.32 117.23 117.49 117.56 117.59 117.66 117.77 117.85 117.90 117.92 118.04 118.06 118.12 118.22 118.25 118.27 118.25 118.34 118.39 118.37 118.30 118.28 118.29 118.23 118.20 118.18 118.14 118.11 118.04 117.90 117.80 117.83 117.70 117.68 117.46 117.50 117.46 117.37 117.20 117.13 117.03 116.98 116.93 116.87 116.86 116.80 116.67 116.66 116.68 116.71 116.76 116.78 116.76 116.76 116.67 116.73 116.72 116.71 116.57 116.50 116.47 116.42 116.32 116.34 116.28 116.29 116.26 116.33 116.39 116.42 116.52 116.51 116.68 116.82 116.79 116.71 116.91 116.97 116.96 117.11 117.21 117.10 117.26 117.35 117.34 117.29 117.36 117.35 117.36 117.36 117.35 117.38 117.36 117.31 117.29 117.33 117.30 117.21 117.21 117.13 117.16 117.06 117.02 116.95 116.92 116.87 116.75 116.77 116.76 116.83 116.88 116.91 116.97 116.97 117.01 117.06 117.14 117.24 117.10 117.18
117.24 117.24 117.22 117.22 117.19 117.22 117.12 117.05 117.07 116.94 116.87 116.85 116.78 116.67 116.57 116.50 116.42 116.34 116.27 116.16 116.07 116.04 115.97 115.92 115.85 115.82 115.76 115.71 115.68 115.66 115.65 115.60 115.62 115.61 115.58 115.55 115.54 115.55 115.52 115.76 115.48 115.47 115.48 115.52 115.56 115.63 115.70 115.81 115.97 116.07 116.13 116.32 116.45 116.55 116.65 116.79 116.92 117.04 117.17 117.27 117.45 117.62 117.70 117.77 117.87 118.24 117.85 118.06 118.11 118.15 118.26 118.19 118.29 118.43 118.50 118.49 118.47 118.51 118.44 118.48 118.44 118.44 118.40 118.41 118.33 118.30 118.21 118.17 118.09 118.01 117.93 117.87 117.83 117.73 117.71 117.68 117.51 117.42 117.37 117.25 117.19 117.11 117.01 116.99 116.95 116.96 116.84 116.90 116.88 116.93 116.90 116.91 116.93 116.91 116.83 116.88 116.82 116.81 116.76 116.61 116.66 116.62 116.35 116.45 116.42 116.38 116.33 116.30 116.35 116.43 116.45 116.49 116.56 116.26 116.60 116.76 116.81 116.79 116.94 117.01 117.08 116.95 117.18 117.22 117.24 117.14 117.23 117.22 117.28 117.32 117.28 117.33 117.29 117.24 117.30 117.31 117.26 117.23 117.25 117.18 117.14 117.17 117.10 117.08 117.04 116.88 116.98 116.96 116.89 116.96 116.94 117.02 117.07 117.06 117.15 117.16 117.13 117.23 117.21 117.15
117.38 117.26 117.25 117.91 117.25 117.28 117.26 117.22 117.17 117.13 117.06 116.94 116.90 116.80 116.75 116.70 116.61 116.56 116.42 116.29 116.11 116.24 116.18 116.13 116.08 116.06 116.00 115.99 115.98 115.93 115.91 115.86 115.84 115.81 115.77 115.75 115.73 115.74 115.74 115.72 115.72 115.75 115.76 115.81 115.88 115.93 116.01 116.07 116.20 116.32 116.49 116.61 116.74 116.89 117.05 117.13 117.24 117.35 117.49 117.54 117.65 117.79 117.92 118.04 118.06 118.11 118.26 118.27 118.29 118.31 118.41 118.39 118.48 118.50 118.55 118.62 118.59 118.55 118.55 118.59 118.58 118.56 118.47 118.41 118.36 118.14 118.18 118.14 118.12 118.07 118.03 117.93 117.82 117.76 117.78 117.53 117.48 117.48 117.42 117.34 117.30 117.21 117.13 117.12 117.12 117.08 117.07 117.07 117.06 117.03 117.07 117.04 117.08 117.02 116.99 116.96 116.94 116.86 116.91 116.84 116.76 116.72 116.70 116.62 116.56 116.52 116.45 116.42 116.41 116.42 116.44 116.50 116.55 116.57 116.64 116.73 116.79 116.80 116.89 116.79 116.99 116.87 117.05 117.13 117.05 117.18 117.17 117.19 117.23 117.25 117.23 117.24 117.32 117.32 117.32 117.28 117.29 117.25 117.28 117.29 117.26 117.21 117.23 117.20 117.09 117.14 117.15 117.17 117.00 117.07 117.10 117.14 117.07 117.20 117.27 117.30 117.27 117.31 117.33 117.34
117.44 117.54 117.43 117.50 117.48 117.43 117.39 117.39 117.17 117.23 117.16 117.13 117.12 117.07 117.18 116.89 116.83 116.77 116.65 116.68 116.62 116.51 116.48 116.44 116.39 116.36 116.25 116.28 116.25 116.21 116.16 116.12 116.10 116.06 116.01 115.97 115.96 115.96 115.94 115.93 115.93 115.98 116.04 116.10 116.18 116.26 116.33 116.43 116.51 116.63 116.75 116.79 117.01 117.21 117.36 117.52 117.66 117.83 117.89 117.94 117.98 118.11 118.18 118.18 118.32 118.38 118.42 118.37 118.45 118.53 118.46 118.51 118.62 118.65 118.67 118.70 118.72 118.67 118.69 118.68 118.70 118.62 118.57 118.30 119.08 120.39 117.69 118.15 118.22 118.12 118.14 117.98 117.99 117.83 117.80 117.71 117.62 117.58 117.55 117.50 117.41 117.38 117.32 117.20 117.27 117.16 117.14 117.17 117.16 117.13 117.18 117.17 117.20 117.13 117.01 117.02 117.11 117.00 116.97 117.01 116.97 116.90 116.87 116.72 116.70 116.57 116.60 116.54 116.53 116.44 116.52 116.51 116.52 116.56 116.64 116.63 116.71 116.75 116.71 116.82 116.91 116.91 117.00 117.03 116.98 117.11 117.12 117.15 117.15 117.18 117.23 117.25 117.26 117.30 117.16 117.33 117.31 117.38 117.36 117.35 117.28 117.27 117.36 117.35 117.27 117.37 117.37 117.22 117.33 117.26 117.37 117.37 117.34 117.35 117.36 117.43 117.33 117.35 117.48 117.23
117.66 117.64 117.68 117.64 117.60 117.68 117.61 117.55 117.56 117.50 117.33 117.34 117.37 117.23 117.24 117.16 117.13 117.08 117.03 117.00 116.84 116.87 116.74 116.68 116.66 116.55 116.62 116.58 116.50 116.47 116.44 116.36 116.36 116.28 116.49 116.20 116.19 116.19 116.16 116.18 116.21 116.25 116.34 116.38 116.45 116.55 116.66 116.79 116.89 117.01 117.17 117.33 117.47 117.65 117.82 117.97 118.14 118.26 118.40 118.53 118.59 118.60 118.57 118.56 118.59 118.62 118.61 118.67 118.75 118.73 118.79 118.81 118.79 118.85 118.85 118.82 118.79 118.70 118.85 118.82 118.80 118.75 118.61 118.56 118.55 118.42 118.39 118.40 118.35 118.36 118.25 118.16 118.13 118.02 117.97 117.87 117.82 117.76 117.70 117.58 117.50 117.54 117.48 117.35 117.37 117.35 117.35 117.29 117.24 117.14 117.17 117.29 117.33 117.27 117.22 117.23 117.12 117.18 117.15 117.13 117.09 116.99 117.02 116.97 116.90 116.86 116.85 116.73 116.67 116.66 116.61 116.56 116.57 116.58 116.52 116.67 116.69 116.73 116.51 116.81 116.87 116.96 116.99 116.96 117.01 117.03 116.91 117.14 117.14 117.19 117.18 117.30 117.28 117.34 117.36 117.36 117.39 117.41 117.43 117.48 117.36 117.38 117.39 117.46 117.44 117.45 117.54 117.55 117.56 117.51 117.57 117.52 117.61 117.59 117.49 117.53 117.54 117.65 117.62 117.65
117.69 117.86 117.86 117.81 117.82 117.82 117.78 117.80 117.66 117.80 117.68 117.64 117.59 117.60 117.43 117.35 117.33 117.41 117.41 117.30 117.29 117.26 117.21 117.16 117.04 117.00 116.70 116.93 116.91 116.76 116.86 116.69 116.71 116.61 116.52 116.46 116.48 116.48 116.49 116.50 116.51 116.62 116.69 116.77 116.85 116.96 117.14 117.31 117.48 117.61 117.71 117.81 117.88 118.01 118.10 118.24 118.33 118.38 118.51 118.57 118.60 118.65 118.67 118.69 118.68 118.74 118.78 118.81 118.79 118.87 118.90 118.90 118.98 118.96 118.85 118.92 118.91 118.84 118.86 118.84 118.78 118.75 118.79 118.71 118.59 118.61 118.47 118.42 118.38 118.32 118.31 118.22 118.12 118.10 118.08 117.88 117.90 117.88 117.81 117.77 117.73 117.70 117.64 117.53 117.53 117.59 117.53 117.47 117.45 117.47 117.24 117.27 117.37 117.36 117.39 117.34 117.28 117.30 117.28 117.18 117.12 117.16 117.13 117.12 117.01 116.99 116.98 116.95 116.91 116.87 116.82 116.74 116.74 116.68 116.63 116.59 116.66 116.77 116.85 116.83 116.87 116.89 116.94 116.96 116.98 117.00 117.05 117.11 117.12 117.12 117.21 117.17 117.25 117.33 117.40 117.45 117.43 117.49 117.64 117.58 117.55 117.55 117.55 117.64 117.63 117.69 117.70 117.76 117.74 117.70 117.69 117.78 117.80 117.84 117.94 117.88 117.83 117.86 117.80 117.75
118.11 118.17 118.22 118.12 118.06 118.12 118.31 117.97 118.06 118.06 117.91 117.95 117.96 117.88 117.96 117.97 117.93 117.84 117.96 117.70 117.58 117.70 117.68 117.60 117.51 117.45 117.36 117.26 117.30 117.16 117.18 117.20 117.21 117.06 117.16 117.17 117.04 117.04 117.06 117.08 117.03 117.19 117.25 117.31 117.42 117.50 117.61 117.77 117.86 117.99 118.10 118.17 118.19 118.18 118.27 118.31 118.35 118.40 118.47 118.49 118.48 118.56 118.59 118.65 118.80 118.75 118.79 118.84 118.96 118.91 118.97 118.97 118.97 119.03 118.98 118.93 118.95 119.00 118.96 118.91 118.86 118.85 118.81 118.74 118.67 118.64 118.59 118.56 118.51 118.39 118.27 118.18 118.22 118.23 118.12 118.10 118.03 118.00 117.96 117.90 117.81 117.74 117.70 117.66 117.71 117.73 117.69 117.62 117.63 117.60 117.65 117.56 117.53 117.53 117.45 117.51 117.43 117.40 117.30 117.38 117.24 117.34 117.31 117.20 117.21 117.20 117.19 117.19 117.14 117.08 117.04 117.07 117.02 117.00 116.92 116.95 116.91 116.88 116.85 116.83 116.78 116.78 116.84 116.89 116.96 117.02 117.11 117.14 117.25 117.24 117.34 117.34 117.34 117.38 117.49 117.46 117.61 117.69 117.75 117.78 117.82 117.74 117.87 117.89 117.91 117.98 117.96 118.00 117.87 118.04 118.03 118.00 117.92 118.05 118.07 118.10 118.19 118.03 118.11 118.08
118.38 118.44 118.44 118.37 118.29 118.44 118.46 118.39 118.38 118.42 118.48 118.36 118.36 118.23 118.46 118.27 118.22 118.17 118.08 118.06 118.09 117.81 117.81 117.88 117.76 117.87 117.74 118.14 117.91 117.79 117.86 117.68 117.61 117.55 117.45 117.53 117.44 117.47 117.51 117.60 117.65 117.72 117.76 117.80 117.90 117.96 118.01 118.06 118.12 118.19 118.29 118.43 118.39 118.41 118.42 118.42 118.39 118.39 118.35 118.43 118.49 118.55 118.60 118.61 118.67 118.76 118.81 118.80 118.81 118.86 118.97 119.04 119.04 118.95 119.03 119.05 119.06 118.98 118.93 118.83 118.85 118.80 118.74 118.69 118.71 118.68 118.62 118.55 118.48 118.47 118.37 118.18 118.17 118.17 118.14 118.00 118.02 118.00 117.94 117.95 117.89 117.87 117.82 117.67 117.76 117.76 117.67 117.63 117.62 117.55 117.61 117.62 117.66 117.64 117.58 117.63 117.64 117.55 117.44 117.38 117.43 117.50 117.47 117.36 117.34 117.31 117.27 117.32 117.22 117.21 117.18 117.15 117.18 117.12 117.16 117.12 117.09 117.05 117.04 117.06 117.10 117.14 117.17 117.19 117.22 117.26 117.29 117.32 117.38 117.42 117.40 117.49 117.49 117.55 117.55 117.56 117.71 117.77 117.81 117.79 117.94 117.93 117.89 118.00 118.09 118.15 118.07 118.15 118.24 118.28 117.76 118.93 117.95 116.86 118.21 118.27 118.41 118.36 118.19 118.30
118.55 118.67 118.59 118.64 118.63 118.75 118.57 118.66 118.68 118.66 118.70 118.59 118.61 118.71 118.59 118.64 118.62 118.38 118.47 118.50 118.42 118.52 118.56 118.64 118.45 118.23 118.27 118.27 117.97 118.06 118.08 118.00 118.15 118.20 118.28 118.08 118.01 118.03 117.91 118.05 118.03 118.08 118.19 118.17 118.18 118.11 118.21 118.27 118.31 118.43 118.49 118.51 118.52 118.54 118.56 118.70 118.56 118.56 118.60 118.64 118.73 118.79 118.84 118.86 118.87 118.86 118.84 118.87 118.92 118.84 118.98 119.00 119.00 119.01 118.99 119.03 118.97 118.96 118.86 118.89 118.81 118.80 118.73 118.87 118.67 118.58 118.51 118.44 118.42 118.42 118.33 118.30 118.25 118.17 118.17 118.13 118.22 118.01 117.95 117.91 117.88 117.87 117.85 117.79 117.80 117.81 117.81 117.76 117.69 117.76 117.71 117.66 117.72 117.71 117.69 117.66 117.63 117.66 117.56 117.57 117.56 117.53 117.46 117.58 117.58 117.54 117.43 117.41 117.42 117.33 117.42 117.39 117.41 117.37 117.29 117.33 117.30 117.31 117.31 117.32 117.31 117.39 117.41 117.29 117.38 117.44 117.51 117.53 117.49 117.51 117.56 117.63 117.66 117.69 117.74 117.75 117.79 117.90 117.95 118.00 118.01 118.10 118.11 118.20 118.24 118.23 118.23 118.28 118.33 118.39 118.39 118.45 118.38 118.64 118.65 118.68 118.67 118.66 118.61 118.51
118.84 118.69 118.41 118.26 118.43 118.75 118.63 118.17 118.20 118.66 118.76 118.75 118.78 118.72 118.70 118.49 118.12 118.15 118.04 118.43 118.18 118.30 118.74 119.05 118.56 118.36 118.34 118.49 118.41 118.38 118.36 118.35 118.40 118.29 117.91 118.26 118.14 118.24 118.20 118.15 118.34 118.30 118.21 118.21 118.31 118.40 118.44 118.49 118.53 118.56 118.59 118.63 118.49 118.71 118.75 118.80 118.84 118.84 118.85 118.87 118.91 118.18 118.22 118.68 118.83 118.82 118.82 118.86 118.79 118.79 118.87 118.90 118.90 118.91 118.87 118.88 118.85 118.86 118.90 118.87 118.82 118.70 118.69 118.65 118.64 118.56 118.42 118.39 118.47 118.41 118.41 118.35 118.26 118.15 118.13 118.16 118.16 118.13 118.07 118.02 117.99 117.99 117.93 118.01 117.91 117.89 117.88 117.86 117.85 117.84 117.83 117.80 117.75 117.68 117.68 117.67 117.73 117.64 117.65 117.55 117.59 117.63 117.65 117.66 117.66 117.68 117.64 117.62 117.58 117.53 117.58 117.52 117.49 117.42 117.11 117.37 117.48 117.50 117.54 117.53 117.49 117.51 117.52 117.53 117.55 117.54 117.61 117.58 117.62 117.57 117.66 117.73 117.73 117.78 117.84 117.87 117.92 117.94 117.90 117.99 118.02 118.10 118.20 118.27 118.29 118.30 118.35 118.44 118.44 118.40 118.49 118.41 118.46 118.54 118.51 118.73 118.84 118.80 118.71 118.78
118.57 118.42 118.42 118.53 118.56 118.50 118.44 118.43 118.46 118.43 118.44 118.24 118.52 118.46 118.48 118.57 118.56 118.60 118.59 118.52 118.49 118.60 118.56 118.58 118.63 118.66 118.57 118.31 118.38 118.25 118.31 118.36 118.39 118.39 118.33 118.40 118.35 118.46 118.45 118.44 118.46 118.49 118.49 118.44 118.37 118.41 118.45 118.50 118.54 118.63 118.71 118.67 118.71 118.76 118.82 118.84 118.80 118.86 118.94 118.94 118.99 119.02 119.01 119.03 118.99 119.00 119.07 119.02 118.93 118.88 118.82 118.80 118.72 118.75 118.76 118.59 118.54 118.59 118.70 118.71 118.59 118.65 118.47 117.92 118.25 118.59 117.28 117.51 118.28 116.79 117.29 117.89 117.53 117.06 117.72 116.87 117.03 117.80 117.48 117.08 117.21 117.32 117.46 117.91 117.95 117.86 117.92 117.93 117.94 117.91 117.89 117.88 117.87 117.85 117.79 117.81 117.79 117.78 117.76 117.53 118.13 117.51 117.73 117.70 117.67 117.72 117.69 117.66 117.67 117.69 117.70 117.71 117.69 117.71 117.71 117.72 117.74 117.74 117.70 117.73 117.71 117.67 117.61 117.64 117.67 117.58 117.49 117.52 117.59 117.66 117.71 117.68 117.79 117.85 117.86 117.95 117.92 118.00 117.99 118.00 118.05 118.14 118.17 118.26 118.28 118.34 118.31 118.30 118.35 118.49 118.48 118.51 118.51 118.56 118.58 118.52 118.50 118.65 118.65 118.61
117.58 117.60 117.63 117.69 117.62 117.62 117.65 117.62 117.63 117.65 117.67 117.69 117.71 117.73 117.76 117.78 117.78 117.81 117.80 117.82 117.82 117.84 117.86 117.90 117.94 118.01 118.10 118.21 118.20 118.28 118.39 118.29 118.30 118.49 117.93 117.92 117.72 118.03 117.35 117.51 117.76 117.89 118.39 118.40 118.43 118.51 118.60 118.56 118.36 118.30 117.69 117.62 117.43 117.69 118.28 117.86 117.76 117.75 117.77 117.90 118.60 118.38 118.44 118.44 118.52 118.59 118.70 118.32 118.15 117.83 117.86 117.88 117.34 117.64 117.41 117.06 116.82 117.05 116.78 116.53 116.48 116.14 116.20 116.01 116.01 116.09 115.82 115.79 115.81 115.70 115.78 115.92 115.61 115.61 115.93 115.68 115.72 115.51 115.51 115.55 115.92 116.03 116.01 116.01 116.05 116.15 115.76 116.69 116.79 117.57 117.51 116.80 117.09 117.79 117.41 117.52 117.20 117.34 117.64 116.97 117.03 116.94 117.05 117.10 117.41 117.80 117.22 117.33 117.33 117.33 117.42 117.39 117.40 117.44 117.46 117.49 117.60 117.72 117.83 117.83 117.84 117.84 117.85 117.82 117.84 117.78 117.80 117.83 117.86 117.93 117.94 117.98 118.00 118.03 118.02 118.01 118.02 118.06 118.08 118.03 118.05 118.08 118.12 118.12 118.12 118.11 118.08 118.05 118.04 117.94 117.84 117.86 117.85 117.83 117.81 117.74 117.68 117.62 117.61 117.59
117.19 117.19 117.19 117.18 117.18 117.16 117.18 117.19 117.20 117.21 117.24 117.27 117.28 117.31 117.32 117.37 117.41 117.41 117.49 117.49 117.53 117.53 117.53 117.51 117.50 117.43 117.60 117.55 117.48 116.82 116.68 116.46 116.77 116.90 116.47 116.71 116.41 116.45 116.47 116.36 116.21 116.37 116.11 115.97 115.98 116.18 116.16 116.10 116.20 116.28 116.43 116.58 116.88 117.01 116.57 116.71 116.48 116.33 116.31 116.49 116.34 117.13 117.02 117.93 118.11 118.33 118.50 118.63 118.61 118.26 117.95 117.57 117.24 117.00 116.89 116.65 116.52 116.38 116.28 116.22 116.16 116.08 116.02 115.97 115.89 115.82 115.78 115.72 115.69 115.69 115.69 115.68 115.67 115.64 115.60 115.57 115.54 115.51 115.49 115.47 115.46 115.43 115.40 115.38 115.36 115.34 115.34 115.32 115.34 115.45 115.61 115.83 115.77 115.85 115.65 115.82 116.06 116.13 115.98 115.84 115.77 115.82 116.13 115.92 116.01 115.86 115.99 116.04 115.93 116.01 115.83 115.88 116.02 116.25 116.15 116.12 116.18 115.99 116.09 116.12 116.29 116.67 116.77 116.91 117.41 117.36 117.71 117.92 117.96 117.93 117.90 117.88 117.88 117.89 117.96 117.99 117.97 117.96 117.88 117.84 117.82 117.81 117.77 117.74 117.70 117.67 117.62 117.58 117.56 117.53 117.48 117.47 117.43 117.40 117.38 117.34 117.28 117.23 117.21 117.20
117.52 117.36 117.50 117.66 117.74 117.99 116.55 116.40 116.69 116.89 116.23 116.61 116.38 116.26 116.41 116.64 115.85 115.63 115.60 115.61 115.62 115.87 116.44 116.09 116.11 116.26 116.65 116.35 116.30 116.57 116.49 115.45 115.53 115.89 115.56 115.45 115.43 115.42 115.45 115.49 115.48 115.60 115.52 115.45 115.49 115.42 115.37 115.39 115.38 115.51 115.51 115.47 115.55 115.78 115.78 115.64 115.66 115.70 115.78 115.87 115.91 115.79 115.94 115.83 115.78 115.78 116.09 116.10 116.54 116.78 116.94 117.28 117.03 117.00 116.96 117.11 117.29 117.49 117.57 117.61 117.70 117.75 117.32 116.88 116.42 116.36 116.42 116.51 116.64 116.93 117.41 117.39 115.96 115.73 115.72 115.81 115.74 115.68 115.55 115.49 115.46 115.53 115.44 115.40 115.38 115.36 115.33 115.32 115.31 115.29 115.28 115.28 115.28 115.29 115.30 115.31 115.33 115.34 115.34 115.33 115.35 115.38 115.39 115.37 115.36 115.36 115.36 115.37 115.37 115.36 115.37 115.36 115.36 115.37 115.40 115.40 115.47 115.47 115.45 115.66 115.43 115.44 115.43 115.81 115.84 115.87 116.00 116.35 116.00 115.77 115.94 115.79 116.15 116.25 116.52 116.78 116.25 116.51 116.71 116.82 116.77 116.47 116.62 117.11 116.93 116.99 117.25 117.72 117.46 117.80 117.49 117.24 117.08 116.91 117.09 117.32 117.45 117.09 117.14 117.23
115.19 115.27 115.23 115.25 115.30 115.29 115.28 115.30 115.18 115.15 115.15 115.15 115.16 115.18 115.17 115.15 115.14 115.15 115.14 115.14 115.15 115.22 115.23 115.14 115.13 115.13 115.14 115.14 115.14 115.15 115.15 115.14 115.14 115.16 115.15 115.14 115.14 115.13 115.13 115.13 115.13 115.13 115.14 115.13 115.13 115.14 115.14 115.14 115.14 115.14 115.14 115.14 115.14 115.14 115.14 115.16 115.17 115.21 115.24 115.23 115.16 115.15 115.14 115.14 115.14 115.14 115.14 115.14 115.14 115.14 115.26 115.56 115.62 115.49 115.42 115.39 115.42 115.35 115.33 115.40 115.29 115.25 115.23 115.22 115.26 115.22 115.25 115.34 115.27 115.32 115.22 115.21 115.25 115.20 115.15 115.15 115.15 115.15 115.18 115.17 115.15 115.14 115.14 115.16 115.18 115.14 115.14 115.13 115.13 115.13 115.13 115.13 115.13 115.14 115.14 115.14 115.13 115.14 115.14 115.17 115.14 115.15 115.15 115.16 115.22 115.24 115.14 115.14 115.15 115.15 115.18 115.14 115.14 115.15 115.15 115.15 115.15 115.16 115.20 115.20 115.19 115.20 115.22 115.19 115.22 115.21 115.19 115.17 115.14 115.13 115.14 115.14 115.15 115.14 115.13 115.14 115.14 115.22 115.16 115.20 115.15 115.24 115.23 115.31 115.30 115.31 115.28 115.31 115.33 115.33 115.28 115.33 115.37 115.34 115.34 115.33 115.29 115.36 115.42 115.28
115.15 115.16 115.16 115.16 115.16 115.17 115.17 115.17 115.17 115.17 115.17 115.17 115.17 115.17 115.17 115.18 115.18 115.18 115.18 115.18 115.18 115.18 115.18 115.18 115.18 115.18 115.18 115.19 115.19 115.19 115.19 115.20 115.20 115.20 115.20 115.20 115.20 115.20 115.20 115.21 115.21 115.21 115.21 115.21 115.21 115.21 115.21 115.21 115.21 115.21 115.20 115.20 115.20 115.19 115.19 115.19 115.18 115.18 115.18 115.18 115.18 115.18 115.17 115.17 115.17 115.17 115.17 115.17 115.17 115.17 115.16 115.16 115.16 115.16 115.16 115.16 115.16 115.16 115.15 115.15 115.15 115.15 115.15 115.15 115.15 115.15 115.15 115.15 115.15 115.15 115.15 115.15 115.15 115.15 115.15 115.15 115.15 115.15 115.15 115.14 115.15 115.15 115.15 115.15 115.15 115.16 115.16 115.16 115.16 115.16 115.16 115.17 115.17 115.17 115.17 115.17 115.17 115.17 115.17 115.17 115.17 115.17 115.17 115.17 115.17 115.17 115.17 115.18 115.18 115.18 115.18 115.18 115.18 115.18 115.19 115.19 115.19 115.19 115.20 115.20 115.20 115.20 115.20 115.20 115.20 115.20 115.20 115.20 115.20 115.20 115.19 115.19 115.19 115.19 115.18 115.18 115.18 115.17 115.18 115.18 115.18 115.18 115.18 115.18 115.18 115.18 115.18 115.18 115.17 115.17 115.17 115.17 115.17 115.17 115.16 115.16 115.16 115.16 115.16 115.16
