East longitude (degrees): -179:2:179
North latitude (degrees): -89:2:89

Absorbed dose on Martian Surface (1E-6 Gy/day), 2D array where Absorbed dose(i,j)= value at latitude(i) and longitude(j).
139.87 139.92 139.97 139.98 139.98 139.97 139.97 139.99 140.03 140.07 140.23 140.29 140.26 140.32 140.52 140.62 140.67 140.75 140.77 140.65 140.58 140.73 140.76 140.71 140.66 140.63 140.57 140.59 140.68 140.65 140.74 140.85 140.79 140.72 140.83 140.74 140.65 140.58 140.50 140.45 140.40 140.32 140.26 140.23 140.21 140.21 140.20 140.20 140.19 140.17 140.15 140.14 140.11 140.09 140.09 140.09 140.01 139.98 139.95 139.95 139.92 139.90 139.89 139.85 139.87 139.91 139.92 139.80 139.74 139.75 139.68 139.66 139.66 139.66 139.62 139.59 139.57 139.56 139.54 139.55 139.53 139.54 139.54 139.52 139.54 139.55 139.54 139.53 139.52 139.53 139.55 139.58 139.60 139.61 139.62 139.63 139.62 139.63 139.65 139.66 139.64 139.63 139.62 139.61 139.63 139.64 139.65 139.66 139.67 139.68 139.69 139.67 139.64 139.66 139.71 139.74 139.73 139.73 139.74 139.76 139.78 139.79 139.81 139.84 139.87 139.91 139.91 139.94 139.97 139.99 140.01 140.02 140.03 140.05 140.06 140.09 140.10 140.10 140.10 140.10 140.05 140.06 140.03 139.99 140.01 140.00 139.99 139.97 139.93 139.90 139.89 139.88 139.88 139.83 139.81 139.79 139.78 139.76 139.76 139.77 139.76 139.76 139.76 139.74 139.74 139.74 139.75 139.75 139.76 139.76 139.77 139.78 139.78 139.79 139.79 139.82 139.84 139.85 139.86 139.88
141.95 142.01 142.02 142.14 142.11 142.19 142.10 142.09 142.07 141.98 141.98 141.97 141.86 141.73 141.66 141.64 141.66 141.67 141.67 141.62 141.62 141.68 141.82 141.86 141.84 141.79 141.80 141.70 141.79 141.63 141.87 141.89 141.73 141.71 141.70 141.68 141.63 141.57 141.62 141.63 141.59 141.64 141.60 141.57 141.53 141.50 141.49 141.42 141.37 141.31 141.17 141.33 141.13 140.85 140.88 140.81 140.68 140.54 140.47 140.44 140.61 140.07 140.13 139.85 139.78 139.76 139.71 139.68 139.66 139.63 139.53 139.46 139.53 139.51 139.22 139.16 139.08 138.98 138.94 139.11 138.78 138.58 138.56 138.46 138.43 138.43 138.46 138.48 138.52 138.55 138.59 138.61 138.64 138.65 138.66 139.10 138.99 139.19 139.06 139.31 139.31 139.31 139.40 139.41 139.46 139.55 139.62 139.80 139.90 139.97 139.82 139.81 139.85 139.87 139.90 139.89 139.95 139.99 140.07 140.07 140.15 140.21 140.23 140.29 140.37 140.36 140.38 140.46 140.54 140.52 140.60 140.61 140.63 140.70 140.84 141.00 141.11 141.27 141.19 140.99 140.83 140.78 140.74 140.70 140.64 140.63 140.58 140.31 140.27 140.25 140.25 140.26 140.30 140.30 140.29 140.31 140.38 140.50 140.60 140.60 140.69 140.77 140.88 140.92 141.06 141.16 141.26 141.30 141.44 141.47 141.64 141.63 141.66 141.65 141.74 141.65 141.41 141.56 141.94 142.16
141.37 141.37 141.37 141.37 141.39 141.38 141.41 141.46 141.46 141.46 141.46 141.47 141.48 141.55 141.47 141.40 141.41 141.52 141.51 141.52 141.52 141.54 141.58 141.60 141.58 141.59 141.64 141.75 141.82 141.97 142.30 142.34 142.32 142.32 142.35 142.18 142.36 142.24 142.20 142.17 142.39 142.65 142.59 142.60 142.40 142.35 142.25 142.15 142.07 141.98 142.01 141.90 141.88 141.85 142.09 142.17 141.88 141.70 141.76 142.12 141.97 141.03 140.88 140.92 141.05 141.14 140.98 141.08 141.07 140.64 140.76 140.62 140.30 140.21 140.27 140.00 140.34 140.62 140.90 140.51 140.32 140.23 140.29 140.29 140.39 140.23 140.16 140.01 140.00 140.13 140.00 140.04 140.18 140.16 140.17 140.17 140.19 140.25 140.31 140.44 140.41 140.54 140.85 141.16 141.09 141.04 141.02 141.05 141.01 141.08 141.18 141.25 141.31 141.39 141.16 141.22 141.34 141.36 141.28 141.18 141.17 141.21 141.25 141.36 141.47 141.56 141.57 141.50 141.51 141.45 141.40 141.37 141.33 141.35 141.39 141.52 142.11 143.15 143.47 143.26 142.71 142.42 142.28 142.32 141.84 141.59 141.48 141.36 141.41 141.48 141.35 141.37 141.42 141.57 141.74 141.82 141.86 141.89 141.86 141.87 141.86 141.68 141.51 141.44 141.42 141.52 141.58 141.65 141.78 141.97 141.73 141.78 141.73 141.66 141.59 141.56 141.55 141.55 141.43 141.38
141.43 141.45 141.47 141.49 141.49 141.50 141.52 141.54 141.56 141.58 141.61 141.64 141.67 141.69 141.68 141.69 141.70 141.74 141.77 141.80 141.83 141.87 141.91 141.95 142.00 142.06 142.11 142.17 142.27 142.40 142.34 142.19 142.18 142.13 142.24 142.35 142.32 142.27 142.34 142.41 142.16 142.15 142.16 142.17 142.19 142.22 142.20 142.69 142.80 142.89 142.81 142.84 142.76 142.76 142.77 142.74 142.69 142.95 143.05 143.06 142.67 142.98 142.89 142.79 143.09 142.85 142.87 142.84 143.18 142.89 143.13 143.33 143.47 143.48 143.34 143.23 143.26 143.25 143.23 143.29 143.26 143.23 143.08 143.11 143.12 143.04 142.98 142.95 142.99 142.98 142.73 142.73 142.83 143.14 142.77 142.68 142.58 142.53 142.57 142.44 142.65 142.14 142.31 142.05 142.46 142.70 142.76 142.53 142.43 142.45 142.49 142.62 142.88 142.97 143.05 143.00 142.65 142.67 142.59 142.56 142.48 142.46 142.16 142.07 142.14 142.19 142.19 142.04 142.03 142.18 142.12 142.14 142.32 142.34 142.55 143.08 143.71 143.66 143.69 143.68 143.68 142.69 142.55 142.59 142.55 142.67 142.63 142.55 142.52 142.51 142.45 142.33 142.21 142.15 142.10 141.96 141.91 141.97 142.29 142.65 143.09 143.30 142.81 142.30 141.58 141.58 141.25 141.17 141.14 141.17 141.34 141.57 142.03 141.99 141.68 141.46 141.38 141.35 141.37 141.40
141.77 141.85 141.85 142.00 141.74 141.82 141.86 141.91 141.97 142.03 142.09 142.17 142.34 142.38 142.17 142.17 142.21 142.28 142.31 142.34 142.38 142.43 142.45 142.48 142.52 142.57 142.64 142.67 142.70 142.74 142.78 142.93 142.91 142.94 143.05 143.00 142.80 142.83 142.81 142.84 143.00 142.85 142.55 142.59 142.42 142.30 142.36 142.55 142.60 142.51 142.67 142.60 142.82 143.53 143.20 143.38 143.63 143.28 143.64 143.59 143.35 143.45 143.50 143.48 143.50 143.48 143.53 143.53 143.47 143.40 143.48 143.34 143.19 143.21 143.23 143.25 143.21 143.22 143.18 143.19 143.49 143.11 142.96 142.92 142.89 142.91 142.89 142.90 142.87 142.86 142.84 142.86 142.75 142.58 142.38 142.08 141.40 140.67 141.56 141.69 142.20 142.54 142.49 142.62 142.91 143.10 143.22 143.41 143.38 143.28 143.08 143.34 143.45 143.56 143.55 143.61 143.64 143.69 143.67 143.66 143.65 143.67 143.63 143.58 143.56 143.55 143.29 143.31 143.37 143.43 143.49 143.64 143.69 143.76 143.79 143.78 143.77 143.30 142.56 142.37 142.31 142.24 142.20 142.37 142.44 142.45 142.38 142.52 142.61 142.70 142.83 142.90 142.99 142.79 142.90 143.12 143.26 142.96 142.85 142.88 143.25 143.01 142.78 142.79 142.91 142.83 143.24 142.62 141.83 141.53 141.58 141.74 141.87 142.08 142.37 141.69 141.82 141.82 141.61 141.68
142.16 142.21 142.22 142.34 142.32 142.28 142.28 142.32 142.33 142.53 142.39 142.48 142.54 142.57 142.66 142.81 142.74 142.92 142.64 142.82 142.71 142.74 142.71 143.12 143.47 142.59 143.00 143.40 143.29 143.38 143.32 143.32 143.30 143.31 143.35 143.37 143.38 143.36 143.28 143.25 143.25 143.03 143.52 143.60 142.80 142.97 142.96 142.84 142.80 143.00 143.15 143.04 143.57 143.50 143.56 143.69 143.84 142.88 143.43 143.02 143.64 143.45 142.92 143.32 143.35 143.60 143.63 143.59 143.57 143.54 143.51 143.53 143.52 143.53 143.51 143.49 143.51 143.54 143.51 143.34 143.41 143.54 143.34 143.31 143.32 143.48 143.20 143.36 143.23 143.25 143.30 143.19 143.12 142.85 142.05 142.05 141.62 142.12 142.67 142.96 142.89 143.13 143.18 143.25 143.32 143.50 143.35 143.44 143.23 143.45 143.11 143.36 143.22 143.22 142.91 142.82 143.45 143.57 143.76 143.79 143.82 143.82 143.83 143.82 143.84 143.83 143.80 143.83 143.82 143.84 143.81 143.80 143.84 143.84 143.84 143.85 143.88 143.89 143.86 143.86 143.86 143.88 143.67 143.38 143.53 143.05 142.60 142.59 142.58 142.49 142.56 142.67 143.03 143.81 143.76 143.12 142.93 143.42 142.33 142.35 142.95 142.41 142.11 141.97 141.90 142.01 141.84 142.24 141.96 141.92 141.94 142.00 142.12 141.80 141.71 141.84 141.94 142.05 142.06 142.08
142.97 142.70 142.65 142.62 142.53 142.78 142.74 143.07 143.03 143.07 143.05 143.09 143.36 143.19 143.15 143.21 143.30 143.31 143.39 143.24 143.18 143.22 143.18 143.26 143.21 143.32 143.47 143.54 143.42 143.51 143.48 143.50 143.50 143.49 143.49 143.50 143.48 143.50 143.48 143.48 143.47 143.48 143.42 143.31 143.25 143.06 142.58 143.17 142.48 142.73 143.38 143.26 143.13 142.68 142.87 143.07 143.21 143.15 143.29 143.28 143.51 143.63 143.49 143.56 143.69 143.72 143.71 143.74 143.74 143.71 143.69 143.68 143.64 143.65 143.63 143.63 143.62 143.56 143.40 143.41 143.36 143.25 143.21 143.08 143.28 143.42 143.32 143.35 143.19 143.29 143.29 143.24 142.92 142.77 142.64 142.49 141.99 141.60 142.76 143.62 143.86 143.91 143.88 143.21 143.44 143.34 143.36 143.49 143.27 143.53 143.32 143.26 143.23 143.53 143.78 143.68 143.28 143.17 142.81 142.60 142.50 142.12 141.98 142.52 142.99 143.44 143.69 143.68 143.62 143.48 143.02 143.39 143.45 143.12 143.58 143.70 143.87 143.82 143.64 143.52 143.35 143.37 143.15 143.46 143.90 143.87 143.79 143.72 143.13 143.18 143.27 142.57 143.19 143.48 143.46 142.73 142.38 142.46 142.22 142.26 142.34 142.18 142.18 142.43 142.31 142.26 142.38 142.47 142.51 142.48 142.37 142.47 142.69 142.37 142.39 142.44 142.63 142.79 142.88 142.70
143.21 143.29 143.09 143.21 143.03 143.03 143.12 143.56 143.32 143.26 143.89 143.92 143.40 143.56 143.55 143.63 143.47 143.55 143.54 143.40 143.40 143.56 143.58 143.68 143.58 143.63 143.65 143.67 143.65 143.62 143.62 143.61 143.63 143.59 143.24 143.54 143.55 143.54 143.52 143.52 143.48 143.44 143.44 143.45 143.48 143.53 143.47 143.39 143.23 143.13 143.19 142.74 142.62 142.97 143.42 143.50 143.47 143.69 143.79 143.81 143.83 143.82 143.80 143.77 143.76 143.76 143.75 143.62 143.72 143.65 143.58 143.47 143.44 143.31 143.26 143.33 143.28 143.42 143.30 143.31 143.37 143.39 143.45 143.33 143.58 143.40 143.41 143.52 143.40 143.40 143.32 143.07 142.96 143.22 143.34 143.37 143.38 143.39 143.44 143.34 143.21 143.30 143.29 143.26 143.50 143.55 143.55 143.41 143.41 143.32 143.24 143.09 142.66 142.78 142.98 142.47 142.86 142.73 142.53 142.69 142.46 142.40 143.08 143.34 143.18 142.89 143.79 142.83 143.02 143.03 143.14 143.49 143.43 143.37 143.31 143.12 143.37 142.51 142.13 141.69 141.62 142.32 143.96 143.90 143.94 143.18 143.66 143.15 143.73 143.91 143.86 143.82 143.79 143.80 143.82 143.04 141.99 141.93 141.91 141.92 141.89 142.06 142.71 142.60 142.76 142.18 142.25 142.44 142.51 142.51 142.59 142.60 142.64 142.88 142.89 142.95 143.06 143.00 143.05 143.10
143.90 143.22 143.69 143.67 143.62 143.39 143.79 143.68 143.71 143.69 143.40 143.15 143.44 143.36 143.57 143.69 143.66 143.66 143.61 143.52 143.40 143.10 143.80 142.91 143.14 143.73 143.60 143.58 143.60 143.64 143.65 143.64 143.67 143.44 143.37 143.11 143.31 143.59 143.51 143.55 143.54 143.57 143.50 143.54 143.56 143.56 143.56 143.37 143.68 143.93 143.94 143.91 143.92 143.34 143.74 143.76 143.86 143.88 143.89 143.90 143.91 143.90 143.87 143.83 143.85 143.64 143.73 143.84 143.85 143.86 143.83 143.67 143.51 143.58 143.50 143.44 143.38 143.48 143.63 143.36 143.37 143.38 143.42 143.65 143.54 143.70 143.76 143.73 143.67 143.70 143.50 143.47 143.19 143.49 143.48 143.56 143.67 143.69 143.69 143.68 143.70 143.70 143.75 143.72 143.67 143.63 143.72 143.39 143.33 143.21 142.79 142.46 142.69 143.11 143.46 143.23 143.40 143.30 143.39 143.08 143.22 142.88 142.69 142.60 142.90 142.86 143.18 143.21 143.45 143.42 143.39 143.47 143.50 143.58 143.65 143.66 143.65 143.71 143.49 143.19 143.47 142.31 142.51 143.10 143.18 143.20 143.27 143.39 143.45 143.65 143.58 142.80 143.42 143.82 143.94 143.96 143.64 142.86 142.03 142.47 142.21 142.53 143.00 143.01 142.41 142.70 143.10 143.24 143.10 143.40 143.88 143.79 143.53 143.43 143.44 143.39 143.51 143.36 143.39 143.80
143.85 143.89 143.93 143.94 143.96 143.98 143.97 143.97 143.98 143.98 143.98 143.80 143.33 143.06 142.44 142.46 143.12 143.26 143.83 143.46 143.48 143.36 143.18 143.25 143.81 143.58 143.69 143.70 143.63 143.46 143.53 143.44 143.43 143.57 143.52 143.49 143.42 143.65 143.54 143.55 143.64 143.51 143.61 143.55 143.59 143.61 143.39 143.23 143.28 143.68 143.86 143.81 143.74 143.24 143.83 143.90 143.92 143.94 143.92 143.93 143.95 143.82 143.75 143.81 143.88 143.91 143.86 143.86 143.87 143.31 143.53 143.67 143.57 143.68 143.48 143.57 143.48 143.12 142.94 142.81 142.70 143.49 143.54 143.54 143.67 143.69 143.77 143.66 143.79 143.73 143.91 143.90 143.72 143.78 143.77 143.66 143.61 143.10 143.59 143.79 143.84 143.71 143.74 143.74 143.73 143.76 143.52 142.76 143.03 143.33 143.37 143.45 143.46 143.58 143.60 143.53 143.70 143.58 143.67 143.72 143.67 143.79 143.81 143.70 143.57 143.57 143.08 143.29 143.97 143.97 143.47 143.60 143.42 142.29 143.14 143.34 143.43 142.98 142.77 143.08 143.15 142.85 143.48 143.72 143.86 143.87 143.85 143.68 143.67 143.73 143.91 143.88 143.95 143.85 143.89 143.79 143.84 143.95 143.81 143.80 143.89 143.86 143.74 143.91 143.97 143.96 143.96 143.91 143.84 143.88 143.87 143.96 143.93 143.94 143.69 143.68 143.72 143.75 143.53 143.69
143.50 143.57 143.79 143.89 143.67 143.71 143.76 143.98 143.95 143.96 143.97 143.95 143.75 143.76 143.44 143.41 142.75 142.93 143.17 143.63 143.84 143.71 143.42 143.20 143.33 143.66 143.64 143.73 143.48 143.62 143.18 143.25 143.16 143.40 143.43 143.50 143.68 143.70 143.76 143.75 143.76 143.75 143.73 143.76 143.77 143.67 143.63 143.81 143.82 143.80 143.82 143.89 143.89 143.93 143.93 143.91 143.93 143.94 143.86 143.86 143.76 143.93 143.92 143.95 143.93 143.81 143.46 143.49 143.55 143.56 143.52 143.55 143.59 143.74 143.80 143.89 143.73 143.46 143.02 143.27 143.39 143.67 143.58 143.41 143.43 143.26 143.32 143.28 143.50 143.69 143.70 143.79 142.99 143.81 143.85 143.80 143.87 143.87 143.87 143.88 143.86 143.85 143.88 143.84 143.71 143.48 142.92 143.76 143.86 143.81 143.71 143.59 143.65 143.56 143.66 143.30 143.24 143.65 143.87 143.94 143.98 143.96 143.96 143.98 143.98 143.96 143.82 143.62 143.42 143.44 143.67 143.67 143.65 143.48 143.89 143.24 142.38 142.76 142.80 143.01 143.19 143.18 142.84 142.95 143.39 143.72 143.78 143.61 143.82 143.90 143.90 143.94 143.71 142.19 143.89 143.89 143.95 142.73 143.88 143.93 143.95 143.98 143.98 143.97 143.88 143.75 143.59 143.56 143.07 142.83 143.63 143.84 143.91 143.82 143.74 143.64 143.57 143.49 143.65 143.63
143.80 143.47 143.27 143.79 143.82 143.86 143.87 143.79 143.96 143.94 143.93 143.93 143.97 143.93 143.91 143.78 143.58 143.23 143.15 142.90 142.88 142.59 142.94 142.97 143.30 143.27 143.16 143.07 143.31 142.83 142.84 142.79 143.15 143.89 143.28 143.48 143.49 143.58 143.75 143.76 143.81 143.81 143.78 143.79 143.80 143.82 143.80 143.85 143.85 143.82 143.84 143.88 143.90 143.90 143.86 143.92 143.96 143.93 143.95 143.92 143.64 143.85 143.95 143.95 143.83 143.63 143.13 143.14 143.74 143.59 143.69 143.72 143.76 143.86 143.93 143.76 143.54 143.11 143.16 142.91 143.19 143.22 143.43 143.48 143.70 143.64 143.72 143.74 143.72 143.73 143.76 143.85 143.81 143.88 143.86 143.91 143.86 143.83 143.80 143.75 143.70 143.26 143.08 143.11 142.79 143.27 143.96 143.88 143.91 143.92 143.95 143.78 143.80 143.58 143.68 143.62 143.84 143.85 143.97 143.98 143.97 143.97 143.98 143.98 143.96 143.97 143.96 143.94 143.93 143.95 143.58 143.10 143.56 143.68 143.14 143.02 142.92 142.54 143.03 142.32 142.59 142.96 142.98 143.60 143.51 143.46 143.04 143.32 143.66 143.84 143.95 143.79 143.90 143.95 143.97 143.98 143.98 143.79 143.88 143.93 143.94 143.96 143.92 143.83 143.93 143.91 143.92 143.91 143.87 143.65 143.94 143.86 143.83 143.72 143.38 143.66 143.29 143.29 143.34 143.70
143.63 143.32 143.04 143.41 143.44 143.92 143.80 143.79 143.95 143.95 143.96 143.92 143.92 143.92 143.95 143.98 143.98 143.95 143.95 143.82 143.50 143.40 143.45 143.28 143.54 143.50 143.22 143.49 143.53 143.25 143.05 143.32 143.12 143.34 143.49 143.59 143.61 143.65 143.66 143.78 143.81 143.86 143.87 143.87 143.90 143.91 143.90 143.89 143.90 143.89 143.84 143.79 143.74 143.78 143.87 143.92 143.92 143.93 143.88 143.29 143.46 143.97 143.98 143.89 143.87 143.84 143.53 143.42 143.76 143.73 143.83 143.80 143.85 143.91 143.97 143.92 143.71 143.61 143.32 143.04 143.08 143.35 143.82 143.60 143.73 143.75 143.75 143.70 143.54 143.78 143.79 143.81 143.79 143.87 143.74 143.87 143.95 143.92 143.79 143.84 143.71 143.73 143.65 143.57 143.26 143.51 143.39 143.56 143.61 143.53 143.52 143.41 143.50 143.72 143.94 143.89 143.90 143.98 143.97 143.95 143.95 143.98 143.97 143.97 143.95 143.96 143.97 143.95 143.95 143.90 143.78 143.75 143.72 143.65 143.69 143.29 143.24 143.32 143.55 142.76 142.72 142.74 143.20 143.23 143.27 142.89 142.72 143.67 143.42 143.29 143.73 143.81 143.71 143.96 143.95 142.95 143.48 143.62 143.93 143.80 143.36 143.51 143.88 143.77 143.82 143.97 143.94 143.96 143.95 143.91 143.74 143.71 143.58 143.07 143.78 143.89 143.69 143.57 143.27 143.17
143.65 143.62 143.67 143.40 143.15 143.51 143.87 143.83 143.93 143.96 143.97 143.98 143.72 143.96 143.95 143.96 143.97 143.96 143.97 143.88 143.61 143.58 143.37 143.46 143.38 143.50 143.51 143.36 143.31 143.37 143.31 143.43 143.62 143.63 143.60 143.42 143.26 143.52 143.78 143.62 143.85 143.71 143.55 143.82 143.84 143.76 143.70 143.87 143.83 143.77 143.68 143.64 143.49 143.64 143.65 143.47 143.71 143.98 143.96 143.97 143.95 143.95 143.98 143.95 143.80 143.90 143.87 143.82 143.80 143.95 143.91 143.85 143.85 143.82 143.84 143.97 143.95 143.97 143.98 143.89 143.81 143.59 143.65 143.66 143.68 143.70 143.80 143.80 143.81 143.79 143.78 143.79 143.86 143.82 143.85 143.74 143.83 143.87 143.75 143.90 143.91 143.76 143.81 143.91 143.84 143.64 143.54 143.34 143.36 143.16 143.52 143.63 143.85 143.96 143.83 143.79 143.76 143.91 143.97 143.98 143.98 143.98 143.98 143.97 143.93 143.89 143.93 143.95 143.93 143.91 143.97 143.87 143.82 143.94 143.75 143.43 143.20 143.36 143.23 142.39 143.91 143.04 143.55 143.47 143.46 143.20 143.05 142.87 142.59 142.95 143.32 143.56 143.53 143.60 143.81 143.95 143.96 143.95 143.91 143.88 143.64 143.68 143.83 143.83 143.69 143.05 143.00 143.33 143.72 143.86 143.91 143.94 143.86 143.96 143.96 143.41 143.75 143.81 143.77 143.51
143.98 143.26 143.12 143.64 143.84 143.93 143.92 143.50 143.57 143.70 143.40 143.60 143.82 143.58 143.33 143.66 143.90 143.87 143.77 143.95 143.92 143.92 143.87 143.53 143.35 143.23 143.50 143.78 143.33 143.47 143.80 143.94 143.95 143.89 143.76 143.61 143.46 143.62 143.56 143.54 143.81 143.31 143.65 143.75 143.67 142.79 143.93 143.97 143.98 143.94 143.93 143.97 143.96 143.87 143.59 143.97 143.97 143.97 143.97 143.97 143.94 143.96 143.91 143.94 143.90 143.58 143.83 143.92 143.79 143.75 143.90 143.97 143.63 143.78 143.73 143.72 143.91 143.94 143.90 143.76 143.07 143.08 143.68 143.81 143.71 143.65 143.57 143.72 143.85 143.83 143.87 143.83 143.84 143.92 143.88 143.90 143.89 143.81 143.87 143.92 143.92 143.89 143.86 143.85 143.46 143.85 143.78 143.80 143.80 143.86 143.90 143.93 143.95 143.98 143.93 143.85 143.95 143.94 143.96 143.87 143.39 143.79 143.91 143.97 143.97 143.94 143.87 143.81 143.94 143.74 143.48 143.75 142.87 143.88 143.94 143.97 143.37 143.55 143.55 143.74 143.24 143.15 143.08 143.18 143.25 143.15 143.15 142.92 143.10 143.04 143.29 143.26 143.33 143.42 143.45 143.97 143.67 143.84 143.84 143.92 143.97 143.97 143.91 143.81 143.75 143.51 143.17 143.31 143.48 142.52 143.30 143.83 143.90 143.76 142.90 143.18 143.42 143.95 143.95 143.92
143.97 143.84 143.68 143.79 143.93 143.86 142.81 143.49 143.65 143.41 143.75 143.48 143.67 142.95 143.77 143.59 143.85 143.91 143.77 143.84 143.96 143.97 143.87 143.80 143.15 143.51 143.67 143.70 143.85 143.50 143.64 143.97 143.98 143.90 143.84 143.93 143.64 143.24 143.10 143.25 143.50 143.88 143.97 143.96 143.94 143.79 143.98 143.98 143.94 143.95 143.95 143.95 143.93 143.92 143.95 143.96 143.97 143.94 143.97 143.96 143.96 143.85 143.16 143.62 143.32 143.45 143.05 143.91 143.78 143.43 143.71 143.61 143.27 143.89 143.75 143.83 143.82 143.81 143.74 143.77 143.35 143.44 143.70 143.54 143.59 143.85 143.77 143.72 143.94 143.10 143.80 143.91 143.94 143.91 143.79 143.82 143.78 143.80 143.88 143.74 143.69 143.92 143.85 143.87 143.89 143.91 143.90 143.86 143.84 143.96 143.97 143.98 143.97 143.96 143.98 143.88 143.88 143.94 143.77 143.44 143.47 143.51 143.93 143.97 143.77 143.66 143.55 143.65 143.51 143.21 143.59 143.62 143.84 143.94 143.80 143.94 143.73 143.03 142.48 142.82 143.90 143.87 142.60 142.63 143.61 142.97 143.04 142.41 143.06 143.40 142.93 142.98 143.47 143.88 143.97 143.97 143.93 143.95 143.91 143.91 143.92 143.95 143.97 143.98 143.86 143.67 143.40 143.35 143.51 143.35 143.90 142.74 143.43 143.63 143.36 143.83 143.90 143.85 143.95 143.98
143.97 143.98 143.89 143.79 143.98 143.22 143.60 143.51 143.14 143.21 143.31 143.87 143.27 143.38 143.02 143.10 143.67 143.87 143.69 143.60 143.91 143.63 143.68 143.66 143.02 143.60 143.78 143.75 143.69 143.05 142.51 143.98 143.93 143.96 143.96 143.67 143.69 143.59 143.45 143.48 143.33 143.74 143.88 143.93 143.96 143.86 143.56 143.49 143.95 143.92 143.91 143.89 143.93 143.94 143.96 143.59 143.59 143.61 143.39 143.25 143.66 143.25 143.64 143.24 143.17 143.05 143.20 142.74 142.62 141.93 142.70 143.08 143.59 143.91 143.76 143.76 143.44 143.79 143.82 143.27 143.22 143.95 143.76 143.81 143.88 143.80 143.83 143.69 143.65 143.83 143.89 143.92 143.78 143.56 143.60 143.55 143.57 143.64 143.89 143.64 143.43 143.55 143.53 143.58 143.55 143.91 143.91 143.97 143.98 143.97 143.95 143.90 143.83 143.71 143.87 143.95 143.94 143.93 143.87 143.96 143.94 143.93 143.66 143.18 142.75 142.78 142.72 142.74 142.73 142.57 143.21 143.40 143.61 143.30 143.51 143.58 143.61 143.94 142.80 143.69 143.89 143.53 143.13 143.35 143.77 143.62 143.34 143.12 143.06 143.38 143.75 143.84 143.91 143.78 143.78 143.88 143.96 143.85 143.26 143.46 143.95 143.93 143.95 143.98 143.85 143.67 143.47 143.45 143.53 143.46 143.18 143.05 143.49 143.55 143.94 143.48 143.48 143.56 143.77 143.91
143.98 143.97 143.95 143.86 143.92 143.90 143.87 143.62 143.45 143.84 143.82 143.76 143.64 143.70 143.44 143.63 143.82 143.90 143.89 143.87 143.53 142.89 142.89 143.91 142.81 143.62 143.86 143.86 143.80 143.62 143.48 143.97 143.97 143.93 143.80 143.85 143.71 143.44 143.19 143.09 143.20 143.08 143.02 143.22 143.81 143.57 143.44 143.70 143.95 143.96 143.91 143.89 143.88 143.96 143.49 143.10 143.41 142.99 143.18 143.66 143.45 143.08 142.76 143.21 143.24 143.22 143.05 143.34 142.99 143.03 143.07 142.82 142.35 143.46 143.16 143.18 143.85 143.67 143.82 143.86 143.89 143.88 143.94 143.93 143.89 143.82 143.82 143.69 143.74 143.56 143.75 143.87 143.95 143.81 143.86 143.75 143.60 143.89 143.87 143.89 143.90 143.86 143.45 143.49 143.41 143.60 143.97 143.98 143.96 143.90 143.82 143.72 143.51 143.26 143.29 143.00 142.80 142.58 142.51 142.44 142.76 142.85 142.93 143.11 143.38 142.92 142.60 142.55 143.35 142.50 142.57 142.76 143.04 143.46 143.18 143.31 143.50 143.91 143.92 143.90 143.83 143.76 143.88 143.90 142.91 143.45 143.58 143.50 143.79 143.89 143.98 143.97 143.17 143.87 143.81 143.95 143.97 143.24 143.35 143.91 143.95 143.93 143.89 143.89 143.72 143.62 143.73 143.86 143.95 143.87 143.86 143.42 143.78 143.62 143.51 143.57 143.68 143.85 143.94 143.98
143.96 143.95 143.95 143.67 143.60 143.59 143.98 143.98 143.98 143.95 143.91 143.80 143.61 143.88 143.87 143.86 143.71 143.85 143.87 143.92 143.86 143.38 143.04 143.92 143.66 143.82 143.72 143.80 143.90 143.78 143.91 143.90 143.91 143.53 143.94 143.93 143.87 143.37 143.10 143.09 142.98 143.11 143.49 143.63 143.83 143.90 143.95 143.92 143.58 142.97 143.72 143.77 143.92 143.81 143.78 143.93 143.90 143.56 143.49 143.95 143.23 142.87 142.71 142.47 144.03 143.57 143.10 143.11 143.18 143.24 143.23 142.93 142.25 142.76 143.84 143.89 143.82 143.45 143.96 143.91 143.81 143.90 143.95 143.94 143.94 143.62 143.69 143.82 143.92 143.91 143.81 143.76 143.68 143.93 143.62 143.52 143.77 143.83 143.89 143.82 143.90 143.93 143.67 142.98 143.94 143.75 143.92 143.98 143.97 143.96 143.72 143.53 143.11 142.71 142.52 142.25 142.70 142.97 143.88 144.97 145.73 146.14 146.24 146.29 146.32 146.01 145.84 145.93 145.98 145.90 144.68 142.35 142.29 142.70 143.25 142.84 142.74 143.27 143.85 143.90 143.97 143.86 143.90 143.71 143.77 143.86 143.69 143.72 143.78 143.58 143.84 143.92 143.92 143.82 143.12 143.96 143.98 143.06 143.82 143.86 143.95 143.93 143.95 143.96 143.84 143.86 143.63 143.88 143.46 143.84 143.96 143.59 143.06 143.06 143.59 143.92 143.95 143.97 143.97 143.95
143.97 143.98 143.86 143.93 143.91 143.88 143.79 143.60 143.87 143.93 143.78 143.87 143.85 143.95 143.89 143.84 143.86 143.43 143.82 143.86 143.74 143.47 143.05 142.85 142.49 143.70 143.40 143.72 143.89 143.89 143.78 143.92 143.76 143.44 143.84 143.58 143.69 143.59 143.35 142.64 142.62 142.42 142.83 143.76 143.86 143.93 143.95 143.76 143.46 143.18 143.65 143.73 143.34 143.05 143.56 143.75 143.62 143.68 143.87 143.51 143.17 143.26 142.59 142.92 143.55 142.95 143.30 143.14 143.14 143.14 143.16 143.28 142.28 142.29 142.57 143.46 143.82 143.75 143.95 143.94 143.86 143.91 143.97 143.93 143.83 143.67 143.61 143.80 143.92 143.92 143.91 143.92 143.96 143.98 143.89 143.63 143.76 143.84 143.88 143.63 143.85 143.81 143.55 143.86 143.78 143.81 143.95 143.96 143.88 143.87 143.23 143.05 142.95 142.31 142.33 143.04 143.93 145.07 145.95 146.35 146.27 145.89 145.62 144.20 145.01 145.01 145.47 145.43 145.67 145.96 145.31 146.10 144.06 144.03 143.09 142.51 143.42 143.77 142.76 143.90 143.89 143.69 143.60 143.35 143.21 143.44 143.76 143.98 143.94 143.91 143.94 143.93 143.97 143.97 143.78 143.96 143.90 143.83 143.92 143.96 143.97 143.77 143.89 143.97 143.97 143.95 143.73 143.93 143.90 143.96 143.90 143.68 143.85 143.55 143.64 143.83 143.84 143.96 143.98 143.98
143.67 143.84 143.75 143.94 143.78 143.58 143.41 143.90 143.97 143.47 143.78 143.58 143.50 143.42 143.69 143.56 143.48 143.54 142.83 143.10 143.41 143.64 142.95 142.76 143.44 143.22 143.55 143.90 143.89 143.88 143.76 143.90 143.72 142.57 142.59 142.68 143.10 143.10 143.18 142.67 142.47 142.56 142.74 143.56 143.80 143.89 143.90 143.90 143.86 143.80 143.69 143.44 142.98 142.76 143.03 143.42 143.94 143.95 143.72 143.55 143.36 142.98 142.70 142.38 143.04 143.81 143.21 143.27 143.15 143.49 143.55 142.96 142.56 143.58 142.95 143.79 143.62 143.56 143.97 143.88 143.81 143.89 143.97 143.91 143.79 143.67 143.78 143.50 143.71 143.93 143.67 143.89 143.93 143.85 143.94 143.57 143.40 143.85 143.69 143.64 143.65 143.65 143.82 143.95 143.94 143.85 143.78 143.92 143.87 143.50 143.91 143.32 142.41 142.51 143.88 145.09 145.89 146.27 146.21 145.77 144.29 142.43 144.21 144.21 146.10 145.35 145.09 144.71 145.12 145.21 145.11 144.89 145.51 146.06 145.23 143.87 142.67 143.41 143.26 143.80 143.53 143.86 143.61 143.93 143.96 143.36 143.89 143.75 143.97 143.97 143.74 143.97 143.96 143.96 143.91 143.92 143.98 143.93 143.75 143.71 142.62 143.36 143.92 143.71 143.66 143.92 143.93 143.64 143.84 143.81 143.87 143.97 143.98 143.86 143.58 143.20 143.39 143.58 143.83 143.90
143.48 143.81 143.72 143.68 143.89 143.80 143.88 143.70 143.97 143.80 143.62 143.69 142.79 143.91 143.03 143.26 142.40 142.66 143.37 143.21 143.64 143.11 143.45 143.69 143.66 143.71 143.47 143.76 143.86 143.85 143.86 143.86 143.87 143.33 143.16 143.28 143.54 143.58 143.58 143.34 142.92 142.81 143.17 143.28 143.14 143.68 143.69 143.75 143.60 143.63 143.35 143.20 142.82 142.80 142.67 143.02 143.35 143.23 143.71 143.89 143.26 143.74 143.88 142.84 142.92 143.33 143.75 143.67 143.53 143.72 143.61 143.17 142.78 143.19 142.92 143.01 143.93 143.94 143.97 143.80 143.95 143.98 143.96 143.96 143.82 143.86 143.72 143.87 143.97 143.95 143.97 143.97 143.85 143.97 143.91 143.44 143.70 143.60 143.71 143.97 143.61 143.38 143.59 143.79 143.92 143.90 143.96 143.95 143.68 143.80 143.89 143.59 142.71 142.78 145.71 146.12 145.50 143.19 140.86 144.56 145.58 144.89 143.74 144.06 145.29 145.82 146.14 145.52 145.12 145.37 145.32 145.67 145.66 145.80 146.30 145.90 144.36 142.30 142.85 143.22 143.36 143.48 143.75 143.88 143.88 143.90 143.84 143.95 143.96 143.97 143.97 143.83 143.68 143.93 143.72 143.89 143.88 143.55 143.22 143.77 143.96 143.92 143.74 143.65 143.85 143.93 143.96 143.92 143.81 143.87 143.89 143.89 143.78 143.71 143.59 143.83 143.75 143.64 143.85 143.81
143.89 143.92 143.83 143.87 143.95 143.95 143.98 143.98 143.97 143.70 143.48 143.89 143.55 143.41 143.47 143.48 143.87 143.41 143.71 143.79 143.64 143.78 143.74 143.56 143.80 143.84 143.84 143.77 143.77 143.74 143.65 143.73 143.67 143.51 143.53 143.51 143.54 143.56 143.65 143.67 143.41 143.32 143.48 143.40 143.32 143.55 143.56 143.38 143.22 143.03 142.94 142.92 142.85 142.31 142.07 143.26 143.61 143.69 143.88 143.97 143.89 143.94 143.68 143.53 143.08 142.36 142.92 145.20 144.83 144.12 143.85 143.44 142.36 142.63 143.11 142.75 143.96 143.96 143.93 143.26 143.91 143.97 143.90 143.88 143.85 143.80 143.80 143.97 143.98 143.96 143.93 143.96 143.86 143.96 143.88 143.87 143.74 143.76 143.71 143.97 142.98 143.59 143.74 143.76 143.98 143.75 143.98 143.95 143.87 143.85 143.79 143.85 142.66 143.80 145.98 145.06 141.51 140.80 143.81 142.44 143.29 142.16 142.64 142.75 143.53 142.23 141.16 144.75 145.56 144.13 145.34 145.54 145.55 145.78 146.32 146.29 145.29 142.86 142.50 142.92 143.37 143.11 142.87 143.85 143.88 143.88 143.94 143.97 143.78 143.96 143.92 143.79 143.79 143.87 143.88 143.73 143.56 143.63 143.13 142.36 143.36 143.39 143.80 143.91 143.82 143.91 143.91 143.84 143.96 143.95 143.93 143.96 143.80 143.82 143.48 143.18 143.23 143.74 143.84 143.80
143.95 143.75 143.92 143.87 143.95 143.96 143.97 143.97 143.86 143.74 143.53 143.52 143.44 143.25 143.57 143.59 143.84 143.85 143.81 143.79 143.42 143.60 143.74 143.75 143.53 143.75 143.85 143.85 143.35 143.61 143.49 143.71 143.73 143.20 143.48 143.47 143.50 143.59 143.73 143.79 143.32 143.14 142.05 142.12 142.99 143.40 143.27 143.04 143.08 142.79 142.66 142.66 142.54 142.63 142.66 143.38 143.45 143.39 143.65 143.87 143.86 143.89 143.88 143.82 143.11 143.24 142.36 142.24 142.41 142.50 142.30 142.34 143.07 142.59 142.90 143.95 143.96 143.90 143.94 143.89 143.96 142.57 143.84 143.95 143.92 143.92 143.86 143.97 143.98 143.93 143.89 143.90 143.94 143.95 143.94 143.84 143.75 143.83 143.86 143.72 143.68 143.75 143.63 143.28 143.33 143.52 143.96 143.46 143.97 143.80 143.87 143.65 142.47 145.74 145.51 142.96 143.09 144.30 143.38 141.54 142.66 142.82 143.94 142.30 142.73 144.85 144.58 144.80 144.07 144.97 145.26 145.41 145.81 146.14 146.11 146.04 145.32 143.46 142.66 142.49 142.88 142.75 143.33 143.43 143.66 143.73 143.92 143.97 143.91 143.58 143.92 143.96 143.94 143.93 143.91 143.74 143.54 143.53 143.59 143.60 143.41 143.49 143.92 143.82 143.68 143.62 143.86 143.92 143.97 143.97 143.97 143.94 143.37 143.92 143.93 143.86 143.73 143.89 143.97 143.96
143.87 143.94 143.92 143.68 143.84 143.94 143.97 143.90 143.90 143.48 142.64 142.98 143.74 143.63 143.82 143.65 143.39 143.61 143.29 143.65 143.36 143.77 143.75 143.74 143.60 142.84 143.37 143.52 143.70 143.33 143.19 143.46 143.31 143.32 143.10 143.39 143.46 143.61 143.64 141.50 141.13 140.92 138.64 138.30 138.40 141.34 141.32 141.33 142.25 142.64 142.31 142.67 142.42 142.60 142.56 142.61 142.70 143.21 143.74 143.76 143.49 142.94 143.91 143.69 143.81 143.26 143.40 142.92 142.33 142.26 142.45 143.04 142.60 143.58 143.55 143.58 143.75 142.39 143.80 143.88 143.93 143.97 143.93 143.96 143.90 143.90 143.72 143.93 143.98 143.98 143.92 143.88 143.90 143.91 143.91 143.71 143.57 143.84 143.88 143.81 143.58 143.57 143.24 142.99 143.98 143.65 143.92 143.86 143.91 143.94 143.78 143.61 142.43 145.80 145.77 142.90 142.60 145.34 142.42 142.33 142.28 143.20 141.82 141.02 143.28 144.92 144.03 143.86 144.65 144.08 144.84 145.54 146.22 146.25 146.04 145.75 144.74 143.17 142.40 142.44 142.47 143.50 143.67 143.57 143.58 143.96 143.92 143.89 143.86 143.89 143.93 143.81 143.87 143.91 143.84 143.82 143.66 143.77 143.88 143.75 143.65 143.66 143.95 143.94 143.89 143.93 143.88 143.90 143.78 143.95 143.95 143.64 143.56 143.96 143.91 143.73 143.97 143.97 143.93 143.94
143.85 143.90 143.92 143.88 143.78 143.66 143.96 143.96 143.69 143.82 143.37 143.34 143.80 143.60 143.95 143.84 143.94 143.65 143.80 143.89 143.93 143.51 143.92 143.95 143.83 143.84 143.68 143.52 143.64 143.55 143.45 141.44 142.72 143.15 143.15 143.32 143.45 143.43 142.71 142.62 141.98 140.42 139.99 140.11 140.57 140.73 140.60 140.91 140.16 141.51 142.36 142.38 142.40 142.50 142.65 142.68 142.91 143.22 143.29 143.68 143.68 143.76 143.42 143.57 143.77 143.31 143.76 142.52 142.76 142.79 142.77 142.80 143.41 143.66 143.49 143.60 143.70 143.86 143.93 143.91 143.94 143.83 143.78 143.97 143.97 143.91 143.98 143.82 143.98 143.94 143.97 143.96 143.97 143.89 143.72 143.84 143.85 143.79 143.79 143.79 143.64 143.63 143.48 143.58 143.50 143.45 143.83 143.98 143.92 143.91 143.89 143.23 142.33 144.31 146.25 142.49 140.87 141.63 144.08 142.72 141.18 142.03 141.30 141.00 142.69 143.96 142.59 143.76 143.29 144.67 145.36 146.13 146.32 146.10 145.53 145.03 144.60 143.90 142.34 142.97 143.20 143.39 143.85 143.77 143.88 143.80 143.27 143.84 143.86 143.91 143.89 143.78 143.94 143.97 143.92 143.96 143.92 143.79 143.93 143.96 143.85 143.77 143.78 143.83 143.98 143.97 143.82 143.90 143.91 143.86 143.97 143.97 143.95 143.96 143.97 143.97 143.98 143.94 143.88 143.80
143.79 143.85 143.90 143.93 143.24 143.60 143.92 143.83 143.52 142.92 142.64 143.43 143.42 143.95 143.96 143.97 143.97 143.97 143.97 143.97 143.96 143.95 143.78 143.92 143.76 143.49 143.59 143.21 143.11 143.54 143.46 142.64 142.81 142.15 142.92 141.95 142.63 140.41 140.58 142.61 140.38 139.38 141.03 141.07 140.95 140.89 141.14 141.98 141.24 141.20 140.93 141.66 142.35 142.82 142.80 142.96 142.84 143.38 143.47 143.28 143.26 143.83 143.81 143.95 143.80 143.44 143.60 143.52 143.73 143.15 143.68 143.57 143.54 143.31 143.49 143.73 143.81 143.82 143.78 143.92 143.98 143.98 143.90 143.33 143.98 143.94 143.91 143.92 143.76 143.97 143.97 143.96 143.97 143.98 143.84 143.95 143.80 143.76 143.86 143.81 143.61 143.58 143.46 143.60 143.72 143.66 143.66 143.93 143.93 143.78 143.67 143.58 143.11 144.04 145.49 143.98 140.94 138.65 135.52 142.72 142.29 142.09 144.08 141.27 143.53 143.24 144.10 143.70 143.92 144.31 144.75 146.27 145.96 145.60 144.85 144.33 143.36 142.36 142.49 142.92 143.58 143.69 143.93 143.96 143.98 143.93 143.84 143.82 143.85 143.88 143.81 143.90 143.94 143.96 143.97 143.98 143.87 143.98 143.92 143.73 143.91 143.78 143.61 143.58 143.95 143.92 143.78 143.98 143.98 143.95 143.90 143.91 143.92 143.93 143.97 143.90 143.78 143.67 143.77 143.38
143.76 143.26 143.85 143.84 143.93 143.91 143.63 143.92 143.57 142.98 142.84 143.58 143.93 143.98 143.98 143.97 143.97 143.23 143.97 143.96 143.94 143.84 143.76 143.76 143.40 143.60 143.47 143.36 142.87 143.03 142.73 142.61 142.71 142.42 142.57 142.76 142.03 140.34 140.48 140.43 139.74 141.03 141.87 141.73 141.37 141.68 141.46 141.55 141.86 141.91 141.66 140.64 141.57 142.73 143.06 143.24 143.23 143.24 143.24 143.32 143.46 143.59 143.56 143.97 143.97 143.79 143.92 143.94 143.93 143.54 143.55 143.16 143.78 143.93 143.89 143.78 143.77 143.79 143.51 143.84 143.97 143.96 143.97 143.96 143.98 143.89 143.78 143.92 143.95 143.94 143.97 143.97 143.98 143.89 143.91 143.90 143.97 143.77 143.82 143.74 143.73 143.33 143.44 143.65 143.81 143.79 143.78 143.96 143.71 143.95 143.96 143.69 143.53 143.32 143.12 145.43 142.92 140.72 137.77 136.96 142.42 142.57 136.55 137.78 143.92 143.41 143.74 144.19 143.91 144.49 146.09 145.38 144.24 144.30 143.79 143.11 143.35 142.34 142.28 142.23 143.21 143.82 143.79 143.96 143.97 143.97 143.95 143.92 143.86 143.80 143.89 143.94 143.85 143.78 143.91 143.97 143.92 143.83 143.96 143.96 143.95 143.81 143.81 143.92 143.97 143.97 143.94 143.97 143.93 143.81 143.74 143.84 143.95 143.96 143.93 143.87 143.45 143.63 143.89 143.93
143.76 143.67 143.87 143.84 143.92 143.43 143.74 142.98 143.04 143.52 143.49 143.65 143.96 143.98 143.83 143.97 143.97 143.96 143.96 143.96 143.54 143.88 143.84 143.83 143.65 143.45 143.47 143.32 143.12 142.87 142.72 141.85 142.29 142.06 141.68 141.92 141.16 139.98 139.80 138.94 139.26 141.10 142.10 141.62 142.46 141.73 142.73 142.80 142.52 142.56 141.88 140.77 139.76 141.74 142.71 143.24 143.20 143.26 143.28 143.26 143.56 143.82 143.55 143.98 143.97 143.96 143.97 143.97 143.98 143.97 143.97 143.54 143.52 143.91 143.55 143.93 143.58 143.82 143.86 143.79 143.91 143.94 143.79 143.97 143.98 143.96 143.94 143.92 143.91 143.92 143.94 143.82 143.94 143.98 143.93 143.95 143.89 143.97 143.88 143.56 143.69 143.56 143.35 143.51 143.72 143.78 143.75 143.73 143.98 143.95 143.97 143.98 143.96 143.86 143.59 142.75 146.02 144.41 142.26 139.51 139.58 136.44 142.85 144.12 143.25 143.25 144.28 144.41 145.82 146.15 145.68 143.91 142.67 142.55 142.45 142.42 142.91 142.58 142.25 142.35 142.99 143.80 143.95 143.98 143.98 143.97 143.98 143.98 143.97 143.94 143.95 143.96 143.96 143.87 143.58 143.51 143.57 143.58 143.87 143.75 143.92 143.97 143.83 143.94 143.89 143.87 143.95 143.98 143.91 143.97 143.87 143.71 143.93 143.95 143.95 143.88 143.79 143.89 143.98 143.89
143.82 143.93 143.93 143.91 143.57 143.63 143.22 143.58 143.68 143.57 143.70 143.72 143.90 143.95 143.97 143.97 143.97 143.81 143.86 143.96 143.81 143.84 143.80 143.76 143.64 143.60 143.45 143.28 143.00 142.70 142.42 142.27 142.20 141.55 141.38 142.03 141.07 139.77 139.95 138.96 140.18 141.17 141.61 142.27 142.52 142.76 142.78 142.98 142.97 143.07 142.08 140.78 141.24 141.36 141.53 141.47 142.90 143.33 143.38 143.62 143.82 143.96 143.98 143.98 143.95 143.96 143.94 143.90 143.93 143.95 143.92 143.18 143.93 143.96 143.76 143.95 143.92 143.87 143.76 143.76 143.60 143.65 143.86 143.91 143.90 143.96 143.88 143.81 143.91 143.93 143.93 143.96 143.86 143.95 143.96 143.94 143.95 143.92 143.91 143.71 143.69 143.92 143.78 143.67 143.82 143.89 143.91 143.79 143.93 143.91 143.84 143.95 143.90 143.93 143.22 143.23 142.83 143.59 144.41 145.72 143.57 141.11 144.74 143.81 144.41 144.00 145.06 146.01 144.68 142.71 144.05 143.39 142.32 142.33 142.23 142.57 142.65 142.28 142.33 142.78 142.93 143.91 143.94 143.98 143.83 143.93 143.97 143.96 143.96 143.97 143.98 143.96 143.90 143.91 143.74 143.69 143.92 143.56 143.42 143.26 143.95 143.98 143.73 143.97 143.97 143.92 143.88 143.94 143.95 143.92 143.98 143.91 143.97 143.97 143.97 143.89 143.97 143.94 143.95 143.94
143.83 143.96 143.15 143.91 143.56 143.42 143.73 143.40 143.75 143.63 143.62 143.71 143.97 143.95 143.96 143.97 143.98 143.47 143.97 143.97 143.86 143.80 143.80 143.73 143.68 143.56 143.44 143.19 142.89 142.62 142.36 142.02 141.81 141.76 141.73 140.84 140.90 140.32 138.62 137.49 140.10 141.38 141.86 142.20 142.56 142.85 143.02 143.13 143.22 143.21 143.16 143.01 142.31 142.32 142.21 141.37 141.69 142.26 143.35 143.58 143.87 143.97 143.95 143.96 143.35 143.95 143.96 143.96 143.90 143.91 143.78 143.51 143.82 143.95 143.89 143.72 143.86 143.87 143.57 143.69 143.73 143.72 143.87 143.80 143.98 143.96 143.93 143.89 143.85 143.89 143.79 143.96 143.98 143.96 143.96 143.94 143.95 143.77 143.92 143.77 143.96 143.97 143.89 143.84 143.96 143.98 143.98 143.97 143.79 143.97 143.94 143.88 143.77 143.72 143.98 143.81 142.81 142.95 142.48 142.55 143.43 143.45 145.23 145.69 145.53 145.79 144.74 145.23 142.64 142.25 142.55 143.01 142.53 142.28 142.51 143.07 142.83 142.86 143.00 143.64 143.69 143.89 143.97 143.98 143.98 143.97 143.96 143.97 143.97 143.97 143.98 143.93 143.93 143.73 143.85 143.60 143.22 143.43 143.77 143.21 143.87 143.98 143.97 143.92 143.96 143.75 143.97 143.93 143.98 143.97 143.98 143.98 143.95 143.97 143.82 143.95 143.98 143.97 143.94 143.88
143.96 143.94 143.87 143.79 143.61 143.56 143.89 143.31 143.66 143.85 143.80 143.85 143.91 143.96 143.96 143.96 143.95 143.76 143.97 143.77 143.78 143.80 143.73 143.71 143.58 143.49 143.38 143.27 142.86 142.55 142.20 141.87 141.41 141.46 141.28 141.50 141.75 140.11 139.77 137.80 140.42 141.44 141.85 142.29 142.66 142.94 143.14 143.26 143.33 143.44 143.43 143.47 143.26 142.68 142.67 142.77 143.04 143.02 142.92 142.90 142.67 143.88 143.94 143.93 143.95 143.94 143.91 143.73 143.92 143.95 143.94 143.33 143.23 143.08 143.65 143.91 143.74 143.72 143.52 143.53 143.56 143.58 143.70 143.87 143.92 143.93 143.97 143.96 143.96 143.93 143.91 143.97 143.97 143.83 143.92 143.96 143.95 143.85 143.85 143.86 143.96 143.89 143.86 143.85 143.97 143.96 143.87 143.88 143.67 143.78 143.92 143.98 143.93 143.93 143.98 143.95 143.81 142.94 143.06 142.72 142.52 142.73 142.27 142.30 142.40 142.86 143.56 142.97 142.66 142.39 142.98 142.70 142.52 142.79 143.41 143.15 143.68 143.03 143.07 143.85 143.95 143.97 143.97 143.97 143.97 143.97 143.97 143.97 143.95 143.94 143.93 143.83 143.53 143.46 143.36 143.58 143.86 143.30 143.37 143.82 143.60 143.81 143.98 143.98 143.91 143.84 143.97 143.89 143.97 143.93 143.96 143.98 143.89 143.75 143.82 143.95 143.96 143.95 143.92 143.92
143.87 143.89 143.98 143.93 143.85 143.90 143.94 143.98 143.87 143.97 143.90 143.91 143.92 143.97 143.93 143.98 143.97 143.93 143.77 143.95 143.75 143.74 143.71 143.62 143.53 143.37 143.24 143.09 142.74 142.28 141.93 141.62 141.32 141.13 141.07 140.26 140.75 141.19 139.78 140.21 140.75 141.38 141.94 142.33 142.56 142.83 143.00 143.21 143.33 143.34 143.48 143.50 143.27 142.91 142.00 142.75 143.04 143.19 143.18 143.04 142.27 143.43 143.98 143.98 143.96 143.95 143.95 143.93 143.98 143.98 143.97 143.97 143.57 142.84 142.53 143.55 143.41 143.32 142.97 143.43 143.42 143.51 143.10 143.67 143.31 143.92 143.89 143.88 143.90 143.93 143.98 143.98 143.92 143.82 143.97 143.94 143.96 143.80 143.61 143.95 143.93 143.92 143.95 143.95 143.91 143.73 143.82 143.56 143.45 143.71 143.83 143.91 143.98 143.95 143.81 143.51 143.83 143.39 143.07 142.79 142.55 142.76 142.90 142.33 142.64 142.51 142.25 142.88 143.05 143.38 143.06 143.49 143.51 143.20 143.49 143.90 143.97 143.89 143.81 143.98 143.97 143.92 143.86 143.88 143.92 143.91 143.86 143.95 143.93 143.88 143.85 143.74 143.49 143.16 143.30 143.53 143.67 143.49 143.05 143.42 143.33 143.64 143.85 143.98 143.91 143.91 143.98 143.87 143.98 143.90 143.98 143.92 143.78 143.81 143.96 143.91 143.95 143.93 143.79 143.95
143.82 143.96 143.92 143.94 143.91 143.92 143.98 143.95 143.88 143.91 143.92 143.94 143.81 143.79 143.93 143.89 143.62 143.67 143.94 143.84 143.83 143.69 143.68 143.61 143.48 143.25 143.05 142.73 142.34 141.95 141.59 141.17 140.94 140.81 140.89 140.83 139.83 140.31 139.72 140.07 140.69 141.37 141.77 142.06 142.33 142.56 142.81 143.03 143.26 143.37 143.53 143.55 143.54 143.25 142.54 142.72 143.02 143.03 142.98 142.63 141.89 143.58 143.97 143.98 143.92 143.96 143.98 143.93 143.98 143.98 143.97 143.91 143.85 143.31 143.04 142.80 143.53 143.34 143.44 143.25 143.25 143.39 143.36 142.96 143.51 143.82 143.74 143.66 143.77 143.85 143.96 143.98 143.94 143.83 143.92 143.97 143.96 143.57 143.61 143.76 143.86 143.76 143.60 143.53 143.70 143.92 143.52 143.48 143.25 143.68 143.82 143.97 143.94 143.80 143.78 143.89 143.97 143.90 143.64 143.55 142.95 143.24 142.93 142.60 142.58 142.24 142.68 143.23 143.38 143.54 143.81 143.74 143.61 143.54 143.97 143.84 143.51 143.62 143.80 143.96 143.89 143.81 143.61 143.70 143.87 143.90 143.93 143.95 143.85 143.82 143.78 143.74 143.85 143.78 143.80 143.47 143.76 143.46 143.17 143.45 143.12 143.76 143.86 143.95 143.93 143.97 143.96 143.91 143.97 143.81 143.89 143.66 143.90 143.94 143.98 143.98 143.95 143.87 143.66 143.96
143.98 143.98 143.94 143.94 143.94 143.93 143.93 143.70 143.80 143.91 143.92 143.95 143.92 143.92 143.93 143.90 143.97 143.93 143.94 143.86 143.77 143.66 143.62 143.51 143.37 143.18 142.83 142.36 141.81 141.35 141.00 140.60 140.36 140.33 140.52 139.94 140.17 139.31 139.50 140.14 140.60 141.10 141.40 141.70 142.03 142.26 142.59 142.81 143.05 143.23 143.34 143.49 143.51 143.19 142.73 142.97 142.62 142.90 142.58 142.21 142.28 142.63 143.95 143.95 143.93 143.92 143.98 143.97 143.98 143.97 143.84 143.92 143.85 143.69 143.01 142.58 143.08 143.31 143.10 143.01 143.16 143.24 143.32 143.03 143.21 143.00 143.65 143.62 143.78 143.95 143.92 143.95 143.89 143.79 143.92 143.98 143.96 143.85 143.83 143.90 143.94 143.96 143.47 143.72 143.86 143.81 143.91 143.33 143.24 143.59 143.72 143.62 143.82 143.86 143.91 143.95 143.92 143.74 143.87 143.54 143.35 143.12 143.18 142.83 143.29 143.29 143.23 143.98 143.79 143.80 143.91 143.96 143.75 143.96 143.93 143.73 143.03 143.17 143.75 143.69 143.82 143.81 143.57 143.31 143.87 143.91 143.92 143.93 143.89 143.83 143.68 143.51 143.24 143.53 143.93 143.52 143.66 143.59 143.24 143.75 143.66 143.77 143.70 143.69 143.95 143.98 143.97 143.96 143.88 143.90 143.84 143.92 143.93 143.86 143.88 143.96 143.84 143.98 143.96 143.92
143.73 143.89 143.90 143.83 143.90 143.95 143.84 143.30 143.36 143.76 143.77 143.93 143.90 143.90 143.85 143.89 143.76 143.98 143.85 143.86 143.77 143.63 143.53 143.32 143.18 142.94 142.58 141.87 140.93 140.41 140.08 139.93 139.77 139.93 140.21 138.30 139.81 139.20 139.38 139.75 139.98 140.43 140.78 141.11 141.52 141.90 142.28 142.55 142.86 143.05 143.17 143.25 143.36 143.30 142.92 142.51 142.48 142.46 142.59 142.46 142.07 143.36 143.88 143.85 143.92 143.96 143.97 143.93 143.91 143.98 143.93 143.90 143.72 143.22 142.33 142.37 142.40 143.27 143.00 142.94 142.69 143.05 143.18 143.23 142.88 142.80 143.43 143.71 143.66 143.62 143.77 143.86 143.84 143.89 143.98 143.85 143.89 143.93 143.96 143.72 143.90 143.94 143.61 143.79 143.58 143.79 143.30 143.18 143.58 143.59 143.44 143.69 143.68 143.80 143.85 143.83 143.92 143.90 143.92 143.79 143.64 143.58 143.51 143.52 143.63 143.74 143.93 143.95 143.92 143.95 143.97 143.90 143.87 143.83 143.87 143.71 143.40 143.28 143.60 143.72 143.87 143.88 143.94 143.93 143.88 143.90 143.90 143.91 143.85 143.80 143.78 143.43 143.33 143.41 143.70 143.76 143.72 143.80 143.51 143.77 143.82 143.72 143.65 143.59 143.84 143.86 143.85 143.81 143.96 143.88 143.73 143.59 143.52 143.25 143.63 143.56 143.69 143.88 143.74 143.69
143.74 143.75 143.79 143.96 143.97 143.97 143.66 143.42 143.54 143.63 143.76 143.91 143.84 143.97 143.89 143.60 143.96 143.97 143.96 143.83 143.76 143.64 143.36 143.10 142.92 142.63 142.14 140.94 139.87 139.19 139.09 139.20 139.43 139.64 139.26 138.48 138.99 139.25 139.08 138.94 139.09 139.59 140.09 140.44 141.03 141.49 141.91 142.21 142.55 142.83 142.93 143.11 143.12 143.17 142.83 142.45 141.91 141.93 142.48 142.35 142.08 143.47 143.83 143.52 143.78 143.20 142.89 142.99 143.94 143.87 143.97 143.79 143.78 143.33 142.34 142.40 142.36 143.27 142.86 143.18 142.89 143.01 142.98 143.00 142.94 143.02 143.28 143.28 143.32 143.60 143.86 143.83 143.82 143.83 143.96 143.87 143.96 143.97 143.88 143.96 143.91 143.85 143.63 143.64 143.61 143.56 143.66 143.29 143.66 143.58 143.68 143.61 143.43 143.44 143.67 143.70 143.79 143.98 143.98 143.89 143.97 143.97 143.90 143.95 143.97 143.84 143.88 143.90 143.87 143.97 143.87 143.77 143.36 143.63 143.72 143.63 143.20 143.22 143.62 143.77 143.90 143.91 143.94 143.96 143.90 143.88 143.87 143.84 143.81 143.68 143.76 143.71 143.48 143.56 143.47 143.46 143.70 143.82 143.69 143.89 143.81 143.79 143.65 143.52 143.97 143.56 143.76 143.84 143.93 143.60 143.62 143.42 143.41 143.20 143.00 143.48 143.49 143.74 143.43 143.93
143.82 143.70 143.95 143.96 143.94 143.86 142.92 143.17 143.68 143.62 143.62 143.89 143.96 143.93 143.87 143.64 143.72 143.96 143.79 143.86 143.79 143.61 143.39 143.14 142.77 142.26 141.34 139.70 137.93 137.39 137.96 138.69 138.92 139.25 139.44 139.37 139.61 139.66 138.79 138.37 138.34 139.06 139.50 139.91 140.52 141.18 141.63 141.96 142.18 142.33 142.34 142.73 142.90 142.88 142.56 142.43 142.02 142.87 142.28 143.05 143.19 143.39 143.30 143.46 143.43 143.08 142.51 143.28 143.21 143.85 143.91 143.60 143.68 143.55 142.72 142.74 142.50 142.77 142.99 143.08 143.00 142.98 143.05 142.85 143.06 143.13 143.11 143.32 143.43 143.52 143.40 143.64 143.71 143.92 143.96 143.96 143.97 143.98 143.84 143.93 143.78 143.82 143.76 143.54 143.63 143.45 143.55 143.53 143.42 143.47 143.69 143.40 143.26 143.24 143.31 142.98 143.69 143.98 143.96 143.98 143.86 143.98 143.98 143.97 143.91 143.92 143.77 143.83 143.96 143.87 143.79 143.24 143.16 143.23 143.44 143.37 143.16 143.32 143.37 143.66 143.83 143.92 143.90 143.90 143.94 143.90 143.81 143.85 143.69 143.64 143.69 143.74 143.42 143.18 143.82 143.89 143.54 143.81 143.88 143.79 143.81 143.74 143.53 143.68 143.90 143.94 143.90 143.90 143.97 143.59 143.27 142.55 142.84 143.00 143.42 142.80 143.22 142.48 143.90 143.84
143.65 143.77 143.90 143.95 143.94 143.72 143.34 142.91 143.13 142.96 143.29 143.72 143.82 143.72 143.73 143.67 143.92 143.95 143.97 143.96 143.86 143.66 143.43 143.14 142.68 142.01 140.92 138.55 135.78 135.21 136.74 138.14 138.59 138.71 138.82 139.69 139.39 139.35 138.60 138.26 138.31 139.81 138.92 139.54 140.19 140.79 141.37 141.71 141.97 142.14 142.17 142.90 142.30 142.88 142.59 143.26 142.80 142.51 143.78 143.78 143.24 143.52 143.46 143.63 143.16 142.50 142.82 142.97 143.87 142.84 143.62 143.77 143.56 143.34 143.22 142.80 142.90 142.54 142.35 142.90 142.96 142.95 142.99 142.98 143.23 143.15 142.97 143.23 143.46 143.15 143.35 143.46 143.65 143.83 143.54 143.89 143.95 143.97 143.97 143.97 143.96 143.88 143.72 143.60 143.45 143.64 143.49 143.47 143.37 143.31 143.29 143.43 143.11 143.39 143.31 143.45 143.50 143.92 143.96 143.89 143.95 143.92 143.97 143.96 143.89 143.98 143.98 143.97 143.97 143.93 143.37 143.15 142.91 143.28 143.28 143.45 143.13 143.27 143.71 143.73 143.95 143.91 143.93 143.91 143.93 143.90 143.73 143.64 143.61 143.62 143.63 143.48 143.66 143.43 143.92 143.91 143.65 143.61 143.83 143.88 143.75 143.77 143.57 143.47 143.69 143.98 143.97 143.93 143.78 143.23 142.95 142.67 142.59 142.69 142.76 142.58 142.45 142.69 142.44 142.69
142.48 142.85 142.39 142.34 143.46 143.54 143.27 142.84 143.12 143.10 143.31 143.38 143.33 143.63 143.50 143.56 143.66 143.89 143.95 143.98 143.90 143.78 143.47 143.13 142.52 141.88 140.87 138.82 135.86 133.66 134.83 138.13 138.47 138.48 138.36 139.19 139.10 138.73 138.13 137.83 138.42 138.85 138.78 139.43 139.97 140.49 141.31 141.54 141.76 142.01 141.86 142.56 143.23 142.55 143.97 144.06 142.49 141.16 140.97 142.17 142.86 143.05 143.29 143.47 143.78 143.71 143.81 143.37 143.73 143.92 143.12 143.44 143.07 142.67 143.07 142.91 142.53 142.64 142.46 142.40 142.87 142.86 142.79 142.92 142.87 142.96 142.69 143.07 142.97 143.24 143.23 142.99 143.60 143.71 143.82 143.86 143.78 143.82 143.60 143.82 143.97 143.98 143.85 143.73 143.66 143.44 143.42 143.48 143.30 143.33 143.55 143.41 143.46 143.24 143.44 143.54 143.46 143.64 143.85 143.74 143.82 143.92 143.91 143.88 143.72 143.88 143.97 143.94 143.97 143.96 143.86 143.40 142.99 143.19 143.14 143.51 143.32 143.65 143.84 143.84 143.97 143.95 143.90 143.93 143.93 143.92 143.88 143.90 143.77 143.77 143.60 143.44 143.13 143.51 143.46 143.61 143.85 143.88 143.73 143.83 143.82 143.97 143.94 143.92 143.97 143.29 143.95 143.79 143.61 143.06 142.84 142.78 142.43 142.52 142.38 142.28 142.28 142.91 142.68 143.07
143.37 143.06 143.11 142.69 142.37 143.33 142.82 143.13 142.81 142.67 143.13 143.00 143.29 143.39 143.37 143.60 143.58 143.80 143.89 143.98 143.96 143.82 143.61 143.23 142.74 142.03 141.13 140.20 136.34 132.36 132.34 136.78 138.30 138.31 138.40 138.24 138.79 138.50 138.54 138.14 138.30 139.08 141.08 142.83 141.63 140.54 141.23 141.89 141.83 142.25 143.13 142.37 142.31 143.74 143.05 141.76 140.75 142.17 141.48 142.80 143.05 143.16 143.49 143.61 143.86 143.88 143.01 143.60 142.79 143.53 143.19 143.14 143.42 142.58 142.62 142.62 142.87 142.58 142.55 142.33 142.40 142.91 142.72 142.69 142.75 142.73 142.49 143.00 142.94 142.96 142.70 143.40 143.40 143.48 143.73 143.88 143.85 143.93 143.94 143.91 143.98 143.78 143.79 143.88 143.86 143.60 143.43 143.68 143.90 143.85 143.48 143.50 143.56 143.60 143.60 143.49 143.50 143.55 143.72 143.77 143.69 143.64 143.77 143.63 143.61 143.71 143.85 143.96 143.96 143.97 143.87 143.63 143.00 143.64 143.62 143.23 143.82 143.92 143.62 143.85 143.96 143.96 143.98 143.95 143.95 143.89 143.86 143.97 143.96 143.81 143.33 143.48 143.14 143.67 143.87 143.82 143.90 143.96 143.90 143.81 143.95 143.33 142.95 143.56 143.60 142.95 143.01 143.21 142.92 142.85 142.67 142.50 142.35 142.58 142.23 142.22 142.93 143.78 142.73 142.91
142.81 142.88 143.01 143.01 142.25 142.29 142.64 142.58 142.35 142.44 142.57 142.86 143.08 143.13 143.15 143.06 143.18 143.59 143.81 143.94 143.98 143.90 143.73 143.34 142.87 142.35 141.65 140.99 137.09 133.55 134.34 136.07 137.87 138.19 138.41 138.68 138.12 138.14 138.68 138.13 142.00 142.44 139.37 143.32 142.55 141.83 142.78 143.11 142.91 142.66 142.51 141.46 143.45 143.60 143.13 143.43 143.25 142.97 142.63 143.21 143.32 143.34 143.57 143.69 143.49 143.16 142.87 142.71 143.95 143.97 143.08 143.23 143.10 142.59 142.92 142.51 142.54 142.75 142.79 142.57 142.48 142.60 142.53 142.80 142.69 142.82 142.98 143.12 143.17 143.05 143.14 142.97 143.40 143.49 143.51 143.44 143.43 143.85 143.98 143.96 143.79 143.75 143.77 143.88 143.46 143.77 143.85 143.67 143.67 143.69 143.79 143.78 143.83 143.38 143.48 143.49 143.48 143.80 143.83 143.73 143.44 143.35 143.38 143.25 143.57 143.86 143.74 143.83 143.96 143.97 143.94 143.88 143.31 143.23 143.55 143.63 143.71 143.75 143.67 143.89 143.97 143.94 143.98 143.98 143.98 143.98 143.91 143.97 143.98 143.91 143.16 143.00 143.17 143.67 143.37 143.96 143.33 143.73 143.80 143.83 143.34 142.99 143.10 143.28 142.65 142.40 142.60 142.42 142.38 142.42 142.38 142.39 142.28 142.22 142.32 142.30 142.29 142.58 142.57 142.81
142.72 142.58 142.46 142.50 142.76 142.27 142.24 142.24 142.31 142.39 142.58 143.14 142.93 142.75 142.53 142.41 142.43 142.81 143.71 143.73 143.94 143.98 143.88 143.57 143.20 142.71 142.17 141.21 139.83 137.86 136.30 136.60 137.86 138.04 138.51 138.83 138.80 140.03 139.14 138.35 138.79 139.17 139.69 143.68 142.52 143.56 141.91 142.78 142.44 141.73 141.26 143.71 142.73 143.26 143.13 141.82 142.22 143.15 143.16 143.24 143.51 143.61 143.65 143.71 143.92 143.86 143.95 143.88 143.97 143.97 143.75 143.07 142.92 143.33 143.38 142.70 142.60 142.36 143.08 142.85 142.47 142.34 142.39 142.53 142.62 142.83 143.04 143.01 142.83 142.96 143.10 143.19 143.04 143.49 143.50 143.35 143.43 143.46 143.75 143.67 143.93 143.65 143.78 143.86 143.96 143.87 143.82 143.78 143.84 143.74 143.96 143.97 143.93 143.56 143.44 143.47 143.29 143.46 143.25 143.66 143.45 143.64 143.51 143.50 143.66 143.56 143.72 143.68 143.89 143.93 143.90 143.62 143.71 143.35 143.62 143.78 143.83 143.87 143.93 143.96 143.93 143.97 143.89 143.87 143.86 143.96 143.59 143.80 143.95 143.97 143.77 143.54 143.86 143.91 143.88 143.96 142.57 143.30 142.77 142.72 142.90 143.15 143.13 142.59 142.58 142.25 142.24 142.29 142.32 142.23 142.29 142.22 142.26 142.26 142.25 142.28 142.30 142.21 142.33 142.53
142.50 142.55 142.33 142.30 142.42 142.46 142.47 142.36 142.27 142.35 142.84 143.51 142.68 142.31 142.31 142.32 142.96 143.68 142.84 143.31 143.65 143.95 143.97 143.88 143.54 143.10 142.62 141.69 140.92 139.39 138.20 137.98 137.64 137.61 138.61 139.15 139.56 139.77 139.80 139.28 139.03 139.74 140.20 141.23 141.56 141.61 142.28 142.32 142.14 141.79 141.54 141.29 141.84 142.67 142.67 142.39 142.97 143.40 143.63 142.35 143.48 143.89 143.87 143.78 143.97 143.98 143.27 143.93 143.89 143.69 143.49 143.29 143.09 142.80 142.94 142.54 142.60 142.47 142.65 142.57 142.38 142.38 142.37 142.37 142.56 142.71 142.58 142.79 142.81 142.87 142.95 143.10 143.21 143.26 143.40 143.44 143.79 143.44 143.45 143.39 143.93 143.85 143.87 143.93 143.96 143.83 143.90 143.96 143.94 143.94 143.97 143.96 143.87 143.75 143.69 143.37 143.12 143.85 143.66 143.69 143.63 143.67 143.56 143.66 143.48 143.71 143.53 143.89 143.92 143.97 143.81 143.88 143.84 143.75 143.94 143.77 143.76 143.96 143.98 143.93 143.98 143.97 143.73 143.73 143.93 143.46 143.63 143.91 143.98 143.95 143.69 143.86 143.80 143.89 143.91 143.79 142.66 142.55 142.55 142.92 142.47 142.57 142.60 142.67 142.47 142.23 142.33 142.56 142.26 142.26 142.25 142.30 142.33 142.36 142.35 142.36 142.32 142.27 142.26 142.29
142.24 142.28 142.24 142.23 142.27 142.48 142.49 142.36 142.26 142.48 143.03 143.64 142.45 142.27 142.43 142.33 142.84 142.48 142.60 143.28 143.45 143.70 143.88 143.98 143.84 143.36 142.83 142.12 141.38 140.54 139.31 138.62 136.94 135.18 138.85 139.39 139.72 140.05 140.24 140.27 140.32 141.30 141.69 142.02 142.29 142.83 143.11 143.28 143.47 143.51 142.52 143.82 142.65 142.41 142.53 142.81 143.50 143.71 143.76 143.63 143.88 143.95 143.89 143.93 143.96 143.97 143.96 143.45 143.26 143.40 143.20 143.21 142.82 142.96 142.47 142.45 142.61 142.55 142.49 142.44 142.50 142.29 142.36 142.49 142.43 142.46 142.61 142.79 142.91 142.96 142.89 142.75 143.06 143.12 143.35 143.43 143.85 143.47 143.48 143.42 143.94 143.97 143.98 143.94 143.95 143.97 143.96 143.98 143.98 143.97 143.96 143.97 143.86 143.76 143.74 143.51 143.29 143.92 143.82 143.81 143.82 143.59 143.62 143.50 143.73 143.77 143.86 143.91 143.93 143.98 143.90 143.51 143.90 143.90 143.79 143.90 143.96 143.41 143.98 143.96 143.97 143.96 143.66 143.62 143.57 143.41 143.52 143.87 143.94 143.96 143.91 143.96 143.88 143.86 143.61 142.59 142.30 142.22 142.37 142.40 142.22 142.28 142.44 142.47 142.22 142.30 142.61 142.30 142.23 142.27 142.29 142.31 142.32 142.36 142.38 142.37 142.29 142.30 142.23 142.22
142.22 142.35 142.23 142.36 142.30 142.39 142.49 142.74 142.28 142.33 142.90 142.88 142.40 142.45 142.44 142.27 142.23 142.34 143.32 142.81 143.24 143.24 143.86 143.96 143.74 143.65 143.16 142.32 141.46 141.15 140.65 140.01 137.40 134.38 135.45 139.71 139.91 140.07 140.45 140.83 141.30 141.66 141.92 142.26 142.65 143.11 143.38 143.63 143.90 143.80 143.21 142.32 142.13 142.53 142.84 143.35 143.67 143.89 143.90 143.92 143.88 143.97 143.77 143.97 143.98 143.95 143.97 142.99 143.76 143.50 143.05 142.90 143.47 143.38 142.84 142.62 142.58 142.49 142.80 142.42 142.74 142.36 142.32 142.55 142.54 142.36 142.58 142.82 142.72 142.91 142.93 142.81 143.00 143.01 143.08 143.37 143.45 143.75 143.73 143.85 143.87 143.83 143.93 143.60 143.98 143.96 143.94 143.93 143.96 143.96 143.92 143.94 143.88 143.93 143.77 143.66 143.84 143.82 143.66 143.88 143.77 143.70 143.74 143.76 143.75 143.81 143.89 143.94 143.93 143.98 143.81 143.91 143.67 143.69 143.49 143.68 143.83 143.89 143.76 143.92 143.64 143.59 143.30 143.32 143.22 143.57 143.92 143.95 143.93 143.98 143.94 143.70 142.97 142.73 142.67 142.57 142.29 142.21 142.24 142.22 142.23 142.23 142.31 142.22 142.21 142.29 142.42 142.22 142.24 142.27 142.29 142.32 142.33 142.35 142.36 142.36 142.37 142.34 142.30 142.26
142.39 142.34 142.37 142.44 142.53 142.58 142.55 142.49 142.41 142.32 142.47 142.40 142.46 142.56 142.53 142.38 142.29 142.77 142.93 142.51 142.74 143.58 143.94 143.90 143.54 143.91 143.54 141.68 141.47 141.58 141.43 141.57 141.02 137.06 138.84 140.03 139.76 139.91 140.51 141.04 141.51 141.77 141.97 141.95 143.01 143.38 143.71 143.87 143.97 143.68 143.69 143.66 143.23 143.41 143.68 143.86 143.94 143.96 143.98 143.96 143.90 143.98 143.91 143.74 143.59 143.90 143.83 143.46 143.39 143.09 142.93 142.71 142.86 142.99 142.75 142.58 142.42 142.30 142.36 142.24 142.55 142.62 142.31 142.44 142.54 142.47 142.64 142.91 142.79 142.79 142.69 142.80 142.87 143.00 143.11 143.33 143.37 143.61 143.48 143.65 143.64 143.65 143.66 143.82 143.81 143.97 143.94 143.76 143.47 143.93 143.96 143.98 143.90 143.88 143.82 143.96 143.90 143.90 143.75 143.89 143.81 143.74 143.72 143.79 143.80 143.83 143.93 143.96 143.98 143.96 143.43 142.97 142.72 142.66 142.41 142.61 143.54 143.64 143.76 143.51 143.47 143.25 143.10 143.27 143.34 143.74 143.80 143.89 143.94 143.97 143.55 142.58 142.69 142.87 142.78 142.32 142.24 142.21 142.22 142.24 142.26 142.23 142.21 142.23 142.22 142.28 142.23 142.23 142.25 142.26 142.27 142.31 142.33 142.33 142.33 142.35 142.37 142.38 142.40 142.41
142.38 142.45 142.71 142.47 142.60 142.62 142.57 142.55 142.47 142.27 142.21 142.23 142.57 142.67 142.67 142.56 142.30 142.99 142.27 142.38 142.96 143.88 143.96 143.83 143.93 143.96 143.90 143.07 141.60 141.48 141.71 142.16 142.42 142.08 141.10 140.40 139.52 139.31 140.65 141.34 141.78 142.02 142.13 141.88 143.18 143.74 143.91 143.97 143.95 143.59 143.38 143.89 143.88 143.97 143.98 143.90 143.97 143.96 143.95 143.89 143.66 143.94 143.97 143.93 143.91 143.65 143.43 143.32 143.26 142.86 142.44 142.82 142.42 142.71 142.94 142.59 142.31 142.46 142.56 142.57 142.68 142.42 142.57 142.46 142.43 142.48 142.52 142.84 142.74 142.82 142.87 142.83 143.13 143.18 143.22 143.24 143.28 143.26 143.40 143.63 143.60 143.65 143.72 143.67 143.74 143.76 143.72 143.80 143.74 143.96 143.97 143.80 143.88 143.83 143.88 143.85 143.86 143.91 143.88 143.87 143.81 143.75 143.69 143.72 143.95 143.87 143.92 143.97 143.95 143.75 143.03 142.75 142.88 142.89 142.85 142.68 142.61 142.79 143.08 143.16 143.21 142.91 143.06 143.34 143.29 143.69 143.82 143.77 143.98 143.96 142.62 142.72 142.55 142.51 142.41 142.37 142.22 142.21 142.23 142.23 142.22 142.21 142.23 142.23 142.23 142.23 142.23 142.23 142.25 142.25 142.26 142.28 142.30 142.31 142.32 142.35 142.37 142.38 142.40 142.42
142.41 142.45 142.50 142.52 142.59 142.61 142.61 142.60 142.54 142.39 142.25 142.43 142.68 142.75 142.77 142.59 142.32 142.27 142.23 142.36 143.32 143.82 143.76 143.91 143.96 143.97 143.94 143.60 141.14 141.31 141.70 142.54 142.81 142.55 141.89 140.90 138.37 138.36 141.18 141.72 142.03 142.22 142.35 142.61 143.59 143.81 143.94 143.98 143.91 143.69 143.36 143.29 143.97 143.97 143.97 143.97 143.93 143.87 143.80 143.72 143.66 143.83 143.98 143.83 143.53 143.38 143.16 143.04 142.96 142.69 142.34 142.83 143.01 142.77 142.89 142.36 142.43 142.50 142.25 142.44 142.30 142.48 142.41 142.46 142.48 142.69 142.69 142.86 142.73 142.93 142.82 142.90 142.94 142.83 143.24 143.33 143.42 143.23 143.51 143.73 143.73 143.69 143.61 143.69 143.77 143.61 143.90 143.39 143.74 143.65 143.80 143.88 143.96 143.69 143.77 143.82 143.76 143.88 143.88 143.89 143.79 143.81 143.70 143.92 143.91 143.82 143.92 143.98 143.75 142.76 142.69 142.97 142.93 142.91 142.91 142.84 142.80 142.46 142.73 142.76 142.67 142.85 143.20 143.12 143.69 143.85 143.83 143.58 143.79 143.79 142.76 142.45 142.39 142.31 142.42 142.30 142.22 142.23 142.22 142.23 142.25 142.22 142.22 142.22 142.23 142.23 142.23 142.23 142.23 142.23 142.24 142.28 142.27 142.30 142.29 142.34 142.38 142.39 142.41 142.43
142.45 142.57 142.41 142.45 142.60 142.60 142.61 142.59 142.67 142.44 142.30 142.62 142.77 142.82 142.79 142.44 142.28 142.42 142.22 142.73 142.91 143.23 143.36 143.55 143.74 143.91 143.97 143.67 141.76 141.64 142.25 143.07 143.04 143.17 142.80 141.39 137.62 135.51 140.33 142.04 142.21 142.44 142.66 143.01 143.52 143.82 143.95 143.97 143.90 143.66 143.35 143.28 143.47 143.92 143.94 143.94 143.89 143.81 143.73 143.60 143.45 143.56 143.66 143.59 143.51 143.10 142.68 142.63 142.56 142.48 142.76 142.77 142.64 142.95 142.22 142.23 142.22 142.28 142.42 142.39 142.38 142.44 142.51 142.41 142.42 142.51 142.59 142.44 142.58 142.57 142.78 142.86 143.01 142.92 143.10 142.80 143.23 143.41 143.48 143.36 143.33 143.81 143.92 143.94 143.65 143.55 143.47 143.83 143.88 143.93 143.95 143.91 143.98 143.96 143.97 143.89 143.86 143.87 143.87 143.68 143.83 143.79 143.62 143.93 143.87 143.82 143.95 143.95 143.48 142.27 142.80 143.00 143.02 143.00 142.94 142.90 142.85 142.70 142.35 142.26 142.45 142.70 143.23 143.49 143.52 143.60 143.21 142.96 143.14 143.12 142.57 142.31 142.45 142.33 142.22 142.24 142.22 142.21 142.21 142.21 142.57 142.23 142.25 142.23 142.22 142.23 142.21 142.21 142.21 142.29 142.29 142.26 142.27 142.30 142.28 142.33 142.37 142.40 142.42 142.42
142.48 142.48 142.51 142.49 142.64 142.65 142.70 142.67 142.78 142.72 142.62 142.85 142.88 142.86 142.82 142.76 142.45 142.46 142.21 142.51 142.72 142.89 143.23 143.52 143.77 143.90 143.98 143.66 143.08 143.33 143.27 143.25 143.27 143.27 143.35 143.26 138.38 132.20 133.79 142.01 142.36 142.61 142.87 143.20 143.52 143.84 143.97 143.96 143.84 143.67 143.42 143.25 143.30 143.83 143.89 143.89 143.83 143.73 143.66 143.54 143.41 143.65 143.73 143.32 143.06 142.79 142.39 142.25 142.27 142.22 142.89 142.76 142.24 142.96 142.93 142.28 142.66 142.32 142.42 142.40 142.43 142.50 142.61 142.67 142.51 142.46 142.49 142.45 142.55 142.71 142.78 142.84 142.81 142.81 142.73 143.11 142.93 143.43 143.35 143.27 143.41 143.45 143.65 143.93 143.57 143.65 142.82 143.61 143.30 143.96 143.89 143.91 143.93 143.86 143.92 143.82 143.85 143.93 143.97 143.80 143.88 143.84 143.73 143.66 143.76 143.94 143.98 143.84 143.00 142.30 142.99 143.04 143.08 143.00 142.91 142.90 142.81 142.75 142.47 142.23 142.28 143.16 142.90 143.09 143.32 142.86 142.55 142.42 142.42 142.38 142.27 142.21 142.27 142.29 142.24 142.26 142.23 142.23 142.23 142.29 142.38 142.50 142.45 142.41 142.33 142.29 142.27 142.27 142.25 142.44 142.57 142.21 142.25 142.25 142.25 142.36 142.38 142.37 142.29 142.40
142.40 142.51 142.30 142.40 142.61 142.60 142.70 142.76 142.79 142.84 142.89 142.95 142.95 142.93 142.90 142.77 142.65 142.42 142.57 142.49 142.64 143.03 143.29 143.48 143.79 143.94 143.98 143.90 143.50 143.50 143.40 143.38 143.37 143.44 143.57 143.67 143.02 134.21 135.58 141.02 142.15 142.82 143.14 143.35 140.30 143.93 143.98 143.93 143.80 143.68 143.38 143.27 143.25 143.78 143.83 143.80 143.72 143.63 143.56 143.48 143.44 143.37 143.18 143.35 142.86 142.35 142.23 142.26 142.31 142.73 142.82 142.78 142.35 142.32 142.22 142.59 142.26 142.21 142.44 142.68 142.69 142.53 142.61 142.52 142.53 142.53 142.92 142.50 142.44 142.61 142.84 142.78 142.76 142.62 142.73 143.16 143.14 143.07 142.96 142.93 143.00 143.54 143.66 143.59 143.50 143.37 143.49 143.25 142.81 143.69 143.76 143.55 143.84 143.89 143.94 143.97 143.97 143.98 143.98 143.98 143.90 143.89 143.85 143.86 143.90 143.96 143.96 143.62 142.67 142.35 142.99 143.02 143.01 142.96 142.90 142.88 142.83 142.77 142.56 142.27 142.21 142.62 142.52 142.45 142.46 142.39 142.40 142.22 142.25 142.23 142.26 142.29 142.37 142.44 142.46 142.34 142.30 142.22 142.32 142.63 143.03 143.22 142.94 142.91 142.69 142.54 142.48 142.35 142.37 142.34 142.31 142.44 142.28 142.23 142.27 142.29 142.35 142.42 142.54 142.53
142.45 142.52 142.54 142.69 142.65 142.59 142.74 142.85 142.87 142.92 142.98 143.06 143.05 143.03 143.02 142.86 142.43 142.23 142.47 142.47 143.23 142.83 137.90 137.18 140.08 143.96 143.97 143.95 143.87 143.61 143.55 143.46 143.47 143.52 143.57 143.64 143.66 142.63 140.49 140.95 142.36 142.98 143.34 143.53 143.80 143.98 143.97 143.89 143.79 143.69 143.45 143.28 143.19 143.71 143.73 143.74 143.67 143.55 143.47 143.45 143.38 143.39 143.44 143.07 142.30 142.22 142.28 142.35 142.37 142.66 142.87 142.80 142.54 142.39 142.60 142.36 142.59 142.23 142.26 142.30 142.55 142.48 143.02 142.46 142.44 142.52 142.47 142.53 142.51 142.52 142.37 142.46 142.71 142.78 142.93 142.96 142.91 142.83 142.76 142.64 142.84 142.86 143.38 143.46 143.37 143.34 143.47 142.76 143.08 143.85 143.71 143.68 143.60 143.62 143.91 143.94 143.94 143.96 143.98 143.98 143.96 143.96 143.95 143.96 143.87 143.98 143.89 143.29 142.34 142.92 142.96 142.90 142.99 142.93 142.87 142.85 142.79 142.75 142.58 142.33 142.23 142.21 142.26 142.28 142.31 142.28 142.24 142.21 142.29 142.32 142.38 142.44 142.44 142.49 142.51 142.49 142.33 142.22 142.52 143.00 143.37 143.56 143.73 143.56 143.37 142.87 142.66 142.52 142.50 142.42 142.38 142.35 142.25 142.22 142.26 142.36 142.29 142.39 142.32 142.86
142.47 142.57 142.60 142.70 142.39 142.70 142.74 142.81 142.93 142.97 143.03 143.10 143.13 143.12 143.16 142.55 142.30 142.29 142.29 142.29 143.44 136.81 132.58 131.58 134.36 141.99 143.97 143.95 143.98 143.86 143.73 143.55 143.50 143.54 143.59 143.65 143.66 143.52 142.59 142.48 142.95 143.16 143.39 143.59 143.83 143.98 143.94 143.85 143.74 143.63 143.52 143.19 143.26 143.82 143.82 143.58 143.60 143.52 143.48 143.42 143.35 143.23 143.00 142.44 142.25 142.30 142.39 142.51 142.69 142.74 142.65 142.76 142.71 142.57 142.63 142.46 142.24 142.27 142.24 142.32 142.43 142.73 142.52 142.69 142.56 142.50 142.47 142.70 142.56 142.49 142.46 142.52 142.81 142.82 142.69 142.57 142.67 142.64 142.65 142.50 142.53 142.68 143.08 143.20 142.90 142.95 142.95 143.00 143.60 143.77 143.65 143.62 143.74 143.83 143.87 143.91 143.97 143.89 143.96 143.98 143.98 143.98 143.98 143.98 143.98 143.95 143.51 143.13 142.26 142.77 142.90 142.93 142.90 142.86 142.85 142.84 142.79 142.68 142.58 142.44 142.33 142.35 142.28 142.27 142.27 142.33 142.34 142.38 142.43 142.48 142.53 142.53 142.54 142.60 142.58 142.57 142.44 142.23 142.53 143.28 143.66 143.89 143.96 143.96 143.83 143.16 142.80 142.72 142.73 142.59 142.45 142.32 142.23 142.21 142.24 142.27 142.40 142.39 142.34 142.59
142.47 142.57 142.67 142.71 142.75 142.69 142.72 142.83 142.95 143.01 143.08 143.16 143.18 143.20 143.23 142.63 142.32 142.31 142.75 142.47 143.38 136.96 132.67 131.89 133.90 142.60 143.98 143.96 143.96 143.98 143.88 143.64 143.45 143.39 143.40 143.59 143.68 143.66 143.34 143.22 143.29 143.35 143.43 143.57 143.76 143.96 143.92 143.82 143.68 143.62 143.52 143.15 143.43 143.34 143.85 143.73 143.60 143.54 143.44 143.43 143.23 143.23 142.76 142.26 142.28 142.41 142.61 142.68 142.83 142.85 142.94 142.86 142.83 142.75 142.69 142.39 142.33 142.35 142.57 142.25 142.38 142.50 142.58 142.36 142.59 142.63 142.53 142.72 142.54 142.46 142.42 142.41 142.34 142.56 142.60 142.50 142.56 142.56 142.59 142.52 142.50 142.85 142.37 142.85 142.66 143.17 143.38 143.04 143.42 143.50 143.63 143.72 143.85 143.88 143.87 143.74 143.97 143.88 143.98 143.94 143.90 143.80 143.97 143.98 143.96 143.90 143.61 143.69 142.62 142.29 142.63 142.85 142.81 142.80 142.78 142.74 142.73 142.69 142.62 142.56 142.54 142.53 142.60 142.52 142.53 142.51 142.58 142.59 142.60 142.65 142.69 142.66 142.75 142.71 142.71 142.60 142.47 142.24 142.81 143.53 143.94 143.97 143.96 143.98 143.94 143.64 143.16 142.96 142.83 142.69 142.51 142.34 142.24 142.21 142.22 142.32 142.30 142.45 142.42 142.50
142.72 142.64 142.63 142.78 142.87 142.87 142.85 142.93 143.04 143.07 143.16 143.19 143.23 143.24 143.25 142.60 142.34 142.51 142.73 142.39 142.70 139.41 136.54 135.45 137.70 143.85 143.86 143.86 143.90 143.97 143.95 143.75 143.43 143.23 143.07 142.98 143.64 143.65 143.55 143.45 143.43 143.45 143.49 143.59 143.76 143.95 143.76 143.83 143.74 143.64 143.63 143.36 143.12 142.97 143.76 143.73 143.70 143.59 143.55 143.38 143.26 143.18 142.50 142.24 142.29 142.68 142.75 142.80 142.89 142.92 142.93 142.91 142.79 142.82 142.73 142.51 142.45 142.48 142.29 142.26 142.46 142.52 142.30 142.38 142.65 142.69 142.55 142.52 142.46 142.39 142.46 142.45 142.55 142.58 142.41 142.48 142.56 142.52 142.53 142.53 142.50 142.78 143.00 142.63 143.15 142.98 142.74 143.71 143.40 143.02 143.76 143.82 143.88 143.82 143.77 143.73 143.95 143.94 143.82 143.86 143.83 143.85 143.96 143.93 143.88 143.91 143.66 143.74 143.37 142.76 142.24 142.32 142.52 142.59 142.59 142.70 142.69 142.69 142.68 142.65 142.67 142.73 142.72 142.72 142.74 142.71 142.76 142.79 142.79 142.75 142.80 142.77 142.80 142.74 142.78 142.78 142.63 142.24 142.94 143.81 143.95 143.90 143.87 143.86 143.97 143.84 143.44 143.20 143.00 142.74 142.49 142.35 142.25 142.21 142.26 142.28 142.39 142.47 142.48 142.55
142.67 142.72 142.76 142.83 142.88 142.95 143.00 143.07 143.12 143.14 143.20 143.21 143.23 143.23 143.24 142.63 142.23 142.63 142.39 142.23 142.22 142.39 141.41 141.61 143.85 143.35 143.68 143.76 143.86 143.98 143.92 143.75 143.49 143.13 142.90 142.82 143.45 143.66 143.61 143.44 143.44 143.28 143.50 143.62 143.65 143.98 143.97 143.89 143.84 143.75 143.67 143.58 143.38 143.06 143.34 143.59 142.88 142.26 142.41 142.98 143.17 143.39 142.46 142.23 142.31 142.65 142.81 142.87 142.95 142.98 142.94 143.00 142.78 143.00 142.86 142.69 142.64 142.67 142.62 142.32 142.27 142.48 142.68 142.45 142.58 142.59 142.51 142.43 142.44 142.58 142.38 142.37 142.39 142.48 142.32 142.29 142.23 142.72 142.37 142.40 142.53 142.74 142.98 142.74 142.73 142.81 142.82 143.10 143.45 143.26 143.56 143.78 143.78 143.88 143.88 143.87 143.77 143.95 143.90 143.89 143.84 143.91 143.25 143.57 143.94 143.94 143.83 143.69 143.62 143.16 142.73 142.41 142.22 142.27 142.43 142.59 142.66 142.70 142.75 142.76 142.77 142.88 142.80 142.90 142.93 142.96 142.99 142.96 143.05 142.99 143.01 142.97 142.96 142.96 142.99 142.91 142.85 142.26 143.01 143.87 143.96 143.87 143.80 142.53 143.31 143.97 143.69 143.31 142.96 142.73 142.49 142.34 142.22 142.23 142.31 142.29 142.40 142.46 142.36 142.63
142.72 142.75 142.74 142.89 142.98 142.99 143.06 143.08 143.10 143.15 143.19 143.20 143.21 143.22 143.23 142.67 142.25 142.46 142.39 142.56 142.21 142.32 142.32 142.34 142.72 143.20 143.79 143.69 143.93 143.97 143.84 143.67 143.36 143.04 142.82 142.36 142.40 143.59 143.64 143.43 143.51 143.44 143.53 142.89 143.81 143.97 143.94 143.91 143.87 143.83 143.88 143.71 143.66 142.91 143.71 143.67 143.62 143.66 142.77 142.45 142.56 142.84 142.40 142.42 142.63 142.83 142.90 142.92 142.97 143.02 143.01 142.98 142.94 142.88 142.70 142.77 142.76 142.82 142.92 142.46 142.30 142.34 142.42 142.31 142.49 142.39 142.34 142.38 142.36 142.53 142.40 142.24 142.36 142.34 142.33 142.56 142.26 142.37 142.45 142.37 142.79 142.74 142.59 142.74 142.88 142.48 142.62 143.17 142.91 143.07 143.51 143.32 143.41 143.37 143.07 143.85 143.71 143.96 143.89 143.94 143.97 143.98 143.93 143.94 143.93 143.89 143.92 143.82 143.53 143.72 142.88 142.47 142.47 142.22 142.45 142.63 142.70 142.83 142.86 142.89 142.96 143.00 143.04 143.11 143.19 143.27 143.32 143.33 143.32 143.27 143.21 143.18 143.20 143.16 143.10 143.03 142.91 142.76 142.52 143.55 143.96 143.86 142.59 135.52 142.36 143.96 143.67 143.24 142.98 142.69 142.40 142.37 142.22 142.25 142.37 142.39 142.46 142.46 142.60 142.65
142.81 142.86 142.88 142.87 143.02 142.97 143.10 143.14 143.14 143.16 143.17 143.19 143.19 143.19 143.21 142.80 142.25 142.45 142.39 142.44 142.50 142.42 143.05 142.83 142.81 143.08 143.37 143.87 143.98 143.95 143.77 143.55 143.30 142.97 142.38 142.29 142.60 143.70 143.79 143.57 143.67 143.66 143.69 142.92 143.61 143.98 143.96 143.93 143.90 143.93 143.98 143.96 143.60 143.37 142.99 142.73 142.84 142.50 142.39 142.30 142.55 143.05 142.60 142.69 142.79 142.84 142.84 142.91 143.00 143.02 142.87 142.98 142.98 142.92 142.75 142.94 142.81 142.87 142.94 142.93 142.43 142.32 142.26 142.21 142.22 142.28 142.38 142.44 142.37 142.35 142.35 142.29 142.34 142.37 142.32 142.42 142.33 142.34 142.57 142.79 142.46 142.89 142.63 142.61 143.24 142.34 143.54 143.03 142.92 143.21 143.25 143.16 143.23 143.31 143.45 143.32 143.41 142.86 143.70 143.92 143.80 143.28 143.95 143.85 143.67 143.97 143.94 143.71 143.23 143.66 142.80 142.54 142.25 142.36 142.59 142.75 142.90 142.90 142.96 143.04 143.09 143.20 143.26 143.40 143.51 143.54 143.58 143.53 143.52 143.45 143.41 143.41 143.32 143.24 143.13 143.05 142.94 142.80 142.36 143.40 143.96 143.92 143.50 142.97 143.54 143.84 143.36 143.05 142.85 142.60 142.53 142.21 142.24 142.30 142.41 142.51 142.51 142.55 142.65 142.75
142.91 142.95 143.00 143.04 143.10 143.09 143.14 143.16 143.17 143.16 143.18 143.20 143.20 143.08 143.21 143.18 142.63 142.32 142.57 142.54 142.52 142.52 143.08 143.21 142.62 142.94 143.70 143.92 143.98 143.90 143.71 143.47 143.28 142.94 141.81 142.19 143.09 143.71 143.78 143.68 143.83 143.85 143.84 143.88 143.95 143.98 143.96 143.92 143.92 143.98 143.97 143.93 143.92 143.34 143.24 143.10 143.08 142.58 142.46 142.28 142.32 142.26 142.50 142.37 142.25 142.70 142.76 142.86 142.96 143.01 142.96 143.03 143.00 143.03 143.00 142.97 142.91 142.94 143.00 143.04 143.02 142.49 142.36 142.27 142.31 142.24 142.33 143.44 142.30 142.36 142.27 142.23 142.28 142.41 142.48 142.37 142.27 142.31 142.53 142.55 142.71 142.66 142.65 142.60 142.92 143.10 143.43 143.23 143.16 143.46 143.20 143.26 142.97 142.63 142.72 142.75 143.25 143.74 143.80 143.84 143.68 143.85 143.90 143.83 143.83 143.58 142.93 142.59 142.64 142.47 142.33 142.31 142.47 142.55 142.69 142.89 142.94 143.03 143.14 143.25 143.35 143.45 143.59 143.69 143.75 143.85 143.81 143.67 143.74 143.63 143.59 143.49 143.39 143.27 143.20 143.14 143.03 142.94 142.60 142.52 143.44 143.88 143.97 143.96 143.89 143.30 143.01 142.85 142.71 142.54 142.36 142.22 142.31 142.41 142.54 142.64 142.66 142.68 142.81 142.87
143.07 143.02 143.10 143.12 143.13 143.13 143.15 143.20 143.21 143.19 143.19 143.21 143.22 143.22 143.22 143.20 142.88 142.46 142.29 142.26 142.24 142.32 142.63 142.66 142.44 143.58 143.81 143.95 143.96 143.86 143.66 143.55 143.21 142.98 142.55 142.60 143.13 143.75 143.78 143.78 143.87 143.91 143.95 143.95 143.98 143.98 143.96 143.90 143.93 143.96 143.93 143.89 143.86 143.70 143.62 143.50 143.25 143.17 142.94 142.31 142.56 142.22 142.29 142.38 142.55 142.57 142.72 142.79 142.83 142.98 143.01 143.00 143.04 143.10 143.06 143.15 142.97 143.02 143.09 143.03 143.03 142.95 142.64 142.87 142.48 142.35 142.23 142.36 142.32 142.22 142.23 142.23 142.29 142.40 142.26 142.27 142.35 142.52 142.59 142.37 142.73 142.68 142.52 142.55 142.83 142.89 143.31 143.28 143.14 143.32 143.40 143.44 142.97 142.76 142.85 142.87 143.39 143.70 143.56 143.49 143.60 142.98 143.80 143.86 143.52 143.71 143.21 142.44 142.53 142.34 142.23 142.40 142.48 142.67 142.80 142.92 143.04 143.18 143.38 143.50 143.59 143.71 143.99 143.86 143.97 144.03 143.99 143.91 143.86 143.76 143.63 143.56 143.63 143.37 143.36 143.28 143.17 143.08 142.81 142.50 142.44 142.86 143.13 143.17 143.15 143.43 142.68 142.66 142.55 142.42 142.73 142.88 142.48 142.30 142.72 142.48 142.82 142.85 142.88 143.02
143.18 142.77 143.10 143.11 143.17 143.15 143.17 143.20 143.18 143.20 143.21 143.23 143.24 143.24 143.28 143.27 143.23 142.92 142.41 142.34 142.25 142.26 142.22 142.30 143.19 143.72 143.88 143.97 143.92 143.77 143.56 143.35 143.02 142.70 142.42 142.54 143.07 143.70 143.85 143.89 143.93 143.97 143.97 143.98 143.97 143.98 143.98 143.96 143.98 143.98 143.93 143.83 143.81 143.84 143.67 143.37 143.20 143.11 143.15 143.06 143.10 143.07 142.53 142.37 142.37 142.69 142.77 142.81 142.84 142.95 143.03 143.16 143.16 143.16 143.12 143.23 143.18 143.20 143.20 143.07 143.18 143.16 142.99 142.76 142.59 142.37 142.23 142.25 142.26 142.31 142.32 142.42 142.28 142.28 142.36 142.37 142.35 142.55 142.40 142.44 142.83 142.90 142.67 143.03 142.35 143.20 143.11 143.39 143.16 143.60 143.73 143.59 143.18 143.01 143.15 143.43 143.47 143.29 143.53 142.99 143.11 142.98 143.06 143.62 143.29 142.79 142.74 142.37 142.24 142.29 142.35 142.53 142.64 142.77 142.90 143.04 143.20 143.41 143.56 143.65 143.80 143.88 143.98 144.06 144.21 144.05 144.00 143.97 143.91 143.67 143.75 143.68 143.59 143.45 143.32 143.44 143.39 143.27 143.15 143.03 142.82 142.60 142.49 142.30 142.62 142.91 142.24 142.35 142.41 142.26 142.23 142.46 142.66 142.73 142.85 142.92 142.95 143.04 143.09 143.15
143.26 143.20 143.20 143.16 143.19 143.18 143.19 143.19 143.19 143.21 143.23 143.23 143.24 143.24 143.29 143.24 143.30 143.23 142.88 143.11 142.45 142.35 142.43 143.00 143.82 143.73 143.89 143.98 143.93 143.67 143.30 142.81 142.29 142.04 141.87 141.82 142.27 142.89 143.69 143.95 143.98 143.98 143.98 143.98 143.79 143.91 143.97 143.93 143.98 143.98 143.93 143.93 143.97 143.95 143.77 143.38 143.15 143.00 142.98 142.93 142.90 142.96 142.54 142.37 142.62 142.72 142.78 142.79 142.87 142.95 142.99 143.18 143.11 143.21 143.23 143.32 143.31 143.39 143.31 143.25 143.23 143.18 143.21 142.73 142.61 142.41 142.36 142.30 142.24 142.30 142.34 142.30 142.27 142.41 142.32 142.40 142.48 142.46 142.35 142.46 142.52 142.55 142.59 142.67 142.73 143.07 143.27 142.67 143.32 143.71 143.10 143.64 143.59 143.67 143.74 143.78 143.62 143.46 143.33 142.76 142.70 142.80 142.27 142.42 142.55 142.42 142.28 142.24 142.26 142.35 142.49 142.64 142.72 142.87 142.97 143.17 143.33 143.54 143.70 143.84 143.89 143.97 144.14 144.24 144.30 144.26 144.15 144.13 143.97 143.94 143.82 143.55 143.68 143.55 143.53 143.51 143.44 143.35 143.33 143.23 143.16 143.00 142.94 142.89 142.74 142.65 142.46 142.25 142.21 142.22 142.26 142.39 142.46 142.82 142.89 142.96 143.04 143.17 143.25 143.28
143.35 143.23 143.23 143.16 143.23 143.20 143.23 143.22 143.19 143.21 143.23 143.24 143.24 143.23 143.21 143.21 143.19 143.14 143.11 142.38 142.41 142.52 142.83 143.24 143.63 143.70 143.88 143.97 143.94 143.49 142.64 141.90 141.15 140.68 140.69 141.11 141.55 141.70 142.66 143.64 143.97 143.97 143.97 143.97 143.98 143.98 143.97 143.96 143.94 143.80 143.97 143.98 143.97 143.94 143.94 143.66 143.19 143.04 143.00 143.03 142.92 143.00 142.33 142.41 142.61 142.71 142.77 142.82 142.87 142.99 143.03 143.12 143.17 143.29 143.32 143.42 143.51 143.49 143.48 143.39 143.43 143.39 143.32 143.28 143.09 142.97 142.92 142.79 142.57 142.84 142.25 142.21 142.28 142.31 142.28 142.29 142.44 142.46 142.39 142.51 142.34 142.25 142.44 142.48 142.36 142.46 142.82 143.01 143.19 143.50 143.63 143.70 143.71 143.82 143.82 143.82 143.72 143.21 142.24 142.42 142.58 142.78 142.57 142.70 142.29 142.25 142.22 142.22 142.37 142.46 142.60 142.76 142.85 142.94 143.16 143.32 143.42 143.63 143.77 143.97 144.05 144.19 144.32 144.34 144.37 144.40 144.35 144.22 144.19 144.05 143.98 143.90 143.85 143.71 143.82 143.78 143.61 143.45 143.45 143.31 143.18 143.11 142.93 142.87 142.72 142.67 142.52 142.39 142.31 142.31 142.32 142.45 142.43 142.92 142.95 143.02 143.18 143.20 143.28 143.29
143.30 143.27 143.28 143.23 142.97 143.24 143.25 143.08 143.23 143.22 143.20 143.21 143.18 143.18 143.17 143.15 143.15 143.19 143.04 142.68 142.75 142.91 142.75 143.15 143.20 143.64 143.80 143.94 143.90 143.06 141.85 140.65 139.87 139.77 139.39 139.70 141.10 141.38 141.84 143.00 143.87 143.96 143.94 143.95 143.95 143.98 143.97 143.72 143.97 143.96 143.95 143.93 143.94 143.85 143.96 143.90 143.49 143.25 143.10 143.13 142.69 142.64 142.59 142.24 142.63 142.75 142.78 142.82 142.92 143.01 143.13 143.22 143.24 143.39 143.48 143.53 143.58 143.62 143.63 143.73 143.51 143.51 143.49 143.45 143.34 143.01 143.12 142.95 142.68 142.65 142.55 142.31 142.30 142.28 142.25 142.22 142.29 142.32 142.33 142.34 142.51 142.73 142.48 142.46 142.29 142.57 142.70 142.77 142.95 142.92 143.25 143.60 142.66 143.74 143.72 143.41 143.59 143.37 142.36 142.26 142.25 142.26 142.25 142.23 142.22 142.24 142.28 142.38 142.44 142.59 142.71 142.85 142.90 143.10 143.23 143.42 143.54 143.66 143.89 143.93 144.26 144.39 144.43 144.43 144.43 144.45 144.37 144.35 144.25 144.32 144.13 144.09 143.96 143.93 143.88 143.84 143.77 143.54 143.32 143.37 143.22 143.14 143.01 142.88 142.73 142.73 142.63 142.54 142.50 142.45 142.41 142.26 142.56 142.97 143.01 143.03 143.18 143.28 143.31 143.27
143.29 143.30 143.32 143.30 143.27 143.25 143.22 143.24 143.21 143.20 143.20 143.21 143.18 143.21 143.14 143.17 143.13 142.96 142.87 142.65 142.33 142.21 142.45 142.70 143.06 143.39 143.61 143.91 143.88 142.90 141.50 140.53 140.19 140.11 139.27 139.75 140.96 141.60 142.18 143.29 143.93 143.95 143.93 143.94 143.82 143.96 143.97 143.95 143.98 143.98 143.98 143.96 143.96 143.97 143.97 143.93 143.68 143.28 143.25 143.31 142.95 142.61 142.58 142.25 142.52 142.81 142.86 142.81 142.97 143.08 143.16 143.30 143.37 143.47 143.58 143.66 143.71 143.74 143.75 143.74 143.72 143.70 143.63 143.79 143.77 143.45 143.26 143.21 143.00 143.03 142.65 142.97 142.73 142.53 142.61 142.31 142.23 142.48 142.25 142.48 142.83 142.83 142.77 142.46 142.30 142.79 142.99 142.52 142.47 142.65 142.90 142.70 142.78 142.28 143.03 142.77 142.31 142.96 142.23 142.26 142.24 142.25 142.27 142.29 142.35 142.32 142.41 142.43 142.59 142.75 142.82 142.87 142.99 143.13 143.37 143.51 143.68 143.77 144.06 144.18 144.27 144.44 144.46 144.46 144.45 144.41 144.43 144.40 144.36 144.27 144.20 144.23 144.21 144.10 143.99 143.88 143.78 143.71 143.57 143.43 143.28 143.13 143.04 142.93 142.79 142.79 142.75 142.68 142.68 142.56 142.23 142.31 142.30 142.88 143.01 143.12 143.14 143.27 143.26 143.32
143.31 143.35 143.35 143.31 143.29 143.27 143.25 143.23 143.22 143.23 143.20 143.25 143.22 143.23 143.15 143.13 143.05 142.93 142.71 142.43 142.27 142.22 142.39 142.60 142.87 143.12 143.44 143.70 143.97 143.64 142.59 141.51 140.98 140.81 140.70 140.87 141.52 141.95 143.50 143.97 143.89 143.81 143.88 143.90 143.89 143.94 143.95 143.90 143.97 143.97 143.98 143.98 143.86 143.98 143.86 143.91 143.83 143.45 143.19 142.82 142.85 142.79 142.57 142.27 142.52 142.85 142.97 143.01 143.08 143.17 143.33 143.41 143.58 143.63 143.94 143.73 143.83 143.78 143.85 143.86 143.83 143.82 143.70 143.73 143.78 143.56 143.50 143.28 143.23 143.26 143.16 143.09 143.08 142.96 142.78 142.51 142.41 142.34 142.67 142.75 142.90 142.81 142.50 142.72 142.47 142.67 142.55 142.65 142.75 142.84 143.03 142.22 142.87 143.12 142.27 142.27 142.25 142.27 142.30 142.24 142.25 142.26 142.46 142.71 142.44 142.43 142.47 142.65 142.77 142.83 142.78 142.99 143.01 143.19 143.39 143.62 143.76 143.79 144.04 144.21 144.35 144.43 144.39 144.26 144.45 144.39 144.35 144.28 144.41 144.16 144.20 144.18 144.11 144.07 144.09 143.96 143.84 143.79 143.51 143.44 143.28 143.14 142.97 142.93 142.87 142.83 142.75 142.79 142.79 142.64 142.44 142.31 142.27 142.83 143.12 143.11 143.26 143.28 143.33 143.37
143.41 143.41 143.36 143.35 143.34 143.31 143.28 143.24 143.22 143.25 143.24 143.20 143.19 143.16 143.15 143.05 142.93 142.77 142.56 142.38 142.24 142.23 142.36 142.50 142.63 142.80 143.04 143.35 143.74 143.97 143.85 143.63 143.52 142.24 141.58 141.42 142.09 143.34 143.88 143.95 143.80 143.70 143.71 143.64 143.53 143.40 143.34 143.51 143.88 143.97 143.87 143.95 143.86 143.87 143.85 143.68 143.17 143.35 143.17 142.73 142.57 142.32 142.22 142.30 142.54 142.91 142.96 143.11 143.20 143.32 143.39 143.59 143.67 143.77 143.76 143.92 143.92 143.93 144.03 144.03 143.89 143.94 143.90 143.87 143.80 143.74 143.56 143.62 143.52 143.34 143.32 143.41 143.21 143.11 143.08 143.02 142.75 142.60 142.88 142.88 142.61 142.43 142.32 142.77 142.41 142.69 142.72 142.73 142.61 142.35 142.59 142.26 142.29 142.30 142.28 142.25 142.28 142.26 142.28 142.32 142.31 142.42 142.49 142.60 142.60 142.67 142.69 142.71 142.83 142.89 142.96 142.98 143.18 143.27 143.55 143.70 143.85 144.01 144.07 144.22 144.33 144.44 144.43 144.44 144.42 144.32 144.36 144.38 144.35 144.33 144.23 144.29 144.24 144.03 144.10 144.06 143.93 143.74 143.46 143.35 143.27 143.08 142.97 142.93 142.93 142.90 142.90 142.90 142.90 142.85 142.76 142.54 142.27 142.96 142.97 143.03 143.20 143.37 143.37 143.42
143.43 143.41 143.40 143.35 143.33 143.32 143.29 143.29 143.22 143.29 143.26 143.22 143.22 143.15 143.04 143.01 142.81 142.68 142.52 142.38 142.25 142.21 142.26 142.33 142.43 142.55 142.74 142.86 143.10 143.41 143.66 143.74 143.75 143.77 143.92 143.89 143.95 143.88 143.85 143.83 143.73 143.66 143.67 143.62 143.46 143.29 143.27 143.31 143.76 143.97 143.88 143.66 143.14 143.48 143.37 142.82 143.10 142.54 143.10 142.78 142.47 142.25 142.31 142.57 142.82 142.99 143.10 143.17 143.38 143.43 143.60 143.70 143.76 143.85 143.89 143.87 143.79 143.66 144.05 144.06 144.02 144.08 143.99 143.98 143.90 143.86 143.84 143.79 143.70 143.61 143.53 143.50 143.46 143.39 143.19 143.23 143.09 143.00 143.00 143.03 142.94 142.88 143.03 142.82 142.64 142.77 142.57 142.55 142.70 142.47 142.27 142.37 142.41 142.46 142.48 142.31 142.29 142.35 142.39 142.49 142.50 142.56 142.69 142.61 142.76 142.77 142.78 142.81 142.90 142.94 143.08 143.13 143.27 143.38 143.92 143.95 143.87 143.97 144.10 144.20 144.32 144.43 144.43 144.38 144.39 144.36 144.34 144.34 144.25 144.36 144.32 144.30 144.19 144.18 144.18 144.01 143.85 143.67 143.55 142.95 143.07 143.23 143.08 143.07 143.03 143.00 143.02 142.97 142.99 142.99 142.96 142.84 142.89 142.95 143.03 143.19 143.22 143.34 143.38 143.44
143.47 143.44 143.43 143.37 143.39 143.38 143.35 143.34 143.29 143.29 143.30 143.23 143.20 143.10 142.99 142.89 142.74 142.64 142.52 142.39 142.29 142.25 142.21 142.24 142.35 142.44 142.50 142.60 142.68 142.80 142.91 143.03 143.14 143.23 143.35 143.32 143.29 143.32 143.52 143.63 143.64 143.53 143.54 143.70 143.58 143.42 143.38 143.37 142.84 143.81 142.31 142.29 142.36 142.36 142.32 142.77 142.71 142.69 142.58 142.61 142.24 142.29 142.54 142.79 142.87 143.12 143.26 143.41 143.45 143.66 143.68 143.77 143.87 143.90 143.94 143.96 144.01 144.10 144.16 144.15 144.17 144.11 144.10 144.06 144.04 143.98 143.97 143.84 143.81 143.76 143.71 143.62 143.48 143.41 143.34 143.35 143.24 143.26 143.25 143.20 142.99 143.10 142.86 142.94 145.03 143.25 142.60 142.84 142.75 142.55 142.48 142.55 142.51 142.49 142.40 142.57 142.53 142.58 142.63 142.60 142.62 142.67 142.76 142.76 142.76 142.82 142.80 142.88 142.93 143.02 143.15 143.26 143.38 143.53 143.84 143.92 143.87 144.03 144.03 144.19 144.28 144.34 144.40 144.39 144.36 144.37 144.35 144.35 144.29 144.20 144.34 144.25 144.14 144.07 144.07 143.88 143.79 143.62 143.56 143.04 142.92 143.30 143.18 143.16 143.15 143.12 143.15 143.12 143.06 143.11 143.07 143.09 142.72 142.92 143.29 143.25 143.24 143.43 143.53 143.43
143.49 143.49 143.44 143.44 143.44 143.44 143.35 143.33 143.34 143.31 143.26 143.18 143.12 143.05 142.95 142.83 142.70 142.57 142.48 142.40 142.27 142.27 142.23 142.22 142.25 142.31 142.38 142.44 142.52 142.57 142.66 142.77 142.89 142.96 142.97 142.95 143.07 143.12 143.29 143.43 143.48 143.45 143.40 143.33 143.40 143.21 142.95 142.63 142.23 142.23 142.30 142.37 142.47 142.53 142.54 142.38 142.46 142.55 142.37 142.26 142.38 142.61 142.78 143.08 143.11 143.25 143.36 143.52 143.65 143.73 143.87 143.97 144.03 144.04 144.10 144.14 144.16 144.08 144.35 144.42 144.22 144.21 144.25 144.00 144.16 144.09 143.98 143.94 143.99 143.89 143.86 143.79 143.69 143.61 143.54 143.48 143.41 143.25 143.40 143.27 143.25 143.23 142.89 144.39 144.90 143.08 142.47 142.86 142.81 142.71 142.71 142.69 142.68 142.71 142.79 142.69 142.73 142.71 142.77 142.79 142.77 142.82 142.79 142.80 142.84 142.85 142.83 142.92 142.97 143.04 143.13 143.27 143.43 143.55 143.71 143.73 143.93 143.99 144.13 144.20 144.27 144.32 144.41 144.39 144.41 144.40 144.32 144.38 144.36 144.30 144.27 144.17 144.17 143.99 143.80 143.85 143.75 143.64 143.57 143.51 143.41 143.36 143.31 143.25 143.23 143.25 143.19 143.23 143.17 143.17 143.16 143.18 143.10 143.29 143.30 143.21 143.30 143.46 143.55 143.54
143.51 143.48 143.52 143.52 143.49 143.47 143.42 143.37 143.33 143.24 143.26 143.20 143.10 143.01 142.89 142.74 142.56 142.56 142.52 142.43 142.37 142.32 142.27 142.23 142.21 142.22 142.27 142.34 142.38 142.45 142.52 142.56 142.65 142.69 142.68 142.71 142.73 142.85 143.03 143.16 143.24 143.24 143.17 143.09 142.90 142.66 142.51 142.33 142.22 142.28 142.38 142.46 142.52 142.59 142.64 142.69 142.30 142.46 142.25 142.60 142.97 143.07 143.18 143.24 143.34 143.46 143.64 143.74 143.84 143.90 144.07 144.13 144.16 144.20 144.25 144.31 144.33 144.30 144.38 144.35 144.29 144.35 144.30 144.34 144.26 144.38 144.31 144.14 144.12 143.98 144.00 143.93 143.82 143.78 143.65 143.57 143.59 143.77 143.45 143.43 143.28 143.27 143.16 143.05 142.82 142.83 142.81 142.98 142.89 142.93 142.87 142.87 142.82 142.87 142.86 142.84 142.90 142.95 142.87 142.93 142.88 142.86 142.80 142.84 142.87 142.84 142.84 142.93 142.98 143.03 143.18 143.31 143.42 143.53 143.53 143.69 143.80 143.94 143.97 144.05 144.08 144.17 144.19 144.28 144.30 144.32 144.26 144.28 144.16 144.17 144.18 144.17 144.01 143.88 143.82 143.72 143.77 143.66 143.60 143.53 143.47 143.40 143.36 143.34 143.33 143.30 143.33 143.31 143.14 143.21 143.18 143.28 143.25 143.25 143.30 143.41 143.52 143.52 143.57 143.58
143.63 143.60 143.54 143.46 143.48 143.37 143.39 143.40 143.35 143.30 143.27 143.17 143.12 143.01 142.96 142.78 143.98 142.53 142.56 142.51 142.45 142.38 142.34 142.31 142.25 142.22 142.21 142.25 142.30 142.34 142.38 142.40 142.45 142.44 142.47 142.46 142.52 142.57 142.64 142.74 142.86 142.85 142.91 142.84 142.71 142.49 142.31 142.56 142.36 142.48 142.53 142.54 142.79 142.65 142.72 142.82 142.90 142.94 143.10 143.20 143.29 143.37 143.53 143.60 143.71 143.81 143.86 143.96 144.02 144.11 144.22 144.28 144.31 144.37 144.41 144.38 144.42 144.43 144.48 144.56 144.39 144.42 144.46 144.41 144.49 144.38 144.26 144.25 144.14 144.14 144.10 144.06 143.97 143.88 143.72 143.70 143.68 143.65 143.58 143.49 143.44 143.37 143.26 143.26 143.22 143.12 143.06 143.06 143.07 143.01 143.01 143.01 142.97 143.03 142.97 143.04 143.11 143.08 143.07 143.04 142.95 142.92 142.88 142.87 142.83 142.85 142.95 143.02 143.03 143.07 143.18 143.30 143.39 143.42 143.53 143.65 143.74 143.83 143.85 143.91 143.96 144.02 144.05 144.13 144.15 144.11 144.13 144.13 143.95 143.97 144.04 143.95 143.93 143.81 143.75 143.80 143.63 143.71 143.67 143.51 143.45 143.44 143.42 143.43 143.36 143.38 143.35 143.29 143.26 143.32 143.34 143.22 143.26 143.25 143.38 143.51 143.56 143.62 143.67 143.68
143.68 143.67 143.63 143.58 143.60 143.51 143.44 143.40 143.37 143.37 143.26 143.18 143.17 143.06 142.98 142.93 142.66 142.69 142.61 142.59 142.53 142.49 142.42 142.37 142.34 142.29 142.25 142.22 142.22 142.21 142.22 142.25 142.27 142.26 142.28 142.28 142.30 142.33 142.35 142.46 142.50 142.55 142.57 142.54 142.44 142.28 142.22 142.29 142.43 142.51 142.58 142.63 142.68 142.75 142.85 142.95 143.06 143.18 143.30 143.41 143.61 143.69 143.76 143.82 143.91 143.96 144.05 144.13 144.19 144.30 144.33 144.70 144.49 144.50 144.53 144.58 144.57 144.55 144.57 144.56 144.55 144.65 144.49 144.51 144.07 145.05 144.37 144.32 144.30 144.22 144.23 144.11 144.05 143.99 143.95 143.84 143.82 143.72 143.66 143.52 143.52 143.47 143.35 143.25 143.20 143.20 143.19 143.12 143.21 143.16 143.13 143.17 143.22 143.21 143.21 143.23 143.27 143.23 143.17 143.06 143.02 143.02 142.99 142.95 142.95 142.97 142.94 143.00 143.06 143.09 143.20 143.25 143.36 143.36 143.42 143.52 143.66 143.71 143.75 143.72 143.86 143.83 143.94 144.03 144.04 144.00 143.98 144.01 143.98 143.92 143.97 143.92 143.93 143.92 143.80 143.83 143.74 143.77 143.74 143.63 143.56 143.58 143.49 143.47 143.45 143.40 143.40 143.38 143.29 143.38 143.37 143.33 143.47 143.41 143.42 143.53 143.64 143.63 143.67 143.67
143.69 143.71 143.69 143.58 143.63 143.61 143.43 143.51 143.49 143.48 143.40 143.32 143.24 143.17 143.07 142.95 142.96 142.86 142.79 142.72 142.66 142.60 142.52 142.46 142.45 142.42 142.39 142.35 142.32 142.29 142.27 142.25 142.24 142.24 142.26 142.23 142.23 142.23 142.22 142.23 142.26 142.27 142.26 142.22 142.23 142.30 142.37 142.45 142.55 142.63 142.69 142.79 142.84 142.91 143.01 143.10 143.22 143.34 143.46 143.63 143.83 143.76 144.00 144.06 144.09 144.16 144.25 144.32 144.36 144.38 144.48 144.49 144.54 144.62 144.65 144.66 144.63 144.71 144.76 144.73 144.66 144.64 144.65 144.60 144.57 144.55 144.52 144.50 144.44 144.32 144.23 144.25 144.14 144.13 143.94 143.98 143.95 143.86 143.72 143.67 143.58 143.54 143.50 143.45 143.44 143.40 143.28 143.28 143.30 143.32 143.37 143.39 143.38 143.38 143.31 143.36 143.35 143.35 143.23 143.18 143.15 143.11 143.02 143.04 142.99 143.00 142.97 143.02 143.07 143.10 143.18 143.17 143.32 143.43 143.40 143.33 143.50 143.55 143.54 143.67 143.76 143.66 143.79 143.88 143.87 143.82 143.88 143.87 143.88 143.88 143.88 143.90 143.89 143.84 143.83 143.86 143.84 143.76 143.76 143.69 143.72 143.63 143.60 143.54 143.51 143.46 143.36 143.38 143.36 143.42 143.46 143.48 143.53 143.52 143.56 143.59 143.66 143.74 143.62 143.69
143.73 143.73 143.71 143.71 143.68 143.71 143.62 143.57 143.59 143.47 143.41 143.40 143.33 143.25 143.16 143.10 143.04 142.98 142.92 142.83 142.76 142.73 142.68 142.64 142.59 142.57 142.52 142.49 142.47 142.45 142.44 142.41 142.42 142.42 142.40 142.38 142.37 142.38 142.36 142.56 142.34 142.35 142.35 142.38 142.41 142.45 142.51 142.59 142.70 142.78 142.83 142.98 143.08 143.17 143.25 143.37 143.48 143.58 143.70 143.79 143.95 144.10 144.18 144.24 144.33 144.66 144.31 144.50 144.55 144.58 144.67 144.60 144.68 144.80 144.86 144.85 144.84 144.86 144.80 144.84 144.80 144.80 144.76 144.77 144.70 144.67 144.60 144.56 144.49 144.42 144.35 144.30 144.27 144.18 144.16 144.14 144.00 143.92 143.88 143.77 143.73 143.66 143.58 143.56 143.53 143.54 143.44 143.49 143.47 143.52 143.50 143.51 143.52 143.51 143.44 143.49 143.44 143.43 143.39 143.26 143.31 143.28 143.05 143.13 143.10 143.07 143.03 143.01 143.04 143.11 143.12 143.16 143.21 142.96 143.24 143.38 143.41 143.40 143.52 143.59 143.64 143.53 143.72 143.76 143.77 143.68 143.76 143.75 143.80 143.84 143.81 143.85 143.81 143.77 143.82 143.83 143.78 143.77 143.78 143.73 143.69 143.71 143.65 143.63 143.61 143.47 143.55 143.53 143.47 143.52 143.50 143.57 143.61 143.59 143.67 143.68 143.64 143.74 143.71 143.65
143.86 143.75 143.74 144.33 143.74 143.76 143.75 143.71 143.67 143.63 143.57 143.47 143.44 143.35 143.31 143.27 143.20 143.15 143.04 142.94 142.80 142.89 142.85 142.81 142.77 142.75 142.70 142.70 142.69 142.65 142.63 142.60 142.58 142.56 142.54 142.52 142.51 142.52 142.51 142.51 142.51 142.53 142.54 142.58 142.64 142.68 142.75 142.79 142.90 142.99 143.13 143.23 143.34 143.46 143.60 143.67 143.76 143.86 143.98 144.03 144.13 144.25 144.36 144.47 144.49 144.53 144.67 144.67 144.69 144.71 144.78 144.77 144.85 144.86 144.90 144.96 144.93 144.89 144.89 144.93 144.92 144.90 144.83 144.78 144.73 144.54 144.58 144.54 144.52 144.48 144.45 144.37 144.27 144.22 144.24 144.02 143.98 143.98 143.93 143.86 143.83 143.76 143.69 143.69 143.69 143.65 143.64 143.65 143.63 143.61 143.64 143.62 143.66 143.61 143.59 143.56 143.54 143.48 143.52 143.46 143.39 143.36 143.35 143.28 143.23 143.19 143.13 143.11 143.09 143.10 143.11 143.16 143.21 143.22 143.27 143.35 143.39 143.40 143.48 143.39 143.56 143.45 143.61 143.67 143.60 143.71 143.71 143.72 143.75 143.76 143.74 143.76 143.83 143.83 143.82 143.79 143.80 143.76 143.79 143.81 143.78 143.74 143.76 143.73 143.64 143.68 143.69 143.70 143.55 143.62 143.64 143.67 143.61 143.71 143.77 143.80 143.77 143.80 143.81 143.82
143.91 143.99 143.90 143.96 143.93 143.89 143.85 143.86 143.67 143.72 143.66 143.64 143.63 143.59 143.69 143.43 143.39 143.33 143.23 143.26 143.21 143.12 143.09 143.06 143.02 142.99 142.91 142.93 142.90 142.88 142.84 142.80 142.78 142.76 142.72 142.69 142.69 142.69 142.67 142.67 142.68 142.72 142.76 142.81 142.88 142.94 143.00 143.09 143.16 143.25 143.35 143.39 143.57 143.75 143.87 144.01 144.13 144.28 144.34 144.38 144.42 144.53 144.59 144.60 144.71 144.76 144.80 144.76 144.82 144.89 144.83 144.87 144.96 144.98 145.00 145.03 145.04 145.00 145.01 145.01 145.02 144.96 144.92 144.69 145.33 146.36 144.18 144.56 144.63 144.54 144.56 144.42 144.43 144.29 144.26 144.19 144.11 144.08 144.06 144.01 143.93 143.91 143.86 143.76 143.82 143.73 143.71 143.74 143.72 143.70 143.74 143.74 143.76 143.70 143.60 143.61 143.69 143.59 143.56 143.61 143.57 143.51 143.49 143.36 143.35 143.23 143.26 143.20 143.19 143.12 143.18 143.17 143.18 143.21 143.27 143.26 143.32 143.35 143.32 143.41 143.48 143.48 143.55 143.58 143.53 143.64 143.64 143.67 143.67 143.69 143.74 143.75 143.76 143.79 143.68 143.82 143.80 143.86 143.85 143.84 143.78 143.78 143.86 143.85 143.78 143.86 143.86 143.74 143.83 143.77 143.86 143.85 143.83 143.84 143.84 143.90 143.81 143.82 143.94 143.72
144.09 144.07 144.10 144.06 144.03 144.10 144.04 143.99 144.00 143.95 143.81 143.82 143.84 143.73 143.73 143.66 143.64 143.59 143.56 143.53 143.39 143.42 143.31 143.26 143.25 143.15 143.21 143.18 143.12 143.09 143.06 143.00 143.00 142.94 143.12 142.88 142.88 142.87 142.86 142.88 142.90 142.94 143.01 143.05 143.11 143.19 143.28 143.39 143.47 143.58 143.71 143.85 143.97 144.12 144.27 144.40 144.54 144.65 144.76 144.86 144.92 144.92 144.88 144.88 144.90 144.92 144.91 144.97 145.03 145.02 145.07 145.09 145.07 145.13 145.13 145.10 145.09 145.01 145.14 145.11 145.10 145.05 144.94 144.89 144.88 144.77 144.74 144.75 144.71 144.72 144.63 144.55 144.52 144.43 144.39 144.30 144.26 144.20 144.16 144.06 143.99 144.02 143.97 143.87 143.88 143.87 143.87 143.82 143.78 143.69 143.72 143.82 143.85 143.80 143.76 143.77 143.68 143.72 143.70 143.69 143.65 143.56 143.59 143.54 143.49 143.45 143.44 143.34 143.29 143.27 143.23 143.19 143.20 143.21 143.16 143.27 143.29 143.32 143.14 143.38 143.43 143.50 143.53 143.50 143.54 143.56 143.45 143.64 143.64 143.68 143.67 143.77 143.76 143.80 143.83 143.83 143.85 143.87 143.88 143.93 143.82 143.85 143.86 143.91 143.90 143.90 143.99 143.99 144.00 143.96 144.01 143.97 144.04 144.03 143.94 143.97 143.98 144.08 144.05 144.07
144.11 144.25 144.25 144.20 144.22 144.22 144.18 144.20 144.09 144.20 144.10 144.07 144.03 144.03 143.89 143.82 143.80 143.87 143.88 143.78 143.77 143.75 143.71 143.67 143.57 143.54 143.29 143.48 143.46 143.33 143.42 143.28 143.29 143.21 143.14 143.10 143.12 143.11 143.13 143.14 143.15 143.24 143.30 143.37 143.44 143.53 143.69 143.82 143.97 144.08 144.17 144.25 144.31 144.42 144.50 144.62 144.69 144.74 144.84 144.89 144.92 144.96 144.97 144.98 144.97 145.02 145.05 145.08 145.06 145.13 145.16 145.16 145.22 145.21 145.13 145.19 145.19 145.13 145.15 145.13 145.08 145.06 145.09 145.02 144.92 144.94 144.82 144.78 144.75 144.70 144.69 144.61 144.52 144.50 144.49 144.32 144.34 144.32 144.26 144.22 144.19 144.16 144.11 144.02 144.02 144.07 144.02 143.97 143.95 143.97 143.78 143.81 143.89 143.87 143.89 143.85 143.80 143.82 143.80 143.72 143.67 143.69 143.66 143.66 143.56 143.54 143.53 143.51 143.47 143.44 143.40 143.33 143.33 143.28 143.24 143.21 143.26 143.34 143.40 143.39 143.42 143.43 143.48 143.49 143.51 143.52 143.56 143.61 143.62 143.62 143.69 143.66 143.72 143.79 143.85 143.89 143.87 143.92 144.05 144.00 143.97 143.98 143.98 144.05 144.05 144.10 144.11 144.17 144.14 144.11 144.11 144.18 144.20 144.22 144.31 144.26 144.22 144.24 144.19 144.15
144.41 144.47 144.51 144.42 144.37 144.43 144.60 144.30 144.37 144.37 144.25 144.28 144.29 144.23 144.30 144.30 144.27 144.20 144.29 144.08 143.98 144.08 144.06 144.00 143.92 143.87 143.80 143.72 143.75 143.64 143.66 143.67 143.68 143.56 143.64 143.65 143.55 143.55 143.57 143.59 143.55 143.68 143.73 143.78 143.88 143.94 144.04 144.17 144.25 144.36 144.45 144.52 144.54 144.53 144.61 144.64 144.68 144.73 144.79 144.81 144.80 144.87 144.89 144.94 145.07 145.03 145.06 145.11 145.21 145.17 145.22 145.21 145.22 145.27 145.22 145.19 145.20 145.24 145.22 145.17 145.14 145.14 145.11 145.06 145.00 144.98 144.94 144.92 144.88 144.78 144.68 144.60 144.64 144.64 144.54 144.52 144.46 144.43 144.39 144.33 144.26 144.20 144.15 144.11 144.16 144.16 144.13 144.07 144.07 144.05 144.08 144.01 143.99 143.98 143.92 143.96 143.89 143.87 143.78 143.85 143.73 143.80 143.77 143.68 143.69 143.68 143.66 143.66 143.62 143.57 143.53 143.55 143.51 143.49 143.43 143.45 143.41 143.39 143.36 143.35 143.31 143.31 143.36 143.40 143.45 143.50 143.57 143.60 143.68 143.68 143.75 143.75 143.76 143.79 143.88 143.86 143.98 144.05 144.09 144.13 144.15 144.09 144.20 144.22 144.24 144.30 144.28 144.31 144.21 144.35 144.34 144.32 144.25 144.36 144.38 144.41 144.48 144.35 144.42 144.39
144.64 144.69 144.69 144.63 144.57 144.69 144.70 144.64 144.63 144.67 144.71 144.61 144.62 144.51 144.70 144.55 144.51 144.47 144.40 144.38 144.40 144.17 144.17 144.23 144.14 144.23 144.12 144.44 144.26 144.16 144.22 144.07 144.01 143.97 143.89 143.95 143.88 143.91 143.94 144.02 144.06 144.11 144.15 144.19 144.27 144.32 144.36 144.40 144.46 144.52 144.60 144.72 144.70 144.71 144.72 144.73 144.70 144.71 144.69 144.75 144.80 144.85 144.90 144.91 144.97 145.04 145.09 145.08 145.09 145.14 145.22 145.28 145.29 145.22 145.28 145.30 145.32 145.26 145.22 145.14 145.17 145.13 145.09 145.05 145.08 145.05 145.01 144.95 144.89 144.89 144.81 144.64 144.64 144.63 144.61 144.48 144.49 144.47 144.42 144.43 144.36 144.35 144.29 144.16 144.23 144.22 144.15 144.11 144.10 144.04 144.08 144.08 144.11 144.09 144.04 144.08 144.08 144.00 143.91 143.85 143.89 143.94 143.91 143.82 143.80 143.78 143.74 143.77 143.69 143.68 143.65 143.62 143.64 143.59 143.61 143.59 143.56 143.53 143.52 143.54 143.57 143.60 143.62 143.64 143.67 143.70 143.72 143.74 143.79 143.83 143.81 143.89 143.89 143.94 143.94 143.95 144.07 144.13 144.16 144.14 144.26 144.26 144.23 144.32 144.40 144.45 144.38 144.45 144.52 144.55 144.13 145.12 144.29 143.42 144.50 144.56 144.66 144.63 144.48 144.57
144.78 144.87 144.80 144.83 144.83 144.93 144.77 144.85 144.86 144.85 144.88 144.79 144.81 144.89 144.80 144.84 144.82 144.63 144.70 144.73 144.66 144.75 144.78 144.85 144.71 144.54 144.56 144.56 144.32 144.38 144.39 144.33 144.45 144.49 144.55 144.40 144.34 144.36 144.26 144.37 144.35 144.39 144.48 144.47 144.48 144.43 144.51 144.56 144.60 144.70 144.75 144.77 144.78 144.81 144.83 144.94 144.83 144.84 144.87 144.91 144.99 145.04 145.09 145.11 145.12 145.11 145.10 145.13 145.18 145.12 145.24 145.26 145.27 145.28 145.27 145.31 145.27 145.27 145.20 145.23 145.18 145.18 145.12 145.25 145.09 145.01 144.96 144.90 144.89 144.89 144.82 144.79 144.74 144.68 144.68 144.64 144.72 144.53 144.48 144.44 144.41 144.39 144.37 144.31 144.32 144.32 144.32 144.27 144.21 144.26 144.20 144.16 144.21 144.19 144.17 144.14 144.11 144.13 144.04 144.04 144.02 144.00 143.93 144.02 144.02 143.98 143.89 143.87 143.87 143.80 143.87 143.84 143.85 143.82 143.75 143.78 143.75 143.76 143.76 143.77 143.76 143.82 143.83 143.74 143.81 143.87 143.91 143.93 143.90 143.91 143.96 144.01 144.04 144.07 144.11 144.12 144.16 144.25 144.29 144.33 144.34 144.42 144.44 144.51 144.54 144.53 144.54 144.57 144.62 144.66 144.65 144.70 144.65 144.87 144.88 144.89 144.89 144.87 144.83 144.75
145.02 144.90 144.66 144.54 144.68 144.94 144.84 144.47 144.49 144.86 144.95 144.94 144.96 144.92 144.91 144.74 144.45 144.48 144.38 144.70 144.50 144.60 144.97 145.22 144.82 144.66 144.64 144.76 144.70 144.67 144.65 144.64 144.68 144.59 144.29 144.57 144.48 144.55 144.52 144.48 144.63 144.60 144.53 144.53 144.61 144.69 144.72 144.76 144.80 144.83 144.86 144.90 144.79 144.97 145.01 145.05 145.08 145.09 145.11 145.12 145.16 144.57 144.61 144.99 145.12 145.11 145.12 145.16 145.10 145.12 145.18 145.22 145.23 145.24 145.21 145.23 145.21 145.23 145.27 145.26 145.22 145.13 145.13 145.10 145.09 145.03 144.91 144.89 144.96 144.91 144.91 144.86 144.78 144.68 144.66 144.70 144.70 144.67 144.61 144.56 144.53 144.52 144.46 144.52 144.43 144.41 144.40 144.37 144.36 144.34 144.33 144.30 144.25 144.19 144.18 144.17 144.21 144.13 144.13 144.04 144.07 144.10 144.10 144.11 144.10 144.11 144.08 144.06 144.02 143.97 144.01 143.96 143.92 143.87 143.62 143.82 143.91 143.92 143.96 143.95 143.92 143.93 143.94 143.95 143.97 143.96 144.02 143.99 144.03 143.99 144.07 144.12 144.12 144.16 144.22 144.24 144.28 144.30 144.27 144.34 144.37 144.43 144.52 144.57 144.59 144.60 144.64 144.71 144.71 144.67 144.75 144.68 144.72 144.79 144.76 144.94 145.03 145.00 144.92 144.98
144.81 144.69 144.69 144.78 144.80 144.75 144.71 144.70 144.72 144.70 144.71 144.55 144.78 144.73 144.76 144.84 144.84 144.88 144.87 144.81 144.79 144.88 144.86 144.88 144.91 144.94 144.86 144.65 144.72 144.61 144.65 144.68 144.71 144.71 144.67 144.72 144.68 144.77 144.75 144.75 144.76 144.79 144.79 144.75 144.70 144.73 144.76 144.81 144.84 144.92 144.98 144.95 145.00 145.04 145.09 145.11 145.09 145.14 145.21 145.22 145.27 145.29 145.29 145.31 145.28 145.29 145.36 145.33 145.26 145.23 145.19 145.18 145.12 145.16 145.18 145.04 145.01 145.06 145.16 145.17 145.08 145.14 144.99 144.51 144.80 145.12 143.93 144.14 144.84 143.49 143.94 144.50 144.16 143.74 144.34 143.56 143.72 144.41 144.12 143.76 143.87 143.96 144.09 144.48 144.51 144.42 144.46 144.47 144.47 144.44 144.42 144.41 144.39 144.37 144.31 144.32 144.30 144.29 144.26 144.05 144.56 144.03 144.20 144.17 144.14 144.17 144.14 144.11 144.12 144.13 144.13 144.14 144.12 144.13 144.12 144.12 144.14 144.14 144.10 144.13 144.11 144.09 144.03 144.06 144.08 144.02 143.95 143.97 144.04 144.10 144.14 144.11 144.20 144.26 144.26 144.34 144.31 144.37 144.36 144.38 144.42 144.48 144.50 144.58 144.60 144.66 144.63 144.61 144.65 144.77 144.76 144.78 144.78 144.81 144.83 144.78 144.77 144.89 144.88 144.84
144.02 144.03 144.06 144.11 144.05 144.06 144.08 144.06 144.07 144.09 144.11 144.12 144.14 144.16 144.19 144.22 144.22 144.25 144.24 144.26 144.26 144.28 144.30 144.34 144.37 144.44 144.52 144.62 144.61 144.68 144.78 144.69 144.71 144.88 144.39 144.39 144.22 144.49 143.91 144.04 144.25 144.36 144.79 144.79 144.82 144.89 144.97 144.93 144.76 144.70 144.18 144.11 143.96 144.19 144.71 144.36 144.28 144.28 144.29 144.41 145.01 144.82 144.86 144.86 144.93 144.99 145.09 144.78 144.64 144.38 144.41 144.43 143.98 144.24 144.06 143.76 143.55 143.76 143.52 143.30 143.27 142.97 143.02 142.85 142.85 142.92 142.69 142.67 142.68 142.59 142.66 142.78 142.52 142.52 142.79 142.58 142.62 142.44 142.44 142.47 142.78 142.87 142.86 142.85 142.90 142.98 142.64 143.46 143.53 144.23 144.16 143.52 143.76 144.38 144.03 144.13 143.83 143.96 144.21 143.60 143.65 143.57 143.68 143.72 143.98 144.33 143.81 143.90 143.90 143.89 143.97 143.94 143.94 143.97 143.99 144.00 144.09 144.18 144.27 144.27 144.28 144.28 144.29 144.25 144.27 144.22 144.24 144.27 144.30 144.36 144.36 144.39 144.41 144.43 144.42 144.41 144.41 144.45 144.47 144.43 144.44 144.46 144.49 144.49 144.49 144.49 144.46 144.43 144.41 144.33 144.25 144.26 144.25 144.23 144.21 144.16 144.10 144.05 144.04 144.02
143.73 143.73 143.73 143.73 143.73 143.71 143.73 143.74 143.75 143.77 143.79 143.82 143.83 143.86 143.87 143.91 143.95 143.96 144.03 144.03 144.06 144.07 144.07 144.06 144.05 143.99 144.15 144.11 144.05 143.47 143.36 143.18 143.45 143.56 143.19 143.40 143.15 143.19 143.21 143.12 142.98 143.12 142.90 142.79 142.80 142.97 142.94 142.90 142.98 143.05 143.15 143.27 143.54 143.67 143.30 143.42 143.23 143.10 143.09 143.24 143.11 143.79 143.69 144.49 144.64 144.83 144.99 145.10 145.09 144.79 144.53 144.20 143.92 143.72 143.63 143.42 143.30 143.17 143.09 143.05 143.00 142.92 142.87 142.83 142.77 142.70 142.67 142.63 142.60 142.60 142.61 142.60 142.59 142.56 142.53 142.51 142.48 142.46 142.44 142.43 142.42 142.39 142.37 142.35 142.34 142.33 142.32 142.31 142.32 142.39 142.52 142.70 142.64 142.70 142.53 142.66 142.87 142.93 142.79 142.66 142.60 142.65 142.92 142.74 142.81 142.69 142.79 142.82 142.73 142.80 142.65 142.69 142.81 142.99 142.91 142.88 142.94 142.77 142.85 142.87 143.01 143.34 143.42 143.54 143.97 143.92 144.22 144.40 144.43 144.40 144.38 144.36 144.36 144.37 144.42 144.45 144.43 144.42 144.34 144.31 144.29 144.28 144.25 144.22 144.18 144.15 144.11 144.07 144.05 144.03 143.98 143.97 143.93 143.90 143.88 143.85 143.79 143.75 143.74 143.73
144.10 143.96 144.08 144.23 144.30 144.52 143.26 143.14 143.40 143.58 142.98 143.32 143.13 143.02 143.18 143.36 142.68 142.51 142.49 142.51 142.52 142.72 143.21 142.89 142.92 143.04 143.38 143.13 143.10 143.33 143.29 142.40 142.46 142.76 142.49 142.40 142.38 142.38 142.40 142.43 142.42 142.52 142.46 142.40 142.43 142.38 142.35 142.37 142.36 142.46 142.44 142.41 142.49 142.67 142.67 142.56 142.57 142.60 142.66 142.75 142.79 142.68 142.80 142.70 142.66 142.66 142.93 142.94 143.34 143.56 143.70 144.01 143.78 143.76 143.73 143.86 144.02 144.20 144.27 144.31 144.40 144.46 144.07 143.67 143.25 143.19 143.25 143.33 143.45 143.72 144.17 144.15 142.84 142.64 142.63 142.72 142.65 142.59 142.49 142.43 142.41 142.47 142.39 142.37 142.35 142.34 142.32 142.31 142.30 142.29 142.28 142.28 142.28 142.29 142.29 142.30 142.31 142.31 142.31 142.30 142.32 142.34 142.35 142.33 142.33 142.33 142.32 142.33 142.33 142.32 142.33 142.32 142.32 142.33 142.35 142.34 142.39 142.39 142.38 142.54 142.37 142.37 142.37 142.67 142.69 142.70 142.80 143.09 142.79 142.61 142.75 142.64 142.93 143.02 143.25 143.49 143.02 143.24 143.42 143.52 143.46 143.21 143.33 143.76 143.59 143.65 143.87 144.29 144.07 144.36 144.07 143.84 143.70 143.55 143.70 143.88 143.98 143.66 143.72 143.82
142.23 142.27 142.25 142.26 142.28 142.29 142.28 142.31 142.24 142.21 142.21 142.21 142.22 142.23 142.22 142.21 142.21 142.21 142.21 142.22 142.23 142.27 142.30 142.24 142.24 142.25 142.23 142.21 142.20 142.21 142.22 142.22 142.25 142.29 142.29 142.30 142.32 142.33 142.33 142.32 142.28 142.29 142.25 142.26 142.29 142.36 142.37 142.38 142.35 142.32 142.32 142.32 142.31 142.29 142.27 142.27 142.27 142.31 142.32 142.30 142.24 142.25 142.24 142.23 142.22 142.23 142.23 142.22 142.22 142.22 142.29 142.53 142.59 142.47 142.40 142.38 142.39 142.35 142.33 142.39 142.30 142.27 142.26 142.26 142.28 142.25 142.27 142.33 142.29 142.31 142.25 142.24 142.28 142.25 142.22 142.21 142.21 142.21 142.23 142.22 142.21 142.23 142.24 142.24 142.26 142.23 142.24 142.25 142.27 142.28 142.29 142.27 142.29 142.28 142.28 142.27 142.26 142.25 142.26 142.25 142.29 142.29 142.30 142.29 142.31 142.30 142.23 142.23 142.24 142.23 142.24 142.22 142.29 142.31 142.31 142.32 142.32 142.32 142.32 142.31 142.29 142.30 142.31 142.28 142.30 142.28 142.25 142.26 142.23 142.26 142.23 142.25 142.22 142.23 142.28 142.28 142.26 142.25 142.23 142.24 142.21 142.26 142.26 142.30 142.29 142.30 142.28 142.33 142.34 142.33 142.30 142.32 142.34 142.32 142.32 142.30 142.28 142.35 142.38 142.28
142.46 142.48 142.47 142.45 142.45 142.52 142.53 142.56 142.56 142.56 142.55 142.57 142.56 142.57 142.57 142.57 142.58 142.59 142.58 142.58 142.59 142.58 142.56 142.58 142.58 142.58 142.59 142.61 142.62 142.64 142.65 142.66 142.67 142.68 142.68 142.69 142.69 142.70 142.70 142.70 142.70 142.70 142.71 142.71 142.71 142.71 142.72 142.71 142.71 142.70 142.69 142.68 142.67 142.65 142.64 142.62 142.61 142.60 142.58 142.58 142.59 142.57 142.57 142.56 142.55 142.54 142.53 142.53 142.53 142.53 142.52 142.52 142.51 142.50 142.49 142.48 142.48 142.47 142.45 142.44 142.45 142.45 142.45 142.44 142.46 142.44 142.44 142.45 142.45 142.45 142.45 142.43 142.41 142.42 142.43 142.45 142.47 142.45 142.40 142.39 142.41 142.46 142.46 142.47 142.47 142.48 142.49 142.50 142.51 142.53 142.53 142.53 142.54 142.55 142.55 142.56 142.56 142.57 142.58 142.58 142.58 142.57 142.58 142.57 142.57 142.57 142.58 142.58 142.59 142.60 142.60 142.61 142.61 142.62 142.63 142.64 142.66 142.67 142.68 142.68 142.68 142.69 142.69 142.69 142.69 142.69 142.69 142.69 142.69 142.68 142.66 142.65 142.64 142.63 142.61 142.60 142.58 142.57 142.58 142.60 142.60 142.59 142.58 142.59 142.60 142.59 142.58 142.58 142.57 142.57 142.56 142.55 142.54 142.53 142.52 142.52 142.52 142.51 142.50 142.48
