Mars Surface Radiation Result (absorbed dose in thin silicon slab) (1E-6 Gy/day).
Column 1 is East longitude (°)
Line 1 is North latitude (°)

-179  -177  -175  -173  -171  -169  -167  -165  -163  -161  -159  -157  -155  -153  -151  -149  -147  -145  -143  -141  -139  -137  -135  -133  -131  -129  -127  -125  -123  -121  -119  -117  -115  -113  -111  -109  -107  -105  -103  -101  -99  -97  -95  -93  -91  -89  -87  -85  -83  -81  -79  -77  -75  -73  -71  -69  -67  -65  -63  -61  -59  -57  -55  -53  -51  -49  -47  -45  -43  -41  -39  -37  -35  -33  -31  -29  -27  -25  -23  -21  -19  -17  -15  -13  -11  -9  -7  -5  -3  -1  1  3  5  7  9  11  13  15  17  19  21  23  25  27  29  31  33  35  37  39  41  43  45  47  49  51  53  55  57  59  61  63  65  67  69  71  73  75  77  79  81  83  85  87  89  91  93  95  97  99  101  103  105  107  109  111  113  115  117  119  121  123  125  127  129  131  133  135  137  139  141  143  145  147  149  151  153  155  157  159  161  163  165  167  169  171  173  175  177  179  
--------------------------------------------------------------------------------------------------
-89°N ||     173.53 173.57 173.61 173.62 173.62 173.61 173.61 173.63 173.67 173.70 173.84 173.89 173.87 173.92 174.10 174.19 174.23 174.30 174.32 174.21 174.15 174.29 174.30 174.27 174.22 174.20 174.14 174.16 174.24 174.21 174.29 174.38 174.33 174.27 174.36 174.29 174.21 174.15 174.08 174.03 173.99 173.92 173.87 173.84 173.82 173.82 173.81 173.82 173.81 173.80 173.77 173.77 173.74 173.72 173.72 173.72 173.64 173.62 173.59 173.59 173.57 173.55 173.54 173.51 173.52 173.56 173.57 173.46 173.41 173.42 173.35 173.33 173.33 173.34 173.30 173.27 173.26 173.24 173.23 173.23 173.21 173.23 173.23 173.21 173.23 173.23 173.23 173.22 173.21 173.22 173.23 173.26 173.28 173.29 173.30 173.31 173.30 173.31 173.33 173.33 173.31 173.31 173.30 173.29 173.31 173.31 173.32 173.33 173.34 173.35 173.36 173.35 173.32 173.34 173.38 173.41 173.40 173.40 173.41 173.43 173.44 173.46 173.47 173.49 173.53 173.56 173.56 173.59 173.61 173.63 173.65 173.66 173.67 173.68 173.69 173.72 173.73 173.73 173.73 173.73 173.69 173.69 173.67 173.63 173.65 173.64 173.63 173.61 173.58 173.55 173.55 173.53 173.53 173.49 173.47 173.45 173.44 173.43 173.42 173.43 173.43 173.43 173.42 173.41 173.41 173.40 173.41 173.42 173.42 173.43 173.43 173.45 173.44 173.45 173.45 173.48 173.50 173.51 173.51 173.53
-87°N ||     175.32 175.37 175.37 175.47 175.44 175.51 175.44 175.44 175.42 175.35 175.35 175.34 175.25 175.14 175.09 175.07 175.08 175.09 175.09 175.05 175.05 175.10 175.21 175.25 175.23 175.19 175.20 175.12 175.19 175.06 175.26 175.28 175.14 175.13 175.11 175.10 175.06 175.01 175.05 175.06 175.03 175.07 175.03 175.00 174.97 174.95 174.94 174.88 174.84 174.79 174.67 174.80 174.63 174.39 174.41 174.35 174.24 174.12 174.06 174.03 174.18 173.70 173.76 173.51 173.44 173.42 173.38 173.35 173.34 173.30 173.22 173.15 173.21 173.19 172.94 172.88 172.81 172.72 172.68 172.83 172.54 172.35 172.33 172.24 172.21 172.21 172.24 172.26 172.29 172.32 172.36 172.38 172.40 172.41 172.43 172.82 172.72 172.91 172.79 173.02 173.02 173.02 173.10 173.11 173.15 173.23 173.30 173.46 173.55 173.61 173.48 173.47 173.50 173.53 173.55 173.54 173.60 173.63 173.70 173.71 173.77 173.83 173.84 173.89 173.97 173.96 173.98 174.05 174.12 174.10 174.17 174.18 174.20 174.26 174.39 174.52 174.62 174.75 174.68 174.51 174.37 174.33 174.30 174.26 174.21 174.20 174.15 173.91 173.88 173.86 173.86 173.87 173.91 173.90 173.90 173.91 173.98 174.09 174.18 174.17 174.25 174.32 174.41 174.45 174.57 174.66 174.74 174.78 174.90 174.92 175.07 175.06 175.08 175.07 175.14 175.07 174.87 175.00 175.31 175.49
-85°N ||     174.84 174.84 174.84 174.84 174.85 174.85 174.87 174.91 174.92 174.91 174.92 174.92 174.93 174.99 174.93 174.86 174.87 174.97 174.96 174.96 174.97 174.99 175.02 175.03 175.02 175.03 175.07 175.16 175.22 175.34 175.60 175.63 175.61 175.61 175.64 175.51 175.64 175.55 175.53 175.50 175.67 175.87 175.82 175.83 175.68 175.65 175.56 175.49 175.42 175.35 175.37 175.28 175.27 175.24 175.44 175.50 175.26 175.12 175.17 175.45 175.34 174.55 174.42 174.45 174.57 174.64 174.50 174.59 174.58 174.21 174.31 174.19 173.91 173.83 173.88 173.64 173.94 174.19 174.44 174.09 173.92 173.84 173.89 173.89 173.98 173.84 173.78 173.65 173.64 173.75 173.64 173.68 173.80 173.79 173.79 173.79 173.81 173.86 173.91 174.03 174.01 174.12 174.39 174.66 174.60 174.56 174.54 174.56 174.53 174.59 174.68 174.73 174.79 174.86 174.66 174.71 174.80 174.82 174.76 174.68 174.67 174.70 174.74 174.83 174.93 175.00 175.01 174.95 174.95 174.91 174.87 174.84 174.81 174.82 174.86 174.96 175.45 176.21 176.40 176.27 175.92 175.69 175.58 175.62 175.23 175.02 174.93 174.83 174.88 174.93 174.82 174.84 174.88 175.01 175.15 175.21 175.25 175.28 175.25 175.26 175.25 175.10 174.96 174.90 174.88 174.97 175.02 175.08 175.18 175.34 175.14 175.19 175.14 175.08 175.02 175.00 174.99 174.99 174.89 174.85
-83°N ||     174.89 174.91 174.92 174.94 174.94 174.95 174.96 174.98 175.00 175.02 175.04 175.07 175.09 175.11 175.10 175.11 175.12 175.15 175.18 175.20 175.23 175.26 175.29 175.32 175.36 175.41 175.45 175.50 175.58 175.68 175.63 175.52 175.50 175.47 175.56 175.64 175.62 175.58 175.63 175.69 175.49 175.49 175.49 175.50 175.52 175.54 175.53 175.89 175.98 176.04 175.99 176.01 175.95 175.95 175.96 175.94 175.89 176.08 176.15 176.14 175.88 176.10 176.04 175.97 176.17 176.02 176.03 176.01 176.22 176.04 176.20 176.33 176.40 176.41 176.33 176.27 176.29 176.28 176.27 176.30 176.28 176.27 176.17 176.19 176.20 176.15 176.10 176.08 176.11 176.10 175.93 175.93 176.00 176.19 175.96 175.90 175.82 175.78 175.81 175.72 175.86 175.48 175.61 175.40 175.73 175.91 175.95 175.78 175.70 175.72 175.75 175.85 176.03 176.10 176.14 176.09 175.87 175.88 175.82 175.80 175.74 175.71 175.49 175.42 175.47 175.52 175.52 175.40 175.39 175.51 175.46 175.48 175.62 175.63 175.79 176.15 176.49 176.48 176.49 176.49 176.49 175.90 175.80 175.83 175.79 175.88 175.85 175.79 175.77 175.77 175.72 175.62 175.53 175.48 175.44 175.33 175.29 175.34 175.59 175.86 176.18 176.31 175.92 175.57 175.01 175.01 174.74 174.66 174.64 174.67 174.81 175.00 175.37 175.34 175.10 174.92 174.85 174.82 174.84 174.87
-81°N ||     175.18 175.24 175.24 175.36 175.15 175.21 175.25 175.29 175.34 175.39 175.44 175.50 175.63 175.66 175.50 175.50 175.54 175.58 175.61 175.64 175.67 175.70 175.72 175.75 175.77 175.81 175.86 175.89 175.91 175.93 175.97 176.07 176.06 176.08 176.15 176.11 175.98 176.00 175.99 176.01 176.12 176.02 175.79 175.83 175.69 175.60 175.65 175.79 175.83 175.77 175.89 175.83 175.99 176.42 176.16 176.28 176.45 176.29 176.47 176.45 176.32 176.39 176.42 176.41 176.42 176.41 176.43 176.43 176.40 176.36 176.40 176.33 176.25 176.25 176.27 176.28 176.25 176.26 176.24 176.25 176.37 176.19 176.09 176.06 176.05 176.06 176.05 176.05 176.03 176.02 176.01 176.02 175.94 175.82 175.67 175.43 174.86 174.23 175.00 175.10 175.52 175.79 175.75 175.85 176.06 176.19 176.26 176.37 176.36 176.29 176.16 176.32 176.39 176.44 176.44 176.46 176.47 176.49 176.48 176.48 176.47 176.48 176.46 176.45 176.43 176.37 176.30 176.32 176.35 176.38 176.41 176.46 176.48 176.50 176.51 176.51 176.50 176.28 175.80 175.65 175.61 175.56 175.52 175.65 175.71 175.72 175.66 175.78 175.84 175.91 176.00 176.05 176.10 175.97 176.05 176.19 176.29 176.09 176.01 176.02 176.23 176.05 175.95 175.97 176.05 175.97 176.27 175.83 175.22 174.97 175.01 175.15 175.25 175.42 175.64 175.11 175.21 175.21 175.04 175.10
-79°N ||     175.49 175.53 175.54 175.63 175.62 175.58 175.59 175.62 175.63 175.78 175.68 175.75 175.79 175.81 175.88 175.98 175.93 176.03 175.86 175.98 175.91 175.94 175.92 176.18 176.38 175.83 176.10 176.31 176.30 176.35 176.32 176.32 176.31 176.32 176.34 176.35 176.35 176.35 176.29 176.28 176.28 176.13 176.40 176.45 175.98 176.10 176.09 176.01 175.98 176.05 176.08 176.14 176.37 176.40 176.42 176.47 176.51 176.03 176.36 176.11 176.47 176.39 176.07 176.32 176.33 176.46 176.47 176.45 176.45 176.44 176.42 176.43 176.42 176.43 176.42 176.41 176.42 176.43 176.42 176.33 176.37 176.43 176.33 176.31 176.32 176.40 176.25 176.34 176.27 176.28 176.31 176.24 176.20 176.01 175.40 175.40 175.05 175.46 175.88 176.09 176.04 176.21 176.23 176.28 176.32 176.42 176.34 176.39 176.26 176.39 176.19 176.34 176.26 176.26 176.06 176.00 176.39 176.43 176.50 176.51 176.51 176.51 176.51 176.51 176.51 176.51 176.51 176.51 176.51 176.51 176.51 176.51 176.50 176.51 176.51 176.51 176.50 176.49 176.50 176.50 176.50 176.50 176.45 176.33 176.41 176.13 175.83 175.83 175.82 175.75 175.80 175.88 176.11 176.40 176.45 176.19 176.06 176.37 175.63 175.65 176.08 175.69 175.46 175.34 175.28 175.37 175.24 175.55 175.34 175.30 175.31 175.36 175.46 175.20 175.12 175.23 175.32 175.41 175.41 175.43
-77°N ||     176.10 175.89 175.87 175.85 175.78 175.96 175.94 176.17 176.14 176.16 176.15 176.18 176.34 176.23 176.22 176.26 176.30 176.31 176.36 176.27 176.24 176.26 176.24 176.27 176.25 176.32 176.40 176.43 176.37 176.42 176.41 176.42 176.42 176.41 176.41 176.42 176.41 176.41 176.41 176.41 176.40 176.41 176.38 176.31 176.28 176.16 175.82 176.18 175.74 175.92 176.30 176.27 176.19 175.88 176.03 176.16 176.25 176.19 176.29 176.29 176.42 176.47 176.39 176.44 176.49 176.50 176.49 176.50 176.50 176.50 176.49 176.49 176.47 176.48 176.47 176.47 176.47 176.44 176.36 176.37 176.34 176.28 176.25 176.17 176.30 176.37 176.32 176.34 176.24 176.30 176.30 176.27 176.06 175.95 175.86 175.75 175.35 175.04 175.95 176.40 176.47 176.42 176.37 176.25 176.38 176.33 176.34 176.41 176.28 176.43 176.31 176.27 176.27 176.39 176.50 176.49 176.30 176.23 175.99 175.83 175.76 175.46 175.34 175.77 176.02 176.34 176.49 176.49 176.47 176.40 176.12 176.20 176.15 176.18 176.44 176.47 176.50 176.49 176.42 176.33 176.31 176.33 176.16 176.28 176.49 176.50 176.51 176.49 176.14 176.19 176.27 175.80 176.21 176.40 176.38 175.91 175.67 175.72 175.54 175.57 175.63 175.51 175.50 175.70 175.61 175.57 175.67 175.74 175.76 175.74 175.66 175.74 175.90 175.65 175.67 175.71 175.86 175.97 176.03 175.91
-75°N ||     176.25 176.31 176.18 176.25 176.12 176.14 176.19 176.33 176.32 176.27 176.49 176.27 176.31 176.44 176.44 176.47 176.40 176.44 176.43 176.36 176.36 176.43 176.45 176.49 176.45 176.47 176.48 176.48 176.48 176.47 176.47 176.46 176.47 176.46 176.25 176.43 176.44 176.44 176.43 176.42 176.40 176.38 176.39 176.39 176.41 176.43 176.40 176.36 176.27 176.21 176.22 175.94 175.85 176.09 176.35 176.40 176.40 176.48 176.51 176.51 176.51 176.51 176.51 176.51 176.50 176.50 176.50 176.46 176.46 176.44 176.45 176.40 176.39 176.32 176.28 176.33 176.30 176.37 176.31 176.32 176.35 176.34 176.37 176.33 176.44 176.37 176.37 176.42 176.37 176.37 176.32 176.16 176.09 176.26 176.33 176.35 176.35 176.36 176.39 176.32 176.26 176.31 176.30 176.28 176.41 176.44 176.44 176.35 176.37 176.32 176.27 176.18 175.88 175.91 176.10 175.73 176.01 175.93 175.78 175.90 175.72 175.68 176.17 176.33 176.24 175.85 176.36 176.00 176.13 176.14 176.21 176.36 176.35 176.34 176.30 176.17 176.32 175.76 175.47 175.11 175.05 175.62 176.41 176.45 176.44 176.22 176.44 176.14 176.45 176.47 176.50 176.50 176.50 176.51 176.46 176.14 175.36 175.30 175.29 175.30 175.27 175.41 175.90 175.82 175.93 175.51 175.56 175.71 175.77 175.77 175.82 175.83 175.86 176.03 176.04 176.08 176.16 176.12 176.15 176.18
-73°N ||     176.42 176.26 176.47 176.46 176.46 176.36 176.41 176.47 176.49 176.47 176.35 176.21 175.90 176.34 176.45 176.49 176.48 176.48 176.46 176.42 176.36 176.18 176.45 176.05 176.21 176.45 176.46 176.45 176.46 176.47 176.48 176.47 176.44 176.39 176.33 176.19 176.31 176.45 176.42 176.44 176.44 176.45 176.41 176.43 176.44 176.44 176.44 176.35 176.38 176.04 176.07 175.91 175.95 176.28 176.47 176.50 176.50 176.50 176.49 176.48 176.48 176.49 176.50 176.51 176.50 176.46 176.49 176.51 176.50 176.50 176.51 176.48 176.40 176.41 176.40 176.38 176.36 176.41 176.47 176.34 176.34 176.36 176.38 176.48 176.43 176.49 176.46 176.45 176.45 176.45 176.42 176.40 176.24 176.41 176.40 176.44 176.48 176.49 176.49 176.49 176.49 176.49 176.50 176.50 176.48 176.47 176.50 176.35 176.32 176.26 175.95 175.72 175.88 176.19 176.40 176.26 176.36 176.31 176.36 176.16 176.25 176.04 175.90 175.83 176.05 176.02 176.24 176.25 176.39 176.37 176.36 176.40 176.41 176.45 176.48 176.48 176.48 176.47 176.41 176.24 176.34 175.60 175.77 176.18 176.24 176.24 176.28 176.27 175.83 176.39 176.44 175.90 176.24 176.49 176.45 176.39 176.38 175.97 175.39 175.73 175.53 175.78 176.11 176.05 175.69 175.91 176.17 176.27 176.17 176.35 176.45 176.51 176.42 176.38 176.38 176.36 176.42 176.34 176.35 176.36
-71°N ||     176.47 176.49 176.47 176.44 176.41 176.30 176.19 176.25 176.25 176.23 176.23 176.49 176.31 176.14 175.72 175.73 176.20 176.29 176.30 176.39 176.37 176.33 176.24 176.28 175.68 176.31 176.49 176.49 176.47 176.40 176.43 176.38 176.38 176.44 176.43 176.41 176.38 176.47 176.43 176.43 176.47 176.41 176.45 176.44 176.45 176.46 176.36 176.27 176.30 176.19 175.91 175.94 175.54 176.27 176.50 176.49 176.47 176.45 176.47 176.47 176.44 176.50 176.50 176.50 176.49 176.48 176.34 176.50 176.50 176.31 176.43 176.48 176.45 176.49 176.40 176.38 176.38 176.20 176.08 175.98 175.89 176.33 176.43 176.43 176.47 176.49 176.49 176.48 176.47 176.49 176.38 176.44 176.50 176.50 176.50 176.47 176.45 176.15 176.44 176.51 176.47 176.49 176.50 176.50 176.50 176.50 176.42 175.93 176.14 176.32 176.35 176.39 176.40 176.45 176.46 176.43 176.49 176.44 176.48 176.50 176.48 176.51 176.51 176.49 176.17 176.45 176.16 176.30 176.39 176.39 176.40 176.46 176.36 175.51 176.18 176.32 176.38 176.02 175.96 176.16 175.95 175.94 176.23 176.49 176.50 176.50 176.50 176.48 176.46 176.42 176.48 176.50 176.42 176.42 175.87 175.56 175.70 176.15 176.23 176.42 176.35 176.45 176.44 176.43 176.38 176.41 176.42 176.48 176.50 176.17 176.49 176.41 176.45 176.45 176.49 176.48 176.50 176.48 176.43 176.25
-69°N ||     176.39 176.44 176.50 176.45 176.46 175.36 175.59 176.22 176.06 176.10 176.15 176.30 176.47 176.42 176.26 176.04 175.94 176.07 176.13 176.46 176.50 176.49 176.26 176.01 176.33 176.29 176.47 176.47 176.40 176.14 176.24 176.28 176.22 176.36 176.38 176.41 176.49 176.49 176.50 176.50 176.45 176.50 176.50 176.50 176.50 175.85 176.46 176.51 176.51 176.51 176.50 176.49 176.49 176.46 176.46 176.48 176.47 176.46 176.50 176.50 176.50 176.46 176.47 176.39 176.47 176.47 176.40 176.40 176.44 176.44 176.42 176.36 176.44 176.50 176.49 176.46 176.36 176.39 176.13 176.29 176.36 176.42 176.26 176.34 176.38 176.28 176.32 176.30 176.42 176.49 176.48 176.51 175.97 176.51 176.50 176.50 176.50 176.50 176.50 176.48 176.49 176.50 176.50 176.51 176.48 176.38 176.06 176.48 176.49 176.49 176.49 176.45 176.47 176.43 176.47 176.30 176.25 176.44 176.48 176.42 176.33 176.41 176.39 176.34 176.35 176.39 176.46 176.46 176.38 176.39 176.37 176.47 176.47 176.21 176.13 176.01 175.67 175.95 175.90 176.12 176.24 176.24 176.00 176.09 176.36 176.50 176.50 176.45 176.41 176.47 176.47 176.45 176.49 175.48 176.47 175.84 176.08 175.86 175.83 175.97 176.06 176.30 176.35 176.40 176.47 176.49 176.43 176.32 176.16 176.00 176.47 176.31 176.48 176.50 176.50 176.47 176.44 176.41 176.48 176.47
-67°N ||     175.66 176.36 176.27 176.48 176.51 176.50 176.49 175.86 176.16 176.03 175.97 175.97 176.16 176.20 176.47 176.51 176.45 176.27 176.21 176.05 176.04 175.80 176.08 176.10 176.31 176.29 176.22 176.15 176.11 176.00 176.01 175.89 176.01 175.93 176.30 176.40 176.41 175.91 176.50 176.50 176.51 176.51 176.51 176.51 176.51 176.51 176.51 176.50 176.50 176.50 176.50 176.49 176.49 176.49 176.49 176.47 176.40 176.46 176.43 176.46 176.47 176.48 176.44 176.44 176.47 176.33 174.07 174.11 175.44 176.45 176.49 176.50 176.50 176.50 176.46 176.49 176.43 176.19 176.21 176.05 176.24 176.26 176.28 176.41 176.48 176.47 176.50 176.50 176.48 176.49 176.50 176.50 176.51 176.50 176.50 176.48 176.50 176.50 176.43 176.50 176.42 176.28 176.17 176.19 175.98 176.29 176.33 175.81 175.91 176.28 176.42 176.49 176.50 176.45 176.47 176.46 176.50 176.40 176.37 176.34 176.36 176.37 176.32 176.32 176.36 176.18 176.17 176.02 175.99 176.40 176.41 176.18 176.40 176.42 176.19 176.13 176.06 175.79 176.11 175.62 175.83 176.08 176.09 176.32 176.42 176.39 176.15 176.32 176.48 176.51 176.43 176.08 176.48 176.42 176.35 176.32 176.30 176.02 176.41 176.33 176.40 176.38 176.47 176.50 176.44 176.46 176.47 176.47 176.46 176.47 176.42 176.49 176.50 176.49 176.35 176.31 176.28 176.29 176.33 176.49
-65°N ||     176.47 176.32 176.14 176.37 176.39 176.42 176.15 175.79 176.13 176.08 176.10 175.96 175.94 175.93 176.05 176.24 176.35 176.37 176.43 176.50 176.42 176.37 176.38 176.30 176.42 176.42 176.25 176.05 176.25 176.28 176.15 176.32 176.20 176.33 176.41 176.45 176.46 176.47 176.47 176.49 176.51 176.50 176.50 176.50 176.48 176.48 176.48 176.49 176.49 176.49 176.51 176.51 176.50 176.48 176.49 176.46 176.46 176.46 176.49 176.29 175.67 176.38 176.26 175.97 176.49 176.17 175.66 175.47 176.48 176.49 176.45 176.51 176.51 176.48 176.39 176.42 176.47 176.46 176.31 176.14 176.17 176.34 176.37 176.46 176.50 176.50 176.50 176.49 176.43 176.50 176.50 176.51 176.51 176.50 176.45 176.46 176.38 176.47 176.49 176.49 176.49 176.49 176.47 176.44 176.28 176.42 176.36 176.42 176.41 176.40 176.42 176.36 176.41 176.31 176.41 175.94 175.99 176.26 176.38 176.43 176.43 176.32 176.18 176.21 176.06 176.12 176.15 176.08 176.08 175.89 176.51 176.50 176.50 176.48 175.34 176.30 176.26 176.28 176.25 175.95 175.92 175.94 176.25 176.27 176.29 176.04 175.91 176.38 176.23 176.30 176.28 176.51 176.44 176.42 176.43 176.08 176.40 176.47 176.45 176.50 176.31 176.41 176.35 176.49 176.37 176.37 176.45 176.42 176.44 176.43 176.45 176.49 176.44 176.16 176.46 176.45 176.49 176.45 176.29 176.23
-63°N ||     176.47 176.47 176.22 176.36 176.22 176.40 176.50 176.34 176.28 176.39 176.17 176.32 175.60 176.10 176.07 176.20 176.14 176.10 176.17 176.42 176.46 176.44 176.34 176.40 176.36 176.41 176.42 176.34 176.31 176.35 176.32 176.38 176.46 176.47 176.46 176.37 176.29 176.40 176.46 176.45 176.44 176.49 176.42 176.51 176.50 176.41 176.49 176.50 176.51 176.45 176.49 176.37 175.89 175.79 176.08 176.40 176.40 176.31 176.42 176.39 176.43 176.44 176.36 176.13 175.59 175.95 176.50 175.77 176.50 176.28 176.42 176.50 176.46 176.50 176.44 176.22 176.05 176.16 176.24 176.43 176.45 176.44 176.44 176.46 176.48 176.47 176.51 176.51 176.50 176.51 176.51 176.50 176.50 176.51 176.50 176.48 176.50 176.50 176.46 176.48 176.47 176.48 176.49 176.48 176.50 176.43 176.43 176.33 176.34 176.22 176.38 176.45 176.50 176.20 175.67 175.55 175.49 175.92 176.18 176.26 176.30 176.33 176.28 176.22 175.96 175.84 176.00 176.05 175.99 175.92 176.16 176.49 176.50 176.45 176.50 176.38 176.25 176.34 176.27 175.62 176.48 176.15 176.42 176.38 176.40 176.24 176.15 176.03 175.83 176.03 176.26 176.28 176.42 176.46 176.50 176.41 176.22 176.18 176.36 176.42 176.47 176.45 176.50 176.50 176.38 176.16 176.11 176.32 176.49 176.48 176.44 176.43 176.47 176.41 176.43 176.37 176.50 176.50 176.50 175.88
-61°N ||     176.32 176.05 176.20 176.47 176.51 176.47 176.47 176.42 176.42 176.42 176.36 176.46 176.30 176.43 174.54 176.48 176.49 176.49 175.85 176.41 176.45 176.47 176.38 176.40 176.27 176.27 175.76 176.51 176.27 176.40 176.51 176.46 176.44 176.46 176.27 176.29 176.40 176.47 176.44 176.43 176.48 176.31 176.47 176.33 176.48 175.96 176.45 176.38 176.35 176.36 176.37 176.30 176.32 176.49 176.42 176.15 176.16 176.37 176.16 176.19 176.21 176.39 176.21 176.19 175.88 175.08 175.71 176.38 175.56 175.47 175.87 176.23 176.45 176.00 175.75 176.15 176.48 176.44 176.48 176.50 176.16 176.16 176.48 176.45 176.49 176.47 176.45 176.42 176.50 176.51 176.50 176.50 176.50 176.47 176.49 176.47 176.48 176.51 176.49 176.47 176.40 176.49 176.50 176.50 176.40 176.51 176.50 176.50 176.51 176.50 176.48 176.47 176.42 176.30 176.01 175.83 176.40 176.42 176.42 176.49 174.64 175.75 176.47 176.35 176.17 176.06 175.78 175.61 176.08 175.53 174.83 175.46 175.99 175.83 176.05 176.27 176.33 176.43 176.44 176.36 176.27 176.21 176.17 176.24 176.28 176.22 176.22 176.06 176.13 176.13 176.30 176.28 176.32 176.37 176.39 176.32 175.35 175.69 175.71 175.94 176.18 176.38 176.48 176.51 176.47 176.41 176.23 176.23 176.41 175.77 176.30 176.49 176.47 176.50 176.04 176.17 176.37 176.42 176.39 176.37
-59°N ||     176.19 176.44 176.35 176.27 176.46 176.50 175.98 176.41 176.48 176.30 176.39 176.40 176.48 176.08 176.48 175.81 176.49 176.47 176.49 176.35 176.40 176.39 176.50 176.51 176.22 176.41 176.48 176.48 176.36 176.41 176.43 176.37 176.31 176.45 176.11 176.46 176.46 176.27 176.19 176.27 176.42 176.49 176.37 176.39 176.43 176.48 176.34 176.22 176.02 176.05 176.04 176.04 175.98 175.94 176.24 176.42 176.33 176.45 176.23 176.10 176.37 176.48 174.65 175.53 175.66 174.85 175.20 176.00 175.53 176.27 176.40 175.51 174.40 176.20 175.50 176.22 176.15 176.39 176.48 176.49 176.33 176.36 176.49 176.43 176.45 176.50 176.50 176.47 176.46 176.18 176.50 176.47 176.45 176.48 175.91 176.50 176.50 176.51 175.80 176.47 176.47 176.47 176.50 176.50 176.49 176.48 176.49 176.50 176.50 176.42 176.37 176.22 176.15 176.15 176.32 176.49 176.46 176.45 176.50 176.39 176.39 176.42 176.46 176.16 175.51 175.23 174.99 175.22 174.91 174.26 175.07 175.14 175.72 176.03 175.72 176.16 176.26 176.13 175.71 175.96 175.91 176.02 175.82 175.86 176.19 176.09 176.10 175.69 176.16 176.37 176.07 176.09 176.39 176.46 176.36 176.19 175.97 176.06 175.90 175.92 175.94 176.04 176.19 176.32 176.50 176.48 176.36 176.34 176.41 176.33 176.33 175.93 176.34 176.47 176.33 176.49 176.40 176.50 176.40 176.33
-57°N ||     176.33 176.30 176.01 175.61 176.29 176.20 176.42 176.42 176.21 176.25 176.32 175.79 176.29 176.36 176.13 176.18 176.48 176.38 176.49 176.45 175.92 176.46 176.48 176.48 176.13 176.46 176.51 176.49 176.43 176.14 175.77 176.33 176.45 176.41 176.42 176.20 176.10 176.45 176.39 176.38 176.33 176.47 176.49 176.45 176.42 176.50 176.44 176.40 176.40 175.95 175.92 175.83 176.02 176.07 176.29 176.27 176.45 176.46 176.36 176.27 176.34 174.43 175.96 175.88 174.44 173.95 174.33 174.43 172.06 174.95 173.16 174.98 176.26 176.16 176.28 175.47 174.74 175.56 175.89 174.38 174.26 176.19 176.50 176.50 176.39 176.50 176.49 176.49 176.47 176.46 176.48 176.46 176.48 176.41 176.45 176.43 176.45 176.47 176.49 176.47 176.38 176.43 176.43 176.45 176.44 176.48 176.46 176.40 176.30 176.18 176.05 175.88 175.66 175.40 175.77 176.15 176.03 176.01 175.79 176.19 176.25 176.05 175.24 174.20 173.28 173.35 173.23 173.28 173.25 172.61 174.24 174.65 175.17 174.47 174.91 175.09 175.18 176.13 175.91 176.34 175.85 175.00 176.17 176.34 176.50 176.43 176.33 176.19 176.13 176.33 176.50 176.51 176.48 176.50 176.12 176.47 176.18 176.48 176.28 176.38 176.10 175.97 176.05 176.34 176.50 176.48 176.40 176.38 176.42 176.40 176.24 176.15 176.41 176.44 176.23 176.40 176.40 176.44 176.50 176.28
-55°N ||     176.24 176.20 176.05 175.85 176.45 176.46 176.48 176.46 176.34 176.49 176.51 176.50 176.47 176.48 176.39 176.47 176.30 176.49 176.48 176.49 176.42 176.04 176.04 175.91 175.96 176.44 176.50 176.50 176.44 176.40 176.40 176.39 176.40 176.45 176.09 176.47 176.49 176.30 176.24 176.18 176.25 176.17 176.13 176.26 176.51 176.41 176.37 176.47 176.39 176.19 175.89 175.86 175.82 176.35 175.95 176.19 176.35 176.11 176.13 175.35 176.09 173.99 173.30 174.53 175.64 172.52 172.27 172.49 172.23 172.25 172.28 172.99 174.48 175.77 174.27 174.94 176.22 175.26 175.64 175.77 176.24 176.48 176.45 176.46 176.47 176.50 176.47 176.49 176.46 176.44 176.50 176.50 176.43 176.48 176.48 175.93 175.09 176.49 176.50 176.45 176.49 176.50 176.39 176.33 176.37 176.43 176.38 176.32 176.13 175.88 175.63 175.39 174.89 174.35 174.42 173.82 173.39 172.92 172.75 172.23 172.26 172.18 172.20 172.32 172.53 172.18 172.03 172.00 172.49 172.33 172.89 173.30 173.88 174.80 174.19 174.47 176.02 175.95 176.08 176.33 176.38 176.42 176.49 176.48 175.92 176.37 176.45 176.34 176.48 176.38 176.23 176.22 174.29 175.78 176.33 176.38 176.23 176.26 176.27 175.92 176.23 176.39 176.48 176.42 176.50 176.46 176.49 176.50 176.43 176.50 176.50 176.37 176.28 176.38 176.42 176.44 176.42 176.33 176.45 176.29
-53°N ||     176.13 176.44 176.37 175.39 175.10 176.45 176.36 176.27 176.28 176.42 176.23 176.50 176.40 176.49 176.49 176.48 176.49 176.37 176.50 176.47 176.50 176.35 176.13 176.48 176.47 176.48 175.43 176.49 176.49 176.48 176.38 176.48 176.48 175.67 176.45 176.46 176.40 176.35 176.18 176.18 176.11 176.19 176.34 176.38 176.49 176.49 176.44 176.47 175.25 173.74 176.47 176.46 176.43 176.48 176.33 176.11 176.26 176.41 176.40 176.30 175.65 173.54 173.19 172.66 173.03 172.66 172.30 172.31 172.36 172.40 172.40 172.18 171.97 173.29 175.81 176.02 175.64 174.78 176.22 175.92 175.61 175.89 176.08 176.22 176.43 175.18 175.90 176.46 176.47 176.40 176.50 176.49 176.47 176.45 176.45 176.42 176.50 176.51 176.49 176.50 176.49 176.46 176.48 176.10 176.45 176.37 176.47 176.29 176.20 176.13 175.37 174.94 174.03 173.20 172.79 172.07 172.10 172.22 172.91 173.79 174.37 174.58 174.57 174.56 174.57 174.51 174.41 174.46 174.52 174.46 173.57 172.06 171.93 172.05 174.33 173.47 173.26 174.37 176.22 176.29 176.24 176.49 176.45 176.49 176.42 175.94 176.38 176.43 176.43 176.35 176.50 176.29 175.96 175.63 174.06 176.13 176.27 176.16 175.72 176.11 176.11 176.06 176.08 176.39 176.42 176.50 176.43 176.49 176.39 176.44 176.42 176.45 176.15 176.15 176.44 176.43 176.43 176.37 176.18 176.12
-51°N ||     176.20 176.34 176.44 176.46 175.91 176.00 175.95 176.37 175.92 176.43 176.50 176.39 176.49 176.44 176.48 176.51 176.45 176.37 176.50 176.50 176.50 176.40 176.15 176.01 175.75 176.49 176.35 176.49 176.49 176.49 176.43 176.47 176.48 176.07 176.50 176.35 176.49 176.46 176.31 175.86 175.85 175.70 176.00 176.50 176.50 176.46 176.42 176.47 174.95 174.18 176.37 176.49 176.33 176.15 176.03 175.48 175.13 175.27 176.39 176.39 175.90 175.88 172.92 172.18 172.64 172.20 172.46 172.33 172.33 172.33 172.35 172.46 172.01 171.93 171.97 172.57 175.64 175.46 176.08 176.02 175.75 175.90 176.34 176.45 176.51 175.77 176.34 176.50 176.47 176.47 176.48 176.45 176.40 176.35 176.47 176.41 176.49 176.51 176.50 176.46 176.29 176.51 176.41 176.49 176.49 176.37 176.31 176.10 175.80 175.78 174.33 173.91 173.70 172.29 171.91 172.27 172.95 173.87 174.51 174.45 174.15 173.34 172.87 170.81 171.89 171.86 172.61 172.55 172.96 173.49 172.36 173.80 173.07 173.04 172.75 172.76 174.83 176.47 175.63 175.87 176.14 176.38 175.36 175.91 176.20 176.32 176.47 176.26 176.42 176.30 176.03 175.99 176.14 176.23 176.48 176.21 176.08 175.86 176.09 176.14 176.21 176.33 176.38 176.15 176.20 176.36 176.50 176.13 176.43 176.21 176.46 176.48 176.35 176.43 176.47 176.50 176.41 176.39 176.35 176.23
-49°N ||     176.47 176.50 176.49 176.43 175.53 175.05 174.67 176.13 176.23 176.31 176.36 176.43 176.33 176.34 176.48 176.44 176.38 176.43 176.00 176.18 176.37 176.47 176.08 175.91 176.38 176.26 176.44 176.49 176.49 176.50 176.48 176.48 176.49 175.79 175.83 175.82 176.19 176.18 176.23 175.88 175.73 175.80 175.94 176.44 176.51 176.49 176.48 176.49 176.50 176.50 176.49 176.39 176.11 175.95 176.14 176.36 176.24 176.20 176.46 176.40 174.58 173.77 173.18 172.35 172.27 172.85 172.38 172.43 172.34 172.59 172.64 172.21 172.07 175.08 173.56 175.83 175.55 175.14 176.16 175.89 175.76 175.95 176.29 176.48 176.28 176.48 176.51 174.87 175.76 176.45 176.24 176.43 175.98 175.83 176.44 176.11 176.36 176.15 176.48 176.42 176.48 176.48 176.50 176.40 176.31 176.50 176.46 176.01 175.79 174.94 175.91 174.49 172.52 171.95 172.91 173.89 174.42 174.58 174.05 173.17 170.74 167.96 170.61 170.63 173.82 172.40 171.99 171.39 172.03 172.17 172.01 171.69 172.68 173.78 173.85 172.92 173.10 174.87 174.35 175.61 174.95 175.98 176.45 176.45 176.37 176.33 176.48 176.47 176.34 176.22 176.47 176.38 176.37 176.41 176.44 176.07 176.34 176.45 176.49 176.42 175.85 176.25 176.40 176.23 176.46 176.37 176.03 175.33 176.19 175.60 175.79 176.19 176.25 176.50 176.45 176.25 176.36 176.45 176.50 176.47
-47°N ||     176.34 176.40 176.48 176.47 176.20 175.60 176.29 176.45 176.39 176.48 176.46 176.44 175.95 176.48 176.14 176.29 175.68 175.88 176.30 176.25 176.47 176.19 176.39 176.49 176.48 176.19 176.36 176.50 176.50 176.50 176.50 176.50 176.46 176.32 176.22 176.29 176.43 176.45 176.45 176.33 176.04 175.98 176.23 176.29 176.20 176.48 176.49 176.50 176.45 176.46 176.34 176.25 175.99 175.98 175.84 176.10 176.34 176.20 176.49 176.38 176.28 175.46 176.04 173.45 173.63 172.48 172.80 172.74 172.63 172.78 172.69 172.36 172.12 174.30 173.65 173.82 176.02 176.07 176.30 176.50 176.12 176.35 176.39 176.42 176.50 176.50 176.49 176.49 176.37 176.43 176.37 176.36 175.71 176.37 176.48 176.38 176.49 176.46 176.34 176.25 176.36 176.34 176.45 176.49 175.93 175.90 176.37 176.09 175.31 175.57 175.88 175.13 173.19 172.79 174.21 173.81 172.68 169.09 165.68 171.16 172.84 171.71 169.90 170.39 172.32 173.24 173.82 172.71 172.02 172.44 172.35 172.97 172.93 173.18 174.22 174.45 173.31 171.98 173.49 174.27 174.56 174.83 175.71 176.33 175.83 175.90 176.29 176.13 176.19 176.20 176.19 176.50 176.42 176.45 176.50 176.49 176.41 176.43 176.26 176.48 176.12 175.95 176.49 176.46 176.34 175.99 176.17 175.94 175.60 175.79 175.86 175.92 176.50 176.36 176.45 176.33 176.50 176.47 176.46 176.51
-45°N ||     176.47 176.47 176.46 176.47 176.36 176.41 176.34 176.31 176.20 176.49 176.35 176.49 176.41 176.37 176.40 176.40 176.19 176.37 176.49 176.51 176.47 176.44 175.87 176.44 176.49 176.34 176.51 176.50 176.50 176.50 176.47 176.50 176.48 176.40 176.43 176.42 176.43 176.44 176.48 176.48 176.37 176.32 176.40 176.35 176.26 176.44 176.44 176.35 176.26 176.14 176.08 176.07 176.01 175.61 175.42 176.29 176.46 176.48 176.46 176.36 175.97 176.10 175.35 175.00 174.23 171.95 172.19 173.98 173.68 173.11 172.88 172.56 172.23 173.02 174.03 173.29 176.19 176.23 176.20 174.36 176.45 176.35 176.49 176.50 176.50 176.51 176.51 176.32 176.35 176.41 176.46 176.42 176.07 176.42 176.48 176.38 176.50 176.50 176.47 176.24 176.08 176.44 176.50 176.48 176.29 176.50 176.32 176.08 175.76 175.73 175.55 175.74 173.08 173.03 173.57 172.01 166.61 165.59 170.07 167.97 169.25 167.55 168.31 168.46 169.67 167.65 166.13 171.61 172.79 170.52 172.40 172.73 172.74 173.13 174.27 174.45 174.06 172.17 172.74 173.63 174.58 174.04 175.43 175.79 175.80 176.05 176.02 176.33 176.19 176.14 176.38 176.36 176.12 176.48 176.43 176.50 176.44 176.47 176.17 175.65 176.11 176.33 176.49 175.92 175.69 175.93 176.39 175.69 176.35 176.26 175.96 176.11 176.50 176.51 175.92 176.23 176.26 176.50 176.48 176.51
-43°N ||     176.10 176.48 175.95 176.21 176.10 176.41 176.34 176.36 176.39 176.41 176.42 176.33 176.38 176.26 176.45 176.44 176.50 176.45 176.51 176.51 176.37 176.45 176.49 176.50 176.42 176.44 176.50 176.50 176.33 176.45 176.40 176.49 176.49 176.08 176.40 176.40 176.42 176.46 176.50 176.51 176.28 176.21 175.40 175.44 176.08 176.36 176.29 176.15 176.17 175.97 175.88 175.88 175.79 175.85 175.87 176.35 176.38 176.16 176.47 176.50 176.50 176.48 176.07 176.43 174.05 174.37 172.41 172.02 172.01 171.96 171.94 172.05 173.96 172.95 173.60 176.05 176.16 175.89 176.05 175.87 176.19 172.91 176.40 176.37 176.46 176.47 176.50 176.28 176.33 176.47 176.48 176.33 176.35 176.43 176.45 176.51 176.18 176.51 176.27 176.49 176.48 176.50 176.47 176.29 176.33 176.31 176.38 174.95 176.22 175.76 175.79 175.36 172.48 174.38 172.72 168.73 168.93 170.75 169.37 166.65 168.31 168.51 170.20 167.77 168.38 171.71 171.22 171.57 170.40 171.80 172.31 172.53 173.21 173.88 174.59 174.56 174.07 172.58 172.85 172.72 173.56 173.29 174.51 174.72 175.26 175.51 176.01 176.23 176.13 175.08 175.95 176.14 176.17 176.46 176.48 176.48 176.43 176.43 176.45 176.45 176.37 176.41 176.46 175.64 175.28 175.22 175.77 175.96 176.36 176.17 176.19 176.03 176.33 176.48 176.46 175.76 176.46 176.48 176.35 176.38
-41°N ||     175.84 176.01 175.96 175.29 175.70 176.44 176.39 176.38 175.88 174.91 173.05 173.76 175.96 176.46 176.51 176.37 176.36 176.46 176.24 176.47 176.35 176.48 176.49 176.48 176.43 176.00 176.34 176.41 176.49 176.31 176.21 176.38 176.31 176.32 176.19 176.36 176.40 176.46 176.47 174.94 174.63 174.45 172.40 172.10 172.19 174.81 174.79 174.80 175.55 175.87 175.61 175.85 175.70 175.82 175.80 175.84 175.91 176.25 176.32 176.50 176.41 176.08 176.39 175.52 175.77 174.40 174.66 173.64 172.35 172.16 172.49 173.89 172.98 175.10 175.01 175.05 175.49 172.49 175.61 176.09 176.00 176.15 176.38 176.41 176.48 176.46 176.07 176.14 176.22 176.34 176.47 176.23 176.49 176.46 176.37 176.49 176.41 176.40 176.49 176.51 176.44 176.36 176.27 176.11 176.27 176.38 176.47 175.92 175.98 176.03 175.60 175.11 172.49 174.42 173.32 168.65 168.26 172.40 167.93 167.80 167.74 169.10 167.07 165.89 169.22 171.80 170.36 170.07 171.28 170.41 171.59 172.73 174.14 174.63 174.56 174.39 173.62 172.37 171.92 172.60 172.28 174.97 175.41 175.03 175.90 176.36 175.97 175.84 175.75 175.84 175.98 175.81 175.88 176.47 176.49 176.51 176.48 176.29 176.50 176.50 176.40 176.48 176.38 176.05 175.85 176.02 175.87 175.98 176.43 176.30 176.29 176.47 176.44 176.42 176.42 176.06 176.39 176.21 175.99 176.29
-39°N ||     175.93 175.89 176.17 176.42 175.55 176.10 176.17 176.27 176.47 176.31 174.59 174.54 176.43 176.39 176.42 176.50 176.44 176.40 176.42 176.49 176.42 176.41 176.39 176.44 176.48 176.50 176.43 176.43 176.47 176.44 176.39 174.87 175.91 176.22 176.22 176.32 176.39 176.38 175.88 175.85 175.34 174.01 173.63 173.73 174.15 174.28 174.17 174.44 173.78 174.96 175.65 175.66 175.68 175.76 175.87 175.89 176.05 176.25 176.30 176.49 176.48 176.49 176.37 176.42 176.09 175.88 175.62 172.80 173.31 173.35 173.33 173.38 174.69 175.25 174.85 175.12 175.33 175.75 175.98 175.93 176.02 175.83 175.88 176.34 176.38 176.48 176.28 175.80 176.32 176.32 176.16 176.11 176.20 176.45 176.01 176.50 176.50 176.45 176.47 176.12 176.48 176.31 176.39 176.45 176.41 176.39 176.36 176.23 175.94 175.91 175.88 174.34 172.22 173.26 174.10 168.03 165.70 166.81 170.41 168.39 166.13 167.37 166.30 165.87 168.34 170.27 168.19 169.93 169.22 171.31 172.42 173.84 174.60 174.58 174.24 173.85 173.50 172.93 171.93 173.74 174.23 175.01 175.75 175.71 175.88 175.59 174.60 175.69 176.34 175.92 175.84 175.59 176.04 176.23 176.46 176.30 176.45 176.50 176.24 176.42 176.50 176.50 176.50 176.40 176.33 176.22 175.63 175.92 176.17 176.13 176.20 176.36 176.04 176.16 176.14 176.39 176.29 176.05 175.82 175.59
-37°N ||     175.57 175.80 175.88 176.24 174.31 175.10 175.93 176.47 176.43 176.04 175.86 176.26 176.35 176.43 176.13 176.17 176.17 176.18 176.31 176.40 176.40 176.41 176.42 176.46 176.49 176.38 176.46 176.25 176.19 176.40 176.37 175.86 175.98 175.48 176.06 175.31 175.85 174.00 174.15 175.83 173.98 173.08 174.55 174.58 174.47 174.43 174.64 175.34 174.73 174.70 174.46 175.08 175.64 175.97 175.95 176.09 176.01 176.35 176.40 176.28 176.28 176.51 176.50 176.43 175.83 175.30 175.20 174.93 176.46 174.16 175.30 175.06 174.97 174.49 174.89 175.39 175.61 175.65 175.56 175.95 176.23 176.35 176.48 174.49 176.31 176.43 176.37 176.47 175.79 176.36 176.24 176.09 176.14 176.34 176.50 176.42 176.50 176.49 176.30 176.27 176.46 176.45 176.40 176.46 176.48 176.42 175.26 176.44 176.03 175.62 175.40 175.19 174.05 173.37 174.06 170.33 165.78 162.51 158.13 168.37 167.75 167.45 170.42 166.26 169.62 169.16 170.44 169.83 170.16 170.75 171.48 174.23 174.49 174.28 173.71 173.28 172.50 171.90 172.61 173.63 175.20 175.31 176.08 176.09 176.24 176.06 175.68 175.64 175.71 175.88 175.62 175.89 176.01 176.08 176.23 176.22 175.88 176.20 176.21 176.49 176.48 176.34 176.46 176.44 176.42 176.22 175.59 176.24 176.22 176.06 175.87 175.91 175.95 175.98 176.21 176.25 175.54 175.25 175.52 174.61
-35°N ||     175.53 174.36 175.79 176.35 175.99 176.47 176.13 176.40 176.39 176.11 176.01 176.44 176.41 176.35 176.21 176.27 176.18 176.22 176.37 176.42 176.45 176.45 176.34 176.50 176.36 176.46 176.40 176.34 176.03 176.14 175.93 175.84 175.90 175.70 175.81 175.95 175.38 173.94 174.06 174.02 173.40 174.55 175.25 175.13 174.84 175.10 174.91 174.99 175.25 175.29 175.07 174.21 175.00 175.93 176.16 176.27 176.26 176.27 176.28 176.32 176.40 176.45 176.43 176.20 176.26 176.48 176.47 176.18 176.23 175.00 175.09 174.32 175.54 176.00 175.84 175.54 175.51 175.54 174.94 175.71 176.19 176.41 176.27 176.40 176.34 176.49 176.39 176.48 176.42 176.32 176.35 176.17 176.26 176.46 176.48 176.48 176.39 175.88 176.51 176.49 176.45 176.32 176.38 176.39 176.48 176.50 176.43 176.40 175.57 176.06 176.10 175.51 175.01 174.48 172.36 174.01 168.67 165.47 161.28 160.14 167.94 168.15 159.66 161.32 170.17 169.41 169.89 170.58 170.15 171.04 173.74 174.10 173.19 173.25 172.84 172.31 172.51 171.90 171.91 171.94 174.36 175.65 176.24 176.12 176.32 176.20 176.05 175.94 175.75 175.59 175.86 176.08 176.45 176.33 176.46 176.30 176.47 176.50 176.42 176.24 176.42 176.48 176.16 176.14 176.36 176.37 176.45 176.31 176.28 176.48 175.58 175.68 176.09 176.17 175.98 175.82 174.75 175.17 175.86 176.41
-33°N ||     175.48 175.27 176.40 176.49 176.44 176.37 176.50 176.09 176.14 176.40 176.41 176.44 176.40 176.31 175.84 176.36 176.17 176.12 176.41 176.41 176.37 176.50 176.51 176.51 176.48 176.39 176.40 176.32 176.20 176.03 175.92 175.23 175.60 175.41 175.10 175.30 174.66 173.62 173.46 172.68 172.97 174.61 175.44 175.03 175.73 175.13 175.93 175.98 175.77 175.80 175.27 174.32 173.42 175.15 175.91 176.27 176.25 176.29 176.30 176.28 176.44 176.51 176.21 176.24 176.17 176.12 176.16 176.18 176.25 176.37 176.20 175.11 175.11 175.98 175.09 175.98 175.08 175.65 175.74 175.56 175.93 176.14 175.73 176.28 176.33 176.40 176.43 176.48 176.45 176.39 176.39 176.45 176.45 176.35 176.46 176.40 176.49 176.40 176.50 176.43 176.48 176.44 176.32 176.38 176.49 176.51 176.46 176.49 176.34 176.08 176.22 176.29 176.42 176.00 175.10 172.25 174.14 171.02 167.71 163.74 163.84 159.42 168.64 170.47 169.15 169.16 170.72 170.91 173.41 174.56 174.33 172.95 172.04 171.98 171.93 171.92 172.27 172.03 172.15 172.42 173.79 175.60 176.09 176.22 176.34 176.37 176.25 176.28 176.18 176.03 176.08 176.29 176.41 176.43 176.41 176.38 176.37 176.43 176.33 176.48 176.45 176.33 176.50 176.44 176.47 176.50 176.32 176.25 175.98 176.40 176.09 175.49 176.42 176.05 176.04 175.81 175.56 175.87 176.24 176.12
-31°N ||     175.63 176.33 176.44 176.47 176.44 176.47 176.25 176.45 176.49 176.44 176.49 176.50 176.46 176.32 176.15 176.16 176.17 176.28 176.48 176.41 176.50 176.51 176.51 176.50 176.47 176.46 176.39 176.30 176.12 175.91 175.70 175.58 175.52 174.98 174.84 175.39 174.58 173.43 173.59 172.70 173.80 174.67 175.04 175.58 175.78 175.95 175.96 176.11 176.10 176.17 175.41 174.33 174.73 174.83 174.97 174.92 176.04 176.25 176.36 176.47 176.47 176.40 176.25 176.21 176.05 176.12 176.04 175.88 175.99 176.06 175.94 174.19 176.00 176.23 175.76 176.08 175.95 175.79 175.48 175.50 175.18 175.33 175.86 175.93 176.03 176.40 176.49 176.50 176.48 176.47 176.46 176.43 176.49 176.44 176.41 176.45 176.42 176.46 176.47 176.49 176.48 176.47 176.50 176.48 176.51 176.48 176.44 176.49 176.23 176.03 175.75 176.23 175.87 175.98 174.29 174.32 172.41 172.70 173.34 173.09 169.69 166.04 171.43 170.00 170.92 170.29 171.98 173.63 173.57 172.07 173.05 172.53 171.94 171.98 171.96 172.91 173.07 172.22 172.35 173.35 173.67 176.01 176.02 176.29 175.97 176.45 176.40 176.41 176.40 176.35 176.27 176.40 176.47 176.47 176.50 176.49 176.33 176.44 176.38 176.29 176.43 176.22 175.56 176.39 176.26 176.04 175.89 176.06 176.05 176.12 176.32 176.02 176.37 176.17 176.18 176.19 176.17 176.00 176.04 176.08
-29°N ||     175.66 176.40 176.20 176.47 176.44 176.34 176.39 176.24 176.50 176.46 176.46 176.42 176.38 176.21 176.15 176.20 176.25 176.30 176.37 176.39 176.38 176.51 176.51 176.50 176.49 176.44 176.39 176.24 176.05 175.85 175.65 175.38 175.21 175.17 175.14 174.38 174.44 173.92 172.38 171.35 173.72 174.85 175.25 175.52 175.80 176.01 176.13 176.21 176.26 176.25 176.22 176.12 175.61 175.62 175.53 174.84 175.10 175.57 176.34 176.45 176.49 176.18 176.06 176.12 174.86 176.08 176.22 176.12 175.86 175.91 175.58 174.93 175.64 176.12 175.85 175.37 175.76 175.80 175.05 175.29 175.40 175.38 175.80 175.60 176.32 176.30 176.37 176.48 176.50 176.43 176.19 176.42 176.35 176.37 176.41 176.44 176.43 176.50 176.45 176.51 176.42 176.39 176.48 176.41 176.41 176.34 176.29 176.35 176.50 176.16 176.35 175.86 175.58 175.42 176.31 175.86 173.42 173.72 172.21 172.28 172.61 172.58 173.98 173.37 173.90 174.07 173.61 173.92 172.02 172.07 172.86 173.83 172.75 172.21 172.78 173.96 173.46 173.52 173.80 175.19 175.30 175.83 176.14 176.27 176.30 176.40 176.41 176.38 176.39 176.36 176.34 176.44 176.45 176.49 176.50 176.46 176.26 176.37 176.29 176.25 176.47 176.30 176.17 176.46 176.14 176.44 176.20 175.99 176.26 176.36 176.22 176.33 176.44 176.38 176.09 176.13 176.31 176.17 176.03 175.80
-27°N ||     176.13 176.41 176.33 176.25 176.43 176.44 176.49 176.30 176.48 176.50 176.51 176.28 176.43 176.38 176.15 176.33 176.14 176.46 176.38 176.51 176.51 176.51 176.50 176.49 176.45 176.41 176.35 176.29 176.02 175.80 175.53 175.26 174.85 174.92 174.76 174.95 175.16 173.73 173.43 171.64 174.01 174.90 175.24 175.60 175.87 176.08 176.21 176.28 176.33 176.38 176.38 176.40 176.28 175.89 175.88 175.96 176.15 176.13 176.06 176.05 175.88 176.49 176.02 175.99 176.05 176.03 175.91 175.48 175.96 176.08 176.04 174.61 174.34 173.97 175.25 175.92 175.42 175.38 174.92 174.94 175.01 175.06 175.32 175.78 175.96 176.16 176.17 176.14 176.42 176.46 176.46 176.39 176.37 176.46 176.47 176.42 176.39 176.46 176.47 176.48 176.42 176.14 176.50 176.25 176.30 176.36 176.01 176.49 176.48 176.44 176.19 176.26 175.97 176.12 176.24 176.13 175.91 173.69 173.93 173.21 172.73 172.92 171.98 171.91 171.92 172.15 172.75 172.31 172.02 172.32 173.76 173.01 172.79 173.33 174.67 174.12 176.46 173.87 173.95 176.30 176.05 176.34 176.39 176.40 176.38 176.38 176.38 176.38 176.43 176.45 176.46 176.49 176.41 176.39 176.34 176.44 176.40 176.31 176.34 176.51 176.45 176.42 176.31 176.32 175.91 176.47 176.15 176.22 176.19 176.02 176.14 176.29 176.48 176.44 176.50 176.39 176.41 176.34 176.01 175.96
-25°N ||     175.90 176.48 176.33 176.46 176.38 176.49 176.43 176.22 176.48 176.38 176.41 175.99 176.00 176.15 176.03 176.26 176.20 176.45 176.48 176.42 176.39 176.50 176.49 176.47 176.43 176.35 176.27 176.18 175.94 175.59 175.31 175.05 174.80 174.63 174.58 173.87 174.31 174.66 173.44 173.82 174.30 174.85 175.32 175.63 175.80 176.00 176.12 176.26 176.33 176.33 176.40 176.42 176.29 176.05 175.36 175.94 176.15 176.24 176.24 176.14 175.55 176.33 176.26 176.21 176.09 176.08 176.08 176.45 176.34 176.23 176.17 176.14 175.13 173.47 172.81 175.02 174.68 174.48 173.75 174.72 174.70 174.91 174.01 175.25 174.50 175.96 175.86 175.83 175.88 176.40 176.20 176.30 176.02 176.51 176.40 176.39 176.40 176.50 176.46 176.44 176.38 176.47 176.44 176.40 176.45 176.47 176.26 176.38 176.36 176.49 176.43 176.48 176.31 176.38 175.80 174.97 175.75 174.63 173.96 173.38 172.85 173.30 173.61 172.11 173.04 171.99 171.93 173.53 173.93 174.60 173.95 174.85 174.90 174.23 174.85 176.03 176.21 175.85 176.39 176.30 176.39 176.47 176.50 176.49 176.48 176.41 176.11 176.45 176.47 176.49 176.50 176.50 176.40 176.22 176.30 176.43 176.33 176.41 176.15 176.37 176.32 176.45 176.43 176.31 176.48 176.46 176.22 176.42 176.34 176.08 176.24 176.46 176.50 176.08 176.27 176.36 176.32 175.97 175.58 176.08
-23°N ||     175.87 176.10 176.43 176.44 176.45 176.38 176.30 176.13 175.91 175.92 175.94 176.00 175.66 175.58 176.01 175.84 176.43 176.27 176.35 176.49 176.50 176.49 176.49 176.46 176.40 176.28 176.15 175.93 175.64 175.33 175.02 174.67 174.47 174.36 174.43 174.37 173.48 173.91 173.39 173.70 174.25 174.84 175.17 175.41 175.63 175.81 175.99 176.14 176.28 176.35 176.38 176.44 176.43 176.27 175.79 175.92 176.13 176.14 176.11 175.86 175.27 176.39 176.37 176.33 176.46 176.38 176.22 176.42 176.22 176.24 176.36 175.92 175.71 174.47 173.89 173.39 174.94 174.53 174.76 174.32 174.34 174.62 174.57 173.72 174.89 175.64 175.43 175.22 175.51 176.43 176.12 176.30 176.03 175.82 175.96 176.37 176.42 175.03 175.94 176.47 176.50 176.50 176.43 176.42 176.46 176.47 176.42 176.40 176.28 176.48 176.50 176.39 176.44 176.50 176.50 176.46 176.16 175.87 175.26 174.98 173.71 174.35 173.65 172.97 172.93 172.02 173.14 174.35 174.60 174.97 175.67 175.50 175.16 174.97 176.24 176.44 176.42 176.45 176.42 176.42 176.49 176.51 176.46 176.49 176.50 176.48 176.47 176.44 176.50 176.51 176.50 176.50 176.50 176.51 176.48 176.40 176.46 176.38 176.23 176.39 176.19 176.50 176.49 176.43 176.41 176.34 176.40 176.20 176.37 175.70 176.25 175.24 176.29 176.29 176.30 176.34 176.43 175.83 175.26 176.10
-21°N ||     176.30 176.21 176.45 176.45 176.45 176.43 176.18 175.34 175.70 175.95 176.06 176.06 175.94 176.07 175.98 175.87 176.26 176.46 176.45 176.49 176.49 176.48 176.47 176.42 176.35 176.24 176.00 175.65 175.21 174.82 174.52 174.17 173.96 173.94 174.10 173.58 173.79 173.01 173.19 173.76 174.18 174.61 174.86 175.11 175.39 175.57 175.82 175.99 176.15 176.27 176.33 176.41 176.42 176.24 175.93 176.08 175.85 176.05 175.82 175.53 175.59 175.85 176.43 176.44 176.36 176.45 176.28 176.18 176.24 176.20 175.89 176.03 175.76 175.32 173.81 172.91 173.98 174.47 174.02 173.83 174.15 174.31 174.47 173.86 174.24 173.82 175.22 175.15 175.54 176.07 176.12 176.04 175.83 175.63 176.13 176.32 176.41 176.50 176.50 176.48 176.45 176.41 176.39 176.50 176.50 176.51 176.48 176.33 176.26 176.44 176.30 176.45 176.38 176.46 176.48 176.36 176.22 175.63 175.78 174.96 174.55 174.05 174.43 173.43 174.41 174.48 174.29 176.25 175.63 175.64 175.90 176.10 175.46 176.20 176.46 176.36 176.14 176.23 176.46 176.48 176.50 176.51 176.45 176.31 176.50 176.48 176.48 176.47 176.43 176.51 176.48 176.42 176.22 176.42 176.46 176.41 176.48 176.43 176.27 176.50 176.47 176.49 176.49 176.48 176.42 176.36 176.18 176.32 176.41 175.88 175.71 176.07 176.05 175.74 175.84 176.34 176.44 176.25 176.21 176.32
-19°N ||     176.49 176.49 176.48 176.50 176.33 176.20 175.78 174.45 174.57 175.47 175.59 176.03 175.91 175.92 175.71 175.92 175.89 176.30 176.44 176.50 176.51 176.47 176.43 176.32 176.24 176.08 175.82 175.26 174.46 174.01 173.71 173.57 173.43 173.58 173.83 172.10 173.47 172.92 173.08 173.42 173.62 174.02 174.33 174.62 174.97 175.29 175.59 175.80 176.02 176.15 176.23 176.28 176.34 176.31 176.07 175.77 175.74 175.73 175.82 175.73 175.42 176.32 176.50 176.50 176.46 176.41 176.15 176.06 176.00 176.25 176.07 175.86 175.38 174.29 172.37 172.38 172.52 174.37 173.76 173.69 173.07 173.90 174.19 174.29 173.56 173.36 174.71 175.35 175.25 175.14 175.51 175.77 175.69 175.84 176.27 175.98 176.31 176.46 176.33 176.49 176.47 176.46 176.46 176.45 176.44 176.50 176.28 176.23 176.45 176.45 176.38 176.47 176.48 176.51 176.49 176.35 176.45 176.47 176.46 175.57 175.18 175.07 174.90 174.92 175.24 175.43 176.05 176.07 175.97 176.08 176.16 176.42 176.50 176.22 176.50 176.50 176.37 176.29 176.45 176.48 176.50 176.50 176.45 176.46 176.49 176.49 176.48 176.48 176.50 176.51 176.33 176.19 176.32 176.36 176.48 176.47 176.50 176.47 176.42 176.50 176.50 176.49 176.47 176.45 176.41 176.43 176.50 176.50 176.23 175.82 175.39 175.09 174.92 174.34 175.16 175.01 175.34 175.83 175.54 176.39
-17°N ||     176.48 176.49 176.43 176.40 176.39 176.21 175.24 174.75 174.95 175.16 175.47 175.91 175.75 176.38 175.83 175.09 176.13 176.15 176.41 176.50 176.50 176.47 176.34 176.19 176.06 175.86 175.48 174.47 173.52 172.91 172.82 172.92 173.13 173.32 172.97 172.26 172.72 172.97 172.81 172.68 172.82 173.27 173.72 174.03 174.55 174.94 175.29 175.53 175.80 176.00 176.07 176.19 176.20 176.23 176.00 175.72 175.29 175.31 175.74 175.64 175.42 176.39 176.46 176.42 176.50 173.55 172.16 173.56 176.12 175.90 176.37 175.75 175.53 174.57 172.38 172.53 172.42 174.37 173.51 174.18 173.58 173.83 173.78 173.81 173.68 173.85 174.39 174.40 174.51 175.09 175.75 175.66 175.64 175.75 176.11 175.98 176.39 176.36 176.47 176.13 176.40 176.50 176.47 176.47 176.45 176.41 176.48 176.29 176.48 176.39 176.43 176.46 176.34 176.37 176.48 176.49 176.49 176.32 176.27 176.49 176.22 176.31 176.04 176.11 176.20 175.68 175.83 175.86 175.91 176.15 176.41 176.18 176.34 176.47 176.50 176.47 176.25 176.26 176.45 176.50 176.48 176.48 176.45 176.42 176.49 176.50 176.50 176.50 176.51 176.49 176.50 176.49 176.41 176.43 176.40 176.33 176.49 176.51 176.48 176.39 176.51 176.51 176.46 176.42 176.37 176.44 176.50 176.43 176.17 175.21 175.15 174.69 174.67 174.23 173.81 174.84 174.84 175.42 174.75 176.00
-15°N ||     175.63 176.41 176.11 176.31 176.03 175.76 173.64 174.16 175.30 175.15 175.15 175.86 176.09 176.01 175.79 175.20 176.34 176.08 175.65 176.46 176.51 176.46 176.36 176.21 175.96 175.57 174.82 173.37 171.76 171.25 171.78 172.45 172.66 172.97 173.13 173.07 173.29 173.33 172.55 172.16 172.13 172.79 173.19 173.56 174.10 174.68 175.06 175.33 175.51 175.63 175.63 175.93 176.05 176.03 175.80 175.70 175.38 175.93 175.59 176.08 175.99 174.10 173.24 173.06 172.57 172.29 171.96 172.44 172.39 175.77 175.95 175.09 175.27 174.99 173.21 173.27 172.76 173.33 173.78 173.97 173.81 173.76 173.91 173.45 173.93 174.09 174.04 174.47 174.72 174.92 174.66 175.19 175.38 175.94 176.11 176.09 176.18 176.34 176.49 176.28 176.51 176.49 176.49 176.42 176.46 176.39 176.44 176.43 176.37 176.40 176.44 176.37 176.28 176.27 176.31 176.09 176.48 176.34 176.30 176.31 176.46 176.29 176.31 176.37 176.10 175.98 175.78 175.72 176.33 176.44 176.47 176.28 176.21 176.27 176.35 176.34 176.22 176.32 176.35 176.47 176.50 176.47 176.48 176.49 176.46 176.49 176.51 176.50 176.49 176.28 176.49 176.41 176.37 176.23 176.50 176.47 176.43 176.38 176.45 176.50 176.50 176.48 176.43 176.48 176.49 176.45 176.49 176.47 176.39 175.07 174.38 172.76 173.48 173.81 174.74 173.39 174.29 172.71 176.00 175.79
-13°N ||     175.26 175.51 175.92 176.20 176.02 175.37 174.51 173.62 174.09 173.72 174.42 175.40 175.64 175.37 175.41 175.26 175.99 176.06 176.20 176.42 176.50 176.48 176.38 176.21 175.89 175.38 174.46 172.33 169.78 169.25 170.65 171.95 172.36 172.47 172.57 173.36 173.09 173.05 172.37 172.05 172.10 173.45 172.66 173.22 173.81 174.34 174.84 175.13 175.34 175.48 175.50 176.05 175.60 175.54 172.51 173.99 173.27 174.54 173.41 172.90 173.68 176.42 176.40 176.47 173.36 172.16 173.31 173.50 176.31 172.26 175.19 175.50 175.00 174.51 174.27 173.37 173.59 172.83 172.39 173.59 173.73 173.70 173.78 173.77 174.29 174.12 173.76 174.29 174.79 174.12 174.55 174.78 175.21 175.66 175.00 175.85 176.08 176.28 176.38 176.38 176.38 176.46 176.50 176.46 176.39 176.33 176.41 176.40 176.35 176.31 176.28 176.37 176.19 176.35 176.31 176.35 176.42 176.46 176.39 176.39 176.43 176.21 176.38 176.37 176.49 176.28 176.24 176.22 176.37 176.46 176.35 176.20 176.06 176.22 176.29 176.39 176.20 176.29 176.46 176.47 176.45 176.48 176.44 176.48 176.47 176.49 176.49 176.47 176.46 176.43 176.47 176.41 176.38 176.38 176.48 176.48 176.47 176.42 176.49 176.49 176.50 176.47 176.45 176.40 176.48 176.24 176.21 176.02 175.53 174.30 173.70 173.12 172.94 173.17 173.30 172.92 172.63 173.15 172.61 173.16
-11°N ||     172.69 173.49 172.48 172.37 174.81 174.95 174.36 173.47 174.06 174.02 174.45 174.60 174.49 175.21 174.87 175.04 175.25 175.84 176.06 176.33 176.48 176.51 176.40 176.21 175.78 175.27 174.41 172.57 169.85 167.88 168.93 171.93 172.25 172.26 172.15 172.91 172.82 172.49 171.94 171.66 172.20 172.60 172.53 173.12 173.61 174.07 174.79 174.98 175.17 175.37 175.25 175.80 174.35 172.76 173.01 173.06 173.88 174.63 174.50 175.50 176.02 176.15 176.29 176.39 176.51 176.49 176.51 174.81 175.89 176.06 172.35 174.50 172.29 173.12 173.95 173.16 172.63 173.06 172.65 172.52 173.54 173.51 173.37 173.65 173.54 173.73 173.16 173.95 173.75 174.32 174.28 173.79 175.10 175.38 175.68 175.75 175.59 175.91 176.44 176.48 176.37 176.33 176.49 176.49 176.46 176.37 176.37 176.41 176.31 176.32 176.35 176.37 176.38 176.28 176.38 176.43 176.37 176.47 176.50 176.50 176.50 176.47 176.48 176.50 176.50 176.17 176.36 176.14 176.38 176.39 176.44 176.33 176.11 176.24 176.21 176.36 176.32 176.48 176.51 176.50 176.39 176.44 176.48 176.47 176.46 176.47 176.50 176.48 176.50 176.50 176.37 176.38 176.21 176.42 176.39 176.45 176.51 176.48 176.46 176.29 176.48 176.35 176.11 176.32 176.26 174.44 176.11 175.57 175.12 173.94 173.48 173.35 172.60 172.80 172.47 172.24 172.22 173.61 173.14 173.96
-9°N ||     174.59 173.94 174.04 173.11 172.44 174.50 173.44 174.08 173.41 173.12 174.08 173.80 174.41 174.63 174.59 175.08 175.06 175.57 175.84 176.24 176.41 176.51 176.46 176.27 175.93 175.39 174.63 173.82 170.29 166.78 166.77 170.69 172.10 172.10 172.18 172.04 172.54 172.28 172.32 171.94 172.09 172.80 174.54 175.96 175.02 174.12 174.72 175.27 175.22 175.55 173.90 171.95 171.96 172.79 173.57 175.16 174.30 175.01 174.92 175.98 176.15 176.20 176.21 176.46 176.49 176.39 173.93 175.60 172.80 175.24 172.40 172.34 172.55 172.03 172.38 172.74 173.53 172.92 172.85 172.01 172.53 173.62 173.23 173.16 173.29 173.23 172.72 173.80 173.68 173.70 173.18 174.65 174.65 174.82 175.40 175.83 175.72 176.00 176.44 176.46 176.34 176.22 176.49 176.50 176.50 176.42 176.37 176.49 176.02 175.71 176.40 176.21 176.44 176.43 176.46 176.41 176.41 176.42 176.49 176.50 176.40 176.47 176.50 176.44 176.43 176.49 176.50 176.41 176.38 176.39 176.49 176.43 176.12 176.46 176.43 176.26 176.51 176.48 176.46 176.48 176.41 176.39 176.32 176.42 176.43 176.48 176.50 176.38 176.43 176.49 176.33 176.39 176.21 176.46 176.46 176.50 176.47 176.28 176.48 176.21 176.08 174.50 173.70 175.00 175.10 173.71 173.83 174.24 173.63 173.49 173.11 172.75 172.42 172.27 172.02 172.04 173.63 176.19 173.25 173.63
-7°N ||     173.42 173.55 173.84 173.83 171.93 172.21 173.06 172.91 172.24 172.59 172.88 173.52 173.98 174.07 174.12 173.93 174.18 175.08 175.61 176.02 176.32 176.49 176.50 176.33 176.03 175.64 175.07 174.51 170.98 167.78 168.47 170.04 171.70 171.99 172.20 172.45 171.93 171.95 172.44 171.94 175.27 175.69 173.07 176.09 175.49 174.35 175.52 174.26 174.07 174.54 175.39 174.92 175.87 172.87 174.08 174.18 173.61 175.69 175.85 176.26 176.32 176.33 176.45 176.49 175.28 173.60 173.09 173.22 176.44 176.35 173.54 172.40 172.31 171.99 172.20 171.95 172.34 173.28 173.37 172.88 172.69 172.97 172.82 173.38 173.17 173.43 173.77 174.06 174.17 173.91 174.09 173.75 174.66 174.84 174.88 174.73 174.71 175.73 176.28 176.14 176.49 176.47 176.40 176.50 176.38 176.50 176.51 176.47 176.48 176.49 176.50 176.50 176.48 176.32 176.41 176.41 176.41 176.50 176.51 176.50 176.35 176.33 176.31 176.28 176.44 176.50 176.49 176.51 176.40 176.40 176.45 176.45 176.31 176.27 176.43 176.37 176.46 176.45 176.42 176.48 176.39 176.40 176.25 176.28 176.32 176.29 176.11 176.19 176.22 175.93 176.22 176.11 176.23 176.46 176.35 176.32 174.51 175.55 175.58 175.67 174.52 173.78 174.02 174.38 173.08 172.50 172.96 172.55 172.48 172.56 172.48 172.50 172.22 171.96 171.93 171.90 172.25 172.84 172.90 173.40
-5°N ||     173.23 172.93 172.65 172.75 173.30 171.92 171.94 171.95 171.92 172.46 172.92 174.09 173.66 173.29 172.82 172.54 172.56 173.41 175.36 175.41 176.03 176.34 176.49 176.45 176.25 175.91 175.50 174.70 173.48 171.69 170.25 170.53 171.69 171.85 172.28 172.58 172.55 173.66 172.86 172.14 172.54 172.89 173.35 176.15 175.72 175.69 174.82 175.46 175.63 175.13 174.75 176.17 173.85 174.26 174.63 175.22 175.54 176.09 174.14 174.26 176.42 176.46 176.44 176.48 176.30 176.48 176.08 176.34 176.39 176.19 175.45 173.93 172.67 174.50 174.60 172.40 172.01 171.91 173.96 173.49 172.27 172.38 172.50 172.82 173.01 173.45 173.89 173.83 173.44 173.73 174.02 174.19 173.89 174.86 174.86 174.54 174.70 174.78 175.45 175.26 176.21 176.46 176.50 176.49 176.42 176.50 176.51 176.50 176.51 176.50 176.42 176.38 176.45 176.43 176.39 176.39 176.31 176.39 176.28 176.48 176.39 176.43 176.42 176.40 176.45 176.44 176.25 176.48 176.40 176.41 176.48 176.45 176.48 176.34 176.40 176.50 176.34 176.46 176.46 176.42 176.45 176.34 175.88 175.80 175.93 176.11 175.08 175.59 176.15 176.34 176.44 176.43 176.33 176.48 176.50 176.25 172.89 174.45 172.18 173.07 173.53 174.12 174.09 172.94 172.92 172.14 172.11 172.26 172.29 172.10 172.13 172.06 171.92 171.93 171.93 171.91 171.91 171.99 172.35 172.81
-3°N ||     172.76 172.86 172.35 172.28 172.58 171.93 171.93 171.91 172.12 172.09 173.48 174.89 173.01 171.96 172.02 171.90 173.73 175.29 173.47 174.47 175.20 176.08 176.21 176.49 176.43 176.19 175.85 175.11 174.45 173.09 172.00 171.80 171.48 171.46 172.38 172.88 173.24 173.43 173.46 172.99 172.76 173.40 173.81 174.72 175.00 175.05 175.59 175.62 175.47 175.17 174.98 174.77 175.23 174.88 175.24 175.67 176.09 176.37 176.47 172.29 176.39 176.49 176.50 176.20 176.39 176.32 174.49 176.02 175.86 175.31 174.84 174.41 172.29 173.39 173.68 172.35 172.71 172.39 173.07 172.89 172.48 172.48 172.14 172.40 172.89 173.19 172.93 173.37 173.41 173.54 173.70 174.02 174.24 174.35 174.65 174.74 175.58 174.74 174.75 174.64 176.04 176.33 176.49 176.46 176.31 176.46 176.48 176.42 176.45 176.45 176.34 176.33 176.41 176.45 176.49 176.35 176.20 176.40 176.29 176.49 176.47 176.44 176.41 176.29 176.40 176.49 176.42 176.46 176.47 176.37 176.45 176.44 176.47 176.43 176.42 175.65 176.40 176.22 176.34 176.45 176.34 176.29 175.41 175.41 175.99 174.78 175.17 175.90 176.23 176.40 176.41 176.50 176.50 176.49 176.37 175.58 173.03 172.87 172.82 173.64 172.66 172.88 172.96 173.12 172.68 172.09 172.36 172.88 171.96 171.92 171.94 171.91 171.90 171.90 171.90 171.90 171.90 171.92 172.17 172.26
-1°N ||     172.11 172.23 172.13 171.95 171.93 171.94 171.94 171.96 171.92 172.71 173.86 175.20 172.58 171.96 171.92 172.31 173.47 172.71 172.97 174.39 174.77 175.34 175.81 176.30 176.50 176.34 176.00 175.46 174.85 174.12 173.02 172.38 170.85 169.23 172.60 173.09 173.39 173.68 173.85 173.88 173.92 174.77 175.11 175.38 175.60 176.00 176.19 176.30 176.39 176.31 175.28 176.25 172.55 175.69 175.78 175.98 176.41 176.49 176.50 175.46 176.45 176.37 176.28 176.35 176.22 176.15 176.16 174.74 174.41 174.66 173.58 174.25 172.23 172.34 172.69 172.65 172.99 172.86 172.72 172.45 172.14 172.00 172.21 172.72 172.59 172.67 172.98 173.38 173.63 173.72 173.57 173.29 173.93 174.06 174.54 174.72 175.75 174.79 174.82 174.70 176.02 176.21 176.35 176.44 176.30 176.38 176.41 176.31 176.28 176.23 176.13 176.16 176.49 176.50 176.50 176.41 176.30 176.48 176.49 176.50 176.51 176.45 176.45 176.41 176.50 176.50 176.50 176.48 176.10 176.28 176.42 176.21 176.44 176.35 175.74 175.92 176.17 174.74 176.30 176.40 176.25 176.13 175.25 175.15 175.04 174.66 174.91 176.13 176.03 176.40 176.42 176.42 175.83 175.76 175.13 172.95 172.27 172.03 172.41 172.49 171.95 172.16 172.62 172.67 172.06 172.28 172.98 172.28 171.95 171.91 171.91 171.90 171.90 171.90 171.90 171.90 171.91 171.91 171.95 172.04
1°N ||     172.01 172.31 171.96 171.90 171.90 171.92 171.94 172.16 171.92 172.36 173.61 173.55 172.24 171.94 171.92 171.95 172.08 172.38 174.48 173.41 174.31 174.31 175.75 176.42 176.50 176.47 176.22 175.61 174.92 174.65 174.22 173.65 171.27 168.52 169.47 173.38 173.55 173.70 174.04 174.38 174.78 175.08 175.30 175.57 175.87 176.19 176.35 176.47 176.49 176.06 176.21 175.61 175.47 175.78 176.01 176.34 176.48 176.49 176.48 176.19 176.32 176.29 175.53 176.30 176.21 176.07 176.20 173.66 175.49 174.88 173.92 172.47 172.58 172.52 173.47 173.01 172.94 172.73 173.38 171.97 173.27 171.92 172.33 172.86 172.62 172.42 172.92 173.43 173.21 173.63 173.67 173.41 173.82 173.84 173.97 174.58 174.77 175.47 175.40 175.72 175.77 175.68 175.99 175.36 176.29 176.42 176.36 175.97 176.13 176.17 176.11 176.44 176.25 176.44 176.51 176.48 176.51 176.49 176.47 176.50 176.49 176.49 176.50 176.50 176.50 176.51 176.49 176.39 176.34 176.26 175.69 175.98 175.28 175.34 174.98 175.30 175.74 175.85 175.49 175.95 175.20 175.08 174.43 174.48 174.27 175.03 175.97 176.07 175.99 176.29 176.05 175.39 173.74 173.24 173.11 172.89 172.25 172.00 172.12 171.96 172.09 172.09 172.29 172.01 172.02 172.25 172.57 171.99 171.93 171.92 171.91 171.90 171.90 171.90 171.90 171.90 171.90 171.90 171.91 171.93
3°N ||     171.91 171.91 171.91 171.92 171.95 171.97 171.96 171.94 171.91 172.33 172.69 172.53 171.93 171.97 171.95 171.91 171.91 173.33 173.67 172.77 173.27 175.05 176.05 176.48 176.44 176.45 176.43 175.09 174.93 175.01 174.89 175.01 174.53 170.95 172.59 173.67 173.42 173.56 174.09 174.56 174.96 175.17 175.34 175.32 176.13 176.35 176.49 176.50 176.40 175.48 175.46 176.48 176.26 176.36 176.48 176.49 176.45 176.40 176.36 176.13 176.10 176.30 176.40 175.43 175.11 175.88 175.67 174.78 174.63 173.99 173.67 173.20 172.16 172.23 172.23 172.27 171.95 171.95 172.18 172.02 172.81 173.01 172.29 172.62 172.84 172.49 173.06 173.62 173.37 173.38 173.14 173.39 173.54 173.80 174.04 174.51 174.58 175.11 174.82 175.21 175.20 175.21 175.24 175.65 175.63 176.29 176.06 175.51 174.80 176.16 176.09 176.32 176.48 176.49 176.51 176.41 176.48 176.49 176.50 176.49 176.51 176.50 176.50 176.51 176.51 176.51 176.47 176.41 176.26 176.14 174.73 173.74 173.16 172.95 172.28 172.93 174.95 175.19 175.49 174.91 174.81 174.33 174.02 174.36 174.51 175.46 175.59 175.84 176.01 176.29 175.02 172.92 173.16 173.55 173.35 172.34 172.12 171.99 171.97 171.94 172.17 171.94 171.98 171.95 171.97 172.17 172.05 171.94 171.93 171.92 171.91 171.90 171.90 171.90 171.90 171.90 171.90 171.91 171.91 171.91
5°N ||     171.91 171.92 172.11 171.94 171.98 171.99 171.97 171.96 171.93 171.92 171.99 172.09 171.97 172.02 172.02 171.97 172.19 173.79 172.20 172.47 173.73 175.83 176.39 176.50 176.44 176.41 176.48 176.16 175.03 174.93 175.13 175.49 175.69 175.43 174.61 174.00 173.21 173.02 174.21 174.81 175.19 175.38 175.47 175.26 176.23 176.50 176.48 176.37 176.07 175.10 174.60 176.48 176.49 176.39 176.27 176.02 176.14 176.10 176.04 175.84 175.28 176.02 176.34 176.17 175.93 175.22 174.72 174.47 174.34 173.53 172.62 172.29 172.56 172.45 172.21 171.99 172.01 172.62 172.86 172.83 173.13 172.57 172.91 172.66 172.41 172.70 172.80 173.47 173.27 173.43 173.53 173.46 174.08 174.18 174.26 174.31 174.39 174.35 174.66 175.15 175.12 175.21 175.39 175.26 175.43 175.49 175.39 175.58 175.43 176.31 176.21 176.51 176.49 176.50 176.43 176.50 176.50 176.48 176.50 176.50 176.51 176.50 176.49 176.50 176.43 176.50 176.47 176.35 176.09 175.45 173.85 172.07 172.15 172.15 172.13 172.03 172.28 173.37 173.97 174.14 174.24 173.62 173.93 174.53 174.42 175.31 175.64 175.55 176.21 176.12 173.00 173.22 172.87 172.78 172.55 172.45 172.06 171.98 171.95 171.94 171.96 171.98 171.95 171.95 171.95 171.95 171.95 171.95 171.93 171.92 171.92 171.91 171.90 171.90 171.90 171.90 171.90 171.90 171.91 171.91
7°N ||     171.92 171.92 171.94 171.95 171.98 171.99 171.99 171.98 171.96 171.91 171.93 171.94 172.02 172.07 172.08 171.99 172.33 171.92 171.94 172.42 174.48 175.65 175.49 175.90 176.10 176.16 176.37 176.46 174.64 174.79 175.11 175.79 175.98 175.80 175.27 174.43 172.16 172.15 174.68 175.14 175.39 175.54 175.64 175.84 176.45 176.51 176.46 176.26 175.91 175.30 174.56 174.42 176.16 176.20 176.20 176.16 175.99 175.79 175.58 175.38 175.25 175.65 176.22 175.68 174.94 174.63 174.13 173.89 173.73 173.16 172.39 172.29 172.24 172.22 172.16 172.43 172.58 172.75 171.98 172.14 172.09 172.70 172.55 172.54 172.70 173.17 173.14 173.52 173.25 173.67 173.44 173.60 173.68 173.44 174.31 174.50 174.69 174.28 174.89 175.42 175.42 175.31 175.13 175.34 175.50 175.13 175.88 174.66 175.43 175.26 175.81 176.24 176.43 176.40 176.44 176.44 176.43 176.50 176.50 176.49 176.50 176.50 176.49 176.44 176.14 176.51 176.47 176.30 175.46 173.31 172.04 172.21 172.18 172.17 172.17 172.12 172.10 171.93 173.23 173.31 173.12 173.50 174.22 174.06 175.31 175.78 175.67 175.05 175.55 175.58 173.32 172.65 172.50 172.31 172.37 172.27 171.97 171.94 171.97 171.94 171.95 171.97 171.95 171.96 171.94 171.94 171.95 171.95 171.95 171.94 171.94 172.03 171.91 171.90 171.91 171.90 171.90 171.91 171.91 171.92
9°N ||     171.92 172.01 171.92 171.93 171.99 171.98 171.99 171.98 172.02 171.92 171.90 172.00 172.08 172.11 172.09 171.93 171.92 171.91 171.97 173.25 173.62 174.28 174.57 174.99 175.43 175.91 176.24 176.47 175.16 175.06 175.56 176.16 176.15 176.20 175.98 174.86 171.46 169.53 173.92 175.39 175.53 175.71 175.88 176.13 176.43 176.51 176.43 176.19 175.88 175.24 174.55 174.39 174.81 175.95 176.02 176.01 175.85 175.60 175.39 175.08 174.75 175.00 175.29 175.12 174.88 174.01 173.14 173.04 172.89 172.46 172.24 172.20 172.08 172.19 172.03 172.06 171.99 172.15 172.10 172.51 172.48 172.63 172.76 172.55 172.49 172.76 172.95 172.61 172.93 172.89 173.36 173.52 173.84 173.65 174.02 173.37 174.31 174.67 174.82 174.60 174.58 175.61 175.94 176.03 175.24 174.98 174.82 175.68 175.81 176.01 176.08 176.01 176.25 176.11 176.35 176.45 176.50 176.50 176.50 176.43 176.51 176.51 176.47 175.98 176.49 176.51 176.43 176.08 174.83 172.07 172.10 172.23 172.24 172.23 172.19 172.16 172.13 172.04 171.90 172.17 172.64 172.98 174.28 174.86 174.90 175.10 174.24 173.73 174.10 174.06 172.90 172.31 172.34 172.34 172.00 171.94 171.97 171.97 172.03 172.01 172.22 172.10 172.15 172.06 171.97 171.95 172.01 171.97 172.04 172.11 172.11 171.92 171.92 171.90 171.92 171.90 171.90 171.91 171.91 171.92
11°N ||     171.93 171.93 171.97 171.94 172.00 172.01 172.04 172.02 172.09 172.05 172.00 172.13 172.15 172.14 172.11 172.08 171.92 171.93 171.97 172.77 173.22 173.59 174.29 174.92 175.50 175.87 176.32 176.47 176.18 176.33 176.29 176.28 176.29 176.29 176.34 176.28 172.15 166.67 168.00 175.37 175.65 175.84 176.03 176.25 176.42 176.50 176.37 176.12 175.68 175.26 174.70 174.33 174.43 175.67 175.83 175.85 175.66 175.39 175.23 174.95 174.67 175.20 175.39 174.50 173.93 173.37 172.51 172.15 172.02 172.05 172.16 172.11 172.10 172.21 172.46 172.17 172.02 172.34 172.57 172.36 172.59 172.74 172.99 173.12 172.77 172.65 172.58 172.63 172.82 173.09 173.35 173.48 173.42 173.41 173.20 174.04 173.61 174.71 174.53 174.38 174.68 174.76 175.29 176.00 175.03 175.20 173.44 175.18 174.43 176.10 175.84 175.91 175.98 175.75 176.07 176.28 176.50 176.45 176.37 176.50 176.50 176.51 176.50 176.48 176.50 176.46 176.26 175.69 173.82 171.92 172.22 172.26 172.29 172.23 172.17 172.16 172.10 172.06 171.93 171.99 172.24 174.14 173.61 173.99 174.50 173.52 172.86 172.56 172.58 172.47 172.19 171.98 171.92 171.91 171.95 171.92 171.95 171.94 172.09 172.25 172.47 172.75 172.64 172.54 172.37 172.26 172.22 172.21 172.16 172.19 172.89 171.99 171.93 171.93 171.93 171.90 171.90 171.91 172.07 171.91
13°N ||     171.91 171.94 171.91 172.04 171.99 171.99 172.04 172.07 172.09 172.12 172.16 172.20 172.19 172.18 172.16 172.08 172.01 171.92 172.90 172.73 173.05 173.88 174.42 174.83 175.55 176.01 176.30 176.46 176.42 176.41 176.36 176.35 176.35 176.38 176.45 176.48 176.06 168.36 169.60 174.54 175.48 175.99 176.21 176.34 173.88 176.46 176.27 175.99 175.58 175.27 174.61 174.38 174.32 175.53 175.67 175.58 175.37 175.16 175.01 174.82 174.73 174.59 174.19 174.55 173.52 172.37 172.03 171.92 171.90 172.07 172.12 172.13 171.96 171.99 171.99 171.99 171.94 171.98 172.61 173.15 173.16 172.78 172.98 172.80 172.83 172.82 172.18 172.75 172.10 172.99 173.47 173.34 173.32 172.96 173.16 174.15 174.11 173.95 173.73 173.66 173.82 174.95 175.24 175.08 174.87 174.59 174.87 174.35 173.41 175.35 175.49 174.98 175.70 175.83 176.01 176.21 176.37 176.31 176.22 176.28 176.26 176.49 176.50 176.50 176.48 176.42 176.10 175.14 173.11 171.93 172.23 172.25 172.23 172.20 172.16 172.15 172.12 172.08 171.97 171.92 172.01 173.00 172.79 172.64 172.67 172.50 172.54 172.00 172.15 171.95 171.92 171.91 171.90 171.92 171.92 171.91 171.90 171.97 172.33 173.04 173.87 174.27 173.69 173.63 173.16 172.85 172.71 172.41 172.45 172.37 172.30 172.61 172.00 171.94 171.92 171.93 171.90 172.02 172.75 172.34
15°N ||     171.97 171.95 171.95 172.04 172.01 171.98 172.06 172.13 172.15 172.18 172.22 172.27 172.27 172.25 172.25 172.13 171.92 171.95 172.66 172.68 174.29 175.86 171.72 171.06 173.70 176.13 176.37 176.43 176.49 176.46 176.44 176.40 176.40 176.42 176.45 176.48 176.48 175.84 174.07 174.47 175.65 176.11 176.33 176.43 176.50 176.33 176.15 175.86 175.56 175.30 174.75 174.39 174.21 175.38 175.40 175.43 175.26 174.99 174.81 174.77 174.62 174.63 174.75 173.96 172.27 171.96 171.91 171.90 171.91 172.02 172.14 172.13 171.99 171.95 172.01 171.96 172.34 172.00 172.16 172.29 172.51 172.70 173.85 171.95 172.63 172.80 172.67 172.83 172.78 172.77 172.14 172.63 173.18 173.36 173.54 173.72 173.61 173.46 173.32 173.06 173.46 173.52 174.61 174.78 174.59 174.53 174.82 173.31 173.97 175.76 175.37 175.29 175.13 175.14 175.91 176.00 176.17 176.32 176.29 176.29 176.40 176.33 176.44 176.41 176.19 176.23 175.85 174.42 172.36 172.18 172.20 172.16 172.22 172.18 172.15 172.13 172.09 172.07 171.98 171.90 171.95 172.00 172.18 172.24 172.30 172.24 172.11 171.99 171.91 171.90 171.91 171.92 171.92 171.94 171.94 171.94 171.90 172.01 172.80 173.81 174.59 175.01 175.41 175.00 174.59 173.55 173.10 172.80 172.76 172.58 172.47 172.40 172.12 171.96 171.97 172.05 171.92 171.91 172.17 172.14
17°N ||     171.93 171.97 171.99 172.04 171.92 172.04 172.06 172.10 172.18 172.21 172.25 172.30 172.32 172.32 172.35 171.97 171.91 171.97 172.26 172.24 175.00 170.72 166.96 166.24 168.49 174.94 176.39 176.41 176.30 176.48 176.50 176.44 176.42 176.43 176.45 176.48 176.48 176.42 175.82 175.74 176.08 176.22 176.36 176.45 176.50 176.32 176.04 175.72 175.44 175.16 174.91 174.21 174.35 175.66 175.63 175.09 175.10 174.91 174.81 174.70 174.55 174.29 173.81 172.62 172.14 171.91 171.91 171.95 172.04 172.06 172.03 172.08 172.05 171.99 172.00 171.99 171.93 171.92 171.96 172.33 172.59 173.25 172.67 172.57 172.89 172.74 172.68 172.07 172.81 172.55 172.65 172.78 173.37 173.43 173.16 172.91 173.11 173.06 173.08 172.76 172.81 173.14 173.98 174.23 173.60 173.70 173.70 173.82 175.09 175.51 175.20 175.15 175.43 175.68 175.78 175.91 176.16 176.48 176.34 176.29 176.26 176.28 176.31 176.27 176.21 176.04 174.89 174.09 172.17 172.08 172.17 172.18 172.17 172.14 172.13 172.13 172.09 172.03 171.97 171.92 171.91 171.91 171.92 171.91 171.92 171.91 171.90 171.91 171.92 171.93 171.95 171.95 171.96 171.99 171.97 171.97 171.92 172.05 172.82 174.40 175.24 175.83 176.13 176.11 175.67 174.13 173.40 173.23 173.24 172.95 172.65 172.34 172.09 171.97 172.03 171.94 171.91 171.91 171.90 172.06
19°N ||     171.94 171.97 172.02 172.04 172.07 172.03 172.05 172.12 172.19 172.24 172.28 172.34 172.36 172.37 172.40 172.01 171.91 172.13 173.28 172.67 174.64 170.86 167.04 166.43 168.09 175.76 176.23 176.11 176.09 176.22 176.49 176.47 176.39 176.36 176.36 176.46 176.49 176.48 176.33 176.26 176.31 176.34 176.38 176.45 176.50 176.41 175.95 175.63 175.27 175.13 174.91 174.13 174.71 174.52 175.71 175.40 175.09 174.96 174.75 174.71 174.31 174.29 173.31 172.17 171.93 171.92 171.99 172.03 172.12 172.13 172.19 172.14 172.12 172.07 172.03 171.91 171.91 171.90 171.98 172.15 172.48 172.75 172.77 172.43 171.99 173.04 172.82 173.23 172.82 172.65 172.58 172.55 172.20 172.89 172.96 172.75 172.89 172.89 172.94 172.80 172.76 173.48 172.05 173.50 173.10 174.17 174.62 173.89 174.69 174.87 175.16 175.38 175.72 175.81 175.79 175.44 176.27 176.02 176.32 176.04 175.86 175.59 176.25 176.21 176.13 175.90 175.11 175.34 173.02 171.93 172.00 172.13 172.10 172.10 172.09 172.06 172.06 172.04 171.99 171.97 171.96 171.95 171.99 171.95 171.95 171.95 171.98 171.98 171.99 172.01 172.03 172.02 172.07 172.05 172.04 171.99 171.93 172.08 173.42 174.94 176.03 176.36 176.42 176.26 176.17 176.31 174.14 173.73 173.46 173.16 172.78 172.39 172.11 171.98 171.95 171.90 172.12 171.92 171.91 171.94
21°N ||     172.06 172.01 172.01 172.09 172.14 172.14 172.13 172.18 172.26 172.28 172.34 172.37 172.40 172.41 172.41 171.99 171.95 172.77 173.24 172.48 173.17 173.11 170.48 169.47 171.54 176.38 175.74 175.76 175.89 176.17 176.43 176.50 176.38 176.27 176.17 176.11 176.47 176.48 176.44 176.39 176.38 176.39 176.41 176.46 176.50 176.43 175.63 175.65 175.44 175.17 175.16 174.57 174.06 173.73 175.50 175.41 175.32 175.07 174.97 174.61 174.34 174.19 172.75 172.12 171.91 172.03 172.07 172.10 172.16 172.18 172.18 172.17 172.10 172.11 172.06 171.94 171.93 171.94 171.92 172.17 172.47 172.35 172.27 172.48 173.08 172.93 172.58 172.79 172.67 172.50 172.66 172.65 172.85 172.92 172.54 172.70 172.87 172.79 172.82 172.81 172.71 173.36 173.82 173.04 174.11 173.77 173.23 175.37 174.65 173.85 175.47 175.69 175.81 175.67 175.58 175.41 176.05 176.04 176.50 175.75 175.66 175.73 176.37 176.20 175.91 175.91 175.22 175.46 174.58 173.32 171.96 171.94 171.95 171.98 171.98 172.04 172.03 172.03 172.03 172.01 172.02 172.05 172.05 172.05 172.06 172.05 172.08 172.09 172.09 172.07 172.10 172.08 172.10 172.06 172.08 172.08 172.00 172.02 173.69 175.62 176.43 176.49 176.50 176.50 176.32 175.70 174.74 174.23 173.80 173.27 172.73 172.41 172.16 172.02 171.92 171.91 172.26 171.93 171.93 171.96
23°N ||     172.02 172.05 172.07 172.12 172.15 172.20 172.23 172.28 172.31 172.33 172.37 172.38 172.40 172.40 172.41 172.00 171.95 173.04 172.49 172.10 172.07 173.78 173.88 174.75 176.05 174.53 175.29 175.48 175.75 176.25 176.47 176.50 176.41 176.21 176.05 175.99 176.39 176.48 176.46 176.39 176.39 176.30 176.42 176.47 176.48 176.34 176.14 175.85 175.69 175.44 175.26 175.04 174.61 173.94 174.53 175.09 173.56 172.05 172.44 173.77 174.15 174.63 172.67 172.08 171.90 172.01 172.10 172.14 172.19 172.22 172.19 172.23 172.09 172.27 172.14 172.04 172.01 172.02 172.01 171.95 172.16 172.71 173.14 172.64 172.92 172.87 172.73 172.58 172.61 172.93 172.47 172.42 172.51 172.70 172.34 172.26 172.05 173.22 172.44 172.51 172.82 173.26 173.76 173.27 173.24 173.42 173.44 174.01 174.75 174.35 175.01 175.53 175.54 175.82 175.84 175.79 175.55 176.07 176.48 175.85 175.70 175.95 174.33 175.05 176.01 176.05 175.68 175.32 175.13 174.15 173.24 172.54 172.04 171.92 171.92 171.98 172.02 172.04 172.07 172.08 172.08 172.15 172.10 172.16 172.18 172.21 172.23 172.20 172.27 172.22 172.23 172.21 172.20 172.21 172.23 172.17 172.13 171.94 173.84 175.78 176.35 176.50 176.51 175.75 176.31 176.28 175.31 174.47 173.72 173.26 172.73 172.37 172.06 171.95 171.90 171.98 171.91 171.93 171.95 172.00
25°N ||     172.05 172.07 172.06 172.15 172.22 172.22 172.27 172.29 172.30 172.34 172.37 172.38 172.38 172.39 172.40 172.02 172.12 172.65 172.51 172.88 172.04 172.31 172.33 172.38 173.22 174.23 175.58 175.31 175.97 176.37 176.51 176.48 176.35 176.15 175.99 175.65 175.68 176.45 176.47 176.38 176.42 176.38 176.43 176.01 176.51 176.31 176.03 175.89 175.78 175.65 175.84 175.36 175.26 173.62 175.35 175.26 175.13 175.23 173.32 172.17 172.22 173.46 172.45 171.92 172.01 172.12 172.16 172.18 172.21 172.24 172.24 172.22 172.19 172.15 172.05 172.08 172.07 172.11 172.18 171.94 171.91 172.38 172.58 172.28 172.50 172.51 172.37 172.48 172.43 172.81 172.53 172.13 172.43 172.38 172.35 172.42 172.19 172.44 172.64 172.46 173.37 173.28 172.95 173.26 173.55 172.71 173.01 174.16 173.63 173.95 174.90 174.47 174.67 174.63 173.97 175.71 175.37 176.29 176.01 176.44 176.23 176.29 176.20 176.03 175.99 175.85 175.94 175.81 174.95 175.38 173.57 172.61 172.62 172.01 171.93 172.00 172.04 172.12 172.14 172.16 172.21 172.23 172.26 172.31 172.37 172.43 172.46 172.47 172.46 172.42 172.38 172.36 172.38 172.34 172.30 172.25 172.17 172.08 172.78 175.03 176.40 176.50 175.81 169.55 175.64 176.34 175.25 174.30 173.77 173.16 172.49 172.45 172.02 171.93 171.90 171.91 171.93 171.94 171.99 172.01
27°N ||     172.11 172.14 172.15 172.15 172.25 172.22 172.30 172.33 172.33 172.34 172.36 172.37 172.37 172.37 172.38 172.10 172.03 172.63 172.50 172.62 172.76 172.58 173.91 173.46 173.41 173.97 174.59 175.79 176.22 176.44 176.50 176.44 176.31 176.10 175.66 175.60 175.83 176.49 176.50 176.45 176.48 176.48 176.49 176.04 176.45 176.34 176.11 175.98 175.88 176.02 176.23 176.13 175.14 174.58 173.79 173.24 173.48 172.75 172.50 171.92 172.60 173.89 172.00 172.03 172.09 172.12 172.12 172.17 172.23 172.24 172.15 172.22 172.22 172.17 172.07 172.19 172.11 172.14 172.19 172.19 171.92 171.95 172.00 172.00 171.98 172.23 172.49 172.62 172.45 172.41 172.37 172.25 172.38 172.46 172.31 172.55 172.26 172.34 172.89 173.36 172.41 173.58 173.03 172.99 174.32 172.38 174.99 173.88 173.64 174.25 174.33 174.14 174.29 174.46 174.76 174.48 174.71 173.52 175.40 175.96 175.61 174.40 176.06 175.72 175.38 176.21 176.35 175.46 174.35 175.24 173.39 172.84 172.15 171.91 171.98 172.07 172.16 172.16 172.20 172.26 172.29 172.37 172.42 172.53 172.62 172.63 172.67 172.63 172.62 172.57 172.53 172.54 172.47 172.40 172.32 172.27 172.19 172.10 171.92 174.67 176.12 176.47 176.41 176.09 176.42 175.73 174.57 173.91 173.50 172.97 172.81 172.03 171.94 171.90 171.91 171.94 171.94 171.96 172.01 172.07
29°N ||     172.17 172.20 172.23 172.26 172.30 172.30 172.33 172.35 172.36 172.35 172.36 172.38 172.37 172.29 172.38 172.36 172.00 172.25 172.89 172.83 172.80 172.77 173.98 174.26 173.01 173.69 175.33 175.94 176.30 176.49 176.49 176.40 176.30 176.08 175.21 175.52 176.18 176.50 176.50 176.49 176.51 176.50 176.51 176.50 176.44 176.32 176.09 175.92 175.93 176.28 176.21 175.97 175.94 174.52 174.31 174.02 173.98 172.92 172.66 172.19 172.29 171.93 171.95 171.92 171.93 172.04 172.07 172.13 172.20 172.24 172.21 172.25 172.23 172.25 172.23 172.21 172.17 172.19 172.23 172.26 172.25 171.94 171.92 171.94 171.92 172.13 172.35 172.56 172.28 172.42 172.19 171.99 172.22 172.37 172.65 172.45 172.21 172.28 172.81 172.84 173.20 173.01 173.08 172.97 173.64 174.03 174.71 174.29 174.15 174.78 174.22 174.36 173.75 173.03 173.22 173.30 174.34 175.43 175.58 175.68 175.28 175.73 175.91 175.71 175.88 175.17 173.67 172.94 173.04 172.66 172.35 172.13 171.97 171.96 172.03 172.16 172.19 172.25 172.33 172.41 172.49 172.56 172.68 172.76 172.80 172.88 172.85 172.74 172.79 172.71 172.67 172.59 172.52 172.43 172.37 172.33 172.25 172.19 171.99 172.78 174.74 175.82 176.34 176.36 175.89 174.44 173.84 173.50 173.20 172.85 172.29 171.96 171.91 171.91 171.96 172.01 172.01 172.03 172.11 172.15
31°N ||     172.28 172.25 172.30 172.31 172.32 172.32 172.34 172.37 172.38 172.37 172.36 172.38 172.39 172.39 172.39 172.37 172.16 171.93 171.93 171.94 172.09 172.31 173.01 173.09 172.61 175.04 175.62 176.04 176.41 176.50 176.48 176.40 176.25 176.10 175.79 175.83 176.20 176.50 176.51 176.51 176.50 176.48 176.43 176.43 176.36 176.26 176.11 175.88 175.98 176.40 175.97 175.83 175.75 175.35 175.15 174.86 174.33 174.16 173.68 172.30 172.82 171.95 171.91 171.91 171.96 171.97 172.05 172.09 172.12 172.22 172.24 172.23 172.26 172.30 172.27 172.34 172.21 172.25 172.29 172.26 172.25 172.20 172.01 172.18 171.95 171.96 172.08 172.44 172.24 172.03 172.00 172.09 172.25 172.46 171.92 172.15 172.41 172.79 172.95 172.45 173.25 173.14 172.80 172.86 173.45 173.57 174.46 174.41 174.10 174.48 174.64 174.73 173.76 173.30 173.50 173.54 174.62 175.34 175.00 174.87 175.10 173.76 175.60 175.77 174.96 175.36 174.28 172.61 172.83 172.37 172.00 171.91 171.94 172.02 172.10 172.18 172.26 172.36 172.51 172.60 172.67 172.77 173.00 172.89 172.98 173.03 172.99 172.94 172.89 172.81 172.70 172.65 172.71 172.50 172.50 172.43 172.35 172.28 172.11 171.97 172.60 173.52 174.07 174.17 174.25 174.93 173.14 173.09 172.86 172.57 173.24 172.15 171.93 172.20 172.05 171.95 172.11 172.13 172.15 172.24
33°N ||     172.36 172.09 172.30 172.31 172.35 172.34 172.35 172.38 172.36 172.38 172.38 172.40 172.40 172.40 172.44 172.42 172.40 172.18 171.92 172.37 172.13 172.18 172.07 172.29 174.21 175.39 175.80 176.18 176.29 176.51 176.44 176.34 176.14 175.91 175.70 175.79 176.17 176.49 176.50 176.49 176.46 176.40 176.37 176.33 176.38 176.27 176.26 176.32 176.35 176.26 175.98 175.67 175.61 175.70 175.26 174.58 174.22 174.03 174.12 173.94 174.02 173.95 172.80 171.92 171.91 172.03 172.08 172.10 172.13 172.20 172.25 172.34 172.34 172.34 172.32 172.39 172.36 172.38 172.37 172.28 172.36 172.35 172.23 172.07 172.01 171.93 171.95 172.13 171.94 172.14 172.17 172.58 172.17 172.18 172.28 172.44 172.35 172.85 172.48 172.48 173.46 173.59 173.09 173.86 172.40 174.23 174.04 174.64 174.14 175.11 175.42 175.06 174.19 173.82 174.13 174.72 174.79 174.42 174.93 173.80 174.03 173.76 173.93 175.13 174.45 173.36 173.25 172.47 172.12 171.91 171.90 171.95 172.00 172.08 172.16 172.26 172.37 172.54 172.65 172.72 172.85 172.91 172.99 173.06 173.18 173.05 173.00 172.98 172.94 172.74 172.80 172.75 172.67 172.57 172.47 172.55 172.52 172.43 172.34 172.25 172.11 171.99 171.95 171.94 172.65 173.54 172.09 172.41 172.54 172.19 172.08 171.93 172.02 172.06 172.13 172.17 172.20 172.26 172.29 172.34
35°N ||     172.42 172.37 172.37 172.35 172.37 172.36 172.37 172.37 172.37 172.38 172.40 172.40 172.41 172.40 172.44 172.41 172.45 172.39 172.20 174.03 172.63 172.35 172.58 173.81 175.65 175.41 175.84 176.21 176.46 176.48 176.31 175.98 175.60 175.39 175.25 175.22 175.58 176.04 176.48 176.44 176.36 176.32 176.28 176.30 176.46 176.48 176.17 175.99 176.22 176.29 175.98 176.05 176.21 176.06 175.51 174.60 174.12 173.81 173.77 173.66 173.60 173.72 172.84 171.94 172.00 172.05 172.09 172.09 172.14 172.20 172.22 172.36 172.31 172.38 172.40 172.46 172.45 172.52 172.46 172.41 172.39 172.36 172.38 172.06 171.99 171.91 171.91 171.91 171.95 171.96 172.38 172.27 172.20 172.20 171.92 172.52 172.56 172.64 172.37 172.66 172.75 172.84 172.94 173.12 173.24 173.95 174.38 173.10 174.48 175.35 174.03 175.19 175.07 175.26 175.44 175.54 175.13 174.78 174.52 173.30 173.18 173.38 172.20 172.55 172.85 172.41 172.24 172.11 171.94 171.91 171.94 172.01 172.05 172.14 172.21 172.35 172.47 172.64 172.77 172.87 172.92 172.98 173.12 173.20 173.25 173.22 173.13 173.11 172.98 172.95 172.86 172.65 172.75 172.64 172.62 172.61 172.55 172.48 172.48 172.40 172.34 172.23 172.19 172.16 172.06 172.01 171.93 171.93 172.00 171.96 171.99 171.91 171.98 172.11 172.16 172.20 172.26 172.35 172.41 172.44
37°N ||     172.49 172.39 172.40 172.35 172.40 172.38 172.39 172.39 172.37 172.38 172.39 172.40 172.41 172.39 172.38 172.38 172.37 172.33 172.31 172.48 172.54 172.79 173.46 174.31 175.22 175.33 175.81 176.19 176.43 176.41 175.87 175.28 174.65 174.24 174.25 174.62 174.99 175.12 175.88 176.47 176.39 176.18 176.15 176.18 176.25 176.35 176.24 176.13 176.00 175.58 176.22 176.31 176.39 176.45 176.08 175.25 174.21 173.90 173.81 173.86 173.64 173.80 172.34 171.91 171.99 172.04 172.08 172.11 172.14 172.23 172.25 172.32 172.35 172.44 172.46 172.54 172.61 172.59 172.59 172.52 172.55 172.52 172.46 172.43 172.29 172.21 172.18 172.09 171.98 172.14 171.94 172.00 172.24 172.30 172.11 172.25 172.38 172.23 172.50 172.41 172.37 172.09 172.63 172.29 172.42 172.59 173.40 173.83 174.20 174.87 175.16 175.34 175.35 175.65 175.64 175.64 175.38 174.26 172.10 172.55 172.91 173.34 172.90 173.18 172.25 172.10 172.00 171.96 171.90 171.93 171.99 172.07 172.13 172.19 172.34 172.47 172.54 172.71 172.82 172.98 173.05 173.17 173.27 173.28 173.31 173.34 173.29 173.19 173.16 173.04 172.99 172.93 172.88 172.77 172.86 172.83 172.69 172.56 172.57 172.46 172.36 172.31 172.19 172.15 172.05 172.02 171.95 171.91 171.90 171.90 171.95 171.92 171.97 172.18 172.20 172.25 172.36 172.38 172.43 172.44
39°N ||     172.45 172.43 172.44 172.40 172.22 172.40 172.41 172.29 172.40 172.39 172.38 172.38 172.36 172.36 172.35 172.34 172.34 172.37 172.26 172.04 173.28 173.62 173.19 174.13 174.23 175.18 175.59 176.01 176.48 176.16 175.24 174.22 173.52 173.43 173.09 173.37 174.61 174.84 175.23 176.11 176.48 176.14 176.02 176.06 176.23 176.21 176.31 176.46 176.17 176.11 176.12 176.20 176.43 176.48 176.41 175.88 174.86 174.34 174.02 174.07 173.16 173.06 172.94 171.94 172.00 172.07 172.09 172.11 172.18 172.24 172.32 172.39 172.41 172.52 172.58 172.63 172.66 172.70 172.71 172.79 172.61 172.62 172.59 172.56 172.48 172.24 172.31 172.20 172.03 172.02 171.98 171.91 171.91 171.93 171.93 172.05 172.25 172.33 172.04 172.19 172.34 172.06 172.31 172.66 171.92 172.89 173.18 173.32 173.70 173.64 174.33 175.11 173.09 175.44 175.38 174.68 175.07 174.59 172.35 172.19 172.15 172.18 172.13 172.00 171.97 171.94 171.91 171.91 171.92 171.98 172.05 172.13 172.16 172.30 172.40 172.54 172.64 172.73 172.92 172.95 173.22 173.33 173.36 173.36 173.36 173.38 173.31 173.29 173.21 173.27 173.11 173.08 172.97 172.95 172.91 172.88 172.82 172.64 172.47 172.50 172.39 172.33 172.24 172.15 172.06 172.06 172.00 171.96 171.94 171.93 171.91 171.93 172.86 172.21 172.24 172.25 172.36 172.43 172.46 172.43
41°N ||     172.44 172.45 172.47 172.45 172.43 172.41 172.39 172.40 172.39 172.38 172.38 172.38 172.36 172.38 172.33 172.35 172.32 172.20 172.14 172.01 171.90 172.04 172.64 173.18 173.93 174.64 175.11 175.92 176.49 176.05 174.95 174.11 173.81 173.74 172.98 173.41 174.49 175.03 175.50 176.30 176.45 176.05 175.98 176.03 176.27 176.13 176.26 176.44 176.29 176.35 176.34 176.41 176.41 176.34 176.18 176.00 175.29 174.38 174.33 174.45 173.71 172.99 172.94 172.06 171.95 172.10 172.13 172.11 172.21 172.28 172.34 172.45 172.51 172.58 172.66 172.73 172.77 172.79 172.81 172.80 172.78 172.76 172.71 172.84 172.82 172.56 172.42 172.38 172.23 172.25 172.01 172.21 172.06 171.96 172.00 171.90 171.95 171.98 172.12 172.19 172.12 172.12 172.08 172.46 172.03 173.35 173.73 172.80 172.69 173.09 173.60 173.17 172.54 172.22 173.87 173.32 172.12 173.74 172.06 172.18 172.09 172.11 171.91 171.91 171.90 171.92 171.91 171.92 171.98 172.06 172.11 172.14 172.22 172.32 172.50 172.62 172.75 172.82 173.05 173.15 173.23 173.37 173.39 173.38 173.37 173.34 173.36 173.33 173.30 173.23 173.17 173.19 173.18 173.09 173.00 172.91 172.83 172.77 172.66 172.55 172.43 172.32 172.26 172.18 172.09 172.09 172.07 172.03 172.03 171.97 172.01 171.90 172.09 172.15 172.24 172.31 172.33 172.43 172.42 172.47
43°N ||     172.45 172.49 172.49 172.46 172.44 172.43 172.41 172.40 172.39 172.39 172.38 172.41 172.39 172.40 172.34 172.33 172.27 172.19 172.04 171.92 171.92 172.06 172.50 172.98 173.53 174.05 174.74 175.34 176.23 176.47 175.83 174.96 174.50 174.36 174.26 174.41 174.97 175.32 176.41 176.34 175.83 175.61 175.83 175.88 175.85 176.24 176.07 176.43 176.30 176.28 176.35 176.26 176.48 176.30 175.75 175.90 175.66 174.77 174.21 173.44 173.51 173.37 172.90 172.07 171.95 172.13 172.21 172.23 172.28 172.35 172.47 172.54 172.66 172.71 172.96 172.79 172.87 172.82 172.89 172.90 172.87 172.86 172.77 172.79 172.83 172.65 172.60 172.44 172.39 172.42 172.34 172.29 172.29 172.20 172.09 171.95 171.91 171.92 172.05 172.07 172.16 172.11 172.05 172.06 172.04 172.02 171.98 172.01 173.28 173.47 173.87 171.99 173.52 174.06 171.96 171.92 172.01 172.14 172.14 171.94 171.92 171.92 171.93 172.10 171.92 171.92 171.93 172.01 172.08 172.11 172.09 172.22 172.24 172.37 172.52 172.70 172.81 172.84 173.04 173.18 173.30 173.36 173.32 173.22 173.37 173.33 173.30 173.23 173.34 173.14 173.17 173.16 173.10 173.07 173.08 172.97 172.87 172.83 172.61 172.56 172.44 172.33 172.21 172.18 172.14 172.12 172.07 172.09 172.09 172.01 171.92 171.91 172.19 172.12 172.31 172.31 172.42 172.43 172.47 172.50
45°N ||     172.54 172.53 172.49 172.49 172.48 172.46 172.44 172.41 172.39 172.41 172.41 172.37 172.37 172.35 172.33 172.27 172.18 172.08 171.97 171.91 171.93 172.09 172.44 172.75 173.03 173.40 173.89 174.54 175.44 176.26 176.47 176.46 176.40 175.55 175.01 174.89 175.43 176.32 176.45 176.05 175.58 175.33 175.34 175.18 174.93 174.65 174.51 174.92 175.94 176.34 176.47 176.30 175.74 175.81 175.77 175.35 174.16 174.55 174.16 173.25 172.90 172.34 172.03 171.91 171.96 172.17 172.20 172.31 172.38 172.47 172.52 172.67 172.74 172.82 172.81 172.94 172.94 172.95 173.03 173.03 172.92 172.96 172.92 172.90 172.84 172.80 172.65 172.70 172.62 172.48 172.47 172.54 172.38 172.31 172.29 172.24 172.08 171.99 172.15 172.17 172.03 171.96 171.96 172.08 171.92 172.04 172.05 172.06 172.27 172.20 172.86 171.93 172.13 172.24 171.92 172.03 172.21 171.93 171.92 171.90 171.91 171.91 171.94 171.99 171.99 172.02 172.04 172.05 172.12 172.15 172.20 172.22 172.36 172.43 172.65 172.76 172.88 173.01 173.07 173.18 173.27 173.37 173.36 173.37 173.35 173.27 173.31 173.32 173.29 173.28 173.20 173.25 173.20 173.03 173.09 173.06 172.95 172.79 172.57 172.49 172.43 172.28 172.21 172.18 172.18 172.16 172.16 172.16 172.16 172.13 172.08 171.96 171.95 172.20 172.22 172.26 172.38 172.50 172.50 172.54
47°N ||     172.55 172.54 172.53 172.48 172.47 172.46 172.44 172.44 172.39 172.44 172.42 172.39 172.39 172.33 172.26 172.23 172.11 172.03 171.95 171.91 171.94 172.00 172.18 172.36 172.59 172.86 173.26 173.51 174.02 174.68 175.24 175.45 175.45 175.52 176.35 176.43 176.13 175.84 175.74 175.66 175.39 175.23 175.26 175.13 174.77 174.41 174.38 174.46 175.78 176.29 175.85 175.27 174.10 174.82 174.58 173.43 174.01 172.64 174.02 173.34 172.69 172.13 171.91 171.97 172.11 172.23 172.30 172.36 172.51 172.55 172.68 172.76 172.81 172.88 172.92 172.90 172.84 172.73 173.04 173.06 173.03 173.07 173.00 172.99 172.92 172.89 172.87 172.83 172.76 172.69 172.63 172.60 172.57 172.52 172.37 172.40 172.29 172.23 172.23 172.25 172.19 172.16 172.25 172.11 172.03 172.08 172.03 171.97 172.04 172.00 171.93 171.91 171.95 171.93 171.93 172.17 171.91 171.91 171.91 171.94 171.94 171.97 172.03 171.99 172.07 172.08 172.08 172.10 172.16 172.19 172.29 172.32 172.43 172.51 172.94 172.97 172.90 172.98 173.09 173.17 173.27 173.36 173.36 173.32 173.33 173.31 173.29 173.29 173.21 173.30 173.27 173.25 173.16 173.16 173.15 173.02 172.88 172.74 172.64 172.21 172.28 172.40 172.29 172.28 172.25 172.23 172.24 172.21 172.23 172.22 172.21 172.12 172.16 172.20 172.25 172.37 172.39 172.48 172.51 172.56
49°N ||     172.58 172.56 172.55 172.51 172.52 172.51 172.49 172.48 172.45 172.44 172.45 172.39 172.38 172.30 172.23 172.16 172.06 172.01 171.95 171.91 171.91 171.93 171.98 172.11 172.40 172.61 172.75 172.96 173.14 173.39 173.63 173.88 174.09 174.29 174.55 174.47 174.41 174.48 174.92 175.16 175.18 174.93 174.95 175.32 175.05 174.70 174.62 174.59 173.47 175.66 172.16 171.92 171.91 172.21 172.20 173.32 173.21 173.16 172.57 172.99 172.11 171.92 171.96 172.09 172.15 172.32 172.42 172.53 172.56 172.73 172.74 172.82 172.90 172.93 172.95 172.97 173.02 173.09 173.14 173.13 173.14 173.10 173.09 173.06 173.04 172.99 172.99 172.88 172.85 172.81 172.77 172.70 172.59 172.53 172.48 172.49 172.40 172.42 172.41 172.37 172.23 172.30 172.14 172.21 173.84 172.45 171.99 172.12 172.07 171.96 171.93 171.96 171.94 171.95 171.94 171.97 171.95 171.97 172.00 171.99 171.99 172.02 172.08 172.07 172.07 172.11 172.10 172.15 172.18 172.24 172.34 172.42 172.51 172.63 172.87 172.94 172.90 173.03 173.03 173.17 173.24 173.29 173.33 173.33 173.30 173.31 173.29 173.29 173.25 173.17 173.29 173.21 173.12 173.06 173.07 172.91 172.83 172.70 172.65 172.28 172.19 172.45 172.36 172.34 172.34 172.32 172.33 172.31 172.27 172.31 172.28 172.29 172.05 172.19 172.45 172.41 172.40 172.55 172.63 172.55
51°N ||     172.60 172.60 172.56 172.56 172.56 172.56 172.49 172.47 172.48 172.46 172.42 172.36 172.32 172.26 172.19 172.12 172.04 171.97 171.93 171.91 171.92 171.91 171.95 172.06 172.15 172.31 172.47 172.62 172.79 172.91 173.11 173.34 173.59 173.73 173.74 173.71 173.94 174.07 174.42 174.71 174.82 174.76 174.64 174.51 174.65 174.24 173.70 173.04 172.10 171.94 171.91 171.90 171.93 171.95 171.96 172.02 172.66 172.87 172.45 171.93 171.91 171.99 172.09 172.28 172.31 172.41 172.50 172.62 172.72 172.79 172.90 172.98 173.03 173.04 173.09 173.12 173.14 173.07 173.29 173.35 173.19 173.18 173.21 173.00 173.13 173.08 172.99 172.96 173.00 172.92 172.90 172.84 172.76 172.69 172.63 172.59 172.53 172.41 172.53 172.43 172.41 172.39 172.16 173.34 173.68 172.29 171.93 172.14 172.11 172.05 172.05 172.03 172.03 172.05 172.09 172.04 172.05 172.04 172.08 172.09 172.08 172.11 172.09 172.10 172.13 172.13 172.11 172.17 172.21 172.26 172.32 172.43 172.55 172.64 172.77 172.79 172.95 173.00 173.11 173.17 173.23 173.27 173.35 173.33 173.34 173.33 173.27 173.32 173.30 173.25 173.23 173.15 173.14 173.00 172.84 172.88 172.80 172.72 172.66 172.61 172.53 172.50 172.46 172.41 172.40 172.41 172.37 172.39 172.36 172.35 172.34 172.36 172.30 172.44 172.45 172.38 172.45 172.57 172.65 172.63
53°N ||     172.61 172.59 172.62 172.62 172.60 172.58 172.54 172.50 172.47 172.41 172.42 172.37 172.30 172.24 172.16 172.06 171.97 171.97 171.95 171.92 171.90 171.90 171.92 171.94 171.99 172.07 172.22 172.38 172.47 172.65 172.79 172.88 173.07 173.16 173.15 173.20 173.24 173.50 173.86 174.13 174.31 174.31 174.17 174.00 173.61 173.11 172.78 172.35 172.01 171.91 171.91 171.92 171.95 171.98 172.00 172.03 171.97 172.05 172.02 172.00 172.21 172.28 172.36 172.40 172.48 172.57 172.71 172.79 172.87 172.92 173.06 173.11 173.14 173.17 173.22 173.27 173.28 173.26 173.32 173.29 173.24 173.29 173.26 173.29 173.22 173.32 173.26 173.12 173.10 172.99 173.00 172.95 172.86 172.82 172.72 172.66 172.67 172.83 172.57 172.55 172.43 172.43 172.34 172.27 172.11 172.12 172.10 172.22 172.16 172.19 172.15 172.15 172.11 172.14 172.14 172.12 172.16 172.20 172.14 172.18 172.15 172.14 172.10 172.12 172.14 172.12 172.12 172.19 172.22 172.25 172.36 172.46 172.54 172.63 172.62 172.76 172.84 172.96 172.98 173.05 173.07 173.15 173.16 173.23 173.26 173.27 173.22 173.23 173.14 173.15 173.16 173.15 173.02 172.91 172.86 172.78 172.81 172.73 172.69 172.63 172.58 172.53 172.50 172.48 172.47 172.45 172.47 172.46 172.33 172.39 172.36 172.43 172.42 172.42 172.45 172.53 172.62 172.62 172.66 172.67
55°N ||     172.71 172.69 172.63 172.58 172.59 172.50 172.52 172.53 172.49 172.45 172.43 172.35 172.31 172.24 172.20 172.09 173.00 171.97 171.97 171.94 171.92 171.91 171.90 171.90 171.92 171.96 172.01 172.15 172.28 172.37 172.48 172.52 172.63 172.61 172.68 172.66 172.80 172.91 173.05 173.27 173.51 173.50 173.62 173.49 173.19 172.74 172.30 172.19 171.90 171.93 171.95 171.96 172.16 172.01 172.05 172.11 172.16 172.19 172.30 172.37 172.44 172.51 172.62 172.68 172.77 172.85 172.89 172.97 173.02 173.09 173.19 173.24 173.26 173.31 173.35 173.32 173.35 173.36 173.40 173.47 173.33 173.35 173.38 173.34 173.41 173.32 173.22 173.21 173.12 173.12 173.09 173.06 172.98 172.90 172.78 172.76 172.74 172.72 172.67 172.60 172.56 172.50 172.42 172.42 172.39 172.31 172.27 172.27 172.28 172.24 172.24 172.24 172.21 172.25 172.21 172.26 172.31 172.29 172.28 172.26 172.19 172.18 172.15 172.14 172.12 172.13 172.20 172.24 172.25 172.28 172.36 172.45 172.52 172.54 172.63 172.73 172.80 172.87 172.88 172.93 172.97 173.03 173.05 173.11 173.13 173.10 173.11 173.12 172.96 172.98 173.04 172.97 172.95 172.85 172.80 172.84 172.71 172.77 172.74 172.61 172.57 172.56 172.54 172.55 172.50 172.51 172.48 172.44 172.42 172.46 172.48 172.39 172.42 172.41 172.51 172.64 172.65 172.70 172.74 172.75
57°N ||     172.75 172.74 172.70 172.67 172.68 172.61 172.56 172.52 172.51 172.50 172.42 172.36 172.35 172.27 172.22 172.19 172.02 172.03 171.99 171.98 171.95 171.94 171.91 171.90 171.90 171.91 171.93 171.96 171.96 172.03 172.08 172.15 172.20 172.19 172.23 172.24 172.28 172.35 172.41 172.67 172.75 172.87 172.90 172.83 172.61 172.22 171.97 171.92 171.92 171.94 171.98 172.00 172.03 172.07 172.13 172.20 172.27 172.36 172.45 172.53 172.69 172.75 172.81 172.86 172.93 172.97 173.04 173.11 173.16 173.25 173.28 173.57 173.41 173.42 173.44 173.48 173.48 173.46 173.47 173.47 173.46 173.54 173.41 173.42 173.06 173.84 173.31 173.27 173.25 173.19 173.20 173.10 173.04 173.00 172.96 172.87 172.86 172.78 172.73 172.62 172.62 172.58 172.48 172.41 172.37 172.38 172.37 172.32 172.38 172.34 172.32 172.36 172.39 172.38 172.38 172.40 172.43 172.39 172.35 172.27 172.24 172.25 172.23 172.19 172.19 172.21 172.19 172.23 172.27 172.29 172.38 172.41 172.49 172.50 172.54 172.62 172.73 172.77 172.80 172.78 172.89 172.87 172.96 173.03 173.04 173.01 172.99 173.01 172.99 172.94 172.98 172.94 172.95 172.94 172.84 172.87 172.80 172.82 172.79 172.70 172.65 172.66 172.60 172.58 172.57 172.53 172.53 172.51 172.44 172.51 172.50 172.47 172.58 172.53 172.55 172.63 172.71 172.71 172.73 172.74
59°N ||     172.76 172.77 172.75 172.67 172.71 172.69 172.55 172.61 172.60 172.59 172.53 172.47 172.40 172.35 172.28 172.20 172.20 172.13 172.09 172.05 172.02 171.98 171.95 171.93 171.92 171.91 171.91 171.90 171.90 171.91 171.91 171.93 171.95 171.94 171.93 171.94 171.95 171.95 172.00 172.11 172.17 172.20 172.19 172.02 171.97 171.91 171.90 171.92 171.96 172.00 172.03 172.09 172.12 172.17 172.24 172.30 172.39 172.48 172.58 172.71 172.87 172.81 173.00 173.05 173.08 173.14 173.21 173.27 173.30 173.32 173.40 173.41 173.45 173.52 173.54 173.55 173.53 173.59 173.63 173.61 173.55 173.54 173.55 173.50 173.48 173.46 173.43 173.41 173.37 173.27 173.19 173.21 173.12 173.11 172.95 172.99 172.96 172.90 172.78 172.74 172.67 172.63 172.60 172.57 172.56 172.52 172.44 172.44 172.45 172.47 172.51 172.52 172.51 172.51 172.46 172.50 172.49 172.49 172.40 172.36 172.34 172.31 172.25 172.26 172.22 172.23 172.21 172.25 172.28 172.30 172.36 172.35 172.46 172.55 172.53 172.47 172.60 172.64 172.64 172.74 172.81 172.73 172.84 172.90 172.90 172.86 172.91 172.90 172.91 172.91 172.90 172.93 172.92 172.87 172.87 172.89 172.87 172.81 172.81 172.75 172.78 172.71 172.68 172.63 172.61 172.58 172.49 172.51 172.50 172.54 172.57 172.59 172.62 172.62 172.65 172.68 172.73 172.80 172.70 172.75
61°N ||     172.79 172.79 172.77 172.77 172.75 172.77 172.70 172.66 172.67 172.58 172.53 172.53 172.48 172.41 172.35 172.31 172.26 172.21 172.17 172.12 172.07 172.06 172.03 172.01 171.98 171.97 171.95 171.94 171.93 171.92 171.92 171.91 171.91 171.91 171.91 171.91 171.90 171.91 171.90 172.02 171.90 171.90 171.90 171.91 171.91 171.92 171.94 171.98 172.04 172.09 172.12 172.22 172.29 172.35 172.41 172.50 172.59 172.67 172.76 172.84 172.97 173.09 173.15 173.21 173.28 173.54 173.26 173.42 173.46 173.48 173.56 173.50 173.57 173.67 173.72 173.71 173.70 173.72 173.66 173.69 173.66 173.66 173.63 173.64 173.58 173.56 173.50 173.46 173.41 173.36 173.29 173.26 173.23 173.16 173.14 173.12 173.00 172.94 172.91 172.82 172.79 172.73 172.66 172.65 172.63 172.64 172.56 172.59 172.58 172.62 172.60 172.61 172.62 172.61 172.56 172.59 172.56 172.55 172.52 172.42 172.46 172.43 172.27 172.33 172.30 172.28 172.25 172.24 172.26 172.31 172.32 172.34 172.38 172.20 172.41 172.51 172.53 172.53 172.62 172.67 172.71 172.63 172.78 172.81 172.82 172.75 172.81 172.80 172.85 172.87 172.85 172.88 172.85 172.82 172.86 172.87 172.83 172.82 172.83 172.78 172.76 172.77 172.72 172.71 172.69 172.58 172.65 172.63 172.58 172.62 172.60 172.66 172.69 172.68 172.74 172.74 172.72 172.79 172.77 172.73
63°N ||     172.89 172.80 172.79 173.28 172.79 172.81 172.80 172.77 172.74 172.71 172.66 172.58 172.56 172.49 172.46 172.43 172.38 172.34 172.26 172.19 172.10 172.16 172.13 172.10 172.08 172.07 172.04 172.04 172.03 172.01 172.00 171.98 171.98 171.97 171.95 171.95 171.94 171.95 171.95 171.94 171.94 171.95 171.96 171.98 172.00 172.03 172.07 172.09 172.16 172.22 172.32 172.39 172.48 172.57 172.68 172.74 172.81 172.89 172.99 173.03 173.11 173.21 173.31 173.39 173.41 173.45 173.56 173.56 173.57 173.59 173.65 173.64 173.70 173.71 173.75 173.79 173.77 173.74 173.74 173.77 173.76 173.75 173.69 173.65 173.61 173.45 173.48 173.45 173.44 173.41 173.38 173.31 173.23 173.18 173.20 173.03 172.99 172.99 172.95 172.89 172.87 172.81 172.76 172.75 172.75 172.73 172.72 172.72 172.71 172.69 172.72 172.70 172.73 172.69 172.67 172.65 172.64 172.59 172.62 172.57 172.52 172.50 172.49 172.43 172.40 172.37 172.32 172.31 172.30 172.30 172.31 172.35 172.38 172.39 172.43 172.49 172.52 172.53 172.59 172.52 172.65 172.57 172.69 172.74 172.68 172.77 172.77 172.78 172.81 172.81 172.80 172.81 172.87 172.87 172.86 172.84 172.85 172.81 172.84 172.85 172.82 172.79 172.81 172.79 172.71 172.75 172.75 172.76 172.65 172.69 172.71 172.74 172.69 172.77 172.82 172.84 172.82 172.85 172.85 172.86
65°N ||     172.93 173.00 172.92 172.97 172.95 172.92 172.89 172.89 172.74 172.78 172.73 172.71 172.70 172.67 172.76 172.55 172.52 172.48 172.40 172.42 172.38 172.32 172.30 172.27 172.25 172.23 172.17 172.18 172.16 172.15 172.12 172.10 172.09 172.07 172.05 172.03 172.03 172.03 172.02 172.02 172.03 172.05 172.07 172.10 172.15 172.19 172.23 172.29 172.34 172.41 172.49 172.52 172.66 172.80 172.90 173.02 173.12 173.23 173.28 173.32 173.35 173.44 173.49 173.50 173.59 173.63 173.66 173.63 173.68 173.74 173.69 173.72 173.79 173.81 173.83 173.85 173.86 173.82 173.84 173.83 173.85 173.80 173.76 173.57 173.97 174.48 173.15 173.47 173.52 173.45 173.46 173.36 173.36 173.24 173.22 173.16 173.10 173.07 173.05 173.01 172.95 172.93 172.89 172.81 172.86 172.79 172.77 172.79 172.78 172.76 172.80 172.79 172.81 172.76 172.68 172.69 172.75 172.68 172.66 172.69 172.66 172.61 172.59 172.49 172.48 172.40 172.42 172.38 172.37 172.31 172.36 172.36 172.36 172.38 172.43 172.42 172.47 172.49 172.47 172.53 172.59 172.59 172.65 172.67 172.63 172.72 172.72 172.74 172.74 172.76 172.79 172.81 172.81 172.84 172.74 172.86 172.84 172.89 172.88 172.88 172.83 172.82 172.89 172.88 172.83 172.89 172.89 172.79 172.86 172.82 172.89 172.89 172.87 172.88 172.88 172.92 172.85 172.86 172.96 172.78
67°N ||     173.08 173.06 173.09 173.06 173.03 173.09 173.04 173.00 173.01 172.96 172.85 172.86 172.87 172.78 172.79 172.73 172.72 172.68 172.65 172.63 172.52 172.54 172.46 172.42 172.41 172.34 172.38 172.36 172.31 172.29 172.28 172.23 172.23 172.19 172.33 172.15 172.15 172.14 172.14 172.15 172.16 172.19 172.24 172.26 172.31 172.37 172.43 172.52 172.58 172.67 172.77 172.89 172.98 173.10 173.23 173.33 173.45 173.54 173.63 173.72 173.76 173.77 173.73 173.73 173.75 173.76 173.76 173.80 173.85 173.84 173.88 173.90 173.88 173.93 173.93 173.91 173.90 173.84 173.94 173.92 173.90 173.87 173.78 173.74 173.73 173.64 173.62 173.63 173.59 173.60 173.52 173.46 173.44 173.36 173.32 173.25 173.22 173.17 173.14 173.06 173.00 173.02 172.98 172.90 172.91 172.90 172.90 172.86 172.82 172.76 172.78 172.86 172.89 172.84 172.81 172.82 172.74 172.78 172.77 172.75 172.72 172.65 172.67 172.64 172.59 172.56 172.55 172.48 172.44 172.43 172.40 172.37 172.38 172.38 172.34 172.43 172.44 172.47 172.34 172.51 172.55 172.60 172.63 172.60 172.63 172.65 172.57 172.72 172.72 172.75 172.74 172.82 172.81 172.85 172.87 172.87 172.88 172.90 172.91 172.95 172.86 172.88 172.89 172.93 172.93 172.93 173.00 173.00 173.01 172.98 173.02 172.98 173.04 173.03 172.96 172.98 172.99 173.07 173.05 173.07
69°N ||     173.09 173.21 173.21 173.17 173.19 173.19 173.16 173.17 173.08 173.17 173.09 173.06 173.03 173.03 172.92 172.86 172.85 172.90 172.91 172.83 172.82 172.80 172.77 172.74 172.66 172.63 172.44 172.59 172.57 172.48 172.54 172.43 172.44 172.38 172.33 172.30 172.31 172.31 172.32 172.33 172.34 172.40 172.45 172.50 172.56 172.63 172.75 172.86 172.98 173.07 173.14 173.21 173.26 173.35 173.42 173.52 173.58 173.62 173.70 173.74 173.76 173.79 173.80 173.81 173.80 173.84 173.87 173.89 173.88 173.93 173.95 173.95 174.00 174.00 173.93 173.98 173.97 173.93 173.95 173.93 173.90 173.88 173.90 173.85 173.76 173.78 173.68 173.65 173.62 173.58 173.57 173.51 173.44 173.42 173.41 173.27 173.28 173.27 173.22 173.19 173.16 173.14 173.10 173.02 173.02 173.06 173.02 172.98 172.97 172.98 172.83 172.85 172.91 172.90 172.92 172.89 172.84 172.86 172.84 172.78 172.74 172.76 172.73 172.73 172.65 172.64 172.63 172.61 172.58 172.56 172.52 172.47 172.47 172.44 172.41 172.38 172.42 172.48 172.53 172.52 172.54 172.55 172.59 172.59 172.61 172.62 172.65 172.69 172.70 172.70 172.76 172.73 172.78 172.84 172.88 172.92 172.90 172.94 173.05 173.01 172.98 172.99 172.99 173.05 173.05 173.09 173.10 173.14 173.13 173.10 173.09 173.15 173.17 173.19 173.26 173.22 173.19 173.21 173.17 173.13
71°N ||     173.35 173.39 173.43 173.35 173.31 173.36 173.43 173.25 173.31 173.31 173.21 173.24 173.25 173.20 173.25 173.25 173.23 173.17 173.25 173.07 172.99 173.07 173.06 173.01 172.94 172.90 172.84 172.78 172.81 172.71 172.73 172.74 172.75 172.65 172.71 172.72 172.64 172.64 172.66 172.68 172.65 172.75 172.79 172.83 172.91 172.96 173.04 173.15 173.21 173.30 173.38 173.43 173.45 173.45 173.51 173.54 173.57 173.61 173.66 173.67 173.67 173.72 173.74 173.78 173.88 173.85 173.88 173.92 173.99 173.96 174.00 174.00 174.00 174.04 174.00 173.98 173.99 174.02 174.00 173.97 173.94 173.94 173.92 173.87 173.83 173.81 173.78 173.76 173.73 173.65 173.57 173.50 173.53 173.53 173.45 173.43 173.38 173.36 173.33 173.28 173.22 173.17 173.13 173.10 173.13 173.14 173.11 173.06 173.07 173.04 173.08 173.02 172.99 172.99 172.94 172.97 172.92 172.90 172.83 172.88 172.79 172.84 172.82 172.75 172.75 172.74 172.73 172.73 172.70 172.66 172.63 172.64 172.61 172.59 172.55 172.56 172.53 172.52 172.50 172.49 172.46 172.46 172.49 172.53 172.56 172.60 172.66 172.68 172.75 172.74 172.81 172.81 172.81 172.84 172.91 172.89 172.99 173.05 173.08 173.11 173.13 173.08 173.17 173.19 173.20 173.25 173.24 173.27 173.18 173.29 173.29 173.27 173.22 173.30 173.32 173.34 173.40 173.30 173.35 173.32
73°N ||     173.53 173.58 173.57 173.53 173.47 173.57 173.58 173.54 173.53 173.56 173.59 173.51 173.52 173.43 173.58 173.46 173.43 173.39 173.33 173.32 173.34 173.15 173.15 173.20 173.12 173.19 173.11 173.37 173.22 173.14 173.18 173.07 173.02 172.98 172.91 172.97 172.91 172.93 172.96 173.02 173.06 173.10 173.13 173.16 173.23 173.27 173.30 173.34 173.38 173.43 173.50 173.60 173.58 173.60 173.60 173.61 173.59 173.59 173.57 173.63 173.67 173.71 173.75 173.76 173.80 173.86 173.90 173.89 173.90 173.94 174.00 174.05 174.05 174.00 174.05 174.06 174.08 174.03 174.00 173.94 173.96 173.93 173.90 173.87 173.89 173.87 173.83 173.79 173.74 173.74 173.67 173.53 173.53 173.52 173.51 173.40 173.41 173.40 173.35 173.36 173.31 173.29 173.25 173.14 173.20 173.19 173.13 173.10 173.09 173.04 173.07 173.07 173.10 173.08 173.04 173.07 173.07 173.01 172.93 172.89 172.92 172.96 172.93 172.86 172.85 172.82 172.79 172.82 172.75 172.75 172.72 172.70 172.71 172.68 172.69 172.67 172.65 172.62 172.62 172.63 172.66 172.68 172.70 172.71 172.74 172.76 172.78 172.80 172.84 172.86 172.85 172.91 172.92 172.95 172.96 172.97 173.06 173.11 173.14 173.12 173.22 173.22 173.19 173.27 173.33 173.37 173.32 173.38 173.44 173.46 173.12 173.82 173.25 172.56 173.42 173.46 173.55 173.52 173.40 173.48
75°N ||     173.65 173.72 173.66 173.69 173.69 173.77 173.64 173.71 173.72 173.70 173.73 173.66 173.67 173.74 173.66 173.70 173.68 173.53 173.58 173.61 173.55 173.62 173.65 173.71 173.59 173.45 173.47 173.46 173.27 173.32 173.33 173.28 173.38 173.41 173.46 173.33 173.29 173.30 173.22 173.31 173.29 173.33 173.40 173.40 173.40 173.36 173.43 173.47 173.50 173.58 173.63 173.64 173.65 173.67 173.69 173.78 173.69 173.69 173.73 173.75 173.82 173.86 173.90 173.91 173.93 173.92 173.91 173.93 173.97 173.93 174.02 174.03 174.04 174.05 174.05 174.08 174.04 174.04 173.98 174.01 173.97 173.97 173.93 174.02 173.90 173.84 173.79 173.75 173.74 173.74 173.68 173.65 173.62 173.56 173.56 173.54 173.60 173.45 173.40 173.37 173.34 173.33 173.31 173.26 173.27 173.27 173.27 173.23 173.18 173.22 173.17 173.14 173.18 173.16 173.15 173.12 173.10 173.11 173.04 173.04 173.02 173.00 172.95 173.03 173.02 172.99 172.92 172.90 172.90 172.84 172.90 172.87 172.88 172.86 172.80 172.82 172.80 172.81 172.81 172.82 172.81 172.86 172.87 172.79 172.85 172.90 172.94 172.95 172.92 172.93 172.97 173.02 173.04 173.06 173.09 173.11 173.14 173.21 173.24 173.28 173.29 173.35 173.37 173.43 173.45 173.44 173.45 173.48 173.51 173.55 173.55 173.59 173.54 173.72 173.73 173.74 173.74 173.73 173.69 173.62
77°N ||     173.84 173.74 173.55 173.45 173.57 173.78 173.69 173.39 173.41 173.72 173.78 173.78 173.80 173.77 173.75 173.62 173.38 173.39 173.32 173.58 173.42 173.50 173.80 174.00 173.68 173.55 173.53 173.64 173.58 173.56 173.54 173.53 173.57 173.49 173.24 173.47 173.40 173.46 173.43 173.40 173.52 173.50 173.44 173.44 173.51 173.57 173.60 173.63 173.67 173.69 173.71 173.74 173.65 173.80 173.83 173.87 173.89 173.90 173.91 173.92 173.96 173.48 173.51 173.82 173.92 173.92 173.92 173.95 173.91 173.92 173.97 174.00 174.01 174.02 174.00 174.01 174.00 174.01 174.04 174.03 174.00 173.93 173.93 173.91 173.90 173.85 173.75 173.74 173.80 173.75 173.76 173.71 173.65 173.57 173.55 173.58 173.58 173.55 173.51 173.46 173.44 173.43 173.39 173.44 173.36 173.34 173.33 173.31 173.30 173.29 173.28 173.25 173.21 173.16 173.16 173.14 173.18 173.11 173.11 173.04 173.07 173.09 173.09 173.10 173.09 173.10 173.07 173.05 173.02 172.98 173.01 172.97 172.94 172.90 172.70 172.86 172.93 172.94 172.97 172.96 172.94 172.95 172.96 172.96 172.98 172.98 173.03 173.00 173.03 173.00 173.06 173.11 173.10 173.14 173.18 173.21 173.24 173.26 173.23 173.29 173.31 173.36 173.43 173.48 173.50 173.50 173.53 173.59 173.60 173.56 173.62 173.57 173.60 173.65 173.63 173.78 173.85 173.83 173.76 173.81
79°N ||     173.67 173.57 173.57 173.65 173.67 173.63 173.59 173.58 173.60 173.58 173.59 173.46 173.65 173.61 173.63 173.70 173.70 173.73 173.73 173.68 173.65 173.73 173.71 173.73 173.76 173.78 173.71 173.54 173.60 173.51 173.54 173.57 173.59 173.59 173.56 173.60 173.57 173.64 173.63 173.62 173.63 173.66 173.65 173.62 173.58 173.60 173.64 173.67 173.70 173.76 173.81 173.79 173.82 173.86 173.90 173.92 173.90 173.94 174.00 174.00 174.04 174.06 174.05 174.07 174.05 174.06 174.11 174.09 174.03 174.01 173.98 173.97 173.92 173.95 173.97 173.86 173.83 173.87 173.95 173.97 173.89 173.94 173.82 173.42 173.67 173.92 172.96 173.13 173.70 172.60 172.96 173.42 173.15 172.80 173.29 172.66 172.79 173.35 173.11 172.83 172.92 172.98 173.08 173.40 173.42 173.36 173.39 173.39 173.40 173.37 173.35 173.34 173.32 173.31 173.26 173.27 173.25 173.24 173.22 173.05 173.47 173.03 173.17 173.14 173.12 173.15 173.12 173.10 173.11 173.11 173.11 173.12 173.10 173.11 173.11 173.11 173.12 173.12 173.09 173.11 173.10 173.08 173.03 173.06 173.07 173.02 172.96 172.98 173.04 173.09 173.12 173.09 173.17 173.22 173.22 173.28 173.26 173.31 173.30 173.32 173.35 173.40 173.42 173.49 173.50 173.55 173.52 173.51 173.54 173.64 173.64 173.65 173.65 173.68 173.69 173.65 173.64 173.74 173.73 173.70
81°N ||     173.02 173.03 173.05 173.10 173.05 173.05 173.07 173.06 173.06 173.08 173.09 173.11 173.12 173.14 173.17 173.19 173.19 173.21 173.21 173.22 173.22 173.24 173.26 173.29 173.31 173.37 173.44 173.51 173.51 173.57 173.65 173.58 173.59 173.73 173.33 173.33 173.18 173.41 172.93 173.04 173.21 173.30 173.65 173.66 173.68 173.74 173.80 173.77 173.64 173.59 173.15 173.10 172.97 173.17 173.59 173.31 173.24 173.24 173.25 173.35 173.83 173.68 173.72 173.71 173.77 173.82 173.90 173.65 173.53 173.32 173.34 173.36 172.99 173.21 173.05 172.81 172.64 172.81 172.63 172.45 172.43 172.21 172.25 172.13 172.13 172.19 172.03 172.02 172.03 171.98 172.02 172.10 171.95 171.95 172.12 171.97 172.01 171.92 171.92 171.93 172.11 172.15 172.14 172.13 172.20 172.26 172.01 172.63 172.65 173.19 173.14 172.62 172.81 173.32 173.03 173.11 172.87 172.97 173.18 172.68 172.73 172.66 172.75 172.78 172.99 173.27 172.85 172.93 172.93 172.92 172.98 172.96 172.96 172.98 172.99 173.01 173.08 173.16 173.23 173.23 173.23 173.24 173.24 173.21 173.23 173.19 173.20 173.23 173.25 173.30 173.30 173.33 173.34 173.36 173.36 173.34 173.35 173.38 173.39 173.36 173.37 173.39 173.41 173.41 173.41 173.41 173.38 173.36 173.35 173.28 173.21 173.22 173.21 173.19 173.18 173.14 173.09 173.05 173.04 173.03
83°N ||     172.79 172.79 172.79 172.79 172.78 172.77 172.78 172.79 172.80 172.82 172.83 172.86 172.87 172.89 172.90 172.94 172.97 172.97 173.03 173.03 173.06 173.06 173.06 173.06 173.05 173.00 173.13 173.10 173.05 172.58 172.51 172.36 172.56 172.65 172.38 172.55 172.34 172.37 172.39 172.33 172.22 172.33 172.17 172.09 172.10 172.21 172.19 172.16 172.22 172.27 172.34 172.43 172.64 172.74 172.45 172.55 172.40 172.30 172.29 172.41 172.31 172.85 172.76 173.41 173.54 173.69 173.82 173.91 173.90 173.66 173.44 173.17 172.94 172.78 172.71 172.54 172.45 172.36 172.30 172.26 172.23 172.18 172.15 172.12 172.08 172.04 172.02 172.00 171.99 171.99 171.99 171.99 171.98 171.97 171.95 171.94 171.93 171.93 171.92 171.92 171.91 171.91 171.90 171.90 171.90 171.90 171.90 171.90 171.90 171.92 171.97 172.07 172.02 172.05 171.95 172.03 172.17 172.21 172.10 172.02 171.99 172.01 172.18 172.06 172.11 172.03 172.10 172.12 172.06 172.10 172.01 172.03 172.10 172.23 172.18 172.17 172.20 172.08 172.14 172.15 172.24 172.50 172.56 172.64 172.98 172.94 173.18 173.34 173.36 173.34 173.32 173.31 173.30 173.31 173.36 173.37 173.36 173.35 173.29 173.26 173.25 173.24 173.21 173.18 173.16 173.13 173.10 173.07 173.05 173.03 172.99 172.98 172.95 172.93 172.91 172.88 172.83 172.80 172.79 172.79
85°N ||     173.09 172.97 173.08 173.20 173.25 173.43 172.47 172.37 172.58 172.71 172.23 172.47 172.34 172.25 172.42 172.53 172.03 171.94 171.94 171.95 171.96 172.06 172.40 172.16 172.22 172.30 172.52 172.36 172.35 172.50 172.51 171.92 171.94 172.12 171.97 171.92 171.91 171.91 171.91 171.92 171.91 171.95 171.93 171.91 171.92 171.90 171.91 171.92 171.91 171.94 171.92 171.91 171.95 172.03 172.04 171.98 171.98 171.99 172.04 172.10 172.13 172.03 172.10 172.04 172.02 172.02 172.20 172.20 172.51 172.69 172.80 173.03 172.84 172.82 172.80 172.92 173.05 173.18 173.24 173.27 173.33 173.38 173.07 172.75 172.45 172.41 172.44 172.50 172.59 172.80 173.17 173.16 172.13 172.01 172.01 172.07 172.03 172.00 171.94 171.92 171.91 171.93 171.91 171.90 171.90 171.90 171.90 171.90 171.90 171.91 171.91 171.91 171.91 171.91 171.91 171.91 171.90 171.90 171.90 171.90 171.90 171.90 171.90 171.90 171.90 171.90 171.90 171.90 171.90 171.90 171.90 171.90 171.90 171.90 171.90 171.90 171.92 171.92 171.92 171.99 171.91 171.91 171.91 172.06 172.06 172.06 172.11 172.30 172.09 172.00 172.07 172.02 172.18 172.25 172.43 172.61 172.25 172.41 172.54 172.62 172.57 172.40 172.49 172.81 172.69 172.74 172.91 173.25 173.06 173.30 173.06 172.88 172.76 172.65 172.77 172.91 172.99 172.73 172.79 172.87
87°N ||     171.94 171.92 171.93 171.93 171.91 171.98 171.94 172.00 172.01 172.00 171.99 171.99 171.96 171.95 171.98 172.02 172.03 172.02 172.03 172.03 172.03 172.03 172.06 172.13 172.13 172.15 172.08 172.04 172.00 171.99 172.00 172.06 172.15 172.16 172.20 172.27 172.34 172.35 172.35 172.33 172.23 172.26 172.15 172.18 172.26 172.43 172.45 172.47 172.40 172.33 172.33 172.33 172.29 172.26 172.17 172.09 172.09 172.11 172.09 172.08 172.03 172.07 172.06 172.06 172.07 172.08 172.10 172.07 172.05 172.03 171.98 172.09 172.14 172.03 171.96 171.98 171.94 171.94 171.94 171.95 171.92 171.92 171.92 171.92 171.91 171.93 171.92 171.90 171.93 171.90 171.93 171.96 171.97 171.98 172.01 172.00 171.97 171.98 171.97 171.97 172.00 172.09 172.09 172.04 172.05 172.09 172.12 172.16 172.20 172.23 172.25 172.20 172.25 172.24 172.22 172.19 172.17 172.13 172.18 172.06 172.25 172.23 172.21 172.17 172.11 172.06 172.08 172.10 172.06 172.05 172.01 172.05 172.24 172.26 172.27 172.29 172.29 172.26 172.19 172.16 172.13 172.12 172.12 172.11 172.10 172.07 172.04 172.08 172.10 172.19 172.08 172.16 172.04 172.08 172.23 172.22 172.18 171.97 172.02 171.97 172.01 171.93 171.93 171.91 171.91 171.91 171.94 172.03 172.02 172.01 172.00 171.97 171.96 171.94 171.94 171.91 171.97 172.03 171.99 171.94
89°N ||     172.66 172.69 172.68 172.63 172.63 172.80 172.81 172.88 172.89 172.87 172.87 172.89 172.89 172.89 172.89 172.91 172.92 172.94 172.92 172.92 172.94 172.93 172.89 172.92 172.93 172.92 172.95 173.00 173.02 173.06 173.08 173.10 173.11 173.13 173.15 173.16 173.17 173.18 173.18 173.19 173.19 173.19 173.20 173.21 173.21 173.21 173.22 173.21 173.21 173.19 173.17 173.15 173.12 173.08 173.05 173.00 172.98 172.97 172.93 172.93 172.95 172.91 172.90 172.89 172.87 172.85 172.83 172.82 172.82 172.81 172.80 172.79 172.77 172.74 172.73 172.71 172.70 172.69 172.64 172.61 172.63 172.64 172.64 172.62 172.65 172.62 172.62 172.64 172.64 172.64 172.63 172.59 172.54 172.56 172.60 172.65 172.67 172.63 172.52 172.49 172.56 172.66 172.66 172.67 172.69 172.71 172.73 172.76 172.78 172.81 172.81 172.83 172.84 172.86 172.87 172.89 172.89 172.90 172.92 172.92 172.92 172.92 172.92 172.91 172.90 172.91 172.92 172.93 172.96 172.97 172.98 172.98 173.00 173.00 173.03 173.06 173.09 173.12 173.13 173.14 173.14 173.15 173.16 173.15 173.15 173.17 173.16 173.15 173.16 173.14 173.11 173.08 173.06 173.03 172.99 172.97 172.93 172.90 172.93 172.97 172.96 172.95 172.94 172.94 172.96 172.94 172.94 172.93 172.91 172.91 172.88 172.87 172.85 172.82 172.81 172.80 172.79 172.77 172.75 172.70
