Mars Surface Radiation Result (absorbed dose in thin silicon slab) (1E-6 Gy/day).

The first row gives the longitude
The first column for each row (starting from the 2nd row) gives the latitude
The rest values of each row gives the dose rate at different longitudes (given in the first row)

179°W  177°W  175°W  173°W  171°W  169°W  167°W  165°W  163°W  161°W  159°W  157°W  155°W  153°W  151°W  149°W  147°W  145°W  143°W  141°W  139°W  137°W  135°W  133°W  131°W  129°W  127°W  125°W  123°W  121°W  119°W  117°W  115°W  113°W  111°W  109°W  107°W  105°W  103°W  101°W  99°W  97°W  95°W  93°W  91°W  89°W  87°W  85°W  83°W  81°W  79°W  77°W  75°W  73°W  71°W  69°W  67°W  65°W  63°W  61°W  59°W  57°W  55°W  53°W  51°W  49°W  47°W  45°W  43°W  41°W  39°W  37°W  35°W  33°W  31°W  29°W  27°W  25°W  23°W  21°W  19°W  17°W  15°W  13°W  11°W  9°W  7°W  5°W  3°W  1°W  1°E  3°E  5°E  7°E  9°E  11°E  13°E  15°E  17°E  19°E  21°E  23°E  25°E  27°E  29°E  31°E  33°E  35°E  37°E  39°E  41°E  43°E  45°E  47°E  49°E  51°E  53°E  55°E  57°E  59°E  61°E  63°E  65°E  67°E  69°E  71°E  73°E  75°E  77°E  79°E  81°E  83°E  85°E  87°E  89°E  91°E  93°E  95°E  97°E  99°E  101°E  103°E  105°E  107°E  109°E  111°E  113°E  115°E  117°E  119°E  121°E  123°E  125°E  127°E  129°E  131°E  133°E  135°E  137°E  139°E  141°E  143°E  145°E  147°E  149°E  151°E  153°E  155°E  157°E  159°E  161°E  163°E  165°E  167°E  169°E  171°E  173°E  175°E  177°E  179°E  
--------------------------------------------------------------------------------------------------------------
89°S ||     173.37 173.41 173.45 173.46 173.46 173.45 173.45 173.47 173.50 173.54 173.68 173.73 173.70 173.75 173.93 174.02 174.06 174.13 174.14 174.04 173.98 174.11 174.13 174.10 174.05 174.03 173.98 173.99 174.07 174.04 174.12 174.22 174.17 174.11 174.19 174.12 174.04 173.98 173.91 173.87 173.83 173.76 173.70 173.68 173.66 173.66 173.65 173.65 173.64 173.63 173.60 173.60 173.57 173.56 173.55 173.55 173.48 173.45 173.42 173.42 173.40 173.38 173.37 173.34 173.35 173.39 173.40 173.29 173.24 173.25 173.19 173.17 173.17 173.17 173.13 173.11 173.09 173.08 173.06 173.07 173.05 173.06 173.06 173.05 173.06 173.07 173.06 173.05 173.04 173.05 173.06 173.10 173.11 173.12 173.13 173.14 173.13 173.14 173.16 173.17 173.15 173.14 173.13 173.13 173.14 173.15 173.16 173.17 173.18 173.19 173.20 173.19 173.16 173.18 173.22 173.25 173.24 173.24 173.25 173.27 173.29 173.30 173.31 173.34 173.37 173.40 173.40 173.43 173.46 173.47 173.49 173.50 173.51 173.52 173.53 173.56 173.57 173.57 173.57 173.57 173.53 173.53 173.51 173.47 173.49 173.48 173.47 173.45 173.42 173.39 173.39 173.37 173.37 173.33 173.31 173.29 173.28 173.27 173.26 173.27 173.27 173.26 173.26 173.25 173.25 173.24 173.25 173.26 173.26 173.26 173.27 173.28 173.28 173.28 173.29 173.32 173.34 173.35 173.36 173.37
87°S ||     175.16 175.21 175.21 175.31 175.28 175.35 175.28 175.27 175.26 175.19 175.18 175.18 175.08 174.97 174.91 174.90 174.91 174.92 174.92 174.88 174.88 174.93 175.05 175.09 175.07 175.03 175.04 174.97 175.04 174.91 175.11 175.13 174.99 174.98 174.96 174.95 174.90 174.85 174.89 174.91 174.88 174.91 174.88 174.85 174.82 174.79 174.78 174.72 174.68 174.63 174.51 174.64 174.48 174.24 174.26 174.20 174.09 173.96 173.90 173.88 174.02 173.54 173.59 173.35 173.28 173.27 173.22 173.20 173.18 173.15 173.06 173.00 173.05 173.04 172.79 172.73 172.66 172.57 172.53 172.68 172.39 172.20 172.18 172.09 172.07 172.07 172.09 172.12 172.15 172.17 172.21 172.23 172.26 172.27 172.28 172.67 172.57 172.76 172.65 172.87 172.87 172.87 172.95 172.96 173.00 173.08 173.15 173.31 173.40 173.46 173.33 173.32 173.36 173.38 173.40 173.40 173.45 173.49 173.56 173.56 173.63 173.68 173.70 173.75 173.82 173.82 173.83 173.90 173.97 173.96 174.02 174.04 174.05 174.11 174.24 174.37 174.47 174.60 174.53 174.37 174.23 174.18 174.14 174.11 174.05 174.05 174.00 173.76 173.73 173.71 173.70 173.71 173.75 173.74 173.74 173.75 173.82 173.92 174.01 174.01 174.09 174.16 174.25 174.29 174.41 174.50 174.58 174.61 174.73 174.75 174.89 174.88 174.90 174.89 174.97 174.90 174.71 174.84 175.16 175.34
85°S ||     174.67 174.66 174.66 174.66 174.67 174.67 174.69 174.74 174.74 174.74 174.74 174.75 174.76 174.81 174.75 174.68 174.69 174.79 174.78 174.79 174.79 174.81 174.85 174.86 174.86 174.87 174.91 175.00 175.06 175.19 175.46 175.49 175.48 175.48 175.50 175.37 175.50 175.40 175.38 175.36 175.54 175.74 175.69 175.70 175.54 175.51 175.42 175.35 175.28 175.20 175.23 175.14 175.13 175.10 175.30 175.36 175.12 174.98 175.03 175.33 175.21 174.41 174.28 174.31 174.42 174.50 174.36 174.45 174.45 174.07 174.17 174.04 173.77 173.69 173.74 173.50 173.80 174.05 174.29 173.95 173.78 173.70 173.74 173.75 173.83 173.70 173.63 173.50 173.49 173.60 173.50 173.53 173.65 173.64 173.64 173.65 173.66 173.71 173.77 173.89 173.87 173.98 174.25 174.52 174.46 174.42 174.40 174.42 174.40 174.45 174.54 174.60 174.66 174.73 174.53 174.58 174.68 174.70 174.63 174.55 174.54 174.57 174.61 174.70 174.80 174.87 174.88 174.82 174.83 174.78 174.74 174.71 174.68 174.69 174.73 174.84 175.33 176.13 176.34 176.20 175.81 175.58 175.46 175.49 175.09 174.88 174.78 174.68 174.73 174.78 174.67 174.68 174.73 174.85 174.99 175.05 175.09 175.12 175.10 175.10 175.09 174.93 174.79 174.73 174.71 174.80 174.84 174.90 175.01 175.16 174.97 175.01 174.96 174.90 174.84 174.83 174.82 174.82 174.72 174.68
83°S ||     174.70 174.71 174.73 174.74 174.75 174.75 174.77 174.78 174.80 174.82 174.85 174.87 174.90 174.92 174.91 174.92 174.93 174.96 174.99 175.02 175.04 175.08 175.11 175.15 175.19 175.24 175.28 175.33 175.42 175.53 175.48 175.37 175.36 175.32 175.42 175.50 175.48 175.43 175.49 175.55 175.36 175.35 175.35 175.35 175.37 175.40 175.39 175.77 175.87 175.93 175.88 175.90 175.85 175.84 175.85 175.83 175.79 175.98 176.06 176.06 175.79 176.02 175.95 175.88 176.10 175.93 175.95 175.93 176.15 175.96 176.13 176.26 176.35 176.35 176.27 176.19 176.22 176.21 176.19 176.24 176.21 176.19 176.09 176.11 176.12 176.06 176.02 175.99 176.03 176.01 175.83 175.83 175.90 176.11 175.86 175.79 175.71 175.68 175.71 175.61 175.77 175.37 175.50 175.29 175.63 175.82 175.86 175.68 175.60 175.62 175.65 175.76 175.95 176.03 176.07 176.02 175.79 175.80 175.74 175.72 175.65 175.62 175.39 175.32 175.37 175.42 175.41 175.29 175.29 175.40 175.35 175.37 175.52 175.53 175.70 176.08 176.47 176.45 176.46 176.46 176.46 175.81 175.70 175.72 175.68 175.77 175.74 175.68 175.65 175.64 175.59 175.49 175.39 175.33 175.29 175.19 175.15 175.20 175.45 175.74 176.06 176.20 175.79 175.40 174.82 174.82 174.54 174.47 174.45 174.49 174.65 174.84 175.20 175.16 174.90 174.72 174.65 174.62 174.64 174.67
81°S ||     174.97 175.03 175.04 175.16 174.94 175.01 175.05 175.09 175.13 175.18 175.24 175.30 175.44 175.48 175.31 175.31 175.36 175.41 175.44 175.46 175.49 175.52 175.54 175.57 175.60 175.65 175.70 175.73 175.76 175.79 175.83 175.94 175.93 175.96 176.04 176.00 175.86 175.88 175.86 175.89 176.01 175.90 175.66 175.69 175.56 175.46 175.51 175.66 175.71 175.65 175.78 175.72 175.89 176.37 176.10 176.23 176.42 176.22 176.43 176.41 176.27 176.34 176.37 176.36 176.37 176.36 176.39 176.39 176.35 176.31 176.36 176.28 176.18 176.19 176.20 176.22 176.19 176.20 176.17 176.18 176.33 176.12 176.02 175.98 175.96 175.98 175.97 175.97 175.94 175.93 175.92 175.93 175.85 175.72 175.57 175.32 174.75 174.12 174.89 175.00 175.42 175.70 175.66 175.76 175.98 176.12 176.20 176.32 176.30 176.23 176.10 176.27 176.35 176.41 176.40 176.43 176.44 176.47 176.46 176.46 176.45 176.45 176.43 176.41 176.40 176.35 176.25 176.26 176.30 176.33 176.36 176.44 176.46 176.49 176.50 176.50 176.49 176.24 175.73 175.58 175.53 175.47 175.43 175.56 175.61 175.61 175.55 175.66 175.72 175.79 175.89 175.94 176.00 175.85 175.93 176.08 176.19 175.97 175.89 175.90 176.14 175.95 175.80 175.81 175.90 175.82 176.14 175.65 175.02 174.78 174.83 174.96 175.06 175.22 175.44 174.90 175.00 175.00 174.83 174.89
79°S ||     175.28 175.32 175.33 175.43 175.42 175.38 175.38 175.41 175.43 175.58 175.48 175.55 175.60 175.62 175.69 175.82 175.78 175.91 175.70 175.82 175.74 175.76 175.74 176.05 176.29 175.66 175.96 176.23 176.19 176.25 176.22 176.22 176.21 176.22 176.25 176.26 176.26 176.26 176.20 176.18 176.18 176.02 176.34 176.39 175.86 175.98 175.97 175.89 175.86 175.96 176.03 176.04 176.35 176.35 176.38 176.45 176.50 175.94 176.31 176.03 176.44 176.33 175.98 176.25 176.27 176.42 176.44 176.42 176.41 176.39 176.38 176.39 176.38 176.39 176.38 176.37 176.38 176.39 176.38 176.28 176.32 176.39 176.27 176.26 176.27 176.35 176.18 176.29 176.20 176.22 176.25 176.18 176.13 175.93 175.30 175.30 174.95 175.36 175.80 176.01 175.97 176.14 176.17 176.22 176.27 176.38 176.29 176.34 176.21 176.35 176.13 176.30 176.21 176.21 176.00 175.93 176.35 176.41 176.49 176.50 176.50 176.50 176.51 176.51 176.51 176.51 176.50 176.51 176.50 176.51 176.50 176.50 176.51 176.51 176.51 176.51 176.51 176.50 176.51 176.51 176.51 176.51 176.43 176.28 176.37 176.05 175.72 175.71 175.70 175.63 175.68 175.76 176.02 176.43 176.44 176.08 175.94 176.29 175.48 175.48 175.94 175.52 175.27 175.15 175.09 175.18 175.03 175.35 175.12 175.08 175.10 175.15 175.24 174.97 174.89 175.00 175.09 175.19 175.19 175.21
77°S ||     175.92 175.70 175.67 175.65 175.58 175.77 175.74 176.00 175.97 176.00 175.99 176.03 176.22 176.09 176.06 176.12 176.18 176.19 176.24 176.13 176.09 176.12 176.09 176.14 176.11 176.19 176.30 176.34 176.27 176.33 176.32 176.33 176.33 176.33 176.32 176.33 176.32 176.33 176.33 176.33 176.32 176.33 176.29 176.21 176.18 176.04 175.68 176.09 175.60 175.80 176.23 176.18 176.10 175.77 175.94 176.08 176.17 176.12 176.22 176.23 176.37 176.43 176.34 176.39 176.46 176.47 176.47 176.48 176.48 176.47 176.46 176.46 176.44 176.45 176.44 176.44 176.43 176.40 176.30 176.31 176.28 176.22 176.19 176.10 176.23 176.32 176.26 176.28 176.18 176.24 176.24 176.21 175.99 175.87 175.78 175.65 175.25 174.93 175.87 176.39 176.48 176.45 176.40 176.20 176.34 176.28 176.30 176.38 176.23 176.39 176.26 176.22 176.21 176.37 176.49 176.47 176.25 176.18 175.92 175.76 175.69 175.39 175.27 175.70 175.98 176.31 176.47 176.47 176.44 176.36 176.07 176.18 176.15 176.13 176.42 176.45 176.51 176.49 176.40 176.31 176.26 176.28 176.11 176.26 176.50 176.51 176.49 176.47 176.07 176.11 176.19 175.68 176.13 176.33 176.31 175.78 175.51 175.56 175.36 175.38 175.44 175.31 175.30 175.51 175.41 175.36 175.46 175.53 175.55 175.53 175.44 175.52 175.69 175.44 175.45 175.50 175.65 175.77 175.84 175.71
75°S ||     176.09 176.16 176.01 176.10 175.95 175.96 176.03 176.28 176.18 176.13 176.50 176.38 176.22 176.35 176.34 176.39 176.29 176.34 176.33 176.24 176.24 176.34 176.36 176.42 176.36 176.39 176.41 176.42 176.41 176.39 176.39 176.38 176.40 176.38 176.13 176.35 176.36 176.35 176.34 176.34 176.31 176.29 176.29 176.30 176.32 176.35 176.31 176.27 176.16 176.09 176.12 175.80 175.71 175.98 176.29 176.35 176.34 176.45 176.49 176.50 176.50 176.50 176.50 176.49 176.49 176.49 176.48 176.42 176.45 176.42 176.41 176.34 176.33 176.25 176.21 176.26 176.23 176.32 176.24 176.25 176.29 176.29 176.32 176.26 176.40 176.31 176.31 176.38 176.31 176.31 176.26 176.09 176.01 176.19 176.28 176.29 176.30 176.31 176.34 176.27 176.20 176.25 176.25 176.23 176.37 176.40 176.41 176.31 176.33 176.27 176.22 176.12 175.80 175.85 176.04 175.65 175.95 175.86 175.71 175.83 175.65 175.61 176.11 176.28 176.18 175.82 176.38 175.93 176.07 176.08 176.15 176.33 176.31 176.30 176.25 176.12 176.27 175.67 175.36 174.99 174.93 175.52 176.46 176.47 176.48 176.14 176.41 176.07 176.44 176.50 176.51 176.50 176.49 176.49 176.47 176.01 175.16 175.09 175.07 175.08 175.05 175.18 175.71 175.61 175.74 175.27 175.32 175.48 175.54 175.54 175.60 175.61 175.65 175.84 175.85 175.90 175.98 175.94 175.97 176.01
73°S ||     176.47 176.09 176.41 176.40 176.38 176.23 176.42 176.41 176.43 176.41 176.23 176.06 175.97 176.20 176.34 176.41 176.40 176.40 176.37 176.31 176.23 176.01 176.44 175.86 176.04 176.42 176.37 176.36 176.37 176.39 176.40 176.40 176.39 176.27 176.21 176.04 176.19 176.37 176.32 176.35 176.35 176.37 176.32 176.35 176.37 176.37 176.37 176.25 176.37 176.22 176.24 176.11 176.14 176.21 176.45 176.48 176.51 176.51 176.51 176.50 176.50 176.51 176.51 176.50 176.51 176.42 176.46 176.51 176.51 176.51 176.50 176.45 176.35 176.38 176.35 176.32 176.29 176.35 176.43 176.27 176.28 176.29 176.32 176.44 176.39 176.46 176.46 176.44 176.43 176.44 176.37 176.35 176.17 176.36 176.36 176.40 176.46 176.47 176.47 176.46 176.47 176.47 176.49 176.48 176.46 176.44 176.48 176.31 176.27 176.20 175.89 175.65 175.81 176.13 176.36 176.21 176.33 176.27 176.32 176.11 176.21 175.98 175.83 175.76 175.99 175.96 176.19 176.21 176.36 176.33 176.32 176.36 176.37 176.42 176.45 176.45 176.44 176.45 176.36 176.16 176.29 175.49 175.66 176.10 176.16 176.16 176.20 176.22 175.90 176.37 176.39 175.81 176.21 176.49 176.49 176.46 176.35 175.84 175.20 175.54 175.33 175.58 175.95 175.91 175.47 175.70 176.00 176.12 176.00 176.22 176.48 176.47 176.31 176.25 176.25 176.22 176.30 176.19 176.21 176.39
71°S ||     176.48 176.50 176.51 176.50 176.49 176.43 176.36 176.39 176.40 176.39 176.39 176.46 176.16 175.95 175.45 175.46 176.00 176.11 176.37 176.26 176.26 176.18 176.06 176.11 175.97 176.27 176.41 176.42 176.38 176.28 176.32 176.26 176.25 176.35 176.32 176.30 176.26 176.40 176.34 176.34 176.40 176.32 176.38 176.36 176.38 176.39 176.25 176.14 176.17 176.23 176.09 176.09 175.77 176.17 176.50 176.51 176.50 176.49 176.50 176.50 176.48 176.50 176.48 176.49 176.50 176.50 176.38 176.51 176.51 176.23 176.37 176.44 176.39 176.45 176.34 176.34 176.32 176.10 175.97 175.87 175.78 176.29 176.38 176.38 176.44 176.46 176.48 176.45 176.46 176.47 176.42 176.47 176.48 176.49 176.49 176.45 176.42 176.09 176.41 176.50 176.48 176.47 176.48 176.49 176.48 176.49 176.39 175.87 176.07 176.28 176.30 176.35 176.36 176.43 176.43 176.40 176.48 176.42 176.46 176.48 176.46 176.50 176.50 176.47 176.18 176.42 176.11 176.26 176.42 176.43 176.36 176.43 176.32 175.43 176.12 176.26 176.32 175.95 175.86 176.07 175.93 175.85 176.22 176.47 176.51 176.51 176.50 176.44 176.42 176.41 176.50 176.51 176.47 176.45 176.05 175.78 175.91 176.28 176.30 176.43 176.41 176.47 176.42 176.48 176.47 176.48 176.49 176.51 176.49 176.30 176.49 176.49 176.50 176.50 176.41 176.40 176.43 176.44 176.31 176.29
69°S ||     176.27 176.33 176.46 176.48 176.40 175.71 175.87 176.38 176.27 176.30 176.34 176.42 176.43 176.41 176.18 176.05 175.70 175.85 175.99 176.36 176.48 176.42 176.17 175.94 176.17 176.30 176.39 176.42 176.28 176.18 176.06 176.11 176.05 176.23 176.26 176.31 176.43 176.44 176.46 176.46 176.43 176.46 176.45 176.47 176.47 175.98 176.39 176.49 176.49 176.48 176.49 176.51 176.51 176.50 176.50 176.50 176.50 176.50 176.51 176.51 176.48 176.49 176.50 176.45 176.50 176.47 176.32 176.34 176.38 176.38 176.36 176.32 176.39 176.47 176.48 176.48 176.37 176.32 176.03 176.20 176.28 176.40 176.26 176.28 176.31 176.21 176.25 176.23 176.36 176.46 176.46 176.50 175.92 176.50 176.51 176.50 176.51 176.51 176.51 176.49 176.50 176.50 176.51 176.51 176.46 176.34 176.00 176.47 176.50 176.49 176.48 176.43 176.45 176.41 176.46 176.26 176.21 176.43 176.49 176.45 176.38 176.44 176.42 176.38 176.39 176.42 176.46 176.45 176.35 176.35 176.37 176.45 176.44 176.20 176.21 175.99 175.56 175.85 175.81 176.02 176.15 176.15 175.89 175.98 176.29 176.46 176.49 176.40 176.42 176.49 176.50 176.50 176.45 175.33 176.49 176.03 176.24 175.74 176.03 176.15 176.23 176.41 176.45 176.48 176.49 176.45 176.35 176.27 175.99 175.79 176.38 176.38 176.51 176.48 176.44 176.38 176.33 176.29 176.39 176.37
67°S ||     175.97 176.23 176.09 176.45 176.48 176.50 176.50 176.05 176.33 176.24 176.19 176.19 176.34 176.35 176.50 176.46 176.34 176.07 176.00 175.80 175.79 175.54 175.85 175.87 176.14 176.12 176.03 175.96 176.05 175.78 175.79 175.71 175.93 176.15 176.15 176.29 176.31 175.99 176.46 176.46 176.49 176.48 176.48 176.48 176.48 176.49 176.48 176.50 176.49 176.49 176.50 176.51 176.51 176.51 176.50 176.50 176.47 176.50 176.49 176.50 176.42 176.49 176.49 176.49 176.47 176.32 174.43 174.44 175.66 176.40 176.45 176.46 176.48 176.50 176.50 176.47 176.37 176.08 176.11 175.94 176.15 176.17 176.24 176.34 176.46 176.43 176.47 176.48 176.46 176.47 176.49 176.51 176.50 176.51 176.51 176.50 176.50 176.50 176.44 176.49 176.41 176.22 176.10 176.13 175.90 176.24 176.38 175.92 176.00 176.32 176.45 176.48 176.50 176.42 176.45 176.44 176.50 176.42 176.41 176.38 176.40 176.40 176.36 176.36 176.39 176.24 176.23 176.09 176.06 176.43 176.39 176.11 176.37 176.41 176.12 176.04 175.97 175.67 176.02 175.48 175.70 175.97 175.98 176.30 176.35 176.32 176.03 176.22 176.43 176.50 176.48 176.17 176.50 176.48 176.44 176.42 176.41 176.14 176.45 176.41 176.46 176.46 176.50 176.49 176.49 176.49 176.50 176.50 176.48 176.39 176.49 176.49 176.48 176.42 176.19 176.30 176.13 176.14 176.18 176.41
65°S ||     176.36 176.14 175.92 176.21 176.24 176.48 176.25 176.01 176.31 176.28 176.29 176.18 176.17 176.17 176.26 176.40 176.47 176.47 176.50 176.47 176.28 176.20 176.23 176.12 176.30 176.29 176.08 176.07 176.21 176.11 175.96 176.17 176.03 176.19 176.30 176.37 176.38 176.41 176.41 176.47 176.48 176.50 176.50 176.50 176.51 176.51 176.50 176.51 176.51 176.50 176.50 176.48 176.46 176.46 176.50 176.50 176.50 176.50 176.50 176.18 175.77 176.46 176.38 176.13 176.50 176.26 175.76 175.59 176.46 176.46 176.46 176.49 176.50 176.51 176.46 176.46 176.44 176.41 176.23 176.03 176.06 176.25 176.40 176.41 176.47 176.48 176.48 176.46 176.38 176.49 176.49 176.50 176.50 176.51 176.44 176.48 176.43 176.49 176.48 176.49 176.47 176.48 176.44 176.41 176.22 176.38 176.31 176.39 176.39 176.37 176.39 176.32 176.38 176.32 176.44 176.02 176.06 176.31 176.42 176.46 176.45 176.36 176.23 176.26 176.12 176.17 176.20 176.14 176.13 175.97 176.50 176.49 176.48 176.45 175.48 176.24 176.19 176.22 176.24 175.83 175.80 175.81 176.15 176.16 176.19 175.90 175.75 176.36 176.18 176.19 176.30 176.49 176.42 176.48 176.49 175.92 176.31 176.40 176.50 176.48 176.21 176.31 176.41 176.46 176.40 176.47 176.50 176.49 176.50 176.48 176.42 176.42 176.33 175.95 176.43 176.48 176.41 176.34 176.11 176.03
63°S ||     176.37 176.36 176.25 176.20 176.02 176.28 176.50 176.39 176.39 176.48 176.35 176.44 175.82 176.30 176.27 176.36 176.33 176.30 176.36 176.46 176.35 176.33 176.18 176.26 176.20 176.29 176.30 176.19 176.15 176.20 176.17 176.26 176.38 176.39 176.37 176.25 176.14 176.31 176.45 176.37 176.46 176.44 176.34 176.49 176.50 176.40 176.43 176.50 176.49 176.43 176.42 176.34 175.96 175.92 176.14 176.31 176.38 176.42 176.48 176.47 176.49 176.49 176.45 176.28 175.83 176.12 176.51 175.96 176.49 176.38 176.46 176.50 176.47 176.49 176.46 176.33 176.19 176.28 176.34 176.46 176.46 176.39 176.41 176.43 176.45 176.44 176.50 176.50 176.50 176.49 176.49 176.49 176.51 176.50 176.51 176.47 176.50 176.51 176.45 176.50 176.49 176.47 176.49 176.50 176.50 176.41 176.39 176.28 176.29 176.16 176.35 176.43 176.50 176.26 175.76 175.65 175.59 175.99 176.24 176.31 176.35 176.37 176.32 176.27 176.02 175.91 176.06 176.10 176.06 175.99 176.22 176.50 176.50 176.48 176.49 176.32 176.17 176.27 176.18 175.49 176.50 176.03 176.36 176.30 176.31 176.12 176.00 175.85 175.62 175.88 176.17 176.26 176.33 176.38 176.48 176.48 176.35 176.32 176.43 176.46 176.40 176.40 176.48 176.48 176.35 175.93 175.89 176.16 176.43 176.48 176.49 176.50 176.47 176.49 176.50 176.21 176.44 176.47 176.45 175.97
61°S ||     176.46 175.96 175.98 176.37 176.49 176.51 176.51 176.29 176.32 176.38 176.22 176.36 176.35 176.33 174.91 176.39 176.51 176.50 176.04 176.49 176.49 176.50 176.43 176.29 176.14 176.09 175.87 176.47 176.14 176.28 176.48 176.50 176.50 176.49 176.31 176.27 176.29 176.39 176.35 176.33 176.47 176.17 176.40 176.34 176.41 175.76 176.49 176.47 176.45 176.44 176.45 176.42 176.42 176.50 176.35 176.31 176.31 176.46 176.31 176.33 176.33 176.46 176.32 176.31 176.07 175.34 175.91 176.44 175.79 175.71 176.06 176.35 176.40 176.10 175.89 176.20 176.50 176.49 176.51 176.48 176.04 176.05 176.44 176.45 176.46 176.43 176.39 176.41 176.51 176.50 176.50 176.50 176.50 176.50 176.50 176.49 176.50 176.50 176.50 176.50 176.44 176.50 176.51 176.51 176.35 176.51 176.49 176.50 176.50 176.50 176.50 176.49 176.45 176.35 176.09 175.91 176.43 176.45 176.45 176.50 174.77 175.82 176.48 176.39 176.22 176.12 175.85 175.69 176.13 175.60 174.94 175.56 175.90 175.93 176.14 176.34 176.26 176.37 176.38 176.36 176.17 176.09 176.04 176.11 176.15 176.08 176.07 175.88 175.99 175.97 176.18 176.15 176.19 176.25 176.27 176.43 175.60 175.93 175.95 176.15 176.34 176.47 176.51 176.48 176.43 176.28 176.03 176.09 176.27 175.48 176.12 176.47 176.50 176.44 175.79 176.00 176.22 176.50 176.48 176.45
59°S ||     176.37 176.45 176.32 176.32 176.51 176.49 175.73 176.27 176.38 176.18 176.38 176.27 176.40 175.84 176.44 175.91 176.49 176.50 176.45 176.39 176.49 176.48 176.50 176.47 176.02 176.29 176.40 176.41 176.40 176.30 176.37 176.46 176.42 176.48 176.22 176.50 176.40 176.13 176.02 176.13 176.31 176.50 176.46 176.47 176.49 176.46 176.45 176.37 176.21 176.24 176.23 176.24 176.19 176.15 176.36 176.49 176.43 176.50 176.36 176.26 176.45 176.49 174.81 175.69 175.71 175.07 175.26 176.15 175.74 176.21 176.39 175.65 174.68 176.29 175.70 176.28 176.22 176.41 176.45 176.47 176.23 176.28 176.45 176.36 176.39 176.50 176.48 176.44 176.49 176.07 176.49 176.50 176.49 176.50 176.00 176.50 176.48 176.50 175.92 176.46 176.45 176.49 176.50 176.51 176.50 176.50 176.50 176.50 176.50 176.45 176.42 176.28 176.22 176.22 176.37 176.50 176.47 176.48 176.49 176.34 176.35 176.38 176.48 176.22 175.59 175.31 175.07 175.30 175.00 174.34 175.17 175.25 175.81 176.12 175.81 176.24 176.27 176.00 175.54 175.81 176.04 176.12 175.63 175.66 176.19 175.92 175.94 175.44 175.98 176.24 175.87 175.90 176.28 176.48 176.45 176.34 176.17 176.24 176.11 176.13 176.15 176.24 176.35 176.44 176.50 176.40 176.20 176.16 176.27 176.15 176.41 175.64 176.19 176.36 176.16 176.47 176.46 176.49 176.48 176.46
57°S ||     176.45 176.44 176.21 175.90 176.43 176.03 176.33 176.28 176.00 176.05 176.14 176.02 176.10 176.19 175.90 175.97 176.39 176.43 176.41 176.35 176.15 176.37 176.41 176.39 175.92 176.36 176.46 176.45 176.39 175.96 175.52 176.43 176.50 176.48 176.48 176.21 176.13 176.37 176.28 176.28 176.19 176.44 176.50 176.49 176.48 176.50 176.34 176.29 176.47 176.15 176.12 176.05 176.20 176.23 176.39 176.24 176.37 176.38 176.24 176.12 176.32 174.68 176.01 175.86 174.60 174.21 174.55 174.53 172.04 174.84 173.41 175.10 176.24 176.27 176.31 175.69 174.99 175.76 176.02 174.61 174.49 176.29 176.48 176.49 176.43 176.49 176.49 176.44 176.42 176.47 176.50 176.49 176.47 176.36 176.40 176.37 176.39 176.42 176.51 176.43 176.31 176.38 176.38 176.41 176.39 176.50 176.48 176.44 176.36 176.26 176.14 175.98 175.77 175.51 175.87 176.22 176.11 176.08 175.88 176.26 176.30 176.12 175.33 174.28 173.35 173.41 173.30 173.35 173.33 172.65 174.35 174.76 175.29 174.59 175.04 175.22 175.31 176.23 175.75 176.33 175.99 175.15 176.03 176.22 176.47 176.37 176.20 176.02 175.95 176.20 176.45 176.49 176.51 176.47 176.19 176.48 176.33 176.48 176.11 176.26 176.27 176.18 176.25 176.46 176.49 176.39 176.25 176.23 176.29 176.24 176.01 175.90 176.26 176.30 176.37 176.25 176.25 176.31 176.45 176.38
55°S ||     176.40 176.38 176.27 176.08 176.50 176.49 176.49 176.36 176.21 176.48 176.48 176.45 176.38 176.41 176.24 176.37 176.35 176.51 176.50 176.50 176.30 175.80 175.80 176.10 175.72 176.36 176.50 176.50 176.43 176.34 176.29 176.47 176.47 176.49 176.17 176.48 176.44 176.21 176.08 176.01 176.10 176.00 175.94 176.10 176.49 176.33 176.26 176.42 176.47 176.33 176.09 176.06 176.02 176.44 175.96 176.01 176.23 175.92 176.00 175.54 176.07 174.23 173.55 174.73 175.64 172.49 172.18 172.39 172.16 172.17 172.20 173.11 174.46 175.81 174.49 175.02 176.29 175.48 175.83 175.94 176.32 176.50 176.49 176.50 176.50 176.49 176.47 176.44 176.44 176.37 176.47 176.51 176.47 176.48 176.49 176.00 175.22 176.51 176.51 176.47 176.51 176.51 176.32 176.28 176.30 176.39 176.43 176.38 176.21 175.98 175.75 175.52 175.02 174.48 174.54 173.92 173.47 172.98 172.79 172.25 172.28 172.20 172.22 172.35 172.58 172.20 172.03 172.00 172.51 172.37 172.97 173.40 174.01 174.96 174.33 174.61 176.00 176.08 176.18 176.38 176.40 176.41 176.51 176.51 175.76 176.26 176.36 176.26 176.46 176.43 176.36 176.36 174.46 176.00 176.36 176.46 176.37 176.07 176.13 176.13 176.36 176.46 176.50 176.46 176.42 176.35 176.42 176.49 176.50 176.50 176.49 176.20 176.32 176.31 176.27 176.32 176.36 176.38 176.50 176.43
53°S ||     176.32 176.50 176.46 175.63 175.40 176.34 176.47 176.41 176.42 176.49 176.34 176.47 176.32 176.50 176.50 176.49 176.42 176.40 176.50 176.51 176.50 176.20 175.92 176.51 176.40 176.47 175.60 176.47 176.51 176.46 176.43 176.50 176.51 175.71 176.50 176.50 176.43 176.21 176.01 176.02 175.93 176.03 176.26 176.34 176.49 176.51 176.50 176.50 175.44 173.97 176.43 176.44 176.48 176.47 176.35 176.24 176.34 176.31 176.29 176.39 175.63 173.74 173.40 172.86 172.96 172.56 172.21 172.22 172.26 172.31 172.30 172.11 172.04 173.59 176.03 176.19 175.87 175.01 176.34 176.09 175.80 176.05 176.21 176.32 176.48 175.36 175.97 176.46 176.50 176.44 176.49 176.47 176.43 176.49 176.39 176.34 176.48 176.50 176.51 176.50 176.50 176.49 176.44 175.97 176.48 176.36 176.49 176.35 176.28 176.22 175.51 175.08 174.16 173.30 172.88 172.10 172.11 172.23 172.95 173.86 174.43 174.59 174.54 174.51 174.51 174.54 174.45 174.49 174.55 174.51 173.63 172.11 171.94 172.05 174.50 173.57 173.33 174.49 176.27 176.35 176.34 176.49 176.48 176.44 176.41 176.06 176.35 176.39 176.42 176.28 176.49 176.37 176.14 175.85 174.28 176.29 176.40 175.93 175.92 176.22 176.28 176.24 176.27 176.48 176.43 176.49 176.34 176.50 176.23 176.45 176.49 176.33 175.90 175.91 176.33 176.48 176.50 176.47 176.36 176.30
51°S ||     176.36 176.45 176.46 176.50 176.13 176.16 176.08 176.29 176.09 176.49 176.46 176.42 176.49 176.50 176.50 176.49 176.47 176.23 176.48 176.50 176.45 176.28 175.95 175.79 175.48 176.44 176.22 176.44 176.51 176.51 176.42 176.51 176.45 176.01 176.50 176.29 176.43 176.37 176.19 175.64 175.64 175.45 175.81 176.47 176.51 176.50 176.48 176.44 175.14 174.40 176.33 176.45 176.21 175.97 176.05 175.65 175.34 175.48 176.43 176.30 175.82 175.82 173.10 172.14 172.58 172.12 172.37 172.24 172.24 172.24 172.25 172.38 172.12 171.99 171.94 172.53 175.88 175.69 176.24 176.19 175.94 176.07 176.42 176.49 176.49 175.85 176.28 176.48 176.50 176.50 176.50 176.48 176.46 176.43 176.49 176.37 176.47 176.50 176.51 176.42 176.32 176.50 176.34 176.49 176.48 176.38 176.36 176.19 175.90 175.90 174.44 174.04 173.84 172.36 171.92 172.27 172.99 173.94 174.55 174.34 173.95 172.92 172.33 169.84 171.10 171.04 171.96 171.87 172.38 173.03 171.52 173.38 173.11 173.10 172.84 172.84 174.96 176.44 175.46 176.02 176.23 176.35 175.44 175.84 176.03 176.19 176.43 176.38 176.48 176.38 176.19 176.16 176.29 176.36 176.45 176.33 176.21 176.01 176.24 176.30 176.36 176.34 176.44 176.32 176.35 176.46 176.43 176.29 176.47 176.36 176.49 176.39 176.39 176.30 176.37 176.48 176.43 176.48 176.46 176.38
49°S ||     176.39 176.49 176.44 176.49 175.79 175.34 174.97 176.27 176.37 176.21 176.37 176.34 176.24 176.22 176.42 176.34 176.27 176.33 175.76 175.98 176.23 176.40 175.88 175.70 176.27 176.11 176.35 176.51 176.51 176.51 176.45 176.50 176.44 175.56 175.60 175.62 176.03 176.02 176.09 175.69 175.51 175.58 175.74 176.37 176.49 176.51 176.51 176.51 176.50 176.48 176.44 176.29 175.94 175.75 175.98 176.26 176.32 176.31 176.42 176.32 174.76 173.97 173.38 172.47 172.21 172.76 172.28 172.32 172.24 172.48 172.53 172.13 172.09 175.40 173.72 176.01 175.68 175.35 176.32 176.07 175.92 176.11 176.39 176.51 176.30 176.42 176.48 175.02 175.83 176.49 176.23 176.46 176.10 175.94 176.48 176.10 176.26 176.20 176.44 176.38 176.43 176.43 176.50 176.45 176.37 176.50 176.45 176.11 175.90 175.05 176.03 174.63 172.61 171.95 172.93 173.94 174.43 174.55 173.82 172.75 169.79 166.39 169.57 169.56 173.51 171.70 171.17 170.43 171.22 171.37 171.14 170.69 171.91 173.38 173.82 172.98 173.25 175.00 174.53 175.79 175.11 176.06 176.38 176.49 176.45 176.16 176.50 176.43 176.43 176.34 176.42 176.46 176.45 176.48 176.48 176.20 176.44 176.50 176.44 176.37 175.53 176.11 176.46 176.24 176.37 176.44 176.22 175.55 176.29 175.85 176.02 176.35 176.39 176.50 176.33 176.04 176.19 176.33 176.48 176.50
47°S ||     176.23 176.41 176.42 176.39 176.31 175.86 176.37 176.39 176.48 176.46 176.37 176.40 175.72 176.51 175.94 176.13 175.40 175.63 176.18 176.08 176.39 176.01 176.28 176.44 176.42 176.21 176.27 176.47 176.51 176.50 176.50 176.51 176.48 176.21 176.09 176.18 176.36 176.39 176.39 176.23 175.89 175.81 176.10 176.18 176.06 176.44 176.44 176.47 176.39 176.41 176.23 176.12 175.82 175.81 175.66 175.96 176.23 176.09 176.45 176.43 176.12 175.67 176.18 173.68 173.94 172.40 172.70 172.63 172.52 172.66 172.58 172.25 172.06 174.55 173.94 174.11 176.22 176.25 176.42 176.47 176.28 176.45 176.47 176.49 176.48 176.50 176.44 176.50 176.44 176.48 176.45 176.43 175.85 176.44 176.50 176.30 176.45 176.40 176.33 176.32 176.33 176.25 176.39 176.48 176.04 176.02 176.43 176.20 175.44 175.70 175.99 175.27 173.32 172.85 174.20 173.50 172.10 167.71 163.62 170.31 172.36 170.94 168.68 169.24 171.60 172.75 173.50 172.07 171.21 171.72 171.61 172.39 172.34 172.65 173.98 174.49 173.39 172.00 173.65 174.47 174.73 174.95 175.78 176.37 175.97 176.05 176.34 176.26 176.31 176.32 176.32 176.49 176.37 176.50 176.44 176.51 176.44 176.32 176.07 176.45 176.26 176.10 176.44 176.37 176.39 176.20 176.34 176.15 175.86 176.02 176.08 176.10 176.46 176.34 176.35 176.37 176.45 176.38 176.47 176.48
45°S ||     176.49 176.51 176.46 176.48 176.45 176.48 176.45 176.43 176.35 176.43 176.26 176.51 176.32 176.24 176.29 176.29 176.28 176.24 176.44 176.48 176.40 176.43 175.97 176.36 176.47 176.37 176.50 176.48 176.48 176.46 176.41 176.46 176.43 176.33 176.36 176.35 176.36 176.38 176.43 176.44 176.28 176.22 176.33 176.26 176.17 176.37 176.38 176.26 176.15 176.00 175.93 175.92 175.86 175.40 175.19 176.17 176.40 176.44 176.48 176.44 176.11 176.24 175.55 175.22 174.36 171.97 172.12 173.92 173.60 172.99 172.76 172.44 172.40 173.31 174.34 173.56 176.33 176.36 176.32 174.60 176.49 176.44 176.51 176.51 176.50 176.48 176.49 176.40 176.43 176.47 176.50 176.48 176.16 176.47 176.50 176.42 176.47 176.48 176.44 176.32 175.95 176.39 176.47 176.46 176.37 176.47 176.40 176.19 175.89 175.85 175.68 175.87 173.21 173.07 173.22 171.31 164.73 163.50 168.97 166.43 167.96 165.82 166.69 166.82 168.30 165.74 163.82 170.69 172.17 169.28 171.64 172.07 172.08 172.58 174.06 174.32 174.14 172.17 172.86 173.80 174.77 174.19 175.33 175.94 175.96 176.17 176.17 176.42 176.24 176.27 176.44 176.37 176.18 176.49 176.46 176.44 176.34 176.39 175.99 175.34 176.03 176.19 176.46 176.11 175.90 176.13 176.45 175.93 176.45 176.38 176.16 176.28 176.47 176.48 175.93 176.03 176.07 176.44 176.48 176.47
43°S ||     176.27 176.44 176.16 176.31 176.27 176.49 176.44 176.46 176.43 176.39 176.32 176.26 176.27 176.12 176.36 176.36 176.50 176.46 176.49 176.48 176.26 176.37 176.46 176.46 176.34 176.43 176.50 176.50 176.22 176.39 176.32 176.45 176.46 176.00 176.33 176.33 176.35 176.40 176.47 176.49 176.19 176.09 175.20 175.25 175.96 176.28 176.19 176.03 176.06 175.83 175.72 175.73 175.62 175.68 175.70 176.26 176.30 176.11 176.41 176.50 176.50 176.50 176.18 176.44 174.28 174.61 172.60 172.13 172.07 171.94 172.01 172.16 174.24 173.23 173.90 176.23 176.31 176.09 176.21 176.05 176.32 173.09 176.42 176.44 176.49 176.50 176.50 176.38 176.42 176.50 176.50 176.39 176.41 176.48 176.49 176.50 176.21 176.50 176.32 176.46 176.44 176.48 176.42 176.19 176.23 176.27 176.44 175.06 176.31 175.86 175.91 175.47 172.54 174.43 172.20 167.39 167.63 169.82 168.14 164.84 166.82 167.00 169.01 165.99 166.71 170.84 170.20 170.63 169.15 170.89 171.54 171.82 172.68 173.56 174.61 174.59 174.14 172.59 172.92 172.83 173.72 173.43 174.70 174.91 175.44 175.66 176.15 176.34 176.24 175.26 176.11 176.28 176.29 176.50 176.50 176.44 176.33 176.32 176.36 176.37 176.24 176.29 176.50 175.86 175.54 175.46 175.99 176.16 176.46 176.33 176.34 176.21 176.19 176.51 176.51 175.98 176.42 176.50 176.45 176.47
41°S ||     176.04 176.20 176.15 175.55 175.92 176.50 176.47 176.44 176.07 175.14 173.29 174.01 176.05 176.39 176.49 176.34 176.24 176.39 176.13 176.40 176.23 176.46 176.46 176.45 176.37 175.84 176.24 176.34 176.45 176.21 176.10 176.31 176.21 176.23 176.07 176.28 176.33 176.41 176.43 174.74 174.42 174.23 172.15 171.85 171.94 174.61 174.59 174.60 175.39 175.72 175.44 175.72 175.53 175.66 175.63 175.67 175.74 176.13 176.33 176.47 176.32 175.90 176.44 175.67 175.93 174.64 174.92 173.91 172.57 172.35 172.66 174.17 173.26 175.36 175.28 175.32 175.72 172.68 175.82 176.21 176.17 176.29 176.45 176.48 176.51 176.49 176.12 176.25 176.34 176.43 176.50 176.30 176.51 176.49 176.42 176.45 176.35 176.42 176.51 176.50 176.39 176.32 176.17 175.98 176.35 176.35 176.50 176.02 176.09 176.14 175.72 175.26 172.56 174.46 172.97 167.38 166.89 171.84 166.45 166.27 166.16 167.76 165.23 163.75 167.78 170.96 169.15 168.76 170.25 169.15 170.62 172.06 173.90 174.62 174.60 174.45 173.68 172.38 171.91 172.70 172.32 175.13 175.56 175.22 175.93 176.44 176.12 176.01 175.92 176.01 176.14 175.95 176.03 176.50 176.49 176.49 176.41 176.31 176.51 176.46 176.35 176.41 176.46 176.22 176.05 176.20 176.06 176.15 176.42 176.40 176.40 176.39 176.33 176.49 176.47 176.12 176.47 176.36 176.18 176.40
39°S ||     176.09 176.09 176.30 176.46 175.78 176.15 176.30 176.38 176.42 176.35 174.85 174.78 176.44 176.34 176.48 176.49 176.49 176.36 176.43 176.51 176.47 176.33 176.44 176.49 176.48 176.50 176.40 176.36 176.42 176.38 176.32 174.66 175.77 176.11 176.11 176.24 176.33 176.31 175.76 175.72 175.18 173.80 173.42 173.52 173.94 174.07 173.96 174.24 173.55 174.77 175.50 175.51 175.52 175.60 175.72 175.73 175.91 176.14 176.19 176.44 176.43 176.46 176.27 176.35 176.16 175.86 175.80 173.04 173.59 173.61 173.61 173.67 174.97 175.51 175.13 175.37 175.57 175.95 176.15 176.10 176.18 175.99 175.99 176.43 176.46 176.51 176.39 175.94 176.42 176.39 176.29 176.24 176.32 176.47 176.07 176.50 176.50 176.45 176.46 176.18 176.43 176.30 176.32 176.40 176.34 176.31 176.38 176.32 176.06 176.03 175.99 174.47 172.26 173.29 173.92 166.73 163.94 165.22 169.47 167.05 164.29 165.72 164.38 163.81 166.77 169.08 166.50 168.60 167.69 170.27 171.65 173.47 174.54 174.60 174.31 173.93 173.56 172.96 171.93 173.88 174.39 175.12 175.91 175.84 176.02 175.77 174.71 175.87 176.39 176.08 176.01 175.77 176.18 176.35 176.50 176.39 176.49 176.48 176.33 176.48 176.50 176.47 176.47 176.42 176.43 176.36 175.86 176.10 176.28 176.24 176.34 176.45 176.22 176.31 176.30 176.48 176.41 176.22 176.04 175.83
37°S ||     175.80 176.00 176.08 176.34 174.58 175.34 176.11 176.47 176.34 175.88 175.66 176.20 176.26 176.49 176.27 176.30 176.30 176.31 176.41 176.46 176.47 176.47 176.42 176.50 176.47 176.31 176.40 176.14 176.07 176.35 176.31 175.72 175.86 175.31 175.95 175.14 175.72 173.79 173.95 175.71 173.78 172.87 174.36 174.40 174.29 174.24 174.45 175.19 174.55 174.51 174.26 174.90 175.48 175.84 175.82 175.96 175.87 176.26 176.32 176.18 176.17 176.50 176.49 176.49 175.96 175.41 175.40 175.18 176.43 174.41 175.55 175.32 175.23 174.75 175.13 175.63 175.82 175.86 175.77 176.13 176.36 176.44 176.50 174.73 176.41 176.49 176.42 176.50 175.92 176.44 176.35 176.23 176.27 176.42 176.50 176.47 176.49 176.47 176.35 176.31 176.40 176.40 176.32 176.41 176.46 176.40 175.41 176.47 176.14 175.74 175.51 175.30 174.17 173.42 174.06 169.48 164.12 160.25 155.07 167.07 166.31 165.89 169.39 164.35 168.36 167.76 169.27 168.49 168.86 169.57 170.46 174.00 174.52 174.36 173.79 173.34 172.52 171.90 172.67 173.77 175.33 175.48 176.19 176.22 176.34 176.19 175.85 175.82 175.89 176.03 175.81 176.05 176.16 176.22 176.34 176.34 176.03 176.32 176.31 176.45 176.51 176.36 176.38 176.36 176.48 176.33 175.79 176.37 176.35 176.23 176.06 176.10 176.13 176.16 176.35 176.35 175.78 175.51 175.76 174.90
35°S ||     175.75 174.64 175.97 176.39 176.16 176.50 176.15 176.45 176.34 175.95 175.84 176.37 176.46 176.43 176.33 176.37 176.30 176.10 176.45 176.48 176.49 176.46 176.35 176.47 176.27 176.40 176.32 176.26 175.90 176.02 175.79 175.70 175.78 175.55 175.67 175.83 175.22 173.74 173.86 173.83 173.20 174.37 175.10 174.98 174.67 174.95 174.75 174.83 175.09 175.13 174.91 174.00 174.82 175.80 176.05 176.18 176.16 176.17 176.17 176.22 176.31 176.39 176.36 176.31 176.36 176.47 176.50 176.30 176.33 175.24 175.31 174.52 175.76 176.17 176.03 175.76 175.73 175.76 175.16 175.90 176.32 176.48 176.38 176.47 176.43 176.50 176.39 176.51 176.48 176.40 176.43 176.30 176.36 176.48 176.51 176.50 176.45 175.98 176.50 176.46 176.43 176.23 176.31 176.37 176.48 176.49 176.43 176.45 175.68 176.17 176.19 175.60 175.13 174.62 172.36 174.01 167.53 163.76 158.86 157.49 166.58 166.77 156.69 158.56 169.05 168.09 168.64 169.44 168.87 169.94 173.33 174.18 173.25 173.33 172.89 172.33 172.54 171.90 171.91 171.95 174.46 175.79 176.28 176.24 176.40 176.31 176.19 176.09 175.92 175.77 176.02 176.21 176.47 176.35 176.49 176.40 176.50 176.49 176.48 176.35 176.48 176.47 176.23 176.26 176.45 176.45 176.50 176.41 176.38 176.47 175.77 175.89 176.25 176.31 176.15 176.01 175.03 175.43 176.05 176.47
33°S ||     175.70 175.50 176.44 176.49 176.48 176.28 176.46 175.94 176.00 176.33 176.32 176.40 176.46 176.40 175.99 176.44 176.29 176.25 176.47 176.47 176.32 176.51 176.50 176.50 176.43 176.31 176.33 176.23 176.09 175.90 175.79 175.05 175.45 175.25 174.93 175.14 174.48 173.42 173.25 172.48 172.77 174.44 175.31 174.88 175.61 174.98 175.83 175.88 175.66 175.69 175.11 174.12 173.19 174.97 175.78 176.18 176.15 176.19 176.20 176.18 176.38 176.50 176.20 176.35 176.29 176.25 176.29 176.30 176.36 176.44 176.33 175.31 175.30 176.14 175.31 176.15 175.31 175.86 175.93 175.77 176.10 176.26 175.88 176.38 176.42 176.47 176.48 176.50 176.49 176.44 176.45 176.46 176.49 176.43 176.50 176.46 176.51 176.46 176.51 176.37 176.45 176.39 176.24 176.33 176.47 176.49 176.45 176.47 176.41 176.18 176.30 176.36 176.46 176.08 175.23 172.27 174.03 170.28 166.39 161.74 161.81 156.58 167.35 169.47 167.86 167.82 169.67 169.87 172.98 174.55 174.41 173.02 172.05 171.99 171.93 171.92 172.29 172.04 172.19 172.48 173.91 175.74 176.20 176.32 176.42 176.44 176.35 176.38 176.30 176.17 176.21 176.38 176.47 176.45 176.35 176.30 176.32 176.36 176.39 176.46 176.49 176.42 176.49 176.49 176.49 176.50 176.41 176.37 176.15 176.47 176.20 175.68 176.47 176.21 176.20 176.00 175.79 176.06 176.36 176.23
31°S ||     175.83 176.40 176.48 176.50 176.37 176.41 176.13 176.38 176.44 176.38 176.44 176.46 176.48 176.40 176.28 176.29 176.29 176.32 176.49 176.47 176.49 176.50 176.49 176.48 176.42 176.41 176.31 176.21 176.00 175.77 175.54 175.42 175.36 174.81 174.66 175.23 174.40 173.23 173.40 172.50 173.61 174.51 174.89 175.45 175.67 175.85 175.87 176.02 176.01 176.09 175.27 174.13 174.54 174.64 174.78 174.72 175.92 176.19 176.27 176.42 176.47 176.46 176.35 176.32 176.19 176.25 176.18 176.05 176.15 176.21 176.11 174.45 176.17 176.35 175.90 176.23 176.13 175.98 175.70 175.71 175.37 175.51 176.01 176.09 176.16 176.47 176.51 176.49 176.51 176.50 176.50 176.48 176.50 176.49 176.47 176.49 176.47 176.49 176.50 176.46 176.45 176.49 176.49 176.45 176.50 176.50 176.47 176.48 176.30 176.12 175.86 176.30 175.98 176.08 174.40 174.44 172.44 172.71 173.37 172.72 168.72 164.38 170.66 168.93 170.00 169.22 171.23 173.25 173.65 172.08 173.12 172.58 171.94 171.99 171.97 172.97 173.14 172.25 172.40 173.46 173.79 176.11 176.14 176.38 176.06 176.49 176.46 176.47 176.46 176.43 176.37 176.46 176.50 176.50 176.47 176.44 176.39 176.36 176.27 176.16 176.48 176.34 175.74 176.47 176.37 176.19 176.06 176.21 176.21 176.24 176.42 176.16 176.45 176.30 176.31 176.29 176.31 176.17 176.20 176.22
29°S ||     175.86 176.46 176.07 176.49 176.37 176.26 176.38 176.18 176.47 176.41 176.40 176.40 176.45 176.31 176.27 176.31 176.35 176.25 176.44 176.46 176.41 176.49 176.49 176.47 176.44 176.38 176.31 176.14 175.92 175.70 175.49 175.21 175.03 175.00 174.98 174.19 174.25 173.73 172.18 171.15 173.54 174.69 175.11 175.40 175.69 175.93 176.05 176.14 176.20 176.19 176.14 176.03 175.46 175.47 175.37 174.63 174.91 175.40 176.25 176.39 176.50 176.28 176.19 176.24 174.99 176.21 176.32 176.25 176.03 176.07 175.78 175.16 175.84 176.26 176.04 175.60 175.95 175.98 175.28 175.52 175.62 175.60 175.98 175.80 176.41 176.39 176.43 176.50 176.50 176.46 176.24 176.47 176.43 176.44 176.47 176.49 176.48 176.48 176.49 176.49 176.47 176.44 176.50 176.43 176.46 176.41 176.36 176.41 176.49 176.25 176.40 175.97 175.69 175.54 176.37 175.94 173.53 173.83 172.24 172.31 172.62 172.59 174.02 173.05 173.83 173.97 173.67 173.95 172.02 172.09 172.92 173.92 172.79 172.23 172.82 174.05 173.54 173.61 173.91 175.32 175.44 175.95 176.24 176.35 176.38 176.46 176.47 176.45 176.45 176.44 176.43 176.48 176.49 176.46 176.50 176.39 176.13 176.27 176.32 176.11 176.49 176.40 176.30 176.49 176.28 176.42 176.33 176.16 176.38 176.45 176.35 176.42 176.49 176.46 176.18 176.26 176.41 176.31 176.19 175.99
27°S ||     176.26 176.47 176.38 176.29 176.38 176.37 176.50 176.19 176.43 176.50 176.49 176.34 176.47 176.45 176.27 176.41 176.26 176.44 176.45 176.48 176.49 176.49 176.47 176.46 176.39 176.34 176.27 176.19 175.89 175.65 175.36 175.08 174.67 174.74 174.58 174.77 174.99 173.54 173.24 171.44 173.83 174.75 175.10 175.48 175.78 176.00 176.14 176.22 176.27 176.34 176.33 176.35 176.20 175.76 175.75 175.83 176.03 176.01 175.93 175.91 175.72 176.50 176.15 176.13 176.18 176.17 176.07 175.66 176.11 176.22 176.19 174.82 174.54 174.20 175.47 176.10 175.65 175.61 175.17 175.18 175.25 175.30 175.54 175.97 176.12 176.27 176.30 176.27 176.48 176.50 176.49 176.45 176.45 176.47 176.50 176.47 176.45 176.47 176.48 176.49 176.47 176.22 176.51 176.29 176.37 176.41 176.10 176.50 176.45 176.44 176.25 176.33 176.08 176.20 176.31 176.22 175.99 173.82 174.06 173.32 172.81 172.98 172.00 171.91 171.92 172.16 172.78 172.33 172.02 172.35 173.85 173.06 172.83 173.39 174.77 174.21 176.43 173.97 174.06 176.34 176.15 176.40 176.45 176.45 176.44 176.44 176.45 176.45 176.48 176.49 176.50 176.49 176.33 176.30 176.23 176.37 176.43 176.19 176.23 176.50 176.38 176.43 176.41 176.42 176.09 176.48 176.29 176.31 176.32 176.18 176.28 176.39 176.50 176.42 176.49 176.46 176.47 176.42 176.16 176.12
25°S ||     176.05 176.50 176.42 176.50 176.42 176.51 176.48 176.33 176.49 176.45 176.45 176.13 176.14 176.28 176.16 176.36 176.31 176.49 176.46 176.47 176.39 176.47 176.46 176.42 176.36 176.26 176.17 176.07 175.79 175.42 175.13 174.86 174.61 174.44 174.39 173.67 174.12 174.49 173.24 173.64 174.13 174.70 175.18 175.51 175.70 175.92 176.04 176.19 176.27 176.28 176.36 176.37 176.22 175.94 175.19 175.81 176.03 176.14 176.13 176.02 175.37 176.26 176.36 176.32 176.22 176.21 176.22 176.49 176.43 176.35 176.30 176.28 175.34 173.71 173.05 175.26 174.94 174.75 174.00 174.97 174.96 175.15 174.23 175.48 174.74 176.13 176.03 176.01 176.05 176.45 176.32 176.39 176.16 176.50 176.46 176.44 176.46 176.49 176.41 176.48 176.43 176.50 176.48 176.45 176.48 176.45 176.29 176.34 176.30 176.47 176.44 176.50 176.38 176.43 175.89 175.09 175.86 174.77 174.09 173.49 172.95 173.41 173.72 172.14 173.12 171.99 171.93 173.62 174.02 174.71 174.03 174.95 175.00 174.31 174.95 176.10 176.28 175.95 176.40 176.37 176.44 176.49 176.51 176.51 176.50 176.45 176.19 176.49 176.50 176.50 176.50 176.46 176.32 176.08 176.19 176.34 176.32 176.31 175.99 176.27 176.20 176.40 176.45 176.41 176.50 176.50 176.35 176.45 176.44 176.21 176.36 176.50 176.48 176.17 176.37 176.42 176.41 176.14 175.78 176.23
23°S ||     176.01 176.24 176.47 176.48 176.49 176.43 176.40 176.25 176.06 176.08 176.10 176.15 175.83 175.77 176.15 176.00 176.39 176.28 176.41 176.49 176.49 176.45 176.45 176.41 176.33 176.18 176.03 175.78 175.47 175.15 174.83 174.47 174.27 174.16 174.24 174.18 173.28 173.71 173.19 173.52 174.08 174.69 175.04 175.29 175.51 175.71 175.90 176.06 176.22 176.30 176.35 176.40 176.38 176.19 175.64 175.78 176.01 176.02 175.98 175.69 175.06 176.35 176.44 176.41 176.49 176.45 176.33 176.47 176.33 176.36 176.44 176.09 175.91 174.74 174.16 173.65 175.20 174.80 175.01 174.59 174.60 174.89 174.83 173.98 175.14 175.85 175.65 175.46 175.71 176.45 176.25 176.39 176.17 175.96 176.10 176.44 176.47 175.22 175.99 176.46 176.51 176.48 176.39 176.37 176.43 176.49 176.37 176.34 176.19 176.45 176.50 176.44 176.48 176.49 176.49 176.48 176.25 175.98 175.38 175.12 173.83 174.47 173.76 173.05 173.00 172.04 173.21 174.44 174.71 175.08 175.76 175.59 175.25 175.07 176.30 176.45 176.36 176.41 176.42 176.46 176.50 176.50 176.41 176.45 176.51 176.50 176.50 176.49 176.50 176.50 176.48 176.46 176.50 176.48 176.47 176.30 176.44 176.28 176.09 176.29 176.04 176.47 176.50 176.49 176.47 176.43 176.47 176.30 176.45 175.89 176.33 175.49 176.36 176.38 176.40 176.43 176.48 176.01 175.48 176.24
21°S ||     176.40 176.33 176.50 176.49 176.50 176.47 176.29 175.55 175.87 176.10 176.18 176.20 176.09 176.19 176.13 176.03 176.35 176.49 176.49 176.50 176.47 176.44 176.42 176.35 176.26 176.13 175.86 175.49 175.02 174.62 174.32 173.96 173.74 173.72 173.90 173.37 173.58 172.80 172.99 173.58 174.00 174.45 174.72 174.98 175.26 175.46 175.72 175.90 176.08 176.20 176.27 176.36 176.37 176.15 175.80 175.96 175.70 175.91 175.66 175.33 175.39 175.67 176.48 176.49 176.43 176.48 176.38 176.30 176.35 176.33 176.03 176.18 175.95 175.56 174.07 173.16 174.26 174.74 174.29 174.11 174.42 174.58 174.74 174.14 174.51 174.09 175.45 175.39 175.75 176.21 176.24 176.18 176.00 175.79 176.23 176.40 176.47 176.50 176.50 176.51 176.49 176.46 176.33 176.47 176.51 176.50 176.50 176.25 176.18 176.40 176.31 176.41 176.40 176.47 176.50 176.41 176.29 175.73 175.90 175.10 174.68 174.17 174.51 173.51 174.52 174.59 174.37 176.32 175.73 175.73 175.99 176.17 175.56 176.27 176.49 176.36 176.04 176.13 176.45 176.45 176.50 176.50 176.39 176.21 176.51 176.50 176.50 176.50 176.46 176.50 176.43 176.34 176.11 176.33 176.50 176.33 176.42 176.36 176.14 176.47 176.41 176.46 176.44 176.43 176.48 176.45 176.32 176.41 176.45 176.07 175.92 176.21 176.21 175.94 176.03 176.43 176.45 176.36 176.33 176.39
19°S ||     176.46 176.51 176.51 176.50 176.39 176.31 175.94 174.69 174.81 175.67 175.76 176.16 176.06 176.07 175.89 176.06 176.00 176.39 176.46 176.51 176.48 176.42 176.36 176.23 176.12 175.95 175.66 175.07 174.24 173.78 173.48 173.35 173.20 173.35 173.61 171.87 173.26 172.70 172.88 173.23 173.44 173.85 174.17 174.47 174.83 175.16 175.48 175.70 175.94 176.08 176.15 176.20 176.28 176.23 175.95 175.62 175.58 175.56 175.66 175.55 175.21 176.23 176.51 176.50 176.50 176.47 176.29 176.20 176.15 176.37 176.22 176.05 175.62 174.56 172.59 172.57 172.75 174.66 174.00 173.97 173.27 174.18 174.45 174.56 173.83 173.60 174.98 175.57 175.48 175.37 175.71 175.94 175.87 176.00 176.36 176.09 176.36 176.49 176.40 176.46 176.49 176.49 176.41 176.45 176.39 176.49 176.21 176.14 176.40 176.40 176.31 176.44 176.45 176.50 176.50 176.37 176.48 176.49 176.49 175.70 175.32 175.20 175.03 175.05 175.35 175.55 176.13 176.16 176.06 176.16 176.23 176.45 176.51 176.25 176.51 176.47 176.30 176.21 176.40 176.46 176.51 176.51 176.49 176.49 176.51 176.51 176.51 176.51 176.50 176.49 176.35 176.14 176.21 176.26 176.44 176.45 176.45 176.46 176.32 176.47 176.48 176.45 176.41 176.37 176.43 176.45 176.50 176.48 176.35 176.01 175.64 175.35 175.19 174.63 175.42 175.27 175.57 176.02 175.73 176.37
17°S ||     176.45 176.46 176.43 176.46 176.46 176.33 175.47 174.98 175.18 175.38 175.67 176.06 175.92 176.45 176.00 175.31 176.26 176.27 176.46 176.50 176.48 176.42 176.25 176.07 175.93 175.70 175.30 174.25 173.28 172.66 172.57 172.68 172.89 173.09 172.73 172.03 172.50 172.75 172.60 172.48 172.63 173.09 173.54 173.87 174.40 174.80 175.16 175.41 175.69 175.91 175.98 176.11 176.10 176.14 175.88 175.56 175.10 175.11 175.57 175.45 175.21 176.31 176.47 176.34 176.48 173.62 172.08 173.75 176.25 176.06 176.45 175.91 175.75 174.82 172.61 172.78 172.65 174.65 173.77 174.47 173.86 174.12 174.06 174.09 173.96 174.13 174.67 174.67 174.75 175.33 175.93 175.84 175.83 175.90 176.23 176.09 176.45 176.43 176.48 176.24 176.44 176.50 176.43 176.43 176.41 176.36 176.44 176.21 176.44 176.35 176.41 176.41 176.28 176.30 176.45 176.46 176.48 176.39 176.35 176.50 176.30 176.37 176.12 176.20 176.28 175.80 175.94 175.96 175.99 176.23 176.43 176.21 176.27 176.43 176.47 176.43 176.16 176.17 176.41 176.48 176.50 176.50 176.49 176.47 176.51 176.51 176.51 176.50 176.49 176.43 176.47 176.45 176.31 176.35 176.30 176.25 176.43 176.49 176.43 176.44 176.49 176.48 176.40 176.33 176.46 176.36 176.47 176.45 176.30 175.45 175.41 174.98 174.96 174.53 174.11 175.11 175.11 175.66 175.01 176.17
15°S ||     175.84 176.39 176.25 176.40 176.18 175.95 173.87 174.42 175.51 175.37 175.37 176.02 176.23 176.16 175.96 175.42 176.35 176.22 175.82 176.48 176.49 176.40 176.27 176.09 175.81 175.39 174.60 173.12 171.50 171.01 171.53 172.20 172.41 172.72 172.90 172.83 173.06 173.11 172.33 171.95 171.92 172.59 173.00 173.38 173.93 174.53 174.92 175.20 175.38 175.51 175.50 175.81 175.94 175.91 175.65 175.54 175.19 175.81 175.40 175.97 175.93 174.17 173.31 173.04 172.46 172.19 171.93 172.31 172.26 175.96 176.12 175.35 175.53 175.26 173.49 173.56 173.02 173.62 174.07 174.26 174.10 174.05 174.20 173.69 174.21 174.36 174.32 174.74 174.98 175.17 174.90 175.41 175.58 176.09 176.23 176.21 176.29 176.41 176.49 176.35 176.49 176.49 176.47 176.36 176.42 176.32 176.38 176.37 176.30 176.34 176.42 176.29 176.19 176.18 176.23 175.97 176.45 176.41 176.37 176.38 176.47 176.37 176.38 176.43 176.18 176.08 175.86 175.82 176.39 176.46 176.46 176.19 176.13 176.19 176.30 176.27 176.12 176.24 176.27 176.43 176.50 176.50 176.50 176.51 176.50 176.51 176.49 176.50 176.44 176.28 176.44 176.40 176.26 176.09 176.49 176.49 176.34 176.40 176.48 176.48 176.48 176.44 176.33 176.42 176.51 176.50 176.51 176.50 176.47 175.35 174.69 172.99 173.80 174.12 174.99 173.70 174.57 172.99 176.15 175.98
13°S ||     175.50 175.73 176.09 176.32 176.17 175.59 174.77 173.89 174.35 173.98 174.68 175.61 175.83 175.58 175.62 175.48 176.13 176.20 176.32 176.48 176.51 176.43 176.29 176.09 175.73 175.18 174.22 172.07 169.55 169.05 170.42 171.70 172.10 172.22 172.32 173.12 172.86 172.82 172.15 171.84 171.90 173.27 172.46 173.03 173.63 174.17 174.69 174.98 175.20 175.34 175.36 175.94 175.45 175.49 172.61 174.05 173.33 174.54 173.39 172.82 173.66 176.34 176.30 176.41 173.31 172.21 173.52 173.69 176.37 172.24 175.27 175.74 175.27 174.81 174.57 173.64 173.89 173.10 172.63 173.89 174.03 173.99 174.07 174.06 174.57 174.41 174.04 174.57 175.04 174.38 174.80 175.02 175.43 175.85 175.21 176.01 176.20 176.37 176.45 176.44 176.44 176.48 176.47 176.41 176.32 176.32 176.34 176.33 176.27 176.23 176.19 176.30 176.08 176.27 176.22 176.29 176.35 176.49 176.44 176.43 176.47 176.28 176.44 176.42 176.50 176.36 176.32 176.30 176.43 176.49 176.27 176.11 175.95 176.16 176.21 176.33 176.10 176.20 176.44 176.45 176.49 176.50 176.47 176.50 176.50 176.51 176.46 176.41 176.40 176.38 176.41 176.31 176.36 176.28 176.51 176.51 176.41 176.36 176.49 176.51 176.46 176.45 176.36 176.30 176.43 176.37 176.35 176.19 175.77 174.62 174.02 173.43 173.25 173.48 173.62 173.22 172.90 173.46 172.88 173.46
11°S ||     172.96 173.78 172.73 172.61 175.06 175.20 174.63 173.74 174.33 174.28 174.71 174.86 174.75 175.42 175.12 175.27 175.46 176.01 176.20 176.42 176.50 176.48 176.32 176.09 175.61 175.07 174.17 172.31 169.63 167.73 168.74 171.67 171.99 172.00 171.90 172.67 172.59 172.25 171.72 171.45 171.99 172.39 172.33 172.93 173.42 173.89 174.62 174.82 175.02 175.22 175.09 175.66 174.52 172.91 172.90 172.93 173.79 174.41 174.26 175.30 175.87 176.01 176.18 176.30 176.48 176.45 176.49 175.01 176.00 176.20 172.24 174.65 172.17 173.42 174.25 173.29 172.83 173.35 172.91 172.78 173.84 173.81 173.66 173.94 173.82 174.01 173.43 174.23 174.03 174.58 174.54 174.05 175.32 175.58 175.85 175.91 175.76 176.02 176.39 176.48 176.44 176.40 176.49 176.47 176.43 176.31 176.30 176.34 176.22 176.23 176.31 176.29 176.31 176.18 176.31 176.37 176.30 176.43 176.50 176.47 176.50 176.49 176.50 176.51 176.47 176.24 176.42 176.23 176.43 176.44 176.46 176.27 176.00 176.15 176.12 176.32 176.24 176.44 176.50 176.50 176.45 176.48 176.50 176.50 176.50 176.50 176.51 176.50 176.47 176.48 176.33 176.28 176.06 176.33 176.29 176.38 176.50 176.49 176.43 176.35 176.48 176.44 176.27 176.40 176.38 174.76 176.27 175.81 175.41 174.27 173.81 173.67 172.89 173.11 172.74 172.49 172.46 173.92 173.44 174.27
9°S ||     174.89 174.24 174.34 173.35 172.68 174.77 173.72 174.36 173.68 173.39 174.35 174.08 174.68 174.89 174.85 175.32 175.29 175.77 176.01 176.35 176.47 176.50 176.40 176.16 175.78 175.19 174.40 173.56 170.05 166.70 166.70 170.45 171.83 171.84 171.93 171.80 172.30 172.04 172.09 171.72 171.88 172.59 174.38 175.86 174.87 173.93 174.54 175.11 175.06 175.41 173.90 171.96 172.00 172.68 173.60 174.97 174.08 174.95 174.71 175.83 176.01 176.08 176.17 176.39 176.49 176.43 174.05 175.70 172.90 175.37 172.29 172.22 172.40 172.00 172.43 172.94 173.84 173.21 173.13 172.08 172.78 173.91 173.52 173.43 173.58 173.49 172.97 174.08 173.94 173.95 173.42 174.90 174.90 175.05 175.60 175.99 175.88 176.14 176.48 176.48 176.42 176.25 176.48 176.51 176.51 176.38 176.30 176.45 176.14 175.87 176.33 176.19 176.38 176.39 176.40 176.34 176.34 176.36 176.46 176.48 176.38 176.43 176.48 176.40 176.39 176.46 176.50 176.46 176.43 176.45 176.50 176.39 176.01 176.43 176.40 176.18 176.50 176.50 176.42 176.49 176.46 176.45 176.40 176.47 176.48 176.50 176.50 176.45 176.48 176.48 176.21 176.30 176.06 176.41 176.48 176.49 176.50 176.39 176.50 176.28 176.25 174.84 174.06 175.30 175.40 174.06 174.18 174.58 173.97 173.83 173.44 173.05 172.70 172.37 172.18 172.24 173.85 176.26 173.56 173.94
7°S ||     173.73 173.86 174.14 174.12 172.00 172.39 173.34 173.17 172.41 172.84 173.14 173.80 174.26 174.35 174.40 174.21 174.45 175.32 175.81 176.17 176.41 176.51 176.46 176.23 175.88 175.46 174.85 174.26 170.72 167.64 168.30 169.81 171.43 171.73 171.94 172.19 171.69 171.71 172.21 171.72 175.13 175.55 172.86 176.05 175.43 174.34 175.49 174.40 173.99 174.58 175.33 174.73 175.91 172.83 174.27 174.32 173.73 175.66 175.69 176.14 176.21 176.23 176.38 176.44 175.40 173.69 173.08 173.38 176.49 176.44 173.67 172.27 172.19 171.94 172.10 171.92 172.45 173.58 173.67 173.15 172.96 173.25 173.09 173.68 173.45 173.70 174.05 174.33 174.43 174.18 174.35 174.01 174.90 175.07 175.11 174.96 174.94 175.89 176.37 176.25 176.48 176.46 176.40 176.51 176.31 176.48 176.51 176.44 176.44 176.45 176.49 176.48 176.48 176.25 176.33 176.34 176.33 176.49 176.50 176.47 176.28 176.25 176.24 176.18 176.39 176.51 176.47 176.50 176.45 176.46 176.49 176.47 176.23 176.18 176.38 176.35 176.44 176.44 176.40 176.50 176.45 176.46 176.35 176.38 176.41 176.39 176.23 176.32 176.34 176.11 176.08 175.95 176.09 176.41 176.23 176.42 174.84 175.77 175.83 175.91 174.86 174.13 174.37 174.73 173.42 172.80 173.30 172.86 172.78 172.87 172.78 172.80 172.48 172.10 172.00 171.94 172.50 173.09 173.21 173.72
5°S ||     173.55 173.23 172.92 173.03 173.59 171.96 172.03 172.06 171.95 172.68 173.19 174.38 173.93 173.58 173.09 172.79 172.81 173.69 175.59 175.63 176.18 176.43 176.50 176.38 176.13 175.75 175.29 174.44 173.19 171.41 170.01 170.28 171.42 171.59 172.02 172.32 172.30 173.43 172.63 171.91 172.31 172.67 173.14 176.17 175.59 175.76 174.74 175.44 175.50 174.95 174.55 176.21 173.95 174.40 174.76 175.03 175.37 176.01 174.35 174.24 176.34 176.40 176.40 176.44 176.37 176.49 176.23 176.39 176.46 176.32 175.69 174.18 172.69 174.80 174.89 172.48 171.96 171.92 174.27 173.80 172.39 172.62 172.75 173.09 173.28 173.73 174.17 174.11 173.70 174.00 174.28 174.45 174.14 175.08 175.09 174.78 174.93 175.00 175.64 175.45 176.29 176.42 176.49 176.50 176.47 176.51 176.50 176.49 176.50 176.47 176.47 176.45 176.48 176.37 176.31 176.31 176.21 176.31 176.17 176.44 176.31 176.39 176.35 176.34 176.42 176.38 176.27 176.45 176.44 176.45 176.50 176.41 176.46 176.26 176.37 176.49 176.37 176.48 176.50 176.47 176.49 176.42 176.03 175.97 176.07 176.25 175.33 175.80 176.28 176.43 176.43 176.35 176.39 176.51 176.51 176.37 173.20 174.78 172.16 173.32 173.83 174.47 174.42 173.27 173.26 172.41 172.38 172.54 172.55 172.35 172.33 172.29 171.99 172.01 172.00 171.96 171.95 172.17 172.62 173.11
3°S ||     173.05 173.16 172.61 172.52 172.84 171.90 171.91 171.92 172.30 172.20 173.77 175.15 173.18 172.03 172.11 171.93 174.02 175.53 173.77 174.75 175.45 176.22 176.33 176.50 176.35 176.05 175.67 174.87 174.18 172.79 171.71 171.52 171.21 171.20 172.11 172.61 172.99 173.19 173.23 172.75 172.53 173.17 173.59 174.52 174.81 174.86 175.42 175.46 175.30 174.99 174.78 174.57 175.05 174.90 175.19 175.51 175.96 176.28 176.41 172.46 176.31 176.51 176.50 176.25 176.46 176.42 174.71 176.18 176.05 175.56 175.12 174.71 172.17 173.70 173.99 172.47 172.90 172.57 173.37 173.18 172.74 172.74 172.26 172.61 173.16 173.47 173.20 173.65 173.68 173.81 173.96 174.28 174.50 174.59 174.89 174.97 175.76 174.97 174.98 174.86 176.16 176.37 176.50 176.49 176.39 176.46 176.50 176.47 176.49 176.49 176.42 176.40 176.44 176.44 176.45 176.26 176.08 176.43 176.29 176.45 176.42 176.41 176.36 176.29 176.33 176.46 176.36 176.48 176.50 176.44 176.46 176.47 176.48 176.42 176.47 175.79 176.41 176.31 176.41 176.49 176.42 176.38 175.61 175.62 176.15 175.03 175.41 176.08 176.35 176.47 176.38 176.50 176.48 176.51 176.43 175.82 173.26 173.20 173.12 173.99 172.97 173.21 173.30 173.47 173.01 172.35 172.66 173.21 172.09 171.99 172.03 171.95 171.93 171.91 171.92 171.91 171.93 171.97 172.41 172.51
1°S ||     172.35 172.48 172.35 172.05 172.00 171.92 171.91 172.01 171.98 172.98 174.16 175.44 172.82 172.06 171.90 172.53 173.77 172.98 173.26 174.68 175.05 175.58 176.01 176.40 176.50 176.24 175.83 175.24 174.58 173.83 172.72 172.09 170.59 169.03 172.33 172.82 173.13 173.44 173.61 173.65 173.69 174.57 174.91 175.20 175.43 175.86 176.08 176.20 176.31 176.27 175.22 176.31 172.65 175.52 175.63 175.84 176.34 176.46 176.48 175.62 176.48 176.44 176.35 176.42 176.34 176.29 176.30 174.91 174.66 174.95 173.77 174.56 172.20 172.30 172.97 172.93 173.29 173.16 173.00 172.65 172.19 172.11 172.38 172.98 172.85 172.93 173.25 173.65 173.90 173.99 173.83 173.54 174.18 174.31 174.78 174.95 175.91 175.01 175.04 174.92 176.15 176.31 176.42 176.48 176.38 176.45 176.46 176.40 176.37 176.33 176.25 176.27 176.50 176.48 176.47 176.34 176.20 176.50 176.49 176.49 176.50 176.39 176.40 176.34 176.47 176.48 176.51 176.50 176.20 176.37 176.46 176.20 176.47 176.39 175.87 176.05 176.27 174.93 176.38 176.45 176.34 176.25 175.46 175.37 175.27 174.93 175.16 176.24 176.19 176.47 176.46 176.48 176.03 175.98 175.41 173.27 172.56 172.26 172.69 172.78 172.10 172.39 172.94 173.00 172.32 172.57 173.33 172.57 172.08 171.97 171.95 171.94 171.93 171.91 171.91 171.91 171.95 171.95 172.06 172.26
1°N ||     172.20 172.52 172.07 171.91 171.94 171.92 171.91 172.12 171.98 172.60 173.91 173.85 172.38 171.93 171.91 172.03 172.30 172.63 174.77 173.72 174.61 174.62 175.95 176.48 176.46 176.42 176.09 175.40 174.66 174.37 173.93 173.35 171.00 168.35 169.27 173.11 173.29 173.45 173.79 174.14 174.56 174.88 175.10 175.39 175.72 176.07 176.26 176.41 176.51 176.15 176.11 175.43 175.28 175.62 175.86 176.25 176.44 176.51 176.50 176.30 176.38 176.39 175.74 176.40 176.34 176.22 176.33 173.84 175.73 175.16 174.23 172.47 172.41 172.37 173.79 173.32 173.24 173.03 173.67 172.00 173.57 171.93 172.56 173.13 172.80 172.65 173.18 173.71 173.47 173.90 173.93 173.67 174.07 174.09 174.22 174.81 174.99 175.65 175.59 175.88 175.92 175.84 176.12 175.50 176.38 176.47 176.42 176.11 176.25 176.28 176.21 176.48 176.32 176.48 176.48 176.43 176.50 176.49 176.42 176.51 176.47 176.45 176.47 176.48 176.48 176.50 176.51 176.45 176.40 176.35 175.84 176.11 175.47 175.52 175.17 175.49 175.89 175.99 175.67 176.09 175.41 175.30 174.68 174.74 174.53 175.27 176.13 176.22 176.16 176.40 176.21 175.62 174.04 173.57 173.44 173.22 172.53 172.23 172.39 172.13 172.35 172.35 172.59 172.21 172.27 172.53 172.89 172.18 172.02 171.98 171.95 171.93 171.93 171.92 171.91 171.91 171.91 171.93 171.94 172.02
3°N ||     171.91 171.93 171.92 171.91 171.91 171.92 171.92 171.91 171.90 172.58 172.97 172.80 171.91 171.92 171.91 171.91 171.95 173.64 173.95 173.07 173.59 175.33 176.21 176.50 176.35 176.49 176.35 174.85 174.66 174.75 174.62 174.74 174.25 170.70 172.31 173.39 173.15 173.30 173.84 174.33 174.74 174.96 175.14 175.12 175.99 176.26 176.45 176.51 176.47 175.68 175.67 176.43 176.15 176.27 176.44 176.50 176.49 176.47 176.44 176.27 176.22 176.40 176.45 175.67 175.36 176.07 175.89 175.07 174.94 174.30 173.99 173.52 172.06 172.10 172.22 172.32 171.96 172.03 172.33 172.15 173.07 173.30 172.53 172.88 173.11 172.64 173.33 173.90 173.63 173.64 173.39 173.65 173.79 174.05 174.29 174.74 174.81 175.32 175.03 175.41 175.39 175.41 175.43 175.81 175.79 176.37 176.18 175.69 175.03 176.26 176.22 176.41 176.50 176.50 176.50 176.47 176.50 176.51 176.47 176.51 176.50 176.47 176.46 176.49 176.49 176.50 176.50 176.47 176.35 176.25 174.95 173.98 173.36 173.11 172.39 173.12 175.17 175.39 175.67 175.13 175.04 174.58 174.29 174.63 174.78 175.67 175.80 176.03 176.17 176.40 175.29 173.24 173.48 173.89 173.70 172.63 172.38 172.20 172.15 172.04 172.45 172.07 172.20 172.10 172.14 172.42 172.28 172.06 172.01 171.98 171.97 171.94 171.93 171.92 171.92 171.92 171.91 171.91 171.90 171.90
5°N ||     171.92 171.90 172.05 171.91 171.93 171.93 171.92 171.91 171.90 171.97 172.16 172.32 171.92 171.95 171.95 171.92 172.39 174.11 172.45 172.75 174.06 176.03 176.47 176.49 176.49 176.48 176.50 176.00 174.77 174.66 174.86 175.25 175.47 175.18 174.33 173.71 172.93 172.75 173.96 174.58 174.97 175.18 175.28 175.06 176.11 176.46 176.51 176.45 176.23 175.39 174.93 176.50 176.51 176.46 176.38 176.16 176.28 176.24 176.20 176.03 175.52 176.18 176.43 176.29 176.11 175.49 175.02 174.79 174.66 173.86 172.92 172.28 172.85 172.54 172.09 171.94 172.10 172.88 173.15 173.08 173.42 172.84 173.19 172.92 172.57 172.95 173.06 173.75 173.54 173.69 173.80 173.72 174.33 174.43 174.50 174.55 174.63 174.58 174.88 175.36 175.31 175.40 175.57 175.45 175.61 175.68 175.58 175.76 175.62 176.39 176.32 176.49 176.50 176.50 176.46 176.50 176.50 176.51 176.51 176.51 176.50 176.47 176.45 176.46 176.48 176.51 176.50 176.43 176.22 175.65 174.08 172.00 172.06 172.06 172.04 171.96 172.38 173.61 174.22 174.38 174.50 173.88 174.20 174.79 174.69 175.54 175.84 175.76 176.34 176.27 173.32 173.55 173.19 173.11 172.87 172.76 172.32 172.17 172.08 172.06 172.12 172.18 172.10 172.10 172.08 172.09 172.07 172.08 172.00 172.00 171.99 171.96 171.94 171.93 171.93 171.92 171.91 171.91 171.90 171.90
7°N ||     171.91 171.90 171.90 171.91 171.92 171.93 171.93 171.93 171.91 171.91 171.99 171.93 171.95 171.98 171.99 171.93 172.60 171.99 172.04 172.70 174.79 175.88 175.74 176.10 176.27 176.31 176.45 176.38 174.36 174.51 174.85 175.57 175.79 175.58 175.02 174.16 171.89 171.88 174.43 174.91 175.18 175.35 175.45 175.67 176.38 176.49 176.50 176.38 176.10 175.58 174.90 174.77 176.31 176.33 176.33 176.30 176.16 175.99 175.80 175.63 175.51 175.87 176.35 175.90 175.23 174.92 174.46 174.23 174.07 173.49 172.68 172.27 172.10 172.20 172.04 172.71 172.87 173.05 172.08 172.24 172.26 172.97 172.81 172.75 172.96 173.45 173.42 173.80 173.52 173.94 173.70 173.86 173.93 173.68 174.55 174.73 174.92 174.51 175.10 175.60 175.60 175.50 175.33 175.52 175.68 175.33 176.03 174.88 175.63 175.46 175.95 176.31 176.48 176.39 176.43 176.45 176.43 176.51 176.51 176.51 176.48 176.49 176.45 176.48 176.25 176.50 176.50 176.39 175.66 173.57 171.97 172.11 172.08 172.07 172.07 172.03 172.02 171.91 173.48 173.57 173.38 173.77 174.49 174.34 175.54 175.96 175.87 175.31 175.78 175.81 173.66 172.96 172.81 172.60 172.60 172.55 172.15 172.07 172.15 172.07 172.09 172.16 172.11 172.12 172.07 172.07 172.09 172.08 172.09 172.06 172.03 172.16 171.97 171.94 171.95 171.92 171.91 171.91 171.90 171.90
9°N ||     171.90 171.97 171.92 171.91 171.93 171.92 171.93 171.92 171.95 171.90 171.94 171.94 171.99 172.01 172.00 171.91 171.97 171.90 172.11 173.57 173.96 174.61 174.89 175.29 175.70 176.12 176.38 176.41 174.91 174.79 175.32 175.99 175.97 176.05 175.78 174.59 171.21 169.34 173.67 175.18 175.33 175.52 175.71 175.99 176.34 176.49 176.49 176.33 176.08 175.53 174.90 174.75 175.13 176.14 176.19 176.19 176.05 175.83 175.65 175.36 175.06 175.28 175.54 175.38 175.18 174.35 173.48 173.37 173.22 172.67 172.22 172.17 172.06 172.07 172.24 172.29 172.16 172.35 172.18 172.78 172.75 172.90 173.03 172.81 172.70 173.02 173.22 172.86 173.19 173.14 173.62 173.79 174.10 173.90 174.27 173.61 174.53 174.90 175.04 174.81 174.77 175.78 176.07 176.16 175.44 175.20 175.04 175.85 175.97 176.15 176.21 176.14 176.35 176.24 176.43 176.47 176.50 176.51 176.51 176.40 176.50 176.49 176.41 176.13 176.50 176.50 176.48 176.21 175.07 172.20 172.02 172.12 172.13 172.12 172.09 172.07 172.04 171.97 171.91 172.37 172.89 173.18 174.56 175.11 175.17 175.36 174.55 174.05 174.42 174.39 173.23 172.60 172.55 172.64 172.20 172.04 172.15 172.17 172.29 172.26 172.32 172.39 172.45 172.32 172.17 172.10 172.24 172.17 172.30 172.31 172.26 171.99 171.98 171.95 171.98 171.93 171.91 171.91 171.90 171.91
11°N ||     171.90 171.90 171.95 171.91 171.94 171.94 171.96 171.95 171.99 171.97 171.93 172.02 172.04 172.03 172.01 171.98 171.90 171.90 172.13 173.08 173.55 173.93 174.62 175.23 175.76 176.09 176.43 176.40 176.01 176.19 176.15 176.13 176.14 176.15 176.21 176.14 171.91 166.60 167.87 175.16 175.46 175.66 175.88 176.12 176.34 176.50 176.45 176.28 175.92 175.55 175.04 174.69 174.78 175.91 176.04 176.06 175.90 175.65 175.50 175.24 174.98 175.48 175.65 174.80 174.27 173.71 172.82 172.41 172.19 172.30 172.03 172.02 172.34 172.07 172.46 172.39 171.95 172.60 172.85 172.54 172.87 173.02 173.28 173.42 173.05 172.92 172.79 172.89 173.06 173.30 173.62 173.74 173.68 173.67 173.42 174.29 173.81 174.93 174.76 174.62 174.90 174.98 175.47 176.13 175.24 175.41 173.69 175.38 174.68 176.23 176.01 176.07 176.13 175.93 176.20 176.33 176.50 176.49 176.45 176.49 176.51 176.50 176.46 176.43 176.48 176.50 176.36 175.87 174.09 171.96 172.11 172.14 172.17 172.12 172.07 172.07 172.02 171.99 171.91 172.11 172.46 174.42 173.90 174.28 174.77 173.82 173.17 172.86 172.88 172.77 172.47 172.17 171.98 171.97 172.10 172.01 172.08 172.08 172.38 172.56 172.81 173.11 172.99 172.88 172.70 172.57 172.52 172.51 172.44 172.36 173.22 172.19 172.01 172.00 172.00 171.92 171.91 171.91 172.23 171.91
13°N ||     171.91 171.90 171.96 172.11 171.93 171.93 171.96 171.98 172.00 172.01 172.04 172.07 172.07 172.06 172.05 171.99 171.94 171.91 173.20 173.03 173.37 174.21 174.74 175.14 175.81 176.20 176.42 176.50 176.31 176.31 176.24 176.22 176.22 176.27 176.36 176.42 175.93 168.22 169.41 174.30 175.28 175.83 176.08 176.23 173.65 176.50 176.39 176.17 175.83 175.56 174.95 174.74 174.68 175.79 175.91 175.83 175.65 175.45 175.31 175.13 175.05 174.91 174.51 174.88 173.87 172.66 172.24 171.99 171.94 171.98 172.01 172.06 172.02 172.11 172.17 171.93 172.04 172.16 172.90 173.45 173.46 173.05 173.28 173.09 173.11 173.11 172.07 173.02 172.19 173.25 173.75 173.61 173.58 173.18 173.36 174.40 174.36 174.20 173.97 173.90 174.06 175.16 175.44 175.29 175.09 174.82 175.09 174.59 173.67 175.55 175.69 175.21 175.88 176.00 176.16 176.33 176.45 176.41 176.34 176.39 176.34 176.51 176.50 176.51 176.50 176.47 176.23 175.37 173.38 171.94 172.11 172.13 172.12 172.10 172.06 172.05 172.03 172.00 171.92 171.98 172.19 173.26 173.07 172.92 172.95 172.78 172.83 172.20 172.42 172.07 172.00 171.96 171.91 171.90 171.90 171.94 171.95 172.15 172.66 173.42 174.25 174.64 174.07 174.01 173.54 173.21 173.07 172.73 172.77 172.69 172.60 172.94 172.15 172.06 171.98 172.01 171.92 172.08 173.02 172.43
15°N ||     171.96 171.91 171.91 171.95 171.94 171.92 171.97 172.02 172.03 172.05 172.08 172.13 172.12 172.11 172.11 172.02 171.91 172.08 172.94 172.97 174.59 175.75 171.48 170.83 173.44 176.29 176.46 176.49 176.50 176.38 176.34 176.28 176.29 176.32 176.36 176.41 176.42 175.66 173.82 174.24 175.46 175.96 176.22 176.34 176.48 176.43 176.30 176.06 175.81 175.58 175.08 174.74 174.57 175.65 175.67 175.70 175.54 175.29 175.13 175.09 174.94 174.95 175.06 174.31 172.56 172.12 171.96 171.92 171.91 171.94 172.02 172.04 171.95 171.97 171.95 172.00 172.46 172.17 172.40 172.55 172.66 172.99 174.16 171.94 172.91 173.09 172.95 173.11 173.06 173.03 172.25 172.86 173.44 173.62 173.74 173.98 173.86 173.71 173.56 173.29 173.69 173.75 174.84 175.00 174.82 174.77 175.04 173.55 174.22 175.92 175.58 175.51 175.35 175.37 176.07 176.16 176.29 176.41 176.39 176.40 176.47 176.42 176.49 176.47 176.27 176.34 176.01 174.69 172.59 172.07 172.09 172.06 172.11 172.08 172.05 172.03 172.01 171.99 171.92 171.93 172.03 172.19 172.42 172.49 172.56 172.50 172.36 172.18 171.96 171.94 171.91 171.90 171.90 171.90 171.90 171.90 171.94 172.24 173.16 174.20 174.95 175.34 175.70 175.33 174.94 173.94 173.47 173.16 173.11 172.92 172.80 172.72 172.39 172.12 172.10 172.18 171.98 171.91 172.34 172.02
17°N ||     171.90 171.91 171.92 171.95 171.92 171.95 171.97 172.00 172.05 172.07 172.11 172.15 172.17 172.16 172.19 171.92 171.96 172.06 172.52 172.49 175.20 170.50 166.89 166.21 168.34 174.87 176.47 176.48 176.42 176.48 176.45 176.34 176.31 176.34 176.37 176.41 176.42 176.33 175.64 175.55 175.93 176.09 176.25 176.38 176.50 176.42 176.21 175.95 175.70 175.45 175.22 174.57 174.70 175.89 175.87 175.37 175.40 175.22 175.13 175.02 174.88 174.64 174.16 172.95 172.42 171.96 171.91 171.91 171.95 171.96 171.97 171.97 171.96 171.94 171.94 172.01 172.02 171.98 172.07 172.60 172.88 173.57 172.87 172.68 173.19 173.03 172.97 172.00 173.05 172.76 172.92 173.03 173.61 173.70 173.41 173.16 173.35 173.30 173.32 172.98 173.04 173.38 174.22 174.47 173.85 173.95 173.95 174.07 175.31 175.70 175.42 175.37 175.64 175.86 175.96 176.07 176.29 176.50 176.43 176.39 176.37 176.39 176.41 176.37 176.33 176.19 175.14 174.37 172.39 171.99 172.06 172.07 172.06 172.04 172.03 172.03 172.00 171.96 171.92 171.90 171.93 171.92 171.97 171.97 171.99 171.94 171.92 171.91 171.90 171.90 171.91 171.90 171.91 171.92 171.91 171.91 171.91 172.31 173.19 174.77 175.55 176.06 176.30 176.28 175.92 174.51 173.79 173.61 173.62 173.32 172.99 172.66 172.37 172.17 172.22 172.06 171.91 171.91 171.93 172.05
19°N ||     171.92 171.91 171.94 171.95 171.97 171.95 171.96 172.00 172.06 172.09 172.13 172.18 172.20 172.20 172.22 171.94 171.94 172.27 173.59 172.95 174.93 170.64 166.96 166.39 167.96 175.60 176.36 176.28 176.27 176.37 176.50 176.40 176.28 176.24 176.25 176.38 176.43 176.42 176.22 176.13 176.19 176.23 176.28 176.38 176.47 176.48 176.13 175.86 175.54 175.41 175.22 174.48 175.03 174.85 175.94 175.67 175.39 175.27 175.07 175.03 174.64 174.64 173.67 172.45 172.01 171.92 171.92 171.94 172.00 172.01 172.05 172.02 172.00 171.97 171.95 171.91 171.93 171.92 171.93 172.40 172.76 173.06 173.00 172.70 171.94 173.35 173.12 173.54 173.10 172.92 172.84 172.80 172.34 173.15 173.22 172.99 173.14 173.13 173.17 173.03 172.98 173.72 172.10 173.75 173.35 174.41 174.86 174.15 174.93 175.10 175.39 175.59 175.90 175.98 175.97 175.66 176.38 176.15 176.42 176.20 176.05 175.81 176.36 176.33 176.27 176.07 175.35 175.55 173.29 171.99 171.94 172.03 172.01 172.01 172.00 171.98 171.98 171.96 171.93 171.92 171.91 171.91 171.93 171.91 171.91 171.90 171.92 171.92 171.92 171.93 171.94 171.93 171.97 171.95 171.94 171.92 171.90 172.34 173.81 175.28 176.22 176.46 176.49 176.39 176.31 176.30 174.51 174.11 173.84 173.54 173.14 172.72 172.40 172.19 172.12 171.94 172.31 171.90 171.90 171.90
21°N ||     171.96 171.93 171.93 171.98 172.02 172.02 172.01 172.05 172.11 172.12 172.17 172.19 172.22 172.23 172.23 171.93 172.02 173.07 173.56 172.75 173.48 172.86 170.27 169.29 171.31 176.42 175.95 175.98 176.11 176.33 176.49 176.46 176.27 176.13 176.01 175.95 176.41 176.42 176.36 176.30 176.28 176.30 176.33 176.39 176.47 176.49 175.82 175.88 175.69 175.45 175.44 174.89 174.41 174.07 175.74 175.67 175.60 175.37 175.28 174.94 174.69 174.54 173.10 172.39 171.96 171.94 171.96 171.99 172.03 172.04 172.05 172.04 171.99 172.00 171.96 171.91 171.90 171.91 171.99 172.42 172.68 172.44 172.53 172.77 173.40 173.16 172.79 173.09 172.97 172.77 172.94 172.92 173.13 173.19 172.78 172.95 173.12 173.03 173.06 173.05 172.91 173.61 174.07 173.29 174.36 174.02 173.46 175.57 174.89 174.11 175.67 175.87 175.98 175.86 175.77 175.63 176.20 176.20 176.49 175.95 175.87 175.93 176.45 176.31 176.07 176.07 175.46 175.66 174.84 173.60 172.05 172.00 171.91 171.93 171.93 171.96 171.96 171.96 171.95 171.94 171.95 171.97 171.96 171.96 171.96 171.95 171.97 171.98 171.98 171.96 171.98 171.97 171.98 171.95 171.97 171.97 171.92 172.23 174.08 175.88 176.49 176.51 176.50 176.50 176.42 175.94 175.08 174.60 174.18 173.65 173.10 172.75 172.46 172.27 172.00 171.98 172.45 171.90 171.90 171.91
23°N ||     171.94 171.95 171.97 172.00 172.02 172.05 172.08 172.12 172.14 172.16 172.19 172.21 172.22 172.22 172.23 171.93 172.08 173.36 172.78 172.33 172.30 173.93 173.92 174.64 176.18 174.84 175.55 175.73 175.99 176.38 176.50 176.46 176.31 176.06 175.88 175.82 176.29 176.42 176.40 176.30 176.30 176.19 176.33 176.41 176.42 176.43 176.28 176.04 175.91 175.69 175.53 175.33 174.93 174.28 174.86 175.37 173.91 172.22 172.69 174.11 174.49 174.96 173.01 172.35 171.94 171.93 171.99 172.02 172.06 172.08 172.05 172.08 171.98 172.15 172.02 171.96 171.93 171.94 171.95 172.04 172.40 173.02 173.47 172.95 173.24 173.13 173.00 172.88 172.91 173.24 172.74 172.66 172.77 172.97 172.57 172.48 172.21 173.48 172.67 172.74 173.06 173.51 174.02 173.53 173.49 173.68 173.70 174.28 175.00 174.62 175.25 175.73 175.74 175.99 176.01 175.97 175.76 176.22 176.50 176.04 175.91 176.12 174.64 175.31 176.17 176.20 175.87 175.54 175.36 174.42 173.52 172.79 172.24 171.97 171.91 171.92 171.95 171.96 171.98 171.98 171.99 172.03 171.99 172.03 172.05 172.06 172.08 172.05 172.10 172.07 172.07 172.05 172.05 172.05 172.06 172.02 171.99 172.07 174.22 176.02 176.45 176.51 176.48 175.57 176.19 176.39 175.59 174.82 174.10 173.64 173.10 172.71 172.34 172.12 171.95 172.10 171.91 171.90 172.03 171.92
25°N ||     171.95 171.96 171.96 172.02 172.07 172.07 172.11 172.12 172.13 172.16 172.19 172.20 172.20 172.21 172.22 171.94 172.36 172.95 172.79 173.19 172.27 172.56 172.61 172.66 173.53 174.54 175.81 175.59 176.16 176.46 176.50 176.42 176.23 176.00 175.83 175.45 175.49 176.38 176.42 176.29 176.34 176.29 176.36 175.88 176.49 176.41 176.19 176.07 175.98 175.87 176.03 175.61 175.52 173.95 175.61 175.54 175.42 175.51 173.68 172.30 172.27 173.80 172.72 171.92 171.94 172.00 172.03 172.04 172.07 172.09 172.09 172.07 172.05 172.02 171.96 171.98 171.97 171.99 172.04 171.92 171.95 172.67 172.89 172.53 172.69 172.81 172.65 172.77 172.71 173.12 172.81 172.36 172.69 172.63 172.59 172.53 172.40 172.68 172.89 172.69 173.63 173.54 173.21 173.53 173.80 172.97 173.28 174.43 173.92 174.23 175.14 174.75 174.93 174.88 174.26 175.91 175.60 176.38 176.15 176.49 176.35 176.40 176.30 176.19 176.15 176.02 176.09 175.96 175.19 175.59 173.85 172.82 172.84 172.18 171.91 171.93 171.96 172.01 172.03 172.04 172.07 172.09 172.11 172.14 172.19 172.23 172.26 172.26 172.25 172.22 172.18 172.16 172.18 172.15 172.12 172.08 172.02 171.96 173.15 175.33 176.48 176.50 175.63 169.36 175.45 176.43 175.53 174.66 174.14 173.55 172.82 172.80 172.28 172.03 171.92 171.91 171.90 171.92 171.92 171.93
27°N ||     171.98 172.00 172.01 172.02 172.08 172.07 172.13 172.15 172.15 172.16 172.17 172.18 172.19 172.19 172.20 171.99 172.19 172.93 172.79 172.92 173.06 172.87 174.23 173.79 173.73 174.30 174.90 176.00 176.36 176.49 176.47 176.36 176.19 175.95 175.47 175.41 175.66 176.45 176.48 176.38 176.43 176.43 176.44 175.91 176.40 176.42 176.25 176.14 176.06 176.18 176.35 176.27 175.40 174.90 174.14 173.59 173.82 173.09 172.84 171.99 172.80 174.22 171.94 171.94 171.98 172.00 172.00 172.03 172.08 172.09 172.02 172.07 172.07 172.04 171.96 172.05 171.99 172.01 172.05 172.05 171.91 172.03 172.17 172.22 172.16 172.51 172.79 172.93 172.74 172.70 172.61 172.50 172.64 172.72 172.54 172.80 172.44 172.54 173.16 173.63 172.55 173.85 173.29 173.26 174.58 172.62 175.22 174.15 173.93 174.54 174.62 174.43 174.58 174.74 175.03 174.76 174.97 173.84 175.62 176.13 175.82 174.71 176.21 175.91 175.59 176.32 176.41 175.65 174.60 175.46 173.68 173.12 172.38 171.93 171.92 171.98 172.04 172.04 172.07 172.11 172.14 172.20 172.23 172.32 172.39 172.41 172.43 172.39 172.38 172.33 172.30 172.30 172.25 172.19 172.13 172.09 172.03 171.97 171.97 175.01 176.28 176.50 176.32 175.94 176.34 175.94 174.90 174.27 173.87 173.34 173.17 172.31 172.09 171.96 171.91 171.90 171.90 171.91 171.93 171.96
29°N ||     172.03 172.04 172.07 172.09 172.12 172.12 172.15 172.16 172.17 172.16 172.18 172.19 172.19 172.13 172.20 172.19 171.93 172.46 173.21 173.14 173.12 173.06 174.30 174.57 173.33 174.02 175.59 176.13 176.41 176.51 176.45 176.30 176.17 175.93 175.00 175.33 176.05 176.45 176.48 176.44 176.50 176.50 176.50 176.51 176.49 176.41 176.23 176.09 176.10 176.39 176.33 176.14 176.12 174.84 174.64 174.37 174.33 173.27 173.00 172.46 172.57 172.04 171.92 171.93 172.02 171.95 171.97 172.01 172.06 172.08 172.06 172.09 172.07 172.09 172.07 172.06 172.03 172.04 172.08 172.10 172.09 171.91 171.94 172.03 171.98 172.38 172.64 172.36 172.56 172.71 172.45 172.12 172.47 172.57 172.89 172.70 172.43 172.48 173.08 173.10 173.47 173.24 173.36 173.24 173.93 174.31 174.98 174.58 174.44 175.05 174.52 174.65 174.06 173.33 173.53 173.61 174.64 175.66 175.80 175.89 175.53 175.93 176.08 175.90 176.02 175.38 173.94 173.22 173.33 172.92 172.61 172.31 171.96 171.91 171.95 172.04 172.06 172.11 172.17 172.23 172.30 172.36 172.45 172.52 172.56 172.63 172.59 172.49 172.53 172.45 172.42 172.35 172.29 172.21 172.17 172.14 172.08 172.03 171.92 173.14 175.07 176.03 176.43 176.44 176.07 174.76 174.18 173.86 173.57 173.21 172.55 172.16 171.96 171.91 171.90 171.92 171.93 171.93 171.98 172.01
31°N ||     172.10 172.08 172.12 172.13 172.14 172.14 172.15 172.18 172.19 172.18 172.18 172.19 172.20 172.20 172.20 172.19 172.04 171.92 172.00 172.05 172.32 172.57 173.32 173.43 172.92 175.33 175.85 176.21 176.48 176.50 176.42 176.34 176.13 175.96 175.62 175.67 176.08 176.47 176.48 176.48 176.51 176.51 176.48 176.48 176.44 176.36 176.24 176.05 176.14 176.47 176.14 176.03 175.96 175.60 175.43 175.16 174.67 174.51 174.04 172.62 173.13 172.12 171.97 171.92 171.91 171.91 171.95 171.98 171.99 172.06 172.07 172.07 172.09 172.12 172.10 172.15 172.05 172.08 172.12 172.09 172.09 172.06 171.93 172.07 171.93 172.05 172.32 172.73 172.46 172.24 172.17 172.33 172.50 172.69 171.98 172.35 172.67 173.07 173.23 172.70 173.53 173.43 173.07 173.14 173.73 173.87 174.74 174.69 174.40 174.77 174.92 175.01 174.07 173.61 173.81 173.85 174.91 175.57 175.26 175.13 175.36 174.05 175.81 175.96 175.20 175.57 174.53 172.88 173.11 172.62 172.16 171.91 171.91 171.95 171.99 172.05 172.11 172.19 172.31 172.39 172.45 172.54 172.75 172.64 172.72 172.76 172.72 172.67 172.62 172.55 172.45 172.40 172.46 172.27 172.27 172.22 172.16 172.10 171.98 171.94 172.93 173.87 174.41 174.51 174.54 175.16 173.49 173.44 173.22 172.92 173.60 172.01 171.90 172.45 171.94 171.93 171.98 172.00 172.01 172.07
33°N ||     172.16 171.98 172.12 172.13 172.16 172.15 172.16 172.18 172.17 172.19 172.19 172.20 172.21 172.21 172.24 172.24 172.22 172.06 171.91 172.65 172.39 172.45 172.33 172.58 174.54 175.65 176.01 176.32 176.38 176.48 176.37 176.23 176.00 175.75 175.53 175.62 176.04 176.45 176.50 176.51 176.50 176.47 176.45 176.42 176.45 176.37 176.36 176.41 176.43 176.37 176.15 175.89 175.84 175.92 175.53 174.91 174.57 174.38 174.48 174.31 174.39 174.33 173.16 171.94 171.92 171.94 171.97 171.98 172.00 172.04 172.08 172.15 172.15 172.14 172.13 172.18 172.16 172.17 172.18 172.11 172.17 172.17 172.07 171.97 171.96 171.95 172.09 172.38 172.04 172.32 172.38 172.87 172.38 172.39 172.47 172.70 172.57 173.13 172.71 172.69 173.75 173.88 173.37 174.16 172.66 174.52 174.33 174.92 174.44 175.36 175.65 175.32 174.49 174.13 174.43 175.00 175.07 174.71 175.20 174.11 174.33 174.05 174.22 175.37 174.72 173.64 173.53 172.73 172.35 171.96 171.92 171.91 171.93 171.98 172.04 172.11 172.20 172.34 172.43 172.49 172.60 172.66 172.73 172.79 172.90 172.78 172.73 172.71 172.66 172.49 172.54 172.49 172.42 172.33 172.25 172.32 172.29 172.22 172.15 172.08 171.99 171.92 171.93 172.04 172.79 173.79 172.34 172.73 172.86 172.49 172.36 171.91 171.93 171.95 171.99 172.02 172.04 172.08 172.11 172.14
35°N ||     172.21 172.17 172.17 172.15 172.17 172.16 172.17 172.18 172.17 172.19 172.20 172.21 172.21 172.21 172.25 172.22 172.26 172.21 172.09 174.34 172.94 172.59 172.89 174.16 175.87 175.67 176.04 176.34 176.50 176.43 176.20 175.83 175.42 175.21 175.07 175.03 175.41 175.91 176.44 176.49 176.44 176.41 176.38 176.39 176.45 176.50 176.29 176.14 176.34 176.39 176.15 176.20 176.34 176.22 175.75 174.92 174.47 174.18 174.14 174.04 173.98 174.10 173.21 172.00 171.92 171.95 171.97 171.97 172.00 172.04 172.05 172.15 172.12 172.17 172.18 172.24 172.23 172.28 172.24 172.21 172.20 172.17 172.19 171.96 171.92 171.91 171.92 171.95 172.08 172.06 172.65 172.54 172.45 172.33 171.97 172.79 172.77 172.91 172.61 172.94 172.99 173.12 173.23 173.42 173.54 174.25 174.67 173.41 174.77 175.58 174.33 175.43 175.32 175.50 175.66 175.75 175.38 175.05 174.80 173.60 173.49 173.68 172.45 172.83 173.13 172.62 172.49 172.32 172.02 171.92 171.90 171.93 171.96 172.02 172.07 172.18 172.28 172.42 172.53 172.63 172.67 172.73 172.85 172.93 172.97 172.94 172.85 172.83 172.70 172.68 172.59 172.41 172.49 172.40 172.38 172.37 172.32 172.26 172.26 172.20 172.16 172.07 172.05 172.03 171.96 171.93 171.90 172.01 172.22 172.13 172.13 171.92 172.00 171.98 172.01 172.04 172.08 172.15 172.20 172.22
37°N ||     172.26 172.19 172.19 172.15 172.19 172.18 172.19 172.19 172.18 172.19 172.20 172.21 172.21 172.20 172.20 172.19 172.19 172.16 172.14 172.77 172.84 173.12 173.81 174.64 175.47 175.59 176.02 176.33 176.49 176.32 175.70 175.10 174.46 174.05 174.05 174.43 174.81 174.94 175.74 176.42 176.46 176.30 176.28 176.30 176.36 176.43 176.35 176.26 176.16 175.81 176.34 176.41 176.46 176.50 176.24 175.52 174.55 174.26 174.17 174.23 174.02 174.18 172.66 171.92 171.92 171.94 171.96 171.98 172.00 172.06 172.07 172.12 172.14 172.21 172.23 172.29 172.35 172.34 172.35 172.29 172.32 172.30 172.25 172.24 172.13 172.07 172.04 171.99 171.93 172.03 172.05 172.21 172.50 172.56 172.30 172.50 172.56 172.35 172.77 172.55 172.64 172.28 172.91 172.41 172.69 172.84 173.70 174.14 174.50 175.14 175.41 175.57 175.58 175.84 175.84 175.83 175.60 174.55 172.33 172.83 173.19 173.63 173.19 173.48 172.49 172.29 172.17 172.10 171.91 171.90 171.92 171.98 172.01 172.06 172.17 172.27 172.33 172.48 172.58 172.72 172.79 172.90 172.99 173.01 173.03 173.05 173.00 172.90 172.87 172.76 172.71 172.65 172.61 172.51 172.59 172.56 172.44 172.33 172.34 172.25 172.17 172.14 172.04 172.02 171.95 171.94 171.90 171.91 171.95 171.95 172.04 171.90 171.98 172.02 172.04 172.07 172.16 172.17 172.22 172.22
39°N ||     172.23 172.21 172.22 172.19 172.06 172.20 172.20 172.11 172.20 172.19 172.18 172.19 172.17 172.18 172.17 172.16 172.16 172.19 172.10 171.96 173.59 173.95 173.45 174.46 174.57 175.47 175.83 176.19 176.50 176.03 175.05 174.01 173.32 173.24 172.90 173.18 174.43 174.67 175.06 175.99 176.50 176.27 176.17 176.21 176.33 176.32 176.40 176.44 176.30 176.25 176.26 176.31 176.48 176.49 176.48 176.07 175.17 174.68 174.37 174.43 173.54 173.43 173.32 172.10 171.92 171.95 171.96 171.98 172.02 172.06 172.12 172.17 172.18 172.27 172.32 172.36 172.39 172.42 172.44 172.52 172.36 172.37 172.36 172.34 172.27 172.09 172.14 172.05 171.95 171.94 171.93 171.95 171.95 172.01 172.01 172.28 172.50 172.59 172.16 172.34 172.47 171.97 172.44 172.94 171.97 173.20 173.49 173.63 174.01 173.95 174.63 175.36 173.39 175.66 175.60 174.95 175.32 174.86 172.57 172.43 172.39 172.42 172.36 172.16 172.10 172.03 171.96 171.91 171.91 171.92 171.96 172.01 172.03 172.14 172.22 172.33 172.42 172.50 172.66 172.70 172.95 173.05 173.08 173.08 173.08 173.09 173.02 173.00 172.93 172.97 172.83 172.79 172.69 172.67 172.63 172.60 172.55 172.40 172.26 172.29 172.20 172.15 172.08 172.02 171.96 171.96 171.92 171.91 171.90 171.91 171.91 172.03 173.21 172.05 172.07 172.08 172.16 172.21 172.24 172.21
41°N ||     172.22 172.23 172.24 172.23 172.22 172.21 172.19 172.20 172.19 172.18 172.18 172.19 172.17 172.19 172.15 172.17 172.15 172.06 172.02 171.93 171.93 172.28 172.97 173.53 174.28 174.96 175.41 176.11 176.50 175.91 174.76 173.92 173.62 173.55 172.81 173.23 174.31 174.86 175.35 176.20 176.49 176.21 176.14 176.18 176.33 176.26 176.36 176.48 176.39 176.43 176.43 176.47 176.48 176.43 176.32 176.17 175.55 174.73 174.67 174.79 174.08 173.36 173.31 172.27 171.91 171.98 171.99 171.98 172.04 172.09 172.13 172.21 172.26 172.31 172.38 172.44 172.48 172.50 172.51 172.51 172.50 172.49 172.45 172.57 172.56 172.34 172.23 172.19 172.08 172.10 171.93 172.06 171.96 171.91 171.94 171.94 172.06 171.97 172.35 172.29 172.01 172.01 171.98 172.67 172.14 173.64 173.98 173.09 172.99 173.40 173.91 173.47 172.61 172.48 174.16 173.61 172.27 174.02 172.25 172.42 172.30 172.32 171.97 171.95 171.92 171.95 171.91 171.90 171.92 171.97 172.00 172.02 172.08 172.15 172.30 172.40 172.51 172.57 172.79 172.88 172.95 173.09 173.10 173.10 173.09 173.06 173.07 173.04 173.01 172.93 172.88 172.90 172.88 172.80 172.72 172.63 172.56 172.51 172.42 172.33 172.23 172.14 172.10 172.04 171.98 171.98 171.96 171.94 171.94 171.91 172.22 171.95 172.28 172.01 172.07 172.12 172.13 172.21 172.20 172.24
43°N ||     172.23 172.26 172.26 172.24 172.22 172.21 172.20 172.19 172.19 172.19 172.18 172.21 172.19 172.20 172.16 172.15 172.10 172.05 171.95 171.90 172.00 172.31 172.82 173.33 173.89 174.40 175.06 175.61 176.35 176.41 175.67 174.77 174.31 174.17 174.08 174.23 174.80 175.16 176.34 176.43 176.03 175.83 176.01 176.06 176.03 176.34 176.21 176.47 176.39 176.38 176.43 176.37 176.49 176.40 175.97 176.09 175.89 175.09 174.56 173.80 173.87 173.74 173.26 172.25 171.91 171.99 172.04 172.06 172.09 172.14 172.23 172.28 172.38 172.42 172.65 172.48 172.55 172.52 172.58 172.59 172.57 172.57 172.49 172.51 172.55 172.40 172.36 172.23 172.20 172.22 172.16 172.13 172.12 172.06 171.98 171.91 171.91 171.95 171.98 171.97 172.04 172.00 172.08 171.97 172.07 171.94 171.94 171.94 173.58 173.78 174.16 172.16 173.80 174.35 172.05 171.98 172.14 172.33 172.28 172.03 171.98 171.98 171.90 172.04 171.91 171.90 171.90 171.94 171.98 172.00 171.98 172.08 172.09 172.19 172.31 172.46 172.56 172.59 172.77 172.90 173.01 173.07 173.04 172.94 173.09 173.04 173.01 172.95 173.06 172.86 172.89 172.87 172.81 172.78 172.79 172.70 172.61 172.57 172.38 172.34 172.24 172.15 172.06 172.04 172.02 172.00 171.97 171.98 171.98 171.93 171.91 171.95 172.47 171.99 172.12 172.12 172.20 172.21 172.24 172.27
45°N ||     172.29 172.29 172.26 172.26 172.25 172.23 172.22 172.20 172.19 172.20 172.20 172.18 172.17 172.16 172.15 172.10 172.04 171.97 171.91 171.91 172.04 172.36 172.75 173.09 173.38 173.76 174.25 174.88 175.70 176.37 176.48 176.40 176.33 175.39 174.84 174.71 175.27 176.24 176.47 176.21 175.81 175.58 175.59 175.44 175.21 174.94 174.82 175.20 176.09 176.43 176.49 176.39 175.95 176.01 175.98 175.60 174.51 174.88 174.51 173.61 173.26 172.66 172.29 171.97 171.91 172.02 172.04 172.11 172.16 172.23 172.27 172.39 172.44 172.51 172.50 172.61 172.61 172.62 172.69 172.70 172.60 172.64 172.61 172.60 172.55 172.52 172.40 172.44 172.38 172.26 172.25 172.31 172.19 172.14 172.12 172.09 171.99 171.93 172.03 172.05 171.98 171.96 172.03 171.98 171.91 171.95 171.96 171.96 172.31 172.39 173.08 172.01 172.31 172.48 171.98 172.18 172.45 172.01 171.97 171.93 171.95 171.90 171.90 171.93 171.93 171.94 171.95 171.96 172.01 172.03 172.06 172.07 172.18 172.23 172.42 172.52 172.62 172.74 172.79 172.90 172.99 173.08 173.07 173.08 173.06 172.98 173.02 173.03 173.00 172.98 172.91 172.95 172.91 172.75 172.80 172.78 172.67 172.54 172.35 172.28 172.23 172.12 172.07 172.05 172.04 172.03 172.03 172.03 172.03 172.00 171.97 171.91 172.07 172.04 172.05 172.08 172.17 172.26 172.26 172.29
47°N ||     172.30 172.29 172.28 172.25 172.24 172.23 172.22 172.22 172.18 172.23 172.21 172.19 172.19 172.15 172.09 172.07 171.99 171.94 171.90 171.91 172.05 172.23 172.47 172.67 172.93 173.22 173.63 173.89 174.39 175.01 175.53 175.71 175.71 175.77 176.42 176.46 176.27 176.04 175.95 175.88 175.65 175.50 175.52 175.40 175.07 174.72 174.69 174.77 175.93 176.38 176.04 175.53 174.45 175.13 174.91 173.81 174.36 172.87 174.38 173.71 173.03 172.41 171.96 171.91 171.98 172.06 172.11 172.15 172.27 172.30 172.40 172.46 172.50 172.56 172.58 172.57 172.52 172.43 172.70 172.71 172.68 172.73 172.67 172.66 172.61 172.58 172.57 172.54 172.48 172.43 172.38 172.36 172.34 172.29 172.18 172.20 172.12 172.08 172.08 172.10 172.05 172.04 172.10 172.00 171.97 171.98 172.02 171.93 171.95 172.03 172.02 171.92 171.97 171.91 171.90 172.34 171.95 171.93 171.91 171.90 171.91 171.92 171.95 171.93 171.98 171.98 171.98 172.00 172.04 172.05 172.13 172.15 172.23 172.30 172.67 172.69 172.64 172.71 172.80 172.88 172.97 173.06 173.06 173.03 173.04 173.01 172.99 172.99 172.92 173.01 172.98 172.96 172.87 172.87 172.87 172.74 172.62 172.50 172.41 172.07 172.12 172.21 172.13 172.12 172.10 172.08 172.09 172.07 172.08 172.07 172.05 171.99 172.01 172.04 172.08 172.16 172.18 172.24 172.27 172.31
49°N ||     172.32 172.30 172.29 172.26 172.27 172.26 172.25 172.24 172.22 172.22 172.23 172.19 172.17 172.12 172.06 172.02 171.96 171.93 171.90 171.91 171.96 172.01 172.19 172.40 172.72 172.95 173.11 173.33 173.52 173.77 174.02 174.27 174.47 174.66 174.90 174.83 174.76 174.83 175.23 175.44 175.46 175.22 175.24 175.57 175.32 174.99 174.91 174.88 173.81 175.86 172.36 171.99 171.93 172.42 172.45 173.70 173.58 173.53 172.74 173.35 172.39 171.99 171.91 171.97 172.01 172.13 172.20 172.29 172.31 172.44 172.45 172.51 172.58 172.59 172.61 172.63 172.66 172.73 172.77 172.77 172.78 172.74 172.74 172.71 172.70 172.66 172.66 172.57 172.54 172.52 172.48 172.43 172.34 172.30 172.26 172.27 172.20 172.22 172.21 172.18 172.08 172.13 172.02 172.08 173.54 172.29 171.92 172.00 171.97 171.91 171.91 171.91 171.91 171.92 171.96 171.92 171.91 171.92 171.93 171.92 171.93 171.95 171.98 171.98 171.98 172.00 171.99 172.03 172.05 172.09 172.16 172.23 172.30 172.40 172.61 172.67 172.63 172.75 172.75 172.87 172.94 172.99 173.03 173.03 173.00 173.01 173.00 173.00 172.95 172.88 172.99 172.92 172.84 172.78 172.79 172.64 172.58 172.46 172.42 172.14 172.05 172.25 172.18 172.17 172.17 172.15 172.16 172.14 172.11 172.13 172.11 172.11 171.95 172.05 172.22 172.19 172.18 172.29 172.36 172.29
51°N ||     172.33 172.32 172.30 172.29 172.30 172.30 172.24 172.23 172.24 172.23 172.20 172.16 172.13 172.09 172.04 171.99 171.94 171.91 171.90 171.91 172.02 171.98 172.10 172.33 172.44 172.63 172.81 172.98 173.16 173.28 173.50 173.73 173.98 174.12 174.13 174.10 174.33 174.44 174.77 175.03 175.13 175.06 174.95 174.81 174.94 174.55 174.03 173.38 172.38 172.09 171.96 171.92 171.90 171.90 171.91 172.13 173.01 173.23 172.79 172.04 171.93 171.92 171.97 172.10 172.12 172.20 172.27 172.36 172.44 172.50 172.58 172.65 172.69 172.69 172.73 172.75 172.77 172.71 172.91 172.96 172.81 172.80 172.84 172.65 172.77 172.72 172.64 172.63 172.66 172.59 172.58 172.53 172.47 172.42 172.37 172.34 172.30 172.20 172.31 172.22 172.21 172.20 172.03 173.05 173.46 172.12 171.91 172.01 171.99 171.95 171.96 171.95 171.95 171.96 171.99 171.95 171.96 171.96 171.98 171.99 171.98 172.00 171.99 172.00 172.01 172.02 172.00 172.04 172.07 172.10 172.15 172.23 172.33 172.41 172.52 172.53 172.67 172.71 172.82 172.87 172.92 172.97 173.04 173.02 173.04 173.03 172.97 173.01 173.00 172.95 172.93 172.86 172.86 172.72 172.58 172.62 172.55 172.47 172.42 172.38 172.32 172.29 172.26 172.22 172.21 172.22 172.19 172.21 172.17 172.16 172.15 172.17 172.12 172.22 172.22 172.17 172.21 172.31 172.37 172.36
53°N ||     172.34 172.32 172.34 172.34 172.33 172.31 172.28 172.25 172.23 172.18 172.19 172.16 172.11 172.06 172.01 171.95 171.91 171.91 171.90 171.90 171.92 171.94 171.99 172.08 172.23 172.36 172.53 172.72 172.82 173.01 173.17 173.27 173.46 173.56 173.55 173.60 173.64 173.89 174.23 174.49 174.64 174.63 174.49 174.32 173.94 173.44 173.10 172.65 172.25 171.97 171.91 171.90 171.90 171.91 171.92 171.93 172.09 172.13 172.23 171.93 172.04 172.10 172.16 172.19 172.25 172.33 172.44 172.51 172.57 172.61 172.73 172.77 172.78 172.81 172.84 172.89 172.89 172.87 172.93 172.90 172.86 172.90 172.87 172.90 172.84 172.93 172.88 172.76 172.74 172.65 172.67 172.62 172.55 172.52 172.44 172.39 172.40 172.55 172.32 172.31 172.22 172.22 172.16 172.10 171.99 172.00 171.99 172.07 172.02 172.05 172.02 172.02 172.00 172.02 172.02 172.01 172.04 172.06 172.03 172.06 172.03 172.02 171.99 172.01 172.03 172.01 172.01 172.05 172.08 172.10 172.18 172.26 172.33 172.40 172.39 172.50 172.57 172.67 172.69 172.75 172.78 172.84 172.85 172.92 172.95 172.96 172.92 172.93 172.84 172.85 172.86 172.85 172.73 172.64 172.60 172.52 172.56 172.49 172.45 172.40 172.36 172.32 172.29 172.28 172.27 172.25 172.27 172.25 172.15 172.19 172.17 172.22 172.20 172.20 172.22 172.28 172.35 172.35 172.38 172.38
55°N ||     172.41 172.39 172.35 172.30 172.32 172.25 172.26 172.27 172.24 172.21 172.19 172.14 172.11 172.06 172.04 171.97 172.70 171.93 171.91 171.90 171.90 171.91 171.93 171.95 172.02 172.15 172.28 172.45 172.61 172.72 172.84 172.89 173.01 172.99 173.06 173.04 173.19 173.30 173.43 173.64 173.87 173.85 173.95 173.82 173.52 173.05 172.59 172.27 171.92 171.90 171.90 171.90 172.06 171.92 171.94 171.97 172.01 172.03 172.10 172.16 172.21 172.27 172.37 172.42 172.49 172.57 172.60 172.66 172.71 172.77 172.84 172.88 172.90 172.94 172.97 172.94 172.96 172.97 173.00 173.06 172.93 172.95 172.98 172.94 173.00 172.92 172.84 172.83 172.75 172.76 172.73 172.71 172.64 172.58 172.48 172.47 172.45 172.44 172.40 172.34 172.31 172.27 172.21 172.21 172.19 172.13 172.10 172.11 172.11 172.08 172.09 172.09 172.07 172.10 172.07 172.11 172.14 172.13 172.13 172.11 172.06 172.05 172.03 172.03 172.01 172.01 172.07 172.10 172.10 172.12 172.18 172.25 172.30 172.32 172.39 172.47 172.53 172.59 172.61 172.65 172.68 172.73 172.75 172.80 172.82 172.79 172.81 172.81 172.67 172.69 172.75 172.68 172.67 172.58 172.54 172.58 172.46 172.51 172.49 172.38 172.34 172.34 172.32 172.33 172.29 172.30 172.27 172.24 172.22 172.25 172.26 172.18 172.20 172.19 172.27 172.40 172.37 172.41 172.44 172.45
57°N ||     172.44 172.43 172.41 172.38 172.39 172.33 172.29 172.26 172.25 172.25 172.19 172.14 172.14 172.08 172.04 172.02 171.94 171.93 171.91 171.91 171.90 171.90 171.91 171.92 171.93 171.96 172.03 172.16 172.17 172.31 172.38 172.46 172.53 172.52 172.57 172.57 172.62 172.69 172.76 173.02 173.09 173.20 173.23 173.15 172.91 172.50 172.13 171.98 171.90 171.90 171.91 171.92 171.93 171.95 171.99 172.03 172.08 172.15 172.22 172.29 172.42 172.47 172.52 172.57 172.63 172.67 172.73 172.79 172.83 172.91 172.93 173.22 173.04 173.04 173.06 173.09 173.08 173.06 173.07 173.06 173.05 173.13 173.00 173.02 172.70 173.47 172.92 172.88 172.87 172.82 172.83 172.74 172.70 172.66 172.63 172.56 172.55 172.49 172.45 172.36 172.36 172.33 172.26 172.20 172.18 172.18 172.17 172.14 172.19 172.16 172.15 172.17 172.20 172.20 172.20 172.22 172.24 172.21 172.18 172.12 172.10 172.10 172.09 172.06 172.06 172.07 172.06 172.09 172.12 172.13 172.19 172.22 172.28 172.29 172.32 172.38 172.47 172.51 172.53 172.51 172.61 172.59 172.66 172.72 172.73 172.71 172.69 172.71 172.69 172.65 172.68 172.65 172.66 172.65 172.56 172.59 172.53 172.55 172.53 172.45 172.41 172.42 172.37 172.35 172.34 172.31 172.31 172.29 172.23 172.28 172.27 172.24 172.33 172.29 172.30 172.36 172.42 172.41 172.44 172.44
59°N ||     172.45 172.46 172.44 172.37 172.41 172.39 172.28 172.33 172.32 172.31 172.27 172.22 172.17 172.14 172.09 172.03 172.03 171.99 171.97 171.94 171.93 171.91 171.90 171.90 171.90 171.91 171.91 171.93 171.95 171.97 171.99 172.06 172.11 172.09 172.04 172.10 172.12 172.11 172.25 172.40 172.46 172.49 172.46 172.24 172.12 171.95 171.92 171.90 171.91 171.92 171.94 171.97 171.99 172.02 172.06 172.11 172.17 172.24 172.32 172.43 172.57 172.53 172.69 172.74 172.76 172.81 172.88 172.93 172.96 172.97 173.05 173.05 173.08 173.14 173.15 173.16 173.13 173.19 173.22 173.20 173.15 173.13 173.14 173.09 173.08 173.06 173.03 173.02 172.97 172.89 172.82 172.84 172.76 172.76 172.62 172.66 172.63 172.58 172.48 172.45 172.40 172.37 172.35 172.32 172.32 172.29 172.23 172.23 172.24 172.25 172.29 172.30 172.29 172.29 172.25 172.29 172.29 172.29 172.22 172.19 172.17 172.15 172.10 172.11 172.08 172.09 172.08 172.10 172.13 172.14 172.18 172.18 172.26 172.33 172.31 172.26 172.37 172.40 172.39 172.47 172.53 172.47 172.55 172.61 172.61 172.57 172.61 172.61 172.61 172.61 172.61 172.63 172.62 172.58 172.58 172.60 172.59 172.53 172.53 172.49 172.51 172.45 172.43 172.39 172.37 172.34 172.27 172.28 172.27 172.30 172.33 172.33 172.36 172.36 172.38 172.40 172.44 172.49 172.40 172.45
61°N ||     172.48 172.48 172.46 172.46 172.44 172.46 172.40 172.37 172.38 172.31 172.27 172.27 172.23 172.18 172.14 172.11 172.07 172.04 172.02 171.98 171.96 171.95 171.93 171.92 171.91 171.91 171.90 171.90 171.90 171.90 171.90 171.91 171.91 171.91 171.91 171.92 171.92 171.92 171.92 171.99 171.93 171.93 171.92 171.91 171.91 171.90 171.90 171.91 171.95 171.97 171.99 172.05 172.11 172.15 172.19 172.27 172.33 172.40 172.48 172.54 172.65 172.76 172.82 172.87 172.94 173.19 172.92 173.06 173.10 173.12 173.18 173.13 173.19 173.28 173.32 173.31 173.29 173.31 173.26 173.29 173.25 173.25 173.22 173.23 173.18 173.15 173.10 173.07 173.02 172.97 172.92 172.89 172.86 172.80 172.79 172.78 172.68 172.62 172.60 172.53 172.50 172.46 172.41 172.40 172.38 172.39 172.33 172.36 172.35 172.38 172.37 172.38 172.39 172.38 172.34 172.37 172.34 172.34 172.31 172.24 172.26 172.25 172.12 172.16 172.15 172.13 172.11 172.09 172.11 172.15 172.15 172.17 172.20 172.06 172.21 172.29 172.31 172.30 172.38 172.42 172.45 172.38 172.50 172.53 172.53 172.47 172.52 172.52 172.55 172.57 172.55 172.58 172.55 172.53 172.56 172.57 172.54 172.53 172.54 172.50 172.48 172.50 172.46 172.44 172.43 172.34 172.39 172.38 172.33 172.36 172.35 172.39 172.41 172.40 172.45 172.45 172.43 172.48 172.47 172.43
63°N ||     172.56 172.49 172.48 172.93 172.48 172.49 172.48 172.46 172.43 172.41 172.37 172.31 172.29 172.24 172.22 172.20 172.16 172.13 172.08 172.03 171.97 172.01 171.99 171.97 171.96 171.95 171.94 171.94 171.93 171.92 171.92 171.91 171.91 171.91 171.90 171.90 171.90 171.90 171.90 171.90 171.90 171.91 171.91 171.91 171.93 171.94 171.96 171.98 172.02 172.07 172.14 172.19 172.25 172.33 172.41 172.46 172.52 172.59 172.67 172.70 172.78 172.87 172.95 173.03 173.05 173.08 173.18 173.18 173.19 173.21 173.26 173.25 173.30 173.31 173.34 173.38 173.36 173.33 173.33 173.36 173.35 173.34 173.28 173.24 173.21 173.06 173.09 173.07 173.06 173.03 173.00 172.94 172.87 172.84 172.85 172.70 172.67 172.67 172.64 172.60 172.58 172.53 172.49 172.49 172.49 172.47 172.46 172.46 172.46 172.44 172.47 172.45 172.47 172.44 172.43 172.41 172.41 172.36 172.39 172.35 172.31 172.30 172.29 172.25 172.22 172.19 172.16 172.15 172.14 172.14 172.15 172.17 172.19 172.20 172.23 172.28 172.30 172.30 172.35 172.29 172.40 172.33 172.42 172.46 172.41 172.48 172.48 172.49 172.51 172.52 172.50 172.51 172.56 172.56 172.56 172.54 172.54 172.52 172.54 172.55 172.53 172.50 172.52 172.50 172.44 172.47 172.47 172.48 172.38 172.42 172.43 172.45 172.41 172.48 172.52 172.53 172.51 172.53 172.53 172.54
65°N ||     172.59 172.65 172.58 172.62 172.61 172.58 172.55 172.55 172.43 172.47 172.43 172.41 172.41 172.38 172.46 172.29 172.26 172.23 172.18 172.19 172.16 172.12 172.10 172.09 172.07 172.05 172.02 172.02 172.01 172.00 171.99 171.97 171.97 171.96 171.95 171.94 171.94 171.94 171.93 171.93 171.94 171.95 171.97 171.99 172.02 172.05 172.08 172.12 172.16 172.21 172.26 172.29 172.40 172.51 172.60 172.69 172.78 172.88 172.92 172.95 172.98 173.07 173.11 173.12 173.20 173.24 173.26 173.23 173.28 173.33 173.28 173.31 173.38 173.40 173.41 173.43 173.44 173.41 173.42 173.41 173.43 173.38 173.35 173.18 173.73 174.62 172.82 173.09 173.13 173.07 173.08 172.99 172.99 172.89 172.87 172.82 172.77 172.75 172.73 172.70 172.65 172.64 172.60 172.54 172.58 172.52 172.51 172.52 172.51 172.50 172.53 172.52 172.54 172.50 172.43 172.44 172.49 172.43 172.42 172.44 172.42 172.38 172.37 172.29 172.28 172.21 172.23 172.20 172.19 172.15 172.18 172.17 172.18 172.19 172.22 172.22 172.25 172.27 172.25 172.30 172.34 172.34 172.38 172.39 172.36 172.43 172.43 172.45 172.44 172.46 172.49 172.50 172.50 172.52 172.45 172.54 172.53 172.57 172.56 172.56 172.52 172.51 172.57 172.56 172.52 172.57 172.57 172.49 172.55 172.51 172.57 172.57 172.55 172.55 172.55 172.59 172.53 172.54 172.62 172.47
67°N ||     172.71 172.69 172.72 172.69 172.67 172.72 172.68 172.64 172.65 172.61 172.52 172.53 172.54 172.47 172.47 172.43 172.42 172.39 172.36 172.35 172.27 172.28 172.22 172.19 172.19 172.14 172.17 172.15 172.12 172.10 172.09 172.06 172.06 172.03 172.14 172.01 172.01 172.01 172.00 172.01 172.02 172.04 172.08 172.10 172.13 172.17 172.23 172.29 172.34 172.41 172.49 172.59 172.67 172.77 172.87 172.97 173.07 173.15 173.23 173.30 173.34 173.34 173.30 173.29 173.31 173.32 173.32 173.35 173.40 173.40 173.43 173.45 173.44 173.48 173.49 173.47 173.47 173.41 173.51 173.49 173.48 173.44 173.35 173.32 173.30 173.22 173.20 173.21 173.17 173.18 173.12 173.06 173.04 172.98 172.94 172.89 172.85 172.82 172.79 172.72 172.68 172.70 172.67 172.60 172.61 172.60 172.60 172.56 172.53 172.48 172.51 172.57 172.59 172.56 172.53 172.53 172.48 172.51 172.49 172.48 172.46 172.40 172.42 172.39 172.35 172.32 172.32 172.26 172.23 172.22 172.19 172.17 172.18 172.18 172.15 172.22 172.22 172.24 172.14 172.27 172.30 172.34 172.35 172.33 172.35 172.37 172.30 172.42 172.42 172.44 172.43 172.49 172.49 172.52 172.53 172.53 172.54 172.56 172.56 172.59 172.53 172.54 172.55 172.59 172.58 172.58 172.64 172.65 172.65 172.63 172.66 172.63 172.67 172.66 172.60 172.63 172.64 172.70 172.68 172.70
69°N ||     172.71 172.81 172.81 172.77 172.78 172.78 172.76 172.77 172.70 172.77 172.70 172.68 172.66 172.66 172.57 172.53 172.51 172.56 172.56 172.50 172.49 172.48 172.45 172.43 172.37 172.35 172.21 172.31 172.30 172.23 172.28 172.20 172.21 172.17 172.13 172.11 172.12 172.12 172.13 172.14 172.15 172.20 172.23 172.27 172.31 172.37 172.47 172.55 172.65 172.73 172.79 172.85 172.89 172.97 173.03 173.11 173.17 173.20 173.27 173.31 173.33 173.35 173.35 173.36 173.35 173.39 173.42 173.44 173.43 173.48 173.50 173.50 173.55 173.55 173.49 173.54 173.53 173.50 173.52 173.50 173.47 173.45 173.47 173.42 173.35 173.36 173.27 173.24 173.22 173.18 173.17 173.12 173.06 173.04 173.03 172.91 172.92 172.91 172.87 172.84 172.81 172.79 172.76 172.70 172.70 172.72 172.69 172.66 172.64 172.66 172.54 172.55 172.60 172.59 172.61 172.58 172.54 172.55 172.54 172.49 172.46 172.47 172.45 172.44 172.38 172.37 172.36 172.34 172.32 172.30 172.28 172.24 172.24 172.21 172.19 172.17 172.19 172.24 172.27 172.26 172.28 172.28 172.31 172.31 172.32 172.33 172.35 172.38 172.39 172.39 172.43 172.41 172.45 172.49 172.53 172.56 172.54 172.58 172.66 172.63 172.61 172.61 172.62 172.67 172.67 172.70 172.71 172.74 172.73 172.71 172.71 172.75 172.77 172.79 172.85 172.81 172.78 172.80 172.77 172.74
71°N ||     172.89 172.93 172.95 172.89 172.86 172.90 173.08 172.81 172.86 172.86 172.78 172.80 172.80 172.77 172.81 172.81 172.80 172.75 172.81 172.67 172.61 172.67 172.66 172.62 172.57 172.54 172.49 172.45 172.47 172.40 172.41 172.42 172.42 172.35 172.40 172.40 172.35 172.35 172.37 172.38 172.36 172.44 172.47 172.50 172.56 172.60 172.67 172.76 172.81 172.89 172.95 173.00 173.02 173.02 173.07 173.10 173.13 173.17 173.21 173.23 173.23 173.28 173.30 173.34 173.43 173.40 173.43 173.47 173.54 173.51 173.55 173.54 173.54 173.58 173.55 173.52 173.54 173.57 173.55 173.52 173.50 173.50 173.49 173.45 173.41 173.40 173.38 173.37 173.34 173.26 173.19 173.14 173.16 173.15 173.08 173.06 173.02 172.99 172.96 172.92 172.86 172.81 172.78 172.75 172.77 172.77 172.75 172.71 172.71 172.69 172.71 172.67 172.65 172.64 172.60 172.62 172.58 172.56 172.51 172.54 172.47 172.51 172.49 172.43 172.43 172.42 172.41 172.41 172.38 172.35 172.33 172.33 172.31 172.29 172.26 172.27 172.25 172.23 172.22 172.22 172.20 172.20 172.22 172.24 172.27 172.30 172.34 172.35 172.40 172.40 172.44 172.44 172.45 172.47 172.52 172.51 172.59 172.63 172.66 172.68 172.70 172.66 172.73 172.74 172.76 172.80 172.79 172.81 172.74 172.83 172.83 172.82 172.78 172.85 172.86 172.88 172.93 172.84 172.89 172.87
73°N ||     173.04 173.08 173.07 173.04 172.99 173.07 173.07 173.04 173.03 173.05 173.08 173.02 173.02 172.95 173.08 172.97 172.95 172.93 172.88 172.87 172.88 172.74 172.74 172.77 172.72 172.77 172.71 172.91 172.79 172.73 172.76 172.67 172.64 172.61 172.56 172.60 172.55 172.57 172.59 172.64 172.67 172.71 172.73 172.75 172.81 172.84 172.87 172.90 172.94 172.99 173.05 173.14 173.12 173.14 173.15 173.15 173.14 173.15 173.14 173.19 173.22 173.26 173.30 173.31 173.35 173.41 173.45 173.44 173.45 173.49 173.56 173.60 173.61 173.56 173.61 173.63 173.65 173.61 173.58 173.53 173.55 173.53 173.51 173.48 173.50 173.49 173.46 173.42 173.38 173.38 173.32 173.19 173.19 173.18 173.16 173.07 173.07 173.05 173.01 173.01 172.96 172.94 172.90 172.80 172.85 172.84 172.79 172.76 172.74 172.70 172.73 172.72 172.74 172.72 172.69 172.71 172.71 172.65 172.59 172.55 172.57 172.60 172.58 172.52 172.50 172.48 172.46 172.47 172.42 172.41 172.39 172.37 172.38 172.35 172.36 172.35 172.33 172.31 172.31 172.32 172.34 172.35 172.37 172.38 172.40 172.41 172.43 172.44 172.47 172.49 172.49 172.53 172.53 172.56 172.57 172.57 172.65 172.68 172.71 172.70 172.78 172.78 172.76 172.82 172.87 172.91 172.86 172.91 172.96 172.98 172.71 173.48 172.81 172.30 172.95 172.99 173.06 173.04 172.94 173.00
75°N ||     173.14 173.19 173.14 173.16 173.16 173.23 173.12 173.17 173.18 173.16 173.19 173.13 173.14 173.20 173.13 173.16 173.15 173.03 173.08 173.10 173.06 173.12 173.14 173.19 173.10 172.99 173.00 172.99 172.83 172.87 172.88 172.84 172.92 172.94 172.98 172.88 172.85 172.86 172.80 172.86 172.85 172.88 172.94 172.93 172.93 172.90 172.96 173.00 173.03 173.10 173.14 173.16 173.17 173.19 173.21 173.29 173.22 173.22 173.26 173.28 173.35 173.39 173.43 173.45 173.46 173.46 173.45 173.48 173.52 173.49 173.58 173.60 173.61 173.63 173.63 173.66 173.64 173.65 173.60 173.64 173.60 173.61 173.57 173.68 173.56 173.51 173.47 173.43 173.42 173.42 173.37 173.35 173.31 173.27 173.26 173.24 173.30 173.15 173.11 173.08 173.05 173.03 173.01 172.97 172.97 172.96 172.95 172.91 172.87 172.90 172.85 172.82 172.85 172.83 172.81 172.79 172.76 172.77 172.71 172.70 172.68 172.66 172.61 172.67 172.66 172.64 172.58 172.56 172.56 172.51 172.55 172.53 172.53 172.51 172.46 172.48 172.46 172.46 172.47 172.47 172.47 172.50 172.50 172.45 172.50 172.53 172.56 172.57 172.54 172.55 172.58 172.62 172.63 172.65 172.68 172.69 172.73 172.79 172.81 172.84 172.84 172.90 172.92 172.97 172.98 172.97 172.98 173.01 173.04 173.07 173.06 173.09 173.06 173.21 173.22 173.22 173.22 173.21 173.17 173.12
77°N ||     173.31 173.22 173.06 172.97 173.07 173.25 173.17 172.93 172.94 173.19 173.25 173.25 173.27 173.24 173.23 173.12 172.95 172.97 172.89 173.10 172.96 173.03 173.30 173.49 173.21 173.09 173.08 173.16 173.11 173.09 173.07 173.06 173.09 173.03 172.83 173.02 172.96 173.01 172.98 172.96 173.05 173.04 172.99 173.00 173.05 173.10 173.13 173.16 173.19 173.21 173.24 173.27 173.20 173.33 173.36 173.40 173.42 173.43 173.45 173.46 173.50 173.10 173.13 173.39 173.49 173.49 173.50 173.53 173.50 173.51 173.57 173.60 173.61 173.63 173.61 173.64 173.63 173.65 173.69 173.69 173.67 173.61 173.61 173.60 173.59 173.55 173.45 173.44 173.50 173.46 173.47 173.43 173.37 173.29 173.27 173.30 173.30 173.27 173.22 173.18 173.16 173.14 173.10 173.14 173.07 173.04 173.03 173.01 172.99 172.97 172.96 172.93 172.90 172.85 172.84 172.82 172.85 172.79 172.78 172.72 172.73 172.74 172.74 172.74 172.73 172.73 172.71 172.69 172.67 172.63 172.65 172.61 172.59 172.55 172.40 172.51 172.57 172.58 172.60 172.60 172.57 172.58 172.58 172.59 172.61 172.61 172.64 172.62 172.64 172.62 172.67 172.70 172.70 172.73 172.77 172.79 172.82 172.84 172.81 172.86 172.88 172.92 172.98 173.02 173.03 173.04 173.07 173.12 173.12 173.09 173.13 173.08 173.11 173.16 173.14 173.26 173.33 173.30 173.24 173.28
79°N ||     173.17 173.09 173.09 173.16 173.17 173.13 173.10 173.10 173.12 173.10 173.10 173.00 173.16 173.13 173.16 173.22 173.23 173.28 173.26 173.21 173.20 173.27 173.26 173.28 173.30 173.32 173.26 173.11 173.17 173.08 173.10 173.11 173.14 173.15 173.12 173.16 173.12 173.18 173.17 173.16 173.17 173.19 173.19 173.17 173.13 173.15 173.18 173.21 173.24 173.29 173.34 173.33 173.36 173.41 173.45 173.47 173.45 173.50 173.56 173.57 173.61 173.63 173.63 173.65 173.64 173.65 173.71 173.69 173.65 173.64 173.62 173.62 173.58 173.62 173.64 173.54 173.53 173.57 173.66 173.68 173.62 173.67 173.56 173.19 173.42 173.68 172.77 172.93 173.47 172.44 172.76 173.19 172.94 172.63 173.08 172.49 172.62 173.13 172.92 172.65 172.73 172.78 172.86 173.14 173.16 173.09 173.11 173.10 173.10 173.07 173.05 173.04 173.02 173.00 172.95 172.96 172.93 172.92 172.90 172.75 173.12 172.72 172.83 172.80 172.78 172.79 172.77 172.74 172.74 172.74 172.73 172.73 172.72 172.72 172.71 172.71 172.72 172.73 172.70 172.72 172.71 172.69 172.66 172.68 172.70 172.65 172.61 172.64 172.69 172.72 172.74 172.72 172.79 172.83 172.83 172.88 172.85 172.90 172.89 172.91 172.93 172.97 172.98 173.04 173.06 173.11 173.07 173.06 173.08 173.16 173.17 173.18 173.16 173.18 173.19 173.15 173.15 173.24 173.23 173.19
81°N ||     172.65 172.66 172.68 172.72 172.68 172.68 172.70 172.69 172.70 172.71 172.72 172.73 172.75 172.77 172.79 172.81 172.82 172.85 172.84 172.85 172.86 172.88 172.89 172.92 172.95 172.99 173.05 173.13 173.13 173.18 173.24 173.18 173.19 173.32 172.97 172.97 172.84 173.03 172.63 172.72 172.87 172.94 173.25 173.25 173.27 173.33 173.38 173.36 173.23 173.19 172.81 172.76 172.67 172.84 173.22 172.98 172.95 172.95 172.96 173.04 173.46 173.32 173.35 173.35 173.41 173.46 173.54 173.31 173.21 173.03 173.06 173.09 172.76 172.96 172.84 172.63 172.48 172.64 172.48 172.33 172.32 172.12 172.16 172.06 172.06 172.12 171.98 171.97 171.98 171.94 171.97 172.04 171.92 171.92 172.06 171.94 171.97 171.90 171.90 171.91 172.05 172.08 172.07 172.06 172.13 172.18 171.96 172.50 172.50 172.97 172.92 172.45 172.61 173.06 172.79 172.86 172.65 172.73 172.90 172.46 172.50 172.44 172.51 172.54 172.71 172.96 172.58 172.64 172.64 172.63 172.67 172.65 172.64 172.66 172.67 172.68 172.73 172.79 172.85 172.85 172.86 172.86 172.86 172.84 172.86 172.82 172.84 172.87 172.89 172.93 172.92 172.95 172.95 172.97 172.97 172.95 172.95 172.97 172.99 172.96 172.97 172.98 172.99 173.00 173.00 173.00 172.97 172.95 172.93 172.88 172.82 172.83 172.81 172.79 172.78 172.75 172.71 172.68 172.67 172.65
83°N ||     172.50 172.50 172.50 172.50 172.50 172.49 172.50 172.51 172.52 172.54 172.55 172.58 172.58 172.60 172.62 172.65 172.68 172.68 172.74 172.74 172.76 172.77 172.77 172.77 172.77 172.73 172.84 172.82 172.79 172.39 172.33 172.21 172.38 172.46 172.24 172.38 172.20 172.22 172.25 172.20 172.11 172.20 172.07 172.01 172.02 172.10 172.09 172.07 172.11 172.15 172.20 172.27 172.45 172.54 172.30 172.38 172.26 172.18 172.18 172.28 172.19 172.65 172.56 173.14 173.26 173.40 173.52 173.61 173.61 173.38 173.19 172.95 172.75 172.61 172.56 172.41 172.33 172.25 172.21 172.18 172.16 172.11 172.08 172.06 172.03 172.00 171.98 171.96 171.96 171.96 171.96 171.96 171.95 171.94 171.93 171.92 171.92 171.91 171.91 171.91 171.90 171.90 171.90 171.90 171.90 171.91 171.91 171.91 171.91 171.91 171.94 172.02 171.97 172.00 171.92 171.97 172.09 172.12 172.02 171.95 171.93 171.95 172.08 171.99 172.02 171.97 172.02 172.03 171.98 172.01 171.95 171.96 172.01 172.10 172.06 172.06 172.09 171.99 172.03 172.04 172.10 172.31 172.36 172.43 172.70 172.66 172.87 173.00 173.02 173.00 172.98 172.97 172.97 172.97 173.01 173.02 173.00 172.99 172.94 172.92 172.90 172.89 172.87 172.84 172.81 172.79 172.76 172.74 172.72 172.70 172.67 172.65 172.63 172.61 172.60 172.57 172.53 172.50 172.50 172.50
85°N ||     172.82 172.72 172.81 172.92 172.97 173.15 172.31 172.23 172.42 172.54 172.11 172.30 172.21 172.13 172.29 172.37 171.97 171.91 171.91 171.92 171.92 171.99 172.28 172.07 172.13 172.19 172.36 172.24 172.25 172.37 172.40 171.91 171.92 172.06 171.95 171.92 171.90 171.90 171.90 171.90 171.90 171.92 171.91 171.90 171.91 171.90 171.92 171.92 171.92 171.92 171.91 171.90 171.93 171.98 172.00 171.94 171.95 171.96 171.99 172.05 172.08 171.98 172.04 171.99 171.97 171.97 172.12 172.12 172.40 172.57 172.68 172.88 172.70 172.68 172.68 172.80 172.92 173.06 173.13 173.15 173.21 173.24 172.93 172.63 172.37 172.33 172.36 172.42 172.50 172.71 173.08 173.09 172.08 171.98 171.98 172.03 172.00 171.97 171.92 171.91 171.90 171.91 171.90 171.90 171.91 171.91 171.91 171.91 171.92 171.93 171.93 171.93 171.93 171.93 171.93 171.92 171.92 171.92 171.92 171.92 171.92 171.91 171.91 171.91 171.91 171.91 171.92 171.91 171.91 171.92 171.91 171.92 171.92 171.91 171.91 171.91 171.92 171.92 171.92 171.96 171.91 171.91 171.91 172.01 172.00 171.99 172.02 172.16 172.01 171.94 171.99 171.96 172.08 172.13 172.28 172.43 172.13 172.26 172.37 172.44 172.39 172.26 172.33 172.59 172.48 172.53 172.67 172.98 172.80 173.03 172.80 172.62 172.53 172.44 172.52 172.64 172.69 172.47 172.53 172.62
87°N ||     171.99 171.95 171.97 171.96 171.93 172.04 172.00 172.06 172.09 172.09 172.08 172.07 172.01 171.99 172.05 172.11 172.13 172.12 172.12 172.11 172.09 172.08 172.12 172.23 172.23 172.25 172.18 172.13 172.08 172.05 172.05 172.13 172.23 172.22 172.26 172.36 172.44 172.44 172.44 172.41 172.31 172.34 172.23 172.26 172.35 172.52 172.55 172.56 172.49 172.41 172.41 172.41 172.37 172.34 172.22 172.14 172.15 172.17 172.14 172.12 172.08 172.13 172.12 172.13 172.15 172.16 172.19 172.16 172.13 172.09 172.02 172.11 172.15 172.05 171.96 172.01 171.93 171.95 171.95 171.95 171.93 171.94 171.94 171.94 171.93 171.95 171.94 171.91 171.96 171.91 171.96 172.00 172.01 172.04 172.07 172.06 172.02 172.04 172.02 172.03 172.07 172.19 172.18 172.11 172.12 172.19 172.22 172.26 172.31 172.34 172.37 172.31 172.37 172.35 172.33 172.30 172.29 172.24 172.30 172.14 172.37 172.33 172.29 172.25 172.18 172.12 172.19 172.21 172.14 172.13 172.09 172.16 172.36 172.36 172.37 172.40 172.42 172.36 172.27 172.24 172.21 172.19 172.19 172.19 172.17 172.15 172.11 172.18 172.25 172.33 172.20 172.28 172.14 172.20 172.35 172.34 172.30 172.04 172.11 172.05 172.12 171.96 171.96 171.93 171.93 171.92 171.98 172.09 172.08 172.08 172.08 172.04 172.01 171.96 171.97 171.94 172.05 172.11 172.04 171.98
89°N ||     172.76 172.80 172.78 172.73 172.73 172.90 172.91 172.98 172.98 172.97 172.96 172.99 172.98 172.98 172.98 173.00 173.01 173.03 173.01 173.00 173.02 173.00 172.97 173.00 173.01 173.00 173.03 173.07 173.09 173.13 173.15 173.17 173.18 173.21 173.22 173.24 173.25 173.26 173.26 173.26 173.26 173.26 173.28 173.28 173.29 173.29 173.30 173.29 173.28 173.27 173.24 173.22 173.19 173.15 173.12 173.08 173.06 173.05 173.02 173.02 173.03 172.99 172.98 172.97 172.95 172.93 172.92 172.90 172.91 172.90 172.88 172.88 172.86 172.83 172.82 172.81 172.79 172.78 172.73 172.70 172.72 172.73 172.73 172.71 172.75 172.71 172.72 172.74 172.74 172.74 172.73 172.68 172.63 172.65 172.70 172.75 172.77 172.73 172.62 172.59 172.65 172.76 172.76 172.78 172.79 172.80 172.82 172.86 172.88 172.91 172.91 172.93 172.95 172.96 172.97 172.99 173.00 173.01 173.02 173.03 173.02 173.02 173.03 173.02 173.00 173.02 173.02 173.04 173.06 173.07 173.08 173.09 173.10 173.11 173.14 173.17 173.20 173.23 173.24 173.24 173.24 173.25 173.25 173.25 173.25 173.26 173.26 173.26 173.26 173.24 173.20 173.17 173.15 173.13 173.09 173.06 173.03 172.99 173.02 173.06 173.06 173.05 173.03 173.03 173.05 173.04 173.03 173.03 173.00 173.01 172.99 172.97 172.95 172.92 172.91 172.92 172.91 172.89 172.86 172.81
